commit,engine,engine_version,scale,class,template,instance,query_sha256,method,implementation,status,answers,median_ms,min_ms,max_ms,mean_ms,sd_ms,warmups,runs,timeout_s,response_bytes,c_parse_median_ms,gates,edges,derivations,npcs_token_occurrences,rewrite_ms,samples_json,c_parse_samples_json,c_protocol_median_ms,c_protocol_samples_json,construct_total_ms,construct_total_samples_json,construct_unattributed_median_ms,construct_unattributed_samples_json,protocol,batch_id,answer_kind,answer_key_count,answer_fingerprint,construction_requested,construction_effective,circuit_sha256,circuit_cache_path,circuit_cache_metadata_path,circuit_cache_observation_sha256,circuit_cache_sidecar_sha256,base_endpoint_sha256,reified_endpoint_sha256,update_endpoint_sha256,base_data_identity_sha256,reified_data_identity_sha256,update_for,access_mode,base_data_name,reified_data_name,update_canary_sha256,store_instance_sha256,store_discriminator_sha256,tool_sha256,java_runtime_sha256,run_identity_sha256,notes
baf731844a65b830a95b2167d5a3b6b77d65abcd,oxigraph,Oxigraph [engines.json profile],100M,L,L1,00,600c6f736028ac1dca0fa84f800a5b3b4f74bedfd8244d599a7c9b4e07bd041b,B,base-select,ok,4,113.4,113.4,113.4,113.4,0.0,0,1,90.0,864,0.0,,,,,0.00648,[113.352],[0.0],,[],,[],,[],r9.2-frozen-identity-v7,c93b51389a36eb4b9bf99bc2c2ea0c202c6dcc522dfd95b6c50d9be742f46104,csv-binding-multiset-v1,4,7f21058717c667743871840501b4696d6ea47bec1c07c1fbc8fa0aab81f9430f,,,,,,,,c9e65564945d8df3e6db347909ce749b23a5ceaa40b5bfbce825a1c78035ad60,9d75166c957de49226a016f8a64c1ef26fa5fb5aae4efed67a9ee6460103a803,a8297913a408e55f541b6c7801716a469203e2ac506de1de3b4285a47b345bae,8a988dc83f4082a4f27503ba2906dc6b8733b3c02be567635c726c67bbd48314,16162702ccec82b2a0e27063cd04bd756a27af1f003b4cef0da976d843ef4725,reified,writable,exploratory-base,exploratory-reified,41997fb8640d9e765a0272879a63548eb9bd46bbf6e49da02b7c924e506b94f7,735ac62b30e8a3e73b850ea02c7ab19c17b1289095d95961d66c9b3270bcea6a,2e884d94ace185d62b1b91debf493ccd0a69b83d08e74cf5f1c2be4851b14215,b38a65fc0c1a91e138f057f7b6c08d21c328463aceb40ffda53fc759f99d2f7a,bdd50c08a90e2fb713541b8a118df6250246a917edc41a6776aeafc90b472687,c557010cc2c12f115f9c040d772f6a05e386667cabfc86da592a073f87cbf8b2,"pcm-meta-v2:{""protocol"":""r9.2-frozen-identity-v7"",""message"":"""",""cell_wall_ms"":119.509,""answer_kind"":""csv-binding-multiset-v1"",""answer_key_count"":4,""answer_fingerprint"":""7f21058717c667743871840501b4696d6ea47bec1c07c1fbc8fa0aab81f9430f"",""c_parse_samples"":[0.0],""c_protocol_samples"":[],""construct_total_samples"":[],""construct_unattributed_samples"":[],""status"":""ok"",""status_evidence"":null,""construction_requested"":null,""construction_effective"":null,""commit"":""baf731844a65b830a95b2167d5a3b6b77d65abcd"",""batch_id"":""c93b51389a36eb4b9bf99bc2c2ea0c202c6dcc522dfd95b6c50d9be742f46104"",""query_sha256"":""600c6f736028ac1dca0fa84f800a5b3b4f74bedfd8244d599a7c9b4e07bd041b"",""engine"":""oxigraph"",""engine_version"":""Oxigraph [engines.json profile]"",""scale"":""100M"",""base_endpoint_sha256"":""c9e65564945d8df3e6db347909ce749b23a5ceaa40b5bfbce825a1c78035ad60"",""reified_endpoint_sha256"":""9d75166c957de49226a016f8a64c1ef26fa5fb5aae4efed67a9ee6460103a803"",""update_endpoint_sha256"":""a8297913a408e55f541b6c7801716a469203e2ac506de1de3b4285a47b345bae"",""base_data_identity_sha256"":""8a988dc83f4082a4f27503ba2906dc6b8733b3c02be567635c726c67bbd48314"",""reified_data_identity_sha256"":""16162702ccec82b2a0e27063cd04bd756a27af1f003b4cef0da976d843ef4725"",""update_for"":""reified"",""access_mode"":""writable"",""base_data_name"":""exploratory-base"",""reified_data_name"":""exploratory-reified"",""update_canary_sha256"":""41997fb8640d9e765a0272879a63548eb9bd46bbf6e49da02b7c924e506b94f7"",""store_instance_sha256"":""735ac62b30e8a3e73b850ea02c7ab19c17b1289095d95961d66c9b3270bcea6a"",""store_discriminator_sha256"":""2e884d94ace185d62b1b91debf493ccd0a69b83d08e74cf5f1c2be4851b14215"",""tool_sha256"":""b38a65fc0c1a91e138f057f7b6c08d21c328463aceb40ffda53fc759f99d2f7a"",""java_runtime_sha256"":""bdd50c08a90e2fb713541b8a118df6250246a917edc41a6776aeafc90b472687"",""run_identity_sha256"":""c557010cc2c12f115f9c040d772f6a05e386667cabfc86da592a073f87cbf8b2""}"
baf731844a65b830a95b2167d5a3b6b77d65abcd,oxigraph,Oxigraph [engines.json profile],100M,L,L1,00,600c6f736028ac1dca0fa84f800a5b3b4f74bedfd8244d599a7c9b4e07bd041b,R,reification-only,timeout,,,,,,,0,1,90.0,,,,,,,174.144904,[],[],,[],,[],,[],r9.2-frozen-identity-v7,c93b51389a36eb4b9bf99bc2c2ea0c202c6dcc522dfd95b6c50d9be742f46104,,,,,,,,,,,c9e65564945d8df3e6db347909ce749b23a5ceaa40b5bfbce825a1c78035ad60,9d75166c957de49226a016f8a64c1ef26fa5fb5aae4efed67a9ee6460103a803,a8297913a408e55f541b6c7801716a469203e2ac506de1de3b4285a47b345bae,8a988dc83f4082a4f27503ba2906dc6b8733b3c02be567635c726c67bbd48314,16162702ccec82b2a0e27063cd04bd756a27af1f003b4cef0da976d843ef4725,reified,writable,exploratory-base,exploratory-reified,41997fb8640d9e765a0272879a63548eb9bd46bbf6e49da02b7c924e506b94f7,735ac62b30e8a3e73b850ea02c7ab19c17b1289095d95961d66c9b3270bcea6a,2e884d94ace185d62b1b91debf493ccd0a69b83d08e74cf5f1c2be4851b14215,b38a65fc0c1a91e138f057f7b6c08d21c328463aceb40ffda53fc759f99d2f7a,bdd50c08a90e2fb713541b8a118df6250246a917edc41a6776aeafc90b472687,c557010cc2c12f115f9c040d772f6a05e386667cabfc86da592a073f87cbf8b2,"pcm-meta-v2:{""protocol"":""r9.2-frozen-identity-v7"",""message"":""whole cell exceeded 90s hard deadline; worker reaped"",""cell_wall_ms"":90000.0,""c_parse_samples"":[],""c_protocol_samples"":[],""construct_total_samples"":[],""construct_unattributed_samples"":[],""status"":""timeout"",""status_evidence"":{""kind"":""hard-wall-deadline"",""message"":""whole cell exceeded 90s hard deadline; worker reaped""},""construction_requested"":null,""construction_effective"":null,""commit"":""baf731844a65b830a95b2167d5a3b6b77d65abcd"",""batch_id"":""c93b51389a36eb4b9bf99bc2c2ea0c202c6dcc522dfd95b6c50d9be742f46104"",""query_sha256"":""600c6f736028ac1dca0fa84f800a5b3b4f74bedfd8244d599a7c9b4e07bd041b"",""engine"":""oxigraph"",""engine_version"":""Oxigraph [engines.json profile]"",""scale"":""100M"",""base_endpoint_sha256"":""c9e65564945d8df3e6db347909ce749b23a5ceaa40b5bfbce825a1c78035ad60"",""reified_endpoint_sha256"":""9d75166c957de49226a016f8a64c1ef26fa5fb5aae4efed67a9ee6460103a803"",""update_endpoint_sha256"":""a8297913a408e55f541b6c7801716a469203e2ac506de1de3b4285a47b345bae"",""base_data_identity_sha256"":""8a988dc83f4082a4f27503ba2906dc6b8733b3c02be567635c726c67bbd48314"",""reified_data_identity_sha256"":""16162702ccec82b2a0e27063cd04bd756a27af1f003b4cef0da976d843ef4725"",""update_for"":""reified"",""access_mode"":""writable"",""base_data_name"":""exploratory-base"",""reified_data_name"":""exploratory-reified"",""update_canary_sha256"":""41997fb8640d9e765a0272879a63548eb9bd46bbf6e49da02b7c924e506b94f7"",""store_instance_sha256"":""735ac62b30e8a3e73b850ea02c7ab19c17b1289095d95961d66c9b3270bcea6a"",""store_discriminator_sha256"":""2e884d94ace185d62b1b91debf493ccd0a69b83d08e74cf5f1c2be4851b14215"",""tool_sha256"":""b38a65fc0c1a91e138f057f7b6c08d21c328463aceb40ffda53fc759f99d2f7a"",""java_runtime_sha256"":""bdd50c08a90e2fb713541b8a118df6250246a917edc41a6776aeafc90b472687"",""run_identity_sha256"":""c557010cc2c12f115f9c040d772f6a05e386667cabfc86da592a073f87cbf8b2""}"
baf731844a65b830a95b2167d5a3b6b77d65abcd,oxigraph,Oxigraph [engines.json profile],100M,L,L1,00,600c6f736028ac1dca0fa84f800a5b3b4f74bedfd8244d599a7c9b4e07bd041b,N,N_clean (NPCS reimplementation),timeout,,,,,,,0,1,90.0,,,,,,,218.836211,[],[],,[],,[],,[],r9.2-frozen-identity-v7,c93b51389a36eb4b9bf99bc2c2ea0c202c6dcc522dfd95b6c50d9be742f46104,,,,,,,,,,,c9e65564945d8df3e6db347909ce749b23a5ceaa40b5bfbce825a1c78035ad60,9d75166c957de49226a016f8a64c1ef26fa5fb5aae4efed67a9ee6460103a803,a8297913a408e55f541b6c7801716a469203e2ac506de1de3b4285a47b345bae,8a988dc83f4082a4f27503ba2906dc6b8733b3c02be567635c726c67bbd48314,16162702ccec82b2a0e27063cd04bd756a27af1f003b4cef0da976d843ef4725,reified,writable,exploratory-base,exploratory-reified,41997fb8640d9e765a0272879a63548eb9bd46bbf6e49da02b7c924e506b94f7,735ac62b30e8a3e73b850ea02c7ab19c17b1289095d95961d66c9b3270bcea6a,2e884d94ace185d62b1b91debf493ccd0a69b83d08e74cf5f1c2be4851b14215,b38a65fc0c1a91e138f057f7b6c08d21c328463aceb40ffda53fc759f99d2f7a,bdd50c08a90e2fb713541b8a118df6250246a917edc41a6776aeafc90b472687,c557010cc2c12f115f9c040d772f6a05e386667cabfc86da592a073f87cbf8b2,"pcm-meta-v2:{""protocol"":""r9.2-frozen-identity-v7"",""message"":""whole cell exceeded 90s hard deadline; worker reaped"",""cell_wall_ms"":90000.0,""c_parse_samples"":[],""c_protocol_samples"":[],""construct_total_samples"":[],""construct_unattributed_samples"":[],""status"":""timeout"",""status_evidence"":{""kind"":""hard-wall-deadline"",""message"":""whole cell exceeded 90s hard deadline; worker reaped""},""construction_requested"":null,""construction_effective"":null,""commit"":""baf731844a65b830a95b2167d5a3b6b77d65abcd"",""batch_id"":""c93b51389a36eb4b9bf99bc2c2ea0c202c6dcc522dfd95b6c50d9be742f46104"",""query_sha256"":""600c6f736028ac1dca0fa84f800a5b3b4f74bedfd8244d599a7c9b4e07bd041b"",""engine"":""oxigraph"",""engine_version"":""Oxigraph [engines.json profile]"",""scale"":""100M"",""base_endpoint_sha256"":""c9e65564945d8df3e6db347909ce749b23a5ceaa40b5bfbce825a1c78035ad60"",""reified_endpoint_sha256"":""9d75166c957de49226a016f8a64c1ef26fa5fb5aae4efed67a9ee6460103a803"",""update_endpoint_sha256"":""a8297913a408e55f541b6c7801716a469203e2ac506de1de3b4285a47b345bae"",""base_data_identity_sha256"":""8a988dc83f4082a4f27503ba2906dc6b8733b3c02be567635c726c67bbd48314"",""reified_data_identity_sha256"":""16162702ccec82b2a0e27063cd04bd756a27af1f003b4cef0da976d843ef4725"",""update_for"":""reified"",""access_mode"":""writable"",""base_data_name"":""exploratory-base"",""reified_data_name"":""exploratory-reified"",""update_canary_sha256"":""41997fb8640d9e765a0272879a63548eb9bd46bbf6e49da02b7c924e506b94f7"",""store_instance_sha256"":""735ac62b30e8a3e73b850ea02c7ab19c17b1289095d95961d66c9b3270bcea6a"",""store_discriminator_sha256"":""2e884d94ace185d62b1b91debf493ccd0a69b83d08e74cf5f1c2be4851b14215"",""tool_sha256"":""b38a65fc0c1a91e138f057f7b6c08d21c328463aceb40ffda53fc759f99d2f7a"",""java_runtime_sha256"":""bdd50c08a90e2fb713541b8a118df6250246a917edc41a6776aeafc90b472687"",""run_identity_sha256"":""c557010cc2c12f115f9c040d772f6a05e386667cabfc86da592a073f87cbf8b2""}"
baf731844a65b830a95b2167d5a3b6b77d65abcd,oxigraph,Oxigraph [engines.json profile],100M,L,L1,00,600c6f736028ac1dca0fa84f800a5b3b4f74bedfd8244d599a7c9b4e07bd041b,C,SPARQLcirc CircuitRewriter,timeout,,,,,,,0,1,90.0,,,,,,,416.384084,[],[],,[],,[],,[],r9.2-frozen-identity-v7,c93b51389a36eb4b9bf99bc2c2ea0c202c6dcc522dfd95b6c50d9be742f46104,,,,,,,,,,,c9e65564945d8df3e6db347909ce749b23a5ceaa40b5bfbce825a1c78035ad60,9d75166c957de49226a016f8a64c1ef26fa5fb5aae4efed67a9ee6460103a803,a8297913a408e55f541b6c7801716a469203e2ac506de1de3b4285a47b345bae,8a988dc83f4082a4f27503ba2906dc6b8733b3c02be567635c726c67bbd48314,16162702ccec82b2a0e27063cd04bd756a27af1f003b4cef0da976d843ef4725,reified,writable,exploratory-base,exploratory-reified,41997fb8640d9e765a0272879a63548eb9bd46bbf6e49da02b7c924e506b94f7,735ac62b30e8a3e73b850ea02c7ab19c17b1289095d95961d66c9b3270bcea6a,2e884d94ace185d62b1b91debf493ccd0a69b83d08e74cf5f1c2be4851b14215,b38a65fc0c1a91e138f057f7b6c08d21c328463aceb40ffda53fc759f99d2f7a,bdd50c08a90e2fb713541b8a118df6250246a917edc41a6776aeafc90b472687,c557010cc2c12f115f9c040d772f6a05e386667cabfc86da592a073f87cbf8b2,"pcm-meta-v2:{""protocol"":""r9.2-frozen-identity-v7"",""message"":""whole cell exceeded 90s hard deadline; worker reaped"",""cell_wall_ms"":90000.0,""c_parse_samples"":[],""c_protocol_samples"":[],""construct_total_samples"":[],""construct_unattributed_samples"":[],""status"":""timeout"",""status_evidence"":{""kind"":""hard-wall-deadline"",""message"":""whole cell exceeded 90s hard deadline; worker reaped""},""endpoint_lock"":{""wait_ms"":0.009,""lock_path"":""/tmp/sparqlcirc-r9-endpoint-locks-v7/735ac62b30e8a3e73b850ea02c7ab19c17b1289095d95961d66c9b3270bcea6a.lock""},""construction_requested"":null,""construction_effective"":null,""commit"":""baf731844a65b830a95b2167d5a3b6b77d65abcd"",""batch_id"":""c93b51389a36eb4b9bf99bc2c2ea0c202c6dcc522dfd95b6c50d9be742f46104"",""query_sha256"":""600c6f736028ac1dca0fa84f800a5b3b4f74bedfd8244d599a7c9b4e07bd041b"",""engine"":""oxigraph"",""engine_version"":""Oxigraph [engines.json profile]"",""scale"":""100M"",""base_endpoint_sha256"":""c9e65564945d8df3e6db347909ce749b23a5ceaa40b5bfbce825a1c78035ad60"",""reified_endpoint_sha256"":""9d75166c957de49226a016f8a64c1ef26fa5fb5aae4efed67a9ee6460103a803"",""update_endpoint_sha256"":""a8297913a408e55f541b6c7801716a469203e2ac506de1de3b4285a47b345bae"",""base_data_identity_sha256"":""8a988dc83f4082a4f27503ba2906dc6b8733b3c02be567635c726c67bbd48314"",""reified_data_identity_sha256"":""16162702ccec82b2a0e27063cd04bd756a27af1f003b4cef0da976d843ef4725"",""update_for"":""reified"",""access_mode"":""writable"",""base_data_name"":""exploratory-base"",""reified_data_name"":""exploratory-reified"",""update_canary_sha256"":""41997fb8640d9e765a0272879a63548eb9bd46bbf6e49da02b7c924e506b94f7"",""store_instance_sha256"":""735ac62b30e8a3e73b850ea02c7ab19c17b1289095d95961d66c9b3270bcea6a"",""store_discriminator_sha256"":""2e884d94ace185d62b1b91debf493ccd0a69b83d08e74cf5f1c2be4851b14215"",""tool_sha256"":""b38a65fc0c1a91e138f057f7b6c08d21c328463aceb40ffda53fc759f99d2f7a"",""java_runtime_sha256"":""bdd50c08a90e2fb713541b8a118df6250246a917edc41a6776aeafc90b472687"",""run_identity_sha256"":""c557010cc2c12f115f9c040d772f6a05e386667cabfc86da592a073f87cbf8b2""}"
baf731844a65b830a95b2167d5a3b6b77d65abcd,oxigraph,Oxigraph [engines.json profile],100M,L,L2,00,64873fb3e0533f5e97269a846ba7be46358d4ae4e7b00ae160b34130e60e4ce6,B,base-select,ok,961,6052.1,6052.1,6052.1,6052.1,0.0,0,1,90.0,89283,0.0,,,,,0.0116,[6052.096],[0.0],,[],,[],,[],r9.2-frozen-identity-v7,c93b51389a36eb4b9bf99bc2c2ea0c202c6dcc522dfd95b6c50d9be742f46104,csv-binding-multiset-v1,961,1957f2defcc20b911e7ba244cc4a5a46e2ade9d2495f6cae8d8409f2a0abec6a,,,,,,,,c9e65564945d8df3e6db347909ce749b23a5ceaa40b5bfbce825a1c78035ad60,9d75166c957de49226a016f8a64c1ef26fa5fb5aae4efed67a9ee6460103a803,a8297913a408e55f541b6c7801716a469203e2ac506de1de3b4285a47b345bae,8a988dc83f4082a4f27503ba2906dc6b8733b3c02be567635c726c67bbd48314,16162702ccec82b2a0e27063cd04bd756a27af1f003b4cef0da976d843ef4725,reified,writable,exploratory-base,exploratory-reified,41997fb8640d9e765a0272879a63548eb9bd46bbf6e49da02b7c924e506b94f7,735ac62b30e8a3e73b850ea02c7ab19c17b1289095d95961d66c9b3270bcea6a,2e884d94ace185d62b1b91debf493ccd0a69b83d08e74cf5f1c2be4851b14215,b38a65fc0c1a91e138f057f7b6c08d21c328463aceb40ffda53fc759f99d2f7a,bdd50c08a90e2fb713541b8a118df6250246a917edc41a6776aeafc90b472687,10bca8242fda6c18a60c1878a9f5bf05bf52d4dbb8bd205878e44a642c4fcb8e,"pcm-meta-v2:{""protocol"":""r9.2-frozen-identity-v7"",""message"":"""",""cell_wall_ms"":6065.145,""answer_kind"":""csv-binding-multiset-v1"",""answer_key_count"":961,""answer_fingerprint"":""1957f2defcc20b911e7ba244cc4a5a46e2ade9d2495f6cae8d8409f2a0abec6a"",""c_parse_samples"":[0.0],""c_protocol_samples"":[],""construct_total_samples"":[],""construct_unattributed_samples"":[],""status"":""ok"",""status_evidence"":null,""construction_requested"":null,""construction_effective"":null,""commit"":""baf731844a65b830a95b2167d5a3b6b77d65abcd"",""batch_id"":""c93b51389a36eb4b9bf99bc2c2ea0c202c6dcc522dfd95b6c50d9be742f46104"",""query_sha256"":""64873fb3e0533f5e97269a846ba7be46358d4ae4e7b00ae160b34130e60e4ce6"",""engine"":""oxigraph"",""engine_version"":""Oxigraph [engines.json profile]"",""scale"":""100M"",""base_endpoint_sha256"":""c9e65564945d8df3e6db347909ce749b23a5ceaa40b5bfbce825a1c78035ad60"",""reified_endpoint_sha256"":""9d75166c957de49226a016f8a64c1ef26fa5fb5aae4efed67a9ee6460103a803"",""update_endpoint_sha256"":""a8297913a408e55f541b6c7801716a469203e2ac506de1de3b4285a47b345bae"",""base_data_identity_sha256"":""8a988dc83f4082a4f27503ba2906dc6b8733b3c02be567635c726c67bbd48314"",""reified_data_identity_sha256"":""16162702ccec82b2a0e27063cd04bd756a27af1f003b4cef0da976d843ef4725"",""update_for"":""reified"",""access_mode"":""writable"",""base_data_name"":""exploratory-base"",""reified_data_name"":""exploratory-reified"",""update_canary_sha256"":""41997fb8640d9e765a0272879a63548eb9bd46bbf6e49da02b7c924e506b94f7"",""store_instance_sha256"":""735ac62b30e8a3e73b850ea02c7ab19c17b1289095d95961d66c9b3270bcea6a"",""store_discriminator_sha256"":""2e884d94ace185d62b1b91debf493ccd0a69b83d08e74cf5f1c2be4851b14215"",""tool_sha256"":""b38a65fc0c1a91e138f057f7b6c08d21c328463aceb40ffda53fc759f99d2f7a"",""java_runtime_sha256"":""bdd50c08a90e2fb713541b8a118df6250246a917edc41a6776aeafc90b472687"",""run_identity_sha256"":""10bca8242fda6c18a60c1878a9f5bf05bf52d4dbb8bd205878e44a642c4fcb8e""}"
baf731844a65b830a95b2167d5a3b6b77d65abcd,oxigraph,Oxigraph [engines.json profile],100M,L,L2,00,64873fb3e0533f5e97269a846ba7be46358d4ae4e7b00ae160b34130e60e4ce6,R,reification-only,timeout,,,,,,,0,1,90.0,,,,,,,170.1955,[],[],,[],,[],,[],r9.2-frozen-identity-v7,c93b51389a36eb4b9bf99bc2c2ea0c202c6dcc522dfd95b6c50d9be742f46104,,,,,,,,,,,c9e65564945d8df3e6db347909ce749b23a5ceaa40b5bfbce825a1c78035ad60,9d75166c957de49226a016f8a64c1ef26fa5fb5aae4efed67a9ee6460103a803,a8297913a408e55f541b6c7801716a469203e2ac506de1de3b4285a47b345bae,8a988dc83f4082a4f27503ba2906dc6b8733b3c02be567635c726c67bbd48314,16162702ccec82b2a0e27063cd04bd756a27af1f003b4cef0da976d843ef4725,reified,writable,exploratory-base,exploratory-reified,41997fb8640d9e765a0272879a63548eb9bd46bbf6e49da02b7c924e506b94f7,735ac62b30e8a3e73b850ea02c7ab19c17b1289095d95961d66c9b3270bcea6a,2e884d94ace185d62b1b91debf493ccd0a69b83d08e74cf5f1c2be4851b14215,b38a65fc0c1a91e138f057f7b6c08d21c328463aceb40ffda53fc759f99d2f7a,bdd50c08a90e2fb713541b8a118df6250246a917edc41a6776aeafc90b472687,10bca8242fda6c18a60c1878a9f5bf05bf52d4dbb8bd205878e44a642c4fcb8e,"pcm-meta-v2:{""protocol"":""r9.2-frozen-identity-v7"",""message"":""whole cell exceeded 90s hard deadline; worker reaped"",""cell_wall_ms"":90000.0,""c_parse_samples"":[],""c_protocol_samples"":[],""construct_total_samples"":[],""construct_unattributed_samples"":[],""status"":""timeout"",""status_evidence"":{""kind"":""hard-wall-deadline"",""message"":""whole cell exceeded 90s hard deadline; worker reaped""},""construction_requested"":null,""construction_effective"":null,""commit"":""baf731844a65b830a95b2167d5a3b6b77d65abcd"",""batch_id"":""c93b51389a36eb4b9bf99bc2c2ea0c202c6dcc522dfd95b6c50d9be742f46104"",""query_sha256"":""64873fb3e0533f5e97269a846ba7be46358d4ae4e7b00ae160b34130e60e4ce6"",""engine"":""oxigraph"",""engine_version"":""Oxigraph [engines.json profile]"",""scale"":""100M"",""base_endpoint_sha256"":""c9e65564945d8df3e6db347909ce749b23a5ceaa40b5bfbce825a1c78035ad60"",""reified_endpoint_sha256"":""9d75166c957de49226a016f8a64c1ef26fa5fb5aae4efed67a9ee6460103a803"",""update_endpoint_sha256"":""a8297913a408e55f541b6c7801716a469203e2ac506de1de3b4285a47b345bae"",""base_data_identity_sha256"":""8a988dc83f4082a4f27503ba2906dc6b8733b3c02be567635c726c67bbd48314"",""reified_data_identity_sha256"":""16162702ccec82b2a0e27063cd04bd756a27af1f003b4cef0da976d843ef4725"",""update_for"":""reified"",""access_mode"":""writable"",""base_data_name"":""exploratory-base"",""reified_data_name"":""exploratory-reified"",""update_canary_sha256"":""41997fb8640d9e765a0272879a63548eb9bd46bbf6e49da02b7c924e506b94f7"",""store_instance_sha256"":""735ac62b30e8a3e73b850ea02c7ab19c17b1289095d95961d66c9b3270bcea6a"",""store_discriminator_sha256"":""2e884d94ace185d62b1b91debf493ccd0a69b83d08e74cf5f1c2be4851b14215"",""tool_sha256"":""b38a65fc0c1a91e138f057f7b6c08d21c328463aceb40ffda53fc759f99d2f7a"",""java_runtime_sha256"":""bdd50c08a90e2fb713541b8a118df6250246a917edc41a6776aeafc90b472687"",""run_identity_sha256"":""10bca8242fda6c18a60c1878a9f5bf05bf52d4dbb8bd205878e44a642c4fcb8e""}"
baf731844a65b830a95b2167d5a3b6b77d65abcd,oxigraph,Oxigraph [engines.json profile],100M,L,L2,00,64873fb3e0533f5e97269a846ba7be46358d4ae4e7b00ae160b34130e60e4ce6,N,N_clean (NPCS reimplementation),ok,961,82369.7,82369.7,82369.7,82369.7,0.0,0,1,90.0,138502,0.0,,,,961,191.435631,[82369.665],[0.0],,[],,[],,[],r9.2-frozen-identity-v7,c93b51389a36eb4b9bf99bc2c2ea0c202c6dcc522dfd95b6c50d9be742f46104,csv-candidate-multiset-v1,961,1957f2defcc20b911e7ba244cc4a5a46e2ade9d2495f6cae8d8409f2a0abec6a,,,,,,,,c9e65564945d8df3e6db347909ce749b23a5ceaa40b5bfbce825a1c78035ad60,9d75166c957de49226a016f8a64c1ef26fa5fb5aae4efed67a9ee6460103a803,a8297913a408e55f541b6c7801716a469203e2ac506de1de3b4285a47b345bae,8a988dc83f4082a4f27503ba2906dc6b8733b3c02be567635c726c67bbd48314,16162702ccec82b2a0e27063cd04bd756a27af1f003b4cef0da976d843ef4725,reified,writable,exploratory-base,exploratory-reified,41997fb8640d9e765a0272879a63548eb9bd46bbf6e49da02b7c924e506b94f7,735ac62b30e8a3e73b850ea02c7ab19c17b1289095d95961d66c9b3270bcea6a,2e884d94ace185d62b1b91debf493ccd0a69b83d08e74cf5f1c2be4851b14215,b38a65fc0c1a91e138f057f7b6c08d21c328463aceb40ffda53fc759f99d2f7a,bdd50c08a90e2fb713541b8a118df6250246a917edc41a6776aeafc90b472687,10bca8242fda6c18a60c1878a9f5bf05bf52d4dbb8bd205878e44a642c4fcb8e,"pcm-meta-v2:{""protocol"":""r9.2-frozen-identity-v7"",""message"":"""",""cell_wall_ms"":82579.355,""answer_kind"":""csv-candidate-multiset-v1"",""answer_key_count"":961,""answer_fingerprint"":""1957f2defcc20b911e7ba244cc4a5a46e2ade9d2495f6cae8d8409f2a0abec6a"",""c_parse_samples"":[0.0],""c_protocol_samples"":[],""construct_total_samples"":[],""construct_unattributed_samples"":[],""status"":""ok"",""status_evidence"":null,""construction_requested"":null,""construction_effective"":null,""commit"":""baf731844a65b830a95b2167d5a3b6b77d65abcd"",""batch_id"":""c93b51389a36eb4b9bf99bc2c2ea0c202c6dcc522dfd95b6c50d9be742f46104"",""query_sha256"":""64873fb3e0533f5e97269a846ba7be46358d4ae4e7b00ae160b34130e60e4ce6"",""engine"":""oxigraph"",""engine_version"":""Oxigraph [engines.json profile]"",""scale"":""100M"",""base_endpoint_sha256"":""c9e65564945d8df3e6db347909ce749b23a5ceaa40b5bfbce825a1c78035ad60"",""reified_endpoint_sha256"":""9d75166c957de49226a016f8a64c1ef26fa5fb5aae4efed67a9ee6460103a803"",""update_endpoint_sha256"":""a8297913a408e55f541b6c7801716a469203e2ac506de1de3b4285a47b345bae"",""base_data_identity_sha256"":""8a988dc83f4082a4f27503ba2906dc6b8733b3c02be567635c726c67bbd48314"",""reified_data_identity_sha256"":""16162702ccec82b2a0e27063cd04bd756a27af1f003b4cef0da976d843ef4725"",""update_for"":""reified"",""access_mode"":""writable"",""base_data_name"":""exploratory-base"",""reified_data_name"":""exploratory-reified"",""update_canary_sha256"":""41997fb8640d9e765a0272879a63548eb9bd46bbf6e49da02b7c924e506b94f7"",""store_instance_sha256"":""735ac62b30e8a3e73b850ea02c7ab19c17b1289095d95961d66c9b3270bcea6a"",""store_discriminator_sha256"":""2e884d94ace185d62b1b91debf493ccd0a69b83d08e74cf5f1c2be4851b14215"",""tool_sha256"":""b38a65fc0c1a91e138f057f7b6c08d21c328463aceb40ffda53fc759f99d2f7a"",""java_runtime_sha256"":""bdd50c08a90e2fb713541b8a118df6250246a917edc41a6776aeafc90b472687"",""run_identity_sha256"":""10bca8242fda6c18a60c1878a9f5bf05bf52d4dbb8bd205878e44a642c4fcb8e""}"
baf731844a65b830a95b2167d5a3b6b77d65abcd,oxigraph,Oxigraph [engines.json profile],100M,L,L2,00,64873fb3e0533f5e97269a846ba7be46358d4ae4e7b00ae160b34130e60e4ce6,C,SPARQLcirc CircuitRewriter,ok,961,30678.5,30678.5,30678.5,30678.5,0.0,0,1,90.0,1771113,157.2,1922,3844,961,,343.765905,[30678.502],[157.187],0.0,[0.0],30836.9,[30836.902],1.2,[1.213],r9.2-frozen-identity-v7,c93b51389a36eb4b9bf99bc2c2ea0c202c6dcc522dfd95b6c50d9be742f46104,term-aware-candidate-set-v1,961,dcac67cd85a34c9c5c20983b5a0e919942fde689f80b34cb02f455c160edb559,flat,flat,35d15df64205e5280d0c1f070a238b2bede97fdf703ac1c42ee134863020abcc,,,,,c9e65564945d8df3e6db347909ce749b23a5ceaa40b5bfbce825a1c78035ad60,9d75166c957de49226a016f8a64c1ef26fa5fb5aae4efed67a9ee6460103a803,a8297913a408e55f541b6c7801716a469203e2ac506de1de3b4285a47b345bae,8a988dc83f4082a4f27503ba2906dc6b8733b3c02be567635c726c67bbd48314,16162702ccec82b2a0e27063cd04bd756a27af1f003b4cef0da976d843ef4725,reified,writable,exploratory-base,exploratory-reified,41997fb8640d9e765a0272879a63548eb9bd46bbf6e49da02b7c924e506b94f7,735ac62b30e8a3e73b850ea02c7ab19c17b1289095d95961d66c9b3270bcea6a,2e884d94ace185d62b1b91debf493ccd0a69b83d08e74cf5f1c2be4851b14215,b38a65fc0c1a91e138f057f7b6c08d21c328463aceb40ffda53fc759f99d2f7a,bdd50c08a90e2fb713541b8a118df6250246a917edc41a6776aeafc90b472687,10bca8242fda6c18a60c1878a9f5bf05bf52d4dbb8bd205878e44a642c4fcb8e,"pcm-meta-v2:{""protocol"":""r9.2-frozen-identity-v7"",""message"":""C requested=flat effective=flat; steps=1 feedback=0; network includes CONSTRUCT, feedback INSERT, and cleanup DELETE"",""cell_wall_ms"":31185.9,""answer_kind"":""term-aware-candidate-set-v1"",""answer_key_count"":961,""answer_fingerprint"":""dcac67cd85a34c9c5c20983b5a0e919942fde689f80b34cb02f455c160edb559"",""c_parse_samples"":[157.187],""c_protocol_samples"":[{""requested_mode"":""flat"",""effective_mode"":""flat"",""fallback_reason"":null,""plan_steps"":1,""feedback_steps"":0,""feedback_triples"":0,""construct_query_ms"":30678.502,""feedback_update_ms"":0.0,""cleanup_ms"":0.0,""client_protocol_ms"":0.0,""network_scope"":""construct+feedback+cleanup"",""circuit_sha256"":""35d15df64205e5280d0c1f070a238b2bede97fdf703ac1c42ee134863020abcc"",""answer_fingerprint"":""dcac67cd85a34c9c5c20983b5a0e919942fde689f80b34cb02f455c160edb559"",""semantic_signature_sha256"":""6c2d0a92b3232bef5a604f8ac1eadbd7eed8bf0ca48a7b6b1968067889b19b00"",""structure_signature"":{""gates"":1922,""edges"":3844,""answers"":961,""derivations"":961,""canonical_bytes"":1771113},""construct_total_ms"":30836.902,""client_unattributed_ms"":1.213}],""construct_total_samples"":[30836.902],""construct_unattributed_samples"":[1.213],""status"":""ok"",""status_evidence"":null,""c_warmup_signatures"":[],""measured_semantic_signature_sha256"":""6c2d0a92b3232bef5a604f8ac1eadbd7eed8bf0ca48a7b6b1968067889b19b00"",""measured_repetitions_consistent"":true,""endpoint_lock"":{""wait_ms"":0.006,""lock_path"":""/tmp/sparqlcirc-r9-endpoint-locks-v7/735ac62b30e8a3e73b850ea02c7ab19c17b1289095d95961d66c9b3270bcea6a.lock""},""construction_requested"":""flat"",""construction_effective"":""flat"",""commit"":""baf731844a65b830a95b2167d5a3b6b77d65abcd"",""batch_id"":""c93b51389a36eb4b9bf99bc2c2ea0c202c6dcc522dfd95b6c50d9be742f46104"",""query_sha256"":""64873fb3e0533f5e97269a846ba7be46358d4ae4e7b00ae160b34130e60e4ce6"",""engine"":""oxigraph"",""engine_version"":""Oxigraph [engines.json profile]"",""scale"":""100M"",""base_endpoint_sha256"":""c9e65564945d8df3e6db347909ce749b23a5ceaa40b5bfbce825a1c78035ad60"",""reified_endpoint_sha256"":""9d75166c957de49226a016f8a64c1ef26fa5fb5aae4efed67a9ee6460103a803"",""update_endpoint_sha256"":""a8297913a408e55f541b6c7801716a469203e2ac506de1de3b4285a47b345bae"",""base_data_identity_sha256"":""8a988dc83f4082a4f27503ba2906dc6b8733b3c02be567635c726c67bbd48314"",""reified_data_identity_sha256"":""16162702ccec82b2a0e27063cd04bd756a27af1f003b4cef0da976d843ef4725"",""update_for"":""reified"",""access_mode"":""writable"",""base_data_name"":""exploratory-base"",""reified_data_name"":""exploratory-reified"",""update_canary_sha256"":""41997fb8640d9e765a0272879a63548eb9bd46bbf6e49da02b7c924e506b94f7"",""store_instance_sha256"":""735ac62b30e8a3e73b850ea02c7ab19c17b1289095d95961d66c9b3270bcea6a"",""store_discriminator_sha256"":""2e884d94ace185d62b1b91debf493ccd0a69b83d08e74cf5f1c2be4851b14215"",""tool_sha256"":""b38a65fc0c1a91e138f057f7b6c08d21c328463aceb40ffda53fc759f99d2f7a"",""java_runtime_sha256"":""bdd50c08a90e2fb713541b8a118df6250246a917edc41a6776aeafc90b472687"",""run_identity_sha256"":""10bca8242fda6c18a60c1878a9f5bf05bf52d4dbb8bd205878e44a642c4fcb8e""}"
baf731844a65b830a95b2167d5a3b6b77d65abcd,oxigraph,Oxigraph [engines.json profile],100M,L,L3,00,6e68c33e9b346995ea7cedfa79c5123b2290df112a813135a2d0753aa4f34a04,B,base-select,ok,7,5.8,5.8,5.8,5.8,0.0,0,1,90.0,340,0.0,,,,,0.00636,[5.766],[0.0],,[],,[],,[],r9.2-frozen-identity-v7,c93b51389a36eb4b9bf99bc2c2ea0c202c6dcc522dfd95b6c50d9be742f46104,csv-binding-multiset-v1,7,2fb144573c1dcea3274c40845ca5aeeadd94a50b972bcef6bf90089fd37d5886,,,,,,,,c9e65564945d8df3e6db347909ce749b23a5ceaa40b5bfbce825a1c78035ad60,9d75166c957de49226a016f8a64c1ef26fa5fb5aae4efed67a9ee6460103a803,a8297913a408e55f541b6c7801716a469203e2ac506de1de3b4285a47b345bae,8a988dc83f4082a4f27503ba2906dc6b8733b3c02be567635c726c67bbd48314,16162702ccec82b2a0e27063cd04bd756a27af1f003b4cef0da976d843ef4725,reified,writable,exploratory-base,exploratory-reified,41997fb8640d9e765a0272879a63548eb9bd46bbf6e49da02b7c924e506b94f7,735ac62b30e8a3e73b850ea02c7ab19c17b1289095d95961d66c9b3270bcea6a,2e884d94ace185d62b1b91debf493ccd0a69b83d08e74cf5f1c2be4851b14215,b38a65fc0c1a91e138f057f7b6c08d21c328463aceb40ffda53fc759f99d2f7a,bdd50c08a90e2fb713541b8a118df6250246a917edc41a6776aeafc90b472687,9861adc3bd1cfdead5e2e5cabb87819ecaf9afa7791285a40f03a8cd2421b742,"pcm-meta-v2:{""protocol"":""r9.2-frozen-identity-v7"",""message"":"""",""cell_wall_ms"":10.887,""answer_kind"":""csv-binding-multiset-v1"",""answer_key_count"":7,""answer_fingerprint"":""2fb144573c1dcea3274c40845ca5aeeadd94a50b972bcef6bf90089fd37d5886"",""c_parse_samples"":[0.0],""c_protocol_samples"":[],""construct_total_samples"":[],""construct_unattributed_samples"":[],""status"":""ok"",""status_evidence"":null,""construction_requested"":null,""construction_effective"":null,""commit"":""baf731844a65b830a95b2167d5a3b6b77d65abcd"",""batch_id"":""c93b51389a36eb4b9bf99bc2c2ea0c202c6dcc522dfd95b6c50d9be742f46104"",""query_sha256"":""6e68c33e9b346995ea7cedfa79c5123b2290df112a813135a2d0753aa4f34a04"",""engine"":""oxigraph"",""engine_version"":""Oxigraph [engines.json profile]"",""scale"":""100M"",""base_endpoint_sha256"":""c9e65564945d8df3e6db347909ce749b23a5ceaa40b5bfbce825a1c78035ad60"",""reified_endpoint_sha256"":""9d75166c957de49226a016f8a64c1ef26fa5fb5aae4efed67a9ee6460103a803"",""update_endpoint_sha256"":""a8297913a408e55f541b6c7801716a469203e2ac506de1de3b4285a47b345bae"",""base_data_identity_sha256"":""8a988dc83f4082a4f27503ba2906dc6b8733b3c02be567635c726c67bbd48314"",""reified_data_identity_sha256"":""16162702ccec82b2a0e27063cd04bd756a27af1f003b4cef0da976d843ef4725"",""update_for"":""reified"",""access_mode"":""writable"",""base_data_name"":""exploratory-base"",""reified_data_name"":""exploratory-reified"",""update_canary_sha256"":""41997fb8640d9e765a0272879a63548eb9bd46bbf6e49da02b7c924e506b94f7"",""store_instance_sha256"":""735ac62b30e8a3e73b850ea02c7ab19c17b1289095d95961d66c9b3270bcea6a"",""store_discriminator_sha256"":""2e884d94ace185d62b1b91debf493ccd0a69b83d08e74cf5f1c2be4851b14215"",""tool_sha256"":""b38a65fc0c1a91e138f057f7b6c08d21c328463aceb40ffda53fc759f99d2f7a"",""java_runtime_sha256"":""bdd50c08a90e2fb713541b8a118df6250246a917edc41a6776aeafc90b472687"",""run_identity_sha256"":""9861adc3bd1cfdead5e2e5cabb87819ecaf9afa7791285a40f03a8cd2421b742""}"
baf731844a65b830a95b2167d5a3b6b77d65abcd,oxigraph,Oxigraph [engines.json profile],100M,L,L3,00,6e68c33e9b346995ea7cedfa79c5123b2290df112a813135a2d0753aa4f34a04,R,reification-only,ok,7,16023.2,16023.2,16023.2,16023.2,0.0,0,1,90.0,340,0.0,,,,,130.137801,[16023.248],[0.0],,[],,[],,[],r9.2-frozen-identity-v7,c93b51389a36eb4b9bf99bc2c2ea0c202c6dcc522dfd95b6c50d9be742f46104,csv-binding-multiset-v1,7,2fb144573c1dcea3274c40845ca5aeeadd94a50b972bcef6bf90089fd37d5886,,,,,,,,c9e65564945d8df3e6db347909ce749b23a5ceaa40b5bfbce825a1c78035ad60,9d75166c957de49226a016f8a64c1ef26fa5fb5aae4efed67a9ee6460103a803,a8297913a408e55f541b6c7801716a469203e2ac506de1de3b4285a47b345bae,8a988dc83f4082a4f27503ba2906dc6b8733b3c02be567635c726c67bbd48314,16162702ccec82b2a0e27063cd04bd756a27af1f003b4cef0da976d843ef4725,reified,writable,exploratory-base,exploratory-reified,41997fb8640d9e765a0272879a63548eb9bd46bbf6e49da02b7c924e506b94f7,735ac62b30e8a3e73b850ea02c7ab19c17b1289095d95961d66c9b3270bcea6a,2e884d94ace185d62b1b91debf493ccd0a69b83d08e74cf5f1c2be4851b14215,b38a65fc0c1a91e138f057f7b6c08d21c328463aceb40ffda53fc759f99d2f7a,bdd50c08a90e2fb713541b8a118df6250246a917edc41a6776aeafc90b472687,9861adc3bd1cfdead5e2e5cabb87819ecaf9afa7791285a40f03a8cd2421b742,"pcm-meta-v2:{""protocol"":""r9.2-frozen-identity-v7"",""message"":"""",""cell_wall_ms"":16159.472,""answer_kind"":""csv-binding-multiset-v1"",""answer_key_count"":7,""answer_fingerprint"":""2fb144573c1dcea3274c40845ca5aeeadd94a50b972bcef6bf90089fd37d5886"",""c_parse_samples"":[0.0],""c_protocol_samples"":[],""construct_total_samples"":[],""construct_unattributed_samples"":[],""status"":""ok"",""status_evidence"":null,""construction_requested"":null,""construction_effective"":null,""commit"":""baf731844a65b830a95b2167d5a3b6b77d65abcd"",""batch_id"":""c93b51389a36eb4b9bf99bc2c2ea0c202c6dcc522dfd95b6c50d9be742f46104"",""query_sha256"":""6e68c33e9b346995ea7cedfa79c5123b2290df112a813135a2d0753aa4f34a04"",""engine"":""oxigraph"",""engine_version"":""Oxigraph [engines.json profile]"",""scale"":""100M"",""base_endpoint_sha256"":""c9e65564945d8df3e6db347909ce749b23a5ceaa40b5bfbce825a1c78035ad60"",""reified_endpoint_sha256"":""9d75166c957de49226a016f8a64c1ef26fa5fb5aae4efed67a9ee6460103a803"",""update_endpoint_sha256"":""a8297913a408e55f541b6c7801716a469203e2ac506de1de3b4285a47b345bae"",""base_data_identity_sha256"":""8a988dc83f4082a4f27503ba2906dc6b8733b3c02be567635c726c67bbd48314"",""reified_data_identity_sha256"":""16162702ccec82b2a0e27063cd04bd756a27af1f003b4cef0da976d843ef4725"",""update_for"":""reified"",""access_mode"":""writable"",""base_data_name"":""exploratory-base"",""reified_data_name"":""exploratory-reified"",""update_canary_sha256"":""41997fb8640d9e765a0272879a63548eb9bd46bbf6e49da02b7c924e506b94f7"",""store_instance_sha256"":""735ac62b30e8a3e73b850ea02c7ab19c17b1289095d95961d66c9b3270bcea6a"",""store_discriminator_sha256"":""2e884d94ace185d62b1b91debf493ccd0a69b83d08e74cf5f1c2be4851b14215"",""tool_sha256"":""b38a65fc0c1a91e138f057f7b6c08d21c328463aceb40ffda53fc759f99d2f7a"",""java_runtime_sha256"":""bdd50c08a90e2fb713541b8a118df6250246a917edc41a6776aeafc90b472687"",""run_identity_sha256"":""9861adc3bd1cfdead5e2e5cabb87819ecaf9afa7791285a40f03a8cd2421b742""}"
baf731844a65b830a95b2167d5a3b6b77d65abcd,oxigraph,Oxigraph [engines.json profile],100M,L,L3,00,6e68c33e9b346995ea7cedfa79c5123b2290df112a813135a2d0753aa4f34a04,N,N_clean (NPCS reimplementation),timeout,,,,,,,0,1,90.0,,,,,,,221.205012,[],[],,[],,[],,[],r9.2-frozen-identity-v7,c93b51389a36eb4b9bf99bc2c2ea0c202c6dcc522dfd95b6c50d9be742f46104,,,,,,,,,,,c9e65564945d8df3e6db347909ce749b23a5ceaa40b5bfbce825a1c78035ad60,9d75166c957de49226a016f8a64c1ef26fa5fb5aae4efed67a9ee6460103a803,a8297913a408e55f541b6c7801716a469203e2ac506de1de3b4285a47b345bae,8a988dc83f4082a4f27503ba2906dc6b8733b3c02be567635c726c67bbd48314,16162702ccec82b2a0e27063cd04bd756a27af1f003b4cef0da976d843ef4725,reified,writable,exploratory-base,exploratory-reified,41997fb8640d9e765a0272879a63548eb9bd46bbf6e49da02b7c924e506b94f7,735ac62b30e8a3e73b850ea02c7ab19c17b1289095d95961d66c9b3270bcea6a,2e884d94ace185d62b1b91debf493ccd0a69b83d08e74cf5f1c2be4851b14215,b38a65fc0c1a91e138f057f7b6c08d21c328463aceb40ffda53fc759f99d2f7a,bdd50c08a90e2fb713541b8a118df6250246a917edc41a6776aeafc90b472687,9861adc3bd1cfdead5e2e5cabb87819ecaf9afa7791285a40f03a8cd2421b742,"pcm-meta-v2:{""protocol"":""r9.2-frozen-identity-v7"",""message"":""whole cell exceeded 90s hard deadline; worker reaped"",""cell_wall_ms"":90000.0,""c_parse_samples"":[],""c_protocol_samples"":[],""construct_total_samples"":[],""construct_unattributed_samples"":[],""status"":""timeout"",""status_evidence"":{""kind"":""hard-wall-deadline"",""message"":""whole cell exceeded 90s hard deadline; worker reaped""},""construction_requested"":null,""construction_effective"":null,""commit"":""baf731844a65b830a95b2167d5a3b6b77d65abcd"",""batch_id"":""c93b51389a36eb4b9bf99bc2c2ea0c202c6dcc522dfd95b6c50d9be742f46104"",""query_sha256"":""6e68c33e9b346995ea7cedfa79c5123b2290df112a813135a2d0753aa4f34a04"",""engine"":""oxigraph"",""engine_version"":""Oxigraph [engines.json profile]"",""scale"":""100M"",""base_endpoint_sha256"":""c9e65564945d8df3e6db347909ce749b23a5ceaa40b5bfbce825a1c78035ad60"",""reified_endpoint_sha256"":""9d75166c957de49226a016f8a64c1ef26fa5fb5aae4efed67a9ee6460103a803"",""update_endpoint_sha256"":""a8297913a408e55f541b6c7801716a469203e2ac506de1de3b4285a47b345bae"",""base_data_identity_sha256"":""8a988dc83f4082a4f27503ba2906dc6b8733b3c02be567635c726c67bbd48314"",""reified_data_identity_sha256"":""16162702ccec82b2a0e27063cd04bd756a27af1f003b4cef0da976d843ef4725"",""update_for"":""reified"",""access_mode"":""writable"",""base_data_name"":""exploratory-base"",""reified_data_name"":""exploratory-reified"",""update_canary_sha256"":""41997fb8640d9e765a0272879a63548eb9bd46bbf6e49da02b7c924e506b94f7"",""store_instance_sha256"":""735ac62b30e8a3e73b850ea02c7ab19c17b1289095d95961d66c9b3270bcea6a"",""store_discriminator_sha256"":""2e884d94ace185d62b1b91debf493ccd0a69b83d08e74cf5f1c2be4851b14215"",""tool_sha256"":""b38a65fc0c1a91e138f057f7b6c08d21c328463aceb40ffda53fc759f99d2f7a"",""java_runtime_sha256"":""bdd50c08a90e2fb713541b8a118df6250246a917edc41a6776aeafc90b472687"",""run_identity_sha256"":""9861adc3bd1cfdead5e2e5cabb87819ecaf9afa7791285a40f03a8cd2421b742""}"
baf731844a65b830a95b2167d5a3b6b77d65abcd,oxigraph,Oxigraph [engines.json profile],100M,L,L3,00,6e68c33e9b346995ea7cedfa79c5123b2290df112a813135a2d0753aa4f34a04,C,SPARQLcirc CircuitRewriter,timeout,,,,,,,0,1,90.0,,,,,,,424.098943,[],[],,[],,[],,[],r9.2-frozen-identity-v7,c93b51389a36eb4b9bf99bc2c2ea0c202c6dcc522dfd95b6c50d9be742f46104,,,,,,,,,,,c9e65564945d8df3e6db347909ce749b23a5ceaa40b5bfbce825a1c78035ad60,9d75166c957de49226a016f8a64c1ef26fa5fb5aae4efed67a9ee6460103a803,a8297913a408e55f541b6c7801716a469203e2ac506de1de3b4285a47b345bae,8a988dc83f4082a4f27503ba2906dc6b8733b3c02be567635c726c67bbd48314,16162702ccec82b2a0e27063cd04bd756a27af1f003b4cef0da976d843ef4725,reified,writable,exploratory-base,exploratory-reified,41997fb8640d9e765a0272879a63548eb9bd46bbf6e49da02b7c924e506b94f7,735ac62b30e8a3e73b850ea02c7ab19c17b1289095d95961d66c9b3270bcea6a,2e884d94ace185d62b1b91debf493ccd0a69b83d08e74cf5f1c2be4851b14215,b38a65fc0c1a91e138f057f7b6c08d21c328463aceb40ffda53fc759f99d2f7a,bdd50c08a90e2fb713541b8a118df6250246a917edc41a6776aeafc90b472687,9861adc3bd1cfdead5e2e5cabb87819ecaf9afa7791285a40f03a8cd2421b742,"pcm-meta-v2:{""protocol"":""r9.2-frozen-identity-v7"",""message"":""whole cell exceeded 90s hard deadline; worker reaped"",""cell_wall_ms"":90000.0,""c_parse_samples"":[],""c_protocol_samples"":[],""construct_total_samples"":[],""construct_unattributed_samples"":[],""status"":""timeout"",""status_evidence"":{""kind"":""hard-wall-deadline"",""message"":""whole cell exceeded 90s hard deadline; worker reaped""},""endpoint_lock"":{""wait_ms"":0.007,""lock_path"":""/tmp/sparqlcirc-r9-endpoint-locks-v7/735ac62b30e8a3e73b850ea02c7ab19c17b1289095d95961d66c9b3270bcea6a.lock""},""construction_requested"":null,""construction_effective"":null,""commit"":""baf731844a65b830a95b2167d5a3b6b77d65abcd"",""batch_id"":""c93b51389a36eb4b9bf99bc2c2ea0c202c6dcc522dfd95b6c50d9be742f46104"",""query_sha256"":""6e68c33e9b346995ea7cedfa79c5123b2290df112a813135a2d0753aa4f34a04"",""engine"":""oxigraph"",""engine_version"":""Oxigraph [engines.json profile]"",""scale"":""100M"",""base_endpoint_sha256"":""c9e65564945d8df3e6db347909ce749b23a5ceaa40b5bfbce825a1c78035ad60"",""reified_endpoint_sha256"":""9d75166c957de49226a016f8a64c1ef26fa5fb5aae4efed67a9ee6460103a803"",""update_endpoint_sha256"":""a8297913a408e55f541b6c7801716a469203e2ac506de1de3b4285a47b345bae"",""base_data_identity_sha256"":""8a988dc83f4082a4f27503ba2906dc6b8733b3c02be567635c726c67bbd48314"",""reified_data_identity_sha256"":""16162702ccec82b2a0e27063cd04bd756a27af1f003b4cef0da976d843ef4725"",""update_for"":""reified"",""access_mode"":""writable"",""base_data_name"":""exploratory-base"",""reified_data_name"":""exploratory-reified"",""update_canary_sha256"":""41997fb8640d9e765a0272879a63548eb9bd46bbf6e49da02b7c924e506b94f7"",""store_instance_sha256"":""735ac62b30e8a3e73b850ea02c7ab19c17b1289095d95961d66c9b3270bcea6a"",""store_discriminator_sha256"":""2e884d94ace185d62b1b91debf493ccd0a69b83d08e74cf5f1c2be4851b14215"",""tool_sha256"":""b38a65fc0c1a91e138f057f7b6c08d21c328463aceb40ffda53fc759f99d2f7a"",""java_runtime_sha256"":""bdd50c08a90e2fb713541b8a118df6250246a917edc41a6776aeafc90b472687"",""run_identity_sha256"":""9861adc3bd1cfdead5e2e5cabb87819ecaf9afa7791285a40f03a8cd2421b742""}"
baf731844a65b830a95b2167d5a3b6b77d65abcd,oxigraph,Oxigraph [engines.json profile],100M,L,L4,00,6a5c40f28fc1efcf93f4f8de194ff48179bad43fdcace9ac6f264dd26c62dadf,B,base-select,ok,299,725.0,725.0,725.0,725.0,0.0,0,1,90.0,51680,0.0,,,,,0.00724,[724.967],[0.0],,[],,[],,[],r9.2-frozen-identity-v7,c93b51389a36eb4b9bf99bc2c2ea0c202c6dcc522dfd95b6c50d9be742f46104,csv-binding-multiset-v1,299,a283bcfcb52437b23457f97b14ee0b3c6cbb41572a24e8b3b6939f36104137d4,,,,,,,,c9e65564945d8df3e6db347909ce749b23a5ceaa40b5bfbce825a1c78035ad60,9d75166c957de49226a016f8a64c1ef26fa5fb5aae4efed67a9ee6460103a803,a8297913a408e55f541b6c7801716a469203e2ac506de1de3b4285a47b345bae,8a988dc83f4082a4f27503ba2906dc6b8733b3c02be567635c726c67bbd48314,16162702ccec82b2a0e27063cd04bd756a27af1f003b4cef0da976d843ef4725,reified,writable,exploratory-base,exploratory-reified,41997fb8640d9e765a0272879a63548eb9bd46bbf6e49da02b7c924e506b94f7,735ac62b30e8a3e73b850ea02c7ab19c17b1289095d95961d66c9b3270bcea6a,2e884d94ace185d62b1b91debf493ccd0a69b83d08e74cf5f1c2be4851b14215,b38a65fc0c1a91e138f057f7b6c08d21c328463aceb40ffda53fc759f99d2f7a,bdd50c08a90e2fb713541b8a118df6250246a917edc41a6776aeafc90b472687,e40983673662cb71da1ae569b1372d76a803cae425e93ac86f91d63187f2ad08,"pcm-meta-v2:{""protocol"":""r9.2-frozen-identity-v7"",""message"":"""",""cell_wall_ms"":732.223,""answer_kind"":""csv-binding-multiset-v1"",""answer_key_count"":299,""answer_fingerprint"":""a283bcfcb52437b23457f97b14ee0b3c6cbb41572a24e8b3b6939f36104137d4"",""c_parse_samples"":[0.0],""c_protocol_samples"":[],""construct_total_samples"":[],""construct_unattributed_samples"":[],""status"":""ok"",""status_evidence"":null,""construction_requested"":null,""construction_effective"":null,""commit"":""baf731844a65b830a95b2167d5a3b6b77d65abcd"",""batch_id"":""c93b51389a36eb4b9bf99bc2c2ea0c202c6dcc522dfd95b6c50d9be742f46104"",""query_sha256"":""6a5c40f28fc1efcf93f4f8de194ff48179bad43fdcace9ac6f264dd26c62dadf"",""engine"":""oxigraph"",""engine_version"":""Oxigraph [engines.json profile]"",""scale"":""100M"",""base_endpoint_sha256"":""c9e65564945d8df3e6db347909ce749b23a5ceaa40b5bfbce825a1c78035ad60"",""reified_endpoint_sha256"":""9d75166c957de49226a016f8a64c1ef26fa5fb5aae4efed67a9ee6460103a803"",""update_endpoint_sha256"":""a8297913a408e55f541b6c7801716a469203e2ac506de1de3b4285a47b345bae"",""base_data_identity_sha256"":""8a988dc83f4082a4f27503ba2906dc6b8733b3c02be567635c726c67bbd48314"",""reified_data_identity_sha256"":""16162702ccec82b2a0e27063cd04bd756a27af1f003b4cef0da976d843ef4725"",""update_for"":""reified"",""access_mode"":""writable"",""base_data_name"":""exploratory-base"",""reified_data_name"":""exploratory-reified"",""update_canary_sha256"":""41997fb8640d9e765a0272879a63548eb9bd46bbf6e49da02b7c924e506b94f7"",""store_instance_sha256"":""735ac62b30e8a3e73b850ea02c7ab19c17b1289095d95961d66c9b3270bcea6a"",""store_discriminator_sha256"":""2e884d94ace185d62b1b91debf493ccd0a69b83d08e74cf5f1c2be4851b14215"",""tool_sha256"":""b38a65fc0c1a91e138f057f7b6c08d21c328463aceb40ffda53fc759f99d2f7a"",""java_runtime_sha256"":""bdd50c08a90e2fb713541b8a118df6250246a917edc41a6776aeafc90b472687"",""run_identity_sha256"":""e40983673662cb71da1ae569b1372d76a803cae425e93ac86f91d63187f2ad08""}"
baf731844a65b830a95b2167d5a3b6b77d65abcd,oxigraph,Oxigraph [engines.json profile],100M,L,L4,00,6a5c40f28fc1efcf93f4f8de194ff48179bad43fdcace9ac6f264dd26c62dadf,R,reification-only,ok,299,17665.4,17665.4,17665.4,17665.4,0.0,0,1,90.0,51680,0.0,,,,,155.250018,[17665.423],[0.0],,[],,[],,[],r9.2-frozen-identity-v7,c93b51389a36eb4b9bf99bc2c2ea0c202c6dcc522dfd95b6c50d9be742f46104,csv-binding-multiset-v1,299,a283bcfcb52437b23457f97b14ee0b3c6cbb41572a24e8b3b6939f36104137d4,,,,,,,,c9e65564945d8df3e6db347909ce749b23a5ceaa40b5bfbce825a1c78035ad60,9d75166c957de49226a016f8a64c1ef26fa5fb5aae4efed67a9ee6460103a803,a8297913a408e55f541b6c7801716a469203e2ac506de1de3b4285a47b345bae,8a988dc83f4082a4f27503ba2906dc6b8733b3c02be567635c726c67bbd48314,16162702ccec82b2a0e27063cd04bd756a27af1f003b4cef0da976d843ef4725,reified,writable,exploratory-base,exploratory-reified,41997fb8640d9e765a0272879a63548eb9bd46bbf6e49da02b7c924e506b94f7,735ac62b30e8a3e73b850ea02c7ab19c17b1289095d95961d66c9b3270bcea6a,2e884d94ace185d62b1b91debf493ccd0a69b83d08e74cf5f1c2be4851b14215,b38a65fc0c1a91e138f057f7b6c08d21c328463aceb40ffda53fc759f99d2f7a,bdd50c08a90e2fb713541b8a118df6250246a917edc41a6776aeafc90b472687,e40983673662cb71da1ae569b1372d76a803cae425e93ac86f91d63187f2ad08,"pcm-meta-v2:{""protocol"":""r9.2-frozen-identity-v7"",""message"":"""",""cell_wall_ms"":17831.512,""answer_kind"":""csv-binding-multiset-v1"",""answer_key_count"":299,""answer_fingerprint"":""a283bcfcb52437b23457f97b14ee0b3c6cbb41572a24e8b3b6939f36104137d4"",""c_parse_samples"":[0.0],""c_protocol_samples"":[],""construct_total_samples"":[],""construct_unattributed_samples"":[],""status"":""ok"",""status_evidence"":null,""construction_requested"":null,""construction_effective"":null,""commit"":""baf731844a65b830a95b2167d5a3b6b77d65abcd"",""batch_id"":""c93b51389a36eb4b9bf99bc2c2ea0c202c6dcc522dfd95b6c50d9be742f46104"",""query_sha256"":""6a5c40f28fc1efcf93f4f8de194ff48179bad43fdcace9ac6f264dd26c62dadf"",""engine"":""oxigraph"",""engine_version"":""Oxigraph [engines.json profile]"",""scale"":""100M"",""base_endpoint_sha256"":""c9e65564945d8df3e6db347909ce749b23a5ceaa40b5bfbce825a1c78035ad60"",""reified_endpoint_sha256"":""9d75166c957de49226a016f8a64c1ef26fa5fb5aae4efed67a9ee6460103a803"",""update_endpoint_sha256"":""a8297913a408e55f541b6c7801716a469203e2ac506de1de3b4285a47b345bae"",""base_data_identity_sha256"":""8a988dc83f4082a4f27503ba2906dc6b8733b3c02be567635c726c67bbd48314"",""reified_data_identity_sha256"":""16162702ccec82b2a0e27063cd04bd756a27af1f003b4cef0da976d843ef4725"",""update_for"":""reified"",""access_mode"":""writable"",""base_data_name"":""exploratory-base"",""reified_data_name"":""exploratory-reified"",""update_canary_sha256"":""41997fb8640d9e765a0272879a63548eb9bd46bbf6e49da02b7c924e506b94f7"",""store_instance_sha256"":""735ac62b30e8a3e73b850ea02c7ab19c17b1289095d95961d66c9b3270bcea6a"",""store_discriminator_sha256"":""2e884d94ace185d62b1b91debf493ccd0a69b83d08e74cf5f1c2be4851b14215"",""tool_sha256"":""b38a65fc0c1a91e138f057f7b6c08d21c328463aceb40ffda53fc759f99d2f7a"",""java_runtime_sha256"":""bdd50c08a90e2fb713541b8a118df6250246a917edc41a6776aeafc90b472687"",""run_identity_sha256"":""e40983673662cb71da1ae569b1372d76a803cae425e93ac86f91d63187f2ad08""}"
baf731844a65b830a95b2167d5a3b6b77d65abcd,oxigraph,Oxigraph [engines.json profile],100M,L,L4,00,6a5c40f28fc1efcf93f4f8de194ff48179bad43fdcace9ac6f264dd26c62dadf,N,N_clean (NPCS reimplementation),ok,299,16658.3,16658.3,16658.3,16658.3,0.0,0,1,90.0,64111,0.0,,,,299,200.401722,[16658.285],[0.0],,[],,[],,[],r9.2-frozen-identity-v7,c93b51389a36eb4b9bf99bc2c2ea0c202c6dcc522dfd95b6c50d9be742f46104,csv-candidate-multiset-v1,299,a283bcfcb52437b23457f97b14ee0b3c6cbb41572a24e8b3b6939f36104137d4,,,,,,,,c9e65564945d8df3e6db347909ce749b23a5ceaa40b5bfbce825a1c78035ad60,9d75166c957de49226a016f8a64c1ef26fa5fb5aae4efed67a9ee6460103a803,a8297913a408e55f541b6c7801716a469203e2ac506de1de3b4285a47b345bae,8a988dc83f4082a4f27503ba2906dc6b8733b3c02be567635c726c67bbd48314,16162702ccec82b2a0e27063cd04bd756a27af1f003b4cef0da976d843ef4725,reified,writable,exploratory-base,exploratory-reified,41997fb8640d9e765a0272879a63548eb9bd46bbf6e49da02b7c924e506b94f7,735ac62b30e8a3e73b850ea02c7ab19c17b1289095d95961d66c9b3270bcea6a,2e884d94ace185d62b1b91debf493ccd0a69b83d08e74cf5f1c2be4851b14215,b38a65fc0c1a91e138f057f7b6c08d21c328463aceb40ffda53fc759f99d2f7a,bdd50c08a90e2fb713541b8a118df6250246a917edc41a6776aeafc90b472687,e40983673662cb71da1ae569b1372d76a803cae425e93ac86f91d63187f2ad08,"pcm-meta-v2:{""protocol"":""r9.2-frozen-identity-v7"",""message"":"""",""cell_wall_ms"":16867.893,""answer_kind"":""csv-candidate-multiset-v1"",""answer_key_count"":299,""answer_fingerprint"":""a283bcfcb52437b23457f97b14ee0b3c6cbb41572a24e8b3b6939f36104137d4"",""c_parse_samples"":[0.0],""c_protocol_samples"":[],""construct_total_samples"":[],""construct_unattributed_samples"":[],""status"":""ok"",""status_evidence"":null,""construction_requested"":null,""construction_effective"":null,""commit"":""baf731844a65b830a95b2167d5a3b6b77d65abcd"",""batch_id"":""c93b51389a36eb4b9bf99bc2c2ea0c202c6dcc522dfd95b6c50d9be742f46104"",""query_sha256"":""6a5c40f28fc1efcf93f4f8de194ff48179bad43fdcace9ac6f264dd26c62dadf"",""engine"":""oxigraph"",""engine_version"":""Oxigraph [engines.json profile]"",""scale"":""100M"",""base_endpoint_sha256"":""c9e65564945d8df3e6db347909ce749b23a5ceaa40b5bfbce825a1c78035ad60"",""reified_endpoint_sha256"":""9d75166c957de49226a016f8a64c1ef26fa5fb5aae4efed67a9ee6460103a803"",""update_endpoint_sha256"":""a8297913a408e55f541b6c7801716a469203e2ac506de1de3b4285a47b345bae"",""base_data_identity_sha256"":""8a988dc83f4082a4f27503ba2906dc6b8733b3c02be567635c726c67bbd48314"",""reified_data_identity_sha256"":""16162702ccec82b2a0e27063cd04bd756a27af1f003b4cef0da976d843ef4725"",""update_for"":""reified"",""access_mode"":""writable"",""base_data_name"":""exploratory-base"",""reified_data_name"":""exploratory-reified"",""update_canary_sha256"":""41997fb8640d9e765a0272879a63548eb9bd46bbf6e49da02b7c924e506b94f7"",""store_instance_sha256"":""735ac62b30e8a3e73b850ea02c7ab19c17b1289095d95961d66c9b3270bcea6a"",""store_discriminator_sha256"":""2e884d94ace185d62b1b91debf493ccd0a69b83d08e74cf5f1c2be4851b14215"",""tool_sha256"":""b38a65fc0c1a91e138f057f7b6c08d21c328463aceb40ffda53fc759f99d2f7a"",""java_runtime_sha256"":""bdd50c08a90e2fb713541b8a118df6250246a917edc41a6776aeafc90b472687"",""run_identity_sha256"":""e40983673662cb71da1ae569b1372d76a803cae425e93ac86f91d63187f2ad08""}"
baf731844a65b830a95b2167d5a3b6b77d65abcd,oxigraph,Oxigraph [engines.json profile],100M,L,L4,00,6a5c40f28fc1efcf93f4f8de194ff48179bad43fdcace9ac6f264dd26c62dadf,C,SPARQLcirc CircuitRewriter,ok,299,15884.7,15884.7,15884.7,15884.7,0.0,0,1,90.0,567243,49.7,598,897,299,,371.776231,[15884.712],[49.731],0.0,[0.0],15935.1,[15935.102],0.7,[0.659],r9.2-frozen-identity-v7,c93b51389a36eb4b9bf99bc2c2ea0c202c6dcc522dfd95b6c50d9be742f46104,term-aware-candidate-set-v1,299,1c5b68e9c4068381c91795c60d03d29d4308f94771faf059041967bdb4047c6b,flat,flat,6e357be51063612b79512719e90439be040c2ea5516c08c6d1e1ee571c6bbc8c,,,,,c9e65564945d8df3e6db347909ce749b23a5ceaa40b5bfbce825a1c78035ad60,9d75166c957de49226a016f8a64c1ef26fa5fb5aae4efed67a9ee6460103a803,a8297913a408e55f541b6c7801716a469203e2ac506de1de3b4285a47b345bae,8a988dc83f4082a4f27503ba2906dc6b8733b3c02be567635c726c67bbd48314,16162702ccec82b2a0e27063cd04bd756a27af1f003b4cef0da976d843ef4725,reified,writable,exploratory-base,exploratory-reified,41997fb8640d9e765a0272879a63548eb9bd46bbf6e49da02b7c924e506b94f7,735ac62b30e8a3e73b850ea02c7ab19c17b1289095d95961d66c9b3270bcea6a,2e884d94ace185d62b1b91debf493ccd0a69b83d08e74cf5f1c2be4851b14215,b38a65fc0c1a91e138f057f7b6c08d21c328463aceb40ffda53fc759f99d2f7a,bdd50c08a90e2fb713541b8a118df6250246a917edc41a6776aeafc90b472687,e40983673662cb71da1ae569b1372d76a803cae425e93ac86f91d63187f2ad08,"pcm-meta-v2:{""protocol"":""r9.2-frozen-identity-v7"",""message"":""C requested=flat effective=flat; steps=1 feedback=0; network includes CONSTRUCT, feedback INSERT, and cleanup DELETE"",""cell_wall_ms"":16311.981,""answer_kind"":""term-aware-candidate-set-v1"",""answer_key_count"":299,""answer_fingerprint"":""1c5b68e9c4068381c91795c60d03d29d4308f94771faf059041967bdb4047c6b"",""c_parse_samples"":[49.731],""c_protocol_samples"":[{""requested_mode"":""flat"",""effective_mode"":""flat"",""fallback_reason"":null,""plan_steps"":1,""feedback_steps"":0,""feedback_triples"":0,""construct_query_ms"":15884.712,""feedback_update_ms"":0.0,""cleanup_ms"":0.0,""client_protocol_ms"":0.0,""network_scope"":""construct+feedback+cleanup"",""circuit_sha256"":""6e357be51063612b79512719e90439be040c2ea5516c08c6d1e1ee571c6bbc8c"",""answer_fingerprint"":""1c5b68e9c4068381c91795c60d03d29d4308f94771faf059041967bdb4047c6b"",""semantic_signature_sha256"":""919df2bece4edcfe1d892f93632d5900bdf40397eb01b895d40102763c35fafb"",""structure_signature"":{""gates"":598,""edges"":897,""answers"":299,""derivations"":299,""canonical_bytes"":567243},""construct_total_ms"":15935.102,""client_unattributed_ms"":0.659}],""construct_total_samples"":[15935.102],""construct_unattributed_samples"":[0.659],""status"":""ok"",""status_evidence"":null,""c_warmup_signatures"":[],""measured_semantic_signature_sha256"":""919df2bece4edcfe1d892f93632d5900bdf40397eb01b895d40102763c35fafb"",""measured_repetitions_consistent"":true,""endpoint_lock"":{""wait_ms"":0.006,""lock_path"":""/tmp/sparqlcirc-r9-endpoint-locks-v7/735ac62b30e8a3e73b850ea02c7ab19c17b1289095d95961d66c9b3270bcea6a.lock""},""construction_requested"":""flat"",""construction_effective"":""flat"",""commit"":""baf731844a65b830a95b2167d5a3b6b77d65abcd"",""batch_id"":""c93b51389a36eb4b9bf99bc2c2ea0c202c6dcc522dfd95b6c50d9be742f46104"",""query_sha256"":""6a5c40f28fc1efcf93f4f8de194ff48179bad43fdcace9ac6f264dd26c62dadf"",""engine"":""oxigraph"",""engine_version"":""Oxigraph [engines.json profile]"",""scale"":""100M"",""base_endpoint_sha256"":""c9e65564945d8df3e6db347909ce749b23a5ceaa40b5bfbce825a1c78035ad60"",""reified_endpoint_sha256"":""9d75166c957de49226a016f8a64c1ef26fa5fb5aae4efed67a9ee6460103a803"",""update_endpoint_sha256"":""a8297913a408e55f541b6c7801716a469203e2ac506de1de3b4285a47b345bae"",""base_data_identity_sha256"":""8a988dc83f4082a4f27503ba2906dc6b8733b3c02be567635c726c67bbd48314"",""reified_data_identity_sha256"":""16162702ccec82b2a0e27063cd04bd756a27af1f003b4cef0da976d843ef4725"",""update_for"":""reified"",""access_mode"":""writable"",""base_data_name"":""exploratory-base"",""reified_data_name"":""exploratory-reified"",""update_canary_sha256"":""41997fb8640d9e765a0272879a63548eb9bd46bbf6e49da02b7c924e506b94f7"",""store_instance_sha256"":""735ac62b30e8a3e73b850ea02c7ab19c17b1289095d95961d66c9b3270bcea6a"",""store_discriminator_sha256"":""2e884d94ace185d62b1b91debf493ccd0a69b83d08e74cf5f1c2be4851b14215"",""tool_sha256"":""b38a65fc0c1a91e138f057f7b6c08d21c328463aceb40ffda53fc759f99d2f7a"",""java_runtime_sha256"":""bdd50c08a90e2fb713541b8a118df6250246a917edc41a6776aeafc90b472687"",""run_identity_sha256"":""e40983673662cb71da1ae569b1372d76a803cae425e93ac86f91d63187f2ad08""}"
baf731844a65b830a95b2167d5a3b6b77d65abcd,oxigraph,Oxigraph [engines.json profile],100M,L,L5,00,2e23cd396e2dd8542fcd6dc9541c69d45cb250a36faed0467b475b4adcca3ac6,B,base-select,ok,1310,3601.1,3601.1,3601.1,3601.1,0.0,0,1,90.0,284419,0.0,,,,,0.00678,[3601.094],[0.0],,[],,[],,[],r9.2-frozen-identity-v7,c93b51389a36eb4b9bf99bc2c2ea0c202c6dcc522dfd95b6c50d9be742f46104,csv-binding-multiset-v1,1310,1d64250cdd7646ce9477b3645e763b168b7990ec166886a3c74313e13d2f36db,,,,,,,,c9e65564945d8df3e6db347909ce749b23a5ceaa40b5bfbce825a1c78035ad60,9d75166c957de49226a016f8a64c1ef26fa5fb5aae4efed67a9ee6460103a803,a8297913a408e55f541b6c7801716a469203e2ac506de1de3b4285a47b345bae,8a988dc83f4082a4f27503ba2906dc6b8733b3c02be567635c726c67bbd48314,16162702ccec82b2a0e27063cd04bd756a27af1f003b4cef0da976d843ef4725,reified,writable,exploratory-base,exploratory-reified,41997fb8640d9e765a0272879a63548eb9bd46bbf6e49da02b7c924e506b94f7,735ac62b30e8a3e73b850ea02c7ab19c17b1289095d95961d66c9b3270bcea6a,2e884d94ace185d62b1b91debf493ccd0a69b83d08e74cf5f1c2be4851b14215,b38a65fc0c1a91e138f057f7b6c08d21c328463aceb40ffda53fc759f99d2f7a,bdd50c08a90e2fb713541b8a118df6250246a917edc41a6776aeafc90b472687,386d341274d99bd911924e3a251fa6ad7fede8f5620b7be1e3eca3fc4f16f68a,"pcm-meta-v2:{""protocol"":""r9.2-frozen-identity-v7"",""message"":"""",""cell_wall_ms"":3623.706,""answer_kind"":""csv-binding-multiset-v1"",""answer_key_count"":1310,""answer_fingerprint"":""1d64250cdd7646ce9477b3645e763b168b7990ec166886a3c74313e13d2f36db"",""c_parse_samples"":[0.0],""c_protocol_samples"":[],""construct_total_samples"":[],""construct_unattributed_samples"":[],""status"":""ok"",""status_evidence"":null,""construction_requested"":null,""construction_effective"":null,""commit"":""baf731844a65b830a95b2167d5a3b6b77d65abcd"",""batch_id"":""c93b51389a36eb4b9bf99bc2c2ea0c202c6dcc522dfd95b6c50d9be742f46104"",""query_sha256"":""2e23cd396e2dd8542fcd6dc9541c69d45cb250a36faed0467b475b4adcca3ac6"",""engine"":""oxigraph"",""engine_version"":""Oxigraph [engines.json profile]"",""scale"":""100M"",""base_endpoint_sha256"":""c9e65564945d8df3e6db347909ce749b23a5ceaa40b5bfbce825a1c78035ad60"",""reified_endpoint_sha256"":""9d75166c957de49226a016f8a64c1ef26fa5fb5aae4efed67a9ee6460103a803"",""update_endpoint_sha256"":""a8297913a408e55f541b6c7801716a469203e2ac506de1de3b4285a47b345bae"",""base_data_identity_sha256"":""8a988dc83f4082a4f27503ba2906dc6b8733b3c02be567635c726c67bbd48314"",""reified_data_identity_sha256"":""16162702ccec82b2a0e27063cd04bd756a27af1f003b4cef0da976d843ef4725"",""update_for"":""reified"",""access_mode"":""writable"",""base_data_name"":""exploratory-base"",""reified_data_name"":""exploratory-reified"",""update_canary_sha256"":""41997fb8640d9e765a0272879a63548eb9bd46bbf6e49da02b7c924e506b94f7"",""store_instance_sha256"":""735ac62b30e8a3e73b850ea02c7ab19c17b1289095d95961d66c9b3270bcea6a"",""store_discriminator_sha256"":""2e884d94ace185d62b1b91debf493ccd0a69b83d08e74cf5f1c2be4851b14215"",""tool_sha256"":""b38a65fc0c1a91e138f057f7b6c08d21c328463aceb40ffda53fc759f99d2f7a"",""java_runtime_sha256"":""bdd50c08a90e2fb713541b8a118df6250246a917edc41a6776aeafc90b472687"",""run_identity_sha256"":""386d341274d99bd911924e3a251fa6ad7fede8f5620b7be1e3eca3fc4f16f68a""}"
baf731844a65b830a95b2167d5a3b6b77d65abcd,oxigraph,Oxigraph [engines.json profile],100M,L,L5,00,2e23cd396e2dd8542fcd6dc9541c69d45cb250a36faed0467b475b4adcca3ac6,R,reification-only,ok,1310,35721.2,35721.2,35721.2,35721.2,0.0,0,1,90.0,284419,0.0,,,,,130.517987,[35721.223],[0.0],,[],,[],,[],r9.2-frozen-identity-v7,c93b51389a36eb4b9bf99bc2c2ea0c202c6dcc522dfd95b6c50d9be742f46104,csv-binding-multiset-v1,1310,1d64250cdd7646ce9477b3645e763b168b7990ec166886a3c74313e13d2f36db,,,,,,,,c9e65564945d8df3e6db347909ce749b23a5ceaa40b5bfbce825a1c78035ad60,9d75166c957de49226a016f8a64c1ef26fa5fb5aae4efed67a9ee6460103a803,a8297913a408e55f541b6c7801716a469203e2ac506de1de3b4285a47b345bae,8a988dc83f4082a4f27503ba2906dc6b8733b3c02be567635c726c67bbd48314,16162702ccec82b2a0e27063cd04bd756a27af1f003b4cef0da976d843ef4725,reified,writable,exploratory-base,exploratory-reified,41997fb8640d9e765a0272879a63548eb9bd46bbf6e49da02b7c924e506b94f7,735ac62b30e8a3e73b850ea02c7ab19c17b1289095d95961d66c9b3270bcea6a,2e884d94ace185d62b1b91debf493ccd0a69b83d08e74cf5f1c2be4851b14215,b38a65fc0c1a91e138f057f7b6c08d21c328463aceb40ffda53fc759f99d2f7a,bdd50c08a90e2fb713541b8a118df6250246a917edc41a6776aeafc90b472687,386d341274d99bd911924e3a251fa6ad7fede8f5620b7be1e3eca3fc4f16f68a,"pcm-meta-v2:{""protocol"":""r9.2-frozen-identity-v7"",""message"":"""",""cell_wall_ms"":35877.991,""answer_kind"":""csv-binding-multiset-v1"",""answer_key_count"":1310,""answer_fingerprint"":""1d64250cdd7646ce9477b3645e763b168b7990ec166886a3c74313e13d2f36db"",""c_parse_samples"":[0.0],""c_protocol_samples"":[],""construct_total_samples"":[],""construct_unattributed_samples"":[],""status"":""ok"",""status_evidence"":null,""construction_requested"":null,""construction_effective"":null,""commit"":""baf731844a65b830a95b2167d5a3b6b77d65abcd"",""batch_id"":""c93b51389a36eb4b9bf99bc2c2ea0c202c6dcc522dfd95b6c50d9be742f46104"",""query_sha256"":""2e23cd396e2dd8542fcd6dc9541c69d45cb250a36faed0467b475b4adcca3ac6"",""engine"":""oxigraph"",""engine_version"":""Oxigraph [engines.json profile]"",""scale"":""100M"",""base_endpoint_sha256"":""c9e65564945d8df3e6db347909ce749b23a5ceaa40b5bfbce825a1c78035ad60"",""reified_endpoint_sha256"":""9d75166c957de49226a016f8a64c1ef26fa5fb5aae4efed67a9ee6460103a803"",""update_endpoint_sha256"":""a8297913a408e55f541b6c7801716a469203e2ac506de1de3b4285a47b345bae"",""base_data_identity_sha256"":""8a988dc83f4082a4f27503ba2906dc6b8733b3c02be567635c726c67bbd48314"",""reified_data_identity_sha256"":""16162702ccec82b2a0e27063cd04bd756a27af1f003b4cef0da976d843ef4725"",""update_for"":""reified"",""access_mode"":""writable"",""base_data_name"":""exploratory-base"",""reified_data_name"":""exploratory-reified"",""update_canary_sha256"":""41997fb8640d9e765a0272879a63548eb9bd46bbf6e49da02b7c924e506b94f7"",""store_instance_sha256"":""735ac62b30e8a3e73b850ea02c7ab19c17b1289095d95961d66c9b3270bcea6a"",""store_discriminator_sha256"":""2e884d94ace185d62b1b91debf493ccd0a69b83d08e74cf5f1c2be4851b14215"",""tool_sha256"":""b38a65fc0c1a91e138f057f7b6c08d21c328463aceb40ffda53fc759f99d2f7a"",""java_runtime_sha256"":""bdd50c08a90e2fb713541b8a118df6250246a917edc41a6776aeafc90b472687"",""run_identity_sha256"":""386d341274d99bd911924e3a251fa6ad7fede8f5620b7be1e3eca3fc4f16f68a""}"
baf731844a65b830a95b2167d5a3b6b77d65abcd,oxigraph,Oxigraph [engines.json profile],100M,L,L5,00,2e23cd396e2dd8542fcd6dc9541c69d45cb250a36faed0467b475b4adcca3ac6,N,N_clean (NPCS reimplementation),timeout,,,,,,,0,1,90.0,,,,,,,200.348904,[],[],,[],,[],,[],r9.2-frozen-identity-v7,c93b51389a36eb4b9bf99bc2c2ea0c202c6dcc522dfd95b6c50d9be742f46104,,,,,,,,,,,c9e65564945d8df3e6db347909ce749b23a5ceaa40b5bfbce825a1c78035ad60,9d75166c957de49226a016f8a64c1ef26fa5fb5aae4efed67a9ee6460103a803,a8297913a408e55f541b6c7801716a469203e2ac506de1de3b4285a47b345bae,8a988dc83f4082a4f27503ba2906dc6b8733b3c02be567635c726c67bbd48314,16162702ccec82b2a0e27063cd04bd756a27af1f003b4cef0da976d843ef4725,reified,writable,exploratory-base,exploratory-reified,41997fb8640d9e765a0272879a63548eb9bd46bbf6e49da02b7c924e506b94f7,735ac62b30e8a3e73b850ea02c7ab19c17b1289095d95961d66c9b3270bcea6a,2e884d94ace185d62b1b91debf493ccd0a69b83d08e74cf5f1c2be4851b14215,b38a65fc0c1a91e138f057f7b6c08d21c328463aceb40ffda53fc759f99d2f7a,bdd50c08a90e2fb713541b8a118df6250246a917edc41a6776aeafc90b472687,386d341274d99bd911924e3a251fa6ad7fede8f5620b7be1e3eca3fc4f16f68a,"pcm-meta-v2:{""protocol"":""r9.2-frozen-identity-v7"",""message"":""whole cell exceeded 90s hard deadline; worker reaped"",""cell_wall_ms"":90000.0,""c_parse_samples"":[],""c_protocol_samples"":[],""construct_total_samples"":[],""construct_unattributed_samples"":[],""status"":""timeout"",""status_evidence"":{""kind"":""hard-wall-deadline"",""message"":""whole cell exceeded 90s hard deadline; worker reaped""},""construction_requested"":null,""construction_effective"":null,""commit"":""baf731844a65b830a95b2167d5a3b6b77d65abcd"",""batch_id"":""c93b51389a36eb4b9bf99bc2c2ea0c202c6dcc522dfd95b6c50d9be742f46104"",""query_sha256"":""2e23cd396e2dd8542fcd6dc9541c69d45cb250a36faed0467b475b4adcca3ac6"",""engine"":""oxigraph"",""engine_version"":""Oxigraph [engines.json profile]"",""scale"":""100M"",""base_endpoint_sha256"":""c9e65564945d8df3e6db347909ce749b23a5ceaa40b5bfbce825a1c78035ad60"",""reified_endpoint_sha256"":""9d75166c957de49226a016f8a64c1ef26fa5fb5aae4efed67a9ee6460103a803"",""update_endpoint_sha256"":""a8297913a408e55f541b6c7801716a469203e2ac506de1de3b4285a47b345bae"",""base_data_identity_sha256"":""8a988dc83f4082a4f27503ba2906dc6b8733b3c02be567635c726c67bbd48314"",""reified_data_identity_sha256"":""16162702ccec82b2a0e27063cd04bd756a27af1f003b4cef0da976d843ef4725"",""update_for"":""reified"",""access_mode"":""writable"",""base_data_name"":""exploratory-base"",""reified_data_name"":""exploratory-reified"",""update_canary_sha256"":""41997fb8640d9e765a0272879a63548eb9bd46bbf6e49da02b7c924e506b94f7"",""store_instance_sha256"":""735ac62b30e8a3e73b850ea02c7ab19c17b1289095d95961d66c9b3270bcea6a"",""store_discriminator_sha256"":""2e884d94ace185d62b1b91debf493ccd0a69b83d08e74cf5f1c2be4851b14215"",""tool_sha256"":""b38a65fc0c1a91e138f057f7b6c08d21c328463aceb40ffda53fc759f99d2f7a"",""java_runtime_sha256"":""bdd50c08a90e2fb713541b8a118df6250246a917edc41a6776aeafc90b472687"",""run_identity_sha256"":""386d341274d99bd911924e3a251fa6ad7fede8f5620b7be1e3eca3fc4f16f68a""}"
baf731844a65b830a95b2167d5a3b6b77d65abcd,oxigraph,Oxigraph [engines.json profile],100M,L,L5,00,2e23cd396e2dd8542fcd6dc9541c69d45cb250a36faed0467b475b4adcca3ac6,C,SPARQLcirc CircuitRewriter,timeout,,,,,,,0,1,90.0,,,,,,,397.682596,[],[],,[],,[],,[],r9.2-frozen-identity-v7,c93b51389a36eb4b9bf99bc2c2ea0c202c6dcc522dfd95b6c50d9be742f46104,,,,,,,,,,,c9e65564945d8df3e6db347909ce749b23a5ceaa40b5bfbce825a1c78035ad60,9d75166c957de49226a016f8a64c1ef26fa5fb5aae4efed67a9ee6460103a803,a8297913a408e55f541b6c7801716a469203e2ac506de1de3b4285a47b345bae,8a988dc83f4082a4f27503ba2906dc6b8733b3c02be567635c726c67bbd48314,16162702ccec82b2a0e27063cd04bd756a27af1f003b4cef0da976d843ef4725,reified,writable,exploratory-base,exploratory-reified,41997fb8640d9e765a0272879a63548eb9bd46bbf6e49da02b7c924e506b94f7,735ac62b30e8a3e73b850ea02c7ab19c17b1289095d95961d66c9b3270bcea6a,2e884d94ace185d62b1b91debf493ccd0a69b83d08e74cf5f1c2be4851b14215,b38a65fc0c1a91e138f057f7b6c08d21c328463aceb40ffda53fc759f99d2f7a,bdd50c08a90e2fb713541b8a118df6250246a917edc41a6776aeafc90b472687,386d341274d99bd911924e3a251fa6ad7fede8f5620b7be1e3eca3fc4f16f68a,"pcm-meta-v2:{""protocol"":""r9.2-frozen-identity-v7"",""message"":""whole cell exceeded 90s hard deadline; worker reaped"",""cell_wall_ms"":90000.0,""c_parse_samples"":[],""c_protocol_samples"":[],""construct_total_samples"":[],""construct_unattributed_samples"":[],""status"":""timeout"",""status_evidence"":{""kind"":""hard-wall-deadline"",""message"":""whole cell exceeded 90s hard deadline; worker reaped""},""endpoint_lock"":{""wait_ms"":0.007,""lock_path"":""/tmp/sparqlcirc-r9-endpoint-locks-v7/735ac62b30e8a3e73b850ea02c7ab19c17b1289095d95961d66c9b3270bcea6a.lock""},""construction_requested"":null,""construction_effective"":null,""commit"":""baf731844a65b830a95b2167d5a3b6b77d65abcd"",""batch_id"":""c93b51389a36eb4b9bf99bc2c2ea0c202c6dcc522dfd95b6c50d9be742f46104"",""query_sha256"":""2e23cd396e2dd8542fcd6dc9541c69d45cb250a36faed0467b475b4adcca3ac6"",""engine"":""oxigraph"",""engine_version"":""Oxigraph [engines.json profile]"",""scale"":""100M"",""base_endpoint_sha256"":""c9e65564945d8df3e6db347909ce749b23a5ceaa40b5bfbce825a1c78035ad60"",""reified_endpoint_sha256"":""9d75166c957de49226a016f8a64c1ef26fa5fb5aae4efed67a9ee6460103a803"",""update_endpoint_sha256"":""a8297913a408e55f541b6c7801716a469203e2ac506de1de3b4285a47b345bae"",""base_data_identity_sha256"":""8a988dc83f4082a4f27503ba2906dc6b8733b3c02be567635c726c67bbd48314"",""reified_data_identity_sha256"":""16162702ccec82b2a0e27063cd04bd756a27af1f003b4cef0da976d843ef4725"",""update_for"":""reified"",""access_mode"":""writable"",""base_data_name"":""exploratory-base"",""reified_data_name"":""exploratory-reified"",""update_canary_sha256"":""41997fb8640d9e765a0272879a63548eb9bd46bbf6e49da02b7c924e506b94f7"",""store_instance_sha256"":""735ac62b30e8a3e73b850ea02c7ab19c17b1289095d95961d66c9b3270bcea6a"",""store_discriminator_sha256"":""2e884d94ace185d62b1b91debf493ccd0a69b83d08e74cf5f1c2be4851b14215"",""tool_sha256"":""b38a65fc0c1a91e138f057f7b6c08d21c328463aceb40ffda53fc759f99d2f7a"",""java_runtime_sha256"":""bdd50c08a90e2fb713541b8a118df6250246a917edc41a6776aeafc90b472687"",""run_identity_sha256"":""386d341274d99bd911924e3a251fa6ad7fede8f5620b7be1e3eca3fc4f16f68a""}"
baf731844a65b830a95b2167d5a3b6b77d65abcd,oxigraph,Oxigraph [engines.json profile],100M,S,S1,00,11a13df922fdbee8f9776eaed6af62ffda103b2b406da774b3f49300860168da,B,base-select,ok,7,30.7,30.7,30.7,30.7,0.0,0,1,90.0,1369,0.0,,,,,0.00733,[30.676],[0.0],,[],,[],,[],r9.2-frozen-identity-v7,493405d4ce7fff401002bc7922df1b726711865fbe3eb40fcade4c3dcda32f21,csv-binding-multiset-v1,7,67ef3a318d853e2988eb09db5815a1f3aa3de3eae655ca6f95b3d9cb6bfc3f5c,,,,,,,,c9e65564945d8df3e6db347909ce749b23a5ceaa40b5bfbce825a1c78035ad60,9d75166c957de49226a016f8a64c1ef26fa5fb5aae4efed67a9ee6460103a803,a8297913a408e55f541b6c7801716a469203e2ac506de1de3b4285a47b345bae,8a988dc83f4082a4f27503ba2906dc6b8733b3c02be567635c726c67bbd48314,16162702ccec82b2a0e27063cd04bd756a27af1f003b4cef0da976d843ef4725,reified,writable,exploratory-base,exploratory-reified,41997fb8640d9e765a0272879a63548eb9bd46bbf6e49da02b7c924e506b94f7,735ac62b30e8a3e73b850ea02c7ab19c17b1289095d95961d66c9b3270bcea6a,2e884d94ace185d62b1b91debf493ccd0a69b83d08e74cf5f1c2be4851b14215,b38a65fc0c1a91e138f057f7b6c08d21c328463aceb40ffda53fc759f99d2f7a,bdd50c08a90e2fb713541b8a118df6250246a917edc41a6776aeafc90b472687,38ca5dc11c0fab21b28217699b3738c7976491bff93fbdaaf25f3c2014c94573,"pcm-meta-v2:{""protocol"":""r9.2-frozen-identity-v7"",""message"":"""",""cell_wall_ms"":36.579,""answer_kind"":""csv-binding-multiset-v1"",""answer_key_count"":7,""answer_fingerprint"":""67ef3a318d853e2988eb09db5815a1f3aa3de3eae655ca6f95b3d9cb6bfc3f5c"",""c_parse_samples"":[0.0],""c_protocol_samples"":[],""construct_total_samples"":[],""construct_unattributed_samples"":[],""status"":""ok"",""status_evidence"":null,""construction_requested"":null,""construction_effective"":null,""commit"":""baf731844a65b830a95b2167d5a3b6b77d65abcd"",""batch_id"":""493405d4ce7fff401002bc7922df1b726711865fbe3eb40fcade4c3dcda32f21"",""query_sha256"":""11a13df922fdbee8f9776eaed6af62ffda103b2b406da774b3f49300860168da"",""engine"":""oxigraph"",""engine_version"":""Oxigraph [engines.json profile]"",""scale"":""100M"",""base_endpoint_sha256"":""c9e65564945d8df3e6db347909ce749b23a5ceaa40b5bfbce825a1c78035ad60"",""reified_endpoint_sha256"":""9d75166c957de49226a016f8a64c1ef26fa5fb5aae4efed67a9ee6460103a803"",""update_endpoint_sha256"":""a8297913a408e55f541b6c7801716a469203e2ac506de1de3b4285a47b345bae"",""base_data_identity_sha256"":""8a988dc83f4082a4f27503ba2906dc6b8733b3c02be567635c726c67bbd48314"",""reified_data_identity_sha256"":""16162702ccec82b2a0e27063cd04bd756a27af1f003b4cef0da976d843ef4725"",""update_for"":""reified"",""access_mode"":""writable"",""base_data_name"":""exploratory-base"",""reified_data_name"":""exploratory-reified"",""update_canary_sha256"":""41997fb8640d9e765a0272879a63548eb9bd46bbf6e49da02b7c924e506b94f7"",""store_instance_sha256"":""735ac62b30e8a3e73b850ea02c7ab19c17b1289095d95961d66c9b3270bcea6a"",""store_discriminator_sha256"":""2e884d94ace185d62b1b91debf493ccd0a69b83d08e74cf5f1c2be4851b14215"",""tool_sha256"":""b38a65fc0c1a91e138f057f7b6c08d21c328463aceb40ffda53fc759f99d2f7a"",""java_runtime_sha256"":""bdd50c08a90e2fb713541b8a118df6250246a917edc41a6776aeafc90b472687"",""run_identity_sha256"":""38ca5dc11c0fab21b28217699b3738c7976491bff93fbdaaf25f3c2014c94573""}"
baf731844a65b830a95b2167d5a3b6b77d65abcd,oxigraph,Oxigraph [engines.json profile],100M,S,S1,00,11a13df922fdbee8f9776eaed6af62ffda103b2b406da774b3f49300860168da,R,reification-only,ok,7,49.3,49.3,49.3,49.3,0.0,0,1,90.0,1369,0.0,,,,,140.499736,[49.255],[0.0],,[],,[],,[],r9.2-frozen-identity-v7,493405d4ce7fff401002bc7922df1b726711865fbe3eb40fcade4c3dcda32f21,csv-binding-multiset-v1,7,67ef3a318d853e2988eb09db5815a1f3aa3de3eae655ca6f95b3d9cb6bfc3f5c,,,,,,,,c9e65564945d8df3e6db347909ce749b23a5ceaa40b5bfbce825a1c78035ad60,9d75166c957de49226a016f8a64c1ef26fa5fb5aae4efed67a9ee6460103a803,a8297913a408e55f541b6c7801716a469203e2ac506de1de3b4285a47b345bae,8a988dc83f4082a4f27503ba2906dc6b8733b3c02be567635c726c67bbd48314,16162702ccec82b2a0e27063cd04bd756a27af1f003b4cef0da976d843ef4725,reified,writable,exploratory-base,exploratory-reified,41997fb8640d9e765a0272879a63548eb9bd46bbf6e49da02b7c924e506b94f7,735ac62b30e8a3e73b850ea02c7ab19c17b1289095d95961d66c9b3270bcea6a,2e884d94ace185d62b1b91debf493ccd0a69b83d08e74cf5f1c2be4851b14215,b38a65fc0c1a91e138f057f7b6c08d21c328463aceb40ffda53fc759f99d2f7a,bdd50c08a90e2fb713541b8a118df6250246a917edc41a6776aeafc90b472687,38ca5dc11c0fab21b28217699b3738c7976491bff93fbdaaf25f3c2014c94573,"pcm-meta-v2:{""protocol"":""r9.2-frozen-identity-v7"",""message"":"""",""cell_wall_ms"":196.419,""answer_kind"":""csv-binding-multiset-v1"",""answer_key_count"":7,""answer_fingerprint"":""67ef3a318d853e2988eb09db5815a1f3aa3de3eae655ca6f95b3d9cb6bfc3f5c"",""c_parse_samples"":[0.0],""c_protocol_samples"":[],""construct_total_samples"":[],""construct_unattributed_samples"":[],""status"":""ok"",""status_evidence"":null,""construction_requested"":null,""construction_effective"":null,""commit"":""baf731844a65b830a95b2167d5a3b6b77d65abcd"",""batch_id"":""493405d4ce7fff401002bc7922df1b726711865fbe3eb40fcade4c3dcda32f21"",""query_sha256"":""11a13df922fdbee8f9776eaed6af62ffda103b2b406da774b3f49300860168da"",""engine"":""oxigraph"",""engine_version"":""Oxigraph [engines.json profile]"",""scale"":""100M"",""base_endpoint_sha256"":""c9e65564945d8df3e6db347909ce749b23a5ceaa40b5bfbce825a1c78035ad60"",""reified_endpoint_sha256"":""9d75166c957de49226a016f8a64c1ef26fa5fb5aae4efed67a9ee6460103a803"",""update_endpoint_sha256"":""a8297913a408e55f541b6c7801716a469203e2ac506de1de3b4285a47b345bae"",""base_data_identity_sha256"":""8a988dc83f4082a4f27503ba2906dc6b8733b3c02be567635c726c67bbd48314"",""reified_data_identity_sha256"":""16162702ccec82b2a0e27063cd04bd756a27af1f003b4cef0da976d843ef4725"",""update_for"":""reified"",""access_mode"":""writable"",""base_data_name"":""exploratory-base"",""reified_data_name"":""exploratory-reified"",""update_canary_sha256"":""41997fb8640d9e765a0272879a63548eb9bd46bbf6e49da02b7c924e506b94f7"",""store_instance_sha256"":""735ac62b30e8a3e73b850ea02c7ab19c17b1289095d95961d66c9b3270bcea6a"",""store_discriminator_sha256"":""2e884d94ace185d62b1b91debf493ccd0a69b83d08e74cf5f1c2be4851b14215"",""tool_sha256"":""b38a65fc0c1a91e138f057f7b6c08d21c328463aceb40ffda53fc759f99d2f7a"",""java_runtime_sha256"":""bdd50c08a90e2fb713541b8a118df6250246a917edc41a6776aeafc90b472687"",""run_identity_sha256"":""38ca5dc11c0fab21b28217699b3738c7976491bff93fbdaaf25f3c2014c94573""}"
baf731844a65b830a95b2167d5a3b6b77d65abcd,oxigraph,Oxigraph [engines.json profile],100M,S,S1,00,11a13df922fdbee8f9776eaed6af62ffda103b2b406da774b3f49300860168da,N,N_clean (NPCS reimplementation),ok,7,77298.0,77298.0,77298.0,77298.0,0.0,0,1,90.0,2373,0.0,,,,7,206.642594,[77298.009],[0.0],,[],,[],,[],r9.2-frozen-identity-v7,493405d4ce7fff401002bc7922df1b726711865fbe3eb40fcade4c3dcda32f21,csv-candidate-multiset-v1,7,67ef3a318d853e2988eb09db5815a1f3aa3de3eae655ca6f95b3d9cb6bfc3f5c,,,,,,,,c9e65564945d8df3e6db347909ce749b23a5ceaa40b5bfbce825a1c78035ad60,9d75166c957de49226a016f8a64c1ef26fa5fb5aae4efed67a9ee6460103a803,a8297913a408e55f541b6c7801716a469203e2ac506de1de3b4285a47b345bae,8a988dc83f4082a4f27503ba2906dc6b8733b3c02be567635c726c67bbd48314,16162702ccec82b2a0e27063cd04bd756a27af1f003b4cef0da976d843ef4725,reified,writable,exploratory-base,exploratory-reified,41997fb8640d9e765a0272879a63548eb9bd46bbf6e49da02b7c924e506b94f7,735ac62b30e8a3e73b850ea02c7ab19c17b1289095d95961d66c9b3270bcea6a,2e884d94ace185d62b1b91debf493ccd0a69b83d08e74cf5f1c2be4851b14215,b38a65fc0c1a91e138f057f7b6c08d21c328463aceb40ffda53fc759f99d2f7a,bdd50c08a90e2fb713541b8a118df6250246a917edc41a6776aeafc90b472687,38ca5dc11c0fab21b28217699b3738c7976491bff93fbdaaf25f3c2014c94573,"pcm-meta-v2:{""protocol"":""r9.2-frozen-identity-v7"",""message"":"""",""cell_wall_ms"":77511.028,""answer_kind"":""csv-candidate-multiset-v1"",""answer_key_count"":7,""answer_fingerprint"":""67ef3a318d853e2988eb09db5815a1f3aa3de3eae655ca6f95b3d9cb6bfc3f5c"",""c_parse_samples"":[0.0],""c_protocol_samples"":[],""construct_total_samples"":[],""construct_unattributed_samples"":[],""status"":""ok"",""status_evidence"":null,""construction_requested"":null,""construction_effective"":null,""commit"":""baf731844a65b830a95b2167d5a3b6b77d65abcd"",""batch_id"":""493405d4ce7fff401002bc7922df1b726711865fbe3eb40fcade4c3dcda32f21"",""query_sha256"":""11a13df922fdbee8f9776eaed6af62ffda103b2b406da774b3f49300860168da"",""engine"":""oxigraph"",""engine_version"":""Oxigraph [engines.json profile]"",""scale"":""100M"",""base_endpoint_sha256"":""c9e65564945d8df3e6db347909ce749b23a5ceaa40b5bfbce825a1c78035ad60"",""reified_endpoint_sha256"":""9d75166c957de49226a016f8a64c1ef26fa5fb5aae4efed67a9ee6460103a803"",""update_endpoint_sha256"":""a8297913a408e55f541b6c7801716a469203e2ac506de1de3b4285a47b345bae"",""base_data_identity_sha256"":""8a988dc83f4082a4f27503ba2906dc6b8733b3c02be567635c726c67bbd48314"",""reified_data_identity_sha256"":""16162702ccec82b2a0e27063cd04bd756a27af1f003b4cef0da976d843ef4725"",""update_for"":""reified"",""access_mode"":""writable"",""base_data_name"":""exploratory-base"",""reified_data_name"":""exploratory-reified"",""update_canary_sha256"":""41997fb8640d9e765a0272879a63548eb9bd46bbf6e49da02b7c924e506b94f7"",""store_instance_sha256"":""735ac62b30e8a3e73b850ea02c7ab19c17b1289095d95961d66c9b3270bcea6a"",""store_discriminator_sha256"":""2e884d94ace185d62b1b91debf493ccd0a69b83d08e74cf5f1c2be4851b14215"",""tool_sha256"":""b38a65fc0c1a91e138f057f7b6c08d21c328463aceb40ffda53fc759f99d2f7a"",""java_runtime_sha256"":""bdd50c08a90e2fb713541b8a118df6250246a917edc41a6776aeafc90b472687"",""run_identity_sha256"":""38ca5dc11c0fab21b28217699b3738c7976491bff93fbdaaf25f3c2014c94573""}"
baf731844a65b830a95b2167d5a3b6b77d65abcd,oxigraph,Oxigraph [engines.json profile],100M,S,S1,00,11a13df922fdbee8f9776eaed6af62ffda103b2b406da774b3f49300860168da,C,SPARQLcirc CircuitRewriter,ok,7,49579.3,49579.3,49579.3,49579.3,0.0,0,1,90.0,37703,4.8,14,70,7,,436.001608,[49579.297],[4.76],0.0,[0.0],49584.6,[49584.569],0.5,[0.513],r9.2-frozen-identity-v7,493405d4ce7fff401002bc7922df1b726711865fbe3eb40fcade4c3dcda32f21,term-aware-candidate-set-v1,7,f1dc6ee7ef8c3d097e8a1973c4cccb9b9049e626d752ada0c7bed0b7b4c0232c,flat,flat,e65677f91e9a222646143b2d151613a0202ab531a8709bc445fed9a3fd8632ea,,,,,c9e65564945d8df3e6db347909ce749b23a5ceaa40b5bfbce825a1c78035ad60,9d75166c957de49226a016f8a64c1ef26fa5fb5aae4efed67a9ee6460103a803,a8297913a408e55f541b6c7801716a469203e2ac506de1de3b4285a47b345bae,8a988dc83f4082a4f27503ba2906dc6b8733b3c02be567635c726c67bbd48314,16162702ccec82b2a0e27063cd04bd756a27af1f003b4cef0da976d843ef4725,reified,writable,exploratory-base,exploratory-reified,41997fb8640d9e765a0272879a63548eb9bd46bbf6e49da02b7c924e506b94f7,735ac62b30e8a3e73b850ea02c7ab19c17b1289095d95961d66c9b3270bcea6a,2e884d94ace185d62b1b91debf493ccd0a69b83d08e74cf5f1c2be4851b14215,b38a65fc0c1a91e138f057f7b6c08d21c328463aceb40ffda53fc759f99d2f7a,bdd50c08a90e2fb713541b8a118df6250246a917edc41a6776aeafc90b472687,38ca5dc11c0fab21b28217699b3738c7976491bff93fbdaaf25f3c2014c94573,"pcm-meta-v2:{""protocol"":""r9.2-frozen-identity-v7"",""message"":""C requested=flat effective=flat; steps=1 feedback=0; network includes CONSTRUCT, feedback INSERT, and cleanup DELETE"",""cell_wall_ms"":50025.509,""answer_kind"":""term-aware-candidate-set-v1"",""answer_key_count"":7,""answer_fingerprint"":""f1dc6ee7ef8c3d097e8a1973c4cccb9b9049e626d752ada0c7bed0b7b4c0232c"",""c_parse_samples"":[4.76],""c_protocol_samples"":[{""requested_mode"":""flat"",""effective_mode"":""flat"",""fallback_reason"":null,""plan_steps"":1,""feedback_steps"":0,""feedback_triples"":0,""construct_query_ms"":49579.297,""feedback_update_ms"":0.0,""cleanup_ms"":0.0,""client_protocol_ms"":0.0,""network_scope"":""construct+feedback+cleanup"",""circuit_sha256"":""e65677f91e9a222646143b2d151613a0202ab531a8709bc445fed9a3fd8632ea"",""answer_fingerprint"":""f1dc6ee7ef8c3d097e8a1973c4cccb9b9049e626d752ada0c7bed0b7b4c0232c"",""semantic_signature_sha256"":""2ce99ff284132742b720b51016ff648ea2f7b5dff5a03f4de19112d300446f77"",""structure_signature"":{""gates"":14,""edges"":70,""answers"":7,""derivations"":7,""canonical_bytes"":37703},""construct_total_ms"":49584.569,""client_unattributed_ms"":0.513}],""construct_total_samples"":[49584.569],""construct_unattributed_samples"":[0.513],""status"":""ok"",""status_evidence"":null,""c_warmup_signatures"":[],""measured_semantic_signature_sha256"":""2ce99ff284132742b720b51016ff648ea2f7b5dff5a03f4de19112d300446f77"",""measured_repetitions_consistent"":true,""endpoint_lock"":{""wait_ms"":0.007,""lock_path"":""/tmp/sparqlcirc-r9-endpoint-locks-v7/735ac62b30e8a3e73b850ea02c7ab19c17b1289095d95961d66c9b3270bcea6a.lock""},""construction_requested"":""flat"",""construction_effective"":""flat"",""commit"":""baf731844a65b830a95b2167d5a3b6b77d65abcd"",""batch_id"":""493405d4ce7fff401002bc7922df1b726711865fbe3eb40fcade4c3dcda32f21"",""query_sha256"":""11a13df922fdbee8f9776eaed6af62ffda103b2b406da774b3f49300860168da"",""engine"":""oxigraph"",""engine_version"":""Oxigraph [engines.json profile]"",""scale"":""100M"",""base_endpoint_sha256"":""c9e65564945d8df3e6db347909ce749b23a5ceaa40b5bfbce825a1c78035ad60"",""reified_endpoint_sha256"":""9d75166c957de49226a016f8a64c1ef26fa5fb5aae4efed67a9ee6460103a803"",""update_endpoint_sha256"":""a8297913a408e55f541b6c7801716a469203e2ac506de1de3b4285a47b345bae"",""base_data_identity_sha256"":""8a988dc83f4082a4f27503ba2906dc6b8733b3c02be567635c726c67bbd48314"",""reified_data_identity_sha256"":""16162702ccec82b2a0e27063cd04bd756a27af1f003b4cef0da976d843ef4725"",""update_for"":""reified"",""access_mode"":""writable"",""base_data_name"":""exploratory-base"",""reified_data_name"":""exploratory-reified"",""update_canary_sha256"":""41997fb8640d9e765a0272879a63548eb9bd46bbf6e49da02b7c924e506b94f7"",""store_instance_sha256"":""735ac62b30e8a3e73b850ea02c7ab19c17b1289095d95961d66c9b3270bcea6a"",""store_discriminator_sha256"":""2e884d94ace185d62b1b91debf493ccd0a69b83d08e74cf5f1c2be4851b14215"",""tool_sha256"":""b38a65fc0c1a91e138f057f7b6c08d21c328463aceb40ffda53fc759f99d2f7a"",""java_runtime_sha256"":""bdd50c08a90e2fb713541b8a118df6250246a917edc41a6776aeafc90b472687"",""run_identity_sha256"":""38ca5dc11c0fab21b28217699b3738c7976491bff93fbdaaf25f3c2014c94573""}"
baf731844a65b830a95b2167d5a3b6b77d65abcd,oxigraph,Oxigraph [engines.json profile],100M,S,S2,00,e634c02fe199569fe27370dfeca74deef380542216b43766499daf6e48f0b7a5,B,base-select,ok,2689,9623.3,9623.3,9623.3,9623.3,0.0,0,1,90.0,128777,0.0,,,,,0.01253,[9623.327],[0.0],,[],,[],,[],r9.2-frozen-identity-v7,493405d4ce7fff401002bc7922df1b726711865fbe3eb40fcade4c3dcda32f21,csv-binding-multiset-v1,2689,3821bc4684da3d6d3bdcae2abd2064416b864c0eddf853f357fc56fe8b5465cc,,,,,,,,c9e65564945d8df3e6db347909ce749b23a5ceaa40b5bfbce825a1c78035ad60,9d75166c957de49226a016f8a64c1ef26fa5fb5aae4efed67a9ee6460103a803,a8297913a408e55f541b6c7801716a469203e2ac506de1de3b4285a47b345bae,8a988dc83f4082a4f27503ba2906dc6b8733b3c02be567635c726c67bbd48314,16162702ccec82b2a0e27063cd04bd756a27af1f003b4cef0da976d843ef4725,reified,writable,exploratory-base,exploratory-reified,41997fb8640d9e765a0272879a63548eb9bd46bbf6e49da02b7c924e506b94f7,735ac62b30e8a3e73b850ea02c7ab19c17b1289095d95961d66c9b3270bcea6a,2e884d94ace185d62b1b91debf493ccd0a69b83d08e74cf5f1c2be4851b14215,b38a65fc0c1a91e138f057f7b6c08d21c328463aceb40ffda53fc759f99d2f7a,bdd50c08a90e2fb713541b8a118df6250246a917edc41a6776aeafc90b472687,8054ff5f52b798f36f9f28373825df675ec301ec969059b1a08a00dec22a0249,"pcm-meta-v2:{""protocol"":""r9.2-frozen-identity-v7"",""message"":"""",""cell_wall_ms"":9644.26,""answer_kind"":""csv-binding-multiset-v1"",""answer_key_count"":2689,""answer_fingerprint"":""3821bc4684da3d6d3bdcae2abd2064416b864c0eddf853f357fc56fe8b5465cc"",""c_parse_samples"":[0.0],""c_protocol_samples"":[],""construct_total_samples"":[],""construct_unattributed_samples"":[],""status"":""ok"",""status_evidence"":null,""construction_requested"":null,""construction_effective"":null,""commit"":""baf731844a65b830a95b2167d5a3b6b77d65abcd"",""batch_id"":""493405d4ce7fff401002bc7922df1b726711865fbe3eb40fcade4c3dcda32f21"",""query_sha256"":""e634c02fe199569fe27370dfeca74deef380542216b43766499daf6e48f0b7a5"",""engine"":""oxigraph"",""engine_version"":""Oxigraph [engines.json profile]"",""scale"":""100M"",""base_endpoint_sha256"":""c9e65564945d8df3e6db347909ce749b23a5ceaa40b5bfbce825a1c78035ad60"",""reified_endpoint_sha256"":""9d75166c957de49226a016f8a64c1ef26fa5fb5aae4efed67a9ee6460103a803"",""update_endpoint_sha256"":""a8297913a408e55f541b6c7801716a469203e2ac506de1de3b4285a47b345bae"",""base_data_identity_sha256"":""8a988dc83f4082a4f27503ba2906dc6b8733b3c02be567635c726c67bbd48314"",""reified_data_identity_sha256"":""16162702ccec82b2a0e27063cd04bd756a27af1f003b4cef0da976d843ef4725"",""update_for"":""reified"",""access_mode"":""writable"",""base_data_name"":""exploratory-base"",""reified_data_name"":""exploratory-reified"",""update_canary_sha256"":""41997fb8640d9e765a0272879a63548eb9bd46bbf6e49da02b7c924e506b94f7"",""store_instance_sha256"":""735ac62b30e8a3e73b850ea02c7ab19c17b1289095d95961d66c9b3270bcea6a"",""store_discriminator_sha256"":""2e884d94ace185d62b1b91debf493ccd0a69b83d08e74cf5f1c2be4851b14215"",""tool_sha256"":""b38a65fc0c1a91e138f057f7b6c08d21c328463aceb40ffda53fc759f99d2f7a"",""java_runtime_sha256"":""bdd50c08a90e2fb713541b8a118df6250246a917edc41a6776aeafc90b472687"",""run_identity_sha256"":""8054ff5f52b798f36f9f28373825df675ec301ec969059b1a08a00dec22a0249""}"
baf731844a65b830a95b2167d5a3b6b77d65abcd,oxigraph,Oxigraph [engines.json profile],100M,S,S2,00,e634c02fe199569fe27370dfeca74deef380542216b43766499daf6e48f0b7a5,R,reification-only,ok,2689,87386.1,87386.1,87386.1,87386.1,0.0,0,1,90.0,128777,0.0,,,,,162.612376,[87386.057],[0.0],,[],,[],,[],r9.2-frozen-identity-v7,493405d4ce7fff401002bc7922df1b726711865fbe3eb40fcade4c3dcda32f21,csv-binding-multiset-v1,2689,3821bc4684da3d6d3bdcae2abd2064416b864c0eddf853f357fc56fe8b5465cc,,,,,,,,c9e65564945d8df3e6db347909ce749b23a5ceaa40b5bfbce825a1c78035ad60,9d75166c957de49226a016f8a64c1ef26fa5fb5aae4efed67a9ee6460103a803,a8297913a408e55f541b6c7801716a469203e2ac506de1de3b4285a47b345bae,8a988dc83f4082a4f27503ba2906dc6b8733b3c02be567635c726c67bbd48314,16162702ccec82b2a0e27063cd04bd756a27af1f003b4cef0da976d843ef4725,reified,writable,exploratory-base,exploratory-reified,41997fb8640d9e765a0272879a63548eb9bd46bbf6e49da02b7c924e506b94f7,735ac62b30e8a3e73b850ea02c7ab19c17b1289095d95961d66c9b3270bcea6a,2e884d94ace185d62b1b91debf493ccd0a69b83d08e74cf5f1c2be4851b14215,b38a65fc0c1a91e138f057f7b6c08d21c328463aceb40ffda53fc759f99d2f7a,bdd50c08a90e2fb713541b8a118df6250246a917edc41a6776aeafc90b472687,8054ff5f52b798f36f9f28373825df675ec301ec969059b1a08a00dec22a0249,"pcm-meta-v2:{""protocol"":""r9.2-frozen-identity-v7"",""message"":"""",""cell_wall_ms"":87565.89,""answer_kind"":""csv-binding-multiset-v1"",""answer_key_count"":2689,""answer_fingerprint"":""3821bc4684da3d6d3bdcae2abd2064416b864c0eddf853f357fc56fe8b5465cc"",""c_parse_samples"":[0.0],""c_protocol_samples"":[],""construct_total_samples"":[],""construct_unattributed_samples"":[],""status"":""ok"",""status_evidence"":null,""construction_requested"":null,""construction_effective"":null,""commit"":""baf731844a65b830a95b2167d5a3b6b77d65abcd"",""batch_id"":""493405d4ce7fff401002bc7922df1b726711865fbe3eb40fcade4c3dcda32f21"",""query_sha256"":""e634c02fe199569fe27370dfeca74deef380542216b43766499daf6e48f0b7a5"",""engine"":""oxigraph"",""engine_version"":""Oxigraph [engines.json profile]"",""scale"":""100M"",""base_endpoint_sha256"":""c9e65564945d8df3e6db347909ce749b23a5ceaa40b5bfbce825a1c78035ad60"",""reified_endpoint_sha256"":""9d75166c957de49226a016f8a64c1ef26fa5fb5aae4efed67a9ee6460103a803"",""update_endpoint_sha256"":""a8297913a408e55f541b6c7801716a469203e2ac506de1de3b4285a47b345bae"",""base_data_identity_sha256"":""8a988dc83f4082a4f27503ba2906dc6b8733b3c02be567635c726c67bbd48314"",""reified_data_identity_sha256"":""16162702ccec82b2a0e27063cd04bd756a27af1f003b4cef0da976d843ef4725"",""update_for"":""reified"",""access_mode"":""writable"",""base_data_name"":""exploratory-base"",""reified_data_name"":""exploratory-reified"",""update_canary_sha256"":""41997fb8640d9e765a0272879a63548eb9bd46bbf6e49da02b7c924e506b94f7"",""store_instance_sha256"":""735ac62b30e8a3e73b850ea02c7ab19c17b1289095d95961d66c9b3270bcea6a"",""store_discriminator_sha256"":""2e884d94ace185d62b1b91debf493ccd0a69b83d08e74cf5f1c2be4851b14215"",""tool_sha256"":""b38a65fc0c1a91e138f057f7b6c08d21c328463aceb40ffda53fc759f99d2f7a"",""java_runtime_sha256"":""bdd50c08a90e2fb713541b8a118df6250246a917edc41a6776aeafc90b472687"",""run_identity_sha256"":""8054ff5f52b798f36f9f28373825df675ec301ec969059b1a08a00dec22a0249""}"
baf731844a65b830a95b2167d5a3b6b77d65abcd,oxigraph,Oxigraph [engines.json profile],100M,S,S2,00,e634c02fe199569fe27370dfeca74deef380542216b43766499daf6e48f0b7a5,N,N_clean (NPCS reimplementation),timeout,,,,,,,0,1,90.0,,,,,,,188.67052,[],[],,[],,[],,[],r9.2-frozen-identity-v7,493405d4ce7fff401002bc7922df1b726711865fbe3eb40fcade4c3dcda32f21,,,,,,,,,,,c9e65564945d8df3e6db347909ce749b23a5ceaa40b5bfbce825a1c78035ad60,9d75166c957de49226a016f8a64c1ef26fa5fb5aae4efed67a9ee6460103a803,a8297913a408e55f541b6c7801716a469203e2ac506de1de3b4285a47b345bae,8a988dc83f4082a4f27503ba2906dc6b8733b3c02be567635c726c67bbd48314,16162702ccec82b2a0e27063cd04bd756a27af1f003b4cef0da976d843ef4725,reified,writable,exploratory-base,exploratory-reified,41997fb8640d9e765a0272879a63548eb9bd46bbf6e49da02b7c924e506b94f7,735ac62b30e8a3e73b850ea02c7ab19c17b1289095d95961d66c9b3270bcea6a,2e884d94ace185d62b1b91debf493ccd0a69b83d08e74cf5f1c2be4851b14215,b38a65fc0c1a91e138f057f7b6c08d21c328463aceb40ffda53fc759f99d2f7a,bdd50c08a90e2fb713541b8a118df6250246a917edc41a6776aeafc90b472687,8054ff5f52b798f36f9f28373825df675ec301ec969059b1a08a00dec22a0249,"pcm-meta-v2:{""protocol"":""r9.2-frozen-identity-v7"",""message"":""whole cell exceeded 90s hard deadline; worker reaped"",""cell_wall_ms"":90000.0,""c_parse_samples"":[],""c_protocol_samples"":[],""construct_total_samples"":[],""construct_unattributed_samples"":[],""status"":""timeout"",""status_evidence"":{""kind"":""hard-wall-deadline"",""message"":""whole cell exceeded 90s hard deadline; worker reaped""},""construction_requested"":null,""construction_effective"":null,""commit"":""baf731844a65b830a95b2167d5a3b6b77d65abcd"",""batch_id"":""493405d4ce7fff401002bc7922df1b726711865fbe3eb40fcade4c3dcda32f21"",""query_sha256"":""e634c02fe199569fe27370dfeca74deef380542216b43766499daf6e48f0b7a5"",""engine"":""oxigraph"",""engine_version"":""Oxigraph [engines.json profile]"",""scale"":""100M"",""base_endpoint_sha256"":""c9e65564945d8df3e6db347909ce749b23a5ceaa40b5bfbce825a1c78035ad60"",""reified_endpoint_sha256"":""9d75166c957de49226a016f8a64c1ef26fa5fb5aae4efed67a9ee6460103a803"",""update_endpoint_sha256"":""a8297913a408e55f541b6c7801716a469203e2ac506de1de3b4285a47b345bae"",""base_data_identity_sha256"":""8a988dc83f4082a4f27503ba2906dc6b8733b3c02be567635c726c67bbd48314"",""reified_data_identity_sha256"":""16162702ccec82b2a0e27063cd04bd756a27af1f003b4cef0da976d843ef4725"",""update_for"":""reified"",""access_mode"":""writable"",""base_data_name"":""exploratory-base"",""reified_data_name"":""exploratory-reified"",""update_canary_sha256"":""41997fb8640d9e765a0272879a63548eb9bd46bbf6e49da02b7c924e506b94f7"",""store_instance_sha256"":""735ac62b30e8a3e73b850ea02c7ab19c17b1289095d95961d66c9b3270bcea6a"",""store_discriminator_sha256"":""2e884d94ace185d62b1b91debf493ccd0a69b83d08e74cf5f1c2be4851b14215"",""tool_sha256"":""b38a65fc0c1a91e138f057f7b6c08d21c328463aceb40ffda53fc759f99d2f7a"",""java_runtime_sha256"":""bdd50c08a90e2fb713541b8a118df6250246a917edc41a6776aeafc90b472687"",""run_identity_sha256"":""8054ff5f52b798f36f9f28373825df675ec301ec969059b1a08a00dec22a0249""}"
baf731844a65b830a95b2167d5a3b6b77d65abcd,oxigraph,Oxigraph [engines.json profile],100M,S,S2,00,e634c02fe199569fe27370dfeca74deef380542216b43766499daf6e48f0b7a5,C,SPARQLcirc CircuitRewriter,timeout,,,,,,,0,1,90.0,,,,,,,373.670568,[],[],,[],,[],,[],r9.2-frozen-identity-v7,493405d4ce7fff401002bc7922df1b726711865fbe3eb40fcade4c3dcda32f21,,,,,,,,,,,c9e65564945d8df3e6db347909ce749b23a5ceaa40b5bfbce825a1c78035ad60,9d75166c957de49226a016f8a64c1ef26fa5fb5aae4efed67a9ee6460103a803,a8297913a408e55f541b6c7801716a469203e2ac506de1de3b4285a47b345bae,8a988dc83f4082a4f27503ba2906dc6b8733b3c02be567635c726c67bbd48314,16162702ccec82b2a0e27063cd04bd756a27af1f003b4cef0da976d843ef4725,reified,writable,exploratory-base,exploratory-reified,41997fb8640d9e765a0272879a63548eb9bd46bbf6e49da02b7c924e506b94f7,735ac62b30e8a3e73b850ea02c7ab19c17b1289095d95961d66c9b3270bcea6a,2e884d94ace185d62b1b91debf493ccd0a69b83d08e74cf5f1c2be4851b14215,b38a65fc0c1a91e138f057f7b6c08d21c328463aceb40ffda53fc759f99d2f7a,bdd50c08a90e2fb713541b8a118df6250246a917edc41a6776aeafc90b472687,8054ff5f52b798f36f9f28373825df675ec301ec969059b1a08a00dec22a0249,"pcm-meta-v2:{""protocol"":""r9.2-frozen-identity-v7"",""message"":""whole cell exceeded 90s hard deadline; worker reaped"",""cell_wall_ms"":90000.0,""c_parse_samples"":[],""c_protocol_samples"":[],""construct_total_samples"":[],""construct_unattributed_samples"":[],""status"":""timeout"",""status_evidence"":{""kind"":""hard-wall-deadline"",""message"":""whole cell exceeded 90s hard deadline; worker reaped""},""endpoint_lock"":{""wait_ms"":0.008,""lock_path"":""/tmp/sparqlcirc-r9-endpoint-locks-v7/735ac62b30e8a3e73b850ea02c7ab19c17b1289095d95961d66c9b3270bcea6a.lock""},""construction_requested"":null,""construction_effective"":null,""commit"":""baf731844a65b830a95b2167d5a3b6b77d65abcd"",""batch_id"":""493405d4ce7fff401002bc7922df1b726711865fbe3eb40fcade4c3dcda32f21"",""query_sha256"":""e634c02fe199569fe27370dfeca74deef380542216b43766499daf6e48f0b7a5"",""engine"":""oxigraph"",""engine_version"":""Oxigraph [engines.json profile]"",""scale"":""100M"",""base_endpoint_sha256"":""c9e65564945d8df3e6db347909ce749b23a5ceaa40b5bfbce825a1c78035ad60"",""reified_endpoint_sha256"":""9d75166c957de49226a016f8a64c1ef26fa5fb5aae4efed67a9ee6460103a803"",""update_endpoint_sha256"":""a8297913a408e55f541b6c7801716a469203e2ac506de1de3b4285a47b345bae"",""base_data_identity_sha256"":""8a988dc83f4082a4f27503ba2906dc6b8733b3c02be567635c726c67bbd48314"",""reified_data_identity_sha256"":""16162702ccec82b2a0e27063cd04bd756a27af1f003b4cef0da976d843ef4725"",""update_for"":""reified"",""access_mode"":""writable"",""base_data_name"":""exploratory-base"",""reified_data_name"":""exploratory-reified"",""update_canary_sha256"":""41997fb8640d9e765a0272879a63548eb9bd46bbf6e49da02b7c924e506b94f7"",""store_instance_sha256"":""735ac62b30e8a3e73b850ea02c7ab19c17b1289095d95961d66c9b3270bcea6a"",""store_discriminator_sha256"":""2e884d94ace185d62b1b91debf493ccd0a69b83d08e74cf5f1c2be4851b14215"",""tool_sha256"":""b38a65fc0c1a91e138f057f7b6c08d21c328463aceb40ffda53fc759f99d2f7a"",""java_runtime_sha256"":""bdd50c08a90e2fb713541b8a118df6250246a917edc41a6776aeafc90b472687"",""run_identity_sha256"":""8054ff5f52b798f36f9f28373825df675ec301ec969059b1a08a00dec22a0249""}"
baf731844a65b830a95b2167d5a3b6b77d65abcd,oxigraph,Oxigraph [engines.json profile],100M,S,S3,00,4e26d57d8fea5cd20a5edd26b3e286c7e2287bf17d8cbb9b1567590a068ac8f4,B,base-select,ok,3189,2973.2,2973.2,2973.2,2973.2,0.0,0,1,90.0,161277,0.0,,,,,0.007041,[2973.242],[0.0],,[],,[],,[],r9.2-frozen-identity-v7,493405d4ce7fff401002bc7922df1b726711865fbe3eb40fcade4c3dcda32f21,csv-binding-multiset-v1,3189,35984149227a2ed8b58d129bc6d8921efb843c6a851e5b1ec6f70b637d3bc416,,,,,,,,c9e65564945d8df3e6db347909ce749b23a5ceaa40b5bfbce825a1c78035ad60,9d75166c957de49226a016f8a64c1ef26fa5fb5aae4efed67a9ee6460103a803,a8297913a408e55f541b6c7801716a469203e2ac506de1de3b4285a47b345bae,8a988dc83f4082a4f27503ba2906dc6b8733b3c02be567635c726c67bbd48314,16162702ccec82b2a0e27063cd04bd756a27af1f003b4cef0da976d843ef4725,reified,writable,exploratory-base,exploratory-reified,41997fb8640d9e765a0272879a63548eb9bd46bbf6e49da02b7c924e506b94f7,735ac62b30e8a3e73b850ea02c7ab19c17b1289095d95961d66c9b3270bcea6a,2e884d94ace185d62b1b91debf493ccd0a69b83d08e74cf5f1c2be4851b14215,b38a65fc0c1a91e138f057f7b6c08d21c328463aceb40ffda53fc759f99d2f7a,bdd50c08a90e2fb713541b8a118df6250246a917edc41a6776aeafc90b472687,d727b62d79e3f2cfa07eb816ecd7b4e9e19c46a92db737cdd185f734357ea6c7,"pcm-meta-v2:{""protocol"":""r9.2-frozen-identity-v7"",""message"":"""",""cell_wall_ms"":2990.62,""answer_kind"":""csv-binding-multiset-v1"",""answer_key_count"":3189,""answer_fingerprint"":""35984149227a2ed8b58d129bc6d8921efb843c6a851e5b1ec6f70b637d3bc416"",""c_parse_samples"":[0.0],""c_protocol_samples"":[],""construct_total_samples"":[],""construct_unattributed_samples"":[],""status"":""ok"",""status_evidence"":null,""construction_requested"":null,""construction_effective"":null,""commit"":""baf731844a65b830a95b2167d5a3b6b77d65abcd"",""batch_id"":""493405d4ce7fff401002bc7922df1b726711865fbe3eb40fcade4c3dcda32f21"",""query_sha256"":""4e26d57d8fea5cd20a5edd26b3e286c7e2287bf17d8cbb9b1567590a068ac8f4"",""engine"":""oxigraph"",""engine_version"":""Oxigraph [engines.json profile]"",""scale"":""100M"",""base_endpoint_sha256"":""c9e65564945d8df3e6db347909ce749b23a5ceaa40b5bfbce825a1c78035ad60"",""reified_endpoint_sha256"":""9d75166c957de49226a016f8a64c1ef26fa5fb5aae4efed67a9ee6460103a803"",""update_endpoint_sha256"":""a8297913a408e55f541b6c7801716a469203e2ac506de1de3b4285a47b345bae"",""base_data_identity_sha256"":""8a988dc83f4082a4f27503ba2906dc6b8733b3c02be567635c726c67bbd48314"",""reified_data_identity_sha256"":""16162702ccec82b2a0e27063cd04bd756a27af1f003b4cef0da976d843ef4725"",""update_for"":""reified"",""access_mode"":""writable"",""base_data_name"":""exploratory-base"",""reified_data_name"":""exploratory-reified"",""update_canary_sha256"":""41997fb8640d9e765a0272879a63548eb9bd46bbf6e49da02b7c924e506b94f7"",""store_instance_sha256"":""735ac62b30e8a3e73b850ea02c7ab19c17b1289095d95961d66c9b3270bcea6a"",""store_discriminator_sha256"":""2e884d94ace185d62b1b91debf493ccd0a69b83d08e74cf5f1c2be4851b14215"",""tool_sha256"":""b38a65fc0c1a91e138f057f7b6c08d21c328463aceb40ffda53fc759f99d2f7a"",""java_runtime_sha256"":""bdd50c08a90e2fb713541b8a118df6250246a917edc41a6776aeafc90b472687"",""run_identity_sha256"":""d727b62d79e3f2cfa07eb816ecd7b4e9e19c46a92db737cdd185f734357ea6c7""}"
baf731844a65b830a95b2167d5a3b6b77d65abcd,oxigraph,Oxigraph [engines.json profile],100M,S,S3,00,4e26d57d8fea5cd20a5edd26b3e286c7e2287bf17d8cbb9b1567590a068ac8f4,R,reification-only,ok,3189,30241.6,30241.6,30241.6,30241.6,0.0,0,1,90.0,161277,0.0,,,,,150.290106,[30241.644],[0.0],,[],,[],,[],r9.2-frozen-identity-v7,493405d4ce7fff401002bc7922df1b726711865fbe3eb40fcade4c3dcda32f21,csv-binding-multiset-v1,3189,35984149227a2ed8b58d129bc6d8921efb843c6a851e5b1ec6f70b637d3bc416,,,,,,,,c9e65564945d8df3e6db347909ce749b23a5ceaa40b5bfbce825a1c78035ad60,9d75166c957de49226a016f8a64c1ef26fa5fb5aae4efed67a9ee6460103a803,a8297913a408e55f541b6c7801716a469203e2ac506de1de3b4285a47b345bae,8a988dc83f4082a4f27503ba2906dc6b8733b3c02be567635c726c67bbd48314,16162702ccec82b2a0e27063cd04bd756a27af1f003b4cef0da976d843ef4725,reified,writable,exploratory-base,exploratory-reified,41997fb8640d9e765a0272879a63548eb9bd46bbf6e49da02b7c924e506b94f7,735ac62b30e8a3e73b850ea02c7ab19c17b1289095d95961d66c9b3270bcea6a,2e884d94ace185d62b1b91debf493ccd0a69b83d08e74cf5f1c2be4851b14215,b38a65fc0c1a91e138f057f7b6c08d21c328463aceb40ffda53fc759f99d2f7a,bdd50c08a90e2fb713541b8a118df6250246a917edc41a6776aeafc90b472687,d727b62d79e3f2cfa07eb816ecd7b4e9e19c46a92db737cdd185f734357ea6c7,"pcm-meta-v2:{""protocol"":""r9.2-frozen-identity-v7"",""message"":"""",""cell_wall_ms"":30411.998,""answer_kind"":""csv-binding-multiset-v1"",""answer_key_count"":3189,""answer_fingerprint"":""35984149227a2ed8b58d129bc6d8921efb843c6a851e5b1ec6f70b637d3bc416"",""c_parse_samples"":[0.0],""c_protocol_samples"":[],""construct_total_samples"":[],""construct_unattributed_samples"":[],""status"":""ok"",""status_evidence"":null,""construction_requested"":null,""construction_effective"":null,""commit"":""baf731844a65b830a95b2167d5a3b6b77d65abcd"",""batch_id"":""493405d4ce7fff401002bc7922df1b726711865fbe3eb40fcade4c3dcda32f21"",""query_sha256"":""4e26d57d8fea5cd20a5edd26b3e286c7e2287bf17d8cbb9b1567590a068ac8f4"",""engine"":""oxigraph"",""engine_version"":""Oxigraph [engines.json profile]"",""scale"":""100M"",""base_endpoint_sha256"":""c9e65564945d8df3e6db347909ce749b23a5ceaa40b5bfbce825a1c78035ad60"",""reified_endpoint_sha256"":""9d75166c957de49226a016f8a64c1ef26fa5fb5aae4efed67a9ee6460103a803"",""update_endpoint_sha256"":""a8297913a408e55f541b6c7801716a469203e2ac506de1de3b4285a47b345bae"",""base_data_identity_sha256"":""8a988dc83f4082a4f27503ba2906dc6b8733b3c02be567635c726c67bbd48314"",""reified_data_identity_sha256"":""16162702ccec82b2a0e27063cd04bd756a27af1f003b4cef0da976d843ef4725"",""update_for"":""reified"",""access_mode"":""writable"",""base_data_name"":""exploratory-base"",""reified_data_name"":""exploratory-reified"",""update_canary_sha256"":""41997fb8640d9e765a0272879a63548eb9bd46bbf6e49da02b7c924e506b94f7"",""store_instance_sha256"":""735ac62b30e8a3e73b850ea02c7ab19c17b1289095d95961d66c9b3270bcea6a"",""store_discriminator_sha256"":""2e884d94ace185d62b1b91debf493ccd0a69b83d08e74cf5f1c2be4851b14215"",""tool_sha256"":""b38a65fc0c1a91e138f057f7b6c08d21c328463aceb40ffda53fc759f99d2f7a"",""java_runtime_sha256"":""bdd50c08a90e2fb713541b8a118df6250246a917edc41a6776aeafc90b472687"",""run_identity_sha256"":""d727b62d79e3f2cfa07eb816ecd7b4e9e19c46a92db737cdd185f734357ea6c7""}"
baf731844a65b830a95b2167d5a3b6b77d65abcd,oxigraph,Oxigraph [engines.json profile],100M,S,S3,00,4e26d57d8fea5cd20a5edd26b3e286c7e2287bf17d8cbb9b1567590a068ac8f4,N,N_clean (NPCS reimplementation),ok,1346,21869.2,21869.2,21869.2,21869.2,0.0,0,1,90.0,278441,0.0,,,,3189,197.941843,[21869.206],[0.0],,[],,[],,[],r9.2-frozen-identity-v7,493405d4ce7fff401002bc7922df1b726711865fbe3eb40fcade4c3dcda32f21,csv-candidate-multiset-v1,1346,e2445be1b5ccfe411ec0470a98da5a44dc772032894f0af390cb36736f0f7fe1,,,,,,,,c9e65564945d8df3e6db347909ce749b23a5ceaa40b5bfbce825a1c78035ad60,9d75166c957de49226a016f8a64c1ef26fa5fb5aae4efed67a9ee6460103a803,a8297913a408e55f541b6c7801716a469203e2ac506de1de3b4285a47b345bae,8a988dc83f4082a4f27503ba2906dc6b8733b3c02be567635c726c67bbd48314,16162702ccec82b2a0e27063cd04bd756a27af1f003b4cef0da976d843ef4725,reified,writable,exploratory-base,exploratory-reified,41997fb8640d9e765a0272879a63548eb9bd46bbf6e49da02b7c924e506b94f7,735ac62b30e8a3e73b850ea02c7ab19c17b1289095d95961d66c9b3270bcea6a,2e884d94ace185d62b1b91debf493ccd0a69b83d08e74cf5f1c2be4851b14215,b38a65fc0c1a91e138f057f7b6c08d21c328463aceb40ffda53fc759f99d2f7a,bdd50c08a90e2fb713541b8a118df6250246a917edc41a6776aeafc90b472687,d727b62d79e3f2cfa07eb816ecd7b4e9e19c46a92db737cdd185f734357ea6c7,"pcm-meta-v2:{""protocol"":""r9.2-frozen-identity-v7"",""message"":"""",""cell_wall_ms"":22091.172,""answer_kind"":""csv-candidate-multiset-v1"",""answer_key_count"":1346,""answer_fingerprint"":""e2445be1b5ccfe411ec0470a98da5a44dc772032894f0af390cb36736f0f7fe1"",""c_parse_samples"":[0.0],""c_protocol_samples"":[],""construct_total_samples"":[],""construct_unattributed_samples"":[],""status"":""ok"",""status_evidence"":null,""construction_requested"":null,""construction_effective"":null,""commit"":""baf731844a65b830a95b2167d5a3b6b77d65abcd"",""batch_id"":""493405d4ce7fff401002bc7922df1b726711865fbe3eb40fcade4c3dcda32f21"",""query_sha256"":""4e26d57d8fea5cd20a5edd26b3e286c7e2287bf17d8cbb9b1567590a068ac8f4"",""engine"":""oxigraph"",""engine_version"":""Oxigraph [engines.json profile]"",""scale"":""100M"",""base_endpoint_sha256"":""c9e65564945d8df3e6db347909ce749b23a5ceaa40b5bfbce825a1c78035ad60"",""reified_endpoint_sha256"":""9d75166c957de49226a016f8a64c1ef26fa5fb5aae4efed67a9ee6460103a803"",""update_endpoint_sha256"":""a8297913a408e55f541b6c7801716a469203e2ac506de1de3b4285a47b345bae"",""base_data_identity_sha256"":""8a988dc83f4082a4f27503ba2906dc6b8733b3c02be567635c726c67bbd48314"",""reified_data_identity_sha256"":""16162702ccec82b2a0e27063cd04bd756a27af1f003b4cef0da976d843ef4725"",""update_for"":""reified"",""access_mode"":""writable"",""base_data_name"":""exploratory-base"",""reified_data_name"":""exploratory-reified"",""update_canary_sha256"":""41997fb8640d9e765a0272879a63548eb9bd46bbf6e49da02b7c924e506b94f7"",""store_instance_sha256"":""735ac62b30e8a3e73b850ea02c7ab19c17b1289095d95961d66c9b3270bcea6a"",""store_discriminator_sha256"":""2e884d94ace185d62b1b91debf493ccd0a69b83d08e74cf5f1c2be4851b14215"",""tool_sha256"":""b38a65fc0c1a91e138f057f7b6c08d21c328463aceb40ffda53fc759f99d2f7a"",""java_runtime_sha256"":""bdd50c08a90e2fb713541b8a118df6250246a917edc41a6776aeafc90b472687"",""run_identity_sha256"":""d727b62d79e3f2cfa07eb816ecd7b4e9e19c46a92db737cdd185f734357ea6c7""}"
baf731844a65b830a95b2167d5a3b6b77d65abcd,oxigraph,Oxigraph [engines.json profile],100M,S,S3,00,4e26d57d8fea5cd20a5edd26b3e286c7e2287bf17d8cbb9b1567590a068ac8f4,C,SPARQLcirc CircuitRewriter,ok,1346,21673.9,21673.9,21673.9,21673.9,0.0,0,1,90.0,3406427,392.7,4535,15945,3189,,384.546178,[21673.862],[392.67],0.0,[0.0],22070.6,[22070.628],4.1,[4.096],r9.2-frozen-identity-v7,493405d4ce7fff401002bc7922df1b726711865fbe3eb40fcade4c3dcda32f21,term-aware-candidate-set-v1,1346,046c3e4d544ee396657a81a7681d3f77b7c4dc743ada2401609f95d837875ae0,flat,flat,2f90cd70f75287781045d063ebb9c414a78c29415519b371647fb146b01055b0,,,,,c9e65564945d8df3e6db347909ce749b23a5ceaa40b5bfbce825a1c78035ad60,9d75166c957de49226a016f8a64c1ef26fa5fb5aae4efed67a9ee6460103a803,a8297913a408e55f541b6c7801716a469203e2ac506de1de3b4285a47b345bae,8a988dc83f4082a4f27503ba2906dc6b8733b3c02be567635c726c67bbd48314,16162702ccec82b2a0e27063cd04bd756a27af1f003b4cef0da976d843ef4725,reified,writable,exploratory-base,exploratory-reified,41997fb8640d9e765a0272879a63548eb9bd46bbf6e49da02b7c924e506b94f7,735ac62b30e8a3e73b850ea02c7ab19c17b1289095d95961d66c9b3270bcea6a,2e884d94ace185d62b1b91debf493ccd0a69b83d08e74cf5f1c2be4851b14215,b38a65fc0c1a91e138f057f7b6c08d21c328463aceb40ffda53fc759f99d2f7a,bdd50c08a90e2fb713541b8a118df6250246a917edc41a6776aeafc90b472687,d727b62d79e3f2cfa07eb816ecd7b4e9e19c46a92db737cdd185f734357ea6c7,"pcm-meta-v2:{""protocol"":""r9.2-frozen-identity-v7"",""message"":""C requested=flat effective=flat; steps=1 feedback=0; network includes CONSTRUCT, feedback INSERT, and cleanup DELETE"",""cell_wall_ms"":22463.157,""answer_kind"":""term-aware-candidate-set-v1"",""answer_key_count"":1346,""answer_fingerprint"":""046c3e4d544ee396657a81a7681d3f77b7c4dc743ada2401609f95d837875ae0"",""c_parse_samples"":[392.67],""c_protocol_samples"":[{""requested_mode"":""flat"",""effective_mode"":""flat"",""fallback_reason"":null,""plan_steps"":1,""feedback_steps"":0,""feedback_triples"":0,""construct_query_ms"":21673.862,""feedback_update_ms"":0.0,""cleanup_ms"":0.0,""client_protocol_ms"":0.0,""network_scope"":""construct+feedback+cleanup"",""circuit_sha256"":""2f90cd70f75287781045d063ebb9c414a78c29415519b371647fb146b01055b0"",""answer_fingerprint"":""046c3e4d544ee396657a81a7681d3f77b7c4dc743ada2401609f95d837875ae0"",""semantic_signature_sha256"":""0107392c62101a28758d824d2fa0be2a240316b750c111c9306e2fb6464d3983"",""structure_signature"":{""gates"":4535,""edges"":15945,""answers"":1346,""derivations"":3189,""canonical_bytes"":3406427},""construct_total_ms"":22070.628,""client_unattributed_ms"":4.096}],""construct_total_samples"":[22070.628],""construct_unattributed_samples"":[4.096],""status"":""ok"",""status_evidence"":null,""c_warmup_signatures"":[],""measured_semantic_signature_sha256"":""0107392c62101a28758d824d2fa0be2a240316b750c111c9306e2fb6464d3983"",""measured_repetitions_consistent"":true,""endpoint_lock"":{""wait_ms"":0.012,""lock_path"":""/tmp/sparqlcirc-r9-endpoint-locks-v7/735ac62b30e8a3e73b850ea02c7ab19c17b1289095d95961d66c9b3270bcea6a.lock""},""construction_requested"":""flat"",""construction_effective"":""flat"",""commit"":""baf731844a65b830a95b2167d5a3b6b77d65abcd"",""batch_id"":""493405d4ce7fff401002bc7922df1b726711865fbe3eb40fcade4c3dcda32f21"",""query_sha256"":""4e26d57d8fea5cd20a5edd26b3e286c7e2287bf17d8cbb9b1567590a068ac8f4"",""engine"":""oxigraph"",""engine_version"":""Oxigraph [engines.json profile]"",""scale"":""100M"",""base_endpoint_sha256"":""c9e65564945d8df3e6db347909ce749b23a5ceaa40b5bfbce825a1c78035ad60"",""reified_endpoint_sha256"":""9d75166c957de49226a016f8a64c1ef26fa5fb5aae4efed67a9ee6460103a803"",""update_endpoint_sha256"":""a8297913a408e55f541b6c7801716a469203e2ac506de1de3b4285a47b345bae"",""base_data_identity_sha256"":""8a988dc83f4082a4f27503ba2906dc6b8733b3c02be567635c726c67bbd48314"",""reified_data_identity_sha256"":""16162702ccec82b2a0e27063cd04bd756a27af1f003b4cef0da976d843ef4725"",""update_for"":""reified"",""access_mode"":""writable"",""base_data_name"":""exploratory-base"",""reified_data_name"":""exploratory-reified"",""update_canary_sha256"":""41997fb8640d9e765a0272879a63548eb9bd46bbf6e49da02b7c924e506b94f7"",""store_instance_sha256"":""735ac62b30e8a3e73b850ea02c7ab19c17b1289095d95961d66c9b3270bcea6a"",""store_discriminator_sha256"":""2e884d94ace185d62b1b91debf493ccd0a69b83d08e74cf5f1c2be4851b14215"",""tool_sha256"":""b38a65fc0c1a91e138f057f7b6c08d21c328463aceb40ffda53fc759f99d2f7a"",""java_runtime_sha256"":""bdd50c08a90e2fb713541b8a118df6250246a917edc41a6776aeafc90b472687"",""run_identity_sha256"":""d727b62d79e3f2cfa07eb816ecd7b4e9e19c46a92db737cdd185f734357ea6c7""}"
baf731844a65b830a95b2167d5a3b6b77d65abcd,oxigraph,Oxigraph [engines.json profile],100M,S,S4,00,671868a81e6d66a398f91366390ceb3c4102f83d22f474a36fa5bf19079fedde,B,base-select,ok,2,4907.9,4907.9,4907.9,4907.9,0.0,0,1,90.0,218,0.0,,,,,0.008821,[4907.931],[0.0],,[],,[],,[],r9.2-frozen-identity-v7,493405d4ce7fff401002bc7922df1b726711865fbe3eb40fcade4c3dcda32f21,csv-binding-multiset-v1,2,289795ce7cf95571c5a8ae8526754c12283ef3185e71bcc78b69ed92bd6a9e79,,,,,,,,c9e65564945d8df3e6db347909ce749b23a5ceaa40b5bfbce825a1c78035ad60,9d75166c957de49226a016f8a64c1ef26fa5fb5aae4efed67a9ee6460103a803,a8297913a408e55f541b6c7801716a469203e2ac506de1de3b4285a47b345bae,8a988dc83f4082a4f27503ba2906dc6b8733b3c02be567635c726c67bbd48314,16162702ccec82b2a0e27063cd04bd756a27af1f003b4cef0da976d843ef4725,reified,writable,exploratory-base,exploratory-reified,41997fb8640d9e765a0272879a63548eb9bd46bbf6e49da02b7c924e506b94f7,735ac62b30e8a3e73b850ea02c7ab19c17b1289095d95961d66c9b3270bcea6a,2e884d94ace185d62b1b91debf493ccd0a69b83d08e74cf5f1c2be4851b14215,b38a65fc0c1a91e138f057f7b6c08d21c328463aceb40ffda53fc759f99d2f7a,bdd50c08a90e2fb713541b8a118df6250246a917edc41a6776aeafc90b472687,cbac2a4272990947cac54a818b7e448e7b41c7eb2d8c463fe51fe270da2ba8cc,"pcm-meta-v2:{""protocol"":""r9.2-frozen-identity-v7"",""message"":"""",""cell_wall_ms"":4914.664,""answer_kind"":""csv-binding-multiset-v1"",""answer_key_count"":2,""answer_fingerprint"":""289795ce7cf95571c5a8ae8526754c12283ef3185e71bcc78b69ed92bd6a9e79"",""c_parse_samples"":[0.0],""c_protocol_samples"":[],""construct_total_samples"":[],""construct_unattributed_samples"":[],""status"":""ok"",""status_evidence"":null,""construction_requested"":null,""construction_effective"":null,""commit"":""baf731844a65b830a95b2167d5a3b6b77d65abcd"",""batch_id"":""493405d4ce7fff401002bc7922df1b726711865fbe3eb40fcade4c3dcda32f21"",""query_sha256"":""671868a81e6d66a398f91366390ceb3c4102f83d22f474a36fa5bf19079fedde"",""engine"":""oxigraph"",""engine_version"":""Oxigraph [engines.json profile]"",""scale"":""100M"",""base_endpoint_sha256"":""c9e65564945d8df3e6db347909ce749b23a5ceaa40b5bfbce825a1c78035ad60"",""reified_endpoint_sha256"":""9d75166c957de49226a016f8a64c1ef26fa5fb5aae4efed67a9ee6460103a803"",""update_endpoint_sha256"":""a8297913a408e55f541b6c7801716a469203e2ac506de1de3b4285a47b345bae"",""base_data_identity_sha256"":""8a988dc83f4082a4f27503ba2906dc6b8733b3c02be567635c726c67bbd48314"",""reified_data_identity_sha256"":""16162702ccec82b2a0e27063cd04bd756a27af1f003b4cef0da976d843ef4725"",""update_for"":""reified"",""access_mode"":""writable"",""base_data_name"":""exploratory-base"",""reified_data_name"":""exploratory-reified"",""update_canary_sha256"":""41997fb8640d9e765a0272879a63548eb9bd46bbf6e49da02b7c924e506b94f7"",""store_instance_sha256"":""735ac62b30e8a3e73b850ea02c7ab19c17b1289095d95961d66c9b3270bcea6a"",""store_discriminator_sha256"":""2e884d94ace185d62b1b91debf493ccd0a69b83d08e74cf5f1c2be4851b14215"",""tool_sha256"":""b38a65fc0c1a91e138f057f7b6c08d21c328463aceb40ffda53fc759f99d2f7a"",""java_runtime_sha256"":""bdd50c08a90e2fb713541b8a118df6250246a917edc41a6776aeafc90b472687"",""run_identity_sha256"":""cbac2a4272990947cac54a818b7e448e7b41c7eb2d8c463fe51fe270da2ba8cc""}"
baf731844a65b830a95b2167d5a3b6b77d65abcd,oxigraph,Oxigraph [engines.json profile],100M,S,S4,00,671868a81e6d66a398f91366390ceb3c4102f83d22f474a36fa5bf19079fedde,R,reification-only,ok,2,51217.5,51217.5,51217.5,51217.5,0.0,0,1,90.0,218,0.0,,,,,205.142748,[51217.495],[0.0],,[],,[],,[],r9.2-frozen-identity-v7,493405d4ce7fff401002bc7922df1b726711865fbe3eb40fcade4c3dcda32f21,csv-binding-multiset-v1,2,289795ce7cf95571c5a8ae8526754c12283ef3185e71bcc78b69ed92bd6a9e79,,,,,,,,c9e65564945d8df3e6db347909ce749b23a5ceaa40b5bfbce825a1c78035ad60,9d75166c957de49226a016f8a64c1ef26fa5fb5aae4efed67a9ee6460103a803,a8297913a408e55f541b6c7801716a469203e2ac506de1de3b4285a47b345bae,8a988dc83f4082a4f27503ba2906dc6b8733b3c02be567635c726c67bbd48314,16162702ccec82b2a0e27063cd04bd756a27af1f003b4cef0da976d843ef4725,reified,writable,exploratory-base,exploratory-reified,41997fb8640d9e765a0272879a63548eb9bd46bbf6e49da02b7c924e506b94f7,735ac62b30e8a3e73b850ea02c7ab19c17b1289095d95961d66c9b3270bcea6a,2e884d94ace185d62b1b91debf493ccd0a69b83d08e74cf5f1c2be4851b14215,b38a65fc0c1a91e138f057f7b6c08d21c328463aceb40ffda53fc759f99d2f7a,bdd50c08a90e2fb713541b8a118df6250246a917edc41a6776aeafc90b472687,cbac2a4272990947cac54a818b7e448e7b41c7eb2d8c463fe51fe270da2ba8cc,"pcm-meta-v2:{""protocol"":""r9.2-frozen-identity-v7"",""message"":"""",""cell_wall_ms"":51431.375,""answer_kind"":""csv-binding-multiset-v1"",""answer_key_count"":2,""answer_fingerprint"":""289795ce7cf95571c5a8ae8526754c12283ef3185e71bcc78b69ed92bd6a9e79"",""c_parse_samples"":[0.0],""c_protocol_samples"":[],""construct_total_samples"":[],""construct_unattributed_samples"":[],""status"":""ok"",""status_evidence"":null,""construction_requested"":null,""construction_effective"":null,""commit"":""baf731844a65b830a95b2167d5a3b6b77d65abcd"",""batch_id"":""493405d4ce7fff401002bc7922df1b726711865fbe3eb40fcade4c3dcda32f21"",""query_sha256"":""671868a81e6d66a398f91366390ceb3c4102f83d22f474a36fa5bf19079fedde"",""engine"":""oxigraph"",""engine_version"":""Oxigraph [engines.json profile]"",""scale"":""100M"",""base_endpoint_sha256"":""c9e65564945d8df3e6db347909ce749b23a5ceaa40b5bfbce825a1c78035ad60"",""reified_endpoint_sha256"":""9d75166c957de49226a016f8a64c1ef26fa5fb5aae4efed67a9ee6460103a803"",""update_endpoint_sha256"":""a8297913a408e55f541b6c7801716a469203e2ac506de1de3b4285a47b345bae"",""base_data_identity_sha256"":""8a988dc83f4082a4f27503ba2906dc6b8733b3c02be567635c726c67bbd48314"",""reified_data_identity_sha256"":""16162702ccec82b2a0e27063cd04bd756a27af1f003b4cef0da976d843ef4725"",""update_for"":""reified"",""access_mode"":""writable"",""base_data_name"":""exploratory-base"",""reified_data_name"":""exploratory-reified"",""update_canary_sha256"":""41997fb8640d9e765a0272879a63548eb9bd46bbf6e49da02b7c924e506b94f7"",""store_instance_sha256"":""735ac62b30e8a3e73b850ea02c7ab19c17b1289095d95961d66c9b3270bcea6a"",""store_discriminator_sha256"":""2e884d94ace185d62b1b91debf493ccd0a69b83d08e74cf5f1c2be4851b14215"",""tool_sha256"":""b38a65fc0c1a91e138f057f7b6c08d21c328463aceb40ffda53fc759f99d2f7a"",""java_runtime_sha256"":""bdd50c08a90e2fb713541b8a118df6250246a917edc41a6776aeafc90b472687"",""run_identity_sha256"":""cbac2a4272990947cac54a818b7e448e7b41c7eb2d8c463fe51fe270da2ba8cc""}"
baf731844a65b830a95b2167d5a3b6b77d65abcd,oxigraph,Oxigraph [engines.json profile],100M,S,S4,00,671868a81e6d66a398f91366390ceb3c4102f83d22f474a36fa5bf19079fedde,N,N_clean (NPCS reimplementation),ok,2,80646.6,80646.6,80646.6,80646.6,0.0,0,1,90.0,386,0.0,,,,2,192.582609,[80646.589],[0.0],,[],,[],,[],r9.2-frozen-identity-v7,493405d4ce7fff401002bc7922df1b726711865fbe3eb40fcade4c3dcda32f21,csv-candidate-multiset-v1,2,289795ce7cf95571c5a8ae8526754c12283ef3185e71bcc78b69ed92bd6a9e79,,,,,,,,c9e65564945d8df3e6db347909ce749b23a5ceaa40b5bfbce825a1c78035ad60,9d75166c957de49226a016f8a64c1ef26fa5fb5aae4efed67a9ee6460103a803,a8297913a408e55f541b6c7801716a469203e2ac506de1de3b4285a47b345bae,8a988dc83f4082a4f27503ba2906dc6b8733b3c02be567635c726c67bbd48314,16162702ccec82b2a0e27063cd04bd756a27af1f003b4cef0da976d843ef4725,reified,writable,exploratory-base,exploratory-reified,41997fb8640d9e765a0272879a63548eb9bd46bbf6e49da02b7c924e506b94f7,735ac62b30e8a3e73b850ea02c7ab19c17b1289095d95961d66c9b3270bcea6a,2e884d94ace185d62b1b91debf493ccd0a69b83d08e74cf5f1c2be4851b14215,b38a65fc0c1a91e138f057f7b6c08d21c328463aceb40ffda53fc759f99d2f7a,bdd50c08a90e2fb713541b8a118df6250246a917edc41a6776aeafc90b472687,cbac2a4272990947cac54a818b7e448e7b41c7eb2d8c463fe51fe270da2ba8cc,"pcm-meta-v2:{""protocol"":""r9.2-frozen-identity-v7"",""message"":"""",""cell_wall_ms"":80845.5,""answer_kind"":""csv-candidate-multiset-v1"",""answer_key_count"":2,""answer_fingerprint"":""289795ce7cf95571c5a8ae8526754c12283ef3185e71bcc78b69ed92bd6a9e79"",""c_parse_samples"":[0.0],""c_protocol_samples"":[],""construct_total_samples"":[],""construct_unattributed_samples"":[],""status"":""ok"",""status_evidence"":null,""construction_requested"":null,""construction_effective"":null,""commit"":""baf731844a65b830a95b2167d5a3b6b77d65abcd"",""batch_id"":""493405d4ce7fff401002bc7922df1b726711865fbe3eb40fcade4c3dcda32f21"",""query_sha256"":""671868a81e6d66a398f91366390ceb3c4102f83d22f474a36fa5bf19079fedde"",""engine"":""oxigraph"",""engine_version"":""Oxigraph [engines.json profile]"",""scale"":""100M"",""base_endpoint_sha256"":""c9e65564945d8df3e6db347909ce749b23a5ceaa40b5bfbce825a1c78035ad60"",""reified_endpoint_sha256"":""9d75166c957de49226a016f8a64c1ef26fa5fb5aae4efed67a9ee6460103a803"",""update_endpoint_sha256"":""a8297913a408e55f541b6c7801716a469203e2ac506de1de3b4285a47b345bae"",""base_data_identity_sha256"":""8a988dc83f4082a4f27503ba2906dc6b8733b3c02be567635c726c67bbd48314"",""reified_data_identity_sha256"":""16162702ccec82b2a0e27063cd04bd756a27af1f003b4cef0da976d843ef4725"",""update_for"":""reified"",""access_mode"":""writable"",""base_data_name"":""exploratory-base"",""reified_data_name"":""exploratory-reified"",""update_canary_sha256"":""41997fb8640d9e765a0272879a63548eb9bd46bbf6e49da02b7c924e506b94f7"",""store_instance_sha256"":""735ac62b30e8a3e73b850ea02c7ab19c17b1289095d95961d66c9b3270bcea6a"",""store_discriminator_sha256"":""2e884d94ace185d62b1b91debf493ccd0a69b83d08e74cf5f1c2be4851b14215"",""tool_sha256"":""b38a65fc0c1a91e138f057f7b6c08d21c328463aceb40ffda53fc759f99d2f7a"",""java_runtime_sha256"":""bdd50c08a90e2fb713541b8a118df6250246a917edc41a6776aeafc90b472687"",""run_identity_sha256"":""cbac2a4272990947cac54a818b7e448e7b41c7eb2d8c463fe51fe270da2ba8cc""}"
baf731844a65b830a95b2167d5a3b6b77d65abcd,oxigraph,Oxigraph [engines.json profile],100M,S,S4,00,671868a81e6d66a398f91366390ceb3c4102f83d22f474a36fa5bf19079fedde,C,SPARQLcirc CircuitRewriter,ok,2,78575.0,78575.0,78575.0,78575.0,0.0,0,1,90.0,4730,1.0,4,10,2,,367.58517,[78574.965],[0.978],0.0,[0.0],78576.5,[78576.476],0.5,[0.534],r9.2-frozen-identity-v7,493405d4ce7fff401002bc7922df1b726711865fbe3eb40fcade4c3dcda32f21,term-aware-candidate-set-v1,2,00cb054d0def9a4da718414f63058bd6d4dc4bc098d52711332ec908685976bd,flat,flat,e1f3c8186d5d6df8a918e15d3a487be850e2245b62f59802e1c3582ccb632304,,,,,c9e65564945d8df3e6db347909ce749b23a5ceaa40b5bfbce825a1c78035ad60,9d75166c957de49226a016f8a64c1ef26fa5fb5aae4efed67a9ee6460103a803,a8297913a408e55f541b6c7801716a469203e2ac506de1de3b4285a47b345bae,8a988dc83f4082a4f27503ba2906dc6b8733b3c02be567635c726c67bbd48314,16162702ccec82b2a0e27063cd04bd756a27af1f003b4cef0da976d843ef4725,reified,writable,exploratory-base,exploratory-reified,41997fb8640d9e765a0272879a63548eb9bd46bbf6e49da02b7c924e506b94f7,735ac62b30e8a3e73b850ea02c7ab19c17b1289095d95961d66c9b3270bcea6a,2e884d94ace185d62b1b91debf493ccd0a69b83d08e74cf5f1c2be4851b14215,b38a65fc0c1a91e138f057f7b6c08d21c328463aceb40ffda53fc759f99d2f7a,bdd50c08a90e2fb713541b8a118df6250246a917edc41a6776aeafc90b472687,cbac2a4272990947cac54a818b7e448e7b41c7eb2d8c463fe51fe270da2ba8cc,"pcm-meta-v2:{""protocol"":""r9.2-frozen-identity-v7"",""message"":""C requested=flat effective=flat; steps=1 feedback=0; network includes CONSTRUCT, feedback INSERT, and cleanup DELETE"",""cell_wall_ms"":78949.06,""answer_kind"":""term-aware-candidate-set-v1"",""answer_key_count"":2,""answer_fingerprint"":""00cb054d0def9a4da718414f63058bd6d4dc4bc098d52711332ec908685976bd"",""c_parse_samples"":[0.978],""c_protocol_samples"":[{""requested_mode"":""flat"",""effective_mode"":""flat"",""fallback_reason"":null,""plan_steps"":1,""feedback_steps"":0,""feedback_triples"":0,""construct_query_ms"":78574.965,""feedback_update_ms"":0.0,""cleanup_ms"":0.0,""client_protocol_ms"":0.0,""network_scope"":""construct+feedback+cleanup"",""circuit_sha256"":""e1f3c8186d5d6df8a918e15d3a487be850e2245b62f59802e1c3582ccb632304"",""answer_fingerprint"":""00cb054d0def9a4da718414f63058bd6d4dc4bc098d52711332ec908685976bd"",""semantic_signature_sha256"":""b90270bbc73fa0f44ea12e9989742fe04cb15d6c3df654e4bc989087e50b9e92"",""structure_signature"":{""gates"":4,""edges"":10,""answers"":2,""derivations"":2,""canonical_bytes"":4730},""construct_total_ms"":78576.476,""client_unattributed_ms"":0.534}],""construct_total_samples"":[78576.476],""construct_unattributed_samples"":[0.534],""status"":""ok"",""status_evidence"":null,""c_warmup_signatures"":[],""measured_semantic_signature_sha256"":""b90270bbc73fa0f44ea12e9989742fe04cb15d6c3df654e4bc989087e50b9e92"",""measured_repetitions_consistent"":true,""endpoint_lock"":{""wait_ms"":0.008,""lock_path"":""/tmp/sparqlcirc-r9-endpoint-locks-v7/735ac62b30e8a3e73b850ea02c7ab19c17b1289095d95961d66c9b3270bcea6a.lock""},""construction_requested"":""flat"",""construction_effective"":""flat"",""commit"":""baf731844a65b830a95b2167d5a3b6b77d65abcd"",""batch_id"":""493405d4ce7fff401002bc7922df1b726711865fbe3eb40fcade4c3dcda32f21"",""query_sha256"":""671868a81e6d66a398f91366390ceb3c4102f83d22f474a36fa5bf19079fedde"",""engine"":""oxigraph"",""engine_version"":""Oxigraph [engines.json profile]"",""scale"":""100M"",""base_endpoint_sha256"":""c9e65564945d8df3e6db347909ce749b23a5ceaa40b5bfbce825a1c78035ad60"",""reified_endpoint_sha256"":""9d75166c957de49226a016f8a64c1ef26fa5fb5aae4efed67a9ee6460103a803"",""update_endpoint_sha256"":""a8297913a408e55f541b6c7801716a469203e2ac506de1de3b4285a47b345bae"",""base_data_identity_sha256"":""8a988dc83f4082a4f27503ba2906dc6b8733b3c02be567635c726c67bbd48314"",""reified_data_identity_sha256"":""16162702ccec82b2a0e27063cd04bd756a27af1f003b4cef0da976d843ef4725"",""update_for"":""reified"",""access_mode"":""writable"",""base_data_name"":""exploratory-base"",""reified_data_name"":""exploratory-reified"",""update_canary_sha256"":""41997fb8640d9e765a0272879a63548eb9bd46bbf6e49da02b7c924e506b94f7"",""store_instance_sha256"":""735ac62b30e8a3e73b850ea02c7ab19c17b1289095d95961d66c9b3270bcea6a"",""store_discriminator_sha256"":""2e884d94ace185d62b1b91debf493ccd0a69b83d08e74cf5f1c2be4851b14215"",""tool_sha256"":""b38a65fc0c1a91e138f057f7b6c08d21c328463aceb40ffda53fc759f99d2f7a"",""java_runtime_sha256"":""bdd50c08a90e2fb713541b8a118df6250246a917edc41a6776aeafc90b472687"",""run_identity_sha256"":""cbac2a4272990947cac54a818b7e448e7b41c7eb2d8c463fe51fe270da2ba8cc""}"
baf731844a65b830a95b2167d5a3b6b77d65abcd,oxigraph,Oxigraph [engines.json profile],100M,S,S5,00,691e7a0abcd7232efe06742dc0cffd6f1c1bb58adb1206c47f9a3c8bb38753fb,B,base-select,ok,341,2160.2,2160.2,2160.2,2160.2,0.0,0,1,90.0,17249,0.0,,,,,0.00664,[2160.247],[0.0],,[],,[],,[],r9.2-frozen-identity-v7,493405d4ce7fff401002bc7922df1b726711865fbe3eb40fcade4c3dcda32f21,csv-binding-multiset-v1,341,d0f07be32ea2eaaad3692828e17808ed630ce7431b394198bd4e4cdbf258873d,,,,,,,,c9e65564945d8df3e6db347909ce749b23a5ceaa40b5bfbce825a1c78035ad60,9d75166c957de49226a016f8a64c1ef26fa5fb5aae4efed67a9ee6460103a803,a8297913a408e55f541b6c7801716a469203e2ac506de1de3b4285a47b345bae,8a988dc83f4082a4f27503ba2906dc6b8733b3c02be567635c726c67bbd48314,16162702ccec82b2a0e27063cd04bd756a27af1f003b4cef0da976d843ef4725,reified,writable,exploratory-base,exploratory-reified,41997fb8640d9e765a0272879a63548eb9bd46bbf6e49da02b7c924e506b94f7,735ac62b30e8a3e73b850ea02c7ab19c17b1289095d95961d66c9b3270bcea6a,2e884d94ace185d62b1b91debf493ccd0a69b83d08e74cf5f1c2be4851b14215,b38a65fc0c1a91e138f057f7b6c08d21c328463aceb40ffda53fc759f99d2f7a,bdd50c08a90e2fb713541b8a118df6250246a917edc41a6776aeafc90b472687,612c89b93951ddd302a6ca81920e37045e4ace4480959307cb36fc8eb268578f,"pcm-meta-v2:{""protocol"":""r9.2-frozen-identity-v7"",""message"":"""",""cell_wall_ms"":2167.427,""answer_kind"":""csv-binding-multiset-v1"",""answer_key_count"":341,""answer_fingerprint"":""d0f07be32ea2eaaad3692828e17808ed630ce7431b394198bd4e4cdbf258873d"",""c_parse_samples"":[0.0],""c_protocol_samples"":[],""construct_total_samples"":[],""construct_unattributed_samples"":[],""status"":""ok"",""status_evidence"":null,""construction_requested"":null,""construction_effective"":null,""commit"":""baf731844a65b830a95b2167d5a3b6b77d65abcd"",""batch_id"":""493405d4ce7fff401002bc7922df1b726711865fbe3eb40fcade4c3dcda32f21"",""query_sha256"":""691e7a0abcd7232efe06742dc0cffd6f1c1bb58adb1206c47f9a3c8bb38753fb"",""engine"":""oxigraph"",""engine_version"":""Oxigraph [engines.json profile]"",""scale"":""100M"",""base_endpoint_sha256"":""c9e65564945d8df3e6db347909ce749b23a5ceaa40b5bfbce825a1c78035ad60"",""reified_endpoint_sha256"":""9d75166c957de49226a016f8a64c1ef26fa5fb5aae4efed67a9ee6460103a803"",""update_endpoint_sha256"":""a8297913a408e55f541b6c7801716a469203e2ac506de1de3b4285a47b345bae"",""base_data_identity_sha256"":""8a988dc83f4082a4f27503ba2906dc6b8733b3c02be567635c726c67bbd48314"",""reified_data_identity_sha256"":""16162702ccec82b2a0e27063cd04bd756a27af1f003b4cef0da976d843ef4725"",""update_for"":""reified"",""access_mode"":""writable"",""base_data_name"":""exploratory-base"",""reified_data_name"":""exploratory-reified"",""update_canary_sha256"":""41997fb8640d9e765a0272879a63548eb9bd46bbf6e49da02b7c924e506b94f7"",""store_instance_sha256"":""735ac62b30e8a3e73b850ea02c7ab19c17b1289095d95961d66c9b3270bcea6a"",""store_discriminator_sha256"":""2e884d94ace185d62b1b91debf493ccd0a69b83d08e74cf5f1c2be4851b14215"",""tool_sha256"":""b38a65fc0c1a91e138f057f7b6c08d21c328463aceb40ffda53fc759f99d2f7a"",""java_runtime_sha256"":""bdd50c08a90e2fb713541b8a118df6250246a917edc41a6776aeafc90b472687"",""run_identity_sha256"":""612c89b93951ddd302a6ca81920e37045e4ace4480959307cb36fc8eb268578f""}"
baf731844a65b830a95b2167d5a3b6b77d65abcd,oxigraph,Oxigraph [engines.json profile],100M,S,S5,00,691e7a0abcd7232efe06742dc0cffd6f1c1bb58adb1206c47f9a3c8bb38753fb,R,reification-only,ok,341,3895.2,3895.2,3895.2,3895.2,0.0,0,1,90.0,17249,0.0,,,,,172.174315,[3895.236],[0.0],,[],,[],,[],r9.2-frozen-identity-v7,493405d4ce7fff401002bc7922df1b726711865fbe3eb40fcade4c3dcda32f21,csv-binding-multiset-v1,341,d0f07be32ea2eaaad3692828e17808ed630ce7431b394198bd4e4cdbf258873d,,,,,,,,c9e65564945d8df3e6db347909ce749b23a5ceaa40b5bfbce825a1c78035ad60,9d75166c957de49226a016f8a64c1ef26fa5fb5aae4efed67a9ee6460103a803,a8297913a408e55f541b6c7801716a469203e2ac506de1de3b4285a47b345bae,8a988dc83f4082a4f27503ba2906dc6b8733b3c02be567635c726c67bbd48314,16162702ccec82b2a0e27063cd04bd756a27af1f003b4cef0da976d843ef4725,reified,writable,exploratory-base,exploratory-reified,41997fb8640d9e765a0272879a63548eb9bd46bbf6e49da02b7c924e506b94f7,735ac62b30e8a3e73b850ea02c7ab19c17b1289095d95961d66c9b3270bcea6a,2e884d94ace185d62b1b91debf493ccd0a69b83d08e74cf5f1c2be4851b14215,b38a65fc0c1a91e138f057f7b6c08d21c328463aceb40ffda53fc759f99d2f7a,bdd50c08a90e2fb713541b8a118df6250246a917edc41a6776aeafc90b472687,612c89b93951ddd302a6ca81920e37045e4ace4480959307cb36fc8eb268578f,"pcm-meta-v2:{""protocol"":""r9.2-frozen-identity-v7"",""message"":"""",""cell_wall_ms"":4076.912,""answer_kind"":""csv-binding-multiset-v1"",""answer_key_count"":341,""answer_fingerprint"":""d0f07be32ea2eaaad3692828e17808ed630ce7431b394198bd4e4cdbf258873d"",""c_parse_samples"":[0.0],""c_protocol_samples"":[],""construct_total_samples"":[],""construct_unattributed_samples"":[],""status"":""ok"",""status_evidence"":null,""construction_requested"":null,""construction_effective"":null,""commit"":""baf731844a65b830a95b2167d5a3b6b77d65abcd"",""batch_id"":""493405d4ce7fff401002bc7922df1b726711865fbe3eb40fcade4c3dcda32f21"",""query_sha256"":""691e7a0abcd7232efe06742dc0cffd6f1c1bb58adb1206c47f9a3c8bb38753fb"",""engine"":""oxigraph"",""engine_version"":""Oxigraph [engines.json profile]"",""scale"":""100M"",""base_endpoint_sha256"":""c9e65564945d8df3e6db347909ce749b23a5ceaa40b5bfbce825a1c78035ad60"",""reified_endpoint_sha256"":""9d75166c957de49226a016f8a64c1ef26fa5fb5aae4efed67a9ee6460103a803"",""update_endpoint_sha256"":""a8297913a408e55f541b6c7801716a469203e2ac506de1de3b4285a47b345bae"",""base_data_identity_sha256"":""8a988dc83f4082a4f27503ba2906dc6b8733b3c02be567635c726c67bbd48314"",""reified_data_identity_sha256"":""16162702ccec82b2a0e27063cd04bd756a27af1f003b4cef0da976d843ef4725"",""update_for"":""reified"",""access_mode"":""writable"",""base_data_name"":""exploratory-base"",""reified_data_name"":""exploratory-reified"",""update_canary_sha256"":""41997fb8640d9e765a0272879a63548eb9bd46bbf6e49da02b7c924e506b94f7"",""store_instance_sha256"":""735ac62b30e8a3e73b850ea02c7ab19c17b1289095d95961d66c9b3270bcea6a"",""store_discriminator_sha256"":""2e884d94ace185d62b1b91debf493ccd0a69b83d08e74cf5f1c2be4851b14215"",""tool_sha256"":""b38a65fc0c1a91e138f057f7b6c08d21c328463aceb40ffda53fc759f99d2f7a"",""java_runtime_sha256"":""bdd50c08a90e2fb713541b8a118df6250246a917edc41a6776aeafc90b472687"",""run_identity_sha256"":""612c89b93951ddd302a6ca81920e37045e4ace4480959307cb36fc8eb268578f""}"
baf731844a65b830a95b2167d5a3b6b77d65abcd,oxigraph,Oxigraph [engines.json profile],100M,S,S5,00,691e7a0abcd7232efe06742dc0cffd6f1c1bb58adb1206c47f9a3c8bb38753fb,N,N_clean (NPCS reimplementation),ok,341,26390.1,26390.1,26390.1,26390.1,0.0,0,1,90.0,41114,0.0,,,,341,199.902044,[26390.073],[0.0],,[],,[],,[],r9.2-frozen-identity-v7,493405d4ce7fff401002bc7922df1b726711865fbe3eb40fcade4c3dcda32f21,csv-candidate-multiset-v1,341,d0f07be32ea2eaaad3692828e17808ed630ce7431b394198bd4e4cdbf258873d,,,,,,,,c9e65564945d8df3e6db347909ce749b23a5ceaa40b5bfbce825a1c78035ad60,9d75166c957de49226a016f8a64c1ef26fa5fb5aae4efed67a9ee6460103a803,a8297913a408e55f541b6c7801716a469203e2ac506de1de3b4285a47b345bae,8a988dc83f4082a4f27503ba2906dc6b8733b3c02be567635c726c67bbd48314,16162702ccec82b2a0e27063cd04bd756a27af1f003b4cef0da976d843ef4725,reified,writable,exploratory-base,exploratory-reified,41997fb8640d9e765a0272879a63548eb9bd46bbf6e49da02b7c924e506b94f7,735ac62b30e8a3e73b850ea02c7ab19c17b1289095d95961d66c9b3270bcea6a,2e884d94ace185d62b1b91debf493ccd0a69b83d08e74cf5f1c2be4851b14215,b38a65fc0c1a91e138f057f7b6c08d21c328463aceb40ffda53fc759f99d2f7a,bdd50c08a90e2fb713541b8a118df6250246a917edc41a6776aeafc90b472687,612c89b93951ddd302a6ca81920e37045e4ace4480959307cb36fc8eb268578f,"pcm-meta-v2:{""protocol"":""r9.2-frozen-identity-v7"",""message"":"""",""cell_wall_ms"":26599.837,""answer_kind"":""csv-candidate-multiset-v1"",""answer_key_count"":341,""answer_fingerprint"":""d0f07be32ea2eaaad3692828e17808ed630ce7431b394198bd4e4cdbf258873d"",""c_parse_samples"":[0.0],""c_protocol_samples"":[],""construct_total_samples"":[],""construct_unattributed_samples"":[],""status"":""ok"",""status_evidence"":null,""construction_requested"":null,""construction_effective"":null,""commit"":""baf731844a65b830a95b2167d5a3b6b77d65abcd"",""batch_id"":""493405d4ce7fff401002bc7922df1b726711865fbe3eb40fcade4c3dcda32f21"",""query_sha256"":""691e7a0abcd7232efe06742dc0cffd6f1c1bb58adb1206c47f9a3c8bb38753fb"",""engine"":""oxigraph"",""engine_version"":""Oxigraph [engines.json profile]"",""scale"":""100M"",""base_endpoint_sha256"":""c9e65564945d8df3e6db347909ce749b23a5ceaa40b5bfbce825a1c78035ad60"",""reified_endpoint_sha256"":""9d75166c957de49226a016f8a64c1ef26fa5fb5aae4efed67a9ee6460103a803"",""update_endpoint_sha256"":""a8297913a408e55f541b6c7801716a469203e2ac506de1de3b4285a47b345bae"",""base_data_identity_sha256"":""8a988dc83f4082a4f27503ba2906dc6b8733b3c02be567635c726c67bbd48314"",""reified_data_identity_sha256"":""16162702ccec82b2a0e27063cd04bd756a27af1f003b4cef0da976d843ef4725"",""update_for"":""reified"",""access_mode"":""writable"",""base_data_name"":""exploratory-base"",""reified_data_name"":""exploratory-reified"",""update_canary_sha256"":""41997fb8640d9e765a0272879a63548eb9bd46bbf6e49da02b7c924e506b94f7"",""store_instance_sha256"":""735ac62b30e8a3e73b850ea02c7ab19c17b1289095d95961d66c9b3270bcea6a"",""store_discriminator_sha256"":""2e884d94ace185d62b1b91debf493ccd0a69b83d08e74cf5f1c2be4851b14215"",""tool_sha256"":""b38a65fc0c1a91e138f057f7b6c08d21c328463aceb40ffda53fc759f99d2f7a"",""java_runtime_sha256"":""bdd50c08a90e2fb713541b8a118df6250246a917edc41a6776aeafc90b472687"",""run_identity_sha256"":""612c89b93951ddd302a6ca81920e37045e4ace4480959307cb36fc8eb268578f""}"
baf731844a65b830a95b2167d5a3b6b77d65abcd,oxigraph,Oxigraph [engines.json profile],100M,S,S5,00,691e7a0abcd7232efe06742dc0cffd6f1c1bb58adb1206c47f9a3c8bb38753fb,C,SPARQLcirc CircuitRewriter,ok,341,25907.0,25907.0,25907.0,25907.0,0.0,0,1,90.0,508110,45.3,682,1705,341,,372.724987,[25906.972],[45.324],0.0,[0.0],25952.9,[25952.88],0.6,[0.584],r9.2-frozen-identity-v7,493405d4ce7fff401002bc7922df1b726711865fbe3eb40fcade4c3dcda32f21,term-aware-candidate-set-v1,341,fcd8fad57cb3cefcd5f4206cd4e17f058b033fb7b5c60c91f5a5d21ff9fd3932,flat,flat,bf9aef5f163f0c6cf44c469c5350c5f0d3b0a1622cdb64326d109a8dbf548197,,,,,c9e65564945d8df3e6db347909ce749b23a5ceaa40b5bfbce825a1c78035ad60,9d75166c957de49226a016f8a64c1ef26fa5fb5aae4efed67a9ee6460103a803,a8297913a408e55f541b6c7801716a469203e2ac506de1de3b4285a47b345bae,8a988dc83f4082a4f27503ba2906dc6b8733b3c02be567635c726c67bbd48314,16162702ccec82b2a0e27063cd04bd756a27af1f003b4cef0da976d843ef4725,reified,writable,exploratory-base,exploratory-reified,41997fb8640d9e765a0272879a63548eb9bd46bbf6e49da02b7c924e506b94f7,735ac62b30e8a3e73b850ea02c7ab19c17b1289095d95961d66c9b3270bcea6a,2e884d94ace185d62b1b91debf493ccd0a69b83d08e74cf5f1c2be4851b14215,b38a65fc0c1a91e138f057f7b6c08d21c328463aceb40ffda53fc759f99d2f7a,bdd50c08a90e2fb713541b8a118df6250246a917edc41a6776aeafc90b472687,612c89b93951ddd302a6ca81920e37045e4ace4480959307cb36fc8eb268578f,"pcm-meta-v2:{""protocol"":""r9.2-frozen-identity-v7"",""message"":""C requested=flat effective=flat; steps=1 feedback=0; network includes CONSTRUCT, feedback INSERT, and cleanup DELETE"",""cell_wall_ms"":26331.175,""answer_kind"":""term-aware-candidate-set-v1"",""answer_key_count"":341,""answer_fingerprint"":""fcd8fad57cb3cefcd5f4206cd4e17f058b033fb7b5c60c91f5a5d21ff9fd3932"",""c_parse_samples"":[45.324],""c_protocol_samples"":[{""requested_mode"":""flat"",""effective_mode"":""flat"",""fallback_reason"":null,""plan_steps"":1,""feedback_steps"":0,""feedback_triples"":0,""construct_query_ms"":25906.972,""feedback_update_ms"":0.0,""cleanup_ms"":0.0,""client_protocol_ms"":0.0,""network_scope"":""construct+feedback+cleanup"",""circuit_sha256"":""bf9aef5f163f0c6cf44c469c5350c5f0d3b0a1622cdb64326d109a8dbf548197"",""answer_fingerprint"":""fcd8fad57cb3cefcd5f4206cd4e17f058b033fb7b5c60c91f5a5d21ff9fd3932"",""semantic_signature_sha256"":""f5681d438f80df1bd03cc3212f541f88ab12a3b60d98fe93d8ecce240646cb6f"",""structure_signature"":{""gates"":682,""edges"":1705,""answers"":341,""derivations"":341,""canonical_bytes"":508110},""construct_total_ms"":25952.88,""client_unattributed_ms"":0.584}],""construct_total_samples"":[25952.88],""construct_unattributed_samples"":[0.584],""status"":""ok"",""status_evidence"":null,""c_warmup_signatures"":[],""measured_semantic_signature_sha256"":""f5681d438f80df1bd03cc3212f541f88ab12a3b60d98fe93d8ecce240646cb6f"",""measured_repetitions_consistent"":true,""endpoint_lock"":{""wait_ms"":0.012,""lock_path"":""/tmp/sparqlcirc-r9-endpoint-locks-v7/735ac62b30e8a3e73b850ea02c7ab19c17b1289095d95961d66c9b3270bcea6a.lock""},""construction_requested"":""flat"",""construction_effective"":""flat"",""commit"":""baf731844a65b830a95b2167d5a3b6b77d65abcd"",""batch_id"":""493405d4ce7fff401002bc7922df1b726711865fbe3eb40fcade4c3dcda32f21"",""query_sha256"":""691e7a0abcd7232efe06742dc0cffd6f1c1bb58adb1206c47f9a3c8bb38753fb"",""engine"":""oxigraph"",""engine_version"":""Oxigraph [engines.json profile]"",""scale"":""100M"",""base_endpoint_sha256"":""c9e65564945d8df3e6db347909ce749b23a5ceaa40b5bfbce825a1c78035ad60"",""reified_endpoint_sha256"":""9d75166c957de49226a016f8a64c1ef26fa5fb5aae4efed67a9ee6460103a803"",""update_endpoint_sha256"":""a8297913a408e55f541b6c7801716a469203e2ac506de1de3b4285a47b345bae"",""base_data_identity_sha256"":""8a988dc83f4082a4f27503ba2906dc6b8733b3c02be567635c726c67bbd48314"",""reified_data_identity_sha256"":""16162702ccec82b2a0e27063cd04bd756a27af1f003b4cef0da976d843ef4725"",""update_for"":""reified"",""access_mode"":""writable"",""base_data_name"":""exploratory-base"",""reified_data_name"":""exploratory-reified"",""update_canary_sha256"":""41997fb8640d9e765a0272879a63548eb9bd46bbf6e49da02b7c924e506b94f7"",""store_instance_sha256"":""735ac62b30e8a3e73b850ea02c7ab19c17b1289095d95961d66c9b3270bcea6a"",""store_discriminator_sha256"":""2e884d94ace185d62b1b91debf493ccd0a69b83d08e74cf5f1c2be4851b14215"",""tool_sha256"":""b38a65fc0c1a91e138f057f7b6c08d21c328463aceb40ffda53fc759f99d2f7a"",""java_runtime_sha256"":""bdd50c08a90e2fb713541b8a118df6250246a917edc41a6776aeafc90b472687"",""run_identity_sha256"":""612c89b93951ddd302a6ca81920e37045e4ace4480959307cb36fc8eb268578f""}"
baf731844a65b830a95b2167d5a3b6b77d65abcd,oxigraph,Oxigraph [engines.json profile],100M,S,S6,00,3a9de4be91a376d912945053f743c79042392d6a11ce089a2d71c37c156ec248,B,base-select,ok,13,99.0,99.0,99.0,99.0,0.0,0,1,90.0,662,0.0,,,,,0.00804,[99.034],[0.0],,[],,[],,[],r9.2-frozen-identity-v7,493405d4ce7fff401002bc7922df1b726711865fbe3eb40fcade4c3dcda32f21,csv-binding-multiset-v1,13,e5ab6a6ce6eb81e4143eb16090f1de64eaa72a7b55a3ff095bbf8e6809c01103,,,,,,,,c9e65564945d8df3e6db347909ce749b23a5ceaa40b5bfbce825a1c78035ad60,9d75166c957de49226a016f8a64c1ef26fa5fb5aae4efed67a9ee6460103a803,a8297913a408e55f541b6c7801716a469203e2ac506de1de3b4285a47b345bae,8a988dc83f4082a4f27503ba2906dc6b8733b3c02be567635c726c67bbd48314,16162702ccec82b2a0e27063cd04bd756a27af1f003b4cef0da976d843ef4725,reified,writable,exploratory-base,exploratory-reified,41997fb8640d9e765a0272879a63548eb9bd46bbf6e49da02b7c924e506b94f7,735ac62b30e8a3e73b850ea02c7ab19c17b1289095d95961d66c9b3270bcea6a,2e884d94ace185d62b1b91debf493ccd0a69b83d08e74cf5f1c2be4851b14215,b38a65fc0c1a91e138f057f7b6c08d21c328463aceb40ffda53fc759f99d2f7a,bdd50c08a90e2fb713541b8a118df6250246a917edc41a6776aeafc90b472687,6b5e6b2a74b4fb591d24e14865f7305324e80ee13fcdf23d8156bd71be8d2d5c,"pcm-meta-v2:{""protocol"":""r9.2-frozen-identity-v7"",""message"":"""",""cell_wall_ms"":104.552,""answer_kind"":""csv-binding-multiset-v1"",""answer_key_count"":13,""answer_fingerprint"":""e5ab6a6ce6eb81e4143eb16090f1de64eaa72a7b55a3ff095bbf8e6809c01103"",""c_parse_samples"":[0.0],""c_protocol_samples"":[],""construct_total_samples"":[],""construct_unattributed_samples"":[],""status"":""ok"",""status_evidence"":null,""construction_requested"":null,""construction_effective"":null,""commit"":""baf731844a65b830a95b2167d5a3b6b77d65abcd"",""batch_id"":""493405d4ce7fff401002bc7922df1b726711865fbe3eb40fcade4c3dcda32f21"",""query_sha256"":""3a9de4be91a376d912945053f743c79042392d6a11ce089a2d71c37c156ec248"",""engine"":""oxigraph"",""engine_version"":""Oxigraph [engines.json profile]"",""scale"":""100M"",""base_endpoint_sha256"":""c9e65564945d8df3e6db347909ce749b23a5ceaa40b5bfbce825a1c78035ad60"",""reified_endpoint_sha256"":""9d75166c957de49226a016f8a64c1ef26fa5fb5aae4efed67a9ee6460103a803"",""update_endpoint_sha256"":""a8297913a408e55f541b6c7801716a469203e2ac506de1de3b4285a47b345bae"",""base_data_identity_sha256"":""8a988dc83f4082a4f27503ba2906dc6b8733b3c02be567635c726c67bbd48314"",""reified_data_identity_sha256"":""16162702ccec82b2a0e27063cd04bd756a27af1f003b4cef0da976d843ef4725"",""update_for"":""reified"",""access_mode"":""writable"",""base_data_name"":""exploratory-base"",""reified_data_name"":""exploratory-reified"",""update_canary_sha256"":""41997fb8640d9e765a0272879a63548eb9bd46bbf6e49da02b7c924e506b94f7"",""store_instance_sha256"":""735ac62b30e8a3e73b850ea02c7ab19c17b1289095d95961d66c9b3270bcea6a"",""store_discriminator_sha256"":""2e884d94ace185d62b1b91debf493ccd0a69b83d08e74cf5f1c2be4851b14215"",""tool_sha256"":""b38a65fc0c1a91e138f057f7b6c08d21c328463aceb40ffda53fc759f99d2f7a"",""java_runtime_sha256"":""bdd50c08a90e2fb713541b8a118df6250246a917edc41a6776aeafc90b472687"",""run_identity_sha256"":""6b5e6b2a74b4fb591d24e14865f7305324e80ee13fcdf23d8156bd71be8d2d5c""}"
baf731844a65b830a95b2167d5a3b6b77d65abcd,oxigraph,Oxigraph [engines.json profile],100M,S,S6,00,3a9de4be91a376d912945053f743c79042392d6a11ce089a2d71c37c156ec248,R,reification-only,ok,13,7076.1,7076.1,7076.1,7076.1,0.0,0,1,90.0,662,0.0,,,,,130.310789,[7076.093],[0.0],,[],,[],,[],r9.2-frozen-identity-v7,493405d4ce7fff401002bc7922df1b726711865fbe3eb40fcade4c3dcda32f21,csv-binding-multiset-v1,13,e5ab6a6ce6eb81e4143eb16090f1de64eaa72a7b55a3ff095bbf8e6809c01103,,,,,,,,c9e65564945d8df3e6db347909ce749b23a5ceaa40b5bfbce825a1c78035ad60,9d75166c957de49226a016f8a64c1ef26fa5fb5aae4efed67a9ee6460103a803,a8297913a408e55f541b6c7801716a469203e2ac506de1de3b4285a47b345bae,8a988dc83f4082a4f27503ba2906dc6b8733b3c02be567635c726c67bbd48314,16162702ccec82b2a0e27063cd04bd756a27af1f003b4cef0da976d843ef4725,reified,writable,exploratory-base,exploratory-reified,41997fb8640d9e765a0272879a63548eb9bd46bbf6e49da02b7c924e506b94f7,735ac62b30e8a3e73b850ea02c7ab19c17b1289095d95961d66c9b3270bcea6a,2e884d94ace185d62b1b91debf493ccd0a69b83d08e74cf5f1c2be4851b14215,b38a65fc0c1a91e138f057f7b6c08d21c328463aceb40ffda53fc759f99d2f7a,bdd50c08a90e2fb713541b8a118df6250246a917edc41a6776aeafc90b472687,6b5e6b2a74b4fb591d24e14865f7305324e80ee13fcdf23d8156bd71be8d2d5c,"pcm-meta-v2:{""protocol"":""r9.2-frozen-identity-v7"",""message"":"""",""cell_wall_ms"":7214.281,""answer_kind"":""csv-binding-multiset-v1"",""answer_key_count"":13,""answer_fingerprint"":""e5ab6a6ce6eb81e4143eb16090f1de64eaa72a7b55a3ff095bbf8e6809c01103"",""c_parse_samples"":[0.0],""c_protocol_samples"":[],""construct_total_samples"":[],""construct_unattributed_samples"":[],""status"":""ok"",""status_evidence"":null,""construction_requested"":null,""construction_effective"":null,""commit"":""baf731844a65b830a95b2167d5a3b6b77d65abcd"",""batch_id"":""493405d4ce7fff401002bc7922df1b726711865fbe3eb40fcade4c3dcda32f21"",""query_sha256"":""3a9de4be91a376d912945053f743c79042392d6a11ce089a2d71c37c156ec248"",""engine"":""oxigraph"",""engine_version"":""Oxigraph [engines.json profile]"",""scale"":""100M"",""base_endpoint_sha256"":""c9e65564945d8df3e6db347909ce749b23a5ceaa40b5bfbce825a1c78035ad60"",""reified_endpoint_sha256"":""9d75166c957de49226a016f8a64c1ef26fa5fb5aae4efed67a9ee6460103a803"",""update_endpoint_sha256"":""a8297913a408e55f541b6c7801716a469203e2ac506de1de3b4285a47b345bae"",""base_data_identity_sha256"":""8a988dc83f4082a4f27503ba2906dc6b8733b3c02be567635c726c67bbd48314"",""reified_data_identity_sha256"":""16162702ccec82b2a0e27063cd04bd756a27af1f003b4cef0da976d843ef4725"",""update_for"":""reified"",""access_mode"":""writable"",""base_data_name"":""exploratory-base"",""reified_data_name"":""exploratory-reified"",""update_canary_sha256"":""41997fb8640d9e765a0272879a63548eb9bd46bbf6e49da02b7c924e506b94f7"",""store_instance_sha256"":""735ac62b30e8a3e73b850ea02c7ab19c17b1289095d95961d66c9b3270bcea6a"",""store_discriminator_sha256"":""2e884d94ace185d62b1b91debf493ccd0a69b83d08e74cf5f1c2be4851b14215"",""tool_sha256"":""b38a65fc0c1a91e138f057f7b6c08d21c328463aceb40ffda53fc759f99d2f7a"",""java_runtime_sha256"":""bdd50c08a90e2fb713541b8a118df6250246a917edc41a6776aeafc90b472687"",""run_identity_sha256"":""6b5e6b2a74b4fb591d24e14865f7305324e80ee13fcdf23d8156bd71be8d2d5c""}"
baf731844a65b830a95b2167d5a3b6b77d65abcd,oxigraph,Oxigraph [engines.json profile],100M,S,S6,00,3a9de4be91a376d912945053f743c79042392d6a11ce089a2d71c37c156ec248,N,N_clean (NPCS reimplementation),ok,13,2106.3,2106.3,2106.3,2106.3,0.0,0,1,90.0,1410,0.0,,,,13,194.330556,[2106.27],[0.0],,[],,[],,[],r9.2-frozen-identity-v7,493405d4ce7fff401002bc7922df1b726711865fbe3eb40fcade4c3dcda32f21,csv-candidate-multiset-v1,13,e5ab6a6ce6eb81e4143eb16090f1de64eaa72a7b55a3ff095bbf8e6809c01103,,,,,,,,c9e65564945d8df3e6db347909ce749b23a5ceaa40b5bfbce825a1c78035ad60,9d75166c957de49226a016f8a64c1ef26fa5fb5aae4efed67a9ee6460103a803,a8297913a408e55f541b6c7801716a469203e2ac506de1de3b4285a47b345bae,8a988dc83f4082a4f27503ba2906dc6b8733b3c02be567635c726c67bbd48314,16162702ccec82b2a0e27063cd04bd756a27af1f003b4cef0da976d843ef4725,reified,writable,exploratory-base,exploratory-reified,41997fb8640d9e765a0272879a63548eb9bd46bbf6e49da02b7c924e506b94f7,735ac62b30e8a3e73b850ea02c7ab19c17b1289095d95961d66c9b3270bcea6a,2e884d94ace185d62b1b91debf493ccd0a69b83d08e74cf5f1c2be4851b14215,b38a65fc0c1a91e138f057f7b6c08d21c328463aceb40ffda53fc759f99d2f7a,bdd50c08a90e2fb713541b8a118df6250246a917edc41a6776aeafc90b472687,6b5e6b2a74b4fb591d24e14865f7305324e80ee13fcdf23d8156bd71be8d2d5c,"pcm-meta-v2:{""protocol"":""r9.2-frozen-identity-v7"",""message"":"""",""cell_wall_ms"":2306.632,""answer_kind"":""csv-candidate-multiset-v1"",""answer_key_count"":13,""answer_fingerprint"":""e5ab6a6ce6eb81e4143eb16090f1de64eaa72a7b55a3ff095bbf8e6809c01103"",""c_parse_samples"":[0.0],""c_protocol_samples"":[],""construct_total_samples"":[],""construct_unattributed_samples"":[],""status"":""ok"",""status_evidence"":null,""construction_requested"":null,""construction_effective"":null,""commit"":""baf731844a65b830a95b2167d5a3b6b77d65abcd"",""batch_id"":""493405d4ce7fff401002bc7922df1b726711865fbe3eb40fcade4c3dcda32f21"",""query_sha256"":""3a9de4be91a376d912945053f743c79042392d6a11ce089a2d71c37c156ec248"",""engine"":""oxigraph"",""engine_version"":""Oxigraph [engines.json profile]"",""scale"":""100M"",""base_endpoint_sha256"":""c9e65564945d8df3e6db347909ce749b23a5ceaa40b5bfbce825a1c78035ad60"",""reified_endpoint_sha256"":""9d75166c957de49226a016f8a64c1ef26fa5fb5aae4efed67a9ee6460103a803"",""update_endpoint_sha256"":""a8297913a408e55f541b6c7801716a469203e2ac506de1de3b4285a47b345bae"",""base_data_identity_sha256"":""8a988dc83f4082a4f27503ba2906dc6b8733b3c02be567635c726c67bbd48314"",""reified_data_identity_sha256"":""16162702ccec82b2a0e27063cd04bd756a27af1f003b4cef0da976d843ef4725"",""update_for"":""reified"",""access_mode"":""writable"",""base_data_name"":""exploratory-base"",""reified_data_name"":""exploratory-reified"",""update_canary_sha256"":""41997fb8640d9e765a0272879a63548eb9bd46bbf6e49da02b7c924e506b94f7"",""store_instance_sha256"":""735ac62b30e8a3e73b850ea02c7ab19c17b1289095d95961d66c9b3270bcea6a"",""store_discriminator_sha256"":""2e884d94ace185d62b1b91debf493ccd0a69b83d08e74cf5f1c2be4851b14215"",""tool_sha256"":""b38a65fc0c1a91e138f057f7b6c08d21c328463aceb40ffda53fc759f99d2f7a"",""java_runtime_sha256"":""bdd50c08a90e2fb713541b8a118df6250246a917edc41a6776aeafc90b472687"",""run_identity_sha256"":""6b5e6b2a74b4fb591d24e14865f7305324e80ee13fcdf23d8156bd71be8d2d5c""}"
baf731844a65b830a95b2167d5a3b6b77d65abcd,oxigraph,Oxigraph [engines.json profile],100M,S,S6,00,3a9de4be91a376d912945053f743c79042392d6a11ce089a2d71c37c156ec248,C,SPARQLcirc CircuitRewriter,ok,13,2033.9,2033.9,2033.9,2033.9,0.0,0,1,90.0,17939,2.5,26,52,13,,405.609633,[2033.929],[2.496],0.0,[0.0],2036.9,[2036.919],0.5,[0.494],r9.2-frozen-identity-v7,493405d4ce7fff401002bc7922df1b726711865fbe3eb40fcade4c3dcda32f21,term-aware-candidate-set-v1,13,9945e755216f4f5038ec50a84a54418a000ed319cdca0d48d84e0b2579cf02a1,flat,flat,39265bab4519cfb34edf47aa66313d57d25b7443487cad10b7e7fa5c17b49f47,,,,,c9e65564945d8df3e6db347909ce749b23a5ceaa40b5bfbce825a1c78035ad60,9d75166c957de49226a016f8a64c1ef26fa5fb5aae4efed67a9ee6460103a803,a8297913a408e55f541b6c7801716a469203e2ac506de1de3b4285a47b345bae,8a988dc83f4082a4f27503ba2906dc6b8733b3c02be567635c726c67bbd48314,16162702ccec82b2a0e27063cd04bd756a27af1f003b4cef0da976d843ef4725,reified,writable,exploratory-base,exploratory-reified,41997fb8640d9e765a0272879a63548eb9bd46bbf6e49da02b7c924e506b94f7,735ac62b30e8a3e73b850ea02c7ab19c17b1289095d95961d66c9b3270bcea6a,2e884d94ace185d62b1b91debf493ccd0a69b83d08e74cf5f1c2be4851b14215,b38a65fc0c1a91e138f057f7b6c08d21c328463aceb40ffda53fc759f99d2f7a,bdd50c08a90e2fb713541b8a118df6250246a917edc41a6776aeafc90b472687,6b5e6b2a74b4fb591d24e14865f7305324e80ee13fcdf23d8156bd71be8d2d5c,"pcm-meta-v2:{""protocol"":""r9.2-frozen-identity-v7"",""message"":""C requested=flat effective=flat; steps=1 feedback=0; network includes CONSTRUCT, feedback INSERT, and cleanup DELETE"",""cell_wall_ms"":2447.403,""answer_kind"":""term-aware-candidate-set-v1"",""answer_key_count"":13,""answer_fingerprint"":""9945e755216f4f5038ec50a84a54418a000ed319cdca0d48d84e0b2579cf02a1"",""c_parse_samples"":[2.496],""c_protocol_samples"":[{""requested_mode"":""flat"",""effective_mode"":""flat"",""fallback_reason"":null,""plan_steps"":1,""feedback_steps"":0,""feedback_triples"":0,""construct_query_ms"":2033.929,""feedback_update_ms"":0.0,""cleanup_ms"":0.0,""client_protocol_ms"":0.0,""network_scope"":""construct+feedback+cleanup"",""circuit_sha256"":""39265bab4519cfb34edf47aa66313d57d25b7443487cad10b7e7fa5c17b49f47"",""answer_fingerprint"":""9945e755216f4f5038ec50a84a54418a000ed319cdca0d48d84e0b2579cf02a1"",""semantic_signature_sha256"":""dae21f26ba53fcd8479b5700104072015369c3c70b571b1d88ac847ae56254c0"",""structure_signature"":{""gates"":26,""edges"":52,""answers"":13,""derivations"":13,""canonical_bytes"":17939},""construct_total_ms"":2036.919,""client_unattributed_ms"":0.494}],""construct_total_samples"":[2036.919],""construct_unattributed_samples"":[0.494],""status"":""ok"",""status_evidence"":null,""c_warmup_signatures"":[],""measured_semantic_signature_sha256"":""dae21f26ba53fcd8479b5700104072015369c3c70b571b1d88ac847ae56254c0"",""measured_repetitions_consistent"":true,""endpoint_lock"":{""wait_ms"":0.005,""lock_path"":""/tmp/sparqlcirc-r9-endpoint-locks-v7/735ac62b30e8a3e73b850ea02c7ab19c17b1289095d95961d66c9b3270bcea6a.lock""},""construction_requested"":""flat"",""construction_effective"":""flat"",""commit"":""baf731844a65b830a95b2167d5a3b6b77d65abcd"",""batch_id"":""493405d4ce7fff401002bc7922df1b726711865fbe3eb40fcade4c3dcda32f21"",""query_sha256"":""3a9de4be91a376d912945053f743c79042392d6a11ce089a2d71c37c156ec248"",""engine"":""oxigraph"",""engine_version"":""Oxigraph [engines.json profile]"",""scale"":""100M"",""base_endpoint_sha256"":""c9e65564945d8df3e6db347909ce749b23a5ceaa40b5bfbce825a1c78035ad60"",""reified_endpoint_sha256"":""9d75166c957de49226a016f8a64c1ef26fa5fb5aae4efed67a9ee6460103a803"",""update_endpoint_sha256"":""a8297913a408e55f541b6c7801716a469203e2ac506de1de3b4285a47b345bae"",""base_data_identity_sha256"":""8a988dc83f4082a4f27503ba2906dc6b8733b3c02be567635c726c67bbd48314"",""reified_data_identity_sha256"":""16162702ccec82b2a0e27063cd04bd756a27af1f003b4cef0da976d843ef4725"",""update_for"":""reified"",""access_mode"":""writable"",""base_data_name"":""exploratory-base"",""reified_data_name"":""exploratory-reified"",""update_canary_sha256"":""41997fb8640d9e765a0272879a63548eb9bd46bbf6e49da02b7c924e506b94f7"",""store_instance_sha256"":""735ac62b30e8a3e73b850ea02c7ab19c17b1289095d95961d66c9b3270bcea6a"",""store_discriminator_sha256"":""2e884d94ace185d62b1b91debf493ccd0a69b83d08e74cf5f1c2be4851b14215"",""tool_sha256"":""b38a65fc0c1a91e138f057f7b6c08d21c328463aceb40ffda53fc759f99d2f7a"",""java_runtime_sha256"":""bdd50c08a90e2fb713541b8a118df6250246a917edc41a6776aeafc90b472687"",""run_identity_sha256"":""6b5e6b2a74b4fb591d24e14865f7305324e80ee13fcdf23d8156bd71be8d2d5c""}"
baf731844a65b830a95b2167d5a3b6b77d65abcd,oxigraph,Oxigraph [engines.json profile],100M,S,S7,00,6c8f2b502c6afedd00f5544bb49e027212b77b9a59795ef8c9b65d12c3234eb1,B,base-select,ok,2,4.3,4.3,4.3,4.3,0.0,0,1,90.0,303,0.0,,,,,0.00799,[4.259],[0.0],,[],,[],,[],r9.2-frozen-identity-v7,493405d4ce7fff401002bc7922df1b726711865fbe3eb40fcade4c3dcda32f21,csv-binding-multiset-v1,2,23810c3f48832d9773a98a17314c04b2dc8de54b95256987561524b9446c0f04,,,,,,,,c9e65564945d8df3e6db347909ce749b23a5ceaa40b5bfbce825a1c78035ad60,9d75166c957de49226a016f8a64c1ef26fa5fb5aae4efed67a9ee6460103a803,a8297913a408e55f541b6c7801716a469203e2ac506de1de3b4285a47b345bae,8a988dc83f4082a4f27503ba2906dc6b8733b3c02be567635c726c67bbd48314,16162702ccec82b2a0e27063cd04bd756a27af1f003b4cef0da976d843ef4725,reified,writable,exploratory-base,exploratory-reified,41997fb8640d9e765a0272879a63548eb9bd46bbf6e49da02b7c924e506b94f7,735ac62b30e8a3e73b850ea02c7ab19c17b1289095d95961d66c9b3270bcea6a,2e884d94ace185d62b1b91debf493ccd0a69b83d08e74cf5f1c2be4851b14215,b38a65fc0c1a91e138f057f7b6c08d21c328463aceb40ffda53fc759f99d2f7a,bdd50c08a90e2fb713541b8a118df6250246a917edc41a6776aeafc90b472687,a2c2f30fc4ed82d04ccc324a525075e8232ce5062a650fee9870f5caa4b8c3ea,"pcm-meta-v2:{""protocol"":""r9.2-frozen-identity-v7"",""message"":"""",""cell_wall_ms"":9.518,""answer_kind"":""csv-binding-multiset-v1"",""answer_key_count"":2,""answer_fingerprint"":""23810c3f48832d9773a98a17314c04b2dc8de54b95256987561524b9446c0f04"",""c_parse_samples"":[0.0],""c_protocol_samples"":[],""construct_total_samples"":[],""construct_unattributed_samples"":[],""status"":""ok"",""status_evidence"":null,""construction_requested"":null,""construction_effective"":null,""commit"":""baf731844a65b830a95b2167d5a3b6b77d65abcd"",""batch_id"":""493405d4ce7fff401002bc7922df1b726711865fbe3eb40fcade4c3dcda32f21"",""query_sha256"":""6c8f2b502c6afedd00f5544bb49e027212b77b9a59795ef8c9b65d12c3234eb1"",""engine"":""oxigraph"",""engine_version"":""Oxigraph [engines.json profile]"",""scale"":""100M"",""base_endpoint_sha256"":""c9e65564945d8df3e6db347909ce749b23a5ceaa40b5bfbce825a1c78035ad60"",""reified_endpoint_sha256"":""9d75166c957de49226a016f8a64c1ef26fa5fb5aae4efed67a9ee6460103a803"",""update_endpoint_sha256"":""a8297913a408e55f541b6c7801716a469203e2ac506de1de3b4285a47b345bae"",""base_data_identity_sha256"":""8a988dc83f4082a4f27503ba2906dc6b8733b3c02be567635c726c67bbd48314"",""reified_data_identity_sha256"":""16162702ccec82b2a0e27063cd04bd756a27af1f003b4cef0da976d843ef4725"",""update_for"":""reified"",""access_mode"":""writable"",""base_data_name"":""exploratory-base"",""reified_data_name"":""exploratory-reified"",""update_canary_sha256"":""41997fb8640d9e765a0272879a63548eb9bd46bbf6e49da02b7c924e506b94f7"",""store_instance_sha256"":""735ac62b30e8a3e73b850ea02c7ab19c17b1289095d95961d66c9b3270bcea6a"",""store_discriminator_sha256"":""2e884d94ace185d62b1b91debf493ccd0a69b83d08e74cf5f1c2be4851b14215"",""tool_sha256"":""b38a65fc0c1a91e138f057f7b6c08d21c328463aceb40ffda53fc759f99d2f7a"",""java_runtime_sha256"":""bdd50c08a90e2fb713541b8a118df6250246a917edc41a6776aeafc90b472687"",""run_identity_sha256"":""a2c2f30fc4ed82d04ccc324a525075e8232ce5062a650fee9870f5caa4b8c3ea""}"
baf731844a65b830a95b2167d5a3b6b77d65abcd,oxigraph,Oxigraph [engines.json profile],100M,S,S7,00,6c8f2b502c6afedd00f5544bb49e027212b77b9a59795ef8c9b65d12c3234eb1,R,reification-only,ok,2,6.0,6.0,6.0,6.0,0.0,0,1,90.0,303,0.0,,,,,140.168893,[5.985],[0.0],,[],,[],,[],r9.2-frozen-identity-v7,493405d4ce7fff401002bc7922df1b726711865fbe3eb40fcade4c3dcda32f21,csv-binding-multiset-v1,2,23810c3f48832d9773a98a17314c04b2dc8de54b95256987561524b9446c0f04,,,,,,,,c9e65564945d8df3e6db347909ce749b23a5ceaa40b5bfbce825a1c78035ad60,9d75166c957de49226a016f8a64c1ef26fa5fb5aae4efed67a9ee6460103a803,a8297913a408e55f541b6c7801716a469203e2ac506de1de3b4285a47b345bae,8a988dc83f4082a4f27503ba2906dc6b8733b3c02be567635c726c67bbd48314,16162702ccec82b2a0e27063cd04bd756a27af1f003b4cef0da976d843ef4725,reified,writable,exploratory-base,exploratory-reified,41997fb8640d9e765a0272879a63548eb9bd46bbf6e49da02b7c924e506b94f7,735ac62b30e8a3e73b850ea02c7ab19c17b1289095d95961d66c9b3270bcea6a,2e884d94ace185d62b1b91debf493ccd0a69b83d08e74cf5f1c2be4851b14215,b38a65fc0c1a91e138f057f7b6c08d21c328463aceb40ffda53fc759f99d2f7a,bdd50c08a90e2fb713541b8a118df6250246a917edc41a6776aeafc90b472687,a2c2f30fc4ed82d04ccc324a525075e8232ce5062a650fee9870f5caa4b8c3ea,"pcm-meta-v2:{""protocol"":""r9.2-frozen-identity-v7"",""message"":"""",""cell_wall_ms"":152.628,""answer_kind"":""csv-binding-multiset-v1"",""answer_key_count"":2,""answer_fingerprint"":""23810c3f48832d9773a98a17314c04b2dc8de54b95256987561524b9446c0f04"",""c_parse_samples"":[0.0],""c_protocol_samples"":[],""construct_total_samples"":[],""construct_unattributed_samples"":[],""status"":""ok"",""status_evidence"":null,""construction_requested"":null,""construction_effective"":null,""commit"":""baf731844a65b830a95b2167d5a3b6b77d65abcd"",""batch_id"":""493405d4ce7fff401002bc7922df1b726711865fbe3eb40fcade4c3dcda32f21"",""query_sha256"":""6c8f2b502c6afedd00f5544bb49e027212b77b9a59795ef8c9b65d12c3234eb1"",""engine"":""oxigraph"",""engine_version"":""Oxigraph [engines.json profile]"",""scale"":""100M"",""base_endpoint_sha256"":""c9e65564945d8df3e6db347909ce749b23a5ceaa40b5bfbce825a1c78035ad60"",""reified_endpoint_sha256"":""9d75166c957de49226a016f8a64c1ef26fa5fb5aae4efed67a9ee6460103a803"",""update_endpoint_sha256"":""a8297913a408e55f541b6c7801716a469203e2ac506de1de3b4285a47b345bae"",""base_data_identity_sha256"":""8a988dc83f4082a4f27503ba2906dc6b8733b3c02be567635c726c67bbd48314"",""reified_data_identity_sha256"":""16162702ccec82b2a0e27063cd04bd756a27af1f003b4cef0da976d843ef4725"",""update_for"":""reified"",""access_mode"":""writable"",""base_data_name"":""exploratory-base"",""reified_data_name"":""exploratory-reified"",""update_canary_sha256"":""41997fb8640d9e765a0272879a63548eb9bd46bbf6e49da02b7c924e506b94f7"",""store_instance_sha256"":""735ac62b30e8a3e73b850ea02c7ab19c17b1289095d95961d66c9b3270bcea6a"",""store_discriminator_sha256"":""2e884d94ace185d62b1b91debf493ccd0a69b83d08e74cf5f1c2be4851b14215"",""tool_sha256"":""b38a65fc0c1a91e138f057f7b6c08d21c328463aceb40ffda53fc759f99d2f7a"",""java_runtime_sha256"":""bdd50c08a90e2fb713541b8a118df6250246a917edc41a6776aeafc90b472687"",""run_identity_sha256"":""a2c2f30fc4ed82d04ccc324a525075e8232ce5062a650fee9870f5caa4b8c3ea""}"
baf731844a65b830a95b2167d5a3b6b77d65abcd,oxigraph,Oxigraph [engines.json profile],100M,S,S7,00,6c8f2b502c6afedd00f5544bb49e027212b77b9a59795ef8c9b65d12c3234eb1,N,N_clean (NPCS reimplementation),timeout,,,,,,,0,1,90.0,,,,,,,194.380514,[],[],,[],,[],,[],r9.2-frozen-identity-v7,493405d4ce7fff401002bc7922df1b726711865fbe3eb40fcade4c3dcda32f21,,,,,,,,,,,c9e65564945d8df3e6db347909ce749b23a5ceaa40b5bfbce825a1c78035ad60,9d75166c957de49226a016f8a64c1ef26fa5fb5aae4efed67a9ee6460103a803,a8297913a408e55f541b6c7801716a469203e2ac506de1de3b4285a47b345bae,8a988dc83f4082a4f27503ba2906dc6b8733b3c02be567635c726c67bbd48314,16162702ccec82b2a0e27063cd04bd756a27af1f003b4cef0da976d843ef4725,reified,writable,exploratory-base,exploratory-reified,41997fb8640d9e765a0272879a63548eb9bd46bbf6e49da02b7c924e506b94f7,735ac62b30e8a3e73b850ea02c7ab19c17b1289095d95961d66c9b3270bcea6a,2e884d94ace185d62b1b91debf493ccd0a69b83d08e74cf5f1c2be4851b14215,b38a65fc0c1a91e138f057f7b6c08d21c328463aceb40ffda53fc759f99d2f7a,bdd50c08a90e2fb713541b8a118df6250246a917edc41a6776aeafc90b472687,a2c2f30fc4ed82d04ccc324a525075e8232ce5062a650fee9870f5caa4b8c3ea,"pcm-meta-v2:{""protocol"":""r9.2-frozen-identity-v7"",""message"":""whole cell exceeded 90s hard deadline; worker reaped"",""cell_wall_ms"":90000.0,""c_parse_samples"":[],""c_protocol_samples"":[],""construct_total_samples"":[],""construct_unattributed_samples"":[],""status"":""timeout"",""status_evidence"":{""kind"":""hard-wall-deadline"",""message"":""whole cell exceeded 90s hard deadline; worker reaped""},""construction_requested"":null,""construction_effective"":null,""commit"":""baf731844a65b830a95b2167d5a3b6b77d65abcd"",""batch_id"":""493405d4ce7fff401002bc7922df1b726711865fbe3eb40fcade4c3dcda32f21"",""query_sha256"":""6c8f2b502c6afedd00f5544bb49e027212b77b9a59795ef8c9b65d12c3234eb1"",""engine"":""oxigraph"",""engine_version"":""Oxigraph [engines.json profile]"",""scale"":""100M"",""base_endpoint_sha256"":""c9e65564945d8df3e6db347909ce749b23a5ceaa40b5bfbce825a1c78035ad60"",""reified_endpoint_sha256"":""9d75166c957de49226a016f8a64c1ef26fa5fb5aae4efed67a9ee6460103a803"",""update_endpoint_sha256"":""a8297913a408e55f541b6c7801716a469203e2ac506de1de3b4285a47b345bae"",""base_data_identity_sha256"":""8a988dc83f4082a4f27503ba2906dc6b8733b3c02be567635c726c67bbd48314"",""reified_data_identity_sha256"":""16162702ccec82b2a0e27063cd04bd756a27af1f003b4cef0da976d843ef4725"",""update_for"":""reified"",""access_mode"":""writable"",""base_data_name"":""exploratory-base"",""reified_data_name"":""exploratory-reified"",""update_canary_sha256"":""41997fb8640d9e765a0272879a63548eb9bd46bbf6e49da02b7c924e506b94f7"",""store_instance_sha256"":""735ac62b30e8a3e73b850ea02c7ab19c17b1289095d95961d66c9b3270bcea6a"",""store_discriminator_sha256"":""2e884d94ace185d62b1b91debf493ccd0a69b83d08e74cf5f1c2be4851b14215"",""tool_sha256"":""b38a65fc0c1a91e138f057f7b6c08d21c328463aceb40ffda53fc759f99d2f7a"",""java_runtime_sha256"":""bdd50c08a90e2fb713541b8a118df6250246a917edc41a6776aeafc90b472687"",""run_identity_sha256"":""a2c2f30fc4ed82d04ccc324a525075e8232ce5062a650fee9870f5caa4b8c3ea""}"
baf731844a65b830a95b2167d5a3b6b77d65abcd,oxigraph,Oxigraph [engines.json profile],100M,S,S7,00,6c8f2b502c6afedd00f5544bb49e027212b77b9a59795ef8c9b65d12c3234eb1,C,SPARQLcirc CircuitRewriter,timeout,,,,,,,0,1,90.0,,,,,,,403.057059,[],[],,[],,[],,[],r9.2-frozen-identity-v7,493405d4ce7fff401002bc7922df1b726711865fbe3eb40fcade4c3dcda32f21,,,,,,,,,,,c9e65564945d8df3e6db347909ce749b23a5ceaa40b5bfbce825a1c78035ad60,9d75166c957de49226a016f8a64c1ef26fa5fb5aae4efed67a9ee6460103a803,a8297913a408e55f541b6c7801716a469203e2ac506de1de3b4285a47b345bae,8a988dc83f4082a4f27503ba2906dc6b8733b3c02be567635c726c67bbd48314,16162702ccec82b2a0e27063cd04bd756a27af1f003b4cef0da976d843ef4725,reified,writable,exploratory-base,exploratory-reified,41997fb8640d9e765a0272879a63548eb9bd46bbf6e49da02b7c924e506b94f7,735ac62b30e8a3e73b850ea02c7ab19c17b1289095d95961d66c9b3270bcea6a,2e884d94ace185d62b1b91debf493ccd0a69b83d08e74cf5f1c2be4851b14215,b38a65fc0c1a91e138f057f7b6c08d21c328463aceb40ffda53fc759f99d2f7a,bdd50c08a90e2fb713541b8a118df6250246a917edc41a6776aeafc90b472687,a2c2f30fc4ed82d04ccc324a525075e8232ce5062a650fee9870f5caa4b8c3ea,"pcm-meta-v2:{""protocol"":""r9.2-frozen-identity-v7"",""message"":""whole cell exceeded 90s hard deadline; worker reaped"",""cell_wall_ms"":90000.0,""c_parse_samples"":[],""c_protocol_samples"":[],""construct_total_samples"":[],""construct_unattributed_samples"":[],""status"":""timeout"",""status_evidence"":{""kind"":""hard-wall-deadline"",""message"":""whole cell exceeded 90s hard deadline; worker reaped""},""endpoint_lock"":{""wait_ms"":0.006,""lock_path"":""/tmp/sparqlcirc-r9-endpoint-locks-v7/735ac62b30e8a3e73b850ea02c7ab19c17b1289095d95961d66c9b3270bcea6a.lock""},""construction_requested"":null,""construction_effective"":null,""commit"":""baf731844a65b830a95b2167d5a3b6b77d65abcd"",""batch_id"":""493405d4ce7fff401002bc7922df1b726711865fbe3eb40fcade4c3dcda32f21"",""query_sha256"":""6c8f2b502c6afedd00f5544bb49e027212b77b9a59795ef8c9b65d12c3234eb1"",""engine"":""oxigraph"",""engine_version"":""Oxigraph [engines.json profile]"",""scale"":""100M"",""base_endpoint_sha256"":""c9e65564945d8df3e6db347909ce749b23a5ceaa40b5bfbce825a1c78035ad60"",""reified_endpoint_sha256"":""9d75166c957de49226a016f8a64c1ef26fa5fb5aae4efed67a9ee6460103a803"",""update_endpoint_sha256"":""a8297913a408e55f541b6c7801716a469203e2ac506de1de3b4285a47b345bae"",""base_data_identity_sha256"":""8a988dc83f4082a4f27503ba2906dc6b8733b3c02be567635c726c67bbd48314"",""reified_data_identity_sha256"":""16162702ccec82b2a0e27063cd04bd756a27af1f003b4cef0da976d843ef4725"",""update_for"":""reified"",""access_mode"":""writable"",""base_data_name"":""exploratory-base"",""reified_data_name"":""exploratory-reified"",""update_canary_sha256"":""41997fb8640d9e765a0272879a63548eb9bd46bbf6e49da02b7c924e506b94f7"",""store_instance_sha256"":""735ac62b30e8a3e73b850ea02c7ab19c17b1289095d95961d66c9b3270bcea6a"",""store_discriminator_sha256"":""2e884d94ace185d62b1b91debf493ccd0a69b83d08e74cf5f1c2be4851b14215"",""tool_sha256"":""b38a65fc0c1a91e138f057f7b6c08d21c328463aceb40ffda53fc759f99d2f7a"",""java_runtime_sha256"":""bdd50c08a90e2fb713541b8a118df6250246a917edc41a6776aeafc90b472687"",""run_identity_sha256"":""a2c2f30fc4ed82d04ccc324a525075e8232ce5062a650fee9870f5caa4b8c3ea""}"
4267882342ccd9cdc5c52909b4aba296ec41092c,oxigraph,Oxigraph [engines.json profile],100M,F,F1,00,dbdf1c8c5e356208a245642d65bdf739a745f5339663addadfdb6363c1aeab02,B,base-select,ok,11,350.4,350.4,350.4,350.4,0.0,0,1,90.0,3318,0.0,,,,,0.00696,[350.427],[0.0],,[],,[],,[],r9.2-frozen-identity-v7,bddc5ffaad35a8dde1536e4e6ebb393f85d6d0edc1f02f9be65b8df5fec2a303,csv-binding-multiset-v1,11,5ec75bba0c6279ff9e5e26e3868880defbf849430969721bcf089c6f50a62fe4,,,,,,,,c9e65564945d8df3e6db347909ce749b23a5ceaa40b5bfbce825a1c78035ad60,9d75166c957de49226a016f8a64c1ef26fa5fb5aae4efed67a9ee6460103a803,a8297913a408e55f541b6c7801716a469203e2ac506de1de3b4285a47b345bae,8a988dc83f4082a4f27503ba2906dc6b8733b3c02be567635c726c67bbd48314,16162702ccec82b2a0e27063cd04bd756a27af1f003b4cef0da976d843ef4725,reified,writable,exploratory-base,exploratory-reified,41997fb8640d9e765a0272879a63548eb9bd46bbf6e49da02b7c924e506b94f7,735ac62b30e8a3e73b850ea02c7ab19c17b1289095d95961d66c9b3270bcea6a,2e884d94ace185d62b1b91debf493ccd0a69b83d08e74cf5f1c2be4851b14215,b38a65fc0c1a91e138f057f7b6c08d21c328463aceb40ffda53fc759f99d2f7a,bdd50c08a90e2fb713541b8a118df6250246a917edc41a6776aeafc90b472687,c0e3d8fcedbb57bacf99420ef48ab3eb48953448d780b2b5c24e92c4e08f1128,"pcm-meta-v2:{""protocol"":""r9.2-frozen-identity-v7"",""message"":"""",""cell_wall_ms"":356.393,""answer_kind"":""csv-binding-multiset-v1"",""answer_key_count"":11,""answer_fingerprint"":""5ec75bba0c6279ff9e5e26e3868880defbf849430969721bcf089c6f50a62fe4"",""c_parse_samples"":[0.0],""c_protocol_samples"":[],""construct_total_samples"":[],""construct_unattributed_samples"":[],""status"":""ok"",""status_evidence"":null,""construction_requested"":null,""construction_effective"":null,""commit"":""4267882342ccd9cdc5c52909b4aba296ec41092c"",""batch_id"":""bddc5ffaad35a8dde1536e4e6ebb393f85d6d0edc1f02f9be65b8df5fec2a303"",""query_sha256"":""dbdf1c8c5e356208a245642d65bdf739a745f5339663addadfdb6363c1aeab02"",""engine"":""oxigraph"",""engine_version"":""Oxigraph [engines.json profile]"",""scale"":""100M"",""base_endpoint_sha256"":""c9e65564945d8df3e6db347909ce749b23a5ceaa40b5bfbce825a1c78035ad60"",""reified_endpoint_sha256"":""9d75166c957de49226a016f8a64c1ef26fa5fb5aae4efed67a9ee6460103a803"",""update_endpoint_sha256"":""a8297913a408e55f541b6c7801716a469203e2ac506de1de3b4285a47b345bae"",""base_data_identity_sha256"":""8a988dc83f4082a4f27503ba2906dc6b8733b3c02be567635c726c67bbd48314"",""reified_data_identity_sha256"":""16162702ccec82b2a0e27063cd04bd756a27af1f003b4cef0da976d843ef4725"",""update_for"":""reified"",""access_mode"":""writable"",""base_data_name"":""exploratory-base"",""reified_data_name"":""exploratory-reified"",""update_canary_sha256"":""41997fb8640d9e765a0272879a63548eb9bd46bbf6e49da02b7c924e506b94f7"",""store_instance_sha256"":""735ac62b30e8a3e73b850ea02c7ab19c17b1289095d95961d66c9b3270bcea6a"",""store_discriminator_sha256"":""2e884d94ace185d62b1b91debf493ccd0a69b83d08e74cf5f1c2be4851b14215"",""tool_sha256"":""b38a65fc0c1a91e138f057f7b6c08d21c328463aceb40ffda53fc759f99d2f7a"",""java_runtime_sha256"":""bdd50c08a90e2fb713541b8a118df6250246a917edc41a6776aeafc90b472687"",""run_identity_sha256"":""c0e3d8fcedbb57bacf99420ef48ab3eb48953448d780b2b5c24e92c4e08f1128""}"
4267882342ccd9cdc5c52909b4aba296ec41092c,oxigraph,Oxigraph [engines.json profile],100M,F,F1,00,dbdf1c8c5e356208a245642d65bdf739a745f5339663addadfdb6363c1aeab02,R,reification-only,ok,11,25558.7,25558.7,25558.7,25558.7,0.0,0,1,90.0,3318,0.0,,,,,163.946429,[25558.666],[0.0],,[],,[],,[],r9.2-frozen-identity-v7,bddc5ffaad35a8dde1536e4e6ebb393f85d6d0edc1f02f9be65b8df5fec2a303,csv-binding-multiset-v1,11,5ec75bba0c6279ff9e5e26e3868880defbf849430969721bcf089c6f50a62fe4,,,,,,,,c9e65564945d8df3e6db347909ce749b23a5ceaa40b5bfbce825a1c78035ad60,9d75166c957de49226a016f8a64c1ef26fa5fb5aae4efed67a9ee6460103a803,a8297913a408e55f541b6c7801716a469203e2ac506de1de3b4285a47b345bae,8a988dc83f4082a4f27503ba2906dc6b8733b3c02be567635c726c67bbd48314,16162702ccec82b2a0e27063cd04bd756a27af1f003b4cef0da976d843ef4725,reified,writable,exploratory-base,exploratory-reified,41997fb8640d9e765a0272879a63548eb9bd46bbf6e49da02b7c924e506b94f7,735ac62b30e8a3e73b850ea02c7ab19c17b1289095d95961d66c9b3270bcea6a,2e884d94ace185d62b1b91debf493ccd0a69b83d08e74cf5f1c2be4851b14215,b38a65fc0c1a91e138f057f7b6c08d21c328463aceb40ffda53fc759f99d2f7a,bdd50c08a90e2fb713541b8a118df6250246a917edc41a6776aeafc90b472687,c0e3d8fcedbb57bacf99420ef48ab3eb48953448d780b2b5c24e92c4e08f1128,"pcm-meta-v2:{""protocol"":""r9.2-frozen-identity-v7"",""message"":"""",""cell_wall_ms"":25732.062,""answer_kind"":""csv-binding-multiset-v1"",""answer_key_count"":11,""answer_fingerprint"":""5ec75bba0c6279ff9e5e26e3868880defbf849430969721bcf089c6f50a62fe4"",""c_parse_samples"":[0.0],""c_protocol_samples"":[],""construct_total_samples"":[],""construct_unattributed_samples"":[],""status"":""ok"",""status_evidence"":null,""construction_requested"":null,""construction_effective"":null,""commit"":""4267882342ccd9cdc5c52909b4aba296ec41092c"",""batch_id"":""bddc5ffaad35a8dde1536e4e6ebb393f85d6d0edc1f02f9be65b8df5fec2a303"",""query_sha256"":""dbdf1c8c5e356208a245642d65bdf739a745f5339663addadfdb6363c1aeab02"",""engine"":""oxigraph"",""engine_version"":""Oxigraph [engines.json profile]"",""scale"":""100M"",""base_endpoint_sha256"":""c9e65564945d8df3e6db347909ce749b23a5ceaa40b5bfbce825a1c78035ad60"",""reified_endpoint_sha256"":""9d75166c957de49226a016f8a64c1ef26fa5fb5aae4efed67a9ee6460103a803"",""update_endpoint_sha256"":""a8297913a408e55f541b6c7801716a469203e2ac506de1de3b4285a47b345bae"",""base_data_identity_sha256"":""8a988dc83f4082a4f27503ba2906dc6b8733b3c02be567635c726c67bbd48314"",""reified_data_identity_sha256"":""16162702ccec82b2a0e27063cd04bd756a27af1f003b4cef0da976d843ef4725"",""update_for"":""reified"",""access_mode"":""writable"",""base_data_name"":""exploratory-base"",""reified_data_name"":""exploratory-reified"",""update_canary_sha256"":""41997fb8640d9e765a0272879a63548eb9bd46bbf6e49da02b7c924e506b94f7"",""store_instance_sha256"":""735ac62b30e8a3e73b850ea02c7ab19c17b1289095d95961d66c9b3270bcea6a"",""store_discriminator_sha256"":""2e884d94ace185d62b1b91debf493ccd0a69b83d08e74cf5f1c2be4851b14215"",""tool_sha256"":""b38a65fc0c1a91e138f057f7b6c08d21c328463aceb40ffda53fc759f99d2f7a"",""java_runtime_sha256"":""bdd50c08a90e2fb713541b8a118df6250246a917edc41a6776aeafc90b472687"",""run_identity_sha256"":""c0e3d8fcedbb57bacf99420ef48ab3eb48953448d780b2b5c24e92c4e08f1128""}"
4267882342ccd9cdc5c52909b4aba296ec41092c,oxigraph,Oxigraph [engines.json profile],100M,F,F1,00,dbdf1c8c5e356208a245642d65bdf739a745f5339663addadfdb6363c1aeab02,N,N_clean (NPCS reimplementation),ok,11,17672.3,17672.3,17672.3,17672.3,0.0,0,1,90.0,4439,0.0,,,,11,196.951177,[17672.279],[0.0],,[],,[],,[],r9.2-frozen-identity-v7,bddc5ffaad35a8dde1536e4e6ebb393f85d6d0edc1f02f9be65b8df5fec2a303,csv-candidate-multiset-v1,11,5ec75bba0c6279ff9e5e26e3868880defbf849430969721bcf089c6f50a62fe4,,,,,,,,c9e65564945d8df3e6db347909ce749b23a5ceaa40b5bfbce825a1c78035ad60,9d75166c957de49226a016f8a64c1ef26fa5fb5aae4efed67a9ee6460103a803,a8297913a408e55f541b6c7801716a469203e2ac506de1de3b4285a47b345bae,8a988dc83f4082a4f27503ba2906dc6b8733b3c02be567635c726c67bbd48314,16162702ccec82b2a0e27063cd04bd756a27af1f003b4cef0da976d843ef4725,reified,writable,exploratory-base,exploratory-reified,41997fb8640d9e765a0272879a63548eb9bd46bbf6e49da02b7c924e506b94f7,735ac62b30e8a3e73b850ea02c7ab19c17b1289095d95961d66c9b3270bcea6a,2e884d94ace185d62b1b91debf493ccd0a69b83d08e74cf5f1c2be4851b14215,b38a65fc0c1a91e138f057f7b6c08d21c328463aceb40ffda53fc759f99d2f7a,bdd50c08a90e2fb713541b8a118df6250246a917edc41a6776aeafc90b472687,c0e3d8fcedbb57bacf99420ef48ab3eb48953448d780b2b5c24e92c4e08f1128,"pcm-meta-v2:{""protocol"":""r9.2-frozen-identity-v7"",""message"":"""",""cell_wall_ms"":17876.726,""answer_kind"":""csv-candidate-multiset-v1"",""answer_key_count"":11,""answer_fingerprint"":""5ec75bba0c6279ff9e5e26e3868880defbf849430969721bcf089c6f50a62fe4"",""c_parse_samples"":[0.0],""c_protocol_samples"":[],""construct_total_samples"":[],""construct_unattributed_samples"":[],""status"":""ok"",""status_evidence"":null,""construction_requested"":null,""construction_effective"":null,""commit"":""4267882342ccd9cdc5c52909b4aba296ec41092c"",""batch_id"":""bddc5ffaad35a8dde1536e4e6ebb393f85d6d0edc1f02f9be65b8df5fec2a303"",""query_sha256"":""dbdf1c8c5e356208a245642d65bdf739a745f5339663addadfdb6363c1aeab02"",""engine"":""oxigraph"",""engine_version"":""Oxigraph [engines.json profile]"",""scale"":""100M"",""base_endpoint_sha256"":""c9e65564945d8df3e6db347909ce749b23a5ceaa40b5bfbce825a1c78035ad60"",""reified_endpoint_sha256"":""9d75166c957de49226a016f8a64c1ef26fa5fb5aae4efed67a9ee6460103a803"",""update_endpoint_sha256"":""a8297913a408e55f541b6c7801716a469203e2ac506de1de3b4285a47b345bae"",""base_data_identity_sha256"":""8a988dc83f4082a4f27503ba2906dc6b8733b3c02be567635c726c67bbd48314"",""reified_data_identity_sha256"":""16162702ccec82b2a0e27063cd04bd756a27af1f003b4cef0da976d843ef4725"",""update_for"":""reified"",""access_mode"":""writable"",""base_data_name"":""exploratory-base"",""reified_data_name"":""exploratory-reified"",""update_canary_sha256"":""41997fb8640d9e765a0272879a63548eb9bd46bbf6e49da02b7c924e506b94f7"",""store_instance_sha256"":""735ac62b30e8a3e73b850ea02c7ab19c17b1289095d95961d66c9b3270bcea6a"",""store_discriminator_sha256"":""2e884d94ace185d62b1b91debf493ccd0a69b83d08e74cf5f1c2be4851b14215"",""tool_sha256"":""b38a65fc0c1a91e138f057f7b6c08d21c328463aceb40ffda53fc759f99d2f7a"",""java_runtime_sha256"":""bdd50c08a90e2fb713541b8a118df6250246a917edc41a6776aeafc90b472687"",""run_identity_sha256"":""c0e3d8fcedbb57bacf99420ef48ab3eb48953448d780b2b5c24e92c4e08f1128""}"
4267882342ccd9cdc5c52909b4aba296ec41092c,oxigraph,Oxigraph [engines.json profile],100M,F,F1,00,dbdf1c8c5e356208a245642d65bdf739a745f5339663addadfdb6363c1aeab02,C,SPARQLcirc CircuitRewriter,ok,11,18404.9,18404.9,18404.9,18404.9,0.0,0,1,90.0,41174,5.4,22,77,11,,410.376946,[18404.872],[5.446],0.0,[0.0],18410.8,[18410.775],0.5,[0.457],r9.2-frozen-identity-v7,bddc5ffaad35a8dde1536e4e6ebb393f85d6d0edc1f02f9be65b8df5fec2a303,term-aware-candidate-set-v1,11,fad2b61b449efdd3efc1de1c7653c8155bb7ee4d1ae6e98f4ce271980b4a173a,flat,flat,57d0c632f5cd8e44e0f2a01d4a37e6cb88fe9737b31999c3d6e4a97cdd0aeab7,,,,,c9e65564945d8df3e6db347909ce749b23a5ceaa40b5bfbce825a1c78035ad60,9d75166c957de49226a016f8a64c1ef26fa5fb5aae4efed67a9ee6460103a803,a8297913a408e55f541b6c7801716a469203e2ac506de1de3b4285a47b345bae,8a988dc83f4082a4f27503ba2906dc6b8733b3c02be567635c726c67bbd48314,16162702ccec82b2a0e27063cd04bd756a27af1f003b4cef0da976d843ef4725,reified,writable,exploratory-base,exploratory-reified,41997fb8640d9e765a0272879a63548eb9bd46bbf6e49da02b7c924e506b94f7,735ac62b30e8a3e73b850ea02c7ab19c17b1289095d95961d66c9b3270bcea6a,2e884d94ace185d62b1b91debf493ccd0a69b83d08e74cf5f1c2be4851b14215,b38a65fc0c1a91e138f057f7b6c08d21c328463aceb40ffda53fc759f99d2f7a,bdd50c08a90e2fb713541b8a118df6250246a917edc41a6776aeafc90b472687,c0e3d8fcedbb57bacf99420ef48ab3eb48953448d780b2b5c24e92c4e08f1128,"pcm-meta-v2:{""protocol"":""r9.2-frozen-identity-v7"",""message"":""C requested=flat effective=flat; steps=1 feedback=0; network includes CONSTRUCT, feedback INSERT, and cleanup DELETE"",""cell_wall_ms"":18826.502,""answer_kind"":""term-aware-candidate-set-v1"",""answer_key_count"":11,""answer_fingerprint"":""fad2b61b449efdd3efc1de1c7653c8155bb7ee4d1ae6e98f4ce271980b4a173a"",""c_parse_samples"":[5.446],""c_protocol_samples"":[{""requested_mode"":""flat"",""effective_mode"":""flat"",""fallback_reason"":null,""plan_steps"":1,""feedback_steps"":0,""feedback_triples"":0,""construct_query_ms"":18404.872,""feedback_update_ms"":0.0,""cleanup_ms"":0.0,""client_protocol_ms"":0.0,""network_scope"":""construct+feedback+cleanup"",""circuit_sha256"":""57d0c632f5cd8e44e0f2a01d4a37e6cb88fe9737b31999c3d6e4a97cdd0aeab7"",""answer_fingerprint"":""fad2b61b449efdd3efc1de1c7653c8155bb7ee4d1ae6e98f4ce271980b4a173a"",""semantic_signature_sha256"":""33f0bab28613727d7e95542b1178a10e526424af6c0d32934df3ed8088e859e1"",""structure_signature"":{""gates"":22,""edges"":77,""answers"":11,""derivations"":11,""canonical_bytes"":41174},""construct_total_ms"":18410.775,""client_unattributed_ms"":0.457}],""construct_total_samples"":[18410.775],""construct_unattributed_samples"":[0.457],""status"":""ok"",""status_evidence"":null,""c_warmup_signatures"":[],""measured_semantic_signature_sha256"":""33f0bab28613727d7e95542b1178a10e526424af6c0d32934df3ed8088e859e1"",""measured_repetitions_consistent"":true,""endpoint_lock"":{""wait_ms"":0.009,""lock_path"":""/tmp/sparqlcirc-r9-endpoint-locks-v7/735ac62b30e8a3e73b850ea02c7ab19c17b1289095d95961d66c9b3270bcea6a.lock""},""construction_requested"":""flat"",""construction_effective"":""flat"",""commit"":""4267882342ccd9cdc5c52909b4aba296ec41092c"",""batch_id"":""bddc5ffaad35a8dde1536e4e6ebb393f85d6d0edc1f02f9be65b8df5fec2a303"",""query_sha256"":""dbdf1c8c5e356208a245642d65bdf739a745f5339663addadfdb6363c1aeab02"",""engine"":""oxigraph"",""engine_version"":""Oxigraph [engines.json profile]"",""scale"":""100M"",""base_endpoint_sha256"":""c9e65564945d8df3e6db347909ce749b23a5ceaa40b5bfbce825a1c78035ad60"",""reified_endpoint_sha256"":""9d75166c957de49226a016f8a64c1ef26fa5fb5aae4efed67a9ee6460103a803"",""update_endpoint_sha256"":""a8297913a408e55f541b6c7801716a469203e2ac506de1de3b4285a47b345bae"",""base_data_identity_sha256"":""8a988dc83f4082a4f27503ba2906dc6b8733b3c02be567635c726c67bbd48314"",""reified_data_identity_sha256"":""16162702ccec82b2a0e27063cd04bd756a27af1f003b4cef0da976d843ef4725"",""update_for"":""reified"",""access_mode"":""writable"",""base_data_name"":""exploratory-base"",""reified_data_name"":""exploratory-reified"",""update_canary_sha256"":""41997fb8640d9e765a0272879a63548eb9bd46bbf6e49da02b7c924e506b94f7"",""store_instance_sha256"":""735ac62b30e8a3e73b850ea02c7ab19c17b1289095d95961d66c9b3270bcea6a"",""store_discriminator_sha256"":""2e884d94ace185d62b1b91debf493ccd0a69b83d08e74cf5f1c2be4851b14215"",""tool_sha256"":""b38a65fc0c1a91e138f057f7b6c08d21c328463aceb40ffda53fc759f99d2f7a"",""java_runtime_sha256"":""bdd50c08a90e2fb713541b8a118df6250246a917edc41a6776aeafc90b472687"",""run_identity_sha256"":""c0e3d8fcedbb57bacf99420ef48ab3eb48953448d780b2b5c24e92c4e08f1128""}"
4267882342ccd9cdc5c52909b4aba296ec41092c,oxigraph,Oxigraph [engines.json profile],100M,F,F2,00,a2d067af87788371d0895c53af5536df3cc59090adda8fe35f6c9b1491962642,B,base-select,ok,13,46.0,46.0,46.0,46.0,0.0,0,1,90.0,7366,0.0,,,,,0.00731,[45.996],[0.0],,[],,[],,[],r9.2-frozen-identity-v7,bddc5ffaad35a8dde1536e4e6ebb393f85d6d0edc1f02f9be65b8df5fec2a303,csv-binding-multiset-v1,13,3eb9b704133c2133f9251cb9f3cedc8f0da112569b5318be2942be1b0972c0a6,,,,,,,,c9e65564945d8df3e6db347909ce749b23a5ceaa40b5bfbce825a1c78035ad60,9d75166c957de49226a016f8a64c1ef26fa5fb5aae4efed67a9ee6460103a803,a8297913a408e55f541b6c7801716a469203e2ac506de1de3b4285a47b345bae,8a988dc83f4082a4f27503ba2906dc6b8733b3c02be567635c726c67bbd48314,16162702ccec82b2a0e27063cd04bd756a27af1f003b4cef0da976d843ef4725,reified,writable,exploratory-base,exploratory-reified,41997fb8640d9e765a0272879a63548eb9bd46bbf6e49da02b7c924e506b94f7,735ac62b30e8a3e73b850ea02c7ab19c17b1289095d95961d66c9b3270bcea6a,2e884d94ace185d62b1b91debf493ccd0a69b83d08e74cf5f1c2be4851b14215,b38a65fc0c1a91e138f057f7b6c08d21c328463aceb40ffda53fc759f99d2f7a,bdd50c08a90e2fb713541b8a118df6250246a917edc41a6776aeafc90b472687,a71e591e8982e0023674e5bdd562899dec8d4b58c9799b492295ddc48c8baba5,"pcm-meta-v2:{""protocol"":""r9.2-frozen-identity-v7"",""message"":"""",""cell_wall_ms"":51.667,""answer_kind"":""csv-binding-multiset-v1"",""answer_key_count"":13,""answer_fingerprint"":""3eb9b704133c2133f9251cb9f3cedc8f0da112569b5318be2942be1b0972c0a6"",""c_parse_samples"":[0.0],""c_protocol_samples"":[],""construct_total_samples"":[],""construct_unattributed_samples"":[],""status"":""ok"",""status_evidence"":null,""construction_requested"":null,""construction_effective"":null,""commit"":""4267882342ccd9cdc5c52909b4aba296ec41092c"",""batch_id"":""bddc5ffaad35a8dde1536e4e6ebb393f85d6d0edc1f02f9be65b8df5fec2a303"",""query_sha256"":""a2d067af87788371d0895c53af5536df3cc59090adda8fe35f6c9b1491962642"",""engine"":""oxigraph"",""engine_version"":""Oxigraph [engines.json profile]"",""scale"":""100M"",""base_endpoint_sha256"":""c9e65564945d8df3e6db347909ce749b23a5ceaa40b5bfbce825a1c78035ad60"",""reified_endpoint_sha256"":""9d75166c957de49226a016f8a64c1ef26fa5fb5aae4efed67a9ee6460103a803"",""update_endpoint_sha256"":""a8297913a408e55f541b6c7801716a469203e2ac506de1de3b4285a47b345bae"",""base_data_identity_sha256"":""8a988dc83f4082a4f27503ba2906dc6b8733b3c02be567635c726c67bbd48314"",""reified_data_identity_sha256"":""16162702ccec82b2a0e27063cd04bd756a27af1f003b4cef0da976d843ef4725"",""update_for"":""reified"",""access_mode"":""writable"",""base_data_name"":""exploratory-base"",""reified_data_name"":""exploratory-reified"",""update_canary_sha256"":""41997fb8640d9e765a0272879a63548eb9bd46bbf6e49da02b7c924e506b94f7"",""store_instance_sha256"":""735ac62b30e8a3e73b850ea02c7ab19c17b1289095d95961d66c9b3270bcea6a"",""store_discriminator_sha256"":""2e884d94ace185d62b1b91debf493ccd0a69b83d08e74cf5f1c2be4851b14215"",""tool_sha256"":""b38a65fc0c1a91e138f057f7b6c08d21c328463aceb40ffda53fc759f99d2f7a"",""java_runtime_sha256"":""bdd50c08a90e2fb713541b8a118df6250246a917edc41a6776aeafc90b472687"",""run_identity_sha256"":""a71e591e8982e0023674e5bdd562899dec8d4b58c9799b492295ddc48c8baba5""}"
4267882342ccd9cdc5c52909b4aba296ec41092c,oxigraph,Oxigraph [engines.json profile],100M,F,F2,00,a2d067af87788371d0895c53af5536df3cc59090adda8fe35f6c9b1491962642,R,reification-only,ok,13,7156.4,7156.4,7156.4,7156.4,0.0,0,1,90.0,7366,0.0,,,,,172.977637,[7156.426],[0.0],,[],,[],,[],r9.2-frozen-identity-v7,bddc5ffaad35a8dde1536e4e6ebb393f85d6d0edc1f02f9be65b8df5fec2a303,csv-binding-multiset-v1,13,3eb9b704133c2133f9251cb9f3cedc8f0da112569b5318be2942be1b0972c0a6,,,,,,,,c9e65564945d8df3e6db347909ce749b23a5ceaa40b5bfbce825a1c78035ad60,9d75166c957de49226a016f8a64c1ef26fa5fb5aae4efed67a9ee6460103a803,a8297913a408e55f541b6c7801716a469203e2ac506de1de3b4285a47b345bae,8a988dc83f4082a4f27503ba2906dc6b8733b3c02be567635c726c67bbd48314,16162702ccec82b2a0e27063cd04bd756a27af1f003b4cef0da976d843ef4725,reified,writable,exploratory-base,exploratory-reified,41997fb8640d9e765a0272879a63548eb9bd46bbf6e49da02b7c924e506b94f7,735ac62b30e8a3e73b850ea02c7ab19c17b1289095d95961d66c9b3270bcea6a,2e884d94ace185d62b1b91debf493ccd0a69b83d08e74cf5f1c2be4851b14215,b38a65fc0c1a91e138f057f7b6c08d21c328463aceb40ffda53fc759f99d2f7a,bdd50c08a90e2fb713541b8a118df6250246a917edc41a6776aeafc90b472687,a71e591e8982e0023674e5bdd562899dec8d4b58c9799b492295ddc48c8baba5,"pcm-meta-v2:{""protocol"":""r9.2-frozen-identity-v7"",""message"":"""",""cell_wall_ms"":7337.361,""answer_kind"":""csv-binding-multiset-v1"",""answer_key_count"":13,""answer_fingerprint"":""3eb9b704133c2133f9251cb9f3cedc8f0da112569b5318be2942be1b0972c0a6"",""c_parse_samples"":[0.0],""c_protocol_samples"":[],""construct_total_samples"":[],""construct_unattributed_samples"":[],""status"":""ok"",""status_evidence"":null,""construction_requested"":null,""construction_effective"":null,""commit"":""4267882342ccd9cdc5c52909b4aba296ec41092c"",""batch_id"":""bddc5ffaad35a8dde1536e4e6ebb393f85d6d0edc1f02f9be65b8df5fec2a303"",""query_sha256"":""a2d067af87788371d0895c53af5536df3cc59090adda8fe35f6c9b1491962642"",""engine"":""oxigraph"",""engine_version"":""Oxigraph [engines.json profile]"",""scale"":""100M"",""base_endpoint_sha256"":""c9e65564945d8df3e6db347909ce749b23a5ceaa40b5bfbce825a1c78035ad60"",""reified_endpoint_sha256"":""9d75166c957de49226a016f8a64c1ef26fa5fb5aae4efed67a9ee6460103a803"",""update_endpoint_sha256"":""a8297913a408e55f541b6c7801716a469203e2ac506de1de3b4285a47b345bae"",""base_data_identity_sha256"":""8a988dc83f4082a4f27503ba2906dc6b8733b3c02be567635c726c67bbd48314"",""reified_data_identity_sha256"":""16162702ccec82b2a0e27063cd04bd756a27af1f003b4cef0da976d843ef4725"",""update_for"":""reified"",""access_mode"":""writable"",""base_data_name"":""exploratory-base"",""reified_data_name"":""exploratory-reified"",""update_canary_sha256"":""41997fb8640d9e765a0272879a63548eb9bd46bbf6e49da02b7c924e506b94f7"",""store_instance_sha256"":""735ac62b30e8a3e73b850ea02c7ab19c17b1289095d95961d66c9b3270bcea6a"",""store_discriminator_sha256"":""2e884d94ace185d62b1b91debf493ccd0a69b83d08e74cf5f1c2be4851b14215"",""tool_sha256"":""b38a65fc0c1a91e138f057f7b6c08d21c328463aceb40ffda53fc759f99d2f7a"",""java_runtime_sha256"":""bdd50c08a90e2fb713541b8a118df6250246a917edc41a6776aeafc90b472687"",""run_identity_sha256"":""a71e591e8982e0023674e5bdd562899dec8d4b58c9799b492295ddc48c8baba5""}"
4267882342ccd9cdc5c52909b4aba296ec41092c,oxigraph,Oxigraph [engines.json profile],100M,F,F2,00,a2d067af87788371d0895c53af5536df3cc59090adda8fe35f6c9b1491962642,N,N_clean (NPCS reimplementation),timeout,,,,,,,0,1,90.0,,,,,,,186.892628,[],[],,[],,[],,[],r9.2-frozen-identity-v7,bddc5ffaad35a8dde1536e4e6ebb393f85d6d0edc1f02f9be65b8df5fec2a303,,,,,,,,,,,c9e65564945d8df3e6db347909ce749b23a5ceaa40b5bfbce825a1c78035ad60,9d75166c957de49226a016f8a64c1ef26fa5fb5aae4efed67a9ee6460103a803,a8297913a408e55f541b6c7801716a469203e2ac506de1de3b4285a47b345bae,8a988dc83f4082a4f27503ba2906dc6b8733b3c02be567635c726c67bbd48314,16162702ccec82b2a0e27063cd04bd756a27af1f003b4cef0da976d843ef4725,reified,writable,exploratory-base,exploratory-reified,41997fb8640d9e765a0272879a63548eb9bd46bbf6e49da02b7c924e506b94f7,735ac62b30e8a3e73b850ea02c7ab19c17b1289095d95961d66c9b3270bcea6a,2e884d94ace185d62b1b91debf493ccd0a69b83d08e74cf5f1c2be4851b14215,b38a65fc0c1a91e138f057f7b6c08d21c328463aceb40ffda53fc759f99d2f7a,bdd50c08a90e2fb713541b8a118df6250246a917edc41a6776aeafc90b472687,a71e591e8982e0023674e5bdd562899dec8d4b58c9799b492295ddc48c8baba5,"pcm-meta-v2:{""protocol"":""r9.2-frozen-identity-v7"",""message"":""whole cell exceeded 90s hard deadline; worker reaped"",""cell_wall_ms"":90000.0,""c_parse_samples"":[],""c_protocol_samples"":[],""construct_total_samples"":[],""construct_unattributed_samples"":[],""status"":""timeout"",""status_evidence"":{""kind"":""hard-wall-deadline"",""message"":""whole cell exceeded 90s hard deadline; worker reaped""},""construction_requested"":null,""construction_effective"":null,""commit"":""4267882342ccd9cdc5c52909b4aba296ec41092c"",""batch_id"":""bddc5ffaad35a8dde1536e4e6ebb393f85d6d0edc1f02f9be65b8df5fec2a303"",""query_sha256"":""a2d067af87788371d0895c53af5536df3cc59090adda8fe35f6c9b1491962642"",""engine"":""oxigraph"",""engine_version"":""Oxigraph [engines.json profile]"",""scale"":""100M"",""base_endpoint_sha256"":""c9e65564945d8df3e6db347909ce749b23a5ceaa40b5bfbce825a1c78035ad60"",""reified_endpoint_sha256"":""9d75166c957de49226a016f8a64c1ef26fa5fb5aae4efed67a9ee6460103a803"",""update_endpoint_sha256"":""a8297913a408e55f541b6c7801716a469203e2ac506de1de3b4285a47b345bae"",""base_data_identity_sha256"":""8a988dc83f4082a4f27503ba2906dc6b8733b3c02be567635c726c67bbd48314"",""reified_data_identity_sha256"":""16162702ccec82b2a0e27063cd04bd756a27af1f003b4cef0da976d843ef4725"",""update_for"":""reified"",""access_mode"":""writable"",""base_data_name"":""exploratory-base"",""reified_data_name"":""exploratory-reified"",""update_canary_sha256"":""41997fb8640d9e765a0272879a63548eb9bd46bbf6e49da02b7c924e506b94f7"",""store_instance_sha256"":""735ac62b30e8a3e73b850ea02c7ab19c17b1289095d95961d66c9b3270bcea6a"",""store_discriminator_sha256"":""2e884d94ace185d62b1b91debf493ccd0a69b83d08e74cf5f1c2be4851b14215"",""tool_sha256"":""b38a65fc0c1a91e138f057f7b6c08d21c328463aceb40ffda53fc759f99d2f7a"",""java_runtime_sha256"":""bdd50c08a90e2fb713541b8a118df6250246a917edc41a6776aeafc90b472687"",""run_identity_sha256"":""a71e591e8982e0023674e5bdd562899dec8d4b58c9799b492295ddc48c8baba5""}"
4267882342ccd9cdc5c52909b4aba296ec41092c,oxigraph,Oxigraph [engines.json profile],100M,F,F2,00,a2d067af87788371d0895c53af5536df3cc59090adda8fe35f6c9b1491962642,C,SPARQLcirc CircuitRewriter,timeout,,,,,,,0,1,90.0,,,,,,,441.588485,[],[],,[],,[],,[],r9.2-frozen-identity-v7,bddc5ffaad35a8dde1536e4e6ebb393f85d6d0edc1f02f9be65b8df5fec2a303,,,,,,,,,,,c9e65564945d8df3e6db347909ce749b23a5ceaa40b5bfbce825a1c78035ad60,9d75166c957de49226a016f8a64c1ef26fa5fb5aae4efed67a9ee6460103a803,a8297913a408e55f541b6c7801716a469203e2ac506de1de3b4285a47b345bae,8a988dc83f4082a4f27503ba2906dc6b8733b3c02be567635c726c67bbd48314,16162702ccec82b2a0e27063cd04bd756a27af1f003b4cef0da976d843ef4725,reified,writable,exploratory-base,exploratory-reified,41997fb8640d9e765a0272879a63548eb9bd46bbf6e49da02b7c924e506b94f7,735ac62b30e8a3e73b850ea02c7ab19c17b1289095d95961d66c9b3270bcea6a,2e884d94ace185d62b1b91debf493ccd0a69b83d08e74cf5f1c2be4851b14215,b38a65fc0c1a91e138f057f7b6c08d21c328463aceb40ffda53fc759f99d2f7a,bdd50c08a90e2fb713541b8a118df6250246a917edc41a6776aeafc90b472687,a71e591e8982e0023674e5bdd562899dec8d4b58c9799b492295ddc48c8baba5,"pcm-meta-v2:{""protocol"":""r9.2-frozen-identity-v7"",""message"":""whole cell exceeded 90s hard deadline; worker reaped"",""cell_wall_ms"":90000.0,""c_parse_samples"":[],""c_protocol_samples"":[],""construct_total_samples"":[],""construct_unattributed_samples"":[],""status"":""timeout"",""status_evidence"":{""kind"":""hard-wall-deadline"",""message"":""whole cell exceeded 90s hard deadline; worker reaped""},""endpoint_lock"":{""wait_ms"":0.006,""lock_path"":""/tmp/sparqlcirc-r9-endpoint-locks-v7/735ac62b30e8a3e73b850ea02c7ab19c17b1289095d95961d66c9b3270bcea6a.lock""},""construction_requested"":null,""construction_effective"":null,""commit"":""4267882342ccd9cdc5c52909b4aba296ec41092c"",""batch_id"":""bddc5ffaad35a8dde1536e4e6ebb393f85d6d0edc1f02f9be65b8df5fec2a303"",""query_sha256"":""a2d067af87788371d0895c53af5536df3cc59090adda8fe35f6c9b1491962642"",""engine"":""oxigraph"",""engine_version"":""Oxigraph [engines.json profile]"",""scale"":""100M"",""base_endpoint_sha256"":""c9e65564945d8df3e6db347909ce749b23a5ceaa40b5bfbce825a1c78035ad60"",""reified_endpoint_sha256"":""9d75166c957de49226a016f8a64c1ef26fa5fb5aae4efed67a9ee6460103a803"",""update_endpoint_sha256"":""a8297913a408e55f541b6c7801716a469203e2ac506de1de3b4285a47b345bae"",""base_data_identity_sha256"":""8a988dc83f4082a4f27503ba2906dc6b8733b3c02be567635c726c67bbd48314"",""reified_data_identity_sha256"":""16162702ccec82b2a0e27063cd04bd756a27af1f003b4cef0da976d843ef4725"",""update_for"":""reified"",""access_mode"":""writable"",""base_data_name"":""exploratory-base"",""reified_data_name"":""exploratory-reified"",""update_canary_sha256"":""41997fb8640d9e765a0272879a63548eb9bd46bbf6e49da02b7c924e506b94f7"",""store_instance_sha256"":""735ac62b30e8a3e73b850ea02c7ab19c17b1289095d95961d66c9b3270bcea6a"",""store_discriminator_sha256"":""2e884d94ace185d62b1b91debf493ccd0a69b83d08e74cf5f1c2be4851b14215"",""tool_sha256"":""b38a65fc0c1a91e138f057f7b6c08d21c328463aceb40ffda53fc759f99d2f7a"",""java_runtime_sha256"":""bdd50c08a90e2fb713541b8a118df6250246a917edc41a6776aeafc90b472687"",""run_identity_sha256"":""a71e591e8982e0023674e5bdd562899dec8d4b58c9799b492295ddc48c8baba5""}"
4267882342ccd9cdc5c52909b4aba296ec41092c,oxigraph,Oxigraph [engines.json profile],100M,F,F3,00,ab4a33937e9d2bc9b501268b85f184fcbc070f1c35d8b6f2a148df9d906de693,B,base-select,ok,19,49.9,49.9,49.9,49.9,0.0,0,1,90.0,3180,0.0,,,,,0.00766,[49.917],[0.0],,[],,[],,[],r9.2-frozen-identity-v7,bddc5ffaad35a8dde1536e4e6ebb393f85d6d0edc1f02f9be65b8df5fec2a303,csv-binding-multiset-v1,19,eedc041263068708b3db8b909d5a7316390f1077617fa3a21e6aa69d4344096b,,,,,,,,c9e65564945d8df3e6db347909ce749b23a5ceaa40b5bfbce825a1c78035ad60,9d75166c957de49226a016f8a64c1ef26fa5fb5aae4efed67a9ee6460103a803,a8297913a408e55f541b6c7801716a469203e2ac506de1de3b4285a47b345bae,8a988dc83f4082a4f27503ba2906dc6b8733b3c02be567635c726c67bbd48314,16162702ccec82b2a0e27063cd04bd756a27af1f003b4cef0da976d843ef4725,reified,writable,exploratory-base,exploratory-reified,41997fb8640d9e765a0272879a63548eb9bd46bbf6e49da02b7c924e506b94f7,735ac62b30e8a3e73b850ea02c7ab19c17b1289095d95961d66c9b3270bcea6a,2e884d94ace185d62b1b91debf493ccd0a69b83d08e74cf5f1c2be4851b14215,b38a65fc0c1a91e138f057f7b6c08d21c328463aceb40ffda53fc759f99d2f7a,bdd50c08a90e2fb713541b8a118df6250246a917edc41a6776aeafc90b472687,ed4cc2ff7871daba901962dbc082ffedc97abc50a25c41e6870eb2af54d00626,"pcm-meta-v2:{""protocol"":""r9.2-frozen-identity-v7"",""message"":"""",""cell_wall_ms"":55.848,""answer_kind"":""csv-binding-multiset-v1"",""answer_key_count"":19,""answer_fingerprint"":""eedc041263068708b3db8b909d5a7316390f1077617fa3a21e6aa69d4344096b"",""c_parse_samples"":[0.0],""c_protocol_samples"":[],""construct_total_samples"":[],""construct_unattributed_samples"":[],""status"":""ok"",""status_evidence"":null,""construction_requested"":null,""construction_effective"":null,""commit"":""4267882342ccd9cdc5c52909b4aba296ec41092c"",""batch_id"":""bddc5ffaad35a8dde1536e4e6ebb393f85d6d0edc1f02f9be65b8df5fec2a303"",""query_sha256"":""ab4a33937e9d2bc9b501268b85f184fcbc070f1c35d8b6f2a148df9d906de693"",""engine"":""oxigraph"",""engine_version"":""Oxigraph [engines.json profile]"",""scale"":""100M"",""base_endpoint_sha256"":""c9e65564945d8df3e6db347909ce749b23a5ceaa40b5bfbce825a1c78035ad60"",""reified_endpoint_sha256"":""9d75166c957de49226a016f8a64c1ef26fa5fb5aae4efed67a9ee6460103a803"",""update_endpoint_sha256"":""a8297913a408e55f541b6c7801716a469203e2ac506de1de3b4285a47b345bae"",""base_data_identity_sha256"":""8a988dc83f4082a4f27503ba2906dc6b8733b3c02be567635c726c67bbd48314"",""reified_data_identity_sha256"":""16162702ccec82b2a0e27063cd04bd756a27af1f003b4cef0da976d843ef4725"",""update_for"":""reified"",""access_mode"":""writable"",""base_data_name"":""exploratory-base"",""reified_data_name"":""exploratory-reified"",""update_canary_sha256"":""41997fb8640d9e765a0272879a63548eb9bd46bbf6e49da02b7c924e506b94f7"",""store_instance_sha256"":""735ac62b30e8a3e73b850ea02c7ab19c17b1289095d95961d66c9b3270bcea6a"",""store_discriminator_sha256"":""2e884d94ace185d62b1b91debf493ccd0a69b83d08e74cf5f1c2be4851b14215"",""tool_sha256"":""b38a65fc0c1a91e138f057f7b6c08d21c328463aceb40ffda53fc759f99d2f7a"",""java_runtime_sha256"":""bdd50c08a90e2fb713541b8a118df6250246a917edc41a6776aeafc90b472687"",""run_identity_sha256"":""ed4cc2ff7871daba901962dbc082ffedc97abc50a25c41e6870eb2af54d00626""}"
4267882342ccd9cdc5c52909b4aba296ec41092c,oxigraph,Oxigraph [engines.json profile],100M,F,F3,00,ab4a33937e9d2bc9b501268b85f184fcbc070f1c35d8b6f2a148df9d906de693,R,reification-only,ok,19,7689.2,7689.2,7689.2,7689.2,0.0,0,1,90.0,3180,0.0,,,,,219.998219,[7689.207],[0.0],,[],,[],,[],r9.2-frozen-identity-v7,bddc5ffaad35a8dde1536e4e6ebb393f85d6d0edc1f02f9be65b8df5fec2a303,csv-binding-multiset-v1,19,eedc041263068708b3db8b909d5a7316390f1077617fa3a21e6aa69d4344096b,,,,,,,,c9e65564945d8df3e6db347909ce749b23a5ceaa40b5bfbce825a1c78035ad60,9d75166c957de49226a016f8a64c1ef26fa5fb5aae4efed67a9ee6460103a803,a8297913a408e55f541b6c7801716a469203e2ac506de1de3b4285a47b345bae,8a988dc83f4082a4f27503ba2906dc6b8733b3c02be567635c726c67bbd48314,16162702ccec82b2a0e27063cd04bd756a27af1f003b4cef0da976d843ef4725,reified,writable,exploratory-base,exploratory-reified,41997fb8640d9e765a0272879a63548eb9bd46bbf6e49da02b7c924e506b94f7,735ac62b30e8a3e73b850ea02c7ab19c17b1289095d95961d66c9b3270bcea6a,2e884d94ace185d62b1b91debf493ccd0a69b83d08e74cf5f1c2be4851b14215,b38a65fc0c1a91e138f057f7b6c08d21c328463aceb40ffda53fc759f99d2f7a,bdd50c08a90e2fb713541b8a118df6250246a917edc41a6776aeafc90b472687,ed4cc2ff7871daba901962dbc082ffedc97abc50a25c41e6870eb2af54d00626,"pcm-meta-v2:{""protocol"":""r9.2-frozen-identity-v7"",""message"":"""",""cell_wall_ms"":7917.454,""answer_kind"":""csv-binding-multiset-v1"",""answer_key_count"":19,""answer_fingerprint"":""eedc041263068708b3db8b909d5a7316390f1077617fa3a21e6aa69d4344096b"",""c_parse_samples"":[0.0],""c_protocol_samples"":[],""construct_total_samples"":[],""construct_unattributed_samples"":[],""status"":""ok"",""status_evidence"":null,""construction_requested"":null,""construction_effective"":null,""commit"":""4267882342ccd9cdc5c52909b4aba296ec41092c"",""batch_id"":""bddc5ffaad35a8dde1536e4e6ebb393f85d6d0edc1f02f9be65b8df5fec2a303"",""query_sha256"":""ab4a33937e9d2bc9b501268b85f184fcbc070f1c35d8b6f2a148df9d906de693"",""engine"":""oxigraph"",""engine_version"":""Oxigraph [engines.json profile]"",""scale"":""100M"",""base_endpoint_sha256"":""c9e65564945d8df3e6db347909ce749b23a5ceaa40b5bfbce825a1c78035ad60"",""reified_endpoint_sha256"":""9d75166c957de49226a016f8a64c1ef26fa5fb5aae4efed67a9ee6460103a803"",""update_endpoint_sha256"":""a8297913a408e55f541b6c7801716a469203e2ac506de1de3b4285a47b345bae"",""base_data_identity_sha256"":""8a988dc83f4082a4f27503ba2906dc6b8733b3c02be567635c726c67bbd48314"",""reified_data_identity_sha256"":""16162702ccec82b2a0e27063cd04bd756a27af1f003b4cef0da976d843ef4725"",""update_for"":""reified"",""access_mode"":""writable"",""base_data_name"":""exploratory-base"",""reified_data_name"":""exploratory-reified"",""update_canary_sha256"":""41997fb8640d9e765a0272879a63548eb9bd46bbf6e49da02b7c924e506b94f7"",""store_instance_sha256"":""735ac62b30e8a3e73b850ea02c7ab19c17b1289095d95961d66c9b3270bcea6a"",""store_discriminator_sha256"":""2e884d94ace185d62b1b91debf493ccd0a69b83d08e74cf5f1c2be4851b14215"",""tool_sha256"":""b38a65fc0c1a91e138f057f7b6c08d21c328463aceb40ffda53fc759f99d2f7a"",""java_runtime_sha256"":""bdd50c08a90e2fb713541b8a118df6250246a917edc41a6776aeafc90b472687"",""run_identity_sha256"":""ed4cc2ff7871daba901962dbc082ffedc97abc50a25c41e6870eb2af54d00626""}"
4267882342ccd9cdc5c52909b4aba296ec41092c,oxigraph,Oxigraph [engines.json profile],100M,F,F3,00,ab4a33937e9d2bc9b501268b85f184fcbc070f1c35d8b6f2a148df9d906de693,N,N_clean (NPCS reimplementation),ok,19,26929.8,26929.8,26929.8,26929.8,0.0,0,1,90.0,5143,0.0,,,,19,201.984789,[26929.773],[0.0],,[],,[],,[],r9.2-frozen-identity-v7,bddc5ffaad35a8dde1536e4e6ebb393f85d6d0edc1f02f9be65b8df5fec2a303,csv-candidate-multiset-v1,19,eedc041263068708b3db8b909d5a7316390f1077617fa3a21e6aa69d4344096b,,,,,,,,c9e65564945d8df3e6db347909ce749b23a5ceaa40b5bfbce825a1c78035ad60,9d75166c957de49226a016f8a64c1ef26fa5fb5aae4efed67a9ee6460103a803,a8297913a408e55f541b6c7801716a469203e2ac506de1de3b4285a47b345bae,8a988dc83f4082a4f27503ba2906dc6b8733b3c02be567635c726c67bbd48314,16162702ccec82b2a0e27063cd04bd756a27af1f003b4cef0da976d843ef4725,reified,writable,exploratory-base,exploratory-reified,41997fb8640d9e765a0272879a63548eb9bd46bbf6e49da02b7c924e506b94f7,735ac62b30e8a3e73b850ea02c7ab19c17b1289095d95961d66c9b3270bcea6a,2e884d94ace185d62b1b91debf493ccd0a69b83d08e74cf5f1c2be4851b14215,b38a65fc0c1a91e138f057f7b6c08d21c328463aceb40ffda53fc759f99d2f7a,bdd50c08a90e2fb713541b8a118df6250246a917edc41a6776aeafc90b472687,ed4cc2ff7871daba901962dbc082ffedc97abc50a25c41e6870eb2af54d00626,"pcm-meta-v2:{""protocol"":""r9.2-frozen-identity-v7"",""message"":"""",""cell_wall_ms"":27138.494,""answer_kind"":""csv-candidate-multiset-v1"",""answer_key_count"":19,""answer_fingerprint"":""eedc041263068708b3db8b909d5a7316390f1077617fa3a21e6aa69d4344096b"",""c_parse_samples"":[0.0],""c_protocol_samples"":[],""construct_total_samples"":[],""construct_unattributed_samples"":[],""status"":""ok"",""status_evidence"":null,""construction_requested"":null,""construction_effective"":null,""commit"":""4267882342ccd9cdc5c52909b4aba296ec41092c"",""batch_id"":""bddc5ffaad35a8dde1536e4e6ebb393f85d6d0edc1f02f9be65b8df5fec2a303"",""query_sha256"":""ab4a33937e9d2bc9b501268b85f184fcbc070f1c35d8b6f2a148df9d906de693"",""engine"":""oxigraph"",""engine_version"":""Oxigraph [engines.json profile]"",""scale"":""100M"",""base_endpoint_sha256"":""c9e65564945d8df3e6db347909ce749b23a5ceaa40b5bfbce825a1c78035ad60"",""reified_endpoint_sha256"":""9d75166c957de49226a016f8a64c1ef26fa5fb5aae4efed67a9ee6460103a803"",""update_endpoint_sha256"":""a8297913a408e55f541b6c7801716a469203e2ac506de1de3b4285a47b345bae"",""base_data_identity_sha256"":""8a988dc83f4082a4f27503ba2906dc6b8733b3c02be567635c726c67bbd48314"",""reified_data_identity_sha256"":""16162702ccec82b2a0e27063cd04bd756a27af1f003b4cef0da976d843ef4725"",""update_for"":""reified"",""access_mode"":""writable"",""base_data_name"":""exploratory-base"",""reified_data_name"":""exploratory-reified"",""update_canary_sha256"":""41997fb8640d9e765a0272879a63548eb9bd46bbf6e49da02b7c924e506b94f7"",""store_instance_sha256"":""735ac62b30e8a3e73b850ea02c7ab19c17b1289095d95961d66c9b3270bcea6a"",""store_discriminator_sha256"":""2e884d94ace185d62b1b91debf493ccd0a69b83d08e74cf5f1c2be4851b14215"",""tool_sha256"":""b38a65fc0c1a91e138f057f7b6c08d21c328463aceb40ffda53fc759f99d2f7a"",""java_runtime_sha256"":""bdd50c08a90e2fb713541b8a118df6250246a917edc41a6776aeafc90b472687"",""run_identity_sha256"":""ed4cc2ff7871daba901962dbc082ffedc97abc50a25c41e6870eb2af54d00626""}"
4267882342ccd9cdc5c52909b4aba296ec41092c,oxigraph,Oxigraph [engines.json profile],100M,F,F3,00,ab4a33937e9d2bc9b501268b85f184fcbc070f1c35d8b6f2a148df9d906de693,C,SPARQLcirc CircuitRewriter,ok,19,25826.7,25826.7,25826.7,25826.7,0.0,0,1,90.0,73355,9.2,38,133,19,,446.499502,[25826.682],[9.221],0.0,[0.0],25836.5,[25836.461],0.6,[0.558],r9.2-frozen-identity-v7,bddc5ffaad35a8dde1536e4e6ebb393f85d6d0edc1f02f9be65b8df5fec2a303,term-aware-candidate-set-v1,19,0534132a29fa7ff4f486f7534400c9e1c41b56bfe995c8f4b2cdf2f88f4dc152,flat,flat,f207c0a00082018b703df0d83098bf5831c62941b46056d2dab0b67bee8f1cf7,,,,,c9e65564945d8df3e6db347909ce749b23a5ceaa40b5bfbce825a1c78035ad60,9d75166c957de49226a016f8a64c1ef26fa5fb5aae4efed67a9ee6460103a803,a8297913a408e55f541b6c7801716a469203e2ac506de1de3b4285a47b345bae,8a988dc83f4082a4f27503ba2906dc6b8733b3c02be567635c726c67bbd48314,16162702ccec82b2a0e27063cd04bd756a27af1f003b4cef0da976d843ef4725,reified,writable,exploratory-base,exploratory-reified,41997fb8640d9e765a0272879a63548eb9bd46bbf6e49da02b7c924e506b94f7,735ac62b30e8a3e73b850ea02c7ab19c17b1289095d95961d66c9b3270bcea6a,2e884d94ace185d62b1b91debf493ccd0a69b83d08e74cf5f1c2be4851b14215,b38a65fc0c1a91e138f057f7b6c08d21c328463aceb40ffda53fc759f99d2f7a,bdd50c08a90e2fb713541b8a118df6250246a917edc41a6776aeafc90b472687,ed4cc2ff7871daba901962dbc082ffedc97abc50a25c41e6870eb2af54d00626,"pcm-meta-v2:{""protocol"":""r9.2-frozen-identity-v7"",""message"":""C requested=flat effective=flat; steps=1 feedback=0; network includes CONSTRUCT, feedback INSERT, and cleanup DELETE"",""cell_wall_ms"":26288.302,""answer_kind"":""term-aware-candidate-set-v1"",""answer_key_count"":19,""answer_fingerprint"":""0534132a29fa7ff4f486f7534400c9e1c41b56bfe995c8f4b2cdf2f88f4dc152"",""c_parse_samples"":[9.221],""c_protocol_samples"":[{""requested_mode"":""flat"",""effective_mode"":""flat"",""fallback_reason"":null,""plan_steps"":1,""feedback_steps"":0,""feedback_triples"":0,""construct_query_ms"":25826.682,""feedback_update_ms"":0.0,""cleanup_ms"":0.0,""client_protocol_ms"":0.0,""network_scope"":""construct+feedback+cleanup"",""circuit_sha256"":""f207c0a00082018b703df0d83098bf5831c62941b46056d2dab0b67bee8f1cf7"",""answer_fingerprint"":""0534132a29fa7ff4f486f7534400c9e1c41b56bfe995c8f4b2cdf2f88f4dc152"",""semantic_signature_sha256"":""ed2e8363804551a681603c5c100ebc2cc1706d647fbfd906fe38d875fb9b769d"",""structure_signature"":{""gates"":38,""edges"":133,""answers"":19,""derivations"":19,""canonical_bytes"":73355},""construct_total_ms"":25836.461,""client_unattributed_ms"":0.558}],""construct_total_samples"":[25836.461],""construct_unattributed_samples"":[0.558],""status"":""ok"",""status_evidence"":null,""c_warmup_signatures"":[],""measured_semantic_signature_sha256"":""ed2e8363804551a681603c5c100ebc2cc1706d647fbfd906fe38d875fb9b769d"",""measured_repetitions_consistent"":true,""endpoint_lock"":{""wait_ms"":0.007,""lock_path"":""/tmp/sparqlcirc-r9-endpoint-locks-v7/735ac62b30e8a3e73b850ea02c7ab19c17b1289095d95961d66c9b3270bcea6a.lock""},""construction_requested"":""flat"",""construction_effective"":""flat"",""commit"":""4267882342ccd9cdc5c52909b4aba296ec41092c"",""batch_id"":""bddc5ffaad35a8dde1536e4e6ebb393f85d6d0edc1f02f9be65b8df5fec2a303"",""query_sha256"":""ab4a33937e9d2bc9b501268b85f184fcbc070f1c35d8b6f2a148df9d906de693"",""engine"":""oxigraph"",""engine_version"":""Oxigraph [engines.json profile]"",""scale"":""100M"",""base_endpoint_sha256"":""c9e65564945d8df3e6db347909ce749b23a5ceaa40b5bfbce825a1c78035ad60"",""reified_endpoint_sha256"":""9d75166c957de49226a016f8a64c1ef26fa5fb5aae4efed67a9ee6460103a803"",""update_endpoint_sha256"":""a8297913a408e55f541b6c7801716a469203e2ac506de1de3b4285a47b345bae"",""base_data_identity_sha256"":""8a988dc83f4082a4f27503ba2906dc6b8733b3c02be567635c726c67bbd48314"",""reified_data_identity_sha256"":""16162702ccec82b2a0e27063cd04bd756a27af1f003b4cef0da976d843ef4725"",""update_for"":""reified"",""access_mode"":""writable"",""base_data_name"":""exploratory-base"",""reified_data_name"":""exploratory-reified"",""update_canary_sha256"":""41997fb8640d9e765a0272879a63548eb9bd46bbf6e49da02b7c924e506b94f7"",""store_instance_sha256"":""735ac62b30e8a3e73b850ea02c7ab19c17b1289095d95961d66c9b3270bcea6a"",""store_discriminator_sha256"":""2e884d94ace185d62b1b91debf493ccd0a69b83d08e74cf5f1c2be4851b14215"",""tool_sha256"":""b38a65fc0c1a91e138f057f7b6c08d21c328463aceb40ffda53fc759f99d2f7a"",""java_runtime_sha256"":""bdd50c08a90e2fb713541b8a118df6250246a917edc41a6776aeafc90b472687"",""run_identity_sha256"":""ed4cc2ff7871daba901962dbc082ffedc97abc50a25c41e6870eb2af54d00626""}"
4267882342ccd9cdc5c52909b4aba296ec41092c,oxigraph,Oxigraph [engines.json profile],100M,F,F4,00,95e319658ada1f90ea7900df6e9a7608f72e06ecb2da9d8ad67afe7db54c5464,B,base-select,ok,103,220.7,220.7,220.7,220.7,0.0,0,1,90.0,38124,0.0,,,,,0.01297,[220.695],[0.0],,[],,[],,[],r9.2-frozen-identity-v7,bddc5ffaad35a8dde1536e4e6ebb393f85d6d0edc1f02f9be65b8df5fec2a303,csv-binding-multiset-v1,103,b7d28a9d9f38eb7d5f4666e5febd4758a3b42875107db79635c70438547260c9,,,,,,,,c9e65564945d8df3e6db347909ce749b23a5ceaa40b5bfbce825a1c78035ad60,9d75166c957de49226a016f8a64c1ef26fa5fb5aae4efed67a9ee6460103a803,a8297913a408e55f541b6c7801716a469203e2ac506de1de3b4285a47b345bae,8a988dc83f4082a4f27503ba2906dc6b8733b3c02be567635c726c67bbd48314,16162702ccec82b2a0e27063cd04bd756a27af1f003b4cef0da976d843ef4725,reified,writable,exploratory-base,exploratory-reified,41997fb8640d9e765a0272879a63548eb9bd46bbf6e49da02b7c924e506b94f7,735ac62b30e8a3e73b850ea02c7ab19c17b1289095d95961d66c9b3270bcea6a,2e884d94ace185d62b1b91debf493ccd0a69b83d08e74cf5f1c2be4851b14215,b38a65fc0c1a91e138f057f7b6c08d21c328463aceb40ffda53fc759f99d2f7a,bdd50c08a90e2fb713541b8a118df6250246a917edc41a6776aeafc90b472687,abfb22e5ef8bc735665e2a42a4606d1100281a1e8aa7597ff9390b416310c30c,"pcm-meta-v2:{""protocol"":""r9.2-frozen-identity-v7"",""message"":"""",""cell_wall_ms"":233.015,""answer_kind"":""csv-binding-multiset-v1"",""answer_key_count"":103,""answer_fingerprint"":""b7d28a9d9f38eb7d5f4666e5febd4758a3b42875107db79635c70438547260c9"",""c_parse_samples"":[0.0],""c_protocol_samples"":[],""construct_total_samples"":[],""construct_unattributed_samples"":[],""status"":""ok"",""status_evidence"":null,""construction_requested"":null,""construction_effective"":null,""commit"":""4267882342ccd9cdc5c52909b4aba296ec41092c"",""batch_id"":""bddc5ffaad35a8dde1536e4e6ebb393f85d6d0edc1f02f9be65b8df5fec2a303"",""query_sha256"":""95e319658ada1f90ea7900df6e9a7608f72e06ecb2da9d8ad67afe7db54c5464"",""engine"":""oxigraph"",""engine_version"":""Oxigraph [engines.json profile]"",""scale"":""100M"",""base_endpoint_sha256"":""c9e65564945d8df3e6db347909ce749b23a5ceaa40b5bfbce825a1c78035ad60"",""reified_endpoint_sha256"":""9d75166c957de49226a016f8a64c1ef26fa5fb5aae4efed67a9ee6460103a803"",""update_endpoint_sha256"":""a8297913a408e55f541b6c7801716a469203e2ac506de1de3b4285a47b345bae"",""base_data_identity_sha256"":""8a988dc83f4082a4f27503ba2906dc6b8733b3c02be567635c726c67bbd48314"",""reified_data_identity_sha256"":""16162702ccec82b2a0e27063cd04bd756a27af1f003b4cef0da976d843ef4725"",""update_for"":""reified"",""access_mode"":""writable"",""base_data_name"":""exploratory-base"",""reified_data_name"":""exploratory-reified"",""update_canary_sha256"":""41997fb8640d9e765a0272879a63548eb9bd46bbf6e49da02b7c924e506b94f7"",""store_instance_sha256"":""735ac62b30e8a3e73b850ea02c7ab19c17b1289095d95961d66c9b3270bcea6a"",""store_discriminator_sha256"":""2e884d94ace185d62b1b91debf493ccd0a69b83d08e74cf5f1c2be4851b14215"",""tool_sha256"":""b38a65fc0c1a91e138f057f7b6c08d21c328463aceb40ffda53fc759f99d2f7a"",""java_runtime_sha256"":""bdd50c08a90e2fb713541b8a118df6250246a917edc41a6776aeafc90b472687"",""run_identity_sha256"":""abfb22e5ef8bc735665e2a42a4606d1100281a1e8aa7597ff9390b416310c30c""}"
4267882342ccd9cdc5c52909b4aba296ec41092c,oxigraph,Oxigraph [engines.json profile],100M,F,F4,00,95e319658ada1f90ea7900df6e9a7608f72e06ecb2da9d8ad67afe7db54c5464,R,reification-only,ok,103,18643.7,18643.7,18643.7,18643.7,0.0,0,1,90.0,38124,0.0,,,,,216.040498,[18643.65],[0.0],,[],,[],,[],r9.2-frozen-identity-v7,bddc5ffaad35a8dde1536e4e6ebb393f85d6d0edc1f02f9be65b8df5fec2a303,csv-binding-multiset-v1,103,b7d28a9d9f38eb7d5f4666e5febd4758a3b42875107db79635c70438547260c9,,,,,,,,c9e65564945d8df3e6db347909ce749b23a5ceaa40b5bfbce825a1c78035ad60,9d75166c957de49226a016f8a64c1ef26fa5fb5aae4efed67a9ee6460103a803,a8297913a408e55f541b6c7801716a469203e2ac506de1de3b4285a47b345bae,8a988dc83f4082a4f27503ba2906dc6b8733b3c02be567635c726c67bbd48314,16162702ccec82b2a0e27063cd04bd756a27af1f003b4cef0da976d843ef4725,reified,writable,exploratory-base,exploratory-reified,41997fb8640d9e765a0272879a63548eb9bd46bbf6e49da02b7c924e506b94f7,735ac62b30e8a3e73b850ea02c7ab19c17b1289095d95961d66c9b3270bcea6a,2e884d94ace185d62b1b91debf493ccd0a69b83d08e74cf5f1c2be4851b14215,b38a65fc0c1a91e138f057f7b6c08d21c328463aceb40ffda53fc759f99d2f7a,bdd50c08a90e2fb713541b8a118df6250246a917edc41a6776aeafc90b472687,abfb22e5ef8bc735665e2a42a4606d1100281a1e8aa7597ff9390b416310c30c,"pcm-meta-v2:{""protocol"":""r9.2-frozen-identity-v7"",""message"":"""",""cell_wall_ms"":18870.955,""answer_kind"":""csv-binding-multiset-v1"",""answer_key_count"":103,""answer_fingerprint"":""b7d28a9d9f38eb7d5f4666e5febd4758a3b42875107db79635c70438547260c9"",""c_parse_samples"":[0.0],""c_protocol_samples"":[],""construct_total_samples"":[],""construct_unattributed_samples"":[],""status"":""ok"",""status_evidence"":null,""construction_requested"":null,""construction_effective"":null,""commit"":""4267882342ccd9cdc5c52909b4aba296ec41092c"",""batch_id"":""bddc5ffaad35a8dde1536e4e6ebb393f85d6d0edc1f02f9be65b8df5fec2a303"",""query_sha256"":""95e319658ada1f90ea7900df6e9a7608f72e06ecb2da9d8ad67afe7db54c5464"",""engine"":""oxigraph"",""engine_version"":""Oxigraph [engines.json profile]"",""scale"":""100M"",""base_endpoint_sha256"":""c9e65564945d8df3e6db347909ce749b23a5ceaa40b5bfbce825a1c78035ad60"",""reified_endpoint_sha256"":""9d75166c957de49226a016f8a64c1ef26fa5fb5aae4efed67a9ee6460103a803"",""update_endpoint_sha256"":""a8297913a408e55f541b6c7801716a469203e2ac506de1de3b4285a47b345bae"",""base_data_identity_sha256"":""8a988dc83f4082a4f27503ba2906dc6b8733b3c02be567635c726c67bbd48314"",""reified_data_identity_sha256"":""16162702ccec82b2a0e27063cd04bd756a27af1f003b4cef0da976d843ef4725"",""update_for"":""reified"",""access_mode"":""writable"",""base_data_name"":""exploratory-base"",""reified_data_name"":""exploratory-reified"",""update_canary_sha256"":""41997fb8640d9e765a0272879a63548eb9bd46bbf6e49da02b7c924e506b94f7"",""store_instance_sha256"":""735ac62b30e8a3e73b850ea02c7ab19c17b1289095d95961d66c9b3270bcea6a"",""store_discriminator_sha256"":""2e884d94ace185d62b1b91debf493ccd0a69b83d08e74cf5f1c2be4851b14215"",""tool_sha256"":""b38a65fc0c1a91e138f057f7b6c08d21c328463aceb40ffda53fc759f99d2f7a"",""java_runtime_sha256"":""bdd50c08a90e2fb713541b8a118df6250246a917edc41a6776aeafc90b472687"",""run_identity_sha256"":""abfb22e5ef8bc735665e2a42a4606d1100281a1e8aa7597ff9390b416310c30c""}"
4267882342ccd9cdc5c52909b4aba296ec41092c,oxigraph,Oxigraph [engines.json profile],100M,F,F4,00,95e319658ada1f90ea7900df6e9a7608f72e06ecb2da9d8ad67afe7db54c5464,N,N_clean (NPCS reimplementation),timeout,,,,,,,0,1,90.0,,,,,,,188.503538,[],[],,[],,[],,[],r9.2-frozen-identity-v7,bddc5ffaad35a8dde1536e4e6ebb393f85d6d0edc1f02f9be65b8df5fec2a303,,,,,,,,,,,c9e65564945d8df3e6db347909ce749b23a5ceaa40b5bfbce825a1c78035ad60,9d75166c957de49226a016f8a64c1ef26fa5fb5aae4efed67a9ee6460103a803,a8297913a408e55f541b6c7801716a469203e2ac506de1de3b4285a47b345bae,8a988dc83f4082a4f27503ba2906dc6b8733b3c02be567635c726c67bbd48314,16162702ccec82b2a0e27063cd04bd756a27af1f003b4cef0da976d843ef4725,reified,writable,exploratory-base,exploratory-reified,41997fb8640d9e765a0272879a63548eb9bd46bbf6e49da02b7c924e506b94f7,735ac62b30e8a3e73b850ea02c7ab19c17b1289095d95961d66c9b3270bcea6a,2e884d94ace185d62b1b91debf493ccd0a69b83d08e74cf5f1c2be4851b14215,b38a65fc0c1a91e138f057f7b6c08d21c328463aceb40ffda53fc759f99d2f7a,bdd50c08a90e2fb713541b8a118df6250246a917edc41a6776aeafc90b472687,abfb22e5ef8bc735665e2a42a4606d1100281a1e8aa7597ff9390b416310c30c,"pcm-meta-v2:{""protocol"":""r9.2-frozen-identity-v7"",""message"":""whole cell exceeded 90s hard deadline; worker reaped"",""cell_wall_ms"":90000.0,""c_parse_samples"":[],""c_protocol_samples"":[],""construct_total_samples"":[],""construct_unattributed_samples"":[],""status"":""timeout"",""status_evidence"":{""kind"":""hard-wall-deadline"",""message"":""whole cell exceeded 90s hard deadline; worker reaped""},""construction_requested"":null,""construction_effective"":null,""commit"":""4267882342ccd9cdc5c52909b4aba296ec41092c"",""batch_id"":""bddc5ffaad35a8dde1536e4e6ebb393f85d6d0edc1f02f9be65b8df5fec2a303"",""query_sha256"":""95e319658ada1f90ea7900df6e9a7608f72e06ecb2da9d8ad67afe7db54c5464"",""engine"":""oxigraph"",""engine_version"":""Oxigraph [engines.json profile]"",""scale"":""100M"",""base_endpoint_sha256"":""c9e65564945d8df3e6db347909ce749b23a5ceaa40b5bfbce825a1c78035ad60"",""reified_endpoint_sha256"":""9d75166c957de49226a016f8a64c1ef26fa5fb5aae4efed67a9ee6460103a803"",""update_endpoint_sha256"":""a8297913a408e55f541b6c7801716a469203e2ac506de1de3b4285a47b345bae"",""base_data_identity_sha256"":""8a988dc83f4082a4f27503ba2906dc6b8733b3c02be567635c726c67bbd48314"",""reified_data_identity_sha256"":""16162702ccec82b2a0e27063cd04bd756a27af1f003b4cef0da976d843ef4725"",""update_for"":""reified"",""access_mode"":""writable"",""base_data_name"":""exploratory-base"",""reified_data_name"":""exploratory-reified"",""update_canary_sha256"":""41997fb8640d9e765a0272879a63548eb9bd46bbf6e49da02b7c924e506b94f7"",""store_instance_sha256"":""735ac62b30e8a3e73b850ea02c7ab19c17b1289095d95961d66c9b3270bcea6a"",""store_discriminator_sha256"":""2e884d94ace185d62b1b91debf493ccd0a69b83d08e74cf5f1c2be4851b14215"",""tool_sha256"":""b38a65fc0c1a91e138f057f7b6c08d21c328463aceb40ffda53fc759f99d2f7a"",""java_runtime_sha256"":""bdd50c08a90e2fb713541b8a118df6250246a917edc41a6776aeafc90b472687"",""run_identity_sha256"":""abfb22e5ef8bc735665e2a42a4606d1100281a1e8aa7597ff9390b416310c30c""}"
4267882342ccd9cdc5c52909b4aba296ec41092c,oxigraph,Oxigraph [engines.json profile],100M,F,F4,00,95e319658ada1f90ea7900df6e9a7608f72e06ecb2da9d8ad67afe7db54c5464,C,SPARQLcirc CircuitRewriter,timeout,,,,,,,0,1,90.0,,,,,,,460.673481,[],[],,[],,[],,[],r9.2-frozen-identity-v7,bddc5ffaad35a8dde1536e4e6ebb393f85d6d0edc1f02f9be65b8df5fec2a303,,,,,,,,,,,c9e65564945d8df3e6db347909ce749b23a5ceaa40b5bfbce825a1c78035ad60,9d75166c957de49226a016f8a64c1ef26fa5fb5aae4efed67a9ee6460103a803,a8297913a408e55f541b6c7801716a469203e2ac506de1de3b4285a47b345bae,8a988dc83f4082a4f27503ba2906dc6b8733b3c02be567635c726c67bbd48314,16162702ccec82b2a0e27063cd04bd756a27af1f003b4cef0da976d843ef4725,reified,writable,exploratory-base,exploratory-reified,41997fb8640d9e765a0272879a63548eb9bd46bbf6e49da02b7c924e506b94f7,735ac62b30e8a3e73b850ea02c7ab19c17b1289095d95961d66c9b3270bcea6a,2e884d94ace185d62b1b91debf493ccd0a69b83d08e74cf5f1c2be4851b14215,b38a65fc0c1a91e138f057f7b6c08d21c328463aceb40ffda53fc759f99d2f7a,bdd50c08a90e2fb713541b8a118df6250246a917edc41a6776aeafc90b472687,abfb22e5ef8bc735665e2a42a4606d1100281a1e8aa7597ff9390b416310c30c,"pcm-meta-v2:{""protocol"":""r9.2-frozen-identity-v7"",""message"":""whole cell exceeded 90s hard deadline; worker reaped"",""cell_wall_ms"":90000.0,""c_parse_samples"":[],""c_protocol_samples"":[],""construct_total_samples"":[],""construct_unattributed_samples"":[],""status"":""timeout"",""status_evidence"":{""kind"":""hard-wall-deadline"",""message"":""whole cell exceeded 90s hard deadline; worker reaped""},""endpoint_lock"":{""wait_ms"":0.009,""lock_path"":""/tmp/sparqlcirc-r9-endpoint-locks-v7/735ac62b30e8a3e73b850ea02c7ab19c17b1289095d95961d66c9b3270bcea6a.lock""},""construction_requested"":null,""construction_effective"":null,""commit"":""4267882342ccd9cdc5c52909b4aba296ec41092c"",""batch_id"":""bddc5ffaad35a8dde1536e4e6ebb393f85d6d0edc1f02f9be65b8df5fec2a303"",""query_sha256"":""95e319658ada1f90ea7900df6e9a7608f72e06ecb2da9d8ad67afe7db54c5464"",""engine"":""oxigraph"",""engine_version"":""Oxigraph [engines.json profile]"",""scale"":""100M"",""base_endpoint_sha256"":""c9e65564945d8df3e6db347909ce749b23a5ceaa40b5bfbce825a1c78035ad60"",""reified_endpoint_sha256"":""9d75166c957de49226a016f8a64c1ef26fa5fb5aae4efed67a9ee6460103a803"",""update_endpoint_sha256"":""a8297913a408e55f541b6c7801716a469203e2ac506de1de3b4285a47b345bae"",""base_data_identity_sha256"":""8a988dc83f4082a4f27503ba2906dc6b8733b3c02be567635c726c67bbd48314"",""reified_data_identity_sha256"":""16162702ccec82b2a0e27063cd04bd756a27af1f003b4cef0da976d843ef4725"",""update_for"":""reified"",""access_mode"":""writable"",""base_data_name"":""exploratory-base"",""reified_data_name"":""exploratory-reified"",""update_canary_sha256"":""41997fb8640d9e765a0272879a63548eb9bd46bbf6e49da02b7c924e506b94f7"",""store_instance_sha256"":""735ac62b30e8a3e73b850ea02c7ab19c17b1289095d95961d66c9b3270bcea6a"",""store_discriminator_sha256"":""2e884d94ace185d62b1b91debf493ccd0a69b83d08e74cf5f1c2be4851b14215"",""tool_sha256"":""b38a65fc0c1a91e138f057f7b6c08d21c328463aceb40ffda53fc759f99d2f7a"",""java_runtime_sha256"":""bdd50c08a90e2fb713541b8a118df6250246a917edc41a6776aeafc90b472687"",""run_identity_sha256"":""abfb22e5ef8bc735665e2a42a4606d1100281a1e8aa7597ff9390b416310c30c""}"
4267882342ccd9cdc5c52909b4aba296ec41092c,oxigraph,Oxigraph [engines.json profile],100M,F,F5,00,5ca90afb3951e0444bf3024c77058dedfd92664870dc85d282ed837b0894ed6f,B,base-select,ok,38,42.4,42.4,42.4,42.4,0.0,0,1,90.0,10654,0.0,,,,,0.00752,[42.387],[0.0],,[],,[],,[],r9.2-frozen-identity-v7,bddc5ffaad35a8dde1536e4e6ebb393f85d6d0edc1f02f9be65b8df5fec2a303,csv-binding-multiset-v1,38,a2c925af9ef2a238ec6ae6150b0ad75f28d8e8919fd8aefd2fdf19f70c96ebd7,,,,,,,,c9e65564945d8df3e6db347909ce749b23a5ceaa40b5bfbce825a1c78035ad60,9d75166c957de49226a016f8a64c1ef26fa5fb5aae4efed67a9ee6460103a803,a8297913a408e55f541b6c7801716a469203e2ac506de1de3b4285a47b345bae,8a988dc83f4082a4f27503ba2906dc6b8733b3c02be567635c726c67bbd48314,16162702ccec82b2a0e27063cd04bd756a27af1f003b4cef0da976d843ef4725,reified,writable,exploratory-base,exploratory-reified,41997fb8640d9e765a0272879a63548eb9bd46bbf6e49da02b7c924e506b94f7,735ac62b30e8a3e73b850ea02c7ab19c17b1289095d95961d66c9b3270bcea6a,2e884d94ace185d62b1b91debf493ccd0a69b83d08e74cf5f1c2be4851b14215,b38a65fc0c1a91e138f057f7b6c08d21c328463aceb40ffda53fc759f99d2f7a,bdd50c08a90e2fb713541b8a118df6250246a917edc41a6776aeafc90b472687,4607fcb94a43032d2e3bcda294094534624d406c26f1159034e0ccc5771378f0,"pcm-meta-v2:{""protocol"":""r9.2-frozen-identity-v7"",""message"":"""",""cell_wall_ms"":48.399,""answer_kind"":""csv-binding-multiset-v1"",""answer_key_count"":38,""answer_fingerprint"":""a2c925af9ef2a238ec6ae6150b0ad75f28d8e8919fd8aefd2fdf19f70c96ebd7"",""c_parse_samples"":[0.0],""c_protocol_samples"":[],""construct_total_samples"":[],""construct_unattributed_samples"":[],""status"":""ok"",""status_evidence"":null,""construction_requested"":null,""construction_effective"":null,""commit"":""4267882342ccd9cdc5c52909b4aba296ec41092c"",""batch_id"":""bddc5ffaad35a8dde1536e4e6ebb393f85d6d0edc1f02f9be65b8df5fec2a303"",""query_sha256"":""5ca90afb3951e0444bf3024c77058dedfd92664870dc85d282ed837b0894ed6f"",""engine"":""oxigraph"",""engine_version"":""Oxigraph [engines.json profile]"",""scale"":""100M"",""base_endpoint_sha256"":""c9e65564945d8df3e6db347909ce749b23a5ceaa40b5bfbce825a1c78035ad60"",""reified_endpoint_sha256"":""9d75166c957de49226a016f8a64c1ef26fa5fb5aae4efed67a9ee6460103a803"",""update_endpoint_sha256"":""a8297913a408e55f541b6c7801716a469203e2ac506de1de3b4285a47b345bae"",""base_data_identity_sha256"":""8a988dc83f4082a4f27503ba2906dc6b8733b3c02be567635c726c67bbd48314"",""reified_data_identity_sha256"":""16162702ccec82b2a0e27063cd04bd756a27af1f003b4cef0da976d843ef4725"",""update_for"":""reified"",""access_mode"":""writable"",""base_data_name"":""exploratory-base"",""reified_data_name"":""exploratory-reified"",""update_canary_sha256"":""41997fb8640d9e765a0272879a63548eb9bd46bbf6e49da02b7c924e506b94f7"",""store_instance_sha256"":""735ac62b30e8a3e73b850ea02c7ab19c17b1289095d95961d66c9b3270bcea6a"",""store_discriminator_sha256"":""2e884d94ace185d62b1b91debf493ccd0a69b83d08e74cf5f1c2be4851b14215"",""tool_sha256"":""b38a65fc0c1a91e138f057f7b6c08d21c328463aceb40ffda53fc759f99d2f7a"",""java_runtime_sha256"":""bdd50c08a90e2fb713541b8a118df6250246a917edc41a6776aeafc90b472687"",""run_identity_sha256"":""4607fcb94a43032d2e3bcda294094534624d406c26f1159034e0ccc5771378f0""}"
4267882342ccd9cdc5c52909b4aba296ec41092c,oxigraph,Oxigraph [engines.json profile],100M,F,F5,00,5ca90afb3951e0444bf3024c77058dedfd92664870dc85d282ed837b0894ed6f,R,reification-only,ok,38,53.9,53.9,53.9,53.9,0.0,0,1,90.0,10654,0.0,,,,,180.472715,[53.892],[0.0],,[],,[],,[],r9.2-frozen-identity-v7,bddc5ffaad35a8dde1536e4e6ebb393f85d6d0edc1f02f9be65b8df5fec2a303,csv-binding-multiset-v1,38,a2c925af9ef2a238ec6ae6150b0ad75f28d8e8919fd8aefd2fdf19f70c96ebd7,,,,,,,,c9e65564945d8df3e6db347909ce749b23a5ceaa40b5bfbce825a1c78035ad60,9d75166c957de49226a016f8a64c1ef26fa5fb5aae4efed67a9ee6460103a803,a8297913a408e55f541b6c7801716a469203e2ac506de1de3b4285a47b345bae,8a988dc83f4082a4f27503ba2906dc6b8733b3c02be567635c726c67bbd48314,16162702ccec82b2a0e27063cd04bd756a27af1f003b4cef0da976d843ef4725,reified,writable,exploratory-base,exploratory-reified,41997fb8640d9e765a0272879a63548eb9bd46bbf6e49da02b7c924e506b94f7,735ac62b30e8a3e73b850ea02c7ab19c17b1289095d95961d66c9b3270bcea6a,2e884d94ace185d62b1b91debf493ccd0a69b83d08e74cf5f1c2be4851b14215,b38a65fc0c1a91e138f057f7b6c08d21c328463aceb40ffda53fc759f99d2f7a,bdd50c08a90e2fb713541b8a118df6250246a917edc41a6776aeafc90b472687,4607fcb94a43032d2e3bcda294094534624d406c26f1159034e0ccc5771378f0,"pcm-meta-v2:{""protocol"":""r9.2-frozen-identity-v7"",""message"":"""",""cell_wall_ms"":241.367,""answer_kind"":""csv-binding-multiset-v1"",""answer_key_count"":38,""answer_fingerprint"":""a2c925af9ef2a238ec6ae6150b0ad75f28d8e8919fd8aefd2fdf19f70c96ebd7"",""c_parse_samples"":[0.0],""c_protocol_samples"":[],""construct_total_samples"":[],""construct_unattributed_samples"":[],""status"":""ok"",""status_evidence"":null,""construction_requested"":null,""construction_effective"":null,""commit"":""4267882342ccd9cdc5c52909b4aba296ec41092c"",""batch_id"":""bddc5ffaad35a8dde1536e4e6ebb393f85d6d0edc1f02f9be65b8df5fec2a303"",""query_sha256"":""5ca90afb3951e0444bf3024c77058dedfd92664870dc85d282ed837b0894ed6f"",""engine"":""oxigraph"",""engine_version"":""Oxigraph [engines.json profile]"",""scale"":""100M"",""base_endpoint_sha256"":""c9e65564945d8df3e6db347909ce749b23a5ceaa40b5bfbce825a1c78035ad60"",""reified_endpoint_sha256"":""9d75166c957de49226a016f8a64c1ef26fa5fb5aae4efed67a9ee6460103a803"",""update_endpoint_sha256"":""a8297913a408e55f541b6c7801716a469203e2ac506de1de3b4285a47b345bae"",""base_data_identity_sha256"":""8a988dc83f4082a4f27503ba2906dc6b8733b3c02be567635c726c67bbd48314"",""reified_data_identity_sha256"":""16162702ccec82b2a0e27063cd04bd756a27af1f003b4cef0da976d843ef4725"",""update_for"":""reified"",""access_mode"":""writable"",""base_data_name"":""exploratory-base"",""reified_data_name"":""exploratory-reified"",""update_canary_sha256"":""41997fb8640d9e765a0272879a63548eb9bd46bbf6e49da02b7c924e506b94f7"",""store_instance_sha256"":""735ac62b30e8a3e73b850ea02c7ab19c17b1289095d95961d66c9b3270bcea6a"",""store_discriminator_sha256"":""2e884d94ace185d62b1b91debf493ccd0a69b83d08e74cf5f1c2be4851b14215"",""tool_sha256"":""b38a65fc0c1a91e138f057f7b6c08d21c328463aceb40ffda53fc759f99d2f7a"",""java_runtime_sha256"":""bdd50c08a90e2fb713541b8a118df6250246a917edc41a6776aeafc90b472687"",""run_identity_sha256"":""4607fcb94a43032d2e3bcda294094534624d406c26f1159034e0ccc5771378f0""}"
4267882342ccd9cdc5c52909b4aba296ec41092c,oxigraph,Oxigraph [engines.json profile],100M,F,F5,00,5ca90afb3951e0444bf3024c77058dedfd92664870dc85d282ed837b0894ed6f,N,N_clean (NPCS reimplementation),ok,38,45766.1,45766.1,45766.1,45766.1,0.0,0,1,90.0,14387,0.0,,,,38,188.532771,[45766.106],[0.0],,[],,[],,[],r9.2-frozen-identity-v7,bddc5ffaad35a8dde1536e4e6ebb393f85d6d0edc1f02f9be65b8df5fec2a303,csv-candidate-multiset-v1,38,a2c925af9ef2a238ec6ae6150b0ad75f28d8e8919fd8aefd2fdf19f70c96ebd7,,,,,,,,c9e65564945d8df3e6db347909ce749b23a5ceaa40b5bfbce825a1c78035ad60,9d75166c957de49226a016f8a64c1ef26fa5fb5aae4efed67a9ee6460103a803,a8297913a408e55f541b6c7801716a469203e2ac506de1de3b4285a47b345bae,8a988dc83f4082a4f27503ba2906dc6b8733b3c02be567635c726c67bbd48314,16162702ccec82b2a0e27063cd04bd756a27af1f003b4cef0da976d843ef4725,reified,writable,exploratory-base,exploratory-reified,41997fb8640d9e765a0272879a63548eb9bd46bbf6e49da02b7c924e506b94f7,735ac62b30e8a3e73b850ea02c7ab19c17b1289095d95961d66c9b3270bcea6a,2e884d94ace185d62b1b91debf493ccd0a69b83d08e74cf5f1c2be4851b14215,b38a65fc0c1a91e138f057f7b6c08d21c328463aceb40ffda53fc759f99d2f7a,bdd50c08a90e2fb713541b8a118df6250246a917edc41a6776aeafc90b472687,4607fcb94a43032d2e3bcda294094534624d406c26f1159034e0ccc5771378f0,"pcm-meta-v2:{""protocol"":""r9.2-frozen-identity-v7"",""message"":"""",""cell_wall_ms"":45962.753,""answer_kind"":""csv-candidate-multiset-v1"",""answer_key_count"":38,""answer_fingerprint"":""a2c925af9ef2a238ec6ae6150b0ad75f28d8e8919fd8aefd2fdf19f70c96ebd7"",""c_parse_samples"":[0.0],""c_protocol_samples"":[],""construct_total_samples"":[],""construct_unattributed_samples"":[],""status"":""ok"",""status_evidence"":null,""construction_requested"":null,""construction_effective"":null,""commit"":""4267882342ccd9cdc5c52909b4aba296ec41092c"",""batch_id"":""bddc5ffaad35a8dde1536e4e6ebb393f85d6d0edc1f02f9be65b8df5fec2a303"",""query_sha256"":""5ca90afb3951e0444bf3024c77058dedfd92664870dc85d282ed837b0894ed6f"",""engine"":""oxigraph"",""engine_version"":""Oxigraph [engines.json profile]"",""scale"":""100M"",""base_endpoint_sha256"":""c9e65564945d8df3e6db347909ce749b23a5ceaa40b5bfbce825a1c78035ad60"",""reified_endpoint_sha256"":""9d75166c957de49226a016f8a64c1ef26fa5fb5aae4efed67a9ee6460103a803"",""update_endpoint_sha256"":""a8297913a408e55f541b6c7801716a469203e2ac506de1de3b4285a47b345bae"",""base_data_identity_sha256"":""8a988dc83f4082a4f27503ba2906dc6b8733b3c02be567635c726c67bbd48314"",""reified_data_identity_sha256"":""16162702ccec82b2a0e27063cd04bd756a27af1f003b4cef0da976d843ef4725"",""update_for"":""reified"",""access_mode"":""writable"",""base_data_name"":""exploratory-base"",""reified_data_name"":""exploratory-reified"",""update_canary_sha256"":""41997fb8640d9e765a0272879a63548eb9bd46bbf6e49da02b7c924e506b94f7"",""store_instance_sha256"":""735ac62b30e8a3e73b850ea02c7ab19c17b1289095d95961d66c9b3270bcea6a"",""store_discriminator_sha256"":""2e884d94ace185d62b1b91debf493ccd0a69b83d08e74cf5f1c2be4851b14215"",""tool_sha256"":""b38a65fc0c1a91e138f057f7b6c08d21c328463aceb40ffda53fc759f99d2f7a"",""java_runtime_sha256"":""bdd50c08a90e2fb713541b8a118df6250246a917edc41a6776aeafc90b472687"",""run_identity_sha256"":""4607fcb94a43032d2e3bcda294094534624d406c26f1159034e0ccc5771378f0""}"
4267882342ccd9cdc5c52909b4aba296ec41092c,oxigraph,Oxigraph [engines.json profile],100M,F,F5,00,5ca90afb3951e0444bf3024c77058dedfd92664870dc85d282ed837b0894ed6f,C,SPARQLcirc CircuitRewriter,ok,38,45559.3,45559.3,45559.3,45559.3,0.0,0,1,90.0,155167,13.9,76,266,38,,391.581444,[45559.273],[13.882],0.0,[0.0],45573.8,[45573.759],0.6,[0.604],r9.2-frozen-identity-v7,bddc5ffaad35a8dde1536e4e6ebb393f85d6d0edc1f02f9be65b8df5fec2a303,term-aware-candidate-set-v1,38,7d8c24360d885c4e1c89572b649f555f04203d0aa9d852f3f621c7f1d59afeb3,flat,flat,76dcaf1041b8189fd188bbb42838ce63c4aa9375729aca0a7db8164110c20852,,,,,c9e65564945d8df3e6db347909ce749b23a5ceaa40b5bfbce825a1c78035ad60,9d75166c957de49226a016f8a64c1ef26fa5fb5aae4efed67a9ee6460103a803,a8297913a408e55f541b6c7801716a469203e2ac506de1de3b4285a47b345bae,8a988dc83f4082a4f27503ba2906dc6b8733b3c02be567635c726c67bbd48314,16162702ccec82b2a0e27063cd04bd756a27af1f003b4cef0da976d843ef4725,reified,writable,exploratory-base,exploratory-reified,41997fb8640d9e765a0272879a63548eb9bd46bbf6e49da02b7c924e506b94f7,735ac62b30e8a3e73b850ea02c7ab19c17b1289095d95961d66c9b3270bcea6a,2e884d94ace185d62b1b91debf493ccd0a69b83d08e74cf5f1c2be4851b14215,b38a65fc0c1a91e138f057f7b6c08d21c328463aceb40ffda53fc759f99d2f7a,bdd50c08a90e2fb713541b8a118df6250246a917edc41a6776aeafc90b472687,4607fcb94a43032d2e3bcda294094534624d406c26f1159034e0ccc5771378f0,"pcm-meta-v2:{""protocol"":""r9.2-frozen-identity-v7"",""message"":""C requested=flat effective=flat; steps=1 feedback=0; network includes CONSTRUCT, feedback INSERT, and cleanup DELETE"",""cell_wall_ms"":45970.23,""answer_kind"":""term-aware-candidate-set-v1"",""answer_key_count"":38,""answer_fingerprint"":""7d8c24360d885c4e1c89572b649f555f04203d0aa9d852f3f621c7f1d59afeb3"",""c_parse_samples"":[13.882],""c_protocol_samples"":[{""requested_mode"":""flat"",""effective_mode"":""flat"",""fallback_reason"":null,""plan_steps"":1,""feedback_steps"":0,""feedback_triples"":0,""construct_query_ms"":45559.273,""feedback_update_ms"":0.0,""cleanup_ms"":0.0,""client_protocol_ms"":0.0,""network_scope"":""construct+feedback+cleanup"",""circuit_sha256"":""76dcaf1041b8189fd188bbb42838ce63c4aa9375729aca0a7db8164110c20852"",""answer_fingerprint"":""7d8c24360d885c4e1c89572b649f555f04203d0aa9d852f3f621c7f1d59afeb3"",""semantic_signature_sha256"":""f83123895b70b375c2c3b08f2b4f0da977e6aa900ce2ffa7240caefb2decedd4"",""structure_signature"":{""gates"":76,""edges"":266,""answers"":38,""derivations"":38,""canonical_bytes"":155167},""construct_total_ms"":45573.759,""client_unattributed_ms"":0.604}],""construct_total_samples"":[45573.759],""construct_unattributed_samples"":[0.604],""status"":""ok"",""status_evidence"":null,""c_warmup_signatures"":[],""measured_semantic_signature_sha256"":""f83123895b70b375c2c3b08f2b4f0da977e6aa900ce2ffa7240caefb2decedd4"",""measured_repetitions_consistent"":true,""endpoint_lock"":{""wait_ms"":0.008,""lock_path"":""/tmp/sparqlcirc-r9-endpoint-locks-v7/735ac62b30e8a3e73b850ea02c7ab19c17b1289095d95961d66c9b3270bcea6a.lock""},""construction_requested"":""flat"",""construction_effective"":""flat"",""commit"":""4267882342ccd9cdc5c52909b4aba296ec41092c"",""batch_id"":""bddc5ffaad35a8dde1536e4e6ebb393f85d6d0edc1f02f9be65b8df5fec2a303"",""query_sha256"":""5ca90afb3951e0444bf3024c77058dedfd92664870dc85d282ed837b0894ed6f"",""engine"":""oxigraph"",""engine_version"":""Oxigraph [engines.json profile]"",""scale"":""100M"",""base_endpoint_sha256"":""c9e65564945d8df3e6db347909ce749b23a5ceaa40b5bfbce825a1c78035ad60"",""reified_endpoint_sha256"":""9d75166c957de49226a016f8a64c1ef26fa5fb5aae4efed67a9ee6460103a803"",""update_endpoint_sha256"":""a8297913a408e55f541b6c7801716a469203e2ac506de1de3b4285a47b345bae"",""base_data_identity_sha256"":""8a988dc83f4082a4f27503ba2906dc6b8733b3c02be567635c726c67bbd48314"",""reified_data_identity_sha256"":""16162702ccec82b2a0e27063cd04bd756a27af1f003b4cef0da976d843ef4725"",""update_for"":""reified"",""access_mode"":""writable"",""base_data_name"":""exploratory-base"",""reified_data_name"":""exploratory-reified"",""update_canary_sha256"":""41997fb8640d9e765a0272879a63548eb9bd46bbf6e49da02b7c924e506b94f7"",""store_instance_sha256"":""735ac62b30e8a3e73b850ea02c7ab19c17b1289095d95961d66c9b3270bcea6a"",""store_discriminator_sha256"":""2e884d94ace185d62b1b91debf493ccd0a69b83d08e74cf5f1c2be4851b14215"",""tool_sha256"":""b38a65fc0c1a91e138f057f7b6c08d21c328463aceb40ffda53fc759f99d2f7a"",""java_runtime_sha256"":""bdd50c08a90e2fb713541b8a118df6250246a917edc41a6776aeafc90b472687"",""run_identity_sha256"":""4607fcb94a43032d2e3bcda294094534624d406c26f1159034e0ccc5771378f0""}"
4267882342ccd9cdc5c52909b4aba296ec41092c,oxigraph,Oxigraph [engines.json profile],100M,O,O1,00,0f31130653f6c7f7dad353eb0c056676430f43d831aa1c986bb0e5cfe3f2b72c,B,base-select,ok,7,5.6,5.6,5.6,5.6,0.0,0,1,90.0,687,0.0,,,,,0.00689,[5.637],[0.0],,[],,[],,[],r9.2-frozen-identity-v7,218f065cf565b68c79e97f7d2ae85173e780590043fd98f6621669bb84ce2595,csv-binding-multiset-v1,7,84589d97d01072013f5b2284e4d46de3556ec802c4619a23b16e0d265f377cc7,,,,,,,,c9e65564945d8df3e6db347909ce749b23a5ceaa40b5bfbce825a1c78035ad60,9d75166c957de49226a016f8a64c1ef26fa5fb5aae4efed67a9ee6460103a803,a8297913a408e55f541b6c7801716a469203e2ac506de1de3b4285a47b345bae,8a988dc83f4082a4f27503ba2906dc6b8733b3c02be567635c726c67bbd48314,16162702ccec82b2a0e27063cd04bd756a27af1f003b4cef0da976d843ef4725,reified,writable,exploratory-base,exploratory-reified,41997fb8640d9e765a0272879a63548eb9bd46bbf6e49da02b7c924e506b94f7,735ac62b30e8a3e73b850ea02c7ab19c17b1289095d95961d66c9b3270bcea6a,2e884d94ace185d62b1b91debf493ccd0a69b83d08e74cf5f1c2be4851b14215,b38a65fc0c1a91e138f057f7b6c08d21c328463aceb40ffda53fc759f99d2f7a,bdd50c08a90e2fb713541b8a118df6250246a917edc41a6776aeafc90b472687,afda4423fd692b676d46b49c8384d51ed03ae014f20b251c0e19b54f19c13f6e,"pcm-meta-v2:{""protocol"":""r9.2-frozen-identity-v7"",""message"":"""",""cell_wall_ms"":11.389,""answer_kind"":""csv-binding-multiset-v1"",""answer_key_count"":7,""answer_fingerprint"":""84589d97d01072013f5b2284e4d46de3556ec802c4619a23b16e0d265f377cc7"",""c_parse_samples"":[0.0],""c_protocol_samples"":[],""construct_total_samples"":[],""construct_unattributed_samples"":[],""status"":""ok"",""status_evidence"":null,""construction_requested"":null,""construction_effective"":null,""commit"":""4267882342ccd9cdc5c52909b4aba296ec41092c"",""batch_id"":""218f065cf565b68c79e97f7d2ae85173e780590043fd98f6621669bb84ce2595"",""query_sha256"":""0f31130653f6c7f7dad353eb0c056676430f43d831aa1c986bb0e5cfe3f2b72c"",""engine"":""oxigraph"",""engine_version"":""Oxigraph [engines.json profile]"",""scale"":""100M"",""base_endpoint_sha256"":""c9e65564945d8df3e6db347909ce749b23a5ceaa40b5bfbce825a1c78035ad60"",""reified_endpoint_sha256"":""9d75166c957de49226a016f8a64c1ef26fa5fb5aae4efed67a9ee6460103a803"",""update_endpoint_sha256"":""a8297913a408e55f541b6c7801716a469203e2ac506de1de3b4285a47b345bae"",""base_data_identity_sha256"":""8a988dc83f4082a4f27503ba2906dc6b8733b3c02be567635c726c67bbd48314"",""reified_data_identity_sha256"":""16162702ccec82b2a0e27063cd04bd756a27af1f003b4cef0da976d843ef4725"",""update_for"":""reified"",""access_mode"":""writable"",""base_data_name"":""exploratory-base"",""reified_data_name"":""exploratory-reified"",""update_canary_sha256"":""41997fb8640d9e765a0272879a63548eb9bd46bbf6e49da02b7c924e506b94f7"",""store_instance_sha256"":""735ac62b30e8a3e73b850ea02c7ab19c17b1289095d95961d66c9b3270bcea6a"",""store_discriminator_sha256"":""2e884d94ace185d62b1b91debf493ccd0a69b83d08e74cf5f1c2be4851b14215"",""tool_sha256"":""b38a65fc0c1a91e138f057f7b6c08d21c328463aceb40ffda53fc759f99d2f7a"",""java_runtime_sha256"":""bdd50c08a90e2fb713541b8a118df6250246a917edc41a6776aeafc90b472687"",""run_identity_sha256"":""afda4423fd692b676d46b49c8384d51ed03ae014f20b251c0e19b54f19c13f6e""}"
4267882342ccd9cdc5c52909b4aba296ec41092c,oxigraph,Oxigraph [engines.json profile],100M,O,O1,00,0f31130653f6c7f7dad353eb0c056676430f43d831aa1c986bb0e5cfe3f2b72c,R,reification-only,ok,7,17784.5,17784.5,17784.5,17784.5,0.0,0,1,90.0,687,0.0,,,,,169.435294,[17784.54],[0.0],,[],,[],,[],r9.2-frozen-identity-v7,218f065cf565b68c79e97f7d2ae85173e780590043fd98f6621669bb84ce2595,csv-binding-multiset-v1,7,84589d97d01072013f5b2284e4d46de3556ec802c4619a23b16e0d265f377cc7,,,,,,,,c9e65564945d8df3e6db347909ce749b23a5ceaa40b5bfbce825a1c78035ad60,9d75166c957de49226a016f8a64c1ef26fa5fb5aae4efed67a9ee6460103a803,a8297913a408e55f541b6c7801716a469203e2ac506de1de3b4285a47b345bae,8a988dc83f4082a4f27503ba2906dc6b8733b3c02be567635c726c67bbd48314,16162702ccec82b2a0e27063cd04bd756a27af1f003b4cef0da976d843ef4725,reified,writable,exploratory-base,exploratory-reified,41997fb8640d9e765a0272879a63548eb9bd46bbf6e49da02b7c924e506b94f7,735ac62b30e8a3e73b850ea02c7ab19c17b1289095d95961d66c9b3270bcea6a,2e884d94ace185d62b1b91debf493ccd0a69b83d08e74cf5f1c2be4851b14215,b38a65fc0c1a91e138f057f7b6c08d21c328463aceb40ffda53fc759f99d2f7a,bdd50c08a90e2fb713541b8a118df6250246a917edc41a6776aeafc90b472687,afda4423fd692b676d46b49c8384d51ed03ae014f20b251c0e19b54f19c13f6e,"pcm-meta-v2:{""protocol"":""r9.2-frozen-identity-v7"",""message"":"""",""cell_wall_ms"":17960.984,""answer_kind"":""csv-binding-multiset-v1"",""answer_key_count"":7,""answer_fingerprint"":""84589d97d01072013f5b2284e4d46de3556ec802c4619a23b16e0d265f377cc7"",""c_parse_samples"":[0.0],""c_protocol_samples"":[],""construct_total_samples"":[],""construct_unattributed_samples"":[],""status"":""ok"",""status_evidence"":null,""construction_requested"":null,""construction_effective"":null,""commit"":""4267882342ccd9cdc5c52909b4aba296ec41092c"",""batch_id"":""218f065cf565b68c79e97f7d2ae85173e780590043fd98f6621669bb84ce2595"",""query_sha256"":""0f31130653f6c7f7dad353eb0c056676430f43d831aa1c986bb0e5cfe3f2b72c"",""engine"":""oxigraph"",""engine_version"":""Oxigraph [engines.json profile]"",""scale"":""100M"",""base_endpoint_sha256"":""c9e65564945d8df3e6db347909ce749b23a5ceaa40b5bfbce825a1c78035ad60"",""reified_endpoint_sha256"":""9d75166c957de49226a016f8a64c1ef26fa5fb5aae4efed67a9ee6460103a803"",""update_endpoint_sha256"":""a8297913a408e55f541b6c7801716a469203e2ac506de1de3b4285a47b345bae"",""base_data_identity_sha256"":""8a988dc83f4082a4f27503ba2906dc6b8733b3c02be567635c726c67bbd48314"",""reified_data_identity_sha256"":""16162702ccec82b2a0e27063cd04bd756a27af1f003b4cef0da976d843ef4725"",""update_for"":""reified"",""access_mode"":""writable"",""base_data_name"":""exploratory-base"",""reified_data_name"":""exploratory-reified"",""update_canary_sha256"":""41997fb8640d9e765a0272879a63548eb9bd46bbf6e49da02b7c924e506b94f7"",""store_instance_sha256"":""735ac62b30e8a3e73b850ea02c7ab19c17b1289095d95961d66c9b3270bcea6a"",""store_discriminator_sha256"":""2e884d94ace185d62b1b91debf493ccd0a69b83d08e74cf5f1c2be4851b14215"",""tool_sha256"":""b38a65fc0c1a91e138f057f7b6c08d21c328463aceb40ffda53fc759f99d2f7a"",""java_runtime_sha256"":""bdd50c08a90e2fb713541b8a118df6250246a917edc41a6776aeafc90b472687"",""run_identity_sha256"":""afda4423fd692b676d46b49c8384d51ed03ae014f20b251c0e19b54f19c13f6e""}"
4267882342ccd9cdc5c52909b4aba296ec41092c,oxigraph,Oxigraph [engines.json profile],100M,O,O1,00,0f31130653f6c7f7dad353eb0c056676430f43d831aa1c986bb0e5cfe3f2b72c,N,N_clean (NPCS reimplementation),ok,7,33905.6,33905.6,33905.6,33905.6,0.0,0,1,90.0,718,0.0,,,,0,195.055115,[33905.58],[0.0],,[],,[],,[],r9.2-frozen-identity-v7,218f065cf565b68c79e97f7d2ae85173e780590043fd98f6621669bb84ce2595,csv-candidate-multiset-v1,7,84589d97d01072013f5b2284e4d46de3556ec802c4619a23b16e0d265f377cc7,,,,,,,,c9e65564945d8df3e6db347909ce749b23a5ceaa40b5bfbce825a1c78035ad60,9d75166c957de49226a016f8a64c1ef26fa5fb5aae4efed67a9ee6460103a803,a8297913a408e55f541b6c7801716a469203e2ac506de1de3b4285a47b345bae,8a988dc83f4082a4f27503ba2906dc6b8733b3c02be567635c726c67bbd48314,16162702ccec82b2a0e27063cd04bd756a27af1f003b4cef0da976d843ef4725,reified,writable,exploratory-base,exploratory-reified,41997fb8640d9e765a0272879a63548eb9bd46bbf6e49da02b7c924e506b94f7,735ac62b30e8a3e73b850ea02c7ab19c17b1289095d95961d66c9b3270bcea6a,2e884d94ace185d62b1b91debf493ccd0a69b83d08e74cf5f1c2be4851b14215,b38a65fc0c1a91e138f057f7b6c08d21c328463aceb40ffda53fc759f99d2f7a,bdd50c08a90e2fb713541b8a118df6250246a917edc41a6776aeafc90b472687,afda4423fd692b676d46b49c8384d51ed03ae014f20b251c0e19b54f19c13f6e,"pcm-meta-v2:{""protocol"":""r9.2-frozen-identity-v7"",""message"":"""",""cell_wall_ms"":34106.573,""answer_kind"":""csv-candidate-multiset-v1"",""answer_key_count"":7,""answer_fingerprint"":""84589d97d01072013f5b2284e4d46de3556ec802c4619a23b16e0d265f377cc7"",""c_parse_samples"":[0.0],""c_protocol_samples"":[],""construct_total_samples"":[],""construct_unattributed_samples"":[],""status"":""ok"",""status_evidence"":null,""construction_requested"":null,""construction_effective"":null,""commit"":""4267882342ccd9cdc5c52909b4aba296ec41092c"",""batch_id"":""218f065cf565b68c79e97f7d2ae85173e780590043fd98f6621669bb84ce2595"",""query_sha256"":""0f31130653f6c7f7dad353eb0c056676430f43d831aa1c986bb0e5cfe3f2b72c"",""engine"":""oxigraph"",""engine_version"":""Oxigraph [engines.json profile]"",""scale"":""100M"",""base_endpoint_sha256"":""c9e65564945d8df3e6db347909ce749b23a5ceaa40b5bfbce825a1c78035ad60"",""reified_endpoint_sha256"":""9d75166c957de49226a016f8a64c1ef26fa5fb5aae4efed67a9ee6460103a803"",""update_endpoint_sha256"":""a8297913a408e55f541b6c7801716a469203e2ac506de1de3b4285a47b345bae"",""base_data_identity_sha256"":""8a988dc83f4082a4f27503ba2906dc6b8733b3c02be567635c726c67bbd48314"",""reified_data_identity_sha256"":""16162702ccec82b2a0e27063cd04bd756a27af1f003b4cef0da976d843ef4725"",""update_for"":""reified"",""access_mode"":""writable"",""base_data_name"":""exploratory-base"",""reified_data_name"":""exploratory-reified"",""update_canary_sha256"":""41997fb8640d9e765a0272879a63548eb9bd46bbf6e49da02b7c924e506b94f7"",""store_instance_sha256"":""735ac62b30e8a3e73b850ea02c7ab19c17b1289095d95961d66c9b3270bcea6a"",""store_discriminator_sha256"":""2e884d94ace185d62b1b91debf493ccd0a69b83d08e74cf5f1c2be4851b14215"",""tool_sha256"":""b38a65fc0c1a91e138f057f7b6c08d21c328463aceb40ffda53fc759f99d2f7a"",""java_runtime_sha256"":""bdd50c08a90e2fb713541b8a118df6250246a917edc41a6776aeafc90b472687"",""run_identity_sha256"":""afda4423fd692b676d46b49c8384d51ed03ae014f20b251c0e19b54f19c13f6e""}"
4267882342ccd9cdc5c52909b4aba296ec41092c,oxigraph,Oxigraph [engines.json profile],100M,O,O1,00,0f31130653f6c7f7dad353eb0c056676430f43d831aa1c986bb0e5cfe3f2b72c,C,SPARQLcirc CircuitRewriter,ok,7,69779.4,69779.4,69779.4,69779.4,0.0,0,1,90.0,14544896,1611.2,50355,50348,25167,,412.858003,[69779.413],[1611.227],0.0,[0.0],71404.6,[71404.644],14.0,[14.005],r9.2-frozen-identity-v7,218f065cf565b68c79e97f7d2ae85173e780590043fd98f6621669bb84ce2595,term-aware-candidate-set-v1,7,9222998cbd3c7d639df46729e26c8825e75f6b377a905062ed78071e3d80be85,flat,flat,a481560c950267b4ca0a5758aad9808475874f46fbbdaf16bf5160e8eff8720b,,,,,c9e65564945d8df3e6db347909ce749b23a5ceaa40b5bfbce825a1c78035ad60,9d75166c957de49226a016f8a64c1ef26fa5fb5aae4efed67a9ee6460103a803,a8297913a408e55f541b6c7801716a469203e2ac506de1de3b4285a47b345bae,8a988dc83f4082a4f27503ba2906dc6b8733b3c02be567635c726c67bbd48314,16162702ccec82b2a0e27063cd04bd756a27af1f003b4cef0da976d843ef4725,reified,writable,exploratory-base,exploratory-reified,41997fb8640d9e765a0272879a63548eb9bd46bbf6e49da02b7c924e506b94f7,735ac62b30e8a3e73b850ea02c7ab19c17b1289095d95961d66c9b3270bcea6a,2e884d94ace185d62b1b91debf493ccd0a69b83d08e74cf5f1c2be4851b14215,b38a65fc0c1a91e138f057f7b6c08d21c328463aceb40ffda53fc759f99d2f7a,bdd50c08a90e2fb713541b8a118df6250246a917edc41a6776aeafc90b472687,afda4423fd692b676d46b49c8384d51ed03ae014f20b251c0e19b54f19c13f6e,"pcm-meta-v2:{""protocol"":""r9.2-frozen-identity-v7"",""message"":""C requested=flat effective=flat; steps=5 feedback=0; network includes CONSTRUCT, feedback INSERT, and cleanup DELETE"",""cell_wall_ms"":71823.948,""answer_kind"":""term-aware-candidate-set-v1"",""answer_key_count"":7,""answer_fingerprint"":""9222998cbd3c7d639df46729e26c8825e75f6b377a905062ed78071e3d80be85"",""c_parse_samples"":[1611.227],""c_protocol_samples"":[{""requested_mode"":""flat"",""effective_mode"":""flat"",""fallback_reason"":null,""plan_steps"":5,""feedback_steps"":0,""feedback_triples"":0,""construct_query_ms"":69779.413,""feedback_update_ms"":0.0,""cleanup_ms"":0.0,""client_protocol_ms"":0.0,""network_scope"":""construct+feedback+cleanup"",""circuit_sha256"":""a481560c950267b4ca0a5758aad9808475874f46fbbdaf16bf5160e8eff8720b"",""answer_fingerprint"":""9222998cbd3c7d639df46729e26c8825e75f6b377a905062ed78071e3d80be85"",""semantic_signature_sha256"":""ea204b504063e2e7023775868eacb551a18b324773f3aca55b74a2ef029ebac0"",""structure_signature"":{""gates"":50355,""edges"":50348,""answers"":7,""derivations"":25167,""canonical_bytes"":14544896},""construct_total_ms"":71404.644,""client_unattributed_ms"":14.005}],""construct_total_samples"":[71404.644],""construct_unattributed_samples"":[14.005],""status"":""ok"",""status_evidence"":null,""c_warmup_signatures"":[],""measured_semantic_signature_sha256"":""ea204b504063e2e7023775868eacb551a18b324773f3aca55b74a2ef029ebac0"",""measured_repetitions_consistent"":true,""endpoint_lock"":{""wait_ms"":0.007,""lock_path"":""/tmp/sparqlcirc-r9-endpoint-locks-v7/735ac62b30e8a3e73b850ea02c7ab19c17b1289095d95961d66c9b3270bcea6a.lock""},""construction_requested"":""flat"",""construction_effective"":""flat"",""commit"":""4267882342ccd9cdc5c52909b4aba296ec41092c"",""batch_id"":""218f065cf565b68c79e97f7d2ae85173e780590043fd98f6621669bb84ce2595"",""query_sha256"":""0f31130653f6c7f7dad353eb0c056676430f43d831aa1c986bb0e5cfe3f2b72c"",""engine"":""oxigraph"",""engine_version"":""Oxigraph [engines.json profile]"",""scale"":""100M"",""base_endpoint_sha256"":""c9e65564945d8df3e6db347909ce749b23a5ceaa40b5bfbce825a1c78035ad60"",""reified_endpoint_sha256"":""9d75166c957de49226a016f8a64c1ef26fa5fb5aae4efed67a9ee6460103a803"",""update_endpoint_sha256"":""a8297913a408e55f541b6c7801716a469203e2ac506de1de3b4285a47b345bae"",""base_data_identity_sha256"":""8a988dc83f4082a4f27503ba2906dc6b8733b3c02be567635c726c67bbd48314"",""reified_data_identity_sha256"":""16162702ccec82b2a0e27063cd04bd756a27af1f003b4cef0da976d843ef4725"",""update_for"":""reified"",""access_mode"":""writable"",""base_data_name"":""exploratory-base"",""reified_data_name"":""exploratory-reified"",""update_canary_sha256"":""41997fb8640d9e765a0272879a63548eb9bd46bbf6e49da02b7c924e506b94f7"",""store_instance_sha256"":""735ac62b30e8a3e73b850ea02c7ab19c17b1289095d95961d66c9b3270bcea6a"",""store_discriminator_sha256"":""2e884d94ace185d62b1b91debf493ccd0a69b83d08e74cf5f1c2be4851b14215"",""tool_sha256"":""b38a65fc0c1a91e138f057f7b6c08d21c328463aceb40ffda53fc759f99d2f7a"",""java_runtime_sha256"":""bdd50c08a90e2fb713541b8a118df6250246a917edc41a6776aeafc90b472687"",""run_identity_sha256"":""afda4423fd692b676d46b49c8384d51ed03ae014f20b251c0e19b54f19c13f6e""}"
4267882342ccd9cdc5c52909b4aba296ec41092c,oxigraph,Oxigraph [engines.json profile],100M,O,O2,00,e2353d138cc41a9c8013909b8e8b380cf7ba04e2544b8ca784e13ce0c7009eb6,B,base-select,ok,18,5.9,5.9,5.9,5.9,0.0,0,1,90.0,1213,0.0,,,,,0.00697,[5.862],[0.0],,[],,[],,[],r9.2-frozen-identity-v7,218f065cf565b68c79e97f7d2ae85173e780590043fd98f6621669bb84ce2595,csv-binding-multiset-v1,18,2629685ca00c93979e7b23970f12f8ac86f999dac6e93c089b7ee9fb433876d6,,,,,,,,c9e65564945d8df3e6db347909ce749b23a5ceaa40b5bfbce825a1c78035ad60,9d75166c957de49226a016f8a64c1ef26fa5fb5aae4efed67a9ee6460103a803,a8297913a408e55f541b6c7801716a469203e2ac506de1de3b4285a47b345bae,8a988dc83f4082a4f27503ba2906dc6b8733b3c02be567635c726c67bbd48314,16162702ccec82b2a0e27063cd04bd756a27af1f003b4cef0da976d843ef4725,reified,writable,exploratory-base,exploratory-reified,41997fb8640d9e765a0272879a63548eb9bd46bbf6e49da02b7c924e506b94f7,735ac62b30e8a3e73b850ea02c7ab19c17b1289095d95961d66c9b3270bcea6a,2e884d94ace185d62b1b91debf493ccd0a69b83d08e74cf5f1c2be4851b14215,b38a65fc0c1a91e138f057f7b6c08d21c328463aceb40ffda53fc759f99d2f7a,bdd50c08a90e2fb713541b8a118df6250246a917edc41a6776aeafc90b472687,f9ec67a02a1245fbd2af48e1cb3b2c06419381378f34d5fd9b533a2b71f0b0b9,"pcm-meta-v2:{""protocol"":""r9.2-frozen-identity-v7"",""message"":"""",""cell_wall_ms"":11.846,""answer_kind"":""csv-binding-multiset-v1"",""answer_key_count"":18,""answer_fingerprint"":""2629685ca00c93979e7b23970f12f8ac86f999dac6e93c089b7ee9fb433876d6"",""c_parse_samples"":[0.0],""c_protocol_samples"":[],""construct_total_samples"":[],""construct_unattributed_samples"":[],""status"":""ok"",""status_evidence"":null,""construction_requested"":null,""construction_effective"":null,""commit"":""4267882342ccd9cdc5c52909b4aba296ec41092c"",""batch_id"":""218f065cf565b68c79e97f7d2ae85173e780590043fd98f6621669bb84ce2595"",""query_sha256"":""e2353d138cc41a9c8013909b8e8b380cf7ba04e2544b8ca784e13ce0c7009eb6"",""engine"":""oxigraph"",""engine_version"":""Oxigraph [engines.json profile]"",""scale"":""100M"",""base_endpoint_sha256"":""c9e65564945d8df3e6db347909ce749b23a5ceaa40b5bfbce825a1c78035ad60"",""reified_endpoint_sha256"":""9d75166c957de49226a016f8a64c1ef26fa5fb5aae4efed67a9ee6460103a803"",""update_endpoint_sha256"":""a8297913a408e55f541b6c7801716a469203e2ac506de1de3b4285a47b345bae"",""base_data_identity_sha256"":""8a988dc83f4082a4f27503ba2906dc6b8733b3c02be567635c726c67bbd48314"",""reified_data_identity_sha256"":""16162702ccec82b2a0e27063cd04bd756a27af1f003b4cef0da976d843ef4725"",""update_for"":""reified"",""access_mode"":""writable"",""base_data_name"":""exploratory-base"",""reified_data_name"":""exploratory-reified"",""update_canary_sha256"":""41997fb8640d9e765a0272879a63548eb9bd46bbf6e49da02b7c924e506b94f7"",""store_instance_sha256"":""735ac62b30e8a3e73b850ea02c7ab19c17b1289095d95961d66c9b3270bcea6a"",""store_discriminator_sha256"":""2e884d94ace185d62b1b91debf493ccd0a69b83d08e74cf5f1c2be4851b14215"",""tool_sha256"":""b38a65fc0c1a91e138f057f7b6c08d21c328463aceb40ffda53fc759f99d2f7a"",""java_runtime_sha256"":""bdd50c08a90e2fb713541b8a118df6250246a917edc41a6776aeafc90b472687"",""run_identity_sha256"":""f9ec67a02a1245fbd2af48e1cb3b2c06419381378f34d5fd9b533a2b71f0b0b9""}"
4267882342ccd9cdc5c52909b4aba296ec41092c,oxigraph,Oxigraph [engines.json profile],100M,O,O2,00,e2353d138cc41a9c8013909b8e8b380cf7ba04e2544b8ca784e13ce0c7009eb6,R,reification-only,timeout,,,,,,,0,1,90.0,,,,,,,208.396631,[],[],,[],,[],,[],r9.2-frozen-identity-v7,218f065cf565b68c79e97f7d2ae85173e780590043fd98f6621669bb84ce2595,,,,,,,,,,,c9e65564945d8df3e6db347909ce749b23a5ceaa40b5bfbce825a1c78035ad60,9d75166c957de49226a016f8a64c1ef26fa5fb5aae4efed67a9ee6460103a803,a8297913a408e55f541b6c7801716a469203e2ac506de1de3b4285a47b345bae,8a988dc83f4082a4f27503ba2906dc6b8733b3c02be567635c726c67bbd48314,16162702ccec82b2a0e27063cd04bd756a27af1f003b4cef0da976d843ef4725,reified,writable,exploratory-base,exploratory-reified,41997fb8640d9e765a0272879a63548eb9bd46bbf6e49da02b7c924e506b94f7,735ac62b30e8a3e73b850ea02c7ab19c17b1289095d95961d66c9b3270bcea6a,2e884d94ace185d62b1b91debf493ccd0a69b83d08e74cf5f1c2be4851b14215,b38a65fc0c1a91e138f057f7b6c08d21c328463aceb40ffda53fc759f99d2f7a,bdd50c08a90e2fb713541b8a118df6250246a917edc41a6776aeafc90b472687,f9ec67a02a1245fbd2af48e1cb3b2c06419381378f34d5fd9b533a2b71f0b0b9,"pcm-meta-v2:{""protocol"":""r9.2-frozen-identity-v7"",""message"":""whole cell exceeded 90s hard deadline; worker reaped"",""cell_wall_ms"":90000.0,""c_parse_samples"":[],""c_protocol_samples"":[],""construct_total_samples"":[],""construct_unattributed_samples"":[],""status"":""timeout"",""status_evidence"":{""kind"":""hard-wall-deadline"",""message"":""whole cell exceeded 90s hard deadline; worker reaped""},""construction_requested"":null,""construction_effective"":null,""commit"":""4267882342ccd9cdc5c52909b4aba296ec41092c"",""batch_id"":""218f065cf565b68c79e97f7d2ae85173e780590043fd98f6621669bb84ce2595"",""query_sha256"":""e2353d138cc41a9c8013909b8e8b380cf7ba04e2544b8ca784e13ce0c7009eb6"",""engine"":""oxigraph"",""engine_version"":""Oxigraph [engines.json profile]"",""scale"":""100M"",""base_endpoint_sha256"":""c9e65564945d8df3e6db347909ce749b23a5ceaa40b5bfbce825a1c78035ad60"",""reified_endpoint_sha256"":""9d75166c957de49226a016f8a64c1ef26fa5fb5aae4efed67a9ee6460103a803"",""update_endpoint_sha256"":""a8297913a408e55f541b6c7801716a469203e2ac506de1de3b4285a47b345bae"",""base_data_identity_sha256"":""8a988dc83f4082a4f27503ba2906dc6b8733b3c02be567635c726c67bbd48314"",""reified_data_identity_sha256"":""16162702ccec82b2a0e27063cd04bd756a27af1f003b4cef0da976d843ef4725"",""update_for"":""reified"",""access_mode"":""writable"",""base_data_name"":""exploratory-base"",""reified_data_name"":""exploratory-reified"",""update_canary_sha256"":""41997fb8640d9e765a0272879a63548eb9bd46bbf6e49da02b7c924e506b94f7"",""store_instance_sha256"":""735ac62b30e8a3e73b850ea02c7ab19c17b1289095d95961d66c9b3270bcea6a"",""store_discriminator_sha256"":""2e884d94ace185d62b1b91debf493ccd0a69b83d08e74cf5f1c2be4851b14215"",""tool_sha256"":""b38a65fc0c1a91e138f057f7b6c08d21c328463aceb40ffda53fc759f99d2f7a"",""java_runtime_sha256"":""bdd50c08a90e2fb713541b8a118df6250246a917edc41a6776aeafc90b472687"",""run_identity_sha256"":""f9ec67a02a1245fbd2af48e1cb3b2c06419381378f34d5fd9b533a2b71f0b0b9""}"
4267882342ccd9cdc5c52909b4aba296ec41092c,oxigraph,Oxigraph [engines.json profile],100M,O,O2,00,e2353d138cc41a9c8013909b8e8b380cf7ba04e2544b8ca784e13ce0c7009eb6,N,N_clean (NPCS reimplementation),timeout,,,,,,,0,1,90.0,,,,,,,211.131303,[],[],,[],,[],,[],r9.2-frozen-identity-v7,218f065cf565b68c79e97f7d2ae85173e780590043fd98f6621669bb84ce2595,,,,,,,,,,,c9e65564945d8df3e6db347909ce749b23a5ceaa40b5bfbce825a1c78035ad60,9d75166c957de49226a016f8a64c1ef26fa5fb5aae4efed67a9ee6460103a803,a8297913a408e55f541b6c7801716a469203e2ac506de1de3b4285a47b345bae,8a988dc83f4082a4f27503ba2906dc6b8733b3c02be567635c726c67bbd48314,16162702ccec82b2a0e27063cd04bd756a27af1f003b4cef0da976d843ef4725,reified,writable,exploratory-base,exploratory-reified,41997fb8640d9e765a0272879a63548eb9bd46bbf6e49da02b7c924e506b94f7,735ac62b30e8a3e73b850ea02c7ab19c17b1289095d95961d66c9b3270bcea6a,2e884d94ace185d62b1b91debf493ccd0a69b83d08e74cf5f1c2be4851b14215,b38a65fc0c1a91e138f057f7b6c08d21c328463aceb40ffda53fc759f99d2f7a,bdd50c08a90e2fb713541b8a118df6250246a917edc41a6776aeafc90b472687,f9ec67a02a1245fbd2af48e1cb3b2c06419381378f34d5fd9b533a2b71f0b0b9,"pcm-meta-v2:{""protocol"":""r9.2-frozen-identity-v7"",""message"":""whole cell exceeded 90s hard deadline; worker reaped"",""cell_wall_ms"":90000.0,""c_parse_samples"":[],""c_protocol_samples"":[],""construct_total_samples"":[],""construct_unattributed_samples"":[],""status"":""timeout"",""status_evidence"":{""kind"":""hard-wall-deadline"",""message"":""whole cell exceeded 90s hard deadline; worker reaped""},""construction_requested"":null,""construction_effective"":null,""commit"":""4267882342ccd9cdc5c52909b4aba296ec41092c"",""batch_id"":""218f065cf565b68c79e97f7d2ae85173e780590043fd98f6621669bb84ce2595"",""query_sha256"":""e2353d138cc41a9c8013909b8e8b380cf7ba04e2544b8ca784e13ce0c7009eb6"",""engine"":""oxigraph"",""engine_version"":""Oxigraph [engines.json profile]"",""scale"":""100M"",""base_endpoint_sha256"":""c9e65564945d8df3e6db347909ce749b23a5ceaa40b5bfbce825a1c78035ad60"",""reified_endpoint_sha256"":""9d75166c957de49226a016f8a64c1ef26fa5fb5aae4efed67a9ee6460103a803"",""update_endpoint_sha256"":""a8297913a408e55f541b6c7801716a469203e2ac506de1de3b4285a47b345bae"",""base_data_identity_sha256"":""8a988dc83f4082a4f27503ba2906dc6b8733b3c02be567635c726c67bbd48314"",""reified_data_identity_sha256"":""16162702ccec82b2a0e27063cd04bd756a27af1f003b4cef0da976d843ef4725"",""update_for"":""reified"",""access_mode"":""writable"",""base_data_name"":""exploratory-base"",""reified_data_name"":""exploratory-reified"",""update_canary_sha256"":""41997fb8640d9e765a0272879a63548eb9bd46bbf6e49da02b7c924e506b94f7"",""store_instance_sha256"":""735ac62b30e8a3e73b850ea02c7ab19c17b1289095d95961d66c9b3270bcea6a"",""store_discriminator_sha256"":""2e884d94ace185d62b1b91debf493ccd0a69b83d08e74cf5f1c2be4851b14215"",""tool_sha256"":""b38a65fc0c1a91e138f057f7b6c08d21c328463aceb40ffda53fc759f99d2f7a"",""java_runtime_sha256"":""bdd50c08a90e2fb713541b8a118df6250246a917edc41a6776aeafc90b472687"",""run_identity_sha256"":""f9ec67a02a1245fbd2af48e1cb3b2c06419381378f34d5fd9b533a2b71f0b0b9""}"
4267882342ccd9cdc5c52909b4aba296ec41092c,oxigraph,Oxigraph [engines.json profile],100M,O,O2,00,e2353d138cc41a9c8013909b8e8b380cf7ba04e2544b8ca784e13ce0c7009eb6,C,SPARQLcirc CircuitRewriter,timeout,,,,,,,0,1,90.0,,,,,,,397.551505,[],[],,[],,[],,[],r9.2-frozen-identity-v7,218f065cf565b68c79e97f7d2ae85173e780590043fd98f6621669bb84ce2595,,,,,,,,,,,c9e65564945d8df3e6db347909ce749b23a5ceaa40b5bfbce825a1c78035ad60,9d75166c957de49226a016f8a64c1ef26fa5fb5aae4efed67a9ee6460103a803,a8297913a408e55f541b6c7801716a469203e2ac506de1de3b4285a47b345bae,8a988dc83f4082a4f27503ba2906dc6b8733b3c02be567635c726c67bbd48314,16162702ccec82b2a0e27063cd04bd756a27af1f003b4cef0da976d843ef4725,reified,writable,exploratory-base,exploratory-reified,41997fb8640d9e765a0272879a63548eb9bd46bbf6e49da02b7c924e506b94f7,735ac62b30e8a3e73b850ea02c7ab19c17b1289095d95961d66c9b3270bcea6a,2e884d94ace185d62b1b91debf493ccd0a69b83d08e74cf5f1c2be4851b14215,b38a65fc0c1a91e138f057f7b6c08d21c328463aceb40ffda53fc759f99d2f7a,bdd50c08a90e2fb713541b8a118df6250246a917edc41a6776aeafc90b472687,f9ec67a02a1245fbd2af48e1cb3b2c06419381378f34d5fd9b533a2b71f0b0b9,"pcm-meta-v2:{""protocol"":""r9.2-frozen-identity-v7"",""message"":""whole cell exceeded 90s hard deadline; worker reaped"",""cell_wall_ms"":90000.0,""c_parse_samples"":[],""c_protocol_samples"":[],""construct_total_samples"":[],""construct_unattributed_samples"":[],""status"":""timeout"",""status_evidence"":{""kind"":""hard-wall-deadline"",""message"":""whole cell exceeded 90s hard deadline; worker reaped""},""endpoint_lock"":{""wait_ms"":0.008,""lock_path"":""/tmp/sparqlcirc-r9-endpoint-locks-v7/735ac62b30e8a3e73b850ea02c7ab19c17b1289095d95961d66c9b3270bcea6a.lock""},""construction_requested"":null,""construction_effective"":null,""commit"":""4267882342ccd9cdc5c52909b4aba296ec41092c"",""batch_id"":""218f065cf565b68c79e97f7d2ae85173e780590043fd98f6621669bb84ce2595"",""query_sha256"":""e2353d138cc41a9c8013909b8e8b380cf7ba04e2544b8ca784e13ce0c7009eb6"",""engine"":""oxigraph"",""engine_version"":""Oxigraph [engines.json profile]"",""scale"":""100M"",""base_endpoint_sha256"":""c9e65564945d8df3e6db347909ce749b23a5ceaa40b5bfbce825a1c78035ad60"",""reified_endpoint_sha256"":""9d75166c957de49226a016f8a64c1ef26fa5fb5aae4efed67a9ee6460103a803"",""update_endpoint_sha256"":""a8297913a408e55f541b6c7801716a469203e2ac506de1de3b4285a47b345bae"",""base_data_identity_sha256"":""8a988dc83f4082a4f27503ba2906dc6b8733b3c02be567635c726c67bbd48314"",""reified_data_identity_sha256"":""16162702ccec82b2a0e27063cd04bd756a27af1f003b4cef0da976d843ef4725"",""update_for"":""reified"",""access_mode"":""writable"",""base_data_name"":""exploratory-base"",""reified_data_name"":""exploratory-reified"",""update_canary_sha256"":""41997fb8640d9e765a0272879a63548eb9bd46bbf6e49da02b7c924e506b94f7"",""store_instance_sha256"":""735ac62b30e8a3e73b850ea02c7ab19c17b1289095d95961d66c9b3270bcea6a"",""store_discriminator_sha256"":""2e884d94ace185d62b1b91debf493ccd0a69b83d08e74cf5f1c2be4851b14215"",""tool_sha256"":""b38a65fc0c1a91e138f057f7b6c08d21c328463aceb40ffda53fc759f99d2f7a"",""java_runtime_sha256"":""bdd50c08a90e2fb713541b8a118df6250246a917edc41a6776aeafc90b472687"",""run_identity_sha256"":""f9ec67a02a1245fbd2af48e1cb3b2c06419381378f34d5fd9b533a2b71f0b0b9""}"
4267882342ccd9cdc5c52909b4aba296ec41092c,oxigraph,Oxigraph [engines.json profile],100M,O,O3,00,8600634422cefcb5ad7bc23d2acb693e5f8bf0686ad4714d2eba90a935b2f2b3,B,base-select,ok,2914,586.6,586.6,586.6,586.6,0.0,0,1,90.0,186473,0.0,,,,,0.00815,[586.608],[0.0],,[],,[],,[],r9.2-frozen-identity-v7,218f065cf565b68c79e97f7d2ae85173e780590043fd98f6621669bb84ce2595,csv-binding-multiset-v1,2914,29e150e168c60e111a4ba6eccb9f7de847be409dd939e4d7e691fe8a78988f9f,,,,,,,,c9e65564945d8df3e6db347909ce749b23a5ceaa40b5bfbce825a1c78035ad60,9d75166c957de49226a016f8a64c1ef26fa5fb5aae4efed67a9ee6460103a803,a8297913a408e55f541b6c7801716a469203e2ac506de1de3b4285a47b345bae,8a988dc83f4082a4f27503ba2906dc6b8733b3c02be567635c726c67bbd48314,16162702ccec82b2a0e27063cd04bd756a27af1f003b4cef0da976d843ef4725,reified,writable,exploratory-base,exploratory-reified,41997fb8640d9e765a0272879a63548eb9bd46bbf6e49da02b7c924e506b94f7,735ac62b30e8a3e73b850ea02c7ab19c17b1289095d95961d66c9b3270bcea6a,2e884d94ace185d62b1b91debf493ccd0a69b83d08e74cf5f1c2be4851b14215,b38a65fc0c1a91e138f057f7b6c08d21c328463aceb40ffda53fc759f99d2f7a,bdd50c08a90e2fb713541b8a118df6250246a917edc41a6776aeafc90b472687,be5adbad4390e72735d67bc6bf9e7c271a152da3252383894c004781a624c3b4,"pcm-meta-v2:{""protocol"":""r9.2-frozen-identity-v7"",""message"":"""",""cell_wall_ms"":607.22,""answer_kind"":""csv-binding-multiset-v1"",""answer_key_count"":2914,""answer_fingerprint"":""29e150e168c60e111a4ba6eccb9f7de847be409dd939e4d7e691fe8a78988f9f"",""c_parse_samples"":[0.0],""c_protocol_samples"":[],""construct_total_samples"":[],""construct_unattributed_samples"":[],""status"":""ok"",""status_evidence"":null,""construction_requested"":null,""construction_effective"":null,""commit"":""4267882342ccd9cdc5c52909b4aba296ec41092c"",""batch_id"":""218f065cf565b68c79e97f7d2ae85173e780590043fd98f6621669bb84ce2595"",""query_sha256"":""8600634422cefcb5ad7bc23d2acb693e5f8bf0686ad4714d2eba90a935b2f2b3"",""engine"":""oxigraph"",""engine_version"":""Oxigraph [engines.json profile]"",""scale"":""100M"",""base_endpoint_sha256"":""c9e65564945d8df3e6db347909ce749b23a5ceaa40b5bfbce825a1c78035ad60"",""reified_endpoint_sha256"":""9d75166c957de49226a016f8a64c1ef26fa5fb5aae4efed67a9ee6460103a803"",""update_endpoint_sha256"":""a8297913a408e55f541b6c7801716a469203e2ac506de1de3b4285a47b345bae"",""base_data_identity_sha256"":""8a988dc83f4082a4f27503ba2906dc6b8733b3c02be567635c726c67bbd48314"",""reified_data_identity_sha256"":""16162702ccec82b2a0e27063cd04bd756a27af1f003b4cef0da976d843ef4725"",""update_for"":""reified"",""access_mode"":""writable"",""base_data_name"":""exploratory-base"",""reified_data_name"":""exploratory-reified"",""update_canary_sha256"":""41997fb8640d9e765a0272879a63548eb9bd46bbf6e49da02b7c924e506b94f7"",""store_instance_sha256"":""735ac62b30e8a3e73b850ea02c7ab19c17b1289095d95961d66c9b3270bcea6a"",""store_discriminator_sha256"":""2e884d94ace185d62b1b91debf493ccd0a69b83d08e74cf5f1c2be4851b14215"",""tool_sha256"":""b38a65fc0c1a91e138f057f7b6c08d21c328463aceb40ffda53fc759f99d2f7a"",""java_runtime_sha256"":""bdd50c08a90e2fb713541b8a118df6250246a917edc41a6776aeafc90b472687"",""run_identity_sha256"":""be5adbad4390e72735d67bc6bf9e7c271a152da3252383894c004781a624c3b4""}"
4267882342ccd9cdc5c52909b4aba296ec41092c,oxigraph,Oxigraph [engines.json profile],100M,O,O3,00,8600634422cefcb5ad7bc23d2acb693e5f8bf0686ad4714d2eba90a935b2f2b3,R,reification-only,timeout,,,,,,,0,1,90.0,,,,,,,165.270564,[],[],,[],,[],,[],r9.2-frozen-identity-v7,218f065cf565b68c79e97f7d2ae85173e780590043fd98f6621669bb84ce2595,,,,,,,,,,,c9e65564945d8df3e6db347909ce749b23a5ceaa40b5bfbce825a1c78035ad60,9d75166c957de49226a016f8a64c1ef26fa5fb5aae4efed67a9ee6460103a803,a8297913a408e55f541b6c7801716a469203e2ac506de1de3b4285a47b345bae,8a988dc83f4082a4f27503ba2906dc6b8733b3c02be567635c726c67bbd48314,16162702ccec82b2a0e27063cd04bd756a27af1f003b4cef0da976d843ef4725,reified,writable,exploratory-base,exploratory-reified,41997fb8640d9e765a0272879a63548eb9bd46bbf6e49da02b7c924e506b94f7,735ac62b30e8a3e73b850ea02c7ab19c17b1289095d95961d66c9b3270bcea6a,2e884d94ace185d62b1b91debf493ccd0a69b83d08e74cf5f1c2be4851b14215,b38a65fc0c1a91e138f057f7b6c08d21c328463aceb40ffda53fc759f99d2f7a,bdd50c08a90e2fb713541b8a118df6250246a917edc41a6776aeafc90b472687,be5adbad4390e72735d67bc6bf9e7c271a152da3252383894c004781a624c3b4,"pcm-meta-v2:{""protocol"":""r9.2-frozen-identity-v7"",""message"":""whole cell exceeded 90s hard deadline; worker reaped"",""cell_wall_ms"":90000.0,""c_parse_samples"":[],""c_protocol_samples"":[],""construct_total_samples"":[],""construct_unattributed_samples"":[],""status"":""timeout"",""status_evidence"":{""kind"":""hard-wall-deadline"",""message"":""whole cell exceeded 90s hard deadline; worker reaped""},""construction_requested"":null,""construction_effective"":null,""commit"":""4267882342ccd9cdc5c52909b4aba296ec41092c"",""batch_id"":""218f065cf565b68c79e97f7d2ae85173e780590043fd98f6621669bb84ce2595"",""query_sha256"":""8600634422cefcb5ad7bc23d2acb693e5f8bf0686ad4714d2eba90a935b2f2b3"",""engine"":""oxigraph"",""engine_version"":""Oxigraph [engines.json profile]"",""scale"":""100M"",""base_endpoint_sha256"":""c9e65564945d8df3e6db347909ce749b23a5ceaa40b5bfbce825a1c78035ad60"",""reified_endpoint_sha256"":""9d75166c957de49226a016f8a64c1ef26fa5fb5aae4efed67a9ee6460103a803"",""update_endpoint_sha256"":""a8297913a408e55f541b6c7801716a469203e2ac506de1de3b4285a47b345bae"",""base_data_identity_sha256"":""8a988dc83f4082a4f27503ba2906dc6b8733b3c02be567635c726c67bbd48314"",""reified_data_identity_sha256"":""16162702ccec82b2a0e27063cd04bd756a27af1f003b4cef0da976d843ef4725"",""update_for"":""reified"",""access_mode"":""writable"",""base_data_name"":""exploratory-base"",""reified_data_name"":""exploratory-reified"",""update_canary_sha256"":""41997fb8640d9e765a0272879a63548eb9bd46bbf6e49da02b7c924e506b94f7"",""store_instance_sha256"":""735ac62b30e8a3e73b850ea02c7ab19c17b1289095d95961d66c9b3270bcea6a"",""store_discriminator_sha256"":""2e884d94ace185d62b1b91debf493ccd0a69b83d08e74cf5f1c2be4851b14215"",""tool_sha256"":""b38a65fc0c1a91e138f057f7b6c08d21c328463aceb40ffda53fc759f99d2f7a"",""java_runtime_sha256"":""bdd50c08a90e2fb713541b8a118df6250246a917edc41a6776aeafc90b472687"",""run_identity_sha256"":""be5adbad4390e72735d67bc6bf9e7c271a152da3252383894c004781a624c3b4""}"
4267882342ccd9cdc5c52909b4aba296ec41092c,oxigraph,Oxigraph [engines.json profile],100M,O,O3,00,8600634422cefcb5ad7bc23d2acb693e5f8bf0686ad4714d2eba90a935b2f2b3,N,N_clean (NPCS reimplementation),ok,3213,33414.2,33414.2,33414.2,33414.2,0.0,0,1,90.0,238917,0.0,,,,897,228.117745,[33414.245],[0.0],,[],,[],,[],r9.2-frozen-identity-v7,218f065cf565b68c79e97f7d2ae85173e780590043fd98f6621669bb84ce2595,csv-candidate-multiset-v1,3213,1ff18227246bde287cc8856ea8396312fa37f372c8b5ee8e90cde7b36b12940f,,,,,,,,c9e65564945d8df3e6db347909ce749b23a5ceaa40b5bfbce825a1c78035ad60,9d75166c957de49226a016f8a64c1ef26fa5fb5aae4efed67a9ee6460103a803,a8297913a408e55f541b6c7801716a469203e2ac506de1de3b4285a47b345bae,8a988dc83f4082a4f27503ba2906dc6b8733b3c02be567635c726c67bbd48314,16162702ccec82b2a0e27063cd04bd756a27af1f003b4cef0da976d843ef4725,reified,writable,exploratory-base,exploratory-reified,41997fb8640d9e765a0272879a63548eb9bd46bbf6e49da02b7c924e506b94f7,735ac62b30e8a3e73b850ea02c7ab19c17b1289095d95961d66c9b3270bcea6a,2e884d94ace185d62b1b91debf493ccd0a69b83d08e74cf5f1c2be4851b14215,b38a65fc0c1a91e138f057f7b6c08d21c328463aceb40ffda53fc759f99d2f7a,bdd50c08a90e2fb713541b8a118df6250246a917edc41a6776aeafc90b472687,be5adbad4390e72735d67bc6bf9e7c271a152da3252383894c004781a624c3b4,"pcm-meta-v2:{""protocol"":""r9.2-frozen-identity-v7"",""message"":"""",""cell_wall_ms"":33681.122,""answer_kind"":""csv-candidate-multiset-v1"",""answer_key_count"":3213,""answer_fingerprint"":""1ff18227246bde287cc8856ea8396312fa37f372c8b5ee8e90cde7b36b12940f"",""c_parse_samples"":[0.0],""c_protocol_samples"":[],""construct_total_samples"":[],""construct_unattributed_samples"":[],""status"":""ok"",""status_evidence"":null,""construction_requested"":null,""construction_effective"":null,""commit"":""4267882342ccd9cdc5c52909b4aba296ec41092c"",""batch_id"":""218f065cf565b68c79e97f7d2ae85173e780590043fd98f6621669bb84ce2595"",""query_sha256"":""8600634422cefcb5ad7bc23d2acb693e5f8bf0686ad4714d2eba90a935b2f2b3"",""engine"":""oxigraph"",""engine_version"":""Oxigraph [engines.json profile]"",""scale"":""100M"",""base_endpoint_sha256"":""c9e65564945d8df3e6db347909ce749b23a5ceaa40b5bfbce825a1c78035ad60"",""reified_endpoint_sha256"":""9d75166c957de49226a016f8a64c1ef26fa5fb5aae4efed67a9ee6460103a803"",""update_endpoint_sha256"":""a8297913a408e55f541b6c7801716a469203e2ac506de1de3b4285a47b345bae"",""base_data_identity_sha256"":""8a988dc83f4082a4f27503ba2906dc6b8733b3c02be567635c726c67bbd48314"",""reified_data_identity_sha256"":""16162702ccec82b2a0e27063cd04bd756a27af1f003b4cef0da976d843ef4725"",""update_for"":""reified"",""access_mode"":""writable"",""base_data_name"":""exploratory-base"",""reified_data_name"":""exploratory-reified"",""update_canary_sha256"":""41997fb8640d9e765a0272879a63548eb9bd46bbf6e49da02b7c924e506b94f7"",""store_instance_sha256"":""735ac62b30e8a3e73b850ea02c7ab19c17b1289095d95961d66c9b3270bcea6a"",""store_discriminator_sha256"":""2e884d94ace185d62b1b91debf493ccd0a69b83d08e74cf5f1c2be4851b14215"",""tool_sha256"":""b38a65fc0c1a91e138f057f7b6c08d21c328463aceb40ffda53fc759f99d2f7a"",""java_runtime_sha256"":""bdd50c08a90e2fb713541b8a118df6250246a917edc41a6776aeafc90b472687"",""run_identity_sha256"":""be5adbad4390e72735d67bc6bf9e7c271a152da3252383894c004781a624c3b4""}"
4267882342ccd9cdc5c52909b4aba296ec41092c,oxigraph,Oxigraph [engines.json profile],100M,O,O3,00,8600634422cefcb5ad7bc23d2acb693e5f8bf0686ad4714d2eba90a935b2f2b3,C,SPARQLcirc CircuitRewriter,ok,3213,67633.7,67633.7,67633.7,67633.7,0.0,0,1,90.0,22184717,2765.9,65488,60258,28373,,417.560502,[67633.699],[2765.942],0.0,[0.0],70413.5,[70413.452],13.8,[13.811],r9.2-frozen-identity-v7,218f065cf565b68c79e97f7d2ae85173e780590043fd98f6621669bb84ce2595,term-aware-candidate-set-v1,3213,260cb09a1227502b35343aa83fd4b1ceae204e24b8e349a0717dcac34ca9b361,flat,flat,f819ad27dd74b4a79650229f687ceb4aa183d5b9a4c17a86ccf14c05771de17f,,,,,c9e65564945d8df3e6db347909ce749b23a5ceaa40b5bfbce825a1c78035ad60,9d75166c957de49226a016f8a64c1ef26fa5fb5aae4efed67a9ee6460103a803,a8297913a408e55f541b6c7801716a469203e2ac506de1de3b4285a47b345bae,8a988dc83f4082a4f27503ba2906dc6b8733b3c02be567635c726c67bbd48314,16162702ccec82b2a0e27063cd04bd756a27af1f003b4cef0da976d843ef4725,reified,writable,exploratory-base,exploratory-reified,41997fb8640d9e765a0272879a63548eb9bd46bbf6e49da02b7c924e506b94f7,735ac62b30e8a3e73b850ea02c7ab19c17b1289095d95961d66c9b3270bcea6a,2e884d94ace185d62b1b91debf493ccd0a69b83d08e74cf5f1c2be4851b14215,b38a65fc0c1a91e138f057f7b6c08d21c328463aceb40ffda53fc759f99d2f7a,bdd50c08a90e2fb713541b8a118df6250246a917edc41a6776aeafc90b472687,be5adbad4390e72735d67bc6bf9e7c271a152da3252383894c004781a624c3b4,"pcm-meta-v2:{""protocol"":""r9.2-frozen-identity-v7"",""message"":""C requested=flat effective=flat; steps=5 feedback=0; network includes CONSTRUCT, feedback INSERT, and cleanup DELETE"",""cell_wall_ms"":70844.405,""answer_kind"":""term-aware-candidate-set-v1"",""answer_key_count"":3213,""answer_fingerprint"":""260cb09a1227502b35343aa83fd4b1ceae204e24b8e349a0717dcac34ca9b361"",""c_parse_samples"":[2765.942],""c_protocol_samples"":[{""requested_mode"":""flat"",""effective_mode"":""flat"",""fallback_reason"":null,""plan_steps"":5,""feedback_steps"":0,""feedback_triples"":0,""construct_query_ms"":67633.699,""feedback_update_ms"":0.0,""cleanup_ms"":0.0,""client_protocol_ms"":0.0,""network_scope"":""construct+feedback+cleanup"",""circuit_sha256"":""f819ad27dd74b4a79650229f687ceb4aa183d5b9a4c17a86ccf14c05771de17f"",""answer_fingerprint"":""260cb09a1227502b35343aa83fd4b1ceae204e24b8e349a0717dcac34ca9b361"",""semantic_signature_sha256"":""70bb660185e7125b2432fabe05f0535b10543d9321c0d38804bc4f6eda660a57"",""structure_signature"":{""gates"":65488,""edges"":60258,""answers"":3213,""derivations"":28373,""canonical_bytes"":22184717},""construct_total_ms"":70413.452,""client_unattributed_ms"":13.811}],""construct_total_samples"":[70413.452],""construct_unattributed_samples"":[13.811],""status"":""ok"",""status_evidence"":null,""c_warmup_signatures"":[],""measured_semantic_signature_sha256"":""70bb660185e7125b2432fabe05f0535b10543d9321c0d38804bc4f6eda660a57"",""measured_repetitions_consistent"":true,""endpoint_lock"":{""wait_ms"":0.007,""lock_path"":""/tmp/sparqlcirc-r9-endpoint-locks-v7/735ac62b30e8a3e73b850ea02c7ab19c17b1289095d95961d66c9b3270bcea6a.lock""},""construction_requested"":""flat"",""construction_effective"":""flat"",""commit"":""4267882342ccd9cdc5c52909b4aba296ec41092c"",""batch_id"":""218f065cf565b68c79e97f7d2ae85173e780590043fd98f6621669bb84ce2595"",""query_sha256"":""8600634422cefcb5ad7bc23d2acb693e5f8bf0686ad4714d2eba90a935b2f2b3"",""engine"":""oxigraph"",""engine_version"":""Oxigraph [engines.json profile]"",""scale"":""100M"",""base_endpoint_sha256"":""c9e65564945d8df3e6db347909ce749b23a5ceaa40b5bfbce825a1c78035ad60"",""reified_endpoint_sha256"":""9d75166c957de49226a016f8a64c1ef26fa5fb5aae4efed67a9ee6460103a803"",""update_endpoint_sha256"":""a8297913a408e55f541b6c7801716a469203e2ac506de1de3b4285a47b345bae"",""base_data_identity_sha256"":""8a988dc83f4082a4f27503ba2906dc6b8733b3c02be567635c726c67bbd48314"",""reified_data_identity_sha256"":""16162702ccec82b2a0e27063cd04bd756a27af1f003b4cef0da976d843ef4725"",""update_for"":""reified"",""access_mode"":""writable"",""base_data_name"":""exploratory-base"",""reified_data_name"":""exploratory-reified"",""update_canary_sha256"":""41997fb8640d9e765a0272879a63548eb9bd46bbf6e49da02b7c924e506b94f7"",""store_instance_sha256"":""735ac62b30e8a3e73b850ea02c7ab19c17b1289095d95961d66c9b3270bcea6a"",""store_discriminator_sha256"":""2e884d94ace185d62b1b91debf493ccd0a69b83d08e74cf5f1c2be4851b14215"",""tool_sha256"":""b38a65fc0c1a91e138f057f7b6c08d21c328463aceb40ffda53fc759f99d2f7a"",""java_runtime_sha256"":""bdd50c08a90e2fb713541b8a118df6250246a917edc41a6776aeafc90b472687"",""run_identity_sha256"":""be5adbad4390e72735d67bc6bf9e7c271a152da3252383894c004781a624c3b4""}"
4267882342ccd9cdc5c52909b4aba296ec41092c,oxigraph,Oxigraph [engines.json profile],100M,O,O4,00,c2e7f8e7377b1ac6cc1c202c8233c4b4c10a2b85eae74cbb49844b3515dd26f8,B,base-select,ok,26131,5078.4,5078.4,5078.4,5078.4,0.0,0,1,90.0,2614975,0.0,,,,,0.00655,[5078.442],[0.0],,[],,[],,[],r9.2-frozen-identity-v7,218f065cf565b68c79e97f7d2ae85173e780590043fd98f6621669bb84ce2595,csv-binding-multiset-v1,26131,089a4c2cd5edcac694e95473f8fe69bfb11ba580c46197758307b3248e761016,,,,,,,,c9e65564945d8df3e6db347909ce749b23a5ceaa40b5bfbce825a1c78035ad60,9d75166c957de49226a016f8a64c1ef26fa5fb5aae4efed67a9ee6460103a803,a8297913a408e55f541b6c7801716a469203e2ac506de1de3b4285a47b345bae,8a988dc83f4082a4f27503ba2906dc6b8733b3c02be567635c726c67bbd48314,16162702ccec82b2a0e27063cd04bd756a27af1f003b4cef0da976d843ef4725,reified,writable,exploratory-base,exploratory-reified,41997fb8640d9e765a0272879a63548eb9bd46bbf6e49da02b7c924e506b94f7,735ac62b30e8a3e73b850ea02c7ab19c17b1289095d95961d66c9b3270bcea6a,2e884d94ace185d62b1b91debf493ccd0a69b83d08e74cf5f1c2be4851b14215,b38a65fc0c1a91e138f057f7b6c08d21c328463aceb40ffda53fc759f99d2f7a,bdd50c08a90e2fb713541b8a118df6250246a917edc41a6776aeafc90b472687,d2bfe8aa1edc3250dea09df855f2f37fa5de291c2b0f095a92cd3c19031892a8,"pcm-meta-v2:{""protocol"":""r9.2-frozen-identity-v7"",""message"":"""",""cell_wall_ms"":5476.043,""answer_kind"":""csv-binding-multiset-v1"",""answer_key_count"":26131,""answer_fingerprint"":""089a4c2cd5edcac694e95473f8fe69bfb11ba580c46197758307b3248e761016"",""c_parse_samples"":[0.0],""c_protocol_samples"":[],""construct_total_samples"":[],""construct_unattributed_samples"":[],""status"":""ok"",""status_evidence"":null,""construction_requested"":null,""construction_effective"":null,""commit"":""4267882342ccd9cdc5c52909b4aba296ec41092c"",""batch_id"":""218f065cf565b68c79e97f7d2ae85173e780590043fd98f6621669bb84ce2595"",""query_sha256"":""c2e7f8e7377b1ac6cc1c202c8233c4b4c10a2b85eae74cbb49844b3515dd26f8"",""engine"":""oxigraph"",""engine_version"":""Oxigraph [engines.json profile]"",""scale"":""100M"",""base_endpoint_sha256"":""c9e65564945d8df3e6db347909ce749b23a5ceaa40b5bfbce825a1c78035ad60"",""reified_endpoint_sha256"":""9d75166c957de49226a016f8a64c1ef26fa5fb5aae4efed67a9ee6460103a803"",""update_endpoint_sha256"":""a8297913a408e55f541b6c7801716a469203e2ac506de1de3b4285a47b345bae"",""base_data_identity_sha256"":""8a988dc83f4082a4f27503ba2906dc6b8733b3c02be567635c726c67bbd48314"",""reified_data_identity_sha256"":""16162702ccec82b2a0e27063cd04bd756a27af1f003b4cef0da976d843ef4725"",""update_for"":""reified"",""access_mode"":""writable"",""base_data_name"":""exploratory-base"",""reified_data_name"":""exploratory-reified"",""update_canary_sha256"":""41997fb8640d9e765a0272879a63548eb9bd46bbf6e49da02b7c924e506b94f7"",""store_instance_sha256"":""735ac62b30e8a3e73b850ea02c7ab19c17b1289095d95961d66c9b3270bcea6a"",""store_discriminator_sha256"":""2e884d94ace185d62b1b91debf493ccd0a69b83d08e74cf5f1c2be4851b14215"",""tool_sha256"":""b38a65fc0c1a91e138f057f7b6c08d21c328463aceb40ffda53fc759f99d2f7a"",""java_runtime_sha256"":""bdd50c08a90e2fb713541b8a118df6250246a917edc41a6776aeafc90b472687"",""run_identity_sha256"":""d2bfe8aa1edc3250dea09df855f2f37fa5de291c2b0f095a92cd3c19031892a8""}"
4267882342ccd9cdc5c52909b4aba296ec41092c,oxigraph,Oxigraph [engines.json profile],100M,O,O4,00,c2e7f8e7377b1ac6cc1c202c8233c4b4c10a2b85eae74cbb49844b3515dd26f8,R,reification-only,timeout,,,,,,,0,1,90.0,,,,,,,172.335136,[],[],,[],,[],,[],r9.2-frozen-identity-v7,218f065cf565b68c79e97f7d2ae85173e780590043fd98f6621669bb84ce2595,,,,,,,,,,,c9e65564945d8df3e6db347909ce749b23a5ceaa40b5bfbce825a1c78035ad60,9d75166c957de49226a016f8a64c1ef26fa5fb5aae4efed67a9ee6460103a803,a8297913a408e55f541b6c7801716a469203e2ac506de1de3b4285a47b345bae,8a988dc83f4082a4f27503ba2906dc6b8733b3c02be567635c726c67bbd48314,16162702ccec82b2a0e27063cd04bd756a27af1f003b4cef0da976d843ef4725,reified,writable,exploratory-base,exploratory-reified,41997fb8640d9e765a0272879a63548eb9bd46bbf6e49da02b7c924e506b94f7,735ac62b30e8a3e73b850ea02c7ab19c17b1289095d95961d66c9b3270bcea6a,2e884d94ace185d62b1b91debf493ccd0a69b83d08e74cf5f1c2be4851b14215,b38a65fc0c1a91e138f057f7b6c08d21c328463aceb40ffda53fc759f99d2f7a,bdd50c08a90e2fb713541b8a118df6250246a917edc41a6776aeafc90b472687,d2bfe8aa1edc3250dea09df855f2f37fa5de291c2b0f095a92cd3c19031892a8,"pcm-meta-v2:{""protocol"":""r9.2-frozen-identity-v7"",""message"":""whole cell exceeded 90s hard deadline; worker reaped"",""cell_wall_ms"":90000.0,""c_parse_samples"":[],""c_protocol_samples"":[],""construct_total_samples"":[],""construct_unattributed_samples"":[],""status"":""timeout"",""status_evidence"":{""kind"":""hard-wall-deadline"",""message"":""whole cell exceeded 90s hard deadline; worker reaped""},""construction_requested"":null,""construction_effective"":null,""commit"":""4267882342ccd9cdc5c52909b4aba296ec41092c"",""batch_id"":""218f065cf565b68c79e97f7d2ae85173e780590043fd98f6621669bb84ce2595"",""query_sha256"":""c2e7f8e7377b1ac6cc1c202c8233c4b4c10a2b85eae74cbb49844b3515dd26f8"",""engine"":""oxigraph"",""engine_version"":""Oxigraph [engines.json profile]"",""scale"":""100M"",""base_endpoint_sha256"":""c9e65564945d8df3e6db347909ce749b23a5ceaa40b5bfbce825a1c78035ad60"",""reified_endpoint_sha256"":""9d75166c957de49226a016f8a64c1ef26fa5fb5aae4efed67a9ee6460103a803"",""update_endpoint_sha256"":""a8297913a408e55f541b6c7801716a469203e2ac506de1de3b4285a47b345bae"",""base_data_identity_sha256"":""8a988dc83f4082a4f27503ba2906dc6b8733b3c02be567635c726c67bbd48314"",""reified_data_identity_sha256"":""16162702ccec82b2a0e27063cd04bd756a27af1f003b4cef0da976d843ef4725"",""update_for"":""reified"",""access_mode"":""writable"",""base_data_name"":""exploratory-base"",""reified_data_name"":""exploratory-reified"",""update_canary_sha256"":""41997fb8640d9e765a0272879a63548eb9bd46bbf6e49da02b7c924e506b94f7"",""store_instance_sha256"":""735ac62b30e8a3e73b850ea02c7ab19c17b1289095d95961d66c9b3270bcea6a"",""store_discriminator_sha256"":""2e884d94ace185d62b1b91debf493ccd0a69b83d08e74cf5f1c2be4851b14215"",""tool_sha256"":""b38a65fc0c1a91e138f057f7b6c08d21c328463aceb40ffda53fc759f99d2f7a"",""java_runtime_sha256"":""bdd50c08a90e2fb713541b8a118df6250246a917edc41a6776aeafc90b472687"",""run_identity_sha256"":""d2bfe8aa1edc3250dea09df855f2f37fa5de291c2b0f095a92cd3c19031892a8""}"
4267882342ccd9cdc5c52909b4aba296ec41092c,oxigraph,Oxigraph [engines.json profile],100M,O,O4,00,c2e7f8e7377b1ac6cc1c202c8233c4b4c10a2b85eae74cbb49844b3515dd26f8,N,N_clean (NPCS reimplementation),ok,27441,45696.0,45696.0,45696.0,45696.0,0.0,0,1,90.0,2938971,0.0,,,,3930,204.452278,[45696.015],[0.0],,[],,[],,[],r9.2-frozen-identity-v7,218f065cf565b68c79e97f7d2ae85173e780590043fd98f6621669bb84ce2595,csv-candidate-multiset-v1,27441,2dd5ae68f2c80b6f50c6623942e7cc09f0ef13a006420fba496d86057a74f541,,,,,,,,c9e65564945d8df3e6db347909ce749b23a5ceaa40b5bfbce825a1c78035ad60,9d75166c957de49226a016f8a64c1ef26fa5fb5aae4efed67a9ee6460103a803,a8297913a408e55f541b6c7801716a469203e2ac506de1de3b4285a47b345bae,8a988dc83f4082a4f27503ba2906dc6b8733b3c02be567635c726c67bbd48314,16162702ccec82b2a0e27063cd04bd756a27af1f003b4cef0da976d843ef4725,reified,writable,exploratory-base,exploratory-reified,41997fb8640d9e765a0272879a63548eb9bd46bbf6e49da02b7c924e506b94f7,735ac62b30e8a3e73b850ea02c7ab19c17b1289095d95961d66c9b3270bcea6a,2e884d94ace185d62b1b91debf493ccd0a69b83d08e74cf5f1c2be4851b14215,b38a65fc0c1a91e138f057f7b6c08d21c328463aceb40ffda53fc759f99d2f7a,bdd50c08a90e2fb713541b8a118df6250246a917edc41a6776aeafc90b472687,d2bfe8aa1edc3250dea09df855f2f37fa5de291c2b0f095a92cd3c19031892a8,"pcm-meta-v2:{""protocol"":""r9.2-frozen-identity-v7"",""message"":"""",""cell_wall_ms"":46253.853,""answer_kind"":""csv-candidate-multiset-v1"",""answer_key_count"":27441,""answer_fingerprint"":""2dd5ae68f2c80b6f50c6623942e7cc09f0ef13a006420fba496d86057a74f541"",""c_parse_samples"":[0.0],""c_protocol_samples"":[],""construct_total_samples"":[],""construct_unattributed_samples"":[],""status"":""ok"",""status_evidence"":null,""construction_requested"":null,""construction_effective"":null,""commit"":""4267882342ccd9cdc5c52909b4aba296ec41092c"",""batch_id"":""218f065cf565b68c79e97f7d2ae85173e780590043fd98f6621669bb84ce2595"",""query_sha256"":""c2e7f8e7377b1ac6cc1c202c8233c4b4c10a2b85eae74cbb49844b3515dd26f8"",""engine"":""oxigraph"",""engine_version"":""Oxigraph [engines.json profile]"",""scale"":""100M"",""base_endpoint_sha256"":""c9e65564945d8df3e6db347909ce749b23a5ceaa40b5bfbce825a1c78035ad60"",""reified_endpoint_sha256"":""9d75166c957de49226a016f8a64c1ef26fa5fb5aae4efed67a9ee6460103a803"",""update_endpoint_sha256"":""a8297913a408e55f541b6c7801716a469203e2ac506de1de3b4285a47b345bae"",""base_data_identity_sha256"":""8a988dc83f4082a4f27503ba2906dc6b8733b3c02be567635c726c67bbd48314"",""reified_data_identity_sha256"":""16162702ccec82b2a0e27063cd04bd756a27af1f003b4cef0da976d843ef4725"",""update_for"":""reified"",""access_mode"":""writable"",""base_data_name"":""exploratory-base"",""reified_data_name"":""exploratory-reified"",""update_canary_sha256"":""41997fb8640d9e765a0272879a63548eb9bd46bbf6e49da02b7c924e506b94f7"",""store_instance_sha256"":""735ac62b30e8a3e73b850ea02c7ab19c17b1289095d95961d66c9b3270bcea6a"",""store_discriminator_sha256"":""2e884d94ace185d62b1b91debf493ccd0a69b83d08e74cf5f1c2be4851b14215"",""tool_sha256"":""b38a65fc0c1a91e138f057f7b6c08d21c328463aceb40ffda53fc759f99d2f7a"",""java_runtime_sha256"":""bdd50c08a90e2fb713541b8a118df6250246a917edc41a6776aeafc90b472687"",""run_identity_sha256"":""d2bfe8aa1edc3250dea09df855f2f37fa5de291c2b0f095a92cd3c19031892a8""}"
4267882342ccd9cdc5c52909b4aba296ec41092c,oxigraph,Oxigraph [engines.json profile],100M,O,O4,00,c2e7f8e7377b1ac6cc1c202c8233c4b4c10a2b85eae74cbb49844b3515dd26f8,C,SPARQLcirc CircuitRewriter,timeout,,,,,,,0,1,90.0,,,,,,,490.783566,[],[],,[],,[],,[],r9.2-frozen-identity-v7,218f065cf565b68c79e97f7d2ae85173e780590043fd98f6621669bb84ce2595,,,,,,,,,,,c9e65564945d8df3e6db347909ce749b23a5ceaa40b5bfbce825a1c78035ad60,9d75166c957de49226a016f8a64c1ef26fa5fb5aae4efed67a9ee6460103a803,a8297913a408e55f541b6c7801716a469203e2ac506de1de3b4285a47b345bae,8a988dc83f4082a4f27503ba2906dc6b8733b3c02be567635c726c67bbd48314,16162702ccec82b2a0e27063cd04bd756a27af1f003b4cef0da976d843ef4725,reified,writable,exploratory-base,exploratory-reified,41997fb8640d9e765a0272879a63548eb9bd46bbf6e49da02b7c924e506b94f7,735ac62b30e8a3e73b850ea02c7ab19c17b1289095d95961d66c9b3270bcea6a,2e884d94ace185d62b1b91debf493ccd0a69b83d08e74cf5f1c2be4851b14215,b38a65fc0c1a91e138f057f7b6c08d21c328463aceb40ffda53fc759f99d2f7a,bdd50c08a90e2fb713541b8a118df6250246a917edc41a6776aeafc90b472687,d2bfe8aa1edc3250dea09df855f2f37fa5de291c2b0f095a92cd3c19031892a8,"pcm-meta-v2:{""protocol"":""r9.2-frozen-identity-v7"",""message"":""whole cell exceeded 90s hard deadline; worker reaped"",""cell_wall_ms"":90000.0,""c_parse_samples"":[],""c_protocol_samples"":[],""construct_total_samples"":[],""construct_unattributed_samples"":[],""status"":""timeout"",""status_evidence"":{""kind"":""hard-wall-deadline"",""message"":""whole cell exceeded 90s hard deadline; worker reaped""},""endpoint_lock"":{""wait_ms"":0.007,""lock_path"":""/tmp/sparqlcirc-r9-endpoint-locks-v7/735ac62b30e8a3e73b850ea02c7ab19c17b1289095d95961d66c9b3270bcea6a.lock""},""construction_requested"":null,""construction_effective"":null,""commit"":""4267882342ccd9cdc5c52909b4aba296ec41092c"",""batch_id"":""218f065cf565b68c79e97f7d2ae85173e780590043fd98f6621669bb84ce2595"",""query_sha256"":""c2e7f8e7377b1ac6cc1c202c8233c4b4c10a2b85eae74cbb49844b3515dd26f8"",""engine"":""oxigraph"",""engine_version"":""Oxigraph [engines.json profile]"",""scale"":""100M"",""base_endpoint_sha256"":""c9e65564945d8df3e6db347909ce749b23a5ceaa40b5bfbce825a1c78035ad60"",""reified_endpoint_sha256"":""9d75166c957de49226a016f8a64c1ef26fa5fb5aae4efed67a9ee6460103a803"",""update_endpoint_sha256"":""a8297913a408e55f541b6c7801716a469203e2ac506de1de3b4285a47b345bae"",""base_data_identity_sha256"":""8a988dc83f4082a4f27503ba2906dc6b8733b3c02be567635c726c67bbd48314"",""reified_data_identity_sha256"":""16162702ccec82b2a0e27063cd04bd756a27af1f003b4cef0da976d843ef4725"",""update_for"":""reified"",""access_mode"":""writable"",""base_data_name"":""exploratory-base"",""reified_data_name"":""exploratory-reified"",""update_canary_sha256"":""41997fb8640d9e765a0272879a63548eb9bd46bbf6e49da02b7c924e506b94f7"",""store_instance_sha256"":""735ac62b30e8a3e73b850ea02c7ab19c17b1289095d95961d66c9b3270bcea6a"",""store_discriminator_sha256"":""2e884d94ace185d62b1b91debf493ccd0a69b83d08e74cf5f1c2be4851b14215"",""tool_sha256"":""b38a65fc0c1a91e138f057f7b6c08d21c328463aceb40ffda53fc759f99d2f7a"",""java_runtime_sha256"":""bdd50c08a90e2fb713541b8a118df6250246a917edc41a6776aeafc90b472687"",""run_identity_sha256"":""d2bfe8aa1edc3250dea09df855f2f37fa5de291c2b0f095a92cd3c19031892a8""}"
4267882342ccd9cdc5c52909b4aba296ec41092c,oxigraph,Oxigraph [engines.json profile],100M,O,O5,00,ec9af3cffe6976bcc27a5ca3ba0732c80fe7716160af6d25aa1d6b447b6300e2,B,base-select,ok,18,2.7,2.7,2.7,2.7,0.0,0,1,90.0,865,0.0,,,,,0.0079,[2.655],[0.0],,[],,[],,[],r9.2-frozen-identity-v7,218f065cf565b68c79e97f7d2ae85173e780590043fd98f6621669bb84ce2595,csv-binding-multiset-v1,18,46a5ef4e451e13320d519ff511f6296eab1a6c4343c003fa0c3c826fde688609,,,,,,,,c9e65564945d8df3e6db347909ce749b23a5ceaa40b5bfbce825a1c78035ad60,9d75166c957de49226a016f8a64c1ef26fa5fb5aae4efed67a9ee6460103a803,a8297913a408e55f541b6c7801716a469203e2ac506de1de3b4285a47b345bae,8a988dc83f4082a4f27503ba2906dc6b8733b3c02be567635c726c67bbd48314,16162702ccec82b2a0e27063cd04bd756a27af1f003b4cef0da976d843ef4725,reified,writable,exploratory-base,exploratory-reified,41997fb8640d9e765a0272879a63548eb9bd46bbf6e49da02b7c924e506b94f7,735ac62b30e8a3e73b850ea02c7ab19c17b1289095d95961d66c9b3270bcea6a,2e884d94ace185d62b1b91debf493ccd0a69b83d08e74cf5f1c2be4851b14215,b38a65fc0c1a91e138f057f7b6c08d21c328463aceb40ffda53fc759f99d2f7a,bdd50c08a90e2fb713541b8a118df6250246a917edc41a6776aeafc90b472687,1afcf7422e4d3ea1dc060886ae86bdcee60a3826f05db5aa845260e29c5dffb0,"pcm-meta-v2:{""protocol"":""r9.2-frozen-identity-v7"",""message"":"""",""cell_wall_ms"":8.613,""answer_kind"":""csv-binding-multiset-v1"",""answer_key_count"":18,""answer_fingerprint"":""46a5ef4e451e13320d519ff511f6296eab1a6c4343c003fa0c3c826fde688609"",""c_parse_samples"":[0.0],""c_protocol_samples"":[],""construct_total_samples"":[],""construct_unattributed_samples"":[],""status"":""ok"",""status_evidence"":null,""construction_requested"":null,""construction_effective"":null,""commit"":""4267882342ccd9cdc5c52909b4aba296ec41092c"",""batch_id"":""218f065cf565b68c79e97f7d2ae85173e780590043fd98f6621669bb84ce2595"",""query_sha256"":""ec9af3cffe6976bcc27a5ca3ba0732c80fe7716160af6d25aa1d6b447b6300e2"",""engine"":""oxigraph"",""engine_version"":""Oxigraph [engines.json profile]"",""scale"":""100M"",""base_endpoint_sha256"":""c9e65564945d8df3e6db347909ce749b23a5ceaa40b5bfbce825a1c78035ad60"",""reified_endpoint_sha256"":""9d75166c957de49226a016f8a64c1ef26fa5fb5aae4efed67a9ee6460103a803"",""update_endpoint_sha256"":""a8297913a408e55f541b6c7801716a469203e2ac506de1de3b4285a47b345bae"",""base_data_identity_sha256"":""8a988dc83f4082a4f27503ba2906dc6b8733b3c02be567635c726c67bbd48314"",""reified_data_identity_sha256"":""16162702ccec82b2a0e27063cd04bd756a27af1f003b4cef0da976d843ef4725"",""update_for"":""reified"",""access_mode"":""writable"",""base_data_name"":""exploratory-base"",""reified_data_name"":""exploratory-reified"",""update_canary_sha256"":""41997fb8640d9e765a0272879a63548eb9bd46bbf6e49da02b7c924e506b94f7"",""store_instance_sha256"":""735ac62b30e8a3e73b850ea02c7ab19c17b1289095d95961d66c9b3270bcea6a"",""store_discriminator_sha256"":""2e884d94ace185d62b1b91debf493ccd0a69b83d08e74cf5f1c2be4851b14215"",""tool_sha256"":""b38a65fc0c1a91e138f057f7b6c08d21c328463aceb40ffda53fc759f99d2f7a"",""java_runtime_sha256"":""bdd50c08a90e2fb713541b8a118df6250246a917edc41a6776aeafc90b472687"",""run_identity_sha256"":""1afcf7422e4d3ea1dc060886ae86bdcee60a3826f05db5aa845260e29c5dffb0""}"
4267882342ccd9cdc5c52909b4aba296ec41092c,oxigraph,Oxigraph [engines.json profile],100M,O,O5,00,ec9af3cffe6976bcc27a5ca3ba0732c80fe7716160af6d25aa1d6b447b6300e2,R,reification-only,timeout,,,,,,,0,1,90.0,,,,,,,167.089083,[],[],,[],,[],,[],r9.2-frozen-identity-v7,218f065cf565b68c79e97f7d2ae85173e780590043fd98f6621669bb84ce2595,,,,,,,,,,,c9e65564945d8df3e6db347909ce749b23a5ceaa40b5bfbce825a1c78035ad60,9d75166c957de49226a016f8a64c1ef26fa5fb5aae4efed67a9ee6460103a803,a8297913a408e55f541b6c7801716a469203e2ac506de1de3b4285a47b345bae,8a988dc83f4082a4f27503ba2906dc6b8733b3c02be567635c726c67bbd48314,16162702ccec82b2a0e27063cd04bd756a27af1f003b4cef0da976d843ef4725,reified,writable,exploratory-base,exploratory-reified,41997fb8640d9e765a0272879a63548eb9bd46bbf6e49da02b7c924e506b94f7,735ac62b30e8a3e73b850ea02c7ab19c17b1289095d95961d66c9b3270bcea6a,2e884d94ace185d62b1b91debf493ccd0a69b83d08e74cf5f1c2be4851b14215,b38a65fc0c1a91e138f057f7b6c08d21c328463aceb40ffda53fc759f99d2f7a,bdd50c08a90e2fb713541b8a118df6250246a917edc41a6776aeafc90b472687,1afcf7422e4d3ea1dc060886ae86bdcee60a3826f05db5aa845260e29c5dffb0,"pcm-meta-v2:{""protocol"":""r9.2-frozen-identity-v7"",""message"":""whole cell exceeded 90s hard deadline; worker reaped"",""cell_wall_ms"":90000.0,""c_parse_samples"":[],""c_protocol_samples"":[],""construct_total_samples"":[],""construct_unattributed_samples"":[],""status"":""timeout"",""status_evidence"":{""kind"":""hard-wall-deadline"",""message"":""whole cell exceeded 90s hard deadline; worker reaped""},""construction_requested"":null,""construction_effective"":null,""commit"":""4267882342ccd9cdc5c52909b4aba296ec41092c"",""batch_id"":""218f065cf565b68c79e97f7d2ae85173e780590043fd98f6621669bb84ce2595"",""query_sha256"":""ec9af3cffe6976bcc27a5ca3ba0732c80fe7716160af6d25aa1d6b447b6300e2"",""engine"":""oxigraph"",""engine_version"":""Oxigraph [engines.json profile]"",""scale"":""100M"",""base_endpoint_sha256"":""c9e65564945d8df3e6db347909ce749b23a5ceaa40b5bfbce825a1c78035ad60"",""reified_endpoint_sha256"":""9d75166c957de49226a016f8a64c1ef26fa5fb5aae4efed67a9ee6460103a803"",""update_endpoint_sha256"":""a8297913a408e55f541b6c7801716a469203e2ac506de1de3b4285a47b345bae"",""base_data_identity_sha256"":""8a988dc83f4082a4f27503ba2906dc6b8733b3c02be567635c726c67bbd48314"",""reified_data_identity_sha256"":""16162702ccec82b2a0e27063cd04bd756a27af1f003b4cef0da976d843ef4725"",""update_for"":""reified"",""access_mode"":""writable"",""base_data_name"":""exploratory-base"",""reified_data_name"":""exploratory-reified"",""update_canary_sha256"":""41997fb8640d9e765a0272879a63548eb9bd46bbf6e49da02b7c924e506b94f7"",""store_instance_sha256"":""735ac62b30e8a3e73b850ea02c7ab19c17b1289095d95961d66c9b3270bcea6a"",""store_discriminator_sha256"":""2e884d94ace185d62b1b91debf493ccd0a69b83d08e74cf5f1c2be4851b14215"",""tool_sha256"":""b38a65fc0c1a91e138f057f7b6c08d21c328463aceb40ffda53fc759f99d2f7a"",""java_runtime_sha256"":""bdd50c08a90e2fb713541b8a118df6250246a917edc41a6776aeafc90b472687"",""run_identity_sha256"":""1afcf7422e4d3ea1dc060886ae86bdcee60a3826f05db5aa845260e29c5dffb0""}"
4267882342ccd9cdc5c52909b4aba296ec41092c,oxigraph,Oxigraph [engines.json profile],100M,O,O5,00,ec9af3cffe6976bcc27a5ca3ba0732c80fe7716160af6d25aa1d6b447b6300e2,N,N_clean (NPCS reimplementation),ok,14,67900.3,67900.3,67900.3,67900.3,0.0,0,1,90.0,1289,0.0,,,,17,191.353333,[67900.282],[0.0],,[],,[],,[],r9.2-frozen-identity-v7,218f065cf565b68c79e97f7d2ae85173e780590043fd98f6621669bb84ce2595,csv-candidate-multiset-v1,14,d49f6fc72651f27778d3a99616d42464797a1e3cbb5c5782c999e8a58e609343,,,,,,,,c9e65564945d8df3e6db347909ce749b23a5ceaa40b5bfbce825a1c78035ad60,9d75166c957de49226a016f8a64c1ef26fa5fb5aae4efed67a9ee6460103a803,a8297913a408e55f541b6c7801716a469203e2ac506de1de3b4285a47b345bae,8a988dc83f4082a4f27503ba2906dc6b8733b3c02be567635c726c67bbd48314,16162702ccec82b2a0e27063cd04bd756a27af1f003b4cef0da976d843ef4725,reified,writable,exploratory-base,exploratory-reified,41997fb8640d9e765a0272879a63548eb9bd46bbf6e49da02b7c924e506b94f7,735ac62b30e8a3e73b850ea02c7ab19c17b1289095d95961d66c9b3270bcea6a,2e884d94ace185d62b1b91debf493ccd0a69b83d08e74cf5f1c2be4851b14215,b38a65fc0c1a91e138f057f7b6c08d21c328463aceb40ffda53fc759f99d2f7a,bdd50c08a90e2fb713541b8a118df6250246a917edc41a6776aeafc90b472687,1afcf7422e4d3ea1dc060886ae86bdcee60a3826f05db5aa845260e29c5dffb0,"pcm-meta-v2:{""protocol"":""r9.2-frozen-identity-v7"",""message"":"""",""cell_wall_ms"":68097.979,""answer_kind"":""csv-candidate-multiset-v1"",""answer_key_count"":14,""answer_fingerprint"":""d49f6fc72651f27778d3a99616d42464797a1e3cbb5c5782c999e8a58e609343"",""c_parse_samples"":[0.0],""c_protocol_samples"":[],""construct_total_samples"":[],""construct_unattributed_samples"":[],""status"":""ok"",""status_evidence"":null,""construction_requested"":null,""construction_effective"":null,""commit"":""4267882342ccd9cdc5c52909b4aba296ec41092c"",""batch_id"":""218f065cf565b68c79e97f7d2ae85173e780590043fd98f6621669bb84ce2595"",""query_sha256"":""ec9af3cffe6976bcc27a5ca3ba0732c80fe7716160af6d25aa1d6b447b6300e2"",""engine"":""oxigraph"",""engine_version"":""Oxigraph [engines.json profile]"",""scale"":""100M"",""base_endpoint_sha256"":""c9e65564945d8df3e6db347909ce749b23a5ceaa40b5bfbce825a1c78035ad60"",""reified_endpoint_sha256"":""9d75166c957de49226a016f8a64c1ef26fa5fb5aae4efed67a9ee6460103a803"",""update_endpoint_sha256"":""a8297913a408e55f541b6c7801716a469203e2ac506de1de3b4285a47b345bae"",""base_data_identity_sha256"":""8a988dc83f4082a4f27503ba2906dc6b8733b3c02be567635c726c67bbd48314"",""reified_data_identity_sha256"":""16162702ccec82b2a0e27063cd04bd756a27af1f003b4cef0da976d843ef4725"",""update_for"":""reified"",""access_mode"":""writable"",""base_data_name"":""exploratory-base"",""reified_data_name"":""exploratory-reified"",""update_canary_sha256"":""41997fb8640d9e765a0272879a63548eb9bd46bbf6e49da02b7c924e506b94f7"",""store_instance_sha256"":""735ac62b30e8a3e73b850ea02c7ab19c17b1289095d95961d66c9b3270bcea6a"",""store_discriminator_sha256"":""2e884d94ace185d62b1b91debf493ccd0a69b83d08e74cf5f1c2be4851b14215"",""tool_sha256"":""b38a65fc0c1a91e138f057f7b6c08d21c328463aceb40ffda53fc759f99d2f7a"",""java_runtime_sha256"":""bdd50c08a90e2fb713541b8a118df6250246a917edc41a6776aeafc90b472687"",""run_identity_sha256"":""1afcf7422e4d3ea1dc060886ae86bdcee60a3826f05db5aa845260e29c5dffb0""}"
4267882342ccd9cdc5c52909b4aba296ec41092c,oxigraph,Oxigraph [engines.json profile],100M,O,O5,00,ec9af3cffe6976bcc27a5ca3ba0732c80fe7716160af6d25aa1d6b447b6300e2,C,SPARQLcirc CircuitRewriter,timeout,,,,,,,0,1,90.0,,,,,,,399.576864,[],[],,[],,[],,[],r9.2-frozen-identity-v7,218f065cf565b68c79e97f7d2ae85173e780590043fd98f6621669bb84ce2595,,,,,,,,,,,c9e65564945d8df3e6db347909ce749b23a5ceaa40b5bfbce825a1c78035ad60,9d75166c957de49226a016f8a64c1ef26fa5fb5aae4efed67a9ee6460103a803,a8297913a408e55f541b6c7801716a469203e2ac506de1de3b4285a47b345bae,8a988dc83f4082a4f27503ba2906dc6b8733b3c02be567635c726c67bbd48314,16162702ccec82b2a0e27063cd04bd756a27af1f003b4cef0da976d843ef4725,reified,writable,exploratory-base,exploratory-reified,41997fb8640d9e765a0272879a63548eb9bd46bbf6e49da02b7c924e506b94f7,735ac62b30e8a3e73b850ea02c7ab19c17b1289095d95961d66c9b3270bcea6a,2e884d94ace185d62b1b91debf493ccd0a69b83d08e74cf5f1c2be4851b14215,b38a65fc0c1a91e138f057f7b6c08d21c328463aceb40ffda53fc759f99d2f7a,bdd50c08a90e2fb713541b8a118df6250246a917edc41a6776aeafc90b472687,1afcf7422e4d3ea1dc060886ae86bdcee60a3826f05db5aa845260e29c5dffb0,"pcm-meta-v2:{""protocol"":""r9.2-frozen-identity-v7"",""message"":""whole cell exceeded 90s hard deadline; worker reaped"",""cell_wall_ms"":90000.0,""c_parse_samples"":[],""c_protocol_samples"":[],""construct_total_samples"":[],""construct_unattributed_samples"":[],""status"":""timeout"",""status_evidence"":{""kind"":""hard-wall-deadline"",""message"":""whole cell exceeded 90s hard deadline; worker reaped""},""endpoint_lock"":{""wait_ms"":0.009,""lock_path"":""/tmp/sparqlcirc-r9-endpoint-locks-v7/735ac62b30e8a3e73b850ea02c7ab19c17b1289095d95961d66c9b3270bcea6a.lock""},""construction_requested"":null,""construction_effective"":null,""commit"":""4267882342ccd9cdc5c52909b4aba296ec41092c"",""batch_id"":""218f065cf565b68c79e97f7d2ae85173e780590043fd98f6621669bb84ce2595"",""query_sha256"":""ec9af3cffe6976bcc27a5ca3ba0732c80fe7716160af6d25aa1d6b447b6300e2"",""engine"":""oxigraph"",""engine_version"":""Oxigraph [engines.json profile]"",""scale"":""100M"",""base_endpoint_sha256"":""c9e65564945d8df3e6db347909ce749b23a5ceaa40b5bfbce825a1c78035ad60"",""reified_endpoint_sha256"":""9d75166c957de49226a016f8a64c1ef26fa5fb5aae4efed67a9ee6460103a803"",""update_endpoint_sha256"":""a8297913a408e55f541b6c7801716a469203e2ac506de1de3b4285a47b345bae"",""base_data_identity_sha256"":""8a988dc83f4082a4f27503ba2906dc6b8733b3c02be567635c726c67bbd48314"",""reified_data_identity_sha256"":""16162702ccec82b2a0e27063cd04bd756a27af1f003b4cef0da976d843ef4725"",""update_for"":""reified"",""access_mode"":""writable"",""base_data_name"":""exploratory-base"",""reified_data_name"":""exploratory-reified"",""update_canary_sha256"":""41997fb8640d9e765a0272879a63548eb9bd46bbf6e49da02b7c924e506b94f7"",""store_instance_sha256"":""735ac62b30e8a3e73b850ea02c7ab19c17b1289095d95961d66c9b3270bcea6a"",""store_discriminator_sha256"":""2e884d94ace185d62b1b91debf493ccd0a69b83d08e74cf5f1c2be4851b14215"",""tool_sha256"":""b38a65fc0c1a91e138f057f7b6c08d21c328463aceb40ffda53fc759f99d2f7a"",""java_runtime_sha256"":""bdd50c08a90e2fb713541b8a118df6250246a917edc41a6776aeafc90b472687"",""run_identity_sha256"":""1afcf7422e4d3ea1dc060886ae86bdcee60a3826f05db5aa845260e29c5dffb0""}"
4267882342ccd9cdc5c52909b4aba296ec41092c,oxigraph,Oxigraph [engines.json profile],100M,M,M1,00,31cc3cc2a162131c645d8c00efac8198f154624658dbdf08952fdf2aa2fcc40f,B,base-select,ok,1113720,65528.5,65528.5,65528.5,65528.5,0.0,0,1,90.0,107355309,0.0,,,,,0.00935,[65528.473],[0.0],,[],,[],,[],r9.2-frozen-identity-v7,8d1b19571a3b3eb7709e9a173e7d481383c0855206a6e941958fcfffc2f5d257,csv-binding-multiset-v1,1113720,9a1a2189caa43ed743e2835d1882dc5bd940421a947fbdb4eafbb21b456609f2,,,,,,,,c9e65564945d8df3e6db347909ce749b23a5ceaa40b5bfbce825a1c78035ad60,9d75166c957de49226a016f8a64c1ef26fa5fb5aae4efed67a9ee6460103a803,a8297913a408e55f541b6c7801716a469203e2ac506de1de3b4285a47b345bae,8a988dc83f4082a4f27503ba2906dc6b8733b3c02be567635c726c67bbd48314,16162702ccec82b2a0e27063cd04bd756a27af1f003b4cef0da976d843ef4725,reified,writable,exploratory-base,exploratory-reified,41997fb8640d9e765a0272879a63548eb9bd46bbf6e49da02b7c924e506b94f7,735ac62b30e8a3e73b850ea02c7ab19c17b1289095d95961d66c9b3270bcea6a,2e884d94ace185d62b1b91debf493ccd0a69b83d08e74cf5f1c2be4851b14215,b38a65fc0c1a91e138f057f7b6c08d21c328463aceb40ffda53fc759f99d2f7a,bdd50c08a90e2fb713541b8a118df6250246a917edc41a6776aeafc90b472687,9c6554761a6ba501ea6449c3bf29ea01cae27a6a9d39003683b0da3c92d39b1a,"pcm-meta-v2:{""protocol"":""r9.2-frozen-identity-v7"",""message"":"""",""cell_wall_ms"":75398.192,""answer_kind"":""csv-binding-multiset-v1"",""answer_key_count"":1113720,""answer_fingerprint"":""9a1a2189caa43ed743e2835d1882dc5bd940421a947fbdb4eafbb21b456609f2"",""c_parse_samples"":[0.0],""c_protocol_samples"":[],""construct_total_samples"":[],""construct_unattributed_samples"":[],""status"":""ok"",""status_evidence"":null,""construction_requested"":null,""construction_effective"":null,""commit"":""4267882342ccd9cdc5c52909b4aba296ec41092c"",""batch_id"":""8d1b19571a3b3eb7709e9a173e7d481383c0855206a6e941958fcfffc2f5d257"",""query_sha256"":""31cc3cc2a162131c645d8c00efac8198f154624658dbdf08952fdf2aa2fcc40f"",""engine"":""oxigraph"",""engine_version"":""Oxigraph [engines.json profile]"",""scale"":""100M"",""base_endpoint_sha256"":""c9e65564945d8df3e6db347909ce749b23a5ceaa40b5bfbce825a1c78035ad60"",""reified_endpoint_sha256"":""9d75166c957de49226a016f8a64c1ef26fa5fb5aae4efed67a9ee6460103a803"",""update_endpoint_sha256"":""a8297913a408e55f541b6c7801716a469203e2ac506de1de3b4285a47b345bae"",""base_data_identity_sha256"":""8a988dc83f4082a4f27503ba2906dc6b8733b3c02be567635c726c67bbd48314"",""reified_data_identity_sha256"":""16162702ccec82b2a0e27063cd04bd756a27af1f003b4cef0da976d843ef4725"",""update_for"":""reified"",""access_mode"":""writable"",""base_data_name"":""exploratory-base"",""reified_data_name"":""exploratory-reified"",""update_canary_sha256"":""41997fb8640d9e765a0272879a63548eb9bd46bbf6e49da02b7c924e506b94f7"",""store_instance_sha256"":""735ac62b30e8a3e73b850ea02c7ab19c17b1289095d95961d66c9b3270bcea6a"",""store_discriminator_sha256"":""2e884d94ace185d62b1b91debf493ccd0a69b83d08e74cf5f1c2be4851b14215"",""tool_sha256"":""b38a65fc0c1a91e138f057f7b6c08d21c328463aceb40ffda53fc759f99d2f7a"",""java_runtime_sha256"":""bdd50c08a90e2fb713541b8a118df6250246a917edc41a6776aeafc90b472687"",""run_identity_sha256"":""9c6554761a6ba501ea6449c3bf29ea01cae27a6a9d39003683b0da3c92d39b1a""}"
4267882342ccd9cdc5c52909b4aba296ec41092c,oxigraph,Oxigraph [engines.json profile],100M,M,M1,00,31cc3cc2a162131c645d8c00efac8198f154624658dbdf08952fdf2aa2fcc40f,R,reification-only,timeout,,,,,,,0,1,90.0,,,,,,,160.012271,[],[],,[],,[],,[],r9.2-frozen-identity-v7,8d1b19571a3b3eb7709e9a173e7d481383c0855206a6e941958fcfffc2f5d257,,,,,,,,,,,c9e65564945d8df3e6db347909ce749b23a5ceaa40b5bfbce825a1c78035ad60,9d75166c957de49226a016f8a64c1ef26fa5fb5aae4efed67a9ee6460103a803,a8297913a408e55f541b6c7801716a469203e2ac506de1de3b4285a47b345bae,8a988dc83f4082a4f27503ba2906dc6b8733b3c02be567635c726c67bbd48314,16162702ccec82b2a0e27063cd04bd756a27af1f003b4cef0da976d843ef4725,reified,writable,exploratory-base,exploratory-reified,41997fb8640d9e765a0272879a63548eb9bd46bbf6e49da02b7c924e506b94f7,735ac62b30e8a3e73b850ea02c7ab19c17b1289095d95961d66c9b3270bcea6a,2e884d94ace185d62b1b91debf493ccd0a69b83d08e74cf5f1c2be4851b14215,b38a65fc0c1a91e138f057f7b6c08d21c328463aceb40ffda53fc759f99d2f7a,bdd50c08a90e2fb713541b8a118df6250246a917edc41a6776aeafc90b472687,9c6554761a6ba501ea6449c3bf29ea01cae27a6a9d39003683b0da3c92d39b1a,"pcm-meta-v2:{""protocol"":""r9.2-frozen-identity-v7"",""message"":""whole cell exceeded 90s hard deadline; worker reaped"",""cell_wall_ms"":90000.0,""c_parse_samples"":[],""c_protocol_samples"":[],""construct_total_samples"":[],""construct_unattributed_samples"":[],""status"":""timeout"",""status_evidence"":{""kind"":""hard-wall-deadline"",""message"":""whole cell exceeded 90s hard deadline; worker reaped""},""construction_requested"":null,""construction_effective"":null,""commit"":""4267882342ccd9cdc5c52909b4aba296ec41092c"",""batch_id"":""8d1b19571a3b3eb7709e9a173e7d481383c0855206a6e941958fcfffc2f5d257"",""query_sha256"":""31cc3cc2a162131c645d8c00efac8198f154624658dbdf08952fdf2aa2fcc40f"",""engine"":""oxigraph"",""engine_version"":""Oxigraph [engines.json profile]"",""scale"":""100M"",""base_endpoint_sha256"":""c9e65564945d8df3e6db347909ce749b23a5ceaa40b5bfbce825a1c78035ad60"",""reified_endpoint_sha256"":""9d75166c957de49226a016f8a64c1ef26fa5fb5aae4efed67a9ee6460103a803"",""update_endpoint_sha256"":""a8297913a408e55f541b6c7801716a469203e2ac506de1de3b4285a47b345bae"",""base_data_identity_sha256"":""8a988dc83f4082a4f27503ba2906dc6b8733b3c02be567635c726c67bbd48314"",""reified_data_identity_sha256"":""16162702ccec82b2a0e27063cd04bd756a27af1f003b4cef0da976d843ef4725"",""update_for"":""reified"",""access_mode"":""writable"",""base_data_name"":""exploratory-base"",""reified_data_name"":""exploratory-reified"",""update_canary_sha256"":""41997fb8640d9e765a0272879a63548eb9bd46bbf6e49da02b7c924e506b94f7"",""store_instance_sha256"":""735ac62b30e8a3e73b850ea02c7ab19c17b1289095d95961d66c9b3270bcea6a"",""store_discriminator_sha256"":""2e884d94ace185d62b1b91debf493ccd0a69b83d08e74cf5f1c2be4851b14215"",""tool_sha256"":""b38a65fc0c1a91e138f057f7b6c08d21c328463aceb40ffda53fc759f99d2f7a"",""java_runtime_sha256"":""bdd50c08a90e2fb713541b8a118df6250246a917edc41a6776aeafc90b472687"",""run_identity_sha256"":""9c6554761a6ba501ea6449c3bf29ea01cae27a6a9d39003683b0da3c92d39b1a""}"
4267882342ccd9cdc5c52909b4aba296ec41092c,oxigraph,Oxigraph [engines.json profile],100M,M,M1,00,31cc3cc2a162131c645d8c00efac8198f154624658dbdf08952fdf2aa2fcc40f,N,N_clean (NPCS reimplementation),timeout,,,,,,,0,1,90.0,,,,,,,205.498639,[],[],,[],,[],,[],r9.2-frozen-identity-v7,8d1b19571a3b3eb7709e9a173e7d481383c0855206a6e941958fcfffc2f5d257,,,,,,,,,,,c9e65564945d8df3e6db347909ce749b23a5ceaa40b5bfbce825a1c78035ad60,9d75166c957de49226a016f8a64c1ef26fa5fb5aae4efed67a9ee6460103a803,a8297913a408e55f541b6c7801716a469203e2ac506de1de3b4285a47b345bae,8a988dc83f4082a4f27503ba2906dc6b8733b3c02be567635c726c67bbd48314,16162702ccec82b2a0e27063cd04bd756a27af1f003b4cef0da976d843ef4725,reified,writable,exploratory-base,exploratory-reified,41997fb8640d9e765a0272879a63548eb9bd46bbf6e49da02b7c924e506b94f7,735ac62b30e8a3e73b850ea02c7ab19c17b1289095d95961d66c9b3270bcea6a,2e884d94ace185d62b1b91debf493ccd0a69b83d08e74cf5f1c2be4851b14215,b38a65fc0c1a91e138f057f7b6c08d21c328463aceb40ffda53fc759f99d2f7a,bdd50c08a90e2fb713541b8a118df6250246a917edc41a6776aeafc90b472687,9c6554761a6ba501ea6449c3bf29ea01cae27a6a9d39003683b0da3c92d39b1a,"pcm-meta-v2:{""protocol"":""r9.2-frozen-identity-v7"",""message"":""whole cell exceeded 90s hard deadline; worker reaped"",""cell_wall_ms"":90000.0,""c_parse_samples"":[],""c_protocol_samples"":[],""construct_total_samples"":[],""construct_unattributed_samples"":[],""status"":""timeout"",""status_evidence"":{""kind"":""hard-wall-deadline"",""message"":""whole cell exceeded 90s hard deadline; worker reaped""},""construction_requested"":null,""construction_effective"":null,""commit"":""4267882342ccd9cdc5c52909b4aba296ec41092c"",""batch_id"":""8d1b19571a3b3eb7709e9a173e7d481383c0855206a6e941958fcfffc2f5d257"",""query_sha256"":""31cc3cc2a162131c645d8c00efac8198f154624658dbdf08952fdf2aa2fcc40f"",""engine"":""oxigraph"",""engine_version"":""Oxigraph [engines.json profile]"",""scale"":""100M"",""base_endpoint_sha256"":""c9e65564945d8df3e6db347909ce749b23a5ceaa40b5bfbce825a1c78035ad60"",""reified_endpoint_sha256"":""9d75166c957de49226a016f8a64c1ef26fa5fb5aae4efed67a9ee6460103a803"",""update_endpoint_sha256"":""a8297913a408e55f541b6c7801716a469203e2ac506de1de3b4285a47b345bae"",""base_data_identity_sha256"":""8a988dc83f4082a4f27503ba2906dc6b8733b3c02be567635c726c67bbd48314"",""reified_data_identity_sha256"":""16162702ccec82b2a0e27063cd04bd756a27af1f003b4cef0da976d843ef4725"",""update_for"":""reified"",""access_mode"":""writable"",""base_data_name"":""exploratory-base"",""reified_data_name"":""exploratory-reified"",""update_canary_sha256"":""41997fb8640d9e765a0272879a63548eb9bd46bbf6e49da02b7c924e506b94f7"",""store_instance_sha256"":""735ac62b30e8a3e73b850ea02c7ab19c17b1289095d95961d66c9b3270bcea6a"",""store_discriminator_sha256"":""2e884d94ace185d62b1b91debf493ccd0a69b83d08e74cf5f1c2be4851b14215"",""tool_sha256"":""b38a65fc0c1a91e138f057f7b6c08d21c328463aceb40ffda53fc759f99d2f7a"",""java_runtime_sha256"":""bdd50c08a90e2fb713541b8a118df6250246a917edc41a6776aeafc90b472687"",""run_identity_sha256"":""9c6554761a6ba501ea6449c3bf29ea01cae27a6a9d39003683b0da3c92d39b1a""}"
4267882342ccd9cdc5c52909b4aba296ec41092c,oxigraph,Oxigraph [engines.json profile],100M,M,M1,00,31cc3cc2a162131c645d8c00efac8198f154624658dbdf08952fdf2aa2fcc40f,C,SPARQLcirc CircuitRewriter,timeout,,,,,,,0,1,90.0,,,,,,,407.728385,[],[],,[],,[],,[],r9.2-frozen-identity-v7,8d1b19571a3b3eb7709e9a173e7d481383c0855206a6e941958fcfffc2f5d257,,,,,,,,,,,c9e65564945d8df3e6db347909ce749b23a5ceaa40b5bfbce825a1c78035ad60,9d75166c957de49226a016f8a64c1ef26fa5fb5aae4efed67a9ee6460103a803,a8297913a408e55f541b6c7801716a469203e2ac506de1de3b4285a47b345bae,8a988dc83f4082a4f27503ba2906dc6b8733b3c02be567635c726c67bbd48314,16162702ccec82b2a0e27063cd04bd756a27af1f003b4cef0da976d843ef4725,reified,writable,exploratory-base,exploratory-reified,41997fb8640d9e765a0272879a63548eb9bd46bbf6e49da02b7c924e506b94f7,735ac62b30e8a3e73b850ea02c7ab19c17b1289095d95961d66c9b3270bcea6a,2e884d94ace185d62b1b91debf493ccd0a69b83d08e74cf5f1c2be4851b14215,b38a65fc0c1a91e138f057f7b6c08d21c328463aceb40ffda53fc759f99d2f7a,bdd50c08a90e2fb713541b8a118df6250246a917edc41a6776aeafc90b472687,9c6554761a6ba501ea6449c3bf29ea01cae27a6a9d39003683b0da3c92d39b1a,"pcm-meta-v2:{""protocol"":""r9.2-frozen-identity-v7"",""message"":""whole cell exceeded 90s hard deadline; worker reaped"",""cell_wall_ms"":90000.0,""c_parse_samples"":[],""c_protocol_samples"":[],""construct_total_samples"":[],""construct_unattributed_samples"":[],""status"":""timeout"",""status_evidence"":{""kind"":""hard-wall-deadline"",""message"":""whole cell exceeded 90s hard deadline; worker reaped""},""endpoint_lock"":{""wait_ms"":0.006,""lock_path"":""/tmp/sparqlcirc-r9-endpoint-locks-v7/735ac62b30e8a3e73b850ea02c7ab19c17b1289095d95961d66c9b3270bcea6a.lock""},""construction_requested"":null,""construction_effective"":null,""commit"":""4267882342ccd9cdc5c52909b4aba296ec41092c"",""batch_id"":""8d1b19571a3b3eb7709e9a173e7d481383c0855206a6e941958fcfffc2f5d257"",""query_sha256"":""31cc3cc2a162131c645d8c00efac8198f154624658dbdf08952fdf2aa2fcc40f"",""engine"":""oxigraph"",""engine_version"":""Oxigraph [engines.json profile]"",""scale"":""100M"",""base_endpoint_sha256"":""c9e65564945d8df3e6db347909ce749b23a5ceaa40b5bfbce825a1c78035ad60"",""reified_endpoint_sha256"":""9d75166c957de49226a016f8a64c1ef26fa5fb5aae4efed67a9ee6460103a803"",""update_endpoint_sha256"":""a8297913a408e55f541b6c7801716a469203e2ac506de1de3b4285a47b345bae"",""base_data_identity_sha256"":""8a988dc83f4082a4f27503ba2906dc6b8733b3c02be567635c726c67bbd48314"",""reified_data_identity_sha256"":""16162702ccec82b2a0e27063cd04bd756a27af1f003b4cef0da976d843ef4725"",""update_for"":""reified"",""access_mode"":""writable"",""base_data_name"":""exploratory-base"",""reified_data_name"":""exploratory-reified"",""update_canary_sha256"":""41997fb8640d9e765a0272879a63548eb9bd46bbf6e49da02b7c924e506b94f7"",""store_instance_sha256"":""735ac62b30e8a3e73b850ea02c7ab19c17b1289095d95961d66c9b3270bcea6a"",""store_discriminator_sha256"":""2e884d94ace185d62b1b91debf493ccd0a69b83d08e74cf5f1c2be4851b14215"",""tool_sha256"":""b38a65fc0c1a91e138f057f7b6c08d21c328463aceb40ffda53fc759f99d2f7a"",""java_runtime_sha256"":""bdd50c08a90e2fb713541b8a118df6250246a917edc41a6776aeafc90b472687"",""run_identity_sha256"":""9c6554761a6ba501ea6449c3bf29ea01cae27a6a9d39003683b0da3c92d39b1a""}"
4267882342ccd9cdc5c52909b4aba296ec41092c,oxigraph,Oxigraph [engines.json profile],100M,M,M2,00,57dabb9eb81d64dbc3cc422093691dfbcd45c8bc0072a0480b32c507db250930,B,base-select,ok,1143538,14364.6,14364.6,14364.6,14364.6,0.0,0,1,90.0,110542423,0.0,,,,,0.00833,[14364.59],[0.0],,[],,[],,[],r9.2-frozen-identity-v7,8d1b19571a3b3eb7709e9a173e7d481383c0855206a6e941958fcfffc2f5d257,csv-binding-multiset-v1,1143538,dc7b5db527e0268afb72d2bf9b38450f6c1ff66f5a74cfa7501a1b8de239913d,,,,,,,,c9e65564945d8df3e6db347909ce749b23a5ceaa40b5bfbce825a1c78035ad60,9d75166c957de49226a016f8a64c1ef26fa5fb5aae4efed67a9ee6460103a803,a8297913a408e55f541b6c7801716a469203e2ac506de1de3b4285a47b345bae,8a988dc83f4082a4f27503ba2906dc6b8733b3c02be567635c726c67bbd48314,16162702ccec82b2a0e27063cd04bd756a27af1f003b4cef0da976d843ef4725,reified,writable,exploratory-base,exploratory-reified,41997fb8640d9e765a0272879a63548eb9bd46bbf6e49da02b7c924e506b94f7,735ac62b30e8a3e73b850ea02c7ab19c17b1289095d95961d66c9b3270bcea6a,2e884d94ace185d62b1b91debf493ccd0a69b83d08e74cf5f1c2be4851b14215,b38a65fc0c1a91e138f057f7b6c08d21c328463aceb40ffda53fc759f99d2f7a,bdd50c08a90e2fb713541b8a118df6250246a917edc41a6776aeafc90b472687,d8ee85b3016a66ede98ccf624585de50e35975fe438fa3142b14581d884091b5,"pcm-meta-v2:{""protocol"":""r9.2-frozen-identity-v7"",""message"":"""",""cell_wall_ms"":25090.351,""answer_kind"":""csv-binding-multiset-v1"",""answer_key_count"":1143538,""answer_fingerprint"":""dc7b5db527e0268afb72d2bf9b38450f6c1ff66f5a74cfa7501a1b8de239913d"",""c_parse_samples"":[0.0],""c_protocol_samples"":[],""construct_total_samples"":[],""construct_unattributed_samples"":[],""status"":""ok"",""status_evidence"":null,""construction_requested"":null,""construction_effective"":null,""commit"":""4267882342ccd9cdc5c52909b4aba296ec41092c"",""batch_id"":""8d1b19571a3b3eb7709e9a173e7d481383c0855206a6e941958fcfffc2f5d257"",""query_sha256"":""57dabb9eb81d64dbc3cc422093691dfbcd45c8bc0072a0480b32c507db250930"",""engine"":""oxigraph"",""engine_version"":""Oxigraph [engines.json profile]"",""scale"":""100M"",""base_endpoint_sha256"":""c9e65564945d8df3e6db347909ce749b23a5ceaa40b5bfbce825a1c78035ad60"",""reified_endpoint_sha256"":""9d75166c957de49226a016f8a64c1ef26fa5fb5aae4efed67a9ee6460103a803"",""update_endpoint_sha256"":""a8297913a408e55f541b6c7801716a469203e2ac506de1de3b4285a47b345bae"",""base_data_identity_sha256"":""8a988dc83f4082a4f27503ba2906dc6b8733b3c02be567635c726c67bbd48314"",""reified_data_identity_sha256"":""16162702ccec82b2a0e27063cd04bd756a27af1f003b4cef0da976d843ef4725"",""update_for"":""reified"",""access_mode"":""writable"",""base_data_name"":""exploratory-base"",""reified_data_name"":""exploratory-reified"",""update_canary_sha256"":""41997fb8640d9e765a0272879a63548eb9bd46bbf6e49da02b7c924e506b94f7"",""store_instance_sha256"":""735ac62b30e8a3e73b850ea02c7ab19c17b1289095d95961d66c9b3270bcea6a"",""store_discriminator_sha256"":""2e884d94ace185d62b1b91debf493ccd0a69b83d08e74cf5f1c2be4851b14215"",""tool_sha256"":""b38a65fc0c1a91e138f057f7b6c08d21c328463aceb40ffda53fc759f99d2f7a"",""java_runtime_sha256"":""bdd50c08a90e2fb713541b8a118df6250246a917edc41a6776aeafc90b472687"",""run_identity_sha256"":""d8ee85b3016a66ede98ccf624585de50e35975fe438fa3142b14581d884091b5""}"
4267882342ccd9cdc5c52909b4aba296ec41092c,oxigraph,Oxigraph [engines.json profile],100M,M,M2,00,57dabb9eb81d64dbc3cc422093691dfbcd45c8bc0072a0480b32c507db250930,R,reification-only,ok,1143538,72895.5,72895.5,72895.5,72895.5,0.0,0,1,90.0,110542423,0.0,,,,,163.74391,[72895.506],[0.0],,[],,[],,[],r9.2-frozen-identity-v7,8d1b19571a3b3eb7709e9a173e7d481383c0855206a6e941958fcfffc2f5d257,csv-binding-multiset-v1,1143538,dc7b5db527e0268afb72d2bf9b38450f6c1ff66f5a74cfa7501a1b8de239913d,,,,,,,,c9e65564945d8df3e6db347909ce749b23a5ceaa40b5bfbce825a1c78035ad60,9d75166c957de49226a016f8a64c1ef26fa5fb5aae4efed67a9ee6460103a803,a8297913a408e55f541b6c7801716a469203e2ac506de1de3b4285a47b345bae,8a988dc83f4082a4f27503ba2906dc6b8733b3c02be567635c726c67bbd48314,16162702ccec82b2a0e27063cd04bd756a27af1f003b4cef0da976d843ef4725,reified,writable,exploratory-base,exploratory-reified,41997fb8640d9e765a0272879a63548eb9bd46bbf6e49da02b7c924e506b94f7,735ac62b30e8a3e73b850ea02c7ab19c17b1289095d95961d66c9b3270bcea6a,2e884d94ace185d62b1b91debf493ccd0a69b83d08e74cf5f1c2be4851b14215,b38a65fc0c1a91e138f057f7b6c08d21c328463aceb40ffda53fc759f99d2f7a,bdd50c08a90e2fb713541b8a118df6250246a917edc41a6776aeafc90b472687,d8ee85b3016a66ede98ccf624585de50e35975fe438fa3142b14581d884091b5,"pcm-meta-v2:{""protocol"":""r9.2-frozen-identity-v7"",""message"":"""",""cell_wall_ms"":83747.809,""answer_kind"":""csv-binding-multiset-v1"",""answer_key_count"":1143538,""answer_fingerprint"":""dc7b5db527e0268afb72d2bf9b38450f6c1ff66f5a74cfa7501a1b8de239913d"",""c_parse_samples"":[0.0],""c_protocol_samples"":[],""construct_total_samples"":[],""construct_unattributed_samples"":[],""status"":""ok"",""status_evidence"":null,""construction_requested"":null,""construction_effective"":null,""commit"":""4267882342ccd9cdc5c52909b4aba296ec41092c"",""batch_id"":""8d1b19571a3b3eb7709e9a173e7d481383c0855206a6e941958fcfffc2f5d257"",""query_sha256"":""57dabb9eb81d64dbc3cc422093691dfbcd45c8bc0072a0480b32c507db250930"",""engine"":""oxigraph"",""engine_version"":""Oxigraph [engines.json profile]"",""scale"":""100M"",""base_endpoint_sha256"":""c9e65564945d8df3e6db347909ce749b23a5ceaa40b5bfbce825a1c78035ad60"",""reified_endpoint_sha256"":""9d75166c957de49226a016f8a64c1ef26fa5fb5aae4efed67a9ee6460103a803"",""update_endpoint_sha256"":""a8297913a408e55f541b6c7801716a469203e2ac506de1de3b4285a47b345bae"",""base_data_identity_sha256"":""8a988dc83f4082a4f27503ba2906dc6b8733b3c02be567635c726c67bbd48314"",""reified_data_identity_sha256"":""16162702ccec82b2a0e27063cd04bd756a27af1f003b4cef0da976d843ef4725"",""update_for"":""reified"",""access_mode"":""writable"",""base_data_name"":""exploratory-base"",""reified_data_name"":""exploratory-reified"",""update_canary_sha256"":""41997fb8640d9e765a0272879a63548eb9bd46bbf6e49da02b7c924e506b94f7"",""store_instance_sha256"":""735ac62b30e8a3e73b850ea02c7ab19c17b1289095d95961d66c9b3270bcea6a"",""store_discriminator_sha256"":""2e884d94ace185d62b1b91debf493ccd0a69b83d08e74cf5f1c2be4851b14215"",""tool_sha256"":""b38a65fc0c1a91e138f057f7b6c08d21c328463aceb40ffda53fc759f99d2f7a"",""java_runtime_sha256"":""bdd50c08a90e2fb713541b8a118df6250246a917edc41a6776aeafc90b472687"",""run_identity_sha256"":""d8ee85b3016a66ede98ccf624585de50e35975fe438fa3142b14581d884091b5""}"
4267882342ccd9cdc5c52909b4aba296ec41092c,oxigraph,Oxigraph [engines.json profile],100M,M,M2,00,57dabb9eb81d64dbc3cc422093691dfbcd45c8bc0072a0480b32c507db250930,N,N_clean (NPCS reimplementation),timeout,,,,,,,0,1,90.0,,,,,,,219.15592,[],[],,[],,[],,[],r9.2-frozen-identity-v7,8d1b19571a3b3eb7709e9a173e7d481383c0855206a6e941958fcfffc2f5d257,,,,,,,,,,,c9e65564945d8df3e6db347909ce749b23a5ceaa40b5bfbce825a1c78035ad60,9d75166c957de49226a016f8a64c1ef26fa5fb5aae4efed67a9ee6460103a803,a8297913a408e55f541b6c7801716a469203e2ac506de1de3b4285a47b345bae,8a988dc83f4082a4f27503ba2906dc6b8733b3c02be567635c726c67bbd48314,16162702ccec82b2a0e27063cd04bd756a27af1f003b4cef0da976d843ef4725,reified,writable,exploratory-base,exploratory-reified,41997fb8640d9e765a0272879a63548eb9bd46bbf6e49da02b7c924e506b94f7,735ac62b30e8a3e73b850ea02c7ab19c17b1289095d95961d66c9b3270bcea6a,2e884d94ace185d62b1b91debf493ccd0a69b83d08e74cf5f1c2be4851b14215,b38a65fc0c1a91e138f057f7b6c08d21c328463aceb40ffda53fc759f99d2f7a,bdd50c08a90e2fb713541b8a118df6250246a917edc41a6776aeafc90b472687,d8ee85b3016a66ede98ccf624585de50e35975fe438fa3142b14581d884091b5,"pcm-meta-v2:{""protocol"":""r9.2-frozen-identity-v7"",""message"":""whole cell exceeded 90s hard deadline; worker reaped"",""cell_wall_ms"":90000.0,""c_parse_samples"":[],""c_protocol_samples"":[],""construct_total_samples"":[],""construct_unattributed_samples"":[],""status"":""timeout"",""status_evidence"":{""kind"":""hard-wall-deadline"",""message"":""whole cell exceeded 90s hard deadline; worker reaped""},""construction_requested"":null,""construction_effective"":null,""commit"":""4267882342ccd9cdc5c52909b4aba296ec41092c"",""batch_id"":""8d1b19571a3b3eb7709e9a173e7d481383c0855206a6e941958fcfffc2f5d257"",""query_sha256"":""57dabb9eb81d64dbc3cc422093691dfbcd45c8bc0072a0480b32c507db250930"",""engine"":""oxigraph"",""engine_version"":""Oxigraph [engines.json profile]"",""scale"":""100M"",""base_endpoint_sha256"":""c9e65564945d8df3e6db347909ce749b23a5ceaa40b5bfbce825a1c78035ad60"",""reified_endpoint_sha256"":""9d75166c957de49226a016f8a64c1ef26fa5fb5aae4efed67a9ee6460103a803"",""update_endpoint_sha256"":""a8297913a408e55f541b6c7801716a469203e2ac506de1de3b4285a47b345bae"",""base_data_identity_sha256"":""8a988dc83f4082a4f27503ba2906dc6b8733b3c02be567635c726c67bbd48314"",""reified_data_identity_sha256"":""16162702ccec82b2a0e27063cd04bd756a27af1f003b4cef0da976d843ef4725"",""update_for"":""reified"",""access_mode"":""writable"",""base_data_name"":""exploratory-base"",""reified_data_name"":""exploratory-reified"",""update_canary_sha256"":""41997fb8640d9e765a0272879a63548eb9bd46bbf6e49da02b7c924e506b94f7"",""store_instance_sha256"":""735ac62b30e8a3e73b850ea02c7ab19c17b1289095d95961d66c9b3270bcea6a"",""store_discriminator_sha256"":""2e884d94ace185d62b1b91debf493ccd0a69b83d08e74cf5f1c2be4851b14215"",""tool_sha256"":""b38a65fc0c1a91e138f057f7b6c08d21c328463aceb40ffda53fc759f99d2f7a"",""java_runtime_sha256"":""bdd50c08a90e2fb713541b8a118df6250246a917edc41a6776aeafc90b472687"",""run_identity_sha256"":""d8ee85b3016a66ede98ccf624585de50e35975fe438fa3142b14581d884091b5""}"
4267882342ccd9cdc5c52909b4aba296ec41092c,oxigraph,Oxigraph [engines.json profile],100M,M,M2,00,57dabb9eb81d64dbc3cc422093691dfbcd45c8bc0072a0480b32c507db250930,C,SPARQLcirc CircuitRewriter,timeout,,,,,,,0,1,90.0,,,,,,,409.341705,[],[],,[],,[],,[],r9.2-frozen-identity-v7,8d1b19571a3b3eb7709e9a173e7d481383c0855206a6e941958fcfffc2f5d257,,,,,,,,,,,c9e65564945d8df3e6db347909ce749b23a5ceaa40b5bfbce825a1c78035ad60,9d75166c957de49226a016f8a64c1ef26fa5fb5aae4efed67a9ee6460103a803,a8297913a408e55f541b6c7801716a469203e2ac506de1de3b4285a47b345bae,8a988dc83f4082a4f27503ba2906dc6b8733b3c02be567635c726c67bbd48314,16162702ccec82b2a0e27063cd04bd756a27af1f003b4cef0da976d843ef4725,reified,writable,exploratory-base,exploratory-reified,41997fb8640d9e765a0272879a63548eb9bd46bbf6e49da02b7c924e506b94f7,735ac62b30e8a3e73b850ea02c7ab19c17b1289095d95961d66c9b3270bcea6a,2e884d94ace185d62b1b91debf493ccd0a69b83d08e74cf5f1c2be4851b14215,b38a65fc0c1a91e138f057f7b6c08d21c328463aceb40ffda53fc759f99d2f7a,bdd50c08a90e2fb713541b8a118df6250246a917edc41a6776aeafc90b472687,d8ee85b3016a66ede98ccf624585de50e35975fe438fa3142b14581d884091b5,"pcm-meta-v2:{""protocol"":""r9.2-frozen-identity-v7"",""message"":""whole cell exceeded 90s hard deadline; worker reaped"",""cell_wall_ms"":90000.0,""c_parse_samples"":[],""c_protocol_samples"":[],""construct_total_samples"":[],""construct_unattributed_samples"":[],""status"":""timeout"",""status_evidence"":{""kind"":""hard-wall-deadline"",""message"":""whole cell exceeded 90s hard deadline; worker reaped""},""endpoint_lock"":{""wait_ms"":0.007,""lock_path"":""/tmp/sparqlcirc-r9-endpoint-locks-v7/735ac62b30e8a3e73b850ea02c7ab19c17b1289095d95961d66c9b3270bcea6a.lock""},""construction_requested"":null,""construction_effective"":null,""commit"":""4267882342ccd9cdc5c52909b4aba296ec41092c"",""batch_id"":""8d1b19571a3b3eb7709e9a173e7d481383c0855206a6e941958fcfffc2f5d257"",""query_sha256"":""57dabb9eb81d64dbc3cc422093691dfbcd45c8bc0072a0480b32c507db250930"",""engine"":""oxigraph"",""engine_version"":""Oxigraph [engines.json profile]"",""scale"":""100M"",""base_endpoint_sha256"":""c9e65564945d8df3e6db347909ce749b23a5ceaa40b5bfbce825a1c78035ad60"",""reified_endpoint_sha256"":""9d75166c957de49226a016f8a64c1ef26fa5fb5aae4efed67a9ee6460103a803"",""update_endpoint_sha256"":""a8297913a408e55f541b6c7801716a469203e2ac506de1de3b4285a47b345bae"",""base_data_identity_sha256"":""8a988dc83f4082a4f27503ba2906dc6b8733b3c02be567635c726c67bbd48314"",""reified_data_identity_sha256"":""16162702ccec82b2a0e27063cd04bd756a27af1f003b4cef0da976d843ef4725"",""update_for"":""reified"",""access_mode"":""writable"",""base_data_name"":""exploratory-base"",""reified_data_name"":""exploratory-reified"",""update_canary_sha256"":""41997fb8640d9e765a0272879a63548eb9bd46bbf6e49da02b7c924e506b94f7"",""store_instance_sha256"":""735ac62b30e8a3e73b850ea02c7ab19c17b1289095d95961d66c9b3270bcea6a"",""store_discriminator_sha256"":""2e884d94ace185d62b1b91debf493ccd0a69b83d08e74cf5f1c2be4851b14215"",""tool_sha256"":""b38a65fc0c1a91e138f057f7b6c08d21c328463aceb40ffda53fc759f99d2f7a"",""java_runtime_sha256"":""bdd50c08a90e2fb713541b8a118df6250246a917edc41a6776aeafc90b472687"",""run_identity_sha256"":""d8ee85b3016a66ede98ccf624585de50e35975fe438fa3142b14581d884091b5""}"
4267882342ccd9cdc5c52909b4aba296ec41092c,oxigraph,Oxigraph [engines.json profile],100M,M,M3,00,143c016ebb5bf4d918995fb8a8437257e0f177fb04bcef9184c9058f18f3eefa,B,base-select,ok,511051,6619.3,6619.3,6619.3,6619.3,0.0,0,1,90.0,51164568,0.0,,,,,0.00618,[6619.308],[0.0],,[],,[],,[],r9.2-frozen-identity-v7,8d1b19571a3b3eb7709e9a173e7d481383c0855206a6e941958fcfffc2f5d257,csv-binding-multiset-v1,511051,7ff49f4b16b293719220d26b0656c751cb216c2b9d6a67b815028e0af8d111b1,,,,,,,,c9e65564945d8df3e6db347909ce749b23a5ceaa40b5bfbce825a1c78035ad60,9d75166c957de49226a016f8a64c1ef26fa5fb5aae4efed67a9ee6460103a803,a8297913a408e55f541b6c7801716a469203e2ac506de1de3b4285a47b345bae,8a988dc83f4082a4f27503ba2906dc6b8733b3c02be567635c726c67bbd48314,16162702ccec82b2a0e27063cd04bd756a27af1f003b4cef0da976d843ef4725,reified,writable,exploratory-base,exploratory-reified,41997fb8640d9e765a0272879a63548eb9bd46bbf6e49da02b7c924e506b94f7,735ac62b30e8a3e73b850ea02c7ab19c17b1289095d95961d66c9b3270bcea6a,2e884d94ace185d62b1b91debf493ccd0a69b83d08e74cf5f1c2be4851b14215,b38a65fc0c1a91e138f057f7b6c08d21c328463aceb40ffda53fc759f99d2f7a,bdd50c08a90e2fb713541b8a118df6250246a917edc41a6776aeafc90b472687,c1f16e1083ca76abff05c257f9f3d921afe54dcbc42f3e9b67ea9b0dc10a37d0,"pcm-meta-v2:{""protocol"":""r9.2-frozen-identity-v7"",""message"":"""",""cell_wall_ms"":11200.735,""answer_kind"":""csv-binding-multiset-v1"",""answer_key_count"":511051,""answer_fingerprint"":""7ff49f4b16b293719220d26b0656c751cb216c2b9d6a67b815028e0af8d111b1"",""c_parse_samples"":[0.0],""c_protocol_samples"":[],""construct_total_samples"":[],""construct_unattributed_samples"":[],""status"":""ok"",""status_evidence"":null,""construction_requested"":null,""construction_effective"":null,""commit"":""4267882342ccd9cdc5c52909b4aba296ec41092c"",""batch_id"":""8d1b19571a3b3eb7709e9a173e7d481383c0855206a6e941958fcfffc2f5d257"",""query_sha256"":""143c016ebb5bf4d918995fb8a8437257e0f177fb04bcef9184c9058f18f3eefa"",""engine"":""oxigraph"",""engine_version"":""Oxigraph [engines.json profile]"",""scale"":""100M"",""base_endpoint_sha256"":""c9e65564945d8df3e6db347909ce749b23a5ceaa40b5bfbce825a1c78035ad60"",""reified_endpoint_sha256"":""9d75166c957de49226a016f8a64c1ef26fa5fb5aae4efed67a9ee6460103a803"",""update_endpoint_sha256"":""a8297913a408e55f541b6c7801716a469203e2ac506de1de3b4285a47b345bae"",""base_data_identity_sha256"":""8a988dc83f4082a4f27503ba2906dc6b8733b3c02be567635c726c67bbd48314"",""reified_data_identity_sha256"":""16162702ccec82b2a0e27063cd04bd756a27af1f003b4cef0da976d843ef4725"",""update_for"":""reified"",""access_mode"":""writable"",""base_data_name"":""exploratory-base"",""reified_data_name"":""exploratory-reified"",""update_canary_sha256"":""41997fb8640d9e765a0272879a63548eb9bd46bbf6e49da02b7c924e506b94f7"",""store_instance_sha256"":""735ac62b30e8a3e73b850ea02c7ab19c17b1289095d95961d66c9b3270bcea6a"",""store_discriminator_sha256"":""2e884d94ace185d62b1b91debf493ccd0a69b83d08e74cf5f1c2be4851b14215"",""tool_sha256"":""b38a65fc0c1a91e138f057f7b6c08d21c328463aceb40ffda53fc759f99d2f7a"",""java_runtime_sha256"":""bdd50c08a90e2fb713541b8a118df6250246a917edc41a6776aeafc90b472687"",""run_identity_sha256"":""c1f16e1083ca76abff05c257f9f3d921afe54dcbc42f3e9b67ea9b0dc10a37d0""}"
4267882342ccd9cdc5c52909b4aba296ec41092c,oxigraph,Oxigraph [engines.json profile],100M,M,M3,00,143c016ebb5bf4d918995fb8a8437257e0f177fb04bcef9184c9058f18f3eefa,R,reification-only,ok,511051,66940.1,66940.1,66940.1,66940.1,0.0,0,1,90.0,51164568,0.0,,,,,211.788401,[66940.113],[0.0],,[],,[],,[],r9.2-frozen-identity-v7,8d1b19571a3b3eb7709e9a173e7d481383c0855206a6e941958fcfffc2f5d257,csv-binding-multiset-v1,511051,7ff49f4b16b293719220d26b0656c751cb216c2b9d6a67b815028e0af8d111b1,,,,,,,,c9e65564945d8df3e6db347909ce749b23a5ceaa40b5bfbce825a1c78035ad60,9d75166c957de49226a016f8a64c1ef26fa5fb5aae4efed67a9ee6460103a803,a8297913a408e55f541b6c7801716a469203e2ac506de1de3b4285a47b345bae,8a988dc83f4082a4f27503ba2906dc6b8733b3c02be567635c726c67bbd48314,16162702ccec82b2a0e27063cd04bd756a27af1f003b4cef0da976d843ef4725,reified,writable,exploratory-base,exploratory-reified,41997fb8640d9e765a0272879a63548eb9bd46bbf6e49da02b7c924e506b94f7,735ac62b30e8a3e73b850ea02c7ab19c17b1289095d95961d66c9b3270bcea6a,2e884d94ace185d62b1b91debf493ccd0a69b83d08e74cf5f1c2be4851b14215,b38a65fc0c1a91e138f057f7b6c08d21c328463aceb40ffda53fc759f99d2f7a,bdd50c08a90e2fb713541b8a118df6250246a917edc41a6776aeafc90b472687,c1f16e1083ca76abff05c257f9f3d921afe54dcbc42f3e9b67ea9b0dc10a37d0,"pcm-meta-v2:{""protocol"":""r9.2-frozen-identity-v7"",""message"":"""",""cell_wall_ms"":71538.802,""answer_kind"":""csv-binding-multiset-v1"",""answer_key_count"":511051,""answer_fingerprint"":""7ff49f4b16b293719220d26b0656c751cb216c2b9d6a67b815028e0af8d111b1"",""c_parse_samples"":[0.0],""c_protocol_samples"":[],""construct_total_samples"":[],""construct_unattributed_samples"":[],""status"":""ok"",""status_evidence"":null,""construction_requested"":null,""construction_effective"":null,""commit"":""4267882342ccd9cdc5c52909b4aba296ec41092c"",""batch_id"":""8d1b19571a3b3eb7709e9a173e7d481383c0855206a6e941958fcfffc2f5d257"",""query_sha256"":""143c016ebb5bf4d918995fb8a8437257e0f177fb04bcef9184c9058f18f3eefa"",""engine"":""oxigraph"",""engine_version"":""Oxigraph [engines.json profile]"",""scale"":""100M"",""base_endpoint_sha256"":""c9e65564945d8df3e6db347909ce749b23a5ceaa40b5bfbce825a1c78035ad60"",""reified_endpoint_sha256"":""9d75166c957de49226a016f8a64c1ef26fa5fb5aae4efed67a9ee6460103a803"",""update_endpoint_sha256"":""a8297913a408e55f541b6c7801716a469203e2ac506de1de3b4285a47b345bae"",""base_data_identity_sha256"":""8a988dc83f4082a4f27503ba2906dc6b8733b3c02be567635c726c67bbd48314"",""reified_data_identity_sha256"":""16162702ccec82b2a0e27063cd04bd756a27af1f003b4cef0da976d843ef4725"",""update_for"":""reified"",""access_mode"":""writable"",""base_data_name"":""exploratory-base"",""reified_data_name"":""exploratory-reified"",""update_canary_sha256"":""41997fb8640d9e765a0272879a63548eb9bd46bbf6e49da02b7c924e506b94f7"",""store_instance_sha256"":""735ac62b30e8a3e73b850ea02c7ab19c17b1289095d95961d66c9b3270bcea6a"",""store_discriminator_sha256"":""2e884d94ace185d62b1b91debf493ccd0a69b83d08e74cf5f1c2be4851b14215"",""tool_sha256"":""b38a65fc0c1a91e138f057f7b6c08d21c328463aceb40ffda53fc759f99d2f7a"",""java_runtime_sha256"":""bdd50c08a90e2fb713541b8a118df6250246a917edc41a6776aeafc90b472687"",""run_identity_sha256"":""c1f16e1083ca76abff05c257f9f3d921afe54dcbc42f3e9b67ea9b0dc10a37d0""}"
4267882342ccd9cdc5c52909b4aba296ec41092c,oxigraph,Oxigraph [engines.json profile],100M,M,M3,00,143c016ebb5bf4d918995fb8a8437257e0f177fb04bcef9184c9058f18f3eefa,N,N_clean (NPCS reimplementation),timeout,,,,,,,0,1,90.0,,,,,,,196.299154,[],[],,[],,[],,[],r9.2-frozen-identity-v7,8d1b19571a3b3eb7709e9a173e7d481383c0855206a6e941958fcfffc2f5d257,,,,,,,,,,,c9e65564945d8df3e6db347909ce749b23a5ceaa40b5bfbce825a1c78035ad60,9d75166c957de49226a016f8a64c1ef26fa5fb5aae4efed67a9ee6460103a803,a8297913a408e55f541b6c7801716a469203e2ac506de1de3b4285a47b345bae,8a988dc83f4082a4f27503ba2906dc6b8733b3c02be567635c726c67bbd48314,16162702ccec82b2a0e27063cd04bd756a27af1f003b4cef0da976d843ef4725,reified,writable,exploratory-base,exploratory-reified,41997fb8640d9e765a0272879a63548eb9bd46bbf6e49da02b7c924e506b94f7,735ac62b30e8a3e73b850ea02c7ab19c17b1289095d95961d66c9b3270bcea6a,2e884d94ace185d62b1b91debf493ccd0a69b83d08e74cf5f1c2be4851b14215,b38a65fc0c1a91e138f057f7b6c08d21c328463aceb40ffda53fc759f99d2f7a,bdd50c08a90e2fb713541b8a118df6250246a917edc41a6776aeafc90b472687,c1f16e1083ca76abff05c257f9f3d921afe54dcbc42f3e9b67ea9b0dc10a37d0,"pcm-meta-v2:{""protocol"":""r9.2-frozen-identity-v7"",""message"":""whole cell exceeded 90s hard deadline; worker reaped"",""cell_wall_ms"":90000.0,""c_parse_samples"":[],""c_protocol_samples"":[],""construct_total_samples"":[],""construct_unattributed_samples"":[],""status"":""timeout"",""status_evidence"":{""kind"":""hard-wall-deadline"",""message"":""whole cell exceeded 90s hard deadline; worker reaped""},""construction_requested"":null,""construction_effective"":null,""commit"":""4267882342ccd9cdc5c52909b4aba296ec41092c"",""batch_id"":""8d1b19571a3b3eb7709e9a173e7d481383c0855206a6e941958fcfffc2f5d257"",""query_sha256"":""143c016ebb5bf4d918995fb8a8437257e0f177fb04bcef9184c9058f18f3eefa"",""engine"":""oxigraph"",""engine_version"":""Oxigraph [engines.json profile]"",""scale"":""100M"",""base_endpoint_sha256"":""c9e65564945d8df3e6db347909ce749b23a5ceaa40b5bfbce825a1c78035ad60"",""reified_endpoint_sha256"":""9d75166c957de49226a016f8a64c1ef26fa5fb5aae4efed67a9ee6460103a803"",""update_endpoint_sha256"":""a8297913a408e55f541b6c7801716a469203e2ac506de1de3b4285a47b345bae"",""base_data_identity_sha256"":""8a988dc83f4082a4f27503ba2906dc6b8733b3c02be567635c726c67bbd48314"",""reified_data_identity_sha256"":""16162702ccec82b2a0e27063cd04bd756a27af1f003b4cef0da976d843ef4725"",""update_for"":""reified"",""access_mode"":""writable"",""base_data_name"":""exploratory-base"",""reified_data_name"":""exploratory-reified"",""update_canary_sha256"":""41997fb8640d9e765a0272879a63548eb9bd46bbf6e49da02b7c924e506b94f7"",""store_instance_sha256"":""735ac62b30e8a3e73b850ea02c7ab19c17b1289095d95961d66c9b3270bcea6a"",""store_discriminator_sha256"":""2e884d94ace185d62b1b91debf493ccd0a69b83d08e74cf5f1c2be4851b14215"",""tool_sha256"":""b38a65fc0c1a91e138f057f7b6c08d21c328463aceb40ffda53fc759f99d2f7a"",""java_runtime_sha256"":""bdd50c08a90e2fb713541b8a118df6250246a917edc41a6776aeafc90b472687"",""run_identity_sha256"":""c1f16e1083ca76abff05c257f9f3d921afe54dcbc42f3e9b67ea9b0dc10a37d0""}"
4267882342ccd9cdc5c52909b4aba296ec41092c,oxigraph,Oxigraph [engines.json profile],100M,M,M3,00,143c016ebb5bf4d918995fb8a8437257e0f177fb04bcef9184c9058f18f3eefa,C,SPARQLcirc CircuitRewriter,timeout,,,,,,,0,1,90.0,,,,,,,382.13927,[],[],,[],,[],,[],r9.2-frozen-identity-v7,8d1b19571a3b3eb7709e9a173e7d481383c0855206a6e941958fcfffc2f5d257,,,,,,,,,,,c9e65564945d8df3e6db347909ce749b23a5ceaa40b5bfbce825a1c78035ad60,9d75166c957de49226a016f8a64c1ef26fa5fb5aae4efed67a9ee6460103a803,a8297913a408e55f541b6c7801716a469203e2ac506de1de3b4285a47b345bae,8a988dc83f4082a4f27503ba2906dc6b8733b3c02be567635c726c67bbd48314,16162702ccec82b2a0e27063cd04bd756a27af1f003b4cef0da976d843ef4725,reified,writable,exploratory-base,exploratory-reified,41997fb8640d9e765a0272879a63548eb9bd46bbf6e49da02b7c924e506b94f7,735ac62b30e8a3e73b850ea02c7ab19c17b1289095d95961d66c9b3270bcea6a,2e884d94ace185d62b1b91debf493ccd0a69b83d08e74cf5f1c2be4851b14215,b38a65fc0c1a91e138f057f7b6c08d21c328463aceb40ffda53fc759f99d2f7a,bdd50c08a90e2fb713541b8a118df6250246a917edc41a6776aeafc90b472687,c1f16e1083ca76abff05c257f9f3d921afe54dcbc42f3e9b67ea9b0dc10a37d0,"pcm-meta-v2:{""protocol"":""r9.2-frozen-identity-v7"",""message"":""whole cell exceeded 90s hard deadline; worker reaped"",""cell_wall_ms"":90000.0,""c_parse_samples"":[],""c_protocol_samples"":[],""construct_total_samples"":[],""construct_unattributed_samples"":[],""status"":""timeout"",""status_evidence"":{""kind"":""hard-wall-deadline"",""message"":""whole cell exceeded 90s hard deadline; worker reaped""},""endpoint_lock"":{""wait_ms"":0.008,""lock_path"":""/tmp/sparqlcirc-r9-endpoint-locks-v7/735ac62b30e8a3e73b850ea02c7ab19c17b1289095d95961d66c9b3270bcea6a.lock""},""construction_requested"":null,""construction_effective"":null,""commit"":""4267882342ccd9cdc5c52909b4aba296ec41092c"",""batch_id"":""8d1b19571a3b3eb7709e9a173e7d481383c0855206a6e941958fcfffc2f5d257"",""query_sha256"":""143c016ebb5bf4d918995fb8a8437257e0f177fb04bcef9184c9058f18f3eefa"",""engine"":""oxigraph"",""engine_version"":""Oxigraph [engines.json profile]"",""scale"":""100M"",""base_endpoint_sha256"":""c9e65564945d8df3e6db347909ce749b23a5ceaa40b5bfbce825a1c78035ad60"",""reified_endpoint_sha256"":""9d75166c957de49226a016f8a64c1ef26fa5fb5aae4efed67a9ee6460103a803"",""update_endpoint_sha256"":""a8297913a408e55f541b6c7801716a469203e2ac506de1de3b4285a47b345bae"",""base_data_identity_sha256"":""8a988dc83f4082a4f27503ba2906dc6b8733b3c02be567635c726c67bbd48314"",""reified_data_identity_sha256"":""16162702ccec82b2a0e27063cd04bd756a27af1f003b4cef0da976d843ef4725"",""update_for"":""reified"",""access_mode"":""writable"",""base_data_name"":""exploratory-base"",""reified_data_name"":""exploratory-reified"",""update_canary_sha256"":""41997fb8640d9e765a0272879a63548eb9bd46bbf6e49da02b7c924e506b94f7"",""store_instance_sha256"":""735ac62b30e8a3e73b850ea02c7ab19c17b1289095d95961d66c9b3270bcea6a"",""store_discriminator_sha256"":""2e884d94ace185d62b1b91debf493ccd0a69b83d08e74cf5f1c2be4851b14215"",""tool_sha256"":""b38a65fc0c1a91e138f057f7b6c08d21c328463aceb40ffda53fc759f99d2f7a"",""java_runtime_sha256"":""bdd50c08a90e2fb713541b8a118df6250246a917edc41a6776aeafc90b472687"",""run_identity_sha256"":""c1f16e1083ca76abff05c257f9f3d921afe54dcbc42f3e9b67ea9b0dc10a37d0""}"
4267882342ccd9cdc5c52909b4aba296ec41092c,oxigraph,Oxigraph [engines.json profile],100M,M,M4,00,3fb5f004cde33422716d95d5c5cbacb234aca04af540babdfc6cd8420a43d11d,B,base-select,timeout,,,,,,,0,1,90.0,,,,,,,0.00806,[],[],,[],,[],,[],r9.2-frozen-identity-v7,8d1b19571a3b3eb7709e9a173e7d481383c0855206a6e941958fcfffc2f5d257,,,,,,,,,,,c9e65564945d8df3e6db347909ce749b23a5ceaa40b5bfbce825a1c78035ad60,9d75166c957de49226a016f8a64c1ef26fa5fb5aae4efed67a9ee6460103a803,a8297913a408e55f541b6c7801716a469203e2ac506de1de3b4285a47b345bae,8a988dc83f4082a4f27503ba2906dc6b8733b3c02be567635c726c67bbd48314,16162702ccec82b2a0e27063cd04bd756a27af1f003b4cef0da976d843ef4725,reified,writable,exploratory-base,exploratory-reified,41997fb8640d9e765a0272879a63548eb9bd46bbf6e49da02b7c924e506b94f7,735ac62b30e8a3e73b850ea02c7ab19c17b1289095d95961d66c9b3270bcea6a,2e884d94ace185d62b1b91debf493ccd0a69b83d08e74cf5f1c2be4851b14215,b38a65fc0c1a91e138f057f7b6c08d21c328463aceb40ffda53fc759f99d2f7a,bdd50c08a90e2fb713541b8a118df6250246a917edc41a6776aeafc90b472687,4fffe91e46fe979453d559d8e30ce8aa81b95e6ef174bf56f2dd034d73b9c852,"pcm-meta-v2:{""protocol"":""r9.2-frozen-identity-v7"",""message"":""whole cell exceeded 90s hard deadline; worker reaped"",""cell_wall_ms"":90000.0,""c_parse_samples"":[],""c_protocol_samples"":[],""construct_total_samples"":[],""construct_unattributed_samples"":[],""status"":""timeout"",""status_evidence"":{""kind"":""hard-wall-deadline"",""message"":""whole cell exceeded 90s hard deadline; worker reaped""},""construction_requested"":null,""construction_effective"":null,""commit"":""4267882342ccd9cdc5c52909b4aba296ec41092c"",""batch_id"":""8d1b19571a3b3eb7709e9a173e7d481383c0855206a6e941958fcfffc2f5d257"",""query_sha256"":""3fb5f004cde33422716d95d5c5cbacb234aca04af540babdfc6cd8420a43d11d"",""engine"":""oxigraph"",""engine_version"":""Oxigraph [engines.json profile]"",""scale"":""100M"",""base_endpoint_sha256"":""c9e65564945d8df3e6db347909ce749b23a5ceaa40b5bfbce825a1c78035ad60"",""reified_endpoint_sha256"":""9d75166c957de49226a016f8a64c1ef26fa5fb5aae4efed67a9ee6460103a803"",""update_endpoint_sha256"":""a8297913a408e55f541b6c7801716a469203e2ac506de1de3b4285a47b345bae"",""base_data_identity_sha256"":""8a988dc83f4082a4f27503ba2906dc6b8733b3c02be567635c726c67bbd48314"",""reified_data_identity_sha256"":""16162702ccec82b2a0e27063cd04bd756a27af1f003b4cef0da976d843ef4725"",""update_for"":""reified"",""access_mode"":""writable"",""base_data_name"":""exploratory-base"",""reified_data_name"":""exploratory-reified"",""update_canary_sha256"":""41997fb8640d9e765a0272879a63548eb9bd46bbf6e49da02b7c924e506b94f7"",""store_instance_sha256"":""735ac62b30e8a3e73b850ea02c7ab19c17b1289095d95961d66c9b3270bcea6a"",""store_discriminator_sha256"":""2e884d94ace185d62b1b91debf493ccd0a69b83d08e74cf5f1c2be4851b14215"",""tool_sha256"":""b38a65fc0c1a91e138f057f7b6c08d21c328463aceb40ffda53fc759f99d2f7a"",""java_runtime_sha256"":""bdd50c08a90e2fb713541b8a118df6250246a917edc41a6776aeafc90b472687"",""run_identity_sha256"":""4fffe91e46fe979453d559d8e30ce8aa81b95e6ef174bf56f2dd034d73b9c852""}"
4267882342ccd9cdc5c52909b4aba296ec41092c,oxigraph,Oxigraph [engines.json profile],100M,M,M4,00,3fb5f004cde33422716d95d5c5cbacb234aca04af540babdfc6cd8420a43d11d,R,reification-only,timeout,,,,,,,0,1,90.0,,,,,,,162.389588,[],[],,[],,[],,[],r9.2-frozen-identity-v7,8d1b19571a3b3eb7709e9a173e7d481383c0855206a6e941958fcfffc2f5d257,,,,,,,,,,,c9e65564945d8df3e6db347909ce749b23a5ceaa40b5bfbce825a1c78035ad60,9d75166c957de49226a016f8a64c1ef26fa5fb5aae4efed67a9ee6460103a803,a8297913a408e55f541b6c7801716a469203e2ac506de1de3b4285a47b345bae,8a988dc83f4082a4f27503ba2906dc6b8733b3c02be567635c726c67bbd48314,16162702ccec82b2a0e27063cd04bd756a27af1f003b4cef0da976d843ef4725,reified,writable,exploratory-base,exploratory-reified,41997fb8640d9e765a0272879a63548eb9bd46bbf6e49da02b7c924e506b94f7,735ac62b30e8a3e73b850ea02c7ab19c17b1289095d95961d66c9b3270bcea6a,2e884d94ace185d62b1b91debf493ccd0a69b83d08e74cf5f1c2be4851b14215,b38a65fc0c1a91e138f057f7b6c08d21c328463aceb40ffda53fc759f99d2f7a,bdd50c08a90e2fb713541b8a118df6250246a917edc41a6776aeafc90b472687,4fffe91e46fe979453d559d8e30ce8aa81b95e6ef174bf56f2dd034d73b9c852,"pcm-meta-v2:{""protocol"":""r9.2-frozen-identity-v7"",""message"":""whole cell exceeded 90s hard deadline; worker reaped"",""cell_wall_ms"":90000.0,""c_parse_samples"":[],""c_protocol_samples"":[],""construct_total_samples"":[],""construct_unattributed_samples"":[],""status"":""timeout"",""status_evidence"":{""kind"":""hard-wall-deadline"",""message"":""whole cell exceeded 90s hard deadline; worker reaped""},""construction_requested"":null,""construction_effective"":null,""commit"":""4267882342ccd9cdc5c52909b4aba296ec41092c"",""batch_id"":""8d1b19571a3b3eb7709e9a173e7d481383c0855206a6e941958fcfffc2f5d257"",""query_sha256"":""3fb5f004cde33422716d95d5c5cbacb234aca04af540babdfc6cd8420a43d11d"",""engine"":""oxigraph"",""engine_version"":""Oxigraph [engines.json profile]"",""scale"":""100M"",""base_endpoint_sha256"":""c9e65564945d8df3e6db347909ce749b23a5ceaa40b5bfbce825a1c78035ad60"",""reified_endpoint_sha256"":""9d75166c957de49226a016f8a64c1ef26fa5fb5aae4efed67a9ee6460103a803"",""update_endpoint_sha256"":""a8297913a408e55f541b6c7801716a469203e2ac506de1de3b4285a47b345bae"",""base_data_identity_sha256"":""8a988dc83f4082a4f27503ba2906dc6b8733b3c02be567635c726c67bbd48314"",""reified_data_identity_sha256"":""16162702ccec82b2a0e27063cd04bd756a27af1f003b4cef0da976d843ef4725"",""update_for"":""reified"",""access_mode"":""writable"",""base_data_name"":""exploratory-base"",""reified_data_name"":""exploratory-reified"",""update_canary_sha256"":""41997fb8640d9e765a0272879a63548eb9bd46bbf6e49da02b7c924e506b94f7"",""store_instance_sha256"":""735ac62b30e8a3e73b850ea02c7ab19c17b1289095d95961d66c9b3270bcea6a"",""store_discriminator_sha256"":""2e884d94ace185d62b1b91debf493ccd0a69b83d08e74cf5f1c2be4851b14215"",""tool_sha256"":""b38a65fc0c1a91e138f057f7b6c08d21c328463aceb40ffda53fc759f99d2f7a"",""java_runtime_sha256"":""bdd50c08a90e2fb713541b8a118df6250246a917edc41a6776aeafc90b472687"",""run_identity_sha256"":""4fffe91e46fe979453d559d8e30ce8aa81b95e6ef174bf56f2dd034d73b9c852""}"
4267882342ccd9cdc5c52909b4aba296ec41092c,oxigraph,Oxigraph [engines.json profile],100M,M,M4,00,3fb5f004cde33422716d95d5c5cbacb234aca04af540babdfc6cd8420a43d11d,N,N_clean (NPCS reimplementation),timeout,,,,,,,0,1,90.0,,,,,,,199.518688,[],[],,[],,[],,[],r9.2-frozen-identity-v7,8d1b19571a3b3eb7709e9a173e7d481383c0855206a6e941958fcfffc2f5d257,,,,,,,,,,,c9e65564945d8df3e6db347909ce749b23a5ceaa40b5bfbce825a1c78035ad60,9d75166c957de49226a016f8a64c1ef26fa5fb5aae4efed67a9ee6460103a803,a8297913a408e55f541b6c7801716a469203e2ac506de1de3b4285a47b345bae,8a988dc83f4082a4f27503ba2906dc6b8733b3c02be567635c726c67bbd48314,16162702ccec82b2a0e27063cd04bd756a27af1f003b4cef0da976d843ef4725,reified,writable,exploratory-base,exploratory-reified,41997fb8640d9e765a0272879a63548eb9bd46bbf6e49da02b7c924e506b94f7,735ac62b30e8a3e73b850ea02c7ab19c17b1289095d95961d66c9b3270bcea6a,2e884d94ace185d62b1b91debf493ccd0a69b83d08e74cf5f1c2be4851b14215,b38a65fc0c1a91e138f057f7b6c08d21c328463aceb40ffda53fc759f99d2f7a,bdd50c08a90e2fb713541b8a118df6250246a917edc41a6776aeafc90b472687,4fffe91e46fe979453d559d8e30ce8aa81b95e6ef174bf56f2dd034d73b9c852,"pcm-meta-v2:{""protocol"":""r9.2-frozen-identity-v7"",""message"":""whole cell exceeded 90s hard deadline; worker reaped"",""cell_wall_ms"":90000.0,""c_parse_samples"":[],""c_protocol_samples"":[],""construct_total_samples"":[],""construct_unattributed_samples"":[],""status"":""timeout"",""status_evidence"":{""kind"":""hard-wall-deadline"",""message"":""whole cell exceeded 90s hard deadline; worker reaped""},""construction_requested"":null,""construction_effective"":null,""commit"":""4267882342ccd9cdc5c52909b4aba296ec41092c"",""batch_id"":""8d1b19571a3b3eb7709e9a173e7d481383c0855206a6e941958fcfffc2f5d257"",""query_sha256"":""3fb5f004cde33422716d95d5c5cbacb234aca04af540babdfc6cd8420a43d11d"",""engine"":""oxigraph"",""engine_version"":""Oxigraph [engines.json profile]"",""scale"":""100M"",""base_endpoint_sha256"":""c9e65564945d8df3e6db347909ce749b23a5ceaa40b5bfbce825a1c78035ad60"",""reified_endpoint_sha256"":""9d75166c957de49226a016f8a64c1ef26fa5fb5aae4efed67a9ee6460103a803"",""update_endpoint_sha256"":""a8297913a408e55f541b6c7801716a469203e2ac506de1de3b4285a47b345bae"",""base_data_identity_sha256"":""8a988dc83f4082a4f27503ba2906dc6b8733b3c02be567635c726c67bbd48314"",""reified_data_identity_sha256"":""16162702ccec82b2a0e27063cd04bd756a27af1f003b4cef0da976d843ef4725"",""update_for"":""reified"",""access_mode"":""writable"",""base_data_name"":""exploratory-base"",""reified_data_name"":""exploratory-reified"",""update_canary_sha256"":""41997fb8640d9e765a0272879a63548eb9bd46bbf6e49da02b7c924e506b94f7"",""store_instance_sha256"":""735ac62b30e8a3e73b850ea02c7ab19c17b1289095d95961d66c9b3270bcea6a"",""store_discriminator_sha256"":""2e884d94ace185d62b1b91debf493ccd0a69b83d08e74cf5f1c2be4851b14215"",""tool_sha256"":""b38a65fc0c1a91e138f057f7b6c08d21c328463aceb40ffda53fc759f99d2f7a"",""java_runtime_sha256"":""bdd50c08a90e2fb713541b8a118df6250246a917edc41a6776aeafc90b472687"",""run_identity_sha256"":""4fffe91e46fe979453d559d8e30ce8aa81b95e6ef174bf56f2dd034d73b9c852""}"
4267882342ccd9cdc5c52909b4aba296ec41092c,oxigraph,Oxigraph [engines.json profile],100M,M,M4,00,3fb5f004cde33422716d95d5c5cbacb234aca04af540babdfc6cd8420a43d11d,C,SPARQLcirc CircuitRewriter,timeout,,,,,,,0,1,90.0,,,,,,,480.604581,[],[],,[],,[],,[],r9.2-frozen-identity-v7,8d1b19571a3b3eb7709e9a173e7d481383c0855206a6e941958fcfffc2f5d257,,,,,,,,,,,c9e65564945d8df3e6db347909ce749b23a5ceaa40b5bfbce825a1c78035ad60,9d75166c957de49226a016f8a64c1ef26fa5fb5aae4efed67a9ee6460103a803,a8297913a408e55f541b6c7801716a469203e2ac506de1de3b4285a47b345bae,8a988dc83f4082a4f27503ba2906dc6b8733b3c02be567635c726c67bbd48314,16162702ccec82b2a0e27063cd04bd756a27af1f003b4cef0da976d843ef4725,reified,writable,exploratory-base,exploratory-reified,41997fb8640d9e765a0272879a63548eb9bd46bbf6e49da02b7c924e506b94f7,735ac62b30e8a3e73b850ea02c7ab19c17b1289095d95961d66c9b3270bcea6a,2e884d94ace185d62b1b91debf493ccd0a69b83d08e74cf5f1c2be4851b14215,b38a65fc0c1a91e138f057f7b6c08d21c328463aceb40ffda53fc759f99d2f7a,bdd50c08a90e2fb713541b8a118df6250246a917edc41a6776aeafc90b472687,4fffe91e46fe979453d559d8e30ce8aa81b95e6ef174bf56f2dd034d73b9c852,"pcm-meta-v2:{""protocol"":""r9.2-frozen-identity-v7"",""message"":""whole cell exceeded 90s hard deadline; worker reaped"",""cell_wall_ms"":90000.0,""c_parse_samples"":[],""c_protocol_samples"":[],""construct_total_samples"":[],""construct_unattributed_samples"":[],""status"":""timeout"",""status_evidence"":{""kind"":""hard-wall-deadline"",""message"":""whole cell exceeded 90s hard deadline; worker reaped""},""endpoint_lock"":{""wait_ms"":0.007,""lock_path"":""/tmp/sparqlcirc-r9-endpoint-locks-v7/735ac62b30e8a3e73b850ea02c7ab19c17b1289095d95961d66c9b3270bcea6a.lock""},""construction_requested"":null,""construction_effective"":null,""commit"":""4267882342ccd9cdc5c52909b4aba296ec41092c"",""batch_id"":""8d1b19571a3b3eb7709e9a173e7d481383c0855206a6e941958fcfffc2f5d257"",""query_sha256"":""3fb5f004cde33422716d95d5c5cbacb234aca04af540babdfc6cd8420a43d11d"",""engine"":""oxigraph"",""engine_version"":""Oxigraph [engines.json profile]"",""scale"":""100M"",""base_endpoint_sha256"":""c9e65564945d8df3e6db347909ce749b23a5ceaa40b5bfbce825a1c78035ad60"",""reified_endpoint_sha256"":""9d75166c957de49226a016f8a64c1ef26fa5fb5aae4efed67a9ee6460103a803"",""update_endpoint_sha256"":""a8297913a408e55f541b6c7801716a469203e2ac506de1de3b4285a47b345bae"",""base_data_identity_sha256"":""8a988dc83f4082a4f27503ba2906dc6b8733b3c02be567635c726c67bbd48314"",""reified_data_identity_sha256"":""16162702ccec82b2a0e27063cd04bd756a27af1f003b4cef0da976d843ef4725"",""update_for"":""reified"",""access_mode"":""writable"",""base_data_name"":""exploratory-base"",""reified_data_name"":""exploratory-reified"",""update_canary_sha256"":""41997fb8640d9e765a0272879a63548eb9bd46bbf6e49da02b7c924e506b94f7"",""store_instance_sha256"":""735ac62b30e8a3e73b850ea02c7ab19c17b1289095d95961d66c9b3270bcea6a"",""store_discriminator_sha256"":""2e884d94ace185d62b1b91debf493ccd0a69b83d08e74cf5f1c2be4851b14215"",""tool_sha256"":""b38a65fc0c1a91e138f057f7b6c08d21c328463aceb40ffda53fc759f99d2f7a"",""java_runtime_sha256"":""bdd50c08a90e2fb713541b8a118df6250246a917edc41a6776aeafc90b472687"",""run_identity_sha256"":""4fffe91e46fe979453d559d8e30ce8aa81b95e6ef174bf56f2dd034d73b9c852""}"
4267882342ccd9cdc5c52909b4aba296ec41092c,oxigraph,Oxigraph [engines.json profile],100M,M,M5,00,dbc6ab431c394a25feca14ac948b1ff1ee2c7bd219d3350f64cbec9447ef0e16,B,base-select,ok,896707,17814.1,17814.1,17814.1,17814.1,0.0,0,1,90.0,86422441,0.0,,,,,0.00785,[17814.146],[0.0],,[],,[],,[],r9.2-frozen-identity-v7,8d1b19571a3b3eb7709e9a173e7d481383c0855206a6e941958fcfffc2f5d257,csv-binding-multiset-v1,896707,e3f068397bc99cd4574fd993b4d3f87b6f4e08b21e1d7634dc92d895b3f55596,,,,,,,,c9e65564945d8df3e6db347909ce749b23a5ceaa40b5bfbce825a1c78035ad60,9d75166c957de49226a016f8a64c1ef26fa5fb5aae4efed67a9ee6460103a803,a8297913a408e55f541b6c7801716a469203e2ac506de1de3b4285a47b345bae,8a988dc83f4082a4f27503ba2906dc6b8733b3c02be567635c726c67bbd48314,16162702ccec82b2a0e27063cd04bd756a27af1f003b4cef0da976d843ef4725,reified,writable,exploratory-base,exploratory-reified,41997fb8640d9e765a0272879a63548eb9bd46bbf6e49da02b7c924e506b94f7,735ac62b30e8a3e73b850ea02c7ab19c17b1289095d95961d66c9b3270bcea6a,2e884d94ace185d62b1b91debf493ccd0a69b83d08e74cf5f1c2be4851b14215,b38a65fc0c1a91e138f057f7b6c08d21c328463aceb40ffda53fc759f99d2f7a,bdd50c08a90e2fb713541b8a118df6250246a917edc41a6776aeafc90b472687,1cc2f699e394d5a69b56193d49c4a1390c9763ed448376b0523b57a8e30e68e6,"pcm-meta-v2:{""protocol"":""r9.2-frozen-identity-v7"",""message"":"""",""cell_wall_ms"":25873.549,""answer_kind"":""csv-binding-multiset-v1"",""answer_key_count"":896707,""answer_fingerprint"":""e3f068397bc99cd4574fd993b4d3f87b6f4e08b21e1d7634dc92d895b3f55596"",""c_parse_samples"":[0.0],""c_protocol_samples"":[],""construct_total_samples"":[],""construct_unattributed_samples"":[],""status"":""ok"",""status_evidence"":null,""construction_requested"":null,""construction_effective"":null,""commit"":""4267882342ccd9cdc5c52909b4aba296ec41092c"",""batch_id"":""8d1b19571a3b3eb7709e9a173e7d481383c0855206a6e941958fcfffc2f5d257"",""query_sha256"":""dbc6ab431c394a25feca14ac948b1ff1ee2c7bd219d3350f64cbec9447ef0e16"",""engine"":""oxigraph"",""engine_version"":""Oxigraph [engines.json profile]"",""scale"":""100M"",""base_endpoint_sha256"":""c9e65564945d8df3e6db347909ce749b23a5ceaa40b5bfbce825a1c78035ad60"",""reified_endpoint_sha256"":""9d75166c957de49226a016f8a64c1ef26fa5fb5aae4efed67a9ee6460103a803"",""update_endpoint_sha256"":""a8297913a408e55f541b6c7801716a469203e2ac506de1de3b4285a47b345bae"",""base_data_identity_sha256"":""8a988dc83f4082a4f27503ba2906dc6b8733b3c02be567635c726c67bbd48314"",""reified_data_identity_sha256"":""16162702ccec82b2a0e27063cd04bd756a27af1f003b4cef0da976d843ef4725"",""update_for"":""reified"",""access_mode"":""writable"",""base_data_name"":""exploratory-base"",""reified_data_name"":""exploratory-reified"",""update_canary_sha256"":""41997fb8640d9e765a0272879a63548eb9bd46bbf6e49da02b7c924e506b94f7"",""store_instance_sha256"":""735ac62b30e8a3e73b850ea02c7ab19c17b1289095d95961d66c9b3270bcea6a"",""store_discriminator_sha256"":""2e884d94ace185d62b1b91debf493ccd0a69b83d08e74cf5f1c2be4851b14215"",""tool_sha256"":""b38a65fc0c1a91e138f057f7b6c08d21c328463aceb40ffda53fc759f99d2f7a"",""java_runtime_sha256"":""bdd50c08a90e2fb713541b8a118df6250246a917edc41a6776aeafc90b472687"",""run_identity_sha256"":""1cc2f699e394d5a69b56193d49c4a1390c9763ed448376b0523b57a8e30e68e6""}"
4267882342ccd9cdc5c52909b4aba296ec41092c,oxigraph,Oxigraph [engines.json profile],100M,M,M5,00,dbc6ab431c394a25feca14ac948b1ff1ee2c7bd219d3350f64cbec9447ef0e16,R,reification-only,timeout,,,,,,,0,1,90.0,,,,,,,157.790561,[],[],,[],,[],,[],r9.2-frozen-identity-v7,8d1b19571a3b3eb7709e9a173e7d481383c0855206a6e941958fcfffc2f5d257,,,,,,,,,,,c9e65564945d8df3e6db347909ce749b23a5ceaa40b5bfbce825a1c78035ad60,9d75166c957de49226a016f8a64c1ef26fa5fb5aae4efed67a9ee6460103a803,a8297913a408e55f541b6c7801716a469203e2ac506de1de3b4285a47b345bae,8a988dc83f4082a4f27503ba2906dc6b8733b3c02be567635c726c67bbd48314,16162702ccec82b2a0e27063cd04bd756a27af1f003b4cef0da976d843ef4725,reified,writable,exploratory-base,exploratory-reified,41997fb8640d9e765a0272879a63548eb9bd46bbf6e49da02b7c924e506b94f7,735ac62b30e8a3e73b850ea02c7ab19c17b1289095d95961d66c9b3270bcea6a,2e884d94ace185d62b1b91debf493ccd0a69b83d08e74cf5f1c2be4851b14215,b38a65fc0c1a91e138f057f7b6c08d21c328463aceb40ffda53fc759f99d2f7a,bdd50c08a90e2fb713541b8a118df6250246a917edc41a6776aeafc90b472687,1cc2f699e394d5a69b56193d49c4a1390c9763ed448376b0523b57a8e30e68e6,"pcm-meta-v2:{""protocol"":""r9.2-frozen-identity-v7"",""message"":""whole cell exceeded 90s hard deadline; worker reaped"",""cell_wall_ms"":90000.0,""c_parse_samples"":[],""c_protocol_samples"":[],""construct_total_samples"":[],""construct_unattributed_samples"":[],""status"":""timeout"",""status_evidence"":{""kind"":""hard-wall-deadline"",""message"":""whole cell exceeded 90s hard deadline; worker reaped""},""construction_requested"":null,""construction_effective"":null,""commit"":""4267882342ccd9cdc5c52909b4aba296ec41092c"",""batch_id"":""8d1b19571a3b3eb7709e9a173e7d481383c0855206a6e941958fcfffc2f5d257"",""query_sha256"":""dbc6ab431c394a25feca14ac948b1ff1ee2c7bd219d3350f64cbec9447ef0e16"",""engine"":""oxigraph"",""engine_version"":""Oxigraph [engines.json profile]"",""scale"":""100M"",""base_endpoint_sha256"":""c9e65564945d8df3e6db347909ce749b23a5ceaa40b5bfbce825a1c78035ad60"",""reified_endpoint_sha256"":""9d75166c957de49226a016f8a64c1ef26fa5fb5aae4efed67a9ee6460103a803"",""update_endpoint_sha256"":""a8297913a408e55f541b6c7801716a469203e2ac506de1de3b4285a47b345bae"",""base_data_identity_sha256"":""8a988dc83f4082a4f27503ba2906dc6b8733b3c02be567635c726c67bbd48314"",""reified_data_identity_sha256"":""16162702ccec82b2a0e27063cd04bd756a27af1f003b4cef0da976d843ef4725"",""update_for"":""reified"",""access_mode"":""writable"",""base_data_name"":""exploratory-base"",""reified_data_name"":""exploratory-reified"",""update_canary_sha256"":""41997fb8640d9e765a0272879a63548eb9bd46bbf6e49da02b7c924e506b94f7"",""store_instance_sha256"":""735ac62b30e8a3e73b850ea02c7ab19c17b1289095d95961d66c9b3270bcea6a"",""store_discriminator_sha256"":""2e884d94ace185d62b1b91debf493ccd0a69b83d08e74cf5f1c2be4851b14215"",""tool_sha256"":""b38a65fc0c1a91e138f057f7b6c08d21c328463aceb40ffda53fc759f99d2f7a"",""java_runtime_sha256"":""bdd50c08a90e2fb713541b8a118df6250246a917edc41a6776aeafc90b472687"",""run_identity_sha256"":""1cc2f699e394d5a69b56193d49c4a1390c9763ed448376b0523b57a8e30e68e6""}"
4267882342ccd9cdc5c52909b4aba296ec41092c,oxigraph,Oxigraph [engines.json profile],100M,M,M5,00,dbc6ab431c394a25feca14ac948b1ff1ee2c7bd219d3350f64cbec9447ef0e16,N,N_clean (NPCS reimplementation),timeout,,,,,,,0,1,90.0,,,,,,,222.39709,[],[],,[],,[],,[],r9.2-frozen-identity-v7,8d1b19571a3b3eb7709e9a173e7d481383c0855206a6e941958fcfffc2f5d257,,,,,,,,,,,c9e65564945d8df3e6db347909ce749b23a5ceaa40b5bfbce825a1c78035ad60,9d75166c957de49226a016f8a64c1ef26fa5fb5aae4efed67a9ee6460103a803,a8297913a408e55f541b6c7801716a469203e2ac506de1de3b4285a47b345bae,8a988dc83f4082a4f27503ba2906dc6b8733b3c02be567635c726c67bbd48314,16162702ccec82b2a0e27063cd04bd756a27af1f003b4cef0da976d843ef4725,reified,writable,exploratory-base,exploratory-reified,41997fb8640d9e765a0272879a63548eb9bd46bbf6e49da02b7c924e506b94f7,735ac62b30e8a3e73b850ea02c7ab19c17b1289095d95961d66c9b3270bcea6a,2e884d94ace185d62b1b91debf493ccd0a69b83d08e74cf5f1c2be4851b14215,b38a65fc0c1a91e138f057f7b6c08d21c328463aceb40ffda53fc759f99d2f7a,bdd50c08a90e2fb713541b8a118df6250246a917edc41a6776aeafc90b472687,1cc2f699e394d5a69b56193d49c4a1390c9763ed448376b0523b57a8e30e68e6,"pcm-meta-v2:{""protocol"":""r9.2-frozen-identity-v7"",""message"":""whole cell exceeded 90s hard deadline; worker reaped"",""cell_wall_ms"":90000.0,""c_parse_samples"":[],""c_protocol_samples"":[],""construct_total_samples"":[],""construct_unattributed_samples"":[],""status"":""timeout"",""status_evidence"":{""kind"":""hard-wall-deadline"",""message"":""whole cell exceeded 90s hard deadline; worker reaped""},""construction_requested"":null,""construction_effective"":null,""commit"":""4267882342ccd9cdc5c52909b4aba296ec41092c"",""batch_id"":""8d1b19571a3b3eb7709e9a173e7d481383c0855206a6e941958fcfffc2f5d257"",""query_sha256"":""dbc6ab431c394a25feca14ac948b1ff1ee2c7bd219d3350f64cbec9447ef0e16"",""engine"":""oxigraph"",""engine_version"":""Oxigraph [engines.json profile]"",""scale"":""100M"",""base_endpoint_sha256"":""c9e65564945d8df3e6db347909ce749b23a5ceaa40b5bfbce825a1c78035ad60"",""reified_endpoint_sha256"":""9d75166c957de49226a016f8a64c1ef26fa5fb5aae4efed67a9ee6460103a803"",""update_endpoint_sha256"":""a8297913a408e55f541b6c7801716a469203e2ac506de1de3b4285a47b345bae"",""base_data_identity_sha256"":""8a988dc83f4082a4f27503ba2906dc6b8733b3c02be567635c726c67bbd48314"",""reified_data_identity_sha256"":""16162702ccec82b2a0e27063cd04bd756a27af1f003b4cef0da976d843ef4725"",""update_for"":""reified"",""access_mode"":""writable"",""base_data_name"":""exploratory-base"",""reified_data_name"":""exploratory-reified"",""update_canary_sha256"":""41997fb8640d9e765a0272879a63548eb9bd46bbf6e49da02b7c924e506b94f7"",""store_instance_sha256"":""735ac62b30e8a3e73b850ea02c7ab19c17b1289095d95961d66c9b3270bcea6a"",""store_discriminator_sha256"":""2e884d94ace185d62b1b91debf493ccd0a69b83d08e74cf5f1c2be4851b14215"",""tool_sha256"":""b38a65fc0c1a91e138f057f7b6c08d21c328463aceb40ffda53fc759f99d2f7a"",""java_runtime_sha256"":""bdd50c08a90e2fb713541b8a118df6250246a917edc41a6776aeafc90b472687"",""run_identity_sha256"":""1cc2f699e394d5a69b56193d49c4a1390c9763ed448376b0523b57a8e30e68e6""}"
4267882342ccd9cdc5c52909b4aba296ec41092c,oxigraph,Oxigraph [engines.json profile],100M,M,M5,00,dbc6ab431c394a25feca14ac948b1ff1ee2c7bd219d3350f64cbec9447ef0e16,C,SPARQLcirc CircuitRewriter,timeout,,,,,,,0,1,90.0,,,,,,,464.976825,[],[],,[],,[],,[],r9.2-frozen-identity-v7,8d1b19571a3b3eb7709e9a173e7d481383c0855206a6e941958fcfffc2f5d257,,,,,,,,,,,c9e65564945d8df3e6db347909ce749b23a5ceaa40b5bfbce825a1c78035ad60,9d75166c957de49226a016f8a64c1ef26fa5fb5aae4efed67a9ee6460103a803,a8297913a408e55f541b6c7801716a469203e2ac506de1de3b4285a47b345bae,8a988dc83f4082a4f27503ba2906dc6b8733b3c02be567635c726c67bbd48314,16162702ccec82b2a0e27063cd04bd756a27af1f003b4cef0da976d843ef4725,reified,writable,exploratory-base,exploratory-reified,41997fb8640d9e765a0272879a63548eb9bd46bbf6e49da02b7c924e506b94f7,735ac62b30e8a3e73b850ea02c7ab19c17b1289095d95961d66c9b3270bcea6a,2e884d94ace185d62b1b91debf493ccd0a69b83d08e74cf5f1c2be4851b14215,b38a65fc0c1a91e138f057f7b6c08d21c328463aceb40ffda53fc759f99d2f7a,bdd50c08a90e2fb713541b8a118df6250246a917edc41a6776aeafc90b472687,1cc2f699e394d5a69b56193d49c4a1390c9763ed448376b0523b57a8e30e68e6,"pcm-meta-v2:{""protocol"":""r9.2-frozen-identity-v7"",""message"":""whole cell exceeded 90s hard deadline; worker reaped"",""cell_wall_ms"":90000.0,""c_parse_samples"":[],""c_protocol_samples"":[],""construct_total_samples"":[],""construct_unattributed_samples"":[],""status"":""timeout"",""status_evidence"":{""kind"":""hard-wall-deadline"",""message"":""whole cell exceeded 90s hard deadline; worker reaped""},""endpoint_lock"":{""wait_ms"":0.007,""lock_path"":""/tmp/sparqlcirc-r9-endpoint-locks-v7/735ac62b30e8a3e73b850ea02c7ab19c17b1289095d95961d66c9b3270bcea6a.lock""},""construction_requested"":null,""construction_effective"":null,""commit"":""4267882342ccd9cdc5c52909b4aba296ec41092c"",""batch_id"":""8d1b19571a3b3eb7709e9a173e7d481383c0855206a6e941958fcfffc2f5d257"",""query_sha256"":""dbc6ab431c394a25feca14ac948b1ff1ee2c7bd219d3350f64cbec9447ef0e16"",""engine"":""oxigraph"",""engine_version"":""Oxigraph [engines.json profile]"",""scale"":""100M"",""base_endpoint_sha256"":""c9e65564945d8df3e6db347909ce749b23a5ceaa40b5bfbce825a1c78035ad60"",""reified_endpoint_sha256"":""9d75166c957de49226a016f8a64c1ef26fa5fb5aae4efed67a9ee6460103a803"",""update_endpoint_sha256"":""a8297913a408e55f541b6c7801716a469203e2ac506de1de3b4285a47b345bae"",""base_data_identity_sha256"":""8a988dc83f4082a4f27503ba2906dc6b8733b3c02be567635c726c67bbd48314"",""reified_data_identity_sha256"":""16162702ccec82b2a0e27063cd04bd756a27af1f003b4cef0da976d843ef4725"",""update_for"":""reified"",""access_mode"":""writable"",""base_data_name"":""exploratory-base"",""reified_data_name"":""exploratory-reified"",""update_canary_sha256"":""41997fb8640d9e765a0272879a63548eb9bd46bbf6e49da02b7c924e506b94f7"",""store_instance_sha256"":""735ac62b30e8a3e73b850ea02c7ab19c17b1289095d95961d66c9b3270bcea6a"",""store_discriminator_sha256"":""2e884d94ace185d62b1b91debf493ccd0a69b83d08e74cf5f1c2be4851b14215"",""tool_sha256"":""b38a65fc0c1a91e138f057f7b6c08d21c328463aceb40ffda53fc759f99d2f7a"",""java_runtime_sha256"":""bdd50c08a90e2fb713541b8a118df6250246a917edc41a6776aeafc90b472687"",""run_identity_sha256"":""1cc2f699e394d5a69b56193d49c4a1390c9763ed448376b0523b57a8e30e68e6""}"
4267882342ccd9cdc5c52909b4aba296ec41092c,oxigraph,Oxigraph [engines.json profile],100M,C,C1,00,ef8aa4a34b4e6f77cd2222ea98467b92ca1acc5ed05ba7efc6d7f7aff345f7a1,B,base-select,ok,201,4180.1,4180.1,4180.1,4180.1,0.0,0,1,90.0,39442,0.0,,,,,0.0073,[4180.054],[0.0],,[],,[],,[],r9.2-frozen-identity-v7,d033bbadeae1074b1b1a296e21ed05ea23c06ccf552c086b198fa4ba97274988,csv-binding-multiset-v1,201,eceee378b5bc0013894e8cd4fe22d1b9c23bd49a251e4a1144751fd8ae0ab51d,,,,,,,,c9e65564945d8df3e6db347909ce749b23a5ceaa40b5bfbce825a1c78035ad60,9d75166c957de49226a016f8a64c1ef26fa5fb5aae4efed67a9ee6460103a803,a8297913a408e55f541b6c7801716a469203e2ac506de1de3b4285a47b345bae,8a988dc83f4082a4f27503ba2906dc6b8733b3c02be567635c726c67bbd48314,16162702ccec82b2a0e27063cd04bd756a27af1f003b4cef0da976d843ef4725,reified,writable,exploratory-base,exploratory-reified,41997fb8640d9e765a0272879a63548eb9bd46bbf6e49da02b7c924e506b94f7,735ac62b30e8a3e73b850ea02c7ab19c17b1289095d95961d66c9b3270bcea6a,2e884d94ace185d62b1b91debf493ccd0a69b83d08e74cf5f1c2be4851b14215,b38a65fc0c1a91e138f057f7b6c08d21c328463aceb40ffda53fc759f99d2f7a,bdd50c08a90e2fb713541b8a118df6250246a917edc41a6776aeafc90b472687,1401dd3e2e3ff8257636ce226330786b0eef5cbf6280c3d0dc10384191dc40c6,"pcm-meta-v2:{""protocol"":""r9.2-frozen-identity-v7"",""message"":"""",""cell_wall_ms"":4188.677,""answer_kind"":""csv-binding-multiset-v1"",""answer_key_count"":201,""answer_fingerprint"":""eceee378b5bc0013894e8cd4fe22d1b9c23bd49a251e4a1144751fd8ae0ab51d"",""c_parse_samples"":[0.0],""c_protocol_samples"":[],""construct_total_samples"":[],""construct_unattributed_samples"":[],""status"":""ok"",""status_evidence"":null,""construction_requested"":null,""construction_effective"":null,""commit"":""4267882342ccd9cdc5c52909b4aba296ec41092c"",""batch_id"":""d033bbadeae1074b1b1a296e21ed05ea23c06ccf552c086b198fa4ba97274988"",""query_sha256"":""ef8aa4a34b4e6f77cd2222ea98467b92ca1acc5ed05ba7efc6d7f7aff345f7a1"",""engine"":""oxigraph"",""engine_version"":""Oxigraph [engines.json profile]"",""scale"":""100M"",""base_endpoint_sha256"":""c9e65564945d8df3e6db347909ce749b23a5ceaa40b5bfbce825a1c78035ad60"",""reified_endpoint_sha256"":""9d75166c957de49226a016f8a64c1ef26fa5fb5aae4efed67a9ee6460103a803"",""update_endpoint_sha256"":""a8297913a408e55f541b6c7801716a469203e2ac506de1de3b4285a47b345bae"",""base_data_identity_sha256"":""8a988dc83f4082a4f27503ba2906dc6b8733b3c02be567635c726c67bbd48314"",""reified_data_identity_sha256"":""16162702ccec82b2a0e27063cd04bd756a27af1f003b4cef0da976d843ef4725"",""update_for"":""reified"",""access_mode"":""writable"",""base_data_name"":""exploratory-base"",""reified_data_name"":""exploratory-reified"",""update_canary_sha256"":""41997fb8640d9e765a0272879a63548eb9bd46bbf6e49da02b7c924e506b94f7"",""store_instance_sha256"":""735ac62b30e8a3e73b850ea02c7ab19c17b1289095d95961d66c9b3270bcea6a"",""store_discriminator_sha256"":""2e884d94ace185d62b1b91debf493ccd0a69b83d08e74cf5f1c2be4851b14215"",""tool_sha256"":""b38a65fc0c1a91e138f057f7b6c08d21c328463aceb40ffda53fc759f99d2f7a"",""java_runtime_sha256"":""bdd50c08a90e2fb713541b8a118df6250246a917edc41a6776aeafc90b472687"",""run_identity_sha256"":""1401dd3e2e3ff8257636ce226330786b0eef5cbf6280c3d0dc10384191dc40c6""}"
4267882342ccd9cdc5c52909b4aba296ec41092c,oxigraph,Oxigraph [engines.json profile],100M,C,C1,00,ef8aa4a34b4e6f77cd2222ea98467b92ca1acc5ed05ba7efc6d7f7aff345f7a1,R,reification-only,timeout,,,,,,,0,1,90.0,,,,,,,187.520963,[],[],,[],,[],,[],r9.2-frozen-identity-v7,d033bbadeae1074b1b1a296e21ed05ea23c06ccf552c086b198fa4ba97274988,,,,,,,,,,,c9e65564945d8df3e6db347909ce749b23a5ceaa40b5bfbce825a1c78035ad60,9d75166c957de49226a016f8a64c1ef26fa5fb5aae4efed67a9ee6460103a803,a8297913a408e55f541b6c7801716a469203e2ac506de1de3b4285a47b345bae,8a988dc83f4082a4f27503ba2906dc6b8733b3c02be567635c726c67bbd48314,16162702ccec82b2a0e27063cd04bd756a27af1f003b4cef0da976d843ef4725,reified,writable,exploratory-base,exploratory-reified,41997fb8640d9e765a0272879a63548eb9bd46bbf6e49da02b7c924e506b94f7,735ac62b30e8a3e73b850ea02c7ab19c17b1289095d95961d66c9b3270bcea6a,2e884d94ace185d62b1b91debf493ccd0a69b83d08e74cf5f1c2be4851b14215,b38a65fc0c1a91e138f057f7b6c08d21c328463aceb40ffda53fc759f99d2f7a,bdd50c08a90e2fb713541b8a118df6250246a917edc41a6776aeafc90b472687,1401dd3e2e3ff8257636ce226330786b0eef5cbf6280c3d0dc10384191dc40c6,"pcm-meta-v2:{""protocol"":""r9.2-frozen-identity-v7"",""message"":""whole cell exceeded 90s hard deadline; worker reaped"",""cell_wall_ms"":90000.0,""c_parse_samples"":[],""c_protocol_samples"":[],""construct_total_samples"":[],""construct_unattributed_samples"":[],""status"":""timeout"",""status_evidence"":{""kind"":""hard-wall-deadline"",""message"":""whole cell exceeded 90s hard deadline; worker reaped""},""construction_requested"":null,""construction_effective"":null,""commit"":""4267882342ccd9cdc5c52909b4aba296ec41092c"",""batch_id"":""d033bbadeae1074b1b1a296e21ed05ea23c06ccf552c086b198fa4ba97274988"",""query_sha256"":""ef8aa4a34b4e6f77cd2222ea98467b92ca1acc5ed05ba7efc6d7f7aff345f7a1"",""engine"":""oxigraph"",""engine_version"":""Oxigraph [engines.json profile]"",""scale"":""100M"",""base_endpoint_sha256"":""c9e65564945d8df3e6db347909ce749b23a5ceaa40b5bfbce825a1c78035ad60"",""reified_endpoint_sha256"":""9d75166c957de49226a016f8a64c1ef26fa5fb5aae4efed67a9ee6460103a803"",""update_endpoint_sha256"":""a8297913a408e55f541b6c7801716a469203e2ac506de1de3b4285a47b345bae"",""base_data_identity_sha256"":""8a988dc83f4082a4f27503ba2906dc6b8733b3c02be567635c726c67bbd48314"",""reified_data_identity_sha256"":""16162702ccec82b2a0e27063cd04bd756a27af1f003b4cef0da976d843ef4725"",""update_for"":""reified"",""access_mode"":""writable"",""base_data_name"":""exploratory-base"",""reified_data_name"":""exploratory-reified"",""update_canary_sha256"":""41997fb8640d9e765a0272879a63548eb9bd46bbf6e49da02b7c924e506b94f7"",""store_instance_sha256"":""735ac62b30e8a3e73b850ea02c7ab19c17b1289095d95961d66c9b3270bcea6a"",""store_discriminator_sha256"":""2e884d94ace185d62b1b91debf493ccd0a69b83d08e74cf5f1c2be4851b14215"",""tool_sha256"":""b38a65fc0c1a91e138f057f7b6c08d21c328463aceb40ffda53fc759f99d2f7a"",""java_runtime_sha256"":""bdd50c08a90e2fb713541b8a118df6250246a917edc41a6776aeafc90b472687"",""run_identity_sha256"":""1401dd3e2e3ff8257636ce226330786b0eef5cbf6280c3d0dc10384191dc40c6""}"
4267882342ccd9cdc5c52909b4aba296ec41092c,oxigraph,Oxigraph [engines.json profile],100M,C,C1,00,ef8aa4a34b4e6f77cd2222ea98467b92ca1acc5ed05ba7efc6d7f7aff345f7a1,N,N_clean (NPCS reimplementation),ok,91,26387.3,26387.3,26387.3,26387.3,0.0,0,1,90.0,43092,0.0,,,,201,211.066951,[26387.282],[0.0],,[],,[],,[],r9.2-frozen-identity-v7,d033bbadeae1074b1b1a296e21ed05ea23c06ccf552c086b198fa4ba97274988,csv-candidate-multiset-v1,91,1bdd0b197b8cd9a2de461d9ce5467b4ba59122e0204468358e0dd972dfead827,,,,,,,,c9e65564945d8df3e6db347909ce749b23a5ceaa40b5bfbce825a1c78035ad60,9d75166c957de49226a016f8a64c1ef26fa5fb5aae4efed67a9ee6460103a803,a8297913a408e55f541b6c7801716a469203e2ac506de1de3b4285a47b345bae,8a988dc83f4082a4f27503ba2906dc6b8733b3c02be567635c726c67bbd48314,16162702ccec82b2a0e27063cd04bd756a27af1f003b4cef0da976d843ef4725,reified,writable,exploratory-base,exploratory-reified,41997fb8640d9e765a0272879a63548eb9bd46bbf6e49da02b7c924e506b94f7,735ac62b30e8a3e73b850ea02c7ab19c17b1289095d95961d66c9b3270bcea6a,2e884d94ace185d62b1b91debf493ccd0a69b83d08e74cf5f1c2be4851b14215,b38a65fc0c1a91e138f057f7b6c08d21c328463aceb40ffda53fc759f99d2f7a,bdd50c08a90e2fb713541b8a118df6250246a917edc41a6776aeafc90b472687,1401dd3e2e3ff8257636ce226330786b0eef5cbf6280c3d0dc10384191dc40c6,"pcm-meta-v2:{""protocol"":""r9.2-frozen-identity-v7"",""message"":"""",""cell_wall_ms"":26611.542,""answer_kind"":""csv-candidate-multiset-v1"",""answer_key_count"":91,""answer_fingerprint"":""1bdd0b197b8cd9a2de461d9ce5467b4ba59122e0204468358e0dd972dfead827"",""c_parse_samples"":[0.0],""c_protocol_samples"":[],""construct_total_samples"":[],""construct_unattributed_samples"":[],""status"":""ok"",""status_evidence"":null,""construction_requested"":null,""construction_effective"":null,""commit"":""4267882342ccd9cdc5c52909b4aba296ec41092c"",""batch_id"":""d033bbadeae1074b1b1a296e21ed05ea23c06ccf552c086b198fa4ba97274988"",""query_sha256"":""ef8aa4a34b4e6f77cd2222ea98467b92ca1acc5ed05ba7efc6d7f7aff345f7a1"",""engine"":""oxigraph"",""engine_version"":""Oxigraph [engines.json profile]"",""scale"":""100M"",""base_endpoint_sha256"":""c9e65564945d8df3e6db347909ce749b23a5ceaa40b5bfbce825a1c78035ad60"",""reified_endpoint_sha256"":""9d75166c957de49226a016f8a64c1ef26fa5fb5aae4efed67a9ee6460103a803"",""update_endpoint_sha256"":""a8297913a408e55f541b6c7801716a469203e2ac506de1de3b4285a47b345bae"",""base_data_identity_sha256"":""8a988dc83f4082a4f27503ba2906dc6b8733b3c02be567635c726c67bbd48314"",""reified_data_identity_sha256"":""16162702ccec82b2a0e27063cd04bd756a27af1f003b4cef0da976d843ef4725"",""update_for"":""reified"",""access_mode"":""writable"",""base_data_name"":""exploratory-base"",""reified_data_name"":""exploratory-reified"",""update_canary_sha256"":""41997fb8640d9e765a0272879a63548eb9bd46bbf6e49da02b7c924e506b94f7"",""store_instance_sha256"":""735ac62b30e8a3e73b850ea02c7ab19c17b1289095d95961d66c9b3270bcea6a"",""store_discriminator_sha256"":""2e884d94ace185d62b1b91debf493ccd0a69b83d08e74cf5f1c2be4851b14215"",""tool_sha256"":""b38a65fc0c1a91e138f057f7b6c08d21c328463aceb40ffda53fc759f99d2f7a"",""java_runtime_sha256"":""bdd50c08a90e2fb713541b8a118df6250246a917edc41a6776aeafc90b472687"",""run_identity_sha256"":""1401dd3e2e3ff8257636ce226330786b0eef5cbf6280c3d0dc10384191dc40c6""}"
4267882342ccd9cdc5c52909b4aba296ec41092c,oxigraph,Oxigraph [engines.json profile],100M,C,C1,00,ef8aa4a34b4e6f77cd2222ea98467b92ca1acc5ed05ba7efc6d7f7aff345f7a1,C,SPARQLcirc CircuitRewriter,ok,91,18248.9,18248.9,18248.9,18248.9,0.0,0,1,90.0,439355,38.9,292,1809,201,,747.090873,[18248.902],[38.895],0.0,[0.0],18288.4,[18288.364],0.6,[0.567],r9.2-frozen-identity-v7,d033bbadeae1074b1b1a296e21ed05ea23c06ccf552c086b198fa4ba97274988,term-aware-candidate-set-v1,91,38679965af2977bdb33cb3f3105f6183d13c09eb7ba39aae21b17b2307530f02,flat,flat,dcc282be43c9e939776d1f6a2d9fddd3b9d7e4a7816e82ed77f4d84558c6f925,,,,,c9e65564945d8df3e6db347909ce749b23a5ceaa40b5bfbce825a1c78035ad60,9d75166c957de49226a016f8a64c1ef26fa5fb5aae4efed67a9ee6460103a803,a8297913a408e55f541b6c7801716a469203e2ac506de1de3b4285a47b345bae,8a988dc83f4082a4f27503ba2906dc6b8733b3c02be567635c726c67bbd48314,16162702ccec82b2a0e27063cd04bd756a27af1f003b4cef0da976d843ef4725,reified,writable,exploratory-base,exploratory-reified,41997fb8640d9e765a0272879a63548eb9bd46bbf6e49da02b7c924e506b94f7,735ac62b30e8a3e73b850ea02c7ab19c17b1289095d95961d66c9b3270bcea6a,2e884d94ace185d62b1b91debf493ccd0a69b83d08e74cf5f1c2be4851b14215,b38a65fc0c1a91e138f057f7b6c08d21c328463aceb40ffda53fc759f99d2f7a,bdd50c08a90e2fb713541b8a118df6250246a917edc41a6776aeafc90b472687,1401dd3e2e3ff8257636ce226330786b0eef5cbf6280c3d0dc10384191dc40c6,"pcm-meta-v2:{""protocol"":""r9.2-frozen-identity-v7"",""message"":""C requested=flat effective=flat; steps=1 feedback=0; network includes CONSTRUCT, feedback INSERT, and cleanup DELETE"",""cell_wall_ms"":19042.271,""answer_kind"":""term-aware-candidate-set-v1"",""answer_key_count"":91,""answer_fingerprint"":""38679965af2977bdb33cb3f3105f6183d13c09eb7ba39aae21b17b2307530f02"",""c_parse_samples"":[38.895],""c_protocol_samples"":[{""requested_mode"":""flat"",""effective_mode"":""flat"",""fallback_reason"":null,""plan_steps"":1,""feedback_steps"":0,""feedback_triples"":0,""construct_query_ms"":18248.902,""feedback_update_ms"":0.0,""cleanup_ms"":0.0,""client_protocol_ms"":0.0,""network_scope"":""construct+feedback+cleanup"",""circuit_sha256"":""dcc282be43c9e939776d1f6a2d9fddd3b9d7e4a7816e82ed77f4d84558c6f925"",""answer_fingerprint"":""38679965af2977bdb33cb3f3105f6183d13c09eb7ba39aae21b17b2307530f02"",""semantic_signature_sha256"":""5f2a283eeec771994df6f2904d1400477e02ee0efb8a310098e31e8f22416003"",""structure_signature"":{""gates"":292,""edges"":1809,""answers"":91,""derivations"":201,""canonical_bytes"":439355},""construct_total_ms"":18288.364,""client_unattributed_ms"":0.567}],""construct_total_samples"":[18288.364],""construct_unattributed_samples"":[0.567],""status"":""ok"",""status_evidence"":null,""c_warmup_signatures"":[],""measured_semantic_signature_sha256"":""5f2a283eeec771994df6f2904d1400477e02ee0efb8a310098e31e8f22416003"",""measured_repetitions_consistent"":true,""endpoint_lock"":{""wait_ms"":0.006,""lock_path"":""/tmp/sparqlcirc-r9-endpoint-locks-v7/735ac62b30e8a3e73b850ea02c7ab19c17b1289095d95961d66c9b3270bcea6a.lock""},""construction_requested"":""flat"",""construction_effective"":""flat"",""commit"":""4267882342ccd9cdc5c52909b4aba296ec41092c"",""batch_id"":""d033bbadeae1074b1b1a296e21ed05ea23c06ccf552c086b198fa4ba97274988"",""query_sha256"":""ef8aa4a34b4e6f77cd2222ea98467b92ca1acc5ed05ba7efc6d7f7aff345f7a1"",""engine"":""oxigraph"",""engine_version"":""Oxigraph [engines.json profile]"",""scale"":""100M"",""base_endpoint_sha256"":""c9e65564945d8df3e6db347909ce749b23a5ceaa40b5bfbce825a1c78035ad60"",""reified_endpoint_sha256"":""9d75166c957de49226a016f8a64c1ef26fa5fb5aae4efed67a9ee6460103a803"",""update_endpoint_sha256"":""a8297913a408e55f541b6c7801716a469203e2ac506de1de3b4285a47b345bae"",""base_data_identity_sha256"":""8a988dc83f4082a4f27503ba2906dc6b8733b3c02be567635c726c67bbd48314"",""reified_data_identity_sha256"":""16162702ccec82b2a0e27063cd04bd756a27af1f003b4cef0da976d843ef4725"",""update_for"":""reified"",""access_mode"":""writable"",""base_data_name"":""exploratory-base"",""reified_data_name"":""exploratory-reified"",""update_canary_sha256"":""41997fb8640d9e765a0272879a63548eb9bd46bbf6e49da02b7c924e506b94f7"",""store_instance_sha256"":""735ac62b30e8a3e73b850ea02c7ab19c17b1289095d95961d66c9b3270bcea6a"",""store_discriminator_sha256"":""2e884d94ace185d62b1b91debf493ccd0a69b83d08e74cf5f1c2be4851b14215"",""tool_sha256"":""b38a65fc0c1a91e138f057f7b6c08d21c328463aceb40ffda53fc759f99d2f7a"",""java_runtime_sha256"":""bdd50c08a90e2fb713541b8a118df6250246a917edc41a6776aeafc90b472687"",""run_identity_sha256"":""1401dd3e2e3ff8257636ce226330786b0eef5cbf6280c3d0dc10384191dc40c6""}"
4267882342ccd9cdc5c52909b4aba296ec41092c,oxigraph,Oxigraph [engines.json profile],100M,C,C2,00,3a541db29afdc134602c70294332f99a26badf7d0abb258173084dcef59f3af1,B,base-select,ok,22,38300.7,38300.7,38300.7,38300.7,0.0,0,1,90.0,4256,0.0,,,,,0.00767,[38300.688],[0.0],,[],,[],,[],r9.2-frozen-identity-v7,d033bbadeae1074b1b1a296e21ed05ea23c06ccf552c086b198fa4ba97274988,csv-binding-multiset-v1,22,b1c530ddd4ee479f6045a0358f015fa3c5a6d889e2aea2bc0f9277c9ce777838,,,,,,,,c9e65564945d8df3e6db347909ce749b23a5ceaa40b5bfbce825a1c78035ad60,9d75166c957de49226a016f8a64c1ef26fa5fb5aae4efed67a9ee6460103a803,a8297913a408e55f541b6c7801716a469203e2ac506de1de3b4285a47b345bae,8a988dc83f4082a4f27503ba2906dc6b8733b3c02be567635c726c67bbd48314,16162702ccec82b2a0e27063cd04bd756a27af1f003b4cef0da976d843ef4725,reified,writable,exploratory-base,exploratory-reified,41997fb8640d9e765a0272879a63548eb9bd46bbf6e49da02b7c924e506b94f7,735ac62b30e8a3e73b850ea02c7ab19c17b1289095d95961d66c9b3270bcea6a,2e884d94ace185d62b1b91debf493ccd0a69b83d08e74cf5f1c2be4851b14215,b38a65fc0c1a91e138f057f7b6c08d21c328463aceb40ffda53fc759f99d2f7a,bdd50c08a90e2fb713541b8a118df6250246a917edc41a6776aeafc90b472687,0acebeed41a844bc20a2b978e3141653347e08aaee89a87cde50648213b26357,"pcm-meta-v2:{""protocol"":""r9.2-frozen-identity-v7"",""message"":"""",""cell_wall_ms"":38307.501,""answer_kind"":""csv-binding-multiset-v1"",""answer_key_count"":22,""answer_fingerprint"":""b1c530ddd4ee479f6045a0358f015fa3c5a6d889e2aea2bc0f9277c9ce777838"",""c_parse_samples"":[0.0],""c_protocol_samples"":[],""construct_total_samples"":[],""construct_unattributed_samples"":[],""status"":""ok"",""status_evidence"":null,""construction_requested"":null,""construction_effective"":null,""commit"":""4267882342ccd9cdc5c52909b4aba296ec41092c"",""batch_id"":""d033bbadeae1074b1b1a296e21ed05ea23c06ccf552c086b198fa4ba97274988"",""query_sha256"":""3a541db29afdc134602c70294332f99a26badf7d0abb258173084dcef59f3af1"",""engine"":""oxigraph"",""engine_version"":""Oxigraph [engines.json profile]"",""scale"":""100M"",""base_endpoint_sha256"":""c9e65564945d8df3e6db347909ce749b23a5ceaa40b5bfbce825a1c78035ad60"",""reified_endpoint_sha256"":""9d75166c957de49226a016f8a64c1ef26fa5fb5aae4efed67a9ee6460103a803"",""update_endpoint_sha256"":""a8297913a408e55f541b6c7801716a469203e2ac506de1de3b4285a47b345bae"",""base_data_identity_sha256"":""8a988dc83f4082a4f27503ba2906dc6b8733b3c02be567635c726c67bbd48314"",""reified_data_identity_sha256"":""16162702ccec82b2a0e27063cd04bd756a27af1f003b4cef0da976d843ef4725"",""update_for"":""reified"",""access_mode"":""writable"",""base_data_name"":""exploratory-base"",""reified_data_name"":""exploratory-reified"",""update_canary_sha256"":""41997fb8640d9e765a0272879a63548eb9bd46bbf6e49da02b7c924e506b94f7"",""store_instance_sha256"":""735ac62b30e8a3e73b850ea02c7ab19c17b1289095d95961d66c9b3270bcea6a"",""store_discriminator_sha256"":""2e884d94ace185d62b1b91debf493ccd0a69b83d08e74cf5f1c2be4851b14215"",""tool_sha256"":""b38a65fc0c1a91e138f057f7b6c08d21c328463aceb40ffda53fc759f99d2f7a"",""java_runtime_sha256"":""bdd50c08a90e2fb713541b8a118df6250246a917edc41a6776aeafc90b472687"",""run_identity_sha256"":""0acebeed41a844bc20a2b978e3141653347e08aaee89a87cde50648213b26357""}"
4267882342ccd9cdc5c52909b4aba296ec41092c,oxigraph,Oxigraph [engines.json profile],100M,C,C2,00,3a541db29afdc134602c70294332f99a26badf7d0abb258173084dcef59f3af1,R,reification-only,timeout,,,,,,,0,1,90.0,,,,,,,173.216832,[],[],,[],,[],,[],r9.2-frozen-identity-v7,d033bbadeae1074b1b1a296e21ed05ea23c06ccf552c086b198fa4ba97274988,,,,,,,,,,,c9e65564945d8df3e6db347909ce749b23a5ceaa40b5bfbce825a1c78035ad60,9d75166c957de49226a016f8a64c1ef26fa5fb5aae4efed67a9ee6460103a803,a8297913a408e55f541b6c7801716a469203e2ac506de1de3b4285a47b345bae,8a988dc83f4082a4f27503ba2906dc6b8733b3c02be567635c726c67bbd48314,16162702ccec82b2a0e27063cd04bd756a27af1f003b4cef0da976d843ef4725,reified,writable,exploratory-base,exploratory-reified,41997fb8640d9e765a0272879a63548eb9bd46bbf6e49da02b7c924e506b94f7,735ac62b30e8a3e73b850ea02c7ab19c17b1289095d95961d66c9b3270bcea6a,2e884d94ace185d62b1b91debf493ccd0a69b83d08e74cf5f1c2be4851b14215,b38a65fc0c1a91e138f057f7b6c08d21c328463aceb40ffda53fc759f99d2f7a,bdd50c08a90e2fb713541b8a118df6250246a917edc41a6776aeafc90b472687,0acebeed41a844bc20a2b978e3141653347e08aaee89a87cde50648213b26357,"pcm-meta-v2:{""protocol"":""r9.2-frozen-identity-v7"",""message"":""whole cell exceeded 90s hard deadline; worker reaped"",""cell_wall_ms"":90000.0,""c_parse_samples"":[],""c_protocol_samples"":[],""construct_total_samples"":[],""construct_unattributed_samples"":[],""status"":""timeout"",""status_evidence"":{""kind"":""hard-wall-deadline"",""message"":""whole cell exceeded 90s hard deadline; worker reaped""},""construction_requested"":null,""construction_effective"":null,""commit"":""4267882342ccd9cdc5c52909b4aba296ec41092c"",""batch_id"":""d033bbadeae1074b1b1a296e21ed05ea23c06ccf552c086b198fa4ba97274988"",""query_sha256"":""3a541db29afdc134602c70294332f99a26badf7d0abb258173084dcef59f3af1"",""engine"":""oxigraph"",""engine_version"":""Oxigraph [engines.json profile]"",""scale"":""100M"",""base_endpoint_sha256"":""c9e65564945d8df3e6db347909ce749b23a5ceaa40b5bfbce825a1c78035ad60"",""reified_endpoint_sha256"":""9d75166c957de49226a016f8a64c1ef26fa5fb5aae4efed67a9ee6460103a803"",""update_endpoint_sha256"":""a8297913a408e55f541b6c7801716a469203e2ac506de1de3b4285a47b345bae"",""base_data_identity_sha256"":""8a988dc83f4082a4f27503ba2906dc6b8733b3c02be567635c726c67bbd48314"",""reified_data_identity_sha256"":""16162702ccec82b2a0e27063cd04bd756a27af1f003b4cef0da976d843ef4725"",""update_for"":""reified"",""access_mode"":""writable"",""base_data_name"":""exploratory-base"",""reified_data_name"":""exploratory-reified"",""update_canary_sha256"":""41997fb8640d9e765a0272879a63548eb9bd46bbf6e49da02b7c924e506b94f7"",""store_instance_sha256"":""735ac62b30e8a3e73b850ea02c7ab19c17b1289095d95961d66c9b3270bcea6a"",""store_discriminator_sha256"":""2e884d94ace185d62b1b91debf493ccd0a69b83d08e74cf5f1c2be4851b14215"",""tool_sha256"":""b38a65fc0c1a91e138f057f7b6c08d21c328463aceb40ffda53fc759f99d2f7a"",""java_runtime_sha256"":""bdd50c08a90e2fb713541b8a118df6250246a917edc41a6776aeafc90b472687"",""run_identity_sha256"":""0acebeed41a844bc20a2b978e3141653347e08aaee89a87cde50648213b26357""}"
4267882342ccd9cdc5c52909b4aba296ec41092c,oxigraph,Oxigraph [engines.json profile],100M,C,C2,00,3a541db29afdc134602c70294332f99a26badf7d0abb258173084dcef59f3af1,N,N_clean (NPCS reimplementation),timeout,,,,,,,0,1,90.0,,,,,,,203.160603,[],[],,[],,[],,[],r9.2-frozen-identity-v7,d033bbadeae1074b1b1a296e21ed05ea23c06ccf552c086b198fa4ba97274988,,,,,,,,,,,c9e65564945d8df3e6db347909ce749b23a5ceaa40b5bfbce825a1c78035ad60,9d75166c957de49226a016f8a64c1ef26fa5fb5aae4efed67a9ee6460103a803,a8297913a408e55f541b6c7801716a469203e2ac506de1de3b4285a47b345bae,8a988dc83f4082a4f27503ba2906dc6b8733b3c02be567635c726c67bbd48314,16162702ccec82b2a0e27063cd04bd756a27af1f003b4cef0da976d843ef4725,reified,writable,exploratory-base,exploratory-reified,41997fb8640d9e765a0272879a63548eb9bd46bbf6e49da02b7c924e506b94f7,735ac62b30e8a3e73b850ea02c7ab19c17b1289095d95961d66c9b3270bcea6a,2e884d94ace185d62b1b91debf493ccd0a69b83d08e74cf5f1c2be4851b14215,b38a65fc0c1a91e138f057f7b6c08d21c328463aceb40ffda53fc759f99d2f7a,bdd50c08a90e2fb713541b8a118df6250246a917edc41a6776aeafc90b472687,0acebeed41a844bc20a2b978e3141653347e08aaee89a87cde50648213b26357,"pcm-meta-v2:{""protocol"":""r9.2-frozen-identity-v7"",""message"":""whole cell exceeded 90s hard deadline; worker reaped"",""cell_wall_ms"":90000.0,""c_parse_samples"":[],""c_protocol_samples"":[],""construct_total_samples"":[],""construct_unattributed_samples"":[],""status"":""timeout"",""status_evidence"":{""kind"":""hard-wall-deadline"",""message"":""whole cell exceeded 90s hard deadline; worker reaped""},""construction_requested"":null,""construction_effective"":null,""commit"":""4267882342ccd9cdc5c52909b4aba296ec41092c"",""batch_id"":""d033bbadeae1074b1b1a296e21ed05ea23c06ccf552c086b198fa4ba97274988"",""query_sha256"":""3a541db29afdc134602c70294332f99a26badf7d0abb258173084dcef59f3af1"",""engine"":""oxigraph"",""engine_version"":""Oxigraph [engines.json profile]"",""scale"":""100M"",""base_endpoint_sha256"":""c9e65564945d8df3e6db347909ce749b23a5ceaa40b5bfbce825a1c78035ad60"",""reified_endpoint_sha256"":""9d75166c957de49226a016f8a64c1ef26fa5fb5aae4efed67a9ee6460103a803"",""update_endpoint_sha256"":""a8297913a408e55f541b6c7801716a469203e2ac506de1de3b4285a47b345bae"",""base_data_identity_sha256"":""8a988dc83f4082a4f27503ba2906dc6b8733b3c02be567635c726c67bbd48314"",""reified_data_identity_sha256"":""16162702ccec82b2a0e27063cd04bd756a27af1f003b4cef0da976d843ef4725"",""update_for"":""reified"",""access_mode"":""writable"",""base_data_name"":""exploratory-base"",""reified_data_name"":""exploratory-reified"",""update_canary_sha256"":""41997fb8640d9e765a0272879a63548eb9bd46bbf6e49da02b7c924e506b94f7"",""store_instance_sha256"":""735ac62b30e8a3e73b850ea02c7ab19c17b1289095d95961d66c9b3270bcea6a"",""store_discriminator_sha256"":""2e884d94ace185d62b1b91debf493ccd0a69b83d08e74cf5f1c2be4851b14215"",""tool_sha256"":""b38a65fc0c1a91e138f057f7b6c08d21c328463aceb40ffda53fc759f99d2f7a"",""java_runtime_sha256"":""bdd50c08a90e2fb713541b8a118df6250246a917edc41a6776aeafc90b472687"",""run_identity_sha256"":""0acebeed41a844bc20a2b978e3141653347e08aaee89a87cde50648213b26357""}"
4267882342ccd9cdc5c52909b4aba296ec41092c,oxigraph,Oxigraph [engines.json profile],100M,C,C2,00,3a541db29afdc134602c70294332f99a26badf7d0abb258173084dcef59f3af1,C,SPARQLcirc CircuitRewriter,timeout,,,,,,,0,1,90.0,,,,,,,482.516808,[],[],,[],,[],,[],r9.2-frozen-identity-v7,d033bbadeae1074b1b1a296e21ed05ea23c06ccf552c086b198fa4ba97274988,,,,,,,,,,,c9e65564945d8df3e6db347909ce749b23a5ceaa40b5bfbce825a1c78035ad60,9d75166c957de49226a016f8a64c1ef26fa5fb5aae4efed67a9ee6460103a803,a8297913a408e55f541b6c7801716a469203e2ac506de1de3b4285a47b345bae,8a988dc83f4082a4f27503ba2906dc6b8733b3c02be567635c726c67bbd48314,16162702ccec82b2a0e27063cd04bd756a27af1f003b4cef0da976d843ef4725,reified,writable,exploratory-base,exploratory-reified,41997fb8640d9e765a0272879a63548eb9bd46bbf6e49da02b7c924e506b94f7,735ac62b30e8a3e73b850ea02c7ab19c17b1289095d95961d66c9b3270bcea6a,2e884d94ace185d62b1b91debf493ccd0a69b83d08e74cf5f1c2be4851b14215,b38a65fc0c1a91e138f057f7b6c08d21c328463aceb40ffda53fc759f99d2f7a,bdd50c08a90e2fb713541b8a118df6250246a917edc41a6776aeafc90b472687,0acebeed41a844bc20a2b978e3141653347e08aaee89a87cde50648213b26357,"pcm-meta-v2:{""protocol"":""r9.2-frozen-identity-v7"",""message"":""whole cell exceeded 90s hard deadline; worker reaped"",""cell_wall_ms"":90000.0,""c_parse_samples"":[],""c_protocol_samples"":[],""construct_total_samples"":[],""construct_unattributed_samples"":[],""status"":""timeout"",""status_evidence"":{""kind"":""hard-wall-deadline"",""message"":""whole cell exceeded 90s hard deadline; worker reaped""},""endpoint_lock"":{""wait_ms"":0.007,""lock_path"":""/tmp/sparqlcirc-r9-endpoint-locks-v7/735ac62b30e8a3e73b850ea02c7ab19c17b1289095d95961d66c9b3270bcea6a.lock""},""construction_requested"":null,""construction_effective"":null,""commit"":""4267882342ccd9cdc5c52909b4aba296ec41092c"",""batch_id"":""d033bbadeae1074b1b1a296e21ed05ea23c06ccf552c086b198fa4ba97274988"",""query_sha256"":""3a541db29afdc134602c70294332f99a26badf7d0abb258173084dcef59f3af1"",""engine"":""oxigraph"",""engine_version"":""Oxigraph [engines.json profile]"",""scale"":""100M"",""base_endpoint_sha256"":""c9e65564945d8df3e6db347909ce749b23a5ceaa40b5bfbce825a1c78035ad60"",""reified_endpoint_sha256"":""9d75166c957de49226a016f8a64c1ef26fa5fb5aae4efed67a9ee6460103a803"",""update_endpoint_sha256"":""a8297913a408e55f541b6c7801716a469203e2ac506de1de3b4285a47b345bae"",""base_data_identity_sha256"":""8a988dc83f4082a4f27503ba2906dc6b8733b3c02be567635c726c67bbd48314"",""reified_data_identity_sha256"":""16162702ccec82b2a0e27063cd04bd756a27af1f003b4cef0da976d843ef4725"",""update_for"":""reified"",""access_mode"":""writable"",""base_data_name"":""exploratory-base"",""reified_data_name"":""exploratory-reified"",""update_canary_sha256"":""41997fb8640d9e765a0272879a63548eb9bd46bbf6e49da02b7c924e506b94f7"",""store_instance_sha256"":""735ac62b30e8a3e73b850ea02c7ab19c17b1289095d95961d66c9b3270bcea6a"",""store_discriminator_sha256"":""2e884d94ace185d62b1b91debf493ccd0a69b83d08e74cf5f1c2be4851b14215"",""tool_sha256"":""b38a65fc0c1a91e138f057f7b6c08d21c328463aceb40ffda53fc759f99d2f7a"",""java_runtime_sha256"":""bdd50c08a90e2fb713541b8a118df6250246a917edc41a6776aeafc90b472687"",""run_identity_sha256"":""0acebeed41a844bc20a2b978e3141653347e08aaee89a87cde50648213b26357""}"
4267882342ccd9cdc5c52909b4aba296ec41092c,oxigraph,Oxigraph [engines.json profile],100M,C,C3,00,8b244b13319b822a74e59eeb13abb60bb762b2e191e1bf3198b102b93135f740,B,base-select,timeout,,,,,,,0,1,90.0,,,,,,,0.00718,[],[],,[],,[],,[],r9.2-frozen-identity-v7,d033bbadeae1074b1b1a296e21ed05ea23c06ccf552c086b198fa4ba97274988,,,,,,,,,,,c9e65564945d8df3e6db347909ce749b23a5ceaa40b5bfbce825a1c78035ad60,9d75166c957de49226a016f8a64c1ef26fa5fb5aae4efed67a9ee6460103a803,a8297913a408e55f541b6c7801716a469203e2ac506de1de3b4285a47b345bae,8a988dc83f4082a4f27503ba2906dc6b8733b3c02be567635c726c67bbd48314,16162702ccec82b2a0e27063cd04bd756a27af1f003b4cef0da976d843ef4725,reified,writable,exploratory-base,exploratory-reified,41997fb8640d9e765a0272879a63548eb9bd46bbf6e49da02b7c924e506b94f7,735ac62b30e8a3e73b850ea02c7ab19c17b1289095d95961d66c9b3270bcea6a,2e884d94ace185d62b1b91debf493ccd0a69b83d08e74cf5f1c2be4851b14215,b38a65fc0c1a91e138f057f7b6c08d21c328463aceb40ffda53fc759f99d2f7a,bdd50c08a90e2fb713541b8a118df6250246a917edc41a6776aeafc90b472687,b339469a9efdcb5e2b0e181853f05084085570b3a640c714fdf6a3c64a7ac640,"pcm-meta-v2:{""protocol"":""r9.2-frozen-identity-v7"",""message"":""whole cell exceeded 90s hard deadline; worker reaped"",""cell_wall_ms"":90000.0,""c_parse_samples"":[],""c_protocol_samples"":[],""construct_total_samples"":[],""construct_unattributed_samples"":[],""status"":""timeout"",""status_evidence"":{""kind"":""hard-wall-deadline"",""message"":""whole cell exceeded 90s hard deadline; worker reaped""},""construction_requested"":null,""construction_effective"":null,""commit"":""4267882342ccd9cdc5c52909b4aba296ec41092c"",""batch_id"":""d033bbadeae1074b1b1a296e21ed05ea23c06ccf552c086b198fa4ba97274988"",""query_sha256"":""8b244b13319b822a74e59eeb13abb60bb762b2e191e1bf3198b102b93135f740"",""engine"":""oxigraph"",""engine_version"":""Oxigraph [engines.json profile]"",""scale"":""100M"",""base_endpoint_sha256"":""c9e65564945d8df3e6db347909ce749b23a5ceaa40b5bfbce825a1c78035ad60"",""reified_endpoint_sha256"":""9d75166c957de49226a016f8a64c1ef26fa5fb5aae4efed67a9ee6460103a803"",""update_endpoint_sha256"":""a8297913a408e55f541b6c7801716a469203e2ac506de1de3b4285a47b345bae"",""base_data_identity_sha256"":""8a988dc83f4082a4f27503ba2906dc6b8733b3c02be567635c726c67bbd48314"",""reified_data_identity_sha256"":""16162702ccec82b2a0e27063cd04bd756a27af1f003b4cef0da976d843ef4725"",""update_for"":""reified"",""access_mode"":""writable"",""base_data_name"":""exploratory-base"",""reified_data_name"":""exploratory-reified"",""update_canary_sha256"":""41997fb8640d9e765a0272879a63548eb9bd46bbf6e49da02b7c924e506b94f7"",""store_instance_sha256"":""735ac62b30e8a3e73b850ea02c7ab19c17b1289095d95961d66c9b3270bcea6a"",""store_discriminator_sha256"":""2e884d94ace185d62b1b91debf493ccd0a69b83d08e74cf5f1c2be4851b14215"",""tool_sha256"":""b38a65fc0c1a91e138f057f7b6c08d21c328463aceb40ffda53fc759f99d2f7a"",""java_runtime_sha256"":""bdd50c08a90e2fb713541b8a118df6250246a917edc41a6776aeafc90b472687"",""run_identity_sha256"":""b339469a9efdcb5e2b0e181853f05084085570b3a640c714fdf6a3c64a7ac640""}"
4267882342ccd9cdc5c52909b4aba296ec41092c,oxigraph,Oxigraph [engines.json profile],100M,C,C3,00,8b244b13319b822a74e59eeb13abb60bb762b2e191e1bf3198b102b93135f740,R,reification-only,timeout,,,,,,,0,1,90.0,,,,,,,178.55521,[],[],,[],,[],,[],r9.2-frozen-identity-v7,d033bbadeae1074b1b1a296e21ed05ea23c06ccf552c086b198fa4ba97274988,,,,,,,,,,,c9e65564945d8df3e6db347909ce749b23a5ceaa40b5bfbce825a1c78035ad60,9d75166c957de49226a016f8a64c1ef26fa5fb5aae4efed67a9ee6460103a803,a8297913a408e55f541b6c7801716a469203e2ac506de1de3b4285a47b345bae,8a988dc83f4082a4f27503ba2906dc6b8733b3c02be567635c726c67bbd48314,16162702ccec82b2a0e27063cd04bd756a27af1f003b4cef0da976d843ef4725,reified,writable,exploratory-base,exploratory-reified,41997fb8640d9e765a0272879a63548eb9bd46bbf6e49da02b7c924e506b94f7,735ac62b30e8a3e73b850ea02c7ab19c17b1289095d95961d66c9b3270bcea6a,2e884d94ace185d62b1b91debf493ccd0a69b83d08e74cf5f1c2be4851b14215,b38a65fc0c1a91e138f057f7b6c08d21c328463aceb40ffda53fc759f99d2f7a,bdd50c08a90e2fb713541b8a118df6250246a917edc41a6776aeafc90b472687,b339469a9efdcb5e2b0e181853f05084085570b3a640c714fdf6a3c64a7ac640,"pcm-meta-v2:{""protocol"":""r9.2-frozen-identity-v7"",""message"":""whole cell exceeded 90s hard deadline; worker reaped"",""cell_wall_ms"":90000.0,""c_parse_samples"":[],""c_protocol_samples"":[],""construct_total_samples"":[],""construct_unattributed_samples"":[],""status"":""timeout"",""status_evidence"":{""kind"":""hard-wall-deadline"",""message"":""whole cell exceeded 90s hard deadline; worker reaped""},""construction_requested"":null,""construction_effective"":null,""commit"":""4267882342ccd9cdc5c52909b4aba296ec41092c"",""batch_id"":""d033bbadeae1074b1b1a296e21ed05ea23c06ccf552c086b198fa4ba97274988"",""query_sha256"":""8b244b13319b822a74e59eeb13abb60bb762b2e191e1bf3198b102b93135f740"",""engine"":""oxigraph"",""engine_version"":""Oxigraph [engines.json profile]"",""scale"":""100M"",""base_endpoint_sha256"":""c9e65564945d8df3e6db347909ce749b23a5ceaa40b5bfbce825a1c78035ad60"",""reified_endpoint_sha256"":""9d75166c957de49226a016f8a64c1ef26fa5fb5aae4efed67a9ee6460103a803"",""update_endpoint_sha256"":""a8297913a408e55f541b6c7801716a469203e2ac506de1de3b4285a47b345bae"",""base_data_identity_sha256"":""8a988dc83f4082a4f27503ba2906dc6b8733b3c02be567635c726c67bbd48314"",""reified_data_identity_sha256"":""16162702ccec82b2a0e27063cd04bd756a27af1f003b4cef0da976d843ef4725"",""update_for"":""reified"",""access_mode"":""writable"",""base_data_name"":""exploratory-base"",""reified_data_name"":""exploratory-reified"",""update_canary_sha256"":""41997fb8640d9e765a0272879a63548eb9bd46bbf6e49da02b7c924e506b94f7"",""store_instance_sha256"":""735ac62b30e8a3e73b850ea02c7ab19c17b1289095d95961d66c9b3270bcea6a"",""store_discriminator_sha256"":""2e884d94ace185d62b1b91debf493ccd0a69b83d08e74cf5f1c2be4851b14215"",""tool_sha256"":""b38a65fc0c1a91e138f057f7b6c08d21c328463aceb40ffda53fc759f99d2f7a"",""java_runtime_sha256"":""bdd50c08a90e2fb713541b8a118df6250246a917edc41a6776aeafc90b472687"",""run_identity_sha256"":""b339469a9efdcb5e2b0e181853f05084085570b3a640c714fdf6a3c64a7ac640""}"
4267882342ccd9cdc5c52909b4aba296ec41092c,oxigraph,Oxigraph [engines.json profile],100M,C,C3,00,8b244b13319b822a74e59eeb13abb60bb762b2e191e1bf3198b102b93135f740,N,N_clean (NPCS reimplementation),timeout,,,,,,,0,1,90.0,,,,,,,250.516111,[],[],,[],,[],,[],r9.2-frozen-identity-v7,d033bbadeae1074b1b1a296e21ed05ea23c06ccf552c086b198fa4ba97274988,,,,,,,,,,,c9e65564945d8df3e6db347909ce749b23a5ceaa40b5bfbce825a1c78035ad60,9d75166c957de49226a016f8a64c1ef26fa5fb5aae4efed67a9ee6460103a803,a8297913a408e55f541b6c7801716a469203e2ac506de1de3b4285a47b345bae,8a988dc83f4082a4f27503ba2906dc6b8733b3c02be567635c726c67bbd48314,16162702ccec82b2a0e27063cd04bd756a27af1f003b4cef0da976d843ef4725,reified,writable,exploratory-base,exploratory-reified,41997fb8640d9e765a0272879a63548eb9bd46bbf6e49da02b7c924e506b94f7,735ac62b30e8a3e73b850ea02c7ab19c17b1289095d95961d66c9b3270bcea6a,2e884d94ace185d62b1b91debf493ccd0a69b83d08e74cf5f1c2be4851b14215,b38a65fc0c1a91e138f057f7b6c08d21c328463aceb40ffda53fc759f99d2f7a,bdd50c08a90e2fb713541b8a118df6250246a917edc41a6776aeafc90b472687,b339469a9efdcb5e2b0e181853f05084085570b3a640c714fdf6a3c64a7ac640,"pcm-meta-v2:{""protocol"":""r9.2-frozen-identity-v7"",""message"":""whole cell exceeded 90s hard deadline; worker reaped"",""cell_wall_ms"":90000.0,""c_parse_samples"":[],""c_protocol_samples"":[],""construct_total_samples"":[],""construct_unattributed_samples"":[],""status"":""timeout"",""status_evidence"":{""kind"":""hard-wall-deadline"",""message"":""whole cell exceeded 90s hard deadline; worker reaped""},""construction_requested"":null,""construction_effective"":null,""commit"":""4267882342ccd9cdc5c52909b4aba296ec41092c"",""batch_id"":""d033bbadeae1074b1b1a296e21ed05ea23c06ccf552c086b198fa4ba97274988"",""query_sha256"":""8b244b13319b822a74e59eeb13abb60bb762b2e191e1bf3198b102b93135f740"",""engine"":""oxigraph"",""engine_version"":""Oxigraph [engines.json profile]"",""scale"":""100M"",""base_endpoint_sha256"":""c9e65564945d8df3e6db347909ce749b23a5ceaa40b5bfbce825a1c78035ad60"",""reified_endpoint_sha256"":""9d75166c957de49226a016f8a64c1ef26fa5fb5aae4efed67a9ee6460103a803"",""update_endpoint_sha256"":""a8297913a408e55f541b6c7801716a469203e2ac506de1de3b4285a47b345bae"",""base_data_identity_sha256"":""8a988dc83f4082a4f27503ba2906dc6b8733b3c02be567635c726c67bbd48314"",""reified_data_identity_sha256"":""16162702ccec82b2a0e27063cd04bd756a27af1f003b4cef0da976d843ef4725"",""update_for"":""reified"",""access_mode"":""writable"",""base_data_name"":""exploratory-base"",""reified_data_name"":""exploratory-reified"",""update_canary_sha256"":""41997fb8640d9e765a0272879a63548eb9bd46bbf6e49da02b7c924e506b94f7"",""store_instance_sha256"":""735ac62b30e8a3e73b850ea02c7ab19c17b1289095d95961d66c9b3270bcea6a"",""store_discriminator_sha256"":""2e884d94ace185d62b1b91debf493ccd0a69b83d08e74cf5f1c2be4851b14215"",""tool_sha256"":""b38a65fc0c1a91e138f057f7b6c08d21c328463aceb40ffda53fc759f99d2f7a"",""java_runtime_sha256"":""bdd50c08a90e2fb713541b8a118df6250246a917edc41a6776aeafc90b472687"",""run_identity_sha256"":""b339469a9efdcb5e2b0e181853f05084085570b3a640c714fdf6a3c64a7ac640""}"
4267882342ccd9cdc5c52909b4aba296ec41092c,oxigraph,Oxigraph [engines.json profile],100M,C,C3,00,8b244b13319b822a74e59eeb13abb60bb762b2e191e1bf3198b102b93135f740,C,SPARQLcirc CircuitRewriter,timeout,,,,,,,0,1,90.0,,,,,,,519.565259,[],[],,[],,[],,[],r9.2-frozen-identity-v7,d033bbadeae1074b1b1a296e21ed05ea23c06ccf552c086b198fa4ba97274988,,,,,,,,,,,c9e65564945d8df3e6db347909ce749b23a5ceaa40b5bfbce825a1c78035ad60,9d75166c957de49226a016f8a64c1ef26fa5fb5aae4efed67a9ee6460103a803,a8297913a408e55f541b6c7801716a469203e2ac506de1de3b4285a47b345bae,8a988dc83f4082a4f27503ba2906dc6b8733b3c02be567635c726c67bbd48314,16162702ccec82b2a0e27063cd04bd756a27af1f003b4cef0da976d843ef4725,reified,writable,exploratory-base,exploratory-reified,41997fb8640d9e765a0272879a63548eb9bd46bbf6e49da02b7c924e506b94f7,735ac62b30e8a3e73b850ea02c7ab19c17b1289095d95961d66c9b3270bcea6a,2e884d94ace185d62b1b91debf493ccd0a69b83d08e74cf5f1c2be4851b14215,b38a65fc0c1a91e138f057f7b6c08d21c328463aceb40ffda53fc759f99d2f7a,bdd50c08a90e2fb713541b8a118df6250246a917edc41a6776aeafc90b472687,b339469a9efdcb5e2b0e181853f05084085570b3a640c714fdf6a3c64a7ac640,"pcm-meta-v2:{""protocol"":""r9.2-frozen-identity-v7"",""message"":""whole cell exceeded 90s hard deadline; worker reaped"",""cell_wall_ms"":90000.0,""c_parse_samples"":[],""c_protocol_samples"":[],""construct_total_samples"":[],""construct_unattributed_samples"":[],""status"":""timeout"",""status_evidence"":{""kind"":""hard-wall-deadline"",""message"":""whole cell exceeded 90s hard deadline; worker reaped""},""endpoint_lock"":{""wait_ms"":0.007,""lock_path"":""/tmp/sparqlcirc-r9-endpoint-locks-v7/735ac62b30e8a3e73b850ea02c7ab19c17b1289095d95961d66c9b3270bcea6a.lock""},""construction_requested"":null,""construction_effective"":null,""commit"":""4267882342ccd9cdc5c52909b4aba296ec41092c"",""batch_id"":""d033bbadeae1074b1b1a296e21ed05ea23c06ccf552c086b198fa4ba97274988"",""query_sha256"":""8b244b13319b822a74e59eeb13abb60bb762b2e191e1bf3198b102b93135f740"",""engine"":""oxigraph"",""engine_version"":""Oxigraph [engines.json profile]"",""scale"":""100M"",""base_endpoint_sha256"":""c9e65564945d8df3e6db347909ce749b23a5ceaa40b5bfbce825a1c78035ad60"",""reified_endpoint_sha256"":""9d75166c957de49226a016f8a64c1ef26fa5fb5aae4efed67a9ee6460103a803"",""update_endpoint_sha256"":""a8297913a408e55f541b6c7801716a469203e2ac506de1de3b4285a47b345bae"",""base_data_identity_sha256"":""8a988dc83f4082a4f27503ba2906dc6b8733b3c02be567635c726c67bbd48314"",""reified_data_identity_sha256"":""16162702ccec82b2a0e27063cd04bd756a27af1f003b4cef0da976d843ef4725"",""update_for"":""reified"",""access_mode"":""writable"",""base_data_name"":""exploratory-base"",""reified_data_name"":""exploratory-reified"",""update_canary_sha256"":""41997fb8640d9e765a0272879a63548eb9bd46bbf6e49da02b7c924e506b94f7"",""store_instance_sha256"":""735ac62b30e8a3e73b850ea02c7ab19c17b1289095d95961d66c9b3270bcea6a"",""store_discriminator_sha256"":""2e884d94ace185d62b1b91debf493ccd0a69b83d08e74cf5f1c2be4851b14215"",""tool_sha256"":""b38a65fc0c1a91e138f057f7b6c08d21c328463aceb40ffda53fc759f99d2f7a"",""java_runtime_sha256"":""bdd50c08a90e2fb713541b8a118df6250246a917edc41a6776aeafc90b472687"",""run_identity_sha256"":""b339469a9efdcb5e2b0e181853f05084085570b3a640c714fdf6a3c64a7ac640""}"
