commit,engine,engine_version,scale,class,template,instance,query_sha256,method,implementation,status,answers,median_ms,min_ms,max_ms,mean_ms,sd_ms,warmups,runs,timeout_s,response_bytes,c_parse_median_ms,gates,edges,derivations,npcs_token_occurrences,rewrite_ms,samples_json,c_parse_samples_json,c_protocol_median_ms,c_protocol_samples_json,construct_total_ms,construct_total_samples_json,construct_unattributed_median_ms,construct_unattributed_samples_json,protocol,batch_id,answer_kind,answer_key_count,answer_fingerprint,construction_requested,construction_effective,circuit_sha256,circuit_cache_path,circuit_cache_metadata_path,circuit_cache_observation_sha256,circuit_cache_sidecar_sha256,base_endpoint_sha256,reified_endpoint_sha256,update_endpoint_sha256,base_data_identity_sha256,reified_data_identity_sha256,update_for,access_mode,base_data_name,reified_data_name,update_canary_sha256,store_instance_sha256,store_discriminator_sha256,tool_sha256,java_runtime_sha256,run_identity_sha256,notes
0ed57212455326682a75871e0e8be71760b35282,qlever,QLever [engines.json profile],100M,L,L1,00,600c6f736028ac1dca0fa84f800a5b3b4f74bedfd8244d599a7c9b4e07bd041b,B,base-select,ok,4,1.5,1.4,1.7,1.5,0.1,1,3,300.0,859,0.0,,,,,0.00704,"[1.663, 1.52, 1.367]","[0.0, 0.0, 0.0]",,[],,[],,[],r9.2-frozen-identity-v7,86853ad157eae86d68c40d6429be4177ba464e0d2a9910da1e08d479f606bff8,csv-binding-multiset-v1,4,7f21058717c667743871840501b4696d6ea47bec1c07c1fbc8fa0aab81f9430f,,,,,,,,bcddd715026035ef7b31e63913d55e25b6270be6bc6037325c1f80ea1359de5d,cc83ef54f5df550fbc0e634feb927cbfa21477fdb7aed1a23c2d29a56c193542,8a607274f1b3d176dd6acfdc7381c25676b642e78d334a9664e45a2bdf3d52a0,8a988dc83f4082a4f27503ba2906dc6b8733b3c02be567635c726c67bbd48314,16162702ccec82b2a0e27063cd04bd756a27af1f003b4cef0da976d843ef4725,none,read-only,exploratory-base,exploratory-reified,2b9b44b25cd1c568cd57c6c5df25ae260b68229044617821fb33f542dab77648,ae66d4ca42b831aa94f050bbbfbb0f5f14bd256181e832c50cfe67318b5b52bf,2e884d94ace185d62b1b91debf493ccd0a69b83d08e74cf5f1c2be4851b14215,b38a65fc0c1a91e138f057f7b6c08d21c328463aceb40ffda53fc759f99d2f7a,bdd50c08a90e2fb713541b8a118df6250246a917edc41a6776aeafc90b472687,2aa135f9bcda817fc47e9edde4996cb3ae92b7874073a67dfb61aa5ee17c1d54,"pcm-meta-v2:{""protocol"":""r9.2-frozen-identity-v7"",""message"":"""",""cell_wall_ms"":41.535,""answer_kind"":""csv-binding-multiset-v1"",""answer_key_count"":4,""answer_fingerprint"":""7f21058717c667743871840501b4696d6ea47bec1c07c1fbc8fa0aab81f9430f"",""c_parse_samples"":[0.0,0.0,0.0],""c_protocol_samples"":[],""construct_total_samples"":[],""construct_unattributed_samples"":[],""status"":""ok"",""status_evidence"":null,""construction_requested"":null,""construction_effective"":null,""commit"":""0ed57212455326682a75871e0e8be71760b35282"",""batch_id"":""86853ad157eae86d68c40d6429be4177ba464e0d2a9910da1e08d479f606bff8"",""query_sha256"":""600c6f736028ac1dca0fa84f800a5b3b4f74bedfd8244d599a7c9b4e07bd041b"",""engine"":""qlever"",""engine_version"":""QLever [engines.json profile]"",""scale"":""100M"",""base_endpoint_sha256"":""bcddd715026035ef7b31e63913d55e25b6270be6bc6037325c1f80ea1359de5d"",""reified_endpoint_sha256"":""cc83ef54f5df550fbc0e634feb927cbfa21477fdb7aed1a23c2d29a56c193542"",""update_endpoint_sha256"":""8a607274f1b3d176dd6acfdc7381c25676b642e78d334a9664e45a2bdf3d52a0"",""base_data_identity_sha256"":""8a988dc83f4082a4f27503ba2906dc6b8733b3c02be567635c726c67bbd48314"",""reified_data_identity_sha256"":""16162702ccec82b2a0e27063cd04bd756a27af1f003b4cef0da976d843ef4725"",""update_for"":""none"",""access_mode"":""read-only"",""base_data_name"":""exploratory-base"",""reified_data_name"":""exploratory-reified"",""update_canary_sha256"":""2b9b44b25cd1c568cd57c6c5df25ae260b68229044617821fb33f542dab77648"",""store_instance_sha256"":""ae66d4ca42b831aa94f050bbbfbb0f5f14bd256181e832c50cfe67318b5b52bf"",""store_discriminator_sha256"":""2e884d94ace185d62b1b91debf493ccd0a69b83d08e74cf5f1c2be4851b14215"",""tool_sha256"":""b38a65fc0c1a91e138f057f7b6c08d21c328463aceb40ffda53fc759f99d2f7a"",""java_runtime_sha256"":""bdd50c08a90e2fb713541b8a118df6250246a917edc41a6776aeafc90b472687"",""run_identity_sha256"":""2aa135f9bcda817fc47e9edde4996cb3ae92b7874073a67dfb61aa5ee17c1d54""}"
0ed57212455326682a75871e0e8be71760b35282,qlever,QLever [engines.json profile],100M,L,L1,00,600c6f736028ac1dca0fa84f800a5b3b4f74bedfd8244d599a7c9b4e07bd041b,R,reification-only,ok,4,13.6,13.6,14.1,13.8,0.3,1,3,300.0,859,0.0,,,,,154.282997,"[14.142, 13.626, 13.628]","[0.0, 0.0, 0.0]",,[],,[],,[],r9.2-frozen-identity-v7,86853ad157eae86d68c40d6429be4177ba464e0d2a9910da1e08d479f606bff8,csv-binding-multiset-v1,4,7f21058717c667743871840501b4696d6ea47bec1c07c1fbc8fa0aab81f9430f,,,,,,,,bcddd715026035ef7b31e63913d55e25b6270be6bc6037325c1f80ea1359de5d,cc83ef54f5df550fbc0e634feb927cbfa21477fdb7aed1a23c2d29a56c193542,8a607274f1b3d176dd6acfdc7381c25676b642e78d334a9664e45a2bdf3d52a0,8a988dc83f4082a4f27503ba2906dc6b8733b3c02be567635c726c67bbd48314,16162702ccec82b2a0e27063cd04bd756a27af1f003b4cef0da976d843ef4725,none,read-only,exploratory-base,exploratory-reified,2b9b44b25cd1c568cd57c6c5df25ae260b68229044617821fb33f542dab77648,ae66d4ca42b831aa94f050bbbfbb0f5f14bd256181e832c50cfe67318b5b52bf,2e884d94ace185d62b1b91debf493ccd0a69b83d08e74cf5f1c2be4851b14215,b38a65fc0c1a91e138f057f7b6c08d21c328463aceb40ffda53fc759f99d2f7a,bdd50c08a90e2fb713541b8a118df6250246a917edc41a6776aeafc90b472687,2aa135f9bcda817fc47e9edde4996cb3ae92b7874073a67dfb61aa5ee17c1d54,"pcm-meta-v2:{""protocol"":""r9.2-frozen-identity-v7"",""message"":"""",""cell_wall_ms"":736.441,""answer_kind"":""csv-binding-multiset-v1"",""answer_key_count"":4,""answer_fingerprint"":""7f21058717c667743871840501b4696d6ea47bec1c07c1fbc8fa0aab81f9430f"",""c_parse_samples"":[0.0,0.0,0.0],""c_protocol_samples"":[],""construct_total_samples"":[],""construct_unattributed_samples"":[],""status"":""ok"",""status_evidence"":null,""construction_requested"":null,""construction_effective"":null,""commit"":""0ed57212455326682a75871e0e8be71760b35282"",""batch_id"":""86853ad157eae86d68c40d6429be4177ba464e0d2a9910da1e08d479f606bff8"",""query_sha256"":""600c6f736028ac1dca0fa84f800a5b3b4f74bedfd8244d599a7c9b4e07bd041b"",""engine"":""qlever"",""engine_version"":""QLever [engines.json profile]"",""scale"":""100M"",""base_endpoint_sha256"":""bcddd715026035ef7b31e63913d55e25b6270be6bc6037325c1f80ea1359de5d"",""reified_endpoint_sha256"":""cc83ef54f5df550fbc0e634feb927cbfa21477fdb7aed1a23c2d29a56c193542"",""update_endpoint_sha256"":""8a607274f1b3d176dd6acfdc7381c25676b642e78d334a9664e45a2bdf3d52a0"",""base_data_identity_sha256"":""8a988dc83f4082a4f27503ba2906dc6b8733b3c02be567635c726c67bbd48314"",""reified_data_identity_sha256"":""16162702ccec82b2a0e27063cd04bd756a27af1f003b4cef0da976d843ef4725"",""update_for"":""none"",""access_mode"":""read-only"",""base_data_name"":""exploratory-base"",""reified_data_name"":""exploratory-reified"",""update_canary_sha256"":""2b9b44b25cd1c568cd57c6c5df25ae260b68229044617821fb33f542dab77648"",""store_instance_sha256"":""ae66d4ca42b831aa94f050bbbfbb0f5f14bd256181e832c50cfe67318b5b52bf"",""store_discriminator_sha256"":""2e884d94ace185d62b1b91debf493ccd0a69b83d08e74cf5f1c2be4851b14215"",""tool_sha256"":""b38a65fc0c1a91e138f057f7b6c08d21c328463aceb40ffda53fc759f99d2f7a"",""java_runtime_sha256"":""bdd50c08a90e2fb713541b8a118df6250246a917edc41a6776aeafc90b472687"",""run_identity_sha256"":""2aa135f9bcda817fc47e9edde4996cb3ae92b7874073a67dfb61aa5ee17c1d54""}"
0ed57212455326682a75871e0e8be71760b35282,qlever,QLever [engines.json profile],100M,L,L1,00,600c6f736028ac1dca0fa84f800a5b3b4f74bedfd8244d599a7c9b4e07bd041b,N,N_clean (NPCS reimplementation),ok,4,14.3,14.2,14.4,14.3,0.1,1,3,300.0,1114,0.0,,,,4,177.079045,"[14.447, 14.267, 14.211]","[0.0, 0.0, 0.0]",,[],,[],,[],r9.2-frozen-identity-v7,86853ad157eae86d68c40d6429be4177ba464e0d2a9910da1e08d479f606bff8,csv-candidate-multiset-v1,4,7f21058717c667743871840501b4696d6ea47bec1c07c1fbc8fa0aab81f9430f,,,,,,,,bcddd715026035ef7b31e63913d55e25b6270be6bc6037325c1f80ea1359de5d,cc83ef54f5df550fbc0e634feb927cbfa21477fdb7aed1a23c2d29a56c193542,8a607274f1b3d176dd6acfdc7381c25676b642e78d334a9664e45a2bdf3d52a0,8a988dc83f4082a4f27503ba2906dc6b8733b3c02be567635c726c67bbd48314,16162702ccec82b2a0e27063cd04bd756a27af1f003b4cef0da976d843ef4725,none,read-only,exploratory-base,exploratory-reified,2b9b44b25cd1c568cd57c6c5df25ae260b68229044617821fb33f542dab77648,ae66d4ca42b831aa94f050bbbfbb0f5f14bd256181e832c50cfe67318b5b52bf,2e884d94ace185d62b1b91debf493ccd0a69b83d08e74cf5f1c2be4851b14215,b38a65fc0c1a91e138f057f7b6c08d21c328463aceb40ffda53fc759f99d2f7a,bdd50c08a90e2fb713541b8a118df6250246a917edc41a6776aeafc90b472687,2aa135f9bcda817fc47e9edde4996cb3ae92b7874073a67dfb61aa5ee17c1d54,"pcm-meta-v2:{""protocol"":""r9.2-frozen-identity-v7"",""message"":"""",""cell_wall_ms"":252.85,""answer_kind"":""csv-candidate-multiset-v1"",""answer_key_count"":4,""answer_fingerprint"":""7f21058717c667743871840501b4696d6ea47bec1c07c1fbc8fa0aab81f9430f"",""c_parse_samples"":[0.0,0.0,0.0],""c_protocol_samples"":[],""construct_total_samples"":[],""construct_unattributed_samples"":[],""status"":""ok"",""status_evidence"":null,""construction_requested"":null,""construction_effective"":null,""commit"":""0ed57212455326682a75871e0e8be71760b35282"",""batch_id"":""86853ad157eae86d68c40d6429be4177ba464e0d2a9910da1e08d479f606bff8"",""query_sha256"":""600c6f736028ac1dca0fa84f800a5b3b4f74bedfd8244d599a7c9b4e07bd041b"",""engine"":""qlever"",""engine_version"":""QLever [engines.json profile]"",""scale"":""100M"",""base_endpoint_sha256"":""bcddd715026035ef7b31e63913d55e25b6270be6bc6037325c1f80ea1359de5d"",""reified_endpoint_sha256"":""cc83ef54f5df550fbc0e634feb927cbfa21477fdb7aed1a23c2d29a56c193542"",""update_endpoint_sha256"":""8a607274f1b3d176dd6acfdc7381c25676b642e78d334a9664e45a2bdf3d52a0"",""base_data_identity_sha256"":""8a988dc83f4082a4f27503ba2906dc6b8733b3c02be567635c726c67bbd48314"",""reified_data_identity_sha256"":""16162702ccec82b2a0e27063cd04bd756a27af1f003b4cef0da976d843ef4725"",""update_for"":""none"",""access_mode"":""read-only"",""base_data_name"":""exploratory-base"",""reified_data_name"":""exploratory-reified"",""update_canary_sha256"":""2b9b44b25cd1c568cd57c6c5df25ae260b68229044617821fb33f542dab77648"",""store_instance_sha256"":""ae66d4ca42b831aa94f050bbbfbb0f5f14bd256181e832c50cfe67318b5b52bf"",""store_discriminator_sha256"":""2e884d94ace185d62b1b91debf493ccd0a69b83d08e74cf5f1c2be4851b14215"",""tool_sha256"":""b38a65fc0c1a91e138f057f7b6c08d21c328463aceb40ffda53fc759f99d2f7a"",""java_runtime_sha256"":""bdd50c08a90e2fb713541b8a118df6250246a917edc41a6776aeafc90b472687"",""run_identity_sha256"":""2aa135f9bcda817fc47e9edde4996cb3ae92b7874073a67dfb61aa5ee17c1d54""}"
0ed57212455326682a75871e0e8be71760b35282,qlever,QLever [engines.json profile],100M,L,L1,00,600c6f736028ac1dca0fa84f800a5b3b4f74bedfd8244d599a7c9b4e07bd041b,C,SPARQLcirc CircuitRewriter,ok,4,53.7,53.7,54.3,53.9,0.3,1,3,300.0,9895,1.3,8,16,4,,359.653974,"[54.257, 53.684, 53.745]","[1.312, 1.306, 1.307]",0.0,"[0.0, 0.0, 0.0]",55.2,"[55.667, 55.092, 55.163]",0.1,"[0.098, 0.102, 0.111]",r9.2-frozen-identity-v7,86853ad157eae86d68c40d6429be4177ba464e0d2a9910da1e08d479f606bff8,term-aware-candidate-set-v1,4,2443b3385399061ef97f989b3d4b25ff19b7bfb3f5012078d5f8bf9ddd3fa7b5,flat,flat,4ef4d3922d50e7e0953b8afb472404981f2d2586f2156d938d8079c5e7597538,,,,,bcddd715026035ef7b31e63913d55e25b6270be6bc6037325c1f80ea1359de5d,cc83ef54f5df550fbc0e634feb927cbfa21477fdb7aed1a23c2d29a56c193542,8a607274f1b3d176dd6acfdc7381c25676b642e78d334a9664e45a2bdf3d52a0,8a988dc83f4082a4f27503ba2906dc6b8733b3c02be567635c726c67bbd48314,16162702ccec82b2a0e27063cd04bd756a27af1f003b4cef0da976d843ef4725,none,read-only,exploratory-base,exploratory-reified,2b9b44b25cd1c568cd57c6c5df25ae260b68229044617821fb33f542dab77648,ae66d4ca42b831aa94f050bbbfbb0f5f14bd256181e832c50cfe67318b5b52bf,2e884d94ace185d62b1b91debf493ccd0a69b83d08e74cf5f1c2be4851b14215,b38a65fc0c1a91e138f057f7b6c08d21c328463aceb40ffda53fc759f99d2f7a,bdd50c08a90e2fb713541b8a118df6250246a917edc41a6776aeafc90b472687,2aa135f9bcda817fc47e9edde4996cb3ae92b7874073a67dfb61aa5ee17c1d54,"pcm-meta-v2:{""protocol"":""r9.2-frozen-identity-v7"",""message"":""C requested=flat effective=flat; steps=1 feedback=0; network includes CONSTRUCT, feedback INSERT, and cleanup DELETE"",""cell_wall_ms"":608.045,""answer_kind"":""term-aware-candidate-set-v1"",""answer_key_count"":4,""answer_fingerprint"":""2443b3385399061ef97f989b3d4b25ff19b7bfb3f5012078d5f8bf9ddd3fa7b5"",""c_parse_samples"":[1.312,1.306,1.307],""c_protocol_samples"":[{""requested_mode"":""flat"",""effective_mode"":""flat"",""fallback_reason"":null,""plan_steps"":1,""feedback_steps"":0,""feedback_triples"":0,""construct_query_ms"":54.257,""feedback_update_ms"":0.0,""cleanup_ms"":0.0,""client_protocol_ms"":0.0,""network_scope"":""construct+feedback+cleanup"",""circuit_sha256"":""4ef4d3922d50e7e0953b8afb472404981f2d2586f2156d938d8079c5e7597538"",""answer_fingerprint"":""2443b3385399061ef97f989b3d4b25ff19b7bfb3f5012078d5f8bf9ddd3fa7b5"",""semantic_signature_sha256"":""2e291cffc594f7912d85f7efb31e3789243bcc2365082712fabcb53216860f27"",""structure_signature"":{""gates"":8,""edges"":16,""answers"":4,""derivations"":4,""canonical_bytes"":9895},""construct_total_ms"":55.667,""client_unattributed_ms"":0.098},{""requested_mode"":""flat"",""effective_mode"":""flat"",""fallback_reason"":null,""plan_steps"":1,""feedback_steps"":0,""feedback_triples"":0,""construct_query_ms"":53.684,""feedback_update_ms"":0.0,""cleanup_ms"":0.0,""client_protocol_ms"":0.0,""network_scope"":""construct+feedback+cleanup"",""circuit_sha256"":""4ef4d3922d50e7e0953b8afb472404981f2d2586f2156d938d8079c5e7597538"",""answer_fingerprint"":""2443b3385399061ef97f989b3d4b25ff19b7bfb3f5012078d5f8bf9ddd3fa7b5"",""semantic_signature_sha256"":""2e291cffc594f7912d85f7efb31e3789243bcc2365082712fabcb53216860f27"",""structure_signature"":{""gates"":8,""edges"":16,""answers"":4,""derivations"":4,""canonical_bytes"":9895},""construct_total_ms"":55.092,""client_unattributed_ms"":0.102},{""requested_mode"":""flat"",""effective_mode"":""flat"",""fallback_reason"":null,""plan_steps"":1,""feedback_steps"":0,""feedback_triples"":0,""construct_query_ms"":53.745,""feedback_update_ms"":0.0,""cleanup_ms"":0.0,""client_protocol_ms"":0.0,""network_scope"":""construct+feedback+cleanup"",""circuit_sha256"":""4ef4d3922d50e7e0953b8afb472404981f2d2586f2156d938d8079c5e7597538"",""answer_fingerprint"":""2443b3385399061ef97f989b3d4b25ff19b7bfb3f5012078d5f8bf9ddd3fa7b5"",""semantic_signature_sha256"":""2e291cffc594f7912d85f7efb31e3789243bcc2365082712fabcb53216860f27"",""structure_signature"":{""gates"":8,""edges"":16,""answers"":4,""derivations"":4,""canonical_bytes"":9895},""construct_total_ms"":55.163,""client_unattributed_ms"":0.111}],""construct_total_samples"":[55.667,55.092,55.163],""construct_unattributed_samples"":[0.098,0.102,0.111],""status"":""ok"",""status_evidence"":null,""c_warmup_signatures"":[""2e291cffc594f7912d85f7efb31e3789243bcc2365082712fabcb53216860f27""],""measured_semantic_signature_sha256"":""2e291cffc594f7912d85f7efb31e3789243bcc2365082712fabcb53216860f27"",""measured_repetitions_consistent"":true,""construction_requested"":""flat"",""construction_effective"":""flat"",""commit"":""0ed57212455326682a75871e0e8be71760b35282"",""batch_id"":""86853ad157eae86d68c40d6429be4177ba464e0d2a9910da1e08d479f606bff8"",""query_sha256"":""600c6f736028ac1dca0fa84f800a5b3b4f74bedfd8244d599a7c9b4e07bd041b"",""engine"":""qlever"",""engine_version"":""QLever [engines.json profile]"",""scale"":""100M"",""base_endpoint_sha256"":""bcddd715026035ef7b31e63913d55e25b6270be6bc6037325c1f80ea1359de5d"",""reified_endpoint_sha256"":""cc83ef54f5df550fbc0e634feb927cbfa21477fdb7aed1a23c2d29a56c193542"",""update_endpoint_sha256"":""8a607274f1b3d176dd6acfdc7381c25676b642e78d334a9664e45a2bdf3d52a0"",""base_data_identity_sha256"":""8a988dc83f4082a4f27503ba2906dc6b8733b3c02be567635c726c67bbd48314"",""reified_data_identity_sha256"":""16162702ccec82b2a0e27063cd04bd756a27af1f003b4cef0da976d843ef4725"",""update_for"":""none"",""access_mode"":""read-only"",""base_data_name"":""exploratory-base"",""reified_data_name"":""exploratory-reified"",""update_canary_sha256"":""2b9b44b25cd1c568cd57c6c5df25ae260b68229044617821fb33f542dab77648"",""store_instance_sha256"":""ae66d4ca42b831aa94f050bbbfbb0f5f14bd256181e832c50cfe67318b5b52bf"",""store_discriminator_sha256"":""2e884d94ace185d62b1b91debf493ccd0a69b83d08e74cf5f1c2be4851b14215"",""tool_sha256"":""b38a65fc0c1a91e138f057f7b6c08d21c328463aceb40ffda53fc759f99d2f7a"",""java_runtime_sha256"":""bdd50c08a90e2fb713541b8a118df6250246a917edc41a6776aeafc90b472687"",""run_identity_sha256"":""2aa135f9bcda817fc47e9edde4996cb3ae92b7874073a67dfb61aa5ee17c1d54""}"
0ed57212455326682a75871e0e8be71760b35282,qlever,QLever [engines.json profile],100M,L,L2,00,64873fb3e0533f5e97269a846ba7be46358d4ae4e7b00ae160b34130e60e4ce6,B,base-select,ok,961,5.7,5.7,6.2,5.9,0.3,1,3,300.0,88321,0.0,,,,,0.00749,"[6.237, 5.749, 5.656]","[0.0, 0.0, 0.0]",,[],,[],,[],r9.2-frozen-identity-v7,86853ad157eae86d68c40d6429be4177ba464e0d2a9910da1e08d479f606bff8,csv-binding-multiset-v1,961,1957f2defcc20b911e7ba244cc4a5a46e2ade9d2495f6cae8d8409f2a0abec6a,,,,,,,,bcddd715026035ef7b31e63913d55e25b6270be6bc6037325c1f80ea1359de5d,cc83ef54f5df550fbc0e634feb927cbfa21477fdb7aed1a23c2d29a56c193542,8a607274f1b3d176dd6acfdc7381c25676b642e78d334a9664e45a2bdf3d52a0,8a988dc83f4082a4f27503ba2906dc6b8733b3c02be567635c726c67bbd48314,16162702ccec82b2a0e27063cd04bd756a27af1f003b4cef0da976d843ef4725,none,read-only,exploratory-base,exploratory-reified,2b9b44b25cd1c568cd57c6c5df25ae260b68229044617821fb33f542dab77648,ae66d4ca42b831aa94f050bbbfbb0f5f14bd256181e832c50cfe67318b5b52bf,2e884d94ace185d62b1b91debf493ccd0a69b83d08e74cf5f1c2be4851b14215,b38a65fc0c1a91e138f057f7b6c08d21c328463aceb40ffda53fc759f99d2f7a,bdd50c08a90e2fb713541b8a118df6250246a917edc41a6776aeafc90b472687,ff9fa85b04783ca3078dadcff124d22bc4ab54605361cafaca90ab7d7a151b9b,"pcm-meta-v2:{""protocol"":""r9.2-frozen-identity-v7"",""message"":"""",""cell_wall_ms"":113.676,""answer_kind"":""csv-binding-multiset-v1"",""answer_key_count"":961,""answer_fingerprint"":""1957f2defcc20b911e7ba244cc4a5a46e2ade9d2495f6cae8d8409f2a0abec6a"",""c_parse_samples"":[0.0,0.0,0.0],""c_protocol_samples"":[],""construct_total_samples"":[],""construct_unattributed_samples"":[],""status"":""ok"",""status_evidence"":null,""construction_requested"":null,""construction_effective"":null,""commit"":""0ed57212455326682a75871e0e8be71760b35282"",""batch_id"":""86853ad157eae86d68c40d6429be4177ba464e0d2a9910da1e08d479f606bff8"",""query_sha256"":""64873fb3e0533f5e97269a846ba7be46358d4ae4e7b00ae160b34130e60e4ce6"",""engine"":""qlever"",""engine_version"":""QLever [engines.json profile]"",""scale"":""100M"",""base_endpoint_sha256"":""bcddd715026035ef7b31e63913d55e25b6270be6bc6037325c1f80ea1359de5d"",""reified_endpoint_sha256"":""cc83ef54f5df550fbc0e634feb927cbfa21477fdb7aed1a23c2d29a56c193542"",""update_endpoint_sha256"":""8a607274f1b3d176dd6acfdc7381c25676b642e78d334a9664e45a2bdf3d52a0"",""base_data_identity_sha256"":""8a988dc83f4082a4f27503ba2906dc6b8733b3c02be567635c726c67bbd48314"",""reified_data_identity_sha256"":""16162702ccec82b2a0e27063cd04bd756a27af1f003b4cef0da976d843ef4725"",""update_for"":""none"",""access_mode"":""read-only"",""base_data_name"":""exploratory-base"",""reified_data_name"":""exploratory-reified"",""update_canary_sha256"":""2b9b44b25cd1c568cd57c6c5df25ae260b68229044617821fb33f542dab77648"",""store_instance_sha256"":""ae66d4ca42b831aa94f050bbbfbb0f5f14bd256181e832c50cfe67318b5b52bf"",""store_discriminator_sha256"":""2e884d94ace185d62b1b91debf493ccd0a69b83d08e74cf5f1c2be4851b14215"",""tool_sha256"":""b38a65fc0c1a91e138f057f7b6c08d21c328463aceb40ffda53fc759f99d2f7a"",""java_runtime_sha256"":""bdd50c08a90e2fb713541b8a118df6250246a917edc41a6776aeafc90b472687"",""run_identity_sha256"":""ff9fa85b04783ca3078dadcff124d22bc4ab54605361cafaca90ab7d7a151b9b""}"
0ed57212455326682a75871e0e8be71760b35282,qlever,QLever [engines.json profile],100M,L,L2,00,64873fb3e0533f5e97269a846ba7be46358d4ae4e7b00ae160b34130e60e4ce6,R,reification-only,ok,961,17.2,16.6,17.3,17.0,0.4,1,3,300.0,88321,0.0,,,,,129.068271,"[17.334, 16.62, 17.193]","[0.0, 0.0, 0.0]",,[],,[],,[],r9.2-frozen-identity-v7,86853ad157eae86d68c40d6429be4177ba464e0d2a9910da1e08d479f606bff8,csv-binding-multiset-v1,961,1957f2defcc20b911e7ba244cc4a5a46e2ade9d2495f6cae8d8409f2a0abec6a,,,,,,,,bcddd715026035ef7b31e63913d55e25b6270be6bc6037325c1f80ea1359de5d,cc83ef54f5df550fbc0e634feb927cbfa21477fdb7aed1a23c2d29a56c193542,8a607274f1b3d176dd6acfdc7381c25676b642e78d334a9664e45a2bdf3d52a0,8a988dc83f4082a4f27503ba2906dc6b8733b3c02be567635c726c67bbd48314,16162702ccec82b2a0e27063cd04bd756a27af1f003b4cef0da976d843ef4725,none,read-only,exploratory-base,exploratory-reified,2b9b44b25cd1c568cd57c6c5df25ae260b68229044617821fb33f542dab77648,ae66d4ca42b831aa94f050bbbfbb0f5f14bd256181e832c50cfe67318b5b52bf,2e884d94ace185d62b1b91debf493ccd0a69b83d08e74cf5f1c2be4851b14215,b38a65fc0c1a91e138f057f7b6c08d21c328463aceb40ffda53fc759f99d2f7a,bdd50c08a90e2fb713541b8a118df6250246a917edc41a6776aeafc90b472687,ff9fa85b04783ca3078dadcff124d22bc4ab54605361cafaca90ab7d7a151b9b,"pcm-meta-v2:{""protocol"":""r9.2-frozen-identity-v7"",""message"":"""",""cell_wall_ms"":1003.356,""answer_kind"":""csv-binding-multiset-v1"",""answer_key_count"":961,""answer_fingerprint"":""1957f2defcc20b911e7ba244cc4a5a46e2ade9d2495f6cae8d8409f2a0abec6a"",""c_parse_samples"":[0.0,0.0,0.0],""c_protocol_samples"":[],""construct_total_samples"":[],""construct_unattributed_samples"":[],""status"":""ok"",""status_evidence"":null,""construction_requested"":null,""construction_effective"":null,""commit"":""0ed57212455326682a75871e0e8be71760b35282"",""batch_id"":""86853ad157eae86d68c40d6429be4177ba464e0d2a9910da1e08d479f606bff8"",""query_sha256"":""64873fb3e0533f5e97269a846ba7be46358d4ae4e7b00ae160b34130e60e4ce6"",""engine"":""qlever"",""engine_version"":""QLever [engines.json profile]"",""scale"":""100M"",""base_endpoint_sha256"":""bcddd715026035ef7b31e63913d55e25b6270be6bc6037325c1f80ea1359de5d"",""reified_endpoint_sha256"":""cc83ef54f5df550fbc0e634feb927cbfa21477fdb7aed1a23c2d29a56c193542"",""update_endpoint_sha256"":""8a607274f1b3d176dd6acfdc7381c25676b642e78d334a9664e45a2bdf3d52a0"",""base_data_identity_sha256"":""8a988dc83f4082a4f27503ba2906dc6b8733b3c02be567635c726c67bbd48314"",""reified_data_identity_sha256"":""16162702ccec82b2a0e27063cd04bd756a27af1f003b4cef0da976d843ef4725"",""update_for"":""none"",""access_mode"":""read-only"",""base_data_name"":""exploratory-base"",""reified_data_name"":""exploratory-reified"",""update_canary_sha256"":""2b9b44b25cd1c568cd57c6c5df25ae260b68229044617821fb33f542dab77648"",""store_instance_sha256"":""ae66d4ca42b831aa94f050bbbfbb0f5f14bd256181e832c50cfe67318b5b52bf"",""store_discriminator_sha256"":""2e884d94ace185d62b1b91debf493ccd0a69b83d08e74cf5f1c2be4851b14215"",""tool_sha256"":""b38a65fc0c1a91e138f057f7b6c08d21c328463aceb40ffda53fc759f99d2f7a"",""java_runtime_sha256"":""bdd50c08a90e2fb713541b8a118df6250246a917edc41a6776aeafc90b472687"",""run_identity_sha256"":""ff9fa85b04783ca3078dadcff124d22bc4ab54605361cafaca90ab7d7a151b9b""}"
0ed57212455326682a75871e0e8be71760b35282,qlever,QLever [engines.json profile],100M,L,L2,00,64873fb3e0533f5e97269a846ba7be46358d4ae4e7b00ae160b34130e60e4ce6,N,N_clean (NPCS reimplementation),ok,961,18.2,17.2,18.8,18.1,0.8,1,3,300.0,137540,0.0,,,,961,177.533972,"[18.75, 18.201, 17.221]","[0.0, 0.0, 0.0]",,[],,[],,[],r9.2-frozen-identity-v7,86853ad157eae86d68c40d6429be4177ba464e0d2a9910da1e08d479f606bff8,csv-candidate-multiset-v1,961,1957f2defcc20b911e7ba244cc4a5a46e2ade9d2495f6cae8d8409f2a0abec6a,,,,,,,,bcddd715026035ef7b31e63913d55e25b6270be6bc6037325c1f80ea1359de5d,cc83ef54f5df550fbc0e634feb927cbfa21477fdb7aed1a23c2d29a56c193542,8a607274f1b3d176dd6acfdc7381c25676b642e78d334a9664e45a2bdf3d52a0,8a988dc83f4082a4f27503ba2906dc6b8733b3c02be567635c726c67bbd48314,16162702ccec82b2a0e27063cd04bd756a27af1f003b4cef0da976d843ef4725,none,read-only,exploratory-base,exploratory-reified,2b9b44b25cd1c568cd57c6c5df25ae260b68229044617821fb33f542dab77648,ae66d4ca42b831aa94f050bbbfbb0f5f14bd256181e832c50cfe67318b5b52bf,2e884d94ace185d62b1b91debf493ccd0a69b83d08e74cf5f1c2be4851b14215,b38a65fc0c1a91e138f057f7b6c08d21c328463aceb40ffda53fc759f99d2f7a,bdd50c08a90e2fb713541b8a118df6250246a917edc41a6776aeafc90b472687,ff9fa85b04783ca3078dadcff124d22bc4ab54605361cafaca90ab7d7a151b9b,"pcm-meta-v2:{""protocol"":""r9.2-frozen-identity-v7"",""message"":"""",""cell_wall_ms"":396.066,""answer_kind"":""csv-candidate-multiset-v1"",""answer_key_count"":961,""answer_fingerprint"":""1957f2defcc20b911e7ba244cc4a5a46e2ade9d2495f6cae8d8409f2a0abec6a"",""c_parse_samples"":[0.0,0.0,0.0],""c_protocol_samples"":[],""construct_total_samples"":[],""construct_unattributed_samples"":[],""status"":""ok"",""status_evidence"":null,""construction_requested"":null,""construction_effective"":null,""commit"":""0ed57212455326682a75871e0e8be71760b35282"",""batch_id"":""86853ad157eae86d68c40d6429be4177ba464e0d2a9910da1e08d479f606bff8"",""query_sha256"":""64873fb3e0533f5e97269a846ba7be46358d4ae4e7b00ae160b34130e60e4ce6"",""engine"":""qlever"",""engine_version"":""QLever [engines.json profile]"",""scale"":""100M"",""base_endpoint_sha256"":""bcddd715026035ef7b31e63913d55e25b6270be6bc6037325c1f80ea1359de5d"",""reified_endpoint_sha256"":""cc83ef54f5df550fbc0e634feb927cbfa21477fdb7aed1a23c2d29a56c193542"",""update_endpoint_sha256"":""8a607274f1b3d176dd6acfdc7381c25676b642e78d334a9664e45a2bdf3d52a0"",""base_data_identity_sha256"":""8a988dc83f4082a4f27503ba2906dc6b8733b3c02be567635c726c67bbd48314"",""reified_data_identity_sha256"":""16162702ccec82b2a0e27063cd04bd756a27af1f003b4cef0da976d843ef4725"",""update_for"":""none"",""access_mode"":""read-only"",""base_data_name"":""exploratory-base"",""reified_data_name"":""exploratory-reified"",""update_canary_sha256"":""2b9b44b25cd1c568cd57c6c5df25ae260b68229044617821fb33f542dab77648"",""store_instance_sha256"":""ae66d4ca42b831aa94f050bbbfbb0f5f14bd256181e832c50cfe67318b5b52bf"",""store_discriminator_sha256"":""2e884d94ace185d62b1b91debf493ccd0a69b83d08e74cf5f1c2be4851b14215"",""tool_sha256"":""b38a65fc0c1a91e138f057f7b6c08d21c328463aceb40ffda53fc759f99d2f7a"",""java_runtime_sha256"":""bdd50c08a90e2fb713541b8a118df6250246a917edc41a6776aeafc90b472687"",""run_identity_sha256"":""ff9fa85b04783ca3078dadcff124d22bc4ab54605361cafaca90ab7d7a151b9b""}"
0ed57212455326682a75871e0e8be71760b35282,qlever,QLever [engines.json profile],100M,L,L2,00,64873fb3e0533f5e97269a846ba7be46358d4ae4e7b00ae160b34130e60e4ce6,C,SPARQLcirc CircuitRewriter,ok,961,63.7,63.3,64.1,63.7,0.4,1,3,300.0,1771113,149.3,1922,3844,961,,351.232196,"[64.129, 63.726, 63.328]","[151.324, 149.294, 146.617]",0.0,"[0.0, 0.0, 0.0]",214.1,"[216.342, 214.051, 210.97]",1.0,"[0.889, 1.031, 1.025]",r9.2-frozen-identity-v7,86853ad157eae86d68c40d6429be4177ba464e0d2a9910da1e08d479f606bff8,term-aware-candidate-set-v1,961,dcac67cd85a34c9c5c20983b5a0e919942fde689f80b34cb02f455c160edb559,flat,flat,35d15df64205e5280d0c1f070a238b2bede97fdf703ac1c42ee134863020abcc,,,,,bcddd715026035ef7b31e63913d55e25b6270be6bc6037325c1f80ea1359de5d,cc83ef54f5df550fbc0e634feb927cbfa21477fdb7aed1a23c2d29a56c193542,8a607274f1b3d176dd6acfdc7381c25676b642e78d334a9664e45a2bdf3d52a0,8a988dc83f4082a4f27503ba2906dc6b8733b3c02be567635c726c67bbd48314,16162702ccec82b2a0e27063cd04bd756a27af1f003b4cef0da976d843ef4725,none,read-only,exploratory-base,exploratory-reified,2b9b44b25cd1c568cd57c6c5df25ae260b68229044617821fb33f542dab77648,ae66d4ca42b831aa94f050bbbfbb0f5f14bd256181e832c50cfe67318b5b52bf,2e884d94ace185d62b1b91debf493ccd0a69b83d08e74cf5f1c2be4851b14215,b38a65fc0c1a91e138f057f7b6c08d21c328463aceb40ffda53fc759f99d2f7a,bdd50c08a90e2fb713541b8a118df6250246a917edc41a6776aeafc90b472687,ff9fa85b04783ca3078dadcff124d22bc4ab54605361cafaca90ab7d7a151b9b,"pcm-meta-v2:{""protocol"":""r9.2-frozen-identity-v7"",""message"":""C requested=flat effective=flat; steps=1 feedback=0; network includes CONSTRUCT, feedback INSERT, and cleanup DELETE"",""cell_wall_ms"":1373.416,""answer_kind"":""term-aware-candidate-set-v1"",""answer_key_count"":961,""answer_fingerprint"":""dcac67cd85a34c9c5c20983b5a0e919942fde689f80b34cb02f455c160edb559"",""c_parse_samples"":[151.324,149.294,146.617],""c_protocol_samples"":[{""requested_mode"":""flat"",""effective_mode"":""flat"",""fallback_reason"":null,""plan_steps"":1,""feedback_steps"":0,""feedback_triples"":0,""construct_query_ms"":64.129,""feedback_update_ms"":0.0,""cleanup_ms"":0.0,""client_protocol_ms"":0.0,""network_scope"":""construct+feedback+cleanup"",""circuit_sha256"":""35d15df64205e5280d0c1f070a238b2bede97fdf703ac1c42ee134863020abcc"",""answer_fingerprint"":""dcac67cd85a34c9c5c20983b5a0e919942fde689f80b34cb02f455c160edb559"",""semantic_signature_sha256"":""6c2d0a92b3232bef5a604f8ac1eadbd7eed8bf0ca48a7b6b1968067889b19b00"",""structure_signature"":{""gates"":1922,""edges"":3844,""answers"":961,""derivations"":961,""canonical_bytes"":1771113},""construct_total_ms"":216.342,""client_unattributed_ms"":0.889},{""requested_mode"":""flat"",""effective_mode"":""flat"",""fallback_reason"":null,""plan_steps"":1,""feedback_steps"":0,""feedback_triples"":0,""construct_query_ms"":63.726,""feedback_update_ms"":0.0,""cleanup_ms"":0.0,""client_protocol_ms"":0.0,""network_scope"":""construct+feedback+cleanup"",""circuit_sha256"":""35d15df64205e5280d0c1f070a238b2bede97fdf703ac1c42ee134863020abcc"",""answer_fingerprint"":""dcac67cd85a34c9c5c20983b5a0e919942fde689f80b34cb02f455c160edb559"",""semantic_signature_sha256"":""6c2d0a92b3232bef5a604f8ac1eadbd7eed8bf0ca48a7b6b1968067889b19b00"",""structure_signature"":{""gates"":1922,""edges"":3844,""answers"":961,""derivations"":961,""canonical_bytes"":1771113},""construct_total_ms"":214.051,""client_unattributed_ms"":1.031},{""requested_mode"":""flat"",""effective_mode"":""flat"",""fallback_reason"":null,""plan_steps"":1,""feedback_steps"":0,""feedback_triples"":0,""construct_query_ms"":63.328,""feedback_update_ms"":0.0,""cleanup_ms"":0.0,""client_protocol_ms"":0.0,""network_scope"":""construct+feedback+cleanup"",""circuit_sha256"":""35d15df64205e5280d0c1f070a238b2bede97fdf703ac1c42ee134863020abcc"",""answer_fingerprint"":""dcac67cd85a34c9c5c20983b5a0e919942fde689f80b34cb02f455c160edb559"",""semantic_signature_sha256"":""6c2d0a92b3232bef5a604f8ac1eadbd7eed8bf0ca48a7b6b1968067889b19b00"",""structure_signature"":{""gates"":1922,""edges"":3844,""answers"":961,""derivations"":961,""canonical_bytes"":1771113},""construct_total_ms"":210.97,""client_unattributed_ms"":1.025}],""construct_total_samples"":[216.342,214.051,210.97],""construct_unattributed_samples"":[0.889,1.031,1.025],""status"":""ok"",""status_evidence"":null,""c_warmup_signatures"":[""6c2d0a92b3232bef5a604f8ac1eadbd7eed8bf0ca48a7b6b1968067889b19b00""],""measured_semantic_signature_sha256"":""6c2d0a92b3232bef5a604f8ac1eadbd7eed8bf0ca48a7b6b1968067889b19b00"",""measured_repetitions_consistent"":true,""construction_requested"":""flat"",""construction_effective"":""flat"",""commit"":""0ed57212455326682a75871e0e8be71760b35282"",""batch_id"":""86853ad157eae86d68c40d6429be4177ba464e0d2a9910da1e08d479f606bff8"",""query_sha256"":""64873fb3e0533f5e97269a846ba7be46358d4ae4e7b00ae160b34130e60e4ce6"",""engine"":""qlever"",""engine_version"":""QLever [engines.json profile]"",""scale"":""100M"",""base_endpoint_sha256"":""bcddd715026035ef7b31e63913d55e25b6270be6bc6037325c1f80ea1359de5d"",""reified_endpoint_sha256"":""cc83ef54f5df550fbc0e634feb927cbfa21477fdb7aed1a23c2d29a56c193542"",""update_endpoint_sha256"":""8a607274f1b3d176dd6acfdc7381c25676b642e78d334a9664e45a2bdf3d52a0"",""base_data_identity_sha256"":""8a988dc83f4082a4f27503ba2906dc6b8733b3c02be567635c726c67bbd48314"",""reified_data_identity_sha256"":""16162702ccec82b2a0e27063cd04bd756a27af1f003b4cef0da976d843ef4725"",""update_for"":""none"",""access_mode"":""read-only"",""base_data_name"":""exploratory-base"",""reified_data_name"":""exploratory-reified"",""update_canary_sha256"":""2b9b44b25cd1c568cd57c6c5df25ae260b68229044617821fb33f542dab77648"",""store_instance_sha256"":""ae66d4ca42b831aa94f050bbbfbb0f5f14bd256181e832c50cfe67318b5b52bf"",""store_discriminator_sha256"":""2e884d94ace185d62b1b91debf493ccd0a69b83d08e74cf5f1c2be4851b14215"",""tool_sha256"":""b38a65fc0c1a91e138f057f7b6c08d21c328463aceb40ffda53fc759f99d2f7a"",""java_runtime_sha256"":""bdd50c08a90e2fb713541b8a118df6250246a917edc41a6776aeafc90b472687"",""run_identity_sha256"":""ff9fa85b04783ca3078dadcff124d22bc4ab54605361cafaca90ab7d7a151b9b""}"
0ed57212455326682a75871e0e8be71760b35282,qlever,QLever [engines.json profile],100M,L,L3,00,6e68c33e9b346995ea7cedfa79c5123b2290df112a813135a2d0753aa4f34a04,B,base-select,ok,7,1.2,1.0,1.3,1.2,0.1,1,3,300.0,332,0.0,,,,,0.006831,"[1.306, 1.164, 1.027]","[0.0, 0.0, 0.0]",,[],,[],,[],r9.2-frozen-identity-v7,86853ad157eae86d68c40d6429be4177ba464e0d2a9910da1e08d479f606bff8,csv-binding-multiset-v1,7,2fb144573c1dcea3274c40845ca5aeeadd94a50b972bcef6bf90089fd37d5886,,,,,,,,bcddd715026035ef7b31e63913d55e25b6270be6bc6037325c1f80ea1359de5d,cc83ef54f5df550fbc0e634feb927cbfa21477fdb7aed1a23c2d29a56c193542,8a607274f1b3d176dd6acfdc7381c25676b642e78d334a9664e45a2bdf3d52a0,8a988dc83f4082a4f27503ba2906dc6b8733b3c02be567635c726c67bbd48314,16162702ccec82b2a0e27063cd04bd756a27af1f003b4cef0da976d843ef4725,none,read-only,exploratory-base,exploratory-reified,2b9b44b25cd1c568cd57c6c5df25ae260b68229044617821fb33f542dab77648,ae66d4ca42b831aa94f050bbbfbb0f5f14bd256181e832c50cfe67318b5b52bf,2e884d94ace185d62b1b91debf493ccd0a69b83d08e74cf5f1c2be4851b14215,b38a65fc0c1a91e138f057f7b6c08d21c328463aceb40ffda53fc759f99d2f7a,bdd50c08a90e2fb713541b8a118df6250246a917edc41a6776aeafc90b472687,69cdacea3e374ed73136f149f3e7e6045a9eb6640ff3508084ea88cdd068ca83,"pcm-meta-v2:{""protocol"":""r9.2-frozen-identity-v7"",""message"":"""",""cell_wall_ms"":21.985,""answer_kind"":""csv-binding-multiset-v1"",""answer_key_count"":7,""answer_fingerprint"":""2fb144573c1dcea3274c40845ca5aeeadd94a50b972bcef6bf90089fd37d5886"",""c_parse_samples"":[0.0,0.0,0.0],""c_protocol_samples"":[],""construct_total_samples"":[],""construct_unattributed_samples"":[],""status"":""ok"",""status_evidence"":null,""construction_requested"":null,""construction_effective"":null,""commit"":""0ed57212455326682a75871e0e8be71760b35282"",""batch_id"":""86853ad157eae86d68c40d6429be4177ba464e0d2a9910da1e08d479f606bff8"",""query_sha256"":""6e68c33e9b346995ea7cedfa79c5123b2290df112a813135a2d0753aa4f34a04"",""engine"":""qlever"",""engine_version"":""QLever [engines.json profile]"",""scale"":""100M"",""base_endpoint_sha256"":""bcddd715026035ef7b31e63913d55e25b6270be6bc6037325c1f80ea1359de5d"",""reified_endpoint_sha256"":""cc83ef54f5df550fbc0e634feb927cbfa21477fdb7aed1a23c2d29a56c193542"",""update_endpoint_sha256"":""8a607274f1b3d176dd6acfdc7381c25676b642e78d334a9664e45a2bdf3d52a0"",""base_data_identity_sha256"":""8a988dc83f4082a4f27503ba2906dc6b8733b3c02be567635c726c67bbd48314"",""reified_data_identity_sha256"":""16162702ccec82b2a0e27063cd04bd756a27af1f003b4cef0da976d843ef4725"",""update_for"":""none"",""access_mode"":""read-only"",""base_data_name"":""exploratory-base"",""reified_data_name"":""exploratory-reified"",""update_canary_sha256"":""2b9b44b25cd1c568cd57c6c5df25ae260b68229044617821fb33f542dab77648"",""store_instance_sha256"":""ae66d4ca42b831aa94f050bbbfbb0f5f14bd256181e832c50cfe67318b5b52bf"",""store_discriminator_sha256"":""2e884d94ace185d62b1b91debf493ccd0a69b83d08e74cf5f1c2be4851b14215"",""tool_sha256"":""b38a65fc0c1a91e138f057f7b6c08d21c328463aceb40ffda53fc759f99d2f7a"",""java_runtime_sha256"":""bdd50c08a90e2fb713541b8a118df6250246a917edc41a6776aeafc90b472687"",""run_identity_sha256"":""69cdacea3e374ed73136f149f3e7e6045a9eb6640ff3508084ea88cdd068ca83""}"
0ed57212455326682a75871e0e8be71760b35282,qlever,QLever [engines.json profile],100M,L,L3,00,6e68c33e9b346995ea7cedfa79c5123b2290df112a813135a2d0753aa4f34a04,R,reification-only,ok,7,2.7,2.7,3.3,2.9,0.3,1,3,300.0,332,0.0,,,,,129.297785,"[3.28, 2.743, 2.675]","[0.0, 0.0, 0.0]",,[],,[],,[],r9.2-frozen-identity-v7,86853ad157eae86d68c40d6429be4177ba464e0d2a9910da1e08d479f606bff8,csv-binding-multiset-v1,7,2fb144573c1dcea3274c40845ca5aeeadd94a50b972bcef6bf90089fd37d5886,,,,,,,,bcddd715026035ef7b31e63913d55e25b6270be6bc6037325c1f80ea1359de5d,cc83ef54f5df550fbc0e634feb927cbfa21477fdb7aed1a23c2d29a56c193542,8a607274f1b3d176dd6acfdc7381c25676b642e78d334a9664e45a2bdf3d52a0,8a988dc83f4082a4f27503ba2906dc6b8733b3c02be567635c726c67bbd48314,16162702ccec82b2a0e27063cd04bd756a27af1f003b4cef0da976d843ef4725,none,read-only,exploratory-base,exploratory-reified,2b9b44b25cd1c568cd57c6c5df25ae260b68229044617821fb33f542dab77648,ae66d4ca42b831aa94f050bbbfbb0f5f14bd256181e832c50cfe67318b5b52bf,2e884d94ace185d62b1b91debf493ccd0a69b83d08e74cf5f1c2be4851b14215,b38a65fc0c1a91e138f057f7b6c08d21c328463aceb40ffda53fc759f99d2f7a,bdd50c08a90e2fb713541b8a118df6250246a917edc41a6776aeafc90b472687,69cdacea3e374ed73136f149f3e7e6045a9eb6640ff3508084ea88cdd068ca83,"pcm-meta-v2:{""protocol"":""r9.2-frozen-identity-v7"",""message"":"""",""cell_wall_ms"":186.169,""answer_kind"":""csv-binding-multiset-v1"",""answer_key_count"":7,""answer_fingerprint"":""2fb144573c1dcea3274c40845ca5aeeadd94a50b972bcef6bf90089fd37d5886"",""c_parse_samples"":[0.0,0.0,0.0],""c_protocol_samples"":[],""construct_total_samples"":[],""construct_unattributed_samples"":[],""status"":""ok"",""status_evidence"":null,""construction_requested"":null,""construction_effective"":null,""commit"":""0ed57212455326682a75871e0e8be71760b35282"",""batch_id"":""86853ad157eae86d68c40d6429be4177ba464e0d2a9910da1e08d479f606bff8"",""query_sha256"":""6e68c33e9b346995ea7cedfa79c5123b2290df112a813135a2d0753aa4f34a04"",""engine"":""qlever"",""engine_version"":""QLever [engines.json profile]"",""scale"":""100M"",""base_endpoint_sha256"":""bcddd715026035ef7b31e63913d55e25b6270be6bc6037325c1f80ea1359de5d"",""reified_endpoint_sha256"":""cc83ef54f5df550fbc0e634feb927cbfa21477fdb7aed1a23c2d29a56c193542"",""update_endpoint_sha256"":""8a607274f1b3d176dd6acfdc7381c25676b642e78d334a9664e45a2bdf3d52a0"",""base_data_identity_sha256"":""8a988dc83f4082a4f27503ba2906dc6b8733b3c02be567635c726c67bbd48314"",""reified_data_identity_sha256"":""16162702ccec82b2a0e27063cd04bd756a27af1f003b4cef0da976d843ef4725"",""update_for"":""none"",""access_mode"":""read-only"",""base_data_name"":""exploratory-base"",""reified_data_name"":""exploratory-reified"",""update_canary_sha256"":""2b9b44b25cd1c568cd57c6c5df25ae260b68229044617821fb33f542dab77648"",""store_instance_sha256"":""ae66d4ca42b831aa94f050bbbfbb0f5f14bd256181e832c50cfe67318b5b52bf"",""store_discriminator_sha256"":""2e884d94ace185d62b1b91debf493ccd0a69b83d08e74cf5f1c2be4851b14215"",""tool_sha256"":""b38a65fc0c1a91e138f057f7b6c08d21c328463aceb40ffda53fc759f99d2f7a"",""java_runtime_sha256"":""bdd50c08a90e2fb713541b8a118df6250246a917edc41a6776aeafc90b472687"",""run_identity_sha256"":""69cdacea3e374ed73136f149f3e7e6045a9eb6640ff3508084ea88cdd068ca83""}"
0ed57212455326682a75871e0e8be71760b35282,qlever,QLever [engines.json profile],100M,L,L3,00,6e68c33e9b346995ea7cedfa79c5123b2290df112a813135a2d0753aa4f34a04,N,N_clean (NPCS reimplementation),ok,3,3.2,3.1,3.4,3.2,0.2,1,3,300.0,441,0.0,,,,7,177.229927,"[3.42, 3.153, 3.113]","[0.0, 0.0, 0.0]",,[],,[],,[],r9.2-frozen-identity-v7,86853ad157eae86d68c40d6429be4177ba464e0d2a9910da1e08d479f606bff8,csv-candidate-multiset-v1,3,8aca899e433ded26126c2216a00d24fe8747afaa577e5e21a4db7d3db532d2a0,,,,,,,,bcddd715026035ef7b31e63913d55e25b6270be6bc6037325c1f80ea1359de5d,cc83ef54f5df550fbc0e634feb927cbfa21477fdb7aed1a23c2d29a56c193542,8a607274f1b3d176dd6acfdc7381c25676b642e78d334a9664e45a2bdf3d52a0,8a988dc83f4082a4f27503ba2906dc6b8733b3c02be567635c726c67bbd48314,16162702ccec82b2a0e27063cd04bd756a27af1f003b4cef0da976d843ef4725,none,read-only,exploratory-base,exploratory-reified,2b9b44b25cd1c568cd57c6c5df25ae260b68229044617821fb33f542dab77648,ae66d4ca42b831aa94f050bbbfbb0f5f14bd256181e832c50cfe67318b5b52bf,2e884d94ace185d62b1b91debf493ccd0a69b83d08e74cf5f1c2be4851b14215,b38a65fc0c1a91e138f057f7b6c08d21c328463aceb40ffda53fc759f99d2f7a,bdd50c08a90e2fb713541b8a118df6250246a917edc41a6776aeafc90b472687,69cdacea3e374ed73136f149f3e7e6045a9eb6640ff3508084ea88cdd068ca83,"pcm-meta-v2:{""protocol"":""r9.2-frozen-identity-v7"",""message"":"""",""cell_wall_ms"":200.214,""answer_kind"":""csv-candidate-multiset-v1"",""answer_key_count"":3,""answer_fingerprint"":""8aca899e433ded26126c2216a00d24fe8747afaa577e5e21a4db7d3db532d2a0"",""c_parse_samples"":[0.0,0.0,0.0],""c_protocol_samples"":[],""construct_total_samples"":[],""construct_unattributed_samples"":[],""status"":""ok"",""status_evidence"":null,""construction_requested"":null,""construction_effective"":null,""commit"":""0ed57212455326682a75871e0e8be71760b35282"",""batch_id"":""86853ad157eae86d68c40d6429be4177ba464e0d2a9910da1e08d479f606bff8"",""query_sha256"":""6e68c33e9b346995ea7cedfa79c5123b2290df112a813135a2d0753aa4f34a04"",""engine"":""qlever"",""engine_version"":""QLever [engines.json profile]"",""scale"":""100M"",""base_endpoint_sha256"":""bcddd715026035ef7b31e63913d55e25b6270be6bc6037325c1f80ea1359de5d"",""reified_endpoint_sha256"":""cc83ef54f5df550fbc0e634feb927cbfa21477fdb7aed1a23c2d29a56c193542"",""update_endpoint_sha256"":""8a607274f1b3d176dd6acfdc7381c25676b642e78d334a9664e45a2bdf3d52a0"",""base_data_identity_sha256"":""8a988dc83f4082a4f27503ba2906dc6b8733b3c02be567635c726c67bbd48314"",""reified_data_identity_sha256"":""16162702ccec82b2a0e27063cd04bd756a27af1f003b4cef0da976d843ef4725"",""update_for"":""none"",""access_mode"":""read-only"",""base_data_name"":""exploratory-base"",""reified_data_name"":""exploratory-reified"",""update_canary_sha256"":""2b9b44b25cd1c568cd57c6c5df25ae260b68229044617821fb33f542dab77648"",""store_instance_sha256"":""ae66d4ca42b831aa94f050bbbfbb0f5f14bd256181e832c50cfe67318b5b52bf"",""store_discriminator_sha256"":""2e884d94ace185d62b1b91debf493ccd0a69b83d08e74cf5f1c2be4851b14215"",""tool_sha256"":""b38a65fc0c1a91e138f057f7b6c08d21c328463aceb40ffda53fc759f99d2f7a"",""java_runtime_sha256"":""bdd50c08a90e2fb713541b8a118df6250246a917edc41a6776aeafc90b472687"",""run_identity_sha256"":""69cdacea3e374ed73136f149f3e7e6045a9eb6640ff3508084ea88cdd068ca83""}"
0ed57212455326682a75871e0e8be71760b35282,qlever,QLever [engines.json profile],100M,L,L3,00,6e68c33e9b346995ea7cedfa79c5123b2290df112a813135a2d0753aa4f34a04,C,SPARQLcirc CircuitRewriter,ok,3,13.0,13.0,13.3,13.1,0.2,1,3,300.0,5962,0.7,10,21,7,,359.043755,"[13.272, 12.96, 12.977]","[0.68, 0.696, 0.678]",0.0,"[0.0, 0.0, 0.0]",13.7,"[14.012, 13.692, 13.699]",0.0,"[0.06, 0.036, 0.044]",r9.2-frozen-identity-v7,86853ad157eae86d68c40d6429be4177ba464e0d2a9910da1e08d479f606bff8,term-aware-candidate-set-v1,3,55d7e052c0b7a39d1722a1585a546fbdf07903f07bbe7450ff41f650eb3b1d61,flat,flat,859ad29edf5220d2f8a344caa1ae953cecb750e89138035deb581c7f755e7ab6,,,,,bcddd715026035ef7b31e63913d55e25b6270be6bc6037325c1f80ea1359de5d,cc83ef54f5df550fbc0e634feb927cbfa21477fdb7aed1a23c2d29a56c193542,8a607274f1b3d176dd6acfdc7381c25676b642e78d334a9664e45a2bdf3d52a0,8a988dc83f4082a4f27503ba2906dc6b8733b3c02be567635c726c67bbd48314,16162702ccec82b2a0e27063cd04bd756a27af1f003b4cef0da976d843ef4725,none,read-only,exploratory-base,exploratory-reified,2b9b44b25cd1c568cd57c6c5df25ae260b68229044617821fb33f542dab77648,ae66d4ca42b831aa94f050bbbfbb0f5f14bd256181e832c50cfe67318b5b52bf,2e884d94ace185d62b1b91debf493ccd0a69b83d08e74cf5f1c2be4851b14215,b38a65fc0c1a91e138f057f7b6c08d21c328463aceb40ffda53fc759f99d2f7a,bdd50c08a90e2fb713541b8a118df6250246a917edc41a6776aeafc90b472687,69cdacea3e374ed73136f149f3e7e6045a9eb6640ff3508084ea88cdd068ca83,"pcm-meta-v2:{""protocol"":""r9.2-frozen-identity-v7"",""message"":""C requested=flat effective=flat; steps=1 feedback=0; network includes CONSTRUCT, feedback INSERT, and cleanup DELETE"",""cell_wall_ms"":422.808,""answer_kind"":""term-aware-candidate-set-v1"",""answer_key_count"":3,""answer_fingerprint"":""55d7e052c0b7a39d1722a1585a546fbdf07903f07bbe7450ff41f650eb3b1d61"",""c_parse_samples"":[0.68,0.696,0.678],""c_protocol_samples"":[{""requested_mode"":""flat"",""effective_mode"":""flat"",""fallback_reason"":null,""plan_steps"":1,""feedback_steps"":0,""feedback_triples"":0,""construct_query_ms"":13.272,""feedback_update_ms"":0.0,""cleanup_ms"":0.0,""client_protocol_ms"":0.0,""network_scope"":""construct+feedback+cleanup"",""circuit_sha256"":""859ad29edf5220d2f8a344caa1ae953cecb750e89138035deb581c7f755e7ab6"",""answer_fingerprint"":""55d7e052c0b7a39d1722a1585a546fbdf07903f07bbe7450ff41f650eb3b1d61"",""semantic_signature_sha256"":""dec0cb9b48d4c8d90bfb3cd426bbca75e760429d8d96a3857c07b90b8c623576"",""structure_signature"":{""gates"":10,""edges"":21,""answers"":3,""derivations"":7,""canonical_bytes"":5962},""construct_total_ms"":14.012,""client_unattributed_ms"":0.06},{""requested_mode"":""flat"",""effective_mode"":""flat"",""fallback_reason"":null,""plan_steps"":1,""feedback_steps"":0,""feedback_triples"":0,""construct_query_ms"":12.96,""feedback_update_ms"":0.0,""cleanup_ms"":0.0,""client_protocol_ms"":0.0,""network_scope"":""construct+feedback+cleanup"",""circuit_sha256"":""859ad29edf5220d2f8a344caa1ae953cecb750e89138035deb581c7f755e7ab6"",""answer_fingerprint"":""55d7e052c0b7a39d1722a1585a546fbdf07903f07bbe7450ff41f650eb3b1d61"",""semantic_signature_sha256"":""dec0cb9b48d4c8d90bfb3cd426bbca75e760429d8d96a3857c07b90b8c623576"",""structure_signature"":{""gates"":10,""edges"":21,""answers"":3,""derivations"":7,""canonical_bytes"":5962},""construct_total_ms"":13.692,""client_unattributed_ms"":0.036},{""requested_mode"":""flat"",""effective_mode"":""flat"",""fallback_reason"":null,""plan_steps"":1,""feedback_steps"":0,""feedback_triples"":0,""construct_query_ms"":12.977,""feedback_update_ms"":0.0,""cleanup_ms"":0.0,""client_protocol_ms"":0.0,""network_scope"":""construct+feedback+cleanup"",""circuit_sha256"":""859ad29edf5220d2f8a344caa1ae953cecb750e89138035deb581c7f755e7ab6"",""answer_fingerprint"":""55d7e052c0b7a39d1722a1585a546fbdf07903f07bbe7450ff41f650eb3b1d61"",""semantic_signature_sha256"":""dec0cb9b48d4c8d90bfb3cd426bbca75e760429d8d96a3857c07b90b8c623576"",""structure_signature"":{""gates"":10,""edges"":21,""answers"":3,""derivations"":7,""canonical_bytes"":5962},""construct_total_ms"":13.699,""client_unattributed_ms"":0.044}],""construct_total_samples"":[14.012,13.692,13.699],""construct_unattributed_samples"":[0.06,0.036,0.044],""status"":""ok"",""status_evidence"":null,""c_warmup_signatures"":[""dec0cb9b48d4c8d90bfb3cd426bbca75e760429d8d96a3857c07b90b8c623576""],""measured_semantic_signature_sha256"":""dec0cb9b48d4c8d90bfb3cd426bbca75e760429d8d96a3857c07b90b8c623576"",""measured_repetitions_consistent"":true,""construction_requested"":""flat"",""construction_effective"":""flat"",""commit"":""0ed57212455326682a75871e0e8be71760b35282"",""batch_id"":""86853ad157eae86d68c40d6429be4177ba464e0d2a9910da1e08d479f606bff8"",""query_sha256"":""6e68c33e9b346995ea7cedfa79c5123b2290df112a813135a2d0753aa4f34a04"",""engine"":""qlever"",""engine_version"":""QLever [engines.json profile]"",""scale"":""100M"",""base_endpoint_sha256"":""bcddd715026035ef7b31e63913d55e25b6270be6bc6037325c1f80ea1359de5d"",""reified_endpoint_sha256"":""cc83ef54f5df550fbc0e634feb927cbfa21477fdb7aed1a23c2d29a56c193542"",""update_endpoint_sha256"":""8a607274f1b3d176dd6acfdc7381c25676b642e78d334a9664e45a2bdf3d52a0"",""base_data_identity_sha256"":""8a988dc83f4082a4f27503ba2906dc6b8733b3c02be567635c726c67bbd48314"",""reified_data_identity_sha256"":""16162702ccec82b2a0e27063cd04bd756a27af1f003b4cef0da976d843ef4725"",""update_for"":""none"",""access_mode"":""read-only"",""base_data_name"":""exploratory-base"",""reified_data_name"":""exploratory-reified"",""update_canary_sha256"":""2b9b44b25cd1c568cd57c6c5df25ae260b68229044617821fb33f542dab77648"",""store_instance_sha256"":""ae66d4ca42b831aa94f050bbbfbb0f5f14bd256181e832c50cfe67318b5b52bf"",""store_discriminator_sha256"":""2e884d94ace185d62b1b91debf493ccd0a69b83d08e74cf5f1c2be4851b14215"",""tool_sha256"":""b38a65fc0c1a91e138f057f7b6c08d21c328463aceb40ffda53fc759f99d2f7a"",""java_runtime_sha256"":""bdd50c08a90e2fb713541b8a118df6250246a917edc41a6776aeafc90b472687"",""run_identity_sha256"":""69cdacea3e374ed73136f149f3e7e6045a9eb6640ff3508084ea88cdd068ca83""}"
0ed57212455326682a75871e0e8be71760b35282,qlever,QLever [engines.json profile],100M,L,L4,00,6a5c40f28fc1efcf93f4f8de194ff48179bad43fdcace9ac6f264dd26c62dadf,B,base-select,ok,299,2.7,2.7,2.8,2.7,0.1,1,3,300.0,51380,0.0,,,,,0.008091,"[2.843, 2.683, 2.721]","[0.0, 0.0, 0.0]",,[],,[],,[],r9.2-frozen-identity-v7,86853ad157eae86d68c40d6429be4177ba464e0d2a9910da1e08d479f606bff8,csv-binding-multiset-v1,299,a283bcfcb52437b23457f97b14ee0b3c6cbb41572a24e8b3b6939f36104137d4,,,,,,,,bcddd715026035ef7b31e63913d55e25b6270be6bc6037325c1f80ea1359de5d,cc83ef54f5df550fbc0e634feb927cbfa21477fdb7aed1a23c2d29a56c193542,8a607274f1b3d176dd6acfdc7381c25676b642e78d334a9664e45a2bdf3d52a0,8a988dc83f4082a4f27503ba2906dc6b8733b3c02be567635c726c67bbd48314,16162702ccec82b2a0e27063cd04bd756a27af1f003b4cef0da976d843ef4725,none,read-only,exploratory-base,exploratory-reified,2b9b44b25cd1c568cd57c6c5df25ae260b68229044617821fb33f542dab77648,ae66d4ca42b831aa94f050bbbfbb0f5f14bd256181e832c50cfe67318b5b52bf,2e884d94ace185d62b1b91debf493ccd0a69b83d08e74cf5f1c2be4851b14215,b38a65fc0c1a91e138f057f7b6c08d21c328463aceb40ffda53fc759f99d2f7a,bdd50c08a90e2fb713541b8a118df6250246a917edc41a6776aeafc90b472687,499cb9a74c9edf55505ec51c73aba437291a1d47ca7059662c432b0554433c58,"pcm-meta-v2:{""protocol"":""r9.2-frozen-identity-v7"",""message"":"""",""cell_wall_ms"":61.028,""answer_kind"":""csv-binding-multiset-v1"",""answer_key_count"":299,""answer_fingerprint"":""a283bcfcb52437b23457f97b14ee0b3c6cbb41572a24e8b3b6939f36104137d4"",""c_parse_samples"":[0.0,0.0,0.0],""c_protocol_samples"":[],""construct_total_samples"":[],""construct_unattributed_samples"":[],""status"":""ok"",""status_evidence"":null,""construction_requested"":null,""construction_effective"":null,""commit"":""0ed57212455326682a75871e0e8be71760b35282"",""batch_id"":""86853ad157eae86d68c40d6429be4177ba464e0d2a9910da1e08d479f606bff8"",""query_sha256"":""6a5c40f28fc1efcf93f4f8de194ff48179bad43fdcace9ac6f264dd26c62dadf"",""engine"":""qlever"",""engine_version"":""QLever [engines.json profile]"",""scale"":""100M"",""base_endpoint_sha256"":""bcddd715026035ef7b31e63913d55e25b6270be6bc6037325c1f80ea1359de5d"",""reified_endpoint_sha256"":""cc83ef54f5df550fbc0e634feb927cbfa21477fdb7aed1a23c2d29a56c193542"",""update_endpoint_sha256"":""8a607274f1b3d176dd6acfdc7381c25676b642e78d334a9664e45a2bdf3d52a0"",""base_data_identity_sha256"":""8a988dc83f4082a4f27503ba2906dc6b8733b3c02be567635c726c67bbd48314"",""reified_data_identity_sha256"":""16162702ccec82b2a0e27063cd04bd756a27af1f003b4cef0da976d843ef4725"",""update_for"":""none"",""access_mode"":""read-only"",""base_data_name"":""exploratory-base"",""reified_data_name"":""exploratory-reified"",""update_canary_sha256"":""2b9b44b25cd1c568cd57c6c5df25ae260b68229044617821fb33f542dab77648"",""store_instance_sha256"":""ae66d4ca42b831aa94f050bbbfbb0f5f14bd256181e832c50cfe67318b5b52bf"",""store_discriminator_sha256"":""2e884d94ace185d62b1b91debf493ccd0a69b83d08e74cf5f1c2be4851b14215"",""tool_sha256"":""b38a65fc0c1a91e138f057f7b6c08d21c328463aceb40ffda53fc759f99d2f7a"",""java_runtime_sha256"":""bdd50c08a90e2fb713541b8a118df6250246a917edc41a6776aeafc90b472687"",""run_identity_sha256"":""499cb9a74c9edf55505ec51c73aba437291a1d47ca7059662c432b0554433c58""}"
0ed57212455326682a75871e0e8be71760b35282,qlever,QLever [engines.json profile],100M,L,L4,00,6a5c40f28fc1efcf93f4f8de194ff48179bad43fdcace9ac6f264dd26c62dadf,R,reification-only,ok,299,4.4,4.3,5.1,4.6,0.4,1,3,300.0,51380,0.0,,,,,128.226459,"[5.058, 4.394, 4.346]","[0.0, 0.0, 0.0]",,[],,[],,[],r9.2-frozen-identity-v7,86853ad157eae86d68c40d6429be4177ba464e0d2a9910da1e08d479f606bff8,csv-binding-multiset-v1,299,a283bcfcb52437b23457f97b14ee0b3c6cbb41572a24e8b3b6939f36104137d4,,,,,,,,bcddd715026035ef7b31e63913d55e25b6270be6bc6037325c1f80ea1359de5d,cc83ef54f5df550fbc0e634feb927cbfa21477fdb7aed1a23c2d29a56c193542,8a607274f1b3d176dd6acfdc7381c25676b642e78d334a9664e45a2bdf3d52a0,8a988dc83f4082a4f27503ba2906dc6b8733b3c02be567635c726c67bbd48314,16162702ccec82b2a0e27063cd04bd756a27af1f003b4cef0da976d843ef4725,none,read-only,exploratory-base,exploratory-reified,2b9b44b25cd1c568cd57c6c5df25ae260b68229044617821fb33f542dab77648,ae66d4ca42b831aa94f050bbbfbb0f5f14bd256181e832c50cfe67318b5b52bf,2e884d94ace185d62b1b91debf493ccd0a69b83d08e74cf5f1c2be4851b14215,b38a65fc0c1a91e138f057f7b6c08d21c328463aceb40ffda53fc759f99d2f7a,bdd50c08a90e2fb713541b8a118df6250246a917edc41a6776aeafc90b472687,499cb9a74c9edf55505ec51c73aba437291a1d47ca7059662c432b0554433c58,"pcm-meta-v2:{""protocol"":""r9.2-frozen-identity-v7"",""message"":"""",""cell_wall_ms"":351.008,""answer_kind"":""csv-binding-multiset-v1"",""answer_key_count"":299,""answer_fingerprint"":""a283bcfcb52437b23457f97b14ee0b3c6cbb41572a24e8b3b6939f36104137d4"",""c_parse_samples"":[0.0,0.0,0.0],""c_protocol_samples"":[],""construct_total_samples"":[],""construct_unattributed_samples"":[],""status"":""ok"",""status_evidence"":null,""construction_requested"":null,""construction_effective"":null,""commit"":""0ed57212455326682a75871e0e8be71760b35282"",""batch_id"":""86853ad157eae86d68c40d6429be4177ba464e0d2a9910da1e08d479f606bff8"",""query_sha256"":""6a5c40f28fc1efcf93f4f8de194ff48179bad43fdcace9ac6f264dd26c62dadf"",""engine"":""qlever"",""engine_version"":""QLever [engines.json profile]"",""scale"":""100M"",""base_endpoint_sha256"":""bcddd715026035ef7b31e63913d55e25b6270be6bc6037325c1f80ea1359de5d"",""reified_endpoint_sha256"":""cc83ef54f5df550fbc0e634feb927cbfa21477fdb7aed1a23c2d29a56c193542"",""update_endpoint_sha256"":""8a607274f1b3d176dd6acfdc7381c25676b642e78d334a9664e45a2bdf3d52a0"",""base_data_identity_sha256"":""8a988dc83f4082a4f27503ba2906dc6b8733b3c02be567635c726c67bbd48314"",""reified_data_identity_sha256"":""16162702ccec82b2a0e27063cd04bd756a27af1f003b4cef0da976d843ef4725"",""update_for"":""none"",""access_mode"":""read-only"",""base_data_name"":""exploratory-base"",""reified_data_name"":""exploratory-reified"",""update_canary_sha256"":""2b9b44b25cd1c568cd57c6c5df25ae260b68229044617821fb33f542dab77648"",""store_instance_sha256"":""ae66d4ca42b831aa94f050bbbfbb0f5f14bd256181e832c50cfe67318b5b52bf"",""store_discriminator_sha256"":""2e884d94ace185d62b1b91debf493ccd0a69b83d08e74cf5f1c2be4851b14215"",""tool_sha256"":""b38a65fc0c1a91e138f057f7b6c08d21c328463aceb40ffda53fc759f99d2f7a"",""java_runtime_sha256"":""bdd50c08a90e2fb713541b8a118df6250246a917edc41a6776aeafc90b472687"",""run_identity_sha256"":""499cb9a74c9edf55505ec51c73aba437291a1d47ca7059662c432b0554433c58""}"
0ed57212455326682a75871e0e8be71760b35282,qlever,QLever [engines.json profile],100M,L,L4,00,6a5c40f28fc1efcf93f4f8de194ff48179bad43fdcace9ac6f264dd26c62dadf,N,N_clean (NPCS reimplementation),ok,299,4.8,4.8,5.1,4.9,0.2,1,3,300.0,63811,0.0,,,,299,178.380664,"[5.112, 4.827, 4.804]","[0.0, 0.0, 0.0]",,[],,[],,[],r9.2-frozen-identity-v7,86853ad157eae86d68c40d6429be4177ba464e0d2a9910da1e08d479f606bff8,csv-candidate-multiset-v1,299,a283bcfcb52437b23457f97b14ee0b3c6cbb41572a24e8b3b6939f36104137d4,,,,,,,,bcddd715026035ef7b31e63913d55e25b6270be6bc6037325c1f80ea1359de5d,cc83ef54f5df550fbc0e634feb927cbfa21477fdb7aed1a23c2d29a56c193542,8a607274f1b3d176dd6acfdc7381c25676b642e78d334a9664e45a2bdf3d52a0,8a988dc83f4082a4f27503ba2906dc6b8733b3c02be567635c726c67bbd48314,16162702ccec82b2a0e27063cd04bd756a27af1f003b4cef0da976d843ef4725,none,read-only,exploratory-base,exploratory-reified,2b9b44b25cd1c568cd57c6c5df25ae260b68229044617821fb33f542dab77648,ae66d4ca42b831aa94f050bbbfbb0f5f14bd256181e832c50cfe67318b5b52bf,2e884d94ace185d62b1b91debf493ccd0a69b83d08e74cf5f1c2be4851b14215,b38a65fc0c1a91e138f057f7b6c08d21c328463aceb40ffda53fc759f99d2f7a,bdd50c08a90e2fb713541b8a118df6250246a917edc41a6776aeafc90b472687,499cb9a74c9edf55505ec51c73aba437291a1d47ca7059662c432b0554433c58,"pcm-meta-v2:{""protocol"":""r9.2-frozen-identity-v7"",""message"":"""",""cell_wall_ms"":256.063,""answer_kind"":""csv-candidate-multiset-v1"",""answer_key_count"":299,""answer_fingerprint"":""a283bcfcb52437b23457f97b14ee0b3c6cbb41572a24e8b3b6939f36104137d4"",""c_parse_samples"":[0.0,0.0,0.0],""c_protocol_samples"":[],""construct_total_samples"":[],""construct_unattributed_samples"":[],""status"":""ok"",""status_evidence"":null,""construction_requested"":null,""construction_effective"":null,""commit"":""0ed57212455326682a75871e0e8be71760b35282"",""batch_id"":""86853ad157eae86d68c40d6429be4177ba464e0d2a9910da1e08d479f606bff8"",""query_sha256"":""6a5c40f28fc1efcf93f4f8de194ff48179bad43fdcace9ac6f264dd26c62dadf"",""engine"":""qlever"",""engine_version"":""QLever [engines.json profile]"",""scale"":""100M"",""base_endpoint_sha256"":""bcddd715026035ef7b31e63913d55e25b6270be6bc6037325c1f80ea1359de5d"",""reified_endpoint_sha256"":""cc83ef54f5df550fbc0e634feb927cbfa21477fdb7aed1a23c2d29a56c193542"",""update_endpoint_sha256"":""8a607274f1b3d176dd6acfdc7381c25676b642e78d334a9664e45a2bdf3d52a0"",""base_data_identity_sha256"":""8a988dc83f4082a4f27503ba2906dc6b8733b3c02be567635c726c67bbd48314"",""reified_data_identity_sha256"":""16162702ccec82b2a0e27063cd04bd756a27af1f003b4cef0da976d843ef4725"",""update_for"":""none"",""access_mode"":""read-only"",""base_data_name"":""exploratory-base"",""reified_data_name"":""exploratory-reified"",""update_canary_sha256"":""2b9b44b25cd1c568cd57c6c5df25ae260b68229044617821fb33f542dab77648"",""store_instance_sha256"":""ae66d4ca42b831aa94f050bbbfbb0f5f14bd256181e832c50cfe67318b5b52bf"",""store_discriminator_sha256"":""2e884d94ace185d62b1b91debf493ccd0a69b83d08e74cf5f1c2be4851b14215"",""tool_sha256"":""b38a65fc0c1a91e138f057f7b6c08d21c328463aceb40ffda53fc759f99d2f7a"",""java_runtime_sha256"":""bdd50c08a90e2fb713541b8a118df6250246a917edc41a6776aeafc90b472687"",""run_identity_sha256"":""499cb9a74c9edf55505ec51c73aba437291a1d47ca7059662c432b0554433c58""}"
0ed57212455326682a75871e0e8be71760b35282,qlever,QLever [engines.json profile],100M,L,L4,00,6a5c40f28fc1efcf93f4f8de194ff48179bad43fdcace9ac6f264dd26c62dadf,C,SPARQLcirc CircuitRewriter,ok,299,25.4,25.2,26.3,25.6,0.6,1,3,300.0,567243,44.8,598,897,299,,346.078737,"[26.277, 25.25, 25.391]","[44.807, 43.948, 45.671]",0.0,"[0.0, 0.0, 0.0]",71.2,"[71.221, 69.327, 71.2]",0.1,"[0.138, 0.129, 0.138]",r9.2-frozen-identity-v7,86853ad157eae86d68c40d6429be4177ba464e0d2a9910da1e08d479f606bff8,term-aware-candidate-set-v1,299,1c5b68e9c4068381c91795c60d03d29d4308f94771faf059041967bdb4047c6b,flat,flat,6e357be51063612b79512719e90439be040c2ea5516c08c6d1e1ee571c6bbc8c,,,,,bcddd715026035ef7b31e63913d55e25b6270be6bc6037325c1f80ea1359de5d,cc83ef54f5df550fbc0e634feb927cbfa21477fdb7aed1a23c2d29a56c193542,8a607274f1b3d176dd6acfdc7381c25676b642e78d334a9664e45a2bdf3d52a0,8a988dc83f4082a4f27503ba2906dc6b8733b3c02be567635c726c67bbd48314,16162702ccec82b2a0e27063cd04bd756a27af1f003b4cef0da976d843ef4725,none,read-only,exploratory-base,exploratory-reified,2b9b44b25cd1c568cd57c6c5df25ae260b68229044617821fb33f542dab77648,ae66d4ca42b831aa94f050bbbfbb0f5f14bd256181e832c50cfe67318b5b52bf,2e884d94ace185d62b1b91debf493ccd0a69b83d08e74cf5f1c2be4851b14215,b38a65fc0c1a91e138f057f7b6c08d21c328463aceb40ffda53fc759f99d2f7a,bdd50c08a90e2fb713541b8a118df6250246a917edc41a6776aeafc90b472687,499cb9a74c9edf55505ec51c73aba437291a1d47ca7059662c432b0554433c58,"pcm-meta-v2:{""protocol"":""r9.2-frozen-identity-v7"",""message"":""C requested=flat effective=flat; steps=1 feedback=0; network includes CONSTRUCT, feedback INSERT, and cleanup DELETE"",""cell_wall_ms"":688.529,""answer_kind"":""term-aware-candidate-set-v1"",""answer_key_count"":299,""answer_fingerprint"":""1c5b68e9c4068381c91795c60d03d29d4308f94771faf059041967bdb4047c6b"",""c_parse_samples"":[44.807,43.948,45.671],""c_protocol_samples"":[{""requested_mode"":""flat"",""effective_mode"":""flat"",""fallback_reason"":null,""plan_steps"":1,""feedback_steps"":0,""feedback_triples"":0,""construct_query_ms"":26.277,""feedback_update_ms"":0.0,""cleanup_ms"":0.0,""client_protocol_ms"":0.0,""network_scope"":""construct+feedback+cleanup"",""circuit_sha256"":""6e357be51063612b79512719e90439be040c2ea5516c08c6d1e1ee571c6bbc8c"",""answer_fingerprint"":""1c5b68e9c4068381c91795c60d03d29d4308f94771faf059041967bdb4047c6b"",""semantic_signature_sha256"":""919df2bece4edcfe1d892f93632d5900bdf40397eb01b895d40102763c35fafb"",""structure_signature"":{""gates"":598,""edges"":897,""answers"":299,""derivations"":299,""canonical_bytes"":567243},""construct_total_ms"":71.221,""client_unattributed_ms"":0.138},{""requested_mode"":""flat"",""effective_mode"":""flat"",""fallback_reason"":null,""plan_steps"":1,""feedback_steps"":0,""feedback_triples"":0,""construct_query_ms"":25.25,""feedback_update_ms"":0.0,""cleanup_ms"":0.0,""client_protocol_ms"":0.0,""network_scope"":""construct+feedback+cleanup"",""circuit_sha256"":""6e357be51063612b79512719e90439be040c2ea5516c08c6d1e1ee571c6bbc8c"",""answer_fingerprint"":""1c5b68e9c4068381c91795c60d03d29d4308f94771faf059041967bdb4047c6b"",""semantic_signature_sha256"":""919df2bece4edcfe1d892f93632d5900bdf40397eb01b895d40102763c35fafb"",""structure_signature"":{""gates"":598,""edges"":897,""answers"":299,""derivations"":299,""canonical_bytes"":567243},""construct_total_ms"":69.327,""client_unattributed_ms"":0.129},{""requested_mode"":""flat"",""effective_mode"":""flat"",""fallback_reason"":null,""plan_steps"":1,""feedback_steps"":0,""feedback_triples"":0,""construct_query_ms"":25.391,""feedback_update_ms"":0.0,""cleanup_ms"":0.0,""client_protocol_ms"":0.0,""network_scope"":""construct+feedback+cleanup"",""circuit_sha256"":""6e357be51063612b79512719e90439be040c2ea5516c08c6d1e1ee571c6bbc8c"",""answer_fingerprint"":""1c5b68e9c4068381c91795c60d03d29d4308f94771faf059041967bdb4047c6b"",""semantic_signature_sha256"":""919df2bece4edcfe1d892f93632d5900bdf40397eb01b895d40102763c35fafb"",""structure_signature"":{""gates"":598,""edges"":897,""answers"":299,""derivations"":299,""canonical_bytes"":567243},""construct_total_ms"":71.2,""client_unattributed_ms"":0.138}],""construct_total_samples"":[71.221,69.327,71.2],""construct_unattributed_samples"":[0.138,0.129,0.138],""status"":""ok"",""status_evidence"":null,""c_warmup_signatures"":[""919df2bece4edcfe1d892f93632d5900bdf40397eb01b895d40102763c35fafb""],""measured_semantic_signature_sha256"":""919df2bece4edcfe1d892f93632d5900bdf40397eb01b895d40102763c35fafb"",""measured_repetitions_consistent"":true,""construction_requested"":""flat"",""construction_effective"":""flat"",""commit"":""0ed57212455326682a75871e0e8be71760b35282"",""batch_id"":""86853ad157eae86d68c40d6429be4177ba464e0d2a9910da1e08d479f606bff8"",""query_sha256"":""6a5c40f28fc1efcf93f4f8de194ff48179bad43fdcace9ac6f264dd26c62dadf"",""engine"":""qlever"",""engine_version"":""QLever [engines.json profile]"",""scale"":""100M"",""base_endpoint_sha256"":""bcddd715026035ef7b31e63913d55e25b6270be6bc6037325c1f80ea1359de5d"",""reified_endpoint_sha256"":""cc83ef54f5df550fbc0e634feb927cbfa21477fdb7aed1a23c2d29a56c193542"",""update_endpoint_sha256"":""8a607274f1b3d176dd6acfdc7381c25676b642e78d334a9664e45a2bdf3d52a0"",""base_data_identity_sha256"":""8a988dc83f4082a4f27503ba2906dc6b8733b3c02be567635c726c67bbd48314"",""reified_data_identity_sha256"":""16162702ccec82b2a0e27063cd04bd756a27af1f003b4cef0da976d843ef4725"",""update_for"":""none"",""access_mode"":""read-only"",""base_data_name"":""exploratory-base"",""reified_data_name"":""exploratory-reified"",""update_canary_sha256"":""2b9b44b25cd1c568cd57c6c5df25ae260b68229044617821fb33f542dab77648"",""store_instance_sha256"":""ae66d4ca42b831aa94f050bbbfbb0f5f14bd256181e832c50cfe67318b5b52bf"",""store_discriminator_sha256"":""2e884d94ace185d62b1b91debf493ccd0a69b83d08e74cf5f1c2be4851b14215"",""tool_sha256"":""b38a65fc0c1a91e138f057f7b6c08d21c328463aceb40ffda53fc759f99d2f7a"",""java_runtime_sha256"":""bdd50c08a90e2fb713541b8a118df6250246a917edc41a6776aeafc90b472687"",""run_identity_sha256"":""499cb9a74c9edf55505ec51c73aba437291a1d47ca7059662c432b0554433c58""}"
0ed57212455326682a75871e0e8be71760b35282,qlever,QLever [engines.json profile],100M,L,L5,00,2e23cd396e2dd8542fcd6dc9541c69d45cb250a36faed0467b475b4adcca3ac6,B,base-select,ok,1310,11.2,11.2,11.9,11.4,0.4,1,3,300.0,283108,0.0,,,,,0.01053,"[11.931, 11.225, 11.177]","[0.0, 0.0, 0.0]",,[],,[],,[],r9.2-frozen-identity-v7,86853ad157eae86d68c40d6429be4177ba464e0d2a9910da1e08d479f606bff8,csv-binding-multiset-v1,1310,1d64250cdd7646ce9477b3645e763b168b7990ec166886a3c74313e13d2f36db,,,,,,,,bcddd715026035ef7b31e63913d55e25b6270be6bc6037325c1f80ea1359de5d,cc83ef54f5df550fbc0e634feb927cbfa21477fdb7aed1a23c2d29a56c193542,8a607274f1b3d176dd6acfdc7381c25676b642e78d334a9664e45a2bdf3d52a0,8a988dc83f4082a4f27503ba2906dc6b8733b3c02be567635c726c67bbd48314,16162702ccec82b2a0e27063cd04bd756a27af1f003b4cef0da976d843ef4725,none,read-only,exploratory-base,exploratory-reified,2b9b44b25cd1c568cd57c6c5df25ae260b68229044617821fb33f542dab77648,ae66d4ca42b831aa94f050bbbfbb0f5f14bd256181e832c50cfe67318b5b52bf,2e884d94ace185d62b1b91debf493ccd0a69b83d08e74cf5f1c2be4851b14215,b38a65fc0c1a91e138f057f7b6c08d21c328463aceb40ffda53fc759f99d2f7a,bdd50c08a90e2fb713541b8a118df6250246a917edc41a6776aeafc90b472687,51098b84fd0daf6e7feafdffb17c67f0843ff182a7a16c3fb8f6fb4dabd46fa4,"pcm-meta-v2:{""protocol"":""r9.2-frozen-identity-v7"",""message"":"""",""cell_wall_ms"":222.172,""answer_kind"":""csv-binding-multiset-v1"",""answer_key_count"":1310,""answer_fingerprint"":""1d64250cdd7646ce9477b3645e763b168b7990ec166886a3c74313e13d2f36db"",""c_parse_samples"":[0.0,0.0,0.0],""c_protocol_samples"":[],""construct_total_samples"":[],""construct_unattributed_samples"":[],""status"":""ok"",""status_evidence"":null,""construction_requested"":null,""construction_effective"":null,""commit"":""0ed57212455326682a75871e0e8be71760b35282"",""batch_id"":""86853ad157eae86d68c40d6429be4177ba464e0d2a9910da1e08d479f606bff8"",""query_sha256"":""2e23cd396e2dd8542fcd6dc9541c69d45cb250a36faed0467b475b4adcca3ac6"",""engine"":""qlever"",""engine_version"":""QLever [engines.json profile]"",""scale"":""100M"",""base_endpoint_sha256"":""bcddd715026035ef7b31e63913d55e25b6270be6bc6037325c1f80ea1359de5d"",""reified_endpoint_sha256"":""cc83ef54f5df550fbc0e634feb927cbfa21477fdb7aed1a23c2d29a56c193542"",""update_endpoint_sha256"":""8a607274f1b3d176dd6acfdc7381c25676b642e78d334a9664e45a2bdf3d52a0"",""base_data_identity_sha256"":""8a988dc83f4082a4f27503ba2906dc6b8733b3c02be567635c726c67bbd48314"",""reified_data_identity_sha256"":""16162702ccec82b2a0e27063cd04bd756a27af1f003b4cef0da976d843ef4725"",""update_for"":""none"",""access_mode"":""read-only"",""base_data_name"":""exploratory-base"",""reified_data_name"":""exploratory-reified"",""update_canary_sha256"":""2b9b44b25cd1c568cd57c6c5df25ae260b68229044617821fb33f542dab77648"",""store_instance_sha256"":""ae66d4ca42b831aa94f050bbbfbb0f5f14bd256181e832c50cfe67318b5b52bf"",""store_discriminator_sha256"":""2e884d94ace185d62b1b91debf493ccd0a69b83d08e74cf5f1c2be4851b14215"",""tool_sha256"":""b38a65fc0c1a91e138f057f7b6c08d21c328463aceb40ffda53fc759f99d2f7a"",""java_runtime_sha256"":""bdd50c08a90e2fb713541b8a118df6250246a917edc41a6776aeafc90b472687"",""run_identity_sha256"":""51098b84fd0daf6e7feafdffb17c67f0843ff182a7a16c3fb8f6fb4dabd46fa4""}"
0ed57212455326682a75871e0e8be71760b35282,qlever,QLever [engines.json profile],100M,L,L5,00,2e23cd396e2dd8542fcd6dc9541c69d45cb250a36faed0467b475b4adcca3ac6,R,reification-only,ok,1310,24.1,23.3,24.9,24.1,0.8,1,3,300.0,283108,0.0,,,,,129.255534,"[24.115, 24.904, 23.316]","[0.0, 0.0, 0.0]",,[],,[],,[],r9.2-frozen-identity-v7,86853ad157eae86d68c40d6429be4177ba464e0d2a9910da1e08d479f606bff8,csv-binding-multiset-v1,1310,1d64250cdd7646ce9477b3645e763b168b7990ec166886a3c74313e13d2f36db,,,,,,,,bcddd715026035ef7b31e63913d55e25b6270be6bc6037325c1f80ea1359de5d,cc83ef54f5df550fbc0e634feb927cbfa21477fdb7aed1a23c2d29a56c193542,8a607274f1b3d176dd6acfdc7381c25676b642e78d334a9664e45a2bdf3d52a0,8a988dc83f4082a4f27503ba2906dc6b8733b3c02be567635c726c67bbd48314,16162702ccec82b2a0e27063cd04bd756a27af1f003b4cef0da976d843ef4725,none,read-only,exploratory-base,exploratory-reified,2b9b44b25cd1c568cd57c6c5df25ae260b68229044617821fb33f542dab77648,ae66d4ca42b831aa94f050bbbfbb0f5f14bd256181e832c50cfe67318b5b52bf,2e884d94ace185d62b1b91debf493ccd0a69b83d08e74cf5f1c2be4851b14215,b38a65fc0c1a91e138f057f7b6c08d21c328463aceb40ffda53fc759f99d2f7a,bdd50c08a90e2fb713541b8a118df6250246a917edc41a6776aeafc90b472687,51098b84fd0daf6e7feafdffb17c67f0843ff182a7a16c3fb8f6fb4dabd46fa4,"pcm-meta-v2:{""protocol"":""r9.2-frozen-identity-v7"",""message"":"""",""cell_wall_ms"":1249.433,""answer_kind"":""csv-binding-multiset-v1"",""answer_key_count"":1310,""answer_fingerprint"":""1d64250cdd7646ce9477b3645e763b168b7990ec166886a3c74313e13d2f36db"",""c_parse_samples"":[0.0,0.0,0.0],""c_protocol_samples"":[],""construct_total_samples"":[],""construct_unattributed_samples"":[],""status"":""ok"",""status_evidence"":null,""construction_requested"":null,""construction_effective"":null,""commit"":""0ed57212455326682a75871e0e8be71760b35282"",""batch_id"":""86853ad157eae86d68c40d6429be4177ba464e0d2a9910da1e08d479f606bff8"",""query_sha256"":""2e23cd396e2dd8542fcd6dc9541c69d45cb250a36faed0467b475b4adcca3ac6"",""engine"":""qlever"",""engine_version"":""QLever [engines.json profile]"",""scale"":""100M"",""base_endpoint_sha256"":""bcddd715026035ef7b31e63913d55e25b6270be6bc6037325c1f80ea1359de5d"",""reified_endpoint_sha256"":""cc83ef54f5df550fbc0e634feb927cbfa21477fdb7aed1a23c2d29a56c193542"",""update_endpoint_sha256"":""8a607274f1b3d176dd6acfdc7381c25676b642e78d334a9664e45a2bdf3d52a0"",""base_data_identity_sha256"":""8a988dc83f4082a4f27503ba2906dc6b8733b3c02be567635c726c67bbd48314"",""reified_data_identity_sha256"":""16162702ccec82b2a0e27063cd04bd756a27af1f003b4cef0da976d843ef4725"",""update_for"":""none"",""access_mode"":""read-only"",""base_data_name"":""exploratory-base"",""reified_data_name"":""exploratory-reified"",""update_canary_sha256"":""2b9b44b25cd1c568cd57c6c5df25ae260b68229044617821fb33f542dab77648"",""store_instance_sha256"":""ae66d4ca42b831aa94f050bbbfbb0f5f14bd256181e832c50cfe67318b5b52bf"",""store_discriminator_sha256"":""2e884d94ace185d62b1b91debf493ccd0a69b83d08e74cf5f1c2be4851b14215"",""tool_sha256"":""b38a65fc0c1a91e138f057f7b6c08d21c328463aceb40ffda53fc759f99d2f7a"",""java_runtime_sha256"":""bdd50c08a90e2fb713541b8a118df6250246a917edc41a6776aeafc90b472687"",""run_identity_sha256"":""51098b84fd0daf6e7feafdffb17c67f0843ff182a7a16c3fb8f6fb4dabd46fa4""}"
0ed57212455326682a75871e0e8be71760b35282,qlever,QLever [engines.json profile],100M,L,L5,00,2e23cd396e2dd8542fcd6dc9541c69d45cb250a36faed0467b475b4adcca3ac6,N,N_clean (NPCS reimplementation),ok,1310,24.2,24.0,25.1,24.4,0.6,1,3,300.0,350238,0.0,,,,1310,191.759189,"[25.073, 24.207, 24.002]","[0.0, 0.0, 0.0]",,[],,[],,[],r9.2-frozen-identity-v7,86853ad157eae86d68c40d6429be4177ba464e0d2a9910da1e08d479f606bff8,csv-candidate-multiset-v1,1310,1d64250cdd7646ce9477b3645e763b168b7990ec166886a3c74313e13d2f36db,,,,,,,,bcddd715026035ef7b31e63913d55e25b6270be6bc6037325c1f80ea1359de5d,cc83ef54f5df550fbc0e634feb927cbfa21477fdb7aed1a23c2d29a56c193542,8a607274f1b3d176dd6acfdc7381c25676b642e78d334a9664e45a2bdf3d52a0,8a988dc83f4082a4f27503ba2906dc6b8733b3c02be567635c726c67bbd48314,16162702ccec82b2a0e27063cd04bd756a27af1f003b4cef0da976d843ef4725,none,read-only,exploratory-base,exploratory-reified,2b9b44b25cd1c568cd57c6c5df25ae260b68229044617821fb33f542dab77648,ae66d4ca42b831aa94f050bbbfbb0f5f14bd256181e832c50cfe67318b5b52bf,2e884d94ace185d62b1b91debf493ccd0a69b83d08e74cf5f1c2be4851b14215,b38a65fc0c1a91e138f057f7b6c08d21c328463aceb40ffda53fc759f99d2f7a,bdd50c08a90e2fb713541b8a118df6250246a917edc41a6776aeafc90b472687,51098b84fd0daf6e7feafdffb17c67f0843ff182a7a16c3fb8f6fb4dabd46fa4,"pcm-meta-v2:{""protocol"":""r9.2-frozen-identity-v7"",""message"":"""",""cell_wall_ms"":492.022,""answer_kind"":""csv-candidate-multiset-v1"",""answer_key_count"":1310,""answer_fingerprint"":""1d64250cdd7646ce9477b3645e763b168b7990ec166886a3c74313e13d2f36db"",""c_parse_samples"":[0.0,0.0,0.0],""c_protocol_samples"":[],""construct_total_samples"":[],""construct_unattributed_samples"":[],""status"":""ok"",""status_evidence"":null,""construction_requested"":null,""construction_effective"":null,""commit"":""0ed57212455326682a75871e0e8be71760b35282"",""batch_id"":""86853ad157eae86d68c40d6429be4177ba464e0d2a9910da1e08d479f606bff8"",""query_sha256"":""2e23cd396e2dd8542fcd6dc9541c69d45cb250a36faed0467b475b4adcca3ac6"",""engine"":""qlever"",""engine_version"":""QLever [engines.json profile]"",""scale"":""100M"",""base_endpoint_sha256"":""bcddd715026035ef7b31e63913d55e25b6270be6bc6037325c1f80ea1359de5d"",""reified_endpoint_sha256"":""cc83ef54f5df550fbc0e634feb927cbfa21477fdb7aed1a23c2d29a56c193542"",""update_endpoint_sha256"":""8a607274f1b3d176dd6acfdc7381c25676b642e78d334a9664e45a2bdf3d52a0"",""base_data_identity_sha256"":""8a988dc83f4082a4f27503ba2906dc6b8733b3c02be567635c726c67bbd48314"",""reified_data_identity_sha256"":""16162702ccec82b2a0e27063cd04bd756a27af1f003b4cef0da976d843ef4725"",""update_for"":""none"",""access_mode"":""read-only"",""base_data_name"":""exploratory-base"",""reified_data_name"":""exploratory-reified"",""update_canary_sha256"":""2b9b44b25cd1c568cd57c6c5df25ae260b68229044617821fb33f542dab77648"",""store_instance_sha256"":""ae66d4ca42b831aa94f050bbbfbb0f5f14bd256181e832c50cfe67318b5b52bf"",""store_discriminator_sha256"":""2e884d94ace185d62b1b91debf493ccd0a69b83d08e74cf5f1c2be4851b14215"",""tool_sha256"":""b38a65fc0c1a91e138f057f7b6c08d21c328463aceb40ffda53fc759f99d2f7a"",""java_runtime_sha256"":""bdd50c08a90e2fb713541b8a118df6250246a917edc41a6776aeafc90b472687"",""run_identity_sha256"":""51098b84fd0daf6e7feafdffb17c67f0843ff182a7a16c3fb8f6fb4dabd46fa4""}"
0ed57212455326682a75871e0e8be71760b35282,qlever,QLever [engines.json profile],100M,L,L5,00,2e23cd396e2dd8542fcd6dc9541c69d45cb250a36faed0467b475b4adcca3ac6,C,SPARQLcirc CircuitRewriter,ok,1310,86.2,85.7,86.5,86.1,0.4,1,3,300.0,3241514,265.3,2620,5240,1310,,361.697175,"[85.702, 86.532, 86.204]","[265.311, 262.028, 268.346]",0.0,"[0.0, 0.0, 0.0]",353.2,"[353.194, 350.805, 356.803]",2.2,"[2.181, 2.245, 2.252]",r9.2-frozen-identity-v7,86853ad157eae86d68c40d6429be4177ba464e0d2a9910da1e08d479f606bff8,term-aware-candidate-set-v1,1310,1ccae83939bdc398566e55ba52921d9776aafbeed8a4d68cc884d033346093f3,flat,flat,dcf33bc6b3e2ced5a674f23acdb5fc780d986686832dc3f8544270361c999646,,,,,bcddd715026035ef7b31e63913d55e25b6270be6bc6037325c1f80ea1359de5d,cc83ef54f5df550fbc0e634feb927cbfa21477fdb7aed1a23c2d29a56c193542,8a607274f1b3d176dd6acfdc7381c25676b642e78d334a9664e45a2bdf3d52a0,8a988dc83f4082a4f27503ba2906dc6b8733b3c02be567635c726c67bbd48314,16162702ccec82b2a0e27063cd04bd756a27af1f003b4cef0da976d843ef4725,none,read-only,exploratory-base,exploratory-reified,2b9b44b25cd1c568cd57c6c5df25ae260b68229044617821fb33f542dab77648,ae66d4ca42b831aa94f050bbbfbb0f5f14bd256181e832c50cfe67318b5b52bf,2e884d94ace185d62b1b91debf493ccd0a69b83d08e74cf5f1c2be4851b14215,b38a65fc0c1a91e138f057f7b6c08d21c328463aceb40ffda53fc759f99d2f7a,bdd50c08a90e2fb713541b8a118df6250246a917edc41a6776aeafc90b472687,51098b84fd0daf6e7feafdffb17c67f0843ff182a7a16c3fb8f6fb4dabd46fa4,"pcm-meta-v2:{""protocol"":""r9.2-frozen-identity-v7"",""message"":""C requested=flat effective=flat; steps=1 feedback=0; network includes CONSTRUCT, feedback INSERT, and cleanup DELETE"",""cell_wall_ms"":2089.444,""answer_kind"":""term-aware-candidate-set-v1"",""answer_key_count"":1310,""answer_fingerprint"":""1ccae83939bdc398566e55ba52921d9776aafbeed8a4d68cc884d033346093f3"",""c_parse_samples"":[265.311,262.028,268.346],""c_protocol_samples"":[{""requested_mode"":""flat"",""effective_mode"":""flat"",""fallback_reason"":null,""plan_steps"":1,""feedback_steps"":0,""feedback_triples"":0,""construct_query_ms"":85.702,""feedback_update_ms"":0.0,""cleanup_ms"":0.0,""client_protocol_ms"":0.0,""network_scope"":""construct+feedback+cleanup"",""circuit_sha256"":""dcf33bc6b3e2ced5a674f23acdb5fc780d986686832dc3f8544270361c999646"",""answer_fingerprint"":""1ccae83939bdc398566e55ba52921d9776aafbeed8a4d68cc884d033346093f3"",""semantic_signature_sha256"":""d30d07dfce0734e1c37d5f2dc26890bc4bcef25130aaf0fbfabce0951f06e470"",""structure_signature"":{""gates"":2620,""edges"":5240,""answers"":1310,""derivations"":1310,""canonical_bytes"":3241514},""construct_total_ms"":353.194,""client_unattributed_ms"":2.181},{""requested_mode"":""flat"",""effective_mode"":""flat"",""fallback_reason"":null,""plan_steps"":1,""feedback_steps"":0,""feedback_triples"":0,""construct_query_ms"":86.532,""feedback_update_ms"":0.0,""cleanup_ms"":0.0,""client_protocol_ms"":0.0,""network_scope"":""construct+feedback+cleanup"",""circuit_sha256"":""dcf33bc6b3e2ced5a674f23acdb5fc780d986686832dc3f8544270361c999646"",""answer_fingerprint"":""1ccae83939bdc398566e55ba52921d9776aafbeed8a4d68cc884d033346093f3"",""semantic_signature_sha256"":""d30d07dfce0734e1c37d5f2dc26890bc4bcef25130aaf0fbfabce0951f06e470"",""structure_signature"":{""gates"":2620,""edges"":5240,""answers"":1310,""derivations"":1310,""canonical_bytes"":3241514},""construct_total_ms"":350.805,""client_unattributed_ms"":2.245},{""requested_mode"":""flat"",""effective_mode"":""flat"",""fallback_reason"":null,""plan_steps"":1,""feedback_steps"":0,""feedback_triples"":0,""construct_query_ms"":86.204,""feedback_update_ms"":0.0,""cleanup_ms"":0.0,""client_protocol_ms"":0.0,""network_scope"":""construct+feedback+cleanup"",""circuit_sha256"":""dcf33bc6b3e2ced5a674f23acdb5fc780d986686832dc3f8544270361c999646"",""answer_fingerprint"":""1ccae83939bdc398566e55ba52921d9776aafbeed8a4d68cc884d033346093f3"",""semantic_signature_sha256"":""d30d07dfce0734e1c37d5f2dc26890bc4bcef25130aaf0fbfabce0951f06e470"",""structure_signature"":{""gates"":2620,""edges"":5240,""answers"":1310,""derivations"":1310,""canonical_bytes"":3241514},""construct_total_ms"":356.803,""client_unattributed_ms"":2.252}],""construct_total_samples"":[353.194,350.805,356.803],""construct_unattributed_samples"":[2.181,2.245,2.252],""status"":""ok"",""status_evidence"":null,""c_warmup_signatures"":[""d30d07dfce0734e1c37d5f2dc26890bc4bcef25130aaf0fbfabce0951f06e470""],""measured_semantic_signature_sha256"":""d30d07dfce0734e1c37d5f2dc26890bc4bcef25130aaf0fbfabce0951f06e470"",""measured_repetitions_consistent"":true,""construction_requested"":""flat"",""construction_effective"":""flat"",""commit"":""0ed57212455326682a75871e0e8be71760b35282"",""batch_id"":""86853ad157eae86d68c40d6429be4177ba464e0d2a9910da1e08d479f606bff8"",""query_sha256"":""2e23cd396e2dd8542fcd6dc9541c69d45cb250a36faed0467b475b4adcca3ac6"",""engine"":""qlever"",""engine_version"":""QLever [engines.json profile]"",""scale"":""100M"",""base_endpoint_sha256"":""bcddd715026035ef7b31e63913d55e25b6270be6bc6037325c1f80ea1359de5d"",""reified_endpoint_sha256"":""cc83ef54f5df550fbc0e634feb927cbfa21477fdb7aed1a23c2d29a56c193542"",""update_endpoint_sha256"":""8a607274f1b3d176dd6acfdc7381c25676b642e78d334a9664e45a2bdf3d52a0"",""base_data_identity_sha256"":""8a988dc83f4082a4f27503ba2906dc6b8733b3c02be567635c726c67bbd48314"",""reified_data_identity_sha256"":""16162702ccec82b2a0e27063cd04bd756a27af1f003b4cef0da976d843ef4725"",""update_for"":""none"",""access_mode"":""read-only"",""base_data_name"":""exploratory-base"",""reified_data_name"":""exploratory-reified"",""update_canary_sha256"":""2b9b44b25cd1c568cd57c6c5df25ae260b68229044617821fb33f542dab77648"",""store_instance_sha256"":""ae66d4ca42b831aa94f050bbbfbb0f5f14bd256181e832c50cfe67318b5b52bf"",""store_discriminator_sha256"":""2e884d94ace185d62b1b91debf493ccd0a69b83d08e74cf5f1c2be4851b14215"",""tool_sha256"":""b38a65fc0c1a91e138f057f7b6c08d21c328463aceb40ffda53fc759f99d2f7a"",""java_runtime_sha256"":""bdd50c08a90e2fb713541b8a118df6250246a917edc41a6776aeafc90b472687"",""run_identity_sha256"":""51098b84fd0daf6e7feafdffb17c67f0843ff182a7a16c3fb8f6fb4dabd46fa4""}"
0ed57212455326682a75871e0e8be71760b35282,qlever,QLever [engines.json profile],100M,S,S1,00,11a13df922fdbee8f9776eaed6af62ffda103b2b406da774b3f49300860168da,B,base-select,ok,7,133.6,132.2,134.0,133.2,0.9,1,3,300.0,1361,0.0,,,,,0.00725,"[133.556, 133.974, 132.206]","[0.0, 0.0, 0.0]",,[],,[],,[],r9.2-frozen-identity-v7,452d31318b38ed3a98020bb1c5d652bf70499127cfff38dcb6e29c43399a990f,csv-binding-multiset-v1,7,67ef3a318d853e2988eb09db5815a1f3aa3de3eae655ca6f95b3d9cb6bfc3f5c,,,,,,,,bcddd715026035ef7b31e63913d55e25b6270be6bc6037325c1f80ea1359de5d,cc83ef54f5df550fbc0e634feb927cbfa21477fdb7aed1a23c2d29a56c193542,8a607274f1b3d176dd6acfdc7381c25676b642e78d334a9664e45a2bdf3d52a0,8a988dc83f4082a4f27503ba2906dc6b8733b3c02be567635c726c67bbd48314,16162702ccec82b2a0e27063cd04bd756a27af1f003b4cef0da976d843ef4725,none,read-only,exploratory-base,exploratory-reified,2b9b44b25cd1c568cd57c6c5df25ae260b68229044617821fb33f542dab77648,ae66d4ca42b831aa94f050bbbfbb0f5f14bd256181e832c50cfe67318b5b52bf,2e884d94ace185d62b1b91debf493ccd0a69b83d08e74cf5f1c2be4851b14215,b38a65fc0c1a91e138f057f7b6c08d21c328463aceb40ffda53fc759f99d2f7a,bdd50c08a90e2fb713541b8a118df6250246a917edc41a6776aeafc90b472687,95430d8b21ae5bda3b2e085ad9fc33aae320fbc8dba51a93bebdc90adf099222,"pcm-meta-v2:{""protocol"":""r9.2-frozen-identity-v7"",""message"":"""",""cell_wall_ms"":615.569,""answer_kind"":""csv-binding-multiset-v1"",""answer_key_count"":7,""answer_fingerprint"":""67ef3a318d853e2988eb09db5815a1f3aa3de3eae655ca6f95b3d9cb6bfc3f5c"",""c_parse_samples"":[0.0,0.0,0.0],""c_protocol_samples"":[],""construct_total_samples"":[],""construct_unattributed_samples"":[],""status"":""ok"",""status_evidence"":null,""construction_requested"":null,""construction_effective"":null,""commit"":""0ed57212455326682a75871e0e8be71760b35282"",""batch_id"":""452d31318b38ed3a98020bb1c5d652bf70499127cfff38dcb6e29c43399a990f"",""query_sha256"":""11a13df922fdbee8f9776eaed6af62ffda103b2b406da774b3f49300860168da"",""engine"":""qlever"",""engine_version"":""QLever [engines.json profile]"",""scale"":""100M"",""base_endpoint_sha256"":""bcddd715026035ef7b31e63913d55e25b6270be6bc6037325c1f80ea1359de5d"",""reified_endpoint_sha256"":""cc83ef54f5df550fbc0e634feb927cbfa21477fdb7aed1a23c2d29a56c193542"",""update_endpoint_sha256"":""8a607274f1b3d176dd6acfdc7381c25676b642e78d334a9664e45a2bdf3d52a0"",""base_data_identity_sha256"":""8a988dc83f4082a4f27503ba2906dc6b8733b3c02be567635c726c67bbd48314"",""reified_data_identity_sha256"":""16162702ccec82b2a0e27063cd04bd756a27af1f003b4cef0da976d843ef4725"",""update_for"":""none"",""access_mode"":""read-only"",""base_data_name"":""exploratory-base"",""reified_data_name"":""exploratory-reified"",""update_canary_sha256"":""2b9b44b25cd1c568cd57c6c5df25ae260b68229044617821fb33f542dab77648"",""store_instance_sha256"":""ae66d4ca42b831aa94f050bbbfbb0f5f14bd256181e832c50cfe67318b5b52bf"",""store_discriminator_sha256"":""2e884d94ace185d62b1b91debf493ccd0a69b83d08e74cf5f1c2be4851b14215"",""tool_sha256"":""b38a65fc0c1a91e138f057f7b6c08d21c328463aceb40ffda53fc759f99d2f7a"",""java_runtime_sha256"":""bdd50c08a90e2fb713541b8a118df6250246a917edc41a6776aeafc90b472687"",""run_identity_sha256"":""95430d8b21ae5bda3b2e085ad9fc33aae320fbc8dba51a93bebdc90adf099222""}"
0ed57212455326682a75871e0e8be71760b35282,qlever,QLever [engines.json profile],100M,S,S1,00,11a13df922fdbee8f9776eaed6af62ffda103b2b406da774b3f49300860168da,R,reification-only,ok,7,1722.8,742.4,3319.6,1928.3,1300.8,1,3,300.0,1361,0.0,,,,,131.202114,"[3319.592, 1722.817, 742.415]","[0.0, 0.0, 0.0]",,[],,[],,[],r9.2-frozen-identity-v7,452d31318b38ed3a98020bb1c5d652bf70499127cfff38dcb6e29c43399a990f,csv-binding-multiset-v1,7,67ef3a318d853e2988eb09db5815a1f3aa3de3eae655ca6f95b3d9cb6bfc3f5c,,,,,,,,bcddd715026035ef7b31e63913d55e25b6270be6bc6037325c1f80ea1359de5d,cc83ef54f5df550fbc0e634feb927cbfa21477fdb7aed1a23c2d29a56c193542,8a607274f1b3d176dd6acfdc7381c25676b642e78d334a9664e45a2bdf3d52a0,8a988dc83f4082a4f27503ba2906dc6b8733b3c02be567635c726c67bbd48314,16162702ccec82b2a0e27063cd04bd756a27af1f003b4cef0da976d843ef4725,none,read-only,exploratory-base,exploratory-reified,2b9b44b25cd1c568cd57c6c5df25ae260b68229044617821fb33f542dab77648,ae66d4ca42b831aa94f050bbbfbb0f5f14bd256181e832c50cfe67318b5b52bf,2e884d94ace185d62b1b91debf493ccd0a69b83d08e74cf5f1c2be4851b14215,b38a65fc0c1a91e138f057f7b6c08d21c328463aceb40ffda53fc759f99d2f7a,bdd50c08a90e2fb713541b8a118df6250246a917edc41a6776aeafc90b472687,95430d8b21ae5bda3b2e085ad9fc33aae320fbc8dba51a93bebdc90adf099222,"pcm-meta-v2:{""protocol"":""r9.2-frozen-identity-v7"",""message"":"""",""cell_wall_ms"":10513.042,""answer_kind"":""csv-binding-multiset-v1"",""answer_key_count"":7,""answer_fingerprint"":""67ef3a318d853e2988eb09db5815a1f3aa3de3eae655ca6f95b3d9cb6bfc3f5c"",""c_parse_samples"":[0.0,0.0,0.0],""c_protocol_samples"":[],""construct_total_samples"":[],""construct_unattributed_samples"":[],""status"":""ok"",""status_evidence"":null,""construction_requested"":null,""construction_effective"":null,""commit"":""0ed57212455326682a75871e0e8be71760b35282"",""batch_id"":""452d31318b38ed3a98020bb1c5d652bf70499127cfff38dcb6e29c43399a990f"",""query_sha256"":""11a13df922fdbee8f9776eaed6af62ffda103b2b406da774b3f49300860168da"",""engine"":""qlever"",""engine_version"":""QLever [engines.json profile]"",""scale"":""100M"",""base_endpoint_sha256"":""bcddd715026035ef7b31e63913d55e25b6270be6bc6037325c1f80ea1359de5d"",""reified_endpoint_sha256"":""cc83ef54f5df550fbc0e634feb927cbfa21477fdb7aed1a23c2d29a56c193542"",""update_endpoint_sha256"":""8a607274f1b3d176dd6acfdc7381c25676b642e78d334a9664e45a2bdf3d52a0"",""base_data_identity_sha256"":""8a988dc83f4082a4f27503ba2906dc6b8733b3c02be567635c726c67bbd48314"",""reified_data_identity_sha256"":""16162702ccec82b2a0e27063cd04bd756a27af1f003b4cef0da976d843ef4725"",""update_for"":""none"",""access_mode"":""read-only"",""base_data_name"":""exploratory-base"",""reified_data_name"":""exploratory-reified"",""update_canary_sha256"":""2b9b44b25cd1c568cd57c6c5df25ae260b68229044617821fb33f542dab77648"",""store_instance_sha256"":""ae66d4ca42b831aa94f050bbbfbb0f5f14bd256181e832c50cfe67318b5b52bf"",""store_discriminator_sha256"":""2e884d94ace185d62b1b91debf493ccd0a69b83d08e74cf5f1c2be4851b14215"",""tool_sha256"":""b38a65fc0c1a91e138f057f7b6c08d21c328463aceb40ffda53fc759f99d2f7a"",""java_runtime_sha256"":""bdd50c08a90e2fb713541b8a118df6250246a917edc41a6776aeafc90b472687"",""run_identity_sha256"":""95430d8b21ae5bda3b2e085ad9fc33aae320fbc8dba51a93bebdc90adf099222""}"
0ed57212455326682a75871e0e8be71760b35282,qlever,QLever [engines.json profile],100M,S,S1,00,11a13df922fdbee8f9776eaed6af62ffda103b2b406da774b3f49300860168da,N,N_clean (NPCS reimplementation),ok,7,3220.0,1651.9,4443.7,3105.2,1399.4,1,3,300.0,2365,0.0,,,,7,192.857236,"[4443.728, 1651.946, 3220.016]","[0.0, 0.0, 0.0]",,[],,[],,[],r9.2-frozen-identity-v7,452d31318b38ed3a98020bb1c5d652bf70499127cfff38dcb6e29c43399a990f,csv-candidate-multiset-v1,7,67ef3a318d853e2988eb09db5815a1f3aa3de3eae655ca6f95b3d9cb6bfc3f5c,,,,,,,,bcddd715026035ef7b31e63913d55e25b6270be6bc6037325c1f80ea1359de5d,cc83ef54f5df550fbc0e634feb927cbfa21477fdb7aed1a23c2d29a56c193542,8a607274f1b3d176dd6acfdc7381c25676b642e78d334a9664e45a2bdf3d52a0,8a988dc83f4082a4f27503ba2906dc6b8733b3c02be567635c726c67bbd48314,16162702ccec82b2a0e27063cd04bd756a27af1f003b4cef0da976d843ef4725,none,read-only,exploratory-base,exploratory-reified,2b9b44b25cd1c568cd57c6c5df25ae260b68229044617821fb33f542dab77648,ae66d4ca42b831aa94f050bbbfbb0f5f14bd256181e832c50cfe67318b5b52bf,2e884d94ace185d62b1b91debf493ccd0a69b83d08e74cf5f1c2be4851b14215,b38a65fc0c1a91e138f057f7b6c08d21c328463aceb40ffda53fc759f99d2f7a,bdd50c08a90e2fb713541b8a118df6250246a917edc41a6776aeafc90b472687,95430d8b21ae5bda3b2e085ad9fc33aae320fbc8dba51a93bebdc90adf099222,"pcm-meta-v2:{""protocol"":""r9.2-frozen-identity-v7"",""message"":"""",""cell_wall_ms"":14421.894,""answer_kind"":""csv-candidate-multiset-v1"",""answer_key_count"":7,""answer_fingerprint"":""67ef3a318d853e2988eb09db5815a1f3aa3de3eae655ca6f95b3d9cb6bfc3f5c"",""c_parse_samples"":[0.0,0.0,0.0],""c_protocol_samples"":[],""construct_total_samples"":[],""construct_unattributed_samples"":[],""status"":""ok"",""status_evidence"":null,""construction_requested"":null,""construction_effective"":null,""commit"":""0ed57212455326682a75871e0e8be71760b35282"",""batch_id"":""452d31318b38ed3a98020bb1c5d652bf70499127cfff38dcb6e29c43399a990f"",""query_sha256"":""11a13df922fdbee8f9776eaed6af62ffda103b2b406da774b3f49300860168da"",""engine"":""qlever"",""engine_version"":""QLever [engines.json profile]"",""scale"":""100M"",""base_endpoint_sha256"":""bcddd715026035ef7b31e63913d55e25b6270be6bc6037325c1f80ea1359de5d"",""reified_endpoint_sha256"":""cc83ef54f5df550fbc0e634feb927cbfa21477fdb7aed1a23c2d29a56c193542"",""update_endpoint_sha256"":""8a607274f1b3d176dd6acfdc7381c25676b642e78d334a9664e45a2bdf3d52a0"",""base_data_identity_sha256"":""8a988dc83f4082a4f27503ba2906dc6b8733b3c02be567635c726c67bbd48314"",""reified_data_identity_sha256"":""16162702ccec82b2a0e27063cd04bd756a27af1f003b4cef0da976d843ef4725"",""update_for"":""none"",""access_mode"":""read-only"",""base_data_name"":""exploratory-base"",""reified_data_name"":""exploratory-reified"",""update_canary_sha256"":""2b9b44b25cd1c568cd57c6c5df25ae260b68229044617821fb33f542dab77648"",""store_instance_sha256"":""ae66d4ca42b831aa94f050bbbfbb0f5f14bd256181e832c50cfe67318b5b52bf"",""store_discriminator_sha256"":""2e884d94ace185d62b1b91debf493ccd0a69b83d08e74cf5f1c2be4851b14215"",""tool_sha256"":""b38a65fc0c1a91e138f057f7b6c08d21c328463aceb40ffda53fc759f99d2f7a"",""java_runtime_sha256"":""bdd50c08a90e2fb713541b8a118df6250246a917edc41a6776aeafc90b472687"",""run_identity_sha256"":""95430d8b21ae5bda3b2e085ad9fc33aae320fbc8dba51a93bebdc90adf099222""}"
0ed57212455326682a75871e0e8be71760b35282,qlever,QLever [engines.json profile],100M,S,S1,00,11a13df922fdbee8f9776eaed6af62ffda103b2b406da774b3f49300860168da,C,SPARQLcirc CircuitRewriter,ok,7,7236.0,3995.0,7645.9,6292.3,2000.0,1,3,300.0,37703,3.5,14,70,7,,418.25986,"[7236.001, 3994.977, 7645.862]","[3.348, 3.588, 3.477]",0.0,"[0.0, 0.0, 0.0]",7239.4,"[7239.429, 3998.638, 7649.427]",0.1,"[0.08, 0.073, 0.088]",r9.2-frozen-identity-v7,452d31318b38ed3a98020bb1c5d652bf70499127cfff38dcb6e29c43399a990f,term-aware-candidate-set-v1,7,f1dc6ee7ef8c3d097e8a1973c4cccb9b9049e626d752ada0c7bed0b7b4c0232c,flat,flat,e65677f91e9a222646143b2d151613a0202ab531a8709bc445fed9a3fd8632ea,,,,,bcddd715026035ef7b31e63913d55e25b6270be6bc6037325c1f80ea1359de5d,cc83ef54f5df550fbc0e634feb927cbfa21477fdb7aed1a23c2d29a56c193542,8a607274f1b3d176dd6acfdc7381c25676b642e78d334a9664e45a2bdf3d52a0,8a988dc83f4082a4f27503ba2906dc6b8733b3c02be567635c726c67bbd48314,16162702ccec82b2a0e27063cd04bd756a27af1f003b4cef0da976d843ef4725,none,read-only,exploratory-base,exploratory-reified,2b9b44b25cd1c568cd57c6c5df25ae260b68229044617821fb33f542dab77648,ae66d4ca42b831aa94f050bbbfbb0f5f14bd256181e832c50cfe67318b5b52bf,2e884d94ace185d62b1b91debf493ccd0a69b83d08e74cf5f1c2be4851b14215,b38a65fc0c1a91e138f057f7b6c08d21c328463aceb40ffda53fc759f99d2f7a,bdd50c08a90e2fb713541b8a118df6250246a917edc41a6776aeafc90b472687,95430d8b21ae5bda3b2e085ad9fc33aae320fbc8dba51a93bebdc90adf099222,"pcm-meta-v2:{""protocol"":""r9.2-frozen-identity-v7"",""message"":""C requested=flat effective=flat; steps=1 feedback=0; network includes CONSTRUCT, feedback INSERT, and cleanup DELETE"",""cell_wall_ms"":26546.756,""answer_kind"":""term-aware-candidate-set-v1"",""answer_key_count"":7,""answer_fingerprint"":""f1dc6ee7ef8c3d097e8a1973c4cccb9b9049e626d752ada0c7bed0b7b4c0232c"",""c_parse_samples"":[3.348,3.588,3.477],""c_protocol_samples"":[{""requested_mode"":""flat"",""effective_mode"":""flat"",""fallback_reason"":null,""plan_steps"":1,""feedback_steps"":0,""feedback_triples"":0,""construct_query_ms"":7236.001,""feedback_update_ms"":0.0,""cleanup_ms"":0.0,""client_protocol_ms"":0.0,""network_scope"":""construct+feedback+cleanup"",""circuit_sha256"":""e65677f91e9a222646143b2d151613a0202ab531a8709bc445fed9a3fd8632ea"",""answer_fingerprint"":""f1dc6ee7ef8c3d097e8a1973c4cccb9b9049e626d752ada0c7bed0b7b4c0232c"",""semantic_signature_sha256"":""2ce99ff284132742b720b51016ff648ea2f7b5dff5a03f4de19112d300446f77"",""structure_signature"":{""gates"":14,""edges"":70,""answers"":7,""derivations"":7,""canonical_bytes"":37703},""construct_total_ms"":7239.429,""client_unattributed_ms"":0.08},{""requested_mode"":""flat"",""effective_mode"":""flat"",""fallback_reason"":null,""plan_steps"":1,""feedback_steps"":0,""feedback_triples"":0,""construct_query_ms"":3994.977,""feedback_update_ms"":0.0,""cleanup_ms"":0.0,""client_protocol_ms"":0.0,""network_scope"":""construct+feedback+cleanup"",""circuit_sha256"":""e65677f91e9a222646143b2d151613a0202ab531a8709bc445fed9a3fd8632ea"",""answer_fingerprint"":""f1dc6ee7ef8c3d097e8a1973c4cccb9b9049e626d752ada0c7bed0b7b4c0232c"",""semantic_signature_sha256"":""2ce99ff284132742b720b51016ff648ea2f7b5dff5a03f4de19112d300446f77"",""structure_signature"":{""gates"":14,""edges"":70,""answers"":7,""derivations"":7,""canonical_bytes"":37703},""construct_total_ms"":3998.638,""client_unattributed_ms"":0.073},{""requested_mode"":""flat"",""effective_mode"":""flat"",""fallback_reason"":null,""plan_steps"":1,""feedback_steps"":0,""feedback_triples"":0,""construct_query_ms"":7645.862,""feedback_update_ms"":0.0,""cleanup_ms"":0.0,""client_protocol_ms"":0.0,""network_scope"":""construct+feedback+cleanup"",""circuit_sha256"":""e65677f91e9a222646143b2d151613a0202ab531a8709bc445fed9a3fd8632ea"",""answer_fingerprint"":""f1dc6ee7ef8c3d097e8a1973c4cccb9b9049e626d752ada0c7bed0b7b4c0232c"",""semantic_signature_sha256"":""2ce99ff284132742b720b51016ff648ea2f7b5dff5a03f4de19112d300446f77"",""structure_signature"":{""gates"":14,""edges"":70,""answers"":7,""derivations"":7,""canonical_bytes"":37703},""construct_total_ms"":7649.427,""client_unattributed_ms"":0.088}],""construct_total_samples"":[7239.429,3998.638,7649.427],""construct_unattributed_samples"":[0.08,0.073,0.088],""status"":""ok"",""status_evidence"":null,""c_warmup_signatures"":[""2ce99ff284132742b720b51016ff648ea2f7b5dff5a03f4de19112d300446f77""],""measured_semantic_signature_sha256"":""2ce99ff284132742b720b51016ff648ea2f7b5dff5a03f4de19112d300446f77"",""measured_repetitions_consistent"":true,""construction_requested"":""flat"",""construction_effective"":""flat"",""commit"":""0ed57212455326682a75871e0e8be71760b35282"",""batch_id"":""452d31318b38ed3a98020bb1c5d652bf70499127cfff38dcb6e29c43399a990f"",""query_sha256"":""11a13df922fdbee8f9776eaed6af62ffda103b2b406da774b3f49300860168da"",""engine"":""qlever"",""engine_version"":""QLever [engines.json profile]"",""scale"":""100M"",""base_endpoint_sha256"":""bcddd715026035ef7b31e63913d55e25b6270be6bc6037325c1f80ea1359de5d"",""reified_endpoint_sha256"":""cc83ef54f5df550fbc0e634feb927cbfa21477fdb7aed1a23c2d29a56c193542"",""update_endpoint_sha256"":""8a607274f1b3d176dd6acfdc7381c25676b642e78d334a9664e45a2bdf3d52a0"",""base_data_identity_sha256"":""8a988dc83f4082a4f27503ba2906dc6b8733b3c02be567635c726c67bbd48314"",""reified_data_identity_sha256"":""16162702ccec82b2a0e27063cd04bd756a27af1f003b4cef0da976d843ef4725"",""update_for"":""none"",""access_mode"":""read-only"",""base_data_name"":""exploratory-base"",""reified_data_name"":""exploratory-reified"",""update_canary_sha256"":""2b9b44b25cd1c568cd57c6c5df25ae260b68229044617821fb33f542dab77648"",""store_instance_sha256"":""ae66d4ca42b831aa94f050bbbfbb0f5f14bd256181e832c50cfe67318b5b52bf"",""store_discriminator_sha256"":""2e884d94ace185d62b1b91debf493ccd0a69b83d08e74cf5f1c2be4851b14215"",""tool_sha256"":""b38a65fc0c1a91e138f057f7b6c08d21c328463aceb40ffda53fc759f99d2f7a"",""java_runtime_sha256"":""bdd50c08a90e2fb713541b8a118df6250246a917edc41a6776aeafc90b472687"",""run_identity_sha256"":""95430d8b21ae5bda3b2e085ad9fc33aae320fbc8dba51a93bebdc90adf099222""}"
0ed57212455326682a75871e0e8be71760b35282,qlever,QLever [engines.json profile],100M,S,S2,00,e634c02fe199569fe27370dfeca74deef380542216b43766499daf6e48f0b7a5,B,base-select,ok,2689,7.7,7.5,7.9,7.7,0.2,1,3,300.0,126087,0.0,,,,,0.0093,"[7.94, 7.733, 7.522]","[0.0, 0.0, 0.0]",,[],,[],,[],r9.2-frozen-identity-v7,452d31318b38ed3a98020bb1c5d652bf70499127cfff38dcb6e29c43399a990f,csv-binding-multiset-v1,2689,3821bc4684da3d6d3bdcae2abd2064416b864c0eddf853f357fc56fe8b5465cc,,,,,,,,bcddd715026035ef7b31e63913d55e25b6270be6bc6037325c1f80ea1359de5d,cc83ef54f5df550fbc0e634feb927cbfa21477fdb7aed1a23c2d29a56c193542,8a607274f1b3d176dd6acfdc7381c25676b642e78d334a9664e45a2bdf3d52a0,8a988dc83f4082a4f27503ba2906dc6b8733b3c02be567635c726c67bbd48314,16162702ccec82b2a0e27063cd04bd756a27af1f003b4cef0da976d843ef4725,none,read-only,exploratory-base,exploratory-reified,2b9b44b25cd1c568cd57c6c5df25ae260b68229044617821fb33f542dab77648,ae66d4ca42b831aa94f050bbbfbb0f5f14bd256181e832c50cfe67318b5b52bf,2e884d94ace185d62b1b91debf493ccd0a69b83d08e74cf5f1c2be4851b14215,b38a65fc0c1a91e138f057f7b6c08d21c328463aceb40ffda53fc759f99d2f7a,bdd50c08a90e2fb713541b8a118df6250246a917edc41a6776aeafc90b472687,deb184a2f50f4d2a9fca5705a8dcc997d5bdd747cfe32fba20c39081b24889f2,"pcm-meta-v2:{""protocol"":""r9.2-frozen-identity-v7"",""message"":"""",""cell_wall_ms"":82.676,""answer_kind"":""csv-binding-multiset-v1"",""answer_key_count"":2689,""answer_fingerprint"":""3821bc4684da3d6d3bdcae2abd2064416b864c0eddf853f357fc56fe8b5465cc"",""c_parse_samples"":[0.0,0.0,0.0],""c_protocol_samples"":[],""construct_total_samples"":[],""construct_unattributed_samples"":[],""status"":""ok"",""status_evidence"":null,""construction_requested"":null,""construction_effective"":null,""commit"":""0ed57212455326682a75871e0e8be71760b35282"",""batch_id"":""452d31318b38ed3a98020bb1c5d652bf70499127cfff38dcb6e29c43399a990f"",""query_sha256"":""e634c02fe199569fe27370dfeca74deef380542216b43766499daf6e48f0b7a5"",""engine"":""qlever"",""engine_version"":""QLever [engines.json profile]"",""scale"":""100M"",""base_endpoint_sha256"":""bcddd715026035ef7b31e63913d55e25b6270be6bc6037325c1f80ea1359de5d"",""reified_endpoint_sha256"":""cc83ef54f5df550fbc0e634feb927cbfa21477fdb7aed1a23c2d29a56c193542"",""update_endpoint_sha256"":""8a607274f1b3d176dd6acfdc7381c25676b642e78d334a9664e45a2bdf3d52a0"",""base_data_identity_sha256"":""8a988dc83f4082a4f27503ba2906dc6b8733b3c02be567635c726c67bbd48314"",""reified_data_identity_sha256"":""16162702ccec82b2a0e27063cd04bd756a27af1f003b4cef0da976d843ef4725"",""update_for"":""none"",""access_mode"":""read-only"",""base_data_name"":""exploratory-base"",""reified_data_name"":""exploratory-reified"",""update_canary_sha256"":""2b9b44b25cd1c568cd57c6c5df25ae260b68229044617821fb33f542dab77648"",""store_instance_sha256"":""ae66d4ca42b831aa94f050bbbfbb0f5f14bd256181e832c50cfe67318b5b52bf"",""store_discriminator_sha256"":""2e884d94ace185d62b1b91debf493ccd0a69b83d08e74cf5f1c2be4851b14215"",""tool_sha256"":""b38a65fc0c1a91e138f057f7b6c08d21c328463aceb40ffda53fc759f99d2f7a"",""java_runtime_sha256"":""bdd50c08a90e2fb713541b8a118df6250246a917edc41a6776aeafc90b472687"",""run_identity_sha256"":""deb184a2f50f4d2a9fca5705a8dcc997d5bdd747cfe32fba20c39081b24889f2""}"
0ed57212455326682a75871e0e8be71760b35282,qlever,QLever [engines.json profile],100M,S,S2,00,e634c02fe199569fe27370dfeca74deef380542216b43766499daf6e48f0b7a5,R,reification-only,ok,2689,361.0,359.0,366.1,362.0,3.7,1,3,300.0,126087,0.0,,,,,137.435479,"[366.105, 360.953, 358.976]","[0.0, 0.0, 0.0]",,[],,[],,[],r9.2-frozen-identity-v7,452d31318b38ed3a98020bb1c5d652bf70499127cfff38dcb6e29c43399a990f,csv-binding-multiset-v1,2689,3821bc4684da3d6d3bdcae2abd2064416b864c0eddf853f357fc56fe8b5465cc,,,,,,,,bcddd715026035ef7b31e63913d55e25b6270be6bc6037325c1f80ea1359de5d,cc83ef54f5df550fbc0e634feb927cbfa21477fdb7aed1a23c2d29a56c193542,8a607274f1b3d176dd6acfdc7381c25676b642e78d334a9664e45a2bdf3d52a0,8a988dc83f4082a4f27503ba2906dc6b8733b3c02be567635c726c67bbd48314,16162702ccec82b2a0e27063cd04bd756a27af1f003b4cef0da976d843ef4725,none,read-only,exploratory-base,exploratory-reified,2b9b44b25cd1c568cd57c6c5df25ae260b68229044617821fb33f542dab77648,ae66d4ca42b831aa94f050bbbfbb0f5f14bd256181e832c50cfe67318b5b52bf,2e884d94ace185d62b1b91debf493ccd0a69b83d08e74cf5f1c2be4851b14215,b38a65fc0c1a91e138f057f7b6c08d21c328463aceb40ffda53fc759f99d2f7a,bdd50c08a90e2fb713541b8a118df6250246a917edc41a6776aeafc90b472687,deb184a2f50f4d2a9fca5705a8dcc997d5bdd747cfe32fba20c39081b24889f2,"pcm-meta-v2:{""protocol"":""r9.2-frozen-identity-v7"",""message"":"""",""cell_wall_ms"":4027.093,""answer_kind"":""csv-binding-multiset-v1"",""answer_key_count"":2689,""answer_fingerprint"":""3821bc4684da3d6d3bdcae2abd2064416b864c0eddf853f357fc56fe8b5465cc"",""c_parse_samples"":[0.0,0.0,0.0],""c_protocol_samples"":[],""construct_total_samples"":[],""construct_unattributed_samples"":[],""status"":""ok"",""status_evidence"":null,""construction_requested"":null,""construction_effective"":null,""commit"":""0ed57212455326682a75871e0e8be71760b35282"",""batch_id"":""452d31318b38ed3a98020bb1c5d652bf70499127cfff38dcb6e29c43399a990f"",""query_sha256"":""e634c02fe199569fe27370dfeca74deef380542216b43766499daf6e48f0b7a5"",""engine"":""qlever"",""engine_version"":""QLever [engines.json profile]"",""scale"":""100M"",""base_endpoint_sha256"":""bcddd715026035ef7b31e63913d55e25b6270be6bc6037325c1f80ea1359de5d"",""reified_endpoint_sha256"":""cc83ef54f5df550fbc0e634feb927cbfa21477fdb7aed1a23c2d29a56c193542"",""update_endpoint_sha256"":""8a607274f1b3d176dd6acfdc7381c25676b642e78d334a9664e45a2bdf3d52a0"",""base_data_identity_sha256"":""8a988dc83f4082a4f27503ba2906dc6b8733b3c02be567635c726c67bbd48314"",""reified_data_identity_sha256"":""16162702ccec82b2a0e27063cd04bd756a27af1f003b4cef0da976d843ef4725"",""update_for"":""none"",""access_mode"":""read-only"",""base_data_name"":""exploratory-base"",""reified_data_name"":""exploratory-reified"",""update_canary_sha256"":""2b9b44b25cd1c568cd57c6c5df25ae260b68229044617821fb33f542dab77648"",""store_instance_sha256"":""ae66d4ca42b831aa94f050bbbfbb0f5f14bd256181e832c50cfe67318b5b52bf"",""store_discriminator_sha256"":""2e884d94ace185d62b1b91debf493ccd0a69b83d08e74cf5f1c2be4851b14215"",""tool_sha256"":""b38a65fc0c1a91e138f057f7b6c08d21c328463aceb40ffda53fc759f99d2f7a"",""java_runtime_sha256"":""bdd50c08a90e2fb713541b8a118df6250246a917edc41a6776aeafc90b472687"",""run_identity_sha256"":""deb184a2f50f4d2a9fca5705a8dcc997d5bdd747cfe32fba20c39081b24889f2""}"
0ed57212455326682a75871e0e8be71760b35282,qlever,QLever [engines.json profile],100M,S,S2,00,e634c02fe199569fe27370dfeca74deef380542216b43766499daf6e48f0b7a5,N,N_clean (NPCS reimplementation),ok,2689,381.3,346.6,386.2,371.4,21.6,1,3,300.0,323464,0.0,,,,2689,179.025825,"[381.309, 386.238, 346.567]","[0.0, 0.0, 0.0]",,[],,[],,[],r9.2-frozen-identity-v7,452d31318b38ed3a98020bb1c5d652bf70499127cfff38dcb6e29c43399a990f,csv-candidate-multiset-v1,2689,3821bc4684da3d6d3bdcae2abd2064416b864c0eddf853f357fc56fe8b5465cc,,,,,,,,bcddd715026035ef7b31e63913d55e25b6270be6bc6037325c1f80ea1359de5d,cc83ef54f5df550fbc0e634feb927cbfa21477fdb7aed1a23c2d29a56c193542,8a607274f1b3d176dd6acfdc7381c25676b642e78d334a9664e45a2bdf3d52a0,8a988dc83f4082a4f27503ba2906dc6b8733b3c02be567635c726c67bbd48314,16162702ccec82b2a0e27063cd04bd756a27af1f003b4cef0da976d843ef4725,none,read-only,exploratory-base,exploratory-reified,2b9b44b25cd1c568cd57c6c5df25ae260b68229044617821fb33f542dab77648,ae66d4ca42b831aa94f050bbbfbb0f5f14bd256181e832c50cfe67318b5b52bf,2e884d94ace185d62b1b91debf493ccd0a69b83d08e74cf5f1c2be4851b14215,b38a65fc0c1a91e138f057f7b6c08d21c328463aceb40ffda53fc759f99d2f7a,bdd50c08a90e2fb713541b8a118df6250246a917edc41a6776aeafc90b472687,deb184a2f50f4d2a9fca5705a8dcc997d5bdd747cfe32fba20c39081b24889f2,"pcm-meta-v2:{""protocol"":""r9.2-frozen-identity-v7"",""message"":"""",""cell_wall_ms"":2097.646,""answer_kind"":""csv-candidate-multiset-v1"",""answer_key_count"":2689,""answer_fingerprint"":""3821bc4684da3d6d3bdcae2abd2064416b864c0eddf853f357fc56fe8b5465cc"",""c_parse_samples"":[0.0,0.0,0.0],""c_protocol_samples"":[],""construct_total_samples"":[],""construct_unattributed_samples"":[],""status"":""ok"",""status_evidence"":null,""construction_requested"":null,""construction_effective"":null,""commit"":""0ed57212455326682a75871e0e8be71760b35282"",""batch_id"":""452d31318b38ed3a98020bb1c5d652bf70499127cfff38dcb6e29c43399a990f"",""query_sha256"":""e634c02fe199569fe27370dfeca74deef380542216b43766499daf6e48f0b7a5"",""engine"":""qlever"",""engine_version"":""QLever [engines.json profile]"",""scale"":""100M"",""base_endpoint_sha256"":""bcddd715026035ef7b31e63913d55e25b6270be6bc6037325c1f80ea1359de5d"",""reified_endpoint_sha256"":""cc83ef54f5df550fbc0e634feb927cbfa21477fdb7aed1a23c2d29a56c193542"",""update_endpoint_sha256"":""8a607274f1b3d176dd6acfdc7381c25676b642e78d334a9664e45a2bdf3d52a0"",""base_data_identity_sha256"":""8a988dc83f4082a4f27503ba2906dc6b8733b3c02be567635c726c67bbd48314"",""reified_data_identity_sha256"":""16162702ccec82b2a0e27063cd04bd756a27af1f003b4cef0da976d843ef4725"",""update_for"":""none"",""access_mode"":""read-only"",""base_data_name"":""exploratory-base"",""reified_data_name"":""exploratory-reified"",""update_canary_sha256"":""2b9b44b25cd1c568cd57c6c5df25ae260b68229044617821fb33f542dab77648"",""store_instance_sha256"":""ae66d4ca42b831aa94f050bbbfbb0f5f14bd256181e832c50cfe67318b5b52bf"",""store_discriminator_sha256"":""2e884d94ace185d62b1b91debf493ccd0a69b83d08e74cf5f1c2be4851b14215"",""tool_sha256"":""b38a65fc0c1a91e138f057f7b6c08d21c328463aceb40ffda53fc759f99d2f7a"",""java_runtime_sha256"":""bdd50c08a90e2fb713541b8a118df6250246a917edc41a6776aeafc90b472687"",""run_identity_sha256"":""deb184a2f50f4d2a9fca5705a8dcc997d5bdd747cfe32fba20c39081b24889f2""}"
0ed57212455326682a75871e0e8be71760b35282,qlever,QLever [engines.json profile],100M,S,S2,00,e634c02fe199569fe27370dfeca74deef380542216b43766499daf6e48f0b7a5,C,SPARQLcirc CircuitRewriter,ok,2689,455.6,454.2,842.5,584.1,223.8,1,3,300.0,4001690,354.0,5378,13445,2689,,357.829127,"[455.583, 454.167, 842.458]","[373.516, 353.957, 350.104]",0.0,"[0.0, 0.0, 0.0]",831.7,"[831.705, 810.834, 1195.295]",2.7,"[2.606, 2.71, 2.732]",r9.2-frozen-identity-v7,452d31318b38ed3a98020bb1c5d652bf70499127cfff38dcb6e29c43399a990f,term-aware-candidate-set-v1,2689,83053a451c774f160dc89d566364403581c0e3ee9474298267bef7fafc89af89,flat,flat,0e7e6feb0a3cc192fa9e1b92d8d4ffa4d5233e1789018b8dd8a7b8a2f84b45e9,,,,,bcddd715026035ef7b31e63913d55e25b6270be6bc6037325c1f80ea1359de5d,cc83ef54f5df550fbc0e634feb927cbfa21477fdb7aed1a23c2d29a56c193542,8a607274f1b3d176dd6acfdc7381c25676b642e78d334a9664e45a2bdf3d52a0,8a988dc83f4082a4f27503ba2906dc6b8733b3c02be567635c726c67bbd48314,16162702ccec82b2a0e27063cd04bd756a27af1f003b4cef0da976d843ef4725,none,read-only,exploratory-base,exploratory-reified,2b9b44b25cd1c568cd57c6c5df25ae260b68229044617821fb33f542dab77648,ae66d4ca42b831aa94f050bbbfbb0f5f14bd256181e832c50cfe67318b5b52bf,2e884d94ace185d62b1b91debf493ccd0a69b83d08e74cf5f1c2be4851b14215,b38a65fc0c1a91e138f057f7b6c08d21c328463aceb40ffda53fc759f99d2f7a,bdd50c08a90e2fb713541b8a118df6250246a917edc41a6776aeafc90b472687,deb184a2f50f4d2a9fca5705a8dcc997d5bdd747cfe32fba20c39081b24889f2,"pcm-meta-v2:{""protocol"":""r9.2-frozen-identity-v7"",""message"":""C requested=flat effective=flat; steps=1 feedback=0; network includes CONSTRUCT, feedback INSERT, and cleanup DELETE"",""cell_wall_ms"":4410.607,""answer_kind"":""term-aware-candidate-set-v1"",""answer_key_count"":2689,""answer_fingerprint"":""83053a451c774f160dc89d566364403581c0e3ee9474298267bef7fafc89af89"",""c_parse_samples"":[373.516,353.957,350.104],""c_protocol_samples"":[{""requested_mode"":""flat"",""effective_mode"":""flat"",""fallback_reason"":null,""plan_steps"":1,""feedback_steps"":0,""feedback_triples"":0,""construct_query_ms"":455.583,""feedback_update_ms"":0.0,""cleanup_ms"":0.0,""client_protocol_ms"":0.0,""network_scope"":""construct+feedback+cleanup"",""circuit_sha256"":""0e7e6feb0a3cc192fa9e1b92d8d4ffa4d5233e1789018b8dd8a7b8a2f84b45e9"",""answer_fingerprint"":""83053a451c774f160dc89d566364403581c0e3ee9474298267bef7fafc89af89"",""semantic_signature_sha256"":""e688e79eafddb0bcd5cd9d489817192482817334c6ed55e238142037ad852980"",""structure_signature"":{""gates"":5378,""edges"":13445,""answers"":2689,""derivations"":2689,""canonical_bytes"":4001690},""construct_total_ms"":831.705,""client_unattributed_ms"":2.606},{""requested_mode"":""flat"",""effective_mode"":""flat"",""fallback_reason"":null,""plan_steps"":1,""feedback_steps"":0,""feedback_triples"":0,""construct_query_ms"":454.167,""feedback_update_ms"":0.0,""cleanup_ms"":0.0,""client_protocol_ms"":0.0,""network_scope"":""construct+feedback+cleanup"",""circuit_sha256"":""0e7e6feb0a3cc192fa9e1b92d8d4ffa4d5233e1789018b8dd8a7b8a2f84b45e9"",""answer_fingerprint"":""83053a451c774f160dc89d566364403581c0e3ee9474298267bef7fafc89af89"",""semantic_signature_sha256"":""e688e79eafddb0bcd5cd9d489817192482817334c6ed55e238142037ad852980"",""structure_signature"":{""gates"":5378,""edges"":13445,""answers"":2689,""derivations"":2689,""canonical_bytes"":4001690},""construct_total_ms"":810.834,""client_unattributed_ms"":2.71},{""requested_mode"":""flat"",""effective_mode"":""flat"",""fallback_reason"":null,""plan_steps"":1,""feedback_steps"":0,""feedback_triples"":0,""construct_query_ms"":842.458,""feedback_update_ms"":0.0,""cleanup_ms"":0.0,""client_protocol_ms"":0.0,""network_scope"":""construct+feedback+cleanup"",""circuit_sha256"":""0e7e6feb0a3cc192fa9e1b92d8d4ffa4d5233e1789018b8dd8a7b8a2f84b45e9"",""answer_fingerprint"":""83053a451c774f160dc89d566364403581c0e3ee9474298267bef7fafc89af89"",""semantic_signature_sha256"":""e688e79eafddb0bcd5cd9d489817192482817334c6ed55e238142037ad852980"",""structure_signature"":{""gates"":5378,""edges"":13445,""answers"":2689,""derivations"":2689,""canonical_bytes"":4001690},""construct_total_ms"":1195.295,""client_unattributed_ms"":2.732}],""construct_total_samples"":[831.705,810.834,1195.295],""construct_unattributed_samples"":[2.606,2.71,2.732],""status"":""ok"",""status_evidence"":null,""c_warmup_signatures"":[""e688e79eafddb0bcd5cd9d489817192482817334c6ed55e238142037ad852980""],""measured_semantic_signature_sha256"":""e688e79eafddb0bcd5cd9d489817192482817334c6ed55e238142037ad852980"",""measured_repetitions_consistent"":true,""construction_requested"":""flat"",""construction_effective"":""flat"",""commit"":""0ed57212455326682a75871e0e8be71760b35282"",""batch_id"":""452d31318b38ed3a98020bb1c5d652bf70499127cfff38dcb6e29c43399a990f"",""query_sha256"":""e634c02fe199569fe27370dfeca74deef380542216b43766499daf6e48f0b7a5"",""engine"":""qlever"",""engine_version"":""QLever [engines.json profile]"",""scale"":""100M"",""base_endpoint_sha256"":""bcddd715026035ef7b31e63913d55e25b6270be6bc6037325c1f80ea1359de5d"",""reified_endpoint_sha256"":""cc83ef54f5df550fbc0e634feb927cbfa21477fdb7aed1a23c2d29a56c193542"",""update_endpoint_sha256"":""8a607274f1b3d176dd6acfdc7381c25676b642e78d334a9664e45a2bdf3d52a0"",""base_data_identity_sha256"":""8a988dc83f4082a4f27503ba2906dc6b8733b3c02be567635c726c67bbd48314"",""reified_data_identity_sha256"":""16162702ccec82b2a0e27063cd04bd756a27af1f003b4cef0da976d843ef4725"",""update_for"":""none"",""access_mode"":""read-only"",""base_data_name"":""exploratory-base"",""reified_data_name"":""exploratory-reified"",""update_canary_sha256"":""2b9b44b25cd1c568cd57c6c5df25ae260b68229044617821fb33f542dab77648"",""store_instance_sha256"":""ae66d4ca42b831aa94f050bbbfbb0f5f14bd256181e832c50cfe67318b5b52bf"",""store_discriminator_sha256"":""2e884d94ace185d62b1b91debf493ccd0a69b83d08e74cf5f1c2be4851b14215"",""tool_sha256"":""b38a65fc0c1a91e138f057f7b6c08d21c328463aceb40ffda53fc759f99d2f7a"",""java_runtime_sha256"":""bdd50c08a90e2fb713541b8a118df6250246a917edc41a6776aeafc90b472687"",""run_identity_sha256"":""deb184a2f50f4d2a9fca5705a8dcc997d5bdd747cfe32fba20c39081b24889f2""}"
0ed57212455326682a75871e0e8be71760b35282,qlever,QLever [engines.json profile],100M,S,S3,00,4e26d57d8fea5cd20a5edd26b3e286c7e2287bf17d8cbb9b1567590a068ac8f4,B,base-select,ok,3189,12.1,12.0,12.1,12.1,0.0,1,3,300.0,158087,0.0,,,,,0.00672,"[12.058, 12.041, 12.069]","[0.0, 0.0, 0.0]",,[],,[],,[],r9.2-frozen-identity-v7,452d31318b38ed3a98020bb1c5d652bf70499127cfff38dcb6e29c43399a990f,csv-binding-multiset-v1,3189,35984149227a2ed8b58d129bc6d8921efb843c6a851e5b1ec6f70b637d3bc416,,,,,,,,bcddd715026035ef7b31e63913d55e25b6270be6bc6037325c1f80ea1359de5d,cc83ef54f5df550fbc0e634feb927cbfa21477fdb7aed1a23c2d29a56c193542,8a607274f1b3d176dd6acfdc7381c25676b642e78d334a9664e45a2bdf3d52a0,8a988dc83f4082a4f27503ba2906dc6b8733b3c02be567635c726c67bbd48314,16162702ccec82b2a0e27063cd04bd756a27af1f003b4cef0da976d843ef4725,none,read-only,exploratory-base,exploratory-reified,2b9b44b25cd1c568cd57c6c5df25ae260b68229044617821fb33f542dab77648,ae66d4ca42b831aa94f050bbbfbb0f5f14bd256181e832c50cfe67318b5b52bf,2e884d94ace185d62b1b91debf493ccd0a69b83d08e74cf5f1c2be4851b14215,b38a65fc0c1a91e138f057f7b6c08d21c328463aceb40ffda53fc759f99d2f7a,bdd50c08a90e2fb713541b8a118df6250246a917edc41a6776aeafc90b472687,b7b64329e15cfd6fa90b0f3a0d6ede3833747092f5a176f4b1a8739279ec7552,"pcm-meta-v2:{""protocol"":""r9.2-frozen-identity-v7"",""message"":"""",""cell_wall_ms"":81.273,""answer_kind"":""csv-binding-multiset-v1"",""answer_key_count"":3189,""answer_fingerprint"":""35984149227a2ed8b58d129bc6d8921efb843c6a851e5b1ec6f70b637d3bc416"",""c_parse_samples"":[0.0,0.0,0.0],""c_protocol_samples"":[],""construct_total_samples"":[],""construct_unattributed_samples"":[],""status"":""ok"",""status_evidence"":null,""construction_requested"":null,""construction_effective"":null,""commit"":""0ed57212455326682a75871e0e8be71760b35282"",""batch_id"":""452d31318b38ed3a98020bb1c5d652bf70499127cfff38dcb6e29c43399a990f"",""query_sha256"":""4e26d57d8fea5cd20a5edd26b3e286c7e2287bf17d8cbb9b1567590a068ac8f4"",""engine"":""qlever"",""engine_version"":""QLever [engines.json profile]"",""scale"":""100M"",""base_endpoint_sha256"":""bcddd715026035ef7b31e63913d55e25b6270be6bc6037325c1f80ea1359de5d"",""reified_endpoint_sha256"":""cc83ef54f5df550fbc0e634feb927cbfa21477fdb7aed1a23c2d29a56c193542"",""update_endpoint_sha256"":""8a607274f1b3d176dd6acfdc7381c25676b642e78d334a9664e45a2bdf3d52a0"",""base_data_identity_sha256"":""8a988dc83f4082a4f27503ba2906dc6b8733b3c02be567635c726c67bbd48314"",""reified_data_identity_sha256"":""16162702ccec82b2a0e27063cd04bd756a27af1f003b4cef0da976d843ef4725"",""update_for"":""none"",""access_mode"":""read-only"",""base_data_name"":""exploratory-base"",""reified_data_name"":""exploratory-reified"",""update_canary_sha256"":""2b9b44b25cd1c568cd57c6c5df25ae260b68229044617821fb33f542dab77648"",""store_instance_sha256"":""ae66d4ca42b831aa94f050bbbfbb0f5f14bd256181e832c50cfe67318b5b52bf"",""store_discriminator_sha256"":""2e884d94ace185d62b1b91debf493ccd0a69b83d08e74cf5f1c2be4851b14215"",""tool_sha256"":""b38a65fc0c1a91e138f057f7b6c08d21c328463aceb40ffda53fc759f99d2f7a"",""java_runtime_sha256"":""bdd50c08a90e2fb713541b8a118df6250246a917edc41a6776aeafc90b472687"",""run_identity_sha256"":""b7b64329e15cfd6fa90b0f3a0d6ede3833747092f5a176f4b1a8739279ec7552""}"
0ed57212455326682a75871e0e8be71760b35282,qlever,QLever [engines.json profile],100M,S,S3,00,4e26d57d8fea5cd20a5edd26b3e286c7e2287bf17d8cbb9b1567590a068ac8f4,R,reification-only,ok,3189,367.1,360.4,529.0,418.8,95.5,1,3,300.0,158087,0.0,,,,,129.265745,"[528.98, 367.075, 360.426]","[0.0, 0.0, 0.0]",,[],,[],,[],r9.2-frozen-identity-v7,452d31318b38ed3a98020bb1c5d652bf70499127cfff38dcb6e29c43399a990f,csv-binding-multiset-v1,3189,35984149227a2ed8b58d129bc6d8921efb843c6a851e5b1ec6f70b637d3bc416,,,,,,,,bcddd715026035ef7b31e63913d55e25b6270be6bc6037325c1f80ea1359de5d,cc83ef54f5df550fbc0e634feb927cbfa21477fdb7aed1a23c2d29a56c193542,8a607274f1b3d176dd6acfdc7381c25676b642e78d334a9664e45a2bdf3d52a0,8a988dc83f4082a4f27503ba2906dc6b8733b3c02be567635c726c67bbd48314,16162702ccec82b2a0e27063cd04bd756a27af1f003b4cef0da976d843ef4725,none,read-only,exploratory-base,exploratory-reified,2b9b44b25cd1c568cd57c6c5df25ae260b68229044617821fb33f542dab77648,ae66d4ca42b831aa94f050bbbfbb0f5f14bd256181e832c50cfe67318b5b52bf,2e884d94ace185d62b1b91debf493ccd0a69b83d08e74cf5f1c2be4851b14215,b38a65fc0c1a91e138f057f7b6c08d21c328463aceb40ffda53fc759f99d2f7a,bdd50c08a90e2fb713541b8a118df6250246a917edc41a6776aeafc90b472687,b7b64329e15cfd6fa90b0f3a0d6ede3833747092f5a176f4b1a8739279ec7552,"pcm-meta-v2:{""protocol"":""r9.2-frozen-identity-v7"",""message"":"""",""cell_wall_ms"":2568.32,""answer_kind"":""csv-binding-multiset-v1"",""answer_key_count"":3189,""answer_fingerprint"":""35984149227a2ed8b58d129bc6d8921efb843c6a851e5b1ec6f70b637d3bc416"",""c_parse_samples"":[0.0,0.0,0.0],""c_protocol_samples"":[],""construct_total_samples"":[],""construct_unattributed_samples"":[],""status"":""ok"",""status_evidence"":null,""construction_requested"":null,""construction_effective"":null,""commit"":""0ed57212455326682a75871e0e8be71760b35282"",""batch_id"":""452d31318b38ed3a98020bb1c5d652bf70499127cfff38dcb6e29c43399a990f"",""query_sha256"":""4e26d57d8fea5cd20a5edd26b3e286c7e2287bf17d8cbb9b1567590a068ac8f4"",""engine"":""qlever"",""engine_version"":""QLever [engines.json profile]"",""scale"":""100M"",""base_endpoint_sha256"":""bcddd715026035ef7b31e63913d55e25b6270be6bc6037325c1f80ea1359de5d"",""reified_endpoint_sha256"":""cc83ef54f5df550fbc0e634feb927cbfa21477fdb7aed1a23c2d29a56c193542"",""update_endpoint_sha256"":""8a607274f1b3d176dd6acfdc7381c25676b642e78d334a9664e45a2bdf3d52a0"",""base_data_identity_sha256"":""8a988dc83f4082a4f27503ba2906dc6b8733b3c02be567635c726c67bbd48314"",""reified_data_identity_sha256"":""16162702ccec82b2a0e27063cd04bd756a27af1f003b4cef0da976d843ef4725"",""update_for"":""none"",""access_mode"":""read-only"",""base_data_name"":""exploratory-base"",""reified_data_name"":""exploratory-reified"",""update_canary_sha256"":""2b9b44b25cd1c568cd57c6c5df25ae260b68229044617821fb33f542dab77648"",""store_instance_sha256"":""ae66d4ca42b831aa94f050bbbfbb0f5f14bd256181e832c50cfe67318b5b52bf"",""store_discriminator_sha256"":""2e884d94ace185d62b1b91debf493ccd0a69b83d08e74cf5f1c2be4851b14215"",""tool_sha256"":""b38a65fc0c1a91e138f057f7b6c08d21c328463aceb40ffda53fc759f99d2f7a"",""java_runtime_sha256"":""bdd50c08a90e2fb713541b8a118df6250246a917edc41a6776aeafc90b472687"",""run_identity_sha256"":""b7b64329e15cfd6fa90b0f3a0d6ede3833747092f5a176f4b1a8739279ec7552""}"
0ed57212455326682a75871e0e8be71760b35282,qlever,QLever [engines.json profile],100M,S,S3,00,4e26d57d8fea5cd20a5edd26b3e286c7e2287bf17d8cbb9b1567590a068ac8f4,N,N_clean (NPCS reimplementation),ok,1346,362.0,356.3,551.7,423.3,111.2,1,3,300.0,277094,0.0,,,,3189,188.314586,"[551.713, 362.033, 356.251]","[0.0, 0.0, 0.0]",,[],,[],,[],r9.2-frozen-identity-v7,452d31318b38ed3a98020bb1c5d652bf70499127cfff38dcb6e29c43399a990f,csv-candidate-multiset-v1,1346,e2445be1b5ccfe411ec0470a98da5a44dc772032894f0af390cb36736f0f7fe1,,,,,,,,bcddd715026035ef7b31e63913d55e25b6270be6bc6037325c1f80ea1359de5d,cc83ef54f5df550fbc0e634feb927cbfa21477fdb7aed1a23c2d29a56c193542,8a607274f1b3d176dd6acfdc7381c25676b642e78d334a9664e45a2bdf3d52a0,8a988dc83f4082a4f27503ba2906dc6b8733b3c02be567635c726c67bbd48314,16162702ccec82b2a0e27063cd04bd756a27af1f003b4cef0da976d843ef4725,none,read-only,exploratory-base,exploratory-reified,2b9b44b25cd1c568cd57c6c5df25ae260b68229044617821fb33f542dab77648,ae66d4ca42b831aa94f050bbbfbb0f5f14bd256181e832c50cfe67318b5b52bf,2e884d94ace185d62b1b91debf493ccd0a69b83d08e74cf5f1c2be4851b14215,b38a65fc0c1a91e138f057f7b6c08d21c328463aceb40ffda53fc759f99d2f7a,bdd50c08a90e2fb713541b8a118df6250246a917edc41a6776aeafc90b472687,b7b64329e15cfd6fa90b0f3a0d6ede3833747092f5a176f4b1a8739279ec7552,"pcm-meta-v2:{""protocol"":""r9.2-frozen-identity-v7"",""message"":"""",""cell_wall_ms"":2121.098,""answer_kind"":""csv-candidate-multiset-v1"",""answer_key_count"":1346,""answer_fingerprint"":""e2445be1b5ccfe411ec0470a98da5a44dc772032894f0af390cb36736f0f7fe1"",""c_parse_samples"":[0.0,0.0,0.0],""c_protocol_samples"":[],""construct_total_samples"":[],""construct_unattributed_samples"":[],""status"":""ok"",""status_evidence"":null,""construction_requested"":null,""construction_effective"":null,""commit"":""0ed57212455326682a75871e0e8be71760b35282"",""batch_id"":""452d31318b38ed3a98020bb1c5d652bf70499127cfff38dcb6e29c43399a990f"",""query_sha256"":""4e26d57d8fea5cd20a5edd26b3e286c7e2287bf17d8cbb9b1567590a068ac8f4"",""engine"":""qlever"",""engine_version"":""QLever [engines.json profile]"",""scale"":""100M"",""base_endpoint_sha256"":""bcddd715026035ef7b31e63913d55e25b6270be6bc6037325c1f80ea1359de5d"",""reified_endpoint_sha256"":""cc83ef54f5df550fbc0e634feb927cbfa21477fdb7aed1a23c2d29a56c193542"",""update_endpoint_sha256"":""8a607274f1b3d176dd6acfdc7381c25676b642e78d334a9664e45a2bdf3d52a0"",""base_data_identity_sha256"":""8a988dc83f4082a4f27503ba2906dc6b8733b3c02be567635c726c67bbd48314"",""reified_data_identity_sha256"":""16162702ccec82b2a0e27063cd04bd756a27af1f003b4cef0da976d843ef4725"",""update_for"":""none"",""access_mode"":""read-only"",""base_data_name"":""exploratory-base"",""reified_data_name"":""exploratory-reified"",""update_canary_sha256"":""2b9b44b25cd1c568cd57c6c5df25ae260b68229044617821fb33f542dab77648"",""store_instance_sha256"":""ae66d4ca42b831aa94f050bbbfbb0f5f14bd256181e832c50cfe67318b5b52bf"",""store_discriminator_sha256"":""2e884d94ace185d62b1b91debf493ccd0a69b83d08e74cf5f1c2be4851b14215"",""tool_sha256"":""b38a65fc0c1a91e138f057f7b6c08d21c328463aceb40ffda53fc759f99d2f7a"",""java_runtime_sha256"":""bdd50c08a90e2fb713541b8a118df6250246a917edc41a6776aeafc90b472687"",""run_identity_sha256"":""b7b64329e15cfd6fa90b0f3a0d6ede3833747092f5a176f4b1a8739279ec7552""}"
0ed57212455326682a75871e0e8be71760b35282,qlever,QLever [engines.json profile],100M,S,S3,00,4e26d57d8fea5cd20a5edd26b3e286c7e2287bf17d8cbb9b1567590a068ac8f4,C,SPARQLcirc CircuitRewriter,ok,1346,767.3,456.6,771.7,665.2,180.7,1,3,300.0,3406427,377.2,4535,15945,3189,,355.755115,"[767.339, 456.627, 771.689]","[372.769, 388.545, 377.207]",0.0,"[0.0, 0.0, 0.0]",1143.1,"[1143.067, 847.816, 1151.252]",2.6,"[2.959, 2.644, 2.356]",r9.2-frozen-identity-v7,452d31318b38ed3a98020bb1c5d652bf70499127cfff38dcb6e29c43399a990f,term-aware-candidate-set-v1,1346,046c3e4d544ee396657a81a7681d3f77b7c4dc743ada2401609f95d837875ae0,flat,flat,2f90cd70f75287781045d063ebb9c414a78c29415519b371647fb146b01055b0,,,,,bcddd715026035ef7b31e63913d55e25b6270be6bc6037325c1f80ea1359de5d,cc83ef54f5df550fbc0e634feb927cbfa21477fdb7aed1a23c2d29a56c193542,8a607274f1b3d176dd6acfdc7381c25676b642e78d334a9664e45a2bdf3d52a0,8a988dc83f4082a4f27503ba2906dc6b8733b3c02be567635c726c67bbd48314,16162702ccec82b2a0e27063cd04bd756a27af1f003b4cef0da976d843ef4725,none,read-only,exploratory-base,exploratory-reified,2b9b44b25cd1c568cd57c6c5df25ae260b68229044617821fb33f542dab77648,ae66d4ca42b831aa94f050bbbfbb0f5f14bd256181e832c50cfe67318b5b52bf,2e884d94ace185d62b1b91debf493ccd0a69b83d08e74cf5f1c2be4851b14215,b38a65fc0c1a91e138f057f7b6c08d21c328463aceb40ffda53fc759f99d2f7a,bdd50c08a90e2fb713541b8a118df6250246a917edc41a6776aeafc90b472687,b7b64329e15cfd6fa90b0f3a0d6ede3833747092f5a176f4b1a8739279ec7552,"pcm-meta-v2:{""protocol"":""r9.2-frozen-identity-v7"",""message"":""C requested=flat effective=flat; steps=1 feedback=0; network includes CONSTRUCT, feedback INSERT, and cleanup DELETE"",""cell_wall_ms"":4676.569,""answer_kind"":""term-aware-candidate-set-v1"",""answer_key_count"":1346,""answer_fingerprint"":""046c3e4d544ee396657a81a7681d3f77b7c4dc743ada2401609f95d837875ae0"",""c_parse_samples"":[372.769,388.545,377.207],""c_protocol_samples"":[{""requested_mode"":""flat"",""effective_mode"":""flat"",""fallback_reason"":null,""plan_steps"":1,""feedback_steps"":0,""feedback_triples"":0,""construct_query_ms"":767.339,""feedback_update_ms"":0.0,""cleanup_ms"":0.0,""client_protocol_ms"":0.0,""network_scope"":""construct+feedback+cleanup"",""circuit_sha256"":""2f90cd70f75287781045d063ebb9c414a78c29415519b371647fb146b01055b0"",""answer_fingerprint"":""046c3e4d544ee396657a81a7681d3f77b7c4dc743ada2401609f95d837875ae0"",""semantic_signature_sha256"":""0107392c62101a28758d824d2fa0be2a240316b750c111c9306e2fb6464d3983"",""structure_signature"":{""gates"":4535,""edges"":15945,""answers"":1346,""derivations"":3189,""canonical_bytes"":3406427},""construct_total_ms"":1143.067,""client_unattributed_ms"":2.959},{""requested_mode"":""flat"",""effective_mode"":""flat"",""fallback_reason"":null,""plan_steps"":1,""feedback_steps"":0,""feedback_triples"":0,""construct_query_ms"":456.627,""feedback_update_ms"":0.0,""cleanup_ms"":0.0,""client_protocol_ms"":0.0,""network_scope"":""construct+feedback+cleanup"",""circuit_sha256"":""2f90cd70f75287781045d063ebb9c414a78c29415519b371647fb146b01055b0"",""answer_fingerprint"":""046c3e4d544ee396657a81a7681d3f77b7c4dc743ada2401609f95d837875ae0"",""semantic_signature_sha256"":""0107392c62101a28758d824d2fa0be2a240316b750c111c9306e2fb6464d3983"",""structure_signature"":{""gates"":4535,""edges"":15945,""answers"":1346,""derivations"":3189,""canonical_bytes"":3406427},""construct_total_ms"":847.816,""client_unattributed_ms"":2.644},{""requested_mode"":""flat"",""effective_mode"":""flat"",""fallback_reason"":null,""plan_steps"":1,""feedback_steps"":0,""feedback_triples"":0,""construct_query_ms"":771.689,""feedback_update_ms"":0.0,""cleanup_ms"":0.0,""client_protocol_ms"":0.0,""network_scope"":""construct+feedback+cleanup"",""circuit_sha256"":""2f90cd70f75287781045d063ebb9c414a78c29415519b371647fb146b01055b0"",""answer_fingerprint"":""046c3e4d544ee396657a81a7681d3f77b7c4dc743ada2401609f95d837875ae0"",""semantic_signature_sha256"":""0107392c62101a28758d824d2fa0be2a240316b750c111c9306e2fb6464d3983"",""structure_signature"":{""gates"":4535,""edges"":15945,""answers"":1346,""derivations"":3189,""canonical_bytes"":3406427},""construct_total_ms"":1151.252,""client_unattributed_ms"":2.356}],""construct_total_samples"":[1143.067,847.816,1151.252],""construct_unattributed_samples"":[2.959,2.644,2.356],""status"":""ok"",""status_evidence"":null,""c_warmup_signatures"":[""0107392c62101a28758d824d2fa0be2a240316b750c111c9306e2fb6464d3983""],""measured_semantic_signature_sha256"":""0107392c62101a28758d824d2fa0be2a240316b750c111c9306e2fb6464d3983"",""measured_repetitions_consistent"":true,""construction_requested"":""flat"",""construction_effective"":""flat"",""commit"":""0ed57212455326682a75871e0e8be71760b35282"",""batch_id"":""452d31318b38ed3a98020bb1c5d652bf70499127cfff38dcb6e29c43399a990f"",""query_sha256"":""4e26d57d8fea5cd20a5edd26b3e286c7e2287bf17d8cbb9b1567590a068ac8f4"",""engine"":""qlever"",""engine_version"":""QLever [engines.json profile]"",""scale"":""100M"",""base_endpoint_sha256"":""bcddd715026035ef7b31e63913d55e25b6270be6bc6037325c1f80ea1359de5d"",""reified_endpoint_sha256"":""cc83ef54f5df550fbc0e634feb927cbfa21477fdb7aed1a23c2d29a56c193542"",""update_endpoint_sha256"":""8a607274f1b3d176dd6acfdc7381c25676b642e78d334a9664e45a2bdf3d52a0"",""base_data_identity_sha256"":""8a988dc83f4082a4f27503ba2906dc6b8733b3c02be567635c726c67bbd48314"",""reified_data_identity_sha256"":""16162702ccec82b2a0e27063cd04bd756a27af1f003b4cef0da976d843ef4725"",""update_for"":""none"",""access_mode"":""read-only"",""base_data_name"":""exploratory-base"",""reified_data_name"":""exploratory-reified"",""update_canary_sha256"":""2b9b44b25cd1c568cd57c6c5df25ae260b68229044617821fb33f542dab77648"",""store_instance_sha256"":""ae66d4ca42b831aa94f050bbbfbb0f5f14bd256181e832c50cfe67318b5b52bf"",""store_discriminator_sha256"":""2e884d94ace185d62b1b91debf493ccd0a69b83d08e74cf5f1c2be4851b14215"",""tool_sha256"":""b38a65fc0c1a91e138f057f7b6c08d21c328463aceb40ffda53fc759f99d2f7a"",""java_runtime_sha256"":""bdd50c08a90e2fb713541b8a118df6250246a917edc41a6776aeafc90b472687"",""run_identity_sha256"":""b7b64329e15cfd6fa90b0f3a0d6ede3833747092f5a176f4b1a8739279ec7552""}"
0ed57212455326682a75871e0e8be71760b35282,qlever,QLever [engines.json profile],100M,S,S4,00,671868a81e6d66a398f91366390ceb3c4102f83d22f474a36fa5bf19079fedde,B,base-select,ok,2,4.2,4.2,4.7,4.3,0.3,1,3,300.0,215,0.0,,,,,0.00655,"[4.669, 4.198, 4.155]","[0.0, 0.0, 0.0]",,[],,[],,[],r9.2-frozen-identity-v7,452d31318b38ed3a98020bb1c5d652bf70499127cfff38dcb6e29c43399a990f,csv-binding-multiset-v1,2,289795ce7cf95571c5a8ae8526754c12283ef3185e71bcc78b69ed92bd6a9e79,,,,,,,,bcddd715026035ef7b31e63913d55e25b6270be6bc6037325c1f80ea1359de5d,cc83ef54f5df550fbc0e634feb927cbfa21477fdb7aed1a23c2d29a56c193542,8a607274f1b3d176dd6acfdc7381c25676b642e78d334a9664e45a2bdf3d52a0,8a988dc83f4082a4f27503ba2906dc6b8733b3c02be567635c726c67bbd48314,16162702ccec82b2a0e27063cd04bd756a27af1f003b4cef0da976d843ef4725,none,read-only,exploratory-base,exploratory-reified,2b9b44b25cd1c568cd57c6c5df25ae260b68229044617821fb33f542dab77648,ae66d4ca42b831aa94f050bbbfbb0f5f14bd256181e832c50cfe67318b5b52bf,2e884d94ace185d62b1b91debf493ccd0a69b83d08e74cf5f1c2be4851b14215,b38a65fc0c1a91e138f057f7b6c08d21c328463aceb40ffda53fc759f99d2f7a,bdd50c08a90e2fb713541b8a118df6250246a917edc41a6776aeafc90b472687,006590dfc9650980a276ee5f25a656ebda7e88dc38ee95541889d0386ce856c1,"pcm-meta-v2:{""protocol"":""r9.2-frozen-identity-v7"",""message"":"""",""cell_wall_ms"":43.576,""answer_kind"":""csv-binding-multiset-v1"",""answer_key_count"":2,""answer_fingerprint"":""289795ce7cf95571c5a8ae8526754c12283ef3185e71bcc78b69ed92bd6a9e79"",""c_parse_samples"":[0.0,0.0,0.0],""c_protocol_samples"":[],""construct_total_samples"":[],""construct_unattributed_samples"":[],""status"":""ok"",""status_evidence"":null,""construction_requested"":null,""construction_effective"":null,""commit"":""0ed57212455326682a75871e0e8be71760b35282"",""batch_id"":""452d31318b38ed3a98020bb1c5d652bf70499127cfff38dcb6e29c43399a990f"",""query_sha256"":""671868a81e6d66a398f91366390ceb3c4102f83d22f474a36fa5bf19079fedde"",""engine"":""qlever"",""engine_version"":""QLever [engines.json profile]"",""scale"":""100M"",""base_endpoint_sha256"":""bcddd715026035ef7b31e63913d55e25b6270be6bc6037325c1f80ea1359de5d"",""reified_endpoint_sha256"":""cc83ef54f5df550fbc0e634feb927cbfa21477fdb7aed1a23c2d29a56c193542"",""update_endpoint_sha256"":""8a607274f1b3d176dd6acfdc7381c25676b642e78d334a9664e45a2bdf3d52a0"",""base_data_identity_sha256"":""8a988dc83f4082a4f27503ba2906dc6b8733b3c02be567635c726c67bbd48314"",""reified_data_identity_sha256"":""16162702ccec82b2a0e27063cd04bd756a27af1f003b4cef0da976d843ef4725"",""update_for"":""none"",""access_mode"":""read-only"",""base_data_name"":""exploratory-base"",""reified_data_name"":""exploratory-reified"",""update_canary_sha256"":""2b9b44b25cd1c568cd57c6c5df25ae260b68229044617821fb33f542dab77648"",""store_instance_sha256"":""ae66d4ca42b831aa94f050bbbfbb0f5f14bd256181e832c50cfe67318b5b52bf"",""store_discriminator_sha256"":""2e884d94ace185d62b1b91debf493ccd0a69b83d08e74cf5f1c2be4851b14215"",""tool_sha256"":""b38a65fc0c1a91e138f057f7b6c08d21c328463aceb40ffda53fc759f99d2f7a"",""java_runtime_sha256"":""bdd50c08a90e2fb713541b8a118df6250246a917edc41a6776aeafc90b472687"",""run_identity_sha256"":""006590dfc9650980a276ee5f25a656ebda7e88dc38ee95541889d0386ce856c1""}"
0ed57212455326682a75871e0e8be71760b35282,qlever,QLever [engines.json profile],100M,S,S4,00,671868a81e6d66a398f91366390ceb3c4102f83d22f474a36fa5bf19079fedde,R,reification-only,ok,2,337.7,330.9,354.3,341.0,12.0,1,3,300.0,215,0.0,,,,,128.9613,"[354.269, 330.933, 337.735]","[0.0, 0.0, 0.0]",,[],,[],,[],r9.2-frozen-identity-v7,452d31318b38ed3a98020bb1c5d652bf70499127cfff38dcb6e29c43399a990f,csv-binding-multiset-v1,2,289795ce7cf95571c5a8ae8526754c12283ef3185e71bcc78b69ed92bd6a9e79,,,,,,,,bcddd715026035ef7b31e63913d55e25b6270be6bc6037325c1f80ea1359de5d,cc83ef54f5df550fbc0e634feb927cbfa21477fdb7aed1a23c2d29a56c193542,8a607274f1b3d176dd6acfdc7381c25676b642e78d334a9664e45a2bdf3d52a0,8a988dc83f4082a4f27503ba2906dc6b8733b3c02be567635c726c67bbd48314,16162702ccec82b2a0e27063cd04bd756a27af1f003b4cef0da976d843ef4725,none,read-only,exploratory-base,exploratory-reified,2b9b44b25cd1c568cd57c6c5df25ae260b68229044617821fb33f542dab77648,ae66d4ca42b831aa94f050bbbfbb0f5f14bd256181e832c50cfe67318b5b52bf,2e884d94ace185d62b1b91debf493ccd0a69b83d08e74cf5f1c2be4851b14215,b38a65fc0c1a91e138f057f7b6c08d21c328463aceb40ffda53fc759f99d2f7a,bdd50c08a90e2fb713541b8a118df6250246a917edc41a6776aeafc90b472687,006590dfc9650980a276ee5f25a656ebda7e88dc38ee95541889d0386ce856c1,"pcm-meta-v2:{""protocol"":""r9.2-frozen-identity-v7"",""message"":"""",""cell_wall_ms"":2628.734,""answer_kind"":""csv-binding-multiset-v1"",""answer_key_count"":2,""answer_fingerprint"":""289795ce7cf95571c5a8ae8526754c12283ef3185e71bcc78b69ed92bd6a9e79"",""c_parse_samples"":[0.0,0.0,0.0],""c_protocol_samples"":[],""construct_total_samples"":[],""construct_unattributed_samples"":[],""status"":""ok"",""status_evidence"":null,""construction_requested"":null,""construction_effective"":null,""commit"":""0ed57212455326682a75871e0e8be71760b35282"",""batch_id"":""452d31318b38ed3a98020bb1c5d652bf70499127cfff38dcb6e29c43399a990f"",""query_sha256"":""671868a81e6d66a398f91366390ceb3c4102f83d22f474a36fa5bf19079fedde"",""engine"":""qlever"",""engine_version"":""QLever [engines.json profile]"",""scale"":""100M"",""base_endpoint_sha256"":""bcddd715026035ef7b31e63913d55e25b6270be6bc6037325c1f80ea1359de5d"",""reified_endpoint_sha256"":""cc83ef54f5df550fbc0e634feb927cbfa21477fdb7aed1a23c2d29a56c193542"",""update_endpoint_sha256"":""8a607274f1b3d176dd6acfdc7381c25676b642e78d334a9664e45a2bdf3d52a0"",""base_data_identity_sha256"":""8a988dc83f4082a4f27503ba2906dc6b8733b3c02be567635c726c67bbd48314"",""reified_data_identity_sha256"":""16162702ccec82b2a0e27063cd04bd756a27af1f003b4cef0da976d843ef4725"",""update_for"":""none"",""access_mode"":""read-only"",""base_data_name"":""exploratory-base"",""reified_data_name"":""exploratory-reified"",""update_canary_sha256"":""2b9b44b25cd1c568cd57c6c5df25ae260b68229044617821fb33f542dab77648"",""store_instance_sha256"":""ae66d4ca42b831aa94f050bbbfbb0f5f14bd256181e832c50cfe67318b5b52bf"",""store_discriminator_sha256"":""2e884d94ace185d62b1b91debf493ccd0a69b83d08e74cf5f1c2be4851b14215"",""tool_sha256"":""b38a65fc0c1a91e138f057f7b6c08d21c328463aceb40ffda53fc759f99d2f7a"",""java_runtime_sha256"":""bdd50c08a90e2fb713541b8a118df6250246a917edc41a6776aeafc90b472687"",""run_identity_sha256"":""006590dfc9650980a276ee5f25a656ebda7e88dc38ee95541889d0386ce856c1""}"
0ed57212455326682a75871e0e8be71760b35282,qlever,QLever [engines.json profile],100M,S,S4,00,671868a81e6d66a398f91366390ceb3c4102f83d22f474a36fa5bf19079fedde,N,N_clean (NPCS reimplementation),ok,2,339.2,336.1,352.7,342.6,8.8,1,3,300.0,383,0.0,,,,2,190.159095,"[339.164, 336.084, 352.698]","[0.0, 0.0, 0.0]",,[],,[],,[],r9.2-frozen-identity-v7,452d31318b38ed3a98020bb1c5d652bf70499127cfff38dcb6e29c43399a990f,csv-candidate-multiset-v1,2,289795ce7cf95571c5a8ae8526754c12283ef3185e71bcc78b69ed92bd6a9e79,,,,,,,,bcddd715026035ef7b31e63913d55e25b6270be6bc6037325c1f80ea1359de5d,cc83ef54f5df550fbc0e634feb927cbfa21477fdb7aed1a23c2d29a56c193542,8a607274f1b3d176dd6acfdc7381c25676b642e78d334a9664e45a2bdf3d52a0,8a988dc83f4082a4f27503ba2906dc6b8733b3c02be567635c726c67bbd48314,16162702ccec82b2a0e27063cd04bd756a27af1f003b4cef0da976d843ef4725,none,read-only,exploratory-base,exploratory-reified,2b9b44b25cd1c568cd57c6c5df25ae260b68229044617821fb33f542dab77648,ae66d4ca42b831aa94f050bbbfbb0f5f14bd256181e832c50cfe67318b5b52bf,2e884d94ace185d62b1b91debf493ccd0a69b83d08e74cf5f1c2be4851b14215,b38a65fc0c1a91e138f057f7b6c08d21c328463aceb40ffda53fc759f99d2f7a,bdd50c08a90e2fb713541b8a118df6250246a917edc41a6776aeafc90b472687,006590dfc9650980a276ee5f25a656ebda7e88dc38ee95541889d0386ce856c1,"pcm-meta-v2:{""protocol"":""r9.2-frozen-identity-v7"",""message"":"""",""cell_wall_ms"":1562.951,""answer_kind"":""csv-candidate-multiset-v1"",""answer_key_count"":2,""answer_fingerprint"":""289795ce7cf95571c5a8ae8526754c12283ef3185e71bcc78b69ed92bd6a9e79"",""c_parse_samples"":[0.0,0.0,0.0],""c_protocol_samples"":[],""construct_total_samples"":[],""construct_unattributed_samples"":[],""status"":""ok"",""status_evidence"":null,""construction_requested"":null,""construction_effective"":null,""commit"":""0ed57212455326682a75871e0e8be71760b35282"",""batch_id"":""452d31318b38ed3a98020bb1c5d652bf70499127cfff38dcb6e29c43399a990f"",""query_sha256"":""671868a81e6d66a398f91366390ceb3c4102f83d22f474a36fa5bf19079fedde"",""engine"":""qlever"",""engine_version"":""QLever [engines.json profile]"",""scale"":""100M"",""base_endpoint_sha256"":""bcddd715026035ef7b31e63913d55e25b6270be6bc6037325c1f80ea1359de5d"",""reified_endpoint_sha256"":""cc83ef54f5df550fbc0e634feb927cbfa21477fdb7aed1a23c2d29a56c193542"",""update_endpoint_sha256"":""8a607274f1b3d176dd6acfdc7381c25676b642e78d334a9664e45a2bdf3d52a0"",""base_data_identity_sha256"":""8a988dc83f4082a4f27503ba2906dc6b8733b3c02be567635c726c67bbd48314"",""reified_data_identity_sha256"":""16162702ccec82b2a0e27063cd04bd756a27af1f003b4cef0da976d843ef4725"",""update_for"":""none"",""access_mode"":""read-only"",""base_data_name"":""exploratory-base"",""reified_data_name"":""exploratory-reified"",""update_canary_sha256"":""2b9b44b25cd1c568cd57c6c5df25ae260b68229044617821fb33f542dab77648"",""store_instance_sha256"":""ae66d4ca42b831aa94f050bbbfbb0f5f14bd256181e832c50cfe67318b5b52bf"",""store_discriminator_sha256"":""2e884d94ace185d62b1b91debf493ccd0a69b83d08e74cf5f1c2be4851b14215"",""tool_sha256"":""b38a65fc0c1a91e138f057f7b6c08d21c328463aceb40ffda53fc759f99d2f7a"",""java_runtime_sha256"":""bdd50c08a90e2fb713541b8a118df6250246a917edc41a6776aeafc90b472687"",""run_identity_sha256"":""006590dfc9650980a276ee5f25a656ebda7e88dc38ee95541889d0386ce856c1""}"
0ed57212455326682a75871e0e8be71760b35282,qlever,QLever [engines.json profile],100M,S,S4,00,671868a81e6d66a398f91366390ceb3c4102f83d22f474a36fa5bf19079fedde,C,SPARQLcirc CircuitRewriter,ok,2,406.3,404.2,410.6,407.1,3.2,1,3,300.0,4730,0.5,4,10,2,,354.012328,"[406.342, 404.245, 410.58]","[0.515, 0.501, 0.498]",0.0,"[0.0, 0.0, 0.0]",406.9,"[406.924, 404.81, 411.153]",0.1,"[0.067, 0.064, 0.076]",r9.2-frozen-identity-v7,452d31318b38ed3a98020bb1c5d652bf70499127cfff38dcb6e29c43399a990f,term-aware-candidate-set-v1,2,00cb054d0def9a4da718414f63058bd6d4dc4bc098d52711332ec908685976bd,flat,flat,e1f3c8186d5d6df8a918e15d3a487be850e2245b62f59802e1c3582ccb632304,,,,,bcddd715026035ef7b31e63913d55e25b6270be6bc6037325c1f80ea1359de5d,cc83ef54f5df550fbc0e634feb927cbfa21477fdb7aed1a23c2d29a56c193542,8a607274f1b3d176dd6acfdc7381c25676b642e78d334a9664e45a2bdf3d52a0,8a988dc83f4082a4f27503ba2906dc6b8733b3c02be567635c726c67bbd48314,16162702ccec82b2a0e27063cd04bd756a27af1f003b4cef0da976d843ef4725,none,read-only,exploratory-base,exploratory-reified,2b9b44b25cd1c568cd57c6c5df25ae260b68229044617821fb33f542dab77648,ae66d4ca42b831aa94f050bbbfbb0f5f14bd256181e832c50cfe67318b5b52bf,2e884d94ace185d62b1b91debf493ccd0a69b83d08e74cf5f1c2be4851b14215,b38a65fc0c1a91e138f057f7b6c08d21c328463aceb40ffda53fc759f99d2f7a,bdd50c08a90e2fb713541b8a118df6250246a917edc41a6776aeafc90b472687,006590dfc9650980a276ee5f25a656ebda7e88dc38ee95541889d0386ce856c1,"pcm-meta-v2:{""protocol"":""r9.2-frozen-identity-v7"",""message"":""C requested=flat effective=flat; steps=1 feedback=0; network includes CONSTRUCT, feedback INSERT, and cleanup DELETE"",""cell_wall_ms"":1993.501,""answer_kind"":""term-aware-candidate-set-v1"",""answer_key_count"":2,""answer_fingerprint"":""00cb054d0def9a4da718414f63058bd6d4dc4bc098d52711332ec908685976bd"",""c_parse_samples"":[0.515,0.501,0.498],""c_protocol_samples"":[{""requested_mode"":""flat"",""effective_mode"":""flat"",""fallback_reason"":null,""plan_steps"":1,""feedback_steps"":0,""feedback_triples"":0,""construct_query_ms"":406.342,""feedback_update_ms"":0.0,""cleanup_ms"":0.0,""client_protocol_ms"":0.0,""network_scope"":""construct+feedback+cleanup"",""circuit_sha256"":""e1f3c8186d5d6df8a918e15d3a487be850e2245b62f59802e1c3582ccb632304"",""answer_fingerprint"":""00cb054d0def9a4da718414f63058bd6d4dc4bc098d52711332ec908685976bd"",""semantic_signature_sha256"":""b90270bbc73fa0f44ea12e9989742fe04cb15d6c3df654e4bc989087e50b9e92"",""structure_signature"":{""gates"":4,""edges"":10,""answers"":2,""derivations"":2,""canonical_bytes"":4730},""construct_total_ms"":406.924,""client_unattributed_ms"":0.067},{""requested_mode"":""flat"",""effective_mode"":""flat"",""fallback_reason"":null,""plan_steps"":1,""feedback_steps"":0,""feedback_triples"":0,""construct_query_ms"":404.245,""feedback_update_ms"":0.0,""cleanup_ms"":0.0,""client_protocol_ms"":0.0,""network_scope"":""construct+feedback+cleanup"",""circuit_sha256"":""e1f3c8186d5d6df8a918e15d3a487be850e2245b62f59802e1c3582ccb632304"",""answer_fingerprint"":""00cb054d0def9a4da718414f63058bd6d4dc4bc098d52711332ec908685976bd"",""semantic_signature_sha256"":""b90270bbc73fa0f44ea12e9989742fe04cb15d6c3df654e4bc989087e50b9e92"",""structure_signature"":{""gates"":4,""edges"":10,""answers"":2,""derivations"":2,""canonical_bytes"":4730},""construct_total_ms"":404.81,""client_unattributed_ms"":0.064},{""requested_mode"":""flat"",""effective_mode"":""flat"",""fallback_reason"":null,""plan_steps"":1,""feedback_steps"":0,""feedback_triples"":0,""construct_query_ms"":410.58,""feedback_update_ms"":0.0,""cleanup_ms"":0.0,""client_protocol_ms"":0.0,""network_scope"":""construct+feedback+cleanup"",""circuit_sha256"":""e1f3c8186d5d6df8a918e15d3a487be850e2245b62f59802e1c3582ccb632304"",""answer_fingerprint"":""00cb054d0def9a4da718414f63058bd6d4dc4bc098d52711332ec908685976bd"",""semantic_signature_sha256"":""b90270bbc73fa0f44ea12e9989742fe04cb15d6c3df654e4bc989087e50b9e92"",""structure_signature"":{""gates"":4,""edges"":10,""answers"":2,""derivations"":2,""canonical_bytes"":4730},""construct_total_ms"":411.153,""client_unattributed_ms"":0.076}],""construct_total_samples"":[406.924,404.81,411.153],""construct_unattributed_samples"":[0.067,0.064,0.076],""status"":""ok"",""status_evidence"":null,""c_warmup_signatures"":[""b90270bbc73fa0f44ea12e9989742fe04cb15d6c3df654e4bc989087e50b9e92""],""measured_semantic_signature_sha256"":""b90270bbc73fa0f44ea12e9989742fe04cb15d6c3df654e4bc989087e50b9e92"",""measured_repetitions_consistent"":true,""construction_requested"":""flat"",""construction_effective"":""flat"",""commit"":""0ed57212455326682a75871e0e8be71760b35282"",""batch_id"":""452d31318b38ed3a98020bb1c5d652bf70499127cfff38dcb6e29c43399a990f"",""query_sha256"":""671868a81e6d66a398f91366390ceb3c4102f83d22f474a36fa5bf19079fedde"",""engine"":""qlever"",""engine_version"":""QLever [engines.json profile]"",""scale"":""100M"",""base_endpoint_sha256"":""bcddd715026035ef7b31e63913d55e25b6270be6bc6037325c1f80ea1359de5d"",""reified_endpoint_sha256"":""cc83ef54f5df550fbc0e634feb927cbfa21477fdb7aed1a23c2d29a56c193542"",""update_endpoint_sha256"":""8a607274f1b3d176dd6acfdc7381c25676b642e78d334a9664e45a2bdf3d52a0"",""base_data_identity_sha256"":""8a988dc83f4082a4f27503ba2906dc6b8733b3c02be567635c726c67bbd48314"",""reified_data_identity_sha256"":""16162702ccec82b2a0e27063cd04bd756a27af1f003b4cef0da976d843ef4725"",""update_for"":""none"",""access_mode"":""read-only"",""base_data_name"":""exploratory-base"",""reified_data_name"":""exploratory-reified"",""update_canary_sha256"":""2b9b44b25cd1c568cd57c6c5df25ae260b68229044617821fb33f542dab77648"",""store_instance_sha256"":""ae66d4ca42b831aa94f050bbbfbb0f5f14bd256181e832c50cfe67318b5b52bf"",""store_discriminator_sha256"":""2e884d94ace185d62b1b91debf493ccd0a69b83d08e74cf5f1c2be4851b14215"",""tool_sha256"":""b38a65fc0c1a91e138f057f7b6c08d21c328463aceb40ffda53fc759f99d2f7a"",""java_runtime_sha256"":""bdd50c08a90e2fb713541b8a118df6250246a917edc41a6776aeafc90b472687"",""run_identity_sha256"":""006590dfc9650980a276ee5f25a656ebda7e88dc38ee95541889d0386ce856c1""}"
0ed57212455326682a75871e0e8be71760b35282,qlever,QLever [engines.json profile],100M,S,S5,00,691e7a0abcd7232efe06742dc0cffd6f1c1bb58adb1206c47f9a3c8bb38753fb,B,base-select,ok,341,2.7,2.6,3.2,2.8,0.3,1,3,300.0,16907,0.0,,,,,0.00863,"[3.204, 2.731, 2.59]","[0.0, 0.0, 0.0]",,[],,[],,[],r9.2-frozen-identity-v7,452d31318b38ed3a98020bb1c5d652bf70499127cfff38dcb6e29c43399a990f,csv-binding-multiset-v1,341,d0f07be32ea2eaaad3692828e17808ed630ce7431b394198bd4e4cdbf258873d,,,,,,,,bcddd715026035ef7b31e63913d55e25b6270be6bc6037325c1f80ea1359de5d,cc83ef54f5df550fbc0e634feb927cbfa21477fdb7aed1a23c2d29a56c193542,8a607274f1b3d176dd6acfdc7381c25676b642e78d334a9664e45a2bdf3d52a0,8a988dc83f4082a4f27503ba2906dc6b8733b3c02be567635c726c67bbd48314,16162702ccec82b2a0e27063cd04bd756a27af1f003b4cef0da976d843ef4725,none,read-only,exploratory-base,exploratory-reified,2b9b44b25cd1c568cd57c6c5df25ae260b68229044617821fb33f542dab77648,ae66d4ca42b831aa94f050bbbfbb0f5f14bd256181e832c50cfe67318b5b52bf,2e884d94ace185d62b1b91debf493ccd0a69b83d08e74cf5f1c2be4851b14215,b38a65fc0c1a91e138f057f7b6c08d21c328463aceb40ffda53fc759f99d2f7a,bdd50c08a90e2fb713541b8a118df6250246a917edc41a6776aeafc90b472687,a8bd9ec6080c707bb4f8e243dd9cc1c96a820c8495ecf36aeef0b4eb7ea44743,"pcm-meta-v2:{""protocol"":""r9.2-frozen-identity-v7"",""message"":"""",""cell_wall_ms"":33.964,""answer_kind"":""csv-binding-multiset-v1"",""answer_key_count"":341,""answer_fingerprint"":""d0f07be32ea2eaaad3692828e17808ed630ce7431b394198bd4e4cdbf258873d"",""c_parse_samples"":[0.0,0.0,0.0],""c_protocol_samples"":[],""construct_total_samples"":[],""construct_unattributed_samples"":[],""status"":""ok"",""status_evidence"":null,""construction_requested"":null,""construction_effective"":null,""commit"":""0ed57212455326682a75871e0e8be71760b35282"",""batch_id"":""452d31318b38ed3a98020bb1c5d652bf70499127cfff38dcb6e29c43399a990f"",""query_sha256"":""691e7a0abcd7232efe06742dc0cffd6f1c1bb58adb1206c47f9a3c8bb38753fb"",""engine"":""qlever"",""engine_version"":""QLever [engines.json profile]"",""scale"":""100M"",""base_endpoint_sha256"":""bcddd715026035ef7b31e63913d55e25b6270be6bc6037325c1f80ea1359de5d"",""reified_endpoint_sha256"":""cc83ef54f5df550fbc0e634feb927cbfa21477fdb7aed1a23c2d29a56c193542"",""update_endpoint_sha256"":""8a607274f1b3d176dd6acfdc7381c25676b642e78d334a9664e45a2bdf3d52a0"",""base_data_identity_sha256"":""8a988dc83f4082a4f27503ba2906dc6b8733b3c02be567635c726c67bbd48314"",""reified_data_identity_sha256"":""16162702ccec82b2a0e27063cd04bd756a27af1f003b4cef0da976d843ef4725"",""update_for"":""none"",""access_mode"":""read-only"",""base_data_name"":""exploratory-base"",""reified_data_name"":""exploratory-reified"",""update_canary_sha256"":""2b9b44b25cd1c568cd57c6c5df25ae260b68229044617821fb33f542dab77648"",""store_instance_sha256"":""ae66d4ca42b831aa94f050bbbfbb0f5f14bd256181e832c50cfe67318b5b52bf"",""store_discriminator_sha256"":""2e884d94ace185d62b1b91debf493ccd0a69b83d08e74cf5f1c2be4851b14215"",""tool_sha256"":""b38a65fc0c1a91e138f057f7b6c08d21c328463aceb40ffda53fc759f99d2f7a"",""java_runtime_sha256"":""bdd50c08a90e2fb713541b8a118df6250246a917edc41a6776aeafc90b472687"",""run_identity_sha256"":""a8bd9ec6080c707bb4f8e243dd9cc1c96a820c8495ecf36aeef0b4eb7ea44743""}"
0ed57212455326682a75871e0e8be71760b35282,qlever,QLever [engines.json profile],100M,S,S5,00,691e7a0abcd7232efe06742dc0cffd6f1c1bb58adb1206c47f9a3c8bb38753fb,R,reification-only,ok,341,341.2,340.8,343.2,341.7,1.3,1,3,300.0,16907,0.0,,,,,130.24951,"[341.157, 343.248, 340.777]","[0.0, 0.0, 0.0]",,[],,[],,[],r9.2-frozen-identity-v7,452d31318b38ed3a98020bb1c5d652bf70499127cfff38dcb6e29c43399a990f,csv-binding-multiset-v1,341,d0f07be32ea2eaaad3692828e17808ed630ce7431b394198bd4e4cdbf258873d,,,,,,,,bcddd715026035ef7b31e63913d55e25b6270be6bc6037325c1f80ea1359de5d,cc83ef54f5df550fbc0e634feb927cbfa21477fdb7aed1a23c2d29a56c193542,8a607274f1b3d176dd6acfdc7381c25676b642e78d334a9664e45a2bdf3d52a0,8a988dc83f4082a4f27503ba2906dc6b8733b3c02be567635c726c67bbd48314,16162702ccec82b2a0e27063cd04bd756a27af1f003b4cef0da976d843ef4725,none,read-only,exploratory-base,exploratory-reified,2b9b44b25cd1c568cd57c6c5df25ae260b68229044617821fb33f542dab77648,ae66d4ca42b831aa94f050bbbfbb0f5f14bd256181e832c50cfe67318b5b52bf,2e884d94ace185d62b1b91debf493ccd0a69b83d08e74cf5f1c2be4851b14215,b38a65fc0c1a91e138f057f7b6c08d21c328463aceb40ffda53fc759f99d2f7a,bdd50c08a90e2fb713541b8a118df6250246a917edc41a6776aeafc90b472687,a8bd9ec6080c707bb4f8e243dd9cc1c96a820c8495ecf36aeef0b4eb7ea44743,"pcm-meta-v2:{""protocol"":""r9.2-frozen-identity-v7"",""message"":"""",""cell_wall_ms"":2346.881,""answer_kind"":""csv-binding-multiset-v1"",""answer_key_count"":341,""answer_fingerprint"":""d0f07be32ea2eaaad3692828e17808ed630ce7431b394198bd4e4cdbf258873d"",""c_parse_samples"":[0.0,0.0,0.0],""c_protocol_samples"":[],""construct_total_samples"":[],""construct_unattributed_samples"":[],""status"":""ok"",""status_evidence"":null,""construction_requested"":null,""construction_effective"":null,""commit"":""0ed57212455326682a75871e0e8be71760b35282"",""batch_id"":""452d31318b38ed3a98020bb1c5d652bf70499127cfff38dcb6e29c43399a990f"",""query_sha256"":""691e7a0abcd7232efe06742dc0cffd6f1c1bb58adb1206c47f9a3c8bb38753fb"",""engine"":""qlever"",""engine_version"":""QLever [engines.json profile]"",""scale"":""100M"",""base_endpoint_sha256"":""bcddd715026035ef7b31e63913d55e25b6270be6bc6037325c1f80ea1359de5d"",""reified_endpoint_sha256"":""cc83ef54f5df550fbc0e634feb927cbfa21477fdb7aed1a23c2d29a56c193542"",""update_endpoint_sha256"":""8a607274f1b3d176dd6acfdc7381c25676b642e78d334a9664e45a2bdf3d52a0"",""base_data_identity_sha256"":""8a988dc83f4082a4f27503ba2906dc6b8733b3c02be567635c726c67bbd48314"",""reified_data_identity_sha256"":""16162702ccec82b2a0e27063cd04bd756a27af1f003b4cef0da976d843ef4725"",""update_for"":""none"",""access_mode"":""read-only"",""base_data_name"":""exploratory-base"",""reified_data_name"":""exploratory-reified"",""update_canary_sha256"":""2b9b44b25cd1c568cd57c6c5df25ae260b68229044617821fb33f542dab77648"",""store_instance_sha256"":""ae66d4ca42b831aa94f050bbbfbb0f5f14bd256181e832c50cfe67318b5b52bf"",""store_discriminator_sha256"":""2e884d94ace185d62b1b91debf493ccd0a69b83d08e74cf5f1c2be4851b14215"",""tool_sha256"":""b38a65fc0c1a91e138f057f7b6c08d21c328463aceb40ffda53fc759f99d2f7a"",""java_runtime_sha256"":""bdd50c08a90e2fb713541b8a118df6250246a917edc41a6776aeafc90b472687"",""run_identity_sha256"":""a8bd9ec6080c707bb4f8e243dd9cc1c96a820c8495ecf36aeef0b4eb7ea44743""}"
0ed57212455326682a75871e0e8be71760b35282,qlever,QLever [engines.json profile],100M,S,S5,00,691e7a0abcd7232efe06742dc0cffd6f1c1bb58adb1206c47f9a3c8bb38753fb,N,N_clean (NPCS reimplementation),ok,341,337.8,334.3,338.8,337.0,2.4,1,3,300.0,40772,0.0,,,,341,189.889411,"[338.759, 337.846, 334.253]","[0.0, 0.0, 0.0]",,[],,[],,[],r9.2-frozen-identity-v7,452d31318b38ed3a98020bb1c5d652bf70499127cfff38dcb6e29c43399a990f,csv-candidate-multiset-v1,341,d0f07be32ea2eaaad3692828e17808ed630ce7431b394198bd4e4cdbf258873d,,,,,,,,bcddd715026035ef7b31e63913d55e25b6270be6bc6037325c1f80ea1359de5d,cc83ef54f5df550fbc0e634feb927cbfa21477fdb7aed1a23c2d29a56c193542,8a607274f1b3d176dd6acfdc7381c25676b642e78d334a9664e45a2bdf3d52a0,8a988dc83f4082a4f27503ba2906dc6b8733b3c02be567635c726c67bbd48314,16162702ccec82b2a0e27063cd04bd756a27af1f003b4cef0da976d843ef4725,none,read-only,exploratory-base,exploratory-reified,2b9b44b25cd1c568cd57c6c5df25ae260b68229044617821fb33f542dab77648,ae66d4ca42b831aa94f050bbbfbb0f5f14bd256181e832c50cfe67318b5b52bf,2e884d94ace185d62b1b91debf493ccd0a69b83d08e74cf5f1c2be4851b14215,b38a65fc0c1a91e138f057f7b6c08d21c328463aceb40ffda53fc759f99d2f7a,bdd50c08a90e2fb713541b8a118df6250246a917edc41a6776aeafc90b472687,a8bd9ec6080c707bb4f8e243dd9cc1c96a820c8495ecf36aeef0b4eb7ea44743,"pcm-meta-v2:{""protocol"":""r9.2-frozen-identity-v7"",""message"":"""",""cell_wall_ms"":1593.056,""answer_kind"":""csv-candidate-multiset-v1"",""answer_key_count"":341,""answer_fingerprint"":""d0f07be32ea2eaaad3692828e17808ed630ce7431b394198bd4e4cdbf258873d"",""c_parse_samples"":[0.0,0.0,0.0],""c_protocol_samples"":[],""construct_total_samples"":[],""construct_unattributed_samples"":[],""status"":""ok"",""status_evidence"":null,""construction_requested"":null,""construction_effective"":null,""commit"":""0ed57212455326682a75871e0e8be71760b35282"",""batch_id"":""452d31318b38ed3a98020bb1c5d652bf70499127cfff38dcb6e29c43399a990f"",""query_sha256"":""691e7a0abcd7232efe06742dc0cffd6f1c1bb58adb1206c47f9a3c8bb38753fb"",""engine"":""qlever"",""engine_version"":""QLever [engines.json profile]"",""scale"":""100M"",""base_endpoint_sha256"":""bcddd715026035ef7b31e63913d55e25b6270be6bc6037325c1f80ea1359de5d"",""reified_endpoint_sha256"":""cc83ef54f5df550fbc0e634feb927cbfa21477fdb7aed1a23c2d29a56c193542"",""update_endpoint_sha256"":""8a607274f1b3d176dd6acfdc7381c25676b642e78d334a9664e45a2bdf3d52a0"",""base_data_identity_sha256"":""8a988dc83f4082a4f27503ba2906dc6b8733b3c02be567635c726c67bbd48314"",""reified_data_identity_sha256"":""16162702ccec82b2a0e27063cd04bd756a27af1f003b4cef0da976d843ef4725"",""update_for"":""none"",""access_mode"":""read-only"",""base_data_name"":""exploratory-base"",""reified_data_name"":""exploratory-reified"",""update_canary_sha256"":""2b9b44b25cd1c568cd57c6c5df25ae260b68229044617821fb33f542dab77648"",""store_instance_sha256"":""ae66d4ca42b831aa94f050bbbfbb0f5f14bd256181e832c50cfe67318b5b52bf"",""store_discriminator_sha256"":""2e884d94ace185d62b1b91debf493ccd0a69b83d08e74cf5f1c2be4851b14215"",""tool_sha256"":""b38a65fc0c1a91e138f057f7b6c08d21c328463aceb40ffda53fc759f99d2f7a"",""java_runtime_sha256"":""bdd50c08a90e2fb713541b8a118df6250246a917edc41a6776aeafc90b472687"",""run_identity_sha256"":""a8bd9ec6080c707bb4f8e243dd9cc1c96a820c8495ecf36aeef0b4eb7ea44743""}"
0ed57212455326682a75871e0e8be71760b35282,qlever,QLever [engines.json profile],100M,S,S5,00,691e7a0abcd7232efe06742dc0cffd6f1c1bb58adb1206c47f9a3c8bb38753fb,C,SPARQLcirc CircuitRewriter,ok,341,398.4,395.5,540.0,444.6,82.6,1,3,300.0,508110,42.7,682,1705,341,,353.341957,"[395.484, 540.013, 398.397]","[43.267, 42.656, 42.222]",0.0,"[0.0, 0.0, 0.0]",440.8,"[438.898, 582.812, 440.774]",0.1,"[0.147, 0.143, 0.155]",r9.2-frozen-identity-v7,452d31318b38ed3a98020bb1c5d652bf70499127cfff38dcb6e29c43399a990f,term-aware-candidate-set-v1,341,fcd8fad57cb3cefcd5f4206cd4e17f058b033fb7b5c60c91f5a5d21ff9fd3932,flat,flat,bf9aef5f163f0c6cf44c469c5350c5f0d3b0a1622cdb64326d109a8dbf548197,,,,,bcddd715026035ef7b31e63913d55e25b6270be6bc6037325c1f80ea1359de5d,cc83ef54f5df550fbc0e634feb927cbfa21477fdb7aed1a23c2d29a56c193542,8a607274f1b3d176dd6acfdc7381c25676b642e78d334a9664e45a2bdf3d52a0,8a988dc83f4082a4f27503ba2906dc6b8733b3c02be567635c726c67bbd48314,16162702ccec82b2a0e27063cd04bd756a27af1f003b4cef0da976d843ef4725,none,read-only,exploratory-base,exploratory-reified,2b9b44b25cd1c568cd57c6c5df25ae260b68229044617821fb33f542dab77648,ae66d4ca42b831aa94f050bbbfbb0f5f14bd256181e832c50cfe67318b5b52bf,2e884d94ace185d62b1b91debf493ccd0a69b83d08e74cf5f1c2be4851b14215,b38a65fc0c1a91e138f057f7b6c08d21c328463aceb40ffda53fc759f99d2f7a,bdd50c08a90e2fb713541b8a118df6250246a917edc41a6776aeafc90b472687,a8bd9ec6080c707bb4f8e243dd9cc1c96a820c8495ecf36aeef0b4eb7ea44743,"pcm-meta-v2:{""protocol"":""r9.2-frozen-identity-v7"",""message"":""C requested=flat effective=flat; steps=1 feedback=0; network includes CONSTRUCT, feedback INSERT, and cleanup DELETE"",""cell_wall_ms"":2316.755,""answer_kind"":""term-aware-candidate-set-v1"",""answer_key_count"":341,""answer_fingerprint"":""fcd8fad57cb3cefcd5f4206cd4e17f058b033fb7b5c60c91f5a5d21ff9fd3932"",""c_parse_samples"":[43.267,42.656,42.222],""c_protocol_samples"":[{""requested_mode"":""flat"",""effective_mode"":""flat"",""fallback_reason"":null,""plan_steps"":1,""feedback_steps"":0,""feedback_triples"":0,""construct_query_ms"":395.484,""feedback_update_ms"":0.0,""cleanup_ms"":0.0,""client_protocol_ms"":0.0,""network_scope"":""construct+feedback+cleanup"",""circuit_sha256"":""bf9aef5f163f0c6cf44c469c5350c5f0d3b0a1622cdb64326d109a8dbf548197"",""answer_fingerprint"":""fcd8fad57cb3cefcd5f4206cd4e17f058b033fb7b5c60c91f5a5d21ff9fd3932"",""semantic_signature_sha256"":""f5681d438f80df1bd03cc3212f541f88ab12a3b60d98fe93d8ecce240646cb6f"",""structure_signature"":{""gates"":682,""edges"":1705,""answers"":341,""derivations"":341,""canonical_bytes"":508110},""construct_total_ms"":438.898,""client_unattributed_ms"":0.147},{""requested_mode"":""flat"",""effective_mode"":""flat"",""fallback_reason"":null,""plan_steps"":1,""feedback_steps"":0,""feedback_triples"":0,""construct_query_ms"":540.013,""feedback_update_ms"":0.0,""cleanup_ms"":0.0,""client_protocol_ms"":0.0,""network_scope"":""construct+feedback+cleanup"",""circuit_sha256"":""bf9aef5f163f0c6cf44c469c5350c5f0d3b0a1622cdb64326d109a8dbf548197"",""answer_fingerprint"":""fcd8fad57cb3cefcd5f4206cd4e17f058b033fb7b5c60c91f5a5d21ff9fd3932"",""semantic_signature_sha256"":""f5681d438f80df1bd03cc3212f541f88ab12a3b60d98fe93d8ecce240646cb6f"",""structure_signature"":{""gates"":682,""edges"":1705,""answers"":341,""derivations"":341,""canonical_bytes"":508110},""construct_total_ms"":582.812,""client_unattributed_ms"":0.143},{""requested_mode"":""flat"",""effective_mode"":""flat"",""fallback_reason"":null,""plan_steps"":1,""feedback_steps"":0,""feedback_triples"":0,""construct_query_ms"":398.397,""feedback_update_ms"":0.0,""cleanup_ms"":0.0,""client_protocol_ms"":0.0,""network_scope"":""construct+feedback+cleanup"",""circuit_sha256"":""bf9aef5f163f0c6cf44c469c5350c5f0d3b0a1622cdb64326d109a8dbf548197"",""answer_fingerprint"":""fcd8fad57cb3cefcd5f4206cd4e17f058b033fb7b5c60c91f5a5d21ff9fd3932"",""semantic_signature_sha256"":""f5681d438f80df1bd03cc3212f541f88ab12a3b60d98fe93d8ecce240646cb6f"",""structure_signature"":{""gates"":682,""edges"":1705,""answers"":341,""derivations"":341,""canonical_bytes"":508110},""construct_total_ms"":440.774,""client_unattributed_ms"":0.155}],""construct_total_samples"":[438.898,582.812,440.774],""construct_unattributed_samples"":[0.147,0.143,0.155],""status"":""ok"",""status_evidence"":null,""c_warmup_signatures"":[""f5681d438f80df1bd03cc3212f541f88ab12a3b60d98fe93d8ecce240646cb6f""],""measured_semantic_signature_sha256"":""f5681d438f80df1bd03cc3212f541f88ab12a3b60d98fe93d8ecce240646cb6f"",""measured_repetitions_consistent"":true,""construction_requested"":""flat"",""construction_effective"":""flat"",""commit"":""0ed57212455326682a75871e0e8be71760b35282"",""batch_id"":""452d31318b38ed3a98020bb1c5d652bf70499127cfff38dcb6e29c43399a990f"",""query_sha256"":""691e7a0abcd7232efe06742dc0cffd6f1c1bb58adb1206c47f9a3c8bb38753fb"",""engine"":""qlever"",""engine_version"":""QLever [engines.json profile]"",""scale"":""100M"",""base_endpoint_sha256"":""bcddd715026035ef7b31e63913d55e25b6270be6bc6037325c1f80ea1359de5d"",""reified_endpoint_sha256"":""cc83ef54f5df550fbc0e634feb927cbfa21477fdb7aed1a23c2d29a56c193542"",""update_endpoint_sha256"":""8a607274f1b3d176dd6acfdc7381c25676b642e78d334a9664e45a2bdf3d52a0"",""base_data_identity_sha256"":""8a988dc83f4082a4f27503ba2906dc6b8733b3c02be567635c726c67bbd48314"",""reified_data_identity_sha256"":""16162702ccec82b2a0e27063cd04bd756a27af1f003b4cef0da976d843ef4725"",""update_for"":""none"",""access_mode"":""read-only"",""base_data_name"":""exploratory-base"",""reified_data_name"":""exploratory-reified"",""update_canary_sha256"":""2b9b44b25cd1c568cd57c6c5df25ae260b68229044617821fb33f542dab77648"",""store_instance_sha256"":""ae66d4ca42b831aa94f050bbbfbb0f5f14bd256181e832c50cfe67318b5b52bf"",""store_discriminator_sha256"":""2e884d94ace185d62b1b91debf493ccd0a69b83d08e74cf5f1c2be4851b14215"",""tool_sha256"":""b38a65fc0c1a91e138f057f7b6c08d21c328463aceb40ffda53fc759f99d2f7a"",""java_runtime_sha256"":""bdd50c08a90e2fb713541b8a118df6250246a917edc41a6776aeafc90b472687"",""run_identity_sha256"":""a8bd9ec6080c707bb4f8e243dd9cc1c96a820c8495ecf36aeef0b4eb7ea44743""}"
0ed57212455326682a75871e0e8be71760b35282,qlever,QLever [engines.json profile],100M,S,S6,00,3a9de4be91a376d912945053f743c79042392d6a11ce089a2d71c37c156ec248,B,base-select,ok,13,3.5,3.5,3.8,3.6,0.2,1,3,300.0,648,0.0,,,,,0.00759,"[3.794, 3.473, 3.478]","[0.0, 0.0, 0.0]",,[],,[],,[],r9.2-frozen-identity-v7,452d31318b38ed3a98020bb1c5d652bf70499127cfff38dcb6e29c43399a990f,csv-binding-multiset-v1,13,e5ab6a6ce6eb81e4143eb16090f1de64eaa72a7b55a3ff095bbf8e6809c01103,,,,,,,,bcddd715026035ef7b31e63913d55e25b6270be6bc6037325c1f80ea1359de5d,cc83ef54f5df550fbc0e634feb927cbfa21477fdb7aed1a23c2d29a56c193542,8a607274f1b3d176dd6acfdc7381c25676b642e78d334a9664e45a2bdf3d52a0,8a988dc83f4082a4f27503ba2906dc6b8733b3c02be567635c726c67bbd48314,16162702ccec82b2a0e27063cd04bd756a27af1f003b4cef0da976d843ef4725,none,read-only,exploratory-base,exploratory-reified,2b9b44b25cd1c568cd57c6c5df25ae260b68229044617821fb33f542dab77648,ae66d4ca42b831aa94f050bbbfbb0f5f14bd256181e832c50cfe67318b5b52bf,2e884d94ace185d62b1b91debf493ccd0a69b83d08e74cf5f1c2be4851b14215,b38a65fc0c1a91e138f057f7b6c08d21c328463aceb40ffda53fc759f99d2f7a,bdd50c08a90e2fb713541b8a118df6250246a917edc41a6776aeafc90b472687,09f19cb37db48424175359fe4a4c41788c80209b0f2a94c5f2af0c08a9282adc,"pcm-meta-v2:{""protocol"":""r9.2-frozen-identity-v7"",""message"":"""",""cell_wall_ms"":33.032,""answer_kind"":""csv-binding-multiset-v1"",""answer_key_count"":13,""answer_fingerprint"":""e5ab6a6ce6eb81e4143eb16090f1de64eaa72a7b55a3ff095bbf8e6809c01103"",""c_parse_samples"":[0.0,0.0,0.0],""c_protocol_samples"":[],""construct_total_samples"":[],""construct_unattributed_samples"":[],""status"":""ok"",""status_evidence"":null,""construction_requested"":null,""construction_effective"":null,""commit"":""0ed57212455326682a75871e0e8be71760b35282"",""batch_id"":""452d31318b38ed3a98020bb1c5d652bf70499127cfff38dcb6e29c43399a990f"",""query_sha256"":""3a9de4be91a376d912945053f743c79042392d6a11ce089a2d71c37c156ec248"",""engine"":""qlever"",""engine_version"":""QLever [engines.json profile]"",""scale"":""100M"",""base_endpoint_sha256"":""bcddd715026035ef7b31e63913d55e25b6270be6bc6037325c1f80ea1359de5d"",""reified_endpoint_sha256"":""cc83ef54f5df550fbc0e634feb927cbfa21477fdb7aed1a23c2d29a56c193542"",""update_endpoint_sha256"":""8a607274f1b3d176dd6acfdc7381c25676b642e78d334a9664e45a2bdf3d52a0"",""base_data_identity_sha256"":""8a988dc83f4082a4f27503ba2906dc6b8733b3c02be567635c726c67bbd48314"",""reified_data_identity_sha256"":""16162702ccec82b2a0e27063cd04bd756a27af1f003b4cef0da976d843ef4725"",""update_for"":""none"",""access_mode"":""read-only"",""base_data_name"":""exploratory-base"",""reified_data_name"":""exploratory-reified"",""update_canary_sha256"":""2b9b44b25cd1c568cd57c6c5df25ae260b68229044617821fb33f542dab77648"",""store_instance_sha256"":""ae66d4ca42b831aa94f050bbbfbb0f5f14bd256181e832c50cfe67318b5b52bf"",""store_discriminator_sha256"":""2e884d94ace185d62b1b91debf493ccd0a69b83d08e74cf5f1c2be4851b14215"",""tool_sha256"":""b38a65fc0c1a91e138f057f7b6c08d21c328463aceb40ffda53fc759f99d2f7a"",""java_runtime_sha256"":""bdd50c08a90e2fb713541b8a118df6250246a917edc41a6776aeafc90b472687"",""run_identity_sha256"":""09f19cb37db48424175359fe4a4c41788c80209b0f2a94c5f2af0c08a9282adc""}"
0ed57212455326682a75871e0e8be71760b35282,qlever,QLever [engines.json profile],100M,S,S6,00,3a9de4be91a376d912945053f743c79042392d6a11ce089a2d71c37c156ec248,R,reification-only,ok,13,21.1,20.6,22.5,21.4,1.0,1,3,300.0,648,0.0,,,,,128.282216,"[22.496, 21.119, 20.554]","[0.0, 0.0, 0.0]",,[],,[],,[],r9.2-frozen-identity-v7,452d31318b38ed3a98020bb1c5d652bf70499127cfff38dcb6e29c43399a990f,csv-binding-multiset-v1,13,e5ab6a6ce6eb81e4143eb16090f1de64eaa72a7b55a3ff095bbf8e6809c01103,,,,,,,,bcddd715026035ef7b31e63913d55e25b6270be6bc6037325c1f80ea1359de5d,cc83ef54f5df550fbc0e634feb927cbfa21477fdb7aed1a23c2d29a56c193542,8a607274f1b3d176dd6acfdc7381c25676b642e78d334a9664e45a2bdf3d52a0,8a988dc83f4082a4f27503ba2906dc6b8733b3c02be567635c726c67bbd48314,16162702ccec82b2a0e27063cd04bd756a27af1f003b4cef0da976d843ef4725,none,read-only,exploratory-base,exploratory-reified,2b9b44b25cd1c568cd57c6c5df25ae260b68229044617821fb33f542dab77648,ae66d4ca42b831aa94f050bbbfbb0f5f14bd256181e832c50cfe67318b5b52bf,2e884d94ace185d62b1b91debf493ccd0a69b83d08e74cf5f1c2be4851b14215,b38a65fc0c1a91e138f057f7b6c08d21c328463aceb40ffda53fc759f99d2f7a,bdd50c08a90e2fb713541b8a118df6250246a917edc41a6776aeafc90b472687,09f19cb37db48424175359fe4a4c41788c80209b0f2a94c5f2af0c08a9282adc,"pcm-meta-v2:{""protocol"":""r9.2-frozen-identity-v7"",""message"":"""",""cell_wall_ms"":683.782,""answer_kind"":""csv-binding-multiset-v1"",""answer_key_count"":13,""answer_fingerprint"":""e5ab6a6ce6eb81e4143eb16090f1de64eaa72a7b55a3ff095bbf8e6809c01103"",""c_parse_samples"":[0.0,0.0,0.0],""c_protocol_samples"":[],""construct_total_samples"":[],""construct_unattributed_samples"":[],""status"":""ok"",""status_evidence"":null,""construction_requested"":null,""construction_effective"":null,""commit"":""0ed57212455326682a75871e0e8be71760b35282"",""batch_id"":""452d31318b38ed3a98020bb1c5d652bf70499127cfff38dcb6e29c43399a990f"",""query_sha256"":""3a9de4be91a376d912945053f743c79042392d6a11ce089a2d71c37c156ec248"",""engine"":""qlever"",""engine_version"":""QLever [engines.json profile]"",""scale"":""100M"",""base_endpoint_sha256"":""bcddd715026035ef7b31e63913d55e25b6270be6bc6037325c1f80ea1359de5d"",""reified_endpoint_sha256"":""cc83ef54f5df550fbc0e634feb927cbfa21477fdb7aed1a23c2d29a56c193542"",""update_endpoint_sha256"":""8a607274f1b3d176dd6acfdc7381c25676b642e78d334a9664e45a2bdf3d52a0"",""base_data_identity_sha256"":""8a988dc83f4082a4f27503ba2906dc6b8733b3c02be567635c726c67bbd48314"",""reified_data_identity_sha256"":""16162702ccec82b2a0e27063cd04bd756a27af1f003b4cef0da976d843ef4725"",""update_for"":""none"",""access_mode"":""read-only"",""base_data_name"":""exploratory-base"",""reified_data_name"":""exploratory-reified"",""update_canary_sha256"":""2b9b44b25cd1c568cd57c6c5df25ae260b68229044617821fb33f542dab77648"",""store_instance_sha256"":""ae66d4ca42b831aa94f050bbbfbb0f5f14bd256181e832c50cfe67318b5b52bf"",""store_discriminator_sha256"":""2e884d94ace185d62b1b91debf493ccd0a69b83d08e74cf5f1c2be4851b14215"",""tool_sha256"":""b38a65fc0c1a91e138f057f7b6c08d21c328463aceb40ffda53fc759f99d2f7a"",""java_runtime_sha256"":""bdd50c08a90e2fb713541b8a118df6250246a917edc41a6776aeafc90b472687"",""run_identity_sha256"":""09f19cb37db48424175359fe4a4c41788c80209b0f2a94c5f2af0c08a9282adc""}"
0ed57212455326682a75871e0e8be71760b35282,qlever,QLever [engines.json profile],100M,S,S6,00,3a9de4be91a376d912945053f743c79042392d6a11ce089a2d71c37c156ec248,N,N_clean (NPCS reimplementation),ok,13,20.9,20.9,21.1,21.0,0.1,1,3,300.0,1396,0.0,,,,13,192.115775,"[21.145, 20.894, 20.894]","[0.0, 0.0, 0.0]",,[],,[],,[],r9.2-frozen-identity-v7,452d31318b38ed3a98020bb1c5d652bf70499127cfff38dcb6e29c43399a990f,csv-candidate-multiset-v1,13,e5ab6a6ce6eb81e4143eb16090f1de64eaa72a7b55a3ff095bbf8e6809c01103,,,,,,,,bcddd715026035ef7b31e63913d55e25b6270be6bc6037325c1f80ea1359de5d,cc83ef54f5df550fbc0e634feb927cbfa21477fdb7aed1a23c2d29a56c193542,8a607274f1b3d176dd6acfdc7381c25676b642e78d334a9664e45a2bdf3d52a0,8a988dc83f4082a4f27503ba2906dc6b8733b3c02be567635c726c67bbd48314,16162702ccec82b2a0e27063cd04bd756a27af1f003b4cef0da976d843ef4725,none,read-only,exploratory-base,exploratory-reified,2b9b44b25cd1c568cd57c6c5df25ae260b68229044617821fb33f542dab77648,ae66d4ca42b831aa94f050bbbfbb0f5f14bd256181e832c50cfe67318b5b52bf,2e884d94ace185d62b1b91debf493ccd0a69b83d08e74cf5f1c2be4851b14215,b38a65fc0c1a91e138f057f7b6c08d21c328463aceb40ffda53fc759f99d2f7a,bdd50c08a90e2fb713541b8a118df6250246a917edc41a6776aeafc90b472687,09f19cb37db48424175359fe4a4c41788c80209b0f2a94c5f2af0c08a9282adc,"pcm-meta-v2:{""protocol"":""r9.2-frozen-identity-v7"",""message"":"""",""cell_wall_ms"":287.181,""answer_kind"":""csv-candidate-multiset-v1"",""answer_key_count"":13,""answer_fingerprint"":""e5ab6a6ce6eb81e4143eb16090f1de64eaa72a7b55a3ff095bbf8e6809c01103"",""c_parse_samples"":[0.0,0.0,0.0],""c_protocol_samples"":[],""construct_total_samples"":[],""construct_unattributed_samples"":[],""status"":""ok"",""status_evidence"":null,""construction_requested"":null,""construction_effective"":null,""commit"":""0ed57212455326682a75871e0e8be71760b35282"",""batch_id"":""452d31318b38ed3a98020bb1c5d652bf70499127cfff38dcb6e29c43399a990f"",""query_sha256"":""3a9de4be91a376d912945053f743c79042392d6a11ce089a2d71c37c156ec248"",""engine"":""qlever"",""engine_version"":""QLever [engines.json profile]"",""scale"":""100M"",""base_endpoint_sha256"":""bcddd715026035ef7b31e63913d55e25b6270be6bc6037325c1f80ea1359de5d"",""reified_endpoint_sha256"":""cc83ef54f5df550fbc0e634feb927cbfa21477fdb7aed1a23c2d29a56c193542"",""update_endpoint_sha256"":""8a607274f1b3d176dd6acfdc7381c25676b642e78d334a9664e45a2bdf3d52a0"",""base_data_identity_sha256"":""8a988dc83f4082a4f27503ba2906dc6b8733b3c02be567635c726c67bbd48314"",""reified_data_identity_sha256"":""16162702ccec82b2a0e27063cd04bd756a27af1f003b4cef0da976d843ef4725"",""update_for"":""none"",""access_mode"":""read-only"",""base_data_name"":""exploratory-base"",""reified_data_name"":""exploratory-reified"",""update_canary_sha256"":""2b9b44b25cd1c568cd57c6c5df25ae260b68229044617821fb33f542dab77648"",""store_instance_sha256"":""ae66d4ca42b831aa94f050bbbfbb0f5f14bd256181e832c50cfe67318b5b52bf"",""store_discriminator_sha256"":""2e884d94ace185d62b1b91debf493ccd0a69b83d08e74cf5f1c2be4851b14215"",""tool_sha256"":""b38a65fc0c1a91e138f057f7b6c08d21c328463aceb40ffda53fc759f99d2f7a"",""java_runtime_sha256"":""bdd50c08a90e2fb713541b8a118df6250246a917edc41a6776aeafc90b472687"",""run_identity_sha256"":""09f19cb37db48424175359fe4a4c41788c80209b0f2a94c5f2af0c08a9282adc""}"
0ed57212455326682a75871e0e8be71760b35282,qlever,QLever [engines.json profile],100M,S,S6,00,3a9de4be91a376d912945053f743c79042392d6a11ce089a2d71c37c156ec248,C,SPARQLcirc CircuitRewriter,ok,13,45.2,44.7,45.9,45.3,0.6,1,3,300.0,17939,1.9,26,52,13,,371.592147,"[45.935, 45.246, 44.652]","[2.512, 1.901, 1.573]",0.0,"[0.0, 0.0, 0.0]",47.2,"[48.539, 47.222, 46.287]",0.1,"[0.092, 0.075, 0.061]",r9.2-frozen-identity-v7,452d31318b38ed3a98020bb1c5d652bf70499127cfff38dcb6e29c43399a990f,term-aware-candidate-set-v1,13,9945e755216f4f5038ec50a84a54418a000ed319cdca0d48d84e0b2579cf02a1,flat,flat,39265bab4519cfb34edf47aa66313d57d25b7443487cad10b7e7fa5c17b49f47,,,,,bcddd715026035ef7b31e63913d55e25b6270be6bc6037325c1f80ea1359de5d,cc83ef54f5df550fbc0e634feb927cbfa21477fdb7aed1a23c2d29a56c193542,8a607274f1b3d176dd6acfdc7381c25676b642e78d334a9664e45a2bdf3d52a0,8a988dc83f4082a4f27503ba2906dc6b8733b3c02be567635c726c67bbd48314,16162702ccec82b2a0e27063cd04bd756a27af1f003b4cef0da976d843ef4725,none,read-only,exploratory-base,exploratory-reified,2b9b44b25cd1c568cd57c6c5df25ae260b68229044617821fb33f542dab77648,ae66d4ca42b831aa94f050bbbfbb0f5f14bd256181e832c50cfe67318b5b52bf,2e884d94ace185d62b1b91debf493ccd0a69b83d08e74cf5f1c2be4851b14215,b38a65fc0c1a91e138f057f7b6c08d21c328463aceb40ffda53fc759f99d2f7a,bdd50c08a90e2fb713541b8a118df6250246a917edc41a6776aeafc90b472687,09f19cb37db48424175359fe4a4c41788c80209b0f2a94c5f2af0c08a9282adc,"pcm-meta-v2:{""protocol"":""r9.2-frozen-identity-v7"",""message"":""C requested=flat effective=flat; steps=1 feedback=0; network includes CONSTRUCT, feedback INSERT, and cleanup DELETE"",""cell_wall_ms"":574.664,""answer_kind"":""term-aware-candidate-set-v1"",""answer_key_count"":13,""answer_fingerprint"":""9945e755216f4f5038ec50a84a54418a000ed319cdca0d48d84e0b2579cf02a1"",""c_parse_samples"":[2.512,1.901,1.573],""c_protocol_samples"":[{""requested_mode"":""flat"",""effective_mode"":""flat"",""fallback_reason"":null,""plan_steps"":1,""feedback_steps"":0,""feedback_triples"":0,""construct_query_ms"":45.935,""feedback_update_ms"":0.0,""cleanup_ms"":0.0,""client_protocol_ms"":0.0,""network_scope"":""construct+feedback+cleanup"",""circuit_sha256"":""39265bab4519cfb34edf47aa66313d57d25b7443487cad10b7e7fa5c17b49f47"",""answer_fingerprint"":""9945e755216f4f5038ec50a84a54418a000ed319cdca0d48d84e0b2579cf02a1"",""semantic_signature_sha256"":""dae21f26ba53fcd8479b5700104072015369c3c70b571b1d88ac847ae56254c0"",""structure_signature"":{""gates"":26,""edges"":52,""answers"":13,""derivations"":13,""canonical_bytes"":17939},""construct_total_ms"":48.539,""client_unattributed_ms"":0.092},{""requested_mode"":""flat"",""effective_mode"":""flat"",""fallback_reason"":null,""plan_steps"":1,""feedback_steps"":0,""feedback_triples"":0,""construct_query_ms"":45.246,""feedback_update_ms"":0.0,""cleanup_ms"":0.0,""client_protocol_ms"":0.0,""network_scope"":""construct+feedback+cleanup"",""circuit_sha256"":""39265bab4519cfb34edf47aa66313d57d25b7443487cad10b7e7fa5c17b49f47"",""answer_fingerprint"":""9945e755216f4f5038ec50a84a54418a000ed319cdca0d48d84e0b2579cf02a1"",""semantic_signature_sha256"":""dae21f26ba53fcd8479b5700104072015369c3c70b571b1d88ac847ae56254c0"",""structure_signature"":{""gates"":26,""edges"":52,""answers"":13,""derivations"":13,""canonical_bytes"":17939},""construct_total_ms"":47.222,""client_unattributed_ms"":0.075},{""requested_mode"":""flat"",""effective_mode"":""flat"",""fallback_reason"":null,""plan_steps"":1,""feedback_steps"":0,""feedback_triples"":0,""construct_query_ms"":44.652,""feedback_update_ms"":0.0,""cleanup_ms"":0.0,""client_protocol_ms"":0.0,""network_scope"":""construct+feedback+cleanup"",""circuit_sha256"":""39265bab4519cfb34edf47aa66313d57d25b7443487cad10b7e7fa5c17b49f47"",""answer_fingerprint"":""9945e755216f4f5038ec50a84a54418a000ed319cdca0d48d84e0b2579cf02a1"",""semantic_signature_sha256"":""dae21f26ba53fcd8479b5700104072015369c3c70b571b1d88ac847ae56254c0"",""structure_signature"":{""gates"":26,""edges"":52,""answers"":13,""derivations"":13,""canonical_bytes"":17939},""construct_total_ms"":46.287,""client_unattributed_ms"":0.061}],""construct_total_samples"":[48.539,47.222,46.287],""construct_unattributed_samples"":[0.092,0.075,0.061],""status"":""ok"",""status_evidence"":null,""c_warmup_signatures"":[""dae21f26ba53fcd8479b5700104072015369c3c70b571b1d88ac847ae56254c0""],""measured_semantic_signature_sha256"":""dae21f26ba53fcd8479b5700104072015369c3c70b571b1d88ac847ae56254c0"",""measured_repetitions_consistent"":true,""construction_requested"":""flat"",""construction_effective"":""flat"",""commit"":""0ed57212455326682a75871e0e8be71760b35282"",""batch_id"":""452d31318b38ed3a98020bb1c5d652bf70499127cfff38dcb6e29c43399a990f"",""query_sha256"":""3a9de4be91a376d912945053f743c79042392d6a11ce089a2d71c37c156ec248"",""engine"":""qlever"",""engine_version"":""QLever [engines.json profile]"",""scale"":""100M"",""base_endpoint_sha256"":""bcddd715026035ef7b31e63913d55e25b6270be6bc6037325c1f80ea1359de5d"",""reified_endpoint_sha256"":""cc83ef54f5df550fbc0e634feb927cbfa21477fdb7aed1a23c2d29a56c193542"",""update_endpoint_sha256"":""8a607274f1b3d176dd6acfdc7381c25676b642e78d334a9664e45a2bdf3d52a0"",""base_data_identity_sha256"":""8a988dc83f4082a4f27503ba2906dc6b8733b3c02be567635c726c67bbd48314"",""reified_data_identity_sha256"":""16162702ccec82b2a0e27063cd04bd756a27af1f003b4cef0da976d843ef4725"",""update_for"":""none"",""access_mode"":""read-only"",""base_data_name"":""exploratory-base"",""reified_data_name"":""exploratory-reified"",""update_canary_sha256"":""2b9b44b25cd1c568cd57c6c5df25ae260b68229044617821fb33f542dab77648"",""store_instance_sha256"":""ae66d4ca42b831aa94f050bbbfbb0f5f14bd256181e832c50cfe67318b5b52bf"",""store_discriminator_sha256"":""2e884d94ace185d62b1b91debf493ccd0a69b83d08e74cf5f1c2be4851b14215"",""tool_sha256"":""b38a65fc0c1a91e138f057f7b6c08d21c328463aceb40ffda53fc759f99d2f7a"",""java_runtime_sha256"":""bdd50c08a90e2fb713541b8a118df6250246a917edc41a6776aeafc90b472687"",""run_identity_sha256"":""09f19cb37db48424175359fe4a4c41788c80209b0f2a94c5f2af0c08a9282adc""}"
0ed57212455326682a75871e0e8be71760b35282,qlever,QLever [engines.json profile],100M,S,S7,00,6c8f2b502c6afedd00f5544bb49e027212b77b9a59795ef8c9b65d12c3234eb1,B,base-select,ok,2,1.5,1.5,2.2,1.7,0.4,1,3,300.0,300,0.0,,,,,0.00755,"[2.224, 1.476, 1.52]","[0.0, 0.0, 0.0]",,[],,[],,[],r9.2-frozen-identity-v7,452d31318b38ed3a98020bb1c5d652bf70499127cfff38dcb6e29c43399a990f,csv-binding-multiset-v1,2,23810c3f48832d9773a98a17314c04b2dc8de54b95256987561524b9446c0f04,,,,,,,,bcddd715026035ef7b31e63913d55e25b6270be6bc6037325c1f80ea1359de5d,cc83ef54f5df550fbc0e634feb927cbfa21477fdb7aed1a23c2d29a56c193542,8a607274f1b3d176dd6acfdc7381c25676b642e78d334a9664e45a2bdf3d52a0,8a988dc83f4082a4f27503ba2906dc6b8733b3c02be567635c726c67bbd48314,16162702ccec82b2a0e27063cd04bd756a27af1f003b4cef0da976d843ef4725,none,read-only,exploratory-base,exploratory-reified,2b9b44b25cd1c568cd57c6c5df25ae260b68229044617821fb33f542dab77648,ae66d4ca42b831aa94f050bbbfbb0f5f14bd256181e832c50cfe67318b5b52bf,2e884d94ace185d62b1b91debf493ccd0a69b83d08e74cf5f1c2be4851b14215,b38a65fc0c1a91e138f057f7b6c08d21c328463aceb40ffda53fc759f99d2f7a,bdd50c08a90e2fb713541b8a118df6250246a917edc41a6776aeafc90b472687,21419c81a3f5234a471c78630eddd7ab9e952aff81100e0d35a790a2a479fcb9,"pcm-meta-v2:{""protocol"":""r9.2-frozen-identity-v7"",""message"":"""",""cell_wall_ms"":25.263,""answer_kind"":""csv-binding-multiset-v1"",""answer_key_count"":2,""answer_fingerprint"":""23810c3f48832d9773a98a17314c04b2dc8de54b95256987561524b9446c0f04"",""c_parse_samples"":[0.0,0.0,0.0],""c_protocol_samples"":[],""construct_total_samples"":[],""construct_unattributed_samples"":[],""status"":""ok"",""status_evidence"":null,""construction_requested"":null,""construction_effective"":null,""commit"":""0ed57212455326682a75871e0e8be71760b35282"",""batch_id"":""452d31318b38ed3a98020bb1c5d652bf70499127cfff38dcb6e29c43399a990f"",""query_sha256"":""6c8f2b502c6afedd00f5544bb49e027212b77b9a59795ef8c9b65d12c3234eb1"",""engine"":""qlever"",""engine_version"":""QLever [engines.json profile]"",""scale"":""100M"",""base_endpoint_sha256"":""bcddd715026035ef7b31e63913d55e25b6270be6bc6037325c1f80ea1359de5d"",""reified_endpoint_sha256"":""cc83ef54f5df550fbc0e634feb927cbfa21477fdb7aed1a23c2d29a56c193542"",""update_endpoint_sha256"":""8a607274f1b3d176dd6acfdc7381c25676b642e78d334a9664e45a2bdf3d52a0"",""base_data_identity_sha256"":""8a988dc83f4082a4f27503ba2906dc6b8733b3c02be567635c726c67bbd48314"",""reified_data_identity_sha256"":""16162702ccec82b2a0e27063cd04bd756a27af1f003b4cef0da976d843ef4725"",""update_for"":""none"",""access_mode"":""read-only"",""base_data_name"":""exploratory-base"",""reified_data_name"":""exploratory-reified"",""update_canary_sha256"":""2b9b44b25cd1c568cd57c6c5df25ae260b68229044617821fb33f542dab77648"",""store_instance_sha256"":""ae66d4ca42b831aa94f050bbbfbb0f5f14bd256181e832c50cfe67318b5b52bf"",""store_discriminator_sha256"":""2e884d94ace185d62b1b91debf493ccd0a69b83d08e74cf5f1c2be4851b14215"",""tool_sha256"":""b38a65fc0c1a91e138f057f7b6c08d21c328463aceb40ffda53fc759f99d2f7a"",""java_runtime_sha256"":""bdd50c08a90e2fb713541b8a118df6250246a917edc41a6776aeafc90b472687"",""run_identity_sha256"":""21419c81a3f5234a471c78630eddd7ab9e952aff81100e0d35a790a2a479fcb9""}"
0ed57212455326682a75871e0e8be71760b35282,qlever,QLever [engines.json profile],100M,S,S7,00,6c8f2b502c6afedd00f5544bb49e027212b77b9a59795ef8c9b65d12c3234eb1,R,reification-only,ok,2,19.9,19.8,21.0,20.3,0.7,1,3,300.0,300,0.0,,,,,128.019422,"[21.03, 19.926, 19.834]","[0.0, 0.0, 0.0]",,[],,[],,[],r9.2-frozen-identity-v7,452d31318b38ed3a98020bb1c5d652bf70499127cfff38dcb6e29c43399a990f,csv-binding-multiset-v1,2,23810c3f48832d9773a98a17314c04b2dc8de54b95256987561524b9446c0f04,,,,,,,,bcddd715026035ef7b31e63913d55e25b6270be6bc6037325c1f80ea1359de5d,cc83ef54f5df550fbc0e634feb927cbfa21477fdb7aed1a23c2d29a56c193542,8a607274f1b3d176dd6acfdc7381c25676b642e78d334a9664e45a2bdf3d52a0,8a988dc83f4082a4f27503ba2906dc6b8733b3c02be567635c726c67bbd48314,16162702ccec82b2a0e27063cd04bd756a27af1f003b4cef0da976d843ef4725,none,read-only,exploratory-base,exploratory-reified,2b9b44b25cd1c568cd57c6c5df25ae260b68229044617821fb33f542dab77648,ae66d4ca42b831aa94f050bbbfbb0f5f14bd256181e832c50cfe67318b5b52bf,2e884d94ace185d62b1b91debf493ccd0a69b83d08e74cf5f1c2be4851b14215,b38a65fc0c1a91e138f057f7b6c08d21c328463aceb40ffda53fc759f99d2f7a,bdd50c08a90e2fb713541b8a118df6250246a917edc41a6776aeafc90b472687,21419c81a3f5234a471c78630eddd7ab9e952aff81100e0d35a790a2a479fcb9,"pcm-meta-v2:{""protocol"":""r9.2-frozen-identity-v7"",""message"":"""",""cell_wall_ms"":669.996,""answer_kind"":""csv-binding-multiset-v1"",""answer_key_count"":2,""answer_fingerprint"":""23810c3f48832d9773a98a17314c04b2dc8de54b95256987561524b9446c0f04"",""c_parse_samples"":[0.0,0.0,0.0],""c_protocol_samples"":[],""construct_total_samples"":[],""construct_unattributed_samples"":[],""status"":""ok"",""status_evidence"":null,""construction_requested"":null,""construction_effective"":null,""commit"":""0ed57212455326682a75871e0e8be71760b35282"",""batch_id"":""452d31318b38ed3a98020bb1c5d652bf70499127cfff38dcb6e29c43399a990f"",""query_sha256"":""6c8f2b502c6afedd00f5544bb49e027212b77b9a59795ef8c9b65d12c3234eb1"",""engine"":""qlever"",""engine_version"":""QLever [engines.json profile]"",""scale"":""100M"",""base_endpoint_sha256"":""bcddd715026035ef7b31e63913d55e25b6270be6bc6037325c1f80ea1359de5d"",""reified_endpoint_sha256"":""cc83ef54f5df550fbc0e634feb927cbfa21477fdb7aed1a23c2d29a56c193542"",""update_endpoint_sha256"":""8a607274f1b3d176dd6acfdc7381c25676b642e78d334a9664e45a2bdf3d52a0"",""base_data_identity_sha256"":""8a988dc83f4082a4f27503ba2906dc6b8733b3c02be567635c726c67bbd48314"",""reified_data_identity_sha256"":""16162702ccec82b2a0e27063cd04bd756a27af1f003b4cef0da976d843ef4725"",""update_for"":""none"",""access_mode"":""read-only"",""base_data_name"":""exploratory-base"",""reified_data_name"":""exploratory-reified"",""update_canary_sha256"":""2b9b44b25cd1c568cd57c6c5df25ae260b68229044617821fb33f542dab77648"",""store_instance_sha256"":""ae66d4ca42b831aa94f050bbbfbb0f5f14bd256181e832c50cfe67318b5b52bf"",""store_discriminator_sha256"":""2e884d94ace185d62b1b91debf493ccd0a69b83d08e74cf5f1c2be4851b14215"",""tool_sha256"":""b38a65fc0c1a91e138f057f7b6c08d21c328463aceb40ffda53fc759f99d2f7a"",""java_runtime_sha256"":""bdd50c08a90e2fb713541b8a118df6250246a917edc41a6776aeafc90b472687"",""run_identity_sha256"":""21419c81a3f5234a471c78630eddd7ab9e952aff81100e0d35a790a2a479fcb9""}"
0ed57212455326682a75871e0e8be71760b35282,qlever,QLever [engines.json profile],100M,S,S7,00,6c8f2b502c6afedd00f5544bb49e027212b77b9a59795ef8c9b65d12c3234eb1,N,N_clean (NPCS reimplementation),ok,2,21.4,20.8,21.6,21.2,0.4,1,3,300.0,436,0.0,,,,2,175.559831,"[21.599, 20.774, 21.37]","[0.0, 0.0, 0.0]",,[],,[],,[],r9.2-frozen-identity-v7,452d31318b38ed3a98020bb1c5d652bf70499127cfff38dcb6e29c43399a990f,csv-candidate-multiset-v1,2,23810c3f48832d9773a98a17314c04b2dc8de54b95256987561524b9446c0f04,,,,,,,,bcddd715026035ef7b31e63913d55e25b6270be6bc6037325c1f80ea1359de5d,cc83ef54f5df550fbc0e634feb927cbfa21477fdb7aed1a23c2d29a56c193542,8a607274f1b3d176dd6acfdc7381c25676b642e78d334a9664e45a2bdf3d52a0,8a988dc83f4082a4f27503ba2906dc6b8733b3c02be567635c726c67bbd48314,16162702ccec82b2a0e27063cd04bd756a27af1f003b4cef0da976d843ef4725,none,read-only,exploratory-base,exploratory-reified,2b9b44b25cd1c568cd57c6c5df25ae260b68229044617821fb33f542dab77648,ae66d4ca42b831aa94f050bbbfbb0f5f14bd256181e832c50cfe67318b5b52bf,2e884d94ace185d62b1b91debf493ccd0a69b83d08e74cf5f1c2be4851b14215,b38a65fc0c1a91e138f057f7b6c08d21c328463aceb40ffda53fc759f99d2f7a,bdd50c08a90e2fb713541b8a118df6250246a917edc41a6776aeafc90b472687,21419c81a3f5234a471c78630eddd7ab9e952aff81100e0d35a790a2a479fcb9,"pcm-meta-v2:{""protocol"":""r9.2-frozen-identity-v7"",""message"":"""",""cell_wall_ms"":271.158,""answer_kind"":""csv-candidate-multiset-v1"",""answer_key_count"":2,""answer_fingerprint"":""23810c3f48832d9773a98a17314c04b2dc8de54b95256987561524b9446c0f04"",""c_parse_samples"":[0.0,0.0,0.0],""c_protocol_samples"":[],""construct_total_samples"":[],""construct_unattributed_samples"":[],""status"":""ok"",""status_evidence"":null,""construction_requested"":null,""construction_effective"":null,""commit"":""0ed57212455326682a75871e0e8be71760b35282"",""batch_id"":""452d31318b38ed3a98020bb1c5d652bf70499127cfff38dcb6e29c43399a990f"",""query_sha256"":""6c8f2b502c6afedd00f5544bb49e027212b77b9a59795ef8c9b65d12c3234eb1"",""engine"":""qlever"",""engine_version"":""QLever [engines.json profile]"",""scale"":""100M"",""base_endpoint_sha256"":""bcddd715026035ef7b31e63913d55e25b6270be6bc6037325c1f80ea1359de5d"",""reified_endpoint_sha256"":""cc83ef54f5df550fbc0e634feb927cbfa21477fdb7aed1a23c2d29a56c193542"",""update_endpoint_sha256"":""8a607274f1b3d176dd6acfdc7381c25676b642e78d334a9664e45a2bdf3d52a0"",""base_data_identity_sha256"":""8a988dc83f4082a4f27503ba2906dc6b8733b3c02be567635c726c67bbd48314"",""reified_data_identity_sha256"":""16162702ccec82b2a0e27063cd04bd756a27af1f003b4cef0da976d843ef4725"",""update_for"":""none"",""access_mode"":""read-only"",""base_data_name"":""exploratory-base"",""reified_data_name"":""exploratory-reified"",""update_canary_sha256"":""2b9b44b25cd1c568cd57c6c5df25ae260b68229044617821fb33f542dab77648"",""store_instance_sha256"":""ae66d4ca42b831aa94f050bbbfbb0f5f14bd256181e832c50cfe67318b5b52bf"",""store_discriminator_sha256"":""2e884d94ace185d62b1b91debf493ccd0a69b83d08e74cf5f1c2be4851b14215"",""tool_sha256"":""b38a65fc0c1a91e138f057f7b6c08d21c328463aceb40ffda53fc759f99d2f7a"",""java_runtime_sha256"":""bdd50c08a90e2fb713541b8a118df6250246a917edc41a6776aeafc90b472687"",""run_identity_sha256"":""21419c81a3f5234a471c78630eddd7ab9e952aff81100e0d35a790a2a479fcb9""}"
0ed57212455326682a75871e0e8be71760b35282,qlever,QLever [engines.json profile],100M,S,S7,00,6c8f2b502c6afedd00f5544bb49e027212b77b9a59795ef8c9b65d12c3234eb1,C,SPARQLcirc CircuitRewriter,ok,2,57.5,56.8,62.3,58.8,3.0,1,3,300.0,4676,0.5,4,8,2,,352.875289,"[57.482, 56.768, 62.289]","[0.455, 0.491, 0.515]",0.0,"[0.0, 0.0, 0.0]",58.0,"[58.007, 57.32, 62.878]",0.1,"[0.07, 0.062, 0.075]",r9.2-frozen-identity-v7,452d31318b38ed3a98020bb1c5d652bf70499127cfff38dcb6e29c43399a990f,term-aware-candidate-set-v1,2,767e5b3df77b9e1bd24a1a9448f04c2d6e37147ee3a55f48af0d7da077568e8f,flat,flat,8425da70e1c9d730932bea9993e14383f7ccb9193996e9280ca42af45b367bba,,,,,bcddd715026035ef7b31e63913d55e25b6270be6bc6037325c1f80ea1359de5d,cc83ef54f5df550fbc0e634feb927cbfa21477fdb7aed1a23c2d29a56c193542,8a607274f1b3d176dd6acfdc7381c25676b642e78d334a9664e45a2bdf3d52a0,8a988dc83f4082a4f27503ba2906dc6b8733b3c02be567635c726c67bbd48314,16162702ccec82b2a0e27063cd04bd756a27af1f003b4cef0da976d843ef4725,none,read-only,exploratory-base,exploratory-reified,2b9b44b25cd1c568cd57c6c5df25ae260b68229044617821fb33f542dab77648,ae66d4ca42b831aa94f050bbbfbb0f5f14bd256181e832c50cfe67318b5b52bf,2e884d94ace185d62b1b91debf493ccd0a69b83d08e74cf5f1c2be4851b14215,b38a65fc0c1a91e138f057f7b6c08d21c328463aceb40ffda53fc759f99d2f7a,bdd50c08a90e2fb713541b8a118df6250246a917edc41a6776aeafc90b472687,21419c81a3f5234a471c78630eddd7ab9e952aff81100e0d35a790a2a479fcb9,"pcm-meta-v2:{""protocol"":""r9.2-frozen-identity-v7"",""message"":""C requested=flat effective=flat; steps=1 feedback=0; network includes CONSTRUCT, feedback INSERT, and cleanup DELETE"",""cell_wall_ms"":597.911,""answer_kind"":""term-aware-candidate-set-v1"",""answer_key_count"":2,""answer_fingerprint"":""767e5b3df77b9e1bd24a1a9448f04c2d6e37147ee3a55f48af0d7da077568e8f"",""c_parse_samples"":[0.455,0.491,0.515],""c_protocol_samples"":[{""requested_mode"":""flat"",""effective_mode"":""flat"",""fallback_reason"":null,""plan_steps"":1,""feedback_steps"":0,""feedback_triples"":0,""construct_query_ms"":57.482,""feedback_update_ms"":0.0,""cleanup_ms"":0.0,""client_protocol_ms"":0.0,""network_scope"":""construct+feedback+cleanup"",""circuit_sha256"":""8425da70e1c9d730932bea9993e14383f7ccb9193996e9280ca42af45b367bba"",""answer_fingerprint"":""767e5b3df77b9e1bd24a1a9448f04c2d6e37147ee3a55f48af0d7da077568e8f"",""semantic_signature_sha256"":""ca6b8e30dfc98cfe2104a04804244db3528ff88e62d49f6047f249f7ea6846dd"",""structure_signature"":{""gates"":4,""edges"":8,""answers"":2,""derivations"":2,""canonical_bytes"":4676},""construct_total_ms"":58.007,""client_unattributed_ms"":0.07},{""requested_mode"":""flat"",""effective_mode"":""flat"",""fallback_reason"":null,""plan_steps"":1,""feedback_steps"":0,""feedback_triples"":0,""construct_query_ms"":56.768,""feedback_update_ms"":0.0,""cleanup_ms"":0.0,""client_protocol_ms"":0.0,""network_scope"":""construct+feedback+cleanup"",""circuit_sha256"":""8425da70e1c9d730932bea9993e14383f7ccb9193996e9280ca42af45b367bba"",""answer_fingerprint"":""767e5b3df77b9e1bd24a1a9448f04c2d6e37147ee3a55f48af0d7da077568e8f"",""semantic_signature_sha256"":""ca6b8e30dfc98cfe2104a04804244db3528ff88e62d49f6047f249f7ea6846dd"",""structure_signature"":{""gates"":4,""edges"":8,""answers"":2,""derivations"":2,""canonical_bytes"":4676},""construct_total_ms"":57.32,""client_unattributed_ms"":0.062},{""requested_mode"":""flat"",""effective_mode"":""flat"",""fallback_reason"":null,""plan_steps"":1,""feedback_steps"":0,""feedback_triples"":0,""construct_query_ms"":62.289,""feedback_update_ms"":0.0,""cleanup_ms"":0.0,""client_protocol_ms"":0.0,""network_scope"":""construct+feedback+cleanup"",""circuit_sha256"":""8425da70e1c9d730932bea9993e14383f7ccb9193996e9280ca42af45b367bba"",""answer_fingerprint"":""767e5b3df77b9e1bd24a1a9448f04c2d6e37147ee3a55f48af0d7da077568e8f"",""semantic_signature_sha256"":""ca6b8e30dfc98cfe2104a04804244db3528ff88e62d49f6047f249f7ea6846dd"",""structure_signature"":{""gates"":4,""edges"":8,""answers"":2,""derivations"":2,""canonical_bytes"":4676},""construct_total_ms"":62.878,""client_unattributed_ms"":0.075}],""construct_total_samples"":[58.007,57.32,62.878],""construct_unattributed_samples"":[0.07,0.062,0.075],""status"":""ok"",""status_evidence"":null,""c_warmup_signatures"":[""ca6b8e30dfc98cfe2104a04804244db3528ff88e62d49f6047f249f7ea6846dd""],""measured_semantic_signature_sha256"":""ca6b8e30dfc98cfe2104a04804244db3528ff88e62d49f6047f249f7ea6846dd"",""measured_repetitions_consistent"":true,""construction_requested"":""flat"",""construction_effective"":""flat"",""commit"":""0ed57212455326682a75871e0e8be71760b35282"",""batch_id"":""452d31318b38ed3a98020bb1c5d652bf70499127cfff38dcb6e29c43399a990f"",""query_sha256"":""6c8f2b502c6afedd00f5544bb49e027212b77b9a59795ef8c9b65d12c3234eb1"",""engine"":""qlever"",""engine_version"":""QLever [engines.json profile]"",""scale"":""100M"",""base_endpoint_sha256"":""bcddd715026035ef7b31e63913d55e25b6270be6bc6037325c1f80ea1359de5d"",""reified_endpoint_sha256"":""cc83ef54f5df550fbc0e634feb927cbfa21477fdb7aed1a23c2d29a56c193542"",""update_endpoint_sha256"":""8a607274f1b3d176dd6acfdc7381c25676b642e78d334a9664e45a2bdf3d52a0"",""base_data_identity_sha256"":""8a988dc83f4082a4f27503ba2906dc6b8733b3c02be567635c726c67bbd48314"",""reified_data_identity_sha256"":""16162702ccec82b2a0e27063cd04bd756a27af1f003b4cef0da976d843ef4725"",""update_for"":""none"",""access_mode"":""read-only"",""base_data_name"":""exploratory-base"",""reified_data_name"":""exploratory-reified"",""update_canary_sha256"":""2b9b44b25cd1c568cd57c6c5df25ae260b68229044617821fb33f542dab77648"",""store_instance_sha256"":""ae66d4ca42b831aa94f050bbbfbb0f5f14bd256181e832c50cfe67318b5b52bf"",""store_discriminator_sha256"":""2e884d94ace185d62b1b91debf493ccd0a69b83d08e74cf5f1c2be4851b14215"",""tool_sha256"":""b38a65fc0c1a91e138f057f7b6c08d21c328463aceb40ffda53fc759f99d2f7a"",""java_runtime_sha256"":""bdd50c08a90e2fb713541b8a118df6250246a917edc41a6776aeafc90b472687"",""run_identity_sha256"":""21419c81a3f5234a471c78630eddd7ab9e952aff81100e0d35a790a2a479fcb9""}"
0ed57212455326682a75871e0e8be71760b35282,qlever,QLever [engines.json profile],100M,F,F1,00,dbdf1c8c5e356208a245642d65bdf739a745f5339663addadfdb6363c1aeab02,B,base-select,ok,11,4.3,4.3,4.8,4.5,0.3,1,3,300.0,3306,0.0,,,,,0.0075,"[4.823, 4.34, 4.275]","[0.0, 0.0, 0.0]",,[],,[],,[],r9.2-frozen-identity-v7,3aeb8b2fe6ba2370e1b46e735e87f93acb085a0a24ff36e4432c525b46b4b443,csv-binding-multiset-v1,11,5ec75bba0c6279ff9e5e26e3868880defbf849430969721bcf089c6f50a62fe4,,,,,,,,bcddd715026035ef7b31e63913d55e25b6270be6bc6037325c1f80ea1359de5d,cc83ef54f5df550fbc0e634feb927cbfa21477fdb7aed1a23c2d29a56c193542,8a607274f1b3d176dd6acfdc7381c25676b642e78d334a9664e45a2bdf3d52a0,8a988dc83f4082a4f27503ba2906dc6b8733b3c02be567635c726c67bbd48314,16162702ccec82b2a0e27063cd04bd756a27af1f003b4cef0da976d843ef4725,none,read-only,exploratory-base,exploratory-reified,2b9b44b25cd1c568cd57c6c5df25ae260b68229044617821fb33f542dab77648,ae66d4ca42b831aa94f050bbbfbb0f5f14bd256181e832c50cfe67318b5b52bf,2e884d94ace185d62b1b91debf493ccd0a69b83d08e74cf5f1c2be4851b14215,b38a65fc0c1a91e138f057f7b6c08d21c328463aceb40ffda53fc759f99d2f7a,bdd50c08a90e2fb713541b8a118df6250246a917edc41a6776aeafc90b472687,9351a0d9562a8fc1bfbc818f040a8ff3de65375474c21ca2b83c6d68af472a13,"pcm-meta-v2:{""protocol"":""r9.2-frozen-identity-v7"",""message"":"""",""cell_wall_ms"":35.482,""answer_kind"":""csv-binding-multiset-v1"",""answer_key_count"":11,""answer_fingerprint"":""5ec75bba0c6279ff9e5e26e3868880defbf849430969721bcf089c6f50a62fe4"",""c_parse_samples"":[0.0,0.0,0.0],""c_protocol_samples"":[],""construct_total_samples"":[],""construct_unattributed_samples"":[],""status"":""ok"",""status_evidence"":null,""construction_requested"":null,""construction_effective"":null,""commit"":""0ed57212455326682a75871e0e8be71760b35282"",""batch_id"":""3aeb8b2fe6ba2370e1b46e735e87f93acb085a0a24ff36e4432c525b46b4b443"",""query_sha256"":""dbdf1c8c5e356208a245642d65bdf739a745f5339663addadfdb6363c1aeab02"",""engine"":""qlever"",""engine_version"":""QLever [engines.json profile]"",""scale"":""100M"",""base_endpoint_sha256"":""bcddd715026035ef7b31e63913d55e25b6270be6bc6037325c1f80ea1359de5d"",""reified_endpoint_sha256"":""cc83ef54f5df550fbc0e634feb927cbfa21477fdb7aed1a23c2d29a56c193542"",""update_endpoint_sha256"":""8a607274f1b3d176dd6acfdc7381c25676b642e78d334a9664e45a2bdf3d52a0"",""base_data_identity_sha256"":""8a988dc83f4082a4f27503ba2906dc6b8733b3c02be567635c726c67bbd48314"",""reified_data_identity_sha256"":""16162702ccec82b2a0e27063cd04bd756a27af1f003b4cef0da976d843ef4725"",""update_for"":""none"",""access_mode"":""read-only"",""base_data_name"":""exploratory-base"",""reified_data_name"":""exploratory-reified"",""update_canary_sha256"":""2b9b44b25cd1c568cd57c6c5df25ae260b68229044617821fb33f542dab77648"",""store_instance_sha256"":""ae66d4ca42b831aa94f050bbbfbb0f5f14bd256181e832c50cfe67318b5b52bf"",""store_discriminator_sha256"":""2e884d94ace185d62b1b91debf493ccd0a69b83d08e74cf5f1c2be4851b14215"",""tool_sha256"":""b38a65fc0c1a91e138f057f7b6c08d21c328463aceb40ffda53fc759f99d2f7a"",""java_runtime_sha256"":""bdd50c08a90e2fb713541b8a118df6250246a917edc41a6776aeafc90b472687"",""run_identity_sha256"":""9351a0d9562a8fc1bfbc818f040a8ff3de65375474c21ca2b83c6d68af472a13""}"
0ed57212455326682a75871e0e8be71760b35282,qlever,QLever [engines.json profile],100M,F,F1,00,dbdf1c8c5e356208a245642d65bdf739a745f5339663addadfdb6363c1aeab02,R,reification-only,ok,11,416.8,150.1,613.2,393.4,232.4,1,3,300.0,3306,0.0,,,,,133.184772,"[150.131, 613.203, 416.839]","[0.0, 0.0, 0.0]",,[],,[],,[],r9.2-frozen-identity-v7,3aeb8b2fe6ba2370e1b46e735e87f93acb085a0a24ff36e4432c525b46b4b443,csv-binding-multiset-v1,11,5ec75bba0c6279ff9e5e26e3868880defbf849430969721bcf089c6f50a62fe4,,,,,,,,bcddd715026035ef7b31e63913d55e25b6270be6bc6037325c1f80ea1359de5d,cc83ef54f5df550fbc0e634feb927cbfa21477fdb7aed1a23c2d29a56c193542,8a607274f1b3d176dd6acfdc7381c25676b642e78d334a9664e45a2bdf3d52a0,8a988dc83f4082a4f27503ba2906dc6b8733b3c02be567635c726c67bbd48314,16162702ccec82b2a0e27063cd04bd756a27af1f003b4cef0da976d843ef4725,none,read-only,exploratory-base,exploratory-reified,2b9b44b25cd1c568cd57c6c5df25ae260b68229044617821fb33f542dab77648,ae66d4ca42b831aa94f050bbbfbb0f5f14bd256181e832c50cfe67318b5b52bf,2e884d94ace185d62b1b91debf493ccd0a69b83d08e74cf5f1c2be4851b14215,b38a65fc0c1a91e138f057f7b6c08d21c328463aceb40ffda53fc759f99d2f7a,bdd50c08a90e2fb713541b8a118df6250246a917edc41a6776aeafc90b472687,9351a0d9562a8fc1bfbc818f040a8ff3de65375474c21ca2b83c6d68af472a13,"pcm-meta-v2:{""protocol"":""r9.2-frozen-identity-v7"",""message"":"""",""cell_wall_ms"":2075.927,""answer_kind"":""csv-binding-multiset-v1"",""answer_key_count"":11,""answer_fingerprint"":""5ec75bba0c6279ff9e5e26e3868880defbf849430969721bcf089c6f50a62fe4"",""c_parse_samples"":[0.0,0.0,0.0],""c_protocol_samples"":[],""construct_total_samples"":[],""construct_unattributed_samples"":[],""status"":""ok"",""status_evidence"":null,""construction_requested"":null,""construction_effective"":null,""commit"":""0ed57212455326682a75871e0e8be71760b35282"",""batch_id"":""3aeb8b2fe6ba2370e1b46e735e87f93acb085a0a24ff36e4432c525b46b4b443"",""query_sha256"":""dbdf1c8c5e356208a245642d65bdf739a745f5339663addadfdb6363c1aeab02"",""engine"":""qlever"",""engine_version"":""QLever [engines.json profile]"",""scale"":""100M"",""base_endpoint_sha256"":""bcddd715026035ef7b31e63913d55e25b6270be6bc6037325c1f80ea1359de5d"",""reified_endpoint_sha256"":""cc83ef54f5df550fbc0e634feb927cbfa21477fdb7aed1a23c2d29a56c193542"",""update_endpoint_sha256"":""8a607274f1b3d176dd6acfdc7381c25676b642e78d334a9664e45a2bdf3d52a0"",""base_data_identity_sha256"":""8a988dc83f4082a4f27503ba2906dc6b8733b3c02be567635c726c67bbd48314"",""reified_data_identity_sha256"":""16162702ccec82b2a0e27063cd04bd756a27af1f003b4cef0da976d843ef4725"",""update_for"":""none"",""access_mode"":""read-only"",""base_data_name"":""exploratory-base"",""reified_data_name"":""exploratory-reified"",""update_canary_sha256"":""2b9b44b25cd1c568cd57c6c5df25ae260b68229044617821fb33f542dab77648"",""store_instance_sha256"":""ae66d4ca42b831aa94f050bbbfbb0f5f14bd256181e832c50cfe67318b5b52bf"",""store_discriminator_sha256"":""2e884d94ace185d62b1b91debf493ccd0a69b83d08e74cf5f1c2be4851b14215"",""tool_sha256"":""b38a65fc0c1a91e138f057f7b6c08d21c328463aceb40ffda53fc759f99d2f7a"",""java_runtime_sha256"":""bdd50c08a90e2fb713541b8a118df6250246a917edc41a6776aeafc90b472687"",""run_identity_sha256"":""9351a0d9562a8fc1bfbc818f040a8ff3de65375474c21ca2b83c6d68af472a13""}"
0ed57212455326682a75871e0e8be71760b35282,qlever,QLever [engines.json profile],100M,F,F1,00,dbdf1c8c5e356208a245642d65bdf739a745f5339663addadfdb6363c1aeab02,N,N_clean (NPCS reimplementation),ok,11,119.3,27.1,217.7,121.4,95.3,1,3,300.0,4427,0.0,,,,11,181.932299,"[119.3, 217.693, 27.13]","[0.0, 0.0, 0.0]",,[],,[],,[],r9.2-frozen-identity-v7,3aeb8b2fe6ba2370e1b46e735e87f93acb085a0a24ff36e4432c525b46b4b443,csv-candidate-multiset-v1,11,5ec75bba0c6279ff9e5e26e3868880defbf849430969721bcf089c6f50a62fe4,,,,,,,,bcddd715026035ef7b31e63913d55e25b6270be6bc6037325c1f80ea1359de5d,cc83ef54f5df550fbc0e634feb927cbfa21477fdb7aed1a23c2d29a56c193542,8a607274f1b3d176dd6acfdc7381c25676b642e78d334a9664e45a2bdf3d52a0,8a988dc83f4082a4f27503ba2906dc6b8733b3c02be567635c726c67bbd48314,16162702ccec82b2a0e27063cd04bd756a27af1f003b4cef0da976d843ef4725,none,read-only,exploratory-base,exploratory-reified,2b9b44b25cd1c568cd57c6c5df25ae260b68229044617821fb33f542dab77648,ae66d4ca42b831aa94f050bbbfbb0f5f14bd256181e832c50cfe67318b5b52bf,2e884d94ace185d62b1b91debf493ccd0a69b83d08e74cf5f1c2be4851b14215,b38a65fc0c1a91e138f057f7b6c08d21c328463aceb40ffda53fc759f99d2f7a,bdd50c08a90e2fb713541b8a118df6250246a917edc41a6776aeafc90b472687,9351a0d9562a8fc1bfbc818f040a8ff3de65375474c21ca2b83c6d68af472a13,"pcm-meta-v2:{""protocol"":""r9.2-frozen-identity-v7"",""message"":"""",""cell_wall_ms"":797.843,""answer_kind"":""csv-candidate-multiset-v1"",""answer_key_count"":11,""answer_fingerprint"":""5ec75bba0c6279ff9e5e26e3868880defbf849430969721bcf089c6f50a62fe4"",""c_parse_samples"":[0.0,0.0,0.0],""c_protocol_samples"":[],""construct_total_samples"":[],""construct_unattributed_samples"":[],""status"":""ok"",""status_evidence"":null,""construction_requested"":null,""construction_effective"":null,""commit"":""0ed57212455326682a75871e0e8be71760b35282"",""batch_id"":""3aeb8b2fe6ba2370e1b46e735e87f93acb085a0a24ff36e4432c525b46b4b443"",""query_sha256"":""dbdf1c8c5e356208a245642d65bdf739a745f5339663addadfdb6363c1aeab02"",""engine"":""qlever"",""engine_version"":""QLever [engines.json profile]"",""scale"":""100M"",""base_endpoint_sha256"":""bcddd715026035ef7b31e63913d55e25b6270be6bc6037325c1f80ea1359de5d"",""reified_endpoint_sha256"":""cc83ef54f5df550fbc0e634feb927cbfa21477fdb7aed1a23c2d29a56c193542"",""update_endpoint_sha256"":""8a607274f1b3d176dd6acfdc7381c25676b642e78d334a9664e45a2bdf3d52a0"",""base_data_identity_sha256"":""8a988dc83f4082a4f27503ba2906dc6b8733b3c02be567635c726c67bbd48314"",""reified_data_identity_sha256"":""16162702ccec82b2a0e27063cd04bd756a27af1f003b4cef0da976d843ef4725"",""update_for"":""none"",""access_mode"":""read-only"",""base_data_name"":""exploratory-base"",""reified_data_name"":""exploratory-reified"",""update_canary_sha256"":""2b9b44b25cd1c568cd57c6c5df25ae260b68229044617821fb33f542dab77648"",""store_instance_sha256"":""ae66d4ca42b831aa94f050bbbfbb0f5f14bd256181e832c50cfe67318b5b52bf"",""store_discriminator_sha256"":""2e884d94ace185d62b1b91debf493ccd0a69b83d08e74cf5f1c2be4851b14215"",""tool_sha256"":""b38a65fc0c1a91e138f057f7b6c08d21c328463aceb40ffda53fc759f99d2f7a"",""java_runtime_sha256"":""bdd50c08a90e2fb713541b8a118df6250246a917edc41a6776aeafc90b472687"",""run_identity_sha256"":""9351a0d9562a8fc1bfbc818f040a8ff3de65375474c21ca2b83c6d68af472a13""}"
0ed57212455326682a75871e0e8be71760b35282,qlever,QLever [engines.json profile],100M,F,F1,00,dbdf1c8c5e356208a245642d65bdf739a745f5339663addadfdb6363c1aeab02,C,SPARQLcirc CircuitRewriter,ok,11,294.9,93.7,334.0,240.9,129.0,1,3,300.0,41174,3.3,22,77,11,,366.783213,"[294.942, 93.671, 333.99]","[3.272, 3.347, 3.583]",0.0,"[0.0, 0.0, 0.0]",298.3,"[298.299, 97.087, 337.661]",0.1,"[0.084, 0.069, 0.088]",r9.2-frozen-identity-v7,3aeb8b2fe6ba2370e1b46e735e87f93acb085a0a24ff36e4432c525b46b4b443,term-aware-candidate-set-v1,11,fad2b61b449efdd3efc1de1c7653c8155bb7ee4d1ae6e98f4ce271980b4a173a,flat,flat,57d0c632f5cd8e44e0f2a01d4a37e6cb88fe9737b31999c3d6e4a97cdd0aeab7,,,,,bcddd715026035ef7b31e63913d55e25b6270be6bc6037325c1f80ea1359de5d,cc83ef54f5df550fbc0e634feb927cbfa21477fdb7aed1a23c2d29a56c193542,8a607274f1b3d176dd6acfdc7381c25676b642e78d334a9664e45a2bdf3d52a0,8a988dc83f4082a4f27503ba2906dc6b8733b3c02be567635c726c67bbd48314,16162702ccec82b2a0e27063cd04bd756a27af1f003b4cef0da976d843ef4725,none,read-only,exploratory-base,exploratory-reified,2b9b44b25cd1c568cd57c6c5df25ae260b68229044617821fb33f542dab77648,ae66d4ca42b831aa94f050bbbfbb0f5f14bd256181e832c50cfe67318b5b52bf,2e884d94ace185d62b1b91debf493ccd0a69b83d08e74cf5f1c2be4851b14215,b38a65fc0c1a91e138f057f7b6c08d21c328463aceb40ffda53fc759f99d2f7a,bdd50c08a90e2fb713541b8a118df6250246a917edc41a6776aeafc90b472687,9351a0d9562a8fc1bfbc818f040a8ff3de65375474c21ca2b83c6d68af472a13,"pcm-meta-v2:{""protocol"":""r9.2-frozen-identity-v7"",""message"":""C requested=flat effective=flat; steps=1 feedback=0; network includes CONSTRUCT, feedback INSERT, and cleanup DELETE"",""cell_wall_ms"":1341.295,""answer_kind"":""term-aware-candidate-set-v1"",""answer_key_count"":11,""answer_fingerprint"":""fad2b61b449efdd3efc1de1c7653c8155bb7ee4d1ae6e98f4ce271980b4a173a"",""c_parse_samples"":[3.272,3.347,3.583],""c_protocol_samples"":[{""requested_mode"":""flat"",""effective_mode"":""flat"",""fallback_reason"":null,""plan_steps"":1,""feedback_steps"":0,""feedback_triples"":0,""construct_query_ms"":294.942,""feedback_update_ms"":0.0,""cleanup_ms"":0.0,""client_protocol_ms"":0.0,""network_scope"":""construct+feedback+cleanup"",""circuit_sha256"":""57d0c632f5cd8e44e0f2a01d4a37e6cb88fe9737b31999c3d6e4a97cdd0aeab7"",""answer_fingerprint"":""fad2b61b449efdd3efc1de1c7653c8155bb7ee4d1ae6e98f4ce271980b4a173a"",""semantic_signature_sha256"":""33f0bab28613727d7e95542b1178a10e526424af6c0d32934df3ed8088e859e1"",""structure_signature"":{""gates"":22,""edges"":77,""answers"":11,""derivations"":11,""canonical_bytes"":41174},""construct_total_ms"":298.299,""client_unattributed_ms"":0.084},{""requested_mode"":""flat"",""effective_mode"":""flat"",""fallback_reason"":null,""plan_steps"":1,""feedback_steps"":0,""feedback_triples"":0,""construct_query_ms"":93.671,""feedback_update_ms"":0.0,""cleanup_ms"":0.0,""client_protocol_ms"":0.0,""network_scope"":""construct+feedback+cleanup"",""circuit_sha256"":""57d0c632f5cd8e44e0f2a01d4a37e6cb88fe9737b31999c3d6e4a97cdd0aeab7"",""answer_fingerprint"":""fad2b61b449efdd3efc1de1c7653c8155bb7ee4d1ae6e98f4ce271980b4a173a"",""semantic_signature_sha256"":""33f0bab28613727d7e95542b1178a10e526424af6c0d32934df3ed8088e859e1"",""structure_signature"":{""gates"":22,""edges"":77,""answers"":11,""derivations"":11,""canonical_bytes"":41174},""construct_total_ms"":97.087,""client_unattributed_ms"":0.069},{""requested_mode"":""flat"",""effective_mode"":""flat"",""fallback_reason"":null,""plan_steps"":1,""feedback_steps"":0,""feedback_triples"":0,""construct_query_ms"":333.99,""feedback_update_ms"":0.0,""cleanup_ms"":0.0,""client_protocol_ms"":0.0,""network_scope"":""construct+feedback+cleanup"",""circuit_sha256"":""57d0c632f5cd8e44e0f2a01d4a37e6cb88fe9737b31999c3d6e4a97cdd0aeab7"",""answer_fingerprint"":""fad2b61b449efdd3efc1de1c7653c8155bb7ee4d1ae6e98f4ce271980b4a173a"",""semantic_signature_sha256"":""33f0bab28613727d7e95542b1178a10e526424af6c0d32934df3ed8088e859e1"",""structure_signature"":{""gates"":22,""edges"":77,""answers"":11,""derivations"":11,""canonical_bytes"":41174},""construct_total_ms"":337.661,""client_unattributed_ms"":0.088}],""construct_total_samples"":[298.299,97.087,337.661],""construct_unattributed_samples"":[0.084,0.069,0.088],""status"":""ok"",""status_evidence"":null,""c_warmup_signatures"":[""33f0bab28613727d7e95542b1178a10e526424af6c0d32934df3ed8088e859e1""],""measured_semantic_signature_sha256"":""33f0bab28613727d7e95542b1178a10e526424af6c0d32934df3ed8088e859e1"",""measured_repetitions_consistent"":true,""construction_requested"":""flat"",""construction_effective"":""flat"",""commit"":""0ed57212455326682a75871e0e8be71760b35282"",""batch_id"":""3aeb8b2fe6ba2370e1b46e735e87f93acb085a0a24ff36e4432c525b46b4b443"",""query_sha256"":""dbdf1c8c5e356208a245642d65bdf739a745f5339663addadfdb6363c1aeab02"",""engine"":""qlever"",""engine_version"":""QLever [engines.json profile]"",""scale"":""100M"",""base_endpoint_sha256"":""bcddd715026035ef7b31e63913d55e25b6270be6bc6037325c1f80ea1359de5d"",""reified_endpoint_sha256"":""cc83ef54f5df550fbc0e634feb927cbfa21477fdb7aed1a23c2d29a56c193542"",""update_endpoint_sha256"":""8a607274f1b3d176dd6acfdc7381c25676b642e78d334a9664e45a2bdf3d52a0"",""base_data_identity_sha256"":""8a988dc83f4082a4f27503ba2906dc6b8733b3c02be567635c726c67bbd48314"",""reified_data_identity_sha256"":""16162702ccec82b2a0e27063cd04bd756a27af1f003b4cef0da976d843ef4725"",""update_for"":""none"",""access_mode"":""read-only"",""base_data_name"":""exploratory-base"",""reified_data_name"":""exploratory-reified"",""update_canary_sha256"":""2b9b44b25cd1c568cd57c6c5df25ae260b68229044617821fb33f542dab77648"",""store_instance_sha256"":""ae66d4ca42b831aa94f050bbbfbb0f5f14bd256181e832c50cfe67318b5b52bf"",""store_discriminator_sha256"":""2e884d94ace185d62b1b91debf493ccd0a69b83d08e74cf5f1c2be4851b14215"",""tool_sha256"":""b38a65fc0c1a91e138f057f7b6c08d21c328463aceb40ffda53fc759f99d2f7a"",""java_runtime_sha256"":""bdd50c08a90e2fb713541b8a118df6250246a917edc41a6776aeafc90b472687"",""run_identity_sha256"":""9351a0d9562a8fc1bfbc818f040a8ff3de65375474c21ca2b83c6d68af472a13""}"
0ed57212455326682a75871e0e8be71760b35282,qlever,QLever [engines.json profile],100M,F,F2,00,a2d067af87788371d0895c53af5536df3cc59090adda8fe35f6c9b1491962642,B,base-select,ok,13,26.0,25.9,29.2,27.0,1.8,1,3,300.0,7352,0.0,,,,,0.00717,"[29.174, 26.041, 25.914]","[0.0, 0.0, 0.0]",,[],,[],,[],r9.2-frozen-identity-v7,3aeb8b2fe6ba2370e1b46e735e87f93acb085a0a24ff36e4432c525b46b4b443,csv-binding-multiset-v1,13,3eb9b704133c2133f9251cb9f3cedc8f0da112569b5318be2942be1b0972c0a6,,,,,,,,bcddd715026035ef7b31e63913d55e25b6270be6bc6037325c1f80ea1359de5d,cc83ef54f5df550fbc0e634feb927cbfa21477fdb7aed1a23c2d29a56c193542,8a607274f1b3d176dd6acfdc7381c25676b642e78d334a9664e45a2bdf3d52a0,8a988dc83f4082a4f27503ba2906dc6b8733b3c02be567635c726c67bbd48314,16162702ccec82b2a0e27063cd04bd756a27af1f003b4cef0da976d843ef4725,none,read-only,exploratory-base,exploratory-reified,2b9b44b25cd1c568cd57c6c5df25ae260b68229044617821fb33f542dab77648,ae66d4ca42b831aa94f050bbbfbb0f5f14bd256181e832c50cfe67318b5b52bf,2e884d94ace185d62b1b91debf493ccd0a69b83d08e74cf5f1c2be4851b14215,b38a65fc0c1a91e138f057f7b6c08d21c328463aceb40ffda53fc759f99d2f7a,bdd50c08a90e2fb713541b8a118df6250246a917edc41a6776aeafc90b472687,a8269a65adae26cf735656c104e47ac48dd962a113cae99265dac9b5da9b1ff6,"pcm-meta-v2:{""protocol"":""r9.2-frozen-identity-v7"",""message"":"""",""cell_wall_ms"":149.199,""answer_kind"":""csv-binding-multiset-v1"",""answer_key_count"":13,""answer_fingerprint"":""3eb9b704133c2133f9251cb9f3cedc8f0da112569b5318be2942be1b0972c0a6"",""c_parse_samples"":[0.0,0.0,0.0],""c_protocol_samples"":[],""construct_total_samples"":[],""construct_unattributed_samples"":[],""status"":""ok"",""status_evidence"":null,""construction_requested"":null,""construction_effective"":null,""commit"":""0ed57212455326682a75871e0e8be71760b35282"",""batch_id"":""3aeb8b2fe6ba2370e1b46e735e87f93acb085a0a24ff36e4432c525b46b4b443"",""query_sha256"":""a2d067af87788371d0895c53af5536df3cc59090adda8fe35f6c9b1491962642"",""engine"":""qlever"",""engine_version"":""QLever [engines.json profile]"",""scale"":""100M"",""base_endpoint_sha256"":""bcddd715026035ef7b31e63913d55e25b6270be6bc6037325c1f80ea1359de5d"",""reified_endpoint_sha256"":""cc83ef54f5df550fbc0e634feb927cbfa21477fdb7aed1a23c2d29a56c193542"",""update_endpoint_sha256"":""8a607274f1b3d176dd6acfdc7381c25676b642e78d334a9664e45a2bdf3d52a0"",""base_data_identity_sha256"":""8a988dc83f4082a4f27503ba2906dc6b8733b3c02be567635c726c67bbd48314"",""reified_data_identity_sha256"":""16162702ccec82b2a0e27063cd04bd756a27af1f003b4cef0da976d843ef4725"",""update_for"":""none"",""access_mode"":""read-only"",""base_data_name"":""exploratory-base"",""reified_data_name"":""exploratory-reified"",""update_canary_sha256"":""2b9b44b25cd1c568cd57c6c5df25ae260b68229044617821fb33f542dab77648"",""store_instance_sha256"":""ae66d4ca42b831aa94f050bbbfbb0f5f14bd256181e832c50cfe67318b5b52bf"",""store_discriminator_sha256"":""2e884d94ace185d62b1b91debf493ccd0a69b83d08e74cf5f1c2be4851b14215"",""tool_sha256"":""b38a65fc0c1a91e138f057f7b6c08d21c328463aceb40ffda53fc759f99d2f7a"",""java_runtime_sha256"":""bdd50c08a90e2fb713541b8a118df6250246a917edc41a6776aeafc90b472687"",""run_identity_sha256"":""a8269a65adae26cf735656c104e47ac48dd962a113cae99265dac9b5da9b1ff6""}"
0ed57212455326682a75871e0e8be71760b35282,qlever,QLever [engines.json profile],100M,F,F2,00,a2d067af87788371d0895c53af5536df3cc59090adda8fe35f6c9b1491962642,R,reification-only,ok,13,645.5,79.9,965.5,563.6,448.5,1,3,300.0,7352,0.0,,,,,130.718254,"[645.508, 965.499, 79.878]","[0.0, 0.0, 0.0]",,[],,[],,[],r9.2-frozen-identity-v7,3aeb8b2fe6ba2370e1b46e735e87f93acb085a0a24ff36e4432c525b46b4b443,csv-binding-multiset-v1,13,3eb9b704133c2133f9251cb9f3cedc8f0da112569b5318be2942be1b0972c0a6,,,,,,,,bcddd715026035ef7b31e63913d55e25b6270be6bc6037325c1f80ea1359de5d,cc83ef54f5df550fbc0e634feb927cbfa21477fdb7aed1a23c2d29a56c193542,8a607274f1b3d176dd6acfdc7381c25676b642e78d334a9664e45a2bdf3d52a0,8a988dc83f4082a4f27503ba2906dc6b8733b3c02be567635c726c67bbd48314,16162702ccec82b2a0e27063cd04bd756a27af1f003b4cef0da976d843ef4725,none,read-only,exploratory-base,exploratory-reified,2b9b44b25cd1c568cd57c6c5df25ae260b68229044617821fb33f542dab77648,ae66d4ca42b831aa94f050bbbfbb0f5f14bd256181e832c50cfe67318b5b52bf,2e884d94ace185d62b1b91debf493ccd0a69b83d08e74cf5f1c2be4851b14215,b38a65fc0c1a91e138f057f7b6c08d21c328463aceb40ffda53fc759f99d2f7a,bdd50c08a90e2fb713541b8a118df6250246a917edc41a6776aeafc90b472687,a8269a65adae26cf735656c104e47ac48dd962a113cae99265dac9b5da9b1ff6,"pcm-meta-v2:{""protocol"":""r9.2-frozen-identity-v7"",""message"":"""",""cell_wall_ms"":3090.087,""answer_kind"":""csv-binding-multiset-v1"",""answer_key_count"":13,""answer_fingerprint"":""3eb9b704133c2133f9251cb9f3cedc8f0da112569b5318be2942be1b0972c0a6"",""c_parse_samples"":[0.0,0.0,0.0],""c_protocol_samples"":[],""construct_total_samples"":[],""construct_unattributed_samples"":[],""status"":""ok"",""status_evidence"":null,""construction_requested"":null,""construction_effective"":null,""commit"":""0ed57212455326682a75871e0e8be71760b35282"",""batch_id"":""3aeb8b2fe6ba2370e1b46e735e87f93acb085a0a24ff36e4432c525b46b4b443"",""query_sha256"":""a2d067af87788371d0895c53af5536df3cc59090adda8fe35f6c9b1491962642"",""engine"":""qlever"",""engine_version"":""QLever [engines.json profile]"",""scale"":""100M"",""base_endpoint_sha256"":""bcddd715026035ef7b31e63913d55e25b6270be6bc6037325c1f80ea1359de5d"",""reified_endpoint_sha256"":""cc83ef54f5df550fbc0e634feb927cbfa21477fdb7aed1a23c2d29a56c193542"",""update_endpoint_sha256"":""8a607274f1b3d176dd6acfdc7381c25676b642e78d334a9664e45a2bdf3d52a0"",""base_data_identity_sha256"":""8a988dc83f4082a4f27503ba2906dc6b8733b3c02be567635c726c67bbd48314"",""reified_data_identity_sha256"":""16162702ccec82b2a0e27063cd04bd756a27af1f003b4cef0da976d843ef4725"",""update_for"":""none"",""access_mode"":""read-only"",""base_data_name"":""exploratory-base"",""reified_data_name"":""exploratory-reified"",""update_canary_sha256"":""2b9b44b25cd1c568cd57c6c5df25ae260b68229044617821fb33f542dab77648"",""store_instance_sha256"":""ae66d4ca42b831aa94f050bbbfbb0f5f14bd256181e832c50cfe67318b5b52bf"",""store_discriminator_sha256"":""2e884d94ace185d62b1b91debf493ccd0a69b83d08e74cf5f1c2be4851b14215"",""tool_sha256"":""b38a65fc0c1a91e138f057f7b6c08d21c328463aceb40ffda53fc759f99d2f7a"",""java_runtime_sha256"":""bdd50c08a90e2fb713541b8a118df6250246a917edc41a6776aeafc90b472687"",""run_identity_sha256"":""a8269a65adae26cf735656c104e47ac48dd962a113cae99265dac9b5da9b1ff6""}"
0ed57212455326682a75871e0e8be71760b35282,qlever,QLever [engines.json profile],100M,F,F2,00,a2d067af87788371d0895c53af5536df3cc59090adda8fe35f6c9b1491962642,N,N_clean (NPCS reimplementation),ok,13,623.9,514.9,785.8,641.5,136.3,1,3,300.0,9077,0.0,,,,13,178.771771,"[514.917, 623.885, 785.846]","[0.0, 0.0, 0.0]",,[],,[],,[],r9.2-frozen-identity-v7,3aeb8b2fe6ba2370e1b46e735e87f93acb085a0a24ff36e4432c525b46b4b443,csv-candidate-multiset-v1,13,3eb9b704133c2133f9251cb9f3cedc8f0da112569b5318be2942be1b0972c0a6,,,,,,,,bcddd715026035ef7b31e63913d55e25b6270be6bc6037325c1f80ea1359de5d,cc83ef54f5df550fbc0e634feb927cbfa21477fdb7aed1a23c2d29a56c193542,8a607274f1b3d176dd6acfdc7381c25676b642e78d334a9664e45a2bdf3d52a0,8a988dc83f4082a4f27503ba2906dc6b8733b3c02be567635c726c67bbd48314,16162702ccec82b2a0e27063cd04bd756a27af1f003b4cef0da976d843ef4725,none,read-only,exploratory-base,exploratory-reified,2b9b44b25cd1c568cd57c6c5df25ae260b68229044617821fb33f542dab77648,ae66d4ca42b831aa94f050bbbfbb0f5f14bd256181e832c50cfe67318b5b52bf,2e884d94ace185d62b1b91debf493ccd0a69b83d08e74cf5f1c2be4851b14215,b38a65fc0c1a91e138f057f7b6c08d21c328463aceb40ffda53fc759f99d2f7a,bdd50c08a90e2fb713541b8a118df6250246a917edc41a6776aeafc90b472687,a8269a65adae26cf735656c104e47ac48dd962a113cae99265dac9b5da9b1ff6,"pcm-meta-v2:{""protocol"":""r9.2-frozen-identity-v7"",""message"":"""",""cell_wall_ms"":3447.705,""answer_kind"":""csv-candidate-multiset-v1"",""answer_key_count"":13,""answer_fingerprint"":""3eb9b704133c2133f9251cb9f3cedc8f0da112569b5318be2942be1b0972c0a6"",""c_parse_samples"":[0.0,0.0,0.0],""c_protocol_samples"":[],""construct_total_samples"":[],""construct_unattributed_samples"":[],""status"":""ok"",""status_evidence"":null,""construction_requested"":null,""construction_effective"":null,""commit"":""0ed57212455326682a75871e0e8be71760b35282"",""batch_id"":""3aeb8b2fe6ba2370e1b46e735e87f93acb085a0a24ff36e4432c525b46b4b443"",""query_sha256"":""a2d067af87788371d0895c53af5536df3cc59090adda8fe35f6c9b1491962642"",""engine"":""qlever"",""engine_version"":""QLever [engines.json profile]"",""scale"":""100M"",""base_endpoint_sha256"":""bcddd715026035ef7b31e63913d55e25b6270be6bc6037325c1f80ea1359de5d"",""reified_endpoint_sha256"":""cc83ef54f5df550fbc0e634feb927cbfa21477fdb7aed1a23c2d29a56c193542"",""update_endpoint_sha256"":""8a607274f1b3d176dd6acfdc7381c25676b642e78d334a9664e45a2bdf3d52a0"",""base_data_identity_sha256"":""8a988dc83f4082a4f27503ba2906dc6b8733b3c02be567635c726c67bbd48314"",""reified_data_identity_sha256"":""16162702ccec82b2a0e27063cd04bd756a27af1f003b4cef0da976d843ef4725"",""update_for"":""none"",""access_mode"":""read-only"",""base_data_name"":""exploratory-base"",""reified_data_name"":""exploratory-reified"",""update_canary_sha256"":""2b9b44b25cd1c568cd57c6c5df25ae260b68229044617821fb33f542dab77648"",""store_instance_sha256"":""ae66d4ca42b831aa94f050bbbfbb0f5f14bd256181e832c50cfe67318b5b52bf"",""store_discriminator_sha256"":""2e884d94ace185d62b1b91debf493ccd0a69b83d08e74cf5f1c2be4851b14215"",""tool_sha256"":""b38a65fc0c1a91e138f057f7b6c08d21c328463aceb40ffda53fc759f99d2f7a"",""java_runtime_sha256"":""bdd50c08a90e2fb713541b8a118df6250246a917edc41a6776aeafc90b472687"",""run_identity_sha256"":""a8269a65adae26cf735656c104e47ac48dd962a113cae99265dac9b5da9b1ff6""}"
0ed57212455326682a75871e0e8be71760b35282,qlever,QLever [engines.json profile],100M,F,F2,00,a2d067af87788371d0895c53af5536df3cc59090adda8fe35f6c9b1491962642,C,SPARQLcirc CircuitRewriter,ok,13,1417.6,1001.7,2454.0,1624.4,747.9,1,3,300.0,68402,5.4,26,117,13,,390.12789,"[1417.582, 1001.716, 2454.032]","[5.584, 5.371, 5.301]",0.0,"[0.0, 0.0, 0.0]",1423.2,"[1423.249, 1007.162, 2459.417]",0.1,"[0.084, 0.074, 0.084]",r9.2-frozen-identity-v7,3aeb8b2fe6ba2370e1b46e735e87f93acb085a0a24ff36e4432c525b46b4b443,term-aware-candidate-set-v1,13,3c7f145fc6e01ba0de60e5752b5cdd2e01864b94b81ca59b2f2a856ed9928e4e,flat,flat,f26139cae7a9692a2838a20fd01905e3d0002d93269ae431521c1656fb25eb1c,,,,,bcddd715026035ef7b31e63913d55e25b6270be6bc6037325c1f80ea1359de5d,cc83ef54f5df550fbc0e634feb927cbfa21477fdb7aed1a23c2d29a56c193542,8a607274f1b3d176dd6acfdc7381c25676b642e78d334a9664e45a2bdf3d52a0,8a988dc83f4082a4f27503ba2906dc6b8733b3c02be567635c726c67bbd48314,16162702ccec82b2a0e27063cd04bd756a27af1f003b4cef0da976d843ef4725,none,read-only,exploratory-base,exploratory-reified,2b9b44b25cd1c568cd57c6c5df25ae260b68229044617821fb33f542dab77648,ae66d4ca42b831aa94f050bbbfbb0f5f14bd256181e832c50cfe67318b5b52bf,2e884d94ace185d62b1b91debf493ccd0a69b83d08e74cf5f1c2be4851b14215,b38a65fc0c1a91e138f057f7b6c08d21c328463aceb40ffda53fc759f99d2f7a,bdd50c08a90e2fb713541b8a118df6250246a917edc41a6776aeafc90b472687,a8269a65adae26cf735656c104e47ac48dd962a113cae99265dac9b5da9b1ff6,"pcm-meta-v2:{""protocol"":""r9.2-frozen-identity-v7"",""message"":""C requested=flat effective=flat; steps=1 feedback=0; network includes CONSTRUCT, feedback INSERT, and cleanup DELETE"",""cell_wall_ms"":6169.601,""answer_kind"":""term-aware-candidate-set-v1"",""answer_key_count"":13,""answer_fingerprint"":""3c7f145fc6e01ba0de60e5752b5cdd2e01864b94b81ca59b2f2a856ed9928e4e"",""c_parse_samples"":[5.584,5.371,5.301],""c_protocol_samples"":[{""requested_mode"":""flat"",""effective_mode"":""flat"",""fallback_reason"":null,""plan_steps"":1,""feedback_steps"":0,""feedback_triples"":0,""construct_query_ms"":1417.582,""feedback_update_ms"":0.0,""cleanup_ms"":0.0,""client_protocol_ms"":0.0,""network_scope"":""construct+feedback+cleanup"",""circuit_sha256"":""f26139cae7a9692a2838a20fd01905e3d0002d93269ae431521c1656fb25eb1c"",""answer_fingerprint"":""3c7f145fc6e01ba0de60e5752b5cdd2e01864b94b81ca59b2f2a856ed9928e4e"",""semantic_signature_sha256"":""a82ea35ee1b1ff54fbd71643643f91037900d62a4cb087fd55f70e0ffbfa757d"",""structure_signature"":{""gates"":26,""edges"":117,""answers"":13,""derivations"":13,""canonical_bytes"":68402},""construct_total_ms"":1423.249,""client_unattributed_ms"":0.084},{""requested_mode"":""flat"",""effective_mode"":""flat"",""fallback_reason"":null,""plan_steps"":1,""feedback_steps"":0,""feedback_triples"":0,""construct_query_ms"":1001.716,""feedback_update_ms"":0.0,""cleanup_ms"":0.0,""client_protocol_ms"":0.0,""network_scope"":""construct+feedback+cleanup"",""circuit_sha256"":""f26139cae7a9692a2838a20fd01905e3d0002d93269ae431521c1656fb25eb1c"",""answer_fingerprint"":""3c7f145fc6e01ba0de60e5752b5cdd2e01864b94b81ca59b2f2a856ed9928e4e"",""semantic_signature_sha256"":""a82ea35ee1b1ff54fbd71643643f91037900d62a4cb087fd55f70e0ffbfa757d"",""structure_signature"":{""gates"":26,""edges"":117,""answers"":13,""derivations"":13,""canonical_bytes"":68402},""construct_total_ms"":1007.162,""client_unattributed_ms"":0.074},{""requested_mode"":""flat"",""effective_mode"":""flat"",""fallback_reason"":null,""plan_steps"":1,""feedback_steps"":0,""feedback_triples"":0,""construct_query_ms"":2454.032,""feedback_update_ms"":0.0,""cleanup_ms"":0.0,""client_protocol_ms"":0.0,""network_scope"":""construct+feedback+cleanup"",""circuit_sha256"":""f26139cae7a9692a2838a20fd01905e3d0002d93269ae431521c1656fb25eb1c"",""answer_fingerprint"":""3c7f145fc6e01ba0de60e5752b5cdd2e01864b94b81ca59b2f2a856ed9928e4e"",""semantic_signature_sha256"":""a82ea35ee1b1ff54fbd71643643f91037900d62a4cb087fd55f70e0ffbfa757d"",""structure_signature"":{""gates"":26,""edges"":117,""answers"":13,""derivations"":13,""canonical_bytes"":68402},""construct_total_ms"":2459.417,""client_unattributed_ms"":0.084}],""construct_total_samples"":[1423.249,1007.162,2459.417],""construct_unattributed_samples"":[0.084,0.074,0.084],""status"":""ok"",""status_evidence"":null,""c_warmup_signatures"":[""a82ea35ee1b1ff54fbd71643643f91037900d62a4cb087fd55f70e0ffbfa757d""],""measured_semantic_signature_sha256"":""a82ea35ee1b1ff54fbd71643643f91037900d62a4cb087fd55f70e0ffbfa757d"",""measured_repetitions_consistent"":true,""construction_requested"":""flat"",""construction_effective"":""flat"",""commit"":""0ed57212455326682a75871e0e8be71760b35282"",""batch_id"":""3aeb8b2fe6ba2370e1b46e735e87f93acb085a0a24ff36e4432c525b46b4b443"",""query_sha256"":""a2d067af87788371d0895c53af5536df3cc59090adda8fe35f6c9b1491962642"",""engine"":""qlever"",""engine_version"":""QLever [engines.json profile]"",""scale"":""100M"",""base_endpoint_sha256"":""bcddd715026035ef7b31e63913d55e25b6270be6bc6037325c1f80ea1359de5d"",""reified_endpoint_sha256"":""cc83ef54f5df550fbc0e634feb927cbfa21477fdb7aed1a23c2d29a56c193542"",""update_endpoint_sha256"":""8a607274f1b3d176dd6acfdc7381c25676b642e78d334a9664e45a2bdf3d52a0"",""base_data_identity_sha256"":""8a988dc83f4082a4f27503ba2906dc6b8733b3c02be567635c726c67bbd48314"",""reified_data_identity_sha256"":""16162702ccec82b2a0e27063cd04bd756a27af1f003b4cef0da976d843ef4725"",""update_for"":""none"",""access_mode"":""read-only"",""base_data_name"":""exploratory-base"",""reified_data_name"":""exploratory-reified"",""update_canary_sha256"":""2b9b44b25cd1c568cd57c6c5df25ae260b68229044617821fb33f542dab77648"",""store_instance_sha256"":""ae66d4ca42b831aa94f050bbbfbb0f5f14bd256181e832c50cfe67318b5b52bf"",""store_discriminator_sha256"":""2e884d94ace185d62b1b91debf493ccd0a69b83d08e74cf5f1c2be4851b14215"",""tool_sha256"":""b38a65fc0c1a91e138f057f7b6c08d21c328463aceb40ffda53fc759f99d2f7a"",""java_runtime_sha256"":""bdd50c08a90e2fb713541b8a118df6250246a917edc41a6776aeafc90b472687"",""run_identity_sha256"":""a8269a65adae26cf735656c104e47ac48dd962a113cae99265dac9b5da9b1ff6""}"
0ed57212455326682a75871e0e8be71760b35282,qlever,QLever [engines.json profile],100M,F,F3,00,ab4a33937e9d2bc9b501268b85f184fcbc070f1c35d8b6f2a148df9d906de693,B,base-select,ok,19,7.6,7.4,8.2,7.7,0.4,1,3,300.0,3160,0.0,,,,,0.00699,"[8.168, 7.422, 7.635]","[0.0, 0.0, 0.0]",,[],,[],,[],r9.2-frozen-identity-v7,3aeb8b2fe6ba2370e1b46e735e87f93acb085a0a24ff36e4432c525b46b4b443,csv-binding-multiset-v1,19,eedc041263068708b3db8b909d5a7316390f1077617fa3a21e6aa69d4344096b,,,,,,,,bcddd715026035ef7b31e63913d55e25b6270be6bc6037325c1f80ea1359de5d,cc83ef54f5df550fbc0e634feb927cbfa21477fdb7aed1a23c2d29a56c193542,8a607274f1b3d176dd6acfdc7381c25676b642e78d334a9664e45a2bdf3d52a0,8a988dc83f4082a4f27503ba2906dc6b8733b3c02be567635c726c67bbd48314,16162702ccec82b2a0e27063cd04bd756a27af1f003b4cef0da976d843ef4725,none,read-only,exploratory-base,exploratory-reified,2b9b44b25cd1c568cd57c6c5df25ae260b68229044617821fb33f542dab77648,ae66d4ca42b831aa94f050bbbfbb0f5f14bd256181e832c50cfe67318b5b52bf,2e884d94ace185d62b1b91debf493ccd0a69b83d08e74cf5f1c2be4851b14215,b38a65fc0c1a91e138f057f7b6c08d21c328463aceb40ffda53fc759f99d2f7a,bdd50c08a90e2fb713541b8a118df6250246a917edc41a6776aeafc90b472687,537f12d5eab3c36a98fb818cb5d39556712e1b77b0f580fc0083f56d11e57447,"pcm-meta-v2:{""protocol"":""r9.2-frozen-identity-v7"",""message"":"""",""cell_wall_ms"":83.024,""answer_kind"":""csv-binding-multiset-v1"",""answer_key_count"":19,""answer_fingerprint"":""eedc041263068708b3db8b909d5a7316390f1077617fa3a21e6aa69d4344096b"",""c_parse_samples"":[0.0,0.0,0.0],""c_protocol_samples"":[],""construct_total_samples"":[],""construct_unattributed_samples"":[],""status"":""ok"",""status_evidence"":null,""construction_requested"":null,""construction_effective"":null,""commit"":""0ed57212455326682a75871e0e8be71760b35282"",""batch_id"":""3aeb8b2fe6ba2370e1b46e735e87f93acb085a0a24ff36e4432c525b46b4b443"",""query_sha256"":""ab4a33937e9d2bc9b501268b85f184fcbc070f1c35d8b6f2a148df9d906de693"",""engine"":""qlever"",""engine_version"":""QLever [engines.json profile]"",""scale"":""100M"",""base_endpoint_sha256"":""bcddd715026035ef7b31e63913d55e25b6270be6bc6037325c1f80ea1359de5d"",""reified_endpoint_sha256"":""cc83ef54f5df550fbc0e634feb927cbfa21477fdb7aed1a23c2d29a56c193542"",""update_endpoint_sha256"":""8a607274f1b3d176dd6acfdc7381c25676b642e78d334a9664e45a2bdf3d52a0"",""base_data_identity_sha256"":""8a988dc83f4082a4f27503ba2906dc6b8733b3c02be567635c726c67bbd48314"",""reified_data_identity_sha256"":""16162702ccec82b2a0e27063cd04bd756a27af1f003b4cef0da976d843ef4725"",""update_for"":""none"",""access_mode"":""read-only"",""base_data_name"":""exploratory-base"",""reified_data_name"":""exploratory-reified"",""update_canary_sha256"":""2b9b44b25cd1c568cd57c6c5df25ae260b68229044617821fb33f542dab77648"",""store_instance_sha256"":""ae66d4ca42b831aa94f050bbbfbb0f5f14bd256181e832c50cfe67318b5b52bf"",""store_discriminator_sha256"":""2e884d94ace185d62b1b91debf493ccd0a69b83d08e74cf5f1c2be4851b14215"",""tool_sha256"":""b38a65fc0c1a91e138f057f7b6c08d21c328463aceb40ffda53fc759f99d2f7a"",""java_runtime_sha256"":""bdd50c08a90e2fb713541b8a118df6250246a917edc41a6776aeafc90b472687"",""run_identity_sha256"":""537f12d5eab3c36a98fb818cb5d39556712e1b77b0f580fc0083f56d11e57447""}"
0ed57212455326682a75871e0e8be71760b35282,qlever,QLever [engines.json profile],100M,F,F3,00,ab4a33937e9d2bc9b501268b85f184fcbc070f1c35d8b6f2a148df9d906de693,R,reification-only,ok,19,363.3,111.7,622.0,365.7,255.1,1,3,300.0,3160,0.0,,,,,128.789105,"[621.982, 111.7, 363.315]","[0.0, 0.0, 0.0]",,[],,[],,[],r9.2-frozen-identity-v7,3aeb8b2fe6ba2370e1b46e735e87f93acb085a0a24ff36e4432c525b46b4b443,csv-binding-multiset-v1,19,eedc041263068708b3db8b909d5a7316390f1077617fa3a21e6aa69d4344096b,,,,,,,,bcddd715026035ef7b31e63913d55e25b6270be6bc6037325c1f80ea1359de5d,cc83ef54f5df550fbc0e634feb927cbfa21477fdb7aed1a23c2d29a56c193542,8a607274f1b3d176dd6acfdc7381c25676b642e78d334a9664e45a2bdf3d52a0,8a988dc83f4082a4f27503ba2906dc6b8733b3c02be567635c726c67bbd48314,16162702ccec82b2a0e27063cd04bd756a27af1f003b4cef0da976d843ef4725,none,read-only,exploratory-base,exploratory-reified,2b9b44b25cd1c568cd57c6c5df25ae260b68229044617821fb33f542dab77648,ae66d4ca42b831aa94f050bbbfbb0f5f14bd256181e832c50cfe67318b5b52bf,2e884d94ace185d62b1b91debf493ccd0a69b83d08e74cf5f1c2be4851b14215,b38a65fc0c1a91e138f057f7b6c08d21c328463aceb40ffda53fc759f99d2f7a,bdd50c08a90e2fb713541b8a118df6250246a917edc41a6776aeafc90b472687,537f12d5eab3c36a98fb818cb5d39556712e1b77b0f580fc0083f56d11e57447,"pcm-meta-v2:{""protocol"":""r9.2-frozen-identity-v7"",""message"":"""",""cell_wall_ms"":1990.966,""answer_kind"":""csv-binding-multiset-v1"",""answer_key_count"":19,""answer_fingerprint"":""eedc041263068708b3db8b909d5a7316390f1077617fa3a21e6aa69d4344096b"",""c_parse_samples"":[0.0,0.0,0.0],""c_protocol_samples"":[],""construct_total_samples"":[],""construct_unattributed_samples"":[],""status"":""ok"",""status_evidence"":null,""construction_requested"":null,""construction_effective"":null,""commit"":""0ed57212455326682a75871e0e8be71760b35282"",""batch_id"":""3aeb8b2fe6ba2370e1b46e735e87f93acb085a0a24ff36e4432c525b46b4b443"",""query_sha256"":""ab4a33937e9d2bc9b501268b85f184fcbc070f1c35d8b6f2a148df9d906de693"",""engine"":""qlever"",""engine_version"":""QLever [engines.json profile]"",""scale"":""100M"",""base_endpoint_sha256"":""bcddd715026035ef7b31e63913d55e25b6270be6bc6037325c1f80ea1359de5d"",""reified_endpoint_sha256"":""cc83ef54f5df550fbc0e634feb927cbfa21477fdb7aed1a23c2d29a56c193542"",""update_endpoint_sha256"":""8a607274f1b3d176dd6acfdc7381c25676b642e78d334a9664e45a2bdf3d52a0"",""base_data_identity_sha256"":""8a988dc83f4082a4f27503ba2906dc6b8733b3c02be567635c726c67bbd48314"",""reified_data_identity_sha256"":""16162702ccec82b2a0e27063cd04bd756a27af1f003b4cef0da976d843ef4725"",""update_for"":""none"",""access_mode"":""read-only"",""base_data_name"":""exploratory-base"",""reified_data_name"":""exploratory-reified"",""update_canary_sha256"":""2b9b44b25cd1c568cd57c6c5df25ae260b68229044617821fb33f542dab77648"",""store_instance_sha256"":""ae66d4ca42b831aa94f050bbbfbb0f5f14bd256181e832c50cfe67318b5b52bf"",""store_discriminator_sha256"":""2e884d94ace185d62b1b91debf493ccd0a69b83d08e74cf5f1c2be4851b14215"",""tool_sha256"":""b38a65fc0c1a91e138f057f7b6c08d21c328463aceb40ffda53fc759f99d2f7a"",""java_runtime_sha256"":""bdd50c08a90e2fb713541b8a118df6250246a917edc41a6776aeafc90b472687"",""run_identity_sha256"":""537f12d5eab3c36a98fb818cb5d39556712e1b77b0f580fc0083f56d11e57447""}"
0ed57212455326682a75871e0e8be71760b35282,qlever,QLever [engines.json profile],100M,F,F3,00,ab4a33937e9d2bc9b501268b85f184fcbc070f1c35d8b6f2a148df9d906de693,N,N_clean (NPCS reimplementation),ok,19,98.0,19.6,180.6,99.4,80.5,1,3,300.0,5123,0.0,,,,19,178.603777,"[19.587, 180.631, 98.021]","[0.0, 0.0, 0.0]",,[],,[],,[],r9.2-frozen-identity-v7,3aeb8b2fe6ba2370e1b46e735e87f93acb085a0a24ff36e4432c525b46b4b443,csv-candidate-multiset-v1,19,eedc041263068708b3db8b909d5a7316390f1077617fa3a21e6aa69d4344096b,,,,,,,,bcddd715026035ef7b31e63913d55e25b6270be6bc6037325c1f80ea1359de5d,cc83ef54f5df550fbc0e634feb927cbfa21477fdb7aed1a23c2d29a56c193542,8a607274f1b3d176dd6acfdc7381c25676b642e78d334a9664e45a2bdf3d52a0,8a988dc83f4082a4f27503ba2906dc6b8733b3c02be567635c726c67bbd48314,16162702ccec82b2a0e27063cd04bd756a27af1f003b4cef0da976d843ef4725,none,read-only,exploratory-base,exploratory-reified,2b9b44b25cd1c568cd57c6c5df25ae260b68229044617821fb33f542dab77648,ae66d4ca42b831aa94f050bbbfbb0f5f14bd256181e832c50cfe67318b5b52bf,2e884d94ace185d62b1b91debf493ccd0a69b83d08e74cf5f1c2be4851b14215,b38a65fc0c1a91e138f057f7b6c08d21c328463aceb40ffda53fc759f99d2f7a,bdd50c08a90e2fb713541b8a118df6250246a917edc41a6776aeafc90b472687,537f12d5eab3c36a98fb818cb5d39556712e1b77b0f580fc0083f56d11e57447,"pcm-meta-v2:{""protocol"":""r9.2-frozen-identity-v7"",""message"":"""",""cell_wall_ms"":646.008,""answer_kind"":""csv-candidate-multiset-v1"",""answer_key_count"":19,""answer_fingerprint"":""eedc041263068708b3db8b909d5a7316390f1077617fa3a21e6aa69d4344096b"",""c_parse_samples"":[0.0,0.0,0.0],""c_protocol_samples"":[],""construct_total_samples"":[],""construct_unattributed_samples"":[],""status"":""ok"",""status_evidence"":null,""construction_requested"":null,""construction_effective"":null,""commit"":""0ed57212455326682a75871e0e8be71760b35282"",""batch_id"":""3aeb8b2fe6ba2370e1b46e735e87f93acb085a0a24ff36e4432c525b46b4b443"",""query_sha256"":""ab4a33937e9d2bc9b501268b85f184fcbc070f1c35d8b6f2a148df9d906de693"",""engine"":""qlever"",""engine_version"":""QLever [engines.json profile]"",""scale"":""100M"",""base_endpoint_sha256"":""bcddd715026035ef7b31e63913d55e25b6270be6bc6037325c1f80ea1359de5d"",""reified_endpoint_sha256"":""cc83ef54f5df550fbc0e634feb927cbfa21477fdb7aed1a23c2d29a56c193542"",""update_endpoint_sha256"":""8a607274f1b3d176dd6acfdc7381c25676b642e78d334a9664e45a2bdf3d52a0"",""base_data_identity_sha256"":""8a988dc83f4082a4f27503ba2906dc6b8733b3c02be567635c726c67bbd48314"",""reified_data_identity_sha256"":""16162702ccec82b2a0e27063cd04bd756a27af1f003b4cef0da976d843ef4725"",""update_for"":""none"",""access_mode"":""read-only"",""base_data_name"":""exploratory-base"",""reified_data_name"":""exploratory-reified"",""update_canary_sha256"":""2b9b44b25cd1c568cd57c6c5df25ae260b68229044617821fb33f542dab77648"",""store_instance_sha256"":""ae66d4ca42b831aa94f050bbbfbb0f5f14bd256181e832c50cfe67318b5b52bf"",""store_discriminator_sha256"":""2e884d94ace185d62b1b91debf493ccd0a69b83d08e74cf5f1c2be4851b14215"",""tool_sha256"":""b38a65fc0c1a91e138f057f7b6c08d21c328463aceb40ffda53fc759f99d2f7a"",""java_runtime_sha256"":""bdd50c08a90e2fb713541b8a118df6250246a917edc41a6776aeafc90b472687"",""run_identity_sha256"":""537f12d5eab3c36a98fb818cb5d39556712e1b77b0f580fc0083f56d11e57447""}"
0ed57212455326682a75871e0e8be71760b35282,qlever,QLever [engines.json profile],100M,F,F3,00,ab4a33937e9d2bc9b501268b85f184fcbc070f1c35d8b6f2a148df9d906de693,C,SPARQLcirc CircuitRewriter,ok,19,695.5,638.9,760.3,698.2,60.7,1,3,300.0,73355,6.1,38,133,19,,366.980645,"[760.265, 695.479, 638.907]","[6.072, 6.082, 5.982]",0.0,"[0.0, 0.0, 0.0]",701.6,"[766.414, 701.639, 644.978]",0.1,"[0.077, 0.078, 0.089]",r9.2-frozen-identity-v7,3aeb8b2fe6ba2370e1b46e735e87f93acb085a0a24ff36e4432c525b46b4b443,term-aware-candidate-set-v1,19,0534132a29fa7ff4f486f7534400c9e1c41b56bfe995c8f4b2cdf2f88f4dc152,flat,flat,f207c0a00082018b703df0d83098bf5831c62941b46056d2dab0b67bee8f1cf7,,,,,bcddd715026035ef7b31e63913d55e25b6270be6bc6037325c1f80ea1359de5d,cc83ef54f5df550fbc0e634feb927cbfa21477fdb7aed1a23c2d29a56c193542,8a607274f1b3d176dd6acfdc7381c25676b642e78d334a9664e45a2bdf3d52a0,8a988dc83f4082a4f27503ba2906dc6b8733b3c02be567635c726c67bbd48314,16162702ccec82b2a0e27063cd04bd756a27af1f003b4cef0da976d843ef4725,none,read-only,exploratory-base,exploratory-reified,2b9b44b25cd1c568cd57c6c5df25ae260b68229044617821fb33f542dab77648,ae66d4ca42b831aa94f050bbbfbb0f5f14bd256181e832c50cfe67318b5b52bf,2e884d94ace185d62b1b91debf493ccd0a69b83d08e74cf5f1c2be4851b14215,b38a65fc0c1a91e138f057f7b6c08d21c328463aceb40ffda53fc759f99d2f7a,bdd50c08a90e2fb713541b8a118df6250246a917edc41a6776aeafc90b472687,537f12d5eab3c36a98fb818cb5d39556712e1b77b0f580fc0083f56d11e57447,"pcm-meta-v2:{""protocol"":""r9.2-frozen-identity-v7"",""message"":""C requested=flat effective=flat; steps=1 feedback=0; network includes CONSTRUCT, feedback INSERT, and cleanup DELETE"",""cell_wall_ms"":2966.516,""answer_kind"":""term-aware-candidate-set-v1"",""answer_key_count"":19,""answer_fingerprint"":""0534132a29fa7ff4f486f7534400c9e1c41b56bfe995c8f4b2cdf2f88f4dc152"",""c_parse_samples"":[6.072,6.082,5.982],""c_protocol_samples"":[{""requested_mode"":""flat"",""effective_mode"":""flat"",""fallback_reason"":null,""plan_steps"":1,""feedback_steps"":0,""feedback_triples"":0,""construct_query_ms"":760.265,""feedback_update_ms"":0.0,""cleanup_ms"":0.0,""client_protocol_ms"":0.0,""network_scope"":""construct+feedback+cleanup"",""circuit_sha256"":""f207c0a00082018b703df0d83098bf5831c62941b46056d2dab0b67bee8f1cf7"",""answer_fingerprint"":""0534132a29fa7ff4f486f7534400c9e1c41b56bfe995c8f4b2cdf2f88f4dc152"",""semantic_signature_sha256"":""ed2e8363804551a681603c5c100ebc2cc1706d647fbfd906fe38d875fb9b769d"",""structure_signature"":{""gates"":38,""edges"":133,""answers"":19,""derivations"":19,""canonical_bytes"":73355},""construct_total_ms"":766.414,""client_unattributed_ms"":0.077},{""requested_mode"":""flat"",""effective_mode"":""flat"",""fallback_reason"":null,""plan_steps"":1,""feedback_steps"":0,""feedback_triples"":0,""construct_query_ms"":695.479,""feedback_update_ms"":0.0,""cleanup_ms"":0.0,""client_protocol_ms"":0.0,""network_scope"":""construct+feedback+cleanup"",""circuit_sha256"":""f207c0a00082018b703df0d83098bf5831c62941b46056d2dab0b67bee8f1cf7"",""answer_fingerprint"":""0534132a29fa7ff4f486f7534400c9e1c41b56bfe995c8f4b2cdf2f88f4dc152"",""semantic_signature_sha256"":""ed2e8363804551a681603c5c100ebc2cc1706d647fbfd906fe38d875fb9b769d"",""structure_signature"":{""gates"":38,""edges"":133,""answers"":19,""derivations"":19,""canonical_bytes"":73355},""construct_total_ms"":701.639,""client_unattributed_ms"":0.078},{""requested_mode"":""flat"",""effective_mode"":""flat"",""fallback_reason"":null,""plan_steps"":1,""feedback_steps"":0,""feedback_triples"":0,""construct_query_ms"":638.907,""feedback_update_ms"":0.0,""cleanup_ms"":0.0,""client_protocol_ms"":0.0,""network_scope"":""construct+feedback+cleanup"",""circuit_sha256"":""f207c0a00082018b703df0d83098bf5831c62941b46056d2dab0b67bee8f1cf7"",""answer_fingerprint"":""0534132a29fa7ff4f486f7534400c9e1c41b56bfe995c8f4b2cdf2f88f4dc152"",""semantic_signature_sha256"":""ed2e8363804551a681603c5c100ebc2cc1706d647fbfd906fe38d875fb9b769d"",""structure_signature"":{""gates"":38,""edges"":133,""answers"":19,""derivations"":19,""canonical_bytes"":73355},""construct_total_ms"":644.978,""client_unattributed_ms"":0.089}],""construct_total_samples"":[766.414,701.639,644.978],""construct_unattributed_samples"":[0.077,0.078,0.089],""status"":""ok"",""status_evidence"":null,""c_warmup_signatures"":[""ed2e8363804551a681603c5c100ebc2cc1706d647fbfd906fe38d875fb9b769d""],""measured_semantic_signature_sha256"":""ed2e8363804551a681603c5c100ebc2cc1706d647fbfd906fe38d875fb9b769d"",""measured_repetitions_consistent"":true,""construction_requested"":""flat"",""construction_effective"":""flat"",""commit"":""0ed57212455326682a75871e0e8be71760b35282"",""batch_id"":""3aeb8b2fe6ba2370e1b46e735e87f93acb085a0a24ff36e4432c525b46b4b443"",""query_sha256"":""ab4a33937e9d2bc9b501268b85f184fcbc070f1c35d8b6f2a148df9d906de693"",""engine"":""qlever"",""engine_version"":""QLever [engines.json profile]"",""scale"":""100M"",""base_endpoint_sha256"":""bcddd715026035ef7b31e63913d55e25b6270be6bc6037325c1f80ea1359de5d"",""reified_endpoint_sha256"":""cc83ef54f5df550fbc0e634feb927cbfa21477fdb7aed1a23c2d29a56c193542"",""update_endpoint_sha256"":""8a607274f1b3d176dd6acfdc7381c25676b642e78d334a9664e45a2bdf3d52a0"",""base_data_identity_sha256"":""8a988dc83f4082a4f27503ba2906dc6b8733b3c02be567635c726c67bbd48314"",""reified_data_identity_sha256"":""16162702ccec82b2a0e27063cd04bd756a27af1f003b4cef0da976d843ef4725"",""update_for"":""none"",""access_mode"":""read-only"",""base_data_name"":""exploratory-base"",""reified_data_name"":""exploratory-reified"",""update_canary_sha256"":""2b9b44b25cd1c568cd57c6c5df25ae260b68229044617821fb33f542dab77648"",""store_instance_sha256"":""ae66d4ca42b831aa94f050bbbfbb0f5f14bd256181e832c50cfe67318b5b52bf"",""store_discriminator_sha256"":""2e884d94ace185d62b1b91debf493ccd0a69b83d08e74cf5f1c2be4851b14215"",""tool_sha256"":""b38a65fc0c1a91e138f057f7b6c08d21c328463aceb40ffda53fc759f99d2f7a"",""java_runtime_sha256"":""bdd50c08a90e2fb713541b8a118df6250246a917edc41a6776aeafc90b472687"",""run_identity_sha256"":""537f12d5eab3c36a98fb818cb5d39556712e1b77b0f580fc0083f56d11e57447""}"
0ed57212455326682a75871e0e8be71760b35282,qlever,QLever [engines.json profile],100M,F,F4,00,95e319658ada1f90ea7900df6e9a7608f72e06ecb2da9d8ad67afe7db54c5464,B,base-select,ok,103,70.9,69.8,72.3,71.0,1.3,1,3,300.0,38020,0.0,,,,,0.00797,"[72.323, 69.778, 70.913]","[0.0, 0.0, 0.0]",,[],,[],,[],r9.2-frozen-identity-v7,3aeb8b2fe6ba2370e1b46e735e87f93acb085a0a24ff36e4432c525b46b4b443,csv-binding-multiset-v1,103,b7d28a9d9f38eb7d5f4666e5febd4758a3b42875107db79635c70438547260c9,,,,,,,,bcddd715026035ef7b31e63913d55e25b6270be6bc6037325c1f80ea1359de5d,cc83ef54f5df550fbc0e634feb927cbfa21477fdb7aed1a23c2d29a56c193542,8a607274f1b3d176dd6acfdc7381c25676b642e78d334a9664e45a2bdf3d52a0,8a988dc83f4082a4f27503ba2906dc6b8733b3c02be567635c726c67bbd48314,16162702ccec82b2a0e27063cd04bd756a27af1f003b4cef0da976d843ef4725,none,read-only,exploratory-base,exploratory-reified,2b9b44b25cd1c568cd57c6c5df25ae260b68229044617821fb33f542dab77648,ae66d4ca42b831aa94f050bbbfbb0f5f14bd256181e832c50cfe67318b5b52bf,2e884d94ace185d62b1b91debf493ccd0a69b83d08e74cf5f1c2be4851b14215,b38a65fc0c1a91e138f057f7b6c08d21c328463aceb40ffda53fc759f99d2f7a,bdd50c08a90e2fb713541b8a118df6250246a917edc41a6776aeafc90b472687,4ba50bb8973b7ad33b4a6dc2ab4ee388340bf823929b6240d6d93b5a3f94ce8b,"pcm-meta-v2:{""protocol"":""r9.2-frozen-identity-v7"",""message"":"""",""cell_wall_ms"":329.403,""answer_kind"":""csv-binding-multiset-v1"",""answer_key_count"":103,""answer_fingerprint"":""b7d28a9d9f38eb7d5f4666e5febd4758a3b42875107db79635c70438547260c9"",""c_parse_samples"":[0.0,0.0,0.0],""c_protocol_samples"":[],""construct_total_samples"":[],""construct_unattributed_samples"":[],""status"":""ok"",""status_evidence"":null,""construction_requested"":null,""construction_effective"":null,""commit"":""0ed57212455326682a75871e0e8be71760b35282"",""batch_id"":""3aeb8b2fe6ba2370e1b46e735e87f93acb085a0a24ff36e4432c525b46b4b443"",""query_sha256"":""95e319658ada1f90ea7900df6e9a7608f72e06ecb2da9d8ad67afe7db54c5464"",""engine"":""qlever"",""engine_version"":""QLever [engines.json profile]"",""scale"":""100M"",""base_endpoint_sha256"":""bcddd715026035ef7b31e63913d55e25b6270be6bc6037325c1f80ea1359de5d"",""reified_endpoint_sha256"":""cc83ef54f5df550fbc0e634feb927cbfa21477fdb7aed1a23c2d29a56c193542"",""update_endpoint_sha256"":""8a607274f1b3d176dd6acfdc7381c25676b642e78d334a9664e45a2bdf3d52a0"",""base_data_identity_sha256"":""8a988dc83f4082a4f27503ba2906dc6b8733b3c02be567635c726c67bbd48314"",""reified_data_identity_sha256"":""16162702ccec82b2a0e27063cd04bd756a27af1f003b4cef0da976d843ef4725"",""update_for"":""none"",""access_mode"":""read-only"",""base_data_name"":""exploratory-base"",""reified_data_name"":""exploratory-reified"",""update_canary_sha256"":""2b9b44b25cd1c568cd57c6c5df25ae260b68229044617821fb33f542dab77648"",""store_instance_sha256"":""ae66d4ca42b831aa94f050bbbfbb0f5f14bd256181e832c50cfe67318b5b52bf"",""store_discriminator_sha256"":""2e884d94ace185d62b1b91debf493ccd0a69b83d08e74cf5f1c2be4851b14215"",""tool_sha256"":""b38a65fc0c1a91e138f057f7b6c08d21c328463aceb40ffda53fc759f99d2f7a"",""java_runtime_sha256"":""bdd50c08a90e2fb713541b8a118df6250246a917edc41a6776aeafc90b472687"",""run_identity_sha256"":""4ba50bb8973b7ad33b4a6dc2ab4ee388340bf823929b6240d6d93b5a3f94ce8b""}"
0ed57212455326682a75871e0e8be71760b35282,qlever,QLever [engines.json profile],100M,F,F4,00,95e319658ada1f90ea7900df6e9a7608f72e06ecb2da9d8ad67afe7db54c5464,R,reification-only,ok,103,785.5,684.2,1005.3,825.0,164.2,1,3,300.0,38020,0.0,,,,,142.610446,"[1005.33, 785.468, 684.241]","[0.0, 0.0, 0.0]",,[],,[],,[],r9.2-frozen-identity-v7,3aeb8b2fe6ba2370e1b46e735e87f93acb085a0a24ff36e4432c525b46b4b443,csv-binding-multiset-v1,103,b7d28a9d9f38eb7d5f4666e5febd4758a3b42875107db79635c70438547260c9,,,,,,,,bcddd715026035ef7b31e63913d55e25b6270be6bc6037325c1f80ea1359de5d,cc83ef54f5df550fbc0e634feb927cbfa21477fdb7aed1a23c2d29a56c193542,8a607274f1b3d176dd6acfdc7381c25676b642e78d334a9664e45a2bdf3d52a0,8a988dc83f4082a4f27503ba2906dc6b8733b3c02be567635c726c67bbd48314,16162702ccec82b2a0e27063cd04bd756a27af1f003b4cef0da976d843ef4725,none,read-only,exploratory-base,exploratory-reified,2b9b44b25cd1c568cd57c6c5df25ae260b68229044617821fb33f542dab77648,ae66d4ca42b831aa94f050bbbfbb0f5f14bd256181e832c50cfe67318b5b52bf,2e884d94ace185d62b1b91debf493ccd0a69b83d08e74cf5f1c2be4851b14215,b38a65fc0c1a91e138f057f7b6c08d21c328463aceb40ffda53fc759f99d2f7a,bdd50c08a90e2fb713541b8a118df6250246a917edc41a6776aeafc90b472687,4ba50bb8973b7ad33b4a6dc2ab4ee388340bf823929b6240d6d93b5a3f94ce8b,"pcm-meta-v2:{""protocol"":""r9.2-frozen-identity-v7"",""message"":"""",""cell_wall_ms"":3389.729,""answer_kind"":""csv-binding-multiset-v1"",""answer_key_count"":103,""answer_fingerprint"":""b7d28a9d9f38eb7d5f4666e5febd4758a3b42875107db79635c70438547260c9"",""c_parse_samples"":[0.0,0.0,0.0],""c_protocol_samples"":[],""construct_total_samples"":[],""construct_unattributed_samples"":[],""status"":""ok"",""status_evidence"":null,""construction_requested"":null,""construction_effective"":null,""commit"":""0ed57212455326682a75871e0e8be71760b35282"",""batch_id"":""3aeb8b2fe6ba2370e1b46e735e87f93acb085a0a24ff36e4432c525b46b4b443"",""query_sha256"":""95e319658ada1f90ea7900df6e9a7608f72e06ecb2da9d8ad67afe7db54c5464"",""engine"":""qlever"",""engine_version"":""QLever [engines.json profile]"",""scale"":""100M"",""base_endpoint_sha256"":""bcddd715026035ef7b31e63913d55e25b6270be6bc6037325c1f80ea1359de5d"",""reified_endpoint_sha256"":""cc83ef54f5df550fbc0e634feb927cbfa21477fdb7aed1a23c2d29a56c193542"",""update_endpoint_sha256"":""8a607274f1b3d176dd6acfdc7381c25676b642e78d334a9664e45a2bdf3d52a0"",""base_data_identity_sha256"":""8a988dc83f4082a4f27503ba2906dc6b8733b3c02be567635c726c67bbd48314"",""reified_data_identity_sha256"":""16162702ccec82b2a0e27063cd04bd756a27af1f003b4cef0da976d843ef4725"",""update_for"":""none"",""access_mode"":""read-only"",""base_data_name"":""exploratory-base"",""reified_data_name"":""exploratory-reified"",""update_canary_sha256"":""2b9b44b25cd1c568cd57c6c5df25ae260b68229044617821fb33f542dab77648"",""store_instance_sha256"":""ae66d4ca42b831aa94f050bbbfbb0f5f14bd256181e832c50cfe67318b5b52bf"",""store_discriminator_sha256"":""2e884d94ace185d62b1b91debf493ccd0a69b83d08e74cf5f1c2be4851b14215"",""tool_sha256"":""b38a65fc0c1a91e138f057f7b6c08d21c328463aceb40ffda53fc759f99d2f7a"",""java_runtime_sha256"":""bdd50c08a90e2fb713541b8a118df6250246a917edc41a6776aeafc90b472687"",""run_identity_sha256"":""4ba50bb8973b7ad33b4a6dc2ab4ee388340bf823929b6240d6d93b5a3f94ce8b""}"
0ed57212455326682a75871e0e8be71760b35282,qlever,QLever [engines.json profile],100M,F,F4,00,95e319658ada1f90ea7900df6e9a7608f72e06ecb2da9d8ad67afe7db54c5464,N,N_clean (NPCS reimplementation),ok,103,853.8,781.0,1112.1,915.6,174.0,1,3,300.0,53196,0.0,,,,103,179.171117,"[853.808, 780.984, 1112.122]","[0.0, 0.0, 0.0]",,[],,[],,[],r9.2-frozen-identity-v7,3aeb8b2fe6ba2370e1b46e735e87f93acb085a0a24ff36e4432c525b46b4b443,csv-candidate-multiset-v1,103,b7d28a9d9f38eb7d5f4666e5febd4758a3b42875107db79635c70438547260c9,,,,,,,,bcddd715026035ef7b31e63913d55e25b6270be6bc6037325c1f80ea1359de5d,cc83ef54f5df550fbc0e634feb927cbfa21477fdb7aed1a23c2d29a56c193542,8a607274f1b3d176dd6acfdc7381c25676b642e78d334a9664e45a2bdf3d52a0,8a988dc83f4082a4f27503ba2906dc6b8733b3c02be567635c726c67bbd48314,16162702ccec82b2a0e27063cd04bd756a27af1f003b4cef0da976d843ef4725,none,read-only,exploratory-base,exploratory-reified,2b9b44b25cd1c568cd57c6c5df25ae260b68229044617821fb33f542dab77648,ae66d4ca42b831aa94f050bbbfbb0f5f14bd256181e832c50cfe67318b5b52bf,2e884d94ace185d62b1b91debf493ccd0a69b83d08e74cf5f1c2be4851b14215,b38a65fc0c1a91e138f057f7b6c08d21c328463aceb40ffda53fc759f99d2f7a,bdd50c08a90e2fb713541b8a118df6250246a917edc41a6776aeafc90b472687,4ba50bb8973b7ad33b4a6dc2ab4ee388340bf823929b6240d6d93b5a3f94ce8b,"pcm-meta-v2:{""protocol"":""r9.2-frozen-identity-v7"",""message"":"""",""cell_wall_ms"":6576.472,""answer_kind"":""csv-candidate-multiset-v1"",""answer_key_count"":103,""answer_fingerprint"":""b7d28a9d9f38eb7d5f4666e5febd4758a3b42875107db79635c70438547260c9"",""c_parse_samples"":[0.0,0.0,0.0],""c_protocol_samples"":[],""construct_total_samples"":[],""construct_unattributed_samples"":[],""status"":""ok"",""status_evidence"":null,""construction_requested"":null,""construction_effective"":null,""commit"":""0ed57212455326682a75871e0e8be71760b35282"",""batch_id"":""3aeb8b2fe6ba2370e1b46e735e87f93acb085a0a24ff36e4432c525b46b4b443"",""query_sha256"":""95e319658ada1f90ea7900df6e9a7608f72e06ecb2da9d8ad67afe7db54c5464"",""engine"":""qlever"",""engine_version"":""QLever [engines.json profile]"",""scale"":""100M"",""base_endpoint_sha256"":""bcddd715026035ef7b31e63913d55e25b6270be6bc6037325c1f80ea1359de5d"",""reified_endpoint_sha256"":""cc83ef54f5df550fbc0e634feb927cbfa21477fdb7aed1a23c2d29a56c193542"",""update_endpoint_sha256"":""8a607274f1b3d176dd6acfdc7381c25676b642e78d334a9664e45a2bdf3d52a0"",""base_data_identity_sha256"":""8a988dc83f4082a4f27503ba2906dc6b8733b3c02be567635c726c67bbd48314"",""reified_data_identity_sha256"":""16162702ccec82b2a0e27063cd04bd756a27af1f003b4cef0da976d843ef4725"",""update_for"":""none"",""access_mode"":""read-only"",""base_data_name"":""exploratory-base"",""reified_data_name"":""exploratory-reified"",""update_canary_sha256"":""2b9b44b25cd1c568cd57c6c5df25ae260b68229044617821fb33f542dab77648"",""store_instance_sha256"":""ae66d4ca42b831aa94f050bbbfbb0f5f14bd256181e832c50cfe67318b5b52bf"",""store_discriminator_sha256"":""2e884d94ace185d62b1b91debf493ccd0a69b83d08e74cf5f1c2be4851b14215"",""tool_sha256"":""b38a65fc0c1a91e138f057f7b6c08d21c328463aceb40ffda53fc759f99d2f7a"",""java_runtime_sha256"":""bdd50c08a90e2fb713541b8a118df6250246a917edc41a6776aeafc90b472687"",""run_identity_sha256"":""4ba50bb8973b7ad33b4a6dc2ab4ee388340bf823929b6240d6d93b5a3f94ce8b""}"
0ed57212455326682a75871e0e8be71760b35282,qlever,QLever [engines.json profile],100M,F,F4,00,95e319658ada1f90ea7900df6e9a7608f72e06ecb2da9d8ad67afe7db54c5464,C,SPARQLcirc CircuitRewriter,ok,103,9900.6,1208.1,9921.3,7010.0,5024.6,1,3,300.0,552790,45.1,206,1030,103,,415.826904,"[9900.581, 9921.316, 1208.145]","[44.63, 46.827, 45.114]",0.0,"[0.0, 0.0, 0.0]",9945.4,"[9945.386, 9968.295, 1253.431]",0.2,"[0.174, 0.152, 0.172]",r9.2-frozen-identity-v7,3aeb8b2fe6ba2370e1b46e735e87f93acb085a0a24ff36e4432c525b46b4b443,term-aware-candidate-set-v1,103,bbef6c305381618238502e9530a65a446d99dcf6dae49bf54ed45505efd7c0c6,flat,flat,4d1917acf6a8f4ba2cec030de209c95aab68a004524329bbe8d122d26fe551b3,,,,,bcddd715026035ef7b31e63913d55e25b6270be6bc6037325c1f80ea1359de5d,cc83ef54f5df550fbc0e634feb927cbfa21477fdb7aed1a23c2d29a56c193542,8a607274f1b3d176dd6acfdc7381c25676b642e78d334a9664e45a2bdf3d52a0,8a988dc83f4082a4f27503ba2906dc6b8733b3c02be567635c726c67bbd48314,16162702ccec82b2a0e27063cd04bd756a27af1f003b4cef0da976d843ef4725,none,read-only,exploratory-base,exploratory-reified,2b9b44b25cd1c568cd57c6c5df25ae260b68229044617821fb33f542dab77648,ae66d4ca42b831aa94f050bbbfbb0f5f14bd256181e832c50cfe67318b5b52bf,2e884d94ace185d62b1b91debf493ccd0a69b83d08e74cf5f1c2be4851b14215,b38a65fc0c1a91e138f057f7b6c08d21c328463aceb40ffda53fc759f99d2f7a,bdd50c08a90e2fb713541b8a118df6250246a917edc41a6776aeafc90b472687,4ba50bb8973b7ad33b4a6dc2ab4ee388340bf823929b6240d6d93b5a3f94ce8b,"pcm-meta-v2:{""protocol"":""r9.2-frozen-identity-v7"",""message"":""C requested=flat effective=flat; steps=1 feedback=0; network includes CONSTRUCT, feedback INSERT, and cleanup DELETE"",""cell_wall_ms"":31915.475,""answer_kind"":""term-aware-candidate-set-v1"",""answer_key_count"":103,""answer_fingerprint"":""bbef6c305381618238502e9530a65a446d99dcf6dae49bf54ed45505efd7c0c6"",""c_parse_samples"":[44.63,46.827,45.114],""c_protocol_samples"":[{""requested_mode"":""flat"",""effective_mode"":""flat"",""fallback_reason"":null,""plan_steps"":1,""feedback_steps"":0,""feedback_triples"":0,""construct_query_ms"":9900.581,""feedback_update_ms"":0.0,""cleanup_ms"":0.0,""client_protocol_ms"":0.0,""network_scope"":""construct+feedback+cleanup"",""circuit_sha256"":""4d1917acf6a8f4ba2cec030de209c95aab68a004524329bbe8d122d26fe551b3"",""answer_fingerprint"":""bbef6c305381618238502e9530a65a446d99dcf6dae49bf54ed45505efd7c0c6"",""semantic_signature_sha256"":""e09ab4445d318136e94dd075bd5c353173ec1558b83d09cdc22f14902a6b0444"",""structure_signature"":{""gates"":206,""edges"":1030,""answers"":103,""derivations"":103,""canonical_bytes"":552790},""construct_total_ms"":9945.386,""client_unattributed_ms"":0.174},{""requested_mode"":""flat"",""effective_mode"":""flat"",""fallback_reason"":null,""plan_steps"":1,""feedback_steps"":0,""feedback_triples"":0,""construct_query_ms"":9921.316,""feedback_update_ms"":0.0,""cleanup_ms"":0.0,""client_protocol_ms"":0.0,""network_scope"":""construct+feedback+cleanup"",""circuit_sha256"":""4d1917acf6a8f4ba2cec030de209c95aab68a004524329bbe8d122d26fe551b3"",""answer_fingerprint"":""bbef6c305381618238502e9530a65a446d99dcf6dae49bf54ed45505efd7c0c6"",""semantic_signature_sha256"":""e09ab4445d318136e94dd075bd5c353173ec1558b83d09cdc22f14902a6b0444"",""structure_signature"":{""gates"":206,""edges"":1030,""answers"":103,""derivations"":103,""canonical_bytes"":552790},""construct_total_ms"":9968.295,""client_unattributed_ms"":0.152},{""requested_mode"":""flat"",""effective_mode"":""flat"",""fallback_reason"":null,""plan_steps"":1,""feedback_steps"":0,""feedback_triples"":0,""construct_query_ms"":1208.145,""feedback_update_ms"":0.0,""cleanup_ms"":0.0,""client_protocol_ms"":0.0,""network_scope"":""construct+feedback+cleanup"",""circuit_sha256"":""4d1917acf6a8f4ba2cec030de209c95aab68a004524329bbe8d122d26fe551b3"",""answer_fingerprint"":""bbef6c305381618238502e9530a65a446d99dcf6dae49bf54ed45505efd7c0c6"",""semantic_signature_sha256"":""e09ab4445d318136e94dd075bd5c353173ec1558b83d09cdc22f14902a6b0444"",""structure_signature"":{""gates"":206,""edges"":1030,""answers"":103,""derivations"":103,""canonical_bytes"":552790},""construct_total_ms"":1253.431,""client_unattributed_ms"":0.172}],""construct_total_samples"":[9945.386,9968.295,1253.431],""construct_unattributed_samples"":[0.174,0.152,0.172],""status"":""ok"",""status_evidence"":null,""c_warmup_signatures"":[""e09ab4445d318136e94dd075bd5c353173ec1558b83d09cdc22f14902a6b0444""],""measured_semantic_signature_sha256"":""e09ab4445d318136e94dd075bd5c353173ec1558b83d09cdc22f14902a6b0444"",""measured_repetitions_consistent"":true,""construction_requested"":""flat"",""construction_effective"":""flat"",""commit"":""0ed57212455326682a75871e0e8be71760b35282"",""batch_id"":""3aeb8b2fe6ba2370e1b46e735e87f93acb085a0a24ff36e4432c525b46b4b443"",""query_sha256"":""95e319658ada1f90ea7900df6e9a7608f72e06ecb2da9d8ad67afe7db54c5464"",""engine"":""qlever"",""engine_version"":""QLever [engines.json profile]"",""scale"":""100M"",""base_endpoint_sha256"":""bcddd715026035ef7b31e63913d55e25b6270be6bc6037325c1f80ea1359de5d"",""reified_endpoint_sha256"":""cc83ef54f5df550fbc0e634feb927cbfa21477fdb7aed1a23c2d29a56c193542"",""update_endpoint_sha256"":""8a607274f1b3d176dd6acfdc7381c25676b642e78d334a9664e45a2bdf3d52a0"",""base_data_identity_sha256"":""8a988dc83f4082a4f27503ba2906dc6b8733b3c02be567635c726c67bbd48314"",""reified_data_identity_sha256"":""16162702ccec82b2a0e27063cd04bd756a27af1f003b4cef0da976d843ef4725"",""update_for"":""none"",""access_mode"":""read-only"",""base_data_name"":""exploratory-base"",""reified_data_name"":""exploratory-reified"",""update_canary_sha256"":""2b9b44b25cd1c568cd57c6c5df25ae260b68229044617821fb33f542dab77648"",""store_instance_sha256"":""ae66d4ca42b831aa94f050bbbfbb0f5f14bd256181e832c50cfe67318b5b52bf"",""store_discriminator_sha256"":""2e884d94ace185d62b1b91debf493ccd0a69b83d08e74cf5f1c2be4851b14215"",""tool_sha256"":""b38a65fc0c1a91e138f057f7b6c08d21c328463aceb40ffda53fc759f99d2f7a"",""java_runtime_sha256"":""bdd50c08a90e2fb713541b8a118df6250246a917edc41a6776aeafc90b472687"",""run_identity_sha256"":""4ba50bb8973b7ad33b4a6dc2ab4ee388340bf823929b6240d6d93b5a3f94ce8b""}"
0ed57212455326682a75871e0e8be71760b35282,qlever,QLever [engines.json profile],100M,F,F5,00,5ca90afb3951e0444bf3024c77058dedfd92664870dc85d282ed837b0894ed6f,B,base-select,ok,38,4.8,4.7,5.3,4.9,0.3,1,3,300.0,10615,0.0,,,,,0.011301,"[5.305, 4.757, 4.711]","[0.0, 0.0, 0.0]",,[],,[],,[],r9.2-frozen-identity-v7,3aeb8b2fe6ba2370e1b46e735e87f93acb085a0a24ff36e4432c525b46b4b443,csv-binding-multiset-v1,38,a2c925af9ef2a238ec6ae6150b0ad75f28d8e8919fd8aefd2fdf19f70c96ebd7,,,,,,,,bcddd715026035ef7b31e63913d55e25b6270be6bc6037325c1f80ea1359de5d,cc83ef54f5df550fbc0e634feb927cbfa21477fdb7aed1a23c2d29a56c193542,8a607274f1b3d176dd6acfdc7381c25676b642e78d334a9664e45a2bdf3d52a0,8a988dc83f4082a4f27503ba2906dc6b8733b3c02be567635c726c67bbd48314,16162702ccec82b2a0e27063cd04bd756a27af1f003b4cef0da976d843ef4725,none,read-only,exploratory-base,exploratory-reified,2b9b44b25cd1c568cd57c6c5df25ae260b68229044617821fb33f542dab77648,ae66d4ca42b831aa94f050bbbfbb0f5f14bd256181e832c50cfe67318b5b52bf,2e884d94ace185d62b1b91debf493ccd0a69b83d08e74cf5f1c2be4851b14215,b38a65fc0c1a91e138f057f7b6c08d21c328463aceb40ffda53fc759f99d2f7a,bdd50c08a90e2fb713541b8a118df6250246a917edc41a6776aeafc90b472687,47f15b733a4b75ccbf1465427e17504a5ee7d135ae67ddb947abd59a5424760b,"pcm-meta-v2:{""protocol"":""r9.2-frozen-identity-v7"",""message"":"""",""cell_wall_ms"":57.646,""answer_kind"":""csv-binding-multiset-v1"",""answer_key_count"":38,""answer_fingerprint"":""a2c925af9ef2a238ec6ae6150b0ad75f28d8e8919fd8aefd2fdf19f70c96ebd7"",""c_parse_samples"":[0.0,0.0,0.0],""c_protocol_samples"":[],""construct_total_samples"":[],""construct_unattributed_samples"":[],""status"":""ok"",""status_evidence"":null,""construction_requested"":null,""construction_effective"":null,""commit"":""0ed57212455326682a75871e0e8be71760b35282"",""batch_id"":""3aeb8b2fe6ba2370e1b46e735e87f93acb085a0a24ff36e4432c525b46b4b443"",""query_sha256"":""5ca90afb3951e0444bf3024c77058dedfd92664870dc85d282ed837b0894ed6f"",""engine"":""qlever"",""engine_version"":""QLever [engines.json profile]"",""scale"":""100M"",""base_endpoint_sha256"":""bcddd715026035ef7b31e63913d55e25b6270be6bc6037325c1f80ea1359de5d"",""reified_endpoint_sha256"":""cc83ef54f5df550fbc0e634feb927cbfa21477fdb7aed1a23c2d29a56c193542"",""update_endpoint_sha256"":""8a607274f1b3d176dd6acfdc7381c25676b642e78d334a9664e45a2bdf3d52a0"",""base_data_identity_sha256"":""8a988dc83f4082a4f27503ba2906dc6b8733b3c02be567635c726c67bbd48314"",""reified_data_identity_sha256"":""16162702ccec82b2a0e27063cd04bd756a27af1f003b4cef0da976d843ef4725"",""update_for"":""none"",""access_mode"":""read-only"",""base_data_name"":""exploratory-base"",""reified_data_name"":""exploratory-reified"",""update_canary_sha256"":""2b9b44b25cd1c568cd57c6c5df25ae260b68229044617821fb33f542dab77648"",""store_instance_sha256"":""ae66d4ca42b831aa94f050bbbfbb0f5f14bd256181e832c50cfe67318b5b52bf"",""store_discriminator_sha256"":""2e884d94ace185d62b1b91debf493ccd0a69b83d08e74cf5f1c2be4851b14215"",""tool_sha256"":""b38a65fc0c1a91e138f057f7b6c08d21c328463aceb40ffda53fc759f99d2f7a"",""java_runtime_sha256"":""bdd50c08a90e2fb713541b8a118df6250246a917edc41a6776aeafc90b472687"",""run_identity_sha256"":""47f15b733a4b75ccbf1465427e17504a5ee7d135ae67ddb947abd59a5424760b""}"
0ed57212455326682a75871e0e8be71760b35282,qlever,QLever [engines.json profile],100M,F,F5,00,5ca90afb3951e0444bf3024c77058dedfd92664870dc85d282ed837b0894ed6f,R,reification-only,ok,38,518.1,500.5,533.3,517.3,16.4,1,3,300.0,10615,0.0,,,,,131.195921,"[518.079, 533.304, 500.531]","[0.0, 0.0, 0.0]",,[],,[],,[],r9.2-frozen-identity-v7,3aeb8b2fe6ba2370e1b46e735e87f93acb085a0a24ff36e4432c525b46b4b443,csv-binding-multiset-v1,38,a2c925af9ef2a238ec6ae6150b0ad75f28d8e8919fd8aefd2fdf19f70c96ebd7,,,,,,,,bcddd715026035ef7b31e63913d55e25b6270be6bc6037325c1f80ea1359de5d,cc83ef54f5df550fbc0e634feb927cbfa21477fdb7aed1a23c2d29a56c193542,8a607274f1b3d176dd6acfdc7381c25676b642e78d334a9664e45a2bdf3d52a0,8a988dc83f4082a4f27503ba2906dc6b8733b3c02be567635c726c67bbd48314,16162702ccec82b2a0e27063cd04bd756a27af1f003b4cef0da976d843ef4725,none,read-only,exploratory-base,exploratory-reified,2b9b44b25cd1c568cd57c6c5df25ae260b68229044617821fb33f542dab77648,ae66d4ca42b831aa94f050bbbfbb0f5f14bd256181e832c50cfe67318b5b52bf,2e884d94ace185d62b1b91debf493ccd0a69b83d08e74cf5f1c2be4851b14215,b38a65fc0c1a91e138f057f7b6c08d21c328463aceb40ffda53fc759f99d2f7a,bdd50c08a90e2fb713541b8a118df6250246a917edc41a6776aeafc90b472687,47f15b733a4b75ccbf1465427e17504a5ee7d135ae67ddb947abd59a5424760b,"pcm-meta-v2:{""protocol"":""r9.2-frozen-identity-v7"",""message"":"""",""cell_wall_ms"":3585.074,""answer_kind"":""csv-binding-multiset-v1"",""answer_key_count"":38,""answer_fingerprint"":""a2c925af9ef2a238ec6ae6150b0ad75f28d8e8919fd8aefd2fdf19f70c96ebd7"",""c_parse_samples"":[0.0,0.0,0.0],""c_protocol_samples"":[],""construct_total_samples"":[],""construct_unattributed_samples"":[],""status"":""ok"",""status_evidence"":null,""construction_requested"":null,""construction_effective"":null,""commit"":""0ed57212455326682a75871e0e8be71760b35282"",""batch_id"":""3aeb8b2fe6ba2370e1b46e735e87f93acb085a0a24ff36e4432c525b46b4b443"",""query_sha256"":""5ca90afb3951e0444bf3024c77058dedfd92664870dc85d282ed837b0894ed6f"",""engine"":""qlever"",""engine_version"":""QLever [engines.json profile]"",""scale"":""100M"",""base_endpoint_sha256"":""bcddd715026035ef7b31e63913d55e25b6270be6bc6037325c1f80ea1359de5d"",""reified_endpoint_sha256"":""cc83ef54f5df550fbc0e634feb927cbfa21477fdb7aed1a23c2d29a56c193542"",""update_endpoint_sha256"":""8a607274f1b3d176dd6acfdc7381c25676b642e78d334a9664e45a2bdf3d52a0"",""base_data_identity_sha256"":""8a988dc83f4082a4f27503ba2906dc6b8733b3c02be567635c726c67bbd48314"",""reified_data_identity_sha256"":""16162702ccec82b2a0e27063cd04bd756a27af1f003b4cef0da976d843ef4725"",""update_for"":""none"",""access_mode"":""read-only"",""base_data_name"":""exploratory-base"",""reified_data_name"":""exploratory-reified"",""update_canary_sha256"":""2b9b44b25cd1c568cd57c6c5df25ae260b68229044617821fb33f542dab77648"",""store_instance_sha256"":""ae66d4ca42b831aa94f050bbbfbb0f5f14bd256181e832c50cfe67318b5b52bf"",""store_discriminator_sha256"":""2e884d94ace185d62b1b91debf493ccd0a69b83d08e74cf5f1c2be4851b14215"",""tool_sha256"":""b38a65fc0c1a91e138f057f7b6c08d21c328463aceb40ffda53fc759f99d2f7a"",""java_runtime_sha256"":""bdd50c08a90e2fb713541b8a118df6250246a917edc41a6776aeafc90b472687"",""run_identity_sha256"":""47f15b733a4b75ccbf1465427e17504a5ee7d135ae67ddb947abd59a5424760b""}"
0ed57212455326682a75871e0e8be71760b35282,qlever,QLever [engines.json profile],100M,F,F5,00,5ca90afb3951e0444bf3024c77058dedfd92664870dc85d282ed837b0894ed6f,N,N_clean (NPCS reimplementation),ok,38,102.8,68.5,121.8,97.7,27.0,1,3,300.0,14348,0.0,,,,38,180.987964,"[102.791, 121.768, 68.458]","[0.0, 0.0, 0.0]",,[],,[],,[],r9.2-frozen-identity-v7,3aeb8b2fe6ba2370e1b46e735e87f93acb085a0a24ff36e4432c525b46b4b443,csv-candidate-multiset-v1,38,a2c925af9ef2a238ec6ae6150b0ad75f28d8e8919fd8aefd2fdf19f70c96ebd7,,,,,,,,bcddd715026035ef7b31e63913d55e25b6270be6bc6037325c1f80ea1359de5d,cc83ef54f5df550fbc0e634feb927cbfa21477fdb7aed1a23c2d29a56c193542,8a607274f1b3d176dd6acfdc7381c25676b642e78d334a9664e45a2bdf3d52a0,8a988dc83f4082a4f27503ba2906dc6b8733b3c02be567635c726c67bbd48314,16162702ccec82b2a0e27063cd04bd756a27af1f003b4cef0da976d843ef4725,none,read-only,exploratory-base,exploratory-reified,2b9b44b25cd1c568cd57c6c5df25ae260b68229044617821fb33f542dab77648,ae66d4ca42b831aa94f050bbbfbb0f5f14bd256181e832c50cfe67318b5b52bf,2e884d94ace185d62b1b91debf493ccd0a69b83d08e74cf5f1c2be4851b14215,b38a65fc0c1a91e138f057f7b6c08d21c328463aceb40ffda53fc759f99d2f7a,bdd50c08a90e2fb713541b8a118df6250246a917edc41a6776aeafc90b472687,47f15b733a4b75ccbf1465427e17504a5ee7d135ae67ddb947abd59a5424760b,"pcm-meta-v2:{""protocol"":""r9.2-frozen-identity-v7"",""message"":"""",""cell_wall_ms"":1484.97,""answer_kind"":""csv-candidate-multiset-v1"",""answer_key_count"":38,""answer_fingerprint"":""a2c925af9ef2a238ec6ae6150b0ad75f28d8e8919fd8aefd2fdf19f70c96ebd7"",""c_parse_samples"":[0.0,0.0,0.0],""c_protocol_samples"":[],""construct_total_samples"":[],""construct_unattributed_samples"":[],""status"":""ok"",""status_evidence"":null,""construction_requested"":null,""construction_effective"":null,""commit"":""0ed57212455326682a75871e0e8be71760b35282"",""batch_id"":""3aeb8b2fe6ba2370e1b46e735e87f93acb085a0a24ff36e4432c525b46b4b443"",""query_sha256"":""5ca90afb3951e0444bf3024c77058dedfd92664870dc85d282ed837b0894ed6f"",""engine"":""qlever"",""engine_version"":""QLever [engines.json profile]"",""scale"":""100M"",""base_endpoint_sha256"":""bcddd715026035ef7b31e63913d55e25b6270be6bc6037325c1f80ea1359de5d"",""reified_endpoint_sha256"":""cc83ef54f5df550fbc0e634feb927cbfa21477fdb7aed1a23c2d29a56c193542"",""update_endpoint_sha256"":""8a607274f1b3d176dd6acfdc7381c25676b642e78d334a9664e45a2bdf3d52a0"",""base_data_identity_sha256"":""8a988dc83f4082a4f27503ba2906dc6b8733b3c02be567635c726c67bbd48314"",""reified_data_identity_sha256"":""16162702ccec82b2a0e27063cd04bd756a27af1f003b4cef0da976d843ef4725"",""update_for"":""none"",""access_mode"":""read-only"",""base_data_name"":""exploratory-base"",""reified_data_name"":""exploratory-reified"",""update_canary_sha256"":""2b9b44b25cd1c568cd57c6c5df25ae260b68229044617821fb33f542dab77648"",""store_instance_sha256"":""ae66d4ca42b831aa94f050bbbfbb0f5f14bd256181e832c50cfe67318b5b52bf"",""store_discriminator_sha256"":""2e884d94ace185d62b1b91debf493ccd0a69b83d08e74cf5f1c2be4851b14215"",""tool_sha256"":""b38a65fc0c1a91e138f057f7b6c08d21c328463aceb40ffda53fc759f99d2f7a"",""java_runtime_sha256"":""bdd50c08a90e2fb713541b8a118df6250246a917edc41a6776aeafc90b472687"",""run_identity_sha256"":""47f15b733a4b75ccbf1465427e17504a5ee7d135ae67ddb947abd59a5424760b""}"
0ed57212455326682a75871e0e8be71760b35282,qlever,QLever [engines.json profile],100M,F,F5,00,5ca90afb3951e0444bf3024c77058dedfd92664870dc85d282ed837b0894ed6f,C,SPARQLcirc CircuitRewriter,ok,38,162.3,64.7,342.1,189.7,140.8,1,3,300.0,155167,12.4,76,266,38,,375.324253,"[64.652, 162.288, 342.131]","[12.97, 12.443, 12.45]",0.0,"[0.0, 0.0, 0.0]",174.8,"[77.72, 174.822, 354.685]",0.1,"[0.098, 0.09, 0.104]",r9.2-frozen-identity-v7,3aeb8b2fe6ba2370e1b46e735e87f93acb085a0a24ff36e4432c525b46b4b443,term-aware-candidate-set-v1,38,7d8c24360d885c4e1c89572b649f555f04203d0aa9d852f3f621c7f1d59afeb3,flat,flat,76dcaf1041b8189fd188bbb42838ce63c4aa9375729aca0a7db8164110c20852,,,,,bcddd715026035ef7b31e63913d55e25b6270be6bc6037325c1f80ea1359de5d,cc83ef54f5df550fbc0e634feb927cbfa21477fdb7aed1a23c2d29a56c193542,8a607274f1b3d176dd6acfdc7381c25676b642e78d334a9664e45a2bdf3d52a0,8a988dc83f4082a4f27503ba2906dc6b8733b3c02be567635c726c67bbd48314,16162702ccec82b2a0e27063cd04bd756a27af1f003b4cef0da976d843ef4725,none,read-only,exploratory-base,exploratory-reified,2b9b44b25cd1c568cd57c6c5df25ae260b68229044617821fb33f542dab77648,ae66d4ca42b831aa94f050bbbfbb0f5f14bd256181e832c50cfe67318b5b52bf,2e884d94ace185d62b1b91debf493ccd0a69b83d08e74cf5f1c2be4851b14215,b38a65fc0c1a91e138f057f7b6c08d21c328463aceb40ffda53fc759f99d2f7a,bdd50c08a90e2fb713541b8a118df6250246a917edc41a6776aeafc90b472687,47f15b733a4b75ccbf1465427e17504a5ee7d135ae67ddb947abd59a5424760b,"pcm-meta-v2:{""protocol"":""r9.2-frozen-identity-v7"",""message"":""C requested=flat effective=flat; steps=1 feedback=0; network includes CONSTRUCT, feedback INSERT, and cleanup DELETE"",""cell_wall_ms"":1343.209,""answer_kind"":""term-aware-candidate-set-v1"",""answer_key_count"":38,""answer_fingerprint"":""7d8c24360d885c4e1c89572b649f555f04203d0aa9d852f3f621c7f1d59afeb3"",""c_parse_samples"":[12.97,12.443,12.45],""c_protocol_samples"":[{""requested_mode"":""flat"",""effective_mode"":""flat"",""fallback_reason"":null,""plan_steps"":1,""feedback_steps"":0,""feedback_triples"":0,""construct_query_ms"":64.652,""feedback_update_ms"":0.0,""cleanup_ms"":0.0,""client_protocol_ms"":0.0,""network_scope"":""construct+feedback+cleanup"",""circuit_sha256"":""76dcaf1041b8189fd188bbb42838ce63c4aa9375729aca0a7db8164110c20852"",""answer_fingerprint"":""7d8c24360d885c4e1c89572b649f555f04203d0aa9d852f3f621c7f1d59afeb3"",""semantic_signature_sha256"":""f83123895b70b375c2c3b08f2b4f0da977e6aa900ce2ffa7240caefb2decedd4"",""structure_signature"":{""gates"":76,""edges"":266,""answers"":38,""derivations"":38,""canonical_bytes"":155167},""construct_total_ms"":77.72,""client_unattributed_ms"":0.098},{""requested_mode"":""flat"",""effective_mode"":""flat"",""fallback_reason"":null,""plan_steps"":1,""feedback_steps"":0,""feedback_triples"":0,""construct_query_ms"":162.288,""feedback_update_ms"":0.0,""cleanup_ms"":0.0,""client_protocol_ms"":0.0,""network_scope"":""construct+feedback+cleanup"",""circuit_sha256"":""76dcaf1041b8189fd188bbb42838ce63c4aa9375729aca0a7db8164110c20852"",""answer_fingerprint"":""7d8c24360d885c4e1c89572b649f555f04203d0aa9d852f3f621c7f1d59afeb3"",""semantic_signature_sha256"":""f83123895b70b375c2c3b08f2b4f0da977e6aa900ce2ffa7240caefb2decedd4"",""structure_signature"":{""gates"":76,""edges"":266,""answers"":38,""derivations"":38,""canonical_bytes"":155167},""construct_total_ms"":174.822,""client_unattributed_ms"":0.09},{""requested_mode"":""flat"",""effective_mode"":""flat"",""fallback_reason"":null,""plan_steps"":1,""feedback_steps"":0,""feedback_triples"":0,""construct_query_ms"":342.131,""feedback_update_ms"":0.0,""cleanup_ms"":0.0,""client_protocol_ms"":0.0,""network_scope"":""construct+feedback+cleanup"",""circuit_sha256"":""76dcaf1041b8189fd188bbb42838ce63c4aa9375729aca0a7db8164110c20852"",""answer_fingerprint"":""7d8c24360d885c4e1c89572b649f555f04203d0aa9d852f3f621c7f1d59afeb3"",""semantic_signature_sha256"":""f83123895b70b375c2c3b08f2b4f0da977e6aa900ce2ffa7240caefb2decedd4"",""structure_signature"":{""gates"":76,""edges"":266,""answers"":38,""derivations"":38,""canonical_bytes"":155167},""construct_total_ms"":354.685,""client_unattributed_ms"":0.104}],""construct_total_samples"":[77.72,174.822,354.685],""construct_unattributed_samples"":[0.098,0.09,0.104],""status"":""ok"",""status_evidence"":null,""c_warmup_signatures"":[""f83123895b70b375c2c3b08f2b4f0da977e6aa900ce2ffa7240caefb2decedd4""],""measured_semantic_signature_sha256"":""f83123895b70b375c2c3b08f2b4f0da977e6aa900ce2ffa7240caefb2decedd4"",""measured_repetitions_consistent"":true,""construction_requested"":""flat"",""construction_effective"":""flat"",""commit"":""0ed57212455326682a75871e0e8be71760b35282"",""batch_id"":""3aeb8b2fe6ba2370e1b46e735e87f93acb085a0a24ff36e4432c525b46b4b443"",""query_sha256"":""5ca90afb3951e0444bf3024c77058dedfd92664870dc85d282ed837b0894ed6f"",""engine"":""qlever"",""engine_version"":""QLever [engines.json profile]"",""scale"":""100M"",""base_endpoint_sha256"":""bcddd715026035ef7b31e63913d55e25b6270be6bc6037325c1f80ea1359de5d"",""reified_endpoint_sha256"":""cc83ef54f5df550fbc0e634feb927cbfa21477fdb7aed1a23c2d29a56c193542"",""update_endpoint_sha256"":""8a607274f1b3d176dd6acfdc7381c25676b642e78d334a9664e45a2bdf3d52a0"",""base_data_identity_sha256"":""8a988dc83f4082a4f27503ba2906dc6b8733b3c02be567635c726c67bbd48314"",""reified_data_identity_sha256"":""16162702ccec82b2a0e27063cd04bd756a27af1f003b4cef0da976d843ef4725"",""update_for"":""none"",""access_mode"":""read-only"",""base_data_name"":""exploratory-base"",""reified_data_name"":""exploratory-reified"",""update_canary_sha256"":""2b9b44b25cd1c568cd57c6c5df25ae260b68229044617821fb33f542dab77648"",""store_instance_sha256"":""ae66d4ca42b831aa94f050bbbfbb0f5f14bd256181e832c50cfe67318b5b52bf"",""store_discriminator_sha256"":""2e884d94ace185d62b1b91debf493ccd0a69b83d08e74cf5f1c2be4851b14215"",""tool_sha256"":""b38a65fc0c1a91e138f057f7b6c08d21c328463aceb40ffda53fc759f99d2f7a"",""java_runtime_sha256"":""bdd50c08a90e2fb713541b8a118df6250246a917edc41a6776aeafc90b472687"",""run_identity_sha256"":""47f15b733a4b75ccbf1465427e17504a5ee7d135ae67ddb947abd59a5424760b""}"
0ed57212455326682a75871e0e8be71760b35282,qlever,QLever [engines.json profile],100M,O,O1,00,0f31130653f6c7f7dad353eb0c056676430f43d831aa1c986bb0e5cfe3f2b72c,B,base-select,ok,7,1.3,1.3,1.6,1.4,0.2,1,3,300.0,679,0.0,,,,,0.00635,"[1.55, 1.287, 1.273]","[0.0, 0.0, 0.0]",,[],,[],,[],r9.2-frozen-identity-v7,3ed0b6107d27b22c52a2e1626c9aeef5fe0a6d326b8a4cd65114686fa3de86bf,csv-binding-multiset-v1,7,84589d97d01072013f5b2284e4d46de3556ec802c4619a23b16e0d265f377cc7,,,,,,,,bcddd715026035ef7b31e63913d55e25b6270be6bc6037325c1f80ea1359de5d,cc83ef54f5df550fbc0e634feb927cbfa21477fdb7aed1a23c2d29a56c193542,8a607274f1b3d176dd6acfdc7381c25676b642e78d334a9664e45a2bdf3d52a0,8a988dc83f4082a4f27503ba2906dc6b8733b3c02be567635c726c67bbd48314,16162702ccec82b2a0e27063cd04bd756a27af1f003b4cef0da976d843ef4725,none,read-only,exploratory-base,exploratory-reified,2b9b44b25cd1c568cd57c6c5df25ae260b68229044617821fb33f542dab77648,ae66d4ca42b831aa94f050bbbfbb0f5f14bd256181e832c50cfe67318b5b52bf,2e884d94ace185d62b1b91debf493ccd0a69b83d08e74cf5f1c2be4851b14215,b38a65fc0c1a91e138f057f7b6c08d21c328463aceb40ffda53fc759f99d2f7a,bdd50c08a90e2fb713541b8a118df6250246a917edc41a6776aeafc90b472687,9d6e02d76426be8fde94aa60f5b0938ef4f4d3e053b0f4df351d9a53145d1b23,"pcm-meta-v2:{""protocol"":""r9.2-frozen-identity-v7"",""message"":"""",""cell_wall_ms"":17.25,""answer_kind"":""csv-binding-multiset-v1"",""answer_key_count"":7,""answer_fingerprint"":""84589d97d01072013f5b2284e4d46de3556ec802c4619a23b16e0d265f377cc7"",""c_parse_samples"":[0.0,0.0,0.0],""c_protocol_samples"":[],""construct_total_samples"":[],""construct_unattributed_samples"":[],""status"":""ok"",""status_evidence"":null,""construction_requested"":null,""construction_effective"":null,""commit"":""0ed57212455326682a75871e0e8be71760b35282"",""batch_id"":""3ed0b6107d27b22c52a2e1626c9aeef5fe0a6d326b8a4cd65114686fa3de86bf"",""query_sha256"":""0f31130653f6c7f7dad353eb0c056676430f43d831aa1c986bb0e5cfe3f2b72c"",""engine"":""qlever"",""engine_version"":""QLever [engines.json profile]"",""scale"":""100M"",""base_endpoint_sha256"":""bcddd715026035ef7b31e63913d55e25b6270be6bc6037325c1f80ea1359de5d"",""reified_endpoint_sha256"":""cc83ef54f5df550fbc0e634feb927cbfa21477fdb7aed1a23c2d29a56c193542"",""update_endpoint_sha256"":""8a607274f1b3d176dd6acfdc7381c25676b642e78d334a9664e45a2bdf3d52a0"",""base_data_identity_sha256"":""8a988dc83f4082a4f27503ba2906dc6b8733b3c02be567635c726c67bbd48314"",""reified_data_identity_sha256"":""16162702ccec82b2a0e27063cd04bd756a27af1f003b4cef0da976d843ef4725"",""update_for"":""none"",""access_mode"":""read-only"",""base_data_name"":""exploratory-base"",""reified_data_name"":""exploratory-reified"",""update_canary_sha256"":""2b9b44b25cd1c568cd57c6c5df25ae260b68229044617821fb33f542dab77648"",""store_instance_sha256"":""ae66d4ca42b831aa94f050bbbfbb0f5f14bd256181e832c50cfe67318b5b52bf"",""store_discriminator_sha256"":""2e884d94ace185d62b1b91debf493ccd0a69b83d08e74cf5f1c2be4851b14215"",""tool_sha256"":""b38a65fc0c1a91e138f057f7b6c08d21c328463aceb40ffda53fc759f99d2f7a"",""java_runtime_sha256"":""bdd50c08a90e2fb713541b8a118df6250246a917edc41a6776aeafc90b472687"",""run_identity_sha256"":""9d6e02d76426be8fde94aa60f5b0938ef4f4d3e053b0f4df351d9a53145d1b23""}"
0ed57212455326682a75871e0e8be71760b35282,qlever,QLever [engines.json profile],100M,O,O1,00,0f31130653f6c7f7dad353eb0c056676430f43d831aa1c986bb0e5cfe3f2b72c,R,reification-only,ok,7,3.4,3.3,4.1,3.6,0.5,1,3,300.0,679,0.0,,,,,129.507185,"[4.149, 3.313, 3.35]","[0.0, 0.0, 0.0]",,[],,[],,[],r9.2-frozen-identity-v7,3ed0b6107d27b22c52a2e1626c9aeef5fe0a6d326b8a4cd65114686fa3de86bf,csv-binding-multiset-v1,7,84589d97d01072013f5b2284e4d46de3556ec802c4619a23b16e0d265f377cc7,,,,,,,,bcddd715026035ef7b31e63913d55e25b6270be6bc6037325c1f80ea1359de5d,cc83ef54f5df550fbc0e634feb927cbfa21477fdb7aed1a23c2d29a56c193542,8a607274f1b3d176dd6acfdc7381c25676b642e78d334a9664e45a2bdf3d52a0,8a988dc83f4082a4f27503ba2906dc6b8733b3c02be567635c726c67bbd48314,16162702ccec82b2a0e27063cd04bd756a27af1f003b4cef0da976d843ef4725,none,read-only,exploratory-base,exploratory-reified,2b9b44b25cd1c568cd57c6c5df25ae260b68229044617821fb33f542dab77648,ae66d4ca42b831aa94f050bbbfbb0f5f14bd256181e832c50cfe67318b5b52bf,2e884d94ace185d62b1b91debf493ccd0a69b83d08e74cf5f1c2be4851b14215,b38a65fc0c1a91e138f057f7b6c08d21c328463aceb40ffda53fc759f99d2f7a,bdd50c08a90e2fb713541b8a118df6250246a917edc41a6776aeafc90b472687,9d6e02d76426be8fde94aa60f5b0938ef4f4d3e053b0f4df351d9a53145d1b23,"pcm-meta-v2:{""protocol"":""r9.2-frozen-identity-v7"",""message"":"""",""cell_wall_ms"":609.306,""answer_kind"":""csv-binding-multiset-v1"",""answer_key_count"":7,""answer_fingerprint"":""84589d97d01072013f5b2284e4d46de3556ec802c4619a23b16e0d265f377cc7"",""c_parse_samples"":[0.0,0.0,0.0],""c_protocol_samples"":[],""construct_total_samples"":[],""construct_unattributed_samples"":[],""status"":""ok"",""status_evidence"":null,""construction_requested"":null,""construction_effective"":null,""commit"":""0ed57212455326682a75871e0e8be71760b35282"",""batch_id"":""3ed0b6107d27b22c52a2e1626c9aeef5fe0a6d326b8a4cd65114686fa3de86bf"",""query_sha256"":""0f31130653f6c7f7dad353eb0c056676430f43d831aa1c986bb0e5cfe3f2b72c"",""engine"":""qlever"",""engine_version"":""QLever [engines.json profile]"",""scale"":""100M"",""base_endpoint_sha256"":""bcddd715026035ef7b31e63913d55e25b6270be6bc6037325c1f80ea1359de5d"",""reified_endpoint_sha256"":""cc83ef54f5df550fbc0e634feb927cbfa21477fdb7aed1a23c2d29a56c193542"",""update_endpoint_sha256"":""8a607274f1b3d176dd6acfdc7381c25676b642e78d334a9664e45a2bdf3d52a0"",""base_data_identity_sha256"":""8a988dc83f4082a4f27503ba2906dc6b8733b3c02be567635c726c67bbd48314"",""reified_data_identity_sha256"":""16162702ccec82b2a0e27063cd04bd756a27af1f003b4cef0da976d843ef4725"",""update_for"":""none"",""access_mode"":""read-only"",""base_data_name"":""exploratory-base"",""reified_data_name"":""exploratory-reified"",""update_canary_sha256"":""2b9b44b25cd1c568cd57c6c5df25ae260b68229044617821fb33f542dab77648"",""store_instance_sha256"":""ae66d4ca42b831aa94f050bbbfbb0f5f14bd256181e832c50cfe67318b5b52bf"",""store_discriminator_sha256"":""2e884d94ace185d62b1b91debf493ccd0a69b83d08e74cf5f1c2be4851b14215"",""tool_sha256"":""b38a65fc0c1a91e138f057f7b6c08d21c328463aceb40ffda53fc759f99d2f7a"",""java_runtime_sha256"":""bdd50c08a90e2fb713541b8a118df6250246a917edc41a6776aeafc90b472687"",""run_identity_sha256"":""9d6e02d76426be8fde94aa60f5b0938ef4f4d3e053b0f4df351d9a53145d1b23""}"
0ed57212455326682a75871e0e8be71760b35282,qlever,QLever [engines.json profile],100M,O,O1,00,0f31130653f6c7f7dad353eb0c056676430f43d831aa1c986bb0e5cfe3f2b72c,N,N_clean (NPCS reimplementation),ok,7,17.8,17.6,20.1,18.5,1.3,1,3,300.0,710,0.0,,,,0,180.490307,"[20.054, 17.827, 17.63]","[0.0, 0.0, 0.0]",,[],,[],,[],r9.2-frozen-identity-v7,3ed0b6107d27b22c52a2e1626c9aeef5fe0a6d326b8a4cd65114686fa3de86bf,csv-candidate-multiset-v1,7,84589d97d01072013f5b2284e4d46de3556ec802c4619a23b16e0d265f377cc7,,,,,,,,bcddd715026035ef7b31e63913d55e25b6270be6bc6037325c1f80ea1359de5d,cc83ef54f5df550fbc0e634feb927cbfa21477fdb7aed1a23c2d29a56c193542,8a607274f1b3d176dd6acfdc7381c25676b642e78d334a9664e45a2bdf3d52a0,8a988dc83f4082a4f27503ba2906dc6b8733b3c02be567635c726c67bbd48314,16162702ccec82b2a0e27063cd04bd756a27af1f003b4cef0da976d843ef4725,none,read-only,exploratory-base,exploratory-reified,2b9b44b25cd1c568cd57c6c5df25ae260b68229044617821fb33f542dab77648,ae66d4ca42b831aa94f050bbbfbb0f5f14bd256181e832c50cfe67318b5b52bf,2e884d94ace185d62b1b91debf493ccd0a69b83d08e74cf5f1c2be4851b14215,b38a65fc0c1a91e138f057f7b6c08d21c328463aceb40ffda53fc759f99d2f7a,bdd50c08a90e2fb713541b8a118df6250246a917edc41a6776aeafc90b472687,9d6e02d76426be8fde94aa60f5b0938ef4f4d3e053b0f4df351d9a53145d1b23,"pcm-meta-v2:{""protocol"":""r9.2-frozen-identity-v7"",""message"":"""",""cell_wall_ms"":1471.129,""answer_kind"":""csv-candidate-multiset-v1"",""answer_key_count"":7,""answer_fingerprint"":""84589d97d01072013f5b2284e4d46de3556ec802c4619a23b16e0d265f377cc7"",""c_parse_samples"":[0.0,0.0,0.0],""c_protocol_samples"":[],""construct_total_samples"":[],""construct_unattributed_samples"":[],""status"":""ok"",""status_evidence"":null,""construction_requested"":null,""construction_effective"":null,""commit"":""0ed57212455326682a75871e0e8be71760b35282"",""batch_id"":""3ed0b6107d27b22c52a2e1626c9aeef5fe0a6d326b8a4cd65114686fa3de86bf"",""query_sha256"":""0f31130653f6c7f7dad353eb0c056676430f43d831aa1c986bb0e5cfe3f2b72c"",""engine"":""qlever"",""engine_version"":""QLever [engines.json profile]"",""scale"":""100M"",""base_endpoint_sha256"":""bcddd715026035ef7b31e63913d55e25b6270be6bc6037325c1f80ea1359de5d"",""reified_endpoint_sha256"":""cc83ef54f5df550fbc0e634feb927cbfa21477fdb7aed1a23c2d29a56c193542"",""update_endpoint_sha256"":""8a607274f1b3d176dd6acfdc7381c25676b642e78d334a9664e45a2bdf3d52a0"",""base_data_identity_sha256"":""8a988dc83f4082a4f27503ba2906dc6b8733b3c02be567635c726c67bbd48314"",""reified_data_identity_sha256"":""16162702ccec82b2a0e27063cd04bd756a27af1f003b4cef0da976d843ef4725"",""update_for"":""none"",""access_mode"":""read-only"",""base_data_name"":""exploratory-base"",""reified_data_name"":""exploratory-reified"",""update_canary_sha256"":""2b9b44b25cd1c568cd57c6c5df25ae260b68229044617821fb33f542dab77648"",""store_instance_sha256"":""ae66d4ca42b831aa94f050bbbfbb0f5f14bd256181e832c50cfe67318b5b52bf"",""store_discriminator_sha256"":""2e884d94ace185d62b1b91debf493ccd0a69b83d08e74cf5f1c2be4851b14215"",""tool_sha256"":""b38a65fc0c1a91e138f057f7b6c08d21c328463aceb40ffda53fc759f99d2f7a"",""java_runtime_sha256"":""bdd50c08a90e2fb713541b8a118df6250246a917edc41a6776aeafc90b472687"",""run_identity_sha256"":""9d6e02d76426be8fde94aa60f5b0938ef4f4d3e053b0f4df351d9a53145d1b23""}"
0ed57212455326682a75871e0e8be71760b35282,qlever,QLever [engines.json profile],100M,O,O1,00,0f31130653f6c7f7dad353eb0c056676430f43d831aa1c986bb0e5cfe3f2b72c,C,SPARQLcirc CircuitRewriter,ok,7,302.3,300.4,302.7,301.8,1.2,1,3,300.0,14544896,1416.1,50355,50348,25167,,381.811503,"[302.305, 300.433, 302.696]","[1416.06, 1400.723, 1422.07]",0.0,"[0.0, 0.0, 0.0]",1730.5,"[1730.486, 1713.051, 1737.127]",12.1,"[12.121, 11.895, 12.361]",r9.2-frozen-identity-v7,3ed0b6107d27b22c52a2e1626c9aeef5fe0a6d326b8a4cd65114686fa3de86bf,term-aware-candidate-set-v1,7,9222998cbd3c7d639df46729e26c8825e75f6b377a905062ed78071e3d80be85,flat,flat,a481560c950267b4ca0a5758aad9808475874f46fbbdaf16bf5160e8eff8720b,,,,,bcddd715026035ef7b31e63913d55e25b6270be6bc6037325c1f80ea1359de5d,cc83ef54f5df550fbc0e634feb927cbfa21477fdb7aed1a23c2d29a56c193542,8a607274f1b3d176dd6acfdc7381c25676b642e78d334a9664e45a2bdf3d52a0,8a988dc83f4082a4f27503ba2906dc6b8733b3c02be567635c726c67bbd48314,16162702ccec82b2a0e27063cd04bd756a27af1f003b4cef0da976d843ef4725,none,read-only,exploratory-base,exploratory-reified,2b9b44b25cd1c568cd57c6c5df25ae260b68229044617821fb33f542dab77648,ae66d4ca42b831aa94f050bbbfbb0f5f14bd256181e832c50cfe67318b5b52bf,2e884d94ace185d62b1b91debf493ccd0a69b83d08e74cf5f1c2be4851b14215,b38a65fc0c1a91e138f057f7b6c08d21c328463aceb40ffda53fc759f99d2f7a,bdd50c08a90e2fb713541b8a118df6250246a917edc41a6776aeafc90b472687,9d6e02d76426be8fde94aa60f5b0938ef4f4d3e053b0f4df351d9a53145d1b23,"pcm-meta-v2:{""protocol"":""r9.2-frozen-identity-v7"",""message"":""C requested=flat effective=flat; steps=5 feedback=0; network includes CONSTRUCT, feedback INSERT, and cleanup DELETE"",""cell_wall_ms"":11092.308,""answer_kind"":""term-aware-candidate-set-v1"",""answer_key_count"":7,""answer_fingerprint"":""9222998cbd3c7d639df46729e26c8825e75f6b377a905062ed78071e3d80be85"",""c_parse_samples"":[1416.06,1400.723,1422.07],""c_protocol_samples"":[{""requested_mode"":""flat"",""effective_mode"":""flat"",""fallback_reason"":null,""plan_steps"":5,""feedback_steps"":0,""feedback_triples"":0,""construct_query_ms"":302.305,""feedback_update_ms"":0.0,""cleanup_ms"":0.0,""client_protocol_ms"":0.0,""network_scope"":""construct+feedback+cleanup"",""circuit_sha256"":""a481560c950267b4ca0a5758aad9808475874f46fbbdaf16bf5160e8eff8720b"",""answer_fingerprint"":""9222998cbd3c7d639df46729e26c8825e75f6b377a905062ed78071e3d80be85"",""semantic_signature_sha256"":""ea204b504063e2e7023775868eacb551a18b324773f3aca55b74a2ef029ebac0"",""structure_signature"":{""gates"":50355,""edges"":50348,""answers"":7,""derivations"":25167,""canonical_bytes"":14544896},""construct_total_ms"":1730.486,""client_unattributed_ms"":12.121},{""requested_mode"":""flat"",""effective_mode"":""flat"",""fallback_reason"":null,""plan_steps"":5,""feedback_steps"":0,""feedback_triples"":0,""construct_query_ms"":300.433,""feedback_update_ms"":0.0,""cleanup_ms"":0.0,""client_protocol_ms"":0.0,""network_scope"":""construct+feedback+cleanup"",""circuit_sha256"":""a481560c950267b4ca0a5758aad9808475874f46fbbdaf16bf5160e8eff8720b"",""answer_fingerprint"":""9222998cbd3c7d639df46729e26c8825e75f6b377a905062ed78071e3d80be85"",""semantic_signature_sha256"":""ea204b504063e2e7023775868eacb551a18b324773f3aca55b74a2ef029ebac0"",""structure_signature"":{""gates"":50355,""edges"":50348,""answers"":7,""derivations"":25167,""canonical_bytes"":14544896},""construct_total_ms"":1713.051,""client_unattributed_ms"":11.895},{""requested_mode"":""flat"",""effective_mode"":""flat"",""fallback_reason"":null,""plan_steps"":5,""feedback_steps"":0,""feedback_triples"":0,""construct_query_ms"":302.696,""feedback_update_ms"":0.0,""cleanup_ms"":0.0,""client_protocol_ms"":0.0,""network_scope"":""construct+feedback+cleanup"",""circuit_sha256"":""a481560c950267b4ca0a5758aad9808475874f46fbbdaf16bf5160e8eff8720b"",""answer_fingerprint"":""9222998cbd3c7d639df46729e26c8825e75f6b377a905062ed78071e3d80be85"",""semantic_signature_sha256"":""ea204b504063e2e7023775868eacb551a18b324773f3aca55b74a2ef029ebac0"",""structure_signature"":{""gates"":50355,""edges"":50348,""answers"":7,""derivations"":25167,""canonical_bytes"":14544896},""construct_total_ms"":1737.127,""client_unattributed_ms"":12.361}],""construct_total_samples"":[1730.486,1713.051,1737.127],""construct_unattributed_samples"":[12.121,11.895,12.361],""status"":""ok"",""status_evidence"":null,""c_warmup_signatures"":[""ea204b504063e2e7023775868eacb551a18b324773f3aca55b74a2ef029ebac0""],""measured_semantic_signature_sha256"":""ea204b504063e2e7023775868eacb551a18b324773f3aca55b74a2ef029ebac0"",""measured_repetitions_consistent"":true,""construction_requested"":""flat"",""construction_effective"":""flat"",""commit"":""0ed57212455326682a75871e0e8be71760b35282"",""batch_id"":""3ed0b6107d27b22c52a2e1626c9aeef5fe0a6d326b8a4cd65114686fa3de86bf"",""query_sha256"":""0f31130653f6c7f7dad353eb0c056676430f43d831aa1c986bb0e5cfe3f2b72c"",""engine"":""qlever"",""engine_version"":""QLever [engines.json profile]"",""scale"":""100M"",""base_endpoint_sha256"":""bcddd715026035ef7b31e63913d55e25b6270be6bc6037325c1f80ea1359de5d"",""reified_endpoint_sha256"":""cc83ef54f5df550fbc0e634feb927cbfa21477fdb7aed1a23c2d29a56c193542"",""update_endpoint_sha256"":""8a607274f1b3d176dd6acfdc7381c25676b642e78d334a9664e45a2bdf3d52a0"",""base_data_identity_sha256"":""8a988dc83f4082a4f27503ba2906dc6b8733b3c02be567635c726c67bbd48314"",""reified_data_identity_sha256"":""16162702ccec82b2a0e27063cd04bd756a27af1f003b4cef0da976d843ef4725"",""update_for"":""none"",""access_mode"":""read-only"",""base_data_name"":""exploratory-base"",""reified_data_name"":""exploratory-reified"",""update_canary_sha256"":""2b9b44b25cd1c568cd57c6c5df25ae260b68229044617821fb33f542dab77648"",""store_instance_sha256"":""ae66d4ca42b831aa94f050bbbfbb0f5f14bd256181e832c50cfe67318b5b52bf"",""store_discriminator_sha256"":""2e884d94ace185d62b1b91debf493ccd0a69b83d08e74cf5f1c2be4851b14215"",""tool_sha256"":""b38a65fc0c1a91e138f057f7b6c08d21c328463aceb40ffda53fc759f99d2f7a"",""java_runtime_sha256"":""bdd50c08a90e2fb713541b8a118df6250246a917edc41a6776aeafc90b472687"",""run_identity_sha256"":""9d6e02d76426be8fde94aa60f5b0938ef4f4d3e053b0f4df351d9a53145d1b23""}"
0ed57212455326682a75871e0e8be71760b35282,qlever,QLever [engines.json profile],100M,O,O2,00,e2353d138cc41a9c8013909b8e8b380cf7ba04e2544b8ca784e13ce0c7009eb6,B,base-select,ok,18,1.1,1.0,1.3,1.1,0.1,1,3,300.0,1194,0.0,,,,,0.00695,"[1.261, 1.036, 1.065]","[0.0, 0.0, 0.0]",,[],,[],,[],r9.2-frozen-identity-v7,3ed0b6107d27b22c52a2e1626c9aeef5fe0a6d326b8a4cd65114686fa3de86bf,csv-binding-multiset-v1,18,2629685ca00c93979e7b23970f12f8ac86f999dac6e93c089b7ee9fb433876d6,,,,,,,,bcddd715026035ef7b31e63913d55e25b6270be6bc6037325c1f80ea1359de5d,cc83ef54f5df550fbc0e634feb927cbfa21477fdb7aed1a23c2d29a56c193542,8a607274f1b3d176dd6acfdc7381c25676b642e78d334a9664e45a2bdf3d52a0,8a988dc83f4082a4f27503ba2906dc6b8733b3c02be567635c726c67bbd48314,16162702ccec82b2a0e27063cd04bd756a27af1f003b4cef0da976d843ef4725,none,read-only,exploratory-base,exploratory-reified,2b9b44b25cd1c568cd57c6c5df25ae260b68229044617821fb33f542dab77648,ae66d4ca42b831aa94f050bbbfbb0f5f14bd256181e832c50cfe67318b5b52bf,2e884d94ace185d62b1b91debf493ccd0a69b83d08e74cf5f1c2be4851b14215,b38a65fc0c1a91e138f057f7b6c08d21c328463aceb40ffda53fc759f99d2f7a,bdd50c08a90e2fb713541b8a118df6250246a917edc41a6776aeafc90b472687,d58354c36c482ec81b56d70c2cdaa4c643371c97d27c69aa6e53a54448d2dfe7,"pcm-meta-v2:{""protocol"":""r9.2-frozen-identity-v7"",""message"":"""",""cell_wall_ms"":21.095,""answer_kind"":""csv-binding-multiset-v1"",""answer_key_count"":18,""answer_fingerprint"":""2629685ca00c93979e7b23970f12f8ac86f999dac6e93c089b7ee9fb433876d6"",""c_parse_samples"":[0.0,0.0,0.0],""c_protocol_samples"":[],""construct_total_samples"":[],""construct_unattributed_samples"":[],""status"":""ok"",""status_evidence"":null,""construction_requested"":null,""construction_effective"":null,""commit"":""0ed57212455326682a75871e0e8be71760b35282"",""batch_id"":""3ed0b6107d27b22c52a2e1626c9aeef5fe0a6d326b8a4cd65114686fa3de86bf"",""query_sha256"":""e2353d138cc41a9c8013909b8e8b380cf7ba04e2544b8ca784e13ce0c7009eb6"",""engine"":""qlever"",""engine_version"":""QLever [engines.json profile]"",""scale"":""100M"",""base_endpoint_sha256"":""bcddd715026035ef7b31e63913d55e25b6270be6bc6037325c1f80ea1359de5d"",""reified_endpoint_sha256"":""cc83ef54f5df550fbc0e634feb927cbfa21477fdb7aed1a23c2d29a56c193542"",""update_endpoint_sha256"":""8a607274f1b3d176dd6acfdc7381c25676b642e78d334a9664e45a2bdf3d52a0"",""base_data_identity_sha256"":""8a988dc83f4082a4f27503ba2906dc6b8733b3c02be567635c726c67bbd48314"",""reified_data_identity_sha256"":""16162702ccec82b2a0e27063cd04bd756a27af1f003b4cef0da976d843ef4725"",""update_for"":""none"",""access_mode"":""read-only"",""base_data_name"":""exploratory-base"",""reified_data_name"":""exploratory-reified"",""update_canary_sha256"":""2b9b44b25cd1c568cd57c6c5df25ae260b68229044617821fb33f542dab77648"",""store_instance_sha256"":""ae66d4ca42b831aa94f050bbbfbb0f5f14bd256181e832c50cfe67318b5b52bf"",""store_discriminator_sha256"":""2e884d94ace185d62b1b91debf493ccd0a69b83d08e74cf5f1c2be4851b14215"",""tool_sha256"":""b38a65fc0c1a91e138f057f7b6c08d21c328463aceb40ffda53fc759f99d2f7a"",""java_runtime_sha256"":""bdd50c08a90e2fb713541b8a118df6250246a917edc41a6776aeafc90b472687"",""run_identity_sha256"":""d58354c36c482ec81b56d70c2cdaa4c643371c97d27c69aa6e53a54448d2dfe7""}"
0ed57212455326682a75871e0e8be71760b35282,qlever,QLever [engines.json profile],100M,O,O2,00,e2353d138cc41a9c8013909b8e8b380cf7ba04e2544b8ca784e13ce0c7009eb6,R,reification-only,ok,18,2.4,2.2,3.2,2.6,0.5,1,3,300.0,1194,0.0,,,,,140.578295,"[3.204, 2.408, 2.231]","[0.0, 0.0, 0.0]",,[],,[],,[],r9.2-frozen-identity-v7,3ed0b6107d27b22c52a2e1626c9aeef5fe0a6d326b8a4cd65114686fa3de86bf,csv-binding-multiset-v1,18,2629685ca00c93979e7b23970f12f8ac86f999dac6e93c089b7ee9fb433876d6,,,,,,,,bcddd715026035ef7b31e63913d55e25b6270be6bc6037325c1f80ea1359de5d,cc83ef54f5df550fbc0e634feb927cbfa21477fdb7aed1a23c2d29a56c193542,8a607274f1b3d176dd6acfdc7381c25676b642e78d334a9664e45a2bdf3d52a0,8a988dc83f4082a4f27503ba2906dc6b8733b3c02be567635c726c67bbd48314,16162702ccec82b2a0e27063cd04bd756a27af1f003b4cef0da976d843ef4725,none,read-only,exploratory-base,exploratory-reified,2b9b44b25cd1c568cd57c6c5df25ae260b68229044617821fb33f542dab77648,ae66d4ca42b831aa94f050bbbfbb0f5f14bd256181e832c50cfe67318b5b52bf,2e884d94ace185d62b1b91debf493ccd0a69b83d08e74cf5f1c2be4851b14215,b38a65fc0c1a91e138f057f7b6c08d21c328463aceb40ffda53fc759f99d2f7a,bdd50c08a90e2fb713541b8a118df6250246a917edc41a6776aeafc90b472687,d58354c36c482ec81b56d70c2cdaa4c643371c97d27c69aa6e53a54448d2dfe7,"pcm-meta-v2:{""protocol"":""r9.2-frozen-identity-v7"",""message"":"""",""cell_wall_ms"":1047.83,""answer_kind"":""csv-binding-multiset-v1"",""answer_key_count"":18,""answer_fingerprint"":""2629685ca00c93979e7b23970f12f8ac86f999dac6e93c089b7ee9fb433876d6"",""c_parse_samples"":[0.0,0.0,0.0],""c_protocol_samples"":[],""construct_total_samples"":[],""construct_unattributed_samples"":[],""status"":""ok"",""status_evidence"":null,""construction_requested"":null,""construction_effective"":null,""commit"":""0ed57212455326682a75871e0e8be71760b35282"",""batch_id"":""3ed0b6107d27b22c52a2e1626c9aeef5fe0a6d326b8a4cd65114686fa3de86bf"",""query_sha256"":""e2353d138cc41a9c8013909b8e8b380cf7ba04e2544b8ca784e13ce0c7009eb6"",""engine"":""qlever"",""engine_version"":""QLever [engines.json profile]"",""scale"":""100M"",""base_endpoint_sha256"":""bcddd715026035ef7b31e63913d55e25b6270be6bc6037325c1f80ea1359de5d"",""reified_endpoint_sha256"":""cc83ef54f5df550fbc0e634feb927cbfa21477fdb7aed1a23c2d29a56c193542"",""update_endpoint_sha256"":""8a607274f1b3d176dd6acfdc7381c25676b642e78d334a9664e45a2bdf3d52a0"",""base_data_identity_sha256"":""8a988dc83f4082a4f27503ba2906dc6b8733b3c02be567635c726c67bbd48314"",""reified_data_identity_sha256"":""16162702ccec82b2a0e27063cd04bd756a27af1f003b4cef0da976d843ef4725"",""update_for"":""none"",""access_mode"":""read-only"",""base_data_name"":""exploratory-base"",""reified_data_name"":""exploratory-reified"",""update_canary_sha256"":""2b9b44b25cd1c568cd57c6c5df25ae260b68229044617821fb33f542dab77648"",""store_instance_sha256"":""ae66d4ca42b831aa94f050bbbfbb0f5f14bd256181e832c50cfe67318b5b52bf"",""store_discriminator_sha256"":""2e884d94ace185d62b1b91debf493ccd0a69b83d08e74cf5f1c2be4851b14215"",""tool_sha256"":""b38a65fc0c1a91e138f057f7b6c08d21c328463aceb40ffda53fc759f99d2f7a"",""java_runtime_sha256"":""bdd50c08a90e2fb713541b8a118df6250246a917edc41a6776aeafc90b472687"",""run_identity_sha256"":""d58354c36c482ec81b56d70c2cdaa4c643371c97d27c69aa6e53a54448d2dfe7""}"
0ed57212455326682a75871e0e8be71760b35282,qlever,QLever [engines.json profile],100M,O,O2,00,e2353d138cc41a9c8013909b8e8b380cf7ba04e2544b8ca784e13ce0c7009eb6,N,N_clean (NPCS reimplementation),ok,21,6.3,5.9,10.4,7.5,2.5,1,3,300.0,2003,0.0,,,,17,185.635496,"[10.421, 6.26, 5.893]","[0.0, 0.0, 0.0]",,[],,[],,[],r9.2-frozen-identity-v7,3ed0b6107d27b22c52a2e1626c9aeef5fe0a6d326b8a4cd65114686fa3de86bf,csv-candidate-multiset-v1,21,2db12e16d7498a37ce319e8e25b79a63bd144c4f4031dda6327e6a75af74f23f,,,,,,,,bcddd715026035ef7b31e63913d55e25b6270be6bc6037325c1f80ea1359de5d,cc83ef54f5df550fbc0e634feb927cbfa21477fdb7aed1a23c2d29a56c193542,8a607274f1b3d176dd6acfdc7381c25676b642e78d334a9664e45a2bdf3d52a0,8a988dc83f4082a4f27503ba2906dc6b8733b3c02be567635c726c67bbd48314,16162702ccec82b2a0e27063cd04bd756a27af1f003b4cef0da976d843ef4725,none,read-only,exploratory-base,exploratory-reified,2b9b44b25cd1c568cd57c6c5df25ae260b68229044617821fb33f542dab77648,ae66d4ca42b831aa94f050bbbfbb0f5f14bd256181e832c50cfe67318b5b52bf,2e884d94ace185d62b1b91debf493ccd0a69b83d08e74cf5f1c2be4851b14215,b38a65fc0c1a91e138f057f7b6c08d21c328463aceb40ffda53fc759f99d2f7a,bdd50c08a90e2fb713541b8a118df6250246a917edc41a6776aeafc90b472687,d58354c36c482ec81b56d70c2cdaa4c643371c97d27c69aa6e53a54448d2dfe7,"pcm-meta-v2:{""protocol"":""r9.2-frozen-identity-v7"",""message"":"""",""cell_wall_ms"":4577.242,""answer_kind"":""csv-candidate-multiset-v1"",""answer_key_count"":21,""answer_fingerprint"":""2db12e16d7498a37ce319e8e25b79a63bd144c4f4031dda6327e6a75af74f23f"",""c_parse_samples"":[0.0,0.0,0.0],""c_protocol_samples"":[],""construct_total_samples"":[],""construct_unattributed_samples"":[],""status"":""ok"",""status_evidence"":null,""construction_requested"":null,""construction_effective"":null,""commit"":""0ed57212455326682a75871e0e8be71760b35282"",""batch_id"":""3ed0b6107d27b22c52a2e1626c9aeef5fe0a6d326b8a4cd65114686fa3de86bf"",""query_sha256"":""e2353d138cc41a9c8013909b8e8b380cf7ba04e2544b8ca784e13ce0c7009eb6"",""engine"":""qlever"",""engine_version"":""QLever [engines.json profile]"",""scale"":""100M"",""base_endpoint_sha256"":""bcddd715026035ef7b31e63913d55e25b6270be6bc6037325c1f80ea1359de5d"",""reified_endpoint_sha256"":""cc83ef54f5df550fbc0e634feb927cbfa21477fdb7aed1a23c2d29a56c193542"",""update_endpoint_sha256"":""8a607274f1b3d176dd6acfdc7381c25676b642e78d334a9664e45a2bdf3d52a0"",""base_data_identity_sha256"":""8a988dc83f4082a4f27503ba2906dc6b8733b3c02be567635c726c67bbd48314"",""reified_data_identity_sha256"":""16162702ccec82b2a0e27063cd04bd756a27af1f003b4cef0da976d843ef4725"",""update_for"":""none"",""access_mode"":""read-only"",""base_data_name"":""exploratory-base"",""reified_data_name"":""exploratory-reified"",""update_canary_sha256"":""2b9b44b25cd1c568cd57c6c5df25ae260b68229044617821fb33f542dab77648"",""store_instance_sha256"":""ae66d4ca42b831aa94f050bbbfbb0f5f14bd256181e832c50cfe67318b5b52bf"",""store_discriminator_sha256"":""2e884d94ace185d62b1b91debf493ccd0a69b83d08e74cf5f1c2be4851b14215"",""tool_sha256"":""b38a65fc0c1a91e138f057f7b6c08d21c328463aceb40ffda53fc759f99d2f7a"",""java_runtime_sha256"":""bdd50c08a90e2fb713541b8a118df6250246a917edc41a6776aeafc90b472687"",""run_identity_sha256"":""d58354c36c482ec81b56d70c2cdaa4c643371c97d27c69aa6e53a54448d2dfe7""}"
0ed57212455326682a75871e0e8be71760b35282,qlever,QLever [engines.json profile],100M,O,O2,00,e2353d138cc41a9c8013909b8e8b380cf7ba04e2544b8ca784e13ce0c7009eb6,C,SPARQLcirc CircuitRewriter,err:ValueError,,,,,,,1,3,300.0,,,,,,,383.4160870173946,[],[],,[],,[],,[],r9.2-frozen-identity-v7,3ed0b6107d27b22c52a2e1626c9aeef5fe0a6d326b8a4cd65114686fa3de86bf,,,,,,,,,,,bcddd715026035ef7b31e63913d55e25b6270be6bc6037325c1f80ea1359de5d,cc83ef54f5df550fbc0e634feb927cbfa21477fdb7aed1a23c2d29a56c193542,8a607274f1b3d176dd6acfdc7381c25676b642e78d334a9664e45a2bdf3d52a0,8a988dc83f4082a4f27503ba2906dc6b8733b3c02be567635c726c67bbd48314,16162702ccec82b2a0e27063cd04bd756a27af1f003b4cef0da976d843ef4725,none,read-only,exploratory-base,exploratory-reified,2b9b44b25cd1c568cd57c6c5df25ae260b68229044617821fb33f542dab77648,ae66d4ca42b831aa94f050bbbfbb0f5f14bd256181e832c50cfe67318b5b52bf,2e884d94ace185d62b1b91debf493ccd0a69b83d08e74cf5f1c2be4851b14215,b38a65fc0c1a91e138f057f7b6c08d21c328463aceb40ffda53fc759f99d2f7a,bdd50c08a90e2fb713541b8a118df6250246a917edc41a6776aeafc90b472687,d58354c36c482ec81b56d70c2cdaa4c643371c97d27c69aa6e53a54448d2dfe7,"pcm-meta-v2:{""protocol"":""r9.2-frozen-identity-v7"",""message"":""invalid N-Triples response line 1094953"",""cell_wall_ms"":38778.781,""c_parse_samples"":[],""c_protocol_samples"":[],""construct_total_samples"":[],""construct_unattributed_samples"":[],""status"":""err:ValueError"",""status_evidence"":{""kind"":""unspecified"",""message"":""invalid N-Triples response line 1094953""},""construction_requested"":null,""construction_effective"":null,""commit"":""0ed57212455326682a75871e0e8be71760b35282"",""batch_id"":""3ed0b6107d27b22c52a2e1626c9aeef5fe0a6d326b8a4cd65114686fa3de86bf"",""query_sha256"":""e2353d138cc41a9c8013909b8e8b380cf7ba04e2544b8ca784e13ce0c7009eb6"",""engine"":""qlever"",""engine_version"":""QLever [engines.json profile]"",""scale"":""100M"",""base_endpoint_sha256"":""bcddd715026035ef7b31e63913d55e25b6270be6bc6037325c1f80ea1359de5d"",""reified_endpoint_sha256"":""cc83ef54f5df550fbc0e634feb927cbfa21477fdb7aed1a23c2d29a56c193542"",""update_endpoint_sha256"":""8a607274f1b3d176dd6acfdc7381c25676b642e78d334a9664e45a2bdf3d52a0"",""base_data_identity_sha256"":""8a988dc83f4082a4f27503ba2906dc6b8733b3c02be567635c726c67bbd48314"",""reified_data_identity_sha256"":""16162702ccec82b2a0e27063cd04bd756a27af1f003b4cef0da976d843ef4725"",""update_for"":""none"",""access_mode"":""read-only"",""base_data_name"":""exploratory-base"",""reified_data_name"":""exploratory-reified"",""update_canary_sha256"":""2b9b44b25cd1c568cd57c6c5df25ae260b68229044617821fb33f542dab77648"",""store_instance_sha256"":""ae66d4ca42b831aa94f050bbbfbb0f5f14bd256181e832c50cfe67318b5b52bf"",""store_discriminator_sha256"":""2e884d94ace185d62b1b91debf493ccd0a69b83d08e74cf5f1c2be4851b14215"",""tool_sha256"":""b38a65fc0c1a91e138f057f7b6c08d21c328463aceb40ffda53fc759f99d2f7a"",""java_runtime_sha256"":""bdd50c08a90e2fb713541b8a118df6250246a917edc41a6776aeafc90b472687"",""run_identity_sha256"":""d58354c36c482ec81b56d70c2cdaa4c643371c97d27c69aa6e53a54448d2dfe7""}"
0ed57212455326682a75871e0e8be71760b35282,qlever,QLever [engines.json profile],100M,O,O3,00,8600634422cefcb5ad7bc23d2acb693e5f8bf0686ad4714d2eba90a935b2f2b3,B,base-select,ok,2914,9.1,8.8,9.1,9.0,0.2,1,3,300.0,183558,0.0,,,,,0.00705,"[9.113, 9.094, 8.779]","[0.0, 0.0, 0.0]",,[],,[],,[],r9.2-frozen-identity-v7,3ed0b6107d27b22c52a2e1626c9aeef5fe0a6d326b8a4cd65114686fa3de86bf,csv-binding-multiset-v1,2914,29e150e168c60e111a4ba6eccb9f7de847be409dd939e4d7e691fe8a78988f9f,,,,,,,,bcddd715026035ef7b31e63913d55e25b6270be6bc6037325c1f80ea1359de5d,cc83ef54f5df550fbc0e634feb927cbfa21477fdb7aed1a23c2d29a56c193542,8a607274f1b3d176dd6acfdc7381c25676b642e78d334a9664e45a2bdf3d52a0,8a988dc83f4082a4f27503ba2906dc6b8733b3c02be567635c726c67bbd48314,16162702ccec82b2a0e27063cd04bd756a27af1f003b4cef0da976d843ef4725,none,read-only,exploratory-base,exploratory-reified,2b9b44b25cd1c568cd57c6c5df25ae260b68229044617821fb33f542dab77648,ae66d4ca42b831aa94f050bbbfbb0f5f14bd256181e832c50cfe67318b5b52bf,2e884d94ace185d62b1b91debf493ccd0a69b83d08e74cf5f1c2be4851b14215,b38a65fc0c1a91e138f057f7b6c08d21c328463aceb40ffda53fc759f99d2f7a,bdd50c08a90e2fb713541b8a118df6250246a917edc41a6776aeafc90b472687,398008eeab4c4ed0a41df5f8e838a05d08d34287c3dde21aed68b38dd3218eb0,"pcm-meta-v2:{""protocol"":""r9.2-frozen-identity-v7"",""message"":"""",""cell_wall_ms"":60.743,""answer_kind"":""csv-binding-multiset-v1"",""answer_key_count"":2914,""answer_fingerprint"":""29e150e168c60e111a4ba6eccb9f7de847be409dd939e4d7e691fe8a78988f9f"",""c_parse_samples"":[0.0,0.0,0.0],""c_protocol_samples"":[],""construct_total_samples"":[],""construct_unattributed_samples"":[],""status"":""ok"",""status_evidence"":null,""construction_requested"":null,""construction_effective"":null,""commit"":""0ed57212455326682a75871e0e8be71760b35282"",""batch_id"":""3ed0b6107d27b22c52a2e1626c9aeef5fe0a6d326b8a4cd65114686fa3de86bf"",""query_sha256"":""8600634422cefcb5ad7bc23d2acb693e5f8bf0686ad4714d2eba90a935b2f2b3"",""engine"":""qlever"",""engine_version"":""QLever [engines.json profile]"",""scale"":""100M"",""base_endpoint_sha256"":""bcddd715026035ef7b31e63913d55e25b6270be6bc6037325c1f80ea1359de5d"",""reified_endpoint_sha256"":""cc83ef54f5df550fbc0e634feb927cbfa21477fdb7aed1a23c2d29a56c193542"",""update_endpoint_sha256"":""8a607274f1b3d176dd6acfdc7381c25676b642e78d334a9664e45a2bdf3d52a0"",""base_data_identity_sha256"":""8a988dc83f4082a4f27503ba2906dc6b8733b3c02be567635c726c67bbd48314"",""reified_data_identity_sha256"":""16162702ccec82b2a0e27063cd04bd756a27af1f003b4cef0da976d843ef4725"",""update_for"":""none"",""access_mode"":""read-only"",""base_data_name"":""exploratory-base"",""reified_data_name"":""exploratory-reified"",""update_canary_sha256"":""2b9b44b25cd1c568cd57c6c5df25ae260b68229044617821fb33f542dab77648"",""store_instance_sha256"":""ae66d4ca42b831aa94f050bbbfbb0f5f14bd256181e832c50cfe67318b5b52bf"",""store_discriminator_sha256"":""2e884d94ace185d62b1b91debf493ccd0a69b83d08e74cf5f1c2be4851b14215"",""tool_sha256"":""b38a65fc0c1a91e138f057f7b6c08d21c328463aceb40ffda53fc759f99d2f7a"",""java_runtime_sha256"":""bdd50c08a90e2fb713541b8a118df6250246a917edc41a6776aeafc90b472687"",""run_identity_sha256"":""398008eeab4c4ed0a41df5f8e838a05d08d34287c3dde21aed68b38dd3218eb0""}"
0ed57212455326682a75871e0e8be71760b35282,qlever,QLever [engines.json profile],100M,O,O3,00,8600634422cefcb5ad7bc23d2acb693e5f8bf0686ad4714d2eba90a935b2f2b3,R,reification-only,ok,2914,10.3,9.3,12.1,10.6,1.4,1,3,300.0,183558,0.0,,,,,145.547139,"[12.141, 10.318, 9.319]","[0.0, 0.0, 0.0]",,[],,[],,[],r9.2-frozen-identity-v7,3ed0b6107d27b22c52a2e1626c9aeef5fe0a6d326b8a4cd65114686fa3de86bf,csv-binding-multiset-v1,2914,29e150e168c60e111a4ba6eccb9f7de847be409dd939e4d7e691fe8a78988f9f,,,,,,,,bcddd715026035ef7b31e63913d55e25b6270be6bc6037325c1f80ea1359de5d,cc83ef54f5df550fbc0e634feb927cbfa21477fdb7aed1a23c2d29a56c193542,8a607274f1b3d176dd6acfdc7381c25676b642e78d334a9664e45a2bdf3d52a0,8a988dc83f4082a4f27503ba2906dc6b8733b3c02be567635c726c67bbd48314,16162702ccec82b2a0e27063cd04bd756a27af1f003b4cef0da976d843ef4725,none,read-only,exploratory-base,exploratory-reified,2b9b44b25cd1c568cd57c6c5df25ae260b68229044617821fb33f542dab77648,ae66d4ca42b831aa94f050bbbfbb0f5f14bd256181e832c50cfe67318b5b52bf,2e884d94ace185d62b1b91debf493ccd0a69b83d08e74cf5f1c2be4851b14215,b38a65fc0c1a91e138f057f7b6c08d21c328463aceb40ffda53fc759f99d2f7a,bdd50c08a90e2fb713541b8a118df6250246a917edc41a6776aeafc90b472687,398008eeab4c4ed0a41df5f8e838a05d08d34287c3dde21aed68b38dd3218eb0,"pcm-meta-v2:{""protocol"":""r9.2-frozen-identity-v7"",""message"":"""",""cell_wall_ms"":212.908,""answer_kind"":""csv-binding-multiset-v1"",""answer_key_count"":2914,""answer_fingerprint"":""29e150e168c60e111a4ba6eccb9f7de847be409dd939e4d7e691fe8a78988f9f"",""c_parse_samples"":[0.0,0.0,0.0],""c_protocol_samples"":[],""construct_total_samples"":[],""construct_unattributed_samples"":[],""status"":""ok"",""status_evidence"":null,""construction_requested"":null,""construction_effective"":null,""commit"":""0ed57212455326682a75871e0e8be71760b35282"",""batch_id"":""3ed0b6107d27b22c52a2e1626c9aeef5fe0a6d326b8a4cd65114686fa3de86bf"",""query_sha256"":""8600634422cefcb5ad7bc23d2acb693e5f8bf0686ad4714d2eba90a935b2f2b3"",""engine"":""qlever"",""engine_version"":""QLever [engines.json profile]"",""scale"":""100M"",""base_endpoint_sha256"":""bcddd715026035ef7b31e63913d55e25b6270be6bc6037325c1f80ea1359de5d"",""reified_endpoint_sha256"":""cc83ef54f5df550fbc0e634feb927cbfa21477fdb7aed1a23c2d29a56c193542"",""update_endpoint_sha256"":""8a607274f1b3d176dd6acfdc7381c25676b642e78d334a9664e45a2bdf3d52a0"",""base_data_identity_sha256"":""8a988dc83f4082a4f27503ba2906dc6b8733b3c02be567635c726c67bbd48314"",""reified_data_identity_sha256"":""16162702ccec82b2a0e27063cd04bd756a27af1f003b4cef0da976d843ef4725"",""update_for"":""none"",""access_mode"":""read-only"",""base_data_name"":""exploratory-base"",""reified_data_name"":""exploratory-reified"",""update_canary_sha256"":""2b9b44b25cd1c568cd57c6c5df25ae260b68229044617821fb33f542dab77648"",""store_instance_sha256"":""ae66d4ca42b831aa94f050bbbfbb0f5f14bd256181e832c50cfe67318b5b52bf"",""store_discriminator_sha256"":""2e884d94ace185d62b1b91debf493ccd0a69b83d08e74cf5f1c2be4851b14215"",""tool_sha256"":""b38a65fc0c1a91e138f057f7b6c08d21c328463aceb40ffda53fc759f99d2f7a"",""java_runtime_sha256"":""bdd50c08a90e2fb713541b8a118df6250246a917edc41a6776aeafc90b472687"",""run_identity_sha256"":""398008eeab4c4ed0a41df5f8e838a05d08d34287c3dde21aed68b38dd3218eb0""}"
0ed57212455326682a75871e0e8be71760b35282,qlever,QLever [engines.json profile],100M,O,O3,00,8600634422cefcb5ad7bc23d2acb693e5f8bf0686ad4714d2eba90a935b2f2b3,N,N_clean (NPCS reimplementation),ok,3213,15.5,14.4,15.8,15.2,0.8,1,3,300.0,235703,0.0,,,,897,195.21916,"[14.389, 15.848, 15.453]","[0.0, 0.0, 0.0]",,[],,[],,[],r9.2-frozen-identity-v7,3ed0b6107d27b22c52a2e1626c9aeef5fe0a6d326b8a4cd65114686fa3de86bf,csv-candidate-multiset-v1,3213,1ff18227246bde287cc8856ea8396312fa37f372c8b5ee8e90cde7b36b12940f,,,,,,,,bcddd715026035ef7b31e63913d55e25b6270be6bc6037325c1f80ea1359de5d,cc83ef54f5df550fbc0e634feb927cbfa21477fdb7aed1a23c2d29a56c193542,8a607274f1b3d176dd6acfdc7381c25676b642e78d334a9664e45a2bdf3d52a0,8a988dc83f4082a4f27503ba2906dc6b8733b3c02be567635c726c67bbd48314,16162702ccec82b2a0e27063cd04bd756a27af1f003b4cef0da976d843ef4725,none,read-only,exploratory-base,exploratory-reified,2b9b44b25cd1c568cd57c6c5df25ae260b68229044617821fb33f542dab77648,ae66d4ca42b831aa94f050bbbfbb0f5f14bd256181e832c50cfe67318b5b52bf,2e884d94ace185d62b1b91debf493ccd0a69b83d08e74cf5f1c2be4851b14215,b38a65fc0c1a91e138f057f7b6c08d21c328463aceb40ffda53fc759f99d2f7a,bdd50c08a90e2fb713541b8a118df6250246a917edc41a6776aeafc90b472687,398008eeab4c4ed0a41df5f8e838a05d08d34287c3dde21aed68b38dd3218eb0,"pcm-meta-v2:{""protocol"":""r9.2-frozen-identity-v7"",""message"":"""",""cell_wall_ms"":314.552,""answer_kind"":""csv-candidate-multiset-v1"",""answer_key_count"":3213,""answer_fingerprint"":""1ff18227246bde287cc8856ea8396312fa37f372c8b5ee8e90cde7b36b12940f"",""c_parse_samples"":[0.0,0.0,0.0],""c_protocol_samples"":[],""construct_total_samples"":[],""construct_unattributed_samples"":[],""status"":""ok"",""status_evidence"":null,""construction_requested"":null,""construction_effective"":null,""commit"":""0ed57212455326682a75871e0e8be71760b35282"",""batch_id"":""3ed0b6107d27b22c52a2e1626c9aeef5fe0a6d326b8a4cd65114686fa3de86bf"",""query_sha256"":""8600634422cefcb5ad7bc23d2acb693e5f8bf0686ad4714d2eba90a935b2f2b3"",""engine"":""qlever"",""engine_version"":""QLever [engines.json profile]"",""scale"":""100M"",""base_endpoint_sha256"":""bcddd715026035ef7b31e63913d55e25b6270be6bc6037325c1f80ea1359de5d"",""reified_endpoint_sha256"":""cc83ef54f5df550fbc0e634feb927cbfa21477fdb7aed1a23c2d29a56c193542"",""update_endpoint_sha256"":""8a607274f1b3d176dd6acfdc7381c25676b642e78d334a9664e45a2bdf3d52a0"",""base_data_identity_sha256"":""8a988dc83f4082a4f27503ba2906dc6b8733b3c02be567635c726c67bbd48314"",""reified_data_identity_sha256"":""16162702ccec82b2a0e27063cd04bd756a27af1f003b4cef0da976d843ef4725"",""update_for"":""none"",""access_mode"":""read-only"",""base_data_name"":""exploratory-base"",""reified_data_name"":""exploratory-reified"",""update_canary_sha256"":""2b9b44b25cd1c568cd57c6c5df25ae260b68229044617821fb33f542dab77648"",""store_instance_sha256"":""ae66d4ca42b831aa94f050bbbfbb0f5f14bd256181e832c50cfe67318b5b52bf"",""store_discriminator_sha256"":""2e884d94ace185d62b1b91debf493ccd0a69b83d08e74cf5f1c2be4851b14215"",""tool_sha256"":""b38a65fc0c1a91e138f057f7b6c08d21c328463aceb40ffda53fc759f99d2f7a"",""java_runtime_sha256"":""bdd50c08a90e2fb713541b8a118df6250246a917edc41a6776aeafc90b472687"",""run_identity_sha256"":""398008eeab4c4ed0a41df5f8e838a05d08d34287c3dde21aed68b38dd3218eb0""}"
0ed57212455326682a75871e0e8be71760b35282,qlever,QLever [engines.json profile],100M,O,O3,00,8600634422cefcb5ad7bc23d2acb693e5f8bf0686ad4714d2eba90a935b2f2b3,C,SPARQLcirc CircuitRewriter,ok,3213,284.9,280.0,285.4,283.4,3.0,1,3,300.0,22184717,2151.0,65488,60258,28373,,379.095837,"[279.965, 285.405, 284.932]","[2161.304, 2151.027, 2122.904]",0.0,"[0.0, 0.0, 0.0]",2453.6,"[2459.306, 2453.581, 2423.888]",17.1,"[18.036, 17.149, 16.051]",r9.2-frozen-identity-v7,3ed0b6107d27b22c52a2e1626c9aeef5fe0a6d326b8a4cd65114686fa3de86bf,term-aware-candidate-set-v1,3213,260cb09a1227502b35343aa83fd4b1ceae204e24b8e349a0717dcac34ca9b361,flat,flat,f819ad27dd74b4a79650229f687ceb4aa183d5b9a4c17a86ccf14c05771de17f,,,,,bcddd715026035ef7b31e63913d55e25b6270be6bc6037325c1f80ea1359de5d,cc83ef54f5df550fbc0e634feb927cbfa21477fdb7aed1a23c2d29a56c193542,8a607274f1b3d176dd6acfdc7381c25676b642e78d334a9664e45a2bdf3d52a0,8a988dc83f4082a4f27503ba2906dc6b8733b3c02be567635c726c67bbd48314,16162702ccec82b2a0e27063cd04bd756a27af1f003b4cef0da976d843ef4725,none,read-only,exploratory-base,exploratory-reified,2b9b44b25cd1c568cd57c6c5df25ae260b68229044617821fb33f542dab77648,ae66d4ca42b831aa94f050bbbfbb0f5f14bd256181e832c50cfe67318b5b52bf,2e884d94ace185d62b1b91debf493ccd0a69b83d08e74cf5f1c2be4851b14215,b38a65fc0c1a91e138f057f7b6c08d21c328463aceb40ffda53fc759f99d2f7a,bdd50c08a90e2fb713541b8a118df6250246a917edc41a6776aeafc90b472687,398008eeab4c4ed0a41df5f8e838a05d08d34287c3dde21aed68b38dd3218eb0,"pcm-meta-v2:{""protocol"":""r9.2-frozen-identity-v7"",""message"":""C requested=flat effective=flat; steps=5 feedback=0; network includes CONSTRUCT, feedback INSERT, and cleanup DELETE"",""cell_wall_ms"":12908.114,""answer_kind"":""term-aware-candidate-set-v1"",""answer_key_count"":3213,""answer_fingerprint"":""260cb09a1227502b35343aa83fd4b1ceae204e24b8e349a0717dcac34ca9b361"",""c_parse_samples"":[2161.304,2151.027,2122.904],""c_protocol_samples"":[{""requested_mode"":""flat"",""effective_mode"":""flat"",""fallback_reason"":null,""plan_steps"":5,""feedback_steps"":0,""feedback_triples"":0,""construct_query_ms"":279.965,""feedback_update_ms"":0.0,""cleanup_ms"":0.0,""client_protocol_ms"":0.0,""network_scope"":""construct+feedback+cleanup"",""circuit_sha256"":""f819ad27dd74b4a79650229f687ceb4aa183d5b9a4c17a86ccf14c05771de17f"",""answer_fingerprint"":""260cb09a1227502b35343aa83fd4b1ceae204e24b8e349a0717dcac34ca9b361"",""semantic_signature_sha256"":""70bb660185e7125b2432fabe05f0535b10543d9321c0d38804bc4f6eda660a57"",""structure_signature"":{""gates"":65488,""edges"":60258,""answers"":3213,""derivations"":28373,""canonical_bytes"":22184717},""construct_total_ms"":2459.306,""client_unattributed_ms"":18.036},{""requested_mode"":""flat"",""effective_mode"":""flat"",""fallback_reason"":null,""plan_steps"":5,""feedback_steps"":0,""feedback_triples"":0,""construct_query_ms"":285.405,""feedback_update_ms"":0.0,""cleanup_ms"":0.0,""client_protocol_ms"":0.0,""network_scope"":""construct+feedback+cleanup"",""circuit_sha256"":""f819ad27dd74b4a79650229f687ceb4aa183d5b9a4c17a86ccf14c05771de17f"",""answer_fingerprint"":""260cb09a1227502b35343aa83fd4b1ceae204e24b8e349a0717dcac34ca9b361"",""semantic_signature_sha256"":""70bb660185e7125b2432fabe05f0535b10543d9321c0d38804bc4f6eda660a57"",""structure_signature"":{""gates"":65488,""edges"":60258,""answers"":3213,""derivations"":28373,""canonical_bytes"":22184717},""construct_total_ms"":2453.581,""client_unattributed_ms"":17.149},{""requested_mode"":""flat"",""effective_mode"":""flat"",""fallback_reason"":null,""plan_steps"":5,""feedback_steps"":0,""feedback_triples"":0,""construct_query_ms"":284.932,""feedback_update_ms"":0.0,""cleanup_ms"":0.0,""client_protocol_ms"":0.0,""network_scope"":""construct+feedback+cleanup"",""circuit_sha256"":""f819ad27dd74b4a79650229f687ceb4aa183d5b9a4c17a86ccf14c05771de17f"",""answer_fingerprint"":""260cb09a1227502b35343aa83fd4b1ceae204e24b8e349a0717dcac34ca9b361"",""semantic_signature_sha256"":""70bb660185e7125b2432fabe05f0535b10543d9321c0d38804bc4f6eda660a57"",""structure_signature"":{""gates"":65488,""edges"":60258,""answers"":3213,""derivations"":28373,""canonical_bytes"":22184717},""construct_total_ms"":2423.888,""client_unattributed_ms"":16.051}],""construct_total_samples"":[2459.306,2453.581,2423.888],""construct_unattributed_samples"":[18.036,17.149,16.051],""status"":""ok"",""status_evidence"":null,""c_warmup_signatures"":[""70bb660185e7125b2432fabe05f0535b10543d9321c0d38804bc4f6eda660a57""],""measured_semantic_signature_sha256"":""70bb660185e7125b2432fabe05f0535b10543d9321c0d38804bc4f6eda660a57"",""measured_repetitions_consistent"":true,""construction_requested"":""flat"",""construction_effective"":""flat"",""commit"":""0ed57212455326682a75871e0e8be71760b35282"",""batch_id"":""3ed0b6107d27b22c52a2e1626c9aeef5fe0a6d326b8a4cd65114686fa3de86bf"",""query_sha256"":""8600634422cefcb5ad7bc23d2acb693e5f8bf0686ad4714d2eba90a935b2f2b3"",""engine"":""qlever"",""engine_version"":""QLever [engines.json profile]"",""scale"":""100M"",""base_endpoint_sha256"":""bcddd715026035ef7b31e63913d55e25b6270be6bc6037325c1f80ea1359de5d"",""reified_endpoint_sha256"":""cc83ef54f5df550fbc0e634feb927cbfa21477fdb7aed1a23c2d29a56c193542"",""update_endpoint_sha256"":""8a607274f1b3d176dd6acfdc7381c25676b642e78d334a9664e45a2bdf3d52a0"",""base_data_identity_sha256"":""8a988dc83f4082a4f27503ba2906dc6b8733b3c02be567635c726c67bbd48314"",""reified_data_identity_sha256"":""16162702ccec82b2a0e27063cd04bd756a27af1f003b4cef0da976d843ef4725"",""update_for"":""none"",""access_mode"":""read-only"",""base_data_name"":""exploratory-base"",""reified_data_name"":""exploratory-reified"",""update_canary_sha256"":""2b9b44b25cd1c568cd57c6c5df25ae260b68229044617821fb33f542dab77648"",""store_instance_sha256"":""ae66d4ca42b831aa94f050bbbfbb0f5f14bd256181e832c50cfe67318b5b52bf"",""store_discriminator_sha256"":""2e884d94ace185d62b1b91debf493ccd0a69b83d08e74cf5f1c2be4851b14215"",""tool_sha256"":""b38a65fc0c1a91e138f057f7b6c08d21c328463aceb40ffda53fc759f99d2f7a"",""java_runtime_sha256"":""bdd50c08a90e2fb713541b8a118df6250246a917edc41a6776aeafc90b472687"",""run_identity_sha256"":""398008eeab4c4ed0a41df5f8e838a05d08d34287c3dde21aed68b38dd3218eb0""}"
0ed57212455326682a75871e0e8be71760b35282,qlever,QLever [engines.json profile],100M,O,O4,00,c2e7f8e7377b1ac6cc1c202c8233c4b4c10a2b85eae74cbb49844b3515dd26f8,B,base-select,ok,26131,124.5,123.2,125.8,124.5,1.3,1,3,300.0,2588843,0.0,,,,,0.00739,"[124.527, 125.771, 123.181]","[0.0, 0.0, 0.0]",,[],,[],,[],r9.2-frozen-identity-v7,3ed0b6107d27b22c52a2e1626c9aeef5fe0a6d326b8a4cd65114686fa3de86bf,csv-binding-multiset-v1,26131,089a4c2cd5edcac694e95473f8fe69bfb11ba580c46197758307b3248e761016,,,,,,,,bcddd715026035ef7b31e63913d55e25b6270be6bc6037325c1f80ea1359de5d,cc83ef54f5df550fbc0e634feb927cbfa21477fdb7aed1a23c2d29a56c193542,8a607274f1b3d176dd6acfdc7381c25676b642e78d334a9664e45a2bdf3d52a0,8a988dc83f4082a4f27503ba2906dc6b8733b3c02be567635c726c67bbd48314,16162702ccec82b2a0e27063cd04bd756a27af1f003b4cef0da976d843ef4725,none,read-only,exploratory-base,exploratory-reified,2b9b44b25cd1c568cd57c6c5df25ae260b68229044617821fb33f542dab77648,ae66d4ca42b831aa94f050bbbfbb0f5f14bd256181e832c50cfe67318b5b52bf,2e884d94ace185d62b1b91debf493ccd0a69b83d08e74cf5f1c2be4851b14215,b38a65fc0c1a91e138f057f7b6c08d21c328463aceb40ffda53fc759f99d2f7a,bdd50c08a90e2fb713541b8a118df6250246a917edc41a6776aeafc90b472687,6bea32515283ad3d96cec16cd1e1905c80f0047216b7c58c108e03eb11e9ee3a,"pcm-meta-v2:{""protocol"":""r9.2-frozen-identity-v7"",""message"":"""",""cell_wall_ms"":682.961,""answer_kind"":""csv-binding-multiset-v1"",""answer_key_count"":26131,""answer_fingerprint"":""089a4c2cd5edcac694e95473f8fe69bfb11ba580c46197758307b3248e761016"",""c_parse_samples"":[0.0,0.0,0.0],""c_protocol_samples"":[],""construct_total_samples"":[],""construct_unattributed_samples"":[],""status"":""ok"",""status_evidence"":null,""construction_requested"":null,""construction_effective"":null,""commit"":""0ed57212455326682a75871e0e8be71760b35282"",""batch_id"":""3ed0b6107d27b22c52a2e1626c9aeef5fe0a6d326b8a4cd65114686fa3de86bf"",""query_sha256"":""c2e7f8e7377b1ac6cc1c202c8233c4b4c10a2b85eae74cbb49844b3515dd26f8"",""engine"":""qlever"",""engine_version"":""QLever [engines.json profile]"",""scale"":""100M"",""base_endpoint_sha256"":""bcddd715026035ef7b31e63913d55e25b6270be6bc6037325c1f80ea1359de5d"",""reified_endpoint_sha256"":""cc83ef54f5df550fbc0e634feb927cbfa21477fdb7aed1a23c2d29a56c193542"",""update_endpoint_sha256"":""8a607274f1b3d176dd6acfdc7381c25676b642e78d334a9664e45a2bdf3d52a0"",""base_data_identity_sha256"":""8a988dc83f4082a4f27503ba2906dc6b8733b3c02be567635c726c67bbd48314"",""reified_data_identity_sha256"":""16162702ccec82b2a0e27063cd04bd756a27af1f003b4cef0da976d843ef4725"",""update_for"":""none"",""access_mode"":""read-only"",""base_data_name"":""exploratory-base"",""reified_data_name"":""exploratory-reified"",""update_canary_sha256"":""2b9b44b25cd1c568cd57c6c5df25ae260b68229044617821fb33f542dab77648"",""store_instance_sha256"":""ae66d4ca42b831aa94f050bbbfbb0f5f14bd256181e832c50cfe67318b5b52bf"",""store_discriminator_sha256"":""2e884d94ace185d62b1b91debf493ccd0a69b83d08e74cf5f1c2be4851b14215"",""tool_sha256"":""b38a65fc0c1a91e138f057f7b6c08d21c328463aceb40ffda53fc759f99d2f7a"",""java_runtime_sha256"":""bdd50c08a90e2fb713541b8a118df6250246a917edc41a6776aeafc90b472687"",""run_identity_sha256"":""6bea32515283ad3d96cec16cd1e1905c80f0047216b7c58c108e03eb11e9ee3a""}"
0ed57212455326682a75871e0e8be71760b35282,qlever,QLever [engines.json profile],100M,O,O4,00,c2e7f8e7377b1ac6cc1c202c8233c4b4c10a2b85eae74cbb49844b3515dd26f8,R,reification-only,ok,26131,125.4,125.3,125.9,125.5,0.3,1,3,300.0,2588843,0.0,,,,,128.060522,"[125.348, 125.861, 125.403]","[0.0, 0.0, 0.0]",,[],,[],,[],r9.2-frozen-identity-v7,3ed0b6107d27b22c52a2e1626c9aeef5fe0a6d326b8a4cd65114686fa3de86bf,csv-binding-multiset-v1,26131,089a4c2cd5edcac694e95473f8fe69bfb11ba580c46197758307b3248e761016,,,,,,,,bcddd715026035ef7b31e63913d55e25b6270be6bc6037325c1f80ea1359de5d,cc83ef54f5df550fbc0e634feb927cbfa21477fdb7aed1a23c2d29a56c193542,8a607274f1b3d176dd6acfdc7381c25676b642e78d334a9664e45a2bdf3d52a0,8a988dc83f4082a4f27503ba2906dc6b8733b3c02be567635c726c67bbd48314,16162702ccec82b2a0e27063cd04bd756a27af1f003b4cef0da976d843ef4725,none,read-only,exploratory-base,exploratory-reified,2b9b44b25cd1c568cd57c6c5df25ae260b68229044617821fb33f542dab77648,ae66d4ca42b831aa94f050bbbfbb0f5f14bd256181e832c50cfe67318b5b52bf,2e884d94ace185d62b1b91debf493ccd0a69b83d08e74cf5f1c2be4851b14215,b38a65fc0c1a91e138f057f7b6c08d21c328463aceb40ffda53fc759f99d2f7a,bdd50c08a90e2fb713541b8a118df6250246a917edc41a6776aeafc90b472687,6bea32515283ad3d96cec16cd1e1905c80f0047216b7c58c108e03eb11e9ee3a,"pcm-meta-v2:{""protocol"":""r9.2-frozen-identity-v7"",""message"":"""",""cell_wall_ms"":2003.661,""answer_kind"":""csv-binding-multiset-v1"",""answer_key_count"":26131,""answer_fingerprint"":""089a4c2cd5edcac694e95473f8fe69bfb11ba580c46197758307b3248e761016"",""c_parse_samples"":[0.0,0.0,0.0],""c_protocol_samples"":[],""construct_total_samples"":[],""construct_unattributed_samples"":[],""status"":""ok"",""status_evidence"":null,""construction_requested"":null,""construction_effective"":null,""commit"":""0ed57212455326682a75871e0e8be71760b35282"",""batch_id"":""3ed0b6107d27b22c52a2e1626c9aeef5fe0a6d326b8a4cd65114686fa3de86bf"",""query_sha256"":""c2e7f8e7377b1ac6cc1c202c8233c4b4c10a2b85eae74cbb49844b3515dd26f8"",""engine"":""qlever"",""engine_version"":""QLever [engines.json profile]"",""scale"":""100M"",""base_endpoint_sha256"":""bcddd715026035ef7b31e63913d55e25b6270be6bc6037325c1f80ea1359de5d"",""reified_endpoint_sha256"":""cc83ef54f5df550fbc0e634feb927cbfa21477fdb7aed1a23c2d29a56c193542"",""update_endpoint_sha256"":""8a607274f1b3d176dd6acfdc7381c25676b642e78d334a9664e45a2bdf3d52a0"",""base_data_identity_sha256"":""8a988dc83f4082a4f27503ba2906dc6b8733b3c02be567635c726c67bbd48314"",""reified_data_identity_sha256"":""16162702ccec82b2a0e27063cd04bd756a27af1f003b4cef0da976d843ef4725"",""update_for"":""none"",""access_mode"":""read-only"",""base_data_name"":""exploratory-base"",""reified_data_name"":""exploratory-reified"",""update_canary_sha256"":""2b9b44b25cd1c568cd57c6c5df25ae260b68229044617821fb33f542dab77648"",""store_instance_sha256"":""ae66d4ca42b831aa94f050bbbfbb0f5f14bd256181e832c50cfe67318b5b52bf"",""store_discriminator_sha256"":""2e884d94ace185d62b1b91debf493ccd0a69b83d08e74cf5f1c2be4851b14215"",""tool_sha256"":""b38a65fc0c1a91e138f057f7b6c08d21c328463aceb40ffda53fc759f99d2f7a"",""java_runtime_sha256"":""bdd50c08a90e2fb713541b8a118df6250246a917edc41a6776aeafc90b472687"",""run_identity_sha256"":""6bea32515283ad3d96cec16cd1e1905c80f0047216b7c58c108e03eb11e9ee3a""}"
0ed57212455326682a75871e0e8be71760b35282,qlever,QLever [engines.json profile],100M,O,O4,00,c2e7f8e7377b1ac6cc1c202c8233c4b4c10a2b85eae74cbb49844b3515dd26f8,N,N_clean (NPCS reimplementation),ok,27441,147.3,147.1,150.3,148.2,1.8,1,3,300.0,2911529,0.0,,,,3930,183.353358,"[147.085, 150.251, 147.316]","[0.0, 0.0, 0.0]",,[],,[],,[],r9.2-frozen-identity-v7,3ed0b6107d27b22c52a2e1626c9aeef5fe0a6d326b8a4cd65114686fa3de86bf,csv-candidate-multiset-v1,27441,2dd5ae68f2c80b6f50c6623942e7cc09f0ef13a006420fba496d86057a74f541,,,,,,,,bcddd715026035ef7b31e63913d55e25b6270be6bc6037325c1f80ea1359de5d,cc83ef54f5df550fbc0e634feb927cbfa21477fdb7aed1a23c2d29a56c193542,8a607274f1b3d176dd6acfdc7381c25676b642e78d334a9664e45a2bdf3d52a0,8a988dc83f4082a4f27503ba2906dc6b8733b3c02be567635c726c67bbd48314,16162702ccec82b2a0e27063cd04bd756a27af1f003b4cef0da976d843ef4725,none,read-only,exploratory-base,exploratory-reified,2b9b44b25cd1c568cd57c6c5df25ae260b68229044617821fb33f542dab77648,ae66d4ca42b831aa94f050bbbfbb0f5f14bd256181e832c50cfe67318b5b52bf,2e884d94ace185d62b1b91debf493ccd0a69b83d08e74cf5f1c2be4851b14215,b38a65fc0c1a91e138f057f7b6c08d21c328463aceb40ffda53fc759f99d2f7a,bdd50c08a90e2fb713541b8a118df6250246a917edc41a6776aeafc90b472687,6bea32515283ad3d96cec16cd1e1905c80f0047216b7c58c108e03eb11e9ee3a,"pcm-meta-v2:{""protocol"":""r9.2-frozen-identity-v7"",""message"":"""",""cell_wall_ms"":1499.074,""answer_kind"":""csv-candidate-multiset-v1"",""answer_key_count"":27441,""answer_fingerprint"":""2dd5ae68f2c80b6f50c6623942e7cc09f0ef13a006420fba496d86057a74f541"",""c_parse_samples"":[0.0,0.0,0.0],""c_protocol_samples"":[],""construct_total_samples"":[],""construct_unattributed_samples"":[],""status"":""ok"",""status_evidence"":null,""construction_requested"":null,""construction_effective"":null,""commit"":""0ed57212455326682a75871e0e8be71760b35282"",""batch_id"":""3ed0b6107d27b22c52a2e1626c9aeef5fe0a6d326b8a4cd65114686fa3de86bf"",""query_sha256"":""c2e7f8e7377b1ac6cc1c202c8233c4b4c10a2b85eae74cbb49844b3515dd26f8"",""engine"":""qlever"",""engine_version"":""QLever [engines.json profile]"",""scale"":""100M"",""base_endpoint_sha256"":""bcddd715026035ef7b31e63913d55e25b6270be6bc6037325c1f80ea1359de5d"",""reified_endpoint_sha256"":""cc83ef54f5df550fbc0e634feb927cbfa21477fdb7aed1a23c2d29a56c193542"",""update_endpoint_sha256"":""8a607274f1b3d176dd6acfdc7381c25676b642e78d334a9664e45a2bdf3d52a0"",""base_data_identity_sha256"":""8a988dc83f4082a4f27503ba2906dc6b8733b3c02be567635c726c67bbd48314"",""reified_data_identity_sha256"":""16162702ccec82b2a0e27063cd04bd756a27af1f003b4cef0da976d843ef4725"",""update_for"":""none"",""access_mode"":""read-only"",""base_data_name"":""exploratory-base"",""reified_data_name"":""exploratory-reified"",""update_canary_sha256"":""2b9b44b25cd1c568cd57c6c5df25ae260b68229044617821fb33f542dab77648"",""store_instance_sha256"":""ae66d4ca42b831aa94f050bbbfbb0f5f14bd256181e832c50cfe67318b5b52bf"",""store_discriminator_sha256"":""2e884d94ace185d62b1b91debf493ccd0a69b83d08e74cf5f1c2be4851b14215"",""tool_sha256"":""b38a65fc0c1a91e138f057f7b6c08d21c328463aceb40ffda53fc759f99d2f7a"",""java_runtime_sha256"":""bdd50c08a90e2fb713541b8a118df6250246a917edc41a6776aeafc90b472687"",""run_identity_sha256"":""6bea32515283ad3d96cec16cd1e1905c80f0047216b7c58c108e03eb11e9ee3a""}"
0ed57212455326682a75871e0e8be71760b35282,qlever,QLever [engines.json profile],100M,O,O4,00,c2e7f8e7377b1ac6cc1c202c8233c4b4c10a2b85eae74cbb49844b3515dd26f8,C,SPARQLcirc CircuitRewriter,ok,27441,996.2,982.7,1029.6,1002.8,24.1,1,3,300.0,110364821,11476.6,232881,210680,77244,,379.489233,"[1029.601, 982.691, 996.217]","[11609.282, 11369.217, 11476.571]",0.0,"[0.0, 0.0, 0.0]",12558.3,"[12723.819, 12439.099, 12558.259]",85.5,"[84.935, 87.191, 85.472]",r9.2-frozen-identity-v7,3ed0b6107d27b22c52a2e1626c9aeef5fe0a6d326b8a4cd65114686fa3de86bf,term-aware-candidate-set-v1,27441,2ebe1a2fc42ea486debbff4f2969236b31ec163a8065eee0e91378631a6f63a2,flat,flat,43198a7014533f36d5fe2b443d225dc3ebf8947255e7249557edc3b28330a377,,,,,bcddd715026035ef7b31e63913d55e25b6270be6bc6037325c1f80ea1359de5d,cc83ef54f5df550fbc0e634feb927cbfa21477fdb7aed1a23c2d29a56c193542,8a607274f1b3d176dd6acfdc7381c25676b642e78d334a9664e45a2bdf3d52a0,8a988dc83f4082a4f27503ba2906dc6b8733b3c02be567635c726c67bbd48314,16162702ccec82b2a0e27063cd04bd756a27af1f003b4cef0da976d843ef4725,none,read-only,exploratory-base,exploratory-reified,2b9b44b25cd1c568cd57c6c5df25ae260b68229044617821fb33f542dab77648,ae66d4ca42b831aa94f050bbbfbb0f5f14bd256181e832c50cfe67318b5b52bf,2e884d94ace185d62b1b91debf493ccd0a69b83d08e74cf5f1c2be4851b14215,b38a65fc0c1a91e138f057f7b6c08d21c328463aceb40ffda53fc759f99d2f7a,bdd50c08a90e2fb713541b8a118df6250246a917edc41a6776aeafc90b472687,6bea32515283ad3d96cec16cd1e1905c80f0047216b7c58c108e03eb11e9ee3a,"pcm-meta-v2:{""protocol"":""r9.2-frozen-identity-v7"",""message"":""C requested=flat effective=flat; steps=5 feedback=0; network includes CONSTRUCT, feedback INSERT, and cleanup DELETE"",""cell_wall_ms"":68627.427,""answer_kind"":""term-aware-candidate-set-v1"",""answer_key_count"":27441,""answer_fingerprint"":""2ebe1a2fc42ea486debbff4f2969236b31ec163a8065eee0e91378631a6f63a2"",""c_parse_samples"":[11609.282,11369.217,11476.571],""c_protocol_samples"":[{""requested_mode"":""flat"",""effective_mode"":""flat"",""fallback_reason"":null,""plan_steps"":5,""feedback_steps"":0,""feedback_triples"":0,""construct_query_ms"":1029.601,""feedback_update_ms"":0.0,""cleanup_ms"":0.0,""client_protocol_ms"":0.0,""network_scope"":""construct+feedback+cleanup"",""circuit_sha256"":""43198a7014533f36d5fe2b443d225dc3ebf8947255e7249557edc3b28330a377"",""answer_fingerprint"":""2ebe1a2fc42ea486debbff4f2969236b31ec163a8065eee0e91378631a6f63a2"",""semantic_signature_sha256"":""19fb39406c7e3fbc8d16b761c5e18c0d804b3117c16cd0b1a29a9c6804c05a5f"",""structure_signature"":{""gates"":232881,""edges"":210680,""answers"":27441,""derivations"":77244,""canonical_bytes"":110364821},""construct_total_ms"":12723.819,""client_unattributed_ms"":84.935},{""requested_mode"":""flat"",""effective_mode"":""flat"",""fallback_reason"":null,""plan_steps"":5,""feedback_steps"":0,""feedback_triples"":0,""construct_query_ms"":982.691,""feedback_update_ms"":0.0,""cleanup_ms"":0.0,""client_protocol_ms"":0.0,""network_scope"":""construct+feedback+cleanup"",""circuit_sha256"":""43198a7014533f36d5fe2b443d225dc3ebf8947255e7249557edc3b28330a377"",""answer_fingerprint"":""2ebe1a2fc42ea486debbff4f2969236b31ec163a8065eee0e91378631a6f63a2"",""semantic_signature_sha256"":""19fb39406c7e3fbc8d16b761c5e18c0d804b3117c16cd0b1a29a9c6804c05a5f"",""structure_signature"":{""gates"":232881,""edges"":210680,""answers"":27441,""derivations"":77244,""canonical_bytes"":110364821},""construct_total_ms"":12439.099,""client_unattributed_ms"":87.191},{""requested_mode"":""flat"",""effective_mode"":""flat"",""fallback_reason"":null,""plan_steps"":5,""feedback_steps"":0,""feedback_triples"":0,""construct_query_ms"":996.217,""feedback_update_ms"":0.0,""cleanup_ms"":0.0,""client_protocol_ms"":0.0,""network_scope"":""construct+feedback+cleanup"",""circuit_sha256"":""43198a7014533f36d5fe2b443d225dc3ebf8947255e7249557edc3b28330a377"",""answer_fingerprint"":""2ebe1a2fc42ea486debbff4f2969236b31ec163a8065eee0e91378631a6f63a2"",""semantic_signature_sha256"":""19fb39406c7e3fbc8d16b761c5e18c0d804b3117c16cd0b1a29a9c6804c05a5f"",""structure_signature"":{""gates"":232881,""edges"":210680,""answers"":27441,""derivations"":77244,""canonical_bytes"":110364821},""construct_total_ms"":12558.259,""client_unattributed_ms"":85.472}],""construct_total_samples"":[12723.819,12439.099,12558.259],""construct_unattributed_samples"":[84.935,87.191,85.472],""status"":""ok"",""status_evidence"":null,""c_warmup_signatures"":[""19fb39406c7e3fbc8d16b761c5e18c0d804b3117c16cd0b1a29a9c6804c05a5f""],""measured_semantic_signature_sha256"":""19fb39406c7e3fbc8d16b761c5e18c0d804b3117c16cd0b1a29a9c6804c05a5f"",""measured_repetitions_consistent"":true,""construction_requested"":""flat"",""construction_effective"":""flat"",""commit"":""0ed57212455326682a75871e0e8be71760b35282"",""batch_id"":""3ed0b6107d27b22c52a2e1626c9aeef5fe0a6d326b8a4cd65114686fa3de86bf"",""query_sha256"":""c2e7f8e7377b1ac6cc1c202c8233c4b4c10a2b85eae74cbb49844b3515dd26f8"",""engine"":""qlever"",""engine_version"":""QLever [engines.json profile]"",""scale"":""100M"",""base_endpoint_sha256"":""bcddd715026035ef7b31e63913d55e25b6270be6bc6037325c1f80ea1359de5d"",""reified_endpoint_sha256"":""cc83ef54f5df550fbc0e634feb927cbfa21477fdb7aed1a23c2d29a56c193542"",""update_endpoint_sha256"":""8a607274f1b3d176dd6acfdc7381c25676b642e78d334a9664e45a2bdf3d52a0"",""base_data_identity_sha256"":""8a988dc83f4082a4f27503ba2906dc6b8733b3c02be567635c726c67bbd48314"",""reified_data_identity_sha256"":""16162702ccec82b2a0e27063cd04bd756a27af1f003b4cef0da976d843ef4725"",""update_for"":""none"",""access_mode"":""read-only"",""base_data_name"":""exploratory-base"",""reified_data_name"":""exploratory-reified"",""update_canary_sha256"":""2b9b44b25cd1c568cd57c6c5df25ae260b68229044617821fb33f542dab77648"",""store_instance_sha256"":""ae66d4ca42b831aa94f050bbbfbb0f5f14bd256181e832c50cfe67318b5b52bf"",""store_discriminator_sha256"":""2e884d94ace185d62b1b91debf493ccd0a69b83d08e74cf5f1c2be4851b14215"",""tool_sha256"":""b38a65fc0c1a91e138f057f7b6c08d21c328463aceb40ffda53fc759f99d2f7a"",""java_runtime_sha256"":""bdd50c08a90e2fb713541b8a118df6250246a917edc41a6776aeafc90b472687"",""run_identity_sha256"":""6bea32515283ad3d96cec16cd1e1905c80f0047216b7c58c108e03eb11e9ee3a""}"
0ed57212455326682a75871e0e8be71760b35282,qlever,QLever [engines.json profile],100M,O,O5,00,ec9af3cffe6976bcc27a5ca3ba0732c80fe7716160af6d25aa1d6b447b6300e2,B,base-select,ok,18,1.1,1.1,1.3,1.2,0.1,1,3,300.0,846,0.0,,,,,0.00807,"[1.322, 1.103, 1.15]","[0.0, 0.0, 0.0]",,[],,[],,[],r9.2-frozen-identity-v7,3ed0b6107d27b22c52a2e1626c9aeef5fe0a6d326b8a4cd65114686fa3de86bf,csv-binding-multiset-v1,18,46a5ef4e451e13320d519ff511f6296eab1a6c4343c003fa0c3c826fde688609,,,,,,,,bcddd715026035ef7b31e63913d55e25b6270be6bc6037325c1f80ea1359de5d,cc83ef54f5df550fbc0e634feb927cbfa21477fdb7aed1a23c2d29a56c193542,8a607274f1b3d176dd6acfdc7381c25676b642e78d334a9664e45a2bdf3d52a0,8a988dc83f4082a4f27503ba2906dc6b8733b3c02be567635c726c67bbd48314,16162702ccec82b2a0e27063cd04bd756a27af1f003b4cef0da976d843ef4725,none,read-only,exploratory-base,exploratory-reified,2b9b44b25cd1c568cd57c6c5df25ae260b68229044617821fb33f542dab77648,ae66d4ca42b831aa94f050bbbfbb0f5f14bd256181e832c50cfe67318b5b52bf,2e884d94ace185d62b1b91debf493ccd0a69b83d08e74cf5f1c2be4851b14215,b38a65fc0c1a91e138f057f7b6c08d21c328463aceb40ffda53fc759f99d2f7a,bdd50c08a90e2fb713541b8a118df6250246a917edc41a6776aeafc90b472687,1aa436a40c4b11e5c6b6b94cb7e0be029384a307922b4ec4c546ceb7e348be70,"pcm-meta-v2:{""protocol"":""r9.2-frozen-identity-v7"",""message"":"""",""cell_wall_ms"":13.008,""answer_kind"":""csv-binding-multiset-v1"",""answer_key_count"":18,""answer_fingerprint"":""46a5ef4e451e13320d519ff511f6296eab1a6c4343c003fa0c3c826fde688609"",""c_parse_samples"":[0.0,0.0,0.0],""c_protocol_samples"":[],""construct_total_samples"":[],""construct_unattributed_samples"":[],""status"":""ok"",""status_evidence"":null,""construction_requested"":null,""construction_effective"":null,""commit"":""0ed57212455326682a75871e0e8be71760b35282"",""batch_id"":""3ed0b6107d27b22c52a2e1626c9aeef5fe0a6d326b8a4cd65114686fa3de86bf"",""query_sha256"":""ec9af3cffe6976bcc27a5ca3ba0732c80fe7716160af6d25aa1d6b447b6300e2"",""engine"":""qlever"",""engine_version"":""QLever [engines.json profile]"",""scale"":""100M"",""base_endpoint_sha256"":""bcddd715026035ef7b31e63913d55e25b6270be6bc6037325c1f80ea1359de5d"",""reified_endpoint_sha256"":""cc83ef54f5df550fbc0e634feb927cbfa21477fdb7aed1a23c2d29a56c193542"",""update_endpoint_sha256"":""8a607274f1b3d176dd6acfdc7381c25676b642e78d334a9664e45a2bdf3d52a0"",""base_data_identity_sha256"":""8a988dc83f4082a4f27503ba2906dc6b8733b3c02be567635c726c67bbd48314"",""reified_data_identity_sha256"":""16162702ccec82b2a0e27063cd04bd756a27af1f003b4cef0da976d843ef4725"",""update_for"":""none"",""access_mode"":""read-only"",""base_data_name"":""exploratory-base"",""reified_data_name"":""exploratory-reified"",""update_canary_sha256"":""2b9b44b25cd1c568cd57c6c5df25ae260b68229044617821fb33f542dab77648"",""store_instance_sha256"":""ae66d4ca42b831aa94f050bbbfbb0f5f14bd256181e832c50cfe67318b5b52bf"",""store_discriminator_sha256"":""2e884d94ace185d62b1b91debf493ccd0a69b83d08e74cf5f1c2be4851b14215"",""tool_sha256"":""b38a65fc0c1a91e138f057f7b6c08d21c328463aceb40ffda53fc759f99d2f7a"",""java_runtime_sha256"":""bdd50c08a90e2fb713541b8a118df6250246a917edc41a6776aeafc90b472687"",""run_identity_sha256"":""1aa436a40c4b11e5c6b6b94cb7e0be029384a307922b4ec4c546ceb7e348be70""}"
0ed57212455326682a75871e0e8be71760b35282,qlever,QLever [engines.json profile],100M,O,O5,00,ec9af3cffe6976bcc27a5ca3ba0732c80fe7716160af6d25aa1d6b447b6300e2,R,reification-only,ok,18,2.0,2.0,2.2,2.1,0.1,1,3,300.0,846,0.0,,,,,154.251383,"[2.236, 2.005, 1.985]","[0.0, 0.0, 0.0]",,[],,[],,[],r9.2-frozen-identity-v7,3ed0b6107d27b22c52a2e1626c9aeef5fe0a6d326b8a4cd65114686fa3de86bf,csv-binding-multiset-v1,18,46a5ef4e451e13320d519ff511f6296eab1a6c4343c003fa0c3c826fde688609,,,,,,,,bcddd715026035ef7b31e63913d55e25b6270be6bc6037325c1f80ea1359de5d,cc83ef54f5df550fbc0e634feb927cbfa21477fdb7aed1a23c2d29a56c193542,8a607274f1b3d176dd6acfdc7381c25676b642e78d334a9664e45a2bdf3d52a0,8a988dc83f4082a4f27503ba2906dc6b8733b3c02be567635c726c67bbd48314,16162702ccec82b2a0e27063cd04bd756a27af1f003b4cef0da976d843ef4725,none,read-only,exploratory-base,exploratory-reified,2b9b44b25cd1c568cd57c6c5df25ae260b68229044617821fb33f542dab77648,ae66d4ca42b831aa94f050bbbfbb0f5f14bd256181e832c50cfe67318b5b52bf,2e884d94ace185d62b1b91debf493ccd0a69b83d08e74cf5f1c2be4851b14215,b38a65fc0c1a91e138f057f7b6c08d21c328463aceb40ffda53fc759f99d2f7a,bdd50c08a90e2fb713541b8a118df6250246a917edc41a6776aeafc90b472687,1aa436a40c4b11e5c6b6b94cb7e0be029384a307922b4ec4c546ceb7e348be70,"pcm-meta-v2:{""protocol"":""r9.2-frozen-identity-v7"",""message"":"""",""cell_wall_ms"":172.866,""answer_kind"":""csv-binding-multiset-v1"",""answer_key_count"":18,""answer_fingerprint"":""46a5ef4e451e13320d519ff511f6296eab1a6c4343c003fa0c3c826fde688609"",""c_parse_samples"":[0.0,0.0,0.0],""c_protocol_samples"":[],""construct_total_samples"":[],""construct_unattributed_samples"":[],""status"":""ok"",""status_evidence"":null,""construction_requested"":null,""construction_effective"":null,""commit"":""0ed57212455326682a75871e0e8be71760b35282"",""batch_id"":""3ed0b6107d27b22c52a2e1626c9aeef5fe0a6d326b8a4cd65114686fa3de86bf"",""query_sha256"":""ec9af3cffe6976bcc27a5ca3ba0732c80fe7716160af6d25aa1d6b447b6300e2"",""engine"":""qlever"",""engine_version"":""QLever [engines.json profile]"",""scale"":""100M"",""base_endpoint_sha256"":""bcddd715026035ef7b31e63913d55e25b6270be6bc6037325c1f80ea1359de5d"",""reified_endpoint_sha256"":""cc83ef54f5df550fbc0e634feb927cbfa21477fdb7aed1a23c2d29a56c193542"",""update_endpoint_sha256"":""8a607274f1b3d176dd6acfdc7381c25676b642e78d334a9664e45a2bdf3d52a0"",""base_data_identity_sha256"":""8a988dc83f4082a4f27503ba2906dc6b8733b3c02be567635c726c67bbd48314"",""reified_data_identity_sha256"":""16162702ccec82b2a0e27063cd04bd756a27af1f003b4cef0da976d843ef4725"",""update_for"":""none"",""access_mode"":""read-only"",""base_data_name"":""exploratory-base"",""reified_data_name"":""exploratory-reified"",""update_canary_sha256"":""2b9b44b25cd1c568cd57c6c5df25ae260b68229044617821fb33f542dab77648"",""store_instance_sha256"":""ae66d4ca42b831aa94f050bbbfbb0f5f14bd256181e832c50cfe67318b5b52bf"",""store_discriminator_sha256"":""2e884d94ace185d62b1b91debf493ccd0a69b83d08e74cf5f1c2be4851b14215"",""tool_sha256"":""b38a65fc0c1a91e138f057f7b6c08d21c328463aceb40ffda53fc759f99d2f7a"",""java_runtime_sha256"":""bdd50c08a90e2fb713541b8a118df6250246a917edc41a6776aeafc90b472687"",""run_identity_sha256"":""1aa436a40c4b11e5c6b6b94cb7e0be029384a307922b4ec4c546ceb7e348be70""}"
0ed57212455326682a75871e0e8be71760b35282,qlever,QLever [engines.json profile],100M,O,O5,00,ec9af3cffe6976bcc27a5ca3ba0732c80fe7716160af6d25aa1d6b447b6300e2,N,N_clean (NPCS reimplementation),ok,14,6.9,6.3,7.4,6.9,0.6,1,3,300.0,1274,0.0,,,,17,191.332281,"[7.435, 6.903, 6.287]","[0.0, 0.0, 0.0]",,[],,[],,[],r9.2-frozen-identity-v7,3ed0b6107d27b22c52a2e1626c9aeef5fe0a6d326b8a4cd65114686fa3de86bf,csv-candidate-multiset-v1,14,d49f6fc72651f27778d3a99616d42464797a1e3cbb5c5782c999e8a58e609343,,,,,,,,bcddd715026035ef7b31e63913d55e25b6270be6bc6037325c1f80ea1359de5d,cc83ef54f5df550fbc0e634feb927cbfa21477fdb7aed1a23c2d29a56c193542,8a607274f1b3d176dd6acfdc7381c25676b642e78d334a9664e45a2bdf3d52a0,8a988dc83f4082a4f27503ba2906dc6b8733b3c02be567635c726c67bbd48314,16162702ccec82b2a0e27063cd04bd756a27af1f003b4cef0da976d843ef4725,none,read-only,exploratory-base,exploratory-reified,2b9b44b25cd1c568cd57c6c5df25ae260b68229044617821fb33f542dab77648,ae66d4ca42b831aa94f050bbbfbb0f5f14bd256181e832c50cfe67318b5b52bf,2e884d94ace185d62b1b91debf493ccd0a69b83d08e74cf5f1c2be4851b14215,b38a65fc0c1a91e138f057f7b6c08d21c328463aceb40ffda53fc759f99d2f7a,bdd50c08a90e2fb713541b8a118df6250246a917edc41a6776aeafc90b472687,1aa436a40c4b11e5c6b6b94cb7e0be029384a307922b4ec4c546ceb7e348be70,"pcm-meta-v2:{""protocol"":""r9.2-frozen-identity-v7"",""message"":"""",""cell_wall_ms"":228.443,""answer_kind"":""csv-candidate-multiset-v1"",""answer_key_count"":14,""answer_fingerprint"":""d49f6fc72651f27778d3a99616d42464797a1e3cbb5c5782c999e8a58e609343"",""c_parse_samples"":[0.0,0.0,0.0],""c_protocol_samples"":[],""construct_total_samples"":[],""construct_unattributed_samples"":[],""status"":""ok"",""status_evidence"":null,""construction_requested"":null,""construction_effective"":null,""commit"":""0ed57212455326682a75871e0e8be71760b35282"",""batch_id"":""3ed0b6107d27b22c52a2e1626c9aeef5fe0a6d326b8a4cd65114686fa3de86bf"",""query_sha256"":""ec9af3cffe6976bcc27a5ca3ba0732c80fe7716160af6d25aa1d6b447b6300e2"",""engine"":""qlever"",""engine_version"":""QLever [engines.json profile]"",""scale"":""100M"",""base_endpoint_sha256"":""bcddd715026035ef7b31e63913d55e25b6270be6bc6037325c1f80ea1359de5d"",""reified_endpoint_sha256"":""cc83ef54f5df550fbc0e634feb927cbfa21477fdb7aed1a23c2d29a56c193542"",""update_endpoint_sha256"":""8a607274f1b3d176dd6acfdc7381c25676b642e78d334a9664e45a2bdf3d52a0"",""base_data_identity_sha256"":""8a988dc83f4082a4f27503ba2906dc6b8733b3c02be567635c726c67bbd48314"",""reified_data_identity_sha256"":""16162702ccec82b2a0e27063cd04bd756a27af1f003b4cef0da976d843ef4725"",""update_for"":""none"",""access_mode"":""read-only"",""base_data_name"":""exploratory-base"",""reified_data_name"":""exploratory-reified"",""update_canary_sha256"":""2b9b44b25cd1c568cd57c6c5df25ae260b68229044617821fb33f542dab77648"",""store_instance_sha256"":""ae66d4ca42b831aa94f050bbbfbb0f5f14bd256181e832c50cfe67318b5b52bf"",""store_discriminator_sha256"":""2e884d94ace185d62b1b91debf493ccd0a69b83d08e74cf5f1c2be4851b14215"",""tool_sha256"":""b38a65fc0c1a91e138f057f7b6c08d21c328463aceb40ffda53fc759f99d2f7a"",""java_runtime_sha256"":""bdd50c08a90e2fb713541b8a118df6250246a917edc41a6776aeafc90b472687"",""run_identity_sha256"":""1aa436a40c4b11e5c6b6b94cb7e0be029384a307922b4ec4c546ceb7e348be70""}"
0ed57212455326682a75871e0e8be71760b35282,qlever,QLever [engines.json profile],100M,O,O5,00,ec9af3cffe6976bcc27a5ca3ba0732c80fe7716160af6d25aa1d6b447b6300e2,C,SPARQLcirc CircuitRewriter,err:ValueError,,,,,,,1,3,300.0,,,,,,,381.8344689789228,[],[],,[],,[],,[],r9.2-frozen-identity-v7,3ed0b6107d27b22c52a2e1626c9aeef5fe0a6d326b8a4cd65114686fa3de86bf,,,,,,,,,,,bcddd715026035ef7b31e63913d55e25b6270be6bc6037325c1f80ea1359de5d,cc83ef54f5df550fbc0e634feb927cbfa21477fdb7aed1a23c2d29a56c193542,8a607274f1b3d176dd6acfdc7381c25676b642e78d334a9664e45a2bdf3d52a0,8a988dc83f4082a4f27503ba2906dc6b8733b3c02be567635c726c67bbd48314,16162702ccec82b2a0e27063cd04bd756a27af1f003b4cef0da976d843ef4725,none,read-only,exploratory-base,exploratory-reified,2b9b44b25cd1c568cd57c6c5df25ae260b68229044617821fb33f542dab77648,ae66d4ca42b831aa94f050bbbfbb0f5f14bd256181e832c50cfe67318b5b52bf,2e884d94ace185d62b1b91debf493ccd0a69b83d08e74cf5f1c2be4851b14215,b38a65fc0c1a91e138f057f7b6c08d21c328463aceb40ffda53fc759f99d2f7a,bdd50c08a90e2fb713541b8a118df6250246a917edc41a6776aeafc90b472687,1aa436a40c4b11e5c6b6b94cb7e0be029384a307922b4ec4c546ceb7e348be70,"pcm-meta-v2:{""protocol"":""r9.2-frozen-identity-v7"",""message"":""invalid N-Triples response line 1094953"",""cell_wall_ms"":38950.001,""c_parse_samples"":[],""c_protocol_samples"":[],""construct_total_samples"":[],""construct_unattributed_samples"":[],""status"":""err:ValueError"",""status_evidence"":{""kind"":""unspecified"",""message"":""invalid N-Triples response line 1094953""},""construction_requested"":null,""construction_effective"":null,""commit"":""0ed57212455326682a75871e0e8be71760b35282"",""batch_id"":""3ed0b6107d27b22c52a2e1626c9aeef5fe0a6d326b8a4cd65114686fa3de86bf"",""query_sha256"":""ec9af3cffe6976bcc27a5ca3ba0732c80fe7716160af6d25aa1d6b447b6300e2"",""engine"":""qlever"",""engine_version"":""QLever [engines.json profile]"",""scale"":""100M"",""base_endpoint_sha256"":""bcddd715026035ef7b31e63913d55e25b6270be6bc6037325c1f80ea1359de5d"",""reified_endpoint_sha256"":""cc83ef54f5df550fbc0e634feb927cbfa21477fdb7aed1a23c2d29a56c193542"",""update_endpoint_sha256"":""8a607274f1b3d176dd6acfdc7381c25676b642e78d334a9664e45a2bdf3d52a0"",""base_data_identity_sha256"":""8a988dc83f4082a4f27503ba2906dc6b8733b3c02be567635c726c67bbd48314"",""reified_data_identity_sha256"":""16162702ccec82b2a0e27063cd04bd756a27af1f003b4cef0da976d843ef4725"",""update_for"":""none"",""access_mode"":""read-only"",""base_data_name"":""exploratory-base"",""reified_data_name"":""exploratory-reified"",""update_canary_sha256"":""2b9b44b25cd1c568cd57c6c5df25ae260b68229044617821fb33f542dab77648"",""store_instance_sha256"":""ae66d4ca42b831aa94f050bbbfbb0f5f14bd256181e832c50cfe67318b5b52bf"",""store_discriminator_sha256"":""2e884d94ace185d62b1b91debf493ccd0a69b83d08e74cf5f1c2be4851b14215"",""tool_sha256"":""b38a65fc0c1a91e138f057f7b6c08d21c328463aceb40ffda53fc759f99d2f7a"",""java_runtime_sha256"":""bdd50c08a90e2fb713541b8a118df6250246a917edc41a6776aeafc90b472687"",""run_identity_sha256"":""1aa436a40c4b11e5c6b6b94cb7e0be029384a307922b4ec4c546ceb7e348be70""}"
0ed57212455326682a75871e0e8be71760b35282,qlever,QLever [engines.json profile],100M,M,M1,00,31cc3cc2a162131c645d8c00efac8198f154624658dbdf08952fdf2aa2fcc40f,B,base-select,ok,1113720,4797.2,4780.9,4838.0,4805.4,29.4,1,3,300.0,106241588,0.0,,,,,0.006951,"[4837.958, 4780.885, 4797.25]","[0.0, 0.0, 0.0]",,[],,[],,[],r9.2-frozen-identity-v7,9e553cba3de84dbb4afbce6058abbda72bc549584bf4a2a3741e588564754d95,csv-binding-multiset-v1,1113720,9a1a2189caa43ed743e2835d1882dc5bd940421a947fbdb4eafbb21b456609f2,,,,,,,,bcddd715026035ef7b31e63913d55e25b6270be6bc6037325c1f80ea1359de5d,cc83ef54f5df550fbc0e634feb927cbfa21477fdb7aed1a23c2d29a56c193542,8a607274f1b3d176dd6acfdc7381c25676b642e78d334a9664e45a2bdf3d52a0,8a988dc83f4082a4f27503ba2906dc6b8733b3c02be567635c726c67bbd48314,16162702ccec82b2a0e27063cd04bd756a27af1f003b4cef0da976d843ef4725,none,read-only,exploratory-base,exploratory-reified,2b9b44b25cd1c568cd57c6c5df25ae260b68229044617821fb33f542dab77648,ae66d4ca42b831aa94f050bbbfbb0f5f14bd256181e832c50cfe67318b5b52bf,2e884d94ace185d62b1b91debf493ccd0a69b83d08e74cf5f1c2be4851b14215,b38a65fc0c1a91e138f057f7b6c08d21c328463aceb40ffda53fc759f99d2f7a,bdd50c08a90e2fb713541b8a118df6250246a917edc41a6776aeafc90b472687,fcbdfee5e6512972c190eeb0542f94e98eac65320c4c575fd2d0e4d72007c299,"pcm-meta-v2:{""protocol"":""r9.2-frozen-identity-v7"",""message"":"""",""cell_wall_ms"":26694.286,""answer_kind"":""csv-binding-multiset-v1"",""answer_key_count"":1113720,""answer_fingerprint"":""9a1a2189caa43ed743e2835d1882dc5bd940421a947fbdb4eafbb21b456609f2"",""c_parse_samples"":[0.0,0.0,0.0],""c_protocol_samples"":[],""construct_total_samples"":[],""construct_unattributed_samples"":[],""status"":""ok"",""status_evidence"":null,""construction_requested"":null,""construction_effective"":null,""commit"":""0ed57212455326682a75871e0e8be71760b35282"",""batch_id"":""9e553cba3de84dbb4afbce6058abbda72bc549584bf4a2a3741e588564754d95"",""query_sha256"":""31cc3cc2a162131c645d8c00efac8198f154624658dbdf08952fdf2aa2fcc40f"",""engine"":""qlever"",""engine_version"":""QLever [engines.json profile]"",""scale"":""100M"",""base_endpoint_sha256"":""bcddd715026035ef7b31e63913d55e25b6270be6bc6037325c1f80ea1359de5d"",""reified_endpoint_sha256"":""cc83ef54f5df550fbc0e634feb927cbfa21477fdb7aed1a23c2d29a56c193542"",""update_endpoint_sha256"":""8a607274f1b3d176dd6acfdc7381c25676b642e78d334a9664e45a2bdf3d52a0"",""base_data_identity_sha256"":""8a988dc83f4082a4f27503ba2906dc6b8733b3c02be567635c726c67bbd48314"",""reified_data_identity_sha256"":""16162702ccec82b2a0e27063cd04bd756a27af1f003b4cef0da976d843ef4725"",""update_for"":""none"",""access_mode"":""read-only"",""base_data_name"":""exploratory-base"",""reified_data_name"":""exploratory-reified"",""update_canary_sha256"":""2b9b44b25cd1c568cd57c6c5df25ae260b68229044617821fb33f542dab77648"",""store_instance_sha256"":""ae66d4ca42b831aa94f050bbbfbb0f5f14bd256181e832c50cfe67318b5b52bf"",""store_discriminator_sha256"":""2e884d94ace185d62b1b91debf493ccd0a69b83d08e74cf5f1c2be4851b14215"",""tool_sha256"":""b38a65fc0c1a91e138f057f7b6c08d21c328463aceb40ffda53fc759f99d2f7a"",""java_runtime_sha256"":""bdd50c08a90e2fb713541b8a118df6250246a917edc41a6776aeafc90b472687"",""run_identity_sha256"":""fcbdfee5e6512972c190eeb0542f94e98eac65320c4c575fd2d0e4d72007c299""}"
0ed57212455326682a75871e0e8be71760b35282,qlever,QLever [engines.json profile],100M,M,M1,00,31cc3cc2a162131c645d8c00efac8198f154624658dbdf08952fdf2aa2fcc40f,R,reification-only,ok,1113720,4775.0,4762.9,4894.6,4810.8,72.8,1,3,300.0,106241588,0.0,,,,,139.950103,"[4775.024, 4762.862, 4894.627]","[0.0, 0.0, 0.0]",,[],,[],,[],r9.2-frozen-identity-v7,9e553cba3de84dbb4afbce6058abbda72bc549584bf4a2a3741e588564754d95,csv-binding-multiset-v1,1113720,9a1a2189caa43ed743e2835d1882dc5bd940421a947fbdb4eafbb21b456609f2,,,,,,,,bcddd715026035ef7b31e63913d55e25b6270be6bc6037325c1f80ea1359de5d,cc83ef54f5df550fbc0e634feb927cbfa21477fdb7aed1a23c2d29a56c193542,8a607274f1b3d176dd6acfdc7381c25676b642e78d334a9664e45a2bdf3d52a0,8a988dc83f4082a4f27503ba2906dc6b8733b3c02be567635c726c67bbd48314,16162702ccec82b2a0e27063cd04bd756a27af1f003b4cef0da976d843ef4725,none,read-only,exploratory-base,exploratory-reified,2b9b44b25cd1c568cd57c6c5df25ae260b68229044617821fb33f542dab77648,ae66d4ca42b831aa94f050bbbfbb0f5f14bd256181e832c50cfe67318b5b52bf,2e884d94ace185d62b1b91debf493ccd0a69b83d08e74cf5f1c2be4851b14215,b38a65fc0c1a91e138f057f7b6c08d21c328463aceb40ffda53fc759f99d2f7a,bdd50c08a90e2fb713541b8a118df6250246a917edc41a6776aeafc90b472687,fcbdfee5e6512972c190eeb0542f94e98eac65320c4c575fd2d0e4d72007c299,"pcm-meta-v2:{""protocol"":""r9.2-frozen-identity-v7"",""message"":"""",""cell_wall_ms"":28959.093,""answer_kind"":""csv-binding-multiset-v1"",""answer_key_count"":1113720,""answer_fingerprint"":""9a1a2189caa43ed743e2835d1882dc5bd940421a947fbdb4eafbb21b456609f2"",""c_parse_samples"":[0.0,0.0,0.0],""c_protocol_samples"":[],""construct_total_samples"":[],""construct_unattributed_samples"":[],""status"":""ok"",""status_evidence"":null,""construction_requested"":null,""construction_effective"":null,""commit"":""0ed57212455326682a75871e0e8be71760b35282"",""batch_id"":""9e553cba3de84dbb4afbce6058abbda72bc549584bf4a2a3741e588564754d95"",""query_sha256"":""31cc3cc2a162131c645d8c00efac8198f154624658dbdf08952fdf2aa2fcc40f"",""engine"":""qlever"",""engine_version"":""QLever [engines.json profile]"",""scale"":""100M"",""base_endpoint_sha256"":""bcddd715026035ef7b31e63913d55e25b6270be6bc6037325c1f80ea1359de5d"",""reified_endpoint_sha256"":""cc83ef54f5df550fbc0e634feb927cbfa21477fdb7aed1a23c2d29a56c193542"",""update_endpoint_sha256"":""8a607274f1b3d176dd6acfdc7381c25676b642e78d334a9664e45a2bdf3d52a0"",""base_data_identity_sha256"":""8a988dc83f4082a4f27503ba2906dc6b8733b3c02be567635c726c67bbd48314"",""reified_data_identity_sha256"":""16162702ccec82b2a0e27063cd04bd756a27af1f003b4cef0da976d843ef4725"",""update_for"":""none"",""access_mode"":""read-only"",""base_data_name"":""exploratory-base"",""reified_data_name"":""exploratory-reified"",""update_canary_sha256"":""2b9b44b25cd1c568cd57c6c5df25ae260b68229044617821fb33f542dab77648"",""store_instance_sha256"":""ae66d4ca42b831aa94f050bbbfbb0f5f14bd256181e832c50cfe67318b5b52bf"",""store_discriminator_sha256"":""2e884d94ace185d62b1b91debf493ccd0a69b83d08e74cf5f1c2be4851b14215"",""tool_sha256"":""b38a65fc0c1a91e138f057f7b6c08d21c328463aceb40ffda53fc759f99d2f7a"",""java_runtime_sha256"":""bdd50c08a90e2fb713541b8a118df6250246a917edc41a6776aeafc90b472687"",""run_identity_sha256"":""fcbdfee5e6512972c190eeb0542f94e98eac65320c4c575fd2d0e4d72007c299""}"
0ed57212455326682a75871e0e8be71760b35282,qlever,QLever [engines.json profile],100M,M,M1,00,31cc3cc2a162131c645d8c00efac8198f154624658dbdf08952fdf2aa2fcc40f,N,N_clean (NPCS reimplementation),ok,1119055,4802.2,4801.4,4829.6,4811.1,16.1,1,3,300.0,108327821,0.0,,,,12197,200.746835,"[4829.618, 4801.433, 4802.197]","[0.0, 0.0, 0.0]",,[],,[],,[],r9.2-frozen-identity-v7,9e553cba3de84dbb4afbce6058abbda72bc549584bf4a2a3741e588564754d95,csv-candidate-multiset-v1,1119055,8e4295537bcbdf470fab2e89acc3e3ca942d69b74986cf10da14fa86faeb71c5,,,,,,,,bcddd715026035ef7b31e63913d55e25b6270be6bc6037325c1f80ea1359de5d,cc83ef54f5df550fbc0e634feb927cbfa21477fdb7aed1a23c2d29a56c193542,8a607274f1b3d176dd6acfdc7381c25676b642e78d334a9664e45a2bdf3d52a0,8a988dc83f4082a4f27503ba2906dc6b8733b3c02be567635c726c67bbd48314,16162702ccec82b2a0e27063cd04bd756a27af1f003b4cef0da976d843ef4725,none,read-only,exploratory-base,exploratory-reified,2b9b44b25cd1c568cd57c6c5df25ae260b68229044617821fb33f542dab77648,ae66d4ca42b831aa94f050bbbfbb0f5f14bd256181e832c50cfe67318b5b52bf,2e884d94ace185d62b1b91debf493ccd0a69b83d08e74cf5f1c2be4851b14215,b38a65fc0c1a91e138f057f7b6c08d21c328463aceb40ffda53fc759f99d2f7a,bdd50c08a90e2fb713541b8a118df6250246a917edc41a6776aeafc90b472687,fcbdfee5e6512972c190eeb0542f94e98eac65320c4c575fd2d0e4d72007c299,"pcm-meta-v2:{""protocol"":""r9.2-frozen-identity-v7"",""message"":"""",""cell_wall_ms"":50400.184,""answer_kind"":""csv-candidate-multiset-v1"",""answer_key_count"":1119055,""answer_fingerprint"":""8e4295537bcbdf470fab2e89acc3e3ca942d69b74986cf10da14fa86faeb71c5"",""c_parse_samples"":[0.0,0.0,0.0],""c_protocol_samples"":[],""construct_total_samples"":[],""construct_unattributed_samples"":[],""status"":""ok"",""status_evidence"":null,""construction_requested"":null,""construction_effective"":null,""commit"":""0ed57212455326682a75871e0e8be71760b35282"",""batch_id"":""9e553cba3de84dbb4afbce6058abbda72bc549584bf4a2a3741e588564754d95"",""query_sha256"":""31cc3cc2a162131c645d8c00efac8198f154624658dbdf08952fdf2aa2fcc40f"",""engine"":""qlever"",""engine_version"":""QLever [engines.json profile]"",""scale"":""100M"",""base_endpoint_sha256"":""bcddd715026035ef7b31e63913d55e25b6270be6bc6037325c1f80ea1359de5d"",""reified_endpoint_sha256"":""cc83ef54f5df550fbc0e634feb927cbfa21477fdb7aed1a23c2d29a56c193542"",""update_endpoint_sha256"":""8a607274f1b3d176dd6acfdc7381c25676b642e78d334a9664e45a2bdf3d52a0"",""base_data_identity_sha256"":""8a988dc83f4082a4f27503ba2906dc6b8733b3c02be567635c726c67bbd48314"",""reified_data_identity_sha256"":""16162702ccec82b2a0e27063cd04bd756a27af1f003b4cef0da976d843ef4725"",""update_for"":""none"",""access_mode"":""read-only"",""base_data_name"":""exploratory-base"",""reified_data_name"":""exploratory-reified"",""update_canary_sha256"":""2b9b44b25cd1c568cd57c6c5df25ae260b68229044617821fb33f542dab77648"",""store_instance_sha256"":""ae66d4ca42b831aa94f050bbbfbb0f5f14bd256181e832c50cfe67318b5b52bf"",""store_discriminator_sha256"":""2e884d94ace185d62b1b91debf493ccd0a69b83d08e74cf5f1c2be4851b14215"",""tool_sha256"":""b38a65fc0c1a91e138f057f7b6c08d21c328463aceb40ffda53fc759f99d2f7a"",""java_runtime_sha256"":""bdd50c08a90e2fb713541b8a118df6250246a917edc41a6776aeafc90b472687"",""run_identity_sha256"":""fcbdfee5e6512972c190eeb0542f94e98eac65320c4c575fd2d0e4d72007c299""}"
0ed57212455326682a75871e0e8be71760b35282,qlever,QLever [engines.json profile],100M,M,M1,00,31cc3cc2a162131c645d8c00efac8198f154624658dbdf08952fdf2aa2fcc40f,C,SPARQLcirc CircuitRewriter,err:ValueError,,,,,,,1,3,300.0,,,,,,,384.24121402204037,[],[],,[],,[],,[],r9.2-frozen-identity-v7,9e553cba3de84dbb4afbce6058abbda72bc549584bf4a2a3741e588564754d95,,,,,,,,,,,bcddd715026035ef7b31e63913d55e25b6270be6bc6037325c1f80ea1359de5d,cc83ef54f5df550fbc0e634feb927cbfa21477fdb7aed1a23c2d29a56c193542,8a607274f1b3d176dd6acfdc7381c25676b642e78d334a9664e45a2bdf3d52a0,8a988dc83f4082a4f27503ba2906dc6b8733b3c02be567635c726c67bbd48314,16162702ccec82b2a0e27063cd04bd756a27af1f003b4cef0da976d843ef4725,none,read-only,exploratory-base,exploratory-reified,2b9b44b25cd1c568cd57c6c5df25ae260b68229044617821fb33f542dab77648,ae66d4ca42b831aa94f050bbbfbb0f5f14bd256181e832c50cfe67318b5b52bf,2e884d94ace185d62b1b91debf493ccd0a69b83d08e74cf5f1c2be4851b14215,b38a65fc0c1a91e138f057f7b6c08d21c328463aceb40ffda53fc759f99d2f7a,bdd50c08a90e2fb713541b8a118df6250246a917edc41a6776aeafc90b472687,fcbdfee5e6512972c190eeb0542f94e98eac65320c4c575fd2d0e4d72007c299,"pcm-meta-v2:{""protocol"":""r9.2-frozen-identity-v7"",""message"":""invalid N-Triples response line 1094953"",""cell_wall_ms"":38990.425,""c_parse_samples"":[],""c_protocol_samples"":[],""construct_total_samples"":[],""construct_unattributed_samples"":[],""status"":""err:ValueError"",""status_evidence"":{""kind"":""unspecified"",""message"":""invalid N-Triples response line 1094953""},""construction_requested"":null,""construction_effective"":null,""commit"":""0ed57212455326682a75871e0e8be71760b35282"",""batch_id"":""9e553cba3de84dbb4afbce6058abbda72bc549584bf4a2a3741e588564754d95"",""query_sha256"":""31cc3cc2a162131c645d8c00efac8198f154624658dbdf08952fdf2aa2fcc40f"",""engine"":""qlever"",""engine_version"":""QLever [engines.json profile]"",""scale"":""100M"",""base_endpoint_sha256"":""bcddd715026035ef7b31e63913d55e25b6270be6bc6037325c1f80ea1359de5d"",""reified_endpoint_sha256"":""cc83ef54f5df550fbc0e634feb927cbfa21477fdb7aed1a23c2d29a56c193542"",""update_endpoint_sha256"":""8a607274f1b3d176dd6acfdc7381c25676b642e78d334a9664e45a2bdf3d52a0"",""base_data_identity_sha256"":""8a988dc83f4082a4f27503ba2906dc6b8733b3c02be567635c726c67bbd48314"",""reified_data_identity_sha256"":""16162702ccec82b2a0e27063cd04bd756a27af1f003b4cef0da976d843ef4725"",""update_for"":""none"",""access_mode"":""read-only"",""base_data_name"":""exploratory-base"",""reified_data_name"":""exploratory-reified"",""update_canary_sha256"":""2b9b44b25cd1c568cd57c6c5df25ae260b68229044617821fb33f542dab77648"",""store_instance_sha256"":""ae66d4ca42b831aa94f050bbbfbb0f5f14bd256181e832c50cfe67318b5b52bf"",""store_discriminator_sha256"":""2e884d94ace185d62b1b91debf493ccd0a69b83d08e74cf5f1c2be4851b14215"",""tool_sha256"":""b38a65fc0c1a91e138f057f7b6c08d21c328463aceb40ffda53fc759f99d2f7a"",""java_runtime_sha256"":""bdd50c08a90e2fb713541b8a118df6250246a917edc41a6776aeafc90b472687"",""run_identity_sha256"":""fcbdfee5e6512972c190eeb0542f94e98eac65320c4c575fd2d0e4d72007c299""}"
0ed57212455326682a75871e0e8be71760b35282,qlever,QLever [engines.json profile],100M,M,M2,00,57dabb9eb81d64dbc3cc422093691dfbcd45c8bc0072a0480b32c507db250930,B,base-select,ok,1143538,4878.5,4876.6,4931.9,4895.7,31.4,1,3,300.0,109398884,0.0,,,,,0.00707,"[4876.614, 4931.912, 4878.477]","[0.0, 0.0, 0.0]",,[],,[],,[],r9.2-frozen-identity-v7,9e553cba3de84dbb4afbce6058abbda72bc549584bf4a2a3741e588564754d95,csv-binding-multiset-v1,1143538,dc7b5db527e0268afb72d2bf9b38450f6c1ff66f5a74cfa7501a1b8de239913d,,,,,,,,bcddd715026035ef7b31e63913d55e25b6270be6bc6037325c1f80ea1359de5d,cc83ef54f5df550fbc0e634feb927cbfa21477fdb7aed1a23c2d29a56c193542,8a607274f1b3d176dd6acfdc7381c25676b642e78d334a9664e45a2bdf3d52a0,8a988dc83f4082a4f27503ba2906dc6b8733b3c02be567635c726c67bbd48314,16162702ccec82b2a0e27063cd04bd756a27af1f003b4cef0da976d843ef4725,none,read-only,exploratory-base,exploratory-reified,2b9b44b25cd1c568cd57c6c5df25ae260b68229044617821fb33f542dab77648,ae66d4ca42b831aa94f050bbbfbb0f5f14bd256181e832c50cfe67318b5b52bf,2e884d94ace185d62b1b91debf493ccd0a69b83d08e74cf5f1c2be4851b14215,b38a65fc0c1a91e138f057f7b6c08d21c328463aceb40ffda53fc759f99d2f7a,bdd50c08a90e2fb713541b8a118df6250246a917edc41a6776aeafc90b472687,bcad839eca437069c5a8f31f476447c388941b7f00e763c7509ad8388aa205bf,"pcm-meta-v2:{""protocol"":""r9.2-frozen-identity-v7"",""message"":"""",""cell_wall_ms"":27078.128,""answer_kind"":""csv-binding-multiset-v1"",""answer_key_count"":1143538,""answer_fingerprint"":""dc7b5db527e0268afb72d2bf9b38450f6c1ff66f5a74cfa7501a1b8de239913d"",""c_parse_samples"":[0.0,0.0,0.0],""c_protocol_samples"":[],""construct_total_samples"":[],""construct_unattributed_samples"":[],""status"":""ok"",""status_evidence"":null,""construction_requested"":null,""construction_effective"":null,""commit"":""0ed57212455326682a75871e0e8be71760b35282"",""batch_id"":""9e553cba3de84dbb4afbce6058abbda72bc549584bf4a2a3741e588564754d95"",""query_sha256"":""57dabb9eb81d64dbc3cc422093691dfbcd45c8bc0072a0480b32c507db250930"",""engine"":""qlever"",""engine_version"":""QLever [engines.json profile]"",""scale"":""100M"",""base_endpoint_sha256"":""bcddd715026035ef7b31e63913d55e25b6270be6bc6037325c1f80ea1359de5d"",""reified_endpoint_sha256"":""cc83ef54f5df550fbc0e634feb927cbfa21477fdb7aed1a23c2d29a56c193542"",""update_endpoint_sha256"":""8a607274f1b3d176dd6acfdc7381c25676b642e78d334a9664e45a2bdf3d52a0"",""base_data_identity_sha256"":""8a988dc83f4082a4f27503ba2906dc6b8733b3c02be567635c726c67bbd48314"",""reified_data_identity_sha256"":""16162702ccec82b2a0e27063cd04bd756a27af1f003b4cef0da976d843ef4725"",""update_for"":""none"",""access_mode"":""read-only"",""base_data_name"":""exploratory-base"",""reified_data_name"":""exploratory-reified"",""update_canary_sha256"":""2b9b44b25cd1c568cd57c6c5df25ae260b68229044617821fb33f542dab77648"",""store_instance_sha256"":""ae66d4ca42b831aa94f050bbbfbb0f5f14bd256181e832c50cfe67318b5b52bf"",""store_discriminator_sha256"":""2e884d94ace185d62b1b91debf493ccd0a69b83d08e74cf5f1c2be4851b14215"",""tool_sha256"":""b38a65fc0c1a91e138f057f7b6c08d21c328463aceb40ffda53fc759f99d2f7a"",""java_runtime_sha256"":""bdd50c08a90e2fb713541b8a118df6250246a917edc41a6776aeafc90b472687"",""run_identity_sha256"":""bcad839eca437069c5a8f31f476447c388941b7f00e763c7509ad8388aa205bf""}"
0ed57212455326682a75871e0e8be71760b35282,qlever,QLever [engines.json profile],100M,M,M2,00,57dabb9eb81d64dbc3cc422093691dfbcd45c8bc0072a0480b32c507db250930,R,reification-only,ok,1143538,4794.5,4789.3,4800.3,4794.7,5.5,1,3,300.0,109398884,0.0,,,,,128.1026,"[4800.341, 4789.26, 4794.524]","[0.0, 0.0, 0.0]",,[],,[],,[],r9.2-frozen-identity-v7,9e553cba3de84dbb4afbce6058abbda72bc549584bf4a2a3741e588564754d95,csv-binding-multiset-v1,1143538,dc7b5db527e0268afb72d2bf9b38450f6c1ff66f5a74cfa7501a1b8de239913d,,,,,,,,bcddd715026035ef7b31e63913d55e25b6270be6bc6037325c1f80ea1359de5d,cc83ef54f5df550fbc0e634feb927cbfa21477fdb7aed1a23c2d29a56c193542,8a607274f1b3d176dd6acfdc7381c25676b642e78d334a9664e45a2bdf3d52a0,8a988dc83f4082a4f27503ba2906dc6b8733b3c02be567635c726c67bbd48314,16162702ccec82b2a0e27063cd04bd756a27af1f003b4cef0da976d843ef4725,none,read-only,exploratory-base,exploratory-reified,2b9b44b25cd1c568cd57c6c5df25ae260b68229044617821fb33f542dab77648,ae66d4ca42b831aa94f050bbbfbb0f5f14bd256181e832c50cfe67318b5b52bf,2e884d94ace185d62b1b91debf493ccd0a69b83d08e74cf5f1c2be4851b14215,b38a65fc0c1a91e138f057f7b6c08d21c328463aceb40ffda53fc759f99d2f7a,bdd50c08a90e2fb713541b8a118df6250246a917edc41a6776aeafc90b472687,bcad839eca437069c5a8f31f476447c388941b7f00e763c7509ad8388aa205bf,"pcm-meta-v2:{""protocol"":""r9.2-frozen-identity-v7"",""message"":"""",""cell_wall_ms"":28177.102,""answer_kind"":""csv-binding-multiset-v1"",""answer_key_count"":1143538,""answer_fingerprint"":""dc7b5db527e0268afb72d2bf9b38450f6c1ff66f5a74cfa7501a1b8de239913d"",""c_parse_samples"":[0.0,0.0,0.0],""c_protocol_samples"":[],""construct_total_samples"":[],""construct_unattributed_samples"":[],""status"":""ok"",""status_evidence"":null,""construction_requested"":null,""construction_effective"":null,""commit"":""0ed57212455326682a75871e0e8be71760b35282"",""batch_id"":""9e553cba3de84dbb4afbce6058abbda72bc549584bf4a2a3741e588564754d95"",""query_sha256"":""57dabb9eb81d64dbc3cc422093691dfbcd45c8bc0072a0480b32c507db250930"",""engine"":""qlever"",""engine_version"":""QLever [engines.json profile]"",""scale"":""100M"",""base_endpoint_sha256"":""bcddd715026035ef7b31e63913d55e25b6270be6bc6037325c1f80ea1359de5d"",""reified_endpoint_sha256"":""cc83ef54f5df550fbc0e634feb927cbfa21477fdb7aed1a23c2d29a56c193542"",""update_endpoint_sha256"":""8a607274f1b3d176dd6acfdc7381c25676b642e78d334a9664e45a2bdf3d52a0"",""base_data_identity_sha256"":""8a988dc83f4082a4f27503ba2906dc6b8733b3c02be567635c726c67bbd48314"",""reified_data_identity_sha256"":""16162702ccec82b2a0e27063cd04bd756a27af1f003b4cef0da976d843ef4725"",""update_for"":""none"",""access_mode"":""read-only"",""base_data_name"":""exploratory-base"",""reified_data_name"":""exploratory-reified"",""update_canary_sha256"":""2b9b44b25cd1c568cd57c6c5df25ae260b68229044617821fb33f542dab77648"",""store_instance_sha256"":""ae66d4ca42b831aa94f050bbbfbb0f5f14bd256181e832c50cfe67318b5b52bf"",""store_discriminator_sha256"":""2e884d94ace185d62b1b91debf493ccd0a69b83d08e74cf5f1c2be4851b14215"",""tool_sha256"":""b38a65fc0c1a91e138f057f7b6c08d21c328463aceb40ffda53fc759f99d2f7a"",""java_runtime_sha256"":""bdd50c08a90e2fb713541b8a118df6250246a917edc41a6776aeafc90b472687"",""run_identity_sha256"":""bcad839eca437069c5a8f31f476447c388941b7f00e763c7509ad8388aa205bf""}"
0ed57212455326682a75871e0e8be71760b35282,qlever,QLever [engines.json profile],100M,M,M2,00,57dabb9eb81d64dbc3cc422093691dfbcd45c8bc0072a0480b32c507db250930,N,N_clean (NPCS reimplementation),ok,1499014,6463.0,6451.4,6479.2,6464.5,14.0,1,3,300.0,195448964,0.0,,,,2024528,194.872081,"[6451.387, 6479.193, 6463.04]","[0.0, 0.0, 0.0]",,[],,[],,[],r9.2-frozen-identity-v7,9e553cba3de84dbb4afbce6058abbda72bc549584bf4a2a3741e588564754d95,csv-candidate-multiset-v1,1499014,e9c8636e24fcb235fcb1e10f0d913badd77d159e7364f43a49ab93655bbb4eb6,,,,,,,,bcddd715026035ef7b31e63913d55e25b6270be6bc6037325c1f80ea1359de5d,cc83ef54f5df550fbc0e634feb927cbfa21477fdb7aed1a23c2d29a56c193542,8a607274f1b3d176dd6acfdc7381c25676b642e78d334a9664e45a2bdf3d52a0,8a988dc83f4082a4f27503ba2906dc6b8733b3c02be567635c726c67bbd48314,16162702ccec82b2a0e27063cd04bd756a27af1f003b4cef0da976d843ef4725,none,read-only,exploratory-base,exploratory-reified,2b9b44b25cd1c568cd57c6c5df25ae260b68229044617821fb33f542dab77648,ae66d4ca42b831aa94f050bbbfbb0f5f14bd256181e832c50cfe67318b5b52bf,2e884d94ace185d62b1b91debf493ccd0a69b83d08e74cf5f1c2be4851b14215,b38a65fc0c1a91e138f057f7b6c08d21c328463aceb40ffda53fc759f99d2f7a,bdd50c08a90e2fb713541b8a118df6250246a917edc41a6776aeafc90b472687,bcad839eca437069c5a8f31f476447c388941b7f00e763c7509ad8388aa205bf,"pcm-meta-v2:{""protocol"":""r9.2-frozen-identity-v7"",""message"":"""",""cell_wall_ms"":56724.967,""answer_kind"":""csv-candidate-multiset-v1"",""answer_key_count"":1499014,""answer_fingerprint"":""e9c8636e24fcb235fcb1e10f0d913badd77d159e7364f43a49ab93655bbb4eb6"",""c_parse_samples"":[0.0,0.0,0.0],""c_protocol_samples"":[],""construct_total_samples"":[],""construct_unattributed_samples"":[],""status"":""ok"",""status_evidence"":null,""construction_requested"":null,""construction_effective"":null,""commit"":""0ed57212455326682a75871e0e8be71760b35282"",""batch_id"":""9e553cba3de84dbb4afbce6058abbda72bc549584bf4a2a3741e588564754d95"",""query_sha256"":""57dabb9eb81d64dbc3cc422093691dfbcd45c8bc0072a0480b32c507db250930"",""engine"":""qlever"",""engine_version"":""QLever [engines.json profile]"",""scale"":""100M"",""base_endpoint_sha256"":""bcddd715026035ef7b31e63913d55e25b6270be6bc6037325c1f80ea1359de5d"",""reified_endpoint_sha256"":""cc83ef54f5df550fbc0e634feb927cbfa21477fdb7aed1a23c2d29a56c193542"",""update_endpoint_sha256"":""8a607274f1b3d176dd6acfdc7381c25676b642e78d334a9664e45a2bdf3d52a0"",""base_data_identity_sha256"":""8a988dc83f4082a4f27503ba2906dc6b8733b3c02be567635c726c67bbd48314"",""reified_data_identity_sha256"":""16162702ccec82b2a0e27063cd04bd756a27af1f003b4cef0da976d843ef4725"",""update_for"":""none"",""access_mode"":""read-only"",""base_data_name"":""exploratory-base"",""reified_data_name"":""exploratory-reified"",""update_canary_sha256"":""2b9b44b25cd1c568cd57c6c5df25ae260b68229044617821fb33f542dab77648"",""store_instance_sha256"":""ae66d4ca42b831aa94f050bbbfbb0f5f14bd256181e832c50cfe67318b5b52bf"",""store_discriminator_sha256"":""2e884d94ace185d62b1b91debf493ccd0a69b83d08e74cf5f1c2be4851b14215"",""tool_sha256"":""b38a65fc0c1a91e138f057f7b6c08d21c328463aceb40ffda53fc759f99d2f7a"",""java_runtime_sha256"":""bdd50c08a90e2fb713541b8a118df6250246a917edc41a6776aeafc90b472687"",""run_identity_sha256"":""bcad839eca437069c5a8f31f476447c388941b7f00e763c7509ad8388aa205bf""}"
0ed57212455326682a75871e0e8be71760b35282,qlever,QLever [engines.json profile],100M,M,M2,00,57dabb9eb81d64dbc3cc422093691dfbcd45c8bc0072a0480b32c507db250930,C,SPARQLcirc CircuitRewriter,err:ValueError,,,,,,,1,3,300.0,,,,,,,376.5666279941797,[],[],,[],,[],,[],r9.2-frozen-identity-v7,9e553cba3de84dbb4afbce6058abbda72bc549584bf4a2a3741e588564754d95,,,,,,,,,,,bcddd715026035ef7b31e63913d55e25b6270be6bc6037325c1f80ea1359de5d,cc83ef54f5df550fbc0e634feb927cbfa21477fdb7aed1a23c2d29a56c193542,8a607274f1b3d176dd6acfdc7381c25676b642e78d334a9664e45a2bdf3d52a0,8a988dc83f4082a4f27503ba2906dc6b8733b3c02be567635c726c67bbd48314,16162702ccec82b2a0e27063cd04bd756a27af1f003b4cef0da976d843ef4725,none,read-only,exploratory-base,exploratory-reified,2b9b44b25cd1c568cd57c6c5df25ae260b68229044617821fb33f542dab77648,ae66d4ca42b831aa94f050bbbfbb0f5f14bd256181e832c50cfe67318b5b52bf,2e884d94ace185d62b1b91debf493ccd0a69b83d08e74cf5f1c2be4851b14215,b38a65fc0c1a91e138f057f7b6c08d21c328463aceb40ffda53fc759f99d2f7a,bdd50c08a90e2fb713541b8a118df6250246a917edc41a6776aeafc90b472687,bcad839eca437069c5a8f31f476447c388941b7f00e763c7509ad8388aa205bf,"pcm-meta-v2:{""protocol"":""r9.2-frozen-identity-v7"",""message"":""invalid N-Triples response line 1094688"",""cell_wall_ms"":38640.779,""c_parse_samples"":[],""c_protocol_samples"":[],""construct_total_samples"":[],""construct_unattributed_samples"":[],""status"":""err:ValueError"",""status_evidence"":{""kind"":""unspecified"",""message"":""invalid N-Triples response line 1094688""},""construction_requested"":null,""construction_effective"":null,""commit"":""0ed57212455326682a75871e0e8be71760b35282"",""batch_id"":""9e553cba3de84dbb4afbce6058abbda72bc549584bf4a2a3741e588564754d95"",""query_sha256"":""57dabb9eb81d64dbc3cc422093691dfbcd45c8bc0072a0480b32c507db250930"",""engine"":""qlever"",""engine_version"":""QLever [engines.json profile]"",""scale"":""100M"",""base_endpoint_sha256"":""bcddd715026035ef7b31e63913d55e25b6270be6bc6037325c1f80ea1359de5d"",""reified_endpoint_sha256"":""cc83ef54f5df550fbc0e634feb927cbfa21477fdb7aed1a23c2d29a56c193542"",""update_endpoint_sha256"":""8a607274f1b3d176dd6acfdc7381c25676b642e78d334a9664e45a2bdf3d52a0"",""base_data_identity_sha256"":""8a988dc83f4082a4f27503ba2906dc6b8733b3c02be567635c726c67bbd48314"",""reified_data_identity_sha256"":""16162702ccec82b2a0e27063cd04bd756a27af1f003b4cef0da976d843ef4725"",""update_for"":""none"",""access_mode"":""read-only"",""base_data_name"":""exploratory-base"",""reified_data_name"":""exploratory-reified"",""update_canary_sha256"":""2b9b44b25cd1c568cd57c6c5df25ae260b68229044617821fb33f542dab77648"",""store_instance_sha256"":""ae66d4ca42b831aa94f050bbbfbb0f5f14bd256181e832c50cfe67318b5b52bf"",""store_discriminator_sha256"":""2e884d94ace185d62b1b91debf493ccd0a69b83d08e74cf5f1c2be4851b14215"",""tool_sha256"":""b38a65fc0c1a91e138f057f7b6c08d21c328463aceb40ffda53fc759f99d2f7a"",""java_runtime_sha256"":""bdd50c08a90e2fb713541b8a118df6250246a917edc41a6776aeafc90b472687"",""run_identity_sha256"":""bcad839eca437069c5a8f31f476447c388941b7f00e763c7509ad8388aa205bf""}"
0ed57212455326682a75871e0e8be71760b35282,qlever,QLever [engines.json profile],100M,M,M3,00,143c016ebb5bf4d918995fb8a8437257e0f177fb04bcef9184c9058f18f3eefa,B,base-select,ok,511051,2293.6,2286.4,2301.4,2293.8,7.5,1,3,300.0,50653516,0.0,,,,,0.008241,"[2301.373, 2286.429, 2293.565]","[0.0, 0.0, 0.0]",,[],,[],,[],r9.2-frozen-identity-v7,9e553cba3de84dbb4afbce6058abbda72bc549584bf4a2a3741e588564754d95,csv-binding-multiset-v1,511051,7ff49f4b16b293719220d26b0656c751cb216c2b9d6a67b815028e0af8d111b1,,,,,,,,bcddd715026035ef7b31e63913d55e25b6270be6bc6037325c1f80ea1359de5d,cc83ef54f5df550fbc0e634feb927cbfa21477fdb7aed1a23c2d29a56c193542,8a607274f1b3d176dd6acfdc7381c25676b642e78d334a9664e45a2bdf3d52a0,8a988dc83f4082a4f27503ba2906dc6b8733b3c02be567635c726c67bbd48314,16162702ccec82b2a0e27063cd04bd756a27af1f003b4cef0da976d843ef4725,none,read-only,exploratory-base,exploratory-reified,2b9b44b25cd1c568cd57c6c5df25ae260b68229044617821fb33f542dab77648,ae66d4ca42b831aa94f050bbbfbb0f5f14bd256181e832c50cfe67318b5b52bf,2e884d94ace185d62b1b91debf493ccd0a69b83d08e74cf5f1c2be4851b14215,b38a65fc0c1a91e138f057f7b6c08d21c328463aceb40ffda53fc759f99d2f7a,bdd50c08a90e2fb713541b8a118df6250246a917edc41a6776aeafc90b472687,fb9816e2155ce0781c12fe8b5d43884f716cd782de31101423ddcdfe32edaceb,"pcm-meta-v2:{""protocol"":""r9.2-frozen-identity-v7"",""message"":"""",""cell_wall_ms"":12551.934,""answer_kind"":""csv-binding-multiset-v1"",""answer_key_count"":511051,""answer_fingerprint"":""7ff49f4b16b293719220d26b0656c751cb216c2b9d6a67b815028e0af8d111b1"",""c_parse_samples"":[0.0,0.0,0.0],""c_protocol_samples"":[],""construct_total_samples"":[],""construct_unattributed_samples"":[],""status"":""ok"",""status_evidence"":null,""construction_requested"":null,""construction_effective"":null,""commit"":""0ed57212455326682a75871e0e8be71760b35282"",""batch_id"":""9e553cba3de84dbb4afbce6058abbda72bc549584bf4a2a3741e588564754d95"",""query_sha256"":""143c016ebb5bf4d918995fb8a8437257e0f177fb04bcef9184c9058f18f3eefa"",""engine"":""qlever"",""engine_version"":""QLever [engines.json profile]"",""scale"":""100M"",""base_endpoint_sha256"":""bcddd715026035ef7b31e63913d55e25b6270be6bc6037325c1f80ea1359de5d"",""reified_endpoint_sha256"":""cc83ef54f5df550fbc0e634feb927cbfa21477fdb7aed1a23c2d29a56c193542"",""update_endpoint_sha256"":""8a607274f1b3d176dd6acfdc7381c25676b642e78d334a9664e45a2bdf3d52a0"",""base_data_identity_sha256"":""8a988dc83f4082a4f27503ba2906dc6b8733b3c02be567635c726c67bbd48314"",""reified_data_identity_sha256"":""16162702ccec82b2a0e27063cd04bd756a27af1f003b4cef0da976d843ef4725"",""update_for"":""none"",""access_mode"":""read-only"",""base_data_name"":""exploratory-base"",""reified_data_name"":""exploratory-reified"",""update_canary_sha256"":""2b9b44b25cd1c568cd57c6c5df25ae260b68229044617821fb33f542dab77648"",""store_instance_sha256"":""ae66d4ca42b831aa94f050bbbfbb0f5f14bd256181e832c50cfe67318b5b52bf"",""store_discriminator_sha256"":""2e884d94ace185d62b1b91debf493ccd0a69b83d08e74cf5f1c2be4851b14215"",""tool_sha256"":""b38a65fc0c1a91e138f057f7b6c08d21c328463aceb40ffda53fc759f99d2f7a"",""java_runtime_sha256"":""bdd50c08a90e2fb713541b8a118df6250246a917edc41a6776aeafc90b472687"",""run_identity_sha256"":""fb9816e2155ce0781c12fe8b5d43884f716cd782de31101423ddcdfe32edaceb""}"
0ed57212455326682a75871e0e8be71760b35282,qlever,QLever [engines.json profile],100M,M,M3,00,143c016ebb5bf4d918995fb8a8437257e0f177fb04bcef9184c9058f18f3eefa,R,reification-only,ok,511051,2269.7,2263.0,2338.5,2290.4,41.8,1,3,300.0,50653516,0.0,,,,,145.967734,"[2263.034, 2338.529, 2269.729]","[0.0, 0.0, 0.0]",,[],,[],,[],r9.2-frozen-identity-v7,9e553cba3de84dbb4afbce6058abbda72bc549584bf4a2a3741e588564754d95,csv-binding-multiset-v1,511051,7ff49f4b16b293719220d26b0656c751cb216c2b9d6a67b815028e0af8d111b1,,,,,,,,bcddd715026035ef7b31e63913d55e25b6270be6bc6037325c1f80ea1359de5d,cc83ef54f5df550fbc0e634feb927cbfa21477fdb7aed1a23c2d29a56c193542,8a607274f1b3d176dd6acfdc7381c25676b642e78d334a9664e45a2bdf3d52a0,8a988dc83f4082a4f27503ba2906dc6b8733b3c02be567635c726c67bbd48314,16162702ccec82b2a0e27063cd04bd756a27af1f003b4cef0da976d843ef4725,none,read-only,exploratory-base,exploratory-reified,2b9b44b25cd1c568cd57c6c5df25ae260b68229044617821fb33f542dab77648,ae66d4ca42b831aa94f050bbbfbb0f5f14bd256181e832c50cfe67318b5b52bf,2e884d94ace185d62b1b91debf493ccd0a69b83d08e74cf5f1c2be4851b14215,b38a65fc0c1a91e138f057f7b6c08d21c328463aceb40ffda53fc759f99d2f7a,bdd50c08a90e2fb713541b8a118df6250246a917edc41a6776aeafc90b472687,fb9816e2155ce0781c12fe8b5d43884f716cd782de31101423ddcdfe32edaceb,"pcm-meta-v2:{""protocol"":""r9.2-frozen-identity-v7"",""message"":"""",""cell_wall_ms"":14136.734,""answer_kind"":""csv-binding-multiset-v1"",""answer_key_count"":511051,""answer_fingerprint"":""7ff49f4b16b293719220d26b0656c751cb216c2b9d6a67b815028e0af8d111b1"",""c_parse_samples"":[0.0,0.0,0.0],""c_protocol_samples"":[],""construct_total_samples"":[],""construct_unattributed_samples"":[],""status"":""ok"",""status_evidence"":null,""construction_requested"":null,""construction_effective"":null,""commit"":""0ed57212455326682a75871e0e8be71760b35282"",""batch_id"":""9e553cba3de84dbb4afbce6058abbda72bc549584bf4a2a3741e588564754d95"",""query_sha256"":""143c016ebb5bf4d918995fb8a8437257e0f177fb04bcef9184c9058f18f3eefa"",""engine"":""qlever"",""engine_version"":""QLever [engines.json profile]"",""scale"":""100M"",""base_endpoint_sha256"":""bcddd715026035ef7b31e63913d55e25b6270be6bc6037325c1f80ea1359de5d"",""reified_endpoint_sha256"":""cc83ef54f5df550fbc0e634feb927cbfa21477fdb7aed1a23c2d29a56c193542"",""update_endpoint_sha256"":""8a607274f1b3d176dd6acfdc7381c25676b642e78d334a9664e45a2bdf3d52a0"",""base_data_identity_sha256"":""8a988dc83f4082a4f27503ba2906dc6b8733b3c02be567635c726c67bbd48314"",""reified_data_identity_sha256"":""16162702ccec82b2a0e27063cd04bd756a27af1f003b4cef0da976d843ef4725"",""update_for"":""none"",""access_mode"":""read-only"",""base_data_name"":""exploratory-base"",""reified_data_name"":""exploratory-reified"",""update_canary_sha256"":""2b9b44b25cd1c568cd57c6c5df25ae260b68229044617821fb33f542dab77648"",""store_instance_sha256"":""ae66d4ca42b831aa94f050bbbfbb0f5f14bd256181e832c50cfe67318b5b52bf"",""store_discriminator_sha256"":""2e884d94ace185d62b1b91debf493ccd0a69b83d08e74cf5f1c2be4851b14215"",""tool_sha256"":""b38a65fc0c1a91e138f057f7b6c08d21c328463aceb40ffda53fc759f99d2f7a"",""java_runtime_sha256"":""bdd50c08a90e2fb713541b8a118df6250246a917edc41a6776aeafc90b472687"",""run_identity_sha256"":""fb9816e2155ce0781c12fe8b5d43884f716cd782de31101423ddcdfe32edaceb""}"
0ed57212455326682a75871e0e8be71760b35282,qlever,QLever [engines.json profile],100M,M,M3,00,143c016ebb5bf4d918995fb8a8437257e0f177fb04bcef9184c9058f18f3eefa,N,N_clean (NPCS reimplementation),err:Error,,,,,,,1,3,300.0,,,,,,,184.76683500921354,[],[],,[],,[],,[],r9.2-frozen-identity-v7,9e553cba3de84dbb4afbce6058abbda72bc549584bf4a2a3741e588564754d95,,,,,,,,,,,bcddd715026035ef7b31e63913d55e25b6270be6bc6037325c1f80ea1359de5d,cc83ef54f5df550fbc0e634feb927cbfa21477fdb7aed1a23c2d29a56c193542,8a607274f1b3d176dd6acfdc7381c25676b642e78d334a9664e45a2bdf3d52a0,8a988dc83f4082a4f27503ba2906dc6b8733b3c02be567635c726c67bbd48314,16162702ccec82b2a0e27063cd04bd756a27af1f003b4cef0da976d843ef4725,none,read-only,exploratory-base,exploratory-reified,2b9b44b25cd1c568cd57c6c5df25ae260b68229044617821fb33f542dab77648,ae66d4ca42b831aa94f050bbbfbb0f5f14bd256181e832c50cfe67318b5b52bf,2e884d94ace185d62b1b91debf493ccd0a69b83d08e74cf5f1c2be4851b14215,b38a65fc0c1a91e138f057f7b6c08d21c328463aceb40ffda53fc759f99d2f7a,bdd50c08a90e2fb713541b8a118df6250246a917edc41a6776aeafc90b472687,fb9816e2155ce0781c12fe8b5d43884f716cd782de31101423ddcdfe32edaceb,"pcm-meta-v2:{""protocol"":""r9.2-frozen-identity-v7"",""message"":""field larger than field limit (131072)"",""cell_wall_ms"":35208.741,""c_parse_samples"":[],""c_protocol_samples"":[],""construct_total_samples"":[],""construct_unattributed_samples"":[],""status"":""err:Error"",""status_evidence"":{""kind"":""unspecified"",""message"":""field larger than field limit (131072)""},""construction_requested"":null,""construction_effective"":null,""commit"":""0ed57212455326682a75871e0e8be71760b35282"",""batch_id"":""9e553cba3de84dbb4afbce6058abbda72bc549584bf4a2a3741e588564754d95"",""query_sha256"":""143c016ebb5bf4d918995fb8a8437257e0f177fb04bcef9184c9058f18f3eefa"",""engine"":""qlever"",""engine_version"":""QLever [engines.json profile]"",""scale"":""100M"",""base_endpoint_sha256"":""bcddd715026035ef7b31e63913d55e25b6270be6bc6037325c1f80ea1359de5d"",""reified_endpoint_sha256"":""cc83ef54f5df550fbc0e634feb927cbfa21477fdb7aed1a23c2d29a56c193542"",""update_endpoint_sha256"":""8a607274f1b3d176dd6acfdc7381c25676b642e78d334a9664e45a2bdf3d52a0"",""base_data_identity_sha256"":""8a988dc83f4082a4f27503ba2906dc6b8733b3c02be567635c726c67bbd48314"",""reified_data_identity_sha256"":""16162702ccec82b2a0e27063cd04bd756a27af1f003b4cef0da976d843ef4725"",""update_for"":""none"",""access_mode"":""read-only"",""base_data_name"":""exploratory-base"",""reified_data_name"":""exploratory-reified"",""update_canary_sha256"":""2b9b44b25cd1c568cd57c6c5df25ae260b68229044617821fb33f542dab77648"",""store_instance_sha256"":""ae66d4ca42b831aa94f050bbbfbb0f5f14bd256181e832c50cfe67318b5b52bf"",""store_discriminator_sha256"":""2e884d94ace185d62b1b91debf493ccd0a69b83d08e74cf5f1c2be4851b14215"",""tool_sha256"":""b38a65fc0c1a91e138f057f7b6c08d21c328463aceb40ffda53fc759f99d2f7a"",""java_runtime_sha256"":""bdd50c08a90e2fb713541b8a118df6250246a917edc41a6776aeafc90b472687"",""run_identity_sha256"":""fb9816e2155ce0781c12fe8b5d43884f716cd782de31101423ddcdfe32edaceb""}"
0ed57212455326682a75871e0e8be71760b35282,qlever,QLever [engines.json profile],100M,M,M3,00,143c016ebb5bf4d918995fb8a8437257e0f177fb04bcef9184c9058f18f3eefa,C,SPARQLcirc CircuitRewriter,err:ValueError,,,,,,,1,3,300.0,,,,,,,388.0436519975774,[],[],,[],,[],,[],r9.2-frozen-identity-v7,9e553cba3de84dbb4afbce6058abbda72bc549584bf4a2a3741e588564754d95,,,,,,,,,,,bcddd715026035ef7b31e63913d55e25b6270be6bc6037325c1f80ea1359de5d,cc83ef54f5df550fbc0e634feb927cbfa21477fdb7aed1a23c2d29a56c193542,8a607274f1b3d176dd6acfdc7381c25676b642e78d334a9664e45a2bdf3d52a0,8a988dc83f4082a4f27503ba2906dc6b8733b3c02be567635c726c67bbd48314,16162702ccec82b2a0e27063cd04bd756a27af1f003b4cef0da976d843ef4725,none,read-only,exploratory-base,exploratory-reified,2b9b44b25cd1c568cd57c6c5df25ae260b68229044617821fb33f542dab77648,ae66d4ca42b831aa94f050bbbfbb0f5f14bd256181e832c50cfe67318b5b52bf,2e884d94ace185d62b1b91debf493ccd0a69b83d08e74cf5f1c2be4851b14215,b38a65fc0c1a91e138f057f7b6c08d21c328463aceb40ffda53fc759f99d2f7a,bdd50c08a90e2fb713541b8a118df6250246a917edc41a6776aeafc90b472687,fb9816e2155ce0781c12fe8b5d43884f716cd782de31101423ddcdfe32edaceb,"pcm-meta-v2:{""protocol"":""r9.2-frozen-identity-v7"",""message"":""invalid N-Triples response line 972383"",""cell_wall_ms"":38502.682,""c_parse_samples"":[],""c_protocol_samples"":[],""construct_total_samples"":[],""construct_unattributed_samples"":[],""status"":""err:ValueError"",""status_evidence"":{""kind"":""unspecified"",""message"":""invalid N-Triples response line 972383""},""construction_requested"":null,""construction_effective"":null,""commit"":""0ed57212455326682a75871e0e8be71760b35282"",""batch_id"":""9e553cba3de84dbb4afbce6058abbda72bc549584bf4a2a3741e588564754d95"",""query_sha256"":""143c016ebb5bf4d918995fb8a8437257e0f177fb04bcef9184c9058f18f3eefa"",""engine"":""qlever"",""engine_version"":""QLever [engines.json profile]"",""scale"":""100M"",""base_endpoint_sha256"":""bcddd715026035ef7b31e63913d55e25b6270be6bc6037325c1f80ea1359de5d"",""reified_endpoint_sha256"":""cc83ef54f5df550fbc0e634feb927cbfa21477fdb7aed1a23c2d29a56c193542"",""update_endpoint_sha256"":""8a607274f1b3d176dd6acfdc7381c25676b642e78d334a9664e45a2bdf3d52a0"",""base_data_identity_sha256"":""8a988dc83f4082a4f27503ba2906dc6b8733b3c02be567635c726c67bbd48314"",""reified_data_identity_sha256"":""16162702ccec82b2a0e27063cd04bd756a27af1f003b4cef0da976d843ef4725"",""update_for"":""none"",""access_mode"":""read-only"",""base_data_name"":""exploratory-base"",""reified_data_name"":""exploratory-reified"",""update_canary_sha256"":""2b9b44b25cd1c568cd57c6c5df25ae260b68229044617821fb33f542dab77648"",""store_instance_sha256"":""ae66d4ca42b831aa94f050bbbfbb0f5f14bd256181e832c50cfe67318b5b52bf"",""store_discriminator_sha256"":""2e884d94ace185d62b1b91debf493ccd0a69b83d08e74cf5f1c2be4851b14215"",""tool_sha256"":""b38a65fc0c1a91e138f057f7b6c08d21c328463aceb40ffda53fc759f99d2f7a"",""java_runtime_sha256"":""bdd50c08a90e2fb713541b8a118df6250246a917edc41a6776aeafc90b472687"",""run_identity_sha256"":""fb9816e2155ce0781c12fe8b5d43884f716cd782de31101423ddcdfe32edaceb""}"
0ed57212455326682a75871e0e8be71760b35282,qlever,QLever [engines.json profile],100M,M,M4,00,3fb5f004cde33422716d95d5c5cbacb234aca04af540babdfc6cd8420a43d11d,B,base-select,ok,903769,4064.9,4055.7,4115.0,4078.6,31.9,1,3,300.0,88686586,0.0,,,,,0.00968,"[4115.044, 4055.668, 4064.941]","[0.0, 0.0, 0.0]",,[],,[],,[],r9.2-frozen-identity-v7,9e553cba3de84dbb4afbce6058abbda72bc549584bf4a2a3741e588564754d95,csv-binding-multiset-v1,903769,d2791934adcbf9088e4de32d02323961f92850f9e2a4a8732eedaeaf3ef403fe,,,,,,,,bcddd715026035ef7b31e63913d55e25b6270be6bc6037325c1f80ea1359de5d,cc83ef54f5df550fbc0e634feb927cbfa21477fdb7aed1a23c2d29a56c193542,8a607274f1b3d176dd6acfdc7381c25676b642e78d334a9664e45a2bdf3d52a0,8a988dc83f4082a4f27503ba2906dc6b8733b3c02be567635c726c67bbd48314,16162702ccec82b2a0e27063cd04bd756a27af1f003b4cef0da976d843ef4725,none,read-only,exploratory-base,exploratory-reified,2b9b44b25cd1c568cd57c6c5df25ae260b68229044617821fb33f542dab77648,ae66d4ca42b831aa94f050bbbfbb0f5f14bd256181e832c50cfe67318b5b52bf,2e884d94ace185d62b1b91debf493ccd0a69b83d08e74cf5f1c2be4851b14215,b38a65fc0c1a91e138f057f7b6c08d21c328463aceb40ffda53fc759f99d2f7a,bdd50c08a90e2fb713541b8a118df6250246a917edc41a6776aeafc90b472687,f10d4146e0a19afd3f827a170d5f1d0a5a6ea4ec18613a178ab3ce4c322e81fe,"pcm-meta-v2:{""protocol"":""r9.2-frozen-identity-v7"",""message"":"""",""cell_wall_ms"":22694.297,""answer_kind"":""csv-binding-multiset-v1"",""answer_key_count"":903769,""answer_fingerprint"":""d2791934adcbf9088e4de32d02323961f92850f9e2a4a8732eedaeaf3ef403fe"",""c_parse_samples"":[0.0,0.0,0.0],""c_protocol_samples"":[],""construct_total_samples"":[],""construct_unattributed_samples"":[],""status"":""ok"",""status_evidence"":null,""construction_requested"":null,""construction_effective"":null,""commit"":""0ed57212455326682a75871e0e8be71760b35282"",""batch_id"":""9e553cba3de84dbb4afbce6058abbda72bc549584bf4a2a3741e588564754d95"",""query_sha256"":""3fb5f004cde33422716d95d5c5cbacb234aca04af540babdfc6cd8420a43d11d"",""engine"":""qlever"",""engine_version"":""QLever [engines.json profile]"",""scale"":""100M"",""base_endpoint_sha256"":""bcddd715026035ef7b31e63913d55e25b6270be6bc6037325c1f80ea1359de5d"",""reified_endpoint_sha256"":""cc83ef54f5df550fbc0e634feb927cbfa21477fdb7aed1a23c2d29a56c193542"",""update_endpoint_sha256"":""8a607274f1b3d176dd6acfdc7381c25676b642e78d334a9664e45a2bdf3d52a0"",""base_data_identity_sha256"":""8a988dc83f4082a4f27503ba2906dc6b8733b3c02be567635c726c67bbd48314"",""reified_data_identity_sha256"":""16162702ccec82b2a0e27063cd04bd756a27af1f003b4cef0da976d843ef4725"",""update_for"":""none"",""access_mode"":""read-only"",""base_data_name"":""exploratory-base"",""reified_data_name"":""exploratory-reified"",""update_canary_sha256"":""2b9b44b25cd1c568cd57c6c5df25ae260b68229044617821fb33f542dab77648"",""store_instance_sha256"":""ae66d4ca42b831aa94f050bbbfbb0f5f14bd256181e832c50cfe67318b5b52bf"",""store_discriminator_sha256"":""2e884d94ace185d62b1b91debf493ccd0a69b83d08e74cf5f1c2be4851b14215"",""tool_sha256"":""b38a65fc0c1a91e138f057f7b6c08d21c328463aceb40ffda53fc759f99d2f7a"",""java_runtime_sha256"":""bdd50c08a90e2fb713541b8a118df6250246a917edc41a6776aeafc90b472687"",""run_identity_sha256"":""f10d4146e0a19afd3f827a170d5f1d0a5a6ea4ec18613a178ab3ce4c322e81fe""}"
0ed57212455326682a75871e0e8be71760b35282,qlever,QLever [engines.json profile],100M,M,M4,00,3fb5f004cde33422716d95d5c5cbacb234aca04af540babdfc6cd8420a43d11d,R,reification-only,ok,903769,4004.9,4000.9,4007.7,4004.5,3.4,1,3,300.0,88686586,0.0,,,,,128.076626,"[4007.747, 4004.906, 4000.921]","[0.0, 0.0, 0.0]",,[],,[],,[],r9.2-frozen-identity-v7,9e553cba3de84dbb4afbce6058abbda72bc549584bf4a2a3741e588564754d95,csv-binding-multiset-v1,903769,d2791934adcbf9088e4de32d02323961f92850f9e2a4a8732eedaeaf3ef403fe,,,,,,,,bcddd715026035ef7b31e63913d55e25b6270be6bc6037325c1f80ea1359de5d,cc83ef54f5df550fbc0e634feb927cbfa21477fdb7aed1a23c2d29a56c193542,8a607274f1b3d176dd6acfdc7381c25676b642e78d334a9664e45a2bdf3d52a0,8a988dc83f4082a4f27503ba2906dc6b8733b3c02be567635c726c67bbd48314,16162702ccec82b2a0e27063cd04bd756a27af1f003b4cef0da976d843ef4725,none,read-only,exploratory-base,exploratory-reified,2b9b44b25cd1c568cd57c6c5df25ae260b68229044617821fb33f542dab77648,ae66d4ca42b831aa94f050bbbfbb0f5f14bd256181e832c50cfe67318b5b52bf,2e884d94ace185d62b1b91debf493ccd0a69b83d08e74cf5f1c2be4851b14215,b38a65fc0c1a91e138f057f7b6c08d21c328463aceb40ffda53fc759f99d2f7a,bdd50c08a90e2fb713541b8a118df6250246a917edc41a6776aeafc90b472687,f10d4146e0a19afd3f827a170d5f1d0a5a6ea4ec18613a178ab3ce4c322e81fe,"pcm-meta-v2:{""protocol"":""r9.2-frozen-identity-v7"",""message"":"""",""cell_wall_ms"":30947.502,""answer_kind"":""csv-binding-multiset-v1"",""answer_key_count"":903769,""answer_fingerprint"":""d2791934adcbf9088e4de32d02323961f92850f9e2a4a8732eedaeaf3ef403fe"",""c_parse_samples"":[0.0,0.0,0.0],""c_protocol_samples"":[],""construct_total_samples"":[],""construct_unattributed_samples"":[],""status"":""ok"",""status_evidence"":null,""construction_requested"":null,""construction_effective"":null,""commit"":""0ed57212455326682a75871e0e8be71760b35282"",""batch_id"":""9e553cba3de84dbb4afbce6058abbda72bc549584bf4a2a3741e588564754d95"",""query_sha256"":""3fb5f004cde33422716d95d5c5cbacb234aca04af540babdfc6cd8420a43d11d"",""engine"":""qlever"",""engine_version"":""QLever [engines.json profile]"",""scale"":""100M"",""base_endpoint_sha256"":""bcddd715026035ef7b31e63913d55e25b6270be6bc6037325c1f80ea1359de5d"",""reified_endpoint_sha256"":""cc83ef54f5df550fbc0e634feb927cbfa21477fdb7aed1a23c2d29a56c193542"",""update_endpoint_sha256"":""8a607274f1b3d176dd6acfdc7381c25676b642e78d334a9664e45a2bdf3d52a0"",""base_data_identity_sha256"":""8a988dc83f4082a4f27503ba2906dc6b8733b3c02be567635c726c67bbd48314"",""reified_data_identity_sha256"":""16162702ccec82b2a0e27063cd04bd756a27af1f003b4cef0da976d843ef4725"",""update_for"":""none"",""access_mode"":""read-only"",""base_data_name"":""exploratory-base"",""reified_data_name"":""exploratory-reified"",""update_canary_sha256"":""2b9b44b25cd1c568cd57c6c5df25ae260b68229044617821fb33f542dab77648"",""store_instance_sha256"":""ae66d4ca42b831aa94f050bbbfbb0f5f14bd256181e832c50cfe67318b5b52bf"",""store_discriminator_sha256"":""2e884d94ace185d62b1b91debf493ccd0a69b83d08e74cf5f1c2be4851b14215"",""tool_sha256"":""b38a65fc0c1a91e138f057f7b6c08d21c328463aceb40ffda53fc759f99d2f7a"",""java_runtime_sha256"":""bdd50c08a90e2fb713541b8a118df6250246a917edc41a6776aeafc90b472687"",""run_identity_sha256"":""f10d4146e0a19afd3f827a170d5f1d0a5a6ea4ec18613a178ab3ce4c322e81fe""}"
0ed57212455326682a75871e0e8be71760b35282,qlever,QLever [engines.json profile],100M,M,M4,00,3fb5f004cde33422716d95d5c5cbacb234aca04af540babdfc6cd8420a43d11d,N,N_clean (NPCS reimplementation),err:http,,,,,,,1,3,300.0,,,,,,,185.85509399417788,[],[],,[],,[],,[],r9.2-frozen-identity-v7,9e553cba3de84dbb4afbce6058abbda72bc549584bf4a2a3741e588564754d95,,,,,,,,,,,bcddd715026035ef7b31e63913d55e25b6270be6bc6037325c1f80ea1359de5d,cc83ef54f5df550fbc0e634feb927cbfa21477fdb7aed1a23c2d29a56c193542,8a607274f1b3d176dd6acfdc7381c25676b642e78d334a9664e45a2bdf3d52a0,8a988dc83f4082a4f27503ba2906dc6b8733b3c02be567635c726c67bbd48314,16162702ccec82b2a0e27063cd04bd756a27af1f003b4cef0da976d843ef4725,none,read-only,exploratory-base,exploratory-reified,2b9b44b25cd1c568cd57c6c5df25ae260b68229044617821fb33f542dab77648,ae66d4ca42b831aa94f050bbbfbb0f5f14bd256181e832c50cfe67318b5b52bf,2e884d94ace185d62b1b91debf493ccd0a69b83d08e74cf5f1c2be4851b14215,b38a65fc0c1a91e138f057f7b6c08d21c328463aceb40ffda53fc759f99d2f7a,bdd50c08a90e2fb713541b8a118df6250246a917edc41a6776aeafc90b472687,f10d4146e0a19afd3f827a170d5f1d0a5a6ea4ec18613a178ab3ce4c322e81fe,"pcm-meta-v2:{""protocol"":""r9.2-frozen-identity-v7"",""message"":""HTTP 429: {     \""exception\"": \""Operation timed out. Last operation: Sort (internal order) on ?v0\"",     \""query\"": \""SELECT ?v0 ?v1 (CONCAT(\\\""⊕(\\\"", GROUP_CONCAT(?__n"",""cell_wall_ms"":30940.177,""c_parse_samples"":[],""c_protocol_samples"":[],""construct_total_samples"":[],""construct_unattributed_samples"":[],""status"":""err:http"",""status_evidence"":{""kind"":""retryable-http"",""message"":""HTTP 429: {\n    \""exception\"": \""Operation timed out. Last operation: Sort (internal order) on ?v0\"",\n    \""query\"": \""SELECT ?v0 ?v1 (CONCAT(\\\""⊕(\\\"", GROUP_CONCAT(?__n""},""construction_requested"":null,""construction_effective"":null,""commit"":""0ed57212455326682a75871e0e8be71760b35282"",""batch_id"":""9e553cba3de84dbb4afbce6058abbda72bc549584bf4a2a3741e588564754d95"",""query_sha256"":""3fb5f004cde33422716d95d5c5cbacb234aca04af540babdfc6cd8420a43d11d"",""engine"":""qlever"",""engine_version"":""QLever [engines.json profile]"",""scale"":""100M"",""base_endpoint_sha256"":""bcddd715026035ef7b31e63913d55e25b6270be6bc6037325c1f80ea1359de5d"",""reified_endpoint_sha256"":""cc83ef54f5df550fbc0e634feb927cbfa21477fdb7aed1a23c2d29a56c193542"",""update_endpoint_sha256"":""8a607274f1b3d176dd6acfdc7381c25676b642e78d334a9664e45a2bdf3d52a0"",""base_data_identity_sha256"":""8a988dc83f4082a4f27503ba2906dc6b8733b3c02be567635c726c67bbd48314"",""reified_data_identity_sha256"":""16162702ccec82b2a0e27063cd04bd756a27af1f003b4cef0da976d843ef4725"",""update_for"":""none"",""access_mode"":""read-only"",""base_data_name"":""exploratory-base"",""reified_data_name"":""exploratory-reified"",""update_canary_sha256"":""2b9b44b25cd1c568cd57c6c5df25ae260b68229044617821fb33f542dab77648"",""store_instance_sha256"":""ae66d4ca42b831aa94f050bbbfbb0f5f14bd256181e832c50cfe67318b5b52bf"",""store_discriminator_sha256"":""2e884d94ace185d62b1b91debf493ccd0a69b83d08e74cf5f1c2be4851b14215"",""tool_sha256"":""b38a65fc0c1a91e138f057f7b6c08d21c328463aceb40ffda53fc759f99d2f7a"",""java_runtime_sha256"":""bdd50c08a90e2fb713541b8a118df6250246a917edc41a6776aeafc90b472687"",""run_identity_sha256"":""f10d4146e0a19afd3f827a170d5f1d0a5a6ea4ec18613a178ab3ce4c322e81fe""}"
0ed57212455326682a75871e0e8be71760b35282,qlever,QLever [engines.json profile],100M,M,M4,00,3fb5f004cde33422716d95d5c5cbacb234aca04af540babdfc6cd8420a43d11d,C,SPARQLcirc CircuitRewriter,err:ValueError,,,,,,,1,3,300.0,,,,,,,382.14771600905806,[],[],,[],,[],,[],r9.2-frozen-identity-v7,9e553cba3de84dbb4afbce6058abbda72bc549584bf4a2a3741e588564754d95,,,,,,,,,,,bcddd715026035ef7b31e63913d55e25b6270be6bc6037325c1f80ea1359de5d,cc83ef54f5df550fbc0e634feb927cbfa21477fdb7aed1a23c2d29a56c193542,8a607274f1b3d176dd6acfdc7381c25676b642e78d334a9664e45a2bdf3d52a0,8a988dc83f4082a4f27503ba2906dc6b8733b3c02be567635c726c67bbd48314,16162702ccec82b2a0e27063cd04bd756a27af1f003b4cef0da976d843ef4725,none,read-only,exploratory-base,exploratory-reified,2b9b44b25cd1c568cd57c6c5df25ae260b68229044617821fb33f542dab77648,ae66d4ca42b831aa94f050bbbfbb0f5f14bd256181e832c50cfe67318b5b52bf,2e884d94ace185d62b1b91debf493ccd0a69b83d08e74cf5f1c2be4851b14215,b38a65fc0c1a91e138f057f7b6c08d21c328463aceb40ffda53fc759f99d2f7a,bdd50c08a90e2fb713541b8a118df6250246a917edc41a6776aeafc90b472687,f10d4146e0a19afd3f827a170d5f1d0a5a6ea4ec18613a178ab3ce4c322e81fe,"pcm-meta-v2:{""protocol"":""r9.2-frozen-identity-v7"",""message"":""invalid N-Triples response line 1073843"",""cell_wall_ms"":38525.586,""c_parse_samples"":[],""c_protocol_samples"":[],""construct_total_samples"":[],""construct_unattributed_samples"":[],""status"":""err:ValueError"",""status_evidence"":{""kind"":""unspecified"",""message"":""invalid N-Triples response line 1073843""},""construction_requested"":null,""construction_effective"":null,""commit"":""0ed57212455326682a75871e0e8be71760b35282"",""batch_id"":""9e553cba3de84dbb4afbce6058abbda72bc549584bf4a2a3741e588564754d95"",""query_sha256"":""3fb5f004cde33422716d95d5c5cbacb234aca04af540babdfc6cd8420a43d11d"",""engine"":""qlever"",""engine_version"":""QLever [engines.json profile]"",""scale"":""100M"",""base_endpoint_sha256"":""bcddd715026035ef7b31e63913d55e25b6270be6bc6037325c1f80ea1359de5d"",""reified_endpoint_sha256"":""cc83ef54f5df550fbc0e634feb927cbfa21477fdb7aed1a23c2d29a56c193542"",""update_endpoint_sha256"":""8a607274f1b3d176dd6acfdc7381c25676b642e78d334a9664e45a2bdf3d52a0"",""base_data_identity_sha256"":""8a988dc83f4082a4f27503ba2906dc6b8733b3c02be567635c726c67bbd48314"",""reified_data_identity_sha256"":""16162702ccec82b2a0e27063cd04bd756a27af1f003b4cef0da976d843ef4725"",""update_for"":""none"",""access_mode"":""read-only"",""base_data_name"":""exploratory-base"",""reified_data_name"":""exploratory-reified"",""update_canary_sha256"":""2b9b44b25cd1c568cd57c6c5df25ae260b68229044617821fb33f542dab77648"",""store_instance_sha256"":""ae66d4ca42b831aa94f050bbbfbb0f5f14bd256181e832c50cfe67318b5b52bf"",""store_discriminator_sha256"":""2e884d94ace185d62b1b91debf493ccd0a69b83d08e74cf5f1c2be4851b14215"",""tool_sha256"":""b38a65fc0c1a91e138f057f7b6c08d21c328463aceb40ffda53fc759f99d2f7a"",""java_runtime_sha256"":""bdd50c08a90e2fb713541b8a118df6250246a917edc41a6776aeafc90b472687"",""run_identity_sha256"":""f10d4146e0a19afd3f827a170d5f1d0a5a6ea4ec18613a178ab3ce4c322e81fe""}"
0ed57212455326682a75871e0e8be71760b35282,qlever,QLever [engines.json profile],100M,M,M5,00,dbc6ab431c394a25feca14ac948b1ff1ee2c7bd219d3350f64cbec9447ef0e16,B,base-select,ok,896707,3854.8,3843.8,3862.4,3853.6,9.4,1,3,300.0,85525733,0.0,,,,,0.00847,"[3862.423, 3854.76, 3843.755]","[0.0, 0.0, 0.0]",,[],,[],,[],r9.2-frozen-identity-v7,9e553cba3de84dbb4afbce6058abbda72bc549584bf4a2a3741e588564754d95,csv-binding-multiset-v1,896707,e3f068397bc99cd4574fd993b4d3f87b6f4e08b21e1d7634dc92d895b3f55596,,,,,,,,bcddd715026035ef7b31e63913d55e25b6270be6bc6037325c1f80ea1359de5d,cc83ef54f5df550fbc0e634feb927cbfa21477fdb7aed1a23c2d29a56c193542,8a607274f1b3d176dd6acfdc7381c25676b642e78d334a9664e45a2bdf3d52a0,8a988dc83f4082a4f27503ba2906dc6b8733b3c02be567635c726c67bbd48314,16162702ccec82b2a0e27063cd04bd756a27af1f003b4cef0da976d843ef4725,none,read-only,exploratory-base,exploratory-reified,2b9b44b25cd1c568cd57c6c5df25ae260b68229044617821fb33f542dab77648,ae66d4ca42b831aa94f050bbbfbb0f5f14bd256181e832c50cfe67318b5b52bf,2e884d94ace185d62b1b91debf493ccd0a69b83d08e74cf5f1c2be4851b14215,b38a65fc0c1a91e138f057f7b6c08d21c328463aceb40ffda53fc759f99d2f7a,bdd50c08a90e2fb713541b8a118df6250246a917edc41a6776aeafc90b472687,f3ac2c2702db909ab1c510d4c537f6731456c20b4af1907bb108bb9a8b3f7ca2,"pcm-meta-v2:{""protocol"":""r9.2-frozen-identity-v7"",""message"":"""",""cell_wall_ms"":21184.608,""answer_kind"":""csv-binding-multiset-v1"",""answer_key_count"":896707,""answer_fingerprint"":""e3f068397bc99cd4574fd993b4d3f87b6f4e08b21e1d7634dc92d895b3f55596"",""c_parse_samples"":[0.0,0.0,0.0],""c_protocol_samples"":[],""construct_total_samples"":[],""construct_unattributed_samples"":[],""status"":""ok"",""status_evidence"":null,""construction_requested"":null,""construction_effective"":null,""commit"":""0ed57212455326682a75871e0e8be71760b35282"",""batch_id"":""9e553cba3de84dbb4afbce6058abbda72bc549584bf4a2a3741e588564754d95"",""query_sha256"":""dbc6ab431c394a25feca14ac948b1ff1ee2c7bd219d3350f64cbec9447ef0e16"",""engine"":""qlever"",""engine_version"":""QLever [engines.json profile]"",""scale"":""100M"",""base_endpoint_sha256"":""bcddd715026035ef7b31e63913d55e25b6270be6bc6037325c1f80ea1359de5d"",""reified_endpoint_sha256"":""cc83ef54f5df550fbc0e634feb927cbfa21477fdb7aed1a23c2d29a56c193542"",""update_endpoint_sha256"":""8a607274f1b3d176dd6acfdc7381c25676b642e78d334a9664e45a2bdf3d52a0"",""base_data_identity_sha256"":""8a988dc83f4082a4f27503ba2906dc6b8733b3c02be567635c726c67bbd48314"",""reified_data_identity_sha256"":""16162702ccec82b2a0e27063cd04bd756a27af1f003b4cef0da976d843ef4725"",""update_for"":""none"",""access_mode"":""read-only"",""base_data_name"":""exploratory-base"",""reified_data_name"":""exploratory-reified"",""update_canary_sha256"":""2b9b44b25cd1c568cd57c6c5df25ae260b68229044617821fb33f542dab77648"",""store_instance_sha256"":""ae66d4ca42b831aa94f050bbbfbb0f5f14bd256181e832c50cfe67318b5b52bf"",""store_discriminator_sha256"":""2e884d94ace185d62b1b91debf493ccd0a69b83d08e74cf5f1c2be4851b14215"",""tool_sha256"":""b38a65fc0c1a91e138f057f7b6c08d21c328463aceb40ffda53fc759f99d2f7a"",""java_runtime_sha256"":""bdd50c08a90e2fb713541b8a118df6250246a917edc41a6776aeafc90b472687"",""run_identity_sha256"":""f3ac2c2702db909ab1c510d4c537f6731456c20b4af1907bb108bb9a8b3f7ca2""}"
0ed57212455326682a75871e0e8be71760b35282,qlever,QLever [engines.json profile],100M,M,M5,00,dbc6ab431c394a25feca14ac948b1ff1ee2c7bd219d3350f64cbec9447ef0e16,R,reification-only,ok,896707,3803.7,3800.4,3807.6,3803.9,3.6,1,3,300.0,85525733,0.0,,,,,129.754034,"[3807.598, 3800.427, 3803.742]","[0.0, 0.0, 0.0]",,[],,[],,[],r9.2-frozen-identity-v7,9e553cba3de84dbb4afbce6058abbda72bc549584bf4a2a3741e588564754d95,csv-binding-multiset-v1,896707,e3f068397bc99cd4574fd993b4d3f87b6f4e08b21e1d7634dc92d895b3f55596,,,,,,,,bcddd715026035ef7b31e63913d55e25b6270be6bc6037325c1f80ea1359de5d,cc83ef54f5df550fbc0e634feb927cbfa21477fdb7aed1a23c2d29a56c193542,8a607274f1b3d176dd6acfdc7381c25676b642e78d334a9664e45a2bdf3d52a0,8a988dc83f4082a4f27503ba2906dc6b8733b3c02be567635c726c67bbd48314,16162702ccec82b2a0e27063cd04bd756a27af1f003b4cef0da976d843ef4725,none,read-only,exploratory-base,exploratory-reified,2b9b44b25cd1c568cd57c6c5df25ae260b68229044617821fb33f542dab77648,ae66d4ca42b831aa94f050bbbfbb0f5f14bd256181e832c50cfe67318b5b52bf,2e884d94ace185d62b1b91debf493ccd0a69b83d08e74cf5f1c2be4851b14215,b38a65fc0c1a91e138f057f7b6c08d21c328463aceb40ffda53fc759f99d2f7a,bdd50c08a90e2fb713541b8a118df6250246a917edc41a6776aeafc90b472687,f3ac2c2702db909ab1c510d4c537f6731456c20b4af1907bb108bb9a8b3f7ca2,"pcm-meta-v2:{""protocol"":""r9.2-frozen-identity-v7"",""message"":"""",""cell_wall_ms"":22377.299,""answer_kind"":""csv-binding-multiset-v1"",""answer_key_count"":896707,""answer_fingerprint"":""e3f068397bc99cd4574fd993b4d3f87b6f4e08b21e1d7634dc92d895b3f55596"",""c_parse_samples"":[0.0,0.0,0.0],""c_protocol_samples"":[],""construct_total_samples"":[],""construct_unattributed_samples"":[],""status"":""ok"",""status_evidence"":null,""construction_requested"":null,""construction_effective"":null,""commit"":""0ed57212455326682a75871e0e8be71760b35282"",""batch_id"":""9e553cba3de84dbb4afbce6058abbda72bc549584bf4a2a3741e588564754d95"",""query_sha256"":""dbc6ab431c394a25feca14ac948b1ff1ee2c7bd219d3350f64cbec9447ef0e16"",""engine"":""qlever"",""engine_version"":""QLever [engines.json profile]"",""scale"":""100M"",""base_endpoint_sha256"":""bcddd715026035ef7b31e63913d55e25b6270be6bc6037325c1f80ea1359de5d"",""reified_endpoint_sha256"":""cc83ef54f5df550fbc0e634feb927cbfa21477fdb7aed1a23c2d29a56c193542"",""update_endpoint_sha256"":""8a607274f1b3d176dd6acfdc7381c25676b642e78d334a9664e45a2bdf3d52a0"",""base_data_identity_sha256"":""8a988dc83f4082a4f27503ba2906dc6b8733b3c02be567635c726c67bbd48314"",""reified_data_identity_sha256"":""16162702ccec82b2a0e27063cd04bd756a27af1f003b4cef0da976d843ef4725"",""update_for"":""none"",""access_mode"":""read-only"",""base_data_name"":""exploratory-base"",""reified_data_name"":""exploratory-reified"",""update_canary_sha256"":""2b9b44b25cd1c568cd57c6c5df25ae260b68229044617821fb33f542dab77648"",""store_instance_sha256"":""ae66d4ca42b831aa94f050bbbfbb0f5f14bd256181e832c50cfe67318b5b52bf"",""store_discriminator_sha256"":""2e884d94ace185d62b1b91debf493ccd0a69b83d08e74cf5f1c2be4851b14215"",""tool_sha256"":""b38a65fc0c1a91e138f057f7b6c08d21c328463aceb40ffda53fc759f99d2f7a"",""java_runtime_sha256"":""bdd50c08a90e2fb713541b8a118df6250246a917edc41a6776aeafc90b472687"",""run_identity_sha256"":""f3ac2c2702db909ab1c510d4c537f6731456c20b4af1907bb108bb9a8b3f7ca2""}"
0ed57212455326682a75871e0e8be71760b35282,qlever,QLever [engines.json profile],100M,M,M5,00,dbc6ab431c394a25feca14ac948b1ff1ee2c7bd219d3350f64cbec9447ef0e16,N,N_clean (NPCS reimplementation),ok,1119055,4891.3,4881.1,4893.5,4888.6,6.6,1,3,300.0,152656769,0.0,,,,1891400,186.836787,"[4881.08, 4891.331, 4893.452]","[0.0, 0.0, 0.0]",,[],,[],,[],r9.2-frozen-identity-v7,9e553cba3de84dbb4afbce6058abbda72bc549584bf4a2a3741e588564754d95,csv-candidate-multiset-v1,1119055,8e4295537bcbdf470fab2e89acc3e3ca942d69b74986cf10da14fa86faeb71c5,,,,,,,,bcddd715026035ef7b31e63913d55e25b6270be6bc6037325c1f80ea1359de5d,cc83ef54f5df550fbc0e634feb927cbfa21477fdb7aed1a23c2d29a56c193542,8a607274f1b3d176dd6acfdc7381c25676b642e78d334a9664e45a2bdf3d52a0,8a988dc83f4082a4f27503ba2906dc6b8733b3c02be567635c726c67bbd48314,16162702ccec82b2a0e27063cd04bd756a27af1f003b4cef0da976d843ef4725,none,read-only,exploratory-base,exploratory-reified,2b9b44b25cd1c568cd57c6c5df25ae260b68229044617821fb33f542dab77648,ae66d4ca42b831aa94f050bbbfbb0f5f14bd256181e832c50cfe67318b5b52bf,2e884d94ace185d62b1b91debf493ccd0a69b83d08e74cf5f1c2be4851b14215,b38a65fc0c1a91e138f057f7b6c08d21c328463aceb40ffda53fc759f99d2f7a,bdd50c08a90e2fb713541b8a118df6250246a917edc41a6776aeafc90b472687,f3ac2c2702db909ab1c510d4c537f6731456c20b4af1907bb108bb9a8b3f7ca2,"pcm-meta-v2:{""protocol"":""r9.2-frozen-identity-v7"",""message"":"""",""cell_wall_ms"":42428.296,""answer_kind"":""csv-candidate-multiset-v1"",""answer_key_count"":1119055,""answer_fingerprint"":""8e4295537bcbdf470fab2e89acc3e3ca942d69b74986cf10da14fa86faeb71c5"",""c_parse_samples"":[0.0,0.0,0.0],""c_protocol_samples"":[],""construct_total_samples"":[],""construct_unattributed_samples"":[],""status"":""ok"",""status_evidence"":null,""construction_requested"":null,""construction_effective"":null,""commit"":""0ed57212455326682a75871e0e8be71760b35282"",""batch_id"":""9e553cba3de84dbb4afbce6058abbda72bc549584bf4a2a3741e588564754d95"",""query_sha256"":""dbc6ab431c394a25feca14ac948b1ff1ee2c7bd219d3350f64cbec9447ef0e16"",""engine"":""qlever"",""engine_version"":""QLever [engines.json profile]"",""scale"":""100M"",""base_endpoint_sha256"":""bcddd715026035ef7b31e63913d55e25b6270be6bc6037325c1f80ea1359de5d"",""reified_endpoint_sha256"":""cc83ef54f5df550fbc0e634feb927cbfa21477fdb7aed1a23c2d29a56c193542"",""update_endpoint_sha256"":""8a607274f1b3d176dd6acfdc7381c25676b642e78d334a9664e45a2bdf3d52a0"",""base_data_identity_sha256"":""8a988dc83f4082a4f27503ba2906dc6b8733b3c02be567635c726c67bbd48314"",""reified_data_identity_sha256"":""16162702ccec82b2a0e27063cd04bd756a27af1f003b4cef0da976d843ef4725"",""update_for"":""none"",""access_mode"":""read-only"",""base_data_name"":""exploratory-base"",""reified_data_name"":""exploratory-reified"",""update_canary_sha256"":""2b9b44b25cd1c568cd57c6c5df25ae260b68229044617821fb33f542dab77648"",""store_instance_sha256"":""ae66d4ca42b831aa94f050bbbfbb0f5f14bd256181e832c50cfe67318b5b52bf"",""store_discriminator_sha256"":""2e884d94ace185d62b1b91debf493ccd0a69b83d08e74cf5f1c2be4851b14215"",""tool_sha256"":""b38a65fc0c1a91e138f057f7b6c08d21c328463aceb40ffda53fc759f99d2f7a"",""java_runtime_sha256"":""bdd50c08a90e2fb713541b8a118df6250246a917edc41a6776aeafc90b472687"",""run_identity_sha256"":""f3ac2c2702db909ab1c510d4c537f6731456c20b4af1907bb108bb9a8b3f7ca2""}"
0ed57212455326682a75871e0e8be71760b35282,qlever,QLever [engines.json profile],100M,M,M5,00,dbc6ab431c394a25feca14ac948b1ff1ee2c7bd219d3350f64cbec9447ef0e16,C,SPARQLcirc CircuitRewriter,err:ValueError,,,,,,,1,3,300.0,,,,,,,371.4416220318526,[],[],,[],,[],,[],r9.2-frozen-identity-v7,9e553cba3de84dbb4afbce6058abbda72bc549584bf4a2a3741e588564754d95,,,,,,,,,,,bcddd715026035ef7b31e63913d55e25b6270be6bc6037325c1f80ea1359de5d,cc83ef54f5df550fbc0e634feb927cbfa21477fdb7aed1a23c2d29a56c193542,8a607274f1b3d176dd6acfdc7381c25676b642e78d334a9664e45a2bdf3d52a0,8a988dc83f4082a4f27503ba2906dc6b8733b3c02be567635c726c67bbd48314,16162702ccec82b2a0e27063cd04bd756a27af1f003b4cef0da976d843ef4725,none,read-only,exploratory-base,exploratory-reified,2b9b44b25cd1c568cd57c6c5df25ae260b68229044617821fb33f542dab77648,ae66d4ca42b831aa94f050bbbfbb0f5f14bd256181e832c50cfe67318b5b52bf,2e884d94ace185d62b1b91debf493ccd0a69b83d08e74cf5f1c2be4851b14215,b38a65fc0c1a91e138f057f7b6c08d21c328463aceb40ffda53fc759f99d2f7a,bdd50c08a90e2fb713541b8a118df6250246a917edc41a6776aeafc90b472687,f3ac2c2702db909ab1c510d4c537f6731456c20b4af1907bb108bb9a8b3f7ca2,"pcm-meta-v2:{""protocol"":""r9.2-frozen-identity-v7"",""message"":""invalid N-Triples response line 1109467"",""cell_wall_ms"":38763.811,""c_parse_samples"":[],""c_protocol_samples"":[],""construct_total_samples"":[],""construct_unattributed_samples"":[],""status"":""err:ValueError"",""status_evidence"":{""kind"":""unspecified"",""message"":""invalid N-Triples response line 1109467""},""construction_requested"":null,""construction_effective"":null,""commit"":""0ed57212455326682a75871e0e8be71760b35282"",""batch_id"":""9e553cba3de84dbb4afbce6058abbda72bc549584bf4a2a3741e588564754d95"",""query_sha256"":""dbc6ab431c394a25feca14ac948b1ff1ee2c7bd219d3350f64cbec9447ef0e16"",""engine"":""qlever"",""engine_version"":""QLever [engines.json profile]"",""scale"":""100M"",""base_endpoint_sha256"":""bcddd715026035ef7b31e63913d55e25b6270be6bc6037325c1f80ea1359de5d"",""reified_endpoint_sha256"":""cc83ef54f5df550fbc0e634feb927cbfa21477fdb7aed1a23c2d29a56c193542"",""update_endpoint_sha256"":""8a607274f1b3d176dd6acfdc7381c25676b642e78d334a9664e45a2bdf3d52a0"",""base_data_identity_sha256"":""8a988dc83f4082a4f27503ba2906dc6b8733b3c02be567635c726c67bbd48314"",""reified_data_identity_sha256"":""16162702ccec82b2a0e27063cd04bd756a27af1f003b4cef0da976d843ef4725"",""update_for"":""none"",""access_mode"":""read-only"",""base_data_name"":""exploratory-base"",""reified_data_name"":""exploratory-reified"",""update_canary_sha256"":""2b9b44b25cd1c568cd57c6c5df25ae260b68229044617821fb33f542dab77648"",""store_instance_sha256"":""ae66d4ca42b831aa94f050bbbfbb0f5f14bd256181e832c50cfe67318b5b52bf"",""store_discriminator_sha256"":""2e884d94ace185d62b1b91debf493ccd0a69b83d08e74cf5f1c2be4851b14215"",""tool_sha256"":""b38a65fc0c1a91e138f057f7b6c08d21c328463aceb40ffda53fc759f99d2f7a"",""java_runtime_sha256"":""bdd50c08a90e2fb713541b8a118df6250246a917edc41a6776aeafc90b472687"",""run_identity_sha256"":""f3ac2c2702db909ab1c510d4c537f6731456c20b4af1907bb108bb9a8b3f7ca2""}"
0ed57212455326682a75871e0e8be71760b35282,qlever,QLever [engines.json profile],100M,C,C1,00,ef8aa4a34b4e6f77cd2222ea98467b92ca1acc5ed05ba7efc6d7f7aff345f7a1,B,base-select,ok,201,14.6,14.5,15.4,14.8,0.5,1,3,300.0,39240,0.0,,,,,0.00642,"[15.401, 14.6, 14.451]","[0.0, 0.0, 0.0]",,[],,[],,[],r9.2-frozen-identity-v7,4505d3956d3aa7fd15f472ef0c86a7f43e8d0833a104f408795260a06cee4f46,csv-binding-multiset-v1,201,eceee378b5bc0013894e8cd4fe22d1b9c23bd49a251e4a1144751fd8ae0ab51d,,,,,,,,bcddd715026035ef7b31e63913d55e25b6270be6bc6037325c1f80ea1359de5d,cc83ef54f5df550fbc0e634feb927cbfa21477fdb7aed1a23c2d29a56c193542,8a607274f1b3d176dd6acfdc7381c25676b642e78d334a9664e45a2bdf3d52a0,8a988dc83f4082a4f27503ba2906dc6b8733b3c02be567635c726c67bbd48314,16162702ccec82b2a0e27063cd04bd756a27af1f003b4cef0da976d843ef4725,none,read-only,exploratory-base,exploratory-reified,2b9b44b25cd1c568cd57c6c5df25ae260b68229044617821fb33f542dab77648,ae66d4ca42b831aa94f050bbbfbb0f5f14bd256181e832c50cfe67318b5b52bf,2e884d94ace185d62b1b91debf493ccd0a69b83d08e74cf5f1c2be4851b14215,b38a65fc0c1a91e138f057f7b6c08d21c328463aceb40ffda53fc759f99d2f7a,bdd50c08a90e2fb713541b8a118df6250246a917edc41a6776aeafc90b472687,721413f83947588c549f73b3132cad6e689faf8774b348b3b7f1b383a7c82663,"pcm-meta-v2:{""protocol"":""r9.2-frozen-identity-v7"",""message"":"""",""cell_wall_ms"":209.306,""answer_kind"":""csv-binding-multiset-v1"",""answer_key_count"":201,""answer_fingerprint"":""eceee378b5bc0013894e8cd4fe22d1b9c23bd49a251e4a1144751fd8ae0ab51d"",""c_parse_samples"":[0.0,0.0,0.0],""c_protocol_samples"":[],""construct_total_samples"":[],""construct_unattributed_samples"":[],""status"":""ok"",""status_evidence"":null,""construction_requested"":null,""construction_effective"":null,""commit"":""0ed57212455326682a75871e0e8be71760b35282"",""batch_id"":""4505d3956d3aa7fd15f472ef0c86a7f43e8d0833a104f408795260a06cee4f46"",""query_sha256"":""ef8aa4a34b4e6f77cd2222ea98467b92ca1acc5ed05ba7efc6d7f7aff345f7a1"",""engine"":""qlever"",""engine_version"":""QLever [engines.json profile]"",""scale"":""100M"",""base_endpoint_sha256"":""bcddd715026035ef7b31e63913d55e25b6270be6bc6037325c1f80ea1359de5d"",""reified_endpoint_sha256"":""cc83ef54f5df550fbc0e634feb927cbfa21477fdb7aed1a23c2d29a56c193542"",""update_endpoint_sha256"":""8a607274f1b3d176dd6acfdc7381c25676b642e78d334a9664e45a2bdf3d52a0"",""base_data_identity_sha256"":""8a988dc83f4082a4f27503ba2906dc6b8733b3c02be567635c726c67bbd48314"",""reified_data_identity_sha256"":""16162702ccec82b2a0e27063cd04bd756a27af1f003b4cef0da976d843ef4725"",""update_for"":""none"",""access_mode"":""read-only"",""base_data_name"":""exploratory-base"",""reified_data_name"":""exploratory-reified"",""update_canary_sha256"":""2b9b44b25cd1c568cd57c6c5df25ae260b68229044617821fb33f542dab77648"",""store_instance_sha256"":""ae66d4ca42b831aa94f050bbbfbb0f5f14bd256181e832c50cfe67318b5b52bf"",""store_discriminator_sha256"":""2e884d94ace185d62b1b91debf493ccd0a69b83d08e74cf5f1c2be4851b14215"",""tool_sha256"":""b38a65fc0c1a91e138f057f7b6c08d21c328463aceb40ffda53fc759f99d2f7a"",""java_runtime_sha256"":""bdd50c08a90e2fb713541b8a118df6250246a917edc41a6776aeafc90b472687"",""run_identity_sha256"":""721413f83947588c549f73b3132cad6e689faf8774b348b3b7f1b383a7c82663""}"
0ed57212455326682a75871e0e8be71760b35282,qlever,QLever [engines.json profile],100M,C,C1,00,ef8aa4a34b4e6f77cd2222ea98467b92ca1acc5ed05ba7efc6d7f7aff345f7a1,R,reification-only,ok,201,1462.3,263.3,3965.7,1897.1,1889.1,1,3,300.0,39240,0.0,,,,,157.23592,"[3965.718, 1462.319, 263.297]","[0.0, 0.0, 0.0]",,[],,[],,[],r9.2-frozen-identity-v7,4505d3956d3aa7fd15f472ef0c86a7f43e8d0833a104f408795260a06cee4f46,csv-binding-multiset-v1,201,eceee378b5bc0013894e8cd4fe22d1b9c23bd49a251e4a1144751fd8ae0ab51d,,,,,,,,bcddd715026035ef7b31e63913d55e25b6270be6bc6037325c1f80ea1359de5d,cc83ef54f5df550fbc0e634feb927cbfa21477fdb7aed1a23c2d29a56c193542,8a607274f1b3d176dd6acfdc7381c25676b642e78d334a9664e45a2bdf3d52a0,8a988dc83f4082a4f27503ba2906dc6b8733b3c02be567635c726c67bbd48314,16162702ccec82b2a0e27063cd04bd756a27af1f003b4cef0da976d843ef4725,none,read-only,exploratory-base,exploratory-reified,2b9b44b25cd1c568cd57c6c5df25ae260b68229044617821fb33f542dab77648,ae66d4ca42b831aa94f050bbbfbb0f5f14bd256181e832c50cfe67318b5b52bf,2e884d94ace185d62b1b91debf493ccd0a69b83d08e74cf5f1c2be4851b14215,b38a65fc0c1a91e138f057f7b6c08d21c328463aceb40ffda53fc759f99d2f7a,bdd50c08a90e2fb713541b8a118df6250246a917edc41a6776aeafc90b472687,721413f83947588c549f73b3132cad6e689faf8774b348b3b7f1b383a7c82663,"pcm-meta-v2:{""protocol"":""r9.2-frozen-identity-v7"",""message"":"""",""cell_wall_ms"":10661.289,""answer_kind"":""csv-binding-multiset-v1"",""answer_key_count"":201,""answer_fingerprint"":""eceee378b5bc0013894e8cd4fe22d1b9c23bd49a251e4a1144751fd8ae0ab51d"",""c_parse_samples"":[0.0,0.0,0.0],""c_protocol_samples"":[],""construct_total_samples"":[],""construct_unattributed_samples"":[],""status"":""ok"",""status_evidence"":null,""construction_requested"":null,""construction_effective"":null,""commit"":""0ed57212455326682a75871e0e8be71760b35282"",""batch_id"":""4505d3956d3aa7fd15f472ef0c86a7f43e8d0833a104f408795260a06cee4f46"",""query_sha256"":""ef8aa4a34b4e6f77cd2222ea98467b92ca1acc5ed05ba7efc6d7f7aff345f7a1"",""engine"":""qlever"",""engine_version"":""QLever [engines.json profile]"",""scale"":""100M"",""base_endpoint_sha256"":""bcddd715026035ef7b31e63913d55e25b6270be6bc6037325c1f80ea1359de5d"",""reified_endpoint_sha256"":""cc83ef54f5df550fbc0e634feb927cbfa21477fdb7aed1a23c2d29a56c193542"",""update_endpoint_sha256"":""8a607274f1b3d176dd6acfdc7381c25676b642e78d334a9664e45a2bdf3d52a0"",""base_data_identity_sha256"":""8a988dc83f4082a4f27503ba2906dc6b8733b3c02be567635c726c67bbd48314"",""reified_data_identity_sha256"":""16162702ccec82b2a0e27063cd04bd756a27af1f003b4cef0da976d843ef4725"",""update_for"":""none"",""access_mode"":""read-only"",""base_data_name"":""exploratory-base"",""reified_data_name"":""exploratory-reified"",""update_canary_sha256"":""2b9b44b25cd1c568cd57c6c5df25ae260b68229044617821fb33f542dab77648"",""store_instance_sha256"":""ae66d4ca42b831aa94f050bbbfbb0f5f14bd256181e832c50cfe67318b5b52bf"",""store_discriminator_sha256"":""2e884d94ace185d62b1b91debf493ccd0a69b83d08e74cf5f1c2be4851b14215"",""tool_sha256"":""b38a65fc0c1a91e138f057f7b6c08d21c328463aceb40ffda53fc759f99d2f7a"",""java_runtime_sha256"":""bdd50c08a90e2fb713541b8a118df6250246a917edc41a6776aeafc90b472687"",""run_identity_sha256"":""721413f83947588c549f73b3132cad6e689faf8774b348b3b7f1b383a7c82663""}"
0ed57212455326682a75871e0e8be71760b35282,qlever,QLever [engines.json profile],100M,C,C1,00,ef8aa4a34b4e6f77cd2222ea98467b92ca1acc5ed05ba7efc6d7f7aff345f7a1,N,N_clean (NPCS reimplementation),ok,91,1584.9,345.4,2092.3,1340.9,898.6,1,3,300.0,43000,0.0,,,,201,177.135232,"[345.391, 2092.26, 1584.926]","[0.0, 0.0, 0.0]",,[],,[],,[],r9.2-frozen-identity-v7,4505d3956d3aa7fd15f472ef0c86a7f43e8d0833a104f408795260a06cee4f46,csv-candidate-multiset-v1,91,1bdd0b197b8cd9a2de461d9ce5467b4ba59122e0204468358e0dd972dfead827,,,,,,,,bcddd715026035ef7b31e63913d55e25b6270be6bc6037325c1f80ea1359de5d,cc83ef54f5df550fbc0e634feb927cbfa21477fdb7aed1a23c2d29a56c193542,8a607274f1b3d176dd6acfdc7381c25676b642e78d334a9664e45a2bdf3d52a0,8a988dc83f4082a4f27503ba2906dc6b8733b3c02be567635c726c67bbd48314,16162702ccec82b2a0e27063cd04bd756a27af1f003b4cef0da976d843ef4725,none,read-only,exploratory-base,exploratory-reified,2b9b44b25cd1c568cd57c6c5df25ae260b68229044617821fb33f542dab77648,ae66d4ca42b831aa94f050bbbfbb0f5f14bd256181e832c50cfe67318b5b52bf,2e884d94ace185d62b1b91debf493ccd0a69b83d08e74cf5f1c2be4851b14215,b38a65fc0c1a91e138f057f7b6c08d21c328463aceb40ffda53fc759f99d2f7a,bdd50c08a90e2fb713541b8a118df6250246a917edc41a6776aeafc90b472687,721413f83947588c549f73b3132cad6e689faf8774b348b3b7f1b383a7c82663,"pcm-meta-v2:{""protocol"":""r9.2-frozen-identity-v7"",""message"":"""",""cell_wall_ms"":4483.751,""answer_kind"":""csv-candidate-multiset-v1"",""answer_key_count"":91,""answer_fingerprint"":""1bdd0b197b8cd9a2de461d9ce5467b4ba59122e0204468358e0dd972dfead827"",""c_parse_samples"":[0.0,0.0,0.0],""c_protocol_samples"":[],""construct_total_samples"":[],""construct_unattributed_samples"":[],""status"":""ok"",""status_evidence"":null,""construction_requested"":null,""construction_effective"":null,""commit"":""0ed57212455326682a75871e0e8be71760b35282"",""batch_id"":""4505d3956d3aa7fd15f472ef0c86a7f43e8d0833a104f408795260a06cee4f46"",""query_sha256"":""ef8aa4a34b4e6f77cd2222ea98467b92ca1acc5ed05ba7efc6d7f7aff345f7a1"",""engine"":""qlever"",""engine_version"":""QLever [engines.json profile]"",""scale"":""100M"",""base_endpoint_sha256"":""bcddd715026035ef7b31e63913d55e25b6270be6bc6037325c1f80ea1359de5d"",""reified_endpoint_sha256"":""cc83ef54f5df550fbc0e634feb927cbfa21477fdb7aed1a23c2d29a56c193542"",""update_endpoint_sha256"":""8a607274f1b3d176dd6acfdc7381c25676b642e78d334a9664e45a2bdf3d52a0"",""base_data_identity_sha256"":""8a988dc83f4082a4f27503ba2906dc6b8733b3c02be567635c726c67bbd48314"",""reified_data_identity_sha256"":""16162702ccec82b2a0e27063cd04bd756a27af1f003b4cef0da976d843ef4725"",""update_for"":""none"",""access_mode"":""read-only"",""base_data_name"":""exploratory-base"",""reified_data_name"":""exploratory-reified"",""update_canary_sha256"":""2b9b44b25cd1c568cd57c6c5df25ae260b68229044617821fb33f542dab77648"",""store_instance_sha256"":""ae66d4ca42b831aa94f050bbbfbb0f5f14bd256181e832c50cfe67318b5b52bf"",""store_discriminator_sha256"":""2e884d94ace185d62b1b91debf493ccd0a69b83d08e74cf5f1c2be4851b14215"",""tool_sha256"":""b38a65fc0c1a91e138f057f7b6c08d21c328463aceb40ffda53fc759f99d2f7a"",""java_runtime_sha256"":""bdd50c08a90e2fb713541b8a118df6250246a917edc41a6776aeafc90b472687"",""run_identity_sha256"":""721413f83947588c549f73b3132cad6e689faf8774b348b3b7f1b383a7c82663""}"
0ed57212455326682a75871e0e8be71760b35282,qlever,QLever [engines.json profile],100M,C,C1,00,ef8aa4a34b4e6f77cd2222ea98467b92ca1acc5ed05ba7efc6d7f7aff345f7a1,C,SPARQLcirc CircuitRewriter,ok,91,891.0,393.0,2312.9,1198.9,996.3,1,3,300.0,439355,48.1,292,1809,201,,393.600788,"[392.969, 2312.905, 890.96]","[47.805, 48.108, 48.568]",0.0,"[0.0, 0.0, 0.0]",939.7,"[440.902, 2361.14, 939.666]",0.1,"[0.127, 0.127, 0.138]",r9.2-frozen-identity-v7,4505d3956d3aa7fd15f472ef0c86a7f43e8d0833a104f408795260a06cee4f46,term-aware-candidate-set-v1,91,38679965af2977bdb33cb3f3105f6183d13c09eb7ba39aae21b17b2307530f02,flat,flat,dcc282be43c9e939776d1f6a2d9fddd3b9d7e4a7816e82ed77f4d84558c6f925,,,,,bcddd715026035ef7b31e63913d55e25b6270be6bc6037325c1f80ea1359de5d,cc83ef54f5df550fbc0e634feb927cbfa21477fdb7aed1a23c2d29a56c193542,8a607274f1b3d176dd6acfdc7381c25676b642e78d334a9664e45a2bdf3d52a0,8a988dc83f4082a4f27503ba2906dc6b8733b3c02be567635c726c67bbd48314,16162702ccec82b2a0e27063cd04bd756a27af1f003b4cef0da976d843ef4725,none,read-only,exploratory-base,exploratory-reified,2b9b44b25cd1c568cd57c6c5df25ae260b68229044617821fb33f542dab77648,ae66d4ca42b831aa94f050bbbfbb0f5f14bd256181e832c50cfe67318b5b52bf,2e884d94ace185d62b1b91debf493ccd0a69b83d08e74cf5f1c2be4851b14215,b38a65fc0c1a91e138f057f7b6c08d21c328463aceb40ffda53fc759f99d2f7a,bdd50c08a90e2fb713541b8a118df6250246a917edc41a6776aeafc90b472687,721413f83947588c549f73b3132cad6e689faf8774b348b3b7f1b383a7c82663,"pcm-meta-v2:{""protocol"":""r9.2-frozen-identity-v7"",""message"":""C requested=flat effective=flat; steps=1 feedback=0; network includes CONSTRUCT, feedback INSERT, and cleanup DELETE"",""cell_wall_ms"":5187.18,""answer_kind"":""term-aware-candidate-set-v1"",""answer_key_count"":91,""answer_fingerprint"":""38679965af2977bdb33cb3f3105f6183d13c09eb7ba39aae21b17b2307530f02"",""c_parse_samples"":[47.805,48.108,48.568],""c_protocol_samples"":[{""requested_mode"":""flat"",""effective_mode"":""flat"",""fallback_reason"":null,""plan_steps"":1,""feedback_steps"":0,""feedback_triples"":0,""construct_query_ms"":392.969,""feedback_update_ms"":0.0,""cleanup_ms"":0.0,""client_protocol_ms"":0.0,""network_scope"":""construct+feedback+cleanup"",""circuit_sha256"":""dcc282be43c9e939776d1f6a2d9fddd3b9d7e4a7816e82ed77f4d84558c6f925"",""answer_fingerprint"":""38679965af2977bdb33cb3f3105f6183d13c09eb7ba39aae21b17b2307530f02"",""semantic_signature_sha256"":""5f2a283eeec771994df6f2904d1400477e02ee0efb8a310098e31e8f22416003"",""structure_signature"":{""gates"":292,""edges"":1809,""answers"":91,""derivations"":201,""canonical_bytes"":439355},""construct_total_ms"":440.902,""client_unattributed_ms"":0.127},{""requested_mode"":""flat"",""effective_mode"":""flat"",""fallback_reason"":null,""plan_steps"":1,""feedback_steps"":0,""feedback_triples"":0,""construct_query_ms"":2312.905,""feedback_update_ms"":0.0,""cleanup_ms"":0.0,""client_protocol_ms"":0.0,""network_scope"":""construct+feedback+cleanup"",""circuit_sha256"":""dcc282be43c9e939776d1f6a2d9fddd3b9d7e4a7816e82ed77f4d84558c6f925"",""answer_fingerprint"":""38679965af2977bdb33cb3f3105f6183d13c09eb7ba39aae21b17b2307530f02"",""semantic_signature_sha256"":""5f2a283eeec771994df6f2904d1400477e02ee0efb8a310098e31e8f22416003"",""structure_signature"":{""gates"":292,""edges"":1809,""answers"":91,""derivations"":201,""canonical_bytes"":439355},""construct_total_ms"":2361.14,""client_unattributed_ms"":0.127},{""requested_mode"":""flat"",""effective_mode"":""flat"",""fallback_reason"":null,""plan_steps"":1,""feedback_steps"":0,""feedback_triples"":0,""construct_query_ms"":890.96,""feedback_update_ms"":0.0,""cleanup_ms"":0.0,""client_protocol_ms"":0.0,""network_scope"":""construct+feedback+cleanup"",""circuit_sha256"":""dcc282be43c9e939776d1f6a2d9fddd3b9d7e4a7816e82ed77f4d84558c6f925"",""answer_fingerprint"":""38679965af2977bdb33cb3f3105f6183d13c09eb7ba39aae21b17b2307530f02"",""semantic_signature_sha256"":""5f2a283eeec771994df6f2904d1400477e02ee0efb8a310098e31e8f22416003"",""structure_signature"":{""gates"":292,""edges"":1809,""answers"":91,""derivations"":201,""canonical_bytes"":439355},""construct_total_ms"":939.666,""client_unattributed_ms"":0.138}],""construct_total_samples"":[440.902,2361.14,939.666],""construct_unattributed_samples"":[0.127,0.127,0.138],""status"":""ok"",""status_evidence"":null,""c_warmup_signatures"":[""5f2a283eeec771994df6f2904d1400477e02ee0efb8a310098e31e8f22416003""],""measured_semantic_signature_sha256"":""5f2a283eeec771994df6f2904d1400477e02ee0efb8a310098e31e8f22416003"",""measured_repetitions_consistent"":true,""construction_requested"":""flat"",""construction_effective"":""flat"",""commit"":""0ed57212455326682a75871e0e8be71760b35282"",""batch_id"":""4505d3956d3aa7fd15f472ef0c86a7f43e8d0833a104f408795260a06cee4f46"",""query_sha256"":""ef8aa4a34b4e6f77cd2222ea98467b92ca1acc5ed05ba7efc6d7f7aff345f7a1"",""engine"":""qlever"",""engine_version"":""QLever [engines.json profile]"",""scale"":""100M"",""base_endpoint_sha256"":""bcddd715026035ef7b31e63913d55e25b6270be6bc6037325c1f80ea1359de5d"",""reified_endpoint_sha256"":""cc83ef54f5df550fbc0e634feb927cbfa21477fdb7aed1a23c2d29a56c193542"",""update_endpoint_sha256"":""8a607274f1b3d176dd6acfdc7381c25676b642e78d334a9664e45a2bdf3d52a0"",""base_data_identity_sha256"":""8a988dc83f4082a4f27503ba2906dc6b8733b3c02be567635c726c67bbd48314"",""reified_data_identity_sha256"":""16162702ccec82b2a0e27063cd04bd756a27af1f003b4cef0da976d843ef4725"",""update_for"":""none"",""access_mode"":""read-only"",""base_data_name"":""exploratory-base"",""reified_data_name"":""exploratory-reified"",""update_canary_sha256"":""2b9b44b25cd1c568cd57c6c5df25ae260b68229044617821fb33f542dab77648"",""store_instance_sha256"":""ae66d4ca42b831aa94f050bbbfbb0f5f14bd256181e832c50cfe67318b5b52bf"",""store_discriminator_sha256"":""2e884d94ace185d62b1b91debf493ccd0a69b83d08e74cf5f1c2be4851b14215"",""tool_sha256"":""b38a65fc0c1a91e138f057f7b6c08d21c328463aceb40ffda53fc759f99d2f7a"",""java_runtime_sha256"":""bdd50c08a90e2fb713541b8a118df6250246a917edc41a6776aeafc90b472687"",""run_identity_sha256"":""721413f83947588c549f73b3132cad6e689faf8774b348b3b7f1b383a7c82663""}"
0ed57212455326682a75871e0e8be71760b35282,qlever,QLever [engines.json profile],100M,C,C2,00,3a541db29afdc134602c70294332f99a26badf7d0abb258173084dcef59f3af1,B,base-select,ok,22,36.6,35.9,36.8,36.4,0.5,1,3,300.0,4233,0.0,,,,,0.00634,"[36.619, 36.842, 35.885]","[0.0, 0.0, 0.0]",,[],,[],,[],r9.2-frozen-identity-v7,4505d3956d3aa7fd15f472ef0c86a7f43e8d0833a104f408795260a06cee4f46,csv-binding-multiset-v1,22,b1c530ddd4ee479f6045a0358f015fa3c5a6d889e2aea2bc0f9277c9ce777838,,,,,,,,bcddd715026035ef7b31e63913d55e25b6270be6bc6037325c1f80ea1359de5d,cc83ef54f5df550fbc0e634feb927cbfa21477fdb7aed1a23c2d29a56c193542,8a607274f1b3d176dd6acfdc7381c25676b642e78d334a9664e45a2bdf3d52a0,8a988dc83f4082a4f27503ba2906dc6b8733b3c02be567635c726c67bbd48314,16162702ccec82b2a0e27063cd04bd756a27af1f003b4cef0da976d843ef4725,none,read-only,exploratory-base,exploratory-reified,2b9b44b25cd1c568cd57c6c5df25ae260b68229044617821fb33f542dab77648,ae66d4ca42b831aa94f050bbbfbb0f5f14bd256181e832c50cfe67318b5b52bf,2e884d94ace185d62b1b91debf493ccd0a69b83d08e74cf5f1c2be4851b14215,b38a65fc0c1a91e138f057f7b6c08d21c328463aceb40ffda53fc759f99d2f7a,bdd50c08a90e2fb713541b8a118df6250246a917edc41a6776aeafc90b472687,6b01f817b0e840ed7f4c154211a5bdeab0e82022a57c8c726870e13aaa374768,"pcm-meta-v2:{""protocol"":""r9.2-frozen-identity-v7"",""message"":"""",""cell_wall_ms"":255.378,""answer_kind"":""csv-binding-multiset-v1"",""answer_key_count"":22,""answer_fingerprint"":""b1c530ddd4ee479f6045a0358f015fa3c5a6d889e2aea2bc0f9277c9ce777838"",""c_parse_samples"":[0.0,0.0,0.0],""c_protocol_samples"":[],""construct_total_samples"":[],""construct_unattributed_samples"":[],""status"":""ok"",""status_evidence"":null,""construction_requested"":null,""construction_effective"":null,""commit"":""0ed57212455326682a75871e0e8be71760b35282"",""batch_id"":""4505d3956d3aa7fd15f472ef0c86a7f43e8d0833a104f408795260a06cee4f46"",""query_sha256"":""3a541db29afdc134602c70294332f99a26badf7d0abb258173084dcef59f3af1"",""engine"":""qlever"",""engine_version"":""QLever [engines.json profile]"",""scale"":""100M"",""base_endpoint_sha256"":""bcddd715026035ef7b31e63913d55e25b6270be6bc6037325c1f80ea1359de5d"",""reified_endpoint_sha256"":""cc83ef54f5df550fbc0e634feb927cbfa21477fdb7aed1a23c2d29a56c193542"",""update_endpoint_sha256"":""8a607274f1b3d176dd6acfdc7381c25676b642e78d334a9664e45a2bdf3d52a0"",""base_data_identity_sha256"":""8a988dc83f4082a4f27503ba2906dc6b8733b3c02be567635c726c67bbd48314"",""reified_data_identity_sha256"":""16162702ccec82b2a0e27063cd04bd756a27af1f003b4cef0da976d843ef4725"",""update_for"":""none"",""access_mode"":""read-only"",""base_data_name"":""exploratory-base"",""reified_data_name"":""exploratory-reified"",""update_canary_sha256"":""2b9b44b25cd1c568cd57c6c5df25ae260b68229044617821fb33f542dab77648"",""store_instance_sha256"":""ae66d4ca42b831aa94f050bbbfbb0f5f14bd256181e832c50cfe67318b5b52bf"",""store_discriminator_sha256"":""2e884d94ace185d62b1b91debf493ccd0a69b83d08e74cf5f1c2be4851b14215"",""tool_sha256"":""b38a65fc0c1a91e138f057f7b6c08d21c328463aceb40ffda53fc759f99d2f7a"",""java_runtime_sha256"":""bdd50c08a90e2fb713541b8a118df6250246a917edc41a6776aeafc90b472687"",""run_identity_sha256"":""6b01f817b0e840ed7f4c154211a5bdeab0e82022a57c8c726870e13aaa374768""}"
0ed57212455326682a75871e0e8be71760b35282,qlever,QLever [engines.json profile],100M,C,C2,00,3a541db29afdc134602c70294332f99a26badf7d0abb258173084dcef59f3af1,R,reification-only,ok,22,1400.5,341.4,2207.3,1316.4,935.8,1,3,300.0,4233,0.0,,,,,131.626043,"[2207.297, 341.385, 1400.499]","[0.0, 0.0, 0.0]",,[],,[],,[],r9.2-frozen-identity-v7,4505d3956d3aa7fd15f472ef0c86a7f43e8d0833a104f408795260a06cee4f46,csv-binding-multiset-v1,22,b1c530ddd4ee479f6045a0358f015fa3c5a6d889e2aea2bc0f9277c9ce777838,,,,,,,,bcddd715026035ef7b31e63913d55e25b6270be6bc6037325c1f80ea1359de5d,cc83ef54f5df550fbc0e634feb927cbfa21477fdb7aed1a23c2d29a56c193542,8a607274f1b3d176dd6acfdc7381c25676b642e78d334a9664e45a2bdf3d52a0,8a988dc83f4082a4f27503ba2906dc6b8733b3c02be567635c726c67bbd48314,16162702ccec82b2a0e27063cd04bd756a27af1f003b4cef0da976d843ef4725,none,read-only,exploratory-base,exploratory-reified,2b9b44b25cd1c568cd57c6c5df25ae260b68229044617821fb33f542dab77648,ae66d4ca42b831aa94f050bbbfbb0f5f14bd256181e832c50cfe67318b5b52bf,2e884d94ace185d62b1b91debf493ccd0a69b83d08e74cf5f1c2be4851b14215,b38a65fc0c1a91e138f057f7b6c08d21c328463aceb40ffda53fc759f99d2f7a,bdd50c08a90e2fb713541b8a118df6250246a917edc41a6776aeafc90b472687,6b01f817b0e840ed7f4c154211a5bdeab0e82022a57c8c726870e13aaa374768,"pcm-meta-v2:{""protocol"":""r9.2-frozen-identity-v7"",""message"":"""",""cell_wall_ms"":7565.985,""answer_kind"":""csv-binding-multiset-v1"",""answer_key_count"":22,""answer_fingerprint"":""b1c530ddd4ee479f6045a0358f015fa3c5a6d889e2aea2bc0f9277c9ce777838"",""c_parse_samples"":[0.0,0.0,0.0],""c_protocol_samples"":[],""construct_total_samples"":[],""construct_unattributed_samples"":[],""status"":""ok"",""status_evidence"":null,""construction_requested"":null,""construction_effective"":null,""commit"":""0ed57212455326682a75871e0e8be71760b35282"",""batch_id"":""4505d3956d3aa7fd15f472ef0c86a7f43e8d0833a104f408795260a06cee4f46"",""query_sha256"":""3a541db29afdc134602c70294332f99a26badf7d0abb258173084dcef59f3af1"",""engine"":""qlever"",""engine_version"":""QLever [engines.json profile]"",""scale"":""100M"",""base_endpoint_sha256"":""bcddd715026035ef7b31e63913d55e25b6270be6bc6037325c1f80ea1359de5d"",""reified_endpoint_sha256"":""cc83ef54f5df550fbc0e634feb927cbfa21477fdb7aed1a23c2d29a56c193542"",""update_endpoint_sha256"":""8a607274f1b3d176dd6acfdc7381c25676b642e78d334a9664e45a2bdf3d52a0"",""base_data_identity_sha256"":""8a988dc83f4082a4f27503ba2906dc6b8733b3c02be567635c726c67bbd48314"",""reified_data_identity_sha256"":""16162702ccec82b2a0e27063cd04bd756a27af1f003b4cef0da976d843ef4725"",""update_for"":""none"",""access_mode"":""read-only"",""base_data_name"":""exploratory-base"",""reified_data_name"":""exploratory-reified"",""update_canary_sha256"":""2b9b44b25cd1c568cd57c6c5df25ae260b68229044617821fb33f542dab77648"",""store_instance_sha256"":""ae66d4ca42b831aa94f050bbbfbb0f5f14bd256181e832c50cfe67318b5b52bf"",""store_discriminator_sha256"":""2e884d94ace185d62b1b91debf493ccd0a69b83d08e74cf5f1c2be4851b14215"",""tool_sha256"":""b38a65fc0c1a91e138f057f7b6c08d21c328463aceb40ffda53fc759f99d2f7a"",""java_runtime_sha256"":""bdd50c08a90e2fb713541b8a118df6250246a917edc41a6776aeafc90b472687"",""run_identity_sha256"":""6b01f817b0e840ed7f4c154211a5bdeab0e82022a57c8c726870e13aaa374768""}"
0ed57212455326682a75871e0e8be71760b35282,qlever,QLever [engines.json profile],100M,C,C2,00,3a541db29afdc134602c70294332f99a26badf7d0abb258173084dcef59f3af1,N,N_clean (NPCS reimplementation),ok,22,638.5,511.7,686.4,612.2,90.2,1,3,300.0,7795,0.0,,,,22,177.269323,"[511.703, 686.35, 638.476]","[0.0, 0.0, 0.0]",,[],,[],,[],r9.2-frozen-identity-v7,4505d3956d3aa7fd15f472ef0c86a7f43e8d0833a104f408795260a06cee4f46,csv-candidate-multiset-v1,22,b1c530ddd4ee479f6045a0358f015fa3c5a6d889e2aea2bc0f9277c9ce777838,,,,,,,,bcddd715026035ef7b31e63913d55e25b6270be6bc6037325c1f80ea1359de5d,cc83ef54f5df550fbc0e634feb927cbfa21477fdb7aed1a23c2d29a56c193542,8a607274f1b3d176dd6acfdc7381c25676b642e78d334a9664e45a2bdf3d52a0,8a988dc83f4082a4f27503ba2906dc6b8733b3c02be567635c726c67bbd48314,16162702ccec82b2a0e27063cd04bd756a27af1f003b4cef0da976d843ef4725,none,read-only,exploratory-base,exploratory-reified,2b9b44b25cd1c568cd57c6c5df25ae260b68229044617821fb33f542dab77648,ae66d4ca42b831aa94f050bbbfbb0f5f14bd256181e832c50cfe67318b5b52bf,2e884d94ace185d62b1b91debf493ccd0a69b83d08e74cf5f1c2be4851b14215,b38a65fc0c1a91e138f057f7b6c08d21c328463aceb40ffda53fc759f99d2f7a,bdd50c08a90e2fb713541b8a118df6250246a917edc41a6776aeafc90b472687,6b01f817b0e840ed7f4c154211a5bdeab0e82022a57c8c726870e13aaa374768,"pcm-meta-v2:{""protocol"":""r9.2-frozen-identity-v7"",""message"":"""",""cell_wall_ms"":2478.867,""answer_kind"":""csv-candidate-multiset-v1"",""answer_key_count"":22,""answer_fingerprint"":""b1c530ddd4ee479f6045a0358f015fa3c5a6d889e2aea2bc0f9277c9ce777838"",""c_parse_samples"":[0.0,0.0,0.0],""c_protocol_samples"":[],""construct_total_samples"":[],""construct_unattributed_samples"":[],""status"":""ok"",""status_evidence"":null,""construction_requested"":null,""construction_effective"":null,""commit"":""0ed57212455326682a75871e0e8be71760b35282"",""batch_id"":""4505d3956d3aa7fd15f472ef0c86a7f43e8d0833a104f408795260a06cee4f46"",""query_sha256"":""3a541db29afdc134602c70294332f99a26badf7d0abb258173084dcef59f3af1"",""engine"":""qlever"",""engine_version"":""QLever [engines.json profile]"",""scale"":""100M"",""base_endpoint_sha256"":""bcddd715026035ef7b31e63913d55e25b6270be6bc6037325c1f80ea1359de5d"",""reified_endpoint_sha256"":""cc83ef54f5df550fbc0e634feb927cbfa21477fdb7aed1a23c2d29a56c193542"",""update_endpoint_sha256"":""8a607274f1b3d176dd6acfdc7381c25676b642e78d334a9664e45a2bdf3d52a0"",""base_data_identity_sha256"":""8a988dc83f4082a4f27503ba2906dc6b8733b3c02be567635c726c67bbd48314"",""reified_data_identity_sha256"":""16162702ccec82b2a0e27063cd04bd756a27af1f003b4cef0da976d843ef4725"",""update_for"":""none"",""access_mode"":""read-only"",""base_data_name"":""exploratory-base"",""reified_data_name"":""exploratory-reified"",""update_canary_sha256"":""2b9b44b25cd1c568cd57c6c5df25ae260b68229044617821fb33f542dab77648"",""store_instance_sha256"":""ae66d4ca42b831aa94f050bbbfbb0f5f14bd256181e832c50cfe67318b5b52bf"",""store_discriminator_sha256"":""2e884d94ace185d62b1b91debf493ccd0a69b83d08e74cf5f1c2be4851b14215"",""tool_sha256"":""b38a65fc0c1a91e138f057f7b6c08d21c328463aceb40ffda53fc759f99d2f7a"",""java_runtime_sha256"":""bdd50c08a90e2fb713541b8a118df6250246a917edc41a6776aeafc90b472687"",""run_identity_sha256"":""6b01f817b0e840ed7f4c154211a5bdeab0e82022a57c8c726870e13aaa374768""}"
0ed57212455326682a75871e0e8be71760b35282,qlever,QLever [engines.json profile],100M,C,C2,00,3a541db29afdc134602c70294332f99a26badf7d0abb258173084dcef59f3af1,C,SPARQLcirc CircuitRewriter,ok,22,3260.5,760.1,3389.5,2470.0,1482.3,1,3,300.0,78992,6.7,44,242,22,,419.056374,"[3389.539, 3260.468, 760.074]","[6.625, 6.762, 6.743]",0.0,"[0.0, 0.0, 0.0]",3267.3,"[3396.241, 3267.308, 766.91]",0.1,"[0.078, 0.078, 0.092]",r9.2-frozen-identity-v7,4505d3956d3aa7fd15f472ef0c86a7f43e8d0833a104f408795260a06cee4f46,term-aware-candidate-set-v1,22,9b3a52d70129f2cf506b2a8e35ad71e037eca3b9662bdd550890ff0d8e898e79,flat,flat,eebbfeb0de7eedb4ddd81b274290df5b3ff8f782171d2179dca5051bc4afaf17,,,,,bcddd715026035ef7b31e63913d55e25b6270be6bc6037325c1f80ea1359de5d,cc83ef54f5df550fbc0e634feb927cbfa21477fdb7aed1a23c2d29a56c193542,8a607274f1b3d176dd6acfdc7381c25676b642e78d334a9664e45a2bdf3d52a0,8a988dc83f4082a4f27503ba2906dc6b8733b3c02be567635c726c67bbd48314,16162702ccec82b2a0e27063cd04bd756a27af1f003b4cef0da976d843ef4725,none,read-only,exploratory-base,exploratory-reified,2b9b44b25cd1c568cd57c6c5df25ae260b68229044617821fb33f542dab77648,ae66d4ca42b831aa94f050bbbfbb0f5f14bd256181e832c50cfe67318b5b52bf,2e884d94ace185d62b1b91debf493ccd0a69b83d08e74cf5f1c2be4851b14215,b38a65fc0c1a91e138f057f7b6c08d21c328463aceb40ffda53fc759f99d2f7a,bdd50c08a90e2fb713541b8a118df6250246a917edc41a6776aeafc90b472687,6b01f817b0e840ed7f4c154211a5bdeab0e82022a57c8c726870e13aaa374768,"pcm-meta-v2:{""protocol"":""r9.2-frozen-identity-v7"",""message"":""C requested=flat effective=flat; steps=1 feedback=0; network includes CONSTRUCT, feedback INSERT, and cleanup DELETE"",""cell_wall_ms"":8757.902,""answer_kind"":""term-aware-candidate-set-v1"",""answer_key_count"":22,""answer_fingerprint"":""9b3a52d70129f2cf506b2a8e35ad71e037eca3b9662bdd550890ff0d8e898e79"",""c_parse_samples"":[6.625,6.762,6.743],""c_protocol_samples"":[{""requested_mode"":""flat"",""effective_mode"":""flat"",""fallback_reason"":null,""plan_steps"":1,""feedback_steps"":0,""feedback_triples"":0,""construct_query_ms"":3389.539,""feedback_update_ms"":0.0,""cleanup_ms"":0.0,""client_protocol_ms"":0.0,""network_scope"":""construct+feedback+cleanup"",""circuit_sha256"":""eebbfeb0de7eedb4ddd81b274290df5b3ff8f782171d2179dca5051bc4afaf17"",""answer_fingerprint"":""9b3a52d70129f2cf506b2a8e35ad71e037eca3b9662bdd550890ff0d8e898e79"",""semantic_signature_sha256"":""975a9acb35f281d30c6fec7054a3e45f1c1fd44fad657a8bc7c37199002fbde5"",""structure_signature"":{""gates"":44,""edges"":242,""answers"":22,""derivations"":22,""canonical_bytes"":78992},""construct_total_ms"":3396.241,""client_unattributed_ms"":0.078},{""requested_mode"":""flat"",""effective_mode"":""flat"",""fallback_reason"":null,""plan_steps"":1,""feedback_steps"":0,""feedback_triples"":0,""construct_query_ms"":3260.468,""feedback_update_ms"":0.0,""cleanup_ms"":0.0,""client_protocol_ms"":0.0,""network_scope"":""construct+feedback+cleanup"",""circuit_sha256"":""eebbfeb0de7eedb4ddd81b274290df5b3ff8f782171d2179dca5051bc4afaf17"",""answer_fingerprint"":""9b3a52d70129f2cf506b2a8e35ad71e037eca3b9662bdd550890ff0d8e898e79"",""semantic_signature_sha256"":""975a9acb35f281d30c6fec7054a3e45f1c1fd44fad657a8bc7c37199002fbde5"",""structure_signature"":{""gates"":44,""edges"":242,""answers"":22,""derivations"":22,""canonical_bytes"":78992},""construct_total_ms"":3267.308,""client_unattributed_ms"":0.078},{""requested_mode"":""flat"",""effective_mode"":""flat"",""fallback_reason"":null,""plan_steps"":1,""feedback_steps"":0,""feedback_triples"":0,""construct_query_ms"":760.074,""feedback_update_ms"":0.0,""cleanup_ms"":0.0,""client_protocol_ms"":0.0,""network_scope"":""construct+feedback+cleanup"",""circuit_sha256"":""eebbfeb0de7eedb4ddd81b274290df5b3ff8f782171d2179dca5051bc4afaf17"",""answer_fingerprint"":""9b3a52d70129f2cf506b2a8e35ad71e037eca3b9662bdd550890ff0d8e898e79"",""semantic_signature_sha256"":""975a9acb35f281d30c6fec7054a3e45f1c1fd44fad657a8bc7c37199002fbde5"",""structure_signature"":{""gates"":44,""edges"":242,""answers"":22,""derivations"":22,""canonical_bytes"":78992},""construct_total_ms"":766.91,""client_unattributed_ms"":0.092}],""construct_total_samples"":[3396.241,3267.308,766.91],""construct_unattributed_samples"":[0.078,0.078,0.092],""status"":""ok"",""status_evidence"":null,""c_warmup_signatures"":[""975a9acb35f281d30c6fec7054a3e45f1c1fd44fad657a8bc7c37199002fbde5""],""measured_semantic_signature_sha256"":""975a9acb35f281d30c6fec7054a3e45f1c1fd44fad657a8bc7c37199002fbde5"",""measured_repetitions_consistent"":true,""construction_requested"":""flat"",""construction_effective"":""flat"",""commit"":""0ed57212455326682a75871e0e8be71760b35282"",""batch_id"":""4505d3956d3aa7fd15f472ef0c86a7f43e8d0833a104f408795260a06cee4f46"",""query_sha256"":""3a541db29afdc134602c70294332f99a26badf7d0abb258173084dcef59f3af1"",""engine"":""qlever"",""engine_version"":""QLever [engines.json profile]"",""scale"":""100M"",""base_endpoint_sha256"":""bcddd715026035ef7b31e63913d55e25b6270be6bc6037325c1f80ea1359de5d"",""reified_endpoint_sha256"":""cc83ef54f5df550fbc0e634feb927cbfa21477fdb7aed1a23c2d29a56c193542"",""update_endpoint_sha256"":""8a607274f1b3d176dd6acfdc7381c25676b642e78d334a9664e45a2bdf3d52a0"",""base_data_identity_sha256"":""8a988dc83f4082a4f27503ba2906dc6b8733b3c02be567635c726c67bbd48314"",""reified_data_identity_sha256"":""16162702ccec82b2a0e27063cd04bd756a27af1f003b4cef0da976d843ef4725"",""update_for"":""none"",""access_mode"":""read-only"",""base_data_name"":""exploratory-base"",""reified_data_name"":""exploratory-reified"",""update_canary_sha256"":""2b9b44b25cd1c568cd57c6c5df25ae260b68229044617821fb33f542dab77648"",""store_instance_sha256"":""ae66d4ca42b831aa94f050bbbfbb0f5f14bd256181e832c50cfe67318b5b52bf"",""store_discriminator_sha256"":""2e884d94ace185d62b1b91debf493ccd0a69b83d08e74cf5f1c2be4851b14215"",""tool_sha256"":""b38a65fc0c1a91e138f057f7b6c08d21c328463aceb40ffda53fc759f99d2f7a"",""java_runtime_sha256"":""bdd50c08a90e2fb713541b8a118df6250246a917edc41a6776aeafc90b472687"",""run_identity_sha256"":""6b01f817b0e840ed7f4c154211a5bdeab0e82022a57c8c726870e13aaa374768""}"
0ed57212455326682a75871e0e8be71760b35282,qlever,QLever [engines.json profile],100M,C,C3,00,8b244b13319b822a74e59eeb13abb60bb762b2e191e1bf3198b102b93135f740,B,base-select,ok,4244261,8729.7,8713.5,8747.1,8730.1,16.8,1,3,300.0,199034699,0.0,,,,,0.00668,"[8747.087, 8729.718, 8713.509]","[0.0, 0.0, 0.0]",,[],,[],,[],r9.2-frozen-identity-v7,4505d3956d3aa7fd15f472ef0c86a7f43e8d0833a104f408795260a06cee4f46,csv-binding-multiset-v1,4244261,73b4aa2f7106bc9e577ed40b138d52e7cd010e8d0e0b8853cbb1dc7a62a564b5,,,,,,,,bcddd715026035ef7b31e63913d55e25b6270be6bc6037325c1f80ea1359de5d,cc83ef54f5df550fbc0e634feb927cbfa21477fdb7aed1a23c2d29a56c193542,8a607274f1b3d176dd6acfdc7381c25676b642e78d334a9664e45a2bdf3d52a0,8a988dc83f4082a4f27503ba2906dc6b8733b3c02be567635c726c67bbd48314,16162702ccec82b2a0e27063cd04bd756a27af1f003b4cef0da976d843ef4725,none,read-only,exploratory-base,exploratory-reified,2b9b44b25cd1c568cd57c6c5df25ae260b68229044617821fb33f542dab77648,ae66d4ca42b831aa94f050bbbfbb0f5f14bd256181e832c50cfe67318b5b52bf,2e884d94ace185d62b1b91debf493ccd0a69b83d08e74cf5f1c2be4851b14215,b38a65fc0c1a91e138f057f7b6c08d21c328463aceb40ffda53fc759f99d2f7a,bdd50c08a90e2fb713541b8a118df6250246a917edc41a6776aeafc90b472687,58af9b65a6e176283122acffebf326aa95d97594a419745ba9c0183741dbabf9,"pcm-meta-v2:{""protocol"":""r9.2-frozen-identity-v7"",""message"":"""",""cell_wall_ms"":40896.853,""answer_kind"":""csv-binding-multiset-v1"",""answer_key_count"":4244261,""answer_fingerprint"":""73b4aa2f7106bc9e577ed40b138d52e7cd010e8d0e0b8853cbb1dc7a62a564b5"",""c_parse_samples"":[0.0,0.0,0.0],""c_protocol_samples"":[],""construct_total_samples"":[],""construct_unattributed_samples"":[],""status"":""ok"",""status_evidence"":null,""construction_requested"":null,""construction_effective"":null,""commit"":""0ed57212455326682a75871e0e8be71760b35282"",""batch_id"":""4505d3956d3aa7fd15f472ef0c86a7f43e8d0833a104f408795260a06cee4f46"",""query_sha256"":""8b244b13319b822a74e59eeb13abb60bb762b2e191e1bf3198b102b93135f740"",""engine"":""qlever"",""engine_version"":""QLever [engines.json profile]"",""scale"":""100M"",""base_endpoint_sha256"":""bcddd715026035ef7b31e63913d55e25b6270be6bc6037325c1f80ea1359de5d"",""reified_endpoint_sha256"":""cc83ef54f5df550fbc0e634feb927cbfa21477fdb7aed1a23c2d29a56c193542"",""update_endpoint_sha256"":""8a607274f1b3d176dd6acfdc7381c25676b642e78d334a9664e45a2bdf3d52a0"",""base_data_identity_sha256"":""8a988dc83f4082a4f27503ba2906dc6b8733b3c02be567635c726c67bbd48314"",""reified_data_identity_sha256"":""16162702ccec82b2a0e27063cd04bd756a27af1f003b4cef0da976d843ef4725"",""update_for"":""none"",""access_mode"":""read-only"",""base_data_name"":""exploratory-base"",""reified_data_name"":""exploratory-reified"",""update_canary_sha256"":""2b9b44b25cd1c568cd57c6c5df25ae260b68229044617821fb33f542dab77648"",""store_instance_sha256"":""ae66d4ca42b831aa94f050bbbfbb0f5f14bd256181e832c50cfe67318b5b52bf"",""store_discriminator_sha256"":""2e884d94ace185d62b1b91debf493ccd0a69b83d08e74cf5f1c2be4851b14215"",""tool_sha256"":""b38a65fc0c1a91e138f057f7b6c08d21c328463aceb40ffda53fc759f99d2f7a"",""java_runtime_sha256"":""bdd50c08a90e2fb713541b8a118df6250246a917edc41a6776aeafc90b472687"",""run_identity_sha256"":""58af9b65a6e176283122acffebf326aa95d97594a419745ba9c0183741dbabf9""}"
0ed57212455326682a75871e0e8be71760b35282,qlever,QLever [engines.json profile],100M,C,C3,00,8b244b13319b822a74e59eeb13abb60bb762b2e191e1bf3198b102b93135f740,R,reification-only,ok,4244261,16571.6,16524.0,17037.7,16711.1,283.9,1,3,300.0,199034699,0.0,,,,,140.829721,"[17037.732, 16571.554, 16524.02]","[0.0, 0.0, 0.0]",,[],,[],,[],r9.2-frozen-identity-v7,4505d3956d3aa7fd15f472ef0c86a7f43e8d0833a104f408795260a06cee4f46,csv-binding-multiset-v1,4244261,73b4aa2f7106bc9e577ed40b138d52e7cd010e8d0e0b8853cbb1dc7a62a564b5,,,,,,,,bcddd715026035ef7b31e63913d55e25b6270be6bc6037325c1f80ea1359de5d,cc83ef54f5df550fbc0e634feb927cbfa21477fdb7aed1a23c2d29a56c193542,8a607274f1b3d176dd6acfdc7381c25676b642e78d334a9664e45a2bdf3d52a0,8a988dc83f4082a4f27503ba2906dc6b8733b3c02be567635c726c67bbd48314,16162702ccec82b2a0e27063cd04bd756a27af1f003b4cef0da976d843ef4725,none,read-only,exploratory-base,exploratory-reified,2b9b44b25cd1c568cd57c6c5df25ae260b68229044617821fb33f542dab77648,ae66d4ca42b831aa94f050bbbfbb0f5f14bd256181e832c50cfe67318b5b52bf,2e884d94ace185d62b1b91debf493ccd0a69b83d08e74cf5f1c2be4851b14215,b38a65fc0c1a91e138f057f7b6c08d21c328463aceb40ffda53fc759f99d2f7a,bdd50c08a90e2fb713541b8a118df6250246a917edc41a6776aeafc90b472687,58af9b65a6e176283122acffebf326aa95d97594a419745ba9c0183741dbabf9,"pcm-meta-v2:{""protocol"":""r9.2-frozen-identity-v7"",""message"":"""",""cell_wall_ms"":74625.648,""answer_kind"":""csv-binding-multiset-v1"",""answer_key_count"":4244261,""answer_fingerprint"":""73b4aa2f7106bc9e577ed40b138d52e7cd010e8d0e0b8853cbb1dc7a62a564b5"",""c_parse_samples"":[0.0,0.0,0.0],""c_protocol_samples"":[],""construct_total_samples"":[],""construct_unattributed_samples"":[],""status"":""ok"",""status_evidence"":null,""construction_requested"":null,""construction_effective"":null,""commit"":""0ed57212455326682a75871e0e8be71760b35282"",""batch_id"":""4505d3956d3aa7fd15f472ef0c86a7f43e8d0833a104f408795260a06cee4f46"",""query_sha256"":""8b244b13319b822a74e59eeb13abb60bb762b2e191e1bf3198b102b93135f740"",""engine"":""qlever"",""engine_version"":""QLever [engines.json profile]"",""scale"":""100M"",""base_endpoint_sha256"":""bcddd715026035ef7b31e63913d55e25b6270be6bc6037325c1f80ea1359de5d"",""reified_endpoint_sha256"":""cc83ef54f5df550fbc0e634feb927cbfa21477fdb7aed1a23c2d29a56c193542"",""update_endpoint_sha256"":""8a607274f1b3d176dd6acfdc7381c25676b642e78d334a9664e45a2bdf3d52a0"",""base_data_identity_sha256"":""8a988dc83f4082a4f27503ba2906dc6b8733b3c02be567635c726c67bbd48314"",""reified_data_identity_sha256"":""16162702ccec82b2a0e27063cd04bd756a27af1f003b4cef0da976d843ef4725"",""update_for"":""none"",""access_mode"":""read-only"",""base_data_name"":""exploratory-base"",""reified_data_name"":""exploratory-reified"",""update_canary_sha256"":""2b9b44b25cd1c568cd57c6c5df25ae260b68229044617821fb33f542dab77648"",""store_instance_sha256"":""ae66d4ca42b831aa94f050bbbfbb0f5f14bd256181e832c50cfe67318b5b52bf"",""store_discriminator_sha256"":""2e884d94ace185d62b1b91debf493ccd0a69b83d08e74cf5f1c2be4851b14215"",""tool_sha256"":""b38a65fc0c1a91e138f057f7b6c08d21c328463aceb40ffda53fc759f99d2f7a"",""java_runtime_sha256"":""bdd50c08a90e2fb713541b8a118df6250246a917edc41a6776aeafc90b472687"",""run_identity_sha256"":""58af9b65a6e176283122acffebf326aa95d97594a419745ba9c0183741dbabf9""}"
0ed57212455326682a75871e0e8be71760b35282,qlever,QLever [engines.json profile],100M,C,C3,00,8b244b13319b822a74e59eeb13abb60bb762b2e191e1bf3198b102b93135f740,N,N_clean (NPCS reimplementation),err:http,,,,,,,1,3,300.0,,,,,,,189.1318549751304,[],[],,[],,[],,[],r9.2-frozen-identity-v7,4505d3956d3aa7fd15f472ef0c86a7f43e8d0833a104f408795260a06cee4f46,,,,,,,,,,,bcddd715026035ef7b31e63913d55e25b6270be6bc6037325c1f80ea1359de5d,cc83ef54f5df550fbc0e634feb927cbfa21477fdb7aed1a23c2d29a56c193542,8a607274f1b3d176dd6acfdc7381c25676b642e78d334a9664e45a2bdf3d52a0,8a988dc83f4082a4f27503ba2906dc6b8733b3c02be567635c726c67bbd48314,16162702ccec82b2a0e27063cd04bd756a27af1f003b4cef0da976d843ef4725,none,read-only,exploratory-base,exploratory-reified,2b9b44b25cd1c568cd57c6c5df25ae260b68229044617821fb33f542dab77648,ae66d4ca42b831aa94f050bbbfbb0f5f14bd256181e832c50cfe67318b5b52bf,2e884d94ace185d62b1b91debf493ccd0a69b83d08e74cf5f1c2be4851b14215,b38a65fc0c1a91e138f057f7b6c08d21c328463aceb40ffda53fc759f99d2f7a,bdd50c08a90e2fb713541b8a118df6250246a917edc41a6776aeafc90b472687,58af9b65a6e176283122acffebf326aa95d97594a419745ba9c0183741dbabf9,"pcm-meta-v2:{""protocol"":""r9.2-frozen-identity-v7"",""message"":""HTTP 429: {     \""exception\"": \""Operation timed out. Last operation: Sort (internal order) on ?v0\"",     \""query\"": \""SELECT ?v0 (CONCAT(\\\""⊕(\\\"", GROUP_CONCAT(?__npcs0"",""cell_wall_ms"":30354.058,""c_parse_samples"":[],""c_protocol_samples"":[],""construct_total_samples"":[],""construct_unattributed_samples"":[],""status"":""err:http"",""status_evidence"":{""kind"":""retryable-http"",""message"":""HTTP 429: {\n    \""exception\"": \""Operation timed out. Last operation: Sort (internal order) on ?v0\"",\n    \""query\"": \""SELECT ?v0 (CONCAT(\\\""⊕(\\\"", GROUP_CONCAT(?__npcs0""},""construction_requested"":null,""construction_effective"":null,""commit"":""0ed57212455326682a75871e0e8be71760b35282"",""batch_id"":""4505d3956d3aa7fd15f472ef0c86a7f43e8d0833a104f408795260a06cee4f46"",""query_sha256"":""8b244b13319b822a74e59eeb13abb60bb762b2e191e1bf3198b102b93135f740"",""engine"":""qlever"",""engine_version"":""QLever [engines.json profile]"",""scale"":""100M"",""base_endpoint_sha256"":""bcddd715026035ef7b31e63913d55e25b6270be6bc6037325c1f80ea1359de5d"",""reified_endpoint_sha256"":""cc83ef54f5df550fbc0e634feb927cbfa21477fdb7aed1a23c2d29a56c193542"",""update_endpoint_sha256"":""8a607274f1b3d176dd6acfdc7381c25676b642e78d334a9664e45a2bdf3d52a0"",""base_data_identity_sha256"":""8a988dc83f4082a4f27503ba2906dc6b8733b3c02be567635c726c67bbd48314"",""reified_data_identity_sha256"":""16162702ccec82b2a0e27063cd04bd756a27af1f003b4cef0da976d843ef4725"",""update_for"":""none"",""access_mode"":""read-only"",""base_data_name"":""exploratory-base"",""reified_data_name"":""exploratory-reified"",""update_canary_sha256"":""2b9b44b25cd1c568cd57c6c5df25ae260b68229044617821fb33f542dab77648"",""store_instance_sha256"":""ae66d4ca42b831aa94f050bbbfbb0f5f14bd256181e832c50cfe67318b5b52bf"",""store_discriminator_sha256"":""2e884d94ace185d62b1b91debf493ccd0a69b83d08e74cf5f1c2be4851b14215"",""tool_sha256"":""b38a65fc0c1a91e138f057f7b6c08d21c328463aceb40ffda53fc759f99d2f7a"",""java_runtime_sha256"":""bdd50c08a90e2fb713541b8a118df6250246a917edc41a6776aeafc90b472687"",""run_identity_sha256"":""58af9b65a6e176283122acffebf326aa95d97594a419745ba9c0183741dbabf9""}"
0ed57212455326682a75871e0e8be71760b35282,qlever,QLever [engines.json profile],100M,C,C3,00,8b244b13319b822a74e59eeb13abb60bb762b2e191e1bf3198b102b93135f740,C,SPARQLcirc CircuitRewriter,err:ValueError,,,,,,,1,3,300.0,,,,,,,365.09842198574916,[],[],,[],,[],,[],r9.2-frozen-identity-v7,4505d3956d3aa7fd15f472ef0c86a7f43e8d0833a104f408795260a06cee4f46,,,,,,,,,,,bcddd715026035ef7b31e63913d55e25b6270be6bc6037325c1f80ea1359de5d,cc83ef54f5df550fbc0e634feb927cbfa21477fdb7aed1a23c2d29a56c193542,8a607274f1b3d176dd6acfdc7381c25676b642e78d334a9664e45a2bdf3d52a0,8a988dc83f4082a4f27503ba2906dc6b8733b3c02be567635c726c67bbd48314,16162702ccec82b2a0e27063cd04bd756a27af1f003b4cef0da976d843ef4725,none,read-only,exploratory-base,exploratory-reified,2b9b44b25cd1c568cd57c6c5df25ae260b68229044617821fb33f542dab77648,ae66d4ca42b831aa94f050bbbfbb0f5f14bd256181e832c50cfe67318b5b52bf,2e884d94ace185d62b1b91debf493ccd0a69b83d08e74cf5f1c2be4851b14215,b38a65fc0c1a91e138f057f7b6c08d21c328463aceb40ffda53fc759f99d2f7a,bdd50c08a90e2fb713541b8a118df6250246a917edc41a6776aeafc90b472687,58af9b65a6e176283122acffebf326aa95d97594a419745ba9c0183741dbabf9,"pcm-meta-v2:{""protocol"":""r9.2-frozen-identity-v7"",""message"":""invalid N-Triples response line 3305059"",""cell_wall_ms"":55187.408,""c_parse_samples"":[],""c_protocol_samples"":[],""construct_total_samples"":[],""construct_unattributed_samples"":[],""status"":""err:ValueError"",""status_evidence"":{""kind"":""unspecified"",""message"":""invalid N-Triples response line 3305059""},""construction_requested"":null,""construction_effective"":null,""commit"":""0ed57212455326682a75871e0e8be71760b35282"",""batch_id"":""4505d3956d3aa7fd15f472ef0c86a7f43e8d0833a104f408795260a06cee4f46"",""query_sha256"":""8b244b13319b822a74e59eeb13abb60bb762b2e191e1bf3198b102b93135f740"",""engine"":""qlever"",""engine_version"":""QLever [engines.json profile]"",""scale"":""100M"",""base_endpoint_sha256"":""bcddd715026035ef7b31e63913d55e25b6270be6bc6037325c1f80ea1359de5d"",""reified_endpoint_sha256"":""cc83ef54f5df550fbc0e634feb927cbfa21477fdb7aed1a23c2d29a56c193542"",""update_endpoint_sha256"":""8a607274f1b3d176dd6acfdc7381c25676b642e78d334a9664e45a2bdf3d52a0"",""base_data_identity_sha256"":""8a988dc83f4082a4f27503ba2906dc6b8733b3c02be567635c726c67bbd48314"",""reified_data_identity_sha256"":""16162702ccec82b2a0e27063cd04bd756a27af1f003b4cef0da976d843ef4725"",""update_for"":""none"",""access_mode"":""read-only"",""base_data_name"":""exploratory-base"",""reified_data_name"":""exploratory-reified"",""update_canary_sha256"":""2b9b44b25cd1c568cd57c6c5df25ae260b68229044617821fb33f542dab77648"",""store_instance_sha256"":""ae66d4ca42b831aa94f050bbbfbb0f5f14bd256181e832c50cfe67318b5b52bf"",""store_discriminator_sha256"":""2e884d94ace185d62b1b91debf493ccd0a69b83d08e74cf5f1c2be4851b14215"",""tool_sha256"":""b38a65fc0c1a91e138f057f7b6c08d21c328463aceb40ffda53fc759f99d2f7a"",""java_runtime_sha256"":""bdd50c08a90e2fb713541b8a118df6250246a917edc41a6776aeafc90b472687"",""run_identity_sha256"":""58af9b65a6e176283122acffebf326aa95d97594a419745ba9c0183741dbabf9""}"
