commit,engine,engine_version,scale,class,template,instance,query_sha256,method,implementation,status,answers,median_ms,min_ms,max_ms,mean_ms,sd_ms,warmups,runs,timeout_s,response_bytes,c_parse_median_ms,gates,edges,derivations,npcs_token_occurrences,rewrite_ms,samples_json,c_parse_samples_json,c_protocol_median_ms,c_protocol_samples_json,construct_total_ms,construct_total_samples_json,construct_unattributed_median_ms,construct_unattributed_samples_json,protocol,batch_id,answer_kind,answer_key_count,answer_fingerprint,construction_requested,construction_effective,circuit_sha256,circuit_cache_path,circuit_cache_metadata_path,circuit_cache_observation_sha256,circuit_cache_sidecar_sha256,base_endpoint_sha256,reified_endpoint_sha256,update_endpoint_sha256,base_data_identity_sha256,reified_data_identity_sha256,update_for,access_mode,base_data_name,reified_data_name,update_canary_sha256,store_instance_sha256,store_discriminator_sha256,tool_sha256,java_runtime_sha256,run_identity_sha256,notes
baf731844a65b830a95b2167d5a3b6b77d65abcd,millenniumdb,MillenniumDB [engines.json profile],100M,L,L1,00,600c6f736028ac1dca0fa84f800a5b3b4f74bedfd8244d599a7c9b4e07bd041b,B,base-select,ok,4,1.6,1.4,1.7,1.6,0.2,1,3,300.0,883,0.0,,,,,0.00668,"[1.721, 1.4, 1.57]","[0.0, 0.0, 0.0]",,[],,[],,[],r9.2-frozen-identity-v7,9e7ce36c8755701e00dded85ac14afd8dff20a9b9e66574af23b3bb7052e58be,csv-binding-multiset-v1,4,7b0f29c621c263e3856b7936c97ec8f5321e77fd1613a30f976e6e06ca22f730,,,,,,,,007a0f6d40c4f5763053f0656a9a8961bef2a93fdcf0d680038343fd899f8922,449f806c0d1e860421279be80d03331f7ad131ca9af34621cf32cc41042190d3,8a607274f1b3d176dd6acfdc7381c25676b642e78d334a9664e45a2bdf3d52a0,8a988dc83f4082a4f27503ba2906dc6b8733b3c02be567635c726c67bbd48314,16162702ccec82b2a0e27063cd04bd756a27af1f003b4cef0da976d843ef4725,none,read-only,exploratory-base,exploratory-reified,2b9b44b25cd1c568cd57c6c5df25ae260b68229044617821fb33f542dab77648,30e2f137e46adf31cbf946515707a3237ea7a5b1e32a4e3b81551f678798b917,2e884d94ace185d62b1b91debf493ccd0a69b83d08e74cf5f1c2be4851b14215,b38a65fc0c1a91e138f057f7b6c08d21c328463aceb40ffda53fc759f99d2f7a,bdd50c08a90e2fb713541b8a118df6250246a917edc41a6776aeafc90b472687,689eebdd3f5c510f740ce0e6810fe8d7023d54cd45b4631fcef080e81153bb3d,"pcm-meta-v2:{""protocol"":""r9.2-frozen-identity-v7"",""message"":"""",""cell_wall_ms"":36.275,""answer_kind"":""csv-binding-multiset-v1"",""answer_key_count"":4,""answer_fingerprint"":""7b0f29c621c263e3856b7936c97ec8f5321e77fd1613a30f976e6e06ca22f730"",""c_parse_samples"":[0.0,0.0,0.0],""c_protocol_samples"":[],""construct_total_samples"":[],""construct_unattributed_samples"":[],""status"":""ok"",""status_evidence"":null,""construction_requested"":null,""construction_effective"":null,""commit"":""baf731844a65b830a95b2167d5a3b6b77d65abcd"",""batch_id"":""9e7ce36c8755701e00dded85ac14afd8dff20a9b9e66574af23b3bb7052e58be"",""query_sha256"":""600c6f736028ac1dca0fa84f800a5b3b4f74bedfd8244d599a7c9b4e07bd041b"",""engine"":""millenniumdb"",""engine_version"":""MillenniumDB [engines.json profile]"",""scale"":""100M"",""base_endpoint_sha256"":""007a0f6d40c4f5763053f0656a9a8961bef2a93fdcf0d680038343fd899f8922"",""reified_endpoint_sha256"":""449f806c0d1e860421279be80d03331f7ad131ca9af34621cf32cc41042190d3"",""update_endpoint_sha256"":""8a607274f1b3d176dd6acfdc7381c25676b642e78d334a9664e45a2bdf3d52a0"",""base_data_identity_sha256"":""8a988dc83f4082a4f27503ba2906dc6b8733b3c02be567635c726c67bbd48314"",""reified_data_identity_sha256"":""16162702ccec82b2a0e27063cd04bd756a27af1f003b4cef0da976d843ef4725"",""update_for"":""none"",""access_mode"":""read-only"",""base_data_name"":""exploratory-base"",""reified_data_name"":""exploratory-reified"",""update_canary_sha256"":""2b9b44b25cd1c568cd57c6c5df25ae260b68229044617821fb33f542dab77648"",""store_instance_sha256"":""30e2f137e46adf31cbf946515707a3237ea7a5b1e32a4e3b81551f678798b917"",""store_discriminator_sha256"":""2e884d94ace185d62b1b91debf493ccd0a69b83d08e74cf5f1c2be4851b14215"",""tool_sha256"":""b38a65fc0c1a91e138f057f7b6c08d21c328463aceb40ffda53fc759f99d2f7a"",""java_runtime_sha256"":""bdd50c08a90e2fb713541b8a118df6250246a917edc41a6776aeafc90b472687"",""run_identity_sha256"":""689eebdd3f5c510f740ce0e6810fe8d7023d54cd45b4631fcef080e81153bb3d""}"
baf731844a65b830a95b2167d5a3b6b77d65abcd,millenniumdb,MillenniumDB [engines.json profile],100M,L,L1,00,600c6f736028ac1dca0fa84f800a5b3b4f74bedfd8244d599a7c9b4e07bd041b,R,reification-only,ok,4,4.2,4.0,4.6,4.3,0.3,1,3,300.0,883,0.0,,,,,167.516175,"[4.641, 4.179, 4.046]","[0.0, 0.0, 0.0]",,[],,[],,[],r9.2-frozen-identity-v7,9e7ce36c8755701e00dded85ac14afd8dff20a9b9e66574af23b3bb7052e58be,csv-binding-multiset-v1,4,7b0f29c621c263e3856b7936c97ec8f5321e77fd1613a30f976e6e06ca22f730,,,,,,,,007a0f6d40c4f5763053f0656a9a8961bef2a93fdcf0d680038343fd899f8922,449f806c0d1e860421279be80d03331f7ad131ca9af34621cf32cc41042190d3,8a607274f1b3d176dd6acfdc7381c25676b642e78d334a9664e45a2bdf3d52a0,8a988dc83f4082a4f27503ba2906dc6b8733b3c02be567635c726c67bbd48314,16162702ccec82b2a0e27063cd04bd756a27af1f003b4cef0da976d843ef4725,none,read-only,exploratory-base,exploratory-reified,2b9b44b25cd1c568cd57c6c5df25ae260b68229044617821fb33f542dab77648,30e2f137e46adf31cbf946515707a3237ea7a5b1e32a4e3b81551f678798b917,2e884d94ace185d62b1b91debf493ccd0a69b83d08e74cf5f1c2be4851b14215,b38a65fc0c1a91e138f057f7b6c08d21c328463aceb40ffda53fc759f99d2f7a,bdd50c08a90e2fb713541b8a118df6250246a917edc41a6776aeafc90b472687,689eebdd3f5c510f740ce0e6810fe8d7023d54cd45b4631fcef080e81153bb3d,"pcm-meta-v2:{""protocol"":""r9.2-frozen-identity-v7"",""message"":"""",""cell_wall_ms"":304.889,""answer_kind"":""csv-binding-multiset-v1"",""answer_key_count"":4,""answer_fingerprint"":""7b0f29c621c263e3856b7936c97ec8f5321e77fd1613a30f976e6e06ca22f730"",""c_parse_samples"":[0.0,0.0,0.0],""c_protocol_samples"":[],""construct_total_samples"":[],""construct_unattributed_samples"":[],""status"":""ok"",""status_evidence"":null,""construction_requested"":null,""construction_effective"":null,""commit"":""baf731844a65b830a95b2167d5a3b6b77d65abcd"",""batch_id"":""9e7ce36c8755701e00dded85ac14afd8dff20a9b9e66574af23b3bb7052e58be"",""query_sha256"":""600c6f736028ac1dca0fa84f800a5b3b4f74bedfd8244d599a7c9b4e07bd041b"",""engine"":""millenniumdb"",""engine_version"":""MillenniumDB [engines.json profile]"",""scale"":""100M"",""base_endpoint_sha256"":""007a0f6d40c4f5763053f0656a9a8961bef2a93fdcf0d680038343fd899f8922"",""reified_endpoint_sha256"":""449f806c0d1e860421279be80d03331f7ad131ca9af34621cf32cc41042190d3"",""update_endpoint_sha256"":""8a607274f1b3d176dd6acfdc7381c25676b642e78d334a9664e45a2bdf3d52a0"",""base_data_identity_sha256"":""8a988dc83f4082a4f27503ba2906dc6b8733b3c02be567635c726c67bbd48314"",""reified_data_identity_sha256"":""16162702ccec82b2a0e27063cd04bd756a27af1f003b4cef0da976d843ef4725"",""update_for"":""none"",""access_mode"":""read-only"",""base_data_name"":""exploratory-base"",""reified_data_name"":""exploratory-reified"",""update_canary_sha256"":""2b9b44b25cd1c568cd57c6c5df25ae260b68229044617821fb33f542dab77648"",""store_instance_sha256"":""30e2f137e46adf31cbf946515707a3237ea7a5b1e32a4e3b81551f678798b917"",""store_discriminator_sha256"":""2e884d94ace185d62b1b91debf493ccd0a69b83d08e74cf5f1c2be4851b14215"",""tool_sha256"":""b38a65fc0c1a91e138f057f7b6c08d21c328463aceb40ffda53fc759f99d2f7a"",""java_runtime_sha256"":""bdd50c08a90e2fb713541b8a118df6250246a917edc41a6776aeafc90b472687"",""run_identity_sha256"":""689eebdd3f5c510f740ce0e6810fe8d7023d54cd45b4631fcef080e81153bb3d""}"
baf731844a65b830a95b2167d5a3b6b77d65abcd,millenniumdb,MillenniumDB [engines.json profile],100M,L,L1,00,600c6f736028ac1dca0fa84f800a5b3b4f74bedfd8244d599a7c9b4e07bd041b,N,N_clean (NPCS reimplementation),ok,4,5.8,4.8,6.7,5.7,0.9,1,3,300.0,1138,0.0,,,,4,189.930657,"[6.666, 4.798, 5.754]","[0.0, 0.0, 0.0]",,[],,[],,[],r9.2-frozen-identity-v7,9e7ce36c8755701e00dded85ac14afd8dff20a9b9e66574af23b3bb7052e58be,csv-candidate-multiset-v1,4,7b0f29c621c263e3856b7936c97ec8f5321e77fd1613a30f976e6e06ca22f730,,,,,,,,007a0f6d40c4f5763053f0656a9a8961bef2a93fdcf0d680038343fd899f8922,449f806c0d1e860421279be80d03331f7ad131ca9af34621cf32cc41042190d3,8a607274f1b3d176dd6acfdc7381c25676b642e78d334a9664e45a2bdf3d52a0,8a988dc83f4082a4f27503ba2906dc6b8733b3c02be567635c726c67bbd48314,16162702ccec82b2a0e27063cd04bd756a27af1f003b4cef0da976d843ef4725,none,read-only,exploratory-base,exploratory-reified,2b9b44b25cd1c568cd57c6c5df25ae260b68229044617821fb33f542dab77648,30e2f137e46adf31cbf946515707a3237ea7a5b1e32a4e3b81551f678798b917,2e884d94ace185d62b1b91debf493ccd0a69b83d08e74cf5f1c2be4851b14215,b38a65fc0c1a91e138f057f7b6c08d21c328463aceb40ffda53fc759f99d2f7a,bdd50c08a90e2fb713541b8a118df6250246a917edc41a6776aeafc90b472687,689eebdd3f5c510f740ce0e6810fe8d7023d54cd45b4631fcef080e81153bb3d,"pcm-meta-v2:{""protocol"":""r9.2-frozen-identity-v7"",""message"":"""",""cell_wall_ms"":229.153,""answer_kind"":""csv-candidate-multiset-v1"",""answer_key_count"":4,""answer_fingerprint"":""7b0f29c621c263e3856b7936c97ec8f5321e77fd1613a30f976e6e06ca22f730"",""c_parse_samples"":[0.0,0.0,0.0],""c_protocol_samples"":[],""construct_total_samples"":[],""construct_unattributed_samples"":[],""status"":""ok"",""status_evidence"":null,""construction_requested"":null,""construction_effective"":null,""commit"":""baf731844a65b830a95b2167d5a3b6b77d65abcd"",""batch_id"":""9e7ce36c8755701e00dded85ac14afd8dff20a9b9e66574af23b3bb7052e58be"",""query_sha256"":""600c6f736028ac1dca0fa84f800a5b3b4f74bedfd8244d599a7c9b4e07bd041b"",""engine"":""millenniumdb"",""engine_version"":""MillenniumDB [engines.json profile]"",""scale"":""100M"",""base_endpoint_sha256"":""007a0f6d40c4f5763053f0656a9a8961bef2a93fdcf0d680038343fd899f8922"",""reified_endpoint_sha256"":""449f806c0d1e860421279be80d03331f7ad131ca9af34621cf32cc41042190d3"",""update_endpoint_sha256"":""8a607274f1b3d176dd6acfdc7381c25676b642e78d334a9664e45a2bdf3d52a0"",""base_data_identity_sha256"":""8a988dc83f4082a4f27503ba2906dc6b8733b3c02be567635c726c67bbd48314"",""reified_data_identity_sha256"":""16162702ccec82b2a0e27063cd04bd756a27af1f003b4cef0da976d843ef4725"",""update_for"":""none"",""access_mode"":""read-only"",""base_data_name"":""exploratory-base"",""reified_data_name"":""exploratory-reified"",""update_canary_sha256"":""2b9b44b25cd1c568cd57c6c5df25ae260b68229044617821fb33f542dab77648"",""store_instance_sha256"":""30e2f137e46adf31cbf946515707a3237ea7a5b1e32a4e3b81551f678798b917"",""store_discriminator_sha256"":""2e884d94ace185d62b1b91debf493ccd0a69b83d08e74cf5f1c2be4851b14215"",""tool_sha256"":""b38a65fc0c1a91e138f057f7b6c08d21c328463aceb40ffda53fc759f99d2f7a"",""java_runtime_sha256"":""bdd50c08a90e2fb713541b8a118df6250246a917edc41a6776aeafc90b472687"",""run_identity_sha256"":""689eebdd3f5c510f740ce0e6810fe8d7023d54cd45b4631fcef080e81153bb3d""}"
baf731844a65b830a95b2167d5a3b6b77d65abcd,millenniumdb,MillenniumDB [engines.json profile],100M,L,L1,00,600c6f736028ac1dca0fa84f800a5b3b4f74bedfd8244d599a7c9b4e07bd041b,C,SPARQLcirc CircuitRewriter,ok,4,8.4,7.5,11.1,9.0,1.9,1,3,300.0,9917,1.0,8,16,4,,417.932704,"[8.364, 11.086, 7.451]","[0.954, 1.035, 1.176]",0.0,"[0.0, 0.0, 0.0]",9.4,"[9.382, 12.181, 8.711]",0.1,"[0.065, 0.06, 0.084]",r9.2-frozen-identity-v7,9e7ce36c8755701e00dded85ac14afd8dff20a9b9e66574af23b3bb7052e58be,term-aware-candidate-set-v1,4,2443b3385399061ef97f989b3d4b25ff19b7bfb3f5012078d5f8bf9ddd3fa7b5,flat,flat,9255b0e7b86e216ad5191acf2edf94d01abeee0e998cc0b8744c0147c1e49c9f,,,,,007a0f6d40c4f5763053f0656a9a8961bef2a93fdcf0d680038343fd899f8922,449f806c0d1e860421279be80d03331f7ad131ca9af34621cf32cc41042190d3,8a607274f1b3d176dd6acfdc7381c25676b642e78d334a9664e45a2bdf3d52a0,8a988dc83f4082a4f27503ba2906dc6b8733b3c02be567635c726c67bbd48314,16162702ccec82b2a0e27063cd04bd756a27af1f003b4cef0da976d843ef4725,none,read-only,exploratory-base,exploratory-reified,2b9b44b25cd1c568cd57c6c5df25ae260b68229044617821fb33f542dab77648,30e2f137e46adf31cbf946515707a3237ea7a5b1e32a4e3b81551f678798b917,2e884d94ace185d62b1b91debf493ccd0a69b83d08e74cf5f1c2be4851b14215,b38a65fc0c1a91e138f057f7b6c08d21c328463aceb40ffda53fc759f99d2f7a,bdd50c08a90e2fb713541b8a118df6250246a917edc41a6776aeafc90b472687,689eebdd3f5c510f740ce0e6810fe8d7023d54cd45b4631fcef080e81153bb3d,"pcm-meta-v2:{""protocol"":""r9.2-frozen-identity-v7"",""message"":""C requested=flat effective=flat; steps=1 feedback=0; network includes CONSTRUCT, feedback INSERT, and cleanup DELETE"",""cell_wall_ms"":559.103,""answer_kind"":""term-aware-candidate-set-v1"",""answer_key_count"":4,""answer_fingerprint"":""2443b3385399061ef97f989b3d4b25ff19b7bfb3f5012078d5f8bf9ddd3fa7b5"",""c_parse_samples"":[0.954,1.035,1.176],""c_protocol_samples"":[{""requested_mode"":""flat"",""effective_mode"":""flat"",""fallback_reason"":null,""plan_steps"":1,""feedback_steps"":0,""feedback_triples"":0,""construct_query_ms"":8.364,""feedback_update_ms"":0.0,""cleanup_ms"":0.0,""client_protocol_ms"":0.0,""network_scope"":""construct+feedback+cleanup"",""circuit_sha256"":""9255b0e7b86e216ad5191acf2edf94d01abeee0e998cc0b8744c0147c1e49c9f"",""answer_fingerprint"":""2443b3385399061ef97f989b3d4b25ff19b7bfb3f5012078d5f8bf9ddd3fa7b5"",""semantic_signature_sha256"":""c83b091deeb1067b4be74ef0edd3cef6bf9cefff666771fa62464a56213f4359"",""structure_signature"":{""gates"":8,""edges"":16,""answers"":4,""derivations"":4,""canonical_bytes"":9917},""construct_total_ms"":9.382,""client_unattributed_ms"":0.065},{""requested_mode"":""flat"",""effective_mode"":""flat"",""fallback_reason"":null,""plan_steps"":1,""feedback_steps"":0,""feedback_triples"":0,""construct_query_ms"":11.086,""feedback_update_ms"":0.0,""cleanup_ms"":0.0,""client_protocol_ms"":0.0,""network_scope"":""construct+feedback+cleanup"",""circuit_sha256"":""9255b0e7b86e216ad5191acf2edf94d01abeee0e998cc0b8744c0147c1e49c9f"",""answer_fingerprint"":""2443b3385399061ef97f989b3d4b25ff19b7bfb3f5012078d5f8bf9ddd3fa7b5"",""semantic_signature_sha256"":""c83b091deeb1067b4be74ef0edd3cef6bf9cefff666771fa62464a56213f4359"",""structure_signature"":{""gates"":8,""edges"":16,""answers"":4,""derivations"":4,""canonical_bytes"":9917},""construct_total_ms"":12.181,""client_unattributed_ms"":0.06},{""requested_mode"":""flat"",""effective_mode"":""flat"",""fallback_reason"":null,""plan_steps"":1,""feedback_steps"":0,""feedback_triples"":0,""construct_query_ms"":7.451,""feedback_update_ms"":0.0,""cleanup_ms"":0.0,""client_protocol_ms"":0.0,""network_scope"":""construct+feedback+cleanup"",""circuit_sha256"":""9255b0e7b86e216ad5191acf2edf94d01abeee0e998cc0b8744c0147c1e49c9f"",""answer_fingerprint"":""2443b3385399061ef97f989b3d4b25ff19b7bfb3f5012078d5f8bf9ddd3fa7b5"",""semantic_signature_sha256"":""c83b091deeb1067b4be74ef0edd3cef6bf9cefff666771fa62464a56213f4359"",""structure_signature"":{""gates"":8,""edges"":16,""answers"":4,""derivations"":4,""canonical_bytes"":9917},""construct_total_ms"":8.711,""client_unattributed_ms"":0.084}],""construct_total_samples"":[9.382,12.181,8.711],""construct_unattributed_samples"":[0.065,0.06,0.084],""status"":""ok"",""status_evidence"":null,""c_warmup_signatures"":[""c83b091deeb1067b4be74ef0edd3cef6bf9cefff666771fa62464a56213f4359""],""measured_semantic_signature_sha256"":""c83b091deeb1067b4be74ef0edd3cef6bf9cefff666771fa62464a56213f4359"",""measured_repetitions_consistent"":true,""construction_requested"":""flat"",""construction_effective"":""flat"",""commit"":""baf731844a65b830a95b2167d5a3b6b77d65abcd"",""batch_id"":""9e7ce36c8755701e00dded85ac14afd8dff20a9b9e66574af23b3bb7052e58be"",""query_sha256"":""600c6f736028ac1dca0fa84f800a5b3b4f74bedfd8244d599a7c9b4e07bd041b"",""engine"":""millenniumdb"",""engine_version"":""MillenniumDB [engines.json profile]"",""scale"":""100M"",""base_endpoint_sha256"":""007a0f6d40c4f5763053f0656a9a8961bef2a93fdcf0d680038343fd899f8922"",""reified_endpoint_sha256"":""449f806c0d1e860421279be80d03331f7ad131ca9af34621cf32cc41042190d3"",""update_endpoint_sha256"":""8a607274f1b3d176dd6acfdc7381c25676b642e78d334a9664e45a2bdf3d52a0"",""base_data_identity_sha256"":""8a988dc83f4082a4f27503ba2906dc6b8733b3c02be567635c726c67bbd48314"",""reified_data_identity_sha256"":""16162702ccec82b2a0e27063cd04bd756a27af1f003b4cef0da976d843ef4725"",""update_for"":""none"",""access_mode"":""read-only"",""base_data_name"":""exploratory-base"",""reified_data_name"":""exploratory-reified"",""update_canary_sha256"":""2b9b44b25cd1c568cd57c6c5df25ae260b68229044617821fb33f542dab77648"",""store_instance_sha256"":""30e2f137e46adf31cbf946515707a3237ea7a5b1e32a4e3b81551f678798b917"",""store_discriminator_sha256"":""2e884d94ace185d62b1b91debf493ccd0a69b83d08e74cf5f1c2be4851b14215"",""tool_sha256"":""b38a65fc0c1a91e138f057f7b6c08d21c328463aceb40ffda53fc759f99d2f7a"",""java_runtime_sha256"":""bdd50c08a90e2fb713541b8a118df6250246a917edc41a6776aeafc90b472687"",""run_identity_sha256"":""689eebdd3f5c510f740ce0e6810fe8d7023d54cd45b4631fcef080e81153bb3d""}"
baf731844a65b830a95b2167d5a3b6b77d65abcd,millenniumdb,MillenniumDB [engines.json profile],100M,L,L2,00,64873fb3e0533f5e97269a846ba7be46358d4ae4e7b00ae160b34130e60e4ce6,B,base-select,ok,961,14.0,14.0,14.1,14.0,0.0,1,3,300.0,92165,0.0,,,,,0.01294,"[14.073, 13.981, 14.015]","[0.0, 0.0, 0.0]",,[],,[],,[],r9.2-frozen-identity-v7,9e7ce36c8755701e00dded85ac14afd8dff20a9b9e66574af23b3bb7052e58be,csv-binding-multiset-v1,961,5f096cf600ffde69ba173a711362a6feab6fba8223277ee8d2c75cac2a8e3742,,,,,,,,007a0f6d40c4f5763053f0656a9a8961bef2a93fdcf0d680038343fd899f8922,449f806c0d1e860421279be80d03331f7ad131ca9af34621cf32cc41042190d3,8a607274f1b3d176dd6acfdc7381c25676b642e78d334a9664e45a2bdf3d52a0,8a988dc83f4082a4f27503ba2906dc6b8733b3c02be567635c726c67bbd48314,16162702ccec82b2a0e27063cd04bd756a27af1f003b4cef0da976d843ef4725,none,read-only,exploratory-base,exploratory-reified,2b9b44b25cd1c568cd57c6c5df25ae260b68229044617821fb33f542dab77648,30e2f137e46adf31cbf946515707a3237ea7a5b1e32a4e3b81551f678798b917,2e884d94ace185d62b1b91debf493ccd0a69b83d08e74cf5f1c2be4851b14215,b38a65fc0c1a91e138f057f7b6c08d21c328463aceb40ffda53fc759f99d2f7a,bdd50c08a90e2fb713541b8a118df6250246a917edc41a6776aeafc90b472687,a6a3eb2f735b8674ff9c2e1e35631b7e865f8f23fb1507aed9065e04beac43ce,"pcm-meta-v2:{""protocol"":""r9.2-frozen-identity-v7"",""message"":"""",""cell_wall_ms"":74.568,""answer_kind"":""csv-binding-multiset-v1"",""answer_key_count"":961,""answer_fingerprint"":""5f096cf600ffde69ba173a711362a6feab6fba8223277ee8d2c75cac2a8e3742"",""c_parse_samples"":[0.0,0.0,0.0],""c_protocol_samples"":[],""construct_total_samples"":[],""construct_unattributed_samples"":[],""status"":""ok"",""status_evidence"":null,""construction_requested"":null,""construction_effective"":null,""commit"":""baf731844a65b830a95b2167d5a3b6b77d65abcd"",""batch_id"":""9e7ce36c8755701e00dded85ac14afd8dff20a9b9e66574af23b3bb7052e58be"",""query_sha256"":""64873fb3e0533f5e97269a846ba7be46358d4ae4e7b00ae160b34130e60e4ce6"",""engine"":""millenniumdb"",""engine_version"":""MillenniumDB [engines.json profile]"",""scale"":""100M"",""base_endpoint_sha256"":""007a0f6d40c4f5763053f0656a9a8961bef2a93fdcf0d680038343fd899f8922"",""reified_endpoint_sha256"":""449f806c0d1e860421279be80d03331f7ad131ca9af34621cf32cc41042190d3"",""update_endpoint_sha256"":""8a607274f1b3d176dd6acfdc7381c25676b642e78d334a9664e45a2bdf3d52a0"",""base_data_identity_sha256"":""8a988dc83f4082a4f27503ba2906dc6b8733b3c02be567635c726c67bbd48314"",""reified_data_identity_sha256"":""16162702ccec82b2a0e27063cd04bd756a27af1f003b4cef0da976d843ef4725"",""update_for"":""none"",""access_mode"":""read-only"",""base_data_name"":""exploratory-base"",""reified_data_name"":""exploratory-reified"",""update_canary_sha256"":""2b9b44b25cd1c568cd57c6c5df25ae260b68229044617821fb33f542dab77648"",""store_instance_sha256"":""30e2f137e46adf31cbf946515707a3237ea7a5b1e32a4e3b81551f678798b917"",""store_discriminator_sha256"":""2e884d94ace185d62b1b91debf493ccd0a69b83d08e74cf5f1c2be4851b14215"",""tool_sha256"":""b38a65fc0c1a91e138f057f7b6c08d21c328463aceb40ffda53fc759f99d2f7a"",""java_runtime_sha256"":""bdd50c08a90e2fb713541b8a118df6250246a917edc41a6776aeafc90b472687"",""run_identity_sha256"":""a6a3eb2f735b8674ff9c2e1e35631b7e865f8f23fb1507aed9065e04beac43ce""}"
baf731844a65b830a95b2167d5a3b6b77d65abcd,millenniumdb,MillenniumDB [engines.json profile],100M,L,L2,00,64873fb3e0533f5e97269a846ba7be46358d4ae4e7b00ae160b34130e60e4ce6,R,reification-only,ok,961,208.9,207.1,209.2,208.4,1.1,1,3,300.0,92165,0.0,,,,,164.208983,"[208.912, 209.166, 207.131]","[0.0, 0.0, 0.0]",,[],,[],,[],r9.2-frozen-identity-v7,9e7ce36c8755701e00dded85ac14afd8dff20a9b9e66574af23b3bb7052e58be,csv-binding-multiset-v1,961,5f096cf600ffde69ba173a711362a6feab6fba8223277ee8d2c75cac2a8e3742,,,,,,,,007a0f6d40c4f5763053f0656a9a8961bef2a93fdcf0d680038343fd899f8922,449f806c0d1e860421279be80d03331f7ad131ca9af34621cf32cc41042190d3,8a607274f1b3d176dd6acfdc7381c25676b642e78d334a9664e45a2bdf3d52a0,8a988dc83f4082a4f27503ba2906dc6b8733b3c02be567635c726c67bbd48314,16162702ccec82b2a0e27063cd04bd756a27af1f003b4cef0da976d843ef4725,none,read-only,exploratory-base,exploratory-reified,2b9b44b25cd1c568cd57c6c5df25ae260b68229044617821fb33f542dab77648,30e2f137e46adf31cbf946515707a3237ea7a5b1e32a4e3b81551f678798b917,2e884d94ace185d62b1b91debf493ccd0a69b83d08e74cf5f1c2be4851b14215,b38a65fc0c1a91e138f057f7b6c08d21c328463aceb40ffda53fc759f99d2f7a,bdd50c08a90e2fb713541b8a118df6250246a917edc41a6776aeafc90b472687,a6a3eb2f735b8674ff9c2e1e35631b7e865f8f23fb1507aed9065e04beac43ce,"pcm-meta-v2:{""protocol"":""r9.2-frozen-identity-v7"",""message"":"""",""cell_wall_ms"":6869.557,""answer_kind"":""csv-binding-multiset-v1"",""answer_key_count"":961,""answer_fingerprint"":""5f096cf600ffde69ba173a711362a6feab6fba8223277ee8d2c75cac2a8e3742"",""c_parse_samples"":[0.0,0.0,0.0],""c_protocol_samples"":[],""construct_total_samples"":[],""construct_unattributed_samples"":[],""status"":""ok"",""status_evidence"":null,""construction_requested"":null,""construction_effective"":null,""commit"":""baf731844a65b830a95b2167d5a3b6b77d65abcd"",""batch_id"":""9e7ce36c8755701e00dded85ac14afd8dff20a9b9e66574af23b3bb7052e58be"",""query_sha256"":""64873fb3e0533f5e97269a846ba7be46358d4ae4e7b00ae160b34130e60e4ce6"",""engine"":""millenniumdb"",""engine_version"":""MillenniumDB [engines.json profile]"",""scale"":""100M"",""base_endpoint_sha256"":""007a0f6d40c4f5763053f0656a9a8961bef2a93fdcf0d680038343fd899f8922"",""reified_endpoint_sha256"":""449f806c0d1e860421279be80d03331f7ad131ca9af34621cf32cc41042190d3"",""update_endpoint_sha256"":""8a607274f1b3d176dd6acfdc7381c25676b642e78d334a9664e45a2bdf3d52a0"",""base_data_identity_sha256"":""8a988dc83f4082a4f27503ba2906dc6b8733b3c02be567635c726c67bbd48314"",""reified_data_identity_sha256"":""16162702ccec82b2a0e27063cd04bd756a27af1f003b4cef0da976d843ef4725"",""update_for"":""none"",""access_mode"":""read-only"",""base_data_name"":""exploratory-base"",""reified_data_name"":""exploratory-reified"",""update_canary_sha256"":""2b9b44b25cd1c568cd57c6c5df25ae260b68229044617821fb33f542dab77648"",""store_instance_sha256"":""30e2f137e46adf31cbf946515707a3237ea7a5b1e32a4e3b81551f678798b917"",""store_discriminator_sha256"":""2e884d94ace185d62b1b91debf493ccd0a69b83d08e74cf5f1c2be4851b14215"",""tool_sha256"":""b38a65fc0c1a91e138f057f7b6c08d21c328463aceb40ffda53fc759f99d2f7a"",""java_runtime_sha256"":""bdd50c08a90e2fb713541b8a118df6250246a917edc41a6776aeafc90b472687"",""run_identity_sha256"":""a6a3eb2f735b8674ff9c2e1e35631b7e865f8f23fb1507aed9065e04beac43ce""}"
baf731844a65b830a95b2167d5a3b6b77d65abcd,millenniumdb,MillenniumDB [engines.json profile],100M,L,L2,00,64873fb3e0533f5e97269a846ba7be46358d4ae4e7b00ae160b34130e60e4ce6,N,N_clean (NPCS reimplementation),ok,961,223.1,217.3,236.6,225.7,9.9,1,3,300.0,141384,0.0,,,,961,183.348674,"[223.094, 217.325, 236.612]","[0.0, 0.0, 0.0]",,[],,[],,[],r9.2-frozen-identity-v7,9e7ce36c8755701e00dded85ac14afd8dff20a9b9e66574af23b3bb7052e58be,csv-candidate-multiset-v1,961,5f096cf600ffde69ba173a711362a6feab6fba8223277ee8d2c75cac2a8e3742,,,,,,,,007a0f6d40c4f5763053f0656a9a8961bef2a93fdcf0d680038343fd899f8922,449f806c0d1e860421279be80d03331f7ad131ca9af34621cf32cc41042190d3,8a607274f1b3d176dd6acfdc7381c25676b642e78d334a9664e45a2bdf3d52a0,8a988dc83f4082a4f27503ba2906dc6b8733b3c02be567635c726c67bbd48314,16162702ccec82b2a0e27063cd04bd756a27af1f003b4cef0da976d843ef4725,none,read-only,exploratory-base,exploratory-reified,2b9b44b25cd1c568cd57c6c5df25ae260b68229044617821fb33f542dab77648,30e2f137e46adf31cbf946515707a3237ea7a5b1e32a4e3b81551f678798b917,2e884d94ace185d62b1b91debf493ccd0a69b83d08e74cf5f1c2be4851b14215,b38a65fc0c1a91e138f057f7b6c08d21c328463aceb40ffda53fc759f99d2f7a,bdd50c08a90e2fb713541b8a118df6250246a917edc41a6776aeafc90b472687,a6a3eb2f735b8674ff9c2e1e35631b7e865f8f23fb1507aed9065e04beac43ce,"pcm-meta-v2:{""protocol"":""r9.2-frozen-identity-v7"",""message"":"""",""cell_wall_ms"":1803.171,""answer_kind"":""csv-candidate-multiset-v1"",""answer_key_count"":961,""answer_fingerprint"":""5f096cf600ffde69ba173a711362a6feab6fba8223277ee8d2c75cac2a8e3742"",""c_parse_samples"":[0.0,0.0,0.0],""c_protocol_samples"":[],""construct_total_samples"":[],""construct_unattributed_samples"":[],""status"":""ok"",""status_evidence"":null,""construction_requested"":null,""construction_effective"":null,""commit"":""baf731844a65b830a95b2167d5a3b6b77d65abcd"",""batch_id"":""9e7ce36c8755701e00dded85ac14afd8dff20a9b9e66574af23b3bb7052e58be"",""query_sha256"":""64873fb3e0533f5e97269a846ba7be46358d4ae4e7b00ae160b34130e60e4ce6"",""engine"":""millenniumdb"",""engine_version"":""MillenniumDB [engines.json profile]"",""scale"":""100M"",""base_endpoint_sha256"":""007a0f6d40c4f5763053f0656a9a8961bef2a93fdcf0d680038343fd899f8922"",""reified_endpoint_sha256"":""449f806c0d1e860421279be80d03331f7ad131ca9af34621cf32cc41042190d3"",""update_endpoint_sha256"":""8a607274f1b3d176dd6acfdc7381c25676b642e78d334a9664e45a2bdf3d52a0"",""base_data_identity_sha256"":""8a988dc83f4082a4f27503ba2906dc6b8733b3c02be567635c726c67bbd48314"",""reified_data_identity_sha256"":""16162702ccec82b2a0e27063cd04bd756a27af1f003b4cef0da976d843ef4725"",""update_for"":""none"",""access_mode"":""read-only"",""base_data_name"":""exploratory-base"",""reified_data_name"":""exploratory-reified"",""update_canary_sha256"":""2b9b44b25cd1c568cd57c6c5df25ae260b68229044617821fb33f542dab77648"",""store_instance_sha256"":""30e2f137e46adf31cbf946515707a3237ea7a5b1e32a4e3b81551f678798b917"",""store_discriminator_sha256"":""2e884d94ace185d62b1b91debf493ccd0a69b83d08e74cf5f1c2be4851b14215"",""tool_sha256"":""b38a65fc0c1a91e138f057f7b6c08d21c328463aceb40ffda53fc759f99d2f7a"",""java_runtime_sha256"":""bdd50c08a90e2fb713541b8a118df6250246a917edc41a6776aeafc90b472687"",""run_identity_sha256"":""a6a3eb2f735b8674ff9c2e1e35631b7e865f8f23fb1507aed9065e04beac43ce""}"
baf731844a65b830a95b2167d5a3b6b77d65abcd,millenniumdb,MillenniumDB [engines.json profile],100M,L,L2,00,64873fb3e0533f5e97269a846ba7be46358d4ae4e7b00ae160b34130e60e4ce6,C,SPARQLcirc CircuitRewriter,ok,961,423.9,386.1,456.0,422.0,35.0,1,3,300.0,1771113,169.6,1922,3844,961,,351.871055,"[455.992, 423.884, 386.069]","[169.577, 171.812, 160.126]",0.0,"[0.0, 0.0, 0.0]",596.8,"[626.474, 596.839, 547.13]",0.9,"[0.905, 1.143, 0.935]",r9.2-frozen-identity-v7,9e7ce36c8755701e00dded85ac14afd8dff20a9b9e66574af23b3bb7052e58be,term-aware-candidate-set-v1,961,dcac67cd85a34c9c5c20983b5a0e919942fde689f80b34cb02f455c160edb559,flat,flat,35d15df64205e5280d0c1f070a238b2bede97fdf703ac1c42ee134863020abcc,,,,,007a0f6d40c4f5763053f0656a9a8961bef2a93fdcf0d680038343fd899f8922,449f806c0d1e860421279be80d03331f7ad131ca9af34621cf32cc41042190d3,8a607274f1b3d176dd6acfdc7381c25676b642e78d334a9664e45a2bdf3d52a0,8a988dc83f4082a4f27503ba2906dc6b8733b3c02be567635c726c67bbd48314,16162702ccec82b2a0e27063cd04bd756a27af1f003b4cef0da976d843ef4725,none,read-only,exploratory-base,exploratory-reified,2b9b44b25cd1c568cd57c6c5df25ae260b68229044617821fb33f542dab77648,30e2f137e46adf31cbf946515707a3237ea7a5b1e32a4e3b81551f678798b917,2e884d94ace185d62b1b91debf493ccd0a69b83d08e74cf5f1c2be4851b14215,b38a65fc0c1a91e138f057f7b6c08d21c328463aceb40ffda53fc759f99d2f7a,bdd50c08a90e2fb713541b8a118df6250246a917edc41a6776aeafc90b472687,a6a3eb2f735b8674ff9c2e1e35631b7e865f8f23fb1507aed9065e04beac43ce,"pcm-meta-v2:{""protocol"":""r9.2-frozen-identity-v7"",""message"":""C requested=flat effective=flat; steps=1 feedback=0; network includes CONSTRUCT, feedback INSERT, and cleanup DELETE"",""cell_wall_ms"":5857.157,""answer_kind"":""term-aware-candidate-set-v1"",""answer_key_count"":961,""answer_fingerprint"":""dcac67cd85a34c9c5c20983b5a0e919942fde689f80b34cb02f455c160edb559"",""c_parse_samples"":[169.577,171.812,160.126],""c_protocol_samples"":[{""requested_mode"":""flat"",""effective_mode"":""flat"",""fallback_reason"":null,""plan_steps"":1,""feedback_steps"":0,""feedback_triples"":0,""construct_query_ms"":455.992,""feedback_update_ms"":0.0,""cleanup_ms"":0.0,""client_protocol_ms"":0.0,""network_scope"":""construct+feedback+cleanup"",""circuit_sha256"":""35d15df64205e5280d0c1f070a238b2bede97fdf703ac1c42ee134863020abcc"",""answer_fingerprint"":""dcac67cd85a34c9c5c20983b5a0e919942fde689f80b34cb02f455c160edb559"",""semantic_signature_sha256"":""6c2d0a92b3232bef5a604f8ac1eadbd7eed8bf0ca48a7b6b1968067889b19b00"",""structure_signature"":{""gates"":1922,""edges"":3844,""answers"":961,""derivations"":961,""canonical_bytes"":1771113},""construct_total_ms"":626.474,""client_unattributed_ms"":0.905},{""requested_mode"":""flat"",""effective_mode"":""flat"",""fallback_reason"":null,""plan_steps"":1,""feedback_steps"":0,""feedback_triples"":0,""construct_query_ms"":423.884,""feedback_update_ms"":0.0,""cleanup_ms"":0.0,""client_protocol_ms"":0.0,""network_scope"":""construct+feedback+cleanup"",""circuit_sha256"":""35d15df64205e5280d0c1f070a238b2bede97fdf703ac1c42ee134863020abcc"",""answer_fingerprint"":""dcac67cd85a34c9c5c20983b5a0e919942fde689f80b34cb02f455c160edb559"",""semantic_signature_sha256"":""6c2d0a92b3232bef5a604f8ac1eadbd7eed8bf0ca48a7b6b1968067889b19b00"",""structure_signature"":{""gates"":1922,""edges"":3844,""answers"":961,""derivations"":961,""canonical_bytes"":1771113},""construct_total_ms"":596.839,""client_unattributed_ms"":1.143},{""requested_mode"":""flat"",""effective_mode"":""flat"",""fallback_reason"":null,""plan_steps"":1,""feedback_steps"":0,""feedback_triples"":0,""construct_query_ms"":386.069,""feedback_update_ms"":0.0,""cleanup_ms"":0.0,""client_protocol_ms"":0.0,""network_scope"":""construct+feedback+cleanup"",""circuit_sha256"":""35d15df64205e5280d0c1f070a238b2bede97fdf703ac1c42ee134863020abcc"",""answer_fingerprint"":""dcac67cd85a34c9c5c20983b5a0e919942fde689f80b34cb02f455c160edb559"",""semantic_signature_sha256"":""6c2d0a92b3232bef5a604f8ac1eadbd7eed8bf0ca48a7b6b1968067889b19b00"",""structure_signature"":{""gates"":1922,""edges"":3844,""answers"":961,""derivations"":961,""canonical_bytes"":1771113},""construct_total_ms"":547.13,""client_unattributed_ms"":0.935}],""construct_total_samples"":[626.474,596.839,547.13],""construct_unattributed_samples"":[0.905,1.143,0.935],""status"":""ok"",""status_evidence"":null,""c_warmup_signatures"":[""6c2d0a92b3232bef5a604f8ac1eadbd7eed8bf0ca48a7b6b1968067889b19b00""],""measured_semantic_signature_sha256"":""6c2d0a92b3232bef5a604f8ac1eadbd7eed8bf0ca48a7b6b1968067889b19b00"",""measured_repetitions_consistent"":true,""construction_requested"":""flat"",""construction_effective"":""flat"",""commit"":""baf731844a65b830a95b2167d5a3b6b77d65abcd"",""batch_id"":""9e7ce36c8755701e00dded85ac14afd8dff20a9b9e66574af23b3bb7052e58be"",""query_sha256"":""64873fb3e0533f5e97269a846ba7be46358d4ae4e7b00ae160b34130e60e4ce6"",""engine"":""millenniumdb"",""engine_version"":""MillenniumDB [engines.json profile]"",""scale"":""100M"",""base_endpoint_sha256"":""007a0f6d40c4f5763053f0656a9a8961bef2a93fdcf0d680038343fd899f8922"",""reified_endpoint_sha256"":""449f806c0d1e860421279be80d03331f7ad131ca9af34621cf32cc41042190d3"",""update_endpoint_sha256"":""8a607274f1b3d176dd6acfdc7381c25676b642e78d334a9664e45a2bdf3d52a0"",""base_data_identity_sha256"":""8a988dc83f4082a4f27503ba2906dc6b8733b3c02be567635c726c67bbd48314"",""reified_data_identity_sha256"":""16162702ccec82b2a0e27063cd04bd756a27af1f003b4cef0da976d843ef4725"",""update_for"":""none"",""access_mode"":""read-only"",""base_data_name"":""exploratory-base"",""reified_data_name"":""exploratory-reified"",""update_canary_sha256"":""2b9b44b25cd1c568cd57c6c5df25ae260b68229044617821fb33f542dab77648"",""store_instance_sha256"":""30e2f137e46adf31cbf946515707a3237ea7a5b1e32a4e3b81551f678798b917"",""store_discriminator_sha256"":""2e884d94ace185d62b1b91debf493ccd0a69b83d08e74cf5f1c2be4851b14215"",""tool_sha256"":""b38a65fc0c1a91e138f057f7b6c08d21c328463aceb40ffda53fc759f99d2f7a"",""java_runtime_sha256"":""bdd50c08a90e2fb713541b8a118df6250246a917edc41a6776aeafc90b472687"",""run_identity_sha256"":""a6a3eb2f735b8674ff9c2e1e35631b7e865f8f23fb1507aed9065e04beac43ce""}"
baf731844a65b830a95b2167d5a3b6b77d65abcd,millenniumdb,MillenniumDB [engines.json profile],100M,L,L3,00,6e68c33e9b346995ea7cedfa79c5123b2290df112a813135a2d0753aa4f34a04,B,base-select,ok,7,1.0,0.9,1.0,1.0,0.0,1,3,300.0,346,0.0,,,,,0.00559,"[0.901, 0.962, 0.997]","[0.0, 0.0, 0.0]",,[],,[],,[],r9.2-frozen-identity-v7,9e7ce36c8755701e00dded85ac14afd8dff20a9b9e66574af23b3bb7052e58be,csv-binding-multiset-v1,7,daa65c263742ead05b20ee5b569d1626e417572acfc31f791969be00b8d88dde,,,,,,,,007a0f6d40c4f5763053f0656a9a8961bef2a93fdcf0d680038343fd899f8922,449f806c0d1e860421279be80d03331f7ad131ca9af34621cf32cc41042190d3,8a607274f1b3d176dd6acfdc7381c25676b642e78d334a9664e45a2bdf3d52a0,8a988dc83f4082a4f27503ba2906dc6b8733b3c02be567635c726c67bbd48314,16162702ccec82b2a0e27063cd04bd756a27af1f003b4cef0da976d843ef4725,none,read-only,exploratory-base,exploratory-reified,2b9b44b25cd1c568cd57c6c5df25ae260b68229044617821fb33f542dab77648,30e2f137e46adf31cbf946515707a3237ea7a5b1e32a4e3b81551f678798b917,2e884d94ace185d62b1b91debf493ccd0a69b83d08e74cf5f1c2be4851b14215,b38a65fc0c1a91e138f057f7b6c08d21c328463aceb40ffda53fc759f99d2f7a,bdd50c08a90e2fb713541b8a118df6250246a917edc41a6776aeafc90b472687,4d1301e3cba7c0986fc5203e7f03a0b3262afc26e9765a9a68241e9c2c202ed3,"pcm-meta-v2:{""protocol"":""r9.2-frozen-identity-v7"",""message"":"""",""cell_wall_ms"":14.533,""answer_kind"":""csv-binding-multiset-v1"",""answer_key_count"":7,""answer_fingerprint"":""daa65c263742ead05b20ee5b569d1626e417572acfc31f791969be00b8d88dde"",""c_parse_samples"":[0.0,0.0,0.0],""c_protocol_samples"":[],""construct_total_samples"":[],""construct_unattributed_samples"":[],""status"":""ok"",""status_evidence"":null,""construction_requested"":null,""construction_effective"":null,""commit"":""baf731844a65b830a95b2167d5a3b6b77d65abcd"",""batch_id"":""9e7ce36c8755701e00dded85ac14afd8dff20a9b9e66574af23b3bb7052e58be"",""query_sha256"":""6e68c33e9b346995ea7cedfa79c5123b2290df112a813135a2d0753aa4f34a04"",""engine"":""millenniumdb"",""engine_version"":""MillenniumDB [engines.json profile]"",""scale"":""100M"",""base_endpoint_sha256"":""007a0f6d40c4f5763053f0656a9a8961bef2a93fdcf0d680038343fd899f8922"",""reified_endpoint_sha256"":""449f806c0d1e860421279be80d03331f7ad131ca9af34621cf32cc41042190d3"",""update_endpoint_sha256"":""8a607274f1b3d176dd6acfdc7381c25676b642e78d334a9664e45a2bdf3d52a0"",""base_data_identity_sha256"":""8a988dc83f4082a4f27503ba2906dc6b8733b3c02be567635c726c67bbd48314"",""reified_data_identity_sha256"":""16162702ccec82b2a0e27063cd04bd756a27af1f003b4cef0da976d843ef4725"",""update_for"":""none"",""access_mode"":""read-only"",""base_data_name"":""exploratory-base"",""reified_data_name"":""exploratory-reified"",""update_canary_sha256"":""2b9b44b25cd1c568cd57c6c5df25ae260b68229044617821fb33f542dab77648"",""store_instance_sha256"":""30e2f137e46adf31cbf946515707a3237ea7a5b1e32a4e3b81551f678798b917"",""store_discriminator_sha256"":""2e884d94ace185d62b1b91debf493ccd0a69b83d08e74cf5f1c2be4851b14215"",""tool_sha256"":""b38a65fc0c1a91e138f057f7b6c08d21c328463aceb40ffda53fc759f99d2f7a"",""java_runtime_sha256"":""bdd50c08a90e2fb713541b8a118df6250246a917edc41a6776aeafc90b472687"",""run_identity_sha256"":""4d1301e3cba7c0986fc5203e7f03a0b3262afc26e9765a9a68241e9c2c202ed3""}"
baf731844a65b830a95b2167d5a3b6b77d65abcd,millenniumdb,MillenniumDB [engines.json profile],100M,L,L3,00,6e68c33e9b346995ea7cedfa79c5123b2290df112a813135a2d0753aa4f34a04,R,reification-only,ok,7,3.6,3.5,6.5,4.5,1.7,1,3,300.0,346,0.0,,,,,146.472384,"[3.583, 3.487, 6.469]","[0.0, 0.0, 0.0]",,[],,[],,[],r9.2-frozen-identity-v7,9e7ce36c8755701e00dded85ac14afd8dff20a9b9e66574af23b3bb7052e58be,csv-binding-multiset-v1,7,daa65c263742ead05b20ee5b569d1626e417572acfc31f791969be00b8d88dde,,,,,,,,007a0f6d40c4f5763053f0656a9a8961bef2a93fdcf0d680038343fd899f8922,449f806c0d1e860421279be80d03331f7ad131ca9af34621cf32cc41042190d3,8a607274f1b3d176dd6acfdc7381c25676b642e78d334a9664e45a2bdf3d52a0,8a988dc83f4082a4f27503ba2906dc6b8733b3c02be567635c726c67bbd48314,16162702ccec82b2a0e27063cd04bd756a27af1f003b4cef0da976d843ef4725,none,read-only,exploratory-base,exploratory-reified,2b9b44b25cd1c568cd57c6c5df25ae260b68229044617821fb33f542dab77648,30e2f137e46adf31cbf946515707a3237ea7a5b1e32a4e3b81551f678798b917,2e884d94ace185d62b1b91debf493ccd0a69b83d08e74cf5f1c2be4851b14215,b38a65fc0c1a91e138f057f7b6c08d21c328463aceb40ffda53fc759f99d2f7a,bdd50c08a90e2fb713541b8a118df6250246a917edc41a6776aeafc90b472687,4d1301e3cba7c0986fc5203e7f03a0b3262afc26e9765a9a68241e9c2c202ed3,"pcm-meta-v2:{""protocol"":""r9.2-frozen-identity-v7"",""message"":"""",""cell_wall_ms"":186.26,""answer_kind"":""csv-binding-multiset-v1"",""answer_key_count"":7,""answer_fingerprint"":""daa65c263742ead05b20ee5b569d1626e417572acfc31f791969be00b8d88dde"",""c_parse_samples"":[0.0,0.0,0.0],""c_protocol_samples"":[],""construct_total_samples"":[],""construct_unattributed_samples"":[],""status"":""ok"",""status_evidence"":null,""construction_requested"":null,""construction_effective"":null,""commit"":""baf731844a65b830a95b2167d5a3b6b77d65abcd"",""batch_id"":""9e7ce36c8755701e00dded85ac14afd8dff20a9b9e66574af23b3bb7052e58be"",""query_sha256"":""6e68c33e9b346995ea7cedfa79c5123b2290df112a813135a2d0753aa4f34a04"",""engine"":""millenniumdb"",""engine_version"":""MillenniumDB [engines.json profile]"",""scale"":""100M"",""base_endpoint_sha256"":""007a0f6d40c4f5763053f0656a9a8961bef2a93fdcf0d680038343fd899f8922"",""reified_endpoint_sha256"":""449f806c0d1e860421279be80d03331f7ad131ca9af34621cf32cc41042190d3"",""update_endpoint_sha256"":""8a607274f1b3d176dd6acfdc7381c25676b642e78d334a9664e45a2bdf3d52a0"",""base_data_identity_sha256"":""8a988dc83f4082a4f27503ba2906dc6b8733b3c02be567635c726c67bbd48314"",""reified_data_identity_sha256"":""16162702ccec82b2a0e27063cd04bd756a27af1f003b4cef0da976d843ef4725"",""update_for"":""none"",""access_mode"":""read-only"",""base_data_name"":""exploratory-base"",""reified_data_name"":""exploratory-reified"",""update_canary_sha256"":""2b9b44b25cd1c568cd57c6c5df25ae260b68229044617821fb33f542dab77648"",""store_instance_sha256"":""30e2f137e46adf31cbf946515707a3237ea7a5b1e32a4e3b81551f678798b917"",""store_discriminator_sha256"":""2e884d94ace185d62b1b91debf493ccd0a69b83d08e74cf5f1c2be4851b14215"",""tool_sha256"":""b38a65fc0c1a91e138f057f7b6c08d21c328463aceb40ffda53fc759f99d2f7a"",""java_runtime_sha256"":""bdd50c08a90e2fb713541b8a118df6250246a917edc41a6776aeafc90b472687"",""run_identity_sha256"":""4d1301e3cba7c0986fc5203e7f03a0b3262afc26e9765a9a68241e9c2c202ed3""}"
baf731844a65b830a95b2167d5a3b6b77d65abcd,millenniumdb,MillenniumDB [engines.json profile],100M,L,L3,00,6e68c33e9b346995ea7cedfa79c5123b2290df112a813135a2d0753aa4f34a04,N,N_clean (NPCS reimplementation),ok,3,2.9,2.7,7.9,4.5,3.0,1,3,300.0,447,0.0,,,,7,192.394096,"[7.949, 2.928, 2.741]","[0.0, 0.0, 0.0]",,[],,[],,[],r9.2-frozen-identity-v7,9e7ce36c8755701e00dded85ac14afd8dff20a9b9e66574af23b3bb7052e58be,csv-candidate-multiset-v1,3,b7cca8431c30986571e38c933382f5efe073089e223c86636aaabcafaf1aceff,,,,,,,,007a0f6d40c4f5763053f0656a9a8961bef2a93fdcf0d680038343fd899f8922,449f806c0d1e860421279be80d03331f7ad131ca9af34621cf32cc41042190d3,8a607274f1b3d176dd6acfdc7381c25676b642e78d334a9664e45a2bdf3d52a0,8a988dc83f4082a4f27503ba2906dc6b8733b3c02be567635c726c67bbd48314,16162702ccec82b2a0e27063cd04bd756a27af1f003b4cef0da976d843ef4725,none,read-only,exploratory-base,exploratory-reified,2b9b44b25cd1c568cd57c6c5df25ae260b68229044617821fb33f542dab77648,30e2f137e46adf31cbf946515707a3237ea7a5b1e32a4e3b81551f678798b917,2e884d94ace185d62b1b91debf493ccd0a69b83d08e74cf5f1c2be4851b14215,b38a65fc0c1a91e138f057f7b6c08d21c328463aceb40ffda53fc759f99d2f7a,bdd50c08a90e2fb713541b8a118df6250246a917edc41a6776aeafc90b472687,4d1301e3cba7c0986fc5203e7f03a0b3262afc26e9765a9a68241e9c2c202ed3,"pcm-meta-v2:{""protocol"":""r9.2-frozen-identity-v7"",""message"":"""",""cell_wall_ms"":220.686,""answer_kind"":""csv-candidate-multiset-v1"",""answer_key_count"":3,""answer_fingerprint"":""b7cca8431c30986571e38c933382f5efe073089e223c86636aaabcafaf1aceff"",""c_parse_samples"":[0.0,0.0,0.0],""c_protocol_samples"":[],""construct_total_samples"":[],""construct_unattributed_samples"":[],""status"":""ok"",""status_evidence"":null,""construction_requested"":null,""construction_effective"":null,""commit"":""baf731844a65b830a95b2167d5a3b6b77d65abcd"",""batch_id"":""9e7ce36c8755701e00dded85ac14afd8dff20a9b9e66574af23b3bb7052e58be"",""query_sha256"":""6e68c33e9b346995ea7cedfa79c5123b2290df112a813135a2d0753aa4f34a04"",""engine"":""millenniumdb"",""engine_version"":""MillenniumDB [engines.json profile]"",""scale"":""100M"",""base_endpoint_sha256"":""007a0f6d40c4f5763053f0656a9a8961bef2a93fdcf0d680038343fd899f8922"",""reified_endpoint_sha256"":""449f806c0d1e860421279be80d03331f7ad131ca9af34621cf32cc41042190d3"",""update_endpoint_sha256"":""8a607274f1b3d176dd6acfdc7381c25676b642e78d334a9664e45a2bdf3d52a0"",""base_data_identity_sha256"":""8a988dc83f4082a4f27503ba2906dc6b8733b3c02be567635c726c67bbd48314"",""reified_data_identity_sha256"":""16162702ccec82b2a0e27063cd04bd756a27af1f003b4cef0da976d843ef4725"",""update_for"":""none"",""access_mode"":""read-only"",""base_data_name"":""exploratory-base"",""reified_data_name"":""exploratory-reified"",""update_canary_sha256"":""2b9b44b25cd1c568cd57c6c5df25ae260b68229044617821fb33f542dab77648"",""store_instance_sha256"":""30e2f137e46adf31cbf946515707a3237ea7a5b1e32a4e3b81551f678798b917"",""store_discriminator_sha256"":""2e884d94ace185d62b1b91debf493ccd0a69b83d08e74cf5f1c2be4851b14215"",""tool_sha256"":""b38a65fc0c1a91e138f057f7b6c08d21c328463aceb40ffda53fc759f99d2f7a"",""java_runtime_sha256"":""bdd50c08a90e2fb713541b8a118df6250246a917edc41a6776aeafc90b472687"",""run_identity_sha256"":""4d1301e3cba7c0986fc5203e7f03a0b3262afc26e9765a9a68241e9c2c202ed3""}"
baf731844a65b830a95b2167d5a3b6b77d65abcd,millenniumdb,MillenniumDB [engines.json profile],100M,L,L3,00,6e68c33e9b346995ea7cedfa79c5123b2290df112a813135a2d0753aa4f34a04,C,SPARQLcirc CircuitRewriter,ok,3,4.3,4.0,5.1,4.5,0.5,1,3,300.0,5962,0.7,10,21,7,,364.579944,"[5.062, 4.28, 4.037]","[0.8, 0.718, 0.696]",0.0,"[0.0, 0.0, 0.0]",5.1,"[5.93, 5.081, 4.793]",0.1,"[0.068, 0.084, 0.06]",r9.2-frozen-identity-v7,9e7ce36c8755701e00dded85ac14afd8dff20a9b9e66574af23b3bb7052e58be,term-aware-candidate-set-v1,3,55d7e052c0b7a39d1722a1585a546fbdf07903f07bbe7450ff41f650eb3b1d61,flat,flat,859ad29edf5220d2f8a344caa1ae953cecb750e89138035deb581c7f755e7ab6,,,,,007a0f6d40c4f5763053f0656a9a8961bef2a93fdcf0d680038343fd899f8922,449f806c0d1e860421279be80d03331f7ad131ca9af34621cf32cc41042190d3,8a607274f1b3d176dd6acfdc7381c25676b642e78d334a9664e45a2bdf3d52a0,8a988dc83f4082a4f27503ba2906dc6b8733b3c02be567635c726c67bbd48314,16162702ccec82b2a0e27063cd04bd756a27af1f003b4cef0da976d843ef4725,none,read-only,exploratory-base,exploratory-reified,2b9b44b25cd1c568cd57c6c5df25ae260b68229044617821fb33f542dab77648,30e2f137e46adf31cbf946515707a3237ea7a5b1e32a4e3b81551f678798b917,2e884d94ace185d62b1b91debf493ccd0a69b83d08e74cf5f1c2be4851b14215,b38a65fc0c1a91e138f057f7b6c08d21c328463aceb40ffda53fc759f99d2f7a,bdd50c08a90e2fb713541b8a118df6250246a917edc41a6776aeafc90b472687,4d1301e3cba7c0986fc5203e7f03a0b3262afc26e9765a9a68241e9c2c202ed3,"pcm-meta-v2:{""protocol"":""r9.2-frozen-identity-v7"",""message"":""C requested=flat effective=flat; steps=1 feedback=0; network includes CONSTRUCT, feedback INSERT, and cleanup DELETE"",""cell_wall_ms"":408.336,""answer_kind"":""term-aware-candidate-set-v1"",""answer_key_count"":3,""answer_fingerprint"":""55d7e052c0b7a39d1722a1585a546fbdf07903f07bbe7450ff41f650eb3b1d61"",""c_parse_samples"":[0.8,0.718,0.696],""c_protocol_samples"":[{""requested_mode"":""flat"",""effective_mode"":""flat"",""fallback_reason"":null,""plan_steps"":1,""feedback_steps"":0,""feedback_triples"":0,""construct_query_ms"":5.062,""feedback_update_ms"":0.0,""cleanup_ms"":0.0,""client_protocol_ms"":0.0,""network_scope"":""construct+feedback+cleanup"",""circuit_sha256"":""859ad29edf5220d2f8a344caa1ae953cecb750e89138035deb581c7f755e7ab6"",""answer_fingerprint"":""55d7e052c0b7a39d1722a1585a546fbdf07903f07bbe7450ff41f650eb3b1d61"",""semantic_signature_sha256"":""dec0cb9b48d4c8d90bfb3cd426bbca75e760429d8d96a3857c07b90b8c623576"",""structure_signature"":{""gates"":10,""edges"":21,""answers"":3,""derivations"":7,""canonical_bytes"":5962},""construct_total_ms"":5.93,""client_unattributed_ms"":0.068},{""requested_mode"":""flat"",""effective_mode"":""flat"",""fallback_reason"":null,""plan_steps"":1,""feedback_steps"":0,""feedback_triples"":0,""construct_query_ms"":4.28,""feedback_update_ms"":0.0,""cleanup_ms"":0.0,""client_protocol_ms"":0.0,""network_scope"":""construct+feedback+cleanup"",""circuit_sha256"":""859ad29edf5220d2f8a344caa1ae953cecb750e89138035deb581c7f755e7ab6"",""answer_fingerprint"":""55d7e052c0b7a39d1722a1585a546fbdf07903f07bbe7450ff41f650eb3b1d61"",""semantic_signature_sha256"":""dec0cb9b48d4c8d90bfb3cd426bbca75e760429d8d96a3857c07b90b8c623576"",""structure_signature"":{""gates"":10,""edges"":21,""answers"":3,""derivations"":7,""canonical_bytes"":5962},""construct_total_ms"":5.081,""client_unattributed_ms"":0.084},{""requested_mode"":""flat"",""effective_mode"":""flat"",""fallback_reason"":null,""plan_steps"":1,""feedback_steps"":0,""feedback_triples"":0,""construct_query_ms"":4.037,""feedback_update_ms"":0.0,""cleanup_ms"":0.0,""client_protocol_ms"":0.0,""network_scope"":""construct+feedback+cleanup"",""circuit_sha256"":""859ad29edf5220d2f8a344caa1ae953cecb750e89138035deb581c7f755e7ab6"",""answer_fingerprint"":""55d7e052c0b7a39d1722a1585a546fbdf07903f07bbe7450ff41f650eb3b1d61"",""semantic_signature_sha256"":""dec0cb9b48d4c8d90bfb3cd426bbca75e760429d8d96a3857c07b90b8c623576"",""structure_signature"":{""gates"":10,""edges"":21,""answers"":3,""derivations"":7,""canonical_bytes"":5962},""construct_total_ms"":4.793,""client_unattributed_ms"":0.06}],""construct_total_samples"":[5.93,5.081,4.793],""construct_unattributed_samples"":[0.068,0.084,0.06],""status"":""ok"",""status_evidence"":null,""c_warmup_signatures"":[""dec0cb9b48d4c8d90bfb3cd426bbca75e760429d8d96a3857c07b90b8c623576""],""measured_semantic_signature_sha256"":""dec0cb9b48d4c8d90bfb3cd426bbca75e760429d8d96a3857c07b90b8c623576"",""measured_repetitions_consistent"":true,""construction_requested"":""flat"",""construction_effective"":""flat"",""commit"":""baf731844a65b830a95b2167d5a3b6b77d65abcd"",""batch_id"":""9e7ce36c8755701e00dded85ac14afd8dff20a9b9e66574af23b3bb7052e58be"",""query_sha256"":""6e68c33e9b346995ea7cedfa79c5123b2290df112a813135a2d0753aa4f34a04"",""engine"":""millenniumdb"",""engine_version"":""MillenniumDB [engines.json profile]"",""scale"":""100M"",""base_endpoint_sha256"":""007a0f6d40c4f5763053f0656a9a8961bef2a93fdcf0d680038343fd899f8922"",""reified_endpoint_sha256"":""449f806c0d1e860421279be80d03331f7ad131ca9af34621cf32cc41042190d3"",""update_endpoint_sha256"":""8a607274f1b3d176dd6acfdc7381c25676b642e78d334a9664e45a2bdf3d52a0"",""base_data_identity_sha256"":""8a988dc83f4082a4f27503ba2906dc6b8733b3c02be567635c726c67bbd48314"",""reified_data_identity_sha256"":""16162702ccec82b2a0e27063cd04bd756a27af1f003b4cef0da976d843ef4725"",""update_for"":""none"",""access_mode"":""read-only"",""base_data_name"":""exploratory-base"",""reified_data_name"":""exploratory-reified"",""update_canary_sha256"":""2b9b44b25cd1c568cd57c6c5df25ae260b68229044617821fb33f542dab77648"",""store_instance_sha256"":""30e2f137e46adf31cbf946515707a3237ea7a5b1e32a4e3b81551f678798b917"",""store_discriminator_sha256"":""2e884d94ace185d62b1b91debf493ccd0a69b83d08e74cf5f1c2be4851b14215"",""tool_sha256"":""b38a65fc0c1a91e138f057f7b6c08d21c328463aceb40ffda53fc759f99d2f7a"",""java_runtime_sha256"":""bdd50c08a90e2fb713541b8a118df6250246a917edc41a6776aeafc90b472687"",""run_identity_sha256"":""4d1301e3cba7c0986fc5203e7f03a0b3262afc26e9765a9a68241e9c2c202ed3""}"
baf731844a65b830a95b2167d5a3b6b77d65abcd,millenniumdb,MillenniumDB [engines.json profile],100M,L,L4,00,6a5c40f28fc1efcf93f4f8de194ff48179bad43fdcace9ac6f264dd26c62dadf,B,base-select,ok,299,5.3,4.7,5.4,5.1,0.4,1,3,300.0,52576,0.0,,,,,0.00574,"[5.43, 5.269, 4.723]","[0.0, 0.0, 0.0]",,[],,[],,[],r9.2-frozen-identity-v7,9e7ce36c8755701e00dded85ac14afd8dff20a9b9e66574af23b3bb7052e58be,csv-binding-multiset-v1,299,144dc208bdca40aba388439e09f3c867b0fffcd6c23fc39bc644e3281b66e09b,,,,,,,,007a0f6d40c4f5763053f0656a9a8961bef2a93fdcf0d680038343fd899f8922,449f806c0d1e860421279be80d03331f7ad131ca9af34621cf32cc41042190d3,8a607274f1b3d176dd6acfdc7381c25676b642e78d334a9664e45a2bdf3d52a0,8a988dc83f4082a4f27503ba2906dc6b8733b3c02be567635c726c67bbd48314,16162702ccec82b2a0e27063cd04bd756a27af1f003b4cef0da976d843ef4725,none,read-only,exploratory-base,exploratory-reified,2b9b44b25cd1c568cd57c6c5df25ae260b68229044617821fb33f542dab77648,30e2f137e46adf31cbf946515707a3237ea7a5b1e32a4e3b81551f678798b917,2e884d94ace185d62b1b91debf493ccd0a69b83d08e74cf5f1c2be4851b14215,b38a65fc0c1a91e138f057f7b6c08d21c328463aceb40ffda53fc759f99d2f7a,bdd50c08a90e2fb713541b8a118df6250246a917edc41a6776aeafc90b472687,62869cf9715dabc60abfa042404b1dd1f3f926fce8f872458c222fb1d0c990ac,"pcm-meta-v2:{""protocol"":""r9.2-frozen-identity-v7"",""message"":"""",""cell_wall_ms"":32.808,""answer_kind"":""csv-binding-multiset-v1"",""answer_key_count"":299,""answer_fingerprint"":""144dc208bdca40aba388439e09f3c867b0fffcd6c23fc39bc644e3281b66e09b"",""c_parse_samples"":[0.0,0.0,0.0],""c_protocol_samples"":[],""construct_total_samples"":[],""construct_unattributed_samples"":[],""status"":""ok"",""status_evidence"":null,""construction_requested"":null,""construction_effective"":null,""commit"":""baf731844a65b830a95b2167d5a3b6b77d65abcd"",""batch_id"":""9e7ce36c8755701e00dded85ac14afd8dff20a9b9e66574af23b3bb7052e58be"",""query_sha256"":""6a5c40f28fc1efcf93f4f8de194ff48179bad43fdcace9ac6f264dd26c62dadf"",""engine"":""millenniumdb"",""engine_version"":""MillenniumDB [engines.json profile]"",""scale"":""100M"",""base_endpoint_sha256"":""007a0f6d40c4f5763053f0656a9a8961bef2a93fdcf0d680038343fd899f8922"",""reified_endpoint_sha256"":""449f806c0d1e860421279be80d03331f7ad131ca9af34621cf32cc41042190d3"",""update_endpoint_sha256"":""8a607274f1b3d176dd6acfdc7381c25676b642e78d334a9664e45a2bdf3d52a0"",""base_data_identity_sha256"":""8a988dc83f4082a4f27503ba2906dc6b8733b3c02be567635c726c67bbd48314"",""reified_data_identity_sha256"":""16162702ccec82b2a0e27063cd04bd756a27af1f003b4cef0da976d843ef4725"",""update_for"":""none"",""access_mode"":""read-only"",""base_data_name"":""exploratory-base"",""reified_data_name"":""exploratory-reified"",""update_canary_sha256"":""2b9b44b25cd1c568cd57c6c5df25ae260b68229044617821fb33f542dab77648"",""store_instance_sha256"":""30e2f137e46adf31cbf946515707a3237ea7a5b1e32a4e3b81551f678798b917"",""store_discriminator_sha256"":""2e884d94ace185d62b1b91debf493ccd0a69b83d08e74cf5f1c2be4851b14215"",""tool_sha256"":""b38a65fc0c1a91e138f057f7b6c08d21c328463aceb40ffda53fc759f99d2f7a"",""java_runtime_sha256"":""bdd50c08a90e2fb713541b8a118df6250246a917edc41a6776aeafc90b472687"",""run_identity_sha256"":""62869cf9715dabc60abfa042404b1dd1f3f926fce8f872458c222fb1d0c990ac""}"
baf731844a65b830a95b2167d5a3b6b77d65abcd,millenniumdb,MillenniumDB [engines.json profile],100M,L,L4,00,6a5c40f28fc1efcf93f4f8de194ff48179bad43fdcace9ac6f264dd26c62dadf,R,reification-only,ok,299,31.5,31.1,31.8,31.4,0.4,1,3,300.0,52576,0.0,,,,,138.314636,"[31.052, 31.785, 31.483]","[0.0, 0.0, 0.0]",,[],,[],,[],r9.2-frozen-identity-v7,9e7ce36c8755701e00dded85ac14afd8dff20a9b9e66574af23b3bb7052e58be,csv-binding-multiset-v1,299,144dc208bdca40aba388439e09f3c867b0fffcd6c23fc39bc644e3281b66e09b,,,,,,,,007a0f6d40c4f5763053f0656a9a8961bef2a93fdcf0d680038343fd899f8922,449f806c0d1e860421279be80d03331f7ad131ca9af34621cf32cc41042190d3,8a607274f1b3d176dd6acfdc7381c25676b642e78d334a9664e45a2bdf3d52a0,8a988dc83f4082a4f27503ba2906dc6b8733b3c02be567635c726c67bbd48314,16162702ccec82b2a0e27063cd04bd756a27af1f003b4cef0da976d843ef4725,none,read-only,exploratory-base,exploratory-reified,2b9b44b25cd1c568cd57c6c5df25ae260b68229044617821fb33f542dab77648,30e2f137e46adf31cbf946515707a3237ea7a5b1e32a4e3b81551f678798b917,2e884d94ace185d62b1b91debf493ccd0a69b83d08e74cf5f1c2be4851b14215,b38a65fc0c1a91e138f057f7b6c08d21c328463aceb40ffda53fc759f99d2f7a,bdd50c08a90e2fb713541b8a118df6250246a917edc41a6776aeafc90b472687,62869cf9715dabc60abfa042404b1dd1f3f926fce8f872458c222fb1d0c990ac,"pcm-meta-v2:{""protocol"":""r9.2-frozen-identity-v7"",""message"":"""",""cell_wall_ms"":1135.381,""answer_kind"":""csv-binding-multiset-v1"",""answer_key_count"":299,""answer_fingerprint"":""144dc208bdca40aba388439e09f3c867b0fffcd6c23fc39bc644e3281b66e09b"",""c_parse_samples"":[0.0,0.0,0.0],""c_protocol_samples"":[],""construct_total_samples"":[],""construct_unattributed_samples"":[],""status"":""ok"",""status_evidence"":null,""construction_requested"":null,""construction_effective"":null,""commit"":""baf731844a65b830a95b2167d5a3b6b77d65abcd"",""batch_id"":""9e7ce36c8755701e00dded85ac14afd8dff20a9b9e66574af23b3bb7052e58be"",""query_sha256"":""6a5c40f28fc1efcf93f4f8de194ff48179bad43fdcace9ac6f264dd26c62dadf"",""engine"":""millenniumdb"",""engine_version"":""MillenniumDB [engines.json profile]"",""scale"":""100M"",""base_endpoint_sha256"":""007a0f6d40c4f5763053f0656a9a8961bef2a93fdcf0d680038343fd899f8922"",""reified_endpoint_sha256"":""449f806c0d1e860421279be80d03331f7ad131ca9af34621cf32cc41042190d3"",""update_endpoint_sha256"":""8a607274f1b3d176dd6acfdc7381c25676b642e78d334a9664e45a2bdf3d52a0"",""base_data_identity_sha256"":""8a988dc83f4082a4f27503ba2906dc6b8733b3c02be567635c726c67bbd48314"",""reified_data_identity_sha256"":""16162702ccec82b2a0e27063cd04bd756a27af1f003b4cef0da976d843ef4725"",""update_for"":""none"",""access_mode"":""read-only"",""base_data_name"":""exploratory-base"",""reified_data_name"":""exploratory-reified"",""update_canary_sha256"":""2b9b44b25cd1c568cd57c6c5df25ae260b68229044617821fb33f542dab77648"",""store_instance_sha256"":""30e2f137e46adf31cbf946515707a3237ea7a5b1e32a4e3b81551f678798b917"",""store_discriminator_sha256"":""2e884d94ace185d62b1b91debf493ccd0a69b83d08e74cf5f1c2be4851b14215"",""tool_sha256"":""b38a65fc0c1a91e138f057f7b6c08d21c328463aceb40ffda53fc759f99d2f7a"",""java_runtime_sha256"":""bdd50c08a90e2fb713541b8a118df6250246a917edc41a6776aeafc90b472687"",""run_identity_sha256"":""62869cf9715dabc60abfa042404b1dd1f3f926fce8f872458c222fb1d0c990ac""}"
baf731844a65b830a95b2167d5a3b6b77d65abcd,millenniumdb,MillenniumDB [engines.json profile],100M,L,L4,00,6a5c40f28fc1efcf93f4f8de194ff48179bad43fdcace9ac6f264dd26c62dadf,N,N_clean (NPCS reimplementation),ok,299,31.3,30.9,31.5,31.2,0.3,1,3,300.0,65007,0.0,,,,299,196.726659,"[31.474, 31.289, 30.924]","[0.0, 0.0, 0.0]",,[],,[],,[],r9.2-frozen-identity-v7,9e7ce36c8755701e00dded85ac14afd8dff20a9b9e66574af23b3bb7052e58be,csv-candidate-multiset-v1,299,144dc208bdca40aba388439e09f3c867b0fffcd6c23fc39bc644e3281b66e09b,,,,,,,,007a0f6d40c4f5763053f0656a9a8961bef2a93fdcf0d680038343fd899f8922,449f806c0d1e860421279be80d03331f7ad131ca9af34621cf32cc41042190d3,8a607274f1b3d176dd6acfdc7381c25676b642e78d334a9664e45a2bdf3d52a0,8a988dc83f4082a4f27503ba2906dc6b8733b3c02be567635c726c67bbd48314,16162702ccec82b2a0e27063cd04bd756a27af1f003b4cef0da976d843ef4725,none,read-only,exploratory-base,exploratory-reified,2b9b44b25cd1c568cd57c6c5df25ae260b68229044617821fb33f542dab77648,30e2f137e46adf31cbf946515707a3237ea7a5b1e32a4e3b81551f678798b917,2e884d94ace185d62b1b91debf493ccd0a69b83d08e74cf5f1c2be4851b14215,b38a65fc0c1a91e138f057f7b6c08d21c328463aceb40ffda53fc759f99d2f7a,bdd50c08a90e2fb713541b8a118df6250246a917edc41a6776aeafc90b472687,62869cf9715dabc60abfa042404b1dd1f3f926fce8f872458c222fb1d0c990ac,"pcm-meta-v2:{""protocol"":""r9.2-frozen-identity-v7"",""message"":"""",""cell_wall_ms"":546.725,""answer_kind"":""csv-candidate-multiset-v1"",""answer_key_count"":299,""answer_fingerprint"":""144dc208bdca40aba388439e09f3c867b0fffcd6c23fc39bc644e3281b66e09b"",""c_parse_samples"":[0.0,0.0,0.0],""c_protocol_samples"":[],""construct_total_samples"":[],""construct_unattributed_samples"":[],""status"":""ok"",""status_evidence"":null,""construction_requested"":null,""construction_effective"":null,""commit"":""baf731844a65b830a95b2167d5a3b6b77d65abcd"",""batch_id"":""9e7ce36c8755701e00dded85ac14afd8dff20a9b9e66574af23b3bb7052e58be"",""query_sha256"":""6a5c40f28fc1efcf93f4f8de194ff48179bad43fdcace9ac6f264dd26c62dadf"",""engine"":""millenniumdb"",""engine_version"":""MillenniumDB [engines.json profile]"",""scale"":""100M"",""base_endpoint_sha256"":""007a0f6d40c4f5763053f0656a9a8961bef2a93fdcf0d680038343fd899f8922"",""reified_endpoint_sha256"":""449f806c0d1e860421279be80d03331f7ad131ca9af34621cf32cc41042190d3"",""update_endpoint_sha256"":""8a607274f1b3d176dd6acfdc7381c25676b642e78d334a9664e45a2bdf3d52a0"",""base_data_identity_sha256"":""8a988dc83f4082a4f27503ba2906dc6b8733b3c02be567635c726c67bbd48314"",""reified_data_identity_sha256"":""16162702ccec82b2a0e27063cd04bd756a27af1f003b4cef0da976d843ef4725"",""update_for"":""none"",""access_mode"":""read-only"",""base_data_name"":""exploratory-base"",""reified_data_name"":""exploratory-reified"",""update_canary_sha256"":""2b9b44b25cd1c568cd57c6c5df25ae260b68229044617821fb33f542dab77648"",""store_instance_sha256"":""30e2f137e46adf31cbf946515707a3237ea7a5b1e32a4e3b81551f678798b917"",""store_discriminator_sha256"":""2e884d94ace185d62b1b91debf493ccd0a69b83d08e74cf5f1c2be4851b14215"",""tool_sha256"":""b38a65fc0c1a91e138f057f7b6c08d21c328463aceb40ffda53fc759f99d2f7a"",""java_runtime_sha256"":""bdd50c08a90e2fb713541b8a118df6250246a917edc41a6776aeafc90b472687"",""run_identity_sha256"":""62869cf9715dabc60abfa042404b1dd1f3f926fce8f872458c222fb1d0c990ac""}"
baf731844a65b830a95b2167d5a3b6b77d65abcd,millenniumdb,MillenniumDB [engines.json profile],100M,L,L4,00,6a5c40f28fc1efcf93f4f8de194ff48179bad43fdcace9ac6f264dd26c62dadf,C,SPARQLcirc CircuitRewriter,ok,299,88.6,87.6,89.4,88.5,0.9,1,3,300.0,569355,51.3,598,897,299,,395.943416,"[88.59, 87.613, 89.415]","[51.695, 50.206, 51.292]",0.0,"[0.0, 0.0, 0.0]",140.4,"[140.45, 137.975, 140.873]",0.2,"[0.165, 0.155, 0.166]",r9.2-frozen-identity-v7,9e7ce36c8755701e00dded85ac14afd8dff20a9b9e66574af23b3bb7052e58be,term-aware-candidate-set-v1,299,1c5b68e9c4068381c91795c60d03d29d4308f94771faf059041967bdb4047c6b,flat,flat,1beeab1bd09678e1f6bc70cfbb29980c82ff73165d930cf16f130539028206ed,,,,,007a0f6d40c4f5763053f0656a9a8961bef2a93fdcf0d680038343fd899f8922,449f806c0d1e860421279be80d03331f7ad131ca9af34621cf32cc41042190d3,8a607274f1b3d176dd6acfdc7381c25676b642e78d334a9664e45a2bdf3d52a0,8a988dc83f4082a4f27503ba2906dc6b8733b3c02be567635c726c67bbd48314,16162702ccec82b2a0e27063cd04bd756a27af1f003b4cef0da976d843ef4725,none,read-only,exploratory-base,exploratory-reified,2b9b44b25cd1c568cd57c6c5df25ae260b68229044617821fb33f542dab77648,30e2f137e46adf31cbf946515707a3237ea7a5b1e32a4e3b81551f678798b917,2e884d94ace185d62b1b91debf493ccd0a69b83d08e74cf5f1c2be4851b14215,b38a65fc0c1a91e138f057f7b6c08d21c328463aceb40ffda53fc759f99d2f7a,bdd50c08a90e2fb713541b8a118df6250246a917edc41a6776aeafc90b472687,62869cf9715dabc60abfa042404b1dd1f3f926fce8f872458c222fb1d0c990ac,"pcm-meta-v2:{""protocol"":""r9.2-frozen-identity-v7"",""message"":""C requested=flat effective=flat; steps=1 feedback=0; network includes CONSTRUCT, feedback INSERT, and cleanup DELETE"",""cell_wall_ms"":2175.217,""answer_kind"":""term-aware-candidate-set-v1"",""answer_key_count"":299,""answer_fingerprint"":""1c5b68e9c4068381c91795c60d03d29d4308f94771faf059041967bdb4047c6b"",""c_parse_samples"":[51.695,50.206,51.292],""c_protocol_samples"":[{""requested_mode"":""flat"",""effective_mode"":""flat"",""fallback_reason"":null,""plan_steps"":1,""feedback_steps"":0,""feedback_triples"":0,""construct_query_ms"":88.59,""feedback_update_ms"":0.0,""cleanup_ms"":0.0,""client_protocol_ms"":0.0,""network_scope"":""construct+feedback+cleanup"",""circuit_sha256"":""1beeab1bd09678e1f6bc70cfbb29980c82ff73165d930cf16f130539028206ed"",""answer_fingerprint"":""1c5b68e9c4068381c91795c60d03d29d4308f94771faf059041967bdb4047c6b"",""semantic_signature_sha256"":""3636f1da545187a7cb53efb0d47fddcab7671a70294d1de4ea0ed3ca2f16c7cf"",""structure_signature"":{""gates"":598,""edges"":897,""answers"":299,""derivations"":299,""canonical_bytes"":569355},""construct_total_ms"":140.45,""client_unattributed_ms"":0.165},{""requested_mode"":""flat"",""effective_mode"":""flat"",""fallback_reason"":null,""plan_steps"":1,""feedback_steps"":0,""feedback_triples"":0,""construct_query_ms"":87.613,""feedback_update_ms"":0.0,""cleanup_ms"":0.0,""client_protocol_ms"":0.0,""network_scope"":""construct+feedback+cleanup"",""circuit_sha256"":""1beeab1bd09678e1f6bc70cfbb29980c82ff73165d930cf16f130539028206ed"",""answer_fingerprint"":""1c5b68e9c4068381c91795c60d03d29d4308f94771faf059041967bdb4047c6b"",""semantic_signature_sha256"":""3636f1da545187a7cb53efb0d47fddcab7671a70294d1de4ea0ed3ca2f16c7cf"",""structure_signature"":{""gates"":598,""edges"":897,""answers"":299,""derivations"":299,""canonical_bytes"":569355},""construct_total_ms"":137.975,""client_unattributed_ms"":0.155},{""requested_mode"":""flat"",""effective_mode"":""flat"",""fallback_reason"":null,""plan_steps"":1,""feedback_steps"":0,""feedback_triples"":0,""construct_query_ms"":89.415,""feedback_update_ms"":0.0,""cleanup_ms"":0.0,""client_protocol_ms"":0.0,""network_scope"":""construct+feedback+cleanup"",""circuit_sha256"":""1beeab1bd09678e1f6bc70cfbb29980c82ff73165d930cf16f130539028206ed"",""answer_fingerprint"":""1c5b68e9c4068381c91795c60d03d29d4308f94771faf059041967bdb4047c6b"",""semantic_signature_sha256"":""3636f1da545187a7cb53efb0d47fddcab7671a70294d1de4ea0ed3ca2f16c7cf"",""structure_signature"":{""gates"":598,""edges"":897,""answers"":299,""derivations"":299,""canonical_bytes"":569355},""construct_total_ms"":140.873,""client_unattributed_ms"":0.166}],""construct_total_samples"":[140.45,137.975,140.873],""construct_unattributed_samples"":[0.165,0.155,0.166],""status"":""ok"",""status_evidence"":null,""c_warmup_signatures"":[""3636f1da545187a7cb53efb0d47fddcab7671a70294d1de4ea0ed3ca2f16c7cf""],""measured_semantic_signature_sha256"":""3636f1da545187a7cb53efb0d47fddcab7671a70294d1de4ea0ed3ca2f16c7cf"",""measured_repetitions_consistent"":true,""construction_requested"":""flat"",""construction_effective"":""flat"",""commit"":""baf731844a65b830a95b2167d5a3b6b77d65abcd"",""batch_id"":""9e7ce36c8755701e00dded85ac14afd8dff20a9b9e66574af23b3bb7052e58be"",""query_sha256"":""6a5c40f28fc1efcf93f4f8de194ff48179bad43fdcace9ac6f264dd26c62dadf"",""engine"":""millenniumdb"",""engine_version"":""MillenniumDB [engines.json profile]"",""scale"":""100M"",""base_endpoint_sha256"":""007a0f6d40c4f5763053f0656a9a8961bef2a93fdcf0d680038343fd899f8922"",""reified_endpoint_sha256"":""449f806c0d1e860421279be80d03331f7ad131ca9af34621cf32cc41042190d3"",""update_endpoint_sha256"":""8a607274f1b3d176dd6acfdc7381c25676b642e78d334a9664e45a2bdf3d52a0"",""base_data_identity_sha256"":""8a988dc83f4082a4f27503ba2906dc6b8733b3c02be567635c726c67bbd48314"",""reified_data_identity_sha256"":""16162702ccec82b2a0e27063cd04bd756a27af1f003b4cef0da976d843ef4725"",""update_for"":""none"",""access_mode"":""read-only"",""base_data_name"":""exploratory-base"",""reified_data_name"":""exploratory-reified"",""update_canary_sha256"":""2b9b44b25cd1c568cd57c6c5df25ae260b68229044617821fb33f542dab77648"",""store_instance_sha256"":""30e2f137e46adf31cbf946515707a3237ea7a5b1e32a4e3b81551f678798b917"",""store_discriminator_sha256"":""2e884d94ace185d62b1b91debf493ccd0a69b83d08e74cf5f1c2be4851b14215"",""tool_sha256"":""b38a65fc0c1a91e138f057f7b6c08d21c328463aceb40ffda53fc759f99d2f7a"",""java_runtime_sha256"":""bdd50c08a90e2fb713541b8a118df6250246a917edc41a6776aeafc90b472687"",""run_identity_sha256"":""62869cf9715dabc60abfa042404b1dd1f3f926fce8f872458c222fb1d0c990ac""}"
baf731844a65b830a95b2167d5a3b6b77d65abcd,millenniumdb,MillenniumDB [engines.json profile],100M,L,L5,00,2e23cd396e2dd8542fcd6dc9541c69d45cb250a36faed0467b475b4adcca3ac6,B,base-select,ok,1310,24.1,21.7,25.9,23.9,2.1,1,3,300.0,290968,0.0,,,,,0.00715,"[24.12, 21.71, 25.866]","[0.0, 0.0, 0.0]",,[],,[],,[],r9.2-frozen-identity-v7,9e7ce36c8755701e00dded85ac14afd8dff20a9b9e66574af23b3bb7052e58be,csv-binding-multiset-v1,1310,f91cbe52bef00f6700e8be4c9e851d4f52a7e854bb0b056ef7f335b3507fe159,,,,,,,,007a0f6d40c4f5763053f0656a9a8961bef2a93fdcf0d680038343fd899f8922,449f806c0d1e860421279be80d03331f7ad131ca9af34621cf32cc41042190d3,8a607274f1b3d176dd6acfdc7381c25676b642e78d334a9664e45a2bdf3d52a0,8a988dc83f4082a4f27503ba2906dc6b8733b3c02be567635c726c67bbd48314,16162702ccec82b2a0e27063cd04bd756a27af1f003b4cef0da976d843ef4725,none,read-only,exploratory-base,exploratory-reified,2b9b44b25cd1c568cd57c6c5df25ae260b68229044617821fb33f542dab77648,30e2f137e46adf31cbf946515707a3237ea7a5b1e32a4e3b81551f678798b917,2e884d94ace185d62b1b91debf493ccd0a69b83d08e74cf5f1c2be4851b14215,b38a65fc0c1a91e138f057f7b6c08d21c328463aceb40ffda53fc759f99d2f7a,bdd50c08a90e2fb713541b8a118df6250246a917edc41a6776aeafc90b472687,dc3d42013d2c0f7b1d2b800ee3784c0a9405583925599d597ff597d9a8ea3d21,"pcm-meta-v2:{""protocol"":""r9.2-frozen-identity-v7"",""message"":"""",""cell_wall_ms"":122.864,""answer_kind"":""csv-binding-multiset-v1"",""answer_key_count"":1310,""answer_fingerprint"":""f91cbe52bef00f6700e8be4c9e851d4f52a7e854bb0b056ef7f335b3507fe159"",""c_parse_samples"":[0.0,0.0,0.0],""c_protocol_samples"":[],""construct_total_samples"":[],""construct_unattributed_samples"":[],""status"":""ok"",""status_evidence"":null,""construction_requested"":null,""construction_effective"":null,""commit"":""baf731844a65b830a95b2167d5a3b6b77d65abcd"",""batch_id"":""9e7ce36c8755701e00dded85ac14afd8dff20a9b9e66574af23b3bb7052e58be"",""query_sha256"":""2e23cd396e2dd8542fcd6dc9541c69d45cb250a36faed0467b475b4adcca3ac6"",""engine"":""millenniumdb"",""engine_version"":""MillenniumDB [engines.json profile]"",""scale"":""100M"",""base_endpoint_sha256"":""007a0f6d40c4f5763053f0656a9a8961bef2a93fdcf0d680038343fd899f8922"",""reified_endpoint_sha256"":""449f806c0d1e860421279be80d03331f7ad131ca9af34621cf32cc41042190d3"",""update_endpoint_sha256"":""8a607274f1b3d176dd6acfdc7381c25676b642e78d334a9664e45a2bdf3d52a0"",""base_data_identity_sha256"":""8a988dc83f4082a4f27503ba2906dc6b8733b3c02be567635c726c67bbd48314"",""reified_data_identity_sha256"":""16162702ccec82b2a0e27063cd04bd756a27af1f003b4cef0da976d843ef4725"",""update_for"":""none"",""access_mode"":""read-only"",""base_data_name"":""exploratory-base"",""reified_data_name"":""exploratory-reified"",""update_canary_sha256"":""2b9b44b25cd1c568cd57c6c5df25ae260b68229044617821fb33f542dab77648"",""store_instance_sha256"":""30e2f137e46adf31cbf946515707a3237ea7a5b1e32a4e3b81551f678798b917"",""store_discriminator_sha256"":""2e884d94ace185d62b1b91debf493ccd0a69b83d08e74cf5f1c2be4851b14215"",""tool_sha256"":""b38a65fc0c1a91e138f057f7b6c08d21c328463aceb40ffda53fc759f99d2f7a"",""java_runtime_sha256"":""bdd50c08a90e2fb713541b8a118df6250246a917edc41a6776aeafc90b472687"",""run_identity_sha256"":""dc3d42013d2c0f7b1d2b800ee3784c0a9405583925599d597ff597d9a8ea3d21""}"
baf731844a65b830a95b2167d5a3b6b77d65abcd,millenniumdb,MillenniumDB [engines.json profile],100M,L,L5,00,2e23cd396e2dd8542fcd6dc9541c69d45cb250a36faed0467b475b4adcca3ac6,R,reification-only,ok,1310,246.2,242.3,284.0,257.5,23.0,1,3,300.0,290968,0.0,,,,,135.032554,"[284.013, 246.218, 242.304]","[0.0, 0.0, 0.0]",,[],,[],,[],r9.2-frozen-identity-v7,9e7ce36c8755701e00dded85ac14afd8dff20a9b9e66574af23b3bb7052e58be,csv-binding-multiset-v1,1310,f91cbe52bef00f6700e8be4c9e851d4f52a7e854bb0b056ef7f335b3507fe159,,,,,,,,007a0f6d40c4f5763053f0656a9a8961bef2a93fdcf0d680038343fd899f8922,449f806c0d1e860421279be80d03331f7ad131ca9af34621cf32cc41042190d3,8a607274f1b3d176dd6acfdc7381c25676b642e78d334a9664e45a2bdf3d52a0,8a988dc83f4082a4f27503ba2906dc6b8733b3c02be567635c726c67bbd48314,16162702ccec82b2a0e27063cd04bd756a27af1f003b4cef0da976d843ef4725,none,read-only,exploratory-base,exploratory-reified,2b9b44b25cd1c568cd57c6c5df25ae260b68229044617821fb33f542dab77648,30e2f137e46adf31cbf946515707a3237ea7a5b1e32a4e3b81551f678798b917,2e884d94ace185d62b1b91debf493ccd0a69b83d08e74cf5f1c2be4851b14215,b38a65fc0c1a91e138f057f7b6c08d21c328463aceb40ffda53fc759f99d2f7a,bdd50c08a90e2fb713541b8a118df6250246a917edc41a6776aeafc90b472687,dc3d42013d2c0f7b1d2b800ee3784c0a9405583925599d597ff597d9a8ea3d21,"pcm-meta-v2:{""protocol"":""r9.2-frozen-identity-v7"",""message"":"""",""cell_wall_ms"":3936.724,""answer_kind"":""csv-binding-multiset-v1"",""answer_key_count"":1310,""answer_fingerprint"":""f91cbe52bef00f6700e8be4c9e851d4f52a7e854bb0b056ef7f335b3507fe159"",""c_parse_samples"":[0.0,0.0,0.0],""c_protocol_samples"":[],""construct_total_samples"":[],""construct_unattributed_samples"":[],""status"":""ok"",""status_evidence"":null,""construction_requested"":null,""construction_effective"":null,""commit"":""baf731844a65b830a95b2167d5a3b6b77d65abcd"",""batch_id"":""9e7ce36c8755701e00dded85ac14afd8dff20a9b9e66574af23b3bb7052e58be"",""query_sha256"":""2e23cd396e2dd8542fcd6dc9541c69d45cb250a36faed0467b475b4adcca3ac6"",""engine"":""millenniumdb"",""engine_version"":""MillenniumDB [engines.json profile]"",""scale"":""100M"",""base_endpoint_sha256"":""007a0f6d40c4f5763053f0656a9a8961bef2a93fdcf0d680038343fd899f8922"",""reified_endpoint_sha256"":""449f806c0d1e860421279be80d03331f7ad131ca9af34621cf32cc41042190d3"",""update_endpoint_sha256"":""8a607274f1b3d176dd6acfdc7381c25676b642e78d334a9664e45a2bdf3d52a0"",""base_data_identity_sha256"":""8a988dc83f4082a4f27503ba2906dc6b8733b3c02be567635c726c67bbd48314"",""reified_data_identity_sha256"":""16162702ccec82b2a0e27063cd04bd756a27af1f003b4cef0da976d843ef4725"",""update_for"":""none"",""access_mode"":""read-only"",""base_data_name"":""exploratory-base"",""reified_data_name"":""exploratory-reified"",""update_canary_sha256"":""2b9b44b25cd1c568cd57c6c5df25ae260b68229044617821fb33f542dab77648"",""store_instance_sha256"":""30e2f137e46adf31cbf946515707a3237ea7a5b1e32a4e3b81551f678798b917"",""store_discriminator_sha256"":""2e884d94ace185d62b1b91debf493ccd0a69b83d08e74cf5f1c2be4851b14215"",""tool_sha256"":""b38a65fc0c1a91e138f057f7b6c08d21c328463aceb40ffda53fc759f99d2f7a"",""java_runtime_sha256"":""bdd50c08a90e2fb713541b8a118df6250246a917edc41a6776aeafc90b472687"",""run_identity_sha256"":""dc3d42013d2c0f7b1d2b800ee3784c0a9405583925599d597ff597d9a8ea3d21""}"
baf731844a65b830a95b2167d5a3b6b77d65abcd,millenniumdb,MillenniumDB [engines.json profile],100M,L,L5,00,2e23cd396e2dd8542fcd6dc9541c69d45cb250a36faed0467b475b4adcca3ac6,N,N_clean (NPCS reimplementation),ok,1310,270.0,258.0,296.1,274.7,19.5,1,3,300.0,358098,0.0,,,,1310,198.653259,"[258.043, 296.102, 270.049]","[0.0, 0.0, 0.0]",,[],,[],,[],r9.2-frozen-identity-v7,9e7ce36c8755701e00dded85ac14afd8dff20a9b9e66574af23b3bb7052e58be,csv-candidate-multiset-v1,1310,f91cbe52bef00f6700e8be4c9e851d4f52a7e854bb0b056ef7f335b3507fe159,,,,,,,,007a0f6d40c4f5763053f0656a9a8961bef2a93fdcf0d680038343fd899f8922,449f806c0d1e860421279be80d03331f7ad131ca9af34621cf32cc41042190d3,8a607274f1b3d176dd6acfdc7381c25676b642e78d334a9664e45a2bdf3d52a0,8a988dc83f4082a4f27503ba2906dc6b8733b3c02be567635c726c67bbd48314,16162702ccec82b2a0e27063cd04bd756a27af1f003b4cef0da976d843ef4725,none,read-only,exploratory-base,exploratory-reified,2b9b44b25cd1c568cd57c6c5df25ae260b68229044617821fb33f542dab77648,30e2f137e46adf31cbf946515707a3237ea7a5b1e32a4e3b81551f678798b917,2e884d94ace185d62b1b91debf493ccd0a69b83d08e74cf5f1c2be4851b14215,b38a65fc0c1a91e138f057f7b6c08d21c328463aceb40ffda53fc759f99d2f7a,bdd50c08a90e2fb713541b8a118df6250246a917edc41a6776aeafc90b472687,dc3d42013d2c0f7b1d2b800ee3784c0a9405583925599d597ff597d9a8ea3d21,"pcm-meta-v2:{""protocol"":""r9.2-frozen-identity-v7"",""message"":"""",""cell_wall_ms"":2283.256,""answer_kind"":""csv-candidate-multiset-v1"",""answer_key_count"":1310,""answer_fingerprint"":""f91cbe52bef00f6700e8be4c9e851d4f52a7e854bb0b056ef7f335b3507fe159"",""c_parse_samples"":[0.0,0.0,0.0],""c_protocol_samples"":[],""construct_total_samples"":[],""construct_unattributed_samples"":[],""status"":""ok"",""status_evidence"":null,""construction_requested"":null,""construction_effective"":null,""commit"":""baf731844a65b830a95b2167d5a3b6b77d65abcd"",""batch_id"":""9e7ce36c8755701e00dded85ac14afd8dff20a9b9e66574af23b3bb7052e58be"",""query_sha256"":""2e23cd396e2dd8542fcd6dc9541c69d45cb250a36faed0467b475b4adcca3ac6"",""engine"":""millenniumdb"",""engine_version"":""MillenniumDB [engines.json profile]"",""scale"":""100M"",""base_endpoint_sha256"":""007a0f6d40c4f5763053f0656a9a8961bef2a93fdcf0d680038343fd899f8922"",""reified_endpoint_sha256"":""449f806c0d1e860421279be80d03331f7ad131ca9af34621cf32cc41042190d3"",""update_endpoint_sha256"":""8a607274f1b3d176dd6acfdc7381c25676b642e78d334a9664e45a2bdf3d52a0"",""base_data_identity_sha256"":""8a988dc83f4082a4f27503ba2906dc6b8733b3c02be567635c726c67bbd48314"",""reified_data_identity_sha256"":""16162702ccec82b2a0e27063cd04bd756a27af1f003b4cef0da976d843ef4725"",""update_for"":""none"",""access_mode"":""read-only"",""base_data_name"":""exploratory-base"",""reified_data_name"":""exploratory-reified"",""update_canary_sha256"":""2b9b44b25cd1c568cd57c6c5df25ae260b68229044617821fb33f542dab77648"",""store_instance_sha256"":""30e2f137e46adf31cbf946515707a3237ea7a5b1e32a4e3b81551f678798b917"",""store_discriminator_sha256"":""2e884d94ace185d62b1b91debf493ccd0a69b83d08e74cf5f1c2be4851b14215"",""tool_sha256"":""b38a65fc0c1a91e138f057f7b6c08d21c328463aceb40ffda53fc759f99d2f7a"",""java_runtime_sha256"":""bdd50c08a90e2fb713541b8a118df6250246a917edc41a6776aeafc90b472687"",""run_identity_sha256"":""dc3d42013d2c0f7b1d2b800ee3784c0a9405583925599d597ff597d9a8ea3d21""}"
baf731844a65b830a95b2167d5a3b6b77d65abcd,millenniumdb,MillenniumDB [engines.json profile],100M,L,L5,00,2e23cd396e2dd8542fcd6dc9541c69d45cb250a36faed0467b475b4adcca3ac6,C,SPARQLcirc CircuitRewriter,ok,1310,552.1,539.2,599.0,563.5,31.5,1,3,300.0,3250590,288.6,2620,5240,1310,,384.601564,"[539.221, 599.046, 552.141]","[302.525, 288.565, 288.415]",0.0,"[0.0, 0.0, 0.0]",844.5,"[844.548, 890.273, 843.168]",2.7,"[2.802, 2.662, 2.612]",r9.2-frozen-identity-v7,9e7ce36c8755701e00dded85ac14afd8dff20a9b9e66574af23b3bb7052e58be,term-aware-candidate-set-v1,1310,1ccae83939bdc398566e55ba52921d9776aafbeed8a4d68cc884d033346093f3,flat,flat,2963d2b84768c900f79d163a8bcee16947a558f3143782ced33c857be0a9729a,,,,,007a0f6d40c4f5763053f0656a9a8961bef2a93fdcf0d680038343fd899f8922,449f806c0d1e860421279be80d03331f7ad131ca9af34621cf32cc41042190d3,8a607274f1b3d176dd6acfdc7381c25676b642e78d334a9664e45a2bdf3d52a0,8a988dc83f4082a4f27503ba2906dc6b8733b3c02be567635c726c67bbd48314,16162702ccec82b2a0e27063cd04bd756a27af1f003b4cef0da976d843ef4725,none,read-only,exploratory-base,exploratory-reified,2b9b44b25cd1c568cd57c6c5df25ae260b68229044617821fb33f542dab77648,30e2f137e46adf31cbf946515707a3237ea7a5b1e32a4e3b81551f678798b917,2e884d94ace185d62b1b91debf493ccd0a69b83d08e74cf5f1c2be4851b14215,b38a65fc0c1a91e138f057f7b6c08d21c328463aceb40ffda53fc759f99d2f7a,bdd50c08a90e2fb713541b8a118df6250246a917edc41a6776aeafc90b472687,dc3d42013d2c0f7b1d2b800ee3784c0a9405583925599d597ff597d9a8ea3d21,"pcm-meta-v2:{""protocol"":""r9.2-frozen-identity-v7"",""message"":""C requested=flat effective=flat; steps=1 feedback=0; network includes CONSTRUCT, feedback INSERT, and cleanup DELETE"",""cell_wall_ms"":9287.948,""answer_kind"":""term-aware-candidate-set-v1"",""answer_key_count"":1310,""answer_fingerprint"":""1ccae83939bdc398566e55ba52921d9776aafbeed8a4d68cc884d033346093f3"",""c_parse_samples"":[302.525,288.565,288.415],""c_protocol_samples"":[{""requested_mode"":""flat"",""effective_mode"":""flat"",""fallback_reason"":null,""plan_steps"":1,""feedback_steps"":0,""feedback_triples"":0,""construct_query_ms"":539.221,""feedback_update_ms"":0.0,""cleanup_ms"":0.0,""client_protocol_ms"":0.0,""network_scope"":""construct+feedback+cleanup"",""circuit_sha256"":""2963d2b84768c900f79d163a8bcee16947a558f3143782ced33c857be0a9729a"",""answer_fingerprint"":""1ccae83939bdc398566e55ba52921d9776aafbeed8a4d68cc884d033346093f3"",""semantic_signature_sha256"":""4fea0708fa777878a6cf40066b4e0c300cba1a812659acf801eef9ab9e810d86"",""structure_signature"":{""gates"":2620,""edges"":5240,""answers"":1310,""derivations"":1310,""canonical_bytes"":3250590},""construct_total_ms"":844.548,""client_unattributed_ms"":2.802},{""requested_mode"":""flat"",""effective_mode"":""flat"",""fallback_reason"":null,""plan_steps"":1,""feedback_steps"":0,""feedback_triples"":0,""construct_query_ms"":599.046,""feedback_update_ms"":0.0,""cleanup_ms"":0.0,""client_protocol_ms"":0.0,""network_scope"":""construct+feedback+cleanup"",""circuit_sha256"":""2963d2b84768c900f79d163a8bcee16947a558f3143782ced33c857be0a9729a"",""answer_fingerprint"":""1ccae83939bdc398566e55ba52921d9776aafbeed8a4d68cc884d033346093f3"",""semantic_signature_sha256"":""4fea0708fa777878a6cf40066b4e0c300cba1a812659acf801eef9ab9e810d86"",""structure_signature"":{""gates"":2620,""edges"":5240,""answers"":1310,""derivations"":1310,""canonical_bytes"":3250590},""construct_total_ms"":890.273,""client_unattributed_ms"":2.662},{""requested_mode"":""flat"",""effective_mode"":""flat"",""fallback_reason"":null,""plan_steps"":1,""feedback_steps"":0,""feedback_triples"":0,""construct_query_ms"":552.141,""feedback_update_ms"":0.0,""cleanup_ms"":0.0,""client_protocol_ms"":0.0,""network_scope"":""construct+feedback+cleanup"",""circuit_sha256"":""2963d2b84768c900f79d163a8bcee16947a558f3143782ced33c857be0a9729a"",""answer_fingerprint"":""1ccae83939bdc398566e55ba52921d9776aafbeed8a4d68cc884d033346093f3"",""semantic_signature_sha256"":""4fea0708fa777878a6cf40066b4e0c300cba1a812659acf801eef9ab9e810d86"",""structure_signature"":{""gates"":2620,""edges"":5240,""answers"":1310,""derivations"":1310,""canonical_bytes"":3250590},""construct_total_ms"":843.168,""client_unattributed_ms"":2.612}],""construct_total_samples"":[844.548,890.273,843.168],""construct_unattributed_samples"":[2.802,2.662,2.612],""status"":""ok"",""status_evidence"":null,""c_warmup_signatures"":[""4fea0708fa777878a6cf40066b4e0c300cba1a812659acf801eef9ab9e810d86""],""measured_semantic_signature_sha256"":""4fea0708fa777878a6cf40066b4e0c300cba1a812659acf801eef9ab9e810d86"",""measured_repetitions_consistent"":true,""construction_requested"":""flat"",""construction_effective"":""flat"",""commit"":""baf731844a65b830a95b2167d5a3b6b77d65abcd"",""batch_id"":""9e7ce36c8755701e00dded85ac14afd8dff20a9b9e66574af23b3bb7052e58be"",""query_sha256"":""2e23cd396e2dd8542fcd6dc9541c69d45cb250a36faed0467b475b4adcca3ac6"",""engine"":""millenniumdb"",""engine_version"":""MillenniumDB [engines.json profile]"",""scale"":""100M"",""base_endpoint_sha256"":""007a0f6d40c4f5763053f0656a9a8961bef2a93fdcf0d680038343fd899f8922"",""reified_endpoint_sha256"":""449f806c0d1e860421279be80d03331f7ad131ca9af34621cf32cc41042190d3"",""update_endpoint_sha256"":""8a607274f1b3d176dd6acfdc7381c25676b642e78d334a9664e45a2bdf3d52a0"",""base_data_identity_sha256"":""8a988dc83f4082a4f27503ba2906dc6b8733b3c02be567635c726c67bbd48314"",""reified_data_identity_sha256"":""16162702ccec82b2a0e27063cd04bd756a27af1f003b4cef0da976d843ef4725"",""update_for"":""none"",""access_mode"":""read-only"",""base_data_name"":""exploratory-base"",""reified_data_name"":""exploratory-reified"",""update_canary_sha256"":""2b9b44b25cd1c568cd57c6c5df25ae260b68229044617821fb33f542dab77648"",""store_instance_sha256"":""30e2f137e46adf31cbf946515707a3237ea7a5b1e32a4e3b81551f678798b917"",""store_discriminator_sha256"":""2e884d94ace185d62b1b91debf493ccd0a69b83d08e74cf5f1c2be4851b14215"",""tool_sha256"":""b38a65fc0c1a91e138f057f7b6c08d21c328463aceb40ffda53fc759f99d2f7a"",""java_runtime_sha256"":""bdd50c08a90e2fb713541b8a118df6250246a917edc41a6776aeafc90b472687"",""run_identity_sha256"":""dc3d42013d2c0f7b1d2b800ee3784c0a9405583925599d597ff597d9a8ea3d21""}"
baf731844a65b830a95b2167d5a3b6b77d65abcd,millenniumdb,MillenniumDB [engines.json profile],100M,S,S1,00,11a13df922fdbee8f9776eaed6af62ffda103b2b406da774b3f49300860168da,B,base-select,ok,7,1.8,1.6,2.6,2.0,0.5,1,3,300.0,1487,0.0,,,,,0.00677,"[2.555, 1.563, 1.834]","[0.0, 0.0, 0.0]",,[],,[],,[],r9.2-frozen-identity-v7,545ddb438fb68256b8bca7f910a4cb7eda1c2ebe751ccb4235c79f4289c7fa3b,csv-binding-multiset-v1,7,75f0a2c3ea4e2b846d289c99007042f1b5e3642d83a353f2369f86b96670cec9,,,,,,,,007a0f6d40c4f5763053f0656a9a8961bef2a93fdcf0d680038343fd899f8922,449f806c0d1e860421279be80d03331f7ad131ca9af34621cf32cc41042190d3,8a607274f1b3d176dd6acfdc7381c25676b642e78d334a9664e45a2bdf3d52a0,8a988dc83f4082a4f27503ba2906dc6b8733b3c02be567635c726c67bbd48314,16162702ccec82b2a0e27063cd04bd756a27af1f003b4cef0da976d843ef4725,none,read-only,exploratory-base,exploratory-reified,2b9b44b25cd1c568cd57c6c5df25ae260b68229044617821fb33f542dab77648,30e2f137e46adf31cbf946515707a3237ea7a5b1e32a4e3b81551f678798b917,2e884d94ace185d62b1b91debf493ccd0a69b83d08e74cf5f1c2be4851b14215,b38a65fc0c1a91e138f057f7b6c08d21c328463aceb40ffda53fc759f99d2f7a,bdd50c08a90e2fb713541b8a118df6250246a917edc41a6776aeafc90b472687,179465313f7d3bfcbef6a408453688dd0e15abc2e5e269ca9e2cef02de7ea885,"pcm-meta-v2:{""protocol"":""r9.2-frozen-identity-v7"",""message"":"""",""cell_wall_ms"":96.571,""answer_kind"":""csv-binding-multiset-v1"",""answer_key_count"":7,""answer_fingerprint"":""75f0a2c3ea4e2b846d289c99007042f1b5e3642d83a353f2369f86b96670cec9"",""c_parse_samples"":[0.0,0.0,0.0],""c_protocol_samples"":[],""construct_total_samples"":[],""construct_unattributed_samples"":[],""status"":""ok"",""status_evidence"":null,""construction_requested"":null,""construction_effective"":null,""commit"":""baf731844a65b830a95b2167d5a3b6b77d65abcd"",""batch_id"":""545ddb438fb68256b8bca7f910a4cb7eda1c2ebe751ccb4235c79f4289c7fa3b"",""query_sha256"":""11a13df922fdbee8f9776eaed6af62ffda103b2b406da774b3f49300860168da"",""engine"":""millenniumdb"",""engine_version"":""MillenniumDB [engines.json profile]"",""scale"":""100M"",""base_endpoint_sha256"":""007a0f6d40c4f5763053f0656a9a8961bef2a93fdcf0d680038343fd899f8922"",""reified_endpoint_sha256"":""449f806c0d1e860421279be80d03331f7ad131ca9af34621cf32cc41042190d3"",""update_endpoint_sha256"":""8a607274f1b3d176dd6acfdc7381c25676b642e78d334a9664e45a2bdf3d52a0"",""base_data_identity_sha256"":""8a988dc83f4082a4f27503ba2906dc6b8733b3c02be567635c726c67bbd48314"",""reified_data_identity_sha256"":""16162702ccec82b2a0e27063cd04bd756a27af1f003b4cef0da976d843ef4725"",""update_for"":""none"",""access_mode"":""read-only"",""base_data_name"":""exploratory-base"",""reified_data_name"":""exploratory-reified"",""update_canary_sha256"":""2b9b44b25cd1c568cd57c6c5df25ae260b68229044617821fb33f542dab77648"",""store_instance_sha256"":""30e2f137e46adf31cbf946515707a3237ea7a5b1e32a4e3b81551f678798b917"",""store_discriminator_sha256"":""2e884d94ace185d62b1b91debf493ccd0a69b83d08e74cf5f1c2be4851b14215"",""tool_sha256"":""b38a65fc0c1a91e138f057f7b6c08d21c328463aceb40ffda53fc759f99d2f7a"",""java_runtime_sha256"":""bdd50c08a90e2fb713541b8a118df6250246a917edc41a6776aeafc90b472687"",""run_identity_sha256"":""179465313f7d3bfcbef6a408453688dd0e15abc2e5e269ca9e2cef02de7ea885""}"
baf731844a65b830a95b2167d5a3b6b77d65abcd,millenniumdb,MillenniumDB [engines.json profile],100M,S,S1,00,11a13df922fdbee8f9776eaed6af62ffda103b2b406da774b3f49300860168da,R,reification-only,ok,7,8.1,8.0,10.5,8.9,1.4,1,3,300.0,1487,0.0,,,,,135.219477,"[8.132, 10.454, 8.031]","[0.0, 0.0, 0.0]",,[],,[],,[],r9.2-frozen-identity-v7,545ddb438fb68256b8bca7f910a4cb7eda1c2ebe751ccb4235c79f4289c7fa3b,csv-binding-multiset-v1,7,75f0a2c3ea4e2b846d289c99007042f1b5e3642d83a353f2369f86b96670cec9,,,,,,,,007a0f6d40c4f5763053f0656a9a8961bef2a93fdcf0d680038343fd899f8922,449f806c0d1e860421279be80d03331f7ad131ca9af34621cf32cc41042190d3,8a607274f1b3d176dd6acfdc7381c25676b642e78d334a9664e45a2bdf3d52a0,8a988dc83f4082a4f27503ba2906dc6b8733b3c02be567635c726c67bbd48314,16162702ccec82b2a0e27063cd04bd756a27af1f003b4cef0da976d843ef4725,none,read-only,exploratory-base,exploratory-reified,2b9b44b25cd1c568cd57c6c5df25ae260b68229044617821fb33f542dab77648,30e2f137e46adf31cbf946515707a3237ea7a5b1e32a4e3b81551f678798b917,2e884d94ace185d62b1b91debf493ccd0a69b83d08e74cf5f1c2be4851b14215,b38a65fc0c1a91e138f057f7b6c08d21c328463aceb40ffda53fc759f99d2f7a,bdd50c08a90e2fb713541b8a118df6250246a917edc41a6776aeafc90b472687,179465313f7d3bfcbef6a408453688dd0e15abc2e5e269ca9e2cef02de7ea885,"pcm-meta-v2:{""protocol"":""r9.2-frozen-identity-v7"",""message"":"""",""cell_wall_ms"":222.098,""answer_kind"":""csv-binding-multiset-v1"",""answer_key_count"":7,""answer_fingerprint"":""75f0a2c3ea4e2b846d289c99007042f1b5e3642d83a353f2369f86b96670cec9"",""c_parse_samples"":[0.0,0.0,0.0],""c_protocol_samples"":[],""construct_total_samples"":[],""construct_unattributed_samples"":[],""status"":""ok"",""status_evidence"":null,""construction_requested"":null,""construction_effective"":null,""commit"":""baf731844a65b830a95b2167d5a3b6b77d65abcd"",""batch_id"":""545ddb438fb68256b8bca7f910a4cb7eda1c2ebe751ccb4235c79f4289c7fa3b"",""query_sha256"":""11a13df922fdbee8f9776eaed6af62ffda103b2b406da774b3f49300860168da"",""engine"":""millenniumdb"",""engine_version"":""MillenniumDB [engines.json profile]"",""scale"":""100M"",""base_endpoint_sha256"":""007a0f6d40c4f5763053f0656a9a8961bef2a93fdcf0d680038343fd899f8922"",""reified_endpoint_sha256"":""449f806c0d1e860421279be80d03331f7ad131ca9af34621cf32cc41042190d3"",""update_endpoint_sha256"":""8a607274f1b3d176dd6acfdc7381c25676b642e78d334a9664e45a2bdf3d52a0"",""base_data_identity_sha256"":""8a988dc83f4082a4f27503ba2906dc6b8733b3c02be567635c726c67bbd48314"",""reified_data_identity_sha256"":""16162702ccec82b2a0e27063cd04bd756a27af1f003b4cef0da976d843ef4725"",""update_for"":""none"",""access_mode"":""read-only"",""base_data_name"":""exploratory-base"",""reified_data_name"":""exploratory-reified"",""update_canary_sha256"":""2b9b44b25cd1c568cd57c6c5df25ae260b68229044617821fb33f542dab77648"",""store_instance_sha256"":""30e2f137e46adf31cbf946515707a3237ea7a5b1e32a4e3b81551f678798b917"",""store_discriminator_sha256"":""2e884d94ace185d62b1b91debf493ccd0a69b83d08e74cf5f1c2be4851b14215"",""tool_sha256"":""b38a65fc0c1a91e138f057f7b6c08d21c328463aceb40ffda53fc759f99d2f7a"",""java_runtime_sha256"":""bdd50c08a90e2fb713541b8a118df6250246a917edc41a6776aeafc90b472687"",""run_identity_sha256"":""179465313f7d3bfcbef6a408453688dd0e15abc2e5e269ca9e2cef02de7ea885""}"
baf731844a65b830a95b2167d5a3b6b77d65abcd,millenniumdb,MillenniumDB [engines.json profile],100M,S,S1,00,11a13df922fdbee8f9776eaed6af62ffda103b2b406da774b3f49300860168da,N,N_clean (NPCS reimplementation),ok,7,7.4,6.9,9.7,8.0,1.5,1,3,300.0,2491,0.0,,,,7,202.150471,"[9.693, 6.867, 7.414]","[0.0, 0.0, 0.0]",,[],,[],,[],r9.2-frozen-identity-v7,545ddb438fb68256b8bca7f910a4cb7eda1c2ebe751ccb4235c79f4289c7fa3b,csv-candidate-multiset-v1,7,75f0a2c3ea4e2b846d289c99007042f1b5e3642d83a353f2369f86b96670cec9,,,,,,,,007a0f6d40c4f5763053f0656a9a8961bef2a93fdcf0d680038343fd899f8922,449f806c0d1e860421279be80d03331f7ad131ca9af34621cf32cc41042190d3,8a607274f1b3d176dd6acfdc7381c25676b642e78d334a9664e45a2bdf3d52a0,8a988dc83f4082a4f27503ba2906dc6b8733b3c02be567635c726c67bbd48314,16162702ccec82b2a0e27063cd04bd756a27af1f003b4cef0da976d843ef4725,none,read-only,exploratory-base,exploratory-reified,2b9b44b25cd1c568cd57c6c5df25ae260b68229044617821fb33f542dab77648,30e2f137e46adf31cbf946515707a3237ea7a5b1e32a4e3b81551f678798b917,2e884d94ace185d62b1b91debf493ccd0a69b83d08e74cf5f1c2be4851b14215,b38a65fc0c1a91e138f057f7b6c08d21c328463aceb40ffda53fc759f99d2f7a,bdd50c08a90e2fb713541b8a118df6250246a917edc41a6776aeafc90b472687,179465313f7d3bfcbef6a408453688dd0e15abc2e5e269ca9e2cef02de7ea885,"pcm-meta-v2:{""protocol"":""r9.2-frozen-identity-v7"",""message"":"""",""cell_wall_ms"":246.75,""answer_kind"":""csv-candidate-multiset-v1"",""answer_key_count"":7,""answer_fingerprint"":""75f0a2c3ea4e2b846d289c99007042f1b5e3642d83a353f2369f86b96670cec9"",""c_parse_samples"":[0.0,0.0,0.0],""c_protocol_samples"":[],""construct_total_samples"":[],""construct_unattributed_samples"":[],""status"":""ok"",""status_evidence"":null,""construction_requested"":null,""construction_effective"":null,""commit"":""baf731844a65b830a95b2167d5a3b6b77d65abcd"",""batch_id"":""545ddb438fb68256b8bca7f910a4cb7eda1c2ebe751ccb4235c79f4289c7fa3b"",""query_sha256"":""11a13df922fdbee8f9776eaed6af62ffda103b2b406da774b3f49300860168da"",""engine"":""millenniumdb"",""engine_version"":""MillenniumDB [engines.json profile]"",""scale"":""100M"",""base_endpoint_sha256"":""007a0f6d40c4f5763053f0656a9a8961bef2a93fdcf0d680038343fd899f8922"",""reified_endpoint_sha256"":""449f806c0d1e860421279be80d03331f7ad131ca9af34621cf32cc41042190d3"",""update_endpoint_sha256"":""8a607274f1b3d176dd6acfdc7381c25676b642e78d334a9664e45a2bdf3d52a0"",""base_data_identity_sha256"":""8a988dc83f4082a4f27503ba2906dc6b8733b3c02be567635c726c67bbd48314"",""reified_data_identity_sha256"":""16162702ccec82b2a0e27063cd04bd756a27af1f003b4cef0da976d843ef4725"",""update_for"":""none"",""access_mode"":""read-only"",""base_data_name"":""exploratory-base"",""reified_data_name"":""exploratory-reified"",""update_canary_sha256"":""2b9b44b25cd1c568cd57c6c5df25ae260b68229044617821fb33f542dab77648"",""store_instance_sha256"":""30e2f137e46adf31cbf946515707a3237ea7a5b1e32a4e3b81551f678798b917"",""store_discriminator_sha256"":""2e884d94ace185d62b1b91debf493ccd0a69b83d08e74cf5f1c2be4851b14215"",""tool_sha256"":""b38a65fc0c1a91e138f057f7b6c08d21c328463aceb40ffda53fc759f99d2f7a"",""java_runtime_sha256"":""bdd50c08a90e2fb713541b8a118df6250246a917edc41a6776aeafc90b472687"",""run_identity_sha256"":""179465313f7d3bfcbef6a408453688dd0e15abc2e5e269ca9e2cef02de7ea885""}"
baf731844a65b830a95b2167d5a3b6b77d65abcd,millenniumdb,MillenniumDB [engines.json profile],100M,S,S1,00,11a13df922fdbee8f9776eaed6af62ffda103b2b406da774b3f49300860168da,C,SPARQLcirc CircuitRewriter,ok,7,24.6,19.8,32.9,25.8,6.6,1,3,300.0,37703,4.9,14,70,7,,427.101758,"[32.883, 24.626, 19.772]","[4.935, 4.997, 4.175]",0.0,"[0.0, 0.0, 0.0]",29.7,"[37.909, 29.72, 24.05]",0.1,"[0.091, 0.097, 0.103]",r9.2-frozen-identity-v7,545ddb438fb68256b8bca7f910a4cb7eda1c2ebe751ccb4235c79f4289c7fa3b,term-aware-candidate-set-v1,7,f1dc6ee7ef8c3d097e8a1973c4cccb9b9049e626d752ada0c7bed0b7b4c0232c,flat,flat,e65677f91e9a222646143b2d151613a0202ab531a8709bc445fed9a3fd8632ea,,,,,007a0f6d40c4f5763053f0656a9a8961bef2a93fdcf0d680038343fd899f8922,449f806c0d1e860421279be80d03331f7ad131ca9af34621cf32cc41042190d3,8a607274f1b3d176dd6acfdc7381c25676b642e78d334a9664e45a2bdf3d52a0,8a988dc83f4082a4f27503ba2906dc6b8733b3c02be567635c726c67bbd48314,16162702ccec82b2a0e27063cd04bd756a27af1f003b4cef0da976d843ef4725,none,read-only,exploratory-base,exploratory-reified,2b9b44b25cd1c568cd57c6c5df25ae260b68229044617821fb33f542dab77648,30e2f137e46adf31cbf946515707a3237ea7a5b1e32a4e3b81551f678798b917,2e884d94ace185d62b1b91debf493ccd0a69b83d08e74cf5f1c2be4851b14215,b38a65fc0c1a91e138f057f7b6c08d21c328463aceb40ffda53fc759f99d2f7a,bdd50c08a90e2fb713541b8a118df6250246a917edc41a6776aeafc90b472687,179465313f7d3bfcbef6a408453688dd0e15abc2e5e269ca9e2cef02de7ea885,"pcm-meta-v2:{""protocol"":""r9.2-frozen-identity-v7"",""message"":""C requested=flat effective=flat; steps=1 feedback=0; network includes CONSTRUCT, feedback INSERT, and cleanup DELETE"",""cell_wall_ms"":589.876,""answer_kind"":""term-aware-candidate-set-v1"",""answer_key_count"":7,""answer_fingerprint"":""f1dc6ee7ef8c3d097e8a1973c4cccb9b9049e626d752ada0c7bed0b7b4c0232c"",""c_parse_samples"":[4.935,4.997,4.175],""c_protocol_samples"":[{""requested_mode"":""flat"",""effective_mode"":""flat"",""fallback_reason"":null,""plan_steps"":1,""feedback_steps"":0,""feedback_triples"":0,""construct_query_ms"":32.883,""feedback_update_ms"":0.0,""cleanup_ms"":0.0,""client_protocol_ms"":0.0,""network_scope"":""construct+feedback+cleanup"",""circuit_sha256"":""e65677f91e9a222646143b2d151613a0202ab531a8709bc445fed9a3fd8632ea"",""answer_fingerprint"":""f1dc6ee7ef8c3d097e8a1973c4cccb9b9049e626d752ada0c7bed0b7b4c0232c"",""semantic_signature_sha256"":""2ce99ff284132742b720b51016ff648ea2f7b5dff5a03f4de19112d300446f77"",""structure_signature"":{""gates"":14,""edges"":70,""answers"":7,""derivations"":7,""canonical_bytes"":37703},""construct_total_ms"":37.909,""client_unattributed_ms"":0.091},{""requested_mode"":""flat"",""effective_mode"":""flat"",""fallback_reason"":null,""plan_steps"":1,""feedback_steps"":0,""feedback_triples"":0,""construct_query_ms"":24.626,""feedback_update_ms"":0.0,""cleanup_ms"":0.0,""client_protocol_ms"":0.0,""network_scope"":""construct+feedback+cleanup"",""circuit_sha256"":""e65677f91e9a222646143b2d151613a0202ab531a8709bc445fed9a3fd8632ea"",""answer_fingerprint"":""f1dc6ee7ef8c3d097e8a1973c4cccb9b9049e626d752ada0c7bed0b7b4c0232c"",""semantic_signature_sha256"":""2ce99ff284132742b720b51016ff648ea2f7b5dff5a03f4de19112d300446f77"",""structure_signature"":{""gates"":14,""edges"":70,""answers"":7,""derivations"":7,""canonical_bytes"":37703},""construct_total_ms"":29.72,""client_unattributed_ms"":0.097},{""requested_mode"":""flat"",""effective_mode"":""flat"",""fallback_reason"":null,""plan_steps"":1,""feedback_steps"":0,""feedback_triples"":0,""construct_query_ms"":19.772,""feedback_update_ms"":0.0,""cleanup_ms"":0.0,""client_protocol_ms"":0.0,""network_scope"":""construct+feedback+cleanup"",""circuit_sha256"":""e65677f91e9a222646143b2d151613a0202ab531a8709bc445fed9a3fd8632ea"",""answer_fingerprint"":""f1dc6ee7ef8c3d097e8a1973c4cccb9b9049e626d752ada0c7bed0b7b4c0232c"",""semantic_signature_sha256"":""2ce99ff284132742b720b51016ff648ea2f7b5dff5a03f4de19112d300446f77"",""structure_signature"":{""gates"":14,""edges"":70,""answers"":7,""derivations"":7,""canonical_bytes"":37703},""construct_total_ms"":24.05,""client_unattributed_ms"":0.103}],""construct_total_samples"":[37.909,29.72,24.05],""construct_unattributed_samples"":[0.091,0.097,0.103],""status"":""ok"",""status_evidence"":null,""c_warmup_signatures"":[""2ce99ff284132742b720b51016ff648ea2f7b5dff5a03f4de19112d300446f77""],""measured_semantic_signature_sha256"":""2ce99ff284132742b720b51016ff648ea2f7b5dff5a03f4de19112d300446f77"",""measured_repetitions_consistent"":true,""construction_requested"":""flat"",""construction_effective"":""flat"",""commit"":""baf731844a65b830a95b2167d5a3b6b77d65abcd"",""batch_id"":""545ddb438fb68256b8bca7f910a4cb7eda1c2ebe751ccb4235c79f4289c7fa3b"",""query_sha256"":""11a13df922fdbee8f9776eaed6af62ffda103b2b406da774b3f49300860168da"",""engine"":""millenniumdb"",""engine_version"":""MillenniumDB [engines.json profile]"",""scale"":""100M"",""base_endpoint_sha256"":""007a0f6d40c4f5763053f0656a9a8961bef2a93fdcf0d680038343fd899f8922"",""reified_endpoint_sha256"":""449f806c0d1e860421279be80d03331f7ad131ca9af34621cf32cc41042190d3"",""update_endpoint_sha256"":""8a607274f1b3d176dd6acfdc7381c25676b642e78d334a9664e45a2bdf3d52a0"",""base_data_identity_sha256"":""8a988dc83f4082a4f27503ba2906dc6b8733b3c02be567635c726c67bbd48314"",""reified_data_identity_sha256"":""16162702ccec82b2a0e27063cd04bd756a27af1f003b4cef0da976d843ef4725"",""update_for"":""none"",""access_mode"":""read-only"",""base_data_name"":""exploratory-base"",""reified_data_name"":""exploratory-reified"",""update_canary_sha256"":""2b9b44b25cd1c568cd57c6c5df25ae260b68229044617821fb33f542dab77648"",""store_instance_sha256"":""30e2f137e46adf31cbf946515707a3237ea7a5b1e32a4e3b81551f678798b917"",""store_discriminator_sha256"":""2e884d94ace185d62b1b91debf493ccd0a69b83d08e74cf5f1c2be4851b14215"",""tool_sha256"":""b38a65fc0c1a91e138f057f7b6c08d21c328463aceb40ffda53fc759f99d2f7a"",""java_runtime_sha256"":""bdd50c08a90e2fb713541b8a118df6250246a917edc41a6776aeafc90b472687"",""run_identity_sha256"":""179465313f7d3bfcbef6a408453688dd0e15abc2e5e269ca9e2cef02de7ea885""}"
baf731844a65b830a95b2167d5a3b6b77d65abcd,millenniumdb,MillenniumDB [engines.json profile],100M,S,S2,00,e634c02fe199569fe27370dfeca74deef380542216b43766499daf6e48f0b7a5,B,base-select,ok,2689,47.5,47.3,48.6,47.8,0.7,1,3,300.0,131465,0.0,,,,,0.00578,"[47.349, 48.574, 47.545]","[0.0, 0.0, 0.0]",,[],,[],,[],r9.2-frozen-identity-v7,545ddb438fb68256b8bca7f910a4cb7eda1c2ebe751ccb4235c79f4289c7fa3b,csv-binding-multiset-v1,2689,ce26a0a5a026af87c4535d7f99adf278a0a0604bce16295aa80f942252ca6c7f,,,,,,,,007a0f6d40c4f5763053f0656a9a8961bef2a93fdcf0d680038343fd899f8922,449f806c0d1e860421279be80d03331f7ad131ca9af34621cf32cc41042190d3,8a607274f1b3d176dd6acfdc7381c25676b642e78d334a9664e45a2bdf3d52a0,8a988dc83f4082a4f27503ba2906dc6b8733b3c02be567635c726c67bbd48314,16162702ccec82b2a0e27063cd04bd756a27af1f003b4cef0da976d843ef4725,none,read-only,exploratory-base,exploratory-reified,2b9b44b25cd1c568cd57c6c5df25ae260b68229044617821fb33f542dab77648,30e2f137e46adf31cbf946515707a3237ea7a5b1e32a4e3b81551f678798b917,2e884d94ace185d62b1b91debf493ccd0a69b83d08e74cf5f1c2be4851b14215,b38a65fc0c1a91e138f057f7b6c08d21c328463aceb40ffda53fc759f99d2f7a,bdd50c08a90e2fb713541b8a118df6250246a917edc41a6776aeafc90b472687,aa56a7c3ecd484f62dc47b9e0ca5cf9cef7f696928c7143af617d19704084f5e,"pcm-meta-v2:{""protocol"":""r9.2-frozen-identity-v7"",""message"":"""",""cell_wall_ms"":220.033,""answer_kind"":""csv-binding-multiset-v1"",""answer_key_count"":2689,""answer_fingerprint"":""ce26a0a5a026af87c4535d7f99adf278a0a0604bce16295aa80f942252ca6c7f"",""c_parse_samples"":[0.0,0.0,0.0],""c_protocol_samples"":[],""construct_total_samples"":[],""construct_unattributed_samples"":[],""status"":""ok"",""status_evidence"":null,""construction_requested"":null,""construction_effective"":null,""commit"":""baf731844a65b830a95b2167d5a3b6b77d65abcd"",""batch_id"":""545ddb438fb68256b8bca7f910a4cb7eda1c2ebe751ccb4235c79f4289c7fa3b"",""query_sha256"":""e634c02fe199569fe27370dfeca74deef380542216b43766499daf6e48f0b7a5"",""engine"":""millenniumdb"",""engine_version"":""MillenniumDB [engines.json profile]"",""scale"":""100M"",""base_endpoint_sha256"":""007a0f6d40c4f5763053f0656a9a8961bef2a93fdcf0d680038343fd899f8922"",""reified_endpoint_sha256"":""449f806c0d1e860421279be80d03331f7ad131ca9af34621cf32cc41042190d3"",""update_endpoint_sha256"":""8a607274f1b3d176dd6acfdc7381c25676b642e78d334a9664e45a2bdf3d52a0"",""base_data_identity_sha256"":""8a988dc83f4082a4f27503ba2906dc6b8733b3c02be567635c726c67bbd48314"",""reified_data_identity_sha256"":""16162702ccec82b2a0e27063cd04bd756a27af1f003b4cef0da976d843ef4725"",""update_for"":""none"",""access_mode"":""read-only"",""base_data_name"":""exploratory-base"",""reified_data_name"":""exploratory-reified"",""update_canary_sha256"":""2b9b44b25cd1c568cd57c6c5df25ae260b68229044617821fb33f542dab77648"",""store_instance_sha256"":""30e2f137e46adf31cbf946515707a3237ea7a5b1e32a4e3b81551f678798b917"",""store_discriminator_sha256"":""2e884d94ace185d62b1b91debf493ccd0a69b83d08e74cf5f1c2be4851b14215"",""tool_sha256"":""b38a65fc0c1a91e138f057f7b6c08d21c328463aceb40ffda53fc759f99d2f7a"",""java_runtime_sha256"":""bdd50c08a90e2fb713541b8a118df6250246a917edc41a6776aeafc90b472687"",""run_identity_sha256"":""aa56a7c3ecd484f62dc47b9e0ca5cf9cef7f696928c7143af617d19704084f5e""}"
baf731844a65b830a95b2167d5a3b6b77d65abcd,millenniumdb,MillenniumDB [engines.json profile],100M,S,S2,00,e634c02fe199569fe27370dfeca74deef380542216b43766499daf6e48f0b7a5,R,reification-only,ok,2689,616.9,580.9,663.6,620.5,41.5,1,3,300.0,131465,0.0,,,,,137.197368,"[663.647, 616.884, 580.891]","[0.0, 0.0, 0.0]",,[],,[],,[],r9.2-frozen-identity-v7,545ddb438fb68256b8bca7f910a4cb7eda1c2ebe751ccb4235c79f4289c7fa3b,csv-binding-multiset-v1,2689,ce26a0a5a026af87c4535d7f99adf278a0a0604bce16295aa80f942252ca6c7f,,,,,,,,007a0f6d40c4f5763053f0656a9a8961bef2a93fdcf0d680038343fd899f8922,449f806c0d1e860421279be80d03331f7ad131ca9af34621cf32cc41042190d3,8a607274f1b3d176dd6acfdc7381c25676b642e78d334a9664e45a2bdf3d52a0,8a988dc83f4082a4f27503ba2906dc6b8733b3c02be567635c726c67bbd48314,16162702ccec82b2a0e27063cd04bd756a27af1f003b4cef0da976d843ef4725,none,read-only,exploratory-base,exploratory-reified,2b9b44b25cd1c568cd57c6c5df25ae260b68229044617821fb33f542dab77648,30e2f137e46adf31cbf946515707a3237ea7a5b1e32a4e3b81551f678798b917,2e884d94ace185d62b1b91debf493ccd0a69b83d08e74cf5f1c2be4851b14215,b38a65fc0c1a91e138f057f7b6c08d21c328463aceb40ffda53fc759f99d2f7a,bdd50c08a90e2fb713541b8a118df6250246a917edc41a6776aeafc90b472687,aa56a7c3ecd484f62dc47b9e0ca5cf9cef7f696928c7143af617d19704084f5e,"pcm-meta-v2:{""protocol"":""r9.2-frozen-identity-v7"",""message"":"""",""cell_wall_ms"":6604.283,""answer_kind"":""csv-binding-multiset-v1"",""answer_key_count"":2689,""answer_fingerprint"":""ce26a0a5a026af87c4535d7f99adf278a0a0604bce16295aa80f942252ca6c7f"",""c_parse_samples"":[0.0,0.0,0.0],""c_protocol_samples"":[],""construct_total_samples"":[],""construct_unattributed_samples"":[],""status"":""ok"",""status_evidence"":null,""construction_requested"":null,""construction_effective"":null,""commit"":""baf731844a65b830a95b2167d5a3b6b77d65abcd"",""batch_id"":""545ddb438fb68256b8bca7f910a4cb7eda1c2ebe751ccb4235c79f4289c7fa3b"",""query_sha256"":""e634c02fe199569fe27370dfeca74deef380542216b43766499daf6e48f0b7a5"",""engine"":""millenniumdb"",""engine_version"":""MillenniumDB [engines.json profile]"",""scale"":""100M"",""base_endpoint_sha256"":""007a0f6d40c4f5763053f0656a9a8961bef2a93fdcf0d680038343fd899f8922"",""reified_endpoint_sha256"":""449f806c0d1e860421279be80d03331f7ad131ca9af34621cf32cc41042190d3"",""update_endpoint_sha256"":""8a607274f1b3d176dd6acfdc7381c25676b642e78d334a9664e45a2bdf3d52a0"",""base_data_identity_sha256"":""8a988dc83f4082a4f27503ba2906dc6b8733b3c02be567635c726c67bbd48314"",""reified_data_identity_sha256"":""16162702ccec82b2a0e27063cd04bd756a27af1f003b4cef0da976d843ef4725"",""update_for"":""none"",""access_mode"":""read-only"",""base_data_name"":""exploratory-base"",""reified_data_name"":""exploratory-reified"",""update_canary_sha256"":""2b9b44b25cd1c568cd57c6c5df25ae260b68229044617821fb33f542dab77648"",""store_instance_sha256"":""30e2f137e46adf31cbf946515707a3237ea7a5b1e32a4e3b81551f678798b917"",""store_discriminator_sha256"":""2e884d94ace185d62b1b91debf493ccd0a69b83d08e74cf5f1c2be4851b14215"",""tool_sha256"":""b38a65fc0c1a91e138f057f7b6c08d21c328463aceb40ffda53fc759f99d2f7a"",""java_runtime_sha256"":""bdd50c08a90e2fb713541b8a118df6250246a917edc41a6776aeafc90b472687"",""run_identity_sha256"":""aa56a7c3ecd484f62dc47b9e0ca5cf9cef7f696928c7143af617d19704084f5e""}"
baf731844a65b830a95b2167d5a3b6b77d65abcd,millenniumdb,MillenniumDB [engines.json profile],100M,S,S2,00,e634c02fe199569fe27370dfeca74deef380542216b43766499daf6e48f0b7a5,N,N_clean (NPCS reimplementation),ok,2689,632.6,630.9,691.7,651.8,34.6,1,3,300.0,328842,0.0,,,,2689,173.999995,"[691.721, 632.645, 630.926]","[0.0, 0.0, 0.0]",,[],,[],,[],r9.2-frozen-identity-v7,545ddb438fb68256b8bca7f910a4cb7eda1c2ebe751ccb4235c79f4289c7fa3b,csv-candidate-multiset-v1,2689,ce26a0a5a026af87c4535d7f99adf278a0a0604bce16295aa80f942252ca6c7f,,,,,,,,007a0f6d40c4f5763053f0656a9a8961bef2a93fdcf0d680038343fd899f8922,449f806c0d1e860421279be80d03331f7ad131ca9af34621cf32cc41042190d3,8a607274f1b3d176dd6acfdc7381c25676b642e78d334a9664e45a2bdf3d52a0,8a988dc83f4082a4f27503ba2906dc6b8733b3c02be567635c726c67bbd48314,16162702ccec82b2a0e27063cd04bd756a27af1f003b4cef0da976d843ef4725,none,read-only,exploratory-base,exploratory-reified,2b9b44b25cd1c568cd57c6c5df25ae260b68229044617821fb33f542dab77648,30e2f137e46adf31cbf946515707a3237ea7a5b1e32a4e3b81551f678798b917,2e884d94ace185d62b1b91debf493ccd0a69b83d08e74cf5f1c2be4851b14215,b38a65fc0c1a91e138f057f7b6c08d21c328463aceb40ffda53fc759f99d2f7a,bdd50c08a90e2fb713541b8a118df6250246a917edc41a6776aeafc90b472687,aa56a7c3ecd484f62dc47b9e0ca5cf9cef7f696928c7143af617d19704084f5e,"pcm-meta-v2:{""protocol"":""r9.2-frozen-identity-v7"",""message"":"""",""cell_wall_ms"":5311.865,""answer_kind"":""csv-candidate-multiset-v1"",""answer_key_count"":2689,""answer_fingerprint"":""ce26a0a5a026af87c4535d7f99adf278a0a0604bce16295aa80f942252ca6c7f"",""c_parse_samples"":[0.0,0.0,0.0],""c_protocol_samples"":[],""construct_total_samples"":[],""construct_unattributed_samples"":[],""status"":""ok"",""status_evidence"":null,""construction_requested"":null,""construction_effective"":null,""commit"":""baf731844a65b830a95b2167d5a3b6b77d65abcd"",""batch_id"":""545ddb438fb68256b8bca7f910a4cb7eda1c2ebe751ccb4235c79f4289c7fa3b"",""query_sha256"":""e634c02fe199569fe27370dfeca74deef380542216b43766499daf6e48f0b7a5"",""engine"":""millenniumdb"",""engine_version"":""MillenniumDB [engines.json profile]"",""scale"":""100M"",""base_endpoint_sha256"":""007a0f6d40c4f5763053f0656a9a8961bef2a93fdcf0d680038343fd899f8922"",""reified_endpoint_sha256"":""449f806c0d1e860421279be80d03331f7ad131ca9af34621cf32cc41042190d3"",""update_endpoint_sha256"":""8a607274f1b3d176dd6acfdc7381c25676b642e78d334a9664e45a2bdf3d52a0"",""base_data_identity_sha256"":""8a988dc83f4082a4f27503ba2906dc6b8733b3c02be567635c726c67bbd48314"",""reified_data_identity_sha256"":""16162702ccec82b2a0e27063cd04bd756a27af1f003b4cef0da976d843ef4725"",""update_for"":""none"",""access_mode"":""read-only"",""base_data_name"":""exploratory-base"",""reified_data_name"":""exploratory-reified"",""update_canary_sha256"":""2b9b44b25cd1c568cd57c6c5df25ae260b68229044617821fb33f542dab77648"",""store_instance_sha256"":""30e2f137e46adf31cbf946515707a3237ea7a5b1e32a4e3b81551f678798b917"",""store_discriminator_sha256"":""2e884d94ace185d62b1b91debf493ccd0a69b83d08e74cf5f1c2be4851b14215"",""tool_sha256"":""b38a65fc0c1a91e138f057f7b6c08d21c328463aceb40ffda53fc759f99d2f7a"",""java_runtime_sha256"":""bdd50c08a90e2fb713541b8a118df6250246a917edc41a6776aeafc90b472687"",""run_identity_sha256"":""aa56a7c3ecd484f62dc47b9e0ca5cf9cef7f696928c7143af617d19704084f5e""}"
baf731844a65b830a95b2167d5a3b6b77d65abcd,millenniumdb,MillenniumDB [engines.json profile],100M,S,S2,00,e634c02fe199569fe27370dfeca74deef380542216b43766499daf6e48f0b7a5,C,SPARQLcirc CircuitRewriter,ok,2689,1076.3,1051.4,1080.4,1069.3,15.7,1,3,300.0,4001690,356.5,5378,13445,2689,,390.022856,"[1051.395, 1080.361, 1076.263]","[375.453, 356.518, 348.417]",0.0,"[0.0, 0.0, 0.0]",1429.3,"[1429.273, 1439.553, 1427.072]",2.4,"[2.426, 2.673, 2.392]",r9.2-frozen-identity-v7,545ddb438fb68256b8bca7f910a4cb7eda1c2ebe751ccb4235c79f4289c7fa3b,term-aware-candidate-set-v1,2689,83053a451c774f160dc89d566364403581c0e3ee9474298267bef7fafc89af89,flat,flat,0e7e6feb0a3cc192fa9e1b92d8d4ffa4d5233e1789018b8dd8a7b8a2f84b45e9,,,,,007a0f6d40c4f5763053f0656a9a8961bef2a93fdcf0d680038343fd899f8922,449f806c0d1e860421279be80d03331f7ad131ca9af34621cf32cc41042190d3,8a607274f1b3d176dd6acfdc7381c25676b642e78d334a9664e45a2bdf3d52a0,8a988dc83f4082a4f27503ba2906dc6b8733b3c02be567635c726c67bbd48314,16162702ccec82b2a0e27063cd04bd756a27af1f003b4cef0da976d843ef4725,none,read-only,exploratory-base,exploratory-reified,2b9b44b25cd1c568cd57c6c5df25ae260b68229044617821fb33f542dab77648,30e2f137e46adf31cbf946515707a3237ea7a5b1e32a4e3b81551f678798b917,2e884d94ace185d62b1b91debf493ccd0a69b83d08e74cf5f1c2be4851b14215,b38a65fc0c1a91e138f057f7b6c08d21c328463aceb40ffda53fc759f99d2f7a,bdd50c08a90e2fb713541b8a118df6250246a917edc41a6776aeafc90b472687,aa56a7c3ecd484f62dc47b9e0ca5cf9cef7f696928c7143af617d19704084f5e,"pcm-meta-v2:{""protocol"":""r9.2-frozen-identity-v7"",""message"":""C requested=flat effective=flat; steps=1 feedback=0; network includes CONSTRUCT, feedback INSERT, and cleanup DELETE"",""cell_wall_ms"":14099.372,""answer_kind"":""term-aware-candidate-set-v1"",""answer_key_count"":2689,""answer_fingerprint"":""83053a451c774f160dc89d566364403581c0e3ee9474298267bef7fafc89af89"",""c_parse_samples"":[375.453,356.518,348.417],""c_protocol_samples"":[{""requested_mode"":""flat"",""effective_mode"":""flat"",""fallback_reason"":null,""plan_steps"":1,""feedback_steps"":0,""feedback_triples"":0,""construct_query_ms"":1051.395,""feedback_update_ms"":0.0,""cleanup_ms"":0.0,""client_protocol_ms"":0.0,""network_scope"":""construct+feedback+cleanup"",""circuit_sha256"":""0e7e6feb0a3cc192fa9e1b92d8d4ffa4d5233e1789018b8dd8a7b8a2f84b45e9"",""answer_fingerprint"":""83053a451c774f160dc89d566364403581c0e3ee9474298267bef7fafc89af89"",""semantic_signature_sha256"":""e688e79eafddb0bcd5cd9d489817192482817334c6ed55e238142037ad852980"",""structure_signature"":{""gates"":5378,""edges"":13445,""answers"":2689,""derivations"":2689,""canonical_bytes"":4001690},""construct_total_ms"":1429.273,""client_unattributed_ms"":2.426},{""requested_mode"":""flat"",""effective_mode"":""flat"",""fallback_reason"":null,""plan_steps"":1,""feedback_steps"":0,""feedback_triples"":0,""construct_query_ms"":1080.361,""feedback_update_ms"":0.0,""cleanup_ms"":0.0,""client_protocol_ms"":0.0,""network_scope"":""construct+feedback+cleanup"",""circuit_sha256"":""0e7e6feb0a3cc192fa9e1b92d8d4ffa4d5233e1789018b8dd8a7b8a2f84b45e9"",""answer_fingerprint"":""83053a451c774f160dc89d566364403581c0e3ee9474298267bef7fafc89af89"",""semantic_signature_sha256"":""e688e79eafddb0bcd5cd9d489817192482817334c6ed55e238142037ad852980"",""structure_signature"":{""gates"":5378,""edges"":13445,""answers"":2689,""derivations"":2689,""canonical_bytes"":4001690},""construct_total_ms"":1439.553,""client_unattributed_ms"":2.673},{""requested_mode"":""flat"",""effective_mode"":""flat"",""fallback_reason"":null,""plan_steps"":1,""feedback_steps"":0,""feedback_triples"":0,""construct_query_ms"":1076.263,""feedback_update_ms"":0.0,""cleanup_ms"":0.0,""client_protocol_ms"":0.0,""network_scope"":""construct+feedback+cleanup"",""circuit_sha256"":""0e7e6feb0a3cc192fa9e1b92d8d4ffa4d5233e1789018b8dd8a7b8a2f84b45e9"",""answer_fingerprint"":""83053a451c774f160dc89d566364403581c0e3ee9474298267bef7fafc89af89"",""semantic_signature_sha256"":""e688e79eafddb0bcd5cd9d489817192482817334c6ed55e238142037ad852980"",""structure_signature"":{""gates"":5378,""edges"":13445,""answers"":2689,""derivations"":2689,""canonical_bytes"":4001690},""construct_total_ms"":1427.072,""client_unattributed_ms"":2.392}],""construct_total_samples"":[1429.273,1439.553,1427.072],""construct_unattributed_samples"":[2.426,2.673,2.392],""status"":""ok"",""status_evidence"":null,""c_warmup_signatures"":[""e688e79eafddb0bcd5cd9d489817192482817334c6ed55e238142037ad852980""],""measured_semantic_signature_sha256"":""e688e79eafddb0bcd5cd9d489817192482817334c6ed55e238142037ad852980"",""measured_repetitions_consistent"":true,""construction_requested"":""flat"",""construction_effective"":""flat"",""commit"":""baf731844a65b830a95b2167d5a3b6b77d65abcd"",""batch_id"":""545ddb438fb68256b8bca7f910a4cb7eda1c2ebe751ccb4235c79f4289c7fa3b"",""query_sha256"":""e634c02fe199569fe27370dfeca74deef380542216b43766499daf6e48f0b7a5"",""engine"":""millenniumdb"",""engine_version"":""MillenniumDB [engines.json profile]"",""scale"":""100M"",""base_endpoint_sha256"":""007a0f6d40c4f5763053f0656a9a8961bef2a93fdcf0d680038343fd899f8922"",""reified_endpoint_sha256"":""449f806c0d1e860421279be80d03331f7ad131ca9af34621cf32cc41042190d3"",""update_endpoint_sha256"":""8a607274f1b3d176dd6acfdc7381c25676b642e78d334a9664e45a2bdf3d52a0"",""base_data_identity_sha256"":""8a988dc83f4082a4f27503ba2906dc6b8733b3c02be567635c726c67bbd48314"",""reified_data_identity_sha256"":""16162702ccec82b2a0e27063cd04bd756a27af1f003b4cef0da976d843ef4725"",""update_for"":""none"",""access_mode"":""read-only"",""base_data_name"":""exploratory-base"",""reified_data_name"":""exploratory-reified"",""update_canary_sha256"":""2b9b44b25cd1c568cd57c6c5df25ae260b68229044617821fb33f542dab77648"",""store_instance_sha256"":""30e2f137e46adf31cbf946515707a3237ea7a5b1e32a4e3b81551f678798b917"",""store_discriminator_sha256"":""2e884d94ace185d62b1b91debf493ccd0a69b83d08e74cf5f1c2be4851b14215"",""tool_sha256"":""b38a65fc0c1a91e138f057f7b6c08d21c328463aceb40ffda53fc759f99d2f7a"",""java_runtime_sha256"":""bdd50c08a90e2fb713541b8a118df6250246a917edc41a6776aeafc90b472687"",""run_identity_sha256"":""aa56a7c3ecd484f62dc47b9e0ca5cf9cef7f696928c7143af617d19704084f5e""}"
baf731844a65b830a95b2167d5a3b6b77d65abcd,millenniumdb,MillenniumDB [engines.json profile],100M,S,S3,00,4e26d57d8fea5cd20a5edd26b3e286c7e2287bf17d8cbb9b1567590a068ac8f4,B,base-select,ok,3189,26.1,25.6,32.6,28.1,3.9,1,3,300.0,164465,0.0,,,,,0.00645,"[25.564, 32.587, 26.076]","[0.0, 0.0, 0.0]",,[],,[],,[],r9.2-frozen-identity-v7,545ddb438fb68256b8bca7f910a4cb7eda1c2ebe751ccb4235c79f4289c7fa3b,csv-binding-multiset-v1,3189,7b8d530c13aed125a6247a6771730894692c3d75bc456f30e6ee44f1d2f70774,,,,,,,,007a0f6d40c4f5763053f0656a9a8961bef2a93fdcf0d680038343fd899f8922,449f806c0d1e860421279be80d03331f7ad131ca9af34621cf32cc41042190d3,8a607274f1b3d176dd6acfdc7381c25676b642e78d334a9664e45a2bdf3d52a0,8a988dc83f4082a4f27503ba2906dc6b8733b3c02be567635c726c67bbd48314,16162702ccec82b2a0e27063cd04bd756a27af1f003b4cef0da976d843ef4725,none,read-only,exploratory-base,exploratory-reified,2b9b44b25cd1c568cd57c6c5df25ae260b68229044617821fb33f542dab77648,30e2f137e46adf31cbf946515707a3237ea7a5b1e32a4e3b81551f678798b917,2e884d94ace185d62b1b91debf493ccd0a69b83d08e74cf5f1c2be4851b14215,b38a65fc0c1a91e138f057f7b6c08d21c328463aceb40ffda53fc759f99d2f7a,bdd50c08a90e2fb713541b8a118df6250246a917edc41a6776aeafc90b472687,3e4ce60eb1b71068cb4681c163a6439beb5264b1be6d548250f75e6af937f112,"pcm-meta-v2:{""protocol"":""r9.2-frozen-identity-v7"",""message"":"""",""cell_wall_ms"":137.998,""answer_kind"":""csv-binding-multiset-v1"",""answer_key_count"":3189,""answer_fingerprint"":""7b8d530c13aed125a6247a6771730894692c3d75bc456f30e6ee44f1d2f70774"",""c_parse_samples"":[0.0,0.0,0.0],""c_protocol_samples"":[],""construct_total_samples"":[],""construct_unattributed_samples"":[],""status"":""ok"",""status_evidence"":null,""construction_requested"":null,""construction_effective"":null,""commit"":""baf731844a65b830a95b2167d5a3b6b77d65abcd"",""batch_id"":""545ddb438fb68256b8bca7f910a4cb7eda1c2ebe751ccb4235c79f4289c7fa3b"",""query_sha256"":""4e26d57d8fea5cd20a5edd26b3e286c7e2287bf17d8cbb9b1567590a068ac8f4"",""engine"":""millenniumdb"",""engine_version"":""MillenniumDB [engines.json profile]"",""scale"":""100M"",""base_endpoint_sha256"":""007a0f6d40c4f5763053f0656a9a8961bef2a93fdcf0d680038343fd899f8922"",""reified_endpoint_sha256"":""449f806c0d1e860421279be80d03331f7ad131ca9af34621cf32cc41042190d3"",""update_endpoint_sha256"":""8a607274f1b3d176dd6acfdc7381c25676b642e78d334a9664e45a2bdf3d52a0"",""base_data_identity_sha256"":""8a988dc83f4082a4f27503ba2906dc6b8733b3c02be567635c726c67bbd48314"",""reified_data_identity_sha256"":""16162702ccec82b2a0e27063cd04bd756a27af1f003b4cef0da976d843ef4725"",""update_for"":""none"",""access_mode"":""read-only"",""base_data_name"":""exploratory-base"",""reified_data_name"":""exploratory-reified"",""update_canary_sha256"":""2b9b44b25cd1c568cd57c6c5df25ae260b68229044617821fb33f542dab77648"",""store_instance_sha256"":""30e2f137e46adf31cbf946515707a3237ea7a5b1e32a4e3b81551f678798b917"",""store_discriminator_sha256"":""2e884d94ace185d62b1b91debf493ccd0a69b83d08e74cf5f1c2be4851b14215"",""tool_sha256"":""b38a65fc0c1a91e138f057f7b6c08d21c328463aceb40ffda53fc759f99d2f7a"",""java_runtime_sha256"":""bdd50c08a90e2fb713541b8a118df6250246a917edc41a6776aeafc90b472687"",""run_identity_sha256"":""3e4ce60eb1b71068cb4681c163a6439beb5264b1be6d548250f75e6af937f112""}"
baf731844a65b830a95b2167d5a3b6b77d65abcd,millenniumdb,MillenniumDB [engines.json profile],100M,S,S3,00,4e26d57d8fea5cd20a5edd26b3e286c7e2287bf17d8cbb9b1567590a068ac8f4,R,reification-only,ok,3189,156.4,152.9,157.0,155.4,2.2,1,3,300.0,164465,0.0,,,,,138.880473,"[152.937, 157.03, 156.382]","[0.0, 0.0, 0.0]",,[],,[],,[],r9.2-frozen-identity-v7,545ddb438fb68256b8bca7f910a4cb7eda1c2ebe751ccb4235c79f4289c7fa3b,csv-binding-multiset-v1,3189,7b8d530c13aed125a6247a6771730894692c3d75bc456f30e6ee44f1d2f70774,,,,,,,,007a0f6d40c4f5763053f0656a9a8961bef2a93fdcf0d680038343fd899f8922,449f806c0d1e860421279be80d03331f7ad131ca9af34621cf32cc41042190d3,8a607274f1b3d176dd6acfdc7381c25676b642e78d334a9664e45a2bdf3d52a0,8a988dc83f4082a4f27503ba2906dc6b8733b3c02be567635c726c67bbd48314,16162702ccec82b2a0e27063cd04bd756a27af1f003b4cef0da976d843ef4725,none,read-only,exploratory-base,exploratory-reified,2b9b44b25cd1c568cd57c6c5df25ae260b68229044617821fb33f542dab77648,30e2f137e46adf31cbf946515707a3237ea7a5b1e32a4e3b81551f678798b917,2e884d94ace185d62b1b91debf493ccd0a69b83d08e74cf5f1c2be4851b14215,b38a65fc0c1a91e138f057f7b6c08d21c328463aceb40ffda53fc759f99d2f7a,bdd50c08a90e2fb713541b8a118df6250246a917edc41a6776aeafc90b472687,3e4ce60eb1b71068cb4681c163a6439beb5264b1be6d548250f75e6af937f112,"pcm-meta-v2:{""protocol"":""r9.2-frozen-identity-v7"",""message"":"""",""cell_wall_ms"":1522.232,""answer_kind"":""csv-binding-multiset-v1"",""answer_key_count"":3189,""answer_fingerprint"":""7b8d530c13aed125a6247a6771730894692c3d75bc456f30e6ee44f1d2f70774"",""c_parse_samples"":[0.0,0.0,0.0],""c_protocol_samples"":[],""construct_total_samples"":[],""construct_unattributed_samples"":[],""status"":""ok"",""status_evidence"":null,""construction_requested"":null,""construction_effective"":null,""commit"":""baf731844a65b830a95b2167d5a3b6b77d65abcd"",""batch_id"":""545ddb438fb68256b8bca7f910a4cb7eda1c2ebe751ccb4235c79f4289c7fa3b"",""query_sha256"":""4e26d57d8fea5cd20a5edd26b3e286c7e2287bf17d8cbb9b1567590a068ac8f4"",""engine"":""millenniumdb"",""engine_version"":""MillenniumDB [engines.json profile]"",""scale"":""100M"",""base_endpoint_sha256"":""007a0f6d40c4f5763053f0656a9a8961bef2a93fdcf0d680038343fd899f8922"",""reified_endpoint_sha256"":""449f806c0d1e860421279be80d03331f7ad131ca9af34621cf32cc41042190d3"",""update_endpoint_sha256"":""8a607274f1b3d176dd6acfdc7381c25676b642e78d334a9664e45a2bdf3d52a0"",""base_data_identity_sha256"":""8a988dc83f4082a4f27503ba2906dc6b8733b3c02be567635c726c67bbd48314"",""reified_data_identity_sha256"":""16162702ccec82b2a0e27063cd04bd756a27af1f003b4cef0da976d843ef4725"",""update_for"":""none"",""access_mode"":""read-only"",""base_data_name"":""exploratory-base"",""reified_data_name"":""exploratory-reified"",""update_canary_sha256"":""2b9b44b25cd1c568cd57c6c5df25ae260b68229044617821fb33f542dab77648"",""store_instance_sha256"":""30e2f137e46adf31cbf946515707a3237ea7a5b1e32a4e3b81551f678798b917"",""store_discriminator_sha256"":""2e884d94ace185d62b1b91debf493ccd0a69b83d08e74cf5f1c2be4851b14215"",""tool_sha256"":""b38a65fc0c1a91e138f057f7b6c08d21c328463aceb40ffda53fc759f99d2f7a"",""java_runtime_sha256"":""bdd50c08a90e2fb713541b8a118df6250246a917edc41a6776aeafc90b472687"",""run_identity_sha256"":""3e4ce60eb1b71068cb4681c163a6439beb5264b1be6d548250f75e6af937f112""}"
baf731844a65b830a95b2167d5a3b6b77d65abcd,millenniumdb,MillenniumDB [engines.json profile],100M,S,S3,00,4e26d57d8fea5cd20a5edd26b3e286c7e2287bf17d8cbb9b1567590a068ac8f4,N,N_clean (NPCS reimplementation),ok,1346,180.1,179.9,181.3,180.5,0.7,1,3,300.0,279786,0.0,,,,3189,194.13373,"[180.142, 181.279, 179.94]","[0.0, 0.0, 0.0]",,[],,[],,[],r9.2-frozen-identity-v7,545ddb438fb68256b8bca7f910a4cb7eda1c2ebe751ccb4235c79f4289c7fa3b,csv-candidate-multiset-v1,1346,2096fe63057817d4d9b2307dd788a01c145a89405ab539d49aef731cc97957af,,,,,,,,007a0f6d40c4f5763053f0656a9a8961bef2a93fdcf0d680038343fd899f8922,449f806c0d1e860421279be80d03331f7ad131ca9af34621cf32cc41042190d3,8a607274f1b3d176dd6acfdc7381c25676b642e78d334a9664e45a2bdf3d52a0,8a988dc83f4082a4f27503ba2906dc6b8733b3c02be567635c726c67bbd48314,16162702ccec82b2a0e27063cd04bd756a27af1f003b4cef0da976d843ef4725,none,read-only,exploratory-base,exploratory-reified,2b9b44b25cd1c568cd57c6c5df25ae260b68229044617821fb33f542dab77648,30e2f137e46adf31cbf946515707a3237ea7a5b1e32a4e3b81551f678798b917,2e884d94ace185d62b1b91debf493ccd0a69b83d08e74cf5f1c2be4851b14215,b38a65fc0c1a91e138f057f7b6c08d21c328463aceb40ffda53fc759f99d2f7a,bdd50c08a90e2fb713541b8a118df6250246a917edc41a6776aeafc90b472687,3e4ce60eb1b71068cb4681c163a6439beb5264b1be6d548250f75e6af937f112,"pcm-meta-v2:{""protocol"":""r9.2-frozen-identity-v7"",""message"":"""",""cell_wall_ms"":2764.675,""answer_kind"":""csv-candidate-multiset-v1"",""answer_key_count"":1346,""answer_fingerprint"":""2096fe63057817d4d9b2307dd788a01c145a89405ab539d49aef731cc97957af"",""c_parse_samples"":[0.0,0.0,0.0],""c_protocol_samples"":[],""construct_total_samples"":[],""construct_unattributed_samples"":[],""status"":""ok"",""status_evidence"":null,""construction_requested"":null,""construction_effective"":null,""commit"":""baf731844a65b830a95b2167d5a3b6b77d65abcd"",""batch_id"":""545ddb438fb68256b8bca7f910a4cb7eda1c2ebe751ccb4235c79f4289c7fa3b"",""query_sha256"":""4e26d57d8fea5cd20a5edd26b3e286c7e2287bf17d8cbb9b1567590a068ac8f4"",""engine"":""millenniumdb"",""engine_version"":""MillenniumDB [engines.json profile]"",""scale"":""100M"",""base_endpoint_sha256"":""007a0f6d40c4f5763053f0656a9a8961bef2a93fdcf0d680038343fd899f8922"",""reified_endpoint_sha256"":""449f806c0d1e860421279be80d03331f7ad131ca9af34621cf32cc41042190d3"",""update_endpoint_sha256"":""8a607274f1b3d176dd6acfdc7381c25676b642e78d334a9664e45a2bdf3d52a0"",""base_data_identity_sha256"":""8a988dc83f4082a4f27503ba2906dc6b8733b3c02be567635c726c67bbd48314"",""reified_data_identity_sha256"":""16162702ccec82b2a0e27063cd04bd756a27af1f003b4cef0da976d843ef4725"",""update_for"":""none"",""access_mode"":""read-only"",""base_data_name"":""exploratory-base"",""reified_data_name"":""exploratory-reified"",""update_canary_sha256"":""2b9b44b25cd1c568cd57c6c5df25ae260b68229044617821fb33f542dab77648"",""store_instance_sha256"":""30e2f137e46adf31cbf946515707a3237ea7a5b1e32a4e3b81551f678798b917"",""store_discriminator_sha256"":""2e884d94ace185d62b1b91debf493ccd0a69b83d08e74cf5f1c2be4851b14215"",""tool_sha256"":""b38a65fc0c1a91e138f057f7b6c08d21c328463aceb40ffda53fc759f99d2f7a"",""java_runtime_sha256"":""bdd50c08a90e2fb713541b8a118df6250246a917edc41a6776aeafc90b472687"",""run_identity_sha256"":""3e4ce60eb1b71068cb4681c163a6439beb5264b1be6d548250f75e6af937f112""}"
baf731844a65b830a95b2167d5a3b6b77d65abcd,millenniumdb,MillenniumDB [engines.json profile],100M,S,S3,00,4e26d57d8fea5cd20a5edd26b3e286c7e2287bf17d8cbb9b1567590a068ac8f4,C,SPARQLcirc CircuitRewriter,ok,1346,579.2,549.8,579.7,569.6,17.1,1,3,300.0,3406427,319.2,4535,15945,3189,,360.414307,"[549.801, 579.676, 579.24]","[319.21, 330.326, 305.422]",0.0,"[0.0, 0.0, 0.0]",887.0,"[872.917, 912.663, 887.022]",2.7,"[3.906, 2.66, 2.36]",r9.2-frozen-identity-v7,545ddb438fb68256b8bca7f910a4cb7eda1c2ebe751ccb4235c79f4289c7fa3b,term-aware-candidate-set-v1,1346,046c3e4d544ee396657a81a7681d3f77b7c4dc743ada2401609f95d837875ae0,flat,flat,2f90cd70f75287781045d063ebb9c414a78c29415519b371647fb146b01055b0,,,,,007a0f6d40c4f5763053f0656a9a8961bef2a93fdcf0d680038343fd899f8922,449f806c0d1e860421279be80d03331f7ad131ca9af34621cf32cc41042190d3,8a607274f1b3d176dd6acfdc7381c25676b642e78d334a9664e45a2bdf3d52a0,8a988dc83f4082a4f27503ba2906dc6b8733b3c02be567635c726c67bbd48314,16162702ccec82b2a0e27063cd04bd756a27af1f003b4cef0da976d843ef4725,none,read-only,exploratory-base,exploratory-reified,2b9b44b25cd1c568cd57c6c5df25ae260b68229044617821fb33f542dab77648,30e2f137e46adf31cbf946515707a3237ea7a5b1e32a4e3b81551f678798b917,2e884d94ace185d62b1b91debf493ccd0a69b83d08e74cf5f1c2be4851b14215,b38a65fc0c1a91e138f057f7b6c08d21c328463aceb40ffda53fc759f99d2f7a,bdd50c08a90e2fb713541b8a118df6250246a917edc41a6776aeafc90b472687,3e4ce60eb1b71068cb4681c163a6439beb5264b1be6d548250f75e6af937f112,"pcm-meta-v2:{""protocol"":""r9.2-frozen-identity-v7"",""message"":""C requested=flat effective=flat; steps=1 feedback=0; network includes CONSTRUCT, feedback INSERT, and cleanup DELETE"",""cell_wall_ms"":8390.667,""answer_kind"":""term-aware-candidate-set-v1"",""answer_key_count"":1346,""answer_fingerprint"":""046c3e4d544ee396657a81a7681d3f77b7c4dc743ada2401609f95d837875ae0"",""c_parse_samples"":[319.21,330.326,305.422],""c_protocol_samples"":[{""requested_mode"":""flat"",""effective_mode"":""flat"",""fallback_reason"":null,""plan_steps"":1,""feedback_steps"":0,""feedback_triples"":0,""construct_query_ms"":549.801,""feedback_update_ms"":0.0,""cleanup_ms"":0.0,""client_protocol_ms"":0.0,""network_scope"":""construct+feedback+cleanup"",""circuit_sha256"":""2f90cd70f75287781045d063ebb9c414a78c29415519b371647fb146b01055b0"",""answer_fingerprint"":""046c3e4d544ee396657a81a7681d3f77b7c4dc743ada2401609f95d837875ae0"",""semantic_signature_sha256"":""0107392c62101a28758d824d2fa0be2a240316b750c111c9306e2fb6464d3983"",""structure_signature"":{""gates"":4535,""edges"":15945,""answers"":1346,""derivations"":3189,""canonical_bytes"":3406427},""construct_total_ms"":872.917,""client_unattributed_ms"":3.906},{""requested_mode"":""flat"",""effective_mode"":""flat"",""fallback_reason"":null,""plan_steps"":1,""feedback_steps"":0,""feedback_triples"":0,""construct_query_ms"":579.676,""feedback_update_ms"":0.0,""cleanup_ms"":0.0,""client_protocol_ms"":0.0,""network_scope"":""construct+feedback+cleanup"",""circuit_sha256"":""2f90cd70f75287781045d063ebb9c414a78c29415519b371647fb146b01055b0"",""answer_fingerprint"":""046c3e4d544ee396657a81a7681d3f77b7c4dc743ada2401609f95d837875ae0"",""semantic_signature_sha256"":""0107392c62101a28758d824d2fa0be2a240316b750c111c9306e2fb6464d3983"",""structure_signature"":{""gates"":4535,""edges"":15945,""answers"":1346,""derivations"":3189,""canonical_bytes"":3406427},""construct_total_ms"":912.663,""client_unattributed_ms"":2.66},{""requested_mode"":""flat"",""effective_mode"":""flat"",""fallback_reason"":null,""plan_steps"":1,""feedback_steps"":0,""feedback_triples"":0,""construct_query_ms"":579.24,""feedback_update_ms"":0.0,""cleanup_ms"":0.0,""client_protocol_ms"":0.0,""network_scope"":""construct+feedback+cleanup"",""circuit_sha256"":""2f90cd70f75287781045d063ebb9c414a78c29415519b371647fb146b01055b0"",""answer_fingerprint"":""046c3e4d544ee396657a81a7681d3f77b7c4dc743ada2401609f95d837875ae0"",""semantic_signature_sha256"":""0107392c62101a28758d824d2fa0be2a240316b750c111c9306e2fb6464d3983"",""structure_signature"":{""gates"":4535,""edges"":15945,""answers"":1346,""derivations"":3189,""canonical_bytes"":3406427},""construct_total_ms"":887.022,""client_unattributed_ms"":2.36}],""construct_total_samples"":[872.917,912.663,887.022],""construct_unattributed_samples"":[3.906,2.66,2.36],""status"":""ok"",""status_evidence"":null,""c_warmup_signatures"":[""0107392c62101a28758d824d2fa0be2a240316b750c111c9306e2fb6464d3983""],""measured_semantic_signature_sha256"":""0107392c62101a28758d824d2fa0be2a240316b750c111c9306e2fb6464d3983"",""measured_repetitions_consistent"":true,""construction_requested"":""flat"",""construction_effective"":""flat"",""commit"":""baf731844a65b830a95b2167d5a3b6b77d65abcd"",""batch_id"":""545ddb438fb68256b8bca7f910a4cb7eda1c2ebe751ccb4235c79f4289c7fa3b"",""query_sha256"":""4e26d57d8fea5cd20a5edd26b3e286c7e2287bf17d8cbb9b1567590a068ac8f4"",""engine"":""millenniumdb"",""engine_version"":""MillenniumDB [engines.json profile]"",""scale"":""100M"",""base_endpoint_sha256"":""007a0f6d40c4f5763053f0656a9a8961bef2a93fdcf0d680038343fd899f8922"",""reified_endpoint_sha256"":""449f806c0d1e860421279be80d03331f7ad131ca9af34621cf32cc41042190d3"",""update_endpoint_sha256"":""8a607274f1b3d176dd6acfdc7381c25676b642e78d334a9664e45a2bdf3d52a0"",""base_data_identity_sha256"":""8a988dc83f4082a4f27503ba2906dc6b8733b3c02be567635c726c67bbd48314"",""reified_data_identity_sha256"":""16162702ccec82b2a0e27063cd04bd756a27af1f003b4cef0da976d843ef4725"",""update_for"":""none"",""access_mode"":""read-only"",""base_data_name"":""exploratory-base"",""reified_data_name"":""exploratory-reified"",""update_canary_sha256"":""2b9b44b25cd1c568cd57c6c5df25ae260b68229044617821fb33f542dab77648"",""store_instance_sha256"":""30e2f137e46adf31cbf946515707a3237ea7a5b1e32a4e3b81551f678798b917"",""store_discriminator_sha256"":""2e884d94ace185d62b1b91debf493ccd0a69b83d08e74cf5f1c2be4851b14215"",""tool_sha256"":""b38a65fc0c1a91e138f057f7b6c08d21c328463aceb40ffda53fc759f99d2f7a"",""java_runtime_sha256"":""bdd50c08a90e2fb713541b8a118df6250246a917edc41a6776aeafc90b472687"",""run_identity_sha256"":""3e4ce60eb1b71068cb4681c163a6439beb5264b1be6d548250f75e6af937f112""}"
baf731844a65b830a95b2167d5a3b6b77d65abcd,millenniumdb,MillenniumDB [engines.json profile],100M,S,S4,00,671868a81e6d66a398f91366390ceb3c4102f83d22f474a36fa5bf19079fedde,B,base-select,ok,2,3.5,3.2,5.5,4.1,1.2,1,3,300.0,227,0.0,,,,,0.00625,"[5.494, 3.491, 3.22]","[0.0, 0.0, 0.0]",,[],,[],,[],r9.2-frozen-identity-v7,545ddb438fb68256b8bca7f910a4cb7eda1c2ebe751ccb4235c79f4289c7fa3b,csv-binding-multiset-v1,2,f6fefa644ee9d17e71169e763ae00e45f725496320e80e3956fd93e7527a2a41,,,,,,,,007a0f6d40c4f5763053f0656a9a8961bef2a93fdcf0d680038343fd899f8922,449f806c0d1e860421279be80d03331f7ad131ca9af34621cf32cc41042190d3,8a607274f1b3d176dd6acfdc7381c25676b642e78d334a9664e45a2bdf3d52a0,8a988dc83f4082a4f27503ba2906dc6b8733b3c02be567635c726c67bbd48314,16162702ccec82b2a0e27063cd04bd756a27af1f003b4cef0da976d843ef4725,none,read-only,exploratory-base,exploratory-reified,2b9b44b25cd1c568cd57c6c5df25ae260b68229044617821fb33f542dab77648,30e2f137e46adf31cbf946515707a3237ea7a5b1e32a4e3b81551f678798b917,2e884d94ace185d62b1b91debf493ccd0a69b83d08e74cf5f1c2be4851b14215,b38a65fc0c1a91e138f057f7b6c08d21c328463aceb40ffda53fc759f99d2f7a,bdd50c08a90e2fb713541b8a118df6250246a917edc41a6776aeafc90b472687,2498ed4bc64503a7991d0d0342f1e0dd7fc05e2db6a94eef2f4c88b3b37ebf1f,"pcm-meta-v2:{""protocol"":""r9.2-frozen-identity-v7"",""message"":"""",""cell_wall_ms"":32.228,""answer_kind"":""csv-binding-multiset-v1"",""answer_key_count"":2,""answer_fingerprint"":""f6fefa644ee9d17e71169e763ae00e45f725496320e80e3956fd93e7527a2a41"",""c_parse_samples"":[0.0,0.0,0.0],""c_protocol_samples"":[],""construct_total_samples"":[],""construct_unattributed_samples"":[],""status"":""ok"",""status_evidence"":null,""construction_requested"":null,""construction_effective"":null,""commit"":""baf731844a65b830a95b2167d5a3b6b77d65abcd"",""batch_id"":""545ddb438fb68256b8bca7f910a4cb7eda1c2ebe751ccb4235c79f4289c7fa3b"",""query_sha256"":""671868a81e6d66a398f91366390ceb3c4102f83d22f474a36fa5bf19079fedde"",""engine"":""millenniumdb"",""engine_version"":""MillenniumDB [engines.json profile]"",""scale"":""100M"",""base_endpoint_sha256"":""007a0f6d40c4f5763053f0656a9a8961bef2a93fdcf0d680038343fd899f8922"",""reified_endpoint_sha256"":""449f806c0d1e860421279be80d03331f7ad131ca9af34621cf32cc41042190d3"",""update_endpoint_sha256"":""8a607274f1b3d176dd6acfdc7381c25676b642e78d334a9664e45a2bdf3d52a0"",""base_data_identity_sha256"":""8a988dc83f4082a4f27503ba2906dc6b8733b3c02be567635c726c67bbd48314"",""reified_data_identity_sha256"":""16162702ccec82b2a0e27063cd04bd756a27af1f003b4cef0da976d843ef4725"",""update_for"":""none"",""access_mode"":""read-only"",""base_data_name"":""exploratory-base"",""reified_data_name"":""exploratory-reified"",""update_canary_sha256"":""2b9b44b25cd1c568cd57c6c5df25ae260b68229044617821fb33f542dab77648"",""store_instance_sha256"":""30e2f137e46adf31cbf946515707a3237ea7a5b1e32a4e3b81551f678798b917"",""store_discriminator_sha256"":""2e884d94ace185d62b1b91debf493ccd0a69b83d08e74cf5f1c2be4851b14215"",""tool_sha256"":""b38a65fc0c1a91e138f057f7b6c08d21c328463aceb40ffda53fc759f99d2f7a"",""java_runtime_sha256"":""bdd50c08a90e2fb713541b8a118df6250246a917edc41a6776aeafc90b472687"",""run_identity_sha256"":""2498ed4bc64503a7991d0d0342f1e0dd7fc05e2db6a94eef2f4c88b3b37ebf1f""}"
baf731844a65b830a95b2167d5a3b6b77d65abcd,millenniumdb,MillenniumDB [engines.json profile],100M,S,S4,00,671868a81e6d66a398f91366390ceb3c4102f83d22f474a36fa5bf19079fedde,R,reification-only,ok,2,350.0,344.9,353.2,349.4,4.2,1,3,300.0,227,0.0,,,,,131.803046,"[353.231, 344.912, 350.026]","[0.0, 0.0, 0.0]",,[],,[],,[],r9.2-frozen-identity-v7,545ddb438fb68256b8bca7f910a4cb7eda1c2ebe751ccb4235c79f4289c7fa3b,csv-binding-multiset-v1,2,f6fefa644ee9d17e71169e763ae00e45f725496320e80e3956fd93e7527a2a41,,,,,,,,007a0f6d40c4f5763053f0656a9a8961bef2a93fdcf0d680038343fd899f8922,449f806c0d1e860421279be80d03331f7ad131ca9af34621cf32cc41042190d3,8a607274f1b3d176dd6acfdc7381c25676b642e78d334a9664e45a2bdf3d52a0,8a988dc83f4082a4f27503ba2906dc6b8733b3c02be567635c726c67bbd48314,16162702ccec82b2a0e27063cd04bd756a27af1f003b4cef0da976d843ef4725,none,read-only,exploratory-base,exploratory-reified,2b9b44b25cd1c568cd57c6c5df25ae260b68229044617821fb33f542dab77648,30e2f137e46adf31cbf946515707a3237ea7a5b1e32a4e3b81551f678798b917,2e884d94ace185d62b1b91debf493ccd0a69b83d08e74cf5f1c2be4851b14215,b38a65fc0c1a91e138f057f7b6c08d21c328463aceb40ffda53fc759f99d2f7a,bdd50c08a90e2fb713541b8a118df6250246a917edc41a6776aeafc90b472687,2498ed4bc64503a7991d0d0342f1e0dd7fc05e2db6a94eef2f4c88b3b37ebf1f,"pcm-meta-v2:{""protocol"":""r9.2-frozen-identity-v7"",""message"":"""",""cell_wall_ms"":6265.927,""answer_kind"":""csv-binding-multiset-v1"",""answer_key_count"":2,""answer_fingerprint"":""f6fefa644ee9d17e71169e763ae00e45f725496320e80e3956fd93e7527a2a41"",""c_parse_samples"":[0.0,0.0,0.0],""c_protocol_samples"":[],""construct_total_samples"":[],""construct_unattributed_samples"":[],""status"":""ok"",""status_evidence"":null,""construction_requested"":null,""construction_effective"":null,""commit"":""baf731844a65b830a95b2167d5a3b6b77d65abcd"",""batch_id"":""545ddb438fb68256b8bca7f910a4cb7eda1c2ebe751ccb4235c79f4289c7fa3b"",""query_sha256"":""671868a81e6d66a398f91366390ceb3c4102f83d22f474a36fa5bf19079fedde"",""engine"":""millenniumdb"",""engine_version"":""MillenniumDB [engines.json profile]"",""scale"":""100M"",""base_endpoint_sha256"":""007a0f6d40c4f5763053f0656a9a8961bef2a93fdcf0d680038343fd899f8922"",""reified_endpoint_sha256"":""449f806c0d1e860421279be80d03331f7ad131ca9af34621cf32cc41042190d3"",""update_endpoint_sha256"":""8a607274f1b3d176dd6acfdc7381c25676b642e78d334a9664e45a2bdf3d52a0"",""base_data_identity_sha256"":""8a988dc83f4082a4f27503ba2906dc6b8733b3c02be567635c726c67bbd48314"",""reified_data_identity_sha256"":""16162702ccec82b2a0e27063cd04bd756a27af1f003b4cef0da976d843ef4725"",""update_for"":""none"",""access_mode"":""read-only"",""base_data_name"":""exploratory-base"",""reified_data_name"":""exploratory-reified"",""update_canary_sha256"":""2b9b44b25cd1c568cd57c6c5df25ae260b68229044617821fb33f542dab77648"",""store_instance_sha256"":""30e2f137e46adf31cbf946515707a3237ea7a5b1e32a4e3b81551f678798b917"",""store_discriminator_sha256"":""2e884d94ace185d62b1b91debf493ccd0a69b83d08e74cf5f1c2be4851b14215"",""tool_sha256"":""b38a65fc0c1a91e138f057f7b6c08d21c328463aceb40ffda53fc759f99d2f7a"",""java_runtime_sha256"":""bdd50c08a90e2fb713541b8a118df6250246a917edc41a6776aeafc90b472687"",""run_identity_sha256"":""2498ed4bc64503a7991d0d0342f1e0dd7fc05e2db6a94eef2f4c88b3b37ebf1f""}"
baf731844a65b830a95b2167d5a3b6b77d65abcd,millenniumdb,MillenniumDB [engines.json profile],100M,S,S4,00,671868a81e6d66a398f91366390ceb3c4102f83d22f474a36fa5bf19079fedde,N,N_clean (NPCS reimplementation),ok,2,318.9,316.6,324.6,320.0,4.1,1,3,300.0,395,0.0,,,,2,187.694342,"[324.626, 316.646, 318.864]","[0.0, 0.0, 0.0]",,[],,[],,[],r9.2-frozen-identity-v7,545ddb438fb68256b8bca7f910a4cb7eda1c2ebe751ccb4235c79f4289c7fa3b,csv-candidate-multiset-v1,2,f6fefa644ee9d17e71169e763ae00e45f725496320e80e3956fd93e7527a2a41,,,,,,,,007a0f6d40c4f5763053f0656a9a8961bef2a93fdcf0d680038343fd899f8922,449f806c0d1e860421279be80d03331f7ad131ca9af34621cf32cc41042190d3,8a607274f1b3d176dd6acfdc7381c25676b642e78d334a9664e45a2bdf3d52a0,8a988dc83f4082a4f27503ba2906dc6b8733b3c02be567635c726c67bbd48314,16162702ccec82b2a0e27063cd04bd756a27af1f003b4cef0da976d843ef4725,none,read-only,exploratory-base,exploratory-reified,2b9b44b25cd1c568cd57c6c5df25ae260b68229044617821fb33f542dab77648,30e2f137e46adf31cbf946515707a3237ea7a5b1e32a4e3b81551f678798b917,2e884d94ace185d62b1b91debf493ccd0a69b83d08e74cf5f1c2be4851b14215,b38a65fc0c1a91e138f057f7b6c08d21c328463aceb40ffda53fc759f99d2f7a,bdd50c08a90e2fb713541b8a118df6250246a917edc41a6776aeafc90b472687,2498ed4bc64503a7991d0d0342f1e0dd7fc05e2db6a94eef2f4c88b3b37ebf1f,"pcm-meta-v2:{""protocol"":""r9.2-frozen-identity-v7"",""message"":"""",""cell_wall_ms"":1486.775,""answer_kind"":""csv-candidate-multiset-v1"",""answer_key_count"":2,""answer_fingerprint"":""f6fefa644ee9d17e71169e763ae00e45f725496320e80e3956fd93e7527a2a41"",""c_parse_samples"":[0.0,0.0,0.0],""c_protocol_samples"":[],""construct_total_samples"":[],""construct_unattributed_samples"":[],""status"":""ok"",""status_evidence"":null,""construction_requested"":null,""construction_effective"":null,""commit"":""baf731844a65b830a95b2167d5a3b6b77d65abcd"",""batch_id"":""545ddb438fb68256b8bca7f910a4cb7eda1c2ebe751ccb4235c79f4289c7fa3b"",""query_sha256"":""671868a81e6d66a398f91366390ceb3c4102f83d22f474a36fa5bf19079fedde"",""engine"":""millenniumdb"",""engine_version"":""MillenniumDB [engines.json profile]"",""scale"":""100M"",""base_endpoint_sha256"":""007a0f6d40c4f5763053f0656a9a8961bef2a93fdcf0d680038343fd899f8922"",""reified_endpoint_sha256"":""449f806c0d1e860421279be80d03331f7ad131ca9af34621cf32cc41042190d3"",""update_endpoint_sha256"":""8a607274f1b3d176dd6acfdc7381c25676b642e78d334a9664e45a2bdf3d52a0"",""base_data_identity_sha256"":""8a988dc83f4082a4f27503ba2906dc6b8733b3c02be567635c726c67bbd48314"",""reified_data_identity_sha256"":""16162702ccec82b2a0e27063cd04bd756a27af1f003b4cef0da976d843ef4725"",""update_for"":""none"",""access_mode"":""read-only"",""base_data_name"":""exploratory-base"",""reified_data_name"":""exploratory-reified"",""update_canary_sha256"":""2b9b44b25cd1c568cd57c6c5df25ae260b68229044617821fb33f542dab77648"",""store_instance_sha256"":""30e2f137e46adf31cbf946515707a3237ea7a5b1e32a4e3b81551f678798b917"",""store_discriminator_sha256"":""2e884d94ace185d62b1b91debf493ccd0a69b83d08e74cf5f1c2be4851b14215"",""tool_sha256"":""b38a65fc0c1a91e138f057f7b6c08d21c328463aceb40ffda53fc759f99d2f7a"",""java_runtime_sha256"":""bdd50c08a90e2fb713541b8a118df6250246a917edc41a6776aeafc90b472687"",""run_identity_sha256"":""2498ed4bc64503a7991d0d0342f1e0dd7fc05e2db6a94eef2f4c88b3b37ebf1f""}"
baf731844a65b830a95b2167d5a3b6b77d65abcd,millenniumdb,MillenniumDB [engines.json profile],100M,S,S4,00,671868a81e6d66a398f91366390ceb3c4102f83d22f474a36fa5bf19079fedde,C,SPARQLcirc CircuitRewriter,ok,2,329.2,328.9,343.0,333.7,8.1,1,3,300.0,4730,0.5,4,10,2,,363.815299,"[329.208, 328.895, 343.035]","[0.533, 0.53, 0.528]",0.0,"[0.0, 0.0, 0.0]",329.8,"[329.825, 329.497, 343.643]",0.1,"[0.085, 0.072, 0.08]",r9.2-frozen-identity-v7,545ddb438fb68256b8bca7f910a4cb7eda1c2ebe751ccb4235c79f4289c7fa3b,term-aware-candidate-set-v1,2,00cb054d0def9a4da718414f63058bd6d4dc4bc098d52711332ec908685976bd,flat,flat,e1f3c8186d5d6df8a918e15d3a487be850e2245b62f59802e1c3582ccb632304,,,,,007a0f6d40c4f5763053f0656a9a8961bef2a93fdcf0d680038343fd899f8922,449f806c0d1e860421279be80d03331f7ad131ca9af34621cf32cc41042190d3,8a607274f1b3d176dd6acfdc7381c25676b642e78d334a9664e45a2bdf3d52a0,8a988dc83f4082a4f27503ba2906dc6b8733b3c02be567635c726c67bbd48314,16162702ccec82b2a0e27063cd04bd756a27af1f003b4cef0da976d843ef4725,none,read-only,exploratory-base,exploratory-reified,2b9b44b25cd1c568cd57c6c5df25ae260b68229044617821fb33f542dab77648,30e2f137e46adf31cbf946515707a3237ea7a5b1e32a4e3b81551f678798b917,2e884d94ace185d62b1b91debf493ccd0a69b83d08e74cf5f1c2be4851b14215,b38a65fc0c1a91e138f057f7b6c08d21c328463aceb40ffda53fc759f99d2f7a,bdd50c08a90e2fb713541b8a118df6250246a917edc41a6776aeafc90b472687,2498ed4bc64503a7991d0d0342f1e0dd7fc05e2db6a94eef2f4c88b3b37ebf1f,"pcm-meta-v2:{""protocol"":""r9.2-frozen-identity-v7"",""message"":""C requested=flat effective=flat; steps=1 feedback=0; network includes CONSTRUCT, feedback INSERT, and cleanup DELETE"",""cell_wall_ms"":1705.038,""answer_kind"":""term-aware-candidate-set-v1"",""answer_key_count"":2,""answer_fingerprint"":""00cb054d0def9a4da718414f63058bd6d4dc4bc098d52711332ec908685976bd"",""c_parse_samples"":[0.533,0.53,0.528],""c_protocol_samples"":[{""requested_mode"":""flat"",""effective_mode"":""flat"",""fallback_reason"":null,""plan_steps"":1,""feedback_steps"":0,""feedback_triples"":0,""construct_query_ms"":329.208,""feedback_update_ms"":0.0,""cleanup_ms"":0.0,""client_protocol_ms"":0.0,""network_scope"":""construct+feedback+cleanup"",""circuit_sha256"":""e1f3c8186d5d6df8a918e15d3a487be850e2245b62f59802e1c3582ccb632304"",""answer_fingerprint"":""00cb054d0def9a4da718414f63058bd6d4dc4bc098d52711332ec908685976bd"",""semantic_signature_sha256"":""b90270bbc73fa0f44ea12e9989742fe04cb15d6c3df654e4bc989087e50b9e92"",""structure_signature"":{""gates"":4,""edges"":10,""answers"":2,""derivations"":2,""canonical_bytes"":4730},""construct_total_ms"":329.825,""client_unattributed_ms"":0.085},{""requested_mode"":""flat"",""effective_mode"":""flat"",""fallback_reason"":null,""plan_steps"":1,""feedback_steps"":0,""feedback_triples"":0,""construct_query_ms"":328.895,""feedback_update_ms"":0.0,""cleanup_ms"":0.0,""client_protocol_ms"":0.0,""network_scope"":""construct+feedback+cleanup"",""circuit_sha256"":""e1f3c8186d5d6df8a918e15d3a487be850e2245b62f59802e1c3582ccb632304"",""answer_fingerprint"":""00cb054d0def9a4da718414f63058bd6d4dc4bc098d52711332ec908685976bd"",""semantic_signature_sha256"":""b90270bbc73fa0f44ea12e9989742fe04cb15d6c3df654e4bc989087e50b9e92"",""structure_signature"":{""gates"":4,""edges"":10,""answers"":2,""derivations"":2,""canonical_bytes"":4730},""construct_total_ms"":329.497,""client_unattributed_ms"":0.072},{""requested_mode"":""flat"",""effective_mode"":""flat"",""fallback_reason"":null,""plan_steps"":1,""feedback_steps"":0,""feedback_triples"":0,""construct_query_ms"":343.035,""feedback_update_ms"":0.0,""cleanup_ms"":0.0,""client_protocol_ms"":0.0,""network_scope"":""construct+feedback+cleanup"",""circuit_sha256"":""e1f3c8186d5d6df8a918e15d3a487be850e2245b62f59802e1c3582ccb632304"",""answer_fingerprint"":""00cb054d0def9a4da718414f63058bd6d4dc4bc098d52711332ec908685976bd"",""semantic_signature_sha256"":""b90270bbc73fa0f44ea12e9989742fe04cb15d6c3df654e4bc989087e50b9e92"",""structure_signature"":{""gates"":4,""edges"":10,""answers"":2,""derivations"":2,""canonical_bytes"":4730},""construct_total_ms"":343.643,""client_unattributed_ms"":0.08}],""construct_total_samples"":[329.825,329.497,343.643],""construct_unattributed_samples"":[0.085,0.072,0.08],""status"":""ok"",""status_evidence"":null,""c_warmup_signatures"":[""b90270bbc73fa0f44ea12e9989742fe04cb15d6c3df654e4bc989087e50b9e92""],""measured_semantic_signature_sha256"":""b90270bbc73fa0f44ea12e9989742fe04cb15d6c3df654e4bc989087e50b9e92"",""measured_repetitions_consistent"":true,""construction_requested"":""flat"",""construction_effective"":""flat"",""commit"":""baf731844a65b830a95b2167d5a3b6b77d65abcd"",""batch_id"":""545ddb438fb68256b8bca7f910a4cb7eda1c2ebe751ccb4235c79f4289c7fa3b"",""query_sha256"":""671868a81e6d66a398f91366390ceb3c4102f83d22f474a36fa5bf19079fedde"",""engine"":""millenniumdb"",""engine_version"":""MillenniumDB [engines.json profile]"",""scale"":""100M"",""base_endpoint_sha256"":""007a0f6d40c4f5763053f0656a9a8961bef2a93fdcf0d680038343fd899f8922"",""reified_endpoint_sha256"":""449f806c0d1e860421279be80d03331f7ad131ca9af34621cf32cc41042190d3"",""update_endpoint_sha256"":""8a607274f1b3d176dd6acfdc7381c25676b642e78d334a9664e45a2bdf3d52a0"",""base_data_identity_sha256"":""8a988dc83f4082a4f27503ba2906dc6b8733b3c02be567635c726c67bbd48314"",""reified_data_identity_sha256"":""16162702ccec82b2a0e27063cd04bd756a27af1f003b4cef0da976d843ef4725"",""update_for"":""none"",""access_mode"":""read-only"",""base_data_name"":""exploratory-base"",""reified_data_name"":""exploratory-reified"",""update_canary_sha256"":""2b9b44b25cd1c568cd57c6c5df25ae260b68229044617821fb33f542dab77648"",""store_instance_sha256"":""30e2f137e46adf31cbf946515707a3237ea7a5b1e32a4e3b81551f678798b917"",""store_discriminator_sha256"":""2e884d94ace185d62b1b91debf493ccd0a69b83d08e74cf5f1c2be4851b14215"",""tool_sha256"":""b38a65fc0c1a91e138f057f7b6c08d21c328463aceb40ffda53fc759f99d2f7a"",""java_runtime_sha256"":""bdd50c08a90e2fb713541b8a118df6250246a917edc41a6776aeafc90b472687"",""run_identity_sha256"":""2498ed4bc64503a7991d0d0342f1e0dd7fc05e2db6a94eef2f4c88b3b37ebf1f""}"
baf731844a65b830a95b2167d5a3b6b77d65abcd,millenniumdb,MillenniumDB [engines.json profile],100M,S,S5,00,691e7a0abcd7232efe06742dc0cffd6f1c1bb58adb1206c47f9a3c8bb38753fb,B,base-select,ok,341,7.0,5.7,9.5,7.4,1.9,1,3,300.0,17589,0.0,,,,,0.00792,"[6.99, 5.675, 9.504]","[0.0, 0.0, 0.0]",,[],,[],,[],r9.2-frozen-identity-v7,545ddb438fb68256b8bca7f910a4cb7eda1c2ebe751ccb4235c79f4289c7fa3b,csv-binding-multiset-v1,341,764314721e66fed58774ae005d4ce591e4dc048e4a525357ccdf077ab27ee741,,,,,,,,007a0f6d40c4f5763053f0656a9a8961bef2a93fdcf0d680038343fd899f8922,449f806c0d1e860421279be80d03331f7ad131ca9af34621cf32cc41042190d3,8a607274f1b3d176dd6acfdc7381c25676b642e78d334a9664e45a2bdf3d52a0,8a988dc83f4082a4f27503ba2906dc6b8733b3c02be567635c726c67bbd48314,16162702ccec82b2a0e27063cd04bd756a27af1f003b4cef0da976d843ef4725,none,read-only,exploratory-base,exploratory-reified,2b9b44b25cd1c568cd57c6c5df25ae260b68229044617821fb33f542dab77648,30e2f137e46adf31cbf946515707a3237ea7a5b1e32a4e3b81551f678798b917,2e884d94ace185d62b1b91debf493ccd0a69b83d08e74cf5f1c2be4851b14215,b38a65fc0c1a91e138f057f7b6c08d21c328463aceb40ffda53fc759f99d2f7a,bdd50c08a90e2fb713541b8a118df6250246a917edc41a6776aeafc90b472687,655e563f5a424c34700660a9ea78afae74f01f718a7e7ae03f59bf26e78532c9,"pcm-meta-v2:{""protocol"":""r9.2-frozen-identity-v7"",""message"":"""",""cell_wall_ms"":48.189,""answer_kind"":""csv-binding-multiset-v1"",""answer_key_count"":341,""answer_fingerprint"":""764314721e66fed58774ae005d4ce591e4dc048e4a525357ccdf077ab27ee741"",""c_parse_samples"":[0.0,0.0,0.0],""c_protocol_samples"":[],""construct_total_samples"":[],""construct_unattributed_samples"":[],""status"":""ok"",""status_evidence"":null,""construction_requested"":null,""construction_effective"":null,""commit"":""baf731844a65b830a95b2167d5a3b6b77d65abcd"",""batch_id"":""545ddb438fb68256b8bca7f910a4cb7eda1c2ebe751ccb4235c79f4289c7fa3b"",""query_sha256"":""691e7a0abcd7232efe06742dc0cffd6f1c1bb58adb1206c47f9a3c8bb38753fb"",""engine"":""millenniumdb"",""engine_version"":""MillenniumDB [engines.json profile]"",""scale"":""100M"",""base_endpoint_sha256"":""007a0f6d40c4f5763053f0656a9a8961bef2a93fdcf0d680038343fd899f8922"",""reified_endpoint_sha256"":""449f806c0d1e860421279be80d03331f7ad131ca9af34621cf32cc41042190d3"",""update_endpoint_sha256"":""8a607274f1b3d176dd6acfdc7381c25676b642e78d334a9664e45a2bdf3d52a0"",""base_data_identity_sha256"":""8a988dc83f4082a4f27503ba2906dc6b8733b3c02be567635c726c67bbd48314"",""reified_data_identity_sha256"":""16162702ccec82b2a0e27063cd04bd756a27af1f003b4cef0da976d843ef4725"",""update_for"":""none"",""access_mode"":""read-only"",""base_data_name"":""exploratory-base"",""reified_data_name"":""exploratory-reified"",""update_canary_sha256"":""2b9b44b25cd1c568cd57c6c5df25ae260b68229044617821fb33f542dab77648"",""store_instance_sha256"":""30e2f137e46adf31cbf946515707a3237ea7a5b1e32a4e3b81551f678798b917"",""store_discriminator_sha256"":""2e884d94ace185d62b1b91debf493ccd0a69b83d08e74cf5f1c2be4851b14215"",""tool_sha256"":""b38a65fc0c1a91e138f057f7b6c08d21c328463aceb40ffda53fc759f99d2f7a"",""java_runtime_sha256"":""bdd50c08a90e2fb713541b8a118df6250246a917edc41a6776aeafc90b472687"",""run_identity_sha256"":""655e563f5a424c34700660a9ea78afae74f01f718a7e7ae03f59bf26e78532c9""}"
baf731844a65b830a95b2167d5a3b6b77d65abcd,millenniumdb,MillenniumDB [engines.json profile],100M,S,S5,00,691e7a0abcd7232efe06742dc0cffd6f1c1bb58adb1206c47f9a3c8bb38753fb,R,reification-only,ok,341,125.4,122.5,128.5,125.4,3.0,1,3,300.0,17589,0.0,,,,,130.160501,"[128.467, 125.363, 122.467]","[0.0, 0.0, 0.0]",,[],,[],,[],r9.2-frozen-identity-v7,545ddb438fb68256b8bca7f910a4cb7eda1c2ebe751ccb4235c79f4289c7fa3b,csv-binding-multiset-v1,341,764314721e66fed58774ae005d4ce591e4dc048e4a525357ccdf077ab27ee741,,,,,,,,007a0f6d40c4f5763053f0656a9a8961bef2a93fdcf0d680038343fd899f8922,449f806c0d1e860421279be80d03331f7ad131ca9af34621cf32cc41042190d3,8a607274f1b3d176dd6acfdc7381c25676b642e78d334a9664e45a2bdf3d52a0,8a988dc83f4082a4f27503ba2906dc6b8733b3c02be567635c726c67bbd48314,16162702ccec82b2a0e27063cd04bd756a27af1f003b4cef0da976d843ef4725,none,read-only,exploratory-base,exploratory-reified,2b9b44b25cd1c568cd57c6c5df25ae260b68229044617821fb33f542dab77648,30e2f137e46adf31cbf946515707a3237ea7a5b1e32a4e3b81551f678798b917,2e884d94ace185d62b1b91debf493ccd0a69b83d08e74cf5f1c2be4851b14215,b38a65fc0c1a91e138f057f7b6c08d21c328463aceb40ffda53fc759f99d2f7a,bdd50c08a90e2fb713541b8a118df6250246a917edc41a6776aeafc90b472687,655e563f5a424c34700660a9ea78afae74f01f718a7e7ae03f59bf26e78532c9,"pcm-meta-v2:{""protocol"":""r9.2-frozen-identity-v7"",""message"":"""",""cell_wall_ms"":920.135,""answer_kind"":""csv-binding-multiset-v1"",""answer_key_count"":341,""answer_fingerprint"":""764314721e66fed58774ae005d4ce591e4dc048e4a525357ccdf077ab27ee741"",""c_parse_samples"":[0.0,0.0,0.0],""c_protocol_samples"":[],""construct_total_samples"":[],""construct_unattributed_samples"":[],""status"":""ok"",""status_evidence"":null,""construction_requested"":null,""construction_effective"":null,""commit"":""baf731844a65b830a95b2167d5a3b6b77d65abcd"",""batch_id"":""545ddb438fb68256b8bca7f910a4cb7eda1c2ebe751ccb4235c79f4289c7fa3b"",""query_sha256"":""691e7a0abcd7232efe06742dc0cffd6f1c1bb58adb1206c47f9a3c8bb38753fb"",""engine"":""millenniumdb"",""engine_version"":""MillenniumDB [engines.json profile]"",""scale"":""100M"",""base_endpoint_sha256"":""007a0f6d40c4f5763053f0656a9a8961bef2a93fdcf0d680038343fd899f8922"",""reified_endpoint_sha256"":""449f806c0d1e860421279be80d03331f7ad131ca9af34621cf32cc41042190d3"",""update_endpoint_sha256"":""8a607274f1b3d176dd6acfdc7381c25676b642e78d334a9664e45a2bdf3d52a0"",""base_data_identity_sha256"":""8a988dc83f4082a4f27503ba2906dc6b8733b3c02be567635c726c67bbd48314"",""reified_data_identity_sha256"":""16162702ccec82b2a0e27063cd04bd756a27af1f003b4cef0da976d843ef4725"",""update_for"":""none"",""access_mode"":""read-only"",""base_data_name"":""exploratory-base"",""reified_data_name"":""exploratory-reified"",""update_canary_sha256"":""2b9b44b25cd1c568cd57c6c5df25ae260b68229044617821fb33f542dab77648"",""store_instance_sha256"":""30e2f137e46adf31cbf946515707a3237ea7a5b1e32a4e3b81551f678798b917"",""store_discriminator_sha256"":""2e884d94ace185d62b1b91debf493ccd0a69b83d08e74cf5f1c2be4851b14215"",""tool_sha256"":""b38a65fc0c1a91e138f057f7b6c08d21c328463aceb40ffda53fc759f99d2f7a"",""java_runtime_sha256"":""bdd50c08a90e2fb713541b8a118df6250246a917edc41a6776aeafc90b472687"",""run_identity_sha256"":""655e563f5a424c34700660a9ea78afae74f01f718a7e7ae03f59bf26e78532c9""}"
baf731844a65b830a95b2167d5a3b6b77d65abcd,millenniumdb,MillenniumDB [engines.json profile],100M,S,S5,00,691e7a0abcd7232efe06742dc0cffd6f1c1bb58adb1206c47f9a3c8bb38753fb,N,N_clean (NPCS reimplementation),ok,341,136.4,135.0,137.7,136.3,1.3,1,3,300.0,41454,0.0,,,,341,176.152547,"[137.652, 136.372, 134.963]","[0.0, 0.0, 0.0]",,[],,[],,[],r9.2-frozen-identity-v7,545ddb438fb68256b8bca7f910a4cb7eda1c2ebe751ccb4235c79f4289c7fa3b,csv-candidate-multiset-v1,341,764314721e66fed58774ae005d4ce591e4dc048e4a525357ccdf077ab27ee741,,,,,,,,007a0f6d40c4f5763053f0656a9a8961bef2a93fdcf0d680038343fd899f8922,449f806c0d1e860421279be80d03331f7ad131ca9af34621cf32cc41042190d3,8a607274f1b3d176dd6acfdc7381c25676b642e78d334a9664e45a2bdf3d52a0,8a988dc83f4082a4f27503ba2906dc6b8733b3c02be567635c726c67bbd48314,16162702ccec82b2a0e27063cd04bd756a27af1f003b4cef0da976d843ef4725,none,read-only,exploratory-base,exploratory-reified,2b9b44b25cd1c568cd57c6c5df25ae260b68229044617821fb33f542dab77648,30e2f137e46adf31cbf946515707a3237ea7a5b1e32a4e3b81551f678798b917,2e884d94ace185d62b1b91debf493ccd0a69b83d08e74cf5f1c2be4851b14215,b38a65fc0c1a91e138f057f7b6c08d21c328463aceb40ffda53fc759f99d2f7a,bdd50c08a90e2fb713541b8a118df6250246a917edc41a6776aeafc90b472687,655e563f5a424c34700660a9ea78afae74f01f718a7e7ae03f59bf26e78532c9,"pcm-meta-v2:{""protocol"":""r9.2-frozen-identity-v7"",""message"":"""",""cell_wall_ms"":995.423,""answer_kind"":""csv-candidate-multiset-v1"",""answer_key_count"":341,""answer_fingerprint"":""764314721e66fed58774ae005d4ce591e4dc048e4a525357ccdf077ab27ee741"",""c_parse_samples"":[0.0,0.0,0.0],""c_protocol_samples"":[],""construct_total_samples"":[],""construct_unattributed_samples"":[],""status"":""ok"",""status_evidence"":null,""construction_requested"":null,""construction_effective"":null,""commit"":""baf731844a65b830a95b2167d5a3b6b77d65abcd"",""batch_id"":""545ddb438fb68256b8bca7f910a4cb7eda1c2ebe751ccb4235c79f4289c7fa3b"",""query_sha256"":""691e7a0abcd7232efe06742dc0cffd6f1c1bb58adb1206c47f9a3c8bb38753fb"",""engine"":""millenniumdb"",""engine_version"":""MillenniumDB [engines.json profile]"",""scale"":""100M"",""base_endpoint_sha256"":""007a0f6d40c4f5763053f0656a9a8961bef2a93fdcf0d680038343fd899f8922"",""reified_endpoint_sha256"":""449f806c0d1e860421279be80d03331f7ad131ca9af34621cf32cc41042190d3"",""update_endpoint_sha256"":""8a607274f1b3d176dd6acfdc7381c25676b642e78d334a9664e45a2bdf3d52a0"",""base_data_identity_sha256"":""8a988dc83f4082a4f27503ba2906dc6b8733b3c02be567635c726c67bbd48314"",""reified_data_identity_sha256"":""16162702ccec82b2a0e27063cd04bd756a27af1f003b4cef0da976d843ef4725"",""update_for"":""none"",""access_mode"":""read-only"",""base_data_name"":""exploratory-base"",""reified_data_name"":""exploratory-reified"",""update_canary_sha256"":""2b9b44b25cd1c568cd57c6c5df25ae260b68229044617821fb33f542dab77648"",""store_instance_sha256"":""30e2f137e46adf31cbf946515707a3237ea7a5b1e32a4e3b81551f678798b917"",""store_discriminator_sha256"":""2e884d94ace185d62b1b91debf493ccd0a69b83d08e74cf5f1c2be4851b14215"",""tool_sha256"":""b38a65fc0c1a91e138f057f7b6c08d21c328463aceb40ffda53fc759f99d2f7a"",""java_runtime_sha256"":""bdd50c08a90e2fb713541b8a118df6250246a917edc41a6776aeafc90b472687"",""run_identity_sha256"":""655e563f5a424c34700660a9ea78afae74f01f718a7e7ae03f59bf26e78532c9""}"
baf731844a65b830a95b2167d5a3b6b77d65abcd,millenniumdb,MillenniumDB [engines.json profile],100M,S,S5,00,691e7a0abcd7232efe06742dc0cffd6f1c1bb58adb1206c47f9a3c8bb38753fb,C,SPARQLcirc CircuitRewriter,ok,341,180.6,178.1,187.5,182.1,4.9,1,3,300.0,508110,42.8,682,1705,341,,338.946143,"[187.541, 178.111, 180.589]","[42.257, 42.846, 42.986]",0.0,"[0.0, 0.0, 0.0]",223.7,"[229.963, 221.112, 223.745]",0.2,"[0.165, 0.156, 0.169]",r9.2-frozen-identity-v7,545ddb438fb68256b8bca7f910a4cb7eda1c2ebe751ccb4235c79f4289c7fa3b,term-aware-candidate-set-v1,341,fcd8fad57cb3cefcd5f4206cd4e17f058b033fb7b5c60c91f5a5d21ff9fd3932,flat,flat,bf9aef5f163f0c6cf44c469c5350c5f0d3b0a1622cdb64326d109a8dbf548197,,,,,007a0f6d40c4f5763053f0656a9a8961bef2a93fdcf0d680038343fd899f8922,449f806c0d1e860421279be80d03331f7ad131ca9af34621cf32cc41042190d3,8a607274f1b3d176dd6acfdc7381c25676b642e78d334a9664e45a2bdf3d52a0,8a988dc83f4082a4f27503ba2906dc6b8733b3c02be567635c726c67bbd48314,16162702ccec82b2a0e27063cd04bd756a27af1f003b4cef0da976d843ef4725,none,read-only,exploratory-base,exploratory-reified,2b9b44b25cd1c568cd57c6c5df25ae260b68229044617821fb33f542dab77648,30e2f137e46adf31cbf946515707a3237ea7a5b1e32a4e3b81551f678798b917,2e884d94ace185d62b1b91debf493ccd0a69b83d08e74cf5f1c2be4851b14215,b38a65fc0c1a91e138f057f7b6c08d21c328463aceb40ffda53fc759f99d2f7a,bdd50c08a90e2fb713541b8a118df6250246a917edc41a6776aeafc90b472687,655e563f5a424c34700660a9ea78afae74f01f718a7e7ae03f59bf26e78532c9,"pcm-meta-v2:{""protocol"":""r9.2-frozen-identity-v7"",""message"":""C requested=flat effective=flat; steps=1 feedback=0; network includes CONSTRUCT, feedback INSERT, and cleanup DELETE"",""cell_wall_ms"":2010.785,""answer_kind"":""term-aware-candidate-set-v1"",""answer_key_count"":341,""answer_fingerprint"":""fcd8fad57cb3cefcd5f4206cd4e17f058b033fb7b5c60c91f5a5d21ff9fd3932"",""c_parse_samples"":[42.257,42.846,42.986],""c_protocol_samples"":[{""requested_mode"":""flat"",""effective_mode"":""flat"",""fallback_reason"":null,""plan_steps"":1,""feedback_steps"":0,""feedback_triples"":0,""construct_query_ms"":187.541,""feedback_update_ms"":0.0,""cleanup_ms"":0.0,""client_protocol_ms"":0.0,""network_scope"":""construct+feedback+cleanup"",""circuit_sha256"":""bf9aef5f163f0c6cf44c469c5350c5f0d3b0a1622cdb64326d109a8dbf548197"",""answer_fingerprint"":""fcd8fad57cb3cefcd5f4206cd4e17f058b033fb7b5c60c91f5a5d21ff9fd3932"",""semantic_signature_sha256"":""f5681d438f80df1bd03cc3212f541f88ab12a3b60d98fe93d8ecce240646cb6f"",""structure_signature"":{""gates"":682,""edges"":1705,""answers"":341,""derivations"":341,""canonical_bytes"":508110},""construct_total_ms"":229.963,""client_unattributed_ms"":0.165},{""requested_mode"":""flat"",""effective_mode"":""flat"",""fallback_reason"":null,""plan_steps"":1,""feedback_steps"":0,""feedback_triples"":0,""construct_query_ms"":178.111,""feedback_update_ms"":0.0,""cleanup_ms"":0.0,""client_protocol_ms"":0.0,""network_scope"":""construct+feedback+cleanup"",""circuit_sha256"":""bf9aef5f163f0c6cf44c469c5350c5f0d3b0a1622cdb64326d109a8dbf548197"",""answer_fingerprint"":""fcd8fad57cb3cefcd5f4206cd4e17f058b033fb7b5c60c91f5a5d21ff9fd3932"",""semantic_signature_sha256"":""f5681d438f80df1bd03cc3212f541f88ab12a3b60d98fe93d8ecce240646cb6f"",""structure_signature"":{""gates"":682,""edges"":1705,""answers"":341,""derivations"":341,""canonical_bytes"":508110},""construct_total_ms"":221.112,""client_unattributed_ms"":0.156},{""requested_mode"":""flat"",""effective_mode"":""flat"",""fallback_reason"":null,""plan_steps"":1,""feedback_steps"":0,""feedback_triples"":0,""construct_query_ms"":180.589,""feedback_update_ms"":0.0,""cleanup_ms"":0.0,""client_protocol_ms"":0.0,""network_scope"":""construct+feedback+cleanup"",""circuit_sha256"":""bf9aef5f163f0c6cf44c469c5350c5f0d3b0a1622cdb64326d109a8dbf548197"",""answer_fingerprint"":""fcd8fad57cb3cefcd5f4206cd4e17f058b033fb7b5c60c91f5a5d21ff9fd3932"",""semantic_signature_sha256"":""f5681d438f80df1bd03cc3212f541f88ab12a3b60d98fe93d8ecce240646cb6f"",""structure_signature"":{""gates"":682,""edges"":1705,""answers"":341,""derivations"":341,""canonical_bytes"":508110},""construct_total_ms"":223.745,""client_unattributed_ms"":0.169}],""construct_total_samples"":[229.963,221.112,223.745],""construct_unattributed_samples"":[0.165,0.156,0.169],""status"":""ok"",""status_evidence"":null,""c_warmup_signatures"":[""f5681d438f80df1bd03cc3212f541f88ab12a3b60d98fe93d8ecce240646cb6f""],""measured_semantic_signature_sha256"":""f5681d438f80df1bd03cc3212f541f88ab12a3b60d98fe93d8ecce240646cb6f"",""measured_repetitions_consistent"":true,""construction_requested"":""flat"",""construction_effective"":""flat"",""commit"":""baf731844a65b830a95b2167d5a3b6b77d65abcd"",""batch_id"":""545ddb438fb68256b8bca7f910a4cb7eda1c2ebe751ccb4235c79f4289c7fa3b"",""query_sha256"":""691e7a0abcd7232efe06742dc0cffd6f1c1bb58adb1206c47f9a3c8bb38753fb"",""engine"":""millenniumdb"",""engine_version"":""MillenniumDB [engines.json profile]"",""scale"":""100M"",""base_endpoint_sha256"":""007a0f6d40c4f5763053f0656a9a8961bef2a93fdcf0d680038343fd899f8922"",""reified_endpoint_sha256"":""449f806c0d1e860421279be80d03331f7ad131ca9af34621cf32cc41042190d3"",""update_endpoint_sha256"":""8a607274f1b3d176dd6acfdc7381c25676b642e78d334a9664e45a2bdf3d52a0"",""base_data_identity_sha256"":""8a988dc83f4082a4f27503ba2906dc6b8733b3c02be567635c726c67bbd48314"",""reified_data_identity_sha256"":""16162702ccec82b2a0e27063cd04bd756a27af1f003b4cef0da976d843ef4725"",""update_for"":""none"",""access_mode"":""read-only"",""base_data_name"":""exploratory-base"",""reified_data_name"":""exploratory-reified"",""update_canary_sha256"":""2b9b44b25cd1c568cd57c6c5df25ae260b68229044617821fb33f542dab77648"",""store_instance_sha256"":""30e2f137e46adf31cbf946515707a3237ea7a5b1e32a4e3b81551f678798b917"",""store_discriminator_sha256"":""2e884d94ace185d62b1b91debf493ccd0a69b83d08e74cf5f1c2be4851b14215"",""tool_sha256"":""b38a65fc0c1a91e138f057f7b6c08d21c328463aceb40ffda53fc759f99d2f7a"",""java_runtime_sha256"":""bdd50c08a90e2fb713541b8a118df6250246a917edc41a6776aeafc90b472687"",""run_identity_sha256"":""655e563f5a424c34700660a9ea78afae74f01f718a7e7ae03f59bf26e78532c9""}"
baf731844a65b830a95b2167d5a3b6b77d65abcd,millenniumdb,MillenniumDB [engines.json profile],100M,S,S6,00,3a9de4be91a376d912945053f743c79042392d6a11ce089a2d71c37c156ec248,B,base-select,ok,13,2.2,1.7,2.5,2.1,0.4,1,3,300.0,674,0.0,,,,,0.00733,"[2.53, 2.192, 1.652]","[0.0, 0.0, 0.0]",,[],,[],,[],r9.2-frozen-identity-v7,545ddb438fb68256b8bca7f910a4cb7eda1c2ebe751ccb4235c79f4289c7fa3b,csv-binding-multiset-v1,13,715eac6686d9312e86fed4b2f8019a5b828c2fb0e60dfb3b2ed551eaf5f24078,,,,,,,,007a0f6d40c4f5763053f0656a9a8961bef2a93fdcf0d680038343fd899f8922,449f806c0d1e860421279be80d03331f7ad131ca9af34621cf32cc41042190d3,8a607274f1b3d176dd6acfdc7381c25676b642e78d334a9664e45a2bdf3d52a0,8a988dc83f4082a4f27503ba2906dc6b8733b3c02be567635c726c67bbd48314,16162702ccec82b2a0e27063cd04bd756a27af1f003b4cef0da976d843ef4725,none,read-only,exploratory-base,exploratory-reified,2b9b44b25cd1c568cd57c6c5df25ae260b68229044617821fb33f542dab77648,30e2f137e46adf31cbf946515707a3237ea7a5b1e32a4e3b81551f678798b917,2e884d94ace185d62b1b91debf493ccd0a69b83d08e74cf5f1c2be4851b14215,b38a65fc0c1a91e138f057f7b6c08d21c328463aceb40ffda53fc759f99d2f7a,bdd50c08a90e2fb713541b8a118df6250246a917edc41a6776aeafc90b472687,2ad6df7129c9a82b5864006374c43bc77a3313b53b2cc970f774bf305982fc4f,"pcm-meta-v2:{""protocol"":""r9.2-frozen-identity-v7"",""message"":"""",""cell_wall_ms"":22.718,""answer_kind"":""csv-binding-multiset-v1"",""answer_key_count"":13,""answer_fingerprint"":""715eac6686d9312e86fed4b2f8019a5b828c2fb0e60dfb3b2ed551eaf5f24078"",""c_parse_samples"":[0.0,0.0,0.0],""c_protocol_samples"":[],""construct_total_samples"":[],""construct_unattributed_samples"":[],""status"":""ok"",""status_evidence"":null,""construction_requested"":null,""construction_effective"":null,""commit"":""baf731844a65b830a95b2167d5a3b6b77d65abcd"",""batch_id"":""545ddb438fb68256b8bca7f910a4cb7eda1c2ebe751ccb4235c79f4289c7fa3b"",""query_sha256"":""3a9de4be91a376d912945053f743c79042392d6a11ce089a2d71c37c156ec248"",""engine"":""millenniumdb"",""engine_version"":""MillenniumDB [engines.json profile]"",""scale"":""100M"",""base_endpoint_sha256"":""007a0f6d40c4f5763053f0656a9a8961bef2a93fdcf0d680038343fd899f8922"",""reified_endpoint_sha256"":""449f806c0d1e860421279be80d03331f7ad131ca9af34621cf32cc41042190d3"",""update_endpoint_sha256"":""8a607274f1b3d176dd6acfdc7381c25676b642e78d334a9664e45a2bdf3d52a0"",""base_data_identity_sha256"":""8a988dc83f4082a4f27503ba2906dc6b8733b3c02be567635c726c67bbd48314"",""reified_data_identity_sha256"":""16162702ccec82b2a0e27063cd04bd756a27af1f003b4cef0da976d843ef4725"",""update_for"":""none"",""access_mode"":""read-only"",""base_data_name"":""exploratory-base"",""reified_data_name"":""exploratory-reified"",""update_canary_sha256"":""2b9b44b25cd1c568cd57c6c5df25ae260b68229044617821fb33f542dab77648"",""store_instance_sha256"":""30e2f137e46adf31cbf946515707a3237ea7a5b1e32a4e3b81551f678798b917"",""store_discriminator_sha256"":""2e884d94ace185d62b1b91debf493ccd0a69b83d08e74cf5f1c2be4851b14215"",""tool_sha256"":""b38a65fc0c1a91e138f057f7b6c08d21c328463aceb40ffda53fc759f99d2f7a"",""java_runtime_sha256"":""bdd50c08a90e2fb713541b8a118df6250246a917edc41a6776aeafc90b472687"",""run_identity_sha256"":""2ad6df7129c9a82b5864006374c43bc77a3313b53b2cc970f774bf305982fc4f""}"
baf731844a65b830a95b2167d5a3b6b77d65abcd,millenniumdb,MillenniumDB [engines.json profile],100M,S,S6,00,3a9de4be91a376d912945053f743c79042392d6a11ce089a2d71c37c156ec248,R,reification-only,ok,13,11.3,11.0,12.2,11.5,0.6,1,3,300.0,674,0.0,,,,,128.246282,"[11.033, 12.198, 11.293]","[0.0, 0.0, 0.0]",,[],,[],,[],r9.2-frozen-identity-v7,545ddb438fb68256b8bca7f910a4cb7eda1c2ebe751ccb4235c79f4289c7fa3b,csv-binding-multiset-v1,13,715eac6686d9312e86fed4b2f8019a5b828c2fb0e60dfb3b2ed551eaf5f24078,,,,,,,,007a0f6d40c4f5763053f0656a9a8961bef2a93fdcf0d680038343fd899f8922,449f806c0d1e860421279be80d03331f7ad131ca9af34621cf32cc41042190d3,8a607274f1b3d176dd6acfdc7381c25676b642e78d334a9664e45a2bdf3d52a0,8a988dc83f4082a4f27503ba2906dc6b8733b3c02be567635c726c67bbd48314,16162702ccec82b2a0e27063cd04bd756a27af1f003b4cef0da976d843ef4725,none,read-only,exploratory-base,exploratory-reified,2b9b44b25cd1c568cd57c6c5df25ae260b68229044617821fb33f542dab77648,30e2f137e46adf31cbf946515707a3237ea7a5b1e32a4e3b81551f678798b917,2e884d94ace185d62b1b91debf493ccd0a69b83d08e74cf5f1c2be4851b14215,b38a65fc0c1a91e138f057f7b6c08d21c328463aceb40ffda53fc759f99d2f7a,bdd50c08a90e2fb713541b8a118df6250246a917edc41a6776aeafc90b472687,2ad6df7129c9a82b5864006374c43bc77a3313b53b2cc970f774bf305982fc4f,"pcm-meta-v2:{""protocol"":""r9.2-frozen-identity-v7"",""message"":"""",""cell_wall_ms"":201.039,""answer_kind"":""csv-binding-multiset-v1"",""answer_key_count"":13,""answer_fingerprint"":""715eac6686d9312e86fed4b2f8019a5b828c2fb0e60dfb3b2ed551eaf5f24078"",""c_parse_samples"":[0.0,0.0,0.0],""c_protocol_samples"":[],""construct_total_samples"":[],""construct_unattributed_samples"":[],""status"":""ok"",""status_evidence"":null,""construction_requested"":null,""construction_effective"":null,""commit"":""baf731844a65b830a95b2167d5a3b6b77d65abcd"",""batch_id"":""545ddb438fb68256b8bca7f910a4cb7eda1c2ebe751ccb4235c79f4289c7fa3b"",""query_sha256"":""3a9de4be91a376d912945053f743c79042392d6a11ce089a2d71c37c156ec248"",""engine"":""millenniumdb"",""engine_version"":""MillenniumDB [engines.json profile]"",""scale"":""100M"",""base_endpoint_sha256"":""007a0f6d40c4f5763053f0656a9a8961bef2a93fdcf0d680038343fd899f8922"",""reified_endpoint_sha256"":""449f806c0d1e860421279be80d03331f7ad131ca9af34621cf32cc41042190d3"",""update_endpoint_sha256"":""8a607274f1b3d176dd6acfdc7381c25676b642e78d334a9664e45a2bdf3d52a0"",""base_data_identity_sha256"":""8a988dc83f4082a4f27503ba2906dc6b8733b3c02be567635c726c67bbd48314"",""reified_data_identity_sha256"":""16162702ccec82b2a0e27063cd04bd756a27af1f003b4cef0da976d843ef4725"",""update_for"":""none"",""access_mode"":""read-only"",""base_data_name"":""exploratory-base"",""reified_data_name"":""exploratory-reified"",""update_canary_sha256"":""2b9b44b25cd1c568cd57c6c5df25ae260b68229044617821fb33f542dab77648"",""store_instance_sha256"":""30e2f137e46adf31cbf946515707a3237ea7a5b1e32a4e3b81551f678798b917"",""store_discriminator_sha256"":""2e884d94ace185d62b1b91debf493ccd0a69b83d08e74cf5f1c2be4851b14215"",""tool_sha256"":""b38a65fc0c1a91e138f057f7b6c08d21c328463aceb40ffda53fc759f99d2f7a"",""java_runtime_sha256"":""bdd50c08a90e2fb713541b8a118df6250246a917edc41a6776aeafc90b472687"",""run_identity_sha256"":""2ad6df7129c9a82b5864006374c43bc77a3313b53b2cc970f774bf305982fc4f""}"
baf731844a65b830a95b2167d5a3b6b77d65abcd,millenniumdb,MillenniumDB [engines.json profile],100M,S,S6,00,3a9de4be91a376d912945053f743c79042392d6a11ce089a2d71c37c156ec248,N,N_clean (NPCS reimplementation),ok,13,11.8,11.8,11.9,11.9,0.0,1,3,300.0,1422,0.0,,,,13,177.63934,"[11.828, 11.838, 11.914]","[0.0, 0.0, 0.0]",,[],,[],,[],r9.2-frozen-identity-v7,545ddb438fb68256b8bca7f910a4cb7eda1c2ebe751ccb4235c79f4289c7fa3b,csv-candidate-multiset-v1,13,715eac6686d9312e86fed4b2f8019a5b828c2fb0e60dfb3b2ed551eaf5f24078,,,,,,,,007a0f6d40c4f5763053f0656a9a8961bef2a93fdcf0d680038343fd899f8922,449f806c0d1e860421279be80d03331f7ad131ca9af34621cf32cc41042190d3,8a607274f1b3d176dd6acfdc7381c25676b642e78d334a9664e45a2bdf3d52a0,8a988dc83f4082a4f27503ba2906dc6b8733b3c02be567635c726c67bbd48314,16162702ccec82b2a0e27063cd04bd756a27af1f003b4cef0da976d843ef4725,none,read-only,exploratory-base,exploratory-reified,2b9b44b25cd1c568cd57c6c5df25ae260b68229044617821fb33f542dab77648,30e2f137e46adf31cbf946515707a3237ea7a5b1e32a4e3b81551f678798b917,2e884d94ace185d62b1b91debf493ccd0a69b83d08e74cf5f1c2be4851b14215,b38a65fc0c1a91e138f057f7b6c08d21c328463aceb40ffda53fc759f99d2f7a,bdd50c08a90e2fb713541b8a118df6250246a917edc41a6776aeafc90b472687,2ad6df7129c9a82b5864006374c43bc77a3313b53b2cc970f774bf305982fc4f,"pcm-meta-v2:{""protocol"":""r9.2-frozen-identity-v7"",""message"":"""",""cell_wall_ms"":241.423,""answer_kind"":""csv-candidate-multiset-v1"",""answer_key_count"":13,""answer_fingerprint"":""715eac6686d9312e86fed4b2f8019a5b828c2fb0e60dfb3b2ed551eaf5f24078"",""c_parse_samples"":[0.0,0.0,0.0],""c_protocol_samples"":[],""construct_total_samples"":[],""construct_unattributed_samples"":[],""status"":""ok"",""status_evidence"":null,""construction_requested"":null,""construction_effective"":null,""commit"":""baf731844a65b830a95b2167d5a3b6b77d65abcd"",""batch_id"":""545ddb438fb68256b8bca7f910a4cb7eda1c2ebe751ccb4235c79f4289c7fa3b"",""query_sha256"":""3a9de4be91a376d912945053f743c79042392d6a11ce089a2d71c37c156ec248"",""engine"":""millenniumdb"",""engine_version"":""MillenniumDB [engines.json profile]"",""scale"":""100M"",""base_endpoint_sha256"":""007a0f6d40c4f5763053f0656a9a8961bef2a93fdcf0d680038343fd899f8922"",""reified_endpoint_sha256"":""449f806c0d1e860421279be80d03331f7ad131ca9af34621cf32cc41042190d3"",""update_endpoint_sha256"":""8a607274f1b3d176dd6acfdc7381c25676b642e78d334a9664e45a2bdf3d52a0"",""base_data_identity_sha256"":""8a988dc83f4082a4f27503ba2906dc6b8733b3c02be567635c726c67bbd48314"",""reified_data_identity_sha256"":""16162702ccec82b2a0e27063cd04bd756a27af1f003b4cef0da976d843ef4725"",""update_for"":""none"",""access_mode"":""read-only"",""base_data_name"":""exploratory-base"",""reified_data_name"":""exploratory-reified"",""update_canary_sha256"":""2b9b44b25cd1c568cd57c6c5df25ae260b68229044617821fb33f542dab77648"",""store_instance_sha256"":""30e2f137e46adf31cbf946515707a3237ea7a5b1e32a4e3b81551f678798b917"",""store_discriminator_sha256"":""2e884d94ace185d62b1b91debf493ccd0a69b83d08e74cf5f1c2be4851b14215"",""tool_sha256"":""b38a65fc0c1a91e138f057f7b6c08d21c328463aceb40ffda53fc759f99d2f7a"",""java_runtime_sha256"":""bdd50c08a90e2fb713541b8a118df6250246a917edc41a6776aeafc90b472687"",""run_identity_sha256"":""2ad6df7129c9a82b5864006374c43bc77a3313b53b2cc970f774bf305982fc4f""}"
baf731844a65b830a95b2167d5a3b6b77d65abcd,millenniumdb,MillenniumDB [engines.json profile],100M,S,S6,00,3a9de4be91a376d912945053f743c79042392d6a11ce089a2d71c37c156ec248,C,SPARQLcirc CircuitRewriter,ok,13,14.3,13.9,15.7,14.6,1.0,1,3,300.0,17939,1.6,26,52,13,,366.843745,"[15.68, 14.26, 13.851]","[1.838, 1.506, 1.591]",0.0,"[0.0, 0.0, 0.0]",15.8,"[17.609, 15.832, 15.507]",0.1,"[0.091, 0.066, 0.065]",r9.2-frozen-identity-v7,545ddb438fb68256b8bca7f910a4cb7eda1c2ebe751ccb4235c79f4289c7fa3b,term-aware-candidate-set-v1,13,9945e755216f4f5038ec50a84a54418a000ed319cdca0d48d84e0b2579cf02a1,flat,flat,39265bab4519cfb34edf47aa66313d57d25b7443487cad10b7e7fa5c17b49f47,,,,,007a0f6d40c4f5763053f0656a9a8961bef2a93fdcf0d680038343fd899f8922,449f806c0d1e860421279be80d03331f7ad131ca9af34621cf32cc41042190d3,8a607274f1b3d176dd6acfdc7381c25676b642e78d334a9664e45a2bdf3d52a0,8a988dc83f4082a4f27503ba2906dc6b8733b3c02be567635c726c67bbd48314,16162702ccec82b2a0e27063cd04bd756a27af1f003b4cef0da976d843ef4725,none,read-only,exploratory-base,exploratory-reified,2b9b44b25cd1c568cd57c6c5df25ae260b68229044617821fb33f542dab77648,30e2f137e46adf31cbf946515707a3237ea7a5b1e32a4e3b81551f678798b917,2e884d94ace185d62b1b91debf493ccd0a69b83d08e74cf5f1c2be4851b14215,b38a65fc0c1a91e138f057f7b6c08d21c328463aceb40ffda53fc759f99d2f7a,bdd50c08a90e2fb713541b8a118df6250246a917edc41a6776aeafc90b472687,2ad6df7129c9a82b5864006374c43bc77a3313b53b2cc970f774bf305982fc4f,"pcm-meta-v2:{""protocol"":""r9.2-frozen-identity-v7"",""message"":""C requested=flat effective=flat; steps=1 feedback=0; network includes CONSTRUCT, feedback INSERT, and cleanup DELETE"",""cell_wall_ms"":472.496,""answer_kind"":""term-aware-candidate-set-v1"",""answer_key_count"":13,""answer_fingerprint"":""9945e755216f4f5038ec50a84a54418a000ed319cdca0d48d84e0b2579cf02a1"",""c_parse_samples"":[1.838,1.506,1.591],""c_protocol_samples"":[{""requested_mode"":""flat"",""effective_mode"":""flat"",""fallback_reason"":null,""plan_steps"":1,""feedback_steps"":0,""feedback_triples"":0,""construct_query_ms"":15.68,""feedback_update_ms"":0.0,""cleanup_ms"":0.0,""client_protocol_ms"":0.0,""network_scope"":""construct+feedback+cleanup"",""circuit_sha256"":""39265bab4519cfb34edf47aa66313d57d25b7443487cad10b7e7fa5c17b49f47"",""answer_fingerprint"":""9945e755216f4f5038ec50a84a54418a000ed319cdca0d48d84e0b2579cf02a1"",""semantic_signature_sha256"":""dae21f26ba53fcd8479b5700104072015369c3c70b571b1d88ac847ae56254c0"",""structure_signature"":{""gates"":26,""edges"":52,""answers"":13,""derivations"":13,""canonical_bytes"":17939},""construct_total_ms"":17.609,""client_unattributed_ms"":0.091},{""requested_mode"":""flat"",""effective_mode"":""flat"",""fallback_reason"":null,""plan_steps"":1,""feedback_steps"":0,""feedback_triples"":0,""construct_query_ms"":14.26,""feedback_update_ms"":0.0,""cleanup_ms"":0.0,""client_protocol_ms"":0.0,""network_scope"":""construct+feedback+cleanup"",""circuit_sha256"":""39265bab4519cfb34edf47aa66313d57d25b7443487cad10b7e7fa5c17b49f47"",""answer_fingerprint"":""9945e755216f4f5038ec50a84a54418a000ed319cdca0d48d84e0b2579cf02a1"",""semantic_signature_sha256"":""dae21f26ba53fcd8479b5700104072015369c3c70b571b1d88ac847ae56254c0"",""structure_signature"":{""gates"":26,""edges"":52,""answers"":13,""derivations"":13,""canonical_bytes"":17939},""construct_total_ms"":15.832,""client_unattributed_ms"":0.066},{""requested_mode"":""flat"",""effective_mode"":""flat"",""fallback_reason"":null,""plan_steps"":1,""feedback_steps"":0,""feedback_triples"":0,""construct_query_ms"":13.851,""feedback_update_ms"":0.0,""cleanup_ms"":0.0,""client_protocol_ms"":0.0,""network_scope"":""construct+feedback+cleanup"",""circuit_sha256"":""39265bab4519cfb34edf47aa66313d57d25b7443487cad10b7e7fa5c17b49f47"",""answer_fingerprint"":""9945e755216f4f5038ec50a84a54418a000ed319cdca0d48d84e0b2579cf02a1"",""semantic_signature_sha256"":""dae21f26ba53fcd8479b5700104072015369c3c70b571b1d88ac847ae56254c0"",""structure_signature"":{""gates"":26,""edges"":52,""answers"":13,""derivations"":13,""canonical_bytes"":17939},""construct_total_ms"":15.507,""client_unattributed_ms"":0.065}],""construct_total_samples"":[17.609,15.832,15.507],""construct_unattributed_samples"":[0.091,0.066,0.065],""status"":""ok"",""status_evidence"":null,""c_warmup_signatures"":[""dae21f26ba53fcd8479b5700104072015369c3c70b571b1d88ac847ae56254c0""],""measured_semantic_signature_sha256"":""dae21f26ba53fcd8479b5700104072015369c3c70b571b1d88ac847ae56254c0"",""measured_repetitions_consistent"":true,""construction_requested"":""flat"",""construction_effective"":""flat"",""commit"":""baf731844a65b830a95b2167d5a3b6b77d65abcd"",""batch_id"":""545ddb438fb68256b8bca7f910a4cb7eda1c2ebe751ccb4235c79f4289c7fa3b"",""query_sha256"":""3a9de4be91a376d912945053f743c79042392d6a11ce089a2d71c37c156ec248"",""engine"":""millenniumdb"",""engine_version"":""MillenniumDB [engines.json profile]"",""scale"":""100M"",""base_endpoint_sha256"":""007a0f6d40c4f5763053f0656a9a8961bef2a93fdcf0d680038343fd899f8922"",""reified_endpoint_sha256"":""449f806c0d1e860421279be80d03331f7ad131ca9af34621cf32cc41042190d3"",""update_endpoint_sha256"":""8a607274f1b3d176dd6acfdc7381c25676b642e78d334a9664e45a2bdf3d52a0"",""base_data_identity_sha256"":""8a988dc83f4082a4f27503ba2906dc6b8733b3c02be567635c726c67bbd48314"",""reified_data_identity_sha256"":""16162702ccec82b2a0e27063cd04bd756a27af1f003b4cef0da976d843ef4725"",""update_for"":""none"",""access_mode"":""read-only"",""base_data_name"":""exploratory-base"",""reified_data_name"":""exploratory-reified"",""update_canary_sha256"":""2b9b44b25cd1c568cd57c6c5df25ae260b68229044617821fb33f542dab77648"",""store_instance_sha256"":""30e2f137e46adf31cbf946515707a3237ea7a5b1e32a4e3b81551f678798b917"",""store_discriminator_sha256"":""2e884d94ace185d62b1b91debf493ccd0a69b83d08e74cf5f1c2be4851b14215"",""tool_sha256"":""b38a65fc0c1a91e138f057f7b6c08d21c328463aceb40ffda53fc759f99d2f7a"",""java_runtime_sha256"":""bdd50c08a90e2fb713541b8a118df6250246a917edc41a6776aeafc90b472687"",""run_identity_sha256"":""2ad6df7129c9a82b5864006374c43bc77a3313b53b2cc970f774bf305982fc4f""}"
baf731844a65b830a95b2167d5a3b6b77d65abcd,millenniumdb,MillenniumDB [engines.json profile],100M,S,S7,00,6c8f2b502c6afedd00f5544bb49e027212b77b9a59795ef8c9b65d12c3234eb1,B,base-select,ok,2,0.9,0.8,1.0,0.9,0.1,1,3,300.0,312,0.0,,,,,0.0079,"[0.971, 0.857, 0.816]","[0.0, 0.0, 0.0]",,[],,[],,[],r9.2-frozen-identity-v7,545ddb438fb68256b8bca7f910a4cb7eda1c2ebe751ccb4235c79f4289c7fa3b,csv-binding-multiset-v1,2,e68e80eb852a567567506c098746b5a5d705fdf2b9da71ae6319d98ab39d3364,,,,,,,,007a0f6d40c4f5763053f0656a9a8961bef2a93fdcf0d680038343fd899f8922,449f806c0d1e860421279be80d03331f7ad131ca9af34621cf32cc41042190d3,8a607274f1b3d176dd6acfdc7381c25676b642e78d334a9664e45a2bdf3d52a0,8a988dc83f4082a4f27503ba2906dc6b8733b3c02be567635c726c67bbd48314,16162702ccec82b2a0e27063cd04bd756a27af1f003b4cef0da976d843ef4725,none,read-only,exploratory-base,exploratory-reified,2b9b44b25cd1c568cd57c6c5df25ae260b68229044617821fb33f542dab77648,30e2f137e46adf31cbf946515707a3237ea7a5b1e32a4e3b81551f678798b917,2e884d94ace185d62b1b91debf493ccd0a69b83d08e74cf5f1c2be4851b14215,b38a65fc0c1a91e138f057f7b6c08d21c328463aceb40ffda53fc759f99d2f7a,bdd50c08a90e2fb713541b8a118df6250246a917edc41a6776aeafc90b472687,a5c8fdf507e58c55d619bf61254a06e2dcd2c88b08078a5140e8286248998727,"pcm-meta-v2:{""protocol"":""r9.2-frozen-identity-v7"",""message"":"""",""cell_wall_ms"":11.676,""answer_kind"":""csv-binding-multiset-v1"",""answer_key_count"":2,""answer_fingerprint"":""e68e80eb852a567567506c098746b5a5d705fdf2b9da71ae6319d98ab39d3364"",""c_parse_samples"":[0.0,0.0,0.0],""c_protocol_samples"":[],""construct_total_samples"":[],""construct_unattributed_samples"":[],""status"":""ok"",""status_evidence"":null,""construction_requested"":null,""construction_effective"":null,""commit"":""baf731844a65b830a95b2167d5a3b6b77d65abcd"",""batch_id"":""545ddb438fb68256b8bca7f910a4cb7eda1c2ebe751ccb4235c79f4289c7fa3b"",""query_sha256"":""6c8f2b502c6afedd00f5544bb49e027212b77b9a59795ef8c9b65d12c3234eb1"",""engine"":""millenniumdb"",""engine_version"":""MillenniumDB [engines.json profile]"",""scale"":""100M"",""base_endpoint_sha256"":""007a0f6d40c4f5763053f0656a9a8961bef2a93fdcf0d680038343fd899f8922"",""reified_endpoint_sha256"":""449f806c0d1e860421279be80d03331f7ad131ca9af34621cf32cc41042190d3"",""update_endpoint_sha256"":""8a607274f1b3d176dd6acfdc7381c25676b642e78d334a9664e45a2bdf3d52a0"",""base_data_identity_sha256"":""8a988dc83f4082a4f27503ba2906dc6b8733b3c02be567635c726c67bbd48314"",""reified_data_identity_sha256"":""16162702ccec82b2a0e27063cd04bd756a27af1f003b4cef0da976d843ef4725"",""update_for"":""none"",""access_mode"":""read-only"",""base_data_name"":""exploratory-base"",""reified_data_name"":""exploratory-reified"",""update_canary_sha256"":""2b9b44b25cd1c568cd57c6c5df25ae260b68229044617821fb33f542dab77648"",""store_instance_sha256"":""30e2f137e46adf31cbf946515707a3237ea7a5b1e32a4e3b81551f678798b917"",""store_discriminator_sha256"":""2e884d94ace185d62b1b91debf493ccd0a69b83d08e74cf5f1c2be4851b14215"",""tool_sha256"":""b38a65fc0c1a91e138f057f7b6c08d21c328463aceb40ffda53fc759f99d2f7a"",""java_runtime_sha256"":""bdd50c08a90e2fb713541b8a118df6250246a917edc41a6776aeafc90b472687"",""run_identity_sha256"":""a5c8fdf507e58c55d619bf61254a06e2dcd2c88b08078a5140e8286248998727""}"
baf731844a65b830a95b2167d5a3b6b77d65abcd,millenniumdb,MillenniumDB [engines.json profile],100M,S,S7,00,6c8f2b502c6afedd00f5544bb49e027212b77b9a59795ef8c9b65d12c3234eb1,R,reification-only,ok,2,3.2,2.2,5.4,3.6,1.6,1,3,300.0,312,0.0,,,,,139.37312,"[3.212, 5.404, 2.242]","[0.0, 0.0, 0.0]",,[],,[],,[],r9.2-frozen-identity-v7,545ddb438fb68256b8bca7f910a4cb7eda1c2ebe751ccb4235c79f4289c7fa3b,csv-binding-multiset-v1,2,e68e80eb852a567567506c098746b5a5d705fdf2b9da71ae6319d98ab39d3364,,,,,,,,007a0f6d40c4f5763053f0656a9a8961bef2a93fdcf0d680038343fd899f8922,449f806c0d1e860421279be80d03331f7ad131ca9af34621cf32cc41042190d3,8a607274f1b3d176dd6acfdc7381c25676b642e78d334a9664e45a2bdf3d52a0,8a988dc83f4082a4f27503ba2906dc6b8733b3c02be567635c726c67bbd48314,16162702ccec82b2a0e27063cd04bd756a27af1f003b4cef0da976d843ef4725,none,read-only,exploratory-base,exploratory-reified,2b9b44b25cd1c568cd57c6c5df25ae260b68229044617821fb33f542dab77648,30e2f137e46adf31cbf946515707a3237ea7a5b1e32a4e3b81551f678798b917,2e884d94ace185d62b1b91debf493ccd0a69b83d08e74cf5f1c2be4851b14215,b38a65fc0c1a91e138f057f7b6c08d21c328463aceb40ffda53fc759f99d2f7a,bdd50c08a90e2fb713541b8a118df6250246a917edc41a6776aeafc90b472687,a5c8fdf507e58c55d619bf61254a06e2dcd2c88b08078a5140e8286248998727,"pcm-meta-v2:{""protocol"":""r9.2-frozen-identity-v7"",""message"":"""",""cell_wall_ms"":161.484,""answer_kind"":""csv-binding-multiset-v1"",""answer_key_count"":2,""answer_fingerprint"":""e68e80eb852a567567506c098746b5a5d705fdf2b9da71ae6319d98ab39d3364"",""c_parse_samples"":[0.0,0.0,0.0],""c_protocol_samples"":[],""construct_total_samples"":[],""construct_unattributed_samples"":[],""status"":""ok"",""status_evidence"":null,""construction_requested"":null,""construction_effective"":null,""commit"":""baf731844a65b830a95b2167d5a3b6b77d65abcd"",""batch_id"":""545ddb438fb68256b8bca7f910a4cb7eda1c2ebe751ccb4235c79f4289c7fa3b"",""query_sha256"":""6c8f2b502c6afedd00f5544bb49e027212b77b9a59795ef8c9b65d12c3234eb1"",""engine"":""millenniumdb"",""engine_version"":""MillenniumDB [engines.json profile]"",""scale"":""100M"",""base_endpoint_sha256"":""007a0f6d40c4f5763053f0656a9a8961bef2a93fdcf0d680038343fd899f8922"",""reified_endpoint_sha256"":""449f806c0d1e860421279be80d03331f7ad131ca9af34621cf32cc41042190d3"",""update_endpoint_sha256"":""8a607274f1b3d176dd6acfdc7381c25676b642e78d334a9664e45a2bdf3d52a0"",""base_data_identity_sha256"":""8a988dc83f4082a4f27503ba2906dc6b8733b3c02be567635c726c67bbd48314"",""reified_data_identity_sha256"":""16162702ccec82b2a0e27063cd04bd756a27af1f003b4cef0da976d843ef4725"",""update_for"":""none"",""access_mode"":""read-only"",""base_data_name"":""exploratory-base"",""reified_data_name"":""exploratory-reified"",""update_canary_sha256"":""2b9b44b25cd1c568cd57c6c5df25ae260b68229044617821fb33f542dab77648"",""store_instance_sha256"":""30e2f137e46adf31cbf946515707a3237ea7a5b1e32a4e3b81551f678798b917"",""store_discriminator_sha256"":""2e884d94ace185d62b1b91debf493ccd0a69b83d08e74cf5f1c2be4851b14215"",""tool_sha256"":""b38a65fc0c1a91e138f057f7b6c08d21c328463aceb40ffda53fc759f99d2f7a"",""java_runtime_sha256"":""bdd50c08a90e2fb713541b8a118df6250246a917edc41a6776aeafc90b472687"",""run_identity_sha256"":""a5c8fdf507e58c55d619bf61254a06e2dcd2c88b08078a5140e8286248998727""}"
baf731844a65b830a95b2167d5a3b6b77d65abcd,millenniumdb,MillenniumDB [engines.json profile],100M,S,S7,00,6c8f2b502c6afedd00f5544bb49e027212b77b9a59795ef8c9b65d12c3234eb1,N,N_clean (NPCS reimplementation),ok,2,3.2,2.5,4.1,3.2,0.8,1,3,300.0,448,0.0,,,,2,201.990109,"[4.053, 2.499, 3.162]","[0.0, 0.0, 0.0]",,[],,[],,[],r9.2-frozen-identity-v7,545ddb438fb68256b8bca7f910a4cb7eda1c2ebe751ccb4235c79f4289c7fa3b,csv-candidate-multiset-v1,2,e68e80eb852a567567506c098746b5a5d705fdf2b9da71ae6319d98ab39d3364,,,,,,,,007a0f6d40c4f5763053f0656a9a8961bef2a93fdcf0d680038343fd899f8922,449f806c0d1e860421279be80d03331f7ad131ca9af34621cf32cc41042190d3,8a607274f1b3d176dd6acfdc7381c25676b642e78d334a9664e45a2bdf3d52a0,8a988dc83f4082a4f27503ba2906dc6b8733b3c02be567635c726c67bbd48314,16162702ccec82b2a0e27063cd04bd756a27af1f003b4cef0da976d843ef4725,none,read-only,exploratory-base,exploratory-reified,2b9b44b25cd1c568cd57c6c5df25ae260b68229044617821fb33f542dab77648,30e2f137e46adf31cbf946515707a3237ea7a5b1e32a4e3b81551f678798b917,2e884d94ace185d62b1b91debf493ccd0a69b83d08e74cf5f1c2be4851b14215,b38a65fc0c1a91e138f057f7b6c08d21c328463aceb40ffda53fc759f99d2f7a,bdd50c08a90e2fb713541b8a118df6250246a917edc41a6776aeafc90b472687,a5c8fdf507e58c55d619bf61254a06e2dcd2c88b08078a5140e8286248998727,"pcm-meta-v2:{""protocol"":""r9.2-frozen-identity-v7"",""message"":"""",""cell_wall_ms"":224.074,""answer_kind"":""csv-candidate-multiset-v1"",""answer_key_count"":2,""answer_fingerprint"":""e68e80eb852a567567506c098746b5a5d705fdf2b9da71ae6319d98ab39d3364"",""c_parse_samples"":[0.0,0.0,0.0],""c_protocol_samples"":[],""construct_total_samples"":[],""construct_unattributed_samples"":[],""status"":""ok"",""status_evidence"":null,""construction_requested"":null,""construction_effective"":null,""commit"":""baf731844a65b830a95b2167d5a3b6b77d65abcd"",""batch_id"":""545ddb438fb68256b8bca7f910a4cb7eda1c2ebe751ccb4235c79f4289c7fa3b"",""query_sha256"":""6c8f2b502c6afedd00f5544bb49e027212b77b9a59795ef8c9b65d12c3234eb1"",""engine"":""millenniumdb"",""engine_version"":""MillenniumDB [engines.json profile]"",""scale"":""100M"",""base_endpoint_sha256"":""007a0f6d40c4f5763053f0656a9a8961bef2a93fdcf0d680038343fd899f8922"",""reified_endpoint_sha256"":""449f806c0d1e860421279be80d03331f7ad131ca9af34621cf32cc41042190d3"",""update_endpoint_sha256"":""8a607274f1b3d176dd6acfdc7381c25676b642e78d334a9664e45a2bdf3d52a0"",""base_data_identity_sha256"":""8a988dc83f4082a4f27503ba2906dc6b8733b3c02be567635c726c67bbd48314"",""reified_data_identity_sha256"":""16162702ccec82b2a0e27063cd04bd756a27af1f003b4cef0da976d843ef4725"",""update_for"":""none"",""access_mode"":""read-only"",""base_data_name"":""exploratory-base"",""reified_data_name"":""exploratory-reified"",""update_canary_sha256"":""2b9b44b25cd1c568cd57c6c5df25ae260b68229044617821fb33f542dab77648"",""store_instance_sha256"":""30e2f137e46adf31cbf946515707a3237ea7a5b1e32a4e3b81551f678798b917"",""store_discriminator_sha256"":""2e884d94ace185d62b1b91debf493ccd0a69b83d08e74cf5f1c2be4851b14215"",""tool_sha256"":""b38a65fc0c1a91e138f057f7b6c08d21c328463aceb40ffda53fc759f99d2f7a"",""java_runtime_sha256"":""bdd50c08a90e2fb713541b8a118df6250246a917edc41a6776aeafc90b472687"",""run_identity_sha256"":""a5c8fdf507e58c55d619bf61254a06e2dcd2c88b08078a5140e8286248998727""}"
baf731844a65b830a95b2167d5a3b6b77d65abcd,millenniumdb,MillenniumDB [engines.json profile],100M,S,S7,00,6c8f2b502c6afedd00f5544bb49e027212b77b9a59795ef8c9b65d12c3234eb1,C,SPARQLcirc CircuitRewriter,ok,2,8.7,6.0,9.0,7.9,1.7,1,3,300.0,4682,0.7,4,8,2,,372.972908,"[5.99, 9.004, 8.705]","[0.703, 0.692, 0.62]",0.0,"[0.0, 0.0, 0.0]",9.4,"[6.773, 9.777, 9.413]",0.1,"[0.08, 0.081, 0.088]",r9.2-frozen-identity-v7,545ddb438fb68256b8bca7f910a4cb7eda1c2ebe751ccb4235c79f4289c7fa3b,term-aware-candidate-set-v1,2,767e5b3df77b9e1bd24a1a9448f04c2d6e37147ee3a55f48af0d7da077568e8f,flat,flat,b633ab98e652548317ee502573748fe872b279998d9e26084068d091172de4fc,,,,,007a0f6d40c4f5763053f0656a9a8961bef2a93fdcf0d680038343fd899f8922,449f806c0d1e860421279be80d03331f7ad131ca9af34621cf32cc41042190d3,8a607274f1b3d176dd6acfdc7381c25676b642e78d334a9664e45a2bdf3d52a0,8a988dc83f4082a4f27503ba2906dc6b8733b3c02be567635c726c67bbd48314,16162702ccec82b2a0e27063cd04bd756a27af1f003b4cef0da976d843ef4725,none,read-only,exploratory-base,exploratory-reified,2b9b44b25cd1c568cd57c6c5df25ae260b68229044617821fb33f542dab77648,30e2f137e46adf31cbf946515707a3237ea7a5b1e32a4e3b81551f678798b917,2e884d94ace185d62b1b91debf493ccd0a69b83d08e74cf5f1c2be4851b14215,b38a65fc0c1a91e138f057f7b6c08d21c328463aceb40ffda53fc759f99d2f7a,bdd50c08a90e2fb713541b8a118df6250246a917edc41a6776aeafc90b472687,a5c8fdf507e58c55d619bf61254a06e2dcd2c88b08078a5140e8286248998727,"pcm-meta-v2:{""protocol"":""r9.2-frozen-identity-v7"",""message"":""C requested=flat effective=flat; steps=1 feedback=0; network includes CONSTRUCT, feedback INSERT, and cleanup DELETE"",""cell_wall_ms"":419.572,""answer_kind"":""term-aware-candidate-set-v1"",""answer_key_count"":2,""answer_fingerprint"":""767e5b3df77b9e1bd24a1a9448f04c2d6e37147ee3a55f48af0d7da077568e8f"",""c_parse_samples"":[0.703,0.692,0.62],""c_protocol_samples"":[{""requested_mode"":""flat"",""effective_mode"":""flat"",""fallback_reason"":null,""plan_steps"":1,""feedback_steps"":0,""feedback_triples"":0,""construct_query_ms"":5.99,""feedback_update_ms"":0.0,""cleanup_ms"":0.0,""client_protocol_ms"":0.0,""network_scope"":""construct+feedback+cleanup"",""circuit_sha256"":""b633ab98e652548317ee502573748fe872b279998d9e26084068d091172de4fc"",""answer_fingerprint"":""767e5b3df77b9e1bd24a1a9448f04c2d6e37147ee3a55f48af0d7da077568e8f"",""semantic_signature_sha256"":""08c146b1e799a24c1daa291f258562521c4a9ac29711c8608384406adfff4ea5"",""structure_signature"":{""gates"":4,""edges"":8,""answers"":2,""derivations"":2,""canonical_bytes"":4682},""construct_total_ms"":6.773,""client_unattributed_ms"":0.08},{""requested_mode"":""flat"",""effective_mode"":""flat"",""fallback_reason"":null,""plan_steps"":1,""feedback_steps"":0,""feedback_triples"":0,""construct_query_ms"":9.004,""feedback_update_ms"":0.0,""cleanup_ms"":0.0,""client_protocol_ms"":0.0,""network_scope"":""construct+feedback+cleanup"",""circuit_sha256"":""b633ab98e652548317ee502573748fe872b279998d9e26084068d091172de4fc"",""answer_fingerprint"":""767e5b3df77b9e1bd24a1a9448f04c2d6e37147ee3a55f48af0d7da077568e8f"",""semantic_signature_sha256"":""08c146b1e799a24c1daa291f258562521c4a9ac29711c8608384406adfff4ea5"",""structure_signature"":{""gates"":4,""edges"":8,""answers"":2,""derivations"":2,""canonical_bytes"":4682},""construct_total_ms"":9.777,""client_unattributed_ms"":0.081},{""requested_mode"":""flat"",""effective_mode"":""flat"",""fallback_reason"":null,""plan_steps"":1,""feedback_steps"":0,""feedback_triples"":0,""construct_query_ms"":8.705,""feedback_update_ms"":0.0,""cleanup_ms"":0.0,""client_protocol_ms"":0.0,""network_scope"":""construct+feedback+cleanup"",""circuit_sha256"":""b633ab98e652548317ee502573748fe872b279998d9e26084068d091172de4fc"",""answer_fingerprint"":""767e5b3df77b9e1bd24a1a9448f04c2d6e37147ee3a55f48af0d7da077568e8f"",""semantic_signature_sha256"":""08c146b1e799a24c1daa291f258562521c4a9ac29711c8608384406adfff4ea5"",""structure_signature"":{""gates"":4,""edges"":8,""answers"":2,""derivations"":2,""canonical_bytes"":4682},""construct_total_ms"":9.413,""client_unattributed_ms"":0.088}],""construct_total_samples"":[6.773,9.777,9.413],""construct_unattributed_samples"":[0.08,0.081,0.088],""status"":""ok"",""status_evidence"":null,""c_warmup_signatures"":[""08c146b1e799a24c1daa291f258562521c4a9ac29711c8608384406adfff4ea5""],""measured_semantic_signature_sha256"":""08c146b1e799a24c1daa291f258562521c4a9ac29711c8608384406adfff4ea5"",""measured_repetitions_consistent"":true,""construction_requested"":""flat"",""construction_effective"":""flat"",""commit"":""baf731844a65b830a95b2167d5a3b6b77d65abcd"",""batch_id"":""545ddb438fb68256b8bca7f910a4cb7eda1c2ebe751ccb4235c79f4289c7fa3b"",""query_sha256"":""6c8f2b502c6afedd00f5544bb49e027212b77b9a59795ef8c9b65d12c3234eb1"",""engine"":""millenniumdb"",""engine_version"":""MillenniumDB [engines.json profile]"",""scale"":""100M"",""base_endpoint_sha256"":""007a0f6d40c4f5763053f0656a9a8961bef2a93fdcf0d680038343fd899f8922"",""reified_endpoint_sha256"":""449f806c0d1e860421279be80d03331f7ad131ca9af34621cf32cc41042190d3"",""update_endpoint_sha256"":""8a607274f1b3d176dd6acfdc7381c25676b642e78d334a9664e45a2bdf3d52a0"",""base_data_identity_sha256"":""8a988dc83f4082a4f27503ba2906dc6b8733b3c02be567635c726c67bbd48314"",""reified_data_identity_sha256"":""16162702ccec82b2a0e27063cd04bd756a27af1f003b4cef0da976d843ef4725"",""update_for"":""none"",""access_mode"":""read-only"",""base_data_name"":""exploratory-base"",""reified_data_name"":""exploratory-reified"",""update_canary_sha256"":""2b9b44b25cd1c568cd57c6c5df25ae260b68229044617821fb33f542dab77648"",""store_instance_sha256"":""30e2f137e46adf31cbf946515707a3237ea7a5b1e32a4e3b81551f678798b917"",""store_discriminator_sha256"":""2e884d94ace185d62b1b91debf493ccd0a69b83d08e74cf5f1c2be4851b14215"",""tool_sha256"":""b38a65fc0c1a91e138f057f7b6c08d21c328463aceb40ffda53fc759f99d2f7a"",""java_runtime_sha256"":""bdd50c08a90e2fb713541b8a118df6250246a917edc41a6776aeafc90b472687"",""run_identity_sha256"":""a5c8fdf507e58c55d619bf61254a06e2dcd2c88b08078a5140e8286248998727""}"
baf731844a65b830a95b2167d5a3b6b77d65abcd,millenniumdb,MillenniumDB [engines.json profile],100M,F,F1,00,dbdf1c8c5e356208a245642d65bdf739a745f5339663addadfdb6363c1aeab02,B,base-select,ok,11,3.0,2.3,3.2,2.8,0.5,1,3,300.0,3416,0.0,,,,,0.0064,"[3.238, 2.261, 2.967]","[0.0, 0.0, 0.0]",,[],,[],,[],r9.2-frozen-identity-v7,65e3926e6207b41f04e9825b1697c3818e9cf817bb3b8acdfeaecb457c987a33,csv-binding-multiset-v1,11,3c05da4a918f7255e59d457db010617c5d1d10e94efcb43a3e1ffb95e80a1559,,,,,,,,007a0f6d40c4f5763053f0656a9a8961bef2a93fdcf0d680038343fd899f8922,449f806c0d1e860421279be80d03331f7ad131ca9af34621cf32cc41042190d3,8a607274f1b3d176dd6acfdc7381c25676b642e78d334a9664e45a2bdf3d52a0,8a988dc83f4082a4f27503ba2906dc6b8733b3c02be567635c726c67bbd48314,16162702ccec82b2a0e27063cd04bd756a27af1f003b4cef0da976d843ef4725,none,read-only,exploratory-base,exploratory-reified,2b9b44b25cd1c568cd57c6c5df25ae260b68229044617821fb33f542dab77648,30e2f137e46adf31cbf946515707a3237ea7a5b1e32a4e3b81551f678798b917,2e884d94ace185d62b1b91debf493ccd0a69b83d08e74cf5f1c2be4851b14215,b38a65fc0c1a91e138f057f7b6c08d21c328463aceb40ffda53fc759f99d2f7a,bdd50c08a90e2fb713541b8a118df6250246a917edc41a6776aeafc90b472687,21a92844892da67568f99f8955ee415efa2bcc4ee3d206ac3c19b5a3d2e80035,"pcm-meta-v2:{""protocol"":""r9.2-frozen-identity-v7"",""message"":"""",""cell_wall_ms"":20.412,""answer_kind"":""csv-binding-multiset-v1"",""answer_key_count"":11,""answer_fingerprint"":""3c05da4a918f7255e59d457db010617c5d1d10e94efcb43a3e1ffb95e80a1559"",""c_parse_samples"":[0.0,0.0,0.0],""c_protocol_samples"":[],""construct_total_samples"":[],""construct_unattributed_samples"":[],""status"":""ok"",""status_evidence"":null,""construction_requested"":null,""construction_effective"":null,""commit"":""baf731844a65b830a95b2167d5a3b6b77d65abcd"",""batch_id"":""65e3926e6207b41f04e9825b1697c3818e9cf817bb3b8acdfeaecb457c987a33"",""query_sha256"":""dbdf1c8c5e356208a245642d65bdf739a745f5339663addadfdb6363c1aeab02"",""engine"":""millenniumdb"",""engine_version"":""MillenniumDB [engines.json profile]"",""scale"":""100M"",""base_endpoint_sha256"":""007a0f6d40c4f5763053f0656a9a8961bef2a93fdcf0d680038343fd899f8922"",""reified_endpoint_sha256"":""449f806c0d1e860421279be80d03331f7ad131ca9af34621cf32cc41042190d3"",""update_endpoint_sha256"":""8a607274f1b3d176dd6acfdc7381c25676b642e78d334a9664e45a2bdf3d52a0"",""base_data_identity_sha256"":""8a988dc83f4082a4f27503ba2906dc6b8733b3c02be567635c726c67bbd48314"",""reified_data_identity_sha256"":""16162702ccec82b2a0e27063cd04bd756a27af1f003b4cef0da976d843ef4725"",""update_for"":""none"",""access_mode"":""read-only"",""base_data_name"":""exploratory-base"",""reified_data_name"":""exploratory-reified"",""update_canary_sha256"":""2b9b44b25cd1c568cd57c6c5df25ae260b68229044617821fb33f542dab77648"",""store_instance_sha256"":""30e2f137e46adf31cbf946515707a3237ea7a5b1e32a4e3b81551f678798b917"",""store_discriminator_sha256"":""2e884d94ace185d62b1b91debf493ccd0a69b83d08e74cf5f1c2be4851b14215"",""tool_sha256"":""b38a65fc0c1a91e138f057f7b6c08d21c328463aceb40ffda53fc759f99d2f7a"",""java_runtime_sha256"":""bdd50c08a90e2fb713541b8a118df6250246a917edc41a6776aeafc90b472687"",""run_identity_sha256"":""21a92844892da67568f99f8955ee415efa2bcc4ee3d206ac3c19b5a3d2e80035""}"
baf731844a65b830a95b2167d5a3b6b77d65abcd,millenniumdb,MillenniumDB [engines.json profile],100M,F,F1,00,dbdf1c8c5e356208a245642d65bdf739a745f5339663addadfdb6363c1aeab02,R,reification-only,ok,11,53.4,53.2,55.6,54.1,1.3,1,3,300.0,3416,0.0,,,,,131.128406,"[55.592, 53.446, 53.194]","[0.0, 0.0, 0.0]",,[],,[],,[],r9.2-frozen-identity-v7,65e3926e6207b41f04e9825b1697c3818e9cf817bb3b8acdfeaecb457c987a33,csv-binding-multiset-v1,11,3c05da4a918f7255e59d457db010617c5d1d10e94efcb43a3e1ffb95e80a1559,,,,,,,,007a0f6d40c4f5763053f0656a9a8961bef2a93fdcf0d680038343fd899f8922,449f806c0d1e860421279be80d03331f7ad131ca9af34621cf32cc41042190d3,8a607274f1b3d176dd6acfdc7381c25676b642e78d334a9664e45a2bdf3d52a0,8a988dc83f4082a4f27503ba2906dc6b8733b3c02be567635c726c67bbd48314,16162702ccec82b2a0e27063cd04bd756a27af1f003b4cef0da976d843ef4725,none,read-only,exploratory-base,exploratory-reified,2b9b44b25cd1c568cd57c6c5df25ae260b68229044617821fb33f542dab77648,30e2f137e46adf31cbf946515707a3237ea7a5b1e32a4e3b81551f678798b917,2e884d94ace185d62b1b91debf493ccd0a69b83d08e74cf5f1c2be4851b14215,b38a65fc0c1a91e138f057f7b6c08d21c328463aceb40ffda53fc759f99d2f7a,bdd50c08a90e2fb713541b8a118df6250246a917edc41a6776aeafc90b472687,21a92844892da67568f99f8955ee415efa2bcc4ee3d206ac3c19b5a3d2e80035,"pcm-meta-v2:{""protocol"":""r9.2-frozen-identity-v7"",""message"":"""",""cell_wall_ms"":715.749,""answer_kind"":""csv-binding-multiset-v1"",""answer_key_count"":11,""answer_fingerprint"":""3c05da4a918f7255e59d457db010617c5d1d10e94efcb43a3e1ffb95e80a1559"",""c_parse_samples"":[0.0,0.0,0.0],""c_protocol_samples"":[],""construct_total_samples"":[],""construct_unattributed_samples"":[],""status"":""ok"",""status_evidence"":null,""construction_requested"":null,""construction_effective"":null,""commit"":""baf731844a65b830a95b2167d5a3b6b77d65abcd"",""batch_id"":""65e3926e6207b41f04e9825b1697c3818e9cf817bb3b8acdfeaecb457c987a33"",""query_sha256"":""dbdf1c8c5e356208a245642d65bdf739a745f5339663addadfdb6363c1aeab02"",""engine"":""millenniumdb"",""engine_version"":""MillenniumDB [engines.json profile]"",""scale"":""100M"",""base_endpoint_sha256"":""007a0f6d40c4f5763053f0656a9a8961bef2a93fdcf0d680038343fd899f8922"",""reified_endpoint_sha256"":""449f806c0d1e860421279be80d03331f7ad131ca9af34621cf32cc41042190d3"",""update_endpoint_sha256"":""8a607274f1b3d176dd6acfdc7381c25676b642e78d334a9664e45a2bdf3d52a0"",""base_data_identity_sha256"":""8a988dc83f4082a4f27503ba2906dc6b8733b3c02be567635c726c67bbd48314"",""reified_data_identity_sha256"":""16162702ccec82b2a0e27063cd04bd756a27af1f003b4cef0da976d843ef4725"",""update_for"":""none"",""access_mode"":""read-only"",""base_data_name"":""exploratory-base"",""reified_data_name"":""exploratory-reified"",""update_canary_sha256"":""2b9b44b25cd1c568cd57c6c5df25ae260b68229044617821fb33f542dab77648"",""store_instance_sha256"":""30e2f137e46adf31cbf946515707a3237ea7a5b1e32a4e3b81551f678798b917"",""store_discriminator_sha256"":""2e884d94ace185d62b1b91debf493ccd0a69b83d08e74cf5f1c2be4851b14215"",""tool_sha256"":""b38a65fc0c1a91e138f057f7b6c08d21c328463aceb40ffda53fc759f99d2f7a"",""java_runtime_sha256"":""bdd50c08a90e2fb713541b8a118df6250246a917edc41a6776aeafc90b472687"",""run_identity_sha256"":""21a92844892da67568f99f8955ee415efa2bcc4ee3d206ac3c19b5a3d2e80035""}"
baf731844a65b830a95b2167d5a3b6b77d65abcd,millenniumdb,MillenniumDB [engines.json profile],100M,F,F1,00,dbdf1c8c5e356208a245642d65bdf739a745f5339663addadfdb6363c1aeab02,N,N_clean (NPCS reimplementation),ok,11,54.1,53.6,62.0,56.5,4.7,1,3,300.0,4537,0.0,,,,11,179.855964,"[61.955, 53.585, 54.1]","[0.0, 0.0, 0.0]",,[],,[],,[],r9.2-frozen-identity-v7,65e3926e6207b41f04e9825b1697c3818e9cf817bb3b8acdfeaecb457c987a33,csv-candidate-multiset-v1,11,3c05da4a918f7255e59d457db010617c5d1d10e94efcb43a3e1ffb95e80a1559,,,,,,,,007a0f6d40c4f5763053f0656a9a8961bef2a93fdcf0d680038343fd899f8922,449f806c0d1e860421279be80d03331f7ad131ca9af34621cf32cc41042190d3,8a607274f1b3d176dd6acfdc7381c25676b642e78d334a9664e45a2bdf3d52a0,8a988dc83f4082a4f27503ba2906dc6b8733b3c02be567635c726c67bbd48314,16162702ccec82b2a0e27063cd04bd756a27af1f003b4cef0da976d843ef4725,none,read-only,exploratory-base,exploratory-reified,2b9b44b25cd1c568cd57c6c5df25ae260b68229044617821fb33f542dab77648,30e2f137e46adf31cbf946515707a3237ea7a5b1e32a4e3b81551f678798b917,2e884d94ace185d62b1b91debf493ccd0a69b83d08e74cf5f1c2be4851b14215,b38a65fc0c1a91e138f057f7b6c08d21c328463aceb40ffda53fc759f99d2f7a,bdd50c08a90e2fb713541b8a118df6250246a917edc41a6776aeafc90b472687,21a92844892da67568f99f8955ee415efa2bcc4ee3d206ac3c19b5a3d2e80035,"pcm-meta-v2:{""protocol"":""r9.2-frozen-identity-v7"",""message"":"""",""cell_wall_ms"":419.698,""answer_kind"":""csv-candidate-multiset-v1"",""answer_key_count"":11,""answer_fingerprint"":""3c05da4a918f7255e59d457db010617c5d1d10e94efcb43a3e1ffb95e80a1559"",""c_parse_samples"":[0.0,0.0,0.0],""c_protocol_samples"":[],""construct_total_samples"":[],""construct_unattributed_samples"":[],""status"":""ok"",""status_evidence"":null,""construction_requested"":null,""construction_effective"":null,""commit"":""baf731844a65b830a95b2167d5a3b6b77d65abcd"",""batch_id"":""65e3926e6207b41f04e9825b1697c3818e9cf817bb3b8acdfeaecb457c987a33"",""query_sha256"":""dbdf1c8c5e356208a245642d65bdf739a745f5339663addadfdb6363c1aeab02"",""engine"":""millenniumdb"",""engine_version"":""MillenniumDB [engines.json profile]"",""scale"":""100M"",""base_endpoint_sha256"":""007a0f6d40c4f5763053f0656a9a8961bef2a93fdcf0d680038343fd899f8922"",""reified_endpoint_sha256"":""449f806c0d1e860421279be80d03331f7ad131ca9af34621cf32cc41042190d3"",""update_endpoint_sha256"":""8a607274f1b3d176dd6acfdc7381c25676b642e78d334a9664e45a2bdf3d52a0"",""base_data_identity_sha256"":""8a988dc83f4082a4f27503ba2906dc6b8733b3c02be567635c726c67bbd48314"",""reified_data_identity_sha256"":""16162702ccec82b2a0e27063cd04bd756a27af1f003b4cef0da976d843ef4725"",""update_for"":""none"",""access_mode"":""read-only"",""base_data_name"":""exploratory-base"",""reified_data_name"":""exploratory-reified"",""update_canary_sha256"":""2b9b44b25cd1c568cd57c6c5df25ae260b68229044617821fb33f542dab77648"",""store_instance_sha256"":""30e2f137e46adf31cbf946515707a3237ea7a5b1e32a4e3b81551f678798b917"",""store_discriminator_sha256"":""2e884d94ace185d62b1b91debf493ccd0a69b83d08e74cf5f1c2be4851b14215"",""tool_sha256"":""b38a65fc0c1a91e138f057f7b6c08d21c328463aceb40ffda53fc759f99d2f7a"",""java_runtime_sha256"":""bdd50c08a90e2fb713541b8a118df6250246a917edc41a6776aeafc90b472687"",""run_identity_sha256"":""21a92844892da67568f99f8955ee415efa2bcc4ee3d206ac3c19b5a3d2e80035""}"
baf731844a65b830a95b2167d5a3b6b77d65abcd,millenniumdb,MillenniumDB [engines.json profile],100M,F,F1,00,dbdf1c8c5e356208a245642d65bdf739a745f5339663addadfdb6363c1aeab02,C,SPARQLcirc CircuitRewriter,ok,11,65.6,65.3,73.6,68.2,4.7,1,3,300.0,41226,3.4,22,77,11,,431.086008,"[65.562, 65.305, 73.63]","[3.448, 3.512, 3.431]",0.0,"[0.0, 0.0, 0.0]",69.1,"[69.107, 68.901, 77.155]",0.1,"[0.097, 0.084, 0.094]",r9.2-frozen-identity-v7,65e3926e6207b41f04e9825b1697c3818e9cf817bb3b8acdfeaecb457c987a33,term-aware-candidate-set-v1,11,fad2b61b449efdd3efc1de1c7653c8155bb7ee4d1ae6e98f4ce271980b4a173a,flat,flat,550c22e985914b601b2bcd82b1681d78e330332aa2480b1fee7b4dc9bd35924f,,,,,007a0f6d40c4f5763053f0656a9a8961bef2a93fdcf0d680038343fd899f8922,449f806c0d1e860421279be80d03331f7ad131ca9af34621cf32cc41042190d3,8a607274f1b3d176dd6acfdc7381c25676b642e78d334a9664e45a2bdf3d52a0,8a988dc83f4082a4f27503ba2906dc6b8733b3c02be567635c726c67bbd48314,16162702ccec82b2a0e27063cd04bd756a27af1f003b4cef0da976d843ef4725,none,read-only,exploratory-base,exploratory-reified,2b9b44b25cd1c568cd57c6c5df25ae260b68229044617821fb33f542dab77648,30e2f137e46adf31cbf946515707a3237ea7a5b1e32a4e3b81551f678798b917,2e884d94ace185d62b1b91debf493ccd0a69b83d08e74cf5f1c2be4851b14215,b38a65fc0c1a91e138f057f7b6c08d21c328463aceb40ffda53fc759f99d2f7a,bdd50c08a90e2fb713541b8a118df6250246a917edc41a6776aeafc90b472687,21a92844892da67568f99f8955ee415efa2bcc4ee3d206ac3c19b5a3d2e80035,"pcm-meta-v2:{""protocol"":""r9.2-frozen-identity-v7"",""message"":""C requested=flat effective=flat; steps=1 feedback=0; network includes CONSTRUCT, feedback INSERT, and cleanup DELETE"",""cell_wall_ms"":763.995,""answer_kind"":""term-aware-candidate-set-v1"",""answer_key_count"":11,""answer_fingerprint"":""fad2b61b449efdd3efc1de1c7653c8155bb7ee4d1ae6e98f4ce271980b4a173a"",""c_parse_samples"":[3.448,3.512,3.431],""c_protocol_samples"":[{""requested_mode"":""flat"",""effective_mode"":""flat"",""fallback_reason"":null,""plan_steps"":1,""feedback_steps"":0,""feedback_triples"":0,""construct_query_ms"":65.562,""feedback_update_ms"":0.0,""cleanup_ms"":0.0,""client_protocol_ms"":0.0,""network_scope"":""construct+feedback+cleanup"",""circuit_sha256"":""550c22e985914b601b2bcd82b1681d78e330332aa2480b1fee7b4dc9bd35924f"",""answer_fingerprint"":""fad2b61b449efdd3efc1de1c7653c8155bb7ee4d1ae6e98f4ce271980b4a173a"",""semantic_signature_sha256"":""ed3c49a6a4b932c3098e0cac64439693fa9eb01d8e03118cd11c999ef2dfacc6"",""structure_signature"":{""gates"":22,""edges"":77,""answers"":11,""derivations"":11,""canonical_bytes"":41226},""construct_total_ms"":69.107,""client_unattributed_ms"":0.097},{""requested_mode"":""flat"",""effective_mode"":""flat"",""fallback_reason"":null,""plan_steps"":1,""feedback_steps"":0,""feedback_triples"":0,""construct_query_ms"":65.305,""feedback_update_ms"":0.0,""cleanup_ms"":0.0,""client_protocol_ms"":0.0,""network_scope"":""construct+feedback+cleanup"",""circuit_sha256"":""550c22e985914b601b2bcd82b1681d78e330332aa2480b1fee7b4dc9bd35924f"",""answer_fingerprint"":""fad2b61b449efdd3efc1de1c7653c8155bb7ee4d1ae6e98f4ce271980b4a173a"",""semantic_signature_sha256"":""ed3c49a6a4b932c3098e0cac64439693fa9eb01d8e03118cd11c999ef2dfacc6"",""structure_signature"":{""gates"":22,""edges"":77,""answers"":11,""derivations"":11,""canonical_bytes"":41226},""construct_total_ms"":68.901,""client_unattributed_ms"":0.084},{""requested_mode"":""flat"",""effective_mode"":""flat"",""fallback_reason"":null,""plan_steps"":1,""feedback_steps"":0,""feedback_triples"":0,""construct_query_ms"":73.63,""feedback_update_ms"":0.0,""cleanup_ms"":0.0,""client_protocol_ms"":0.0,""network_scope"":""construct+feedback+cleanup"",""circuit_sha256"":""550c22e985914b601b2bcd82b1681d78e330332aa2480b1fee7b4dc9bd35924f"",""answer_fingerprint"":""fad2b61b449efdd3efc1de1c7653c8155bb7ee4d1ae6e98f4ce271980b4a173a"",""semantic_signature_sha256"":""ed3c49a6a4b932c3098e0cac64439693fa9eb01d8e03118cd11c999ef2dfacc6"",""structure_signature"":{""gates"":22,""edges"":77,""answers"":11,""derivations"":11,""canonical_bytes"":41226},""construct_total_ms"":77.155,""client_unattributed_ms"":0.094}],""construct_total_samples"":[69.107,68.901,77.155],""construct_unattributed_samples"":[0.097,0.084,0.094],""status"":""ok"",""status_evidence"":null,""c_warmup_signatures"":[""ed3c49a6a4b932c3098e0cac64439693fa9eb01d8e03118cd11c999ef2dfacc6""],""measured_semantic_signature_sha256"":""ed3c49a6a4b932c3098e0cac64439693fa9eb01d8e03118cd11c999ef2dfacc6"",""measured_repetitions_consistent"":true,""construction_requested"":""flat"",""construction_effective"":""flat"",""commit"":""baf731844a65b830a95b2167d5a3b6b77d65abcd"",""batch_id"":""65e3926e6207b41f04e9825b1697c3818e9cf817bb3b8acdfeaecb457c987a33"",""query_sha256"":""dbdf1c8c5e356208a245642d65bdf739a745f5339663addadfdb6363c1aeab02"",""engine"":""millenniumdb"",""engine_version"":""MillenniumDB [engines.json profile]"",""scale"":""100M"",""base_endpoint_sha256"":""007a0f6d40c4f5763053f0656a9a8961bef2a93fdcf0d680038343fd899f8922"",""reified_endpoint_sha256"":""449f806c0d1e860421279be80d03331f7ad131ca9af34621cf32cc41042190d3"",""update_endpoint_sha256"":""8a607274f1b3d176dd6acfdc7381c25676b642e78d334a9664e45a2bdf3d52a0"",""base_data_identity_sha256"":""8a988dc83f4082a4f27503ba2906dc6b8733b3c02be567635c726c67bbd48314"",""reified_data_identity_sha256"":""16162702ccec82b2a0e27063cd04bd756a27af1f003b4cef0da976d843ef4725"",""update_for"":""none"",""access_mode"":""read-only"",""base_data_name"":""exploratory-base"",""reified_data_name"":""exploratory-reified"",""update_canary_sha256"":""2b9b44b25cd1c568cd57c6c5df25ae260b68229044617821fb33f542dab77648"",""store_instance_sha256"":""30e2f137e46adf31cbf946515707a3237ea7a5b1e32a4e3b81551f678798b917"",""store_discriminator_sha256"":""2e884d94ace185d62b1b91debf493ccd0a69b83d08e74cf5f1c2be4851b14215"",""tool_sha256"":""b38a65fc0c1a91e138f057f7b6c08d21c328463aceb40ffda53fc759f99d2f7a"",""java_runtime_sha256"":""bdd50c08a90e2fb713541b8a118df6250246a917edc41a6776aeafc90b472687"",""run_identity_sha256"":""21a92844892da67568f99f8955ee415efa2bcc4ee3d206ac3c19b5a3d2e80035""}"
baf731844a65b830a95b2167d5a3b6b77d65abcd,millenniumdb,MillenniumDB [engines.json profile],100M,F,F2,00,a2d067af87788371d0895c53af5536df3cc59090adda8fe35f6c9b1491962642,B,base-select,ok,13,4.7,4.6,5.7,5.0,0.6,1,3,300.0,7534,0.0,,,,,0.00598,"[4.647, 5.721, 4.679]","[0.0, 0.0, 0.0]",,[],,[],,[],r9.2-frozen-identity-v7,65e3926e6207b41f04e9825b1697c3818e9cf817bb3b8acdfeaecb457c987a33,csv-binding-multiset-v1,13,eb12c10d02961db002d1553c55d13e52d23d6451abba821aae4f509a8d042e63,,,,,,,,007a0f6d40c4f5763053f0656a9a8961bef2a93fdcf0d680038343fd899f8922,449f806c0d1e860421279be80d03331f7ad131ca9af34621cf32cc41042190d3,8a607274f1b3d176dd6acfdc7381c25676b642e78d334a9664e45a2bdf3d52a0,8a988dc83f4082a4f27503ba2906dc6b8733b3c02be567635c726c67bbd48314,16162702ccec82b2a0e27063cd04bd756a27af1f003b4cef0da976d843ef4725,none,read-only,exploratory-base,exploratory-reified,2b9b44b25cd1c568cd57c6c5df25ae260b68229044617821fb33f542dab77648,30e2f137e46adf31cbf946515707a3237ea7a5b1e32a4e3b81551f678798b917,2e884d94ace185d62b1b91debf493ccd0a69b83d08e74cf5f1c2be4851b14215,b38a65fc0c1a91e138f057f7b6c08d21c328463aceb40ffda53fc759f99d2f7a,bdd50c08a90e2fb713541b8a118df6250246a917edc41a6776aeafc90b472687,356bbf8fa9f7c0a881d8b7558808111b0128d8fcf5d7160a89b2239284eccbf3,"pcm-meta-v2:{""protocol"":""r9.2-frozen-identity-v7"",""message"":"""",""cell_wall_ms"":38.65,""answer_kind"":""csv-binding-multiset-v1"",""answer_key_count"":13,""answer_fingerprint"":""eb12c10d02961db002d1553c55d13e52d23d6451abba821aae4f509a8d042e63"",""c_parse_samples"":[0.0,0.0,0.0],""c_protocol_samples"":[],""construct_total_samples"":[],""construct_unattributed_samples"":[],""status"":""ok"",""status_evidence"":null,""construction_requested"":null,""construction_effective"":null,""commit"":""baf731844a65b830a95b2167d5a3b6b77d65abcd"",""batch_id"":""65e3926e6207b41f04e9825b1697c3818e9cf817bb3b8acdfeaecb457c987a33"",""query_sha256"":""a2d067af87788371d0895c53af5536df3cc59090adda8fe35f6c9b1491962642"",""engine"":""millenniumdb"",""engine_version"":""MillenniumDB [engines.json profile]"",""scale"":""100M"",""base_endpoint_sha256"":""007a0f6d40c4f5763053f0656a9a8961bef2a93fdcf0d680038343fd899f8922"",""reified_endpoint_sha256"":""449f806c0d1e860421279be80d03331f7ad131ca9af34621cf32cc41042190d3"",""update_endpoint_sha256"":""8a607274f1b3d176dd6acfdc7381c25676b642e78d334a9664e45a2bdf3d52a0"",""base_data_identity_sha256"":""8a988dc83f4082a4f27503ba2906dc6b8733b3c02be567635c726c67bbd48314"",""reified_data_identity_sha256"":""16162702ccec82b2a0e27063cd04bd756a27af1f003b4cef0da976d843ef4725"",""update_for"":""none"",""access_mode"":""read-only"",""base_data_name"":""exploratory-base"",""reified_data_name"":""exploratory-reified"",""update_canary_sha256"":""2b9b44b25cd1c568cd57c6c5df25ae260b68229044617821fb33f542dab77648"",""store_instance_sha256"":""30e2f137e46adf31cbf946515707a3237ea7a5b1e32a4e3b81551f678798b917"",""store_discriminator_sha256"":""2e884d94ace185d62b1b91debf493ccd0a69b83d08e74cf5f1c2be4851b14215"",""tool_sha256"":""b38a65fc0c1a91e138f057f7b6c08d21c328463aceb40ffda53fc759f99d2f7a"",""java_runtime_sha256"":""bdd50c08a90e2fb713541b8a118df6250246a917edc41a6776aeafc90b472687"",""run_identity_sha256"":""356bbf8fa9f7c0a881d8b7558808111b0128d8fcf5d7160a89b2239284eccbf3""}"
baf731844a65b830a95b2167d5a3b6b77d65abcd,millenniumdb,MillenniumDB [engines.json profile],100M,F,F2,00,a2d067af87788371d0895c53af5536df3cc59090adda8fe35f6c9b1491962642,R,reification-only,ok,13,20.7,18.1,27.2,22.0,4.7,1,3,300.0,7534,0.0,,,,,142.521068,"[20.657, 18.115, 27.212]","[0.0, 0.0, 0.0]",,[],,[],,[],r9.2-frozen-identity-v7,65e3926e6207b41f04e9825b1697c3818e9cf817bb3b8acdfeaecb457c987a33,csv-binding-multiset-v1,13,eb12c10d02961db002d1553c55d13e52d23d6451abba821aae4f509a8d042e63,,,,,,,,007a0f6d40c4f5763053f0656a9a8961bef2a93fdcf0d680038343fd899f8922,449f806c0d1e860421279be80d03331f7ad131ca9af34621cf32cc41042190d3,8a607274f1b3d176dd6acfdc7381c25676b642e78d334a9664e45a2bdf3d52a0,8a988dc83f4082a4f27503ba2906dc6b8733b3c02be567635c726c67bbd48314,16162702ccec82b2a0e27063cd04bd756a27af1f003b4cef0da976d843ef4725,none,read-only,exploratory-base,exploratory-reified,2b9b44b25cd1c568cd57c6c5df25ae260b68229044617821fb33f542dab77648,30e2f137e46adf31cbf946515707a3237ea7a5b1e32a4e3b81551f678798b917,2e884d94ace185d62b1b91debf493ccd0a69b83d08e74cf5f1c2be4851b14215,b38a65fc0c1a91e138f057f7b6c08d21c328463aceb40ffda53fc759f99d2f7a,bdd50c08a90e2fb713541b8a118df6250246a917edc41a6776aeafc90b472687,356bbf8fa9f7c0a881d8b7558808111b0128d8fcf5d7160a89b2239284eccbf3,"pcm-meta-v2:{""protocol"":""r9.2-frozen-identity-v7"",""message"":"""",""cell_wall_ms"":240.603,""answer_kind"":""csv-binding-multiset-v1"",""answer_key_count"":13,""answer_fingerprint"":""eb12c10d02961db002d1553c55d13e52d23d6451abba821aae4f509a8d042e63"",""c_parse_samples"":[0.0,0.0,0.0],""c_protocol_samples"":[],""construct_total_samples"":[],""construct_unattributed_samples"":[],""status"":""ok"",""status_evidence"":null,""construction_requested"":null,""construction_effective"":null,""commit"":""baf731844a65b830a95b2167d5a3b6b77d65abcd"",""batch_id"":""65e3926e6207b41f04e9825b1697c3818e9cf817bb3b8acdfeaecb457c987a33"",""query_sha256"":""a2d067af87788371d0895c53af5536df3cc59090adda8fe35f6c9b1491962642"",""engine"":""millenniumdb"",""engine_version"":""MillenniumDB [engines.json profile]"",""scale"":""100M"",""base_endpoint_sha256"":""007a0f6d40c4f5763053f0656a9a8961bef2a93fdcf0d680038343fd899f8922"",""reified_endpoint_sha256"":""449f806c0d1e860421279be80d03331f7ad131ca9af34621cf32cc41042190d3"",""update_endpoint_sha256"":""8a607274f1b3d176dd6acfdc7381c25676b642e78d334a9664e45a2bdf3d52a0"",""base_data_identity_sha256"":""8a988dc83f4082a4f27503ba2906dc6b8733b3c02be567635c726c67bbd48314"",""reified_data_identity_sha256"":""16162702ccec82b2a0e27063cd04bd756a27af1f003b4cef0da976d843ef4725"",""update_for"":""none"",""access_mode"":""read-only"",""base_data_name"":""exploratory-base"",""reified_data_name"":""exploratory-reified"",""update_canary_sha256"":""2b9b44b25cd1c568cd57c6c5df25ae260b68229044617821fb33f542dab77648"",""store_instance_sha256"":""30e2f137e46adf31cbf946515707a3237ea7a5b1e32a4e3b81551f678798b917"",""store_discriminator_sha256"":""2e884d94ace185d62b1b91debf493ccd0a69b83d08e74cf5f1c2be4851b14215"",""tool_sha256"":""b38a65fc0c1a91e138f057f7b6c08d21c328463aceb40ffda53fc759f99d2f7a"",""java_runtime_sha256"":""bdd50c08a90e2fb713541b8a118df6250246a917edc41a6776aeafc90b472687"",""run_identity_sha256"":""356bbf8fa9f7c0a881d8b7558808111b0128d8fcf5d7160a89b2239284eccbf3""}"
baf731844a65b830a95b2167d5a3b6b77d65abcd,millenniumdb,MillenniumDB [engines.json profile],100M,F,F2,00,a2d067af87788371d0895c53af5536df3cc59090adda8fe35f6c9b1491962642,N,N_clean (NPCS reimplementation),ok,13,25.1,24.4,27.8,25.8,1.8,1,3,300.0,9259,0.0,,,,13,198.469475,"[25.054, 27.844, 24.427]","[0.0, 0.0, 0.0]",,[],,[],,[],r9.2-frozen-identity-v7,65e3926e6207b41f04e9825b1697c3818e9cf817bb3b8acdfeaecb457c987a33,csv-candidate-multiset-v1,13,eb12c10d02961db002d1553c55d13e52d23d6451abba821aae4f509a8d042e63,,,,,,,,007a0f6d40c4f5763053f0656a9a8961bef2a93fdcf0d680038343fd899f8922,449f806c0d1e860421279be80d03331f7ad131ca9af34621cf32cc41042190d3,8a607274f1b3d176dd6acfdc7381c25676b642e78d334a9664e45a2bdf3d52a0,8a988dc83f4082a4f27503ba2906dc6b8733b3c02be567635c726c67bbd48314,16162702ccec82b2a0e27063cd04bd756a27af1f003b4cef0da976d843ef4725,none,read-only,exploratory-base,exploratory-reified,2b9b44b25cd1c568cd57c6c5df25ae260b68229044617821fb33f542dab77648,30e2f137e46adf31cbf946515707a3237ea7a5b1e32a4e3b81551f678798b917,2e884d94ace185d62b1b91debf493ccd0a69b83d08e74cf5f1c2be4851b14215,b38a65fc0c1a91e138f057f7b6c08d21c328463aceb40ffda53fc759f99d2f7a,bdd50c08a90e2fb713541b8a118df6250246a917edc41a6776aeafc90b472687,356bbf8fa9f7c0a881d8b7558808111b0128d8fcf5d7160a89b2239284eccbf3,"pcm-meta-v2:{""protocol"":""r9.2-frozen-identity-v7"",""message"":"""",""cell_wall_ms"":325.502,""answer_kind"":""csv-candidate-multiset-v1"",""answer_key_count"":13,""answer_fingerprint"":""eb12c10d02961db002d1553c55d13e52d23d6451abba821aae4f509a8d042e63"",""c_parse_samples"":[0.0,0.0,0.0],""c_protocol_samples"":[],""construct_total_samples"":[],""construct_unattributed_samples"":[],""status"":""ok"",""status_evidence"":null,""construction_requested"":null,""construction_effective"":null,""commit"":""baf731844a65b830a95b2167d5a3b6b77d65abcd"",""batch_id"":""65e3926e6207b41f04e9825b1697c3818e9cf817bb3b8acdfeaecb457c987a33"",""query_sha256"":""a2d067af87788371d0895c53af5536df3cc59090adda8fe35f6c9b1491962642"",""engine"":""millenniumdb"",""engine_version"":""MillenniumDB [engines.json profile]"",""scale"":""100M"",""base_endpoint_sha256"":""007a0f6d40c4f5763053f0656a9a8961bef2a93fdcf0d680038343fd899f8922"",""reified_endpoint_sha256"":""449f806c0d1e860421279be80d03331f7ad131ca9af34621cf32cc41042190d3"",""update_endpoint_sha256"":""8a607274f1b3d176dd6acfdc7381c25676b642e78d334a9664e45a2bdf3d52a0"",""base_data_identity_sha256"":""8a988dc83f4082a4f27503ba2906dc6b8733b3c02be567635c726c67bbd48314"",""reified_data_identity_sha256"":""16162702ccec82b2a0e27063cd04bd756a27af1f003b4cef0da976d843ef4725"",""update_for"":""none"",""access_mode"":""read-only"",""base_data_name"":""exploratory-base"",""reified_data_name"":""exploratory-reified"",""update_canary_sha256"":""2b9b44b25cd1c568cd57c6c5df25ae260b68229044617821fb33f542dab77648"",""store_instance_sha256"":""30e2f137e46adf31cbf946515707a3237ea7a5b1e32a4e3b81551f678798b917"",""store_discriminator_sha256"":""2e884d94ace185d62b1b91debf493ccd0a69b83d08e74cf5f1c2be4851b14215"",""tool_sha256"":""b38a65fc0c1a91e138f057f7b6c08d21c328463aceb40ffda53fc759f99d2f7a"",""java_runtime_sha256"":""bdd50c08a90e2fb713541b8a118df6250246a917edc41a6776aeafc90b472687"",""run_identity_sha256"":""356bbf8fa9f7c0a881d8b7558808111b0128d8fcf5d7160a89b2239284eccbf3""}"
baf731844a65b830a95b2167d5a3b6b77d65abcd,millenniumdb,MillenniumDB [engines.json profile],100M,F,F2,00,a2d067af87788371d0895c53af5536df3cc59090adda8fe35f6c9b1491962642,C,SPARQLcirc CircuitRewriter,ok,13,39.1,33.9,45.0,39.4,5.6,1,3,300.0,68726,6.2,26,117,13,,472.977702,"[45.038, 39.143, 33.905]","[6.151, 6.014, 6.24]",0.0,"[0.0, 0.0, 0.0]",45.3,"[51.297, 45.254, 40.253]",0.1,"[0.108, 0.097, 0.108]",r9.2-frozen-identity-v7,65e3926e6207b41f04e9825b1697c3818e9cf817bb3b8acdfeaecb457c987a33,term-aware-candidate-set-v1,13,3c7f145fc6e01ba0de60e5752b5cdd2e01864b94b81ca59b2f2a856ed9928e4e,flat,flat,08814f3bb1f8cf837e71172ed98b6edd129dd0a8282d1553c51d608555a8d22c,,,,,007a0f6d40c4f5763053f0656a9a8961bef2a93fdcf0d680038343fd899f8922,449f806c0d1e860421279be80d03331f7ad131ca9af34621cf32cc41042190d3,8a607274f1b3d176dd6acfdc7381c25676b642e78d334a9664e45a2bdf3d52a0,8a988dc83f4082a4f27503ba2906dc6b8733b3c02be567635c726c67bbd48314,16162702ccec82b2a0e27063cd04bd756a27af1f003b4cef0da976d843ef4725,none,read-only,exploratory-base,exploratory-reified,2b9b44b25cd1c568cd57c6c5df25ae260b68229044617821fb33f542dab77648,30e2f137e46adf31cbf946515707a3237ea7a5b1e32a4e3b81551f678798b917,2e884d94ace185d62b1b91debf493ccd0a69b83d08e74cf5f1c2be4851b14215,b38a65fc0c1a91e138f057f7b6c08d21c328463aceb40ffda53fc759f99d2f7a,bdd50c08a90e2fb713541b8a118df6250246a917edc41a6776aeafc90b472687,356bbf8fa9f7c0a881d8b7558808111b0128d8fcf5d7160a89b2239284eccbf3,"pcm-meta-v2:{""protocol"":""r9.2-frozen-identity-v7"",""message"":""C requested=flat effective=flat; steps=1 feedback=0; network includes CONSTRUCT, feedback INSERT, and cleanup DELETE"",""cell_wall_ms"":762.44,""answer_kind"":""term-aware-candidate-set-v1"",""answer_key_count"":13,""answer_fingerprint"":""3c7f145fc6e01ba0de60e5752b5cdd2e01864b94b81ca59b2f2a856ed9928e4e"",""c_parse_samples"":[6.151,6.014,6.24],""c_protocol_samples"":[{""requested_mode"":""flat"",""effective_mode"":""flat"",""fallback_reason"":null,""plan_steps"":1,""feedback_steps"":0,""feedback_triples"":0,""construct_query_ms"":45.038,""feedback_update_ms"":0.0,""cleanup_ms"":0.0,""client_protocol_ms"":0.0,""network_scope"":""construct+feedback+cleanup"",""circuit_sha256"":""08814f3bb1f8cf837e71172ed98b6edd129dd0a8282d1553c51d608555a8d22c"",""answer_fingerprint"":""3c7f145fc6e01ba0de60e5752b5cdd2e01864b94b81ca59b2f2a856ed9928e4e"",""semantic_signature_sha256"":""90aaeecb54645d6b1267de1920550f91c0427564d941ae3cfedffcb7c0dbf3c3"",""structure_signature"":{""gates"":26,""edges"":117,""answers"":13,""derivations"":13,""canonical_bytes"":68726},""construct_total_ms"":51.297,""client_unattributed_ms"":0.108},{""requested_mode"":""flat"",""effective_mode"":""flat"",""fallback_reason"":null,""plan_steps"":1,""feedback_steps"":0,""feedback_triples"":0,""construct_query_ms"":39.143,""feedback_update_ms"":0.0,""cleanup_ms"":0.0,""client_protocol_ms"":0.0,""network_scope"":""construct+feedback+cleanup"",""circuit_sha256"":""08814f3bb1f8cf837e71172ed98b6edd129dd0a8282d1553c51d608555a8d22c"",""answer_fingerprint"":""3c7f145fc6e01ba0de60e5752b5cdd2e01864b94b81ca59b2f2a856ed9928e4e"",""semantic_signature_sha256"":""90aaeecb54645d6b1267de1920550f91c0427564d941ae3cfedffcb7c0dbf3c3"",""structure_signature"":{""gates"":26,""edges"":117,""answers"":13,""derivations"":13,""canonical_bytes"":68726},""construct_total_ms"":45.254,""client_unattributed_ms"":0.097},{""requested_mode"":""flat"",""effective_mode"":""flat"",""fallback_reason"":null,""plan_steps"":1,""feedback_steps"":0,""feedback_triples"":0,""construct_query_ms"":33.905,""feedback_update_ms"":0.0,""cleanup_ms"":0.0,""client_protocol_ms"":0.0,""network_scope"":""construct+feedback+cleanup"",""circuit_sha256"":""08814f3bb1f8cf837e71172ed98b6edd129dd0a8282d1553c51d608555a8d22c"",""answer_fingerprint"":""3c7f145fc6e01ba0de60e5752b5cdd2e01864b94b81ca59b2f2a856ed9928e4e"",""semantic_signature_sha256"":""90aaeecb54645d6b1267de1920550f91c0427564d941ae3cfedffcb7c0dbf3c3"",""structure_signature"":{""gates"":26,""edges"":117,""answers"":13,""derivations"":13,""canonical_bytes"":68726},""construct_total_ms"":40.253,""client_unattributed_ms"":0.108}],""construct_total_samples"":[51.297,45.254,40.253],""construct_unattributed_samples"":[0.108,0.097,0.108],""status"":""ok"",""status_evidence"":null,""c_warmup_signatures"":[""90aaeecb54645d6b1267de1920550f91c0427564d941ae3cfedffcb7c0dbf3c3""],""measured_semantic_signature_sha256"":""90aaeecb54645d6b1267de1920550f91c0427564d941ae3cfedffcb7c0dbf3c3"",""measured_repetitions_consistent"":true,""construction_requested"":""flat"",""construction_effective"":""flat"",""commit"":""baf731844a65b830a95b2167d5a3b6b77d65abcd"",""batch_id"":""65e3926e6207b41f04e9825b1697c3818e9cf817bb3b8acdfeaecb457c987a33"",""query_sha256"":""a2d067af87788371d0895c53af5536df3cc59090adda8fe35f6c9b1491962642"",""engine"":""millenniumdb"",""engine_version"":""MillenniumDB [engines.json profile]"",""scale"":""100M"",""base_endpoint_sha256"":""007a0f6d40c4f5763053f0656a9a8961bef2a93fdcf0d680038343fd899f8922"",""reified_endpoint_sha256"":""449f806c0d1e860421279be80d03331f7ad131ca9af34621cf32cc41042190d3"",""update_endpoint_sha256"":""8a607274f1b3d176dd6acfdc7381c25676b642e78d334a9664e45a2bdf3d52a0"",""base_data_identity_sha256"":""8a988dc83f4082a4f27503ba2906dc6b8733b3c02be567635c726c67bbd48314"",""reified_data_identity_sha256"":""16162702ccec82b2a0e27063cd04bd756a27af1f003b4cef0da976d843ef4725"",""update_for"":""none"",""access_mode"":""read-only"",""base_data_name"":""exploratory-base"",""reified_data_name"":""exploratory-reified"",""update_canary_sha256"":""2b9b44b25cd1c568cd57c6c5df25ae260b68229044617821fb33f542dab77648"",""store_instance_sha256"":""30e2f137e46adf31cbf946515707a3237ea7a5b1e32a4e3b81551f678798b917"",""store_discriminator_sha256"":""2e884d94ace185d62b1b91debf493ccd0a69b83d08e74cf5f1c2be4851b14215"",""tool_sha256"":""b38a65fc0c1a91e138f057f7b6c08d21c328463aceb40ffda53fc759f99d2f7a"",""java_runtime_sha256"":""bdd50c08a90e2fb713541b8a118df6250246a917edc41a6776aeafc90b472687"",""run_identity_sha256"":""356bbf8fa9f7c0a881d8b7558808111b0128d8fcf5d7160a89b2239284eccbf3""}"
baf731844a65b830a95b2167d5a3b6b77d65abcd,millenniumdb,MillenniumDB [engines.json profile],100M,F,F3,00,ab4a33937e9d2bc9b501268b85f184fcbc070f1c35d8b6f2a148df9d906de693,B,base-select,ok,19,4.7,3.4,5.8,4.6,1.2,1,3,300.0,3388,0.0,,,,,0.00705,"[4.72, 3.383, 5.764]","[0.0, 0.0, 0.0]",,[],,[],,[],r9.2-frozen-identity-v7,65e3926e6207b41f04e9825b1697c3818e9cf817bb3b8acdfeaecb457c987a33,csv-binding-multiset-v1,19,20a2d6397c8de61c73d54be5e57bf3bc112cdecb25ba45c62957520c76ad989e,,,,,,,,007a0f6d40c4f5763053f0656a9a8961bef2a93fdcf0d680038343fd899f8922,449f806c0d1e860421279be80d03331f7ad131ca9af34621cf32cc41042190d3,8a607274f1b3d176dd6acfdc7381c25676b642e78d334a9664e45a2bdf3d52a0,8a988dc83f4082a4f27503ba2906dc6b8733b3c02be567635c726c67bbd48314,16162702ccec82b2a0e27063cd04bd756a27af1f003b4cef0da976d843ef4725,none,read-only,exploratory-base,exploratory-reified,2b9b44b25cd1c568cd57c6c5df25ae260b68229044617821fb33f542dab77648,30e2f137e46adf31cbf946515707a3237ea7a5b1e32a4e3b81551f678798b917,2e884d94ace185d62b1b91debf493ccd0a69b83d08e74cf5f1c2be4851b14215,b38a65fc0c1a91e138f057f7b6c08d21c328463aceb40ffda53fc759f99d2f7a,bdd50c08a90e2fb713541b8a118df6250246a917edc41a6776aeafc90b472687,716cc069253141d6b326156e0f409a0954af9b84717001e0760c0af7adfde181,"pcm-meta-v2:{""protocol"":""r9.2-frozen-identity-v7"",""message"":"""",""cell_wall_ms"":67.384,""answer_kind"":""csv-binding-multiset-v1"",""answer_key_count"":19,""answer_fingerprint"":""20a2d6397c8de61c73d54be5e57bf3bc112cdecb25ba45c62957520c76ad989e"",""c_parse_samples"":[0.0,0.0,0.0],""c_protocol_samples"":[],""construct_total_samples"":[],""construct_unattributed_samples"":[],""status"":""ok"",""status_evidence"":null,""construction_requested"":null,""construction_effective"":null,""commit"":""baf731844a65b830a95b2167d5a3b6b77d65abcd"",""batch_id"":""65e3926e6207b41f04e9825b1697c3818e9cf817bb3b8acdfeaecb457c987a33"",""query_sha256"":""ab4a33937e9d2bc9b501268b85f184fcbc070f1c35d8b6f2a148df9d906de693"",""engine"":""millenniumdb"",""engine_version"":""MillenniumDB [engines.json profile]"",""scale"":""100M"",""base_endpoint_sha256"":""007a0f6d40c4f5763053f0656a9a8961bef2a93fdcf0d680038343fd899f8922"",""reified_endpoint_sha256"":""449f806c0d1e860421279be80d03331f7ad131ca9af34621cf32cc41042190d3"",""update_endpoint_sha256"":""8a607274f1b3d176dd6acfdc7381c25676b642e78d334a9664e45a2bdf3d52a0"",""base_data_identity_sha256"":""8a988dc83f4082a4f27503ba2906dc6b8733b3c02be567635c726c67bbd48314"",""reified_data_identity_sha256"":""16162702ccec82b2a0e27063cd04bd756a27af1f003b4cef0da976d843ef4725"",""update_for"":""none"",""access_mode"":""read-only"",""base_data_name"":""exploratory-base"",""reified_data_name"":""exploratory-reified"",""update_canary_sha256"":""2b9b44b25cd1c568cd57c6c5df25ae260b68229044617821fb33f542dab77648"",""store_instance_sha256"":""30e2f137e46adf31cbf946515707a3237ea7a5b1e32a4e3b81551f678798b917"",""store_discriminator_sha256"":""2e884d94ace185d62b1b91debf493ccd0a69b83d08e74cf5f1c2be4851b14215"",""tool_sha256"":""b38a65fc0c1a91e138f057f7b6c08d21c328463aceb40ffda53fc759f99d2f7a"",""java_runtime_sha256"":""bdd50c08a90e2fb713541b8a118df6250246a917edc41a6776aeafc90b472687"",""run_identity_sha256"":""716cc069253141d6b326156e0f409a0954af9b84717001e0760c0af7adfde181""}"
baf731844a65b830a95b2167d5a3b6b77d65abcd,millenniumdb,MillenniumDB [engines.json profile],100M,F,F3,00,ab4a33937e9d2bc9b501268b85f184fcbc070f1c35d8b6f2a148df9d906de693,R,reification-only,ok,19,23.2,21.5,27.7,24.1,3.2,1,3,300.0,3388,0.0,,,,,144.728372,"[27.652, 21.486, 23.194]","[0.0, 0.0, 0.0]",,[],,[],,[],r9.2-frozen-identity-v7,65e3926e6207b41f04e9825b1697c3818e9cf817bb3b8acdfeaecb457c987a33,csv-binding-multiset-v1,19,20a2d6397c8de61c73d54be5e57bf3bc112cdecb25ba45c62957520c76ad989e,,,,,,,,007a0f6d40c4f5763053f0656a9a8961bef2a93fdcf0d680038343fd899f8922,449f806c0d1e860421279be80d03331f7ad131ca9af34621cf32cc41042190d3,8a607274f1b3d176dd6acfdc7381c25676b642e78d334a9664e45a2bdf3d52a0,8a988dc83f4082a4f27503ba2906dc6b8733b3c02be567635c726c67bbd48314,16162702ccec82b2a0e27063cd04bd756a27af1f003b4cef0da976d843ef4725,none,read-only,exploratory-base,exploratory-reified,2b9b44b25cd1c568cd57c6c5df25ae260b68229044617821fb33f542dab77648,30e2f137e46adf31cbf946515707a3237ea7a5b1e32a4e3b81551f678798b917,2e884d94ace185d62b1b91debf493ccd0a69b83d08e74cf5f1c2be4851b14215,b38a65fc0c1a91e138f057f7b6c08d21c328463aceb40ffda53fc759f99d2f7a,bdd50c08a90e2fb713541b8a118df6250246a917edc41a6776aeafc90b472687,716cc069253141d6b326156e0f409a0954af9b84717001e0760c0af7adfde181,"pcm-meta-v2:{""protocol"":""r9.2-frozen-identity-v7"",""message"":"""",""cell_wall_ms"":427.868,""answer_kind"":""csv-binding-multiset-v1"",""answer_key_count"":19,""answer_fingerprint"":""20a2d6397c8de61c73d54be5e57bf3bc112cdecb25ba45c62957520c76ad989e"",""c_parse_samples"":[0.0,0.0,0.0],""c_protocol_samples"":[],""construct_total_samples"":[],""construct_unattributed_samples"":[],""status"":""ok"",""status_evidence"":null,""construction_requested"":null,""construction_effective"":null,""commit"":""baf731844a65b830a95b2167d5a3b6b77d65abcd"",""batch_id"":""65e3926e6207b41f04e9825b1697c3818e9cf817bb3b8acdfeaecb457c987a33"",""query_sha256"":""ab4a33937e9d2bc9b501268b85f184fcbc070f1c35d8b6f2a148df9d906de693"",""engine"":""millenniumdb"",""engine_version"":""MillenniumDB [engines.json profile]"",""scale"":""100M"",""base_endpoint_sha256"":""007a0f6d40c4f5763053f0656a9a8961bef2a93fdcf0d680038343fd899f8922"",""reified_endpoint_sha256"":""449f806c0d1e860421279be80d03331f7ad131ca9af34621cf32cc41042190d3"",""update_endpoint_sha256"":""8a607274f1b3d176dd6acfdc7381c25676b642e78d334a9664e45a2bdf3d52a0"",""base_data_identity_sha256"":""8a988dc83f4082a4f27503ba2906dc6b8733b3c02be567635c726c67bbd48314"",""reified_data_identity_sha256"":""16162702ccec82b2a0e27063cd04bd756a27af1f003b4cef0da976d843ef4725"",""update_for"":""none"",""access_mode"":""read-only"",""base_data_name"":""exploratory-base"",""reified_data_name"":""exploratory-reified"",""update_canary_sha256"":""2b9b44b25cd1c568cd57c6c5df25ae260b68229044617821fb33f542dab77648"",""store_instance_sha256"":""30e2f137e46adf31cbf946515707a3237ea7a5b1e32a4e3b81551f678798b917"",""store_discriminator_sha256"":""2e884d94ace185d62b1b91debf493ccd0a69b83d08e74cf5f1c2be4851b14215"",""tool_sha256"":""b38a65fc0c1a91e138f057f7b6c08d21c328463aceb40ffda53fc759f99d2f7a"",""java_runtime_sha256"":""bdd50c08a90e2fb713541b8a118df6250246a917edc41a6776aeafc90b472687"",""run_identity_sha256"":""716cc069253141d6b326156e0f409a0954af9b84717001e0760c0af7adfde181""}"
baf731844a65b830a95b2167d5a3b6b77d65abcd,millenniumdb,MillenniumDB [engines.json profile],100M,F,F3,00,ab4a33937e9d2bc9b501268b85f184fcbc070f1c35d8b6f2a148df9d906de693,N,N_clean (NPCS reimplementation),ok,19,23.6,22.8,23.7,23.4,0.5,1,3,300.0,5351,0.0,,,,19,215.918469,"[23.74, 23.645, 22.755]","[0.0, 0.0, 0.0]",,[],,[],,[],r9.2-frozen-identity-v7,65e3926e6207b41f04e9825b1697c3818e9cf817bb3b8acdfeaecb457c987a33,csv-candidate-multiset-v1,19,20a2d6397c8de61c73d54be5e57bf3bc112cdecb25ba45c62957520c76ad989e,,,,,,,,007a0f6d40c4f5763053f0656a9a8961bef2a93fdcf0d680038343fd899f8922,449f806c0d1e860421279be80d03331f7ad131ca9af34621cf32cc41042190d3,8a607274f1b3d176dd6acfdc7381c25676b642e78d334a9664e45a2bdf3d52a0,8a988dc83f4082a4f27503ba2906dc6b8733b3c02be567635c726c67bbd48314,16162702ccec82b2a0e27063cd04bd756a27af1f003b4cef0da976d843ef4725,none,read-only,exploratory-base,exploratory-reified,2b9b44b25cd1c568cd57c6c5df25ae260b68229044617821fb33f542dab77648,30e2f137e46adf31cbf946515707a3237ea7a5b1e32a4e3b81551f678798b917,2e884d94ace185d62b1b91debf493ccd0a69b83d08e74cf5f1c2be4851b14215,b38a65fc0c1a91e138f057f7b6c08d21c328463aceb40ffda53fc759f99d2f7a,bdd50c08a90e2fb713541b8a118df6250246a917edc41a6776aeafc90b472687,716cc069253141d6b326156e0f409a0954af9b84717001e0760c0af7adfde181,"pcm-meta-v2:{""protocol"":""r9.2-frozen-identity-v7"",""message"":"""",""cell_wall_ms"":331.283,""answer_kind"":""csv-candidate-multiset-v1"",""answer_key_count"":19,""answer_fingerprint"":""20a2d6397c8de61c73d54be5e57bf3bc112cdecb25ba45c62957520c76ad989e"",""c_parse_samples"":[0.0,0.0,0.0],""c_protocol_samples"":[],""construct_total_samples"":[],""construct_unattributed_samples"":[],""status"":""ok"",""status_evidence"":null,""construction_requested"":null,""construction_effective"":null,""commit"":""baf731844a65b830a95b2167d5a3b6b77d65abcd"",""batch_id"":""65e3926e6207b41f04e9825b1697c3818e9cf817bb3b8acdfeaecb457c987a33"",""query_sha256"":""ab4a33937e9d2bc9b501268b85f184fcbc070f1c35d8b6f2a148df9d906de693"",""engine"":""millenniumdb"",""engine_version"":""MillenniumDB [engines.json profile]"",""scale"":""100M"",""base_endpoint_sha256"":""007a0f6d40c4f5763053f0656a9a8961bef2a93fdcf0d680038343fd899f8922"",""reified_endpoint_sha256"":""449f806c0d1e860421279be80d03331f7ad131ca9af34621cf32cc41042190d3"",""update_endpoint_sha256"":""8a607274f1b3d176dd6acfdc7381c25676b642e78d334a9664e45a2bdf3d52a0"",""base_data_identity_sha256"":""8a988dc83f4082a4f27503ba2906dc6b8733b3c02be567635c726c67bbd48314"",""reified_data_identity_sha256"":""16162702ccec82b2a0e27063cd04bd756a27af1f003b4cef0da976d843ef4725"",""update_for"":""none"",""access_mode"":""read-only"",""base_data_name"":""exploratory-base"",""reified_data_name"":""exploratory-reified"",""update_canary_sha256"":""2b9b44b25cd1c568cd57c6c5df25ae260b68229044617821fb33f542dab77648"",""store_instance_sha256"":""30e2f137e46adf31cbf946515707a3237ea7a5b1e32a4e3b81551f678798b917"",""store_discriminator_sha256"":""2e884d94ace185d62b1b91debf493ccd0a69b83d08e74cf5f1c2be4851b14215"",""tool_sha256"":""b38a65fc0c1a91e138f057f7b6c08d21c328463aceb40ffda53fc759f99d2f7a"",""java_runtime_sha256"":""bdd50c08a90e2fb713541b8a118df6250246a917edc41a6776aeafc90b472687"",""run_identity_sha256"":""716cc069253141d6b326156e0f409a0954af9b84717001e0760c0af7adfde181""}"
baf731844a65b830a95b2167d5a3b6b77d65abcd,millenniumdb,MillenniumDB [engines.json profile],100M,F,F3,00,ab4a33937e9d2bc9b501268b85f184fcbc070f1c35d8b6f2a148df9d906de693,C,SPARQLcirc CircuitRewriter,ok,19,40.4,34.6,43.4,39.5,4.5,1,3,300.0,73355,6.6,38,133,19,,479.776435,"[34.576, 43.406, 40.401]","[6.628, 6.59, 8.012]",0.0,"[0.0, 0.0, 0.0]",48.5,"[41.318, 50.092, 48.522]",0.1,"[0.113, 0.096, 0.109]",r9.2-frozen-identity-v7,65e3926e6207b41f04e9825b1697c3818e9cf817bb3b8acdfeaecb457c987a33,term-aware-candidate-set-v1,19,0534132a29fa7ff4f486f7534400c9e1c41b56bfe995c8f4b2cdf2f88f4dc152,flat,flat,f207c0a00082018b703df0d83098bf5831c62941b46056d2dab0b67bee8f1cf7,,,,,007a0f6d40c4f5763053f0656a9a8961bef2a93fdcf0d680038343fd899f8922,449f806c0d1e860421279be80d03331f7ad131ca9af34621cf32cc41042190d3,8a607274f1b3d176dd6acfdc7381c25676b642e78d334a9664e45a2bdf3d52a0,8a988dc83f4082a4f27503ba2906dc6b8733b3c02be567635c726c67bbd48314,16162702ccec82b2a0e27063cd04bd756a27af1f003b4cef0da976d843ef4725,none,read-only,exploratory-base,exploratory-reified,2b9b44b25cd1c568cd57c6c5df25ae260b68229044617821fb33f542dab77648,30e2f137e46adf31cbf946515707a3237ea7a5b1e32a4e3b81551f678798b917,2e884d94ace185d62b1b91debf493ccd0a69b83d08e74cf5f1c2be4851b14215,b38a65fc0c1a91e138f057f7b6c08d21c328463aceb40ffda53fc759f99d2f7a,bdd50c08a90e2fb713541b8a118df6250246a917edc41a6776aeafc90b472687,716cc069253141d6b326156e0f409a0954af9b84717001e0760c0af7adfde181,"pcm-meta-v2:{""protocol"":""r9.2-frozen-identity-v7"",""message"":""C requested=flat effective=flat; steps=1 feedback=0; network includes CONSTRUCT, feedback INSERT, and cleanup DELETE"",""cell_wall_ms"":775.239,""answer_kind"":""term-aware-candidate-set-v1"",""answer_key_count"":19,""answer_fingerprint"":""0534132a29fa7ff4f486f7534400c9e1c41b56bfe995c8f4b2cdf2f88f4dc152"",""c_parse_samples"":[6.628,6.59,8.012],""c_protocol_samples"":[{""requested_mode"":""flat"",""effective_mode"":""flat"",""fallback_reason"":null,""plan_steps"":1,""feedback_steps"":0,""feedback_triples"":0,""construct_query_ms"":34.576,""feedback_update_ms"":0.0,""cleanup_ms"":0.0,""client_protocol_ms"":0.0,""network_scope"":""construct+feedback+cleanup"",""circuit_sha256"":""f207c0a00082018b703df0d83098bf5831c62941b46056d2dab0b67bee8f1cf7"",""answer_fingerprint"":""0534132a29fa7ff4f486f7534400c9e1c41b56bfe995c8f4b2cdf2f88f4dc152"",""semantic_signature_sha256"":""ed2e8363804551a681603c5c100ebc2cc1706d647fbfd906fe38d875fb9b769d"",""structure_signature"":{""gates"":38,""edges"":133,""answers"":19,""derivations"":19,""canonical_bytes"":73355},""construct_total_ms"":41.318,""client_unattributed_ms"":0.113},{""requested_mode"":""flat"",""effective_mode"":""flat"",""fallback_reason"":null,""plan_steps"":1,""feedback_steps"":0,""feedback_triples"":0,""construct_query_ms"":43.406,""feedback_update_ms"":0.0,""cleanup_ms"":0.0,""client_protocol_ms"":0.0,""network_scope"":""construct+feedback+cleanup"",""circuit_sha256"":""f207c0a00082018b703df0d83098bf5831c62941b46056d2dab0b67bee8f1cf7"",""answer_fingerprint"":""0534132a29fa7ff4f486f7534400c9e1c41b56bfe995c8f4b2cdf2f88f4dc152"",""semantic_signature_sha256"":""ed2e8363804551a681603c5c100ebc2cc1706d647fbfd906fe38d875fb9b769d"",""structure_signature"":{""gates"":38,""edges"":133,""answers"":19,""derivations"":19,""canonical_bytes"":73355},""construct_total_ms"":50.092,""client_unattributed_ms"":0.096},{""requested_mode"":""flat"",""effective_mode"":""flat"",""fallback_reason"":null,""plan_steps"":1,""feedback_steps"":0,""feedback_triples"":0,""construct_query_ms"":40.401,""feedback_update_ms"":0.0,""cleanup_ms"":0.0,""client_protocol_ms"":0.0,""network_scope"":""construct+feedback+cleanup"",""circuit_sha256"":""f207c0a00082018b703df0d83098bf5831c62941b46056d2dab0b67bee8f1cf7"",""answer_fingerprint"":""0534132a29fa7ff4f486f7534400c9e1c41b56bfe995c8f4b2cdf2f88f4dc152"",""semantic_signature_sha256"":""ed2e8363804551a681603c5c100ebc2cc1706d647fbfd906fe38d875fb9b769d"",""structure_signature"":{""gates"":38,""edges"":133,""answers"":19,""derivations"":19,""canonical_bytes"":73355},""construct_total_ms"":48.522,""client_unattributed_ms"":0.109}],""construct_total_samples"":[41.318,50.092,48.522],""construct_unattributed_samples"":[0.113,0.096,0.109],""status"":""ok"",""status_evidence"":null,""c_warmup_signatures"":[""ed2e8363804551a681603c5c100ebc2cc1706d647fbfd906fe38d875fb9b769d""],""measured_semantic_signature_sha256"":""ed2e8363804551a681603c5c100ebc2cc1706d647fbfd906fe38d875fb9b769d"",""measured_repetitions_consistent"":true,""construction_requested"":""flat"",""construction_effective"":""flat"",""commit"":""baf731844a65b830a95b2167d5a3b6b77d65abcd"",""batch_id"":""65e3926e6207b41f04e9825b1697c3818e9cf817bb3b8acdfeaecb457c987a33"",""query_sha256"":""ab4a33937e9d2bc9b501268b85f184fcbc070f1c35d8b6f2a148df9d906de693"",""engine"":""millenniumdb"",""engine_version"":""MillenniumDB [engines.json profile]"",""scale"":""100M"",""base_endpoint_sha256"":""007a0f6d40c4f5763053f0656a9a8961bef2a93fdcf0d680038343fd899f8922"",""reified_endpoint_sha256"":""449f806c0d1e860421279be80d03331f7ad131ca9af34621cf32cc41042190d3"",""update_endpoint_sha256"":""8a607274f1b3d176dd6acfdc7381c25676b642e78d334a9664e45a2bdf3d52a0"",""base_data_identity_sha256"":""8a988dc83f4082a4f27503ba2906dc6b8733b3c02be567635c726c67bbd48314"",""reified_data_identity_sha256"":""16162702ccec82b2a0e27063cd04bd756a27af1f003b4cef0da976d843ef4725"",""update_for"":""none"",""access_mode"":""read-only"",""base_data_name"":""exploratory-base"",""reified_data_name"":""exploratory-reified"",""update_canary_sha256"":""2b9b44b25cd1c568cd57c6c5df25ae260b68229044617821fb33f542dab77648"",""store_instance_sha256"":""30e2f137e46adf31cbf946515707a3237ea7a5b1e32a4e3b81551f678798b917"",""store_discriminator_sha256"":""2e884d94ace185d62b1b91debf493ccd0a69b83d08e74cf5f1c2be4851b14215"",""tool_sha256"":""b38a65fc0c1a91e138f057f7b6c08d21c328463aceb40ffda53fc759f99d2f7a"",""java_runtime_sha256"":""bdd50c08a90e2fb713541b8a118df6250246a917edc41a6776aeafc90b472687"",""run_identity_sha256"":""716cc069253141d6b326156e0f409a0954af9b84717001e0760c0af7adfde181""}"
baf731844a65b830a95b2167d5a3b6b77d65abcd,millenniumdb,MillenniumDB [engines.json profile],100M,F,F4,00,95e319658ada1f90ea7900df6e9a7608f72e06ecb2da9d8ad67afe7db54c5464,B,base-select,ok,103,14.8,13.6,15.6,14.7,1.0,1,3,300.0,39668,0.0,,,,,0.0055,"[15.643, 13.587, 14.809]","[0.0, 0.0, 0.0]",,[],,[],,[],r9.2-frozen-identity-v7,65e3926e6207b41f04e9825b1697c3818e9cf817bb3b8acdfeaecb457c987a33,csv-binding-multiset-v1,103,f0e7d18b7002b799ad8043c4abf4299da856d0c5a0f590263718b59649f53475,,,,,,,,007a0f6d40c4f5763053f0656a9a8961bef2a93fdcf0d680038343fd899f8922,449f806c0d1e860421279be80d03331f7ad131ca9af34621cf32cc41042190d3,8a607274f1b3d176dd6acfdc7381c25676b642e78d334a9664e45a2bdf3d52a0,8a988dc83f4082a4f27503ba2906dc6b8733b3c02be567635c726c67bbd48314,16162702ccec82b2a0e27063cd04bd756a27af1f003b4cef0da976d843ef4725,none,read-only,exploratory-base,exploratory-reified,2b9b44b25cd1c568cd57c6c5df25ae260b68229044617821fb33f542dab77648,30e2f137e46adf31cbf946515707a3237ea7a5b1e32a4e3b81551f678798b917,2e884d94ace185d62b1b91debf493ccd0a69b83d08e74cf5f1c2be4851b14215,b38a65fc0c1a91e138f057f7b6c08d21c328463aceb40ffda53fc759f99d2f7a,bdd50c08a90e2fb713541b8a118df6250246a917edc41a6776aeafc90b472687,f4d587eca546e82db0dd7885d043cf3c03297048ece25a86c72ba438c6d0ff7a,"pcm-meta-v2:{""protocol"":""r9.2-frozen-identity-v7"",""message"":"""",""cell_wall_ms"":91.19,""answer_kind"":""csv-binding-multiset-v1"",""answer_key_count"":103,""answer_fingerprint"":""f0e7d18b7002b799ad8043c4abf4299da856d0c5a0f590263718b59649f53475"",""c_parse_samples"":[0.0,0.0,0.0],""c_protocol_samples"":[],""construct_total_samples"":[],""construct_unattributed_samples"":[],""status"":""ok"",""status_evidence"":null,""construction_requested"":null,""construction_effective"":null,""commit"":""baf731844a65b830a95b2167d5a3b6b77d65abcd"",""batch_id"":""65e3926e6207b41f04e9825b1697c3818e9cf817bb3b8acdfeaecb457c987a33"",""query_sha256"":""95e319658ada1f90ea7900df6e9a7608f72e06ecb2da9d8ad67afe7db54c5464"",""engine"":""millenniumdb"",""engine_version"":""MillenniumDB [engines.json profile]"",""scale"":""100M"",""base_endpoint_sha256"":""007a0f6d40c4f5763053f0656a9a8961bef2a93fdcf0d680038343fd899f8922"",""reified_endpoint_sha256"":""449f806c0d1e860421279be80d03331f7ad131ca9af34621cf32cc41042190d3"",""update_endpoint_sha256"":""8a607274f1b3d176dd6acfdc7381c25676b642e78d334a9664e45a2bdf3d52a0"",""base_data_identity_sha256"":""8a988dc83f4082a4f27503ba2906dc6b8733b3c02be567635c726c67bbd48314"",""reified_data_identity_sha256"":""16162702ccec82b2a0e27063cd04bd756a27af1f003b4cef0da976d843ef4725"",""update_for"":""none"",""access_mode"":""read-only"",""base_data_name"":""exploratory-base"",""reified_data_name"":""exploratory-reified"",""update_canary_sha256"":""2b9b44b25cd1c568cd57c6c5df25ae260b68229044617821fb33f542dab77648"",""store_instance_sha256"":""30e2f137e46adf31cbf946515707a3237ea7a5b1e32a4e3b81551f678798b917"",""store_discriminator_sha256"":""2e884d94ace185d62b1b91debf493ccd0a69b83d08e74cf5f1c2be4851b14215"",""tool_sha256"":""b38a65fc0c1a91e138f057f7b6c08d21c328463aceb40ffda53fc759f99d2f7a"",""java_runtime_sha256"":""bdd50c08a90e2fb713541b8a118df6250246a917edc41a6776aeafc90b472687"",""run_identity_sha256"":""f4d587eca546e82db0dd7885d043cf3c03297048ece25a86c72ba438c6d0ff7a""}"
baf731844a65b830a95b2167d5a3b6b77d65abcd,millenniumdb,MillenniumDB [engines.json profile],100M,F,F4,00,95e319658ada1f90ea7900df6e9a7608f72e06ecb2da9d8ad67afe7db54c5464,R,reification-only,ok,103,56.6,56.6,61.2,58.1,2.7,1,3,300.0,39668,0.0,,,,,150.184845,"[61.207, 56.579, 56.6]","[0.0, 0.0, 0.0]",,[],,[],,[],r9.2-frozen-identity-v7,65e3926e6207b41f04e9825b1697c3818e9cf817bb3b8acdfeaecb457c987a33,csv-binding-multiset-v1,103,f0e7d18b7002b799ad8043c4abf4299da856d0c5a0f590263718b59649f53475,,,,,,,,007a0f6d40c4f5763053f0656a9a8961bef2a93fdcf0d680038343fd899f8922,449f806c0d1e860421279be80d03331f7ad131ca9af34621cf32cc41042190d3,8a607274f1b3d176dd6acfdc7381c25676b642e78d334a9664e45a2bdf3d52a0,8a988dc83f4082a4f27503ba2906dc6b8733b3c02be567635c726c67bbd48314,16162702ccec82b2a0e27063cd04bd756a27af1f003b4cef0da976d843ef4725,none,read-only,exploratory-base,exploratory-reified,2b9b44b25cd1c568cd57c6c5df25ae260b68229044617821fb33f542dab77648,30e2f137e46adf31cbf946515707a3237ea7a5b1e32a4e3b81551f678798b917,2e884d94ace185d62b1b91debf493ccd0a69b83d08e74cf5f1c2be4851b14215,b38a65fc0c1a91e138f057f7b6c08d21c328463aceb40ffda53fc759f99d2f7a,bdd50c08a90e2fb713541b8a118df6250246a917edc41a6776aeafc90b472687,f4d587eca546e82db0dd7885d043cf3c03297048ece25a86c72ba438c6d0ff7a,"pcm-meta-v2:{""protocol"":""r9.2-frozen-identity-v7"",""message"":"""",""cell_wall_ms"":444.91,""answer_kind"":""csv-binding-multiset-v1"",""answer_key_count"":103,""answer_fingerprint"":""f0e7d18b7002b799ad8043c4abf4299da856d0c5a0f590263718b59649f53475"",""c_parse_samples"":[0.0,0.0,0.0],""c_protocol_samples"":[],""construct_total_samples"":[],""construct_unattributed_samples"":[],""status"":""ok"",""status_evidence"":null,""construction_requested"":null,""construction_effective"":null,""commit"":""baf731844a65b830a95b2167d5a3b6b77d65abcd"",""batch_id"":""65e3926e6207b41f04e9825b1697c3818e9cf817bb3b8acdfeaecb457c987a33"",""query_sha256"":""95e319658ada1f90ea7900df6e9a7608f72e06ecb2da9d8ad67afe7db54c5464"",""engine"":""millenniumdb"",""engine_version"":""MillenniumDB [engines.json profile]"",""scale"":""100M"",""base_endpoint_sha256"":""007a0f6d40c4f5763053f0656a9a8961bef2a93fdcf0d680038343fd899f8922"",""reified_endpoint_sha256"":""449f806c0d1e860421279be80d03331f7ad131ca9af34621cf32cc41042190d3"",""update_endpoint_sha256"":""8a607274f1b3d176dd6acfdc7381c25676b642e78d334a9664e45a2bdf3d52a0"",""base_data_identity_sha256"":""8a988dc83f4082a4f27503ba2906dc6b8733b3c02be567635c726c67bbd48314"",""reified_data_identity_sha256"":""16162702ccec82b2a0e27063cd04bd756a27af1f003b4cef0da976d843ef4725"",""update_for"":""none"",""access_mode"":""read-only"",""base_data_name"":""exploratory-base"",""reified_data_name"":""exploratory-reified"",""update_canary_sha256"":""2b9b44b25cd1c568cd57c6c5df25ae260b68229044617821fb33f542dab77648"",""store_instance_sha256"":""30e2f137e46adf31cbf946515707a3237ea7a5b1e32a4e3b81551f678798b917"",""store_discriminator_sha256"":""2e884d94ace185d62b1b91debf493ccd0a69b83d08e74cf5f1c2be4851b14215"",""tool_sha256"":""b38a65fc0c1a91e138f057f7b6c08d21c328463aceb40ffda53fc759f99d2f7a"",""java_runtime_sha256"":""bdd50c08a90e2fb713541b8a118df6250246a917edc41a6776aeafc90b472687"",""run_identity_sha256"":""f4d587eca546e82db0dd7885d043cf3c03297048ece25a86c72ba438c6d0ff7a""}"
baf731844a65b830a95b2167d5a3b6b77d65abcd,millenniumdb,MillenniumDB [engines.json profile],100M,F,F4,00,95e319658ada1f90ea7900df6e9a7608f72e06ecb2da9d8ad67afe7db54c5464,N,N_clean (NPCS reimplementation),ok,103,65.0,63.7,79.6,69.4,8.9,1,3,300.0,54844,0.0,,,,103,186.438703,"[64.973, 79.645, 63.693]","[0.0, 0.0, 0.0]",,[],,[],,[],r9.2-frozen-identity-v7,65e3926e6207b41f04e9825b1697c3818e9cf817bb3b8acdfeaecb457c987a33,csv-candidate-multiset-v1,103,f0e7d18b7002b799ad8043c4abf4299da856d0c5a0f590263718b59649f53475,,,,,,,,007a0f6d40c4f5763053f0656a9a8961bef2a93fdcf0d680038343fd899f8922,449f806c0d1e860421279be80d03331f7ad131ca9af34621cf32cc41042190d3,8a607274f1b3d176dd6acfdc7381c25676b642e78d334a9664e45a2bdf3d52a0,8a988dc83f4082a4f27503ba2906dc6b8733b3c02be567635c726c67bbd48314,16162702ccec82b2a0e27063cd04bd756a27af1f003b4cef0da976d843ef4725,none,read-only,exploratory-base,exploratory-reified,2b9b44b25cd1c568cd57c6c5df25ae260b68229044617821fb33f542dab77648,30e2f137e46adf31cbf946515707a3237ea7a5b1e32a4e3b81551f678798b917,2e884d94ace185d62b1b91debf493ccd0a69b83d08e74cf5f1c2be4851b14215,b38a65fc0c1a91e138f057f7b6c08d21c328463aceb40ffda53fc759f99d2f7a,bdd50c08a90e2fb713541b8a118df6250246a917edc41a6776aeafc90b472687,f4d587eca546e82db0dd7885d043cf3c03297048ece25a86c72ba438c6d0ff7a,"pcm-meta-v2:{""protocol"":""r9.2-frozen-identity-v7"",""message"":"""",""cell_wall_ms"":529.952,""answer_kind"":""csv-candidate-multiset-v1"",""answer_key_count"":103,""answer_fingerprint"":""f0e7d18b7002b799ad8043c4abf4299da856d0c5a0f590263718b59649f53475"",""c_parse_samples"":[0.0,0.0,0.0],""c_protocol_samples"":[],""construct_total_samples"":[],""construct_unattributed_samples"":[],""status"":""ok"",""status_evidence"":null,""construction_requested"":null,""construction_effective"":null,""commit"":""baf731844a65b830a95b2167d5a3b6b77d65abcd"",""batch_id"":""65e3926e6207b41f04e9825b1697c3818e9cf817bb3b8acdfeaecb457c987a33"",""query_sha256"":""95e319658ada1f90ea7900df6e9a7608f72e06ecb2da9d8ad67afe7db54c5464"",""engine"":""millenniumdb"",""engine_version"":""MillenniumDB [engines.json profile]"",""scale"":""100M"",""base_endpoint_sha256"":""007a0f6d40c4f5763053f0656a9a8961bef2a93fdcf0d680038343fd899f8922"",""reified_endpoint_sha256"":""449f806c0d1e860421279be80d03331f7ad131ca9af34621cf32cc41042190d3"",""update_endpoint_sha256"":""8a607274f1b3d176dd6acfdc7381c25676b642e78d334a9664e45a2bdf3d52a0"",""base_data_identity_sha256"":""8a988dc83f4082a4f27503ba2906dc6b8733b3c02be567635c726c67bbd48314"",""reified_data_identity_sha256"":""16162702ccec82b2a0e27063cd04bd756a27af1f003b4cef0da976d843ef4725"",""update_for"":""none"",""access_mode"":""read-only"",""base_data_name"":""exploratory-base"",""reified_data_name"":""exploratory-reified"",""update_canary_sha256"":""2b9b44b25cd1c568cd57c6c5df25ae260b68229044617821fb33f542dab77648"",""store_instance_sha256"":""30e2f137e46adf31cbf946515707a3237ea7a5b1e32a4e3b81551f678798b917"",""store_discriminator_sha256"":""2e884d94ace185d62b1b91debf493ccd0a69b83d08e74cf5f1c2be4851b14215"",""tool_sha256"":""b38a65fc0c1a91e138f057f7b6c08d21c328463aceb40ffda53fc759f99d2f7a"",""java_runtime_sha256"":""bdd50c08a90e2fb713541b8a118df6250246a917edc41a6776aeafc90b472687"",""run_identity_sha256"":""f4d587eca546e82db0dd7885d043cf3c03297048ece25a86c72ba438c6d0ff7a""}"
baf731844a65b830a95b2167d5a3b6b77d65abcd,millenniumdb,MillenniumDB [engines.json profile],100M,F,F4,00,95e319658ada1f90ea7900df6e9a7608f72e06ecb2da9d8ad67afe7db54c5464,C,SPARQLcirc CircuitRewriter,ok,103,113.4,110.0,116.1,113.1,3.1,1,3,300.0,553688,46.8,206,1030,103,,409.443009,"[109.975, 116.096, 113.353]","[46.827, 48.772, 46.297]",0.0,"[0.0, 0.0, 0.0]",159.8,"[156.984, 165.037, 159.827]",0.2,"[0.182, 0.169, 0.177]",r9.2-frozen-identity-v7,65e3926e6207b41f04e9825b1697c3818e9cf817bb3b8acdfeaecb457c987a33,term-aware-candidate-set-v1,103,bbef6c305381618238502e9530a65a446d99dcf6dae49bf54ed45505efd7c0c6,flat,flat,94a2d03ca59f8abb527212d7dc6c674cf609c33c557f0c879f03f7d4fd4b0aa7,,,,,007a0f6d40c4f5763053f0656a9a8961bef2a93fdcf0d680038343fd899f8922,449f806c0d1e860421279be80d03331f7ad131ca9af34621cf32cc41042190d3,8a607274f1b3d176dd6acfdc7381c25676b642e78d334a9664e45a2bdf3d52a0,8a988dc83f4082a4f27503ba2906dc6b8733b3c02be567635c726c67bbd48314,16162702ccec82b2a0e27063cd04bd756a27af1f003b4cef0da976d843ef4725,none,read-only,exploratory-base,exploratory-reified,2b9b44b25cd1c568cd57c6c5df25ae260b68229044617821fb33f542dab77648,30e2f137e46adf31cbf946515707a3237ea7a5b1e32a4e3b81551f678798b917,2e884d94ace185d62b1b91debf493ccd0a69b83d08e74cf5f1c2be4851b14215,b38a65fc0c1a91e138f057f7b6c08d21c328463aceb40ffda53fc759f99d2f7a,bdd50c08a90e2fb713541b8a118df6250246a917edc41a6776aeafc90b472687,f4d587eca546e82db0dd7885d043cf3c03297048ece25a86c72ba438c6d0ff7a,"pcm-meta-v2:{""protocol"":""r9.2-frozen-identity-v7"",""message"":""C requested=flat effective=flat; steps=1 feedback=0; network includes CONSTRUCT, feedback INSERT, and cleanup DELETE"",""cell_wall_ms"":1325.935,""answer_kind"":""term-aware-candidate-set-v1"",""answer_key_count"":103,""answer_fingerprint"":""bbef6c305381618238502e9530a65a446d99dcf6dae49bf54ed45505efd7c0c6"",""c_parse_samples"":[46.827,48.772,46.297],""c_protocol_samples"":[{""requested_mode"":""flat"",""effective_mode"":""flat"",""fallback_reason"":null,""plan_steps"":1,""feedback_steps"":0,""feedback_triples"":0,""construct_query_ms"":109.975,""feedback_update_ms"":0.0,""cleanup_ms"":0.0,""client_protocol_ms"":0.0,""network_scope"":""construct+feedback+cleanup"",""circuit_sha256"":""94a2d03ca59f8abb527212d7dc6c674cf609c33c557f0c879f03f7d4fd4b0aa7"",""answer_fingerprint"":""bbef6c305381618238502e9530a65a446d99dcf6dae49bf54ed45505efd7c0c6"",""semantic_signature_sha256"":""c1a724fa0b5fa6502b4f87c1fa48a14617db1bc4161c5730f1147d5109eebd6a"",""structure_signature"":{""gates"":206,""edges"":1030,""answers"":103,""derivations"":103,""canonical_bytes"":553688},""construct_total_ms"":156.984,""client_unattributed_ms"":0.182},{""requested_mode"":""flat"",""effective_mode"":""flat"",""fallback_reason"":null,""plan_steps"":1,""feedback_steps"":0,""feedback_triples"":0,""construct_query_ms"":116.096,""feedback_update_ms"":0.0,""cleanup_ms"":0.0,""client_protocol_ms"":0.0,""network_scope"":""construct+feedback+cleanup"",""circuit_sha256"":""94a2d03ca59f8abb527212d7dc6c674cf609c33c557f0c879f03f7d4fd4b0aa7"",""answer_fingerprint"":""bbef6c305381618238502e9530a65a446d99dcf6dae49bf54ed45505efd7c0c6"",""semantic_signature_sha256"":""c1a724fa0b5fa6502b4f87c1fa48a14617db1bc4161c5730f1147d5109eebd6a"",""structure_signature"":{""gates"":206,""edges"":1030,""answers"":103,""derivations"":103,""canonical_bytes"":553688},""construct_total_ms"":165.037,""client_unattributed_ms"":0.169},{""requested_mode"":""flat"",""effective_mode"":""flat"",""fallback_reason"":null,""plan_steps"":1,""feedback_steps"":0,""feedback_triples"":0,""construct_query_ms"":113.353,""feedback_update_ms"":0.0,""cleanup_ms"":0.0,""client_protocol_ms"":0.0,""network_scope"":""construct+feedback+cleanup"",""circuit_sha256"":""94a2d03ca59f8abb527212d7dc6c674cf609c33c557f0c879f03f7d4fd4b0aa7"",""answer_fingerprint"":""bbef6c305381618238502e9530a65a446d99dcf6dae49bf54ed45505efd7c0c6"",""semantic_signature_sha256"":""c1a724fa0b5fa6502b4f87c1fa48a14617db1bc4161c5730f1147d5109eebd6a"",""structure_signature"":{""gates"":206,""edges"":1030,""answers"":103,""derivations"":103,""canonical_bytes"":553688},""construct_total_ms"":159.827,""client_unattributed_ms"":0.177}],""construct_total_samples"":[156.984,165.037,159.827],""construct_unattributed_samples"":[0.182,0.169,0.177],""status"":""ok"",""status_evidence"":null,""c_warmup_signatures"":[""c1a724fa0b5fa6502b4f87c1fa48a14617db1bc4161c5730f1147d5109eebd6a""],""measured_semantic_signature_sha256"":""c1a724fa0b5fa6502b4f87c1fa48a14617db1bc4161c5730f1147d5109eebd6a"",""measured_repetitions_consistent"":true,""construction_requested"":""flat"",""construction_effective"":""flat"",""commit"":""baf731844a65b830a95b2167d5a3b6b77d65abcd"",""batch_id"":""65e3926e6207b41f04e9825b1697c3818e9cf817bb3b8acdfeaecb457c987a33"",""query_sha256"":""95e319658ada1f90ea7900df6e9a7608f72e06ecb2da9d8ad67afe7db54c5464"",""engine"":""millenniumdb"",""engine_version"":""MillenniumDB [engines.json profile]"",""scale"":""100M"",""base_endpoint_sha256"":""007a0f6d40c4f5763053f0656a9a8961bef2a93fdcf0d680038343fd899f8922"",""reified_endpoint_sha256"":""449f806c0d1e860421279be80d03331f7ad131ca9af34621cf32cc41042190d3"",""update_endpoint_sha256"":""8a607274f1b3d176dd6acfdc7381c25676b642e78d334a9664e45a2bdf3d52a0"",""base_data_identity_sha256"":""8a988dc83f4082a4f27503ba2906dc6b8733b3c02be567635c726c67bbd48314"",""reified_data_identity_sha256"":""16162702ccec82b2a0e27063cd04bd756a27af1f003b4cef0da976d843ef4725"",""update_for"":""none"",""access_mode"":""read-only"",""base_data_name"":""exploratory-base"",""reified_data_name"":""exploratory-reified"",""update_canary_sha256"":""2b9b44b25cd1c568cd57c6c5df25ae260b68229044617821fb33f542dab77648"",""store_instance_sha256"":""30e2f137e46adf31cbf946515707a3237ea7a5b1e32a4e3b81551f678798b917"",""store_discriminator_sha256"":""2e884d94ace185d62b1b91debf493ccd0a69b83d08e74cf5f1c2be4851b14215"",""tool_sha256"":""b38a65fc0c1a91e138f057f7b6c08d21c328463aceb40ffda53fc759f99d2f7a"",""java_runtime_sha256"":""bdd50c08a90e2fb713541b8a118df6250246a917edc41a6776aeafc90b472687"",""run_identity_sha256"":""f4d587eca546e82db0dd7885d043cf3c03297048ece25a86c72ba438c6d0ff7a""}"
baf731844a65b830a95b2167d5a3b6b77d65abcd,millenniumdb,MillenniumDB [engines.json profile],100M,F,F5,00,5ca90afb3951e0444bf3024c77058dedfd92664870dc85d282ed837b0894ed6f,B,base-select,ok,38,2.9,2.7,3.5,3.0,0.4,1,3,300.0,11071,0.0,,,,,0.00782,"[3.505, 2.922, 2.702]","[0.0, 0.0, 0.0]",,[],,[],,[],r9.2-frozen-identity-v7,65e3926e6207b41f04e9825b1697c3818e9cf817bb3b8acdfeaecb457c987a33,csv-binding-multiset-v1,38,f0db826bb60293c3a3b8d6c59f20cac315c4471dc71ee5de7c4facd147353acb,,,,,,,,007a0f6d40c4f5763053f0656a9a8961bef2a93fdcf0d680038343fd899f8922,449f806c0d1e860421279be80d03331f7ad131ca9af34621cf32cc41042190d3,8a607274f1b3d176dd6acfdc7381c25676b642e78d334a9664e45a2bdf3d52a0,8a988dc83f4082a4f27503ba2906dc6b8733b3c02be567635c726c67bbd48314,16162702ccec82b2a0e27063cd04bd756a27af1f003b4cef0da976d843ef4725,none,read-only,exploratory-base,exploratory-reified,2b9b44b25cd1c568cd57c6c5df25ae260b68229044617821fb33f542dab77648,30e2f137e46adf31cbf946515707a3237ea7a5b1e32a4e3b81551f678798b917,2e884d94ace185d62b1b91debf493ccd0a69b83d08e74cf5f1c2be4851b14215,b38a65fc0c1a91e138f057f7b6c08d21c328463aceb40ffda53fc759f99d2f7a,bdd50c08a90e2fb713541b8a118df6250246a917edc41a6776aeafc90b472687,a059bccac24f2930d24e8adb19e4b6aee45b362739963dab96d974887a3b593f,"pcm-meta-v2:{""protocol"":""r9.2-frozen-identity-v7"",""message"":"""",""cell_wall_ms"":21.188,""answer_kind"":""csv-binding-multiset-v1"",""answer_key_count"":38,""answer_fingerprint"":""f0db826bb60293c3a3b8d6c59f20cac315c4471dc71ee5de7c4facd147353acb"",""c_parse_samples"":[0.0,0.0,0.0],""c_protocol_samples"":[],""construct_total_samples"":[],""construct_unattributed_samples"":[],""status"":""ok"",""status_evidence"":null,""construction_requested"":null,""construction_effective"":null,""commit"":""baf731844a65b830a95b2167d5a3b6b77d65abcd"",""batch_id"":""65e3926e6207b41f04e9825b1697c3818e9cf817bb3b8acdfeaecb457c987a33"",""query_sha256"":""5ca90afb3951e0444bf3024c77058dedfd92664870dc85d282ed837b0894ed6f"",""engine"":""millenniumdb"",""engine_version"":""MillenniumDB [engines.json profile]"",""scale"":""100M"",""base_endpoint_sha256"":""007a0f6d40c4f5763053f0656a9a8961bef2a93fdcf0d680038343fd899f8922"",""reified_endpoint_sha256"":""449f806c0d1e860421279be80d03331f7ad131ca9af34621cf32cc41042190d3"",""update_endpoint_sha256"":""8a607274f1b3d176dd6acfdc7381c25676b642e78d334a9664e45a2bdf3d52a0"",""base_data_identity_sha256"":""8a988dc83f4082a4f27503ba2906dc6b8733b3c02be567635c726c67bbd48314"",""reified_data_identity_sha256"":""16162702ccec82b2a0e27063cd04bd756a27af1f003b4cef0da976d843ef4725"",""update_for"":""none"",""access_mode"":""read-only"",""base_data_name"":""exploratory-base"",""reified_data_name"":""exploratory-reified"",""update_canary_sha256"":""2b9b44b25cd1c568cd57c6c5df25ae260b68229044617821fb33f542dab77648"",""store_instance_sha256"":""30e2f137e46adf31cbf946515707a3237ea7a5b1e32a4e3b81551f678798b917"",""store_discriminator_sha256"":""2e884d94ace185d62b1b91debf493ccd0a69b83d08e74cf5f1c2be4851b14215"",""tool_sha256"":""b38a65fc0c1a91e138f057f7b6c08d21c328463aceb40ffda53fc759f99d2f7a"",""java_runtime_sha256"":""bdd50c08a90e2fb713541b8a118df6250246a917edc41a6776aeafc90b472687"",""run_identity_sha256"":""a059bccac24f2930d24e8adb19e4b6aee45b362739963dab96d974887a3b593f""}"
baf731844a65b830a95b2167d5a3b6b77d65abcd,millenniumdb,MillenniumDB [engines.json profile],100M,F,F5,00,5ca90afb3951e0444bf3024c77058dedfd92664870dc85d282ed837b0894ed6f,R,reification-only,ok,38,7.5,7.1,7.6,7.4,0.3,1,3,300.0,11071,0.0,,,,,128.488828,"[7.507, 7.628, 7.124]","[0.0, 0.0, 0.0]",,[],,[],,[],r9.2-frozen-identity-v7,65e3926e6207b41f04e9825b1697c3818e9cf817bb3b8acdfeaecb457c987a33,csv-binding-multiset-v1,38,f0db826bb60293c3a3b8d6c59f20cac315c4471dc71ee5de7c4facd147353acb,,,,,,,,007a0f6d40c4f5763053f0656a9a8961bef2a93fdcf0d680038343fd899f8922,449f806c0d1e860421279be80d03331f7ad131ca9af34621cf32cc41042190d3,8a607274f1b3d176dd6acfdc7381c25676b642e78d334a9664e45a2bdf3d52a0,8a988dc83f4082a4f27503ba2906dc6b8733b3c02be567635c726c67bbd48314,16162702ccec82b2a0e27063cd04bd756a27af1f003b4cef0da976d843ef4725,none,read-only,exploratory-base,exploratory-reified,2b9b44b25cd1c568cd57c6c5df25ae260b68229044617821fb33f542dab77648,30e2f137e46adf31cbf946515707a3237ea7a5b1e32a4e3b81551f678798b917,2e884d94ace185d62b1b91debf493ccd0a69b83d08e74cf5f1c2be4851b14215,b38a65fc0c1a91e138f057f7b6c08d21c328463aceb40ffda53fc759f99d2f7a,bdd50c08a90e2fb713541b8a118df6250246a917edc41a6776aeafc90b472687,a059bccac24f2930d24e8adb19e4b6aee45b362739963dab96d974887a3b593f,"pcm-meta-v2:{""protocol"":""r9.2-frozen-identity-v7"",""message"":"""",""cell_wall_ms"":181.218,""answer_kind"":""csv-binding-multiset-v1"",""answer_key_count"":38,""answer_fingerprint"":""f0db826bb60293c3a3b8d6c59f20cac315c4471dc71ee5de7c4facd147353acb"",""c_parse_samples"":[0.0,0.0,0.0],""c_protocol_samples"":[],""construct_total_samples"":[],""construct_unattributed_samples"":[],""status"":""ok"",""status_evidence"":null,""construction_requested"":null,""construction_effective"":null,""commit"":""baf731844a65b830a95b2167d5a3b6b77d65abcd"",""batch_id"":""65e3926e6207b41f04e9825b1697c3818e9cf817bb3b8acdfeaecb457c987a33"",""query_sha256"":""5ca90afb3951e0444bf3024c77058dedfd92664870dc85d282ed837b0894ed6f"",""engine"":""millenniumdb"",""engine_version"":""MillenniumDB [engines.json profile]"",""scale"":""100M"",""base_endpoint_sha256"":""007a0f6d40c4f5763053f0656a9a8961bef2a93fdcf0d680038343fd899f8922"",""reified_endpoint_sha256"":""449f806c0d1e860421279be80d03331f7ad131ca9af34621cf32cc41042190d3"",""update_endpoint_sha256"":""8a607274f1b3d176dd6acfdc7381c25676b642e78d334a9664e45a2bdf3d52a0"",""base_data_identity_sha256"":""8a988dc83f4082a4f27503ba2906dc6b8733b3c02be567635c726c67bbd48314"",""reified_data_identity_sha256"":""16162702ccec82b2a0e27063cd04bd756a27af1f003b4cef0da976d843ef4725"",""update_for"":""none"",""access_mode"":""read-only"",""base_data_name"":""exploratory-base"",""reified_data_name"":""exploratory-reified"",""update_canary_sha256"":""2b9b44b25cd1c568cd57c6c5df25ae260b68229044617821fb33f542dab77648"",""store_instance_sha256"":""30e2f137e46adf31cbf946515707a3237ea7a5b1e32a4e3b81551f678798b917"",""store_discriminator_sha256"":""2e884d94ace185d62b1b91debf493ccd0a69b83d08e74cf5f1c2be4851b14215"",""tool_sha256"":""b38a65fc0c1a91e138f057f7b6c08d21c328463aceb40ffda53fc759f99d2f7a"",""java_runtime_sha256"":""bdd50c08a90e2fb713541b8a118df6250246a917edc41a6776aeafc90b472687"",""run_identity_sha256"":""a059bccac24f2930d24e8adb19e4b6aee45b362739963dab96d974887a3b593f""}"
baf731844a65b830a95b2167d5a3b6b77d65abcd,millenniumdb,MillenniumDB [engines.json profile],100M,F,F5,00,5ca90afb3951e0444bf3024c77058dedfd92664870dc85d282ed837b0894ed6f,N,N_clean (NPCS reimplementation),ok,38,11.6,9.0,11.9,10.9,1.6,1,3,300.0,14804,0.0,,,,38,185.118244,"[11.606, 9.006, 11.939]","[0.0, 0.0, 0.0]",,[],,[],,[],r9.2-frozen-identity-v7,65e3926e6207b41f04e9825b1697c3818e9cf817bb3b8acdfeaecb457c987a33,csv-candidate-multiset-v1,38,f0db826bb60293c3a3b8d6c59f20cac315c4471dc71ee5de7c4facd147353acb,,,,,,,,007a0f6d40c4f5763053f0656a9a8961bef2a93fdcf0d680038343fd899f8922,449f806c0d1e860421279be80d03331f7ad131ca9af34621cf32cc41042190d3,8a607274f1b3d176dd6acfdc7381c25676b642e78d334a9664e45a2bdf3d52a0,8a988dc83f4082a4f27503ba2906dc6b8733b3c02be567635c726c67bbd48314,16162702ccec82b2a0e27063cd04bd756a27af1f003b4cef0da976d843ef4725,none,read-only,exploratory-base,exploratory-reified,2b9b44b25cd1c568cd57c6c5df25ae260b68229044617821fb33f542dab77648,30e2f137e46adf31cbf946515707a3237ea7a5b1e32a4e3b81551f678798b917,2e884d94ace185d62b1b91debf493ccd0a69b83d08e74cf5f1c2be4851b14215,b38a65fc0c1a91e138f057f7b6c08d21c328463aceb40ffda53fc759f99d2f7a,bdd50c08a90e2fb713541b8a118df6250246a917edc41a6776aeafc90b472687,a059bccac24f2930d24e8adb19e4b6aee45b362739963dab96d974887a3b593f,"pcm-meta-v2:{""protocol"":""r9.2-frozen-identity-v7"",""message"":"""",""cell_wall_ms"":275.118,""answer_kind"":""csv-candidate-multiset-v1"",""answer_key_count"":38,""answer_fingerprint"":""f0db826bb60293c3a3b8d6c59f20cac315c4471dc71ee5de7c4facd147353acb"",""c_parse_samples"":[0.0,0.0,0.0],""c_protocol_samples"":[],""construct_total_samples"":[],""construct_unattributed_samples"":[],""status"":""ok"",""status_evidence"":null,""construction_requested"":null,""construction_effective"":null,""commit"":""baf731844a65b830a95b2167d5a3b6b77d65abcd"",""batch_id"":""65e3926e6207b41f04e9825b1697c3818e9cf817bb3b8acdfeaecb457c987a33"",""query_sha256"":""5ca90afb3951e0444bf3024c77058dedfd92664870dc85d282ed837b0894ed6f"",""engine"":""millenniumdb"",""engine_version"":""MillenniumDB [engines.json profile]"",""scale"":""100M"",""base_endpoint_sha256"":""007a0f6d40c4f5763053f0656a9a8961bef2a93fdcf0d680038343fd899f8922"",""reified_endpoint_sha256"":""449f806c0d1e860421279be80d03331f7ad131ca9af34621cf32cc41042190d3"",""update_endpoint_sha256"":""8a607274f1b3d176dd6acfdc7381c25676b642e78d334a9664e45a2bdf3d52a0"",""base_data_identity_sha256"":""8a988dc83f4082a4f27503ba2906dc6b8733b3c02be567635c726c67bbd48314"",""reified_data_identity_sha256"":""16162702ccec82b2a0e27063cd04bd756a27af1f003b4cef0da976d843ef4725"",""update_for"":""none"",""access_mode"":""read-only"",""base_data_name"":""exploratory-base"",""reified_data_name"":""exploratory-reified"",""update_canary_sha256"":""2b9b44b25cd1c568cd57c6c5df25ae260b68229044617821fb33f542dab77648"",""store_instance_sha256"":""30e2f137e46adf31cbf946515707a3237ea7a5b1e32a4e3b81551f678798b917"",""store_discriminator_sha256"":""2e884d94ace185d62b1b91debf493ccd0a69b83d08e74cf5f1c2be4851b14215"",""tool_sha256"":""b38a65fc0c1a91e138f057f7b6c08d21c328463aceb40ffda53fc759f99d2f7a"",""java_runtime_sha256"":""bdd50c08a90e2fb713541b8a118df6250246a917edc41a6776aeafc90b472687"",""run_identity_sha256"":""a059bccac24f2930d24e8adb19e4b6aee45b362739963dab96d974887a3b593f""}"
baf731844a65b830a95b2167d5a3b6b77d65abcd,millenniumdb,MillenniumDB [engines.json profile],100M,F,F5,00,5ca90afb3951e0444bf3024c77058dedfd92664870dc85d282ed837b0894ed6f,C,SPARQLcirc CircuitRewriter,ok,38,26.3,25.9,27.3,26.5,0.7,1,3,300.0,155427,12.9,76,266,38,,379.039154,"[26.312, 27.313, 25.918]","[12.785, 15.424, 12.887]",0.0,"[0.0, 0.0, 0.0]",39.2,"[39.199, 42.848, 38.915]",0.1,"[0.102, 0.11, 0.11]",r9.2-frozen-identity-v7,65e3926e6207b41f04e9825b1697c3818e9cf817bb3b8acdfeaecb457c987a33,term-aware-candidate-set-v1,38,7d8c24360d885c4e1c89572b649f555f04203d0aa9d852f3f621c7f1d59afeb3,flat,flat,b6f547e1c135b232ee2d80ee32d55621cd3d1b8d643d6dc704ba0d7108eac779,,,,,007a0f6d40c4f5763053f0656a9a8961bef2a93fdcf0d680038343fd899f8922,449f806c0d1e860421279be80d03331f7ad131ca9af34621cf32cc41042190d3,8a607274f1b3d176dd6acfdc7381c25676b642e78d334a9664e45a2bdf3d52a0,8a988dc83f4082a4f27503ba2906dc6b8733b3c02be567635c726c67bbd48314,16162702ccec82b2a0e27063cd04bd756a27af1f003b4cef0da976d843ef4725,none,read-only,exploratory-base,exploratory-reified,2b9b44b25cd1c568cd57c6c5df25ae260b68229044617821fb33f542dab77648,30e2f137e46adf31cbf946515707a3237ea7a5b1e32a4e3b81551f678798b917,2e884d94ace185d62b1b91debf493ccd0a69b83d08e74cf5f1c2be4851b14215,b38a65fc0c1a91e138f057f7b6c08d21c328463aceb40ffda53fc759f99d2f7a,bdd50c08a90e2fb713541b8a118df6250246a917edc41a6776aeafc90b472687,a059bccac24f2930d24e8adb19e4b6aee45b362739963dab96d974887a3b593f,"pcm-meta-v2:{""protocol"":""r9.2-frozen-identity-v7"",""message"":""C requested=flat effective=flat; steps=1 feedback=0; network includes CONSTRUCT, feedback INSERT, and cleanup DELETE"",""cell_wall_ms"":741.784,""answer_kind"":""term-aware-candidate-set-v1"",""answer_key_count"":38,""answer_fingerprint"":""7d8c24360d885c4e1c89572b649f555f04203d0aa9d852f3f621c7f1d59afeb3"",""c_parse_samples"":[12.785,15.424,12.887],""c_protocol_samples"":[{""requested_mode"":""flat"",""effective_mode"":""flat"",""fallback_reason"":null,""plan_steps"":1,""feedback_steps"":0,""feedback_triples"":0,""construct_query_ms"":26.312,""feedback_update_ms"":0.0,""cleanup_ms"":0.0,""client_protocol_ms"":0.0,""network_scope"":""construct+feedback+cleanup"",""circuit_sha256"":""b6f547e1c135b232ee2d80ee32d55621cd3d1b8d643d6dc704ba0d7108eac779"",""answer_fingerprint"":""7d8c24360d885c4e1c89572b649f555f04203d0aa9d852f3f621c7f1d59afeb3"",""semantic_signature_sha256"":""b9cf93b335dd3125a7f6c8a15f3995048caea97cf1db498c1746ec6e7292430a"",""structure_signature"":{""gates"":76,""edges"":266,""answers"":38,""derivations"":38,""canonical_bytes"":155427},""construct_total_ms"":39.199,""client_unattributed_ms"":0.102},{""requested_mode"":""flat"",""effective_mode"":""flat"",""fallback_reason"":null,""plan_steps"":1,""feedback_steps"":0,""feedback_triples"":0,""construct_query_ms"":27.313,""feedback_update_ms"":0.0,""cleanup_ms"":0.0,""client_protocol_ms"":0.0,""network_scope"":""construct+feedback+cleanup"",""circuit_sha256"":""b6f547e1c135b232ee2d80ee32d55621cd3d1b8d643d6dc704ba0d7108eac779"",""answer_fingerprint"":""7d8c24360d885c4e1c89572b649f555f04203d0aa9d852f3f621c7f1d59afeb3"",""semantic_signature_sha256"":""b9cf93b335dd3125a7f6c8a15f3995048caea97cf1db498c1746ec6e7292430a"",""structure_signature"":{""gates"":76,""edges"":266,""answers"":38,""derivations"":38,""canonical_bytes"":155427},""construct_total_ms"":42.848,""client_unattributed_ms"":0.11},{""requested_mode"":""flat"",""effective_mode"":""flat"",""fallback_reason"":null,""plan_steps"":1,""feedback_steps"":0,""feedback_triples"":0,""construct_query_ms"":25.918,""feedback_update_ms"":0.0,""cleanup_ms"":0.0,""client_protocol_ms"":0.0,""network_scope"":""construct+feedback+cleanup"",""circuit_sha256"":""b6f547e1c135b232ee2d80ee32d55621cd3d1b8d643d6dc704ba0d7108eac779"",""answer_fingerprint"":""7d8c24360d885c4e1c89572b649f555f04203d0aa9d852f3f621c7f1d59afeb3"",""semantic_signature_sha256"":""b9cf93b335dd3125a7f6c8a15f3995048caea97cf1db498c1746ec6e7292430a"",""structure_signature"":{""gates"":76,""edges"":266,""answers"":38,""derivations"":38,""canonical_bytes"":155427},""construct_total_ms"":38.915,""client_unattributed_ms"":0.11}],""construct_total_samples"":[39.199,42.848,38.915],""construct_unattributed_samples"":[0.102,0.11,0.11],""status"":""ok"",""status_evidence"":null,""c_warmup_signatures"":[""b9cf93b335dd3125a7f6c8a15f3995048caea97cf1db498c1746ec6e7292430a""],""measured_semantic_signature_sha256"":""b9cf93b335dd3125a7f6c8a15f3995048caea97cf1db498c1746ec6e7292430a"",""measured_repetitions_consistent"":true,""construction_requested"":""flat"",""construction_effective"":""flat"",""commit"":""baf731844a65b830a95b2167d5a3b6b77d65abcd"",""batch_id"":""65e3926e6207b41f04e9825b1697c3818e9cf817bb3b8acdfeaecb457c987a33"",""query_sha256"":""5ca90afb3951e0444bf3024c77058dedfd92664870dc85d282ed837b0894ed6f"",""engine"":""millenniumdb"",""engine_version"":""MillenniumDB [engines.json profile]"",""scale"":""100M"",""base_endpoint_sha256"":""007a0f6d40c4f5763053f0656a9a8961bef2a93fdcf0d680038343fd899f8922"",""reified_endpoint_sha256"":""449f806c0d1e860421279be80d03331f7ad131ca9af34621cf32cc41042190d3"",""update_endpoint_sha256"":""8a607274f1b3d176dd6acfdc7381c25676b642e78d334a9664e45a2bdf3d52a0"",""base_data_identity_sha256"":""8a988dc83f4082a4f27503ba2906dc6b8733b3c02be567635c726c67bbd48314"",""reified_data_identity_sha256"":""16162702ccec82b2a0e27063cd04bd756a27af1f003b4cef0da976d843ef4725"",""update_for"":""none"",""access_mode"":""read-only"",""base_data_name"":""exploratory-base"",""reified_data_name"":""exploratory-reified"",""update_canary_sha256"":""2b9b44b25cd1c568cd57c6c5df25ae260b68229044617821fb33f542dab77648"",""store_instance_sha256"":""30e2f137e46adf31cbf946515707a3237ea7a5b1e32a4e3b81551f678798b917"",""store_discriminator_sha256"":""2e884d94ace185d62b1b91debf493ccd0a69b83d08e74cf5f1c2be4851b14215"",""tool_sha256"":""b38a65fc0c1a91e138f057f7b6c08d21c328463aceb40ffda53fc759f99d2f7a"",""java_runtime_sha256"":""bdd50c08a90e2fb713541b8a118df6250246a917edc41a6776aeafc90b472687"",""run_identity_sha256"":""a059bccac24f2930d24e8adb19e4b6aee45b362739963dab96d974887a3b593f""}"
baf731844a65b830a95b2167d5a3b6b77d65abcd,millenniumdb,MillenniumDB [engines.json profile],100M,O,O1,00,0f31130653f6c7f7dad353eb0c056676430f43d831aa1c986bb0e5cfe3f2b72c,B,base-select,ok,7,1.3,1.2,1.4,1.3,0.1,1,3,300.0,707,0.0,,,,,0.007931,"[1.286, 1.199, 1.439]","[0.0, 0.0, 0.0]",,[],,[],,[],r9.2-frozen-identity-v7,40ad892dc8c00e8d7d7af40938d2950016da9dc22632d90d60edb8799b0af8a4,csv-binding-multiset-v1,7,981fbb7dc2d3c28f23f2f0bc5a2d8976daf2f7ba7ae531f4be1e1f626a9c7e88,,,,,,,,007a0f6d40c4f5763053f0656a9a8961bef2a93fdcf0d680038343fd899f8922,449f806c0d1e860421279be80d03331f7ad131ca9af34621cf32cc41042190d3,8a607274f1b3d176dd6acfdc7381c25676b642e78d334a9664e45a2bdf3d52a0,8a988dc83f4082a4f27503ba2906dc6b8733b3c02be567635c726c67bbd48314,16162702ccec82b2a0e27063cd04bd756a27af1f003b4cef0da976d843ef4725,none,read-only,exploratory-base,exploratory-reified,2b9b44b25cd1c568cd57c6c5df25ae260b68229044617821fb33f542dab77648,30e2f137e46adf31cbf946515707a3237ea7a5b1e32a4e3b81551f678798b917,2e884d94ace185d62b1b91debf493ccd0a69b83d08e74cf5f1c2be4851b14215,b38a65fc0c1a91e138f057f7b6c08d21c328463aceb40ffda53fc759f99d2f7a,bdd50c08a90e2fb713541b8a118df6250246a917edc41a6776aeafc90b472687,9965d7c7d9bb8f41c9c93f120a25c6edbaaaa86c2ecd5c5c66623ae040a47298,"pcm-meta-v2:{""protocol"":""r9.2-frozen-identity-v7"",""message"":"""",""cell_wall_ms"":13.934,""answer_kind"":""csv-binding-multiset-v1"",""answer_key_count"":7,""answer_fingerprint"":""981fbb7dc2d3c28f23f2f0bc5a2d8976daf2f7ba7ae531f4be1e1f626a9c7e88"",""c_parse_samples"":[0.0,0.0,0.0],""c_protocol_samples"":[],""construct_total_samples"":[],""construct_unattributed_samples"":[],""status"":""ok"",""status_evidence"":null,""construction_requested"":null,""construction_effective"":null,""commit"":""baf731844a65b830a95b2167d5a3b6b77d65abcd"",""batch_id"":""40ad892dc8c00e8d7d7af40938d2950016da9dc22632d90d60edb8799b0af8a4"",""query_sha256"":""0f31130653f6c7f7dad353eb0c056676430f43d831aa1c986bb0e5cfe3f2b72c"",""engine"":""millenniumdb"",""engine_version"":""MillenniumDB [engines.json profile]"",""scale"":""100M"",""base_endpoint_sha256"":""007a0f6d40c4f5763053f0656a9a8961bef2a93fdcf0d680038343fd899f8922"",""reified_endpoint_sha256"":""449f806c0d1e860421279be80d03331f7ad131ca9af34621cf32cc41042190d3"",""update_endpoint_sha256"":""8a607274f1b3d176dd6acfdc7381c25676b642e78d334a9664e45a2bdf3d52a0"",""base_data_identity_sha256"":""8a988dc83f4082a4f27503ba2906dc6b8733b3c02be567635c726c67bbd48314"",""reified_data_identity_sha256"":""16162702ccec82b2a0e27063cd04bd756a27af1f003b4cef0da976d843ef4725"",""update_for"":""none"",""access_mode"":""read-only"",""base_data_name"":""exploratory-base"",""reified_data_name"":""exploratory-reified"",""update_canary_sha256"":""2b9b44b25cd1c568cd57c6c5df25ae260b68229044617821fb33f542dab77648"",""store_instance_sha256"":""30e2f137e46adf31cbf946515707a3237ea7a5b1e32a4e3b81551f678798b917"",""store_discriminator_sha256"":""2e884d94ace185d62b1b91debf493ccd0a69b83d08e74cf5f1c2be4851b14215"",""tool_sha256"":""b38a65fc0c1a91e138f057f7b6c08d21c328463aceb40ffda53fc759f99d2f7a"",""java_runtime_sha256"":""bdd50c08a90e2fb713541b8a118df6250246a917edc41a6776aeafc90b472687"",""run_identity_sha256"":""9965d7c7d9bb8f41c9c93f120a25c6edbaaaa86c2ecd5c5c66623ae040a47298""}"
baf731844a65b830a95b2167d5a3b6b77d65abcd,millenniumdb,MillenniumDB [engines.json profile],100M,O,O1,00,0f31130653f6c7f7dad353eb0c056676430f43d831aa1c986bb0e5cfe3f2b72c,R,reification-only,ok,7,3.4,2.4,3.6,3.1,0.6,1,3,300.0,707,0.0,,,,,128.291185,"[3.368, 2.429, 3.603]","[0.0, 0.0, 0.0]",,[],,[],,[],r9.2-frozen-identity-v7,40ad892dc8c00e8d7d7af40938d2950016da9dc22632d90d60edb8799b0af8a4,csv-binding-multiset-v1,7,981fbb7dc2d3c28f23f2f0bc5a2d8976daf2f7ba7ae531f4be1e1f626a9c7e88,,,,,,,,007a0f6d40c4f5763053f0656a9a8961bef2a93fdcf0d680038343fd899f8922,449f806c0d1e860421279be80d03331f7ad131ca9af34621cf32cc41042190d3,8a607274f1b3d176dd6acfdc7381c25676b642e78d334a9664e45a2bdf3d52a0,8a988dc83f4082a4f27503ba2906dc6b8733b3c02be567635c726c67bbd48314,16162702ccec82b2a0e27063cd04bd756a27af1f003b4cef0da976d843ef4725,none,read-only,exploratory-base,exploratory-reified,2b9b44b25cd1c568cd57c6c5df25ae260b68229044617821fb33f542dab77648,30e2f137e46adf31cbf946515707a3237ea7a5b1e32a4e3b81551f678798b917,2e884d94ace185d62b1b91debf493ccd0a69b83d08e74cf5f1c2be4851b14215,b38a65fc0c1a91e138f057f7b6c08d21c328463aceb40ffda53fc759f99d2f7a,bdd50c08a90e2fb713541b8a118df6250246a917edc41a6776aeafc90b472687,9965d7c7d9bb8f41c9c93f120a25c6edbaaaa86c2ecd5c5c66623ae040a47298,"pcm-meta-v2:{""protocol"":""r9.2-frozen-identity-v7"",""message"":"""",""cell_wall_ms"":147.815,""answer_kind"":""csv-binding-multiset-v1"",""answer_key_count"":7,""answer_fingerprint"":""981fbb7dc2d3c28f23f2f0bc5a2d8976daf2f7ba7ae531f4be1e1f626a9c7e88"",""c_parse_samples"":[0.0,0.0,0.0],""c_protocol_samples"":[],""construct_total_samples"":[],""construct_unattributed_samples"":[],""status"":""ok"",""status_evidence"":null,""construction_requested"":null,""construction_effective"":null,""commit"":""baf731844a65b830a95b2167d5a3b6b77d65abcd"",""batch_id"":""40ad892dc8c00e8d7d7af40938d2950016da9dc22632d90d60edb8799b0af8a4"",""query_sha256"":""0f31130653f6c7f7dad353eb0c056676430f43d831aa1c986bb0e5cfe3f2b72c"",""engine"":""millenniumdb"",""engine_version"":""MillenniumDB [engines.json profile]"",""scale"":""100M"",""base_endpoint_sha256"":""007a0f6d40c4f5763053f0656a9a8961bef2a93fdcf0d680038343fd899f8922"",""reified_endpoint_sha256"":""449f806c0d1e860421279be80d03331f7ad131ca9af34621cf32cc41042190d3"",""update_endpoint_sha256"":""8a607274f1b3d176dd6acfdc7381c25676b642e78d334a9664e45a2bdf3d52a0"",""base_data_identity_sha256"":""8a988dc83f4082a4f27503ba2906dc6b8733b3c02be567635c726c67bbd48314"",""reified_data_identity_sha256"":""16162702ccec82b2a0e27063cd04bd756a27af1f003b4cef0da976d843ef4725"",""update_for"":""none"",""access_mode"":""read-only"",""base_data_name"":""exploratory-base"",""reified_data_name"":""exploratory-reified"",""update_canary_sha256"":""2b9b44b25cd1c568cd57c6c5df25ae260b68229044617821fb33f542dab77648"",""store_instance_sha256"":""30e2f137e46adf31cbf946515707a3237ea7a5b1e32a4e3b81551f678798b917"",""store_discriminator_sha256"":""2e884d94ace185d62b1b91debf493ccd0a69b83d08e74cf5f1c2be4851b14215"",""tool_sha256"":""b38a65fc0c1a91e138f057f7b6c08d21c328463aceb40ffda53fc759f99d2f7a"",""java_runtime_sha256"":""bdd50c08a90e2fb713541b8a118df6250246a917edc41a6776aeafc90b472687"",""run_identity_sha256"":""9965d7c7d9bb8f41c9c93f120a25c6edbaaaa86c2ecd5c5c66623ae040a47298""}"
baf731844a65b830a95b2167d5a3b6b77d65abcd,millenniumdb,MillenniumDB [engines.json profile],100M,O,O1,00,0f31130653f6c7f7dad353eb0c056676430f43d831aa1c986bb0e5cfe3f2b72c,N,N_clean (NPCS reimplementation),ok,7,809.1,785.8,836.5,810.5,25.4,1,3,300.0,738,0.0,,,,0,189.788887,"[836.501, 809.134, 785.807]","[0.0, 0.0, 0.0]",,[],,[],,[],r9.2-frozen-identity-v7,40ad892dc8c00e8d7d7af40938d2950016da9dc22632d90d60edb8799b0af8a4,csv-candidate-multiset-v1,7,981fbb7dc2d3c28f23f2f0bc5a2d8976daf2f7ba7ae531f4be1e1f626a9c7e88,,,,,,,,007a0f6d40c4f5763053f0656a9a8961bef2a93fdcf0d680038343fd899f8922,449f806c0d1e860421279be80d03331f7ad131ca9af34621cf32cc41042190d3,8a607274f1b3d176dd6acfdc7381c25676b642e78d334a9664e45a2bdf3d52a0,8a988dc83f4082a4f27503ba2906dc6b8733b3c02be567635c726c67bbd48314,16162702ccec82b2a0e27063cd04bd756a27af1f003b4cef0da976d843ef4725,none,read-only,exploratory-base,exploratory-reified,2b9b44b25cd1c568cd57c6c5df25ae260b68229044617821fb33f542dab77648,30e2f137e46adf31cbf946515707a3237ea7a5b1e32a4e3b81551f678798b917,2e884d94ace185d62b1b91debf493ccd0a69b83d08e74cf5f1c2be4851b14215,b38a65fc0c1a91e138f057f7b6c08d21c328463aceb40ffda53fc759f99d2f7a,bdd50c08a90e2fb713541b8a118df6250246a917edc41a6776aeafc90b472687,9965d7c7d9bb8f41c9c93f120a25c6edbaaaa86c2ecd5c5c66623ae040a47298,"pcm-meta-v2:{""protocol"":""r9.2-frozen-identity-v7"",""message"":"""",""cell_wall_ms"":10505.562,""answer_kind"":""csv-candidate-multiset-v1"",""answer_key_count"":7,""answer_fingerprint"":""981fbb7dc2d3c28f23f2f0bc5a2d8976daf2f7ba7ae531f4be1e1f626a9c7e88"",""c_parse_samples"":[0.0,0.0,0.0],""c_protocol_samples"":[],""construct_total_samples"":[],""construct_unattributed_samples"":[],""status"":""ok"",""status_evidence"":null,""construction_requested"":null,""construction_effective"":null,""commit"":""baf731844a65b830a95b2167d5a3b6b77d65abcd"",""batch_id"":""40ad892dc8c00e8d7d7af40938d2950016da9dc22632d90d60edb8799b0af8a4"",""query_sha256"":""0f31130653f6c7f7dad353eb0c056676430f43d831aa1c986bb0e5cfe3f2b72c"",""engine"":""millenniumdb"",""engine_version"":""MillenniumDB [engines.json profile]"",""scale"":""100M"",""base_endpoint_sha256"":""007a0f6d40c4f5763053f0656a9a8961bef2a93fdcf0d680038343fd899f8922"",""reified_endpoint_sha256"":""449f806c0d1e860421279be80d03331f7ad131ca9af34621cf32cc41042190d3"",""update_endpoint_sha256"":""8a607274f1b3d176dd6acfdc7381c25676b642e78d334a9664e45a2bdf3d52a0"",""base_data_identity_sha256"":""8a988dc83f4082a4f27503ba2906dc6b8733b3c02be567635c726c67bbd48314"",""reified_data_identity_sha256"":""16162702ccec82b2a0e27063cd04bd756a27af1f003b4cef0da976d843ef4725"",""update_for"":""none"",""access_mode"":""read-only"",""base_data_name"":""exploratory-base"",""reified_data_name"":""exploratory-reified"",""update_canary_sha256"":""2b9b44b25cd1c568cd57c6c5df25ae260b68229044617821fb33f542dab77648"",""store_instance_sha256"":""30e2f137e46adf31cbf946515707a3237ea7a5b1e32a4e3b81551f678798b917"",""store_discriminator_sha256"":""2e884d94ace185d62b1b91debf493ccd0a69b83d08e74cf5f1c2be4851b14215"",""tool_sha256"":""b38a65fc0c1a91e138f057f7b6c08d21c328463aceb40ffda53fc759f99d2f7a"",""java_runtime_sha256"":""bdd50c08a90e2fb713541b8a118df6250246a917edc41a6776aeafc90b472687"",""run_identity_sha256"":""9965d7c7d9bb8f41c9c93f120a25c6edbaaaa86c2ecd5c5c66623ae040a47298""}"
baf731844a65b830a95b2167d5a3b6b77d65abcd,millenniumdb,MillenniumDB [engines.json profile],100M,O,O1,00,0f31130653f6c7f7dad353eb0c056676430f43d831aa1c986bb0e5cfe3f2b72c,C,SPARQLcirc CircuitRewriter,ok,7,3134.7,3113.1,3453.5,3233.8,190.6,1,3,300.0,14544896,1498.4,50355,50348,25167,,380.814582,"[3134.722, 3453.474, 3113.11]","[1521.165, 1498.417, 1472.222]",0.0,"[0.0, 0.0, 0.0]",4668.5,"[4668.529, 4963.721, 4597.541]",12.2,"[12.642, 11.83, 12.208]",r9.2-frozen-identity-v7,40ad892dc8c00e8d7d7af40938d2950016da9dc22632d90d60edb8799b0af8a4,term-aware-candidate-set-v1,7,9222998cbd3c7d639df46729e26c8825e75f6b377a905062ed78071e3d80be85,flat,flat,a481560c950267b4ca0a5758aad9808475874f46fbbdaf16bf5160e8eff8720b,,,,,007a0f6d40c4f5763053f0656a9a8961bef2a93fdcf0d680038343fd899f8922,449f806c0d1e860421279be80d03331f7ad131ca9af34621cf32cc41042190d3,8a607274f1b3d176dd6acfdc7381c25676b642e78d334a9664e45a2bdf3d52a0,8a988dc83f4082a4f27503ba2906dc6b8733b3c02be567635c726c67bbd48314,16162702ccec82b2a0e27063cd04bd756a27af1f003b4cef0da976d843ef4725,none,read-only,exploratory-base,exploratory-reified,2b9b44b25cd1c568cd57c6c5df25ae260b68229044617821fb33f542dab77648,30e2f137e46adf31cbf946515707a3237ea7a5b1e32a4e3b81551f678798b917,2e884d94ace185d62b1b91debf493ccd0a69b83d08e74cf5f1c2be4851b14215,b38a65fc0c1a91e138f057f7b6c08d21c328463aceb40ffda53fc759f99d2f7a,bdd50c08a90e2fb713541b8a118df6250246a917edc41a6776aeafc90b472687,9965d7c7d9bb8f41c9c93f120a25c6edbaaaa86c2ecd5c5c66623ae040a47298,"pcm-meta-v2:{""protocol"":""r9.2-frozen-identity-v7"",""message"":""C requested=flat effective=flat; steps=5 feedback=0; network includes CONSTRUCT, feedback INSERT, and cleanup DELETE"",""cell_wall_ms"":30434.321,""answer_kind"":""term-aware-candidate-set-v1"",""answer_key_count"":7,""answer_fingerprint"":""9222998cbd3c7d639df46729e26c8825e75f6b377a905062ed78071e3d80be85"",""c_parse_samples"":[1521.165,1498.417,1472.222],""c_protocol_samples"":[{""requested_mode"":""flat"",""effective_mode"":""flat"",""fallback_reason"":null,""plan_steps"":5,""feedback_steps"":0,""feedback_triples"":0,""construct_query_ms"":3134.722,""feedback_update_ms"":0.0,""cleanup_ms"":0.0,""client_protocol_ms"":0.0,""network_scope"":""construct+feedback+cleanup"",""circuit_sha256"":""a481560c950267b4ca0a5758aad9808475874f46fbbdaf16bf5160e8eff8720b"",""answer_fingerprint"":""9222998cbd3c7d639df46729e26c8825e75f6b377a905062ed78071e3d80be85"",""semantic_signature_sha256"":""ea204b504063e2e7023775868eacb551a18b324773f3aca55b74a2ef029ebac0"",""structure_signature"":{""gates"":50355,""edges"":50348,""answers"":7,""derivations"":25167,""canonical_bytes"":14544896},""construct_total_ms"":4668.529,""client_unattributed_ms"":12.642},{""requested_mode"":""flat"",""effective_mode"":""flat"",""fallback_reason"":null,""plan_steps"":5,""feedback_steps"":0,""feedback_triples"":0,""construct_query_ms"":3453.474,""feedback_update_ms"":0.0,""cleanup_ms"":0.0,""client_protocol_ms"":0.0,""network_scope"":""construct+feedback+cleanup"",""circuit_sha256"":""a481560c950267b4ca0a5758aad9808475874f46fbbdaf16bf5160e8eff8720b"",""answer_fingerprint"":""9222998cbd3c7d639df46729e26c8825e75f6b377a905062ed78071e3d80be85"",""semantic_signature_sha256"":""ea204b504063e2e7023775868eacb551a18b324773f3aca55b74a2ef029ebac0"",""structure_signature"":{""gates"":50355,""edges"":50348,""answers"":7,""derivations"":25167,""canonical_bytes"":14544896},""construct_total_ms"":4963.721,""client_unattributed_ms"":11.83},{""requested_mode"":""flat"",""effective_mode"":""flat"",""fallback_reason"":null,""plan_steps"":5,""feedback_steps"":0,""feedback_triples"":0,""construct_query_ms"":3113.11,""feedback_update_ms"":0.0,""cleanup_ms"":0.0,""client_protocol_ms"":0.0,""network_scope"":""construct+feedback+cleanup"",""circuit_sha256"":""a481560c950267b4ca0a5758aad9808475874f46fbbdaf16bf5160e8eff8720b"",""answer_fingerprint"":""9222998cbd3c7d639df46729e26c8825e75f6b377a905062ed78071e3d80be85"",""semantic_signature_sha256"":""ea204b504063e2e7023775868eacb551a18b324773f3aca55b74a2ef029ebac0"",""structure_signature"":{""gates"":50355,""edges"":50348,""answers"":7,""derivations"":25167,""canonical_bytes"":14544896},""construct_total_ms"":4597.541,""client_unattributed_ms"":12.208}],""construct_total_samples"":[4668.529,4963.721,4597.541],""construct_unattributed_samples"":[12.642,11.83,12.208],""status"":""ok"",""status_evidence"":null,""c_warmup_signatures"":[""ea204b504063e2e7023775868eacb551a18b324773f3aca55b74a2ef029ebac0""],""measured_semantic_signature_sha256"":""ea204b504063e2e7023775868eacb551a18b324773f3aca55b74a2ef029ebac0"",""measured_repetitions_consistent"":true,""construction_requested"":""flat"",""construction_effective"":""flat"",""commit"":""baf731844a65b830a95b2167d5a3b6b77d65abcd"",""batch_id"":""40ad892dc8c00e8d7d7af40938d2950016da9dc22632d90d60edb8799b0af8a4"",""query_sha256"":""0f31130653f6c7f7dad353eb0c056676430f43d831aa1c986bb0e5cfe3f2b72c"",""engine"":""millenniumdb"",""engine_version"":""MillenniumDB [engines.json profile]"",""scale"":""100M"",""base_endpoint_sha256"":""007a0f6d40c4f5763053f0656a9a8961bef2a93fdcf0d680038343fd899f8922"",""reified_endpoint_sha256"":""449f806c0d1e860421279be80d03331f7ad131ca9af34621cf32cc41042190d3"",""update_endpoint_sha256"":""8a607274f1b3d176dd6acfdc7381c25676b642e78d334a9664e45a2bdf3d52a0"",""base_data_identity_sha256"":""8a988dc83f4082a4f27503ba2906dc6b8733b3c02be567635c726c67bbd48314"",""reified_data_identity_sha256"":""16162702ccec82b2a0e27063cd04bd756a27af1f003b4cef0da976d843ef4725"",""update_for"":""none"",""access_mode"":""read-only"",""base_data_name"":""exploratory-base"",""reified_data_name"":""exploratory-reified"",""update_canary_sha256"":""2b9b44b25cd1c568cd57c6c5df25ae260b68229044617821fb33f542dab77648"",""store_instance_sha256"":""30e2f137e46adf31cbf946515707a3237ea7a5b1e32a4e3b81551f678798b917"",""store_discriminator_sha256"":""2e884d94ace185d62b1b91debf493ccd0a69b83d08e74cf5f1c2be4851b14215"",""tool_sha256"":""b38a65fc0c1a91e138f057f7b6c08d21c328463aceb40ffda53fc759f99d2f7a"",""java_runtime_sha256"":""bdd50c08a90e2fb713541b8a118df6250246a917edc41a6776aeafc90b472687"",""run_identity_sha256"":""9965d7c7d9bb8f41c9c93f120a25c6edbaaaa86c2ecd5c5c66623ae040a47298""}"
baf731844a65b830a95b2167d5a3b6b77d65abcd,millenniumdb,MillenniumDB [engines.json profile],100M,O,O2,00,e2353d138cc41a9c8013909b8e8b380cf7ba04e2544b8ca784e13ce0c7009eb6,B,base-select,ok,18,1.2,1.1,1.5,1.3,0.2,1,3,300.0,1244,0.0,,,,,0.0067,"[1.542, 1.141, 1.172]","[0.0, 0.0, 0.0]",,[],,[],,[],r9.2-frozen-identity-v7,40ad892dc8c00e8d7d7af40938d2950016da9dc22632d90d60edb8799b0af8a4,csv-binding-multiset-v1,18,2f3d1c8469f459ea6d9fb56d45d249336fd8b0b8c3e6bf110cbcc8f424355cb3,,,,,,,,007a0f6d40c4f5763053f0656a9a8961bef2a93fdcf0d680038343fd899f8922,449f806c0d1e860421279be80d03331f7ad131ca9af34621cf32cc41042190d3,8a607274f1b3d176dd6acfdc7381c25676b642e78d334a9664e45a2bdf3d52a0,8a988dc83f4082a4f27503ba2906dc6b8733b3c02be567635c726c67bbd48314,16162702ccec82b2a0e27063cd04bd756a27af1f003b4cef0da976d843ef4725,none,read-only,exploratory-base,exploratory-reified,2b9b44b25cd1c568cd57c6c5df25ae260b68229044617821fb33f542dab77648,30e2f137e46adf31cbf946515707a3237ea7a5b1e32a4e3b81551f678798b917,2e884d94ace185d62b1b91debf493ccd0a69b83d08e74cf5f1c2be4851b14215,b38a65fc0c1a91e138f057f7b6c08d21c328463aceb40ffda53fc759f99d2f7a,bdd50c08a90e2fb713541b8a118df6250246a917edc41a6776aeafc90b472687,2d4116e123bf794d725b537ed3a72f5d5d9ded1af88db4a8d317f6039261a984,"pcm-meta-v2:{""protocol"":""r9.2-frozen-identity-v7"",""message"":"""",""cell_wall_ms"":21.936,""answer_kind"":""csv-binding-multiset-v1"",""answer_key_count"":18,""answer_fingerprint"":""2f3d1c8469f459ea6d9fb56d45d249336fd8b0b8c3e6bf110cbcc8f424355cb3"",""c_parse_samples"":[0.0,0.0,0.0],""c_protocol_samples"":[],""construct_total_samples"":[],""construct_unattributed_samples"":[],""status"":""ok"",""status_evidence"":null,""construction_requested"":null,""construction_effective"":null,""commit"":""baf731844a65b830a95b2167d5a3b6b77d65abcd"",""batch_id"":""40ad892dc8c00e8d7d7af40938d2950016da9dc22632d90d60edb8799b0af8a4"",""query_sha256"":""e2353d138cc41a9c8013909b8e8b380cf7ba04e2544b8ca784e13ce0c7009eb6"",""engine"":""millenniumdb"",""engine_version"":""MillenniumDB [engines.json profile]"",""scale"":""100M"",""base_endpoint_sha256"":""007a0f6d40c4f5763053f0656a9a8961bef2a93fdcf0d680038343fd899f8922"",""reified_endpoint_sha256"":""449f806c0d1e860421279be80d03331f7ad131ca9af34621cf32cc41042190d3"",""update_endpoint_sha256"":""8a607274f1b3d176dd6acfdc7381c25676b642e78d334a9664e45a2bdf3d52a0"",""base_data_identity_sha256"":""8a988dc83f4082a4f27503ba2906dc6b8733b3c02be567635c726c67bbd48314"",""reified_data_identity_sha256"":""16162702ccec82b2a0e27063cd04bd756a27af1f003b4cef0da976d843ef4725"",""update_for"":""none"",""access_mode"":""read-only"",""base_data_name"":""exploratory-base"",""reified_data_name"":""exploratory-reified"",""update_canary_sha256"":""2b9b44b25cd1c568cd57c6c5df25ae260b68229044617821fb33f542dab77648"",""store_instance_sha256"":""30e2f137e46adf31cbf946515707a3237ea7a5b1e32a4e3b81551f678798b917"",""store_discriminator_sha256"":""2e884d94ace185d62b1b91debf493ccd0a69b83d08e74cf5f1c2be4851b14215"",""tool_sha256"":""b38a65fc0c1a91e138f057f7b6c08d21c328463aceb40ffda53fc759f99d2f7a"",""java_runtime_sha256"":""bdd50c08a90e2fb713541b8a118df6250246a917edc41a6776aeafc90b472687"",""run_identity_sha256"":""2d4116e123bf794d725b537ed3a72f5d5d9ded1af88db4a8d317f6039261a984""}"
baf731844a65b830a95b2167d5a3b6b77d65abcd,millenniumdb,MillenniumDB [engines.json profile],100M,O,O2,00,e2353d138cc41a9c8013909b8e8b380cf7ba04e2544b8ca784e13ce0c7009eb6,R,reification-only,ok,18,1.9,1.9,239.8,81.2,137.4,1,3,300.0,1244,0.0,,,,,139.783042,"[239.792, 1.855, 1.867]","[0.0, 0.0, 0.0]",,[],,[],,[],r9.2-frozen-identity-v7,40ad892dc8c00e8d7d7af40938d2950016da9dc22632d90d60edb8799b0af8a4,csv-binding-multiset-v1,18,2f3d1c8469f459ea6d9fb56d45d249336fd8b0b8c3e6bf110cbcc8f424355cb3,,,,,,,,007a0f6d40c4f5763053f0656a9a8961bef2a93fdcf0d680038343fd899f8922,449f806c0d1e860421279be80d03331f7ad131ca9af34621cf32cc41042190d3,8a607274f1b3d176dd6acfdc7381c25676b642e78d334a9664e45a2bdf3d52a0,8a988dc83f4082a4f27503ba2906dc6b8733b3c02be567635c726c67bbd48314,16162702ccec82b2a0e27063cd04bd756a27af1f003b4cef0da976d843ef4725,none,read-only,exploratory-base,exploratory-reified,2b9b44b25cd1c568cd57c6c5df25ae260b68229044617821fb33f542dab77648,30e2f137e46adf31cbf946515707a3237ea7a5b1e32a4e3b81551f678798b917,2e884d94ace185d62b1b91debf493ccd0a69b83d08e74cf5f1c2be4851b14215,b38a65fc0c1a91e138f057f7b6c08d21c328463aceb40ffda53fc759f99d2f7a,bdd50c08a90e2fb713541b8a118df6250246a917edc41a6776aeafc90b472687,2d4116e123bf794d725b537ed3a72f5d5d9ded1af88db4a8d317f6039261a984,"pcm-meta-v2:{""protocol"":""r9.2-frozen-identity-v7"",""message"":"""",""cell_wall_ms"":392.468,""answer_kind"":""csv-binding-multiset-v1"",""answer_key_count"":18,""answer_fingerprint"":""2f3d1c8469f459ea6d9fb56d45d249336fd8b0b8c3e6bf110cbcc8f424355cb3"",""c_parse_samples"":[0.0,0.0,0.0],""c_protocol_samples"":[],""construct_total_samples"":[],""construct_unattributed_samples"":[],""status"":""ok"",""status_evidence"":null,""construction_requested"":null,""construction_effective"":null,""commit"":""baf731844a65b830a95b2167d5a3b6b77d65abcd"",""batch_id"":""40ad892dc8c00e8d7d7af40938d2950016da9dc22632d90d60edb8799b0af8a4"",""query_sha256"":""e2353d138cc41a9c8013909b8e8b380cf7ba04e2544b8ca784e13ce0c7009eb6"",""engine"":""millenniumdb"",""engine_version"":""MillenniumDB [engines.json profile]"",""scale"":""100M"",""base_endpoint_sha256"":""007a0f6d40c4f5763053f0656a9a8961bef2a93fdcf0d680038343fd899f8922"",""reified_endpoint_sha256"":""449f806c0d1e860421279be80d03331f7ad131ca9af34621cf32cc41042190d3"",""update_endpoint_sha256"":""8a607274f1b3d176dd6acfdc7381c25676b642e78d334a9664e45a2bdf3d52a0"",""base_data_identity_sha256"":""8a988dc83f4082a4f27503ba2906dc6b8733b3c02be567635c726c67bbd48314"",""reified_data_identity_sha256"":""16162702ccec82b2a0e27063cd04bd756a27af1f003b4cef0da976d843ef4725"",""update_for"":""none"",""access_mode"":""read-only"",""base_data_name"":""exploratory-base"",""reified_data_name"":""exploratory-reified"",""update_canary_sha256"":""2b9b44b25cd1c568cd57c6c5df25ae260b68229044617821fb33f542dab77648"",""store_instance_sha256"":""30e2f137e46adf31cbf946515707a3237ea7a5b1e32a4e3b81551f678798b917"",""store_discriminator_sha256"":""2e884d94ace185d62b1b91debf493ccd0a69b83d08e74cf5f1c2be4851b14215"",""tool_sha256"":""b38a65fc0c1a91e138f057f7b6c08d21c328463aceb40ffda53fc759f99d2f7a"",""java_runtime_sha256"":""bdd50c08a90e2fb713541b8a118df6250246a917edc41a6776aeafc90b472687"",""run_identity_sha256"":""2d4116e123bf794d725b537ed3a72f5d5d9ded1af88db4a8d317f6039261a984""}"
baf731844a65b830a95b2167d5a3b6b77d65abcd,millenniumdb,MillenniumDB [engines.json profile],100M,O,O2,00,e2353d138cc41a9c8013909b8e8b380cf7ba04e2544b8ca784e13ce0c7009eb6,N,N_clean (NPCS reimplementation),ok,20,27451.3,27387.5,28647.0,27828.6,709.4,1,3,300.0,2652,0.0,,,,17,191.31615,"[27451.313, 27387.506, 28646.96]","[0.0, 0.0, 0.0]",,[],,[],,[],r9.2-frozen-identity-v7,40ad892dc8c00e8d7d7af40938d2950016da9dc22632d90d60edb8799b0af8a4,csv-candidate-multiset-v1,20,27b899ad3cf4d79dfc5b1dc6315a9559f9e5407332b88b2d80ecef4f0d983730,,,,,,,,007a0f6d40c4f5763053f0656a9a8961bef2a93fdcf0d680038343fd899f8922,449f806c0d1e860421279be80d03331f7ad131ca9af34621cf32cc41042190d3,8a607274f1b3d176dd6acfdc7381c25676b642e78d334a9664e45a2bdf3d52a0,8a988dc83f4082a4f27503ba2906dc6b8733b3c02be567635c726c67bbd48314,16162702ccec82b2a0e27063cd04bd756a27af1f003b4cef0da976d843ef4725,none,read-only,exploratory-base,exploratory-reified,2b9b44b25cd1c568cd57c6c5df25ae260b68229044617821fb33f542dab77648,30e2f137e46adf31cbf946515707a3237ea7a5b1e32a4e3b81551f678798b917,2e884d94ace185d62b1b91debf493ccd0a69b83d08e74cf5f1c2be4851b14215,b38a65fc0c1a91e138f057f7b6c08d21c328463aceb40ffda53fc759f99d2f7a,bdd50c08a90e2fb713541b8a118df6250246a917edc41a6776aeafc90b472687,2d4116e123bf794d725b537ed3a72f5d5d9ded1af88db4a8d317f6039261a984,"pcm-meta-v2:{""protocol"":""r9.2-frozen-identity-v7"",""message"":"""",""cell_wall_ms"":113787.073,""answer_kind"":""csv-candidate-multiset-v1"",""answer_key_count"":20,""answer_fingerprint"":""27b899ad3cf4d79dfc5b1dc6315a9559f9e5407332b88b2d80ecef4f0d983730"",""c_parse_samples"":[0.0,0.0,0.0],""c_protocol_samples"":[],""construct_total_samples"":[],""construct_unattributed_samples"":[],""status"":""ok"",""status_evidence"":null,""construction_requested"":null,""construction_effective"":null,""commit"":""baf731844a65b830a95b2167d5a3b6b77d65abcd"",""batch_id"":""40ad892dc8c00e8d7d7af40938d2950016da9dc22632d90d60edb8799b0af8a4"",""query_sha256"":""e2353d138cc41a9c8013909b8e8b380cf7ba04e2544b8ca784e13ce0c7009eb6"",""engine"":""millenniumdb"",""engine_version"":""MillenniumDB [engines.json profile]"",""scale"":""100M"",""base_endpoint_sha256"":""007a0f6d40c4f5763053f0656a9a8961bef2a93fdcf0d680038343fd899f8922"",""reified_endpoint_sha256"":""449f806c0d1e860421279be80d03331f7ad131ca9af34621cf32cc41042190d3"",""update_endpoint_sha256"":""8a607274f1b3d176dd6acfdc7381c25676b642e78d334a9664e45a2bdf3d52a0"",""base_data_identity_sha256"":""8a988dc83f4082a4f27503ba2906dc6b8733b3c02be567635c726c67bbd48314"",""reified_data_identity_sha256"":""16162702ccec82b2a0e27063cd04bd756a27af1f003b4cef0da976d843ef4725"",""update_for"":""none"",""access_mode"":""read-only"",""base_data_name"":""exploratory-base"",""reified_data_name"":""exploratory-reified"",""update_canary_sha256"":""2b9b44b25cd1c568cd57c6c5df25ae260b68229044617821fb33f542dab77648"",""store_instance_sha256"":""30e2f137e46adf31cbf946515707a3237ea7a5b1e32a4e3b81551f678798b917"",""store_discriminator_sha256"":""2e884d94ace185d62b1b91debf493ccd0a69b83d08e74cf5f1c2be4851b14215"",""tool_sha256"":""b38a65fc0c1a91e138f057f7b6c08d21c328463aceb40ffda53fc759f99d2f7a"",""java_runtime_sha256"":""bdd50c08a90e2fb713541b8a118df6250246a917edc41a6776aeafc90b472687"",""run_identity_sha256"":""2d4116e123bf794d725b537ed3a72f5d5d9ded1af88db4a8d317f6039261a984""}"
baf731844a65b830a95b2167d5a3b6b77d65abcd,millenniumdb,MillenniumDB [engines.json profile],100M,O,O2,00,e2353d138cc41a9c8013909b8e8b380cf7ba04e2544b8ca784e13ce0c7009eb6,C,SPARQLcirc CircuitRewriter,timeout,,,,,,,1,3,300.0,,,,,,,385.825614,[],[],,[],,[],,[],r9.2-frozen-identity-v7,40ad892dc8c00e8d7d7af40938d2950016da9dc22632d90d60edb8799b0af8a4,,,,,,,,,,,007a0f6d40c4f5763053f0656a9a8961bef2a93fdcf0d680038343fd899f8922,449f806c0d1e860421279be80d03331f7ad131ca9af34621cf32cc41042190d3,8a607274f1b3d176dd6acfdc7381c25676b642e78d334a9664e45a2bdf3d52a0,8a988dc83f4082a4f27503ba2906dc6b8733b3c02be567635c726c67bbd48314,16162702ccec82b2a0e27063cd04bd756a27af1f003b4cef0da976d843ef4725,none,read-only,exploratory-base,exploratory-reified,2b9b44b25cd1c568cd57c6c5df25ae260b68229044617821fb33f542dab77648,30e2f137e46adf31cbf946515707a3237ea7a5b1e32a4e3b81551f678798b917,2e884d94ace185d62b1b91debf493ccd0a69b83d08e74cf5f1c2be4851b14215,b38a65fc0c1a91e138f057f7b6c08d21c328463aceb40ffda53fc759f99d2f7a,bdd50c08a90e2fb713541b8a118df6250246a917edc41a6776aeafc90b472687,2d4116e123bf794d725b537ed3a72f5d5d9ded1af88db4a8d317f6039261a984,"pcm-meta-v2:{""protocol"":""r9.2-frozen-identity-v7"",""message"":""whole cell exceeded 300s hard deadline; worker reaped"",""cell_wall_ms"":300000.0,""c_parse_samples"":[],""c_protocol_samples"":[],""construct_total_samples"":[],""construct_unattributed_samples"":[],""status"":""timeout"",""status_evidence"":{""kind"":""hard-wall-deadline"",""message"":""whole cell exceeded 300s hard deadline; worker reaped""},""construction_requested"":null,""construction_effective"":null,""commit"":""baf731844a65b830a95b2167d5a3b6b77d65abcd"",""batch_id"":""40ad892dc8c00e8d7d7af40938d2950016da9dc22632d90d60edb8799b0af8a4"",""query_sha256"":""e2353d138cc41a9c8013909b8e8b380cf7ba04e2544b8ca784e13ce0c7009eb6"",""engine"":""millenniumdb"",""engine_version"":""MillenniumDB [engines.json profile]"",""scale"":""100M"",""base_endpoint_sha256"":""007a0f6d40c4f5763053f0656a9a8961bef2a93fdcf0d680038343fd899f8922"",""reified_endpoint_sha256"":""449f806c0d1e860421279be80d03331f7ad131ca9af34621cf32cc41042190d3"",""update_endpoint_sha256"":""8a607274f1b3d176dd6acfdc7381c25676b642e78d334a9664e45a2bdf3d52a0"",""base_data_identity_sha256"":""8a988dc83f4082a4f27503ba2906dc6b8733b3c02be567635c726c67bbd48314"",""reified_data_identity_sha256"":""16162702ccec82b2a0e27063cd04bd756a27af1f003b4cef0da976d843ef4725"",""update_for"":""none"",""access_mode"":""read-only"",""base_data_name"":""exploratory-base"",""reified_data_name"":""exploratory-reified"",""update_canary_sha256"":""2b9b44b25cd1c568cd57c6c5df25ae260b68229044617821fb33f542dab77648"",""store_instance_sha256"":""30e2f137e46adf31cbf946515707a3237ea7a5b1e32a4e3b81551f678798b917"",""store_discriminator_sha256"":""2e884d94ace185d62b1b91debf493ccd0a69b83d08e74cf5f1c2be4851b14215"",""tool_sha256"":""b38a65fc0c1a91e138f057f7b6c08d21c328463aceb40ffda53fc759f99d2f7a"",""java_runtime_sha256"":""bdd50c08a90e2fb713541b8a118df6250246a917edc41a6776aeafc90b472687"",""run_identity_sha256"":""2d4116e123bf794d725b537ed3a72f5d5d9ded1af88db4a8d317f6039261a984""}"
baf731844a65b830a95b2167d5a3b6b77d65abcd,millenniumdb,MillenniumDB [engines.json profile],100M,O,O3,00,8600634422cefcb5ad7bc23d2acb693e5f8bf0686ad4714d2eba90a935b2f2b3,B,base-select,ok,2914,16.0,16.0,19.2,17.1,1.8,1,3,300.0,189984,0.0,,,,,0.00669,"[16.021, 19.159, 16.005]","[0.0, 0.0, 0.0]",,[],,[],,[],r9.2-frozen-identity-v7,40ad892dc8c00e8d7d7af40938d2950016da9dc22632d90d60edb8799b0af8a4,csv-binding-multiset-v1,2914,cc5d218c72e65325fcb83f3e202e29f5dd05091af618c638575dc84a71d97bf0,,,,,,,,007a0f6d40c4f5763053f0656a9a8961bef2a93fdcf0d680038343fd899f8922,449f806c0d1e860421279be80d03331f7ad131ca9af34621cf32cc41042190d3,8a607274f1b3d176dd6acfdc7381c25676b642e78d334a9664e45a2bdf3d52a0,8a988dc83f4082a4f27503ba2906dc6b8733b3c02be567635c726c67bbd48314,16162702ccec82b2a0e27063cd04bd756a27af1f003b4cef0da976d843ef4725,none,read-only,exploratory-base,exploratory-reified,2b9b44b25cd1c568cd57c6c5df25ae260b68229044617821fb33f542dab77648,30e2f137e46adf31cbf946515707a3237ea7a5b1e32a4e3b81551f678798b917,2e884d94ace185d62b1b91debf493ccd0a69b83d08e74cf5f1c2be4851b14215,b38a65fc0c1a91e138f057f7b6c08d21c328463aceb40ffda53fc759f99d2f7a,bdd50c08a90e2fb713541b8a118df6250246a917edc41a6776aeafc90b472687,2dac7443f86de5465b969d95e785fb1b5d56f1a255399f2e7d45d41adf45712b,"pcm-meta-v2:{""protocol"":""r9.2-frozen-identity-v7"",""message"":"""",""cell_wall_ms"":564.092,""answer_kind"":""csv-binding-multiset-v1"",""answer_key_count"":2914,""answer_fingerprint"":""cc5d218c72e65325fcb83f3e202e29f5dd05091af618c638575dc84a71d97bf0"",""c_parse_samples"":[0.0,0.0,0.0],""c_protocol_samples"":[],""construct_total_samples"":[],""construct_unattributed_samples"":[],""status"":""ok"",""status_evidence"":null,""construction_requested"":null,""construction_effective"":null,""commit"":""baf731844a65b830a95b2167d5a3b6b77d65abcd"",""batch_id"":""40ad892dc8c00e8d7d7af40938d2950016da9dc22632d90d60edb8799b0af8a4"",""query_sha256"":""8600634422cefcb5ad7bc23d2acb693e5f8bf0686ad4714d2eba90a935b2f2b3"",""engine"":""millenniumdb"",""engine_version"":""MillenniumDB [engines.json profile]"",""scale"":""100M"",""base_endpoint_sha256"":""007a0f6d40c4f5763053f0656a9a8961bef2a93fdcf0d680038343fd899f8922"",""reified_endpoint_sha256"":""449f806c0d1e860421279be80d03331f7ad131ca9af34621cf32cc41042190d3"",""update_endpoint_sha256"":""8a607274f1b3d176dd6acfdc7381c25676b642e78d334a9664e45a2bdf3d52a0"",""base_data_identity_sha256"":""8a988dc83f4082a4f27503ba2906dc6b8733b3c02be567635c726c67bbd48314"",""reified_data_identity_sha256"":""16162702ccec82b2a0e27063cd04bd756a27af1f003b4cef0da976d843ef4725"",""update_for"":""none"",""access_mode"":""read-only"",""base_data_name"":""exploratory-base"",""reified_data_name"":""exploratory-reified"",""update_canary_sha256"":""2b9b44b25cd1c568cd57c6c5df25ae260b68229044617821fb33f542dab77648"",""store_instance_sha256"":""30e2f137e46adf31cbf946515707a3237ea7a5b1e32a4e3b81551f678798b917"",""store_discriminator_sha256"":""2e884d94ace185d62b1b91debf493ccd0a69b83d08e74cf5f1c2be4851b14215"",""tool_sha256"":""b38a65fc0c1a91e138f057f7b6c08d21c328463aceb40ffda53fc759f99d2f7a"",""java_runtime_sha256"":""bdd50c08a90e2fb713541b8a118df6250246a917edc41a6776aeafc90b472687"",""run_identity_sha256"":""2dac7443f86de5465b969d95e785fb1b5d56f1a255399f2e7d45d41adf45712b""}"
baf731844a65b830a95b2167d5a3b6b77d65abcd,millenniumdb,MillenniumDB [engines.json profile],100M,O,O3,00,8600634422cefcb5ad7bc23d2acb693e5f8bf0686ad4714d2eba90a935b2f2b3,R,reification-only,ok,2914,42.9,40.6,4874.8,1652.7,2790.4,1,3,300.0,189984,0.0,,,,,158.295601,"[4874.785, 42.887, 40.557]","[0.0, 0.0, 0.0]",,[],,[],,[],r9.2-frozen-identity-v7,40ad892dc8c00e8d7d7af40938d2950016da9dc22632d90d60edb8799b0af8a4,csv-binding-multiset-v1,2914,cc5d218c72e65325fcb83f3e202e29f5dd05091af618c638575dc84a71d97bf0,,,,,,,,007a0f6d40c4f5763053f0656a9a8961bef2a93fdcf0d680038343fd899f8922,449f806c0d1e860421279be80d03331f7ad131ca9af34621cf32cc41042190d3,8a607274f1b3d176dd6acfdc7381c25676b642e78d334a9664e45a2bdf3d52a0,8a988dc83f4082a4f27503ba2906dc6b8733b3c02be567635c726c67bbd48314,16162702ccec82b2a0e27063cd04bd756a27af1f003b4cef0da976d843ef4725,none,read-only,exploratory-base,exploratory-reified,2b9b44b25cd1c568cd57c6c5df25ae260b68229044617821fb33f542dab77648,30e2f137e46adf31cbf946515707a3237ea7a5b1e32a4e3b81551f678798b917,2e884d94ace185d62b1b91debf493ccd0a69b83d08e74cf5f1c2be4851b14215,b38a65fc0c1a91e138f057f7b6c08d21c328463aceb40ffda53fc759f99d2f7a,bdd50c08a90e2fb713541b8a118df6250246a917edc41a6776aeafc90b472687,2dac7443f86de5465b969d95e785fb1b5d56f1a255399f2e7d45d41adf45712b,"pcm-meta-v2:{""protocol"":""r9.2-frozen-identity-v7"",""message"":"""",""cell_wall_ms"":5178.237,""answer_kind"":""csv-binding-multiset-v1"",""answer_key_count"":2914,""answer_fingerprint"":""cc5d218c72e65325fcb83f3e202e29f5dd05091af618c638575dc84a71d97bf0"",""c_parse_samples"":[0.0,0.0,0.0],""c_protocol_samples"":[],""construct_total_samples"":[],""construct_unattributed_samples"":[],""status"":""ok"",""status_evidence"":null,""construction_requested"":null,""construction_effective"":null,""commit"":""baf731844a65b830a95b2167d5a3b6b77d65abcd"",""batch_id"":""40ad892dc8c00e8d7d7af40938d2950016da9dc22632d90d60edb8799b0af8a4"",""query_sha256"":""8600634422cefcb5ad7bc23d2acb693e5f8bf0686ad4714d2eba90a935b2f2b3"",""engine"":""millenniumdb"",""engine_version"":""MillenniumDB [engines.json profile]"",""scale"":""100M"",""base_endpoint_sha256"":""007a0f6d40c4f5763053f0656a9a8961bef2a93fdcf0d680038343fd899f8922"",""reified_endpoint_sha256"":""449f806c0d1e860421279be80d03331f7ad131ca9af34621cf32cc41042190d3"",""update_endpoint_sha256"":""8a607274f1b3d176dd6acfdc7381c25676b642e78d334a9664e45a2bdf3d52a0"",""base_data_identity_sha256"":""8a988dc83f4082a4f27503ba2906dc6b8733b3c02be567635c726c67bbd48314"",""reified_data_identity_sha256"":""16162702ccec82b2a0e27063cd04bd756a27af1f003b4cef0da976d843ef4725"",""update_for"":""none"",""access_mode"":""read-only"",""base_data_name"":""exploratory-base"",""reified_data_name"":""exploratory-reified"",""update_canary_sha256"":""2b9b44b25cd1c568cd57c6c5df25ae260b68229044617821fb33f542dab77648"",""store_instance_sha256"":""30e2f137e46adf31cbf946515707a3237ea7a5b1e32a4e3b81551f678798b917"",""store_discriminator_sha256"":""2e884d94ace185d62b1b91debf493ccd0a69b83d08e74cf5f1c2be4851b14215"",""tool_sha256"":""b38a65fc0c1a91e138f057f7b6c08d21c328463aceb40ffda53fc759f99d2f7a"",""java_runtime_sha256"":""bdd50c08a90e2fb713541b8a118df6250246a917edc41a6776aeafc90b472687"",""run_identity_sha256"":""2dac7443f86de5465b969d95e785fb1b5d56f1a255399f2e7d45d41adf45712b""}"
baf731844a65b830a95b2167d5a3b6b77d65abcd,millenniumdb,MillenniumDB [engines.json profile],100M,O,O3,00,8600634422cefcb5ad7bc23d2acb693e5f8bf0686ad4714d2eba90a935b2f2b3,N,N_clean (NPCS reimplementation),timeout,,,,,,,1,3,300.0,,,,,,,231.610644,[],[],,[],,[],,[],r9.2-frozen-identity-v7,40ad892dc8c00e8d7d7af40938d2950016da9dc22632d90d60edb8799b0af8a4,,,,,,,,,,,007a0f6d40c4f5763053f0656a9a8961bef2a93fdcf0d680038343fd899f8922,449f806c0d1e860421279be80d03331f7ad131ca9af34621cf32cc41042190d3,8a607274f1b3d176dd6acfdc7381c25676b642e78d334a9664e45a2bdf3d52a0,8a988dc83f4082a4f27503ba2906dc6b8733b3c02be567635c726c67bbd48314,16162702ccec82b2a0e27063cd04bd756a27af1f003b4cef0da976d843ef4725,none,read-only,exploratory-base,exploratory-reified,2b9b44b25cd1c568cd57c6c5df25ae260b68229044617821fb33f542dab77648,30e2f137e46adf31cbf946515707a3237ea7a5b1e32a4e3b81551f678798b917,2e884d94ace185d62b1b91debf493ccd0a69b83d08e74cf5f1c2be4851b14215,b38a65fc0c1a91e138f057f7b6c08d21c328463aceb40ffda53fc759f99d2f7a,bdd50c08a90e2fb713541b8a118df6250246a917edc41a6776aeafc90b472687,2dac7443f86de5465b969d95e785fb1b5d56f1a255399f2e7d45d41adf45712b,"pcm-meta-v2:{""protocol"":""r9.2-frozen-identity-v7"",""message"":""whole cell exceeded 300s hard deadline; worker reaped"",""cell_wall_ms"":300000.0,""c_parse_samples"":[],""c_protocol_samples"":[],""construct_total_samples"":[],""construct_unattributed_samples"":[],""status"":""timeout"",""status_evidence"":{""kind"":""hard-wall-deadline"",""message"":""whole cell exceeded 300s hard deadline; worker reaped""},""construction_requested"":null,""construction_effective"":null,""commit"":""baf731844a65b830a95b2167d5a3b6b77d65abcd"",""batch_id"":""40ad892dc8c00e8d7d7af40938d2950016da9dc22632d90d60edb8799b0af8a4"",""query_sha256"":""8600634422cefcb5ad7bc23d2acb693e5f8bf0686ad4714d2eba90a935b2f2b3"",""engine"":""millenniumdb"",""engine_version"":""MillenniumDB [engines.json profile]"",""scale"":""100M"",""base_endpoint_sha256"":""007a0f6d40c4f5763053f0656a9a8961bef2a93fdcf0d680038343fd899f8922"",""reified_endpoint_sha256"":""449f806c0d1e860421279be80d03331f7ad131ca9af34621cf32cc41042190d3"",""update_endpoint_sha256"":""8a607274f1b3d176dd6acfdc7381c25676b642e78d334a9664e45a2bdf3d52a0"",""base_data_identity_sha256"":""8a988dc83f4082a4f27503ba2906dc6b8733b3c02be567635c726c67bbd48314"",""reified_data_identity_sha256"":""16162702ccec82b2a0e27063cd04bd756a27af1f003b4cef0da976d843ef4725"",""update_for"":""none"",""access_mode"":""read-only"",""base_data_name"":""exploratory-base"",""reified_data_name"":""exploratory-reified"",""update_canary_sha256"":""2b9b44b25cd1c568cd57c6c5df25ae260b68229044617821fb33f542dab77648"",""store_instance_sha256"":""30e2f137e46adf31cbf946515707a3237ea7a5b1e32a4e3b81551f678798b917"",""store_discriminator_sha256"":""2e884d94ace185d62b1b91debf493ccd0a69b83d08e74cf5f1c2be4851b14215"",""tool_sha256"":""b38a65fc0c1a91e138f057f7b6c08d21c328463aceb40ffda53fc759f99d2f7a"",""java_runtime_sha256"":""bdd50c08a90e2fb713541b8a118df6250246a917edc41a6776aeafc90b472687"",""run_identity_sha256"":""2dac7443f86de5465b969d95e785fb1b5d56f1a255399f2e7d45d41adf45712b""}"
baf731844a65b830a95b2167d5a3b6b77d65abcd,millenniumdb,MillenniumDB [engines.json profile],100M,O,O3,00,8600634422cefcb5ad7bc23d2acb693e5f8bf0686ad4714d2eba90a935b2f2b3,C,SPARQLcirc CircuitRewriter,ok,3213,5650.7,5628.2,5752.3,5677.1,66.1,1,3,300.0,22186829,2156.7,65488,60258,28373,,469.046913,"[5752.335, 5650.664, 5628.244]","[2157.059, 2141.973, 2156.695]",0.0,"[0.0, 0.0, 0.0]",7811.3,"[7928.194, 7811.297, 7801.633]",18.7,"[18.8, 18.66, 16.694]",r9.2-frozen-identity-v7,40ad892dc8c00e8d7d7af40938d2950016da9dc22632d90d60edb8799b0af8a4,term-aware-candidate-set-v1,3213,260cb09a1227502b35343aa83fd4b1ceae204e24b8e349a0717dcac34ca9b361,flat,flat,de7726001588221ff9be2c2811efa7371afe7124949e03f34bb18d2518df4306,,,,,007a0f6d40c4f5763053f0656a9a8961bef2a93fdcf0d680038343fd899f8922,449f806c0d1e860421279be80d03331f7ad131ca9af34621cf32cc41042190d3,8a607274f1b3d176dd6acfdc7381c25676b642e78d334a9664e45a2bdf3d52a0,8a988dc83f4082a4f27503ba2906dc6b8733b3c02be567635c726c67bbd48314,16162702ccec82b2a0e27063cd04bd756a27af1f003b4cef0da976d843ef4725,none,read-only,exploratory-base,exploratory-reified,2b9b44b25cd1c568cd57c6c5df25ae260b68229044617821fb33f542dab77648,30e2f137e46adf31cbf946515707a3237ea7a5b1e32a4e3b81551f678798b917,2e884d94ace185d62b1b91debf493ccd0a69b83d08e74cf5f1c2be4851b14215,b38a65fc0c1a91e138f057f7b6c08d21c328463aceb40ffda53fc759f99d2f7a,bdd50c08a90e2fb713541b8a118df6250246a917edc41a6776aeafc90b472687,2dac7443f86de5465b969d95e785fb1b5d56f1a255399f2e7d45d41adf45712b,"pcm-meta-v2:{""protocol"":""r9.2-frozen-identity-v7"",""message"":""C requested=flat effective=flat; steps=5 feedback=0; network includes CONSTRUCT, feedback INSERT, and cleanup DELETE"",""cell_wall_ms"":41898.558,""answer_kind"":""term-aware-candidate-set-v1"",""answer_key_count"":3213,""answer_fingerprint"":""260cb09a1227502b35343aa83fd4b1ceae204e24b8e349a0717dcac34ca9b361"",""c_parse_samples"":[2157.059,2141.973,2156.695],""c_protocol_samples"":[{""requested_mode"":""flat"",""effective_mode"":""flat"",""fallback_reason"":null,""plan_steps"":5,""feedback_steps"":0,""feedback_triples"":0,""construct_query_ms"":5752.335,""feedback_update_ms"":0.0,""cleanup_ms"":0.0,""client_protocol_ms"":0.0,""network_scope"":""construct+feedback+cleanup"",""circuit_sha256"":""de7726001588221ff9be2c2811efa7371afe7124949e03f34bb18d2518df4306"",""answer_fingerprint"":""260cb09a1227502b35343aa83fd4b1ceae204e24b8e349a0717dcac34ca9b361"",""semantic_signature_sha256"":""ee89e6b06d2e252a70e5cad445f17b2bd495fe67058bd3e28fcbb081ea56f8ef"",""structure_signature"":{""gates"":65488,""edges"":60258,""answers"":3213,""derivations"":28373,""canonical_bytes"":22186829},""construct_total_ms"":7928.194,""client_unattributed_ms"":18.8},{""requested_mode"":""flat"",""effective_mode"":""flat"",""fallback_reason"":null,""plan_steps"":5,""feedback_steps"":0,""feedback_triples"":0,""construct_query_ms"":5650.664,""feedback_update_ms"":0.0,""cleanup_ms"":0.0,""client_protocol_ms"":0.0,""network_scope"":""construct+feedback+cleanup"",""circuit_sha256"":""de7726001588221ff9be2c2811efa7371afe7124949e03f34bb18d2518df4306"",""answer_fingerprint"":""260cb09a1227502b35343aa83fd4b1ceae204e24b8e349a0717dcac34ca9b361"",""semantic_signature_sha256"":""ee89e6b06d2e252a70e5cad445f17b2bd495fe67058bd3e28fcbb081ea56f8ef"",""structure_signature"":{""gates"":65488,""edges"":60258,""answers"":3213,""derivations"":28373,""canonical_bytes"":22186829},""construct_total_ms"":7811.297,""client_unattributed_ms"":18.66},{""requested_mode"":""flat"",""effective_mode"":""flat"",""fallback_reason"":null,""plan_steps"":5,""feedback_steps"":0,""feedback_triples"":0,""construct_query_ms"":5628.244,""feedback_update_ms"":0.0,""cleanup_ms"":0.0,""client_protocol_ms"":0.0,""network_scope"":""construct+feedback+cleanup"",""circuit_sha256"":""de7726001588221ff9be2c2811efa7371afe7124949e03f34bb18d2518df4306"",""answer_fingerprint"":""260cb09a1227502b35343aa83fd4b1ceae204e24b8e349a0717dcac34ca9b361"",""semantic_signature_sha256"":""ee89e6b06d2e252a70e5cad445f17b2bd495fe67058bd3e28fcbb081ea56f8ef"",""structure_signature"":{""gates"":65488,""edges"":60258,""answers"":3213,""derivations"":28373,""canonical_bytes"":22186829},""construct_total_ms"":7801.633,""client_unattributed_ms"":16.694}],""construct_total_samples"":[7928.194,7811.297,7801.633],""construct_unattributed_samples"":[18.8,18.66,16.694],""status"":""ok"",""status_evidence"":null,""c_warmup_signatures"":[""ee89e6b06d2e252a70e5cad445f17b2bd495fe67058bd3e28fcbb081ea56f8ef""],""measured_semantic_signature_sha256"":""ee89e6b06d2e252a70e5cad445f17b2bd495fe67058bd3e28fcbb081ea56f8ef"",""measured_repetitions_consistent"":true,""construction_requested"":""flat"",""construction_effective"":""flat"",""commit"":""baf731844a65b830a95b2167d5a3b6b77d65abcd"",""batch_id"":""40ad892dc8c00e8d7d7af40938d2950016da9dc22632d90d60edb8799b0af8a4"",""query_sha256"":""8600634422cefcb5ad7bc23d2acb693e5f8bf0686ad4714d2eba90a935b2f2b3"",""engine"":""millenniumdb"",""engine_version"":""MillenniumDB [engines.json profile]"",""scale"":""100M"",""base_endpoint_sha256"":""007a0f6d40c4f5763053f0656a9a8961bef2a93fdcf0d680038343fd899f8922"",""reified_endpoint_sha256"":""449f806c0d1e860421279be80d03331f7ad131ca9af34621cf32cc41042190d3"",""update_endpoint_sha256"":""8a607274f1b3d176dd6acfdc7381c25676b642e78d334a9664e45a2bdf3d52a0"",""base_data_identity_sha256"":""8a988dc83f4082a4f27503ba2906dc6b8733b3c02be567635c726c67bbd48314"",""reified_data_identity_sha256"":""16162702ccec82b2a0e27063cd04bd756a27af1f003b4cef0da976d843ef4725"",""update_for"":""none"",""access_mode"":""read-only"",""base_data_name"":""exploratory-base"",""reified_data_name"":""exploratory-reified"",""update_canary_sha256"":""2b9b44b25cd1c568cd57c6c5df25ae260b68229044617821fb33f542dab77648"",""store_instance_sha256"":""30e2f137e46adf31cbf946515707a3237ea7a5b1e32a4e3b81551f678798b917"",""store_discriminator_sha256"":""2e884d94ace185d62b1b91debf493ccd0a69b83d08e74cf5f1c2be4851b14215"",""tool_sha256"":""b38a65fc0c1a91e138f057f7b6c08d21c328463aceb40ffda53fc759f99d2f7a"",""java_runtime_sha256"":""bdd50c08a90e2fb713541b8a118df6250246a917edc41a6776aeafc90b472687"",""run_identity_sha256"":""2dac7443f86de5465b969d95e785fb1b5d56f1a255399f2e7d45d41adf45712b""}"
baf731844a65b830a95b2167d5a3b6b77d65abcd,millenniumdb,MillenniumDB [engines.json profile],100M,O,O4,00,c2e7f8e7377b1ac6cc1c202c8233c4b4c10a2b85eae74cbb49844b3515dd26f8,B,base-select,ok,26131,163.6,155.9,205.3,174.9,26.6,1,3,300.0,2695987,0.0,,,,,0.00637,"[163.552, 205.285, 155.912]","[0.0, 0.0, 0.0]",,[],,[],,[],r9.2-frozen-identity-v7,40ad892dc8c00e8d7d7af40938d2950016da9dc22632d90d60edb8799b0af8a4,csv-binding-multiset-v1,26131,4a6c194eeffed9f30171b9317901df6b2a9f4a1e16f6940520944ed6179acadc,,,,,,,,007a0f6d40c4f5763053f0656a9a8961bef2a93fdcf0d680038343fd899f8922,449f806c0d1e860421279be80d03331f7ad131ca9af34621cf32cc41042190d3,8a607274f1b3d176dd6acfdc7381c25676b642e78d334a9664e45a2bdf3d52a0,8a988dc83f4082a4f27503ba2906dc6b8733b3c02be567635c726c67bbd48314,16162702ccec82b2a0e27063cd04bd756a27af1f003b4cef0da976d843ef4725,none,read-only,exploratory-base,exploratory-reified,2b9b44b25cd1c568cd57c6c5df25ae260b68229044617821fb33f542dab77648,30e2f137e46adf31cbf946515707a3237ea7a5b1e32a4e3b81551f678798b917,2e884d94ace185d62b1b91debf493ccd0a69b83d08e74cf5f1c2be4851b14215,b38a65fc0c1a91e138f057f7b6c08d21c328463aceb40ffda53fc759f99d2f7a,bdd50c08a90e2fb713541b8a118df6250246a917edc41a6776aeafc90b472687,b03d0c98a141d9dc22db2781ecd6bf0755b5e068bea935860dd4ee6aa7e8d9e8,"pcm-meta-v2:{""protocol"":""r9.2-frozen-identity-v7"",""message"":"""",""cell_wall_ms"":4519.719,""answer_kind"":""csv-binding-multiset-v1"",""answer_key_count"":26131,""answer_fingerprint"":""4a6c194eeffed9f30171b9317901df6b2a9f4a1e16f6940520944ed6179acadc"",""c_parse_samples"":[0.0,0.0,0.0],""c_protocol_samples"":[],""construct_total_samples"":[],""construct_unattributed_samples"":[],""status"":""ok"",""status_evidence"":null,""construction_requested"":null,""construction_effective"":null,""commit"":""baf731844a65b830a95b2167d5a3b6b77d65abcd"",""batch_id"":""40ad892dc8c00e8d7d7af40938d2950016da9dc22632d90d60edb8799b0af8a4"",""query_sha256"":""c2e7f8e7377b1ac6cc1c202c8233c4b4c10a2b85eae74cbb49844b3515dd26f8"",""engine"":""millenniumdb"",""engine_version"":""MillenniumDB [engines.json profile]"",""scale"":""100M"",""base_endpoint_sha256"":""007a0f6d40c4f5763053f0656a9a8961bef2a93fdcf0d680038343fd899f8922"",""reified_endpoint_sha256"":""449f806c0d1e860421279be80d03331f7ad131ca9af34621cf32cc41042190d3"",""update_endpoint_sha256"":""8a607274f1b3d176dd6acfdc7381c25676b642e78d334a9664e45a2bdf3d52a0"",""base_data_identity_sha256"":""8a988dc83f4082a4f27503ba2906dc6b8733b3c02be567635c726c67bbd48314"",""reified_data_identity_sha256"":""16162702ccec82b2a0e27063cd04bd756a27af1f003b4cef0da976d843ef4725"",""update_for"":""none"",""access_mode"":""read-only"",""base_data_name"":""exploratory-base"",""reified_data_name"":""exploratory-reified"",""update_canary_sha256"":""2b9b44b25cd1c568cd57c6c5df25ae260b68229044617821fb33f542dab77648"",""store_instance_sha256"":""30e2f137e46adf31cbf946515707a3237ea7a5b1e32a4e3b81551f678798b917"",""store_discriminator_sha256"":""2e884d94ace185d62b1b91debf493ccd0a69b83d08e74cf5f1c2be4851b14215"",""tool_sha256"":""b38a65fc0c1a91e138f057f7b6c08d21c328463aceb40ffda53fc759f99d2f7a"",""java_runtime_sha256"":""bdd50c08a90e2fb713541b8a118df6250246a917edc41a6776aeafc90b472687"",""run_identity_sha256"":""b03d0c98a141d9dc22db2781ecd6bf0755b5e068bea935860dd4ee6aa7e8d9e8""}"
baf731844a65b830a95b2167d5a3b6b77d65abcd,millenniumdb,MillenniumDB [engines.json profile],100M,O,O4,00,c2e7f8e7377b1ac6cc1c202c8233c4b4c10a2b85eae74cbb49844b3515dd26f8,R,reification-only,ok,26131,485.9,479.7,489.0,484.9,4.8,1,3,300.0,2695987,0.0,,,,,164.501967,"[485.907, 489.032, 479.652]","[0.0, 0.0, 0.0]",,[],,[],,[],r9.2-frozen-identity-v7,40ad892dc8c00e8d7d7af40938d2950016da9dc22632d90d60edb8799b0af8a4,csv-binding-multiset-v1,26131,4a6c194eeffed9f30171b9317901df6b2a9f4a1e16f6940520944ed6179acadc,,,,,,,,007a0f6d40c4f5763053f0656a9a8961bef2a93fdcf0d680038343fd899f8922,449f806c0d1e860421279be80d03331f7ad131ca9af34621cf32cc41042190d3,8a607274f1b3d176dd6acfdc7381c25676b642e78d334a9664e45a2bdf3d52a0,8a988dc83f4082a4f27503ba2906dc6b8733b3c02be567635c726c67bbd48314,16162702ccec82b2a0e27063cd04bd756a27af1f003b4cef0da976d843ef4725,none,read-only,exploratory-base,exploratory-reified,2b9b44b25cd1c568cd57c6c5df25ae260b68229044617821fb33f542dab77648,30e2f137e46adf31cbf946515707a3237ea7a5b1e32a4e3b81551f678798b917,2e884d94ace185d62b1b91debf493ccd0a69b83d08e74cf5f1c2be4851b14215,b38a65fc0c1a91e138f057f7b6c08d21c328463aceb40ffda53fc759f99d2f7a,bdd50c08a90e2fb713541b8a118df6250246a917edc41a6776aeafc90b472687,b03d0c98a141d9dc22db2781ecd6bf0755b5e068bea935860dd4ee6aa7e8d9e8,"pcm-meta-v2:{""protocol"":""r9.2-frozen-identity-v7"",""message"":"""",""cell_wall_ms"":2301.696,""answer_kind"":""csv-binding-multiset-v1"",""answer_key_count"":26131,""answer_fingerprint"":""4a6c194eeffed9f30171b9317901df6b2a9f4a1e16f6940520944ed6179acadc"",""c_parse_samples"":[0.0,0.0,0.0],""c_protocol_samples"":[],""construct_total_samples"":[],""construct_unattributed_samples"":[],""status"":""ok"",""status_evidence"":null,""construction_requested"":null,""construction_effective"":null,""commit"":""baf731844a65b830a95b2167d5a3b6b77d65abcd"",""batch_id"":""40ad892dc8c00e8d7d7af40938d2950016da9dc22632d90d60edb8799b0af8a4"",""query_sha256"":""c2e7f8e7377b1ac6cc1c202c8233c4b4c10a2b85eae74cbb49844b3515dd26f8"",""engine"":""millenniumdb"",""engine_version"":""MillenniumDB [engines.json profile]"",""scale"":""100M"",""base_endpoint_sha256"":""007a0f6d40c4f5763053f0656a9a8961bef2a93fdcf0d680038343fd899f8922"",""reified_endpoint_sha256"":""449f806c0d1e860421279be80d03331f7ad131ca9af34621cf32cc41042190d3"",""update_endpoint_sha256"":""8a607274f1b3d176dd6acfdc7381c25676b642e78d334a9664e45a2bdf3d52a0"",""base_data_identity_sha256"":""8a988dc83f4082a4f27503ba2906dc6b8733b3c02be567635c726c67bbd48314"",""reified_data_identity_sha256"":""16162702ccec82b2a0e27063cd04bd756a27af1f003b4cef0da976d843ef4725"",""update_for"":""none"",""access_mode"":""read-only"",""base_data_name"":""exploratory-base"",""reified_data_name"":""exploratory-reified"",""update_canary_sha256"":""2b9b44b25cd1c568cd57c6c5df25ae260b68229044617821fb33f542dab77648"",""store_instance_sha256"":""30e2f137e46adf31cbf946515707a3237ea7a5b1e32a4e3b81551f678798b917"",""store_discriminator_sha256"":""2e884d94ace185d62b1b91debf493ccd0a69b83d08e74cf5f1c2be4851b14215"",""tool_sha256"":""b38a65fc0c1a91e138f057f7b6c08d21c328463aceb40ffda53fc759f99d2f7a"",""java_runtime_sha256"":""bdd50c08a90e2fb713541b8a118df6250246a917edc41a6776aeafc90b472687"",""run_identity_sha256"":""b03d0c98a141d9dc22db2781ecd6bf0755b5e068bea935860dd4ee6aa7e8d9e8""}"
baf731844a65b830a95b2167d5a3b6b77d65abcd,millenniumdb,MillenniumDB [engines.json profile],100M,O,O4,00,c2e7f8e7377b1ac6cc1c202c8233c4b4c10a2b85eae74cbb49844b3515dd26f8,N,N_clean (NPCS reimplementation),timeout,,,,,,,1,3,300.0,,,,,,,211.541597,[],[],,[],,[],,[],r9.2-frozen-identity-v7,40ad892dc8c00e8d7d7af40938d2950016da9dc22632d90d60edb8799b0af8a4,,,,,,,,,,,007a0f6d40c4f5763053f0656a9a8961bef2a93fdcf0d680038343fd899f8922,449f806c0d1e860421279be80d03331f7ad131ca9af34621cf32cc41042190d3,8a607274f1b3d176dd6acfdc7381c25676b642e78d334a9664e45a2bdf3d52a0,8a988dc83f4082a4f27503ba2906dc6b8733b3c02be567635c726c67bbd48314,16162702ccec82b2a0e27063cd04bd756a27af1f003b4cef0da976d843ef4725,none,read-only,exploratory-base,exploratory-reified,2b9b44b25cd1c568cd57c6c5df25ae260b68229044617821fb33f542dab77648,30e2f137e46adf31cbf946515707a3237ea7a5b1e32a4e3b81551f678798b917,2e884d94ace185d62b1b91debf493ccd0a69b83d08e74cf5f1c2be4851b14215,b38a65fc0c1a91e138f057f7b6c08d21c328463aceb40ffda53fc759f99d2f7a,bdd50c08a90e2fb713541b8a118df6250246a917edc41a6776aeafc90b472687,b03d0c98a141d9dc22db2781ecd6bf0755b5e068bea935860dd4ee6aa7e8d9e8,"pcm-meta-v2:{""protocol"":""r9.2-frozen-identity-v7"",""message"":""whole cell exceeded 300s hard deadline; worker reaped"",""cell_wall_ms"":300000.0,""c_parse_samples"":[],""c_protocol_samples"":[],""construct_total_samples"":[],""construct_unattributed_samples"":[],""status"":""timeout"",""status_evidence"":{""kind"":""hard-wall-deadline"",""message"":""whole cell exceeded 300s hard deadline; worker reaped""},""construction_requested"":null,""construction_effective"":null,""commit"":""baf731844a65b830a95b2167d5a3b6b77d65abcd"",""batch_id"":""40ad892dc8c00e8d7d7af40938d2950016da9dc22632d90d60edb8799b0af8a4"",""query_sha256"":""c2e7f8e7377b1ac6cc1c202c8233c4b4c10a2b85eae74cbb49844b3515dd26f8"",""engine"":""millenniumdb"",""engine_version"":""MillenniumDB [engines.json profile]"",""scale"":""100M"",""base_endpoint_sha256"":""007a0f6d40c4f5763053f0656a9a8961bef2a93fdcf0d680038343fd899f8922"",""reified_endpoint_sha256"":""449f806c0d1e860421279be80d03331f7ad131ca9af34621cf32cc41042190d3"",""update_endpoint_sha256"":""8a607274f1b3d176dd6acfdc7381c25676b642e78d334a9664e45a2bdf3d52a0"",""base_data_identity_sha256"":""8a988dc83f4082a4f27503ba2906dc6b8733b3c02be567635c726c67bbd48314"",""reified_data_identity_sha256"":""16162702ccec82b2a0e27063cd04bd756a27af1f003b4cef0da976d843ef4725"",""update_for"":""none"",""access_mode"":""read-only"",""base_data_name"":""exploratory-base"",""reified_data_name"":""exploratory-reified"",""update_canary_sha256"":""2b9b44b25cd1c568cd57c6c5df25ae260b68229044617821fb33f542dab77648"",""store_instance_sha256"":""30e2f137e46adf31cbf946515707a3237ea7a5b1e32a4e3b81551f678798b917"",""store_discriminator_sha256"":""2e884d94ace185d62b1b91debf493ccd0a69b83d08e74cf5f1c2be4851b14215"",""tool_sha256"":""b38a65fc0c1a91e138f057f7b6c08d21c328463aceb40ffda53fc759f99d2f7a"",""java_runtime_sha256"":""bdd50c08a90e2fb713541b8a118df6250246a917edc41a6776aeafc90b472687"",""run_identity_sha256"":""b03d0c98a141d9dc22db2781ecd6bf0755b5e068bea935860dd4ee6aa7e8d9e8""}"
baf731844a65b830a95b2167d5a3b6b77d65abcd,millenniumdb,MillenniumDB [engines.json profile],100M,O,O4,00,c2e7f8e7377b1ac6cc1c202c8233c4b4c10a2b85eae74cbb49844b3515dd26f8,C,SPARQLcirc CircuitRewriter,ok,27441,21443.4,20608.9,24515.7,22189.3,2057.4,1,3,300.0,110373897,12218.1,232881,210680,77244,,474.553606,"[20608.919, 24515.652, 21443.404]","[12099.577, 12390.389, 12218.113]",0.0,"[0.0, 0.0, 0.0]",33758.1,"[32795.017, 37002.333, 33758.076]",96.3,"[86.521, 96.292, 96.558]",r9.2-frozen-identity-v7,40ad892dc8c00e8d7d7af40938d2950016da9dc22632d90d60edb8799b0af8a4,term-aware-candidate-set-v1,27441,2ebe1a2fc42ea486debbff4f2969236b31ec163a8065eee0e91378631a6f63a2,flat,flat,4ca77e8fd7a0bbbca24c38d621fcb7cf03834729119d23cce694e9c6834bdbb1,,,,,007a0f6d40c4f5763053f0656a9a8961bef2a93fdcf0d680038343fd899f8922,449f806c0d1e860421279be80d03331f7ad131ca9af34621cf32cc41042190d3,8a607274f1b3d176dd6acfdc7381c25676b642e78d334a9664e45a2bdf3d52a0,8a988dc83f4082a4f27503ba2906dc6b8733b3c02be567635c726c67bbd48314,16162702ccec82b2a0e27063cd04bd756a27af1f003b4cef0da976d843ef4725,none,read-only,exploratory-base,exploratory-reified,2b9b44b25cd1c568cd57c6c5df25ae260b68229044617821fb33f542dab77648,30e2f137e46adf31cbf946515707a3237ea7a5b1e32a4e3b81551f678798b917,2e884d94ace185d62b1b91debf493ccd0a69b83d08e74cf5f1c2be4851b14215,b38a65fc0c1a91e138f057f7b6c08d21c328463aceb40ffda53fc759f99d2f7a,bdd50c08a90e2fb713541b8a118df6250246a917edc41a6776aeafc90b472687,b03d0c98a141d9dc22db2781ecd6bf0755b5e068bea935860dd4ee6aa7e8d9e8,"pcm-meta-v2:{""protocol"":""r9.2-frozen-identity-v7"",""message"":""C requested=flat effective=flat; steps=5 feedback=0; network includes CONSTRUCT, feedback INSERT, and cleanup DELETE"",""cell_wall_ms"":140840.312,""answer_kind"":""term-aware-candidate-set-v1"",""answer_key_count"":27441,""answer_fingerprint"":""2ebe1a2fc42ea486debbff4f2969236b31ec163a8065eee0e91378631a6f63a2"",""c_parse_samples"":[12099.577,12390.389,12218.113],""c_protocol_samples"":[{""requested_mode"":""flat"",""effective_mode"":""flat"",""fallback_reason"":null,""plan_steps"":5,""feedback_steps"":0,""feedback_triples"":0,""construct_query_ms"":20608.919,""feedback_update_ms"":0.0,""cleanup_ms"":0.0,""client_protocol_ms"":0.0,""network_scope"":""construct+feedback+cleanup"",""circuit_sha256"":""4ca77e8fd7a0bbbca24c38d621fcb7cf03834729119d23cce694e9c6834bdbb1"",""answer_fingerprint"":""2ebe1a2fc42ea486debbff4f2969236b31ec163a8065eee0e91378631a6f63a2"",""semantic_signature_sha256"":""4f533c9248c7ff7f15857b6898a9034a68169fd510dbfeaa365f7ca297baf80c"",""structure_signature"":{""gates"":232881,""edges"":210680,""answers"":27441,""derivations"":77244,""canonical_bytes"":110373897},""construct_total_ms"":32795.017,""client_unattributed_ms"":86.521},{""requested_mode"":""flat"",""effective_mode"":""flat"",""fallback_reason"":null,""plan_steps"":5,""feedback_steps"":0,""feedback_triples"":0,""construct_query_ms"":24515.652,""feedback_update_ms"":0.0,""cleanup_ms"":0.0,""client_protocol_ms"":0.0,""network_scope"":""construct+feedback+cleanup"",""circuit_sha256"":""4ca77e8fd7a0bbbca24c38d621fcb7cf03834729119d23cce694e9c6834bdbb1"",""answer_fingerprint"":""2ebe1a2fc42ea486debbff4f2969236b31ec163a8065eee0e91378631a6f63a2"",""semantic_signature_sha256"":""4f533c9248c7ff7f15857b6898a9034a68169fd510dbfeaa365f7ca297baf80c"",""structure_signature"":{""gates"":232881,""edges"":210680,""answers"":27441,""derivations"":77244,""canonical_bytes"":110373897},""construct_total_ms"":37002.333,""client_unattributed_ms"":96.292},{""requested_mode"":""flat"",""effective_mode"":""flat"",""fallback_reason"":null,""plan_steps"":5,""feedback_steps"":0,""feedback_triples"":0,""construct_query_ms"":21443.404,""feedback_update_ms"":0.0,""cleanup_ms"":0.0,""client_protocol_ms"":0.0,""network_scope"":""construct+feedback+cleanup"",""circuit_sha256"":""4ca77e8fd7a0bbbca24c38d621fcb7cf03834729119d23cce694e9c6834bdbb1"",""answer_fingerprint"":""2ebe1a2fc42ea486debbff4f2969236b31ec163a8065eee0e91378631a6f63a2"",""semantic_signature_sha256"":""4f533c9248c7ff7f15857b6898a9034a68169fd510dbfeaa365f7ca297baf80c"",""structure_signature"":{""gates"":232881,""edges"":210680,""answers"":27441,""derivations"":77244,""canonical_bytes"":110373897},""construct_total_ms"":33758.076,""client_unattributed_ms"":96.558}],""construct_total_samples"":[32795.017,37002.333,33758.076],""construct_unattributed_samples"":[86.521,96.292,96.558],""status"":""ok"",""status_evidence"":null,""c_warmup_signatures"":[""4f533c9248c7ff7f15857b6898a9034a68169fd510dbfeaa365f7ca297baf80c""],""measured_semantic_signature_sha256"":""4f533c9248c7ff7f15857b6898a9034a68169fd510dbfeaa365f7ca297baf80c"",""measured_repetitions_consistent"":true,""construction_requested"":""flat"",""construction_effective"":""flat"",""commit"":""baf731844a65b830a95b2167d5a3b6b77d65abcd"",""batch_id"":""40ad892dc8c00e8d7d7af40938d2950016da9dc22632d90d60edb8799b0af8a4"",""query_sha256"":""c2e7f8e7377b1ac6cc1c202c8233c4b4c10a2b85eae74cbb49844b3515dd26f8"",""engine"":""millenniumdb"",""engine_version"":""MillenniumDB [engines.json profile]"",""scale"":""100M"",""base_endpoint_sha256"":""007a0f6d40c4f5763053f0656a9a8961bef2a93fdcf0d680038343fd899f8922"",""reified_endpoint_sha256"":""449f806c0d1e860421279be80d03331f7ad131ca9af34621cf32cc41042190d3"",""update_endpoint_sha256"":""8a607274f1b3d176dd6acfdc7381c25676b642e78d334a9664e45a2bdf3d52a0"",""base_data_identity_sha256"":""8a988dc83f4082a4f27503ba2906dc6b8733b3c02be567635c726c67bbd48314"",""reified_data_identity_sha256"":""16162702ccec82b2a0e27063cd04bd756a27af1f003b4cef0da976d843ef4725"",""update_for"":""none"",""access_mode"":""read-only"",""base_data_name"":""exploratory-base"",""reified_data_name"":""exploratory-reified"",""update_canary_sha256"":""2b9b44b25cd1c568cd57c6c5df25ae260b68229044617821fb33f542dab77648"",""store_instance_sha256"":""30e2f137e46adf31cbf946515707a3237ea7a5b1e32a4e3b81551f678798b917"",""store_discriminator_sha256"":""2e884d94ace185d62b1b91debf493ccd0a69b83d08e74cf5f1c2be4851b14215"",""tool_sha256"":""b38a65fc0c1a91e138f057f7b6c08d21c328463aceb40ffda53fc759f99d2f7a"",""java_runtime_sha256"":""bdd50c08a90e2fb713541b8a118df6250246a917edc41a6776aeafc90b472687"",""run_identity_sha256"":""b03d0c98a141d9dc22db2781ecd6bf0755b5e068bea935860dd4ee6aa7e8d9e8""}"
baf731844a65b830a95b2167d5a3b6b77d65abcd,millenniumdb,MillenniumDB [engines.json profile],100M,O,O5,00,ec9af3cffe6976bcc27a5ca3ba0732c80fe7716160af6d25aa1d6b447b6300e2,B,base-select,ok,18,1.3,1.3,1.5,1.4,0.1,1,3,300.0,882,0.0,,,,,0.00763,"[1.541, 1.327, 1.296]","[0.0, 0.0, 0.0]",,[],,[],,[],r9.2-frozen-identity-v7,40ad892dc8c00e8d7d7af40938d2950016da9dc22632d90d60edb8799b0af8a4,csv-binding-multiset-v1,18,801415d57cdd3b336c6e7847bbbaf304b6508e072553ca87a05872bc9fb80f54,,,,,,,,007a0f6d40c4f5763053f0656a9a8961bef2a93fdcf0d680038343fd899f8922,449f806c0d1e860421279be80d03331f7ad131ca9af34621cf32cc41042190d3,8a607274f1b3d176dd6acfdc7381c25676b642e78d334a9664e45a2bdf3d52a0,8a988dc83f4082a4f27503ba2906dc6b8733b3c02be567635c726c67bbd48314,16162702ccec82b2a0e27063cd04bd756a27af1f003b4cef0da976d843ef4725,none,read-only,exploratory-base,exploratory-reified,2b9b44b25cd1c568cd57c6c5df25ae260b68229044617821fb33f542dab77648,30e2f137e46adf31cbf946515707a3237ea7a5b1e32a4e3b81551f678798b917,2e884d94ace185d62b1b91debf493ccd0a69b83d08e74cf5f1c2be4851b14215,b38a65fc0c1a91e138f057f7b6c08d21c328463aceb40ffda53fc759f99d2f7a,bdd50c08a90e2fb713541b8a118df6250246a917edc41a6776aeafc90b472687,3086cfcd35bbe7b7af6a0bf39a29740f4ab190f1706cb9623ab434fa6b04a343,"pcm-meta-v2:{""protocol"":""r9.2-frozen-identity-v7"",""message"":"""",""cell_wall_ms"":13.643,""answer_kind"":""csv-binding-multiset-v1"",""answer_key_count"":18,""answer_fingerprint"":""801415d57cdd3b336c6e7847bbbaf304b6508e072553ca87a05872bc9fb80f54"",""c_parse_samples"":[0.0,0.0,0.0],""c_protocol_samples"":[],""construct_total_samples"":[],""construct_unattributed_samples"":[],""status"":""ok"",""status_evidence"":null,""construction_requested"":null,""construction_effective"":null,""commit"":""baf731844a65b830a95b2167d5a3b6b77d65abcd"",""batch_id"":""40ad892dc8c00e8d7d7af40938d2950016da9dc22632d90d60edb8799b0af8a4"",""query_sha256"":""ec9af3cffe6976bcc27a5ca3ba0732c80fe7716160af6d25aa1d6b447b6300e2"",""engine"":""millenniumdb"",""engine_version"":""MillenniumDB [engines.json profile]"",""scale"":""100M"",""base_endpoint_sha256"":""007a0f6d40c4f5763053f0656a9a8961bef2a93fdcf0d680038343fd899f8922"",""reified_endpoint_sha256"":""449f806c0d1e860421279be80d03331f7ad131ca9af34621cf32cc41042190d3"",""update_endpoint_sha256"":""8a607274f1b3d176dd6acfdc7381c25676b642e78d334a9664e45a2bdf3d52a0"",""base_data_identity_sha256"":""8a988dc83f4082a4f27503ba2906dc6b8733b3c02be567635c726c67bbd48314"",""reified_data_identity_sha256"":""16162702ccec82b2a0e27063cd04bd756a27af1f003b4cef0da976d843ef4725"",""update_for"":""none"",""access_mode"":""read-only"",""base_data_name"":""exploratory-base"",""reified_data_name"":""exploratory-reified"",""update_canary_sha256"":""2b9b44b25cd1c568cd57c6c5df25ae260b68229044617821fb33f542dab77648"",""store_instance_sha256"":""30e2f137e46adf31cbf946515707a3237ea7a5b1e32a4e3b81551f678798b917"",""store_discriminator_sha256"":""2e884d94ace185d62b1b91debf493ccd0a69b83d08e74cf5f1c2be4851b14215"",""tool_sha256"":""b38a65fc0c1a91e138f057f7b6c08d21c328463aceb40ffda53fc759f99d2f7a"",""java_runtime_sha256"":""bdd50c08a90e2fb713541b8a118df6250246a917edc41a6776aeafc90b472687"",""run_identity_sha256"":""3086cfcd35bbe7b7af6a0bf39a29740f4ab190f1706cb9623ab434fa6b04a343""}"
baf731844a65b830a95b2167d5a3b6b77d65abcd,millenniumdb,MillenniumDB [engines.json profile],100M,O,O5,00,ec9af3cffe6976bcc27a5ca3ba0732c80fe7716160af6d25aa1d6b447b6300e2,R,reification-only,ok,18,13.2,3.9,283.2,100.1,158.7,1,3,300.0,882,0.0,,,,,132.766046,"[13.152, 283.206, 3.868]","[0.0, 0.0, 0.0]",,[],,[],,[],r9.2-frozen-identity-v7,40ad892dc8c00e8d7d7af40938d2950016da9dc22632d90d60edb8799b0af8a4,csv-binding-multiset-v1,18,801415d57cdd3b336c6e7847bbbaf304b6508e072553ca87a05872bc9fb80f54,,,,,,,,007a0f6d40c4f5763053f0656a9a8961bef2a93fdcf0d680038343fd899f8922,449f806c0d1e860421279be80d03331f7ad131ca9af34621cf32cc41042190d3,8a607274f1b3d176dd6acfdc7381c25676b642e78d334a9664e45a2bdf3d52a0,8a988dc83f4082a4f27503ba2906dc6b8733b3c02be567635c726c67bbd48314,16162702ccec82b2a0e27063cd04bd756a27af1f003b4cef0da976d843ef4725,none,read-only,exploratory-base,exploratory-reified,2b9b44b25cd1c568cd57c6c5df25ae260b68229044617821fb33f542dab77648,30e2f137e46adf31cbf946515707a3237ea7a5b1e32a4e3b81551f678798b917,2e884d94ace185d62b1b91debf493ccd0a69b83d08e74cf5f1c2be4851b14215,b38a65fc0c1a91e138f057f7b6c08d21c328463aceb40ffda53fc759f99d2f7a,bdd50c08a90e2fb713541b8a118df6250246a917edc41a6776aeafc90b472687,3086cfcd35bbe7b7af6a0bf39a29740f4ab190f1706cb9623ab434fa6b04a343,"pcm-meta-v2:{""protocol"":""r9.2-frozen-identity-v7"",""message"":"""",""cell_wall_ms"":450.339,""answer_kind"":""csv-binding-multiset-v1"",""answer_key_count"":18,""answer_fingerprint"":""801415d57cdd3b336c6e7847bbbaf304b6508e072553ca87a05872bc9fb80f54"",""c_parse_samples"":[0.0,0.0,0.0],""c_protocol_samples"":[],""construct_total_samples"":[],""construct_unattributed_samples"":[],""status"":""ok"",""status_evidence"":null,""construction_requested"":null,""construction_effective"":null,""commit"":""baf731844a65b830a95b2167d5a3b6b77d65abcd"",""batch_id"":""40ad892dc8c00e8d7d7af40938d2950016da9dc22632d90d60edb8799b0af8a4"",""query_sha256"":""ec9af3cffe6976bcc27a5ca3ba0732c80fe7716160af6d25aa1d6b447b6300e2"",""engine"":""millenniumdb"",""engine_version"":""MillenniumDB [engines.json profile]"",""scale"":""100M"",""base_endpoint_sha256"":""007a0f6d40c4f5763053f0656a9a8961bef2a93fdcf0d680038343fd899f8922"",""reified_endpoint_sha256"":""449f806c0d1e860421279be80d03331f7ad131ca9af34621cf32cc41042190d3"",""update_endpoint_sha256"":""8a607274f1b3d176dd6acfdc7381c25676b642e78d334a9664e45a2bdf3d52a0"",""base_data_identity_sha256"":""8a988dc83f4082a4f27503ba2906dc6b8733b3c02be567635c726c67bbd48314"",""reified_data_identity_sha256"":""16162702ccec82b2a0e27063cd04bd756a27af1f003b4cef0da976d843ef4725"",""update_for"":""none"",""access_mode"":""read-only"",""base_data_name"":""exploratory-base"",""reified_data_name"":""exploratory-reified"",""update_canary_sha256"":""2b9b44b25cd1c568cd57c6c5df25ae260b68229044617821fb33f542dab77648"",""store_instance_sha256"":""30e2f137e46adf31cbf946515707a3237ea7a5b1e32a4e3b81551f678798b917"",""store_discriminator_sha256"":""2e884d94ace185d62b1b91debf493ccd0a69b83d08e74cf5f1c2be4851b14215"",""tool_sha256"":""b38a65fc0c1a91e138f057f7b6c08d21c328463aceb40ffda53fc759f99d2f7a"",""java_runtime_sha256"":""bdd50c08a90e2fb713541b8a118df6250246a917edc41a6776aeafc90b472687"",""run_identity_sha256"":""3086cfcd35bbe7b7af6a0bf39a29740f4ab190f1706cb9623ab434fa6b04a343""}"
baf731844a65b830a95b2167d5a3b6b77d65abcd,millenniumdb,MillenniumDB [engines.json profile],100M,O,O5,00,ec9af3cffe6976bcc27a5ca3ba0732c80fe7716160af6d25aa1d6b447b6300e2,N,N_clean (NPCS reimplementation),ok,14,40838.7,40560.0,40981.9,40793.5,214.5,1,3,300.0,1302,0.0,,,,17,205.060442,"[40981.869, 40838.656, 40560.022]","[0.0, 0.0, 0.0]",,[],,[],,[],r9.2-frozen-identity-v7,40ad892dc8c00e8d7d7af40938d2950016da9dc22632d90d60edb8799b0af8a4,csv-candidate-multiset-v1,14,4daa7d245c6cf6ffe71e540a14a7f5de940da65ea6a6fd49064e2d24c0353554,,,,,,,,007a0f6d40c4f5763053f0656a9a8961bef2a93fdcf0d680038343fd899f8922,449f806c0d1e860421279be80d03331f7ad131ca9af34621cf32cc41042190d3,8a607274f1b3d176dd6acfdc7381c25676b642e78d334a9664e45a2bdf3d52a0,8a988dc83f4082a4f27503ba2906dc6b8733b3c02be567635c726c67bbd48314,16162702ccec82b2a0e27063cd04bd756a27af1f003b4cef0da976d843ef4725,none,read-only,exploratory-base,exploratory-reified,2b9b44b25cd1c568cd57c6c5df25ae260b68229044617821fb33f542dab77648,30e2f137e46adf31cbf946515707a3237ea7a5b1e32a4e3b81551f678798b917,2e884d94ace185d62b1b91debf493ccd0a69b83d08e74cf5f1c2be4851b14215,b38a65fc0c1a91e138f057f7b6c08d21c328463aceb40ffda53fc759f99d2f7a,bdd50c08a90e2fb713541b8a118df6250246a917edc41a6776aeafc90b472687,3086cfcd35bbe7b7af6a0bf39a29740f4ab190f1706cb9623ab434fa6b04a343,"pcm-meta-v2:{""protocol"":""r9.2-frozen-identity-v7"",""message"":"""",""cell_wall_ms"":163358.678,""answer_kind"":""csv-candidate-multiset-v1"",""answer_key_count"":14,""answer_fingerprint"":""4daa7d245c6cf6ffe71e540a14a7f5de940da65ea6a6fd49064e2d24c0353554"",""c_parse_samples"":[0.0,0.0,0.0],""c_protocol_samples"":[],""construct_total_samples"":[],""construct_unattributed_samples"":[],""status"":""ok"",""status_evidence"":null,""construction_requested"":null,""construction_effective"":null,""commit"":""baf731844a65b830a95b2167d5a3b6b77d65abcd"",""batch_id"":""40ad892dc8c00e8d7d7af40938d2950016da9dc22632d90d60edb8799b0af8a4"",""query_sha256"":""ec9af3cffe6976bcc27a5ca3ba0732c80fe7716160af6d25aa1d6b447b6300e2"",""engine"":""millenniumdb"",""engine_version"":""MillenniumDB [engines.json profile]"",""scale"":""100M"",""base_endpoint_sha256"":""007a0f6d40c4f5763053f0656a9a8961bef2a93fdcf0d680038343fd899f8922"",""reified_endpoint_sha256"":""449f806c0d1e860421279be80d03331f7ad131ca9af34621cf32cc41042190d3"",""update_endpoint_sha256"":""8a607274f1b3d176dd6acfdc7381c25676b642e78d334a9664e45a2bdf3d52a0"",""base_data_identity_sha256"":""8a988dc83f4082a4f27503ba2906dc6b8733b3c02be567635c726c67bbd48314"",""reified_data_identity_sha256"":""16162702ccec82b2a0e27063cd04bd756a27af1f003b4cef0da976d843ef4725"",""update_for"":""none"",""access_mode"":""read-only"",""base_data_name"":""exploratory-base"",""reified_data_name"":""exploratory-reified"",""update_canary_sha256"":""2b9b44b25cd1c568cd57c6c5df25ae260b68229044617821fb33f542dab77648"",""store_instance_sha256"":""30e2f137e46adf31cbf946515707a3237ea7a5b1e32a4e3b81551f678798b917"",""store_discriminator_sha256"":""2e884d94ace185d62b1b91debf493ccd0a69b83d08e74cf5f1c2be4851b14215"",""tool_sha256"":""b38a65fc0c1a91e138f057f7b6c08d21c328463aceb40ffda53fc759f99d2f7a"",""java_runtime_sha256"":""bdd50c08a90e2fb713541b8a118df6250246a917edc41a6776aeafc90b472687"",""run_identity_sha256"":""3086cfcd35bbe7b7af6a0bf39a29740f4ab190f1706cb9623ab434fa6b04a343""}"
baf731844a65b830a95b2167d5a3b6b77d65abcd,millenniumdb,MillenniumDB [engines.json profile],100M,O,O5,00,ec9af3cffe6976bcc27a5ca3ba0732c80fe7716160af6d25aa1d6b447b6300e2,C,SPARQLcirc CircuitRewriter,timeout,,,,,,,1,3,300.0,,,,,,,474.856349,[],[],,[],,[],,[],r9.2-frozen-identity-v7,40ad892dc8c00e8d7d7af40938d2950016da9dc22632d90d60edb8799b0af8a4,,,,,,,,,,,007a0f6d40c4f5763053f0656a9a8961bef2a93fdcf0d680038343fd899f8922,449f806c0d1e860421279be80d03331f7ad131ca9af34621cf32cc41042190d3,8a607274f1b3d176dd6acfdc7381c25676b642e78d334a9664e45a2bdf3d52a0,8a988dc83f4082a4f27503ba2906dc6b8733b3c02be567635c726c67bbd48314,16162702ccec82b2a0e27063cd04bd756a27af1f003b4cef0da976d843ef4725,none,read-only,exploratory-base,exploratory-reified,2b9b44b25cd1c568cd57c6c5df25ae260b68229044617821fb33f542dab77648,30e2f137e46adf31cbf946515707a3237ea7a5b1e32a4e3b81551f678798b917,2e884d94ace185d62b1b91debf493ccd0a69b83d08e74cf5f1c2be4851b14215,b38a65fc0c1a91e138f057f7b6c08d21c328463aceb40ffda53fc759f99d2f7a,bdd50c08a90e2fb713541b8a118df6250246a917edc41a6776aeafc90b472687,3086cfcd35bbe7b7af6a0bf39a29740f4ab190f1706cb9623ab434fa6b04a343,"pcm-meta-v2:{""protocol"":""r9.2-frozen-identity-v7"",""message"":""whole cell exceeded 300s hard deadline; worker reaped"",""cell_wall_ms"":300000.0,""c_parse_samples"":[],""c_protocol_samples"":[],""construct_total_samples"":[],""construct_unattributed_samples"":[],""status"":""timeout"",""status_evidence"":{""kind"":""hard-wall-deadline"",""message"":""whole cell exceeded 300s hard deadline; worker reaped""},""construction_requested"":null,""construction_effective"":null,""commit"":""baf731844a65b830a95b2167d5a3b6b77d65abcd"",""batch_id"":""40ad892dc8c00e8d7d7af40938d2950016da9dc22632d90d60edb8799b0af8a4"",""query_sha256"":""ec9af3cffe6976bcc27a5ca3ba0732c80fe7716160af6d25aa1d6b447b6300e2"",""engine"":""millenniumdb"",""engine_version"":""MillenniumDB [engines.json profile]"",""scale"":""100M"",""base_endpoint_sha256"":""007a0f6d40c4f5763053f0656a9a8961bef2a93fdcf0d680038343fd899f8922"",""reified_endpoint_sha256"":""449f806c0d1e860421279be80d03331f7ad131ca9af34621cf32cc41042190d3"",""update_endpoint_sha256"":""8a607274f1b3d176dd6acfdc7381c25676b642e78d334a9664e45a2bdf3d52a0"",""base_data_identity_sha256"":""8a988dc83f4082a4f27503ba2906dc6b8733b3c02be567635c726c67bbd48314"",""reified_data_identity_sha256"":""16162702ccec82b2a0e27063cd04bd756a27af1f003b4cef0da976d843ef4725"",""update_for"":""none"",""access_mode"":""read-only"",""base_data_name"":""exploratory-base"",""reified_data_name"":""exploratory-reified"",""update_canary_sha256"":""2b9b44b25cd1c568cd57c6c5df25ae260b68229044617821fb33f542dab77648"",""store_instance_sha256"":""30e2f137e46adf31cbf946515707a3237ea7a5b1e32a4e3b81551f678798b917"",""store_discriminator_sha256"":""2e884d94ace185d62b1b91debf493ccd0a69b83d08e74cf5f1c2be4851b14215"",""tool_sha256"":""b38a65fc0c1a91e138f057f7b6c08d21c328463aceb40ffda53fc759f99d2f7a"",""java_runtime_sha256"":""bdd50c08a90e2fb713541b8a118df6250246a917edc41a6776aeafc90b472687"",""run_identity_sha256"":""3086cfcd35bbe7b7af6a0bf39a29740f4ab190f1706cb9623ab434fa6b04a343""}"
4267882342ccd9cdc5c52909b4aba296ec41092c,millenniumdb,MillenniumDB [engines.json profile],100M,M,M1,00,31cc3cc2a162131c645d8c00efac8198f154624658dbdf08952fdf2aa2fcc40f,B,base-select,ok,1113720,9816.8,9787.7,9973.9,9859.5,100.2,1,3,300.0,110696468,0.0,,,,,0.0066,"[9973.903, 9816.795, 9787.69]","[0.0, 0.0, 0.0]",,[],,[],,[],r9.2-frozen-identity-v7,186b2edcb82a042187a20cec62cf4d7f5122b145b7863a7b16009137542a544f,csv-binding-multiset-v1,1113720,a6d5c79a4ada0039b9a70120a37373ced3d62b6195b76eccd13e5a94249d579e,,,,,,,,007a0f6d40c4f5763053f0656a9a8961bef2a93fdcf0d680038343fd899f8922,449f806c0d1e860421279be80d03331f7ad131ca9af34621cf32cc41042190d3,8a607274f1b3d176dd6acfdc7381c25676b642e78d334a9664e45a2bdf3d52a0,8a988dc83f4082a4f27503ba2906dc6b8733b3c02be567635c726c67bbd48314,16162702ccec82b2a0e27063cd04bd756a27af1f003b4cef0da976d843ef4725,none,read-only,exploratory-base,exploratory-reified,2b9b44b25cd1c568cd57c6c5df25ae260b68229044617821fb33f542dab77648,30e2f137e46adf31cbf946515707a3237ea7a5b1e32a4e3b81551f678798b917,2e884d94ace185d62b1b91debf493ccd0a69b83d08e74cf5f1c2be4851b14215,b38a65fc0c1a91e138f057f7b6c08d21c328463aceb40ffda53fc759f99d2f7a,bdd50c08a90e2fb713541b8a118df6250246a917edc41a6776aeafc90b472687,01ba8e700d94ae77be989505d838d87a06a8ce013f44ead6ce8499f8c5f366a2,"pcm-meta-v2:{""protocol"":""r9.2-frozen-identity-v7"",""message"":"""",""cell_wall_ms"":66339.175,""answer_kind"":""csv-binding-multiset-v1"",""answer_key_count"":1113720,""answer_fingerprint"":""a6d5c79a4ada0039b9a70120a37373ced3d62b6195b76eccd13e5a94249d579e"",""c_parse_samples"":[0.0,0.0,0.0],""c_protocol_samples"":[],""construct_total_samples"":[],""construct_unattributed_samples"":[],""status"":""ok"",""status_evidence"":null,""construction_requested"":null,""construction_effective"":null,""commit"":""4267882342ccd9cdc5c52909b4aba296ec41092c"",""batch_id"":""186b2edcb82a042187a20cec62cf4d7f5122b145b7863a7b16009137542a544f"",""query_sha256"":""31cc3cc2a162131c645d8c00efac8198f154624658dbdf08952fdf2aa2fcc40f"",""engine"":""millenniumdb"",""engine_version"":""MillenniumDB [engines.json profile]"",""scale"":""100M"",""base_endpoint_sha256"":""007a0f6d40c4f5763053f0656a9a8961bef2a93fdcf0d680038343fd899f8922"",""reified_endpoint_sha256"":""449f806c0d1e860421279be80d03331f7ad131ca9af34621cf32cc41042190d3"",""update_endpoint_sha256"":""8a607274f1b3d176dd6acfdc7381c25676b642e78d334a9664e45a2bdf3d52a0"",""base_data_identity_sha256"":""8a988dc83f4082a4f27503ba2906dc6b8733b3c02be567635c726c67bbd48314"",""reified_data_identity_sha256"":""16162702ccec82b2a0e27063cd04bd756a27af1f003b4cef0da976d843ef4725"",""update_for"":""none"",""access_mode"":""read-only"",""base_data_name"":""exploratory-base"",""reified_data_name"":""exploratory-reified"",""update_canary_sha256"":""2b9b44b25cd1c568cd57c6c5df25ae260b68229044617821fb33f542dab77648"",""store_instance_sha256"":""30e2f137e46adf31cbf946515707a3237ea7a5b1e32a4e3b81551f678798b917"",""store_discriminator_sha256"":""2e884d94ace185d62b1b91debf493ccd0a69b83d08e74cf5f1c2be4851b14215"",""tool_sha256"":""b38a65fc0c1a91e138f057f7b6c08d21c328463aceb40ffda53fc759f99d2f7a"",""java_runtime_sha256"":""bdd50c08a90e2fb713541b8a118df6250246a917edc41a6776aeafc90b472687"",""run_identity_sha256"":""01ba8e700d94ae77be989505d838d87a06a8ce013f44ead6ce8499f8c5f366a2""}"
4267882342ccd9cdc5c52909b4aba296ec41092c,millenniumdb,MillenniumDB [engines.json profile],100M,M,M1,00,31cc3cc2a162131c645d8c00efac8198f154624658dbdf08952fdf2aa2fcc40f,R,reification-only,timeout,,,,,,,1,3,300.0,,,,,,,149.933145,[],[],,[],,[],,[],r9.2-frozen-identity-v7,186b2edcb82a042187a20cec62cf4d7f5122b145b7863a7b16009137542a544f,,,,,,,,,,,007a0f6d40c4f5763053f0656a9a8961bef2a93fdcf0d680038343fd899f8922,449f806c0d1e860421279be80d03331f7ad131ca9af34621cf32cc41042190d3,8a607274f1b3d176dd6acfdc7381c25676b642e78d334a9664e45a2bdf3d52a0,8a988dc83f4082a4f27503ba2906dc6b8733b3c02be567635c726c67bbd48314,16162702ccec82b2a0e27063cd04bd756a27af1f003b4cef0da976d843ef4725,none,read-only,exploratory-base,exploratory-reified,2b9b44b25cd1c568cd57c6c5df25ae260b68229044617821fb33f542dab77648,30e2f137e46adf31cbf946515707a3237ea7a5b1e32a4e3b81551f678798b917,2e884d94ace185d62b1b91debf493ccd0a69b83d08e74cf5f1c2be4851b14215,b38a65fc0c1a91e138f057f7b6c08d21c328463aceb40ffda53fc759f99d2f7a,bdd50c08a90e2fb713541b8a118df6250246a917edc41a6776aeafc90b472687,01ba8e700d94ae77be989505d838d87a06a8ce013f44ead6ce8499f8c5f366a2,"pcm-meta-v2:{""protocol"":""r9.2-frozen-identity-v7"",""message"":""whole cell exceeded 300s hard deadline; worker reaped"",""cell_wall_ms"":300000.0,""c_parse_samples"":[],""c_protocol_samples"":[],""construct_total_samples"":[],""construct_unattributed_samples"":[],""status"":""timeout"",""status_evidence"":{""kind"":""hard-wall-deadline"",""message"":""whole cell exceeded 300s hard deadline; worker reaped""},""construction_requested"":null,""construction_effective"":null,""commit"":""4267882342ccd9cdc5c52909b4aba296ec41092c"",""batch_id"":""186b2edcb82a042187a20cec62cf4d7f5122b145b7863a7b16009137542a544f"",""query_sha256"":""31cc3cc2a162131c645d8c00efac8198f154624658dbdf08952fdf2aa2fcc40f"",""engine"":""millenniumdb"",""engine_version"":""MillenniumDB [engines.json profile]"",""scale"":""100M"",""base_endpoint_sha256"":""007a0f6d40c4f5763053f0656a9a8961bef2a93fdcf0d680038343fd899f8922"",""reified_endpoint_sha256"":""449f806c0d1e860421279be80d03331f7ad131ca9af34621cf32cc41042190d3"",""update_endpoint_sha256"":""8a607274f1b3d176dd6acfdc7381c25676b642e78d334a9664e45a2bdf3d52a0"",""base_data_identity_sha256"":""8a988dc83f4082a4f27503ba2906dc6b8733b3c02be567635c726c67bbd48314"",""reified_data_identity_sha256"":""16162702ccec82b2a0e27063cd04bd756a27af1f003b4cef0da976d843ef4725"",""update_for"":""none"",""access_mode"":""read-only"",""base_data_name"":""exploratory-base"",""reified_data_name"":""exploratory-reified"",""update_canary_sha256"":""2b9b44b25cd1c568cd57c6c5df25ae260b68229044617821fb33f542dab77648"",""store_instance_sha256"":""30e2f137e46adf31cbf946515707a3237ea7a5b1e32a4e3b81551f678798b917"",""store_discriminator_sha256"":""2e884d94ace185d62b1b91debf493ccd0a69b83d08e74cf5f1c2be4851b14215"",""tool_sha256"":""b38a65fc0c1a91e138f057f7b6c08d21c328463aceb40ffda53fc759f99d2f7a"",""java_runtime_sha256"":""bdd50c08a90e2fb713541b8a118df6250246a917edc41a6776aeafc90b472687"",""run_identity_sha256"":""01ba8e700d94ae77be989505d838d87a06a8ce013f44ead6ce8499f8c5f366a2""}"
4267882342ccd9cdc5c52909b4aba296ec41092c,millenniumdb,MillenniumDB [engines.json profile],100M,M,M1,00,31cc3cc2a162131c645d8c00efac8198f154624658dbdf08952fdf2aa2fcc40f,N,N_clean (NPCS reimplementation),timeout,,,,,,,1,3,300.0,,,,,,,200.478414,[],[],,[],,[],,[],r9.2-frozen-identity-v7,186b2edcb82a042187a20cec62cf4d7f5122b145b7863a7b16009137542a544f,,,,,,,,,,,007a0f6d40c4f5763053f0656a9a8961bef2a93fdcf0d680038343fd899f8922,449f806c0d1e860421279be80d03331f7ad131ca9af34621cf32cc41042190d3,8a607274f1b3d176dd6acfdc7381c25676b642e78d334a9664e45a2bdf3d52a0,8a988dc83f4082a4f27503ba2906dc6b8733b3c02be567635c726c67bbd48314,16162702ccec82b2a0e27063cd04bd756a27af1f003b4cef0da976d843ef4725,none,read-only,exploratory-base,exploratory-reified,2b9b44b25cd1c568cd57c6c5df25ae260b68229044617821fb33f542dab77648,30e2f137e46adf31cbf946515707a3237ea7a5b1e32a4e3b81551f678798b917,2e884d94ace185d62b1b91debf493ccd0a69b83d08e74cf5f1c2be4851b14215,b38a65fc0c1a91e138f057f7b6c08d21c328463aceb40ffda53fc759f99d2f7a,bdd50c08a90e2fb713541b8a118df6250246a917edc41a6776aeafc90b472687,01ba8e700d94ae77be989505d838d87a06a8ce013f44ead6ce8499f8c5f366a2,"pcm-meta-v2:{""protocol"":""r9.2-frozen-identity-v7"",""message"":""whole cell exceeded 300s hard deadline; worker reaped"",""cell_wall_ms"":300000.0,""c_parse_samples"":[],""c_protocol_samples"":[],""construct_total_samples"":[],""construct_unattributed_samples"":[],""status"":""timeout"",""status_evidence"":{""kind"":""hard-wall-deadline"",""message"":""whole cell exceeded 300s hard deadline; worker reaped""},""construction_requested"":null,""construction_effective"":null,""commit"":""4267882342ccd9cdc5c52909b4aba296ec41092c"",""batch_id"":""186b2edcb82a042187a20cec62cf4d7f5122b145b7863a7b16009137542a544f"",""query_sha256"":""31cc3cc2a162131c645d8c00efac8198f154624658dbdf08952fdf2aa2fcc40f"",""engine"":""millenniumdb"",""engine_version"":""MillenniumDB [engines.json profile]"",""scale"":""100M"",""base_endpoint_sha256"":""007a0f6d40c4f5763053f0656a9a8961bef2a93fdcf0d680038343fd899f8922"",""reified_endpoint_sha256"":""449f806c0d1e860421279be80d03331f7ad131ca9af34621cf32cc41042190d3"",""update_endpoint_sha256"":""8a607274f1b3d176dd6acfdc7381c25676b642e78d334a9664e45a2bdf3d52a0"",""base_data_identity_sha256"":""8a988dc83f4082a4f27503ba2906dc6b8733b3c02be567635c726c67bbd48314"",""reified_data_identity_sha256"":""16162702ccec82b2a0e27063cd04bd756a27af1f003b4cef0da976d843ef4725"",""update_for"":""none"",""access_mode"":""read-only"",""base_data_name"":""exploratory-base"",""reified_data_name"":""exploratory-reified"",""update_canary_sha256"":""2b9b44b25cd1c568cd57c6c5df25ae260b68229044617821fb33f542dab77648"",""store_instance_sha256"":""30e2f137e46adf31cbf946515707a3237ea7a5b1e32a4e3b81551f678798b917"",""store_discriminator_sha256"":""2e884d94ace185d62b1b91debf493ccd0a69b83d08e74cf5f1c2be4851b14215"",""tool_sha256"":""b38a65fc0c1a91e138f057f7b6c08d21c328463aceb40ffda53fc759f99d2f7a"",""java_runtime_sha256"":""bdd50c08a90e2fb713541b8a118df6250246a917edc41a6776aeafc90b472687"",""run_identity_sha256"":""01ba8e700d94ae77be989505d838d87a06a8ce013f44ead6ce8499f8c5f366a2""}"
4267882342ccd9cdc5c52909b4aba296ec41092c,millenniumdb,MillenniumDB [engines.json profile],100M,M,M1,00,31cc3cc2a162131c645d8c00efac8198f154624658dbdf08952fdf2aa2fcc40f,C,SPARQLcirc CircuitRewriter,timeout,,,,,,,1,3,300.0,,,,,,,394.426996,[],[],,[],,[],,[],r9.2-frozen-identity-v7,186b2edcb82a042187a20cec62cf4d7f5122b145b7863a7b16009137542a544f,,,,,,,,,,,007a0f6d40c4f5763053f0656a9a8961bef2a93fdcf0d680038343fd899f8922,449f806c0d1e860421279be80d03331f7ad131ca9af34621cf32cc41042190d3,8a607274f1b3d176dd6acfdc7381c25676b642e78d334a9664e45a2bdf3d52a0,8a988dc83f4082a4f27503ba2906dc6b8733b3c02be567635c726c67bbd48314,16162702ccec82b2a0e27063cd04bd756a27af1f003b4cef0da976d843ef4725,none,read-only,exploratory-base,exploratory-reified,2b9b44b25cd1c568cd57c6c5df25ae260b68229044617821fb33f542dab77648,30e2f137e46adf31cbf946515707a3237ea7a5b1e32a4e3b81551f678798b917,2e884d94ace185d62b1b91debf493ccd0a69b83d08e74cf5f1c2be4851b14215,b38a65fc0c1a91e138f057f7b6c08d21c328463aceb40ffda53fc759f99d2f7a,bdd50c08a90e2fb713541b8a118df6250246a917edc41a6776aeafc90b472687,01ba8e700d94ae77be989505d838d87a06a8ce013f44ead6ce8499f8c5f366a2,"pcm-meta-v2:{""protocol"":""r9.2-frozen-identity-v7"",""message"":""whole cell exceeded 300s hard deadline; worker reaped"",""cell_wall_ms"":300000.0,""c_parse_samples"":[],""c_protocol_samples"":[],""construct_total_samples"":[],""construct_unattributed_samples"":[],""status"":""timeout"",""status_evidence"":{""kind"":""hard-wall-deadline"",""message"":""whole cell exceeded 300s hard deadline; worker reaped""},""construction_requested"":null,""construction_effective"":null,""commit"":""4267882342ccd9cdc5c52909b4aba296ec41092c"",""batch_id"":""186b2edcb82a042187a20cec62cf4d7f5122b145b7863a7b16009137542a544f"",""query_sha256"":""31cc3cc2a162131c645d8c00efac8198f154624658dbdf08952fdf2aa2fcc40f"",""engine"":""millenniumdb"",""engine_version"":""MillenniumDB [engines.json profile]"",""scale"":""100M"",""base_endpoint_sha256"":""007a0f6d40c4f5763053f0656a9a8961bef2a93fdcf0d680038343fd899f8922"",""reified_endpoint_sha256"":""449f806c0d1e860421279be80d03331f7ad131ca9af34621cf32cc41042190d3"",""update_endpoint_sha256"":""8a607274f1b3d176dd6acfdc7381c25676b642e78d334a9664e45a2bdf3d52a0"",""base_data_identity_sha256"":""8a988dc83f4082a4f27503ba2906dc6b8733b3c02be567635c726c67bbd48314"",""reified_data_identity_sha256"":""16162702ccec82b2a0e27063cd04bd756a27af1f003b4cef0da976d843ef4725"",""update_for"":""none"",""access_mode"":""read-only"",""base_data_name"":""exploratory-base"",""reified_data_name"":""exploratory-reified"",""update_canary_sha256"":""2b9b44b25cd1c568cd57c6c5df25ae260b68229044617821fb33f542dab77648"",""store_instance_sha256"":""30e2f137e46adf31cbf946515707a3237ea7a5b1e32a4e3b81551f678798b917"",""store_discriminator_sha256"":""2e884d94ace185d62b1b91debf493ccd0a69b83d08e74cf5f1c2be4851b14215"",""tool_sha256"":""b38a65fc0c1a91e138f057f7b6c08d21c328463aceb40ffda53fc759f99d2f7a"",""java_runtime_sha256"":""bdd50c08a90e2fb713541b8a118df6250246a917edc41a6776aeafc90b472687"",""run_identity_sha256"":""01ba8e700d94ae77be989505d838d87a06a8ce013f44ead6ce8499f8c5f366a2""}"
4267882342ccd9cdc5c52909b4aba296ec41092c,millenniumdb,MillenniumDB [engines.json profile],100M,M,M2,00,57dabb9eb81d64dbc3cc422093691dfbcd45c8bc0072a0480b32c507db250930,B,base-select,ok,1143538,11519.0,11497.6,11887.0,11634.5,218.9,1,3,300.0,113973036,0.0,,,,,0.00746,"[11497.582, 11518.97, 11887.019]","[0.0, 0.0, 0.0]",,[],,[],,[],r9.2-frozen-identity-v7,186b2edcb82a042187a20cec62cf4d7f5122b145b7863a7b16009137542a544f,csv-binding-multiset-v1,1143538,08e10625b4ee8f39ea8915201b6600568f247a03fc9980df95947d87086df0ab,,,,,,,,007a0f6d40c4f5763053f0656a9a8961bef2a93fdcf0d680038343fd899f8922,449f806c0d1e860421279be80d03331f7ad131ca9af34621cf32cc41042190d3,8a607274f1b3d176dd6acfdc7381c25676b642e78d334a9664e45a2bdf3d52a0,8a988dc83f4082a4f27503ba2906dc6b8733b3c02be567635c726c67bbd48314,16162702ccec82b2a0e27063cd04bd756a27af1f003b4cef0da976d843ef4725,none,read-only,exploratory-base,exploratory-reified,2b9b44b25cd1c568cd57c6c5df25ae260b68229044617821fb33f542dab77648,30e2f137e46adf31cbf946515707a3237ea7a5b1e32a4e3b81551f678798b917,2e884d94ace185d62b1b91debf493ccd0a69b83d08e74cf5f1c2be4851b14215,b38a65fc0c1a91e138f057f7b6c08d21c328463aceb40ffda53fc759f99d2f7a,bdd50c08a90e2fb713541b8a118df6250246a917edc41a6776aeafc90b472687,1794d80d986eb14a81d1616ee93ad860ca74a8785cbde281553ab73111d0a2f1,"pcm-meta-v2:{""protocol"":""r9.2-frozen-identity-v7"",""message"":"""",""cell_wall_ms"":58683.8,""answer_kind"":""csv-binding-multiset-v1"",""answer_key_count"":1143538,""answer_fingerprint"":""08e10625b4ee8f39ea8915201b6600568f247a03fc9980df95947d87086df0ab"",""c_parse_samples"":[0.0,0.0,0.0],""c_protocol_samples"":[],""construct_total_samples"":[],""construct_unattributed_samples"":[],""status"":""ok"",""status_evidence"":null,""construction_requested"":null,""construction_effective"":null,""commit"":""4267882342ccd9cdc5c52909b4aba296ec41092c"",""batch_id"":""186b2edcb82a042187a20cec62cf4d7f5122b145b7863a7b16009137542a544f"",""query_sha256"":""57dabb9eb81d64dbc3cc422093691dfbcd45c8bc0072a0480b32c507db250930"",""engine"":""millenniumdb"",""engine_version"":""MillenniumDB [engines.json profile]"",""scale"":""100M"",""base_endpoint_sha256"":""007a0f6d40c4f5763053f0656a9a8961bef2a93fdcf0d680038343fd899f8922"",""reified_endpoint_sha256"":""449f806c0d1e860421279be80d03331f7ad131ca9af34621cf32cc41042190d3"",""update_endpoint_sha256"":""8a607274f1b3d176dd6acfdc7381c25676b642e78d334a9664e45a2bdf3d52a0"",""base_data_identity_sha256"":""8a988dc83f4082a4f27503ba2906dc6b8733b3c02be567635c726c67bbd48314"",""reified_data_identity_sha256"":""16162702ccec82b2a0e27063cd04bd756a27af1f003b4cef0da976d843ef4725"",""update_for"":""none"",""access_mode"":""read-only"",""base_data_name"":""exploratory-base"",""reified_data_name"":""exploratory-reified"",""update_canary_sha256"":""2b9b44b25cd1c568cd57c6c5df25ae260b68229044617821fb33f542dab77648"",""store_instance_sha256"":""30e2f137e46adf31cbf946515707a3237ea7a5b1e32a4e3b81551f678798b917"",""store_discriminator_sha256"":""2e884d94ace185d62b1b91debf493ccd0a69b83d08e74cf5f1c2be4851b14215"",""tool_sha256"":""b38a65fc0c1a91e138f057f7b6c08d21c328463aceb40ffda53fc759f99d2f7a"",""java_runtime_sha256"":""bdd50c08a90e2fb713541b8a118df6250246a917edc41a6776aeafc90b472687"",""run_identity_sha256"":""1794d80d986eb14a81d1616ee93ad860ca74a8785cbde281553ab73111d0a2f1""}"
4267882342ccd9cdc5c52909b4aba296ec41092c,millenniumdb,MillenniumDB [engines.json profile],100M,M,M2,00,57dabb9eb81d64dbc3cc422093691dfbcd45c8bc0072a0480b32c507db250930,R,reification-only,ok,1143538,31330.1,30214.5,34344.3,31963.0,2136.4,1,3,300.0,113973036,0.0,,,,,170.562548,"[34344.312, 31330.082, 30214.52]","[0.0, 0.0, 0.0]",,[],,[],,[],r9.2-frozen-identity-v7,186b2edcb82a042187a20cec62cf4d7f5122b145b7863a7b16009137542a544f,csv-binding-multiset-v1,1143538,08e10625b4ee8f39ea8915201b6600568f247a03fc9980df95947d87086df0ab,,,,,,,,007a0f6d40c4f5763053f0656a9a8961bef2a93fdcf0d680038343fd899f8922,449f806c0d1e860421279be80d03331f7ad131ca9af34621cf32cc41042190d3,8a607274f1b3d176dd6acfdc7381c25676b642e78d334a9664e45a2bdf3d52a0,8a988dc83f4082a4f27503ba2906dc6b8733b3c02be567635c726c67bbd48314,16162702ccec82b2a0e27063cd04bd756a27af1f003b4cef0da976d843ef4725,none,read-only,exploratory-base,exploratory-reified,2b9b44b25cd1c568cd57c6c5df25ae260b68229044617821fb33f542dab77648,30e2f137e46adf31cbf946515707a3237ea7a5b1e32a4e3b81551f678798b917,2e884d94ace185d62b1b91debf493ccd0a69b83d08e74cf5f1c2be4851b14215,b38a65fc0c1a91e138f057f7b6c08d21c328463aceb40ffda53fc759f99d2f7a,bdd50c08a90e2fb713541b8a118df6250246a917edc41a6776aeafc90b472687,1794d80d986eb14a81d1616ee93ad860ca74a8785cbde281553ab73111d0a2f1,"pcm-meta-v2:{""protocol"":""r9.2-frozen-identity-v7"",""message"":"""",""cell_wall_ms"":141287.312,""answer_kind"":""csv-binding-multiset-v1"",""answer_key_count"":1143538,""answer_fingerprint"":""08e10625b4ee8f39ea8915201b6600568f247a03fc9980df95947d87086df0ab"",""c_parse_samples"":[0.0,0.0,0.0],""c_protocol_samples"":[],""construct_total_samples"":[],""construct_unattributed_samples"":[],""status"":""ok"",""status_evidence"":null,""construction_requested"":null,""construction_effective"":null,""commit"":""4267882342ccd9cdc5c52909b4aba296ec41092c"",""batch_id"":""186b2edcb82a042187a20cec62cf4d7f5122b145b7863a7b16009137542a544f"",""query_sha256"":""57dabb9eb81d64dbc3cc422093691dfbcd45c8bc0072a0480b32c507db250930"",""engine"":""millenniumdb"",""engine_version"":""MillenniumDB [engines.json profile]"",""scale"":""100M"",""base_endpoint_sha256"":""007a0f6d40c4f5763053f0656a9a8961bef2a93fdcf0d680038343fd899f8922"",""reified_endpoint_sha256"":""449f806c0d1e860421279be80d03331f7ad131ca9af34621cf32cc41042190d3"",""update_endpoint_sha256"":""8a607274f1b3d176dd6acfdc7381c25676b642e78d334a9664e45a2bdf3d52a0"",""base_data_identity_sha256"":""8a988dc83f4082a4f27503ba2906dc6b8733b3c02be567635c726c67bbd48314"",""reified_data_identity_sha256"":""16162702ccec82b2a0e27063cd04bd756a27af1f003b4cef0da976d843ef4725"",""update_for"":""none"",""access_mode"":""read-only"",""base_data_name"":""exploratory-base"",""reified_data_name"":""exploratory-reified"",""update_canary_sha256"":""2b9b44b25cd1c568cd57c6c5df25ae260b68229044617821fb33f542dab77648"",""store_instance_sha256"":""30e2f137e46adf31cbf946515707a3237ea7a5b1e32a4e3b81551f678798b917"",""store_discriminator_sha256"":""2e884d94ace185d62b1b91debf493ccd0a69b83d08e74cf5f1c2be4851b14215"",""tool_sha256"":""b38a65fc0c1a91e138f057f7b6c08d21c328463aceb40ffda53fc759f99d2f7a"",""java_runtime_sha256"":""bdd50c08a90e2fb713541b8a118df6250246a917edc41a6776aeafc90b472687"",""run_identity_sha256"":""1794d80d986eb14a81d1616ee93ad860ca74a8785cbde281553ab73111d0a2f1""}"
4267882342ccd9cdc5c52909b4aba296ec41092c,millenniumdb,MillenniumDB [engines.json profile],100M,M,M2,00,57dabb9eb81d64dbc3cc422093691dfbcd45c8bc0072a0480b32c507db250930,N,N_clean (NPCS reimplementation),timeout,,,,,,,1,3,300.0,,,,,,,198.75999,[],[],,[],,[],,[],r9.2-frozen-identity-v7,186b2edcb82a042187a20cec62cf4d7f5122b145b7863a7b16009137542a544f,,,,,,,,,,,007a0f6d40c4f5763053f0656a9a8961bef2a93fdcf0d680038343fd899f8922,449f806c0d1e860421279be80d03331f7ad131ca9af34621cf32cc41042190d3,8a607274f1b3d176dd6acfdc7381c25676b642e78d334a9664e45a2bdf3d52a0,8a988dc83f4082a4f27503ba2906dc6b8733b3c02be567635c726c67bbd48314,16162702ccec82b2a0e27063cd04bd756a27af1f003b4cef0da976d843ef4725,none,read-only,exploratory-base,exploratory-reified,2b9b44b25cd1c568cd57c6c5df25ae260b68229044617821fb33f542dab77648,30e2f137e46adf31cbf946515707a3237ea7a5b1e32a4e3b81551f678798b917,2e884d94ace185d62b1b91debf493ccd0a69b83d08e74cf5f1c2be4851b14215,b38a65fc0c1a91e138f057f7b6c08d21c328463aceb40ffda53fc759f99d2f7a,bdd50c08a90e2fb713541b8a118df6250246a917edc41a6776aeafc90b472687,1794d80d986eb14a81d1616ee93ad860ca74a8785cbde281553ab73111d0a2f1,"pcm-meta-v2:{""protocol"":""r9.2-frozen-identity-v7"",""message"":""whole cell exceeded 300s hard deadline; worker reaped"",""cell_wall_ms"":300000.0,""c_parse_samples"":[],""c_protocol_samples"":[],""construct_total_samples"":[],""construct_unattributed_samples"":[],""status"":""timeout"",""status_evidence"":{""kind"":""hard-wall-deadline"",""message"":""whole cell exceeded 300s hard deadline; worker reaped""},""construction_requested"":null,""construction_effective"":null,""commit"":""4267882342ccd9cdc5c52909b4aba296ec41092c"",""batch_id"":""186b2edcb82a042187a20cec62cf4d7f5122b145b7863a7b16009137542a544f"",""query_sha256"":""57dabb9eb81d64dbc3cc422093691dfbcd45c8bc0072a0480b32c507db250930"",""engine"":""millenniumdb"",""engine_version"":""MillenniumDB [engines.json profile]"",""scale"":""100M"",""base_endpoint_sha256"":""007a0f6d40c4f5763053f0656a9a8961bef2a93fdcf0d680038343fd899f8922"",""reified_endpoint_sha256"":""449f806c0d1e860421279be80d03331f7ad131ca9af34621cf32cc41042190d3"",""update_endpoint_sha256"":""8a607274f1b3d176dd6acfdc7381c25676b642e78d334a9664e45a2bdf3d52a0"",""base_data_identity_sha256"":""8a988dc83f4082a4f27503ba2906dc6b8733b3c02be567635c726c67bbd48314"",""reified_data_identity_sha256"":""16162702ccec82b2a0e27063cd04bd756a27af1f003b4cef0da976d843ef4725"",""update_for"":""none"",""access_mode"":""read-only"",""base_data_name"":""exploratory-base"",""reified_data_name"":""exploratory-reified"",""update_canary_sha256"":""2b9b44b25cd1c568cd57c6c5df25ae260b68229044617821fb33f542dab77648"",""store_instance_sha256"":""30e2f137e46adf31cbf946515707a3237ea7a5b1e32a4e3b81551f678798b917"",""store_discriminator_sha256"":""2e884d94ace185d62b1b91debf493ccd0a69b83d08e74cf5f1c2be4851b14215"",""tool_sha256"":""b38a65fc0c1a91e138f057f7b6c08d21c328463aceb40ffda53fc759f99d2f7a"",""java_runtime_sha256"":""bdd50c08a90e2fb713541b8a118df6250246a917edc41a6776aeafc90b472687"",""run_identity_sha256"":""1794d80d986eb14a81d1616ee93ad860ca74a8785cbde281553ab73111d0a2f1""}"
4267882342ccd9cdc5c52909b4aba296ec41092c,millenniumdb,MillenniumDB [engines.json profile],100M,M,M2,00,57dabb9eb81d64dbc3cc422093691dfbcd45c8bc0072a0480b32c507db250930,C,SPARQLcirc CircuitRewriter,timeout,,,,,,,1,3,300.0,,,,,,,430.385365,[],[],,[],,[],,[],r9.2-frozen-identity-v7,186b2edcb82a042187a20cec62cf4d7f5122b145b7863a7b16009137542a544f,,,,,,,,,,,007a0f6d40c4f5763053f0656a9a8961bef2a93fdcf0d680038343fd899f8922,449f806c0d1e860421279be80d03331f7ad131ca9af34621cf32cc41042190d3,8a607274f1b3d176dd6acfdc7381c25676b642e78d334a9664e45a2bdf3d52a0,8a988dc83f4082a4f27503ba2906dc6b8733b3c02be567635c726c67bbd48314,16162702ccec82b2a0e27063cd04bd756a27af1f003b4cef0da976d843ef4725,none,read-only,exploratory-base,exploratory-reified,2b9b44b25cd1c568cd57c6c5df25ae260b68229044617821fb33f542dab77648,30e2f137e46adf31cbf946515707a3237ea7a5b1e32a4e3b81551f678798b917,2e884d94ace185d62b1b91debf493ccd0a69b83d08e74cf5f1c2be4851b14215,b38a65fc0c1a91e138f057f7b6c08d21c328463aceb40ffda53fc759f99d2f7a,bdd50c08a90e2fb713541b8a118df6250246a917edc41a6776aeafc90b472687,1794d80d986eb14a81d1616ee93ad860ca74a8785cbde281553ab73111d0a2f1,"pcm-meta-v2:{""protocol"":""r9.2-frozen-identity-v7"",""message"":""whole cell exceeded 300s hard deadline; worker reaped"",""cell_wall_ms"":300000.0,""c_parse_samples"":[],""c_protocol_samples"":[],""construct_total_samples"":[],""construct_unattributed_samples"":[],""status"":""timeout"",""status_evidence"":{""kind"":""hard-wall-deadline"",""message"":""whole cell exceeded 300s hard deadline; worker reaped""},""construction_requested"":null,""construction_effective"":null,""commit"":""4267882342ccd9cdc5c52909b4aba296ec41092c"",""batch_id"":""186b2edcb82a042187a20cec62cf4d7f5122b145b7863a7b16009137542a544f"",""query_sha256"":""57dabb9eb81d64dbc3cc422093691dfbcd45c8bc0072a0480b32c507db250930"",""engine"":""millenniumdb"",""engine_version"":""MillenniumDB [engines.json profile]"",""scale"":""100M"",""base_endpoint_sha256"":""007a0f6d40c4f5763053f0656a9a8961bef2a93fdcf0d680038343fd899f8922"",""reified_endpoint_sha256"":""449f806c0d1e860421279be80d03331f7ad131ca9af34621cf32cc41042190d3"",""update_endpoint_sha256"":""8a607274f1b3d176dd6acfdc7381c25676b642e78d334a9664e45a2bdf3d52a0"",""base_data_identity_sha256"":""8a988dc83f4082a4f27503ba2906dc6b8733b3c02be567635c726c67bbd48314"",""reified_data_identity_sha256"":""16162702ccec82b2a0e27063cd04bd756a27af1f003b4cef0da976d843ef4725"",""update_for"":""none"",""access_mode"":""read-only"",""base_data_name"":""exploratory-base"",""reified_data_name"":""exploratory-reified"",""update_canary_sha256"":""2b9b44b25cd1c568cd57c6c5df25ae260b68229044617821fb33f542dab77648"",""store_instance_sha256"":""30e2f137e46adf31cbf946515707a3237ea7a5b1e32a4e3b81551f678798b917"",""store_discriminator_sha256"":""2e884d94ace185d62b1b91debf493ccd0a69b83d08e74cf5f1c2be4851b14215"",""tool_sha256"":""b38a65fc0c1a91e138f057f7b6c08d21c328463aceb40ffda53fc759f99d2f7a"",""java_runtime_sha256"":""bdd50c08a90e2fb713541b8a118df6250246a917edc41a6776aeafc90b472687"",""run_identity_sha256"":""1794d80d986eb14a81d1616ee93ad860ca74a8785cbde281553ab73111d0a2f1""}"
4267882342ccd9cdc5c52909b4aba296ec41092c,millenniumdb,MillenniumDB [engines.json profile],100M,M,M3,00,143c016ebb5bf4d918995fb8a8437257e0f177fb04bcef9184c9058f18f3eefa,B,base-select,ok,511051,4571.8,4531.1,4576.8,4559.9,25.1,1,3,300.0,52697720,0.0,,,,,0.01064,"[4531.085, 4571.787, 4576.776]","[0.0, 0.0, 0.0]",,[],,[],,[],r9.2-frozen-identity-v7,186b2edcb82a042187a20cec62cf4d7f5122b145b7863a7b16009137542a544f,csv-binding-multiset-v1,511051,de6ffad53375d4ea9a9f6097ea40b9a38776f47657f3922c5e08ace31556785f,,,,,,,,007a0f6d40c4f5763053f0656a9a8961bef2a93fdcf0d680038343fd899f8922,449f806c0d1e860421279be80d03331f7ad131ca9af34621cf32cc41042190d3,8a607274f1b3d176dd6acfdc7381c25676b642e78d334a9664e45a2bdf3d52a0,8a988dc83f4082a4f27503ba2906dc6b8733b3c02be567635c726c67bbd48314,16162702ccec82b2a0e27063cd04bd756a27af1f003b4cef0da976d843ef4725,none,read-only,exploratory-base,exploratory-reified,2b9b44b25cd1c568cd57c6c5df25ae260b68229044617821fb33f542dab77648,30e2f137e46adf31cbf946515707a3237ea7a5b1e32a4e3b81551f678798b917,2e884d94ace185d62b1b91debf493ccd0a69b83d08e74cf5f1c2be4851b14215,b38a65fc0c1a91e138f057f7b6c08d21c328463aceb40ffda53fc759f99d2f7a,bdd50c08a90e2fb713541b8a118df6250246a917edc41a6776aeafc90b472687,d6a87598fa81f0e3ff8500e1b3f1ef4708a32addf90e98829ef46a86e655c552,"pcm-meta-v2:{""protocol"":""r9.2-frozen-identity-v7"",""message"":"""",""cell_wall_ms"":21514.481,""answer_kind"":""csv-binding-multiset-v1"",""answer_key_count"":511051,""answer_fingerprint"":""de6ffad53375d4ea9a9f6097ea40b9a38776f47657f3922c5e08ace31556785f"",""c_parse_samples"":[0.0,0.0,0.0],""c_protocol_samples"":[],""construct_total_samples"":[],""construct_unattributed_samples"":[],""status"":""ok"",""status_evidence"":null,""construction_requested"":null,""construction_effective"":null,""commit"":""4267882342ccd9cdc5c52909b4aba296ec41092c"",""batch_id"":""186b2edcb82a042187a20cec62cf4d7f5122b145b7863a7b16009137542a544f"",""query_sha256"":""143c016ebb5bf4d918995fb8a8437257e0f177fb04bcef9184c9058f18f3eefa"",""engine"":""millenniumdb"",""engine_version"":""MillenniumDB [engines.json profile]"",""scale"":""100M"",""base_endpoint_sha256"":""007a0f6d40c4f5763053f0656a9a8961bef2a93fdcf0d680038343fd899f8922"",""reified_endpoint_sha256"":""449f806c0d1e860421279be80d03331f7ad131ca9af34621cf32cc41042190d3"",""update_endpoint_sha256"":""8a607274f1b3d176dd6acfdc7381c25676b642e78d334a9664e45a2bdf3d52a0"",""base_data_identity_sha256"":""8a988dc83f4082a4f27503ba2906dc6b8733b3c02be567635c726c67bbd48314"",""reified_data_identity_sha256"":""16162702ccec82b2a0e27063cd04bd756a27af1f003b4cef0da976d843ef4725"",""update_for"":""none"",""access_mode"":""read-only"",""base_data_name"":""exploratory-base"",""reified_data_name"":""exploratory-reified"",""update_canary_sha256"":""2b9b44b25cd1c568cd57c6c5df25ae260b68229044617821fb33f542dab77648"",""store_instance_sha256"":""30e2f137e46adf31cbf946515707a3237ea7a5b1e32a4e3b81551f678798b917"",""store_discriminator_sha256"":""2e884d94ace185d62b1b91debf493ccd0a69b83d08e74cf5f1c2be4851b14215"",""tool_sha256"":""b38a65fc0c1a91e138f057f7b6c08d21c328463aceb40ffda53fc759f99d2f7a"",""java_runtime_sha256"":""bdd50c08a90e2fb713541b8a118df6250246a917edc41a6776aeafc90b472687"",""run_identity_sha256"":""d6a87598fa81f0e3ff8500e1b3f1ef4708a32addf90e98829ef46a86e655c552""}"
4267882342ccd9cdc5c52909b4aba296ec41092c,millenniumdb,MillenniumDB [engines.json profile],100M,M,M3,00,143c016ebb5bf4d918995fb8a8437257e0f177fb04bcef9184c9058f18f3eefa,R,reification-only,ok,511051,38460.8,37899.3,41139.7,39166.6,1731.6,1,3,300.0,52697720,0.0,,,,,177.268065,"[41139.657, 38460.762, 37899.34]","[0.0, 0.0, 0.0]",,[],,[],,[],r9.2-frozen-identity-v7,186b2edcb82a042187a20cec62cf4d7f5122b145b7863a7b16009137542a544f,csv-binding-multiset-v1,511051,de6ffad53375d4ea9a9f6097ea40b9a38776f47657f3922c5e08ace31556785f,,,,,,,,007a0f6d40c4f5763053f0656a9a8961bef2a93fdcf0d680038343fd899f8922,449f806c0d1e860421279be80d03331f7ad131ca9af34621cf32cc41042190d3,8a607274f1b3d176dd6acfdc7381c25676b642e78d334a9664e45a2bdf3d52a0,8a988dc83f4082a4f27503ba2906dc6b8733b3c02be567635c726c67bbd48314,16162702ccec82b2a0e27063cd04bd756a27af1f003b4cef0da976d843ef4725,none,read-only,exploratory-base,exploratory-reified,2b9b44b25cd1c568cd57c6c5df25ae260b68229044617821fb33f542dab77648,30e2f137e46adf31cbf946515707a3237ea7a5b1e32a4e3b81551f678798b917,2e884d94ace185d62b1b91debf493ccd0a69b83d08e74cf5f1c2be4851b14215,b38a65fc0c1a91e138f057f7b6c08d21c328463aceb40ffda53fc759f99d2f7a,bdd50c08a90e2fb713541b8a118df6250246a917edc41a6776aeafc90b472687,d6a87598fa81f0e3ff8500e1b3f1ef4708a32addf90e98829ef46a86e655c552,"pcm-meta-v2:{""protocol"":""r9.2-frozen-identity-v7"",""message"":"""",""cell_wall_ms"":172266.696,""answer_kind"":""csv-binding-multiset-v1"",""answer_key_count"":511051,""answer_fingerprint"":""de6ffad53375d4ea9a9f6097ea40b9a38776f47657f3922c5e08ace31556785f"",""c_parse_samples"":[0.0,0.0,0.0],""c_protocol_samples"":[],""construct_total_samples"":[],""construct_unattributed_samples"":[],""status"":""ok"",""status_evidence"":null,""construction_requested"":null,""construction_effective"":null,""commit"":""4267882342ccd9cdc5c52909b4aba296ec41092c"",""batch_id"":""186b2edcb82a042187a20cec62cf4d7f5122b145b7863a7b16009137542a544f"",""query_sha256"":""143c016ebb5bf4d918995fb8a8437257e0f177fb04bcef9184c9058f18f3eefa"",""engine"":""millenniumdb"",""engine_version"":""MillenniumDB [engines.json profile]"",""scale"":""100M"",""base_endpoint_sha256"":""007a0f6d40c4f5763053f0656a9a8961bef2a93fdcf0d680038343fd899f8922"",""reified_endpoint_sha256"":""449f806c0d1e860421279be80d03331f7ad131ca9af34621cf32cc41042190d3"",""update_endpoint_sha256"":""8a607274f1b3d176dd6acfdc7381c25676b642e78d334a9664e45a2bdf3d52a0"",""base_data_identity_sha256"":""8a988dc83f4082a4f27503ba2906dc6b8733b3c02be567635c726c67bbd48314"",""reified_data_identity_sha256"":""16162702ccec82b2a0e27063cd04bd756a27af1f003b4cef0da976d843ef4725"",""update_for"":""none"",""access_mode"":""read-only"",""base_data_name"":""exploratory-base"",""reified_data_name"":""exploratory-reified"",""update_canary_sha256"":""2b9b44b25cd1c568cd57c6c5df25ae260b68229044617821fb33f542dab77648"",""store_instance_sha256"":""30e2f137e46adf31cbf946515707a3237ea7a5b1e32a4e3b81551f678798b917"",""store_discriminator_sha256"":""2e884d94ace185d62b1b91debf493ccd0a69b83d08e74cf5f1c2be4851b14215"",""tool_sha256"":""b38a65fc0c1a91e138f057f7b6c08d21c328463aceb40ffda53fc759f99d2f7a"",""java_runtime_sha256"":""bdd50c08a90e2fb713541b8a118df6250246a917edc41a6776aeafc90b472687"",""run_identity_sha256"":""d6a87598fa81f0e3ff8500e1b3f1ef4708a32addf90e98829ef46a86e655c552""}"
4267882342ccd9cdc5c52909b4aba296ec41092c,millenniumdb,MillenniumDB [engines.json profile],100M,M,M3,00,143c016ebb5bf4d918995fb8a8437257e0f177fb04bcef9184c9058f18f3eefa,N,N_clean (NPCS reimplementation),timeout,,,,,,,1,3,300.0,,,,,,,192.914405,[],[],,[],,[],,[],r9.2-frozen-identity-v7,186b2edcb82a042187a20cec62cf4d7f5122b145b7863a7b16009137542a544f,,,,,,,,,,,007a0f6d40c4f5763053f0656a9a8961bef2a93fdcf0d680038343fd899f8922,449f806c0d1e860421279be80d03331f7ad131ca9af34621cf32cc41042190d3,8a607274f1b3d176dd6acfdc7381c25676b642e78d334a9664e45a2bdf3d52a0,8a988dc83f4082a4f27503ba2906dc6b8733b3c02be567635c726c67bbd48314,16162702ccec82b2a0e27063cd04bd756a27af1f003b4cef0da976d843ef4725,none,read-only,exploratory-base,exploratory-reified,2b9b44b25cd1c568cd57c6c5df25ae260b68229044617821fb33f542dab77648,30e2f137e46adf31cbf946515707a3237ea7a5b1e32a4e3b81551f678798b917,2e884d94ace185d62b1b91debf493ccd0a69b83d08e74cf5f1c2be4851b14215,b38a65fc0c1a91e138f057f7b6c08d21c328463aceb40ffda53fc759f99d2f7a,bdd50c08a90e2fb713541b8a118df6250246a917edc41a6776aeafc90b472687,d6a87598fa81f0e3ff8500e1b3f1ef4708a32addf90e98829ef46a86e655c552,"pcm-meta-v2:{""protocol"":""r9.2-frozen-identity-v7"",""message"":""whole cell exceeded 300s hard deadline; worker reaped"",""cell_wall_ms"":300000.0,""c_parse_samples"":[],""c_protocol_samples"":[],""construct_total_samples"":[],""construct_unattributed_samples"":[],""status"":""timeout"",""status_evidence"":{""kind"":""hard-wall-deadline"",""message"":""whole cell exceeded 300s hard deadline; worker reaped""},""construction_requested"":null,""construction_effective"":null,""commit"":""4267882342ccd9cdc5c52909b4aba296ec41092c"",""batch_id"":""186b2edcb82a042187a20cec62cf4d7f5122b145b7863a7b16009137542a544f"",""query_sha256"":""143c016ebb5bf4d918995fb8a8437257e0f177fb04bcef9184c9058f18f3eefa"",""engine"":""millenniumdb"",""engine_version"":""MillenniumDB [engines.json profile]"",""scale"":""100M"",""base_endpoint_sha256"":""007a0f6d40c4f5763053f0656a9a8961bef2a93fdcf0d680038343fd899f8922"",""reified_endpoint_sha256"":""449f806c0d1e860421279be80d03331f7ad131ca9af34621cf32cc41042190d3"",""update_endpoint_sha256"":""8a607274f1b3d176dd6acfdc7381c25676b642e78d334a9664e45a2bdf3d52a0"",""base_data_identity_sha256"":""8a988dc83f4082a4f27503ba2906dc6b8733b3c02be567635c726c67bbd48314"",""reified_data_identity_sha256"":""16162702ccec82b2a0e27063cd04bd756a27af1f003b4cef0da976d843ef4725"",""update_for"":""none"",""access_mode"":""read-only"",""base_data_name"":""exploratory-base"",""reified_data_name"":""exploratory-reified"",""update_canary_sha256"":""2b9b44b25cd1c568cd57c6c5df25ae260b68229044617821fb33f542dab77648"",""store_instance_sha256"":""30e2f137e46adf31cbf946515707a3237ea7a5b1e32a4e3b81551f678798b917"",""store_discriminator_sha256"":""2e884d94ace185d62b1b91debf493ccd0a69b83d08e74cf5f1c2be4851b14215"",""tool_sha256"":""b38a65fc0c1a91e138f057f7b6c08d21c328463aceb40ffda53fc759f99d2f7a"",""java_runtime_sha256"":""bdd50c08a90e2fb713541b8a118df6250246a917edc41a6776aeafc90b472687"",""run_identity_sha256"":""d6a87598fa81f0e3ff8500e1b3f1ef4708a32addf90e98829ef46a86e655c552""}"
4267882342ccd9cdc5c52909b4aba296ec41092c,millenniumdb,MillenniumDB [engines.json profile],100M,M,M3,00,143c016ebb5bf4d918995fb8a8437257e0f177fb04bcef9184c9058f18f3eefa,C,SPARQLcirc CircuitRewriter,timeout,,,,,,,1,3,300.0,,,,,,,423.255235,[],[],,[],,[],,[],r9.2-frozen-identity-v7,186b2edcb82a042187a20cec62cf4d7f5122b145b7863a7b16009137542a544f,,,,,,,,,,,007a0f6d40c4f5763053f0656a9a8961bef2a93fdcf0d680038343fd899f8922,449f806c0d1e860421279be80d03331f7ad131ca9af34621cf32cc41042190d3,8a607274f1b3d176dd6acfdc7381c25676b642e78d334a9664e45a2bdf3d52a0,8a988dc83f4082a4f27503ba2906dc6b8733b3c02be567635c726c67bbd48314,16162702ccec82b2a0e27063cd04bd756a27af1f003b4cef0da976d843ef4725,none,read-only,exploratory-base,exploratory-reified,2b9b44b25cd1c568cd57c6c5df25ae260b68229044617821fb33f542dab77648,30e2f137e46adf31cbf946515707a3237ea7a5b1e32a4e3b81551f678798b917,2e884d94ace185d62b1b91debf493ccd0a69b83d08e74cf5f1c2be4851b14215,b38a65fc0c1a91e138f057f7b6c08d21c328463aceb40ffda53fc759f99d2f7a,bdd50c08a90e2fb713541b8a118df6250246a917edc41a6776aeafc90b472687,d6a87598fa81f0e3ff8500e1b3f1ef4708a32addf90e98829ef46a86e655c552,"pcm-meta-v2:{""protocol"":""r9.2-frozen-identity-v7"",""message"":""whole cell exceeded 300s hard deadline; worker reaped"",""cell_wall_ms"":300000.0,""c_parse_samples"":[],""c_protocol_samples"":[],""construct_total_samples"":[],""construct_unattributed_samples"":[],""status"":""timeout"",""status_evidence"":{""kind"":""hard-wall-deadline"",""message"":""whole cell exceeded 300s hard deadline; worker reaped""},""construction_requested"":null,""construction_effective"":null,""commit"":""4267882342ccd9cdc5c52909b4aba296ec41092c"",""batch_id"":""186b2edcb82a042187a20cec62cf4d7f5122b145b7863a7b16009137542a544f"",""query_sha256"":""143c016ebb5bf4d918995fb8a8437257e0f177fb04bcef9184c9058f18f3eefa"",""engine"":""millenniumdb"",""engine_version"":""MillenniumDB [engines.json profile]"",""scale"":""100M"",""base_endpoint_sha256"":""007a0f6d40c4f5763053f0656a9a8961bef2a93fdcf0d680038343fd899f8922"",""reified_endpoint_sha256"":""449f806c0d1e860421279be80d03331f7ad131ca9af34621cf32cc41042190d3"",""update_endpoint_sha256"":""8a607274f1b3d176dd6acfdc7381c25676b642e78d334a9664e45a2bdf3d52a0"",""base_data_identity_sha256"":""8a988dc83f4082a4f27503ba2906dc6b8733b3c02be567635c726c67bbd48314"",""reified_data_identity_sha256"":""16162702ccec82b2a0e27063cd04bd756a27af1f003b4cef0da976d843ef4725"",""update_for"":""none"",""access_mode"":""read-only"",""base_data_name"":""exploratory-base"",""reified_data_name"":""exploratory-reified"",""update_canary_sha256"":""2b9b44b25cd1c568cd57c6c5df25ae260b68229044617821fb33f542dab77648"",""store_instance_sha256"":""30e2f137e46adf31cbf946515707a3237ea7a5b1e32a4e3b81551f678798b917"",""store_discriminator_sha256"":""2e884d94ace185d62b1b91debf493ccd0a69b83d08e74cf5f1c2be4851b14215"",""tool_sha256"":""b38a65fc0c1a91e138f057f7b6c08d21c328463aceb40ffda53fc759f99d2f7a"",""java_runtime_sha256"":""bdd50c08a90e2fb713541b8a118df6250246a917edc41a6776aeafc90b472687"",""run_identity_sha256"":""d6a87598fa81f0e3ff8500e1b3f1ef4708a32addf90e98829ef46a86e655c552""}"
4267882342ccd9cdc5c52909b4aba296ec41092c,millenniumdb,MillenniumDB [engines.json profile],100M,M,M4,00,3fb5f004cde33422716d95d5c5cbacb234aca04af540babdfc6cd8420a43d11d,B,base-select,ok,903769,9949.0,9904.3,10314.6,10056.0,225.1,1,3,300.0,92301662,0.0,,,,,0.0084,"[10314.62, 9904.303, 9949.04]","[0.0, 0.0, 0.0]",,[],,[],,[],r9.2-frozen-identity-v7,186b2edcb82a042187a20cec62cf4d7f5122b145b7863a7b16009137542a544f,csv-binding-multiset-v1,903769,b5664d35e31c4988ff1381a82ce266caa3901085df44d1b7e828f8998f24477b,,,,,,,,007a0f6d40c4f5763053f0656a9a8961bef2a93fdcf0d680038343fd899f8922,449f806c0d1e860421279be80d03331f7ad131ca9af34621cf32cc41042190d3,8a607274f1b3d176dd6acfdc7381c25676b642e78d334a9664e45a2bdf3d52a0,8a988dc83f4082a4f27503ba2906dc6b8733b3c02be567635c726c67bbd48314,16162702ccec82b2a0e27063cd04bd756a27af1f003b4cef0da976d843ef4725,none,read-only,exploratory-base,exploratory-reified,2b9b44b25cd1c568cd57c6c5df25ae260b68229044617821fb33f542dab77648,30e2f137e46adf31cbf946515707a3237ea7a5b1e32a4e3b81551f678798b917,2e884d94ace185d62b1b91debf493ccd0a69b83d08e74cf5f1c2be4851b14215,b38a65fc0c1a91e138f057f7b6c08d21c328463aceb40ffda53fc759f99d2f7a,bdd50c08a90e2fb713541b8a118df6250246a917edc41a6776aeafc90b472687,f8d7d940b8919c31af14267b7b56263ee645ffc709a85f3c230327d4857d54ef,"pcm-meta-v2:{""protocol"":""r9.2-frozen-identity-v7"",""message"":"""",""cell_wall_ms"":50607.151,""answer_kind"":""csv-binding-multiset-v1"",""answer_key_count"":903769,""answer_fingerprint"":""b5664d35e31c4988ff1381a82ce266caa3901085df44d1b7e828f8998f24477b"",""c_parse_samples"":[0.0,0.0,0.0],""c_protocol_samples"":[],""construct_total_samples"":[],""construct_unattributed_samples"":[],""status"":""ok"",""status_evidence"":null,""construction_requested"":null,""construction_effective"":null,""commit"":""4267882342ccd9cdc5c52909b4aba296ec41092c"",""batch_id"":""186b2edcb82a042187a20cec62cf4d7f5122b145b7863a7b16009137542a544f"",""query_sha256"":""3fb5f004cde33422716d95d5c5cbacb234aca04af540babdfc6cd8420a43d11d"",""engine"":""millenniumdb"",""engine_version"":""MillenniumDB [engines.json profile]"",""scale"":""100M"",""base_endpoint_sha256"":""007a0f6d40c4f5763053f0656a9a8961bef2a93fdcf0d680038343fd899f8922"",""reified_endpoint_sha256"":""449f806c0d1e860421279be80d03331f7ad131ca9af34621cf32cc41042190d3"",""update_endpoint_sha256"":""8a607274f1b3d176dd6acfdc7381c25676b642e78d334a9664e45a2bdf3d52a0"",""base_data_identity_sha256"":""8a988dc83f4082a4f27503ba2906dc6b8733b3c02be567635c726c67bbd48314"",""reified_data_identity_sha256"":""16162702ccec82b2a0e27063cd04bd756a27af1f003b4cef0da976d843ef4725"",""update_for"":""none"",""access_mode"":""read-only"",""base_data_name"":""exploratory-base"",""reified_data_name"":""exploratory-reified"",""update_canary_sha256"":""2b9b44b25cd1c568cd57c6c5df25ae260b68229044617821fb33f542dab77648"",""store_instance_sha256"":""30e2f137e46adf31cbf946515707a3237ea7a5b1e32a4e3b81551f678798b917"",""store_discriminator_sha256"":""2e884d94ace185d62b1b91debf493ccd0a69b83d08e74cf5f1c2be4851b14215"",""tool_sha256"":""b38a65fc0c1a91e138f057f7b6c08d21c328463aceb40ffda53fc759f99d2f7a"",""java_runtime_sha256"":""bdd50c08a90e2fb713541b8a118df6250246a917edc41a6776aeafc90b472687"",""run_identity_sha256"":""f8d7d940b8919c31af14267b7b56263ee645ffc709a85f3c230327d4857d54ef""}"
4267882342ccd9cdc5c52909b4aba296ec41092c,millenniumdb,MillenniumDB [engines.json profile],100M,M,M4,00,3fb5f004cde33422716d95d5c5cbacb234aca04af540babdfc6cd8420a43d11d,R,reification-only,ok,903769,51742.5,50299.8,52740.2,51594.2,1227.0,1,3,300.0,92301662,0.0,,,,,174.293606,"[50299.786, 52740.222, 51742.544]","[0.0, 0.0, 0.0]",,[],,[],,[],r9.2-frozen-identity-v7,186b2edcb82a042187a20cec62cf4d7f5122b145b7863a7b16009137542a544f,csv-binding-multiset-v1,903769,b5664d35e31c4988ff1381a82ce266caa3901085df44d1b7e828f8998f24477b,,,,,,,,007a0f6d40c4f5763053f0656a9a8961bef2a93fdcf0d680038343fd899f8922,449f806c0d1e860421279be80d03331f7ad131ca9af34621cf32cc41042190d3,8a607274f1b3d176dd6acfdc7381c25676b642e78d334a9664e45a2bdf3d52a0,8a988dc83f4082a4f27503ba2906dc6b8733b3c02be567635c726c67bbd48314,16162702ccec82b2a0e27063cd04bd756a27af1f003b4cef0da976d843ef4725,none,read-only,exploratory-base,exploratory-reified,2b9b44b25cd1c568cd57c6c5df25ae260b68229044617821fb33f542dab77648,30e2f137e46adf31cbf946515707a3237ea7a5b1e32a4e3b81551f678798b917,2e884d94ace185d62b1b91debf493ccd0a69b83d08e74cf5f1c2be4851b14215,b38a65fc0c1a91e138f057f7b6c08d21c328463aceb40ffda53fc759f99d2f7a,bdd50c08a90e2fb713541b8a118df6250246a917edc41a6776aeafc90b472687,f8d7d940b8919c31af14267b7b56263ee645ffc709a85f3c230327d4857d54ef,"pcm-meta-v2:{""protocol"":""r9.2-frozen-identity-v7"",""message"":"""",""cell_wall_ms"":227629.843,""answer_kind"":""csv-binding-multiset-v1"",""answer_key_count"":903769,""answer_fingerprint"":""b5664d35e31c4988ff1381a82ce266caa3901085df44d1b7e828f8998f24477b"",""c_parse_samples"":[0.0,0.0,0.0],""c_protocol_samples"":[],""construct_total_samples"":[],""construct_unattributed_samples"":[],""status"":""ok"",""status_evidence"":null,""construction_requested"":null,""construction_effective"":null,""commit"":""4267882342ccd9cdc5c52909b4aba296ec41092c"",""batch_id"":""186b2edcb82a042187a20cec62cf4d7f5122b145b7863a7b16009137542a544f"",""query_sha256"":""3fb5f004cde33422716d95d5c5cbacb234aca04af540babdfc6cd8420a43d11d"",""engine"":""millenniumdb"",""engine_version"":""MillenniumDB [engines.json profile]"",""scale"":""100M"",""base_endpoint_sha256"":""007a0f6d40c4f5763053f0656a9a8961bef2a93fdcf0d680038343fd899f8922"",""reified_endpoint_sha256"":""449f806c0d1e860421279be80d03331f7ad131ca9af34621cf32cc41042190d3"",""update_endpoint_sha256"":""8a607274f1b3d176dd6acfdc7381c25676b642e78d334a9664e45a2bdf3d52a0"",""base_data_identity_sha256"":""8a988dc83f4082a4f27503ba2906dc6b8733b3c02be567635c726c67bbd48314"",""reified_data_identity_sha256"":""16162702ccec82b2a0e27063cd04bd756a27af1f003b4cef0da976d843ef4725"",""update_for"":""none"",""access_mode"":""read-only"",""base_data_name"":""exploratory-base"",""reified_data_name"":""exploratory-reified"",""update_canary_sha256"":""2b9b44b25cd1c568cd57c6c5df25ae260b68229044617821fb33f542dab77648"",""store_instance_sha256"":""30e2f137e46adf31cbf946515707a3237ea7a5b1e32a4e3b81551f678798b917"",""store_discriminator_sha256"":""2e884d94ace185d62b1b91debf493ccd0a69b83d08e74cf5f1c2be4851b14215"",""tool_sha256"":""b38a65fc0c1a91e138f057f7b6c08d21c328463aceb40ffda53fc759f99d2f7a"",""java_runtime_sha256"":""bdd50c08a90e2fb713541b8a118df6250246a917edc41a6776aeafc90b472687"",""run_identity_sha256"":""f8d7d940b8919c31af14267b7b56263ee645ffc709a85f3c230327d4857d54ef""}"
4267882342ccd9cdc5c52909b4aba296ec41092c,millenniumdb,MillenniumDB [engines.json profile],100M,M,M4,00,3fb5f004cde33422716d95d5c5cbacb234aca04af540babdfc6cd8420a43d11d,N,N_clean (NPCS reimplementation),timeout,,,,,,,1,3,300.0,,,,,,,199.447055,[],[],,[],,[],,[],r9.2-frozen-identity-v7,186b2edcb82a042187a20cec62cf4d7f5122b145b7863a7b16009137542a544f,,,,,,,,,,,007a0f6d40c4f5763053f0656a9a8961bef2a93fdcf0d680038343fd899f8922,449f806c0d1e860421279be80d03331f7ad131ca9af34621cf32cc41042190d3,8a607274f1b3d176dd6acfdc7381c25676b642e78d334a9664e45a2bdf3d52a0,8a988dc83f4082a4f27503ba2906dc6b8733b3c02be567635c726c67bbd48314,16162702ccec82b2a0e27063cd04bd756a27af1f003b4cef0da976d843ef4725,none,read-only,exploratory-base,exploratory-reified,2b9b44b25cd1c568cd57c6c5df25ae260b68229044617821fb33f542dab77648,30e2f137e46adf31cbf946515707a3237ea7a5b1e32a4e3b81551f678798b917,2e884d94ace185d62b1b91debf493ccd0a69b83d08e74cf5f1c2be4851b14215,b38a65fc0c1a91e138f057f7b6c08d21c328463aceb40ffda53fc759f99d2f7a,bdd50c08a90e2fb713541b8a118df6250246a917edc41a6776aeafc90b472687,f8d7d940b8919c31af14267b7b56263ee645ffc709a85f3c230327d4857d54ef,"pcm-meta-v2:{""protocol"":""r9.2-frozen-identity-v7"",""message"":""whole cell exceeded 300s hard deadline; worker reaped"",""cell_wall_ms"":300000.0,""c_parse_samples"":[],""c_protocol_samples"":[],""construct_total_samples"":[],""construct_unattributed_samples"":[],""status"":""timeout"",""status_evidence"":{""kind"":""hard-wall-deadline"",""message"":""whole cell exceeded 300s hard deadline; worker reaped""},""construction_requested"":null,""construction_effective"":null,""commit"":""4267882342ccd9cdc5c52909b4aba296ec41092c"",""batch_id"":""186b2edcb82a042187a20cec62cf4d7f5122b145b7863a7b16009137542a544f"",""query_sha256"":""3fb5f004cde33422716d95d5c5cbacb234aca04af540babdfc6cd8420a43d11d"",""engine"":""millenniumdb"",""engine_version"":""MillenniumDB [engines.json profile]"",""scale"":""100M"",""base_endpoint_sha256"":""007a0f6d40c4f5763053f0656a9a8961bef2a93fdcf0d680038343fd899f8922"",""reified_endpoint_sha256"":""449f806c0d1e860421279be80d03331f7ad131ca9af34621cf32cc41042190d3"",""update_endpoint_sha256"":""8a607274f1b3d176dd6acfdc7381c25676b642e78d334a9664e45a2bdf3d52a0"",""base_data_identity_sha256"":""8a988dc83f4082a4f27503ba2906dc6b8733b3c02be567635c726c67bbd48314"",""reified_data_identity_sha256"":""16162702ccec82b2a0e27063cd04bd756a27af1f003b4cef0da976d843ef4725"",""update_for"":""none"",""access_mode"":""read-only"",""base_data_name"":""exploratory-base"",""reified_data_name"":""exploratory-reified"",""update_canary_sha256"":""2b9b44b25cd1c568cd57c6c5df25ae260b68229044617821fb33f542dab77648"",""store_instance_sha256"":""30e2f137e46adf31cbf946515707a3237ea7a5b1e32a4e3b81551f678798b917"",""store_discriminator_sha256"":""2e884d94ace185d62b1b91debf493ccd0a69b83d08e74cf5f1c2be4851b14215"",""tool_sha256"":""b38a65fc0c1a91e138f057f7b6c08d21c328463aceb40ffda53fc759f99d2f7a"",""java_runtime_sha256"":""bdd50c08a90e2fb713541b8a118df6250246a917edc41a6776aeafc90b472687"",""run_identity_sha256"":""f8d7d940b8919c31af14267b7b56263ee645ffc709a85f3c230327d4857d54ef""}"
4267882342ccd9cdc5c52909b4aba296ec41092c,millenniumdb,MillenniumDB [engines.json profile],100M,M,M4,00,3fb5f004cde33422716d95d5c5cbacb234aca04af540babdfc6cd8420a43d11d,C,SPARQLcirc CircuitRewriter,timeout,,,,,,,1,3,300.0,,,,,,,384.204937,[],[],,[],,[],,[],r9.2-frozen-identity-v7,186b2edcb82a042187a20cec62cf4d7f5122b145b7863a7b16009137542a544f,,,,,,,,,,,007a0f6d40c4f5763053f0656a9a8961bef2a93fdcf0d680038343fd899f8922,449f806c0d1e860421279be80d03331f7ad131ca9af34621cf32cc41042190d3,8a607274f1b3d176dd6acfdc7381c25676b642e78d334a9664e45a2bdf3d52a0,8a988dc83f4082a4f27503ba2906dc6b8733b3c02be567635c726c67bbd48314,16162702ccec82b2a0e27063cd04bd756a27af1f003b4cef0da976d843ef4725,none,read-only,exploratory-base,exploratory-reified,2b9b44b25cd1c568cd57c6c5df25ae260b68229044617821fb33f542dab77648,30e2f137e46adf31cbf946515707a3237ea7a5b1e32a4e3b81551f678798b917,2e884d94ace185d62b1b91debf493ccd0a69b83d08e74cf5f1c2be4851b14215,b38a65fc0c1a91e138f057f7b6c08d21c328463aceb40ffda53fc759f99d2f7a,bdd50c08a90e2fb713541b8a118df6250246a917edc41a6776aeafc90b472687,f8d7d940b8919c31af14267b7b56263ee645ffc709a85f3c230327d4857d54ef,"pcm-meta-v2:{""protocol"":""r9.2-frozen-identity-v7"",""message"":""whole cell exceeded 300s hard deadline; worker reaped"",""cell_wall_ms"":300000.0,""c_parse_samples"":[],""c_protocol_samples"":[],""construct_total_samples"":[],""construct_unattributed_samples"":[],""status"":""timeout"",""status_evidence"":{""kind"":""hard-wall-deadline"",""message"":""whole cell exceeded 300s hard deadline; worker reaped""},""construction_requested"":null,""construction_effective"":null,""commit"":""4267882342ccd9cdc5c52909b4aba296ec41092c"",""batch_id"":""186b2edcb82a042187a20cec62cf4d7f5122b145b7863a7b16009137542a544f"",""query_sha256"":""3fb5f004cde33422716d95d5c5cbacb234aca04af540babdfc6cd8420a43d11d"",""engine"":""millenniumdb"",""engine_version"":""MillenniumDB [engines.json profile]"",""scale"":""100M"",""base_endpoint_sha256"":""007a0f6d40c4f5763053f0656a9a8961bef2a93fdcf0d680038343fd899f8922"",""reified_endpoint_sha256"":""449f806c0d1e860421279be80d03331f7ad131ca9af34621cf32cc41042190d3"",""update_endpoint_sha256"":""8a607274f1b3d176dd6acfdc7381c25676b642e78d334a9664e45a2bdf3d52a0"",""base_data_identity_sha256"":""8a988dc83f4082a4f27503ba2906dc6b8733b3c02be567635c726c67bbd48314"",""reified_data_identity_sha256"":""16162702ccec82b2a0e27063cd04bd756a27af1f003b4cef0da976d843ef4725"",""update_for"":""none"",""access_mode"":""read-only"",""base_data_name"":""exploratory-base"",""reified_data_name"":""exploratory-reified"",""update_canary_sha256"":""2b9b44b25cd1c568cd57c6c5df25ae260b68229044617821fb33f542dab77648"",""store_instance_sha256"":""30e2f137e46adf31cbf946515707a3237ea7a5b1e32a4e3b81551f678798b917"",""store_discriminator_sha256"":""2e884d94ace185d62b1b91debf493ccd0a69b83d08e74cf5f1c2be4851b14215"",""tool_sha256"":""b38a65fc0c1a91e138f057f7b6c08d21c328463aceb40ffda53fc759f99d2f7a"",""java_runtime_sha256"":""bdd50c08a90e2fb713541b8a118df6250246a917edc41a6776aeafc90b472687"",""run_identity_sha256"":""f8d7d940b8919c31af14267b7b56263ee645ffc709a85f3c230327d4857d54ef""}"
4267882342ccd9cdc5c52909b4aba296ec41092c,millenniumdb,MillenniumDB [engines.json profile],100M,M,M5,00,dbc6ab431c394a25feca14ac948b1ff1ee2c7bd219d3350f64cbec9447ef0e16,B,base-select,ok,896707,8037.9,8016.9,8374.0,8142.9,200.4,1,3,300.0,89112561,0.0,,,,,0.01091,"[8016.921, 8037.865, 8374.026]","[0.0, 0.0, 0.0]",,[],,[],,[],r9.2-frozen-identity-v7,186b2edcb82a042187a20cec62cf4d7f5122b145b7863a7b16009137542a544f,csv-binding-multiset-v1,896707,72a402d9e37a9a17b19f1da8a2a0fe8c7507f4413df2e2f959ba07b2d2c18fe6,,,,,,,,007a0f6d40c4f5763053f0656a9a8961bef2a93fdcf0d680038343fd899f8922,449f806c0d1e860421279be80d03331f7ad131ca9af34621cf32cc41042190d3,8a607274f1b3d176dd6acfdc7381c25676b642e78d334a9664e45a2bdf3d52a0,8a988dc83f4082a4f27503ba2906dc6b8733b3c02be567635c726c67bbd48314,16162702ccec82b2a0e27063cd04bd756a27af1f003b4cef0da976d843ef4725,none,read-only,exploratory-base,exploratory-reified,2b9b44b25cd1c568cd57c6c5df25ae260b68229044617821fb33f542dab77648,30e2f137e46adf31cbf946515707a3237ea7a5b1e32a4e3b81551f678798b917,2e884d94ace185d62b1b91debf493ccd0a69b83d08e74cf5f1c2be4851b14215,b38a65fc0c1a91e138f057f7b6c08d21c328463aceb40ffda53fc759f99d2f7a,bdd50c08a90e2fb713541b8a118df6250246a917edc41a6776aeafc90b472687,9c394b9ae8f86f7719d6e7943d862b2599538c0d6247f1690ee5e453bff93efc,"pcm-meta-v2:{""protocol"":""r9.2-frozen-identity-v7"",""message"":"""",""cell_wall_ms"":45445.688,""answer_kind"":""csv-binding-multiset-v1"",""answer_key_count"":896707,""answer_fingerprint"":""72a402d9e37a9a17b19f1da8a2a0fe8c7507f4413df2e2f959ba07b2d2c18fe6"",""c_parse_samples"":[0.0,0.0,0.0],""c_protocol_samples"":[],""construct_total_samples"":[],""construct_unattributed_samples"":[],""status"":""ok"",""status_evidence"":null,""construction_requested"":null,""construction_effective"":null,""commit"":""4267882342ccd9cdc5c52909b4aba296ec41092c"",""batch_id"":""186b2edcb82a042187a20cec62cf4d7f5122b145b7863a7b16009137542a544f"",""query_sha256"":""dbc6ab431c394a25feca14ac948b1ff1ee2c7bd219d3350f64cbec9447ef0e16"",""engine"":""millenniumdb"",""engine_version"":""MillenniumDB [engines.json profile]"",""scale"":""100M"",""base_endpoint_sha256"":""007a0f6d40c4f5763053f0656a9a8961bef2a93fdcf0d680038343fd899f8922"",""reified_endpoint_sha256"":""449f806c0d1e860421279be80d03331f7ad131ca9af34621cf32cc41042190d3"",""update_endpoint_sha256"":""8a607274f1b3d176dd6acfdc7381c25676b642e78d334a9664e45a2bdf3d52a0"",""base_data_identity_sha256"":""8a988dc83f4082a4f27503ba2906dc6b8733b3c02be567635c726c67bbd48314"",""reified_data_identity_sha256"":""16162702ccec82b2a0e27063cd04bd756a27af1f003b4cef0da976d843ef4725"",""update_for"":""none"",""access_mode"":""read-only"",""base_data_name"":""exploratory-base"",""reified_data_name"":""exploratory-reified"",""update_canary_sha256"":""2b9b44b25cd1c568cd57c6c5df25ae260b68229044617821fb33f542dab77648"",""store_instance_sha256"":""30e2f137e46adf31cbf946515707a3237ea7a5b1e32a4e3b81551f678798b917"",""store_discriminator_sha256"":""2e884d94ace185d62b1b91debf493ccd0a69b83d08e74cf5f1c2be4851b14215"",""tool_sha256"":""b38a65fc0c1a91e138f057f7b6c08d21c328463aceb40ffda53fc759f99d2f7a"",""java_runtime_sha256"":""bdd50c08a90e2fb713541b8a118df6250246a917edc41a6776aeafc90b472687"",""run_identity_sha256"":""9c394b9ae8f86f7719d6e7943d862b2599538c0d6247f1690ee5e453bff93efc""}"
4267882342ccd9cdc5c52909b4aba296ec41092c,millenniumdb,MillenniumDB [engines.json profile],100M,M,M5,00,dbc6ab431c394a25feca14ac948b1ff1ee2c7bd219d3350f64cbec9447ef0e16,R,reification-only,ok,896707,36360.4,35316.8,50698.0,40791.8,8594.9,1,3,300.0,89112561,0.0,,,,,162.342553,"[36360.431, 50697.998, 35316.832]","[0.0, 0.0, 0.0]",,[],,[],,[],r9.2-frozen-identity-v7,186b2edcb82a042187a20cec62cf4d7f5122b145b7863a7b16009137542a544f,csv-binding-multiset-v1,896707,72a402d9e37a9a17b19f1da8a2a0fe8c7507f4413df2e2f959ba07b2d2c18fe6,,,,,,,,007a0f6d40c4f5763053f0656a9a8961bef2a93fdcf0d680038343fd899f8922,449f806c0d1e860421279be80d03331f7ad131ca9af34621cf32cc41042190d3,8a607274f1b3d176dd6acfdc7381c25676b642e78d334a9664e45a2bdf3d52a0,8a988dc83f4082a4f27503ba2906dc6b8733b3c02be567635c726c67bbd48314,16162702ccec82b2a0e27063cd04bd756a27af1f003b4cef0da976d843ef4725,none,read-only,exploratory-base,exploratory-reified,2b9b44b25cd1c568cd57c6c5df25ae260b68229044617821fb33f542dab77648,30e2f137e46adf31cbf946515707a3237ea7a5b1e32a4e3b81551f678798b917,2e884d94ace185d62b1b91debf493ccd0a69b83d08e74cf5f1c2be4851b14215,b38a65fc0c1a91e138f057f7b6c08d21c328463aceb40ffda53fc759f99d2f7a,bdd50c08a90e2fb713541b8a118df6250246a917edc41a6776aeafc90b472687,9c394b9ae8f86f7719d6e7943d862b2599538c0d6247f1690ee5e453bff93efc,"pcm-meta-v2:{""protocol"":""r9.2-frozen-identity-v7"",""message"":"""",""cell_wall_ms"":184253.835,""answer_kind"":""csv-binding-multiset-v1"",""answer_key_count"":896707,""answer_fingerprint"":""72a402d9e37a9a17b19f1da8a2a0fe8c7507f4413df2e2f959ba07b2d2c18fe6"",""c_parse_samples"":[0.0,0.0,0.0],""c_protocol_samples"":[],""construct_total_samples"":[],""construct_unattributed_samples"":[],""status"":""ok"",""status_evidence"":null,""construction_requested"":null,""construction_effective"":null,""commit"":""4267882342ccd9cdc5c52909b4aba296ec41092c"",""batch_id"":""186b2edcb82a042187a20cec62cf4d7f5122b145b7863a7b16009137542a544f"",""query_sha256"":""dbc6ab431c394a25feca14ac948b1ff1ee2c7bd219d3350f64cbec9447ef0e16"",""engine"":""millenniumdb"",""engine_version"":""MillenniumDB [engines.json profile]"",""scale"":""100M"",""base_endpoint_sha256"":""007a0f6d40c4f5763053f0656a9a8961bef2a93fdcf0d680038343fd899f8922"",""reified_endpoint_sha256"":""449f806c0d1e860421279be80d03331f7ad131ca9af34621cf32cc41042190d3"",""update_endpoint_sha256"":""8a607274f1b3d176dd6acfdc7381c25676b642e78d334a9664e45a2bdf3d52a0"",""base_data_identity_sha256"":""8a988dc83f4082a4f27503ba2906dc6b8733b3c02be567635c726c67bbd48314"",""reified_data_identity_sha256"":""16162702ccec82b2a0e27063cd04bd756a27af1f003b4cef0da976d843ef4725"",""update_for"":""none"",""access_mode"":""read-only"",""base_data_name"":""exploratory-base"",""reified_data_name"":""exploratory-reified"",""update_canary_sha256"":""2b9b44b25cd1c568cd57c6c5df25ae260b68229044617821fb33f542dab77648"",""store_instance_sha256"":""30e2f137e46adf31cbf946515707a3237ea7a5b1e32a4e3b81551f678798b917"",""store_discriminator_sha256"":""2e884d94ace185d62b1b91debf493ccd0a69b83d08e74cf5f1c2be4851b14215"",""tool_sha256"":""b38a65fc0c1a91e138f057f7b6c08d21c328463aceb40ffda53fc759f99d2f7a"",""java_runtime_sha256"":""bdd50c08a90e2fb713541b8a118df6250246a917edc41a6776aeafc90b472687"",""run_identity_sha256"":""9c394b9ae8f86f7719d6e7943d862b2599538c0d6247f1690ee5e453bff93efc""}"
4267882342ccd9cdc5c52909b4aba296ec41092c,millenniumdb,MillenniumDB [engines.json profile],100M,M,M5,00,dbc6ab431c394a25feca14ac948b1ff1ee2c7bd219d3350f64cbec9447ef0e16,N,N_clean (NPCS reimplementation),timeout,,,,,,,1,3,300.0,,,,,,,197.146433,[],[],,[],,[],,[],r9.2-frozen-identity-v7,186b2edcb82a042187a20cec62cf4d7f5122b145b7863a7b16009137542a544f,,,,,,,,,,,007a0f6d40c4f5763053f0656a9a8961bef2a93fdcf0d680038343fd899f8922,449f806c0d1e860421279be80d03331f7ad131ca9af34621cf32cc41042190d3,8a607274f1b3d176dd6acfdc7381c25676b642e78d334a9664e45a2bdf3d52a0,8a988dc83f4082a4f27503ba2906dc6b8733b3c02be567635c726c67bbd48314,16162702ccec82b2a0e27063cd04bd756a27af1f003b4cef0da976d843ef4725,none,read-only,exploratory-base,exploratory-reified,2b9b44b25cd1c568cd57c6c5df25ae260b68229044617821fb33f542dab77648,30e2f137e46adf31cbf946515707a3237ea7a5b1e32a4e3b81551f678798b917,2e884d94ace185d62b1b91debf493ccd0a69b83d08e74cf5f1c2be4851b14215,b38a65fc0c1a91e138f057f7b6c08d21c328463aceb40ffda53fc759f99d2f7a,bdd50c08a90e2fb713541b8a118df6250246a917edc41a6776aeafc90b472687,9c394b9ae8f86f7719d6e7943d862b2599538c0d6247f1690ee5e453bff93efc,"pcm-meta-v2:{""protocol"":""r9.2-frozen-identity-v7"",""message"":""whole cell exceeded 300s hard deadline; worker reaped"",""cell_wall_ms"":300000.0,""c_parse_samples"":[],""c_protocol_samples"":[],""construct_total_samples"":[],""construct_unattributed_samples"":[],""status"":""timeout"",""status_evidence"":{""kind"":""hard-wall-deadline"",""message"":""whole cell exceeded 300s hard deadline; worker reaped""},""construction_requested"":null,""construction_effective"":null,""commit"":""4267882342ccd9cdc5c52909b4aba296ec41092c"",""batch_id"":""186b2edcb82a042187a20cec62cf4d7f5122b145b7863a7b16009137542a544f"",""query_sha256"":""dbc6ab431c394a25feca14ac948b1ff1ee2c7bd219d3350f64cbec9447ef0e16"",""engine"":""millenniumdb"",""engine_version"":""MillenniumDB [engines.json profile]"",""scale"":""100M"",""base_endpoint_sha256"":""007a0f6d40c4f5763053f0656a9a8961bef2a93fdcf0d680038343fd899f8922"",""reified_endpoint_sha256"":""449f806c0d1e860421279be80d03331f7ad131ca9af34621cf32cc41042190d3"",""update_endpoint_sha256"":""8a607274f1b3d176dd6acfdc7381c25676b642e78d334a9664e45a2bdf3d52a0"",""base_data_identity_sha256"":""8a988dc83f4082a4f27503ba2906dc6b8733b3c02be567635c726c67bbd48314"",""reified_data_identity_sha256"":""16162702ccec82b2a0e27063cd04bd756a27af1f003b4cef0da976d843ef4725"",""update_for"":""none"",""access_mode"":""read-only"",""base_data_name"":""exploratory-base"",""reified_data_name"":""exploratory-reified"",""update_canary_sha256"":""2b9b44b25cd1c568cd57c6c5df25ae260b68229044617821fb33f542dab77648"",""store_instance_sha256"":""30e2f137e46adf31cbf946515707a3237ea7a5b1e32a4e3b81551f678798b917"",""store_discriminator_sha256"":""2e884d94ace185d62b1b91debf493ccd0a69b83d08e74cf5f1c2be4851b14215"",""tool_sha256"":""b38a65fc0c1a91e138f057f7b6c08d21c328463aceb40ffda53fc759f99d2f7a"",""java_runtime_sha256"":""bdd50c08a90e2fb713541b8a118df6250246a917edc41a6776aeafc90b472687"",""run_identity_sha256"":""9c394b9ae8f86f7719d6e7943d862b2599538c0d6247f1690ee5e453bff93efc""}"
4267882342ccd9cdc5c52909b4aba296ec41092c,millenniumdb,MillenniumDB [engines.json profile],100M,M,M5,00,dbc6ab431c394a25feca14ac948b1ff1ee2c7bd219d3350f64cbec9447ef0e16,C,SPARQLcirc CircuitRewriter,timeout,,,,,,,1,3,300.0,,,,,,,391.480692,[],[],,[],,[],,[],r9.2-frozen-identity-v7,186b2edcb82a042187a20cec62cf4d7f5122b145b7863a7b16009137542a544f,,,,,,,,,,,007a0f6d40c4f5763053f0656a9a8961bef2a93fdcf0d680038343fd899f8922,449f806c0d1e860421279be80d03331f7ad131ca9af34621cf32cc41042190d3,8a607274f1b3d176dd6acfdc7381c25676b642e78d334a9664e45a2bdf3d52a0,8a988dc83f4082a4f27503ba2906dc6b8733b3c02be567635c726c67bbd48314,16162702ccec82b2a0e27063cd04bd756a27af1f003b4cef0da976d843ef4725,none,read-only,exploratory-base,exploratory-reified,2b9b44b25cd1c568cd57c6c5df25ae260b68229044617821fb33f542dab77648,30e2f137e46adf31cbf946515707a3237ea7a5b1e32a4e3b81551f678798b917,2e884d94ace185d62b1b91debf493ccd0a69b83d08e74cf5f1c2be4851b14215,b38a65fc0c1a91e138f057f7b6c08d21c328463aceb40ffda53fc759f99d2f7a,bdd50c08a90e2fb713541b8a118df6250246a917edc41a6776aeafc90b472687,9c394b9ae8f86f7719d6e7943d862b2599538c0d6247f1690ee5e453bff93efc,"pcm-meta-v2:{""protocol"":""r9.2-frozen-identity-v7"",""message"":""whole cell exceeded 300s hard deadline; worker reaped"",""cell_wall_ms"":300000.0,""c_parse_samples"":[],""c_protocol_samples"":[],""construct_total_samples"":[],""construct_unattributed_samples"":[],""status"":""timeout"",""status_evidence"":{""kind"":""hard-wall-deadline"",""message"":""whole cell exceeded 300s hard deadline; worker reaped""},""construction_requested"":null,""construction_effective"":null,""commit"":""4267882342ccd9cdc5c52909b4aba296ec41092c"",""batch_id"":""186b2edcb82a042187a20cec62cf4d7f5122b145b7863a7b16009137542a544f"",""query_sha256"":""dbc6ab431c394a25feca14ac948b1ff1ee2c7bd219d3350f64cbec9447ef0e16"",""engine"":""millenniumdb"",""engine_version"":""MillenniumDB [engines.json profile]"",""scale"":""100M"",""base_endpoint_sha256"":""007a0f6d40c4f5763053f0656a9a8961bef2a93fdcf0d680038343fd899f8922"",""reified_endpoint_sha256"":""449f806c0d1e860421279be80d03331f7ad131ca9af34621cf32cc41042190d3"",""update_endpoint_sha256"":""8a607274f1b3d176dd6acfdc7381c25676b642e78d334a9664e45a2bdf3d52a0"",""base_data_identity_sha256"":""8a988dc83f4082a4f27503ba2906dc6b8733b3c02be567635c726c67bbd48314"",""reified_data_identity_sha256"":""16162702ccec82b2a0e27063cd04bd756a27af1f003b4cef0da976d843ef4725"",""update_for"":""none"",""access_mode"":""read-only"",""base_data_name"":""exploratory-base"",""reified_data_name"":""exploratory-reified"",""update_canary_sha256"":""2b9b44b25cd1c568cd57c6c5df25ae260b68229044617821fb33f542dab77648"",""store_instance_sha256"":""30e2f137e46adf31cbf946515707a3237ea7a5b1e32a4e3b81551f678798b917"",""store_discriminator_sha256"":""2e884d94ace185d62b1b91debf493ccd0a69b83d08e74cf5f1c2be4851b14215"",""tool_sha256"":""b38a65fc0c1a91e138f057f7b6c08d21c328463aceb40ffda53fc759f99d2f7a"",""java_runtime_sha256"":""bdd50c08a90e2fb713541b8a118df6250246a917edc41a6776aeafc90b472687"",""run_identity_sha256"":""9c394b9ae8f86f7719d6e7943d862b2599538c0d6247f1690ee5e453bff93efc""}"
44fc27b739191805f2534eb6477da45cbe906c58,millenniumdb,MillenniumDB [engines.json profile],100M,C,C1,00,ef8aa4a34b4e6f77cd2222ea98467b92ca1acc5ed05ba7efc6d7f7aff345f7a1,B,base-select,ok,201,50.2,45.1,52.3,49.2,3.7,1,3,300.0,40848,0.0,,,,,0.0089,"[52.285, 50.189, 45.109]","[0.0, 0.0, 0.0]",,[],,[],,[],r9.2-frozen-identity-v7,d4addcae24e0f302de1455267e01b0878e6a0fb75949a15ebcf3a71f26a78176,csv-binding-multiset-v1,201,587e67cf183217c771fdbdb649f4878dd228b54ce0ff1152f78cd3a04d2d67e5,,,,,,,,007a0f6d40c4f5763053f0656a9a8961bef2a93fdcf0d680038343fd899f8922,449f806c0d1e860421279be80d03331f7ad131ca9af34621cf32cc41042190d3,8a607274f1b3d176dd6acfdc7381c25676b642e78d334a9664e45a2bdf3d52a0,8a988dc83f4082a4f27503ba2906dc6b8733b3c02be567635c726c67bbd48314,16162702ccec82b2a0e27063cd04bd756a27af1f003b4cef0da976d843ef4725,none,read-only,exploratory-base,exploratory-reified,2b9b44b25cd1c568cd57c6c5df25ae260b68229044617821fb33f542dab77648,30e2f137e46adf31cbf946515707a3237ea7a5b1e32a4e3b81551f678798b917,2e884d94ace185d62b1b91debf493ccd0a69b83d08e74cf5f1c2be4851b14215,b38a65fc0c1a91e138f057f7b6c08d21c328463aceb40ffda53fc759f99d2f7a,bdd50c08a90e2fb713541b8a118df6250246a917edc41a6776aeafc90b472687,6df67db784a3c095dfc88cce51482c932cea8c2aeaf9409ea2a1fe071d285e35,"pcm-meta-v2:{""protocol"":""r9.2-frozen-identity-v7"",""message"":"""",""cell_wall_ms"":424.298,""answer_kind"":""csv-binding-multiset-v1"",""answer_key_count"":201,""answer_fingerprint"":""587e67cf183217c771fdbdb649f4878dd228b54ce0ff1152f78cd3a04d2d67e5"",""c_parse_samples"":[0.0,0.0,0.0],""c_protocol_samples"":[],""construct_total_samples"":[],""construct_unattributed_samples"":[],""status"":""ok"",""status_evidence"":null,""construction_requested"":null,""construction_effective"":null,""commit"":""44fc27b739191805f2534eb6477da45cbe906c58"",""batch_id"":""d4addcae24e0f302de1455267e01b0878e6a0fb75949a15ebcf3a71f26a78176"",""query_sha256"":""ef8aa4a34b4e6f77cd2222ea98467b92ca1acc5ed05ba7efc6d7f7aff345f7a1"",""engine"":""millenniumdb"",""engine_version"":""MillenniumDB [engines.json profile]"",""scale"":""100M"",""base_endpoint_sha256"":""007a0f6d40c4f5763053f0656a9a8961bef2a93fdcf0d680038343fd899f8922"",""reified_endpoint_sha256"":""449f806c0d1e860421279be80d03331f7ad131ca9af34621cf32cc41042190d3"",""update_endpoint_sha256"":""8a607274f1b3d176dd6acfdc7381c25676b642e78d334a9664e45a2bdf3d52a0"",""base_data_identity_sha256"":""8a988dc83f4082a4f27503ba2906dc6b8733b3c02be567635c726c67bbd48314"",""reified_data_identity_sha256"":""16162702ccec82b2a0e27063cd04bd756a27af1f003b4cef0da976d843ef4725"",""update_for"":""none"",""access_mode"":""read-only"",""base_data_name"":""exploratory-base"",""reified_data_name"":""exploratory-reified"",""update_canary_sha256"":""2b9b44b25cd1c568cd57c6c5df25ae260b68229044617821fb33f542dab77648"",""store_instance_sha256"":""30e2f137e46adf31cbf946515707a3237ea7a5b1e32a4e3b81551f678798b917"",""store_discriminator_sha256"":""2e884d94ace185d62b1b91debf493ccd0a69b83d08e74cf5f1c2be4851b14215"",""tool_sha256"":""b38a65fc0c1a91e138f057f7b6c08d21c328463aceb40ffda53fc759f99d2f7a"",""java_runtime_sha256"":""bdd50c08a90e2fb713541b8a118df6250246a917edc41a6776aeafc90b472687"",""run_identity_sha256"":""6df67db784a3c095dfc88cce51482c932cea8c2aeaf9409ea2a1fe071d285e35""}"
44fc27b739191805f2534eb6477da45cbe906c58,millenniumdb,MillenniumDB [engines.json profile],100M,C,C1,00,ef8aa4a34b4e6f77cd2222ea98467b92ca1acc5ed05ba7efc6d7f7aff345f7a1,R,reification-only,ok,201,4647.6,4425.6,4670.4,4581.2,135.2,1,3,300.0,40848,0.0,,,,,175.067498,"[4425.618, 4670.398, 4647.573]","[0.0, 0.0, 0.0]",,[],,[],,[],r9.2-frozen-identity-v7,d4addcae24e0f302de1455267e01b0878e6a0fb75949a15ebcf3a71f26a78176,csv-binding-multiset-v1,201,587e67cf183217c771fdbdb649f4878dd228b54ce0ff1152f78cd3a04d2d67e5,,,,,,,,007a0f6d40c4f5763053f0656a9a8961bef2a93fdcf0d680038343fd899f8922,449f806c0d1e860421279be80d03331f7ad131ca9af34621cf32cc41042190d3,8a607274f1b3d176dd6acfdc7381c25676b642e78d334a9664e45a2bdf3d52a0,8a988dc83f4082a4f27503ba2906dc6b8733b3c02be567635c726c67bbd48314,16162702ccec82b2a0e27063cd04bd756a27af1f003b4cef0da976d843ef4725,none,read-only,exploratory-base,exploratory-reified,2b9b44b25cd1c568cd57c6c5df25ae260b68229044617821fb33f542dab77648,30e2f137e46adf31cbf946515707a3237ea7a5b1e32a4e3b81551f678798b917,2e884d94ace185d62b1b91debf493ccd0a69b83d08e74cf5f1c2be4851b14215,b38a65fc0c1a91e138f057f7b6c08d21c328463aceb40ffda53fc759f99d2f7a,bdd50c08a90e2fb713541b8a118df6250246a917edc41a6776aeafc90b472687,6df67db784a3c095dfc88cce51482c932cea8c2aeaf9409ea2a1fe071d285e35,"pcm-meta-v2:{""protocol"":""r9.2-frozen-identity-v7"",""message"":"""",""cell_wall_ms"":27374.04,""answer_kind"":""csv-binding-multiset-v1"",""answer_key_count"":201,""answer_fingerprint"":""587e67cf183217c771fdbdb649f4878dd228b54ce0ff1152f78cd3a04d2d67e5"",""c_parse_samples"":[0.0,0.0,0.0],""c_protocol_samples"":[],""construct_total_samples"":[],""construct_unattributed_samples"":[],""status"":""ok"",""status_evidence"":null,""construction_requested"":null,""construction_effective"":null,""commit"":""44fc27b739191805f2534eb6477da45cbe906c58"",""batch_id"":""d4addcae24e0f302de1455267e01b0878e6a0fb75949a15ebcf3a71f26a78176"",""query_sha256"":""ef8aa4a34b4e6f77cd2222ea98467b92ca1acc5ed05ba7efc6d7f7aff345f7a1"",""engine"":""millenniumdb"",""engine_version"":""MillenniumDB [engines.json profile]"",""scale"":""100M"",""base_endpoint_sha256"":""007a0f6d40c4f5763053f0656a9a8961bef2a93fdcf0d680038343fd899f8922"",""reified_endpoint_sha256"":""449f806c0d1e860421279be80d03331f7ad131ca9af34621cf32cc41042190d3"",""update_endpoint_sha256"":""8a607274f1b3d176dd6acfdc7381c25676b642e78d334a9664e45a2bdf3d52a0"",""base_data_identity_sha256"":""8a988dc83f4082a4f27503ba2906dc6b8733b3c02be567635c726c67bbd48314"",""reified_data_identity_sha256"":""16162702ccec82b2a0e27063cd04bd756a27af1f003b4cef0da976d843ef4725"",""update_for"":""none"",""access_mode"":""read-only"",""base_data_name"":""exploratory-base"",""reified_data_name"":""exploratory-reified"",""update_canary_sha256"":""2b9b44b25cd1c568cd57c6c5df25ae260b68229044617821fb33f542dab77648"",""store_instance_sha256"":""30e2f137e46adf31cbf946515707a3237ea7a5b1e32a4e3b81551f678798b917"",""store_discriminator_sha256"":""2e884d94ace185d62b1b91debf493ccd0a69b83d08e74cf5f1c2be4851b14215"",""tool_sha256"":""b38a65fc0c1a91e138f057f7b6c08d21c328463aceb40ffda53fc759f99d2f7a"",""java_runtime_sha256"":""bdd50c08a90e2fb713541b8a118df6250246a917edc41a6776aeafc90b472687"",""run_identity_sha256"":""6df67db784a3c095dfc88cce51482c932cea8c2aeaf9409ea2a1fe071d285e35""}"
44fc27b739191805f2534eb6477da45cbe906c58,millenniumdb,MillenniumDB [engines.json profile],100M,C,C1,00,ef8aa4a34b4e6f77cd2222ea98467b92ca1acc5ed05ba7efc6d7f7aff345f7a1,N,N_clean (NPCS reimplementation),ok,91,4652.2,4633.5,4669.8,4651.8,18.2,1,3,300.0,43728,0.0,,,,201,189.521736,"[4669.822, 4652.209, 4633.453]","[0.0, 0.0, 0.0]",,[],,[],,[],r9.2-frozen-identity-v7,d4addcae24e0f302de1455267e01b0878e6a0fb75949a15ebcf3a71f26a78176,csv-candidate-multiset-v1,91,89a9bc82cc6e876c68644a7e374a21f6aac2ce94ff267b5afe01736777a71311,,,,,,,,007a0f6d40c4f5763053f0656a9a8961bef2a93fdcf0d680038343fd899f8922,449f806c0d1e860421279be80d03331f7ad131ca9af34621cf32cc41042190d3,8a607274f1b3d176dd6acfdc7381c25676b642e78d334a9664e45a2bdf3d52a0,8a988dc83f4082a4f27503ba2906dc6b8733b3c02be567635c726c67bbd48314,16162702ccec82b2a0e27063cd04bd756a27af1f003b4cef0da976d843ef4725,none,read-only,exploratory-base,exploratory-reified,2b9b44b25cd1c568cd57c6c5df25ae260b68229044617821fb33f542dab77648,30e2f137e46adf31cbf946515707a3237ea7a5b1e32a4e3b81551f678798b917,2e884d94ace185d62b1b91debf493ccd0a69b83d08e74cf5f1c2be4851b14215,b38a65fc0c1a91e138f057f7b6c08d21c328463aceb40ffda53fc759f99d2f7a,bdd50c08a90e2fb713541b8a118df6250246a917edc41a6776aeafc90b472687,6df67db784a3c095dfc88cce51482c932cea8c2aeaf9409ea2a1fe071d285e35,"pcm-meta-v2:{""protocol"":""r9.2-frozen-identity-v7"",""message"":"""",""cell_wall_ms"":18818.235,""answer_kind"":""csv-candidate-multiset-v1"",""answer_key_count"":91,""answer_fingerprint"":""89a9bc82cc6e876c68644a7e374a21f6aac2ce94ff267b5afe01736777a71311"",""c_parse_samples"":[0.0,0.0,0.0],""c_protocol_samples"":[],""construct_total_samples"":[],""construct_unattributed_samples"":[],""status"":""ok"",""status_evidence"":null,""construction_requested"":null,""construction_effective"":null,""commit"":""44fc27b739191805f2534eb6477da45cbe906c58"",""batch_id"":""d4addcae24e0f302de1455267e01b0878e6a0fb75949a15ebcf3a71f26a78176"",""query_sha256"":""ef8aa4a34b4e6f77cd2222ea98467b92ca1acc5ed05ba7efc6d7f7aff345f7a1"",""engine"":""millenniumdb"",""engine_version"":""MillenniumDB [engines.json profile]"",""scale"":""100M"",""base_endpoint_sha256"":""007a0f6d40c4f5763053f0656a9a8961bef2a93fdcf0d680038343fd899f8922"",""reified_endpoint_sha256"":""449f806c0d1e860421279be80d03331f7ad131ca9af34621cf32cc41042190d3"",""update_endpoint_sha256"":""8a607274f1b3d176dd6acfdc7381c25676b642e78d334a9664e45a2bdf3d52a0"",""base_data_identity_sha256"":""8a988dc83f4082a4f27503ba2906dc6b8733b3c02be567635c726c67bbd48314"",""reified_data_identity_sha256"":""16162702ccec82b2a0e27063cd04bd756a27af1f003b4cef0da976d843ef4725"",""update_for"":""none"",""access_mode"":""read-only"",""base_data_name"":""exploratory-base"",""reified_data_name"":""exploratory-reified"",""update_canary_sha256"":""2b9b44b25cd1c568cd57c6c5df25ae260b68229044617821fb33f542dab77648"",""store_instance_sha256"":""30e2f137e46adf31cbf946515707a3237ea7a5b1e32a4e3b81551f678798b917"",""store_discriminator_sha256"":""2e884d94ace185d62b1b91debf493ccd0a69b83d08e74cf5f1c2be4851b14215"",""tool_sha256"":""b38a65fc0c1a91e138f057f7b6c08d21c328463aceb40ffda53fc759f99d2f7a"",""java_runtime_sha256"":""bdd50c08a90e2fb713541b8a118df6250246a917edc41a6776aeafc90b472687"",""run_identity_sha256"":""6df67db784a3c095dfc88cce51482c932cea8c2aeaf9409ea2a1fe071d285e35""}"
44fc27b739191805f2534eb6477da45cbe906c58,millenniumdb,MillenniumDB [engines.json profile],100M,C,C1,00,ef8aa4a34b4e6f77cd2222ea98467b92ca1acc5ed05ba7efc6d7f7aff345f7a1,C,SPARQLcirc CircuitRewriter,ok,91,4808.4,4624.1,4839.6,4757.4,116.5,1,3,300.0,439355,36.7,292,1809,201,,427.356604,"[4808.439, 4839.628, 4624.117]","[36.462, 45.747, 36.68]",0.0,"[0.0, 0.0, 0.0]",4845.0,"[4845.044, 4885.521, 4660.953]",0.1,"[0.143, 0.146, 0.156]",r9.2-frozen-identity-v7,d4addcae24e0f302de1455267e01b0878e6a0fb75949a15ebcf3a71f26a78176,term-aware-candidate-set-v1,91,38679965af2977bdb33cb3f3105f6183d13c09eb7ba39aae21b17b2307530f02,flat,flat,dcc282be43c9e939776d1f6a2d9fddd3b9d7e4a7816e82ed77f4d84558c6f925,,,,,007a0f6d40c4f5763053f0656a9a8961bef2a93fdcf0d680038343fd899f8922,449f806c0d1e860421279be80d03331f7ad131ca9af34621cf32cc41042190d3,8a607274f1b3d176dd6acfdc7381c25676b642e78d334a9664e45a2bdf3d52a0,8a988dc83f4082a4f27503ba2906dc6b8733b3c02be567635c726c67bbd48314,16162702ccec82b2a0e27063cd04bd756a27af1f003b4cef0da976d843ef4725,none,read-only,exploratory-base,exploratory-reified,2b9b44b25cd1c568cd57c6c5df25ae260b68229044617821fb33f542dab77648,30e2f137e46adf31cbf946515707a3237ea7a5b1e32a4e3b81551f678798b917,2e884d94ace185d62b1b91debf493ccd0a69b83d08e74cf5f1c2be4851b14215,b38a65fc0c1a91e138f057f7b6c08d21c328463aceb40ffda53fc759f99d2f7a,bdd50c08a90e2fb713541b8a118df6250246a917edc41a6776aeafc90b472687,6df67db784a3c095dfc88cce51482c932cea8c2aeaf9409ea2a1fe071d285e35,"pcm-meta-v2:{""protocol"":""r9.2-frozen-identity-v7"",""message"":""C requested=flat effective=flat; steps=1 feedback=0; network includes CONSTRUCT, feedback INSERT, and cleanup DELETE"",""cell_wall_ms"":19672.889,""answer_kind"":""term-aware-candidate-set-v1"",""answer_key_count"":91,""answer_fingerprint"":""38679965af2977bdb33cb3f3105f6183d13c09eb7ba39aae21b17b2307530f02"",""c_parse_samples"":[36.462,45.747,36.68],""c_protocol_samples"":[{""requested_mode"":""flat"",""effective_mode"":""flat"",""fallback_reason"":null,""plan_steps"":1,""feedback_steps"":0,""feedback_triples"":0,""construct_query_ms"":4808.439,""feedback_update_ms"":0.0,""cleanup_ms"":0.0,""client_protocol_ms"":0.0,""network_scope"":""construct+feedback+cleanup"",""circuit_sha256"":""dcc282be43c9e939776d1f6a2d9fddd3b9d7e4a7816e82ed77f4d84558c6f925"",""answer_fingerprint"":""38679965af2977bdb33cb3f3105f6183d13c09eb7ba39aae21b17b2307530f02"",""semantic_signature_sha256"":""5f2a283eeec771994df6f2904d1400477e02ee0efb8a310098e31e8f22416003"",""structure_signature"":{""gates"":292,""edges"":1809,""answers"":91,""derivations"":201,""canonical_bytes"":439355},""construct_total_ms"":4845.044,""client_unattributed_ms"":0.143},{""requested_mode"":""flat"",""effective_mode"":""flat"",""fallback_reason"":null,""plan_steps"":1,""feedback_steps"":0,""feedback_triples"":0,""construct_query_ms"":4839.628,""feedback_update_ms"":0.0,""cleanup_ms"":0.0,""client_protocol_ms"":0.0,""network_scope"":""construct+feedback+cleanup"",""circuit_sha256"":""dcc282be43c9e939776d1f6a2d9fddd3b9d7e4a7816e82ed77f4d84558c6f925"",""answer_fingerprint"":""38679965af2977bdb33cb3f3105f6183d13c09eb7ba39aae21b17b2307530f02"",""semantic_signature_sha256"":""5f2a283eeec771994df6f2904d1400477e02ee0efb8a310098e31e8f22416003"",""structure_signature"":{""gates"":292,""edges"":1809,""answers"":91,""derivations"":201,""canonical_bytes"":439355},""construct_total_ms"":4885.521,""client_unattributed_ms"":0.146},{""requested_mode"":""flat"",""effective_mode"":""flat"",""fallback_reason"":null,""plan_steps"":1,""feedback_steps"":0,""feedback_triples"":0,""construct_query_ms"":4624.117,""feedback_update_ms"":0.0,""cleanup_ms"":0.0,""client_protocol_ms"":0.0,""network_scope"":""construct+feedback+cleanup"",""circuit_sha256"":""dcc282be43c9e939776d1f6a2d9fddd3b9d7e4a7816e82ed77f4d84558c6f925"",""answer_fingerprint"":""38679965af2977bdb33cb3f3105f6183d13c09eb7ba39aae21b17b2307530f02"",""semantic_signature_sha256"":""5f2a283eeec771994df6f2904d1400477e02ee0efb8a310098e31e8f22416003"",""structure_signature"":{""gates"":292,""edges"":1809,""answers"":91,""derivations"":201,""canonical_bytes"":439355},""construct_total_ms"":4660.953,""client_unattributed_ms"":0.156}],""construct_total_samples"":[4845.044,4885.521,4660.953],""construct_unattributed_samples"":[0.143,0.146,0.156],""status"":""ok"",""status_evidence"":null,""c_warmup_signatures"":[""5f2a283eeec771994df6f2904d1400477e02ee0efb8a310098e31e8f22416003""],""measured_semantic_signature_sha256"":""5f2a283eeec771994df6f2904d1400477e02ee0efb8a310098e31e8f22416003"",""measured_repetitions_consistent"":true,""construction_requested"":""flat"",""construction_effective"":""flat"",""commit"":""44fc27b739191805f2534eb6477da45cbe906c58"",""batch_id"":""d4addcae24e0f302de1455267e01b0878e6a0fb75949a15ebcf3a71f26a78176"",""query_sha256"":""ef8aa4a34b4e6f77cd2222ea98467b92ca1acc5ed05ba7efc6d7f7aff345f7a1"",""engine"":""millenniumdb"",""engine_version"":""MillenniumDB [engines.json profile]"",""scale"":""100M"",""base_endpoint_sha256"":""007a0f6d40c4f5763053f0656a9a8961bef2a93fdcf0d680038343fd899f8922"",""reified_endpoint_sha256"":""449f806c0d1e860421279be80d03331f7ad131ca9af34621cf32cc41042190d3"",""update_endpoint_sha256"":""8a607274f1b3d176dd6acfdc7381c25676b642e78d334a9664e45a2bdf3d52a0"",""base_data_identity_sha256"":""8a988dc83f4082a4f27503ba2906dc6b8733b3c02be567635c726c67bbd48314"",""reified_data_identity_sha256"":""16162702ccec82b2a0e27063cd04bd756a27af1f003b4cef0da976d843ef4725"",""update_for"":""none"",""access_mode"":""read-only"",""base_data_name"":""exploratory-base"",""reified_data_name"":""exploratory-reified"",""update_canary_sha256"":""2b9b44b25cd1c568cd57c6c5df25ae260b68229044617821fb33f542dab77648"",""store_instance_sha256"":""30e2f137e46adf31cbf946515707a3237ea7a5b1e32a4e3b81551f678798b917"",""store_discriminator_sha256"":""2e884d94ace185d62b1b91debf493ccd0a69b83d08e74cf5f1c2be4851b14215"",""tool_sha256"":""b38a65fc0c1a91e138f057f7b6c08d21c328463aceb40ffda53fc759f99d2f7a"",""java_runtime_sha256"":""bdd50c08a90e2fb713541b8a118df6250246a917edc41a6776aeafc90b472687"",""run_identity_sha256"":""6df67db784a3c095dfc88cce51482c932cea8c2aeaf9409ea2a1fe071d285e35""}"
44fc27b739191805f2534eb6477da45cbe906c58,millenniumdb,MillenniumDB [engines.json profile],100M,C,C2,00,3a541db29afdc134602c70294332f99a26badf7d0abb258173084dcef59f3af1,B,base-select,ok,22,48.0,47.1,63.4,52.8,9.1,1,3,300.0,4409,0.0,,,,,0.00705,"[48.007, 63.365, 47.108]","[0.0, 0.0, 0.0]",,[],,[],,[],r9.2-frozen-identity-v7,d4addcae24e0f302de1455267e01b0878e6a0fb75949a15ebcf3a71f26a78176,csv-binding-multiset-v1,22,7a93840fa7f3d5da97ee2b004d297551d97e7e24ab01b9daa56d8024abd1b644,,,,,,,,007a0f6d40c4f5763053f0656a9a8961bef2a93fdcf0d680038343fd899f8922,449f806c0d1e860421279be80d03331f7ad131ca9af34621cf32cc41042190d3,8a607274f1b3d176dd6acfdc7381c25676b642e78d334a9664e45a2bdf3d52a0,8a988dc83f4082a4f27503ba2906dc6b8733b3c02be567635c726c67bbd48314,16162702ccec82b2a0e27063cd04bd756a27af1f003b4cef0da976d843ef4725,none,read-only,exploratory-base,exploratory-reified,2b9b44b25cd1c568cd57c6c5df25ae260b68229044617821fb33f542dab77648,30e2f137e46adf31cbf946515707a3237ea7a5b1e32a4e3b81551f678798b917,2e884d94ace185d62b1b91debf493ccd0a69b83d08e74cf5f1c2be4851b14215,b38a65fc0c1a91e138f057f7b6c08d21c328463aceb40ffda53fc759f99d2f7a,bdd50c08a90e2fb713541b8a118df6250246a917edc41a6776aeafc90b472687,4b7e40e6d5244e9d69413e77bca2f4caa0c6da5d32435ec267ac4b0c1558d6fc,"pcm-meta-v2:{""protocol"":""r9.2-frozen-identity-v7"",""message"":"""",""cell_wall_ms"":592.765,""answer_kind"":""csv-binding-multiset-v1"",""answer_key_count"":22,""answer_fingerprint"":""7a93840fa7f3d5da97ee2b004d297551d97e7e24ab01b9daa56d8024abd1b644"",""c_parse_samples"":[0.0,0.0,0.0],""c_protocol_samples"":[],""construct_total_samples"":[],""construct_unattributed_samples"":[],""status"":""ok"",""status_evidence"":null,""construction_requested"":null,""construction_effective"":null,""commit"":""44fc27b739191805f2534eb6477da45cbe906c58"",""batch_id"":""d4addcae24e0f302de1455267e01b0878e6a0fb75949a15ebcf3a71f26a78176"",""query_sha256"":""3a541db29afdc134602c70294332f99a26badf7d0abb258173084dcef59f3af1"",""engine"":""millenniumdb"",""engine_version"":""MillenniumDB [engines.json profile]"",""scale"":""100M"",""base_endpoint_sha256"":""007a0f6d40c4f5763053f0656a9a8961bef2a93fdcf0d680038343fd899f8922"",""reified_endpoint_sha256"":""449f806c0d1e860421279be80d03331f7ad131ca9af34621cf32cc41042190d3"",""update_endpoint_sha256"":""8a607274f1b3d176dd6acfdc7381c25676b642e78d334a9664e45a2bdf3d52a0"",""base_data_identity_sha256"":""8a988dc83f4082a4f27503ba2906dc6b8733b3c02be567635c726c67bbd48314"",""reified_data_identity_sha256"":""16162702ccec82b2a0e27063cd04bd756a27af1f003b4cef0da976d843ef4725"",""update_for"":""none"",""access_mode"":""read-only"",""base_data_name"":""exploratory-base"",""reified_data_name"":""exploratory-reified"",""update_canary_sha256"":""2b9b44b25cd1c568cd57c6c5df25ae260b68229044617821fb33f542dab77648"",""store_instance_sha256"":""30e2f137e46adf31cbf946515707a3237ea7a5b1e32a4e3b81551f678798b917"",""store_discriminator_sha256"":""2e884d94ace185d62b1b91debf493ccd0a69b83d08e74cf5f1c2be4851b14215"",""tool_sha256"":""b38a65fc0c1a91e138f057f7b6c08d21c328463aceb40ffda53fc759f99d2f7a"",""java_runtime_sha256"":""bdd50c08a90e2fb713541b8a118df6250246a917edc41a6776aeafc90b472687"",""run_identity_sha256"":""4b7e40e6d5244e9d69413e77bca2f4caa0c6da5d32435ec267ac4b0c1558d6fc""}"
44fc27b739191805f2534eb6477da45cbe906c58,millenniumdb,MillenniumDB [engines.json profile],100M,C,C2,00,3a541db29afdc134602c70294332f99a26badf7d0abb258173084dcef59f3af1,R,reification-only,ok,22,46249.7,45116.6,48073.0,46479.8,1491.5,1,3,300.0,4409,0.0,,,,,159.115341,"[48072.959, 46249.724, 45116.611]","[0.0, 0.0, 0.0]",,[],,[],,[],r9.2-frozen-identity-v7,d4addcae24e0f302de1455267e01b0878e6a0fb75949a15ebcf3a71f26a78176,csv-binding-multiset-v1,22,7a93840fa7f3d5da97ee2b004d297551d97e7e24ab01b9daa56d8024abd1b644,,,,,,,,007a0f6d40c4f5763053f0656a9a8961bef2a93fdcf0d680038343fd899f8922,449f806c0d1e860421279be80d03331f7ad131ca9af34621cf32cc41042190d3,8a607274f1b3d176dd6acfdc7381c25676b642e78d334a9664e45a2bdf3d52a0,8a988dc83f4082a4f27503ba2906dc6b8733b3c02be567635c726c67bbd48314,16162702ccec82b2a0e27063cd04bd756a27af1f003b4cef0da976d843ef4725,none,read-only,exploratory-base,exploratory-reified,2b9b44b25cd1c568cd57c6c5df25ae260b68229044617821fb33f542dab77648,30e2f137e46adf31cbf946515707a3237ea7a5b1e32a4e3b81551f678798b917,2e884d94ace185d62b1b91debf493ccd0a69b83d08e74cf5f1c2be4851b14215,b38a65fc0c1a91e138f057f7b6c08d21c328463aceb40ffda53fc759f99d2f7a,bdd50c08a90e2fb713541b8a118df6250246a917edc41a6776aeafc90b472687,4b7e40e6d5244e9d69413e77bca2f4caa0c6da5d32435ec267ac4b0c1558d6fc,"pcm-meta-v2:{""protocol"":""r9.2-frozen-identity-v7"",""message"":"""",""cell_wall_ms"":185308.669,""answer_kind"":""csv-binding-multiset-v1"",""answer_key_count"":22,""answer_fingerprint"":""7a93840fa7f3d5da97ee2b004d297551d97e7e24ab01b9daa56d8024abd1b644"",""c_parse_samples"":[0.0,0.0,0.0],""c_protocol_samples"":[],""construct_total_samples"":[],""construct_unattributed_samples"":[],""status"":""ok"",""status_evidence"":null,""construction_requested"":null,""construction_effective"":null,""commit"":""44fc27b739191805f2534eb6477da45cbe906c58"",""batch_id"":""d4addcae24e0f302de1455267e01b0878e6a0fb75949a15ebcf3a71f26a78176"",""query_sha256"":""3a541db29afdc134602c70294332f99a26badf7d0abb258173084dcef59f3af1"",""engine"":""millenniumdb"",""engine_version"":""MillenniumDB [engines.json profile]"",""scale"":""100M"",""base_endpoint_sha256"":""007a0f6d40c4f5763053f0656a9a8961bef2a93fdcf0d680038343fd899f8922"",""reified_endpoint_sha256"":""449f806c0d1e860421279be80d03331f7ad131ca9af34621cf32cc41042190d3"",""update_endpoint_sha256"":""8a607274f1b3d176dd6acfdc7381c25676b642e78d334a9664e45a2bdf3d52a0"",""base_data_identity_sha256"":""8a988dc83f4082a4f27503ba2906dc6b8733b3c02be567635c726c67bbd48314"",""reified_data_identity_sha256"":""16162702ccec82b2a0e27063cd04bd756a27af1f003b4cef0da976d843ef4725"",""update_for"":""none"",""access_mode"":""read-only"",""base_data_name"":""exploratory-base"",""reified_data_name"":""exploratory-reified"",""update_canary_sha256"":""2b9b44b25cd1c568cd57c6c5df25ae260b68229044617821fb33f542dab77648"",""store_instance_sha256"":""30e2f137e46adf31cbf946515707a3237ea7a5b1e32a4e3b81551f678798b917"",""store_discriminator_sha256"":""2e884d94ace185d62b1b91debf493ccd0a69b83d08e74cf5f1c2be4851b14215"",""tool_sha256"":""b38a65fc0c1a91e138f057f7b6c08d21c328463aceb40ffda53fc759f99d2f7a"",""java_runtime_sha256"":""bdd50c08a90e2fb713541b8a118df6250246a917edc41a6776aeafc90b472687"",""run_identity_sha256"":""4b7e40e6d5244e9d69413e77bca2f4caa0c6da5d32435ec267ac4b0c1558d6fc""}"
44fc27b739191805f2534eb6477da45cbe906c58,millenniumdb,MillenniumDB [engines.json profile],100M,C,C2,00,3a541db29afdc134602c70294332f99a26badf7d0abb258173084dcef59f3af1,N,N_clean (NPCS reimplementation),ok,22,44156.5,43429.0,45690.7,44425.4,1154.6,1,3,300.0,7971,0.0,,,,22,184.318872,"[43428.983, 45690.705, 44156.484]","[0.0, 0.0, 0.0]",,[],,[],,[],r9.2-frozen-identity-v7,d4addcae24e0f302de1455267e01b0878e6a0fb75949a15ebcf3a71f26a78176,csv-candidate-multiset-v1,22,7a93840fa7f3d5da97ee2b004d297551d97e7e24ab01b9daa56d8024abd1b644,,,,,,,,007a0f6d40c4f5763053f0656a9a8961bef2a93fdcf0d680038343fd899f8922,449f806c0d1e860421279be80d03331f7ad131ca9af34621cf32cc41042190d3,8a607274f1b3d176dd6acfdc7381c25676b642e78d334a9664e45a2bdf3d52a0,8a988dc83f4082a4f27503ba2906dc6b8733b3c02be567635c726c67bbd48314,16162702ccec82b2a0e27063cd04bd756a27af1f003b4cef0da976d843ef4725,none,read-only,exploratory-base,exploratory-reified,2b9b44b25cd1c568cd57c6c5df25ae260b68229044617821fb33f542dab77648,30e2f137e46adf31cbf946515707a3237ea7a5b1e32a4e3b81551f678798b917,2e884d94ace185d62b1b91debf493ccd0a69b83d08e74cf5f1c2be4851b14215,b38a65fc0c1a91e138f057f7b6c08d21c328463aceb40ffda53fc759f99d2f7a,bdd50c08a90e2fb713541b8a118df6250246a917edc41a6776aeafc90b472687,4b7e40e6d5244e9d69413e77bca2f4caa0c6da5d32435ec267ac4b0c1558d6fc,"pcm-meta-v2:{""protocol"":""r9.2-frozen-identity-v7"",""message"":"""",""cell_wall_ms"":178949.533,""answer_kind"":""csv-candidate-multiset-v1"",""answer_key_count"":22,""answer_fingerprint"":""7a93840fa7f3d5da97ee2b004d297551d97e7e24ab01b9daa56d8024abd1b644"",""c_parse_samples"":[0.0,0.0,0.0],""c_protocol_samples"":[],""construct_total_samples"":[],""construct_unattributed_samples"":[],""status"":""ok"",""status_evidence"":null,""construction_requested"":null,""construction_effective"":null,""commit"":""44fc27b739191805f2534eb6477da45cbe906c58"",""batch_id"":""d4addcae24e0f302de1455267e01b0878e6a0fb75949a15ebcf3a71f26a78176"",""query_sha256"":""3a541db29afdc134602c70294332f99a26badf7d0abb258173084dcef59f3af1"",""engine"":""millenniumdb"",""engine_version"":""MillenniumDB [engines.json profile]"",""scale"":""100M"",""base_endpoint_sha256"":""007a0f6d40c4f5763053f0656a9a8961bef2a93fdcf0d680038343fd899f8922"",""reified_endpoint_sha256"":""449f806c0d1e860421279be80d03331f7ad131ca9af34621cf32cc41042190d3"",""update_endpoint_sha256"":""8a607274f1b3d176dd6acfdc7381c25676b642e78d334a9664e45a2bdf3d52a0"",""base_data_identity_sha256"":""8a988dc83f4082a4f27503ba2906dc6b8733b3c02be567635c726c67bbd48314"",""reified_data_identity_sha256"":""16162702ccec82b2a0e27063cd04bd756a27af1f003b4cef0da976d843ef4725"",""update_for"":""none"",""access_mode"":""read-only"",""base_data_name"":""exploratory-base"",""reified_data_name"":""exploratory-reified"",""update_canary_sha256"":""2b9b44b25cd1c568cd57c6c5df25ae260b68229044617821fb33f542dab77648"",""store_instance_sha256"":""30e2f137e46adf31cbf946515707a3237ea7a5b1e32a4e3b81551f678798b917"",""store_discriminator_sha256"":""2e884d94ace185d62b1b91debf493ccd0a69b83d08e74cf5f1c2be4851b14215"",""tool_sha256"":""b38a65fc0c1a91e138f057f7b6c08d21c328463aceb40ffda53fc759f99d2f7a"",""java_runtime_sha256"":""bdd50c08a90e2fb713541b8a118df6250246a917edc41a6776aeafc90b472687"",""run_identity_sha256"":""4b7e40e6d5244e9d69413e77bca2f4caa0c6da5d32435ec267ac4b0c1558d6fc""}"
44fc27b739191805f2534eb6477da45cbe906c58,millenniumdb,MillenniumDB [engines.json profile],100M,C,C2,00,3a541db29afdc134602c70294332f99a26badf7d0abb258173084dcef59f3af1,C,SPARQLcirc CircuitRewriter,ok,22,30326.3,30105.2,30610.2,30347.2,253.2,1,3,300.0,78992,7.1,44,242,22,,440.277781,"[30326.292, 30105.225, 30610.232]","[6.523, 9.637, 7.107]",0.0,"[0.0, 0.0, 0.0]",30332.9,"[30332.911, 30114.959, 30617.446]",0.1,"[0.097, 0.097, 0.107]",r9.2-frozen-identity-v7,d4addcae24e0f302de1455267e01b0878e6a0fb75949a15ebcf3a71f26a78176,term-aware-candidate-set-v1,22,9b3a52d70129f2cf506b2a8e35ad71e037eca3b9662bdd550890ff0d8e898e79,flat,flat,eebbfeb0de7eedb4ddd81b274290df5b3ff8f782171d2179dca5051bc4afaf17,,,,,007a0f6d40c4f5763053f0656a9a8961bef2a93fdcf0d680038343fd899f8922,449f806c0d1e860421279be80d03331f7ad131ca9af34621cf32cc41042190d3,8a607274f1b3d176dd6acfdc7381c25676b642e78d334a9664e45a2bdf3d52a0,8a988dc83f4082a4f27503ba2906dc6b8733b3c02be567635c726c67bbd48314,16162702ccec82b2a0e27063cd04bd756a27af1f003b4cef0da976d843ef4725,none,read-only,exploratory-base,exploratory-reified,2b9b44b25cd1c568cd57c6c5df25ae260b68229044617821fb33f542dab77648,30e2f137e46adf31cbf946515707a3237ea7a5b1e32a4e3b81551f678798b917,2e884d94ace185d62b1b91debf493ccd0a69b83d08e74cf5f1c2be4851b14215,b38a65fc0c1a91e138f057f7b6c08d21c328463aceb40ffda53fc759f99d2f7a,bdd50c08a90e2fb713541b8a118df6250246a917edc41a6776aeafc90b472687,4b7e40e6d5244e9d69413e77bca2f4caa0c6da5d32435ec267ac4b0c1558d6fc,"pcm-meta-v2:{""protocol"":""r9.2-frozen-identity-v7"",""message"":""C requested=flat effective=flat; steps=1 feedback=0; network includes CONSTRUCT, feedback INSERT, and cleanup DELETE"",""cell_wall_ms"":119110.2,""answer_kind"":""term-aware-candidate-set-v1"",""answer_key_count"":22,""answer_fingerprint"":""9b3a52d70129f2cf506b2a8e35ad71e037eca3b9662bdd550890ff0d8e898e79"",""c_parse_samples"":[6.523,9.637,7.107],""c_protocol_samples"":[{""requested_mode"":""flat"",""effective_mode"":""flat"",""fallback_reason"":null,""plan_steps"":1,""feedback_steps"":0,""feedback_triples"":0,""construct_query_ms"":30326.292,""feedback_update_ms"":0.0,""cleanup_ms"":0.0,""client_protocol_ms"":0.0,""network_scope"":""construct+feedback+cleanup"",""circuit_sha256"":""eebbfeb0de7eedb4ddd81b274290df5b3ff8f782171d2179dca5051bc4afaf17"",""answer_fingerprint"":""9b3a52d70129f2cf506b2a8e35ad71e037eca3b9662bdd550890ff0d8e898e79"",""semantic_signature_sha256"":""975a9acb35f281d30c6fec7054a3e45f1c1fd44fad657a8bc7c37199002fbde5"",""structure_signature"":{""gates"":44,""edges"":242,""answers"":22,""derivations"":22,""canonical_bytes"":78992},""construct_total_ms"":30332.911,""client_unattributed_ms"":0.097},{""requested_mode"":""flat"",""effective_mode"":""flat"",""fallback_reason"":null,""plan_steps"":1,""feedback_steps"":0,""feedback_triples"":0,""construct_query_ms"":30105.225,""feedback_update_ms"":0.0,""cleanup_ms"":0.0,""client_protocol_ms"":0.0,""network_scope"":""construct+feedback+cleanup"",""circuit_sha256"":""eebbfeb0de7eedb4ddd81b274290df5b3ff8f782171d2179dca5051bc4afaf17"",""answer_fingerprint"":""9b3a52d70129f2cf506b2a8e35ad71e037eca3b9662bdd550890ff0d8e898e79"",""semantic_signature_sha256"":""975a9acb35f281d30c6fec7054a3e45f1c1fd44fad657a8bc7c37199002fbde5"",""structure_signature"":{""gates"":44,""edges"":242,""answers"":22,""derivations"":22,""canonical_bytes"":78992},""construct_total_ms"":30114.959,""client_unattributed_ms"":0.097},{""requested_mode"":""flat"",""effective_mode"":""flat"",""fallback_reason"":null,""plan_steps"":1,""feedback_steps"":0,""feedback_triples"":0,""construct_query_ms"":30610.232,""feedback_update_ms"":0.0,""cleanup_ms"":0.0,""client_protocol_ms"":0.0,""network_scope"":""construct+feedback+cleanup"",""circuit_sha256"":""eebbfeb0de7eedb4ddd81b274290df5b3ff8f782171d2179dca5051bc4afaf17"",""answer_fingerprint"":""9b3a52d70129f2cf506b2a8e35ad71e037eca3b9662bdd550890ff0d8e898e79"",""semantic_signature_sha256"":""975a9acb35f281d30c6fec7054a3e45f1c1fd44fad657a8bc7c37199002fbde5"",""structure_signature"":{""gates"":44,""edges"":242,""answers"":22,""derivations"":22,""canonical_bytes"":78992},""construct_total_ms"":30617.446,""client_unattributed_ms"":0.107}],""construct_total_samples"":[30332.911,30114.959,30617.446],""construct_unattributed_samples"":[0.097,0.097,0.107],""status"":""ok"",""status_evidence"":null,""c_warmup_signatures"":[""975a9acb35f281d30c6fec7054a3e45f1c1fd44fad657a8bc7c37199002fbde5""],""measured_semantic_signature_sha256"":""975a9acb35f281d30c6fec7054a3e45f1c1fd44fad657a8bc7c37199002fbde5"",""measured_repetitions_consistent"":true,""construction_requested"":""flat"",""construction_effective"":""flat"",""commit"":""44fc27b739191805f2534eb6477da45cbe906c58"",""batch_id"":""d4addcae24e0f302de1455267e01b0878e6a0fb75949a15ebcf3a71f26a78176"",""query_sha256"":""3a541db29afdc134602c70294332f99a26badf7d0abb258173084dcef59f3af1"",""engine"":""millenniumdb"",""engine_version"":""MillenniumDB [engines.json profile]"",""scale"":""100M"",""base_endpoint_sha256"":""007a0f6d40c4f5763053f0656a9a8961bef2a93fdcf0d680038343fd899f8922"",""reified_endpoint_sha256"":""449f806c0d1e860421279be80d03331f7ad131ca9af34621cf32cc41042190d3"",""update_endpoint_sha256"":""8a607274f1b3d176dd6acfdc7381c25676b642e78d334a9664e45a2bdf3d52a0"",""base_data_identity_sha256"":""8a988dc83f4082a4f27503ba2906dc6b8733b3c02be567635c726c67bbd48314"",""reified_data_identity_sha256"":""16162702ccec82b2a0e27063cd04bd756a27af1f003b4cef0da976d843ef4725"",""update_for"":""none"",""access_mode"":""read-only"",""base_data_name"":""exploratory-base"",""reified_data_name"":""exploratory-reified"",""update_canary_sha256"":""2b9b44b25cd1c568cd57c6c5df25ae260b68229044617821fb33f542dab77648"",""store_instance_sha256"":""30e2f137e46adf31cbf946515707a3237ea7a5b1e32a4e3b81551f678798b917"",""store_discriminator_sha256"":""2e884d94ace185d62b1b91debf493ccd0a69b83d08e74cf5f1c2be4851b14215"",""tool_sha256"":""b38a65fc0c1a91e138f057f7b6c08d21c328463aceb40ffda53fc759f99d2f7a"",""java_runtime_sha256"":""bdd50c08a90e2fb713541b8a118df6250246a917edc41a6776aeafc90b472687"",""run_identity_sha256"":""4b7e40e6d5244e9d69413e77bca2f4caa0c6da5d32435ec267ac4b0c1558d6fc""}"
44fc27b739191805f2534eb6477da45cbe906c58,millenniumdb,MillenniumDB [engines.json profile],100M,C,C3,00,8b244b13319b822a74e59eeb13abb60bb762b2e191e1bf3198b102b93135f740,B,base-select,ok,4244261,15251.0,15210.2,15353.7,15271.6,74.0,1,3,300.0,207523221,0.0,,,,,0.00678,"[15210.16, 15250.98, 15353.715]","[0.0, 0.0, 0.0]",,[],,[],,[],r9.2-frozen-identity-v7,d4addcae24e0f302de1455267e01b0878e6a0fb75949a15ebcf3a71f26a78176,csv-binding-multiset-v1,4244261,0bb0e3a69d0b63401eac6badd6b8d6e5ee32fe6a7d3e7fa33f2723f0d240e60b,,,,,,,,007a0f6d40c4f5763053f0656a9a8961bef2a93fdcf0d680038343fd899f8922,449f806c0d1e860421279be80d03331f7ad131ca9af34621cf32cc41042190d3,8a607274f1b3d176dd6acfdc7381c25676b642e78d334a9664e45a2bdf3d52a0,8a988dc83f4082a4f27503ba2906dc6b8733b3c02be567635c726c67bbd48314,16162702ccec82b2a0e27063cd04bd756a27af1f003b4cef0da976d843ef4725,none,read-only,exploratory-base,exploratory-reified,2b9b44b25cd1c568cd57c6c5df25ae260b68229044617821fb33f542dab77648,30e2f137e46adf31cbf946515707a3237ea7a5b1e32a4e3b81551f678798b917,2e884d94ace185d62b1b91debf493ccd0a69b83d08e74cf5f1c2be4851b14215,b38a65fc0c1a91e138f057f7b6c08d21c328463aceb40ffda53fc759f99d2f7a,bdd50c08a90e2fb713541b8a118df6250246a917edc41a6776aeafc90b472687,3275a971f6d6c91186877ecf06be4bf0d16ce92d320c212557569f0b3b4a9e43,"pcm-meta-v2:{""protocol"":""r9.2-frozen-identity-v7"",""message"":"""",""cell_wall_ms"":67235.263,""answer_kind"":""csv-binding-multiset-v1"",""answer_key_count"":4244261,""answer_fingerprint"":""0bb0e3a69d0b63401eac6badd6b8d6e5ee32fe6a7d3e7fa33f2723f0d240e60b"",""c_parse_samples"":[0.0,0.0,0.0],""c_protocol_samples"":[],""construct_total_samples"":[],""construct_unattributed_samples"":[],""status"":""ok"",""status_evidence"":null,""construction_requested"":null,""construction_effective"":null,""commit"":""44fc27b739191805f2534eb6477da45cbe906c58"",""batch_id"":""d4addcae24e0f302de1455267e01b0878e6a0fb75949a15ebcf3a71f26a78176"",""query_sha256"":""8b244b13319b822a74e59eeb13abb60bb762b2e191e1bf3198b102b93135f740"",""engine"":""millenniumdb"",""engine_version"":""MillenniumDB [engines.json profile]"",""scale"":""100M"",""base_endpoint_sha256"":""007a0f6d40c4f5763053f0656a9a8961bef2a93fdcf0d680038343fd899f8922"",""reified_endpoint_sha256"":""449f806c0d1e860421279be80d03331f7ad131ca9af34621cf32cc41042190d3"",""update_endpoint_sha256"":""8a607274f1b3d176dd6acfdc7381c25676b642e78d334a9664e45a2bdf3d52a0"",""base_data_identity_sha256"":""8a988dc83f4082a4f27503ba2906dc6b8733b3c02be567635c726c67bbd48314"",""reified_data_identity_sha256"":""16162702ccec82b2a0e27063cd04bd756a27af1f003b4cef0da976d843ef4725"",""update_for"":""none"",""access_mode"":""read-only"",""base_data_name"":""exploratory-base"",""reified_data_name"":""exploratory-reified"",""update_canary_sha256"":""2b9b44b25cd1c568cd57c6c5df25ae260b68229044617821fb33f542dab77648"",""store_instance_sha256"":""30e2f137e46adf31cbf946515707a3237ea7a5b1e32a4e3b81551f678798b917"",""store_discriminator_sha256"":""2e884d94ace185d62b1b91debf493ccd0a69b83d08e74cf5f1c2be4851b14215"",""tool_sha256"":""b38a65fc0c1a91e138f057f7b6c08d21c328463aceb40ffda53fc759f99d2f7a"",""java_runtime_sha256"":""bdd50c08a90e2fb713541b8a118df6250246a917edc41a6776aeafc90b472687"",""run_identity_sha256"":""3275a971f6d6c91186877ecf06be4bf0d16ce92d320c212557569f0b3b4a9e43""}"
44fc27b739191805f2534eb6477da45cbe906c58,millenniumdb,MillenniumDB [engines.json profile],100M,C,C3,00,8b244b13319b822a74e59eeb13abb60bb762b2e191e1bf3198b102b93135f740,R,reification-only,timeout,,,,,,,1,3,300.0,,,,,,,177.033178,[],[],,[],,[],,[],r9.2-frozen-identity-v7,d4addcae24e0f302de1455267e01b0878e6a0fb75949a15ebcf3a71f26a78176,,,,,,,,,,,007a0f6d40c4f5763053f0656a9a8961bef2a93fdcf0d680038343fd899f8922,449f806c0d1e860421279be80d03331f7ad131ca9af34621cf32cc41042190d3,8a607274f1b3d176dd6acfdc7381c25676b642e78d334a9664e45a2bdf3d52a0,8a988dc83f4082a4f27503ba2906dc6b8733b3c02be567635c726c67bbd48314,16162702ccec82b2a0e27063cd04bd756a27af1f003b4cef0da976d843ef4725,none,read-only,exploratory-base,exploratory-reified,2b9b44b25cd1c568cd57c6c5df25ae260b68229044617821fb33f542dab77648,30e2f137e46adf31cbf946515707a3237ea7a5b1e32a4e3b81551f678798b917,2e884d94ace185d62b1b91debf493ccd0a69b83d08e74cf5f1c2be4851b14215,b38a65fc0c1a91e138f057f7b6c08d21c328463aceb40ffda53fc759f99d2f7a,bdd50c08a90e2fb713541b8a118df6250246a917edc41a6776aeafc90b472687,3275a971f6d6c91186877ecf06be4bf0d16ce92d320c212557569f0b3b4a9e43,"pcm-meta-v2:{""protocol"":""r9.2-frozen-identity-v7"",""message"":""whole cell exceeded 300s hard deadline; worker reaped"",""cell_wall_ms"":300000.0,""c_parse_samples"":[],""c_protocol_samples"":[],""construct_total_samples"":[],""construct_unattributed_samples"":[],""status"":""timeout"",""status_evidence"":{""kind"":""hard-wall-deadline"",""message"":""whole cell exceeded 300s hard deadline; worker reaped""},""construction_requested"":null,""construction_effective"":null,""commit"":""44fc27b739191805f2534eb6477da45cbe906c58"",""batch_id"":""d4addcae24e0f302de1455267e01b0878e6a0fb75949a15ebcf3a71f26a78176"",""query_sha256"":""8b244b13319b822a74e59eeb13abb60bb762b2e191e1bf3198b102b93135f740"",""engine"":""millenniumdb"",""engine_version"":""MillenniumDB [engines.json profile]"",""scale"":""100M"",""base_endpoint_sha256"":""007a0f6d40c4f5763053f0656a9a8961bef2a93fdcf0d680038343fd899f8922"",""reified_endpoint_sha256"":""449f806c0d1e860421279be80d03331f7ad131ca9af34621cf32cc41042190d3"",""update_endpoint_sha256"":""8a607274f1b3d176dd6acfdc7381c25676b642e78d334a9664e45a2bdf3d52a0"",""base_data_identity_sha256"":""8a988dc83f4082a4f27503ba2906dc6b8733b3c02be567635c726c67bbd48314"",""reified_data_identity_sha256"":""16162702ccec82b2a0e27063cd04bd756a27af1f003b4cef0da976d843ef4725"",""update_for"":""none"",""access_mode"":""read-only"",""base_data_name"":""exploratory-base"",""reified_data_name"":""exploratory-reified"",""update_canary_sha256"":""2b9b44b25cd1c568cd57c6c5df25ae260b68229044617821fb33f542dab77648"",""store_instance_sha256"":""30e2f137e46adf31cbf946515707a3237ea7a5b1e32a4e3b81551f678798b917"",""store_discriminator_sha256"":""2e884d94ace185d62b1b91debf493ccd0a69b83d08e74cf5f1c2be4851b14215"",""tool_sha256"":""b38a65fc0c1a91e138f057f7b6c08d21c328463aceb40ffda53fc759f99d2f7a"",""java_runtime_sha256"":""bdd50c08a90e2fb713541b8a118df6250246a917edc41a6776aeafc90b472687"",""run_identity_sha256"":""3275a971f6d6c91186877ecf06be4bf0d16ce92d320c212557569f0b3b4a9e43""}"
44fc27b739191805f2534eb6477da45cbe906c58,millenniumdb,MillenniumDB [engines.json profile],100M,C,C3,00,8b244b13319b822a74e59eeb13abb60bb762b2e191e1bf3198b102b93135f740,N,N_clean (NPCS reimplementation),timeout,,,,,,,1,3,300.0,,,,,,,198.689462,[],[],,[],,[],,[],r9.2-frozen-identity-v7,d4addcae24e0f302de1455267e01b0878e6a0fb75949a15ebcf3a71f26a78176,,,,,,,,,,,007a0f6d40c4f5763053f0656a9a8961bef2a93fdcf0d680038343fd899f8922,449f806c0d1e860421279be80d03331f7ad131ca9af34621cf32cc41042190d3,8a607274f1b3d176dd6acfdc7381c25676b642e78d334a9664e45a2bdf3d52a0,8a988dc83f4082a4f27503ba2906dc6b8733b3c02be567635c726c67bbd48314,16162702ccec82b2a0e27063cd04bd756a27af1f003b4cef0da976d843ef4725,none,read-only,exploratory-base,exploratory-reified,2b9b44b25cd1c568cd57c6c5df25ae260b68229044617821fb33f542dab77648,30e2f137e46adf31cbf946515707a3237ea7a5b1e32a4e3b81551f678798b917,2e884d94ace185d62b1b91debf493ccd0a69b83d08e74cf5f1c2be4851b14215,b38a65fc0c1a91e138f057f7b6c08d21c328463aceb40ffda53fc759f99d2f7a,bdd50c08a90e2fb713541b8a118df6250246a917edc41a6776aeafc90b472687,3275a971f6d6c91186877ecf06be4bf0d16ce92d320c212557569f0b3b4a9e43,"pcm-meta-v2:{""protocol"":""r9.2-frozen-identity-v7"",""message"":""whole cell exceeded 300s hard deadline; worker reaped"",""cell_wall_ms"":300000.0,""c_parse_samples"":[],""c_protocol_samples"":[],""construct_total_samples"":[],""construct_unattributed_samples"":[],""status"":""timeout"",""status_evidence"":{""kind"":""hard-wall-deadline"",""message"":""whole cell exceeded 300s hard deadline; worker reaped""},""construction_requested"":null,""construction_effective"":null,""commit"":""44fc27b739191805f2534eb6477da45cbe906c58"",""batch_id"":""d4addcae24e0f302de1455267e01b0878e6a0fb75949a15ebcf3a71f26a78176"",""query_sha256"":""8b244b13319b822a74e59eeb13abb60bb762b2e191e1bf3198b102b93135f740"",""engine"":""millenniumdb"",""engine_version"":""MillenniumDB [engines.json profile]"",""scale"":""100M"",""base_endpoint_sha256"":""007a0f6d40c4f5763053f0656a9a8961bef2a93fdcf0d680038343fd899f8922"",""reified_endpoint_sha256"":""449f806c0d1e860421279be80d03331f7ad131ca9af34621cf32cc41042190d3"",""update_endpoint_sha256"":""8a607274f1b3d176dd6acfdc7381c25676b642e78d334a9664e45a2bdf3d52a0"",""base_data_identity_sha256"":""8a988dc83f4082a4f27503ba2906dc6b8733b3c02be567635c726c67bbd48314"",""reified_data_identity_sha256"":""16162702ccec82b2a0e27063cd04bd756a27af1f003b4cef0da976d843ef4725"",""update_for"":""none"",""access_mode"":""read-only"",""base_data_name"":""exploratory-base"",""reified_data_name"":""exploratory-reified"",""update_canary_sha256"":""2b9b44b25cd1c568cd57c6c5df25ae260b68229044617821fb33f542dab77648"",""store_instance_sha256"":""30e2f137e46adf31cbf946515707a3237ea7a5b1e32a4e3b81551f678798b917"",""store_discriminator_sha256"":""2e884d94ace185d62b1b91debf493ccd0a69b83d08e74cf5f1c2be4851b14215"",""tool_sha256"":""b38a65fc0c1a91e138f057f7b6c08d21c328463aceb40ffda53fc759f99d2f7a"",""java_runtime_sha256"":""bdd50c08a90e2fb713541b8a118df6250246a917edc41a6776aeafc90b472687"",""run_identity_sha256"":""3275a971f6d6c91186877ecf06be4bf0d16ce92d320c212557569f0b3b4a9e43""}"
44fc27b739191805f2534eb6477da45cbe906c58,millenniumdb,MillenniumDB [engines.json profile],100M,C,C3,00,8b244b13319b822a74e59eeb13abb60bb762b2e191e1bf3198b102b93135f740,C,SPARQLcirc CircuitRewriter,timeout,,,,,,,1,3,300.0,,,,,,,396.111131,[],[],,[],,[],,[],r9.2-frozen-identity-v7,d4addcae24e0f302de1455267e01b0878e6a0fb75949a15ebcf3a71f26a78176,,,,,,,,,,,007a0f6d40c4f5763053f0656a9a8961bef2a93fdcf0d680038343fd899f8922,449f806c0d1e860421279be80d03331f7ad131ca9af34621cf32cc41042190d3,8a607274f1b3d176dd6acfdc7381c25676b642e78d334a9664e45a2bdf3d52a0,8a988dc83f4082a4f27503ba2906dc6b8733b3c02be567635c726c67bbd48314,16162702ccec82b2a0e27063cd04bd756a27af1f003b4cef0da976d843ef4725,none,read-only,exploratory-base,exploratory-reified,2b9b44b25cd1c568cd57c6c5df25ae260b68229044617821fb33f542dab77648,30e2f137e46adf31cbf946515707a3237ea7a5b1e32a4e3b81551f678798b917,2e884d94ace185d62b1b91debf493ccd0a69b83d08e74cf5f1c2be4851b14215,b38a65fc0c1a91e138f057f7b6c08d21c328463aceb40ffda53fc759f99d2f7a,bdd50c08a90e2fb713541b8a118df6250246a917edc41a6776aeafc90b472687,3275a971f6d6c91186877ecf06be4bf0d16ce92d320c212557569f0b3b4a9e43,"pcm-meta-v2:{""protocol"":""r9.2-frozen-identity-v7"",""message"":""whole cell exceeded 300s hard deadline; worker reaped"",""cell_wall_ms"":300000.0,""c_parse_samples"":[],""c_protocol_samples"":[],""construct_total_samples"":[],""construct_unattributed_samples"":[],""status"":""timeout"",""status_evidence"":{""kind"":""hard-wall-deadline"",""message"":""whole cell exceeded 300s hard deadline; worker reaped""},""construction_requested"":null,""construction_effective"":null,""commit"":""44fc27b739191805f2534eb6477da45cbe906c58"",""batch_id"":""d4addcae24e0f302de1455267e01b0878e6a0fb75949a15ebcf3a71f26a78176"",""query_sha256"":""8b244b13319b822a74e59eeb13abb60bb762b2e191e1bf3198b102b93135f740"",""engine"":""millenniumdb"",""engine_version"":""MillenniumDB [engines.json profile]"",""scale"":""100M"",""base_endpoint_sha256"":""007a0f6d40c4f5763053f0656a9a8961bef2a93fdcf0d680038343fd899f8922"",""reified_endpoint_sha256"":""449f806c0d1e860421279be80d03331f7ad131ca9af34621cf32cc41042190d3"",""update_endpoint_sha256"":""8a607274f1b3d176dd6acfdc7381c25676b642e78d334a9664e45a2bdf3d52a0"",""base_data_identity_sha256"":""8a988dc83f4082a4f27503ba2906dc6b8733b3c02be567635c726c67bbd48314"",""reified_data_identity_sha256"":""16162702ccec82b2a0e27063cd04bd756a27af1f003b4cef0da976d843ef4725"",""update_for"":""none"",""access_mode"":""read-only"",""base_data_name"":""exploratory-base"",""reified_data_name"":""exploratory-reified"",""update_canary_sha256"":""2b9b44b25cd1c568cd57c6c5df25ae260b68229044617821fb33f542dab77648"",""store_instance_sha256"":""30e2f137e46adf31cbf946515707a3237ea7a5b1e32a4e3b81551f678798b917"",""store_discriminator_sha256"":""2e884d94ace185d62b1b91debf493ccd0a69b83d08e74cf5f1c2be4851b14215"",""tool_sha256"":""b38a65fc0c1a91e138f057f7b6c08d21c328463aceb40ffda53fc759f99d2f7a"",""java_runtime_sha256"":""bdd50c08a90e2fb713541b8a118df6250246a917edc41a6776aeafc90b472687"",""run_identity_sha256"":""3275a971f6d6c91186877ecf06be4bf0d16ce92d320c212557569f0b3b4a9e43""}"
