commit,engine,engine_version,scale,class,template,instance,query_sha256,method,implementation,status,answers,median_ms,min_ms,max_ms,mean_ms,sd_ms,warmups,runs,timeout_s,response_bytes,c_parse_median_ms,gates,edges,derivations,npcs_token_occurrences,rewrite_ms,samples_json,c_parse_samples_json,c_protocol_median_ms,c_protocol_samples_json,construct_total_ms,construct_total_samples_json,construct_unattributed_median_ms,construct_unattributed_samples_json,protocol,batch_id,answer_kind,answer_key_count,answer_fingerprint,construction_requested,construction_effective,circuit_sha256,circuit_cache_path,circuit_cache_metadata_path,circuit_cache_observation_sha256,circuit_cache_sidecar_sha256,base_endpoint_sha256,reified_endpoint_sha256,update_endpoint_sha256,base_data_identity_sha256,reified_data_identity_sha256,update_for,access_mode,base_data_name,reified_data_name,update_canary_sha256,store_instance_sha256,store_discriminator_sha256,tool_sha256,java_runtime_sha256,run_identity_sha256,notes
baf731844a65b830a95b2167d5a3b6b77d65abcd,millenniumdb,MillenniumDB [engines.json profile],10M,L,L1,00,98fe99bb2a8bc2b3e41d8cc31e774d8a405b22eb745fbaefad8963b8e59922f4,B,base-select,ok,2,2.6,2.5,2.7,2.6,0.1,1,3,300.0,326,0.0,,,,,0.00948,"[2.709, 2.597, 2.523]","[0.0, 0.0, 0.0]",,[],,[],,[],r9.2-frozen-identity-v7,e8c277ee67e4450f01e4c10029673d7e8ebf8a0c054c3aafff95cb7f85e599a7,csv-binding-multiset-v1,2,6f910be9bba7acfb9dc00b75197a13c0653a29bbc3d6db67382d6a423cc67cf4,,,,,,,,3468610cc4e68c6a0db393e82d8981ea7136faf570fafbd39ac70ec58665cd16,288dcc57d9aa106343144401ea35f7ac346f23f881320d2a828dd038019e3d1a,8a607274f1b3d176dd6acfdc7381c25676b642e78d334a9664e45a2bdf3d52a0,59fb59a04cd20e6dec9ee47cf1de02734068a3328cade998a3fc44a746054ea8,a42a308bd2c5294f3aa79a1a3b15804d4137fd68d7677d9adc037e257a217e76,none,read-only,exploratory-base,exploratory-reified,2b9b44b25cd1c568cd57c6c5df25ae260b68229044617821fb33f542dab77648,2fa0b01dffc52d6647e98c7f554a1a4ff05e5abe6830b9c10d45f5dd8984f60d,f9ff8d30db2db1840ca1585b5598b1cf4d1d06ac2adb86a55b430669507fabff,b38a65fc0c1a91e138f057f7b6c08d21c328463aceb40ffda53fc759f99d2f7a,bdd50c08a90e2fb713541b8a118df6250246a917edc41a6776aeafc90b472687,993f5b03dc0c7992dcd4ccb86477244bfa09ce44168549f2eb0be5d36b34852d,"pcm-meta-v2:{""protocol"":""r9.2-frozen-identity-v7"",""message"":"""",""cell_wall_ms"":33.819,""answer_kind"":""csv-binding-multiset-v1"",""answer_key_count"":2,""answer_fingerprint"":""6f910be9bba7acfb9dc00b75197a13c0653a29bbc3d6db67382d6a423cc67cf4"",""c_parse_samples"":[0.0,0.0,0.0],""c_protocol_samples"":[],""construct_total_samples"":[],""construct_unattributed_samples"":[],""status"":""ok"",""status_evidence"":null,""construction_requested"":null,""construction_effective"":null,""commit"":""baf731844a65b830a95b2167d5a3b6b77d65abcd"",""batch_id"":""e8c277ee67e4450f01e4c10029673d7e8ebf8a0c054c3aafff95cb7f85e599a7"",""query_sha256"":""98fe99bb2a8bc2b3e41d8cc31e774d8a405b22eb745fbaefad8963b8e59922f4"",""engine"":""millenniumdb"",""engine_version"":""MillenniumDB [engines.json profile]"",""scale"":""10M"",""base_endpoint_sha256"":""3468610cc4e68c6a0db393e82d8981ea7136faf570fafbd39ac70ec58665cd16"",""reified_endpoint_sha256"":""288dcc57d9aa106343144401ea35f7ac346f23f881320d2a828dd038019e3d1a"",""update_endpoint_sha256"":""8a607274f1b3d176dd6acfdc7381c25676b642e78d334a9664e45a2bdf3d52a0"",""base_data_identity_sha256"":""59fb59a04cd20e6dec9ee47cf1de02734068a3328cade998a3fc44a746054ea8"",""reified_data_identity_sha256"":""a42a308bd2c5294f3aa79a1a3b15804d4137fd68d7677d9adc037e257a217e76"",""update_for"":""none"",""access_mode"":""read-only"",""base_data_name"":""exploratory-base"",""reified_data_name"":""exploratory-reified"",""update_canary_sha256"":""2b9b44b25cd1c568cd57c6c5df25ae260b68229044617821fb33f542dab77648"",""store_instance_sha256"":""2fa0b01dffc52d6647e98c7f554a1a4ff05e5abe6830b9c10d45f5dd8984f60d"",""store_discriminator_sha256"":""f9ff8d30db2db1840ca1585b5598b1cf4d1d06ac2adb86a55b430669507fabff"",""tool_sha256"":""b38a65fc0c1a91e138f057f7b6c08d21c328463aceb40ffda53fc759f99d2f7a"",""java_runtime_sha256"":""bdd50c08a90e2fb713541b8a118df6250246a917edc41a6776aeafc90b472687"",""run_identity_sha256"":""993f5b03dc0c7992dcd4ccb86477244bfa09ce44168549f2eb0be5d36b34852d""}"
baf731844a65b830a95b2167d5a3b6b77d65abcd,millenniumdb,MillenniumDB [engines.json profile],10M,L,L1,00,98fe99bb2a8bc2b3e41d8cc31e774d8a405b22eb745fbaefad8963b8e59922f4,R,reification-only,ok,2,5.6,3.7,6.8,5.4,1.6,1,3,300.0,326,0.0,,,,,179.219187,"[3.679, 5.609, 6.825]","[0.0, 0.0, 0.0]",,[],,[],,[],r9.2-frozen-identity-v7,e8c277ee67e4450f01e4c10029673d7e8ebf8a0c054c3aafff95cb7f85e599a7,csv-binding-multiset-v1,2,6f910be9bba7acfb9dc00b75197a13c0653a29bbc3d6db67382d6a423cc67cf4,,,,,,,,3468610cc4e68c6a0db393e82d8981ea7136faf570fafbd39ac70ec58665cd16,288dcc57d9aa106343144401ea35f7ac346f23f881320d2a828dd038019e3d1a,8a607274f1b3d176dd6acfdc7381c25676b642e78d334a9664e45a2bdf3d52a0,59fb59a04cd20e6dec9ee47cf1de02734068a3328cade998a3fc44a746054ea8,a42a308bd2c5294f3aa79a1a3b15804d4137fd68d7677d9adc037e257a217e76,none,read-only,exploratory-base,exploratory-reified,2b9b44b25cd1c568cd57c6c5df25ae260b68229044617821fb33f542dab77648,2fa0b01dffc52d6647e98c7f554a1a4ff05e5abe6830b9c10d45f5dd8984f60d,f9ff8d30db2db1840ca1585b5598b1cf4d1d06ac2adb86a55b430669507fabff,b38a65fc0c1a91e138f057f7b6c08d21c328463aceb40ffda53fc759f99d2f7a,bdd50c08a90e2fb713541b8a118df6250246a917edc41a6776aeafc90b472687,993f5b03dc0c7992dcd4ccb86477244bfa09ce44168549f2eb0be5d36b34852d,"pcm-meta-v2:{""protocol"":""r9.2-frozen-identity-v7"",""message"":"""",""cell_wall_ms"":252.606,""answer_kind"":""csv-binding-multiset-v1"",""answer_key_count"":2,""answer_fingerprint"":""6f910be9bba7acfb9dc00b75197a13c0653a29bbc3d6db67382d6a423cc67cf4"",""c_parse_samples"":[0.0,0.0,0.0],""c_protocol_samples"":[],""construct_total_samples"":[],""construct_unattributed_samples"":[],""status"":""ok"",""status_evidence"":null,""construction_requested"":null,""construction_effective"":null,""commit"":""baf731844a65b830a95b2167d5a3b6b77d65abcd"",""batch_id"":""e8c277ee67e4450f01e4c10029673d7e8ebf8a0c054c3aafff95cb7f85e599a7"",""query_sha256"":""98fe99bb2a8bc2b3e41d8cc31e774d8a405b22eb745fbaefad8963b8e59922f4"",""engine"":""millenniumdb"",""engine_version"":""MillenniumDB [engines.json profile]"",""scale"":""10M"",""base_endpoint_sha256"":""3468610cc4e68c6a0db393e82d8981ea7136faf570fafbd39ac70ec58665cd16"",""reified_endpoint_sha256"":""288dcc57d9aa106343144401ea35f7ac346f23f881320d2a828dd038019e3d1a"",""update_endpoint_sha256"":""8a607274f1b3d176dd6acfdc7381c25676b642e78d334a9664e45a2bdf3d52a0"",""base_data_identity_sha256"":""59fb59a04cd20e6dec9ee47cf1de02734068a3328cade998a3fc44a746054ea8"",""reified_data_identity_sha256"":""a42a308bd2c5294f3aa79a1a3b15804d4137fd68d7677d9adc037e257a217e76"",""update_for"":""none"",""access_mode"":""read-only"",""base_data_name"":""exploratory-base"",""reified_data_name"":""exploratory-reified"",""update_canary_sha256"":""2b9b44b25cd1c568cd57c6c5df25ae260b68229044617821fb33f542dab77648"",""store_instance_sha256"":""2fa0b01dffc52d6647e98c7f554a1a4ff05e5abe6830b9c10d45f5dd8984f60d"",""store_discriminator_sha256"":""f9ff8d30db2db1840ca1585b5598b1cf4d1d06ac2adb86a55b430669507fabff"",""tool_sha256"":""b38a65fc0c1a91e138f057f7b6c08d21c328463aceb40ffda53fc759f99d2f7a"",""java_runtime_sha256"":""bdd50c08a90e2fb713541b8a118df6250246a917edc41a6776aeafc90b472687"",""run_identity_sha256"":""993f5b03dc0c7992dcd4ccb86477244bfa09ce44168549f2eb0be5d36b34852d""}"
baf731844a65b830a95b2167d5a3b6b77d65abcd,millenniumdb,MillenniumDB [engines.json profile],10M,L,L1,00,98fe99bb2a8bc2b3e41d8cc31e774d8a405b22eb745fbaefad8963b8e59922f4,N,N_clean (NPCS reimplementation),ok,2,4.8,4.4,4.9,4.7,0.3,1,3,300.0,458,0.0,,,,2,192.204472,"[4.895, 4.839, 4.365]","[0.0, 0.0, 0.0]",,[],,[],,[],r9.2-frozen-identity-v7,e8c277ee67e4450f01e4c10029673d7e8ebf8a0c054c3aafff95cb7f85e599a7,csv-candidate-multiset-v1,2,6f910be9bba7acfb9dc00b75197a13c0653a29bbc3d6db67382d6a423cc67cf4,,,,,,,,3468610cc4e68c6a0db393e82d8981ea7136faf570fafbd39ac70ec58665cd16,288dcc57d9aa106343144401ea35f7ac346f23f881320d2a828dd038019e3d1a,8a607274f1b3d176dd6acfdc7381c25676b642e78d334a9664e45a2bdf3d52a0,59fb59a04cd20e6dec9ee47cf1de02734068a3328cade998a3fc44a746054ea8,a42a308bd2c5294f3aa79a1a3b15804d4137fd68d7677d9adc037e257a217e76,none,read-only,exploratory-base,exploratory-reified,2b9b44b25cd1c568cd57c6c5df25ae260b68229044617821fb33f542dab77648,2fa0b01dffc52d6647e98c7f554a1a4ff05e5abe6830b9c10d45f5dd8984f60d,f9ff8d30db2db1840ca1585b5598b1cf4d1d06ac2adb86a55b430669507fabff,b38a65fc0c1a91e138f057f7b6c08d21c328463aceb40ffda53fc759f99d2f7a,bdd50c08a90e2fb713541b8a118df6250246a917edc41a6776aeafc90b472687,993f5b03dc0c7992dcd4ccb86477244bfa09ce44168549f2eb0be5d36b34852d,"pcm-meta-v2:{""protocol"":""r9.2-frozen-identity-v7"",""message"":"""",""cell_wall_ms"":224.27,""answer_kind"":""csv-candidate-multiset-v1"",""answer_key_count"":2,""answer_fingerprint"":""6f910be9bba7acfb9dc00b75197a13c0653a29bbc3d6db67382d6a423cc67cf4"",""c_parse_samples"":[0.0,0.0,0.0],""c_protocol_samples"":[],""construct_total_samples"":[],""construct_unattributed_samples"":[],""status"":""ok"",""status_evidence"":null,""construction_requested"":null,""construction_effective"":null,""commit"":""baf731844a65b830a95b2167d5a3b6b77d65abcd"",""batch_id"":""e8c277ee67e4450f01e4c10029673d7e8ebf8a0c054c3aafff95cb7f85e599a7"",""query_sha256"":""98fe99bb2a8bc2b3e41d8cc31e774d8a405b22eb745fbaefad8963b8e59922f4"",""engine"":""millenniumdb"",""engine_version"":""MillenniumDB [engines.json profile]"",""scale"":""10M"",""base_endpoint_sha256"":""3468610cc4e68c6a0db393e82d8981ea7136faf570fafbd39ac70ec58665cd16"",""reified_endpoint_sha256"":""288dcc57d9aa106343144401ea35f7ac346f23f881320d2a828dd038019e3d1a"",""update_endpoint_sha256"":""8a607274f1b3d176dd6acfdc7381c25676b642e78d334a9664e45a2bdf3d52a0"",""base_data_identity_sha256"":""59fb59a04cd20e6dec9ee47cf1de02734068a3328cade998a3fc44a746054ea8"",""reified_data_identity_sha256"":""a42a308bd2c5294f3aa79a1a3b15804d4137fd68d7677d9adc037e257a217e76"",""update_for"":""none"",""access_mode"":""read-only"",""base_data_name"":""exploratory-base"",""reified_data_name"":""exploratory-reified"",""update_canary_sha256"":""2b9b44b25cd1c568cd57c6c5df25ae260b68229044617821fb33f542dab77648"",""store_instance_sha256"":""2fa0b01dffc52d6647e98c7f554a1a4ff05e5abe6830b9c10d45f5dd8984f60d"",""store_discriminator_sha256"":""f9ff8d30db2db1840ca1585b5598b1cf4d1d06ac2adb86a55b430669507fabff"",""tool_sha256"":""b38a65fc0c1a91e138f057f7b6c08d21c328463aceb40ffda53fc759f99d2f7a"",""java_runtime_sha256"":""bdd50c08a90e2fb713541b8a118df6250246a917edc41a6776aeafc90b472687"",""run_identity_sha256"":""993f5b03dc0c7992dcd4ccb86477244bfa09ce44168549f2eb0be5d36b34852d""}"
baf731844a65b830a95b2167d5a3b6b77d65abcd,millenniumdb,MillenniumDB [engines.json profile],10M,L,L1,00,98fe99bb2a8bc2b3e41d8cc31e774d8a405b22eb745fbaefad8963b8e59922f4,C,SPARQLcirc CircuitRewriter,ok,2,10.2,10.1,10.5,10.3,0.2,1,3,300.0,4706,0.7,4,8,2,,377.021824,"[10.479, 10.134, 10.235]","[0.684, 0.681, 0.651]",0.0,"[0.0, 0.0, 0.0]",11.0,"[11.257, 10.904, 10.988]",0.1,"[0.094, 0.089, 0.102]",r9.2-frozen-identity-v7,e8c277ee67e4450f01e4c10029673d7e8ebf8a0c054c3aafff95cb7f85e599a7,term-aware-candidate-set-v1,2,42ef01f7735339eac83ab7a48e7a34b16c4a162f17ab40998ffea7ba91a168ea,flat,flat,498a5ff279e40911718a97023056a3646265ec24cb68a88caa081d712865200c,,,,,3468610cc4e68c6a0db393e82d8981ea7136faf570fafbd39ac70ec58665cd16,288dcc57d9aa106343144401ea35f7ac346f23f881320d2a828dd038019e3d1a,8a607274f1b3d176dd6acfdc7381c25676b642e78d334a9664e45a2bdf3d52a0,59fb59a04cd20e6dec9ee47cf1de02734068a3328cade998a3fc44a746054ea8,a42a308bd2c5294f3aa79a1a3b15804d4137fd68d7677d9adc037e257a217e76,none,read-only,exploratory-base,exploratory-reified,2b9b44b25cd1c568cd57c6c5df25ae260b68229044617821fb33f542dab77648,2fa0b01dffc52d6647e98c7f554a1a4ff05e5abe6830b9c10d45f5dd8984f60d,f9ff8d30db2db1840ca1585b5598b1cf4d1d06ac2adb86a55b430669507fabff,b38a65fc0c1a91e138f057f7b6c08d21c328463aceb40ffda53fc759f99d2f7a,bdd50c08a90e2fb713541b8a118df6250246a917edc41a6776aeafc90b472687,993f5b03dc0c7992dcd4ccb86477244bfa09ce44168549f2eb0be5d36b34852d,"pcm-meta-v2:{""protocol"":""r9.2-frozen-identity-v7"",""message"":""C requested=flat effective=flat; steps=1 feedback=0; network includes CONSTRUCT, feedback INSERT, and cleanup DELETE"",""cell_wall_ms"":513.498,""answer_kind"":""term-aware-candidate-set-v1"",""answer_key_count"":2,""answer_fingerprint"":""42ef01f7735339eac83ab7a48e7a34b16c4a162f17ab40998ffea7ba91a168ea"",""c_parse_samples"":[0.684,0.681,0.651],""c_protocol_samples"":[{""requested_mode"":""flat"",""effective_mode"":""flat"",""fallback_reason"":null,""plan_steps"":1,""feedback_steps"":0,""feedback_triples"":0,""construct_query_ms"":10.479,""feedback_update_ms"":0.0,""cleanup_ms"":0.0,""client_protocol_ms"":0.0,""network_scope"":""construct+feedback+cleanup"",""circuit_sha256"":""498a5ff279e40911718a97023056a3646265ec24cb68a88caa081d712865200c"",""answer_fingerprint"":""42ef01f7735339eac83ab7a48e7a34b16c4a162f17ab40998ffea7ba91a168ea"",""semantic_signature_sha256"":""9dfc4894d637aa6558d293fa5f5d59c70072dae34aeca6dd067335de034c776a"",""structure_signature"":{""gates"":4,""edges"":8,""answers"":2,""derivations"":2,""canonical_bytes"":4706},""construct_total_ms"":11.257,""client_unattributed_ms"":0.094},{""requested_mode"":""flat"",""effective_mode"":""flat"",""fallback_reason"":null,""plan_steps"":1,""feedback_steps"":0,""feedback_triples"":0,""construct_query_ms"":10.134,""feedback_update_ms"":0.0,""cleanup_ms"":0.0,""client_protocol_ms"":0.0,""network_scope"":""construct+feedback+cleanup"",""circuit_sha256"":""498a5ff279e40911718a97023056a3646265ec24cb68a88caa081d712865200c"",""answer_fingerprint"":""42ef01f7735339eac83ab7a48e7a34b16c4a162f17ab40998ffea7ba91a168ea"",""semantic_signature_sha256"":""9dfc4894d637aa6558d293fa5f5d59c70072dae34aeca6dd067335de034c776a"",""structure_signature"":{""gates"":4,""edges"":8,""answers"":2,""derivations"":2,""canonical_bytes"":4706},""construct_total_ms"":10.904,""client_unattributed_ms"":0.089},{""requested_mode"":""flat"",""effective_mode"":""flat"",""fallback_reason"":null,""plan_steps"":1,""feedback_steps"":0,""feedback_triples"":0,""construct_query_ms"":10.235,""feedback_update_ms"":0.0,""cleanup_ms"":0.0,""client_protocol_ms"":0.0,""network_scope"":""construct+feedback+cleanup"",""circuit_sha256"":""498a5ff279e40911718a97023056a3646265ec24cb68a88caa081d712865200c"",""answer_fingerprint"":""42ef01f7735339eac83ab7a48e7a34b16c4a162f17ab40998ffea7ba91a168ea"",""semantic_signature_sha256"":""9dfc4894d637aa6558d293fa5f5d59c70072dae34aeca6dd067335de034c776a"",""structure_signature"":{""gates"":4,""edges"":8,""answers"":2,""derivations"":2,""canonical_bytes"":4706},""construct_total_ms"":10.988,""client_unattributed_ms"":0.102}],""construct_total_samples"":[11.257,10.904,10.988],""construct_unattributed_samples"":[0.094,0.089,0.102],""status"":""ok"",""status_evidence"":null,""c_warmup_signatures"":[""9dfc4894d637aa6558d293fa5f5d59c70072dae34aeca6dd067335de034c776a""],""measured_semantic_signature_sha256"":""9dfc4894d637aa6558d293fa5f5d59c70072dae34aeca6dd067335de034c776a"",""measured_repetitions_consistent"":true,""construction_requested"":""flat"",""construction_effective"":""flat"",""commit"":""baf731844a65b830a95b2167d5a3b6b77d65abcd"",""batch_id"":""e8c277ee67e4450f01e4c10029673d7e8ebf8a0c054c3aafff95cb7f85e599a7"",""query_sha256"":""98fe99bb2a8bc2b3e41d8cc31e774d8a405b22eb745fbaefad8963b8e59922f4"",""engine"":""millenniumdb"",""engine_version"":""MillenniumDB [engines.json profile]"",""scale"":""10M"",""base_endpoint_sha256"":""3468610cc4e68c6a0db393e82d8981ea7136faf570fafbd39ac70ec58665cd16"",""reified_endpoint_sha256"":""288dcc57d9aa106343144401ea35f7ac346f23f881320d2a828dd038019e3d1a"",""update_endpoint_sha256"":""8a607274f1b3d176dd6acfdc7381c25676b642e78d334a9664e45a2bdf3d52a0"",""base_data_identity_sha256"":""59fb59a04cd20e6dec9ee47cf1de02734068a3328cade998a3fc44a746054ea8"",""reified_data_identity_sha256"":""a42a308bd2c5294f3aa79a1a3b15804d4137fd68d7677d9adc037e257a217e76"",""update_for"":""none"",""access_mode"":""read-only"",""base_data_name"":""exploratory-base"",""reified_data_name"":""exploratory-reified"",""update_canary_sha256"":""2b9b44b25cd1c568cd57c6c5df25ae260b68229044617821fb33f542dab77648"",""store_instance_sha256"":""2fa0b01dffc52d6647e98c7f554a1a4ff05e5abe6830b9c10d45f5dd8984f60d"",""store_discriminator_sha256"":""f9ff8d30db2db1840ca1585b5598b1cf4d1d06ac2adb86a55b430669507fabff"",""tool_sha256"":""b38a65fc0c1a91e138f057f7b6c08d21c328463aceb40ffda53fc759f99d2f7a"",""java_runtime_sha256"":""bdd50c08a90e2fb713541b8a118df6250246a917edc41a6776aeafc90b472687"",""run_identity_sha256"":""993f5b03dc0c7992dcd4ccb86477244bfa09ce44168549f2eb0be5d36b34852d""}"
baf731844a65b830a95b2167d5a3b6b77d65abcd,millenniumdb,MillenniumDB [engines.json profile],10M,L,L2,00,64873fb3e0533f5e97269a846ba7be46358d4ae4e7b00ae160b34130e60e4ce6,B,base-select,ok,36,2.5,2.3,2.7,2.5,0.2,1,3,300.0,3423,0.0,,,,,0.00945,"[2.336, 2.682, 2.461]","[0.0, 0.0, 0.0]",,[],,[],,[],r9.2-frozen-identity-v7,e8c277ee67e4450f01e4c10029673d7e8ebf8a0c054c3aafff95cb7f85e599a7,csv-binding-multiset-v1,36,c500801a551e56464dfa0936fd3ea24dc555c2ccce331019d83025d1fc0525ec,,,,,,,,3468610cc4e68c6a0db393e82d8981ea7136faf570fafbd39ac70ec58665cd16,288dcc57d9aa106343144401ea35f7ac346f23f881320d2a828dd038019e3d1a,8a607274f1b3d176dd6acfdc7381c25676b642e78d334a9664e45a2bdf3d52a0,59fb59a04cd20e6dec9ee47cf1de02734068a3328cade998a3fc44a746054ea8,a42a308bd2c5294f3aa79a1a3b15804d4137fd68d7677d9adc037e257a217e76,none,read-only,exploratory-base,exploratory-reified,2b9b44b25cd1c568cd57c6c5df25ae260b68229044617821fb33f542dab77648,2fa0b01dffc52d6647e98c7f554a1a4ff05e5abe6830b9c10d45f5dd8984f60d,f9ff8d30db2db1840ca1585b5598b1cf4d1d06ac2adb86a55b430669507fabff,b38a65fc0c1a91e138f057f7b6c08d21c328463aceb40ffda53fc759f99d2f7a,bdd50c08a90e2fb713541b8a118df6250246a917edc41a6776aeafc90b472687,2bb1d630ee676522735012df04cfa2ef1a413426725ae6c4c9cddb1a57d2f822,"pcm-meta-v2:{""protocol"":""r9.2-frozen-identity-v7"",""message"":"""",""cell_wall_ms"":21.283,""answer_kind"":""csv-binding-multiset-v1"",""answer_key_count"":36,""answer_fingerprint"":""c500801a551e56464dfa0936fd3ea24dc555c2ccce331019d83025d1fc0525ec"",""c_parse_samples"":[0.0,0.0,0.0],""c_protocol_samples"":[],""construct_total_samples"":[],""construct_unattributed_samples"":[],""status"":""ok"",""status_evidence"":null,""construction_requested"":null,""construction_effective"":null,""commit"":""baf731844a65b830a95b2167d5a3b6b77d65abcd"",""batch_id"":""e8c277ee67e4450f01e4c10029673d7e8ebf8a0c054c3aafff95cb7f85e599a7"",""query_sha256"":""64873fb3e0533f5e97269a846ba7be46358d4ae4e7b00ae160b34130e60e4ce6"",""engine"":""millenniumdb"",""engine_version"":""MillenniumDB [engines.json profile]"",""scale"":""10M"",""base_endpoint_sha256"":""3468610cc4e68c6a0db393e82d8981ea7136faf570fafbd39ac70ec58665cd16"",""reified_endpoint_sha256"":""288dcc57d9aa106343144401ea35f7ac346f23f881320d2a828dd038019e3d1a"",""update_endpoint_sha256"":""8a607274f1b3d176dd6acfdc7381c25676b642e78d334a9664e45a2bdf3d52a0"",""base_data_identity_sha256"":""59fb59a04cd20e6dec9ee47cf1de02734068a3328cade998a3fc44a746054ea8"",""reified_data_identity_sha256"":""a42a308bd2c5294f3aa79a1a3b15804d4137fd68d7677d9adc037e257a217e76"",""update_for"":""none"",""access_mode"":""read-only"",""base_data_name"":""exploratory-base"",""reified_data_name"":""exploratory-reified"",""update_canary_sha256"":""2b9b44b25cd1c568cd57c6c5df25ae260b68229044617821fb33f542dab77648"",""store_instance_sha256"":""2fa0b01dffc52d6647e98c7f554a1a4ff05e5abe6830b9c10d45f5dd8984f60d"",""store_discriminator_sha256"":""f9ff8d30db2db1840ca1585b5598b1cf4d1d06ac2adb86a55b430669507fabff"",""tool_sha256"":""b38a65fc0c1a91e138f057f7b6c08d21c328463aceb40ffda53fc759f99d2f7a"",""java_runtime_sha256"":""bdd50c08a90e2fb713541b8a118df6250246a917edc41a6776aeafc90b472687"",""run_identity_sha256"":""2bb1d630ee676522735012df04cfa2ef1a413426725ae6c4c9cddb1a57d2f822""}"
baf731844a65b830a95b2167d5a3b6b77d65abcd,millenniumdb,MillenniumDB [engines.json profile],10M,L,L2,00,64873fb3e0533f5e97269a846ba7be46358d4ae4e7b00ae160b34130e60e4ce6,R,reification-only,ok,36,14.9,14.8,15.2,14.9,0.2,1,3,300.0,3423,0.0,,,,,196.557058,"[15.176, 14.857, 14.751]","[0.0, 0.0, 0.0]",,[],,[],,[],r9.2-frozen-identity-v7,e8c277ee67e4450f01e4c10029673d7e8ebf8a0c054c3aafff95cb7f85e599a7,csv-binding-multiset-v1,36,c500801a551e56464dfa0936fd3ea24dc555c2ccce331019d83025d1fc0525ec,,,,,,,,3468610cc4e68c6a0db393e82d8981ea7136faf570fafbd39ac70ec58665cd16,288dcc57d9aa106343144401ea35f7ac346f23f881320d2a828dd038019e3d1a,8a607274f1b3d176dd6acfdc7381c25676b642e78d334a9664e45a2bdf3d52a0,59fb59a04cd20e6dec9ee47cf1de02734068a3328cade998a3fc44a746054ea8,a42a308bd2c5294f3aa79a1a3b15804d4137fd68d7677d9adc037e257a217e76,none,read-only,exploratory-base,exploratory-reified,2b9b44b25cd1c568cd57c6c5df25ae260b68229044617821fb33f542dab77648,2fa0b01dffc52d6647e98c7f554a1a4ff05e5abe6830b9c10d45f5dd8984f60d,f9ff8d30db2db1840ca1585b5598b1cf4d1d06ac2adb86a55b430669507fabff,b38a65fc0c1a91e138f057f7b6c08d21c328463aceb40ffda53fc759f99d2f7a,bdd50c08a90e2fb713541b8a118df6250246a917edc41a6776aeafc90b472687,2bb1d630ee676522735012df04cfa2ef1a413426725ae6c4c9cddb1a57d2f822,"pcm-meta-v2:{""protocol"":""r9.2-frozen-identity-v7"",""message"":"""",""cell_wall_ms"":569.015,""answer_kind"":""csv-binding-multiset-v1"",""answer_key_count"":36,""answer_fingerprint"":""c500801a551e56464dfa0936fd3ea24dc555c2ccce331019d83025d1fc0525ec"",""c_parse_samples"":[0.0,0.0,0.0],""c_protocol_samples"":[],""construct_total_samples"":[],""construct_unattributed_samples"":[],""status"":""ok"",""status_evidence"":null,""construction_requested"":null,""construction_effective"":null,""commit"":""baf731844a65b830a95b2167d5a3b6b77d65abcd"",""batch_id"":""e8c277ee67e4450f01e4c10029673d7e8ebf8a0c054c3aafff95cb7f85e599a7"",""query_sha256"":""64873fb3e0533f5e97269a846ba7be46358d4ae4e7b00ae160b34130e60e4ce6"",""engine"":""millenniumdb"",""engine_version"":""MillenniumDB [engines.json profile]"",""scale"":""10M"",""base_endpoint_sha256"":""3468610cc4e68c6a0db393e82d8981ea7136faf570fafbd39ac70ec58665cd16"",""reified_endpoint_sha256"":""288dcc57d9aa106343144401ea35f7ac346f23f881320d2a828dd038019e3d1a"",""update_endpoint_sha256"":""8a607274f1b3d176dd6acfdc7381c25676b642e78d334a9664e45a2bdf3d52a0"",""base_data_identity_sha256"":""59fb59a04cd20e6dec9ee47cf1de02734068a3328cade998a3fc44a746054ea8"",""reified_data_identity_sha256"":""a42a308bd2c5294f3aa79a1a3b15804d4137fd68d7677d9adc037e257a217e76"",""update_for"":""none"",""access_mode"":""read-only"",""base_data_name"":""exploratory-base"",""reified_data_name"":""exploratory-reified"",""update_canary_sha256"":""2b9b44b25cd1c568cd57c6c5df25ae260b68229044617821fb33f542dab77648"",""store_instance_sha256"":""2fa0b01dffc52d6647e98c7f554a1a4ff05e5abe6830b9c10d45f5dd8984f60d"",""store_discriminator_sha256"":""f9ff8d30db2db1840ca1585b5598b1cf4d1d06ac2adb86a55b430669507fabff"",""tool_sha256"":""b38a65fc0c1a91e138f057f7b6c08d21c328463aceb40ffda53fc759f99d2f7a"",""java_runtime_sha256"":""bdd50c08a90e2fb713541b8a118df6250246a917edc41a6776aeafc90b472687"",""run_identity_sha256"":""2bb1d630ee676522735012df04cfa2ef1a413426725ae6c4c9cddb1a57d2f822""}"
baf731844a65b830a95b2167d5a3b6b77d65abcd,millenniumdb,MillenniumDB [engines.json profile],10M,L,L2,00,64873fb3e0533f5e97269a846ba7be46358d4ae4e7b00ae160b34130e60e4ce6,N,N_clean (NPCS reimplementation),ok,36,15.7,15.6,16.6,16.0,0.6,1,3,300.0,5215,0.0,,,,36,307.168183,"[15.727, 15.595, 16.614]","[0.0, 0.0, 0.0]",,[],,[],,[],r9.2-frozen-identity-v7,e8c277ee67e4450f01e4c10029673d7e8ebf8a0c054c3aafff95cb7f85e599a7,csv-candidate-multiset-v1,36,c500801a551e56464dfa0936fd3ea24dc555c2ccce331019d83025d1fc0525ec,,,,,,,,3468610cc4e68c6a0db393e82d8981ea7136faf570fafbd39ac70ec58665cd16,288dcc57d9aa106343144401ea35f7ac346f23f881320d2a828dd038019e3d1a,8a607274f1b3d176dd6acfdc7381c25676b642e78d334a9664e45a2bdf3d52a0,59fb59a04cd20e6dec9ee47cf1de02734068a3328cade998a3fc44a746054ea8,a42a308bd2c5294f3aa79a1a3b15804d4137fd68d7677d9adc037e257a217e76,none,read-only,exploratory-base,exploratory-reified,2b9b44b25cd1c568cd57c6c5df25ae260b68229044617821fb33f542dab77648,2fa0b01dffc52d6647e98c7f554a1a4ff05e5abe6830b9c10d45f5dd8984f60d,f9ff8d30db2db1840ca1585b5598b1cf4d1d06ac2adb86a55b430669507fabff,b38a65fc0c1a91e138f057f7b6c08d21c328463aceb40ffda53fc759f99d2f7a,bdd50c08a90e2fb713541b8a118df6250246a917edc41a6776aeafc90b472687,2bb1d630ee676522735012df04cfa2ef1a413426725ae6c4c9cddb1a57d2f822,"pcm-meta-v2:{""protocol"":""r9.2-frozen-identity-v7"",""message"":"""",""cell_wall_ms"":412.034,""answer_kind"":""csv-candidate-multiset-v1"",""answer_key_count"":36,""answer_fingerprint"":""c500801a551e56464dfa0936fd3ea24dc555c2ccce331019d83025d1fc0525ec"",""c_parse_samples"":[0.0,0.0,0.0],""c_protocol_samples"":[],""construct_total_samples"":[],""construct_unattributed_samples"":[],""status"":""ok"",""status_evidence"":null,""construction_requested"":null,""construction_effective"":null,""commit"":""baf731844a65b830a95b2167d5a3b6b77d65abcd"",""batch_id"":""e8c277ee67e4450f01e4c10029673d7e8ebf8a0c054c3aafff95cb7f85e599a7"",""query_sha256"":""64873fb3e0533f5e97269a846ba7be46358d4ae4e7b00ae160b34130e60e4ce6"",""engine"":""millenniumdb"",""engine_version"":""MillenniumDB [engines.json profile]"",""scale"":""10M"",""base_endpoint_sha256"":""3468610cc4e68c6a0db393e82d8981ea7136faf570fafbd39ac70ec58665cd16"",""reified_endpoint_sha256"":""288dcc57d9aa106343144401ea35f7ac346f23f881320d2a828dd038019e3d1a"",""update_endpoint_sha256"":""8a607274f1b3d176dd6acfdc7381c25676b642e78d334a9664e45a2bdf3d52a0"",""base_data_identity_sha256"":""59fb59a04cd20e6dec9ee47cf1de02734068a3328cade998a3fc44a746054ea8"",""reified_data_identity_sha256"":""a42a308bd2c5294f3aa79a1a3b15804d4137fd68d7677d9adc037e257a217e76"",""update_for"":""none"",""access_mode"":""read-only"",""base_data_name"":""exploratory-base"",""reified_data_name"":""exploratory-reified"",""update_canary_sha256"":""2b9b44b25cd1c568cd57c6c5df25ae260b68229044617821fb33f542dab77648"",""store_instance_sha256"":""2fa0b01dffc52d6647e98c7f554a1a4ff05e5abe6830b9c10d45f5dd8984f60d"",""store_discriminator_sha256"":""f9ff8d30db2db1840ca1585b5598b1cf4d1d06ac2adb86a55b430669507fabff"",""tool_sha256"":""b38a65fc0c1a91e138f057f7b6c08d21c328463aceb40ffda53fc759f99d2f7a"",""java_runtime_sha256"":""bdd50c08a90e2fb713541b8a118df6250246a917edc41a6776aeafc90b472687"",""run_identity_sha256"":""2bb1d630ee676522735012df04cfa2ef1a413426725ae6c4c9cddb1a57d2f822""}"
baf731844a65b830a95b2167d5a3b6b77d65abcd,millenniumdb,MillenniumDB [engines.json profile],10M,L,L2,00,64873fb3e0533f5e97269a846ba7be46358d4ae4e7b00ae160b34130e60e4ce6,C,SPARQLcirc CircuitRewriter,ok,36,21.5,19.1,27.2,22.6,4.1,1,3,300.0,66202,5.6,72,144,36,,468.390299,"[27.154, 21.473, 19.145]","[7.918, 5.558, 5.449]",0.0,"[0.0, 0.0, 0.0]",27.1,"[35.191, 27.146, 24.693]",0.1,"[0.119, 0.115, 0.099]",r9.2-frozen-identity-v7,e8c277ee67e4450f01e4c10029673d7e8ebf8a0c054c3aafff95cb7f85e599a7,term-aware-candidate-set-v1,36,edb7dc69f50cbbff114ed0c0b032df84ebecc8f4a58267a6721dbc57d2e36004,flat,flat,3030a8f99499e464097645a47e5d2f1f934e35ca0b981bca5e89fb8c3ce43bca,,,,,3468610cc4e68c6a0db393e82d8981ea7136faf570fafbd39ac70ec58665cd16,288dcc57d9aa106343144401ea35f7ac346f23f881320d2a828dd038019e3d1a,8a607274f1b3d176dd6acfdc7381c25676b642e78d334a9664e45a2bdf3d52a0,59fb59a04cd20e6dec9ee47cf1de02734068a3328cade998a3fc44a746054ea8,a42a308bd2c5294f3aa79a1a3b15804d4137fd68d7677d9adc037e257a217e76,none,read-only,exploratory-base,exploratory-reified,2b9b44b25cd1c568cd57c6c5df25ae260b68229044617821fb33f542dab77648,2fa0b01dffc52d6647e98c7f554a1a4ff05e5abe6830b9c10d45f5dd8984f60d,f9ff8d30db2db1840ca1585b5598b1cf4d1d06ac2adb86a55b430669507fabff,b38a65fc0c1a91e138f057f7b6c08d21c328463aceb40ffda53fc759f99d2f7a,bdd50c08a90e2fb713541b8a118df6250246a917edc41a6776aeafc90b472687,2bb1d630ee676522735012df04cfa2ef1a413426725ae6c4c9cddb1a57d2f822,"pcm-meta-v2:{""protocol"":""r9.2-frozen-identity-v7"",""message"":""C requested=flat effective=flat; steps=1 feedback=0; network includes CONSTRUCT, feedback INSERT, and cleanup DELETE"",""cell_wall_ms"":735.941,""answer_kind"":""term-aware-candidate-set-v1"",""answer_key_count"":36,""answer_fingerprint"":""edb7dc69f50cbbff114ed0c0b032df84ebecc8f4a58267a6721dbc57d2e36004"",""c_parse_samples"":[7.918,5.558,5.449],""c_protocol_samples"":[{""requested_mode"":""flat"",""effective_mode"":""flat"",""fallback_reason"":null,""plan_steps"":1,""feedback_steps"":0,""feedback_triples"":0,""construct_query_ms"":27.154,""feedback_update_ms"":0.0,""cleanup_ms"":0.0,""client_protocol_ms"":0.0,""network_scope"":""construct+feedback+cleanup"",""circuit_sha256"":""3030a8f99499e464097645a47e5d2f1f934e35ca0b981bca5e89fb8c3ce43bca"",""answer_fingerprint"":""edb7dc69f50cbbff114ed0c0b032df84ebecc8f4a58267a6721dbc57d2e36004"",""semantic_signature_sha256"":""3e732b119edd8bc7e50e993d356cb94ff1ea890319ffd82758a33fd2be105a69"",""structure_signature"":{""gates"":72,""edges"":144,""answers"":36,""derivations"":36,""canonical_bytes"":66202},""construct_total_ms"":35.191,""client_unattributed_ms"":0.119},{""requested_mode"":""flat"",""effective_mode"":""flat"",""fallback_reason"":null,""plan_steps"":1,""feedback_steps"":0,""feedback_triples"":0,""construct_query_ms"":21.473,""feedback_update_ms"":0.0,""cleanup_ms"":0.0,""client_protocol_ms"":0.0,""network_scope"":""construct+feedback+cleanup"",""circuit_sha256"":""3030a8f99499e464097645a47e5d2f1f934e35ca0b981bca5e89fb8c3ce43bca"",""answer_fingerprint"":""edb7dc69f50cbbff114ed0c0b032df84ebecc8f4a58267a6721dbc57d2e36004"",""semantic_signature_sha256"":""3e732b119edd8bc7e50e993d356cb94ff1ea890319ffd82758a33fd2be105a69"",""structure_signature"":{""gates"":72,""edges"":144,""answers"":36,""derivations"":36,""canonical_bytes"":66202},""construct_total_ms"":27.146,""client_unattributed_ms"":0.115},{""requested_mode"":""flat"",""effective_mode"":""flat"",""fallback_reason"":null,""plan_steps"":1,""feedback_steps"":0,""feedback_triples"":0,""construct_query_ms"":19.145,""feedback_update_ms"":0.0,""cleanup_ms"":0.0,""client_protocol_ms"":0.0,""network_scope"":""construct+feedback+cleanup"",""circuit_sha256"":""3030a8f99499e464097645a47e5d2f1f934e35ca0b981bca5e89fb8c3ce43bca"",""answer_fingerprint"":""edb7dc69f50cbbff114ed0c0b032df84ebecc8f4a58267a6721dbc57d2e36004"",""semantic_signature_sha256"":""3e732b119edd8bc7e50e993d356cb94ff1ea890319ffd82758a33fd2be105a69"",""structure_signature"":{""gates"":72,""edges"":144,""answers"":36,""derivations"":36,""canonical_bytes"":66202},""construct_total_ms"":24.693,""client_unattributed_ms"":0.099}],""construct_total_samples"":[35.191,27.146,24.693],""construct_unattributed_samples"":[0.119,0.115,0.099],""status"":""ok"",""status_evidence"":null,""c_warmup_signatures"":[""3e732b119edd8bc7e50e993d356cb94ff1ea890319ffd82758a33fd2be105a69""],""measured_semantic_signature_sha256"":""3e732b119edd8bc7e50e993d356cb94ff1ea890319ffd82758a33fd2be105a69"",""measured_repetitions_consistent"":true,""construction_requested"":""flat"",""construction_effective"":""flat"",""commit"":""baf731844a65b830a95b2167d5a3b6b77d65abcd"",""batch_id"":""e8c277ee67e4450f01e4c10029673d7e8ebf8a0c054c3aafff95cb7f85e599a7"",""query_sha256"":""64873fb3e0533f5e97269a846ba7be46358d4ae4e7b00ae160b34130e60e4ce6"",""engine"":""millenniumdb"",""engine_version"":""MillenniumDB [engines.json profile]"",""scale"":""10M"",""base_endpoint_sha256"":""3468610cc4e68c6a0db393e82d8981ea7136faf570fafbd39ac70ec58665cd16"",""reified_endpoint_sha256"":""288dcc57d9aa106343144401ea35f7ac346f23f881320d2a828dd038019e3d1a"",""update_endpoint_sha256"":""8a607274f1b3d176dd6acfdc7381c25676b642e78d334a9664e45a2bdf3d52a0"",""base_data_identity_sha256"":""59fb59a04cd20e6dec9ee47cf1de02734068a3328cade998a3fc44a746054ea8"",""reified_data_identity_sha256"":""a42a308bd2c5294f3aa79a1a3b15804d4137fd68d7677d9adc037e257a217e76"",""update_for"":""none"",""access_mode"":""read-only"",""base_data_name"":""exploratory-base"",""reified_data_name"":""exploratory-reified"",""update_canary_sha256"":""2b9b44b25cd1c568cd57c6c5df25ae260b68229044617821fb33f542dab77648"",""store_instance_sha256"":""2fa0b01dffc52d6647e98c7f554a1a4ff05e5abe6830b9c10d45f5dd8984f60d"",""store_discriminator_sha256"":""f9ff8d30db2db1840ca1585b5598b1cf4d1d06ac2adb86a55b430669507fabff"",""tool_sha256"":""b38a65fc0c1a91e138f057f7b6c08d21c328463aceb40ffda53fc759f99d2f7a"",""java_runtime_sha256"":""bdd50c08a90e2fb713541b8a118df6250246a917edc41a6776aeafc90b472687"",""run_identity_sha256"":""2bb1d630ee676522735012df04cfa2ef1a413426725ae6c4c9cddb1a57d2f822""}"
baf731844a65b830a95b2167d5a3b6b77d65abcd,millenniumdb,MillenniumDB [engines.json profile],10M,L,L3,00,6e68c33e9b346995ea7cedfa79c5123b2290df112a813135a2d0753aa4f34a04,B,base-select,ok,49,1.7,1.3,1.7,1.6,0.2,1,3,300.0,2355,0.0,,,,,0.00914,"[1.738, 1.652, 1.27]","[0.0, 0.0, 0.0]",,[],,[],,[],r9.2-frozen-identity-v7,e8c277ee67e4450f01e4c10029673d7e8ebf8a0c054c3aafff95cb7f85e599a7,csv-binding-multiset-v1,49,0278020c510fd71332643fdd1f439376eb4bf25eab6ea0c3f4836ce4cb6271da,,,,,,,,3468610cc4e68c6a0db393e82d8981ea7136faf570fafbd39ac70ec58665cd16,288dcc57d9aa106343144401ea35f7ac346f23f881320d2a828dd038019e3d1a,8a607274f1b3d176dd6acfdc7381c25676b642e78d334a9664e45a2bdf3d52a0,59fb59a04cd20e6dec9ee47cf1de02734068a3328cade998a3fc44a746054ea8,a42a308bd2c5294f3aa79a1a3b15804d4137fd68d7677d9adc037e257a217e76,none,read-only,exploratory-base,exploratory-reified,2b9b44b25cd1c568cd57c6c5df25ae260b68229044617821fb33f542dab77648,2fa0b01dffc52d6647e98c7f554a1a4ff05e5abe6830b9c10d45f5dd8984f60d,f9ff8d30db2db1840ca1585b5598b1cf4d1d06ac2adb86a55b430669507fabff,b38a65fc0c1a91e138f057f7b6c08d21c328463aceb40ffda53fc759f99d2f7a,bdd50c08a90e2fb713541b8a118df6250246a917edc41a6776aeafc90b472687,2a9e4d5acefa4898c6fb11583a490a71d54937e33a48f1f2d1d525b588eab552,"pcm-meta-v2:{""protocol"":""r9.2-frozen-identity-v7"",""message"":"""",""cell_wall_ms"":13.183,""answer_kind"":""csv-binding-multiset-v1"",""answer_key_count"":49,""answer_fingerprint"":""0278020c510fd71332643fdd1f439376eb4bf25eab6ea0c3f4836ce4cb6271da"",""c_parse_samples"":[0.0,0.0,0.0],""c_protocol_samples"":[],""construct_total_samples"":[],""construct_unattributed_samples"":[],""status"":""ok"",""status_evidence"":null,""construction_requested"":null,""construction_effective"":null,""commit"":""baf731844a65b830a95b2167d5a3b6b77d65abcd"",""batch_id"":""e8c277ee67e4450f01e4c10029673d7e8ebf8a0c054c3aafff95cb7f85e599a7"",""query_sha256"":""6e68c33e9b346995ea7cedfa79c5123b2290df112a813135a2d0753aa4f34a04"",""engine"":""millenniumdb"",""engine_version"":""MillenniumDB [engines.json profile]"",""scale"":""10M"",""base_endpoint_sha256"":""3468610cc4e68c6a0db393e82d8981ea7136faf570fafbd39ac70ec58665cd16"",""reified_endpoint_sha256"":""288dcc57d9aa106343144401ea35f7ac346f23f881320d2a828dd038019e3d1a"",""update_endpoint_sha256"":""8a607274f1b3d176dd6acfdc7381c25676b642e78d334a9664e45a2bdf3d52a0"",""base_data_identity_sha256"":""59fb59a04cd20e6dec9ee47cf1de02734068a3328cade998a3fc44a746054ea8"",""reified_data_identity_sha256"":""a42a308bd2c5294f3aa79a1a3b15804d4137fd68d7677d9adc037e257a217e76"",""update_for"":""none"",""access_mode"":""read-only"",""base_data_name"":""exploratory-base"",""reified_data_name"":""exploratory-reified"",""update_canary_sha256"":""2b9b44b25cd1c568cd57c6c5df25ae260b68229044617821fb33f542dab77648"",""store_instance_sha256"":""2fa0b01dffc52d6647e98c7f554a1a4ff05e5abe6830b9c10d45f5dd8984f60d"",""store_discriminator_sha256"":""f9ff8d30db2db1840ca1585b5598b1cf4d1d06ac2adb86a55b430669507fabff"",""tool_sha256"":""b38a65fc0c1a91e138f057f7b6c08d21c328463aceb40ffda53fc759f99d2f7a"",""java_runtime_sha256"":""bdd50c08a90e2fb713541b8a118df6250246a917edc41a6776aeafc90b472687"",""run_identity_sha256"":""2a9e4d5acefa4898c6fb11583a490a71d54937e33a48f1f2d1d525b588eab552""}"
baf731844a65b830a95b2167d5a3b6b77d65abcd,millenniumdb,MillenniumDB [engines.json profile],10M,L,L3,00,6e68c33e9b346995ea7cedfa79c5123b2290df112a813135a2d0753aa4f34a04,R,reification-only,ok,49,3.3,2.9,3.9,3.4,0.5,1,3,300.0,2355,0.0,,,,,158.402574,"[2.905, 3.937, 3.293]","[0.0, 0.0, 0.0]",,[],,[],,[],r9.2-frozen-identity-v7,e8c277ee67e4450f01e4c10029673d7e8ebf8a0c054c3aafff95cb7f85e599a7,csv-binding-multiset-v1,49,0278020c510fd71332643fdd1f439376eb4bf25eab6ea0c3f4836ce4cb6271da,,,,,,,,3468610cc4e68c6a0db393e82d8981ea7136faf570fafbd39ac70ec58665cd16,288dcc57d9aa106343144401ea35f7ac346f23f881320d2a828dd038019e3d1a,8a607274f1b3d176dd6acfdc7381c25676b642e78d334a9664e45a2bdf3d52a0,59fb59a04cd20e6dec9ee47cf1de02734068a3328cade998a3fc44a746054ea8,a42a308bd2c5294f3aa79a1a3b15804d4137fd68d7677d9adc037e257a217e76,none,read-only,exploratory-base,exploratory-reified,2b9b44b25cd1c568cd57c6c5df25ae260b68229044617821fb33f542dab77648,2fa0b01dffc52d6647e98c7f554a1a4ff05e5abe6830b9c10d45f5dd8984f60d,f9ff8d30db2db1840ca1585b5598b1cf4d1d06ac2adb86a55b430669507fabff,b38a65fc0c1a91e138f057f7b6c08d21c328463aceb40ffda53fc759f99d2f7a,bdd50c08a90e2fb713541b8a118df6250246a917edc41a6776aeafc90b472687,2a9e4d5acefa4898c6fb11583a490a71d54937e33a48f1f2d1d525b588eab552,"pcm-meta-v2:{""protocol"":""r9.2-frozen-identity-v7"",""message"":"""",""cell_wall_ms"":181.166,""answer_kind"":""csv-binding-multiset-v1"",""answer_key_count"":49,""answer_fingerprint"":""0278020c510fd71332643fdd1f439376eb4bf25eab6ea0c3f4836ce4cb6271da"",""c_parse_samples"":[0.0,0.0,0.0],""c_protocol_samples"":[],""construct_total_samples"":[],""construct_unattributed_samples"":[],""status"":""ok"",""status_evidence"":null,""construction_requested"":null,""construction_effective"":null,""commit"":""baf731844a65b830a95b2167d5a3b6b77d65abcd"",""batch_id"":""e8c277ee67e4450f01e4c10029673d7e8ebf8a0c054c3aafff95cb7f85e599a7"",""query_sha256"":""6e68c33e9b346995ea7cedfa79c5123b2290df112a813135a2d0753aa4f34a04"",""engine"":""millenniumdb"",""engine_version"":""MillenniumDB [engines.json profile]"",""scale"":""10M"",""base_endpoint_sha256"":""3468610cc4e68c6a0db393e82d8981ea7136faf570fafbd39ac70ec58665cd16"",""reified_endpoint_sha256"":""288dcc57d9aa106343144401ea35f7ac346f23f881320d2a828dd038019e3d1a"",""update_endpoint_sha256"":""8a607274f1b3d176dd6acfdc7381c25676b642e78d334a9664e45a2bdf3d52a0"",""base_data_identity_sha256"":""59fb59a04cd20e6dec9ee47cf1de02734068a3328cade998a3fc44a746054ea8"",""reified_data_identity_sha256"":""a42a308bd2c5294f3aa79a1a3b15804d4137fd68d7677d9adc037e257a217e76"",""update_for"":""none"",""access_mode"":""read-only"",""base_data_name"":""exploratory-base"",""reified_data_name"":""exploratory-reified"",""update_canary_sha256"":""2b9b44b25cd1c568cd57c6c5df25ae260b68229044617821fb33f542dab77648"",""store_instance_sha256"":""2fa0b01dffc52d6647e98c7f554a1a4ff05e5abe6830b9c10d45f5dd8984f60d"",""store_discriminator_sha256"":""f9ff8d30db2db1840ca1585b5598b1cf4d1d06ac2adb86a55b430669507fabff"",""tool_sha256"":""b38a65fc0c1a91e138f057f7b6c08d21c328463aceb40ffda53fc759f99d2f7a"",""java_runtime_sha256"":""bdd50c08a90e2fb713541b8a118df6250246a917edc41a6776aeafc90b472687"",""run_identity_sha256"":""2a9e4d5acefa4898c6fb11583a490a71d54937e33a48f1f2d1d525b588eab552""}"
baf731844a65b830a95b2167d5a3b6b77d65abcd,millenniumdb,MillenniumDB [engines.json profile],10M,L,L3,00,6e68c33e9b346995ea7cedfa79c5123b2290df112a813135a2d0753aa4f34a04,N,N_clean (NPCS reimplementation),ok,5,3.2,3.1,4.0,3.4,0.5,1,3,300.0,1968,0.0,,,,49,214.574409,"[3.956, 3.212, 3.106]","[0.0, 0.0, 0.0]",,[],,[],,[],r9.2-frozen-identity-v7,e8c277ee67e4450f01e4c10029673d7e8ebf8a0c054c3aafff95cb7f85e599a7,csv-candidate-multiset-v1,5,8e081e336227b254d6f5cac1efe5ae0b3053128a04685c3941a32de7357dde28,,,,,,,,3468610cc4e68c6a0db393e82d8981ea7136faf570fafbd39ac70ec58665cd16,288dcc57d9aa106343144401ea35f7ac346f23f881320d2a828dd038019e3d1a,8a607274f1b3d176dd6acfdc7381c25676b642e78d334a9664e45a2bdf3d52a0,59fb59a04cd20e6dec9ee47cf1de02734068a3328cade998a3fc44a746054ea8,a42a308bd2c5294f3aa79a1a3b15804d4137fd68d7677d9adc037e257a217e76,none,read-only,exploratory-base,exploratory-reified,2b9b44b25cd1c568cd57c6c5df25ae260b68229044617821fb33f542dab77648,2fa0b01dffc52d6647e98c7f554a1a4ff05e5abe6830b9c10d45f5dd8984f60d,f9ff8d30db2db1840ca1585b5598b1cf4d1d06ac2adb86a55b430669507fabff,b38a65fc0c1a91e138f057f7b6c08d21c328463aceb40ffda53fc759f99d2f7a,bdd50c08a90e2fb713541b8a118df6250246a917edc41a6776aeafc90b472687,2a9e4d5acefa4898c6fb11583a490a71d54937e33a48f1f2d1d525b588eab552,"pcm-meta-v2:{""protocol"":""r9.2-frozen-identity-v7"",""message"":"""",""cell_wall_ms"":257.83,""answer_kind"":""csv-candidate-multiset-v1"",""answer_key_count"":5,""answer_fingerprint"":""8e081e336227b254d6f5cac1efe5ae0b3053128a04685c3941a32de7357dde28"",""c_parse_samples"":[0.0,0.0,0.0],""c_protocol_samples"":[],""construct_total_samples"":[],""construct_unattributed_samples"":[],""status"":""ok"",""status_evidence"":null,""construction_requested"":null,""construction_effective"":null,""commit"":""baf731844a65b830a95b2167d5a3b6b77d65abcd"",""batch_id"":""e8c277ee67e4450f01e4c10029673d7e8ebf8a0c054c3aafff95cb7f85e599a7"",""query_sha256"":""6e68c33e9b346995ea7cedfa79c5123b2290df112a813135a2d0753aa4f34a04"",""engine"":""millenniumdb"",""engine_version"":""MillenniumDB [engines.json profile]"",""scale"":""10M"",""base_endpoint_sha256"":""3468610cc4e68c6a0db393e82d8981ea7136faf570fafbd39ac70ec58665cd16"",""reified_endpoint_sha256"":""288dcc57d9aa106343144401ea35f7ac346f23f881320d2a828dd038019e3d1a"",""update_endpoint_sha256"":""8a607274f1b3d176dd6acfdc7381c25676b642e78d334a9664e45a2bdf3d52a0"",""base_data_identity_sha256"":""59fb59a04cd20e6dec9ee47cf1de02734068a3328cade998a3fc44a746054ea8"",""reified_data_identity_sha256"":""a42a308bd2c5294f3aa79a1a3b15804d4137fd68d7677d9adc037e257a217e76"",""update_for"":""none"",""access_mode"":""read-only"",""base_data_name"":""exploratory-base"",""reified_data_name"":""exploratory-reified"",""update_canary_sha256"":""2b9b44b25cd1c568cd57c6c5df25ae260b68229044617821fb33f542dab77648"",""store_instance_sha256"":""2fa0b01dffc52d6647e98c7f554a1a4ff05e5abe6830b9c10d45f5dd8984f60d"",""store_discriminator_sha256"":""f9ff8d30db2db1840ca1585b5598b1cf4d1d06ac2adb86a55b430669507fabff"",""tool_sha256"":""b38a65fc0c1a91e138f057f7b6c08d21c328463aceb40ffda53fc759f99d2f7a"",""java_runtime_sha256"":""bdd50c08a90e2fb713541b8a118df6250246a917edc41a6776aeafc90b472687"",""run_identity_sha256"":""2a9e4d5acefa4898c6fb11583a490a71d54937e33a48f1f2d1d525b588eab552""}"
baf731844a65b830a95b2167d5a3b6b77d65abcd,millenniumdb,MillenniumDB [engines.json profile],10M,L,L3,00,6e68c33e9b346995ea7cedfa79c5123b2290df112a813135a2d0753aa4f34a04,C,SPARQLcirc CircuitRewriter,ok,5,12.5,11.8,12.5,12.3,0.4,1,3,300.0,30026,3.8,54,147,49,,574.077529,"[12.471, 12.543, 11.77]","[3.789, 3.92, 3.503]",0.0,"[0.0, 0.0, 0.0]",16.4,"[16.369, 16.564, 15.383]",0.1,"[0.109, 0.1, 0.11]",r9.2-frozen-identity-v7,e8c277ee67e4450f01e4c10029673d7e8ebf8a0c054c3aafff95cb7f85e599a7,term-aware-candidate-set-v1,5,a587c3b8ef3ba4a8fadbbb1b70c19208446bdfed53a0f375006b0356dcab6a4f,flat,flat,f094b1f05bddea2aba94f061ace2fa9358f555b60b754ad078c3dfc0a51edecc,,,,,3468610cc4e68c6a0db393e82d8981ea7136faf570fafbd39ac70ec58665cd16,288dcc57d9aa106343144401ea35f7ac346f23f881320d2a828dd038019e3d1a,8a607274f1b3d176dd6acfdc7381c25676b642e78d334a9664e45a2bdf3d52a0,59fb59a04cd20e6dec9ee47cf1de02734068a3328cade998a3fc44a746054ea8,a42a308bd2c5294f3aa79a1a3b15804d4137fd68d7677d9adc037e257a217e76,none,read-only,exploratory-base,exploratory-reified,2b9b44b25cd1c568cd57c6c5df25ae260b68229044617821fb33f542dab77648,2fa0b01dffc52d6647e98c7f554a1a4ff05e5abe6830b9c10d45f5dd8984f60d,f9ff8d30db2db1840ca1585b5598b1cf4d1d06ac2adb86a55b430669507fabff,b38a65fc0c1a91e138f057f7b6c08d21c328463aceb40ffda53fc759f99d2f7a,bdd50c08a90e2fb713541b8a118df6250246a917edc41a6776aeafc90b472687,2a9e4d5acefa4898c6fb11583a490a71d54937e33a48f1f2d1d525b588eab552,"pcm-meta-v2:{""protocol"":""r9.2-frozen-identity-v7"",""message"":""C requested=flat effective=flat; steps=1 feedback=0; network includes CONSTRUCT, feedback INSERT, and cleanup DELETE"",""cell_wall_ms"":704.958,""answer_kind"":""term-aware-candidate-set-v1"",""answer_key_count"":5,""answer_fingerprint"":""a587c3b8ef3ba4a8fadbbb1b70c19208446bdfed53a0f375006b0356dcab6a4f"",""c_parse_samples"":[3.789,3.92,3.503],""c_protocol_samples"":[{""requested_mode"":""flat"",""effective_mode"":""flat"",""fallback_reason"":null,""plan_steps"":1,""feedback_steps"":0,""feedback_triples"":0,""construct_query_ms"":12.471,""feedback_update_ms"":0.0,""cleanup_ms"":0.0,""client_protocol_ms"":0.0,""network_scope"":""construct+feedback+cleanup"",""circuit_sha256"":""f094b1f05bddea2aba94f061ace2fa9358f555b60b754ad078c3dfc0a51edecc"",""answer_fingerprint"":""a587c3b8ef3ba4a8fadbbb1b70c19208446bdfed53a0f375006b0356dcab6a4f"",""semantic_signature_sha256"":""04f9f926b94c16df3c483e5577ec1f2b4fd27f087d5cb74cc667bacc56d119e0"",""structure_signature"":{""gates"":54,""edges"":147,""answers"":5,""derivations"":49,""canonical_bytes"":30026},""construct_total_ms"":16.369,""client_unattributed_ms"":0.109},{""requested_mode"":""flat"",""effective_mode"":""flat"",""fallback_reason"":null,""plan_steps"":1,""feedback_steps"":0,""feedback_triples"":0,""construct_query_ms"":12.543,""feedback_update_ms"":0.0,""cleanup_ms"":0.0,""client_protocol_ms"":0.0,""network_scope"":""construct+feedback+cleanup"",""circuit_sha256"":""f094b1f05bddea2aba94f061ace2fa9358f555b60b754ad078c3dfc0a51edecc"",""answer_fingerprint"":""a587c3b8ef3ba4a8fadbbb1b70c19208446bdfed53a0f375006b0356dcab6a4f"",""semantic_signature_sha256"":""04f9f926b94c16df3c483e5577ec1f2b4fd27f087d5cb74cc667bacc56d119e0"",""structure_signature"":{""gates"":54,""edges"":147,""answers"":5,""derivations"":49,""canonical_bytes"":30026},""construct_total_ms"":16.564,""client_unattributed_ms"":0.1},{""requested_mode"":""flat"",""effective_mode"":""flat"",""fallback_reason"":null,""plan_steps"":1,""feedback_steps"":0,""feedback_triples"":0,""construct_query_ms"":11.77,""feedback_update_ms"":0.0,""cleanup_ms"":0.0,""client_protocol_ms"":0.0,""network_scope"":""construct+feedback+cleanup"",""circuit_sha256"":""f094b1f05bddea2aba94f061ace2fa9358f555b60b754ad078c3dfc0a51edecc"",""answer_fingerprint"":""a587c3b8ef3ba4a8fadbbb1b70c19208446bdfed53a0f375006b0356dcab6a4f"",""semantic_signature_sha256"":""04f9f926b94c16df3c483e5577ec1f2b4fd27f087d5cb74cc667bacc56d119e0"",""structure_signature"":{""gates"":54,""edges"":147,""answers"":5,""derivations"":49,""canonical_bytes"":30026},""construct_total_ms"":15.383,""client_unattributed_ms"":0.11}],""construct_total_samples"":[16.369,16.564,15.383],""construct_unattributed_samples"":[0.109,0.1,0.11],""status"":""ok"",""status_evidence"":null,""c_warmup_signatures"":[""04f9f926b94c16df3c483e5577ec1f2b4fd27f087d5cb74cc667bacc56d119e0""],""measured_semantic_signature_sha256"":""04f9f926b94c16df3c483e5577ec1f2b4fd27f087d5cb74cc667bacc56d119e0"",""measured_repetitions_consistent"":true,""construction_requested"":""flat"",""construction_effective"":""flat"",""commit"":""baf731844a65b830a95b2167d5a3b6b77d65abcd"",""batch_id"":""e8c277ee67e4450f01e4c10029673d7e8ebf8a0c054c3aafff95cb7f85e599a7"",""query_sha256"":""6e68c33e9b346995ea7cedfa79c5123b2290df112a813135a2d0753aa4f34a04"",""engine"":""millenniumdb"",""engine_version"":""MillenniumDB [engines.json profile]"",""scale"":""10M"",""base_endpoint_sha256"":""3468610cc4e68c6a0db393e82d8981ea7136faf570fafbd39ac70ec58665cd16"",""reified_endpoint_sha256"":""288dcc57d9aa106343144401ea35f7ac346f23f881320d2a828dd038019e3d1a"",""update_endpoint_sha256"":""8a607274f1b3d176dd6acfdc7381c25676b642e78d334a9664e45a2bdf3d52a0"",""base_data_identity_sha256"":""59fb59a04cd20e6dec9ee47cf1de02734068a3328cade998a3fc44a746054ea8"",""reified_data_identity_sha256"":""a42a308bd2c5294f3aa79a1a3b15804d4137fd68d7677d9adc037e257a217e76"",""update_for"":""none"",""access_mode"":""read-only"",""base_data_name"":""exploratory-base"",""reified_data_name"":""exploratory-reified"",""update_canary_sha256"":""2b9b44b25cd1c568cd57c6c5df25ae260b68229044617821fb33f542dab77648"",""store_instance_sha256"":""2fa0b01dffc52d6647e98c7f554a1a4ff05e5abe6830b9c10d45f5dd8984f60d"",""store_discriminator_sha256"":""f9ff8d30db2db1840ca1585b5598b1cf4d1d06ac2adb86a55b430669507fabff"",""tool_sha256"":""b38a65fc0c1a91e138f057f7b6c08d21c328463aceb40ffda53fc759f99d2f7a"",""java_runtime_sha256"":""bdd50c08a90e2fb713541b8a118df6250246a917edc41a6776aeafc90b472687"",""run_identity_sha256"":""2a9e4d5acefa4898c6fb11583a490a71d54937e33a48f1f2d1d525b588eab552""}"
baf731844a65b830a95b2167d5a3b6b77d65abcd,millenniumdb,MillenniumDB [engines.json profile],10M,L,L4,00,6a5c40f28fc1efcf93f4f8de194ff48179bad43fdcace9ac6f264dd26c62dadf,B,base-select,ok,29,1.8,1.6,2.0,1.8,0.2,1,3,300.0,4891,0.0,,,,,0.00706,"[1.962, 1.824, 1.636]","[0.0, 0.0, 0.0]",,[],,[],,[],r9.2-frozen-identity-v7,e8c277ee67e4450f01e4c10029673d7e8ebf8a0c054c3aafff95cb7f85e599a7,csv-binding-multiset-v1,29,9a4eb2bb3adfeb26ff59d7f5c01d15e8ea20873dfd394bb1108b29b739cf7945,,,,,,,,3468610cc4e68c6a0db393e82d8981ea7136faf570fafbd39ac70ec58665cd16,288dcc57d9aa106343144401ea35f7ac346f23f881320d2a828dd038019e3d1a,8a607274f1b3d176dd6acfdc7381c25676b642e78d334a9664e45a2bdf3d52a0,59fb59a04cd20e6dec9ee47cf1de02734068a3328cade998a3fc44a746054ea8,a42a308bd2c5294f3aa79a1a3b15804d4137fd68d7677d9adc037e257a217e76,none,read-only,exploratory-base,exploratory-reified,2b9b44b25cd1c568cd57c6c5df25ae260b68229044617821fb33f542dab77648,2fa0b01dffc52d6647e98c7f554a1a4ff05e5abe6830b9c10d45f5dd8984f60d,f9ff8d30db2db1840ca1585b5598b1cf4d1d06ac2adb86a55b430669507fabff,b38a65fc0c1a91e138f057f7b6c08d21c328463aceb40ffda53fc759f99d2f7a,bdd50c08a90e2fb713541b8a118df6250246a917edc41a6776aeafc90b472687,31bdde9188b2b053d0ae5a25854c6c29364df67a02514fa3305b0f2224a3827b,"pcm-meta-v2:{""protocol"":""r9.2-frozen-identity-v7"",""message"":"""",""cell_wall_ms"":17.034,""answer_kind"":""csv-binding-multiset-v1"",""answer_key_count"":29,""answer_fingerprint"":""9a4eb2bb3adfeb26ff59d7f5c01d15e8ea20873dfd394bb1108b29b739cf7945"",""c_parse_samples"":[0.0,0.0,0.0],""c_protocol_samples"":[],""construct_total_samples"":[],""construct_unattributed_samples"":[],""status"":""ok"",""status_evidence"":null,""construction_requested"":null,""construction_effective"":null,""commit"":""baf731844a65b830a95b2167d5a3b6b77d65abcd"",""batch_id"":""e8c277ee67e4450f01e4c10029673d7e8ebf8a0c054c3aafff95cb7f85e599a7"",""query_sha256"":""6a5c40f28fc1efcf93f4f8de194ff48179bad43fdcace9ac6f264dd26c62dadf"",""engine"":""millenniumdb"",""engine_version"":""MillenniumDB [engines.json profile]"",""scale"":""10M"",""base_endpoint_sha256"":""3468610cc4e68c6a0db393e82d8981ea7136faf570fafbd39ac70ec58665cd16"",""reified_endpoint_sha256"":""288dcc57d9aa106343144401ea35f7ac346f23f881320d2a828dd038019e3d1a"",""update_endpoint_sha256"":""8a607274f1b3d176dd6acfdc7381c25676b642e78d334a9664e45a2bdf3d52a0"",""base_data_identity_sha256"":""59fb59a04cd20e6dec9ee47cf1de02734068a3328cade998a3fc44a746054ea8"",""reified_data_identity_sha256"":""a42a308bd2c5294f3aa79a1a3b15804d4137fd68d7677d9adc037e257a217e76"",""update_for"":""none"",""access_mode"":""read-only"",""base_data_name"":""exploratory-base"",""reified_data_name"":""exploratory-reified"",""update_canary_sha256"":""2b9b44b25cd1c568cd57c6c5df25ae260b68229044617821fb33f542dab77648"",""store_instance_sha256"":""2fa0b01dffc52d6647e98c7f554a1a4ff05e5abe6830b9c10d45f5dd8984f60d"",""store_discriminator_sha256"":""f9ff8d30db2db1840ca1585b5598b1cf4d1d06ac2adb86a55b430669507fabff"",""tool_sha256"":""b38a65fc0c1a91e138f057f7b6c08d21c328463aceb40ffda53fc759f99d2f7a"",""java_runtime_sha256"":""bdd50c08a90e2fb713541b8a118df6250246a917edc41a6776aeafc90b472687"",""run_identity_sha256"":""31bdde9188b2b053d0ae5a25854c6c29364df67a02514fa3305b0f2224a3827b""}"
baf731844a65b830a95b2167d5a3b6b77d65abcd,millenniumdb,MillenniumDB [engines.json profile],10M,L,L4,00,6a5c40f28fc1efcf93f4f8de194ff48179bad43fdcace9ac6f264dd26c62dadf,R,reification-only,ok,29,7.3,7.2,7.3,7.3,0.1,1,3,300.0,4891,0.0,,,,,135.341947,"[7.321, 7.197, 7.293]","[0.0, 0.0, 0.0]",,[],,[],,[],r9.2-frozen-identity-v7,e8c277ee67e4450f01e4c10029673d7e8ebf8a0c054c3aafff95cb7f85e599a7,csv-binding-multiset-v1,29,9a4eb2bb3adfeb26ff59d7f5c01d15e8ea20873dfd394bb1108b29b739cf7945,,,,,,,,3468610cc4e68c6a0db393e82d8981ea7136faf570fafbd39ac70ec58665cd16,288dcc57d9aa106343144401ea35f7ac346f23f881320d2a828dd038019e3d1a,8a607274f1b3d176dd6acfdc7381c25676b642e78d334a9664e45a2bdf3d52a0,59fb59a04cd20e6dec9ee47cf1de02734068a3328cade998a3fc44a746054ea8,a42a308bd2c5294f3aa79a1a3b15804d4137fd68d7677d9adc037e257a217e76,none,read-only,exploratory-base,exploratory-reified,2b9b44b25cd1c568cd57c6c5df25ae260b68229044617821fb33f542dab77648,2fa0b01dffc52d6647e98c7f554a1a4ff05e5abe6830b9c10d45f5dd8984f60d,f9ff8d30db2db1840ca1585b5598b1cf4d1d06ac2adb86a55b430669507fabff,b38a65fc0c1a91e138f057f7b6c08d21c328463aceb40ffda53fc759f99d2f7a,bdd50c08a90e2fb713541b8a118df6250246a917edc41a6776aeafc90b472687,31bdde9188b2b053d0ae5a25854c6c29364df67a02514fa3305b0f2224a3827b,"pcm-meta-v2:{""protocol"":""r9.2-frozen-identity-v7"",""message"":"""",""cell_wall_ms"":224.039,""answer_kind"":""csv-binding-multiset-v1"",""answer_key_count"":29,""answer_fingerprint"":""9a4eb2bb3adfeb26ff59d7f5c01d15e8ea20873dfd394bb1108b29b739cf7945"",""c_parse_samples"":[0.0,0.0,0.0],""c_protocol_samples"":[],""construct_total_samples"":[],""construct_unattributed_samples"":[],""status"":""ok"",""status_evidence"":null,""construction_requested"":null,""construction_effective"":null,""commit"":""baf731844a65b830a95b2167d5a3b6b77d65abcd"",""batch_id"":""e8c277ee67e4450f01e4c10029673d7e8ebf8a0c054c3aafff95cb7f85e599a7"",""query_sha256"":""6a5c40f28fc1efcf93f4f8de194ff48179bad43fdcace9ac6f264dd26c62dadf"",""engine"":""millenniumdb"",""engine_version"":""MillenniumDB [engines.json profile]"",""scale"":""10M"",""base_endpoint_sha256"":""3468610cc4e68c6a0db393e82d8981ea7136faf570fafbd39ac70ec58665cd16"",""reified_endpoint_sha256"":""288dcc57d9aa106343144401ea35f7ac346f23f881320d2a828dd038019e3d1a"",""update_endpoint_sha256"":""8a607274f1b3d176dd6acfdc7381c25676b642e78d334a9664e45a2bdf3d52a0"",""base_data_identity_sha256"":""59fb59a04cd20e6dec9ee47cf1de02734068a3328cade998a3fc44a746054ea8"",""reified_data_identity_sha256"":""a42a308bd2c5294f3aa79a1a3b15804d4137fd68d7677d9adc037e257a217e76"",""update_for"":""none"",""access_mode"":""read-only"",""base_data_name"":""exploratory-base"",""reified_data_name"":""exploratory-reified"",""update_canary_sha256"":""2b9b44b25cd1c568cd57c6c5df25ae260b68229044617821fb33f542dab77648"",""store_instance_sha256"":""2fa0b01dffc52d6647e98c7f554a1a4ff05e5abe6830b9c10d45f5dd8984f60d"",""store_discriminator_sha256"":""f9ff8d30db2db1840ca1585b5598b1cf4d1d06ac2adb86a55b430669507fabff"",""tool_sha256"":""b38a65fc0c1a91e138f057f7b6c08d21c328463aceb40ffda53fc759f99d2f7a"",""java_runtime_sha256"":""bdd50c08a90e2fb713541b8a118df6250246a917edc41a6776aeafc90b472687"",""run_identity_sha256"":""31bdde9188b2b053d0ae5a25854c6c29364df67a02514fa3305b0f2224a3827b""}"
baf731844a65b830a95b2167d5a3b6b77d65abcd,millenniumdb,MillenniumDB [engines.json profile],10M,L,L4,00,6a5c40f28fc1efcf93f4f8de194ff48179bad43fdcace9ac6f264dd26c62dadf,N,N_clean (NPCS reimplementation),ok,29,6.6,6.1,8.0,6.9,1.0,1,3,300.0,6060,0.0,,,,29,198.416696,"[6.059, 7.962, 6.566]","[0.0, 0.0, 0.0]",,[],,[],,[],r9.2-frozen-identity-v7,e8c277ee67e4450f01e4c10029673d7e8ebf8a0c054c3aafff95cb7f85e599a7,csv-candidate-multiset-v1,29,9a4eb2bb3adfeb26ff59d7f5c01d15e8ea20873dfd394bb1108b29b739cf7945,,,,,,,,3468610cc4e68c6a0db393e82d8981ea7136faf570fafbd39ac70ec58665cd16,288dcc57d9aa106343144401ea35f7ac346f23f881320d2a828dd038019e3d1a,8a607274f1b3d176dd6acfdc7381c25676b642e78d334a9664e45a2bdf3d52a0,59fb59a04cd20e6dec9ee47cf1de02734068a3328cade998a3fc44a746054ea8,a42a308bd2c5294f3aa79a1a3b15804d4137fd68d7677d9adc037e257a217e76,none,read-only,exploratory-base,exploratory-reified,2b9b44b25cd1c568cd57c6c5df25ae260b68229044617821fb33f542dab77648,2fa0b01dffc52d6647e98c7f554a1a4ff05e5abe6830b9c10d45f5dd8984f60d,f9ff8d30db2db1840ca1585b5598b1cf4d1d06ac2adb86a55b430669507fabff,b38a65fc0c1a91e138f057f7b6c08d21c328463aceb40ffda53fc759f99d2f7a,bdd50c08a90e2fb713541b8a118df6250246a917edc41a6776aeafc90b472687,31bdde9188b2b053d0ae5a25854c6c29364df67a02514fa3305b0f2224a3827b,"pcm-meta-v2:{""protocol"":""r9.2-frozen-identity-v7"",""message"":"""",""cell_wall_ms"":255.615,""answer_kind"":""csv-candidate-multiset-v1"",""answer_key_count"":29,""answer_fingerprint"":""9a4eb2bb3adfeb26ff59d7f5c01d15e8ea20873dfd394bb1108b29b739cf7945"",""c_parse_samples"":[0.0,0.0,0.0],""c_protocol_samples"":[],""construct_total_samples"":[],""construct_unattributed_samples"":[],""status"":""ok"",""status_evidence"":null,""construction_requested"":null,""construction_effective"":null,""commit"":""baf731844a65b830a95b2167d5a3b6b77d65abcd"",""batch_id"":""e8c277ee67e4450f01e4c10029673d7e8ebf8a0c054c3aafff95cb7f85e599a7"",""query_sha256"":""6a5c40f28fc1efcf93f4f8de194ff48179bad43fdcace9ac6f264dd26c62dadf"",""engine"":""millenniumdb"",""engine_version"":""MillenniumDB [engines.json profile]"",""scale"":""10M"",""base_endpoint_sha256"":""3468610cc4e68c6a0db393e82d8981ea7136faf570fafbd39ac70ec58665cd16"",""reified_endpoint_sha256"":""288dcc57d9aa106343144401ea35f7ac346f23f881320d2a828dd038019e3d1a"",""update_endpoint_sha256"":""8a607274f1b3d176dd6acfdc7381c25676b642e78d334a9664e45a2bdf3d52a0"",""base_data_identity_sha256"":""59fb59a04cd20e6dec9ee47cf1de02734068a3328cade998a3fc44a746054ea8"",""reified_data_identity_sha256"":""a42a308bd2c5294f3aa79a1a3b15804d4137fd68d7677d9adc037e257a217e76"",""update_for"":""none"",""access_mode"":""read-only"",""base_data_name"":""exploratory-base"",""reified_data_name"":""exploratory-reified"",""update_canary_sha256"":""2b9b44b25cd1c568cd57c6c5df25ae260b68229044617821fb33f542dab77648"",""store_instance_sha256"":""2fa0b01dffc52d6647e98c7f554a1a4ff05e5abe6830b9c10d45f5dd8984f60d"",""store_discriminator_sha256"":""f9ff8d30db2db1840ca1585b5598b1cf4d1d06ac2adb86a55b430669507fabff"",""tool_sha256"":""b38a65fc0c1a91e138f057f7b6c08d21c328463aceb40ffda53fc759f99d2f7a"",""java_runtime_sha256"":""bdd50c08a90e2fb713541b8a118df6250246a917edc41a6776aeafc90b472687"",""run_identity_sha256"":""31bdde9188b2b053d0ae5a25854c6c29364df67a02514fa3305b0f2224a3827b""}"
baf731844a65b830a95b2167d5a3b6b77d65abcd,millenniumdb,MillenniumDB [engines.json profile],10M,L,L4,00,6a5c40f28fc1efcf93f4f8de194ff48179bad43fdcace9ac6f264dd26c62dadf,C,SPARQLcirc CircuitRewriter,ok,29,17.3,17.3,18.6,17.7,0.7,1,3,300.0,54689,6.6,58,87,29,,442.986906,"[18.579, 17.293, 17.307]","[6.657, 6.559, 6.609]",0.0,"[0.0, 0.0, 0.0]",24.1,"[25.347, 23.986, 24.057]",0.1,"[0.11, 0.133, 0.14]",r9.2-frozen-identity-v7,e8c277ee67e4450f01e4c10029673d7e8ebf8a0c054c3aafff95cb7f85e599a7,term-aware-candidate-set-v1,29,83e6802522ac81e6f6bd1117188c9b5a244507ef0829840c5066c9ce37fb3257,flat,flat,97eaa7941c53e887e254495575e388a80485675f0248acebf52ec669b50714a5,,,,,3468610cc4e68c6a0db393e82d8981ea7136faf570fafbd39ac70ec58665cd16,288dcc57d9aa106343144401ea35f7ac346f23f881320d2a828dd038019e3d1a,8a607274f1b3d176dd6acfdc7381c25676b642e78d334a9664e45a2bdf3d52a0,59fb59a04cd20e6dec9ee47cf1de02734068a3328cade998a3fc44a746054ea8,a42a308bd2c5294f3aa79a1a3b15804d4137fd68d7677d9adc037e257a217e76,none,read-only,exploratory-base,exploratory-reified,2b9b44b25cd1c568cd57c6c5df25ae260b68229044617821fb33f542dab77648,2fa0b01dffc52d6647e98c7f554a1a4ff05e5abe6830b9c10d45f5dd8984f60d,f9ff8d30db2db1840ca1585b5598b1cf4d1d06ac2adb86a55b430669507fabff,b38a65fc0c1a91e138f057f7b6c08d21c328463aceb40ffda53fc759f99d2f7a,bdd50c08a90e2fb713541b8a118df6250246a917edc41a6776aeafc90b472687,31bdde9188b2b053d0ae5a25854c6c29364df67a02514fa3305b0f2224a3827b,"pcm-meta-v2:{""protocol"":""r9.2-frozen-identity-v7"",""message"":""C requested=flat effective=flat; steps=1 feedback=0; network includes CONSTRUCT, feedback INSERT, and cleanup DELETE"",""cell_wall_ms"":680.334,""answer_kind"":""term-aware-candidate-set-v1"",""answer_key_count"":29,""answer_fingerprint"":""83e6802522ac81e6f6bd1117188c9b5a244507ef0829840c5066c9ce37fb3257"",""c_parse_samples"":[6.657,6.559,6.609],""c_protocol_samples"":[{""requested_mode"":""flat"",""effective_mode"":""flat"",""fallback_reason"":null,""plan_steps"":1,""feedback_steps"":0,""feedback_triples"":0,""construct_query_ms"":18.579,""feedback_update_ms"":0.0,""cleanup_ms"":0.0,""client_protocol_ms"":0.0,""network_scope"":""construct+feedback+cleanup"",""circuit_sha256"":""97eaa7941c53e887e254495575e388a80485675f0248acebf52ec669b50714a5"",""answer_fingerprint"":""83e6802522ac81e6f6bd1117188c9b5a244507ef0829840c5066c9ce37fb3257"",""semantic_signature_sha256"":""35188580a33e0be0b802755319d6caa35e708cf843a0065d66cde3a8ab80ef23"",""structure_signature"":{""gates"":58,""edges"":87,""answers"":29,""derivations"":29,""canonical_bytes"":54689},""construct_total_ms"":25.347,""client_unattributed_ms"":0.11},{""requested_mode"":""flat"",""effective_mode"":""flat"",""fallback_reason"":null,""plan_steps"":1,""feedback_steps"":0,""feedback_triples"":0,""construct_query_ms"":17.293,""feedback_update_ms"":0.0,""cleanup_ms"":0.0,""client_protocol_ms"":0.0,""network_scope"":""construct+feedback+cleanup"",""circuit_sha256"":""97eaa7941c53e887e254495575e388a80485675f0248acebf52ec669b50714a5"",""answer_fingerprint"":""83e6802522ac81e6f6bd1117188c9b5a244507ef0829840c5066c9ce37fb3257"",""semantic_signature_sha256"":""35188580a33e0be0b802755319d6caa35e708cf843a0065d66cde3a8ab80ef23"",""structure_signature"":{""gates"":58,""edges"":87,""answers"":29,""derivations"":29,""canonical_bytes"":54689},""construct_total_ms"":23.986,""client_unattributed_ms"":0.133},{""requested_mode"":""flat"",""effective_mode"":""flat"",""fallback_reason"":null,""plan_steps"":1,""feedback_steps"":0,""feedback_triples"":0,""construct_query_ms"":17.307,""feedback_update_ms"":0.0,""cleanup_ms"":0.0,""client_protocol_ms"":0.0,""network_scope"":""construct+feedback+cleanup"",""circuit_sha256"":""97eaa7941c53e887e254495575e388a80485675f0248acebf52ec669b50714a5"",""answer_fingerprint"":""83e6802522ac81e6f6bd1117188c9b5a244507ef0829840c5066c9ce37fb3257"",""semantic_signature_sha256"":""35188580a33e0be0b802755319d6caa35e708cf843a0065d66cde3a8ab80ef23"",""structure_signature"":{""gates"":58,""edges"":87,""answers"":29,""derivations"":29,""canonical_bytes"":54689},""construct_total_ms"":24.057,""client_unattributed_ms"":0.14}],""construct_total_samples"":[25.347,23.986,24.057],""construct_unattributed_samples"":[0.11,0.133,0.14],""status"":""ok"",""status_evidence"":null,""c_warmup_signatures"":[""35188580a33e0be0b802755319d6caa35e708cf843a0065d66cde3a8ab80ef23""],""measured_semantic_signature_sha256"":""35188580a33e0be0b802755319d6caa35e708cf843a0065d66cde3a8ab80ef23"",""measured_repetitions_consistent"":true,""construction_requested"":""flat"",""construction_effective"":""flat"",""commit"":""baf731844a65b830a95b2167d5a3b6b77d65abcd"",""batch_id"":""e8c277ee67e4450f01e4c10029673d7e8ebf8a0c054c3aafff95cb7f85e599a7"",""query_sha256"":""6a5c40f28fc1efcf93f4f8de194ff48179bad43fdcace9ac6f264dd26c62dadf"",""engine"":""millenniumdb"",""engine_version"":""MillenniumDB [engines.json profile]"",""scale"":""10M"",""base_endpoint_sha256"":""3468610cc4e68c6a0db393e82d8981ea7136faf570fafbd39ac70ec58665cd16"",""reified_endpoint_sha256"":""288dcc57d9aa106343144401ea35f7ac346f23f881320d2a828dd038019e3d1a"",""update_endpoint_sha256"":""8a607274f1b3d176dd6acfdc7381c25676b642e78d334a9664e45a2bdf3d52a0"",""base_data_identity_sha256"":""59fb59a04cd20e6dec9ee47cf1de02734068a3328cade998a3fc44a746054ea8"",""reified_data_identity_sha256"":""a42a308bd2c5294f3aa79a1a3b15804d4137fd68d7677d9adc037e257a217e76"",""update_for"":""none"",""access_mode"":""read-only"",""base_data_name"":""exploratory-base"",""reified_data_name"":""exploratory-reified"",""update_canary_sha256"":""2b9b44b25cd1c568cd57c6c5df25ae260b68229044617821fb33f542dab77648"",""store_instance_sha256"":""2fa0b01dffc52d6647e98c7f554a1a4ff05e5abe6830b9c10d45f5dd8984f60d"",""store_discriminator_sha256"":""f9ff8d30db2db1840ca1585b5598b1cf4d1d06ac2adb86a55b430669507fabff"",""tool_sha256"":""b38a65fc0c1a91e138f057f7b6c08d21c328463aceb40ffda53fc759f99d2f7a"",""java_runtime_sha256"":""bdd50c08a90e2fb713541b8a118df6250246a917edc41a6776aeafc90b472687"",""run_identity_sha256"":""31bdde9188b2b053d0ae5a25854c6c29364df67a02514fa3305b0f2224a3827b""}"
baf731844a65b830a95b2167d5a3b6b77d65abcd,millenniumdb,MillenniumDB [engines.json profile],10M,L,L5,00,2e23cd396e2dd8542fcd6dc9541c69d45cb250a36faed0467b475b4adcca3ac6,B,base-select,ok,38,2.6,2.2,2.9,2.6,0.3,1,3,300.0,8536,0.0,,,,,0.00937,"[2.241, 2.581, 2.881]","[0.0, 0.0, 0.0]",,[],,[],,[],r9.2-frozen-identity-v7,e8c277ee67e4450f01e4c10029673d7e8ebf8a0c054c3aafff95cb7f85e599a7,csv-binding-multiset-v1,38,c7f003a75e69efba037ffd5876f532e15fa9abe6e6499ed8c196156e5b9f0e8a,,,,,,,,3468610cc4e68c6a0db393e82d8981ea7136faf570fafbd39ac70ec58665cd16,288dcc57d9aa106343144401ea35f7ac346f23f881320d2a828dd038019e3d1a,8a607274f1b3d176dd6acfdc7381c25676b642e78d334a9664e45a2bdf3d52a0,59fb59a04cd20e6dec9ee47cf1de02734068a3328cade998a3fc44a746054ea8,a42a308bd2c5294f3aa79a1a3b15804d4137fd68d7677d9adc037e257a217e76,none,read-only,exploratory-base,exploratory-reified,2b9b44b25cd1c568cd57c6c5df25ae260b68229044617821fb33f542dab77648,2fa0b01dffc52d6647e98c7f554a1a4ff05e5abe6830b9c10d45f5dd8984f60d,f9ff8d30db2db1840ca1585b5598b1cf4d1d06ac2adb86a55b430669507fabff,b38a65fc0c1a91e138f057f7b6c08d21c328463aceb40ffda53fc759f99d2f7a,bdd50c08a90e2fb713541b8a118df6250246a917edc41a6776aeafc90b472687,1031fe90d8fc4a157f70098f7ebf9a32ae39fbfd8320d7a7fa4dc85fa1efa6a8,"pcm-meta-v2:{""protocol"":""r9.2-frozen-identity-v7"",""message"":"""",""cell_wall_ms"":19.336,""answer_kind"":""csv-binding-multiset-v1"",""answer_key_count"":38,""answer_fingerprint"":""c7f003a75e69efba037ffd5876f532e15fa9abe6e6499ed8c196156e5b9f0e8a"",""c_parse_samples"":[0.0,0.0,0.0],""c_protocol_samples"":[],""construct_total_samples"":[],""construct_unattributed_samples"":[],""status"":""ok"",""status_evidence"":null,""construction_requested"":null,""construction_effective"":null,""commit"":""baf731844a65b830a95b2167d5a3b6b77d65abcd"",""batch_id"":""e8c277ee67e4450f01e4c10029673d7e8ebf8a0c054c3aafff95cb7f85e599a7"",""query_sha256"":""2e23cd396e2dd8542fcd6dc9541c69d45cb250a36faed0467b475b4adcca3ac6"",""engine"":""millenniumdb"",""engine_version"":""MillenniumDB [engines.json profile]"",""scale"":""10M"",""base_endpoint_sha256"":""3468610cc4e68c6a0db393e82d8981ea7136faf570fafbd39ac70ec58665cd16"",""reified_endpoint_sha256"":""288dcc57d9aa106343144401ea35f7ac346f23f881320d2a828dd038019e3d1a"",""update_endpoint_sha256"":""8a607274f1b3d176dd6acfdc7381c25676b642e78d334a9664e45a2bdf3d52a0"",""base_data_identity_sha256"":""59fb59a04cd20e6dec9ee47cf1de02734068a3328cade998a3fc44a746054ea8"",""reified_data_identity_sha256"":""a42a308bd2c5294f3aa79a1a3b15804d4137fd68d7677d9adc037e257a217e76"",""update_for"":""none"",""access_mode"":""read-only"",""base_data_name"":""exploratory-base"",""reified_data_name"":""exploratory-reified"",""update_canary_sha256"":""2b9b44b25cd1c568cd57c6c5df25ae260b68229044617821fb33f542dab77648"",""store_instance_sha256"":""2fa0b01dffc52d6647e98c7f554a1a4ff05e5abe6830b9c10d45f5dd8984f60d"",""store_discriminator_sha256"":""f9ff8d30db2db1840ca1585b5598b1cf4d1d06ac2adb86a55b430669507fabff"",""tool_sha256"":""b38a65fc0c1a91e138f057f7b6c08d21c328463aceb40ffda53fc759f99d2f7a"",""java_runtime_sha256"":""bdd50c08a90e2fb713541b8a118df6250246a917edc41a6776aeafc90b472687"",""run_identity_sha256"":""1031fe90d8fc4a157f70098f7ebf9a32ae39fbfd8320d7a7fa4dc85fa1efa6a8""}"
baf731844a65b830a95b2167d5a3b6b77d65abcd,millenniumdb,MillenniumDB [engines.json profile],10M,L,L5,00,2e23cd396e2dd8542fcd6dc9541c69d45cb250a36faed0467b475b4adcca3ac6,R,reification-only,ok,38,17.0,16.4,17.1,16.8,0.3,1,3,300.0,8536,0.0,,,,,168.79144,"[16.449, 17.106, 16.98]","[0.0, 0.0, 0.0]",,[],,[],,[],r9.2-frozen-identity-v7,e8c277ee67e4450f01e4c10029673d7e8ebf8a0c054c3aafff95cb7f85e599a7,csv-binding-multiset-v1,38,c7f003a75e69efba037ffd5876f532e15fa9abe6e6499ed8c196156e5b9f0e8a,,,,,,,,3468610cc4e68c6a0db393e82d8981ea7136faf570fafbd39ac70ec58665cd16,288dcc57d9aa106343144401ea35f7ac346f23f881320d2a828dd038019e3d1a,8a607274f1b3d176dd6acfdc7381c25676b642e78d334a9664e45a2bdf3d52a0,59fb59a04cd20e6dec9ee47cf1de02734068a3328cade998a3fc44a746054ea8,a42a308bd2c5294f3aa79a1a3b15804d4137fd68d7677d9adc037e257a217e76,none,read-only,exploratory-base,exploratory-reified,2b9b44b25cd1c568cd57c6c5df25ae260b68229044617821fb33f542dab77648,2fa0b01dffc52d6647e98c7f554a1a4ff05e5abe6830b9c10d45f5dd8984f60d,f9ff8d30db2db1840ca1585b5598b1cf4d1d06ac2adb86a55b430669507fabff,b38a65fc0c1a91e138f057f7b6c08d21c328463aceb40ffda53fc759f99d2f7a,bdd50c08a90e2fb713541b8a118df6250246a917edc41a6776aeafc90b472687,1031fe90d8fc4a157f70098f7ebf9a32ae39fbfd8320d7a7fa4dc85fa1efa6a8,"pcm-meta-v2:{""protocol"":""r9.2-frozen-identity-v7"",""message"":"""",""cell_wall_ms"":409.249,""answer_kind"":""csv-binding-multiset-v1"",""answer_key_count"":38,""answer_fingerprint"":""c7f003a75e69efba037ffd5876f532e15fa9abe6e6499ed8c196156e5b9f0e8a"",""c_parse_samples"":[0.0,0.0,0.0],""c_protocol_samples"":[],""construct_total_samples"":[],""construct_unattributed_samples"":[],""status"":""ok"",""status_evidence"":null,""construction_requested"":null,""construction_effective"":null,""commit"":""baf731844a65b830a95b2167d5a3b6b77d65abcd"",""batch_id"":""e8c277ee67e4450f01e4c10029673d7e8ebf8a0c054c3aafff95cb7f85e599a7"",""query_sha256"":""2e23cd396e2dd8542fcd6dc9541c69d45cb250a36faed0467b475b4adcca3ac6"",""engine"":""millenniumdb"",""engine_version"":""MillenniumDB [engines.json profile]"",""scale"":""10M"",""base_endpoint_sha256"":""3468610cc4e68c6a0db393e82d8981ea7136faf570fafbd39ac70ec58665cd16"",""reified_endpoint_sha256"":""288dcc57d9aa106343144401ea35f7ac346f23f881320d2a828dd038019e3d1a"",""update_endpoint_sha256"":""8a607274f1b3d176dd6acfdc7381c25676b642e78d334a9664e45a2bdf3d52a0"",""base_data_identity_sha256"":""59fb59a04cd20e6dec9ee47cf1de02734068a3328cade998a3fc44a746054ea8"",""reified_data_identity_sha256"":""a42a308bd2c5294f3aa79a1a3b15804d4137fd68d7677d9adc037e257a217e76"",""update_for"":""none"",""access_mode"":""read-only"",""base_data_name"":""exploratory-base"",""reified_data_name"":""exploratory-reified"",""update_canary_sha256"":""2b9b44b25cd1c568cd57c6c5df25ae260b68229044617821fb33f542dab77648"",""store_instance_sha256"":""2fa0b01dffc52d6647e98c7f554a1a4ff05e5abe6830b9c10d45f5dd8984f60d"",""store_discriminator_sha256"":""f9ff8d30db2db1840ca1585b5598b1cf4d1d06ac2adb86a55b430669507fabff"",""tool_sha256"":""b38a65fc0c1a91e138f057f7b6c08d21c328463aceb40ffda53fc759f99d2f7a"",""java_runtime_sha256"":""bdd50c08a90e2fb713541b8a118df6250246a917edc41a6776aeafc90b472687"",""run_identity_sha256"":""1031fe90d8fc4a157f70098f7ebf9a32ae39fbfd8320d7a7fa4dc85fa1efa6a8""}"
baf731844a65b830a95b2167d5a3b6b77d65abcd,millenniumdb,MillenniumDB [engines.json profile],10M,L,L5,00,2e23cd396e2dd8542fcd6dc9541c69d45cb250a36faed0467b475b4adcca3ac6,N,N_clean (NPCS reimplementation),ok,38,18.0,13.6,18.1,16.6,2.6,1,3,300.0,10432,0.0,,,,38,208.878244,"[13.563, 18.003, 18.134]","[0.0, 0.0, 0.0]",,[],,[],,[],r9.2-frozen-identity-v7,e8c277ee67e4450f01e4c10029673d7e8ebf8a0c054c3aafff95cb7f85e599a7,csv-candidate-multiset-v1,38,c7f003a75e69efba037ffd5876f532e15fa9abe6e6499ed8c196156e5b9f0e8a,,,,,,,,3468610cc4e68c6a0db393e82d8981ea7136faf570fafbd39ac70ec58665cd16,288dcc57d9aa106343144401ea35f7ac346f23f881320d2a828dd038019e3d1a,8a607274f1b3d176dd6acfdc7381c25676b642e78d334a9664e45a2bdf3d52a0,59fb59a04cd20e6dec9ee47cf1de02734068a3328cade998a3fc44a746054ea8,a42a308bd2c5294f3aa79a1a3b15804d4137fd68d7677d9adc037e257a217e76,none,read-only,exploratory-base,exploratory-reified,2b9b44b25cd1c568cd57c6c5df25ae260b68229044617821fb33f542dab77648,2fa0b01dffc52d6647e98c7f554a1a4ff05e5abe6830b9c10d45f5dd8984f60d,f9ff8d30db2db1840ca1585b5598b1cf4d1d06ac2adb86a55b430669507fabff,b38a65fc0c1a91e138f057f7b6c08d21c328463aceb40ffda53fc759f99d2f7a,bdd50c08a90e2fb713541b8a118df6250246a917edc41a6776aeafc90b472687,1031fe90d8fc4a157f70098f7ebf9a32ae39fbfd8320d7a7fa4dc85fa1efa6a8,"pcm-meta-v2:{""protocol"":""r9.2-frozen-identity-v7"",""message"":"""",""cell_wall_ms"":312.911,""answer_kind"":""csv-candidate-multiset-v1"",""answer_key_count"":38,""answer_fingerprint"":""c7f003a75e69efba037ffd5876f532e15fa9abe6e6499ed8c196156e5b9f0e8a"",""c_parse_samples"":[0.0,0.0,0.0],""c_protocol_samples"":[],""construct_total_samples"":[],""construct_unattributed_samples"":[],""status"":""ok"",""status_evidence"":null,""construction_requested"":null,""construction_effective"":null,""commit"":""baf731844a65b830a95b2167d5a3b6b77d65abcd"",""batch_id"":""e8c277ee67e4450f01e4c10029673d7e8ebf8a0c054c3aafff95cb7f85e599a7"",""query_sha256"":""2e23cd396e2dd8542fcd6dc9541c69d45cb250a36faed0467b475b4adcca3ac6"",""engine"":""millenniumdb"",""engine_version"":""MillenniumDB [engines.json profile]"",""scale"":""10M"",""base_endpoint_sha256"":""3468610cc4e68c6a0db393e82d8981ea7136faf570fafbd39ac70ec58665cd16"",""reified_endpoint_sha256"":""288dcc57d9aa106343144401ea35f7ac346f23f881320d2a828dd038019e3d1a"",""update_endpoint_sha256"":""8a607274f1b3d176dd6acfdc7381c25676b642e78d334a9664e45a2bdf3d52a0"",""base_data_identity_sha256"":""59fb59a04cd20e6dec9ee47cf1de02734068a3328cade998a3fc44a746054ea8"",""reified_data_identity_sha256"":""a42a308bd2c5294f3aa79a1a3b15804d4137fd68d7677d9adc037e257a217e76"",""update_for"":""none"",""access_mode"":""read-only"",""base_data_name"":""exploratory-base"",""reified_data_name"":""exploratory-reified"",""update_canary_sha256"":""2b9b44b25cd1c568cd57c6c5df25ae260b68229044617821fb33f542dab77648"",""store_instance_sha256"":""2fa0b01dffc52d6647e98c7f554a1a4ff05e5abe6830b9c10d45f5dd8984f60d"",""store_discriminator_sha256"":""f9ff8d30db2db1840ca1585b5598b1cf4d1d06ac2adb86a55b430669507fabff"",""tool_sha256"":""b38a65fc0c1a91e138f057f7b6c08d21c328463aceb40ffda53fc759f99d2f7a"",""java_runtime_sha256"":""bdd50c08a90e2fb713541b8a118df6250246a917edc41a6776aeafc90b472687"",""run_identity_sha256"":""1031fe90d8fc4a157f70098f7ebf9a32ae39fbfd8320d7a7fa4dc85fa1efa6a8""}"
baf731844a65b830a95b2167d5a3b6b77d65abcd,millenniumdb,MillenniumDB [engines.json profile],10M,L,L5,00,2e23cd396e2dd8542fcd6dc9541c69d45cb250a36faed0467b475b4adcca3ac6,C,SPARQLcirc CircuitRewriter,ok,38,21.6,21.2,21.7,21.5,0.3,1,3,300.0,94374,7.9,76,152,38,,402.149812,"[21.554, 21.175, 21.663]","[7.939, 8.159, 7.829]",0.0,"[0.0, 0.0, 0.0]",29.6,"[29.583, 29.419, 29.589]",0.1,"[0.09, 0.086, 0.097]",r9.2-frozen-identity-v7,e8c277ee67e4450f01e4c10029673d7e8ebf8a0c054c3aafff95cb7f85e599a7,term-aware-candidate-set-v1,38,e35d1fc84127bb38d0fba2002b6d9131026fe663b375fecf61faf026eeb54a50,flat,flat,03c64f2ee81a0ae34ffd4bc5c1f941b3d7d765e7329b7f4a6328729d9655afba,,,,,3468610cc4e68c6a0db393e82d8981ea7136faf570fafbd39ac70ec58665cd16,288dcc57d9aa106343144401ea35f7ac346f23f881320d2a828dd038019e3d1a,8a607274f1b3d176dd6acfdc7381c25676b642e78d334a9664e45a2bdf3d52a0,59fb59a04cd20e6dec9ee47cf1de02734068a3328cade998a3fc44a746054ea8,a42a308bd2c5294f3aa79a1a3b15804d4137fd68d7677d9adc037e257a217e76,none,read-only,exploratory-base,exploratory-reified,2b9b44b25cd1c568cd57c6c5df25ae260b68229044617821fb33f542dab77648,2fa0b01dffc52d6647e98c7f554a1a4ff05e5abe6830b9c10d45f5dd8984f60d,f9ff8d30db2db1840ca1585b5598b1cf4d1d06ac2adb86a55b430669507fabff,b38a65fc0c1a91e138f057f7b6c08d21c328463aceb40ffda53fc759f99d2f7a,bdd50c08a90e2fb713541b8a118df6250246a917edc41a6776aeafc90b472687,1031fe90d8fc4a157f70098f7ebf9a32ae39fbfd8320d7a7fa4dc85fa1efa6a8,"pcm-meta-v2:{""protocol"":""r9.2-frozen-identity-v7"",""message"":""C requested=flat effective=flat; steps=1 feedback=0; network includes CONSTRUCT, feedback INSERT, and cleanup DELETE"",""cell_wall_ms"":683.866,""answer_kind"":""term-aware-candidate-set-v1"",""answer_key_count"":38,""answer_fingerprint"":""e35d1fc84127bb38d0fba2002b6d9131026fe663b375fecf61faf026eeb54a50"",""c_parse_samples"":[7.939,8.159,7.829],""c_protocol_samples"":[{""requested_mode"":""flat"",""effective_mode"":""flat"",""fallback_reason"":null,""plan_steps"":1,""feedback_steps"":0,""feedback_triples"":0,""construct_query_ms"":21.554,""feedback_update_ms"":0.0,""cleanup_ms"":0.0,""client_protocol_ms"":0.0,""network_scope"":""construct+feedback+cleanup"",""circuit_sha256"":""03c64f2ee81a0ae34ffd4bc5c1f941b3d7d765e7329b7f4a6328729d9655afba"",""answer_fingerprint"":""e35d1fc84127bb38d0fba2002b6d9131026fe663b375fecf61faf026eeb54a50"",""semantic_signature_sha256"":""570a234c2875715649c1a8730b288f3f0680220f1a7d3e72f23d69f015ac4d87"",""structure_signature"":{""gates"":76,""edges"":152,""answers"":38,""derivations"":38,""canonical_bytes"":94374},""construct_total_ms"":29.583,""client_unattributed_ms"":0.09},{""requested_mode"":""flat"",""effective_mode"":""flat"",""fallback_reason"":null,""plan_steps"":1,""feedback_steps"":0,""feedback_triples"":0,""construct_query_ms"":21.175,""feedback_update_ms"":0.0,""cleanup_ms"":0.0,""client_protocol_ms"":0.0,""network_scope"":""construct+feedback+cleanup"",""circuit_sha256"":""03c64f2ee81a0ae34ffd4bc5c1f941b3d7d765e7329b7f4a6328729d9655afba"",""answer_fingerprint"":""e35d1fc84127bb38d0fba2002b6d9131026fe663b375fecf61faf026eeb54a50"",""semantic_signature_sha256"":""570a234c2875715649c1a8730b288f3f0680220f1a7d3e72f23d69f015ac4d87"",""structure_signature"":{""gates"":76,""edges"":152,""answers"":38,""derivations"":38,""canonical_bytes"":94374},""construct_total_ms"":29.419,""client_unattributed_ms"":0.086},{""requested_mode"":""flat"",""effective_mode"":""flat"",""fallback_reason"":null,""plan_steps"":1,""feedback_steps"":0,""feedback_triples"":0,""construct_query_ms"":21.663,""feedback_update_ms"":0.0,""cleanup_ms"":0.0,""client_protocol_ms"":0.0,""network_scope"":""construct+feedback+cleanup"",""circuit_sha256"":""03c64f2ee81a0ae34ffd4bc5c1f941b3d7d765e7329b7f4a6328729d9655afba"",""answer_fingerprint"":""e35d1fc84127bb38d0fba2002b6d9131026fe663b375fecf61faf026eeb54a50"",""semantic_signature_sha256"":""570a234c2875715649c1a8730b288f3f0680220f1a7d3e72f23d69f015ac4d87"",""structure_signature"":{""gates"":76,""edges"":152,""answers"":38,""derivations"":38,""canonical_bytes"":94374},""construct_total_ms"":29.589,""client_unattributed_ms"":0.097}],""construct_total_samples"":[29.583,29.419,29.589],""construct_unattributed_samples"":[0.09,0.086,0.097],""status"":""ok"",""status_evidence"":null,""c_warmup_signatures"":[""570a234c2875715649c1a8730b288f3f0680220f1a7d3e72f23d69f015ac4d87""],""measured_semantic_signature_sha256"":""570a234c2875715649c1a8730b288f3f0680220f1a7d3e72f23d69f015ac4d87"",""measured_repetitions_consistent"":true,""construction_requested"":""flat"",""construction_effective"":""flat"",""commit"":""baf731844a65b830a95b2167d5a3b6b77d65abcd"",""batch_id"":""e8c277ee67e4450f01e4c10029673d7e8ebf8a0c054c3aafff95cb7f85e599a7"",""query_sha256"":""2e23cd396e2dd8542fcd6dc9541c69d45cb250a36faed0467b475b4adcca3ac6"",""engine"":""millenniumdb"",""engine_version"":""MillenniumDB [engines.json profile]"",""scale"":""10M"",""base_endpoint_sha256"":""3468610cc4e68c6a0db393e82d8981ea7136faf570fafbd39ac70ec58665cd16"",""reified_endpoint_sha256"":""288dcc57d9aa106343144401ea35f7ac346f23f881320d2a828dd038019e3d1a"",""update_endpoint_sha256"":""8a607274f1b3d176dd6acfdc7381c25676b642e78d334a9664e45a2bdf3d52a0"",""base_data_identity_sha256"":""59fb59a04cd20e6dec9ee47cf1de02734068a3328cade998a3fc44a746054ea8"",""reified_data_identity_sha256"":""a42a308bd2c5294f3aa79a1a3b15804d4137fd68d7677d9adc037e257a217e76"",""update_for"":""none"",""access_mode"":""read-only"",""base_data_name"":""exploratory-base"",""reified_data_name"":""exploratory-reified"",""update_canary_sha256"":""2b9b44b25cd1c568cd57c6c5df25ae260b68229044617821fb33f542dab77648"",""store_instance_sha256"":""2fa0b01dffc52d6647e98c7f554a1a4ff05e5abe6830b9c10d45f5dd8984f60d"",""store_discriminator_sha256"":""f9ff8d30db2db1840ca1585b5598b1cf4d1d06ac2adb86a55b430669507fabff"",""tool_sha256"":""b38a65fc0c1a91e138f057f7b6c08d21c328463aceb40ffda53fc759f99d2f7a"",""java_runtime_sha256"":""bdd50c08a90e2fb713541b8a118df6250246a917edc41a6776aeafc90b472687"",""run_identity_sha256"":""1031fe90d8fc4a157f70098f7ebf9a32ae39fbfd8320d7a7fa4dc85fa1efa6a8""}"
baf731844a65b830a95b2167d5a3b6b77d65abcd,millenniumdb,MillenniumDB [engines.json profile],10M,S,S1,00,11a13df922fdbee8f9776eaed6af62ffda103b2b406da774b3f49300860168da,B,base-select,ok,5,2.3,2.2,2.5,2.4,0.1,1,3,300.0,1058,0.0,,,,,0.00601,"[2.505, 2.245, 2.306]","[0.0, 0.0, 0.0]",,[],,[],,[],r9.2-frozen-identity-v7,3daa02849c0d2938e134989b4df95aa6587540b0b40bbd3808aa0f5744e3acdb,csv-binding-multiset-v1,5,0b3447e33f09ae7c51fa8c7cae48c9e29416114d1ee048bff0780f9348dc09f3,,,,,,,,3468610cc4e68c6a0db393e82d8981ea7136faf570fafbd39ac70ec58665cd16,288dcc57d9aa106343144401ea35f7ac346f23f881320d2a828dd038019e3d1a,8a607274f1b3d176dd6acfdc7381c25676b642e78d334a9664e45a2bdf3d52a0,59fb59a04cd20e6dec9ee47cf1de02734068a3328cade998a3fc44a746054ea8,a42a308bd2c5294f3aa79a1a3b15804d4137fd68d7677d9adc037e257a217e76,none,read-only,exploratory-base,exploratory-reified,2b9b44b25cd1c568cd57c6c5df25ae260b68229044617821fb33f542dab77648,2fa0b01dffc52d6647e98c7f554a1a4ff05e5abe6830b9c10d45f5dd8984f60d,f9ff8d30db2db1840ca1585b5598b1cf4d1d06ac2adb86a55b430669507fabff,b38a65fc0c1a91e138f057f7b6c08d21c328463aceb40ffda53fc759f99d2f7a,bdd50c08a90e2fb713541b8a118df6250246a917edc41a6776aeafc90b472687,1f7eb852b3ed5579365043ad43d9c6bc784b5946080ff72896556890acb03045,"pcm-meta-v2:{""protocol"":""r9.2-frozen-identity-v7"",""message"":"""",""cell_wall_ms"":27.127,""answer_kind"":""csv-binding-multiset-v1"",""answer_key_count"":5,""answer_fingerprint"":""0b3447e33f09ae7c51fa8c7cae48c9e29416114d1ee048bff0780f9348dc09f3"",""c_parse_samples"":[0.0,0.0,0.0],""c_protocol_samples"":[],""construct_total_samples"":[],""construct_unattributed_samples"":[],""status"":""ok"",""status_evidence"":null,""construction_requested"":null,""construction_effective"":null,""commit"":""baf731844a65b830a95b2167d5a3b6b77d65abcd"",""batch_id"":""3daa02849c0d2938e134989b4df95aa6587540b0b40bbd3808aa0f5744e3acdb"",""query_sha256"":""11a13df922fdbee8f9776eaed6af62ffda103b2b406da774b3f49300860168da"",""engine"":""millenniumdb"",""engine_version"":""MillenniumDB [engines.json profile]"",""scale"":""10M"",""base_endpoint_sha256"":""3468610cc4e68c6a0db393e82d8981ea7136faf570fafbd39ac70ec58665cd16"",""reified_endpoint_sha256"":""288dcc57d9aa106343144401ea35f7ac346f23f881320d2a828dd038019e3d1a"",""update_endpoint_sha256"":""8a607274f1b3d176dd6acfdc7381c25676b642e78d334a9664e45a2bdf3d52a0"",""base_data_identity_sha256"":""59fb59a04cd20e6dec9ee47cf1de02734068a3328cade998a3fc44a746054ea8"",""reified_data_identity_sha256"":""a42a308bd2c5294f3aa79a1a3b15804d4137fd68d7677d9adc037e257a217e76"",""update_for"":""none"",""access_mode"":""read-only"",""base_data_name"":""exploratory-base"",""reified_data_name"":""exploratory-reified"",""update_canary_sha256"":""2b9b44b25cd1c568cd57c6c5df25ae260b68229044617821fb33f542dab77648"",""store_instance_sha256"":""2fa0b01dffc52d6647e98c7f554a1a4ff05e5abe6830b9c10d45f5dd8984f60d"",""store_discriminator_sha256"":""f9ff8d30db2db1840ca1585b5598b1cf4d1d06ac2adb86a55b430669507fabff"",""tool_sha256"":""b38a65fc0c1a91e138f057f7b6c08d21c328463aceb40ffda53fc759f99d2f7a"",""java_runtime_sha256"":""bdd50c08a90e2fb713541b8a118df6250246a917edc41a6776aeafc90b472687"",""run_identity_sha256"":""1f7eb852b3ed5579365043ad43d9c6bc784b5946080ff72896556890acb03045""}"
baf731844a65b830a95b2167d5a3b6b77d65abcd,millenniumdb,MillenniumDB [engines.json profile],10M,S,S1,00,11a13df922fdbee8f9776eaed6af62ffda103b2b406da774b3f49300860168da,R,reification-only,ok,5,9.6,9.5,9.7,9.6,0.1,1,3,300.0,1058,0.0,,,,,192.611289,"[9.664, 9.574, 9.492]","[0.0, 0.0, 0.0]",,[],,[],,[],r9.2-frozen-identity-v7,3daa02849c0d2938e134989b4df95aa6587540b0b40bbd3808aa0f5744e3acdb,csv-binding-multiset-v1,5,0b3447e33f09ae7c51fa8c7cae48c9e29416114d1ee048bff0780f9348dc09f3,,,,,,,,3468610cc4e68c6a0db393e82d8981ea7136faf570fafbd39ac70ec58665cd16,288dcc57d9aa106343144401ea35f7ac346f23f881320d2a828dd038019e3d1a,8a607274f1b3d176dd6acfdc7381c25676b642e78d334a9664e45a2bdf3d52a0,59fb59a04cd20e6dec9ee47cf1de02734068a3328cade998a3fc44a746054ea8,a42a308bd2c5294f3aa79a1a3b15804d4137fd68d7677d9adc037e257a217e76,none,read-only,exploratory-base,exploratory-reified,2b9b44b25cd1c568cd57c6c5df25ae260b68229044617821fb33f542dab77648,2fa0b01dffc52d6647e98c7f554a1a4ff05e5abe6830b9c10d45f5dd8984f60d,f9ff8d30db2db1840ca1585b5598b1cf4d1d06ac2adb86a55b430669507fabff,b38a65fc0c1a91e138f057f7b6c08d21c328463aceb40ffda53fc759f99d2f7a,bdd50c08a90e2fb713541b8a118df6250246a917edc41a6776aeafc90b472687,1f7eb852b3ed5579365043ad43d9c6bc784b5946080ff72896556890acb03045,"pcm-meta-v2:{""protocol"":""r9.2-frozen-identity-v7"",""message"":"""",""cell_wall_ms"":266.056,""answer_kind"":""csv-binding-multiset-v1"",""answer_key_count"":5,""answer_fingerprint"":""0b3447e33f09ae7c51fa8c7cae48c9e29416114d1ee048bff0780f9348dc09f3"",""c_parse_samples"":[0.0,0.0,0.0],""c_protocol_samples"":[],""construct_total_samples"":[],""construct_unattributed_samples"":[],""status"":""ok"",""status_evidence"":null,""construction_requested"":null,""construction_effective"":null,""commit"":""baf731844a65b830a95b2167d5a3b6b77d65abcd"",""batch_id"":""3daa02849c0d2938e134989b4df95aa6587540b0b40bbd3808aa0f5744e3acdb"",""query_sha256"":""11a13df922fdbee8f9776eaed6af62ffda103b2b406da774b3f49300860168da"",""engine"":""millenniumdb"",""engine_version"":""MillenniumDB [engines.json profile]"",""scale"":""10M"",""base_endpoint_sha256"":""3468610cc4e68c6a0db393e82d8981ea7136faf570fafbd39ac70ec58665cd16"",""reified_endpoint_sha256"":""288dcc57d9aa106343144401ea35f7ac346f23f881320d2a828dd038019e3d1a"",""update_endpoint_sha256"":""8a607274f1b3d176dd6acfdc7381c25676b642e78d334a9664e45a2bdf3d52a0"",""base_data_identity_sha256"":""59fb59a04cd20e6dec9ee47cf1de02734068a3328cade998a3fc44a746054ea8"",""reified_data_identity_sha256"":""a42a308bd2c5294f3aa79a1a3b15804d4137fd68d7677d9adc037e257a217e76"",""update_for"":""none"",""access_mode"":""read-only"",""base_data_name"":""exploratory-base"",""reified_data_name"":""exploratory-reified"",""update_canary_sha256"":""2b9b44b25cd1c568cd57c6c5df25ae260b68229044617821fb33f542dab77648"",""store_instance_sha256"":""2fa0b01dffc52d6647e98c7f554a1a4ff05e5abe6830b9c10d45f5dd8984f60d"",""store_discriminator_sha256"":""f9ff8d30db2db1840ca1585b5598b1cf4d1d06ac2adb86a55b430669507fabff"",""tool_sha256"":""b38a65fc0c1a91e138f057f7b6c08d21c328463aceb40ffda53fc759f99d2f7a"",""java_runtime_sha256"":""bdd50c08a90e2fb713541b8a118df6250246a917edc41a6776aeafc90b472687"",""run_identity_sha256"":""1f7eb852b3ed5579365043ad43d9c6bc784b5946080ff72896556890acb03045""}"
baf731844a65b830a95b2167d5a3b6b77d65abcd,millenniumdb,MillenniumDB [engines.json profile],10M,S,S1,00,11a13df922fdbee8f9776eaed6af62ffda103b2b406da774b3f49300860168da,N,N_clean (NPCS reimplementation),ok,5,9.6,9.5,10.7,9.9,0.6,1,3,300.0,1737,0.0,,,,5,322.642505,"[9.627, 9.5, 10.664]","[0.0, 0.0, 0.0]",,[],,[],,[],r9.2-frozen-identity-v7,3daa02849c0d2938e134989b4df95aa6587540b0b40bbd3808aa0f5744e3acdb,csv-candidate-multiset-v1,5,0b3447e33f09ae7c51fa8c7cae48c9e29416114d1ee048bff0780f9348dc09f3,,,,,,,,3468610cc4e68c6a0db393e82d8981ea7136faf570fafbd39ac70ec58665cd16,288dcc57d9aa106343144401ea35f7ac346f23f881320d2a828dd038019e3d1a,8a607274f1b3d176dd6acfdc7381c25676b642e78d334a9664e45a2bdf3d52a0,59fb59a04cd20e6dec9ee47cf1de02734068a3328cade998a3fc44a746054ea8,a42a308bd2c5294f3aa79a1a3b15804d4137fd68d7677d9adc037e257a217e76,none,read-only,exploratory-base,exploratory-reified,2b9b44b25cd1c568cd57c6c5df25ae260b68229044617821fb33f542dab77648,2fa0b01dffc52d6647e98c7f554a1a4ff05e5abe6830b9c10d45f5dd8984f60d,f9ff8d30db2db1840ca1585b5598b1cf4d1d06ac2adb86a55b430669507fabff,b38a65fc0c1a91e138f057f7b6c08d21c328463aceb40ffda53fc759f99d2f7a,bdd50c08a90e2fb713541b8a118df6250246a917edc41a6776aeafc90b472687,1f7eb852b3ed5579365043ad43d9c6bc784b5946080ff72896556890acb03045,"pcm-meta-v2:{""protocol"":""r9.2-frozen-identity-v7"",""message"":"""",""cell_wall_ms"":376.781,""answer_kind"":""csv-candidate-multiset-v1"",""answer_key_count"":5,""answer_fingerprint"":""0b3447e33f09ae7c51fa8c7cae48c9e29416114d1ee048bff0780f9348dc09f3"",""c_parse_samples"":[0.0,0.0,0.0],""c_protocol_samples"":[],""construct_total_samples"":[],""construct_unattributed_samples"":[],""status"":""ok"",""status_evidence"":null,""construction_requested"":null,""construction_effective"":null,""commit"":""baf731844a65b830a95b2167d5a3b6b77d65abcd"",""batch_id"":""3daa02849c0d2938e134989b4df95aa6587540b0b40bbd3808aa0f5744e3acdb"",""query_sha256"":""11a13df922fdbee8f9776eaed6af62ffda103b2b406da774b3f49300860168da"",""engine"":""millenniumdb"",""engine_version"":""MillenniumDB [engines.json profile]"",""scale"":""10M"",""base_endpoint_sha256"":""3468610cc4e68c6a0db393e82d8981ea7136faf570fafbd39ac70ec58665cd16"",""reified_endpoint_sha256"":""288dcc57d9aa106343144401ea35f7ac346f23f881320d2a828dd038019e3d1a"",""update_endpoint_sha256"":""8a607274f1b3d176dd6acfdc7381c25676b642e78d334a9664e45a2bdf3d52a0"",""base_data_identity_sha256"":""59fb59a04cd20e6dec9ee47cf1de02734068a3328cade998a3fc44a746054ea8"",""reified_data_identity_sha256"":""a42a308bd2c5294f3aa79a1a3b15804d4137fd68d7677d9adc037e257a217e76"",""update_for"":""none"",""access_mode"":""read-only"",""base_data_name"":""exploratory-base"",""reified_data_name"":""exploratory-reified"",""update_canary_sha256"":""2b9b44b25cd1c568cd57c6c5df25ae260b68229044617821fb33f542dab77648"",""store_instance_sha256"":""2fa0b01dffc52d6647e98c7f554a1a4ff05e5abe6830b9c10d45f5dd8984f60d"",""store_discriminator_sha256"":""f9ff8d30db2db1840ca1585b5598b1cf4d1d06ac2adb86a55b430669507fabff"",""tool_sha256"":""b38a65fc0c1a91e138f057f7b6c08d21c328463aceb40ffda53fc759f99d2f7a"",""java_runtime_sha256"":""bdd50c08a90e2fb713541b8a118df6250246a917edc41a6776aeafc90b472687"",""run_identity_sha256"":""1f7eb852b3ed5579365043ad43d9c6bc784b5946080ff72896556890acb03045""}"
baf731844a65b830a95b2167d5a3b6b77d65abcd,millenniumdb,MillenniumDB [engines.json profile],10M,S,S1,00,11a13df922fdbee8f9776eaed6af62ffda103b2b406da774b3f49300860168da,C,SPARQLcirc CircuitRewriter,ok,5,18.2,15.2,23.9,19.1,4.4,1,3,300.0,26862,2.2,10,50,5,,571.273507,"[23.905, 18.197, 15.177]","[2.636, 2.234, 2.235]",0.0,"[0.0, 0.0, 0.0]",20.5,"[26.628, 20.511, 17.477]",0.1,"[0.087, 0.08, 0.064]",r9.2-frozen-identity-v7,3daa02849c0d2938e134989b4df95aa6587540b0b40bbd3808aa0f5744e3acdb,term-aware-candidate-set-v1,5,cc70222ca42482fff5eb1ed85d8992d3a527b4b368c91d0ca1907b85a45681cf,flat,flat,68afea361c7f49eb2069e36ed34e231a9dd51dd7c9d7f1167b84a9efcb940e64,,,,,3468610cc4e68c6a0db393e82d8981ea7136faf570fafbd39ac70ec58665cd16,288dcc57d9aa106343144401ea35f7ac346f23f881320d2a828dd038019e3d1a,8a607274f1b3d176dd6acfdc7381c25676b642e78d334a9664e45a2bdf3d52a0,59fb59a04cd20e6dec9ee47cf1de02734068a3328cade998a3fc44a746054ea8,a42a308bd2c5294f3aa79a1a3b15804d4137fd68d7677d9adc037e257a217e76,none,read-only,exploratory-base,exploratory-reified,2b9b44b25cd1c568cd57c6c5df25ae260b68229044617821fb33f542dab77648,2fa0b01dffc52d6647e98c7f554a1a4ff05e5abe6830b9c10d45f5dd8984f60d,f9ff8d30db2db1840ca1585b5598b1cf4d1d06ac2adb86a55b430669507fabff,b38a65fc0c1a91e138f057f7b6c08d21c328463aceb40ffda53fc759f99d2f7a,bdd50c08a90e2fb713541b8a118df6250246a917edc41a6776aeafc90b472687,1f7eb852b3ed5579365043ad43d9c6bc784b5946080ff72896556890acb03045,"pcm-meta-v2:{""protocol"":""r9.2-frozen-identity-v7"",""message"":""C requested=flat effective=flat; steps=1 feedback=0; network includes CONSTRUCT, feedback INSERT, and cleanup DELETE"",""cell_wall_ms"":696.182,""answer_kind"":""term-aware-candidate-set-v1"",""answer_key_count"":5,""answer_fingerprint"":""cc70222ca42482fff5eb1ed85d8992d3a527b4b368c91d0ca1907b85a45681cf"",""c_parse_samples"":[2.636,2.234,2.235],""c_protocol_samples"":[{""requested_mode"":""flat"",""effective_mode"":""flat"",""fallback_reason"":null,""plan_steps"":1,""feedback_steps"":0,""feedback_triples"":0,""construct_query_ms"":23.905,""feedback_update_ms"":0.0,""cleanup_ms"":0.0,""client_protocol_ms"":0.0,""network_scope"":""construct+feedback+cleanup"",""circuit_sha256"":""68afea361c7f49eb2069e36ed34e231a9dd51dd7c9d7f1167b84a9efcb940e64"",""answer_fingerprint"":""cc70222ca42482fff5eb1ed85d8992d3a527b4b368c91d0ca1907b85a45681cf"",""semantic_signature_sha256"":""8ae25a6f656e24a4d9d9dbdd64ae8f1803875d33ebaf0d27a3010b1ffda8989d"",""structure_signature"":{""gates"":10,""edges"":50,""answers"":5,""derivations"":5,""canonical_bytes"":26862},""construct_total_ms"":26.628,""client_unattributed_ms"":0.087},{""requested_mode"":""flat"",""effective_mode"":""flat"",""fallback_reason"":null,""plan_steps"":1,""feedback_steps"":0,""feedback_triples"":0,""construct_query_ms"":18.197,""feedback_update_ms"":0.0,""cleanup_ms"":0.0,""client_protocol_ms"":0.0,""network_scope"":""construct+feedback+cleanup"",""circuit_sha256"":""68afea361c7f49eb2069e36ed34e231a9dd51dd7c9d7f1167b84a9efcb940e64"",""answer_fingerprint"":""cc70222ca42482fff5eb1ed85d8992d3a527b4b368c91d0ca1907b85a45681cf"",""semantic_signature_sha256"":""8ae25a6f656e24a4d9d9dbdd64ae8f1803875d33ebaf0d27a3010b1ffda8989d"",""structure_signature"":{""gates"":10,""edges"":50,""answers"":5,""derivations"":5,""canonical_bytes"":26862},""construct_total_ms"":20.511,""client_unattributed_ms"":0.08},{""requested_mode"":""flat"",""effective_mode"":""flat"",""fallback_reason"":null,""plan_steps"":1,""feedback_steps"":0,""feedback_triples"":0,""construct_query_ms"":15.177,""feedback_update_ms"":0.0,""cleanup_ms"":0.0,""client_protocol_ms"":0.0,""network_scope"":""construct+feedback+cleanup"",""circuit_sha256"":""68afea361c7f49eb2069e36ed34e231a9dd51dd7c9d7f1167b84a9efcb940e64"",""answer_fingerprint"":""cc70222ca42482fff5eb1ed85d8992d3a527b4b368c91d0ca1907b85a45681cf"",""semantic_signature_sha256"":""8ae25a6f656e24a4d9d9dbdd64ae8f1803875d33ebaf0d27a3010b1ffda8989d"",""structure_signature"":{""gates"":10,""edges"":50,""answers"":5,""derivations"":5,""canonical_bytes"":26862},""construct_total_ms"":17.477,""client_unattributed_ms"":0.064}],""construct_total_samples"":[26.628,20.511,17.477],""construct_unattributed_samples"":[0.087,0.08,0.064],""status"":""ok"",""status_evidence"":null,""c_warmup_signatures"":[""8ae25a6f656e24a4d9d9dbdd64ae8f1803875d33ebaf0d27a3010b1ffda8989d""],""measured_semantic_signature_sha256"":""8ae25a6f656e24a4d9d9dbdd64ae8f1803875d33ebaf0d27a3010b1ffda8989d"",""measured_repetitions_consistent"":true,""construction_requested"":""flat"",""construction_effective"":""flat"",""commit"":""baf731844a65b830a95b2167d5a3b6b77d65abcd"",""batch_id"":""3daa02849c0d2938e134989b4df95aa6587540b0b40bbd3808aa0f5744e3acdb"",""query_sha256"":""11a13df922fdbee8f9776eaed6af62ffda103b2b406da774b3f49300860168da"",""engine"":""millenniumdb"",""engine_version"":""MillenniumDB [engines.json profile]"",""scale"":""10M"",""base_endpoint_sha256"":""3468610cc4e68c6a0db393e82d8981ea7136faf570fafbd39ac70ec58665cd16"",""reified_endpoint_sha256"":""288dcc57d9aa106343144401ea35f7ac346f23f881320d2a828dd038019e3d1a"",""update_endpoint_sha256"":""8a607274f1b3d176dd6acfdc7381c25676b642e78d334a9664e45a2bdf3d52a0"",""base_data_identity_sha256"":""59fb59a04cd20e6dec9ee47cf1de02734068a3328cade998a3fc44a746054ea8"",""reified_data_identity_sha256"":""a42a308bd2c5294f3aa79a1a3b15804d4137fd68d7677d9adc037e257a217e76"",""update_for"":""none"",""access_mode"":""read-only"",""base_data_name"":""exploratory-base"",""reified_data_name"":""exploratory-reified"",""update_canary_sha256"":""2b9b44b25cd1c568cd57c6c5df25ae260b68229044617821fb33f542dab77648"",""store_instance_sha256"":""2fa0b01dffc52d6647e98c7f554a1a4ff05e5abe6830b9c10d45f5dd8984f60d"",""store_discriminator_sha256"":""f9ff8d30db2db1840ca1585b5598b1cf4d1d06ac2adb86a55b430669507fabff"",""tool_sha256"":""b38a65fc0c1a91e138f057f7b6c08d21c328463aceb40ffda53fc759f99d2f7a"",""java_runtime_sha256"":""bdd50c08a90e2fb713541b8a118df6250246a917edc41a6776aeafc90b472687"",""run_identity_sha256"":""1f7eb852b3ed5579365043ad43d9c6bc784b5946080ff72896556890acb03045""}"
baf731844a65b830a95b2167d5a3b6b77d65abcd,millenniumdb,MillenniumDB [engines.json profile],10M,S,S2,00,e634c02fe199569fe27370dfeca74deef380542216b43766499daf6e48f0b7a5,B,base-select,ok,255,8.4,7.9,8.7,8.3,0.4,1,3,300.0,12216,0.0,,,,,0.00729,"[8.42, 8.684, 7.916]","[0.0, 0.0, 0.0]",,[],,[],,[],r9.2-frozen-identity-v7,3daa02849c0d2938e134989b4df95aa6587540b0b40bbd3808aa0f5744e3acdb,csv-binding-multiset-v1,255,59d5c61d8cdeb00039508ff24b56749e51a96093704533094bd755335a438cb5,,,,,,,,3468610cc4e68c6a0db393e82d8981ea7136faf570fafbd39ac70ec58665cd16,288dcc57d9aa106343144401ea35f7ac346f23f881320d2a828dd038019e3d1a,8a607274f1b3d176dd6acfdc7381c25676b642e78d334a9664e45a2bdf3d52a0,59fb59a04cd20e6dec9ee47cf1de02734068a3328cade998a3fc44a746054ea8,a42a308bd2c5294f3aa79a1a3b15804d4137fd68d7677d9adc037e257a217e76,none,read-only,exploratory-base,exploratory-reified,2b9b44b25cd1c568cd57c6c5df25ae260b68229044617821fb33f542dab77648,2fa0b01dffc52d6647e98c7f554a1a4ff05e5abe6830b9c10d45f5dd8984f60d,f9ff8d30db2db1840ca1585b5598b1cf4d1d06ac2adb86a55b430669507fabff,b38a65fc0c1a91e138f057f7b6c08d21c328463aceb40ffda53fc759f99d2f7a,bdd50c08a90e2fb713541b8a118df6250246a917edc41a6776aeafc90b472687,e34077cd68054bb7a4870076e1245ffc96707f8c1b79f75f1f1f302531f70c63,"pcm-meta-v2:{""protocol"":""r9.2-frozen-identity-v7"",""message"":"""",""cell_wall_ms"":48.409,""answer_kind"":""csv-binding-multiset-v1"",""answer_key_count"":255,""answer_fingerprint"":""59d5c61d8cdeb00039508ff24b56749e51a96093704533094bd755335a438cb5"",""c_parse_samples"":[0.0,0.0,0.0],""c_protocol_samples"":[],""construct_total_samples"":[],""construct_unattributed_samples"":[],""status"":""ok"",""status_evidence"":null,""construction_requested"":null,""construction_effective"":null,""commit"":""baf731844a65b830a95b2167d5a3b6b77d65abcd"",""batch_id"":""3daa02849c0d2938e134989b4df95aa6587540b0b40bbd3808aa0f5744e3acdb"",""query_sha256"":""e634c02fe199569fe27370dfeca74deef380542216b43766499daf6e48f0b7a5"",""engine"":""millenniumdb"",""engine_version"":""MillenniumDB [engines.json profile]"",""scale"":""10M"",""base_endpoint_sha256"":""3468610cc4e68c6a0db393e82d8981ea7136faf570fafbd39ac70ec58665cd16"",""reified_endpoint_sha256"":""288dcc57d9aa106343144401ea35f7ac346f23f881320d2a828dd038019e3d1a"",""update_endpoint_sha256"":""8a607274f1b3d176dd6acfdc7381c25676b642e78d334a9664e45a2bdf3d52a0"",""base_data_identity_sha256"":""59fb59a04cd20e6dec9ee47cf1de02734068a3328cade998a3fc44a746054ea8"",""reified_data_identity_sha256"":""a42a308bd2c5294f3aa79a1a3b15804d4137fd68d7677d9adc037e257a217e76"",""update_for"":""none"",""access_mode"":""read-only"",""base_data_name"":""exploratory-base"",""reified_data_name"":""exploratory-reified"",""update_canary_sha256"":""2b9b44b25cd1c568cd57c6c5df25ae260b68229044617821fb33f542dab77648"",""store_instance_sha256"":""2fa0b01dffc52d6647e98c7f554a1a4ff05e5abe6830b9c10d45f5dd8984f60d"",""store_discriminator_sha256"":""f9ff8d30db2db1840ca1585b5598b1cf4d1d06ac2adb86a55b430669507fabff"",""tool_sha256"":""b38a65fc0c1a91e138f057f7b6c08d21c328463aceb40ffda53fc759f99d2f7a"",""java_runtime_sha256"":""bdd50c08a90e2fb713541b8a118df6250246a917edc41a6776aeafc90b472687"",""run_identity_sha256"":""e34077cd68054bb7a4870076e1245ffc96707f8c1b79f75f1f1f302531f70c63""}"
baf731844a65b830a95b2167d5a3b6b77d65abcd,millenniumdb,MillenniumDB [engines.json profile],10M,S,S2,00,e634c02fe199569fe27370dfeca74deef380542216b43766499daf6e48f0b7a5,R,reification-only,ok,255,81.7,70.0,84.6,78.8,7.7,1,3,300.0,12216,0.0,,,,,163.804955,"[81.677, 70.046, 84.645]","[0.0, 0.0, 0.0]",,[],,[],,[],r9.2-frozen-identity-v7,3daa02849c0d2938e134989b4df95aa6587540b0b40bbd3808aa0f5744e3acdb,csv-binding-multiset-v1,255,59d5c61d8cdeb00039508ff24b56749e51a96093704533094bd755335a438cb5,,,,,,,,3468610cc4e68c6a0db393e82d8981ea7136faf570fafbd39ac70ec58665cd16,288dcc57d9aa106343144401ea35f7ac346f23f881320d2a828dd038019e3d1a,8a607274f1b3d176dd6acfdc7381c25676b642e78d334a9664e45a2bdf3d52a0,59fb59a04cd20e6dec9ee47cf1de02734068a3328cade998a3fc44a746054ea8,a42a308bd2c5294f3aa79a1a3b15804d4137fd68d7677d9adc037e257a217e76,none,read-only,exploratory-base,exploratory-reified,2b9b44b25cd1c568cd57c6c5df25ae260b68229044617821fb33f542dab77648,2fa0b01dffc52d6647e98c7f554a1a4ff05e5abe6830b9c10d45f5dd8984f60d,f9ff8d30db2db1840ca1585b5598b1cf4d1d06ac2adb86a55b430669507fabff,b38a65fc0c1a91e138f057f7b6c08d21c328463aceb40ffda53fc759f99d2f7a,bdd50c08a90e2fb713541b8a118df6250246a917edc41a6776aeafc90b472687,e34077cd68054bb7a4870076e1245ffc96707f8c1b79f75f1f1f302531f70c63,"pcm-meta-v2:{""protocol"":""r9.2-frozen-identity-v7"",""message"":"""",""cell_wall_ms"":1191.052,""answer_kind"":""csv-binding-multiset-v1"",""answer_key_count"":255,""answer_fingerprint"":""59d5c61d8cdeb00039508ff24b56749e51a96093704533094bd755335a438cb5"",""c_parse_samples"":[0.0,0.0,0.0],""c_protocol_samples"":[],""construct_total_samples"":[],""construct_unattributed_samples"":[],""status"":""ok"",""status_evidence"":null,""construction_requested"":null,""construction_effective"":null,""commit"":""baf731844a65b830a95b2167d5a3b6b77d65abcd"",""batch_id"":""3daa02849c0d2938e134989b4df95aa6587540b0b40bbd3808aa0f5744e3acdb"",""query_sha256"":""e634c02fe199569fe27370dfeca74deef380542216b43766499daf6e48f0b7a5"",""engine"":""millenniumdb"",""engine_version"":""MillenniumDB [engines.json profile]"",""scale"":""10M"",""base_endpoint_sha256"":""3468610cc4e68c6a0db393e82d8981ea7136faf570fafbd39ac70ec58665cd16"",""reified_endpoint_sha256"":""288dcc57d9aa106343144401ea35f7ac346f23f881320d2a828dd038019e3d1a"",""update_endpoint_sha256"":""8a607274f1b3d176dd6acfdc7381c25676b642e78d334a9664e45a2bdf3d52a0"",""base_data_identity_sha256"":""59fb59a04cd20e6dec9ee47cf1de02734068a3328cade998a3fc44a746054ea8"",""reified_data_identity_sha256"":""a42a308bd2c5294f3aa79a1a3b15804d4137fd68d7677d9adc037e257a217e76"",""update_for"":""none"",""access_mode"":""read-only"",""base_data_name"":""exploratory-base"",""reified_data_name"":""exploratory-reified"",""update_canary_sha256"":""2b9b44b25cd1c568cd57c6c5df25ae260b68229044617821fb33f542dab77648"",""store_instance_sha256"":""2fa0b01dffc52d6647e98c7f554a1a4ff05e5abe6830b9c10d45f5dd8984f60d"",""store_discriminator_sha256"":""f9ff8d30db2db1840ca1585b5598b1cf4d1d06ac2adb86a55b430669507fabff"",""tool_sha256"":""b38a65fc0c1a91e138f057f7b6c08d21c328463aceb40ffda53fc759f99d2f7a"",""java_runtime_sha256"":""bdd50c08a90e2fb713541b8a118df6250246a917edc41a6776aeafc90b472687"",""run_identity_sha256"":""e34077cd68054bb7a4870076e1245ffc96707f8c1b79f75f1f1f302531f70c63""}"
baf731844a65b830a95b2167d5a3b6b77d65abcd,millenniumdb,MillenniumDB [engines.json profile],10M,S,S2,00,e634c02fe199569fe27370dfeca74deef380542216b43766499daf6e48f0b7a5,N,N_clean (NPCS reimplementation),ok,255,69.3,68.6,92.2,76.7,13.5,1,3,300.0,29963,0.0,,,,255,226.875514,"[92.247, 69.3, 68.559]","[0.0, 0.0, 0.0]",,[],,[],,[],r9.2-frozen-identity-v7,3daa02849c0d2938e134989b4df95aa6587540b0b40bbd3808aa0f5744e3acdb,csv-candidate-multiset-v1,255,59d5c61d8cdeb00039508ff24b56749e51a96093704533094bd755335a438cb5,,,,,,,,3468610cc4e68c6a0db393e82d8981ea7136faf570fafbd39ac70ec58665cd16,288dcc57d9aa106343144401ea35f7ac346f23f881320d2a828dd038019e3d1a,8a607274f1b3d176dd6acfdc7381c25676b642e78d334a9664e45a2bdf3d52a0,59fb59a04cd20e6dec9ee47cf1de02734068a3328cade998a3fc44a746054ea8,a42a308bd2c5294f3aa79a1a3b15804d4137fd68d7677d9adc037e257a217e76,none,read-only,exploratory-base,exploratory-reified,2b9b44b25cd1c568cd57c6c5df25ae260b68229044617821fb33f542dab77648,2fa0b01dffc52d6647e98c7f554a1a4ff05e5abe6830b9c10d45f5dd8984f60d,f9ff8d30db2db1840ca1585b5598b1cf4d1d06ac2adb86a55b430669507fabff,b38a65fc0c1a91e138f057f7b6c08d21c328463aceb40ffda53fc759f99d2f7a,bdd50c08a90e2fb713541b8a118df6250246a917edc41a6776aeafc90b472687,e34077cd68054bb7a4870076e1245ffc96707f8c1b79f75f1f1f302531f70c63,"pcm-meta-v2:{""protocol"":""r9.2-frozen-identity-v7"",""message"":"""",""cell_wall_ms"":792.832,""answer_kind"":""csv-candidate-multiset-v1"",""answer_key_count"":255,""answer_fingerprint"":""59d5c61d8cdeb00039508ff24b56749e51a96093704533094bd755335a438cb5"",""c_parse_samples"":[0.0,0.0,0.0],""c_protocol_samples"":[],""construct_total_samples"":[],""construct_unattributed_samples"":[],""status"":""ok"",""status_evidence"":null,""construction_requested"":null,""construction_effective"":null,""commit"":""baf731844a65b830a95b2167d5a3b6b77d65abcd"",""batch_id"":""3daa02849c0d2938e134989b4df95aa6587540b0b40bbd3808aa0f5744e3acdb"",""query_sha256"":""e634c02fe199569fe27370dfeca74deef380542216b43766499daf6e48f0b7a5"",""engine"":""millenniumdb"",""engine_version"":""MillenniumDB [engines.json profile]"",""scale"":""10M"",""base_endpoint_sha256"":""3468610cc4e68c6a0db393e82d8981ea7136faf570fafbd39ac70ec58665cd16"",""reified_endpoint_sha256"":""288dcc57d9aa106343144401ea35f7ac346f23f881320d2a828dd038019e3d1a"",""update_endpoint_sha256"":""8a607274f1b3d176dd6acfdc7381c25676b642e78d334a9664e45a2bdf3d52a0"",""base_data_identity_sha256"":""59fb59a04cd20e6dec9ee47cf1de02734068a3328cade998a3fc44a746054ea8"",""reified_data_identity_sha256"":""a42a308bd2c5294f3aa79a1a3b15804d4137fd68d7677d9adc037e257a217e76"",""update_for"":""none"",""access_mode"":""read-only"",""base_data_name"":""exploratory-base"",""reified_data_name"":""exploratory-reified"",""update_canary_sha256"":""2b9b44b25cd1c568cd57c6c5df25ae260b68229044617821fb33f542dab77648"",""store_instance_sha256"":""2fa0b01dffc52d6647e98c7f554a1a4ff05e5abe6830b9c10d45f5dd8984f60d"",""store_discriminator_sha256"":""f9ff8d30db2db1840ca1585b5598b1cf4d1d06ac2adb86a55b430669507fabff"",""tool_sha256"":""b38a65fc0c1a91e138f057f7b6c08d21c328463aceb40ffda53fc759f99d2f7a"",""java_runtime_sha256"":""bdd50c08a90e2fb713541b8a118df6250246a917edc41a6776aeafc90b472687"",""run_identity_sha256"":""e34077cd68054bb7a4870076e1245ffc96707f8c1b79f75f1f1f302531f70c63""}"
baf731844a65b830a95b2167d5a3b6b77d65abcd,millenniumdb,MillenniumDB [engines.json profile],10M,S,S2,00,e634c02fe199569fe27370dfeca74deef380542216b43766499daf6e48f0b7a5,C,SPARQLcirc CircuitRewriter,ok,255,111.3,108.7,121.0,113.7,6.4,1,3,300.0,377984,32.8,510,1275,255,,461.16219,"[120.954, 108.743, 111.31]","[36.673, 31.709, 32.764]",0.0,"[0.0, 0.0, 0.0]",144.3,"[157.812, 140.616, 144.257]",0.2,"[0.185, 0.163, 0.183]",r9.2-frozen-identity-v7,3daa02849c0d2938e134989b4df95aa6587540b0b40bbd3808aa0f5744e3acdb,term-aware-candidate-set-v1,255,cc3c7a44ca494fdba8f25e78de0e814ceb2417154e84bc3026a89271ac7dc51d,flat,flat,c928bb317af0e71a1adbbaba254dbf7942b360bebc3cb990f311392aaf15ad06,,,,,3468610cc4e68c6a0db393e82d8981ea7136faf570fafbd39ac70ec58665cd16,288dcc57d9aa106343144401ea35f7ac346f23f881320d2a828dd038019e3d1a,8a607274f1b3d176dd6acfdc7381c25676b642e78d334a9664e45a2bdf3d52a0,59fb59a04cd20e6dec9ee47cf1de02734068a3328cade998a3fc44a746054ea8,a42a308bd2c5294f3aa79a1a3b15804d4137fd68d7677d9adc037e257a217e76,none,read-only,exploratory-base,exploratory-reified,2b9b44b25cd1c568cd57c6c5df25ae260b68229044617821fb33f542dab77648,2fa0b01dffc52d6647e98c7f554a1a4ff05e5abe6830b9c10d45f5dd8984f60d,f9ff8d30db2db1840ca1585b5598b1cf4d1d06ac2adb86a55b430669507fabff,b38a65fc0c1a91e138f057f7b6c08d21c328463aceb40ffda53fc759f99d2f7a,bdd50c08a90e2fb713541b8a118df6250246a917edc41a6776aeafc90b472687,e34077cd68054bb7a4870076e1245ffc96707f8c1b79f75f1f1f302531f70c63,"pcm-meta-v2:{""protocol"":""r9.2-frozen-identity-v7"",""message"":""C requested=flat effective=flat; steps=1 feedback=0; network includes CONSTRUCT, feedback INSERT, and cleanup DELETE"",""cell_wall_ms"":1931.92,""answer_kind"":""term-aware-candidate-set-v1"",""answer_key_count"":255,""answer_fingerprint"":""cc3c7a44ca494fdba8f25e78de0e814ceb2417154e84bc3026a89271ac7dc51d"",""c_parse_samples"":[36.673,31.709,32.764],""c_protocol_samples"":[{""requested_mode"":""flat"",""effective_mode"":""flat"",""fallback_reason"":null,""plan_steps"":1,""feedback_steps"":0,""feedback_triples"":0,""construct_query_ms"":120.954,""feedback_update_ms"":0.0,""cleanup_ms"":0.0,""client_protocol_ms"":0.0,""network_scope"":""construct+feedback+cleanup"",""circuit_sha256"":""c928bb317af0e71a1adbbaba254dbf7942b360bebc3cb990f311392aaf15ad06"",""answer_fingerprint"":""cc3c7a44ca494fdba8f25e78de0e814ceb2417154e84bc3026a89271ac7dc51d"",""semantic_signature_sha256"":""e00ab6e0dc2e205eafd11bef06fa5afb6c94e5cd253fdb3c8c04df6f6f758248"",""structure_signature"":{""gates"":510,""edges"":1275,""answers"":255,""derivations"":255,""canonical_bytes"":377984},""construct_total_ms"":157.812,""client_unattributed_ms"":0.185},{""requested_mode"":""flat"",""effective_mode"":""flat"",""fallback_reason"":null,""plan_steps"":1,""feedback_steps"":0,""feedback_triples"":0,""construct_query_ms"":108.743,""feedback_update_ms"":0.0,""cleanup_ms"":0.0,""client_protocol_ms"":0.0,""network_scope"":""construct+feedback+cleanup"",""circuit_sha256"":""c928bb317af0e71a1adbbaba254dbf7942b360bebc3cb990f311392aaf15ad06"",""answer_fingerprint"":""cc3c7a44ca494fdba8f25e78de0e814ceb2417154e84bc3026a89271ac7dc51d"",""semantic_signature_sha256"":""e00ab6e0dc2e205eafd11bef06fa5afb6c94e5cd253fdb3c8c04df6f6f758248"",""structure_signature"":{""gates"":510,""edges"":1275,""answers"":255,""derivations"":255,""canonical_bytes"":377984},""construct_total_ms"":140.616,""client_unattributed_ms"":0.163},{""requested_mode"":""flat"",""effective_mode"":""flat"",""fallback_reason"":null,""plan_steps"":1,""feedback_steps"":0,""feedback_triples"":0,""construct_query_ms"":111.31,""feedback_update_ms"":0.0,""cleanup_ms"":0.0,""client_protocol_ms"":0.0,""network_scope"":""construct+feedback+cleanup"",""circuit_sha256"":""c928bb317af0e71a1adbbaba254dbf7942b360bebc3cb990f311392aaf15ad06"",""answer_fingerprint"":""cc3c7a44ca494fdba8f25e78de0e814ceb2417154e84bc3026a89271ac7dc51d"",""semantic_signature_sha256"":""e00ab6e0dc2e205eafd11bef06fa5afb6c94e5cd253fdb3c8c04df6f6f758248"",""structure_signature"":{""gates"":510,""edges"":1275,""answers"":255,""derivations"":255,""canonical_bytes"":377984},""construct_total_ms"":144.257,""client_unattributed_ms"":0.183}],""construct_total_samples"":[157.812,140.616,144.257],""construct_unattributed_samples"":[0.185,0.163,0.183],""status"":""ok"",""status_evidence"":null,""c_warmup_signatures"":[""e00ab6e0dc2e205eafd11bef06fa5afb6c94e5cd253fdb3c8c04df6f6f758248""],""measured_semantic_signature_sha256"":""e00ab6e0dc2e205eafd11bef06fa5afb6c94e5cd253fdb3c8c04df6f6f758248"",""measured_repetitions_consistent"":true,""construction_requested"":""flat"",""construction_effective"":""flat"",""commit"":""baf731844a65b830a95b2167d5a3b6b77d65abcd"",""batch_id"":""3daa02849c0d2938e134989b4df95aa6587540b0b40bbd3808aa0f5744e3acdb"",""query_sha256"":""e634c02fe199569fe27370dfeca74deef380542216b43766499daf6e48f0b7a5"",""engine"":""millenniumdb"",""engine_version"":""MillenniumDB [engines.json profile]"",""scale"":""10M"",""base_endpoint_sha256"":""3468610cc4e68c6a0db393e82d8981ea7136faf570fafbd39ac70ec58665cd16"",""reified_endpoint_sha256"":""288dcc57d9aa106343144401ea35f7ac346f23f881320d2a828dd038019e3d1a"",""update_endpoint_sha256"":""8a607274f1b3d176dd6acfdc7381c25676b642e78d334a9664e45a2bdf3d52a0"",""base_data_identity_sha256"":""59fb59a04cd20e6dec9ee47cf1de02734068a3328cade998a3fc44a746054ea8"",""reified_data_identity_sha256"":""a42a308bd2c5294f3aa79a1a3b15804d4137fd68d7677d9adc037e257a217e76"",""update_for"":""none"",""access_mode"":""read-only"",""base_data_name"":""exploratory-base"",""reified_data_name"":""exploratory-reified"",""update_canary_sha256"":""2b9b44b25cd1c568cd57c6c5df25ae260b68229044617821fb33f542dab77648"",""store_instance_sha256"":""2fa0b01dffc52d6647e98c7f554a1a4ff05e5abe6830b9c10d45f5dd8984f60d"",""store_discriminator_sha256"":""f9ff8d30db2db1840ca1585b5598b1cf4d1d06ac2adb86a55b430669507fabff"",""tool_sha256"":""b38a65fc0c1a91e138f057f7b6c08d21c328463aceb40ffda53fc759f99d2f7a"",""java_runtime_sha256"":""bdd50c08a90e2fb713541b8a118df6250246a917edc41a6776aeafc90b472687"",""run_identity_sha256"":""e34077cd68054bb7a4870076e1245ffc96707f8c1b79f75f1f1f302531f70c63""}"
baf731844a65b830a95b2167d5a3b6b77d65abcd,millenniumdb,MillenniumDB [engines.json profile],10M,S,S3,00,4e26d57d8fea5cd20a5edd26b3e286c7e2287bf17d8cbb9b1567590a068ac8f4,B,base-select,ok,297,4.0,3.5,4.2,3.9,0.4,1,3,300.0,14992,0.0,,,,,0.00737,"[4.163, 3.49, 3.997]","[0.0, 0.0, 0.0]",,[],,[],,[],r9.2-frozen-identity-v7,3daa02849c0d2938e134989b4df95aa6587540b0b40bbd3808aa0f5744e3acdb,csv-binding-multiset-v1,297,36e782ba074ccf88128d4017e3551d2deb715726ff332f3459b47e2fa79126eb,,,,,,,,3468610cc4e68c6a0db393e82d8981ea7136faf570fafbd39ac70ec58665cd16,288dcc57d9aa106343144401ea35f7ac346f23f881320d2a828dd038019e3d1a,8a607274f1b3d176dd6acfdc7381c25676b642e78d334a9664e45a2bdf3d52a0,59fb59a04cd20e6dec9ee47cf1de02734068a3328cade998a3fc44a746054ea8,a42a308bd2c5294f3aa79a1a3b15804d4137fd68d7677d9adc037e257a217e76,none,read-only,exploratory-base,exploratory-reified,2b9b44b25cd1c568cd57c6c5df25ae260b68229044617821fb33f542dab77648,2fa0b01dffc52d6647e98c7f554a1a4ff05e5abe6830b9c10d45f5dd8984f60d,f9ff8d30db2db1840ca1585b5598b1cf4d1d06ac2adb86a55b430669507fabff,b38a65fc0c1a91e138f057f7b6c08d21c328463aceb40ffda53fc759f99d2f7a,bdd50c08a90e2fb713541b8a118df6250246a917edc41a6776aeafc90b472687,919035662bd4d7267e24fb953f29a3b16fb8eaa2b5bcab7681e77b6dae609097,"pcm-meta-v2:{""protocol"":""r9.2-frozen-identity-v7"",""message"":"""",""cell_wall_ms"":28.053,""answer_kind"":""csv-binding-multiset-v1"",""answer_key_count"":297,""answer_fingerprint"":""36e782ba074ccf88128d4017e3551d2deb715726ff332f3459b47e2fa79126eb"",""c_parse_samples"":[0.0,0.0,0.0],""c_protocol_samples"":[],""construct_total_samples"":[],""construct_unattributed_samples"":[],""status"":""ok"",""status_evidence"":null,""construction_requested"":null,""construction_effective"":null,""commit"":""baf731844a65b830a95b2167d5a3b6b77d65abcd"",""batch_id"":""3daa02849c0d2938e134989b4df95aa6587540b0b40bbd3808aa0f5744e3acdb"",""query_sha256"":""4e26d57d8fea5cd20a5edd26b3e286c7e2287bf17d8cbb9b1567590a068ac8f4"",""engine"":""millenniumdb"",""engine_version"":""MillenniumDB [engines.json profile]"",""scale"":""10M"",""base_endpoint_sha256"":""3468610cc4e68c6a0db393e82d8981ea7136faf570fafbd39ac70ec58665cd16"",""reified_endpoint_sha256"":""288dcc57d9aa106343144401ea35f7ac346f23f881320d2a828dd038019e3d1a"",""update_endpoint_sha256"":""8a607274f1b3d176dd6acfdc7381c25676b642e78d334a9664e45a2bdf3d52a0"",""base_data_identity_sha256"":""59fb59a04cd20e6dec9ee47cf1de02734068a3328cade998a3fc44a746054ea8"",""reified_data_identity_sha256"":""a42a308bd2c5294f3aa79a1a3b15804d4137fd68d7677d9adc037e257a217e76"",""update_for"":""none"",""access_mode"":""read-only"",""base_data_name"":""exploratory-base"",""reified_data_name"":""exploratory-reified"",""update_canary_sha256"":""2b9b44b25cd1c568cd57c6c5df25ae260b68229044617821fb33f542dab77648"",""store_instance_sha256"":""2fa0b01dffc52d6647e98c7f554a1a4ff05e5abe6830b9c10d45f5dd8984f60d"",""store_discriminator_sha256"":""f9ff8d30db2db1840ca1585b5598b1cf4d1d06ac2adb86a55b430669507fabff"",""tool_sha256"":""b38a65fc0c1a91e138f057f7b6c08d21c328463aceb40ffda53fc759f99d2f7a"",""java_runtime_sha256"":""bdd50c08a90e2fb713541b8a118df6250246a917edc41a6776aeafc90b472687"",""run_identity_sha256"":""919035662bd4d7267e24fb953f29a3b16fb8eaa2b5bcab7681e77b6dae609097""}"
baf731844a65b830a95b2167d5a3b6b77d65abcd,millenniumdb,MillenniumDB [engines.json profile],10M,S,S3,00,4e26d57d8fea5cd20a5edd26b3e286c7e2287bf17d8cbb9b1567590a068ac8f4,R,reification-only,ok,297,21.3,20.7,25.1,22.4,2.4,1,3,300.0,14992,0.0,,,,,130.530744,"[21.305, 20.724, 25.096]","[0.0, 0.0, 0.0]",,[],,[],,[],r9.2-frozen-identity-v7,3daa02849c0d2938e134989b4df95aa6587540b0b40bbd3808aa0f5744e3acdb,csv-binding-multiset-v1,297,36e782ba074ccf88128d4017e3551d2deb715726ff332f3459b47e2fa79126eb,,,,,,,,3468610cc4e68c6a0db393e82d8981ea7136faf570fafbd39ac70ec58665cd16,288dcc57d9aa106343144401ea35f7ac346f23f881320d2a828dd038019e3d1a,8a607274f1b3d176dd6acfdc7381c25676b642e78d334a9664e45a2bdf3d52a0,59fb59a04cd20e6dec9ee47cf1de02734068a3328cade998a3fc44a746054ea8,a42a308bd2c5294f3aa79a1a3b15804d4137fd68d7677d9adc037e257a217e76,none,read-only,exploratory-base,exploratory-reified,2b9b44b25cd1c568cd57c6c5df25ae260b68229044617821fb33f542dab77648,2fa0b01dffc52d6647e98c7f554a1a4ff05e5abe6830b9c10d45f5dd8984f60d,f9ff8d30db2db1840ca1585b5598b1cf4d1d06ac2adb86a55b430669507fabff,b38a65fc0c1a91e138f057f7b6c08d21c328463aceb40ffda53fc759f99d2f7a,bdd50c08a90e2fb713541b8a118df6250246a917edc41a6776aeafc90b472687,919035662bd4d7267e24fb953f29a3b16fb8eaa2b5bcab7681e77b6dae609097,"pcm-meta-v2:{""protocol"":""r9.2-frozen-identity-v7"",""message"":"""",""cell_wall_ms"":268.604,""answer_kind"":""csv-binding-multiset-v1"",""answer_key_count"":297,""answer_fingerprint"":""36e782ba074ccf88128d4017e3551d2deb715726ff332f3459b47e2fa79126eb"",""c_parse_samples"":[0.0,0.0,0.0],""c_protocol_samples"":[],""construct_total_samples"":[],""construct_unattributed_samples"":[],""status"":""ok"",""status_evidence"":null,""construction_requested"":null,""construction_effective"":null,""commit"":""baf731844a65b830a95b2167d5a3b6b77d65abcd"",""batch_id"":""3daa02849c0d2938e134989b4df95aa6587540b0b40bbd3808aa0f5744e3acdb"",""query_sha256"":""4e26d57d8fea5cd20a5edd26b3e286c7e2287bf17d8cbb9b1567590a068ac8f4"",""engine"":""millenniumdb"",""engine_version"":""MillenniumDB [engines.json profile]"",""scale"":""10M"",""base_endpoint_sha256"":""3468610cc4e68c6a0db393e82d8981ea7136faf570fafbd39ac70ec58665cd16"",""reified_endpoint_sha256"":""288dcc57d9aa106343144401ea35f7ac346f23f881320d2a828dd038019e3d1a"",""update_endpoint_sha256"":""8a607274f1b3d176dd6acfdc7381c25676b642e78d334a9664e45a2bdf3d52a0"",""base_data_identity_sha256"":""59fb59a04cd20e6dec9ee47cf1de02734068a3328cade998a3fc44a746054ea8"",""reified_data_identity_sha256"":""a42a308bd2c5294f3aa79a1a3b15804d4137fd68d7677d9adc037e257a217e76"",""update_for"":""none"",""access_mode"":""read-only"",""base_data_name"":""exploratory-base"",""reified_data_name"":""exploratory-reified"",""update_canary_sha256"":""2b9b44b25cd1c568cd57c6c5df25ae260b68229044617821fb33f542dab77648"",""store_instance_sha256"":""2fa0b01dffc52d6647e98c7f554a1a4ff05e5abe6830b9c10d45f5dd8984f60d"",""store_discriminator_sha256"":""f9ff8d30db2db1840ca1585b5598b1cf4d1d06ac2adb86a55b430669507fabff"",""tool_sha256"":""b38a65fc0c1a91e138f057f7b6c08d21c328463aceb40ffda53fc759f99d2f7a"",""java_runtime_sha256"":""bdd50c08a90e2fb713541b8a118df6250246a917edc41a6776aeafc90b472687"",""run_identity_sha256"":""919035662bd4d7267e24fb953f29a3b16fb8eaa2b5bcab7681e77b6dae609097""}"
baf731844a65b830a95b2167d5a3b6b77d65abcd,millenniumdb,MillenniumDB [engines.json profile],10M,S,S3,00,4e26d57d8fea5cd20a5edd26b3e286c7e2287bf17d8cbb9b1567590a068ac8f4,N,N_clean (NPCS reimplementation),ok,128,36.2,35.1,36.5,35.9,0.8,1,3,300.0,24986,0.0,,,,297,204.913004,"[35.057, 36.52, 36.168]","[0.0, 0.0, 0.0]",,[],,[],,[],r9.2-frozen-identity-v7,3daa02849c0d2938e134989b4df95aa6587540b0b40bbd3808aa0f5744e3acdb,csv-candidate-multiset-v1,128,082aa51334d6f168fc2085562713e0326588d1d57d7ce9e55c62095210b6d88a,,,,,,,,3468610cc4e68c6a0db393e82d8981ea7136faf570fafbd39ac70ec58665cd16,288dcc57d9aa106343144401ea35f7ac346f23f881320d2a828dd038019e3d1a,8a607274f1b3d176dd6acfdc7381c25676b642e78d334a9664e45a2bdf3d52a0,59fb59a04cd20e6dec9ee47cf1de02734068a3328cade998a3fc44a746054ea8,a42a308bd2c5294f3aa79a1a3b15804d4137fd68d7677d9adc037e257a217e76,none,read-only,exploratory-base,exploratory-reified,2b9b44b25cd1c568cd57c6c5df25ae260b68229044617821fb33f542dab77648,2fa0b01dffc52d6647e98c7f554a1a4ff05e5abe6830b9c10d45f5dd8984f60d,f9ff8d30db2db1840ca1585b5598b1cf4d1d06ac2adb86a55b430669507fabff,b38a65fc0c1a91e138f057f7b6c08d21c328463aceb40ffda53fc759f99d2f7a,bdd50c08a90e2fb713541b8a118df6250246a917edc41a6776aeafc90b472687,919035662bd4d7267e24fb953f29a3b16fb8eaa2b5bcab7681e77b6dae609097,"pcm-meta-v2:{""protocol"":""r9.2-frozen-identity-v7"",""message"":"""",""cell_wall_ms"":563.249,""answer_kind"":""csv-candidate-multiset-v1"",""answer_key_count"":128,""answer_fingerprint"":""082aa51334d6f168fc2085562713e0326588d1d57d7ce9e55c62095210b6d88a"",""c_parse_samples"":[0.0,0.0,0.0],""c_protocol_samples"":[],""construct_total_samples"":[],""construct_unattributed_samples"":[],""status"":""ok"",""status_evidence"":null,""construction_requested"":null,""construction_effective"":null,""commit"":""baf731844a65b830a95b2167d5a3b6b77d65abcd"",""batch_id"":""3daa02849c0d2938e134989b4df95aa6587540b0b40bbd3808aa0f5744e3acdb"",""query_sha256"":""4e26d57d8fea5cd20a5edd26b3e286c7e2287bf17d8cbb9b1567590a068ac8f4"",""engine"":""millenniumdb"",""engine_version"":""MillenniumDB [engines.json profile]"",""scale"":""10M"",""base_endpoint_sha256"":""3468610cc4e68c6a0db393e82d8981ea7136faf570fafbd39ac70ec58665cd16"",""reified_endpoint_sha256"":""288dcc57d9aa106343144401ea35f7ac346f23f881320d2a828dd038019e3d1a"",""update_endpoint_sha256"":""8a607274f1b3d176dd6acfdc7381c25676b642e78d334a9664e45a2bdf3d52a0"",""base_data_identity_sha256"":""59fb59a04cd20e6dec9ee47cf1de02734068a3328cade998a3fc44a746054ea8"",""reified_data_identity_sha256"":""a42a308bd2c5294f3aa79a1a3b15804d4137fd68d7677d9adc037e257a217e76"",""update_for"":""none"",""access_mode"":""read-only"",""base_data_name"":""exploratory-base"",""reified_data_name"":""exploratory-reified"",""update_canary_sha256"":""2b9b44b25cd1c568cd57c6c5df25ae260b68229044617821fb33f542dab77648"",""store_instance_sha256"":""2fa0b01dffc52d6647e98c7f554a1a4ff05e5abe6830b9c10d45f5dd8984f60d"",""store_discriminator_sha256"":""f9ff8d30db2db1840ca1585b5598b1cf4d1d06ac2adb86a55b430669507fabff"",""tool_sha256"":""b38a65fc0c1a91e138f057f7b6c08d21c328463aceb40ffda53fc759f99d2f7a"",""java_runtime_sha256"":""bdd50c08a90e2fb713541b8a118df6250246a917edc41a6776aeafc90b472687"",""run_identity_sha256"":""919035662bd4d7267e24fb953f29a3b16fb8eaa2b5bcab7681e77b6dae609097""}"
baf731844a65b830a95b2167d5a3b6b77d65abcd,millenniumdb,MillenniumDB [engines.json profile],10M,S,S3,00,4e26d57d8fea5cd20a5edd26b3e286c7e2287bf17d8cbb9b1567590a068ac8f4,C,SPARQLcirc CircuitRewriter,ok,128,85.7,78.5,87.4,83.8,4.7,1,3,300.0,317793,37.8,425,1485,297,,573.108584,"[78.494, 87.355, 85.694]","[40.74, 37.773, 30.315]",0.0,"[0.0, 0.0, 0.0]",119.4,"[119.442, 125.329, 116.176]",0.2,"[0.207, 0.201, 0.166]",r9.2-frozen-identity-v7,3daa02849c0d2938e134989b4df95aa6587540b0b40bbd3808aa0f5744e3acdb,term-aware-candidate-set-v1,128,e102347139f9cfd1da525be5323c65fc45e252beda532850495d7371e58ca1c4,flat,flat,9dbae48f84f3ab0b66b586d462b3c571c1e28a08792bb858a6f8d397eb5a61a9,,,,,3468610cc4e68c6a0db393e82d8981ea7136faf570fafbd39ac70ec58665cd16,288dcc57d9aa106343144401ea35f7ac346f23f881320d2a828dd038019e3d1a,8a607274f1b3d176dd6acfdc7381c25676b642e78d334a9664e45a2bdf3d52a0,59fb59a04cd20e6dec9ee47cf1de02734068a3328cade998a3fc44a746054ea8,a42a308bd2c5294f3aa79a1a3b15804d4137fd68d7677d9adc037e257a217e76,none,read-only,exploratory-base,exploratory-reified,2b9b44b25cd1c568cd57c6c5df25ae260b68229044617821fb33f542dab77648,2fa0b01dffc52d6647e98c7f554a1a4ff05e5abe6830b9c10d45f5dd8984f60d,f9ff8d30db2db1840ca1585b5598b1cf4d1d06ac2adb86a55b430669507fabff,b38a65fc0c1a91e138f057f7b6c08d21c328463aceb40ffda53fc759f99d2f7a,bdd50c08a90e2fb713541b8a118df6250246a917edc41a6776aeafc90b472687,919035662bd4d7267e24fb953f29a3b16fb8eaa2b5bcab7681e77b6dae609097,"pcm-meta-v2:{""protocol"":""r9.2-frozen-identity-v7"",""message"":""C requested=flat effective=flat; steps=1 feedback=0; network includes CONSTRUCT, feedback INSERT, and cleanup DELETE"",""cell_wall_ms"":1592.849,""answer_kind"":""term-aware-candidate-set-v1"",""answer_key_count"":128,""answer_fingerprint"":""e102347139f9cfd1da525be5323c65fc45e252beda532850495d7371e58ca1c4"",""c_parse_samples"":[40.74,37.773,30.315],""c_protocol_samples"":[{""requested_mode"":""flat"",""effective_mode"":""flat"",""fallback_reason"":null,""plan_steps"":1,""feedback_steps"":0,""feedback_triples"":0,""construct_query_ms"":78.494,""feedback_update_ms"":0.0,""cleanup_ms"":0.0,""client_protocol_ms"":0.0,""network_scope"":""construct+feedback+cleanup"",""circuit_sha256"":""9dbae48f84f3ab0b66b586d462b3c571c1e28a08792bb858a6f8d397eb5a61a9"",""answer_fingerprint"":""e102347139f9cfd1da525be5323c65fc45e252beda532850495d7371e58ca1c4"",""semantic_signature_sha256"":""21891d900e50a61f2cdba92bad0875d7ecaacb09034c62e5a13f79ae7aee944f"",""structure_signature"":{""gates"":425,""edges"":1485,""answers"":128,""derivations"":297,""canonical_bytes"":317793},""construct_total_ms"":119.442,""client_unattributed_ms"":0.207},{""requested_mode"":""flat"",""effective_mode"":""flat"",""fallback_reason"":null,""plan_steps"":1,""feedback_steps"":0,""feedback_triples"":0,""construct_query_ms"":87.355,""feedback_update_ms"":0.0,""cleanup_ms"":0.0,""client_protocol_ms"":0.0,""network_scope"":""construct+feedback+cleanup"",""circuit_sha256"":""9dbae48f84f3ab0b66b586d462b3c571c1e28a08792bb858a6f8d397eb5a61a9"",""answer_fingerprint"":""e102347139f9cfd1da525be5323c65fc45e252beda532850495d7371e58ca1c4"",""semantic_signature_sha256"":""21891d900e50a61f2cdba92bad0875d7ecaacb09034c62e5a13f79ae7aee944f"",""structure_signature"":{""gates"":425,""edges"":1485,""answers"":128,""derivations"":297,""canonical_bytes"":317793},""construct_total_ms"":125.329,""client_unattributed_ms"":0.201},{""requested_mode"":""flat"",""effective_mode"":""flat"",""fallback_reason"":null,""plan_steps"":1,""feedback_steps"":0,""feedback_triples"":0,""construct_query_ms"":85.694,""feedback_update_ms"":0.0,""cleanup_ms"":0.0,""client_protocol_ms"":0.0,""network_scope"":""construct+feedback+cleanup"",""circuit_sha256"":""9dbae48f84f3ab0b66b586d462b3c571c1e28a08792bb858a6f8d397eb5a61a9"",""answer_fingerprint"":""e102347139f9cfd1da525be5323c65fc45e252beda532850495d7371e58ca1c4"",""semantic_signature_sha256"":""21891d900e50a61f2cdba92bad0875d7ecaacb09034c62e5a13f79ae7aee944f"",""structure_signature"":{""gates"":425,""edges"":1485,""answers"":128,""derivations"":297,""canonical_bytes"":317793},""construct_total_ms"":116.176,""client_unattributed_ms"":0.166}],""construct_total_samples"":[119.442,125.329,116.176],""construct_unattributed_samples"":[0.207,0.201,0.166],""status"":""ok"",""status_evidence"":null,""c_warmup_signatures"":[""21891d900e50a61f2cdba92bad0875d7ecaacb09034c62e5a13f79ae7aee944f""],""measured_semantic_signature_sha256"":""21891d900e50a61f2cdba92bad0875d7ecaacb09034c62e5a13f79ae7aee944f"",""measured_repetitions_consistent"":true,""construction_requested"":""flat"",""construction_effective"":""flat"",""commit"":""baf731844a65b830a95b2167d5a3b6b77d65abcd"",""batch_id"":""3daa02849c0d2938e134989b4df95aa6587540b0b40bbd3808aa0f5744e3acdb"",""query_sha256"":""4e26d57d8fea5cd20a5edd26b3e286c7e2287bf17d8cbb9b1567590a068ac8f4"",""engine"":""millenniumdb"",""engine_version"":""MillenniumDB [engines.json profile]"",""scale"":""10M"",""base_endpoint_sha256"":""3468610cc4e68c6a0db393e82d8981ea7136faf570fafbd39ac70ec58665cd16"",""reified_endpoint_sha256"":""288dcc57d9aa106343144401ea35f7ac346f23f881320d2a828dd038019e3d1a"",""update_endpoint_sha256"":""8a607274f1b3d176dd6acfdc7381c25676b642e78d334a9664e45a2bdf3d52a0"",""base_data_identity_sha256"":""59fb59a04cd20e6dec9ee47cf1de02734068a3328cade998a3fc44a746054ea8"",""reified_data_identity_sha256"":""a42a308bd2c5294f3aa79a1a3b15804d4137fd68d7677d9adc037e257a217e76"",""update_for"":""none"",""access_mode"":""read-only"",""base_data_name"":""exploratory-base"",""reified_data_name"":""exploratory-reified"",""update_canary_sha256"":""2b9b44b25cd1c568cd57c6c5df25ae260b68229044617821fb33f542dab77648"",""store_instance_sha256"":""2fa0b01dffc52d6647e98c7f554a1a4ff05e5abe6830b9c10d45f5dd8984f60d"",""store_discriminator_sha256"":""f9ff8d30db2db1840ca1585b5598b1cf4d1d06ac2adb86a55b430669507fabff"",""tool_sha256"":""b38a65fc0c1a91e138f057f7b6c08d21c328463aceb40ffda53fc759f99d2f7a"",""java_runtime_sha256"":""bdd50c08a90e2fb713541b8a118df6250246a917edc41a6776aeafc90b472687"",""run_identity_sha256"":""919035662bd4d7267e24fb953f29a3b16fb8eaa2b5bcab7681e77b6dae609097""}"
baf731844a65b830a95b2167d5a3b6b77d65abcd,millenniumdb,MillenniumDB [engines.json profile],10M,S,S4,00,be92ea13409cc5816a7820f5d9231cb1e43d4ea746a92a57b97ca2d3c79dc20c,B,base-select,ok,1,1.7,1.5,1.8,1.7,0.1,1,3,300.0,116,0.0,,,,,0.00854,"[1.806, 1.545, 1.735]","[0.0, 0.0, 0.0]",,[],,[],,[],r9.2-frozen-identity-v7,3daa02849c0d2938e134989b4df95aa6587540b0b40bbd3808aa0f5744e3acdb,csv-binding-multiset-v1,1,b2101049dc6b0d029099a440305be3226bd85d1fabf9ddd5b1fb1d5c03043071,,,,,,,,3468610cc4e68c6a0db393e82d8981ea7136faf570fafbd39ac70ec58665cd16,288dcc57d9aa106343144401ea35f7ac346f23f881320d2a828dd038019e3d1a,8a607274f1b3d176dd6acfdc7381c25676b642e78d334a9664e45a2bdf3d52a0,59fb59a04cd20e6dec9ee47cf1de02734068a3328cade998a3fc44a746054ea8,a42a308bd2c5294f3aa79a1a3b15804d4137fd68d7677d9adc037e257a217e76,none,read-only,exploratory-base,exploratory-reified,2b9b44b25cd1c568cd57c6c5df25ae260b68229044617821fb33f542dab77648,2fa0b01dffc52d6647e98c7f554a1a4ff05e5abe6830b9c10d45f5dd8984f60d,f9ff8d30db2db1840ca1585b5598b1cf4d1d06ac2adb86a55b430669507fabff,b38a65fc0c1a91e138f057f7b6c08d21c328463aceb40ffda53fc759f99d2f7a,bdd50c08a90e2fb713541b8a118df6250246a917edc41a6776aeafc90b472687,37a91aea77a60e4675a14e121b2b7f4f5fffe1a366df964b4a18656b2711dc60,"pcm-meta-v2:{""protocol"":""r9.2-frozen-identity-v7"",""message"":"""",""cell_wall_ms"":16.947,""answer_kind"":""csv-binding-multiset-v1"",""answer_key_count"":1,""answer_fingerprint"":""b2101049dc6b0d029099a440305be3226bd85d1fabf9ddd5b1fb1d5c03043071"",""c_parse_samples"":[0.0,0.0,0.0],""c_protocol_samples"":[],""construct_total_samples"":[],""construct_unattributed_samples"":[],""status"":""ok"",""status_evidence"":null,""construction_requested"":null,""construction_effective"":null,""commit"":""baf731844a65b830a95b2167d5a3b6b77d65abcd"",""batch_id"":""3daa02849c0d2938e134989b4df95aa6587540b0b40bbd3808aa0f5744e3acdb"",""query_sha256"":""be92ea13409cc5816a7820f5d9231cb1e43d4ea746a92a57b97ca2d3c79dc20c"",""engine"":""millenniumdb"",""engine_version"":""MillenniumDB [engines.json profile]"",""scale"":""10M"",""base_endpoint_sha256"":""3468610cc4e68c6a0db393e82d8981ea7136faf570fafbd39ac70ec58665cd16"",""reified_endpoint_sha256"":""288dcc57d9aa106343144401ea35f7ac346f23f881320d2a828dd038019e3d1a"",""update_endpoint_sha256"":""8a607274f1b3d176dd6acfdc7381c25676b642e78d334a9664e45a2bdf3d52a0"",""base_data_identity_sha256"":""59fb59a04cd20e6dec9ee47cf1de02734068a3328cade998a3fc44a746054ea8"",""reified_data_identity_sha256"":""a42a308bd2c5294f3aa79a1a3b15804d4137fd68d7677d9adc037e257a217e76"",""update_for"":""none"",""access_mode"":""read-only"",""base_data_name"":""exploratory-base"",""reified_data_name"":""exploratory-reified"",""update_canary_sha256"":""2b9b44b25cd1c568cd57c6c5df25ae260b68229044617821fb33f542dab77648"",""store_instance_sha256"":""2fa0b01dffc52d6647e98c7f554a1a4ff05e5abe6830b9c10d45f5dd8984f60d"",""store_discriminator_sha256"":""f9ff8d30db2db1840ca1585b5598b1cf4d1d06ac2adb86a55b430669507fabff"",""tool_sha256"":""b38a65fc0c1a91e138f057f7b6c08d21c328463aceb40ffda53fc759f99d2f7a"",""java_runtime_sha256"":""bdd50c08a90e2fb713541b8a118df6250246a917edc41a6776aeafc90b472687"",""run_identity_sha256"":""37a91aea77a60e4675a14e121b2b7f4f5fffe1a366df964b4a18656b2711dc60""}"
baf731844a65b830a95b2167d5a3b6b77d65abcd,millenniumdb,MillenniumDB [engines.json profile],10M,S,S4,00,be92ea13409cc5816a7820f5d9231cb1e43d4ea746a92a57b97ca2d3c79dc20c,R,reification-only,ok,1,20.4,16.7,20.7,19.3,2.3,1,3,300.0,116,0.0,,,,,161.547451,"[16.653, 20.44, 20.665]","[0.0, 0.0, 0.0]",,[],,[],,[],r9.2-frozen-identity-v7,3daa02849c0d2938e134989b4df95aa6587540b0b40bbd3808aa0f5744e3acdb,csv-binding-multiset-v1,1,b2101049dc6b0d029099a440305be3226bd85d1fabf9ddd5b1fb1d5c03043071,,,,,,,,3468610cc4e68c6a0db393e82d8981ea7136faf570fafbd39ac70ec58665cd16,288dcc57d9aa106343144401ea35f7ac346f23f881320d2a828dd038019e3d1a,8a607274f1b3d176dd6acfdc7381c25676b642e78d334a9664e45a2bdf3d52a0,59fb59a04cd20e6dec9ee47cf1de02734068a3328cade998a3fc44a746054ea8,a42a308bd2c5294f3aa79a1a3b15804d4137fd68d7677d9adc037e257a217e76,none,read-only,exploratory-base,exploratory-reified,2b9b44b25cd1c568cd57c6c5df25ae260b68229044617821fb33f542dab77648,2fa0b01dffc52d6647e98c7f554a1a4ff05e5abe6830b9c10d45f5dd8984f60d,f9ff8d30db2db1840ca1585b5598b1cf4d1d06ac2adb86a55b430669507fabff,b38a65fc0c1a91e138f057f7b6c08d21c328463aceb40ffda53fc759f99d2f7a,bdd50c08a90e2fb713541b8a118df6250246a917edc41a6776aeafc90b472687,37a91aea77a60e4675a14e121b2b7f4f5fffe1a366df964b4a18656b2711dc60,"pcm-meta-v2:{""protocol"":""r9.2-frozen-identity-v7"",""message"":"""",""cell_wall_ms"":467.497,""answer_kind"":""csv-binding-multiset-v1"",""answer_key_count"":1,""answer_fingerprint"":""b2101049dc6b0d029099a440305be3226bd85d1fabf9ddd5b1fb1d5c03043071"",""c_parse_samples"":[0.0,0.0,0.0],""c_protocol_samples"":[],""construct_total_samples"":[],""construct_unattributed_samples"":[],""status"":""ok"",""status_evidence"":null,""construction_requested"":null,""construction_effective"":null,""commit"":""baf731844a65b830a95b2167d5a3b6b77d65abcd"",""batch_id"":""3daa02849c0d2938e134989b4df95aa6587540b0b40bbd3808aa0f5744e3acdb"",""query_sha256"":""be92ea13409cc5816a7820f5d9231cb1e43d4ea746a92a57b97ca2d3c79dc20c"",""engine"":""millenniumdb"",""engine_version"":""MillenniumDB [engines.json profile]"",""scale"":""10M"",""base_endpoint_sha256"":""3468610cc4e68c6a0db393e82d8981ea7136faf570fafbd39ac70ec58665cd16"",""reified_endpoint_sha256"":""288dcc57d9aa106343144401ea35f7ac346f23f881320d2a828dd038019e3d1a"",""update_endpoint_sha256"":""8a607274f1b3d176dd6acfdc7381c25676b642e78d334a9664e45a2bdf3d52a0"",""base_data_identity_sha256"":""59fb59a04cd20e6dec9ee47cf1de02734068a3328cade998a3fc44a746054ea8"",""reified_data_identity_sha256"":""a42a308bd2c5294f3aa79a1a3b15804d4137fd68d7677d9adc037e257a217e76"",""update_for"":""none"",""access_mode"":""read-only"",""base_data_name"":""exploratory-base"",""reified_data_name"":""exploratory-reified"",""update_canary_sha256"":""2b9b44b25cd1c568cd57c6c5df25ae260b68229044617821fb33f542dab77648"",""store_instance_sha256"":""2fa0b01dffc52d6647e98c7f554a1a4ff05e5abe6830b9c10d45f5dd8984f60d"",""store_discriminator_sha256"":""f9ff8d30db2db1840ca1585b5598b1cf4d1d06ac2adb86a55b430669507fabff"",""tool_sha256"":""b38a65fc0c1a91e138f057f7b6c08d21c328463aceb40ffda53fc759f99d2f7a"",""java_runtime_sha256"":""bdd50c08a90e2fb713541b8a118df6250246a917edc41a6776aeafc90b472687"",""run_identity_sha256"":""37a91aea77a60e4675a14e121b2b7f4f5fffe1a366df964b4a18656b2711dc60""}"
baf731844a65b830a95b2167d5a3b6b77d65abcd,millenniumdb,MillenniumDB [engines.json profile],10M,S,S4,00,be92ea13409cc5816a7820f5d9231cb1e43d4ea746a92a57b97ca2d3c79dc20c,N,N_clean (NPCS reimplementation),ok,1,16.9,16.8,20.8,18.2,2.3,1,3,300.0,208,0.0,,,,1,218.832903,"[20.844, 16.794, 16.943]","[0.0, 0.0, 0.0]",,[],,[],,[],r9.2-frozen-identity-v7,3daa02849c0d2938e134989b4df95aa6587540b0b40bbd3808aa0f5744e3acdb,csv-candidate-multiset-v1,1,b2101049dc6b0d029099a440305be3226bd85d1fabf9ddd5b1fb1d5c03043071,,,,,,,,3468610cc4e68c6a0db393e82d8981ea7136faf570fafbd39ac70ec58665cd16,288dcc57d9aa106343144401ea35f7ac346f23f881320d2a828dd038019e3d1a,8a607274f1b3d176dd6acfdc7381c25676b642e78d334a9664e45a2bdf3d52a0,59fb59a04cd20e6dec9ee47cf1de02734068a3328cade998a3fc44a746054ea8,a42a308bd2c5294f3aa79a1a3b15804d4137fd68d7677d9adc037e257a217e76,none,read-only,exploratory-base,exploratory-reified,2b9b44b25cd1c568cd57c6c5df25ae260b68229044617821fb33f542dab77648,2fa0b01dffc52d6647e98c7f554a1a4ff05e5abe6830b9c10d45f5dd8984f60d,f9ff8d30db2db1840ca1585b5598b1cf4d1d06ac2adb86a55b430669507fabff,b38a65fc0c1a91e138f057f7b6c08d21c328463aceb40ffda53fc759f99d2f7a,bdd50c08a90e2fb713541b8a118df6250246a917edc41a6776aeafc90b472687,37a91aea77a60e4675a14e121b2b7f4f5fffe1a366df964b4a18656b2711dc60,"pcm-meta-v2:{""protocol"":""r9.2-frozen-identity-v7"",""message"":"""",""cell_wall_ms"":306.032,""answer_kind"":""csv-candidate-multiset-v1"",""answer_key_count"":1,""answer_fingerprint"":""b2101049dc6b0d029099a440305be3226bd85d1fabf9ddd5b1fb1d5c03043071"",""c_parse_samples"":[0.0,0.0,0.0],""c_protocol_samples"":[],""construct_total_samples"":[],""construct_unattributed_samples"":[],""status"":""ok"",""status_evidence"":null,""construction_requested"":null,""construction_effective"":null,""commit"":""baf731844a65b830a95b2167d5a3b6b77d65abcd"",""batch_id"":""3daa02849c0d2938e134989b4df95aa6587540b0b40bbd3808aa0f5744e3acdb"",""query_sha256"":""be92ea13409cc5816a7820f5d9231cb1e43d4ea746a92a57b97ca2d3c79dc20c"",""engine"":""millenniumdb"",""engine_version"":""MillenniumDB [engines.json profile]"",""scale"":""10M"",""base_endpoint_sha256"":""3468610cc4e68c6a0db393e82d8981ea7136faf570fafbd39ac70ec58665cd16"",""reified_endpoint_sha256"":""288dcc57d9aa106343144401ea35f7ac346f23f881320d2a828dd038019e3d1a"",""update_endpoint_sha256"":""8a607274f1b3d176dd6acfdc7381c25676b642e78d334a9664e45a2bdf3d52a0"",""base_data_identity_sha256"":""59fb59a04cd20e6dec9ee47cf1de02734068a3328cade998a3fc44a746054ea8"",""reified_data_identity_sha256"":""a42a308bd2c5294f3aa79a1a3b15804d4137fd68d7677d9adc037e257a217e76"",""update_for"":""none"",""access_mode"":""read-only"",""base_data_name"":""exploratory-base"",""reified_data_name"":""exploratory-reified"",""update_canary_sha256"":""2b9b44b25cd1c568cd57c6c5df25ae260b68229044617821fb33f542dab77648"",""store_instance_sha256"":""2fa0b01dffc52d6647e98c7f554a1a4ff05e5abe6830b9c10d45f5dd8984f60d"",""store_discriminator_sha256"":""f9ff8d30db2db1840ca1585b5598b1cf4d1d06ac2adb86a55b430669507fabff"",""tool_sha256"":""b38a65fc0c1a91e138f057f7b6c08d21c328463aceb40ffda53fc759f99d2f7a"",""java_runtime_sha256"":""bdd50c08a90e2fb713541b8a118df6250246a917edc41a6776aeafc90b472687"",""run_identity_sha256"":""37a91aea77a60e4675a14e121b2b7f4f5fffe1a366df964b4a18656b2711dc60""}"
baf731844a65b830a95b2167d5a3b6b77d65abcd,millenniumdb,MillenniumDB [engines.json profile],10M,S,S4,00,be92ea13409cc5816a7820f5d9231cb1e43d4ea746a92a57b97ca2d3c79dc20c,C,SPARQLcirc CircuitRewriter,ok,1,25.3,25.0,26.6,25.6,0.9,1,3,300.0,2357,0.4,2,5,1,,394.620828,"[26.628, 25.286, 24.957]","[0.455, 0.432, 0.411]",0.0,"[0.0, 0.0, 0.0]",25.8,"[27.188, 25.824, 25.471]",0.1,"[0.106, 0.106, 0.103]",r9.2-frozen-identity-v7,3daa02849c0d2938e134989b4df95aa6587540b0b40bbd3808aa0f5744e3acdb,term-aware-candidate-set-v1,1,b850dd09b978b3960f75d2c5a9626d9cec098bd7367b04ac141e92a1588d62f6,flat,flat,96c58e7b547eb7f48b52bb45256f9c66464e00382da6b084628f1edc5ddc19d2,,,,,3468610cc4e68c6a0db393e82d8981ea7136faf570fafbd39ac70ec58665cd16,288dcc57d9aa106343144401ea35f7ac346f23f881320d2a828dd038019e3d1a,8a607274f1b3d176dd6acfdc7381c25676b642e78d334a9664e45a2bdf3d52a0,59fb59a04cd20e6dec9ee47cf1de02734068a3328cade998a3fc44a746054ea8,a42a308bd2c5294f3aa79a1a3b15804d4137fd68d7677d9adc037e257a217e76,none,read-only,exploratory-base,exploratory-reified,2b9b44b25cd1c568cd57c6c5df25ae260b68229044617821fb33f542dab77648,2fa0b01dffc52d6647e98c7f554a1a4ff05e5abe6830b9c10d45f5dd8984f60d,f9ff8d30db2db1840ca1585b5598b1cf4d1d06ac2adb86a55b430669507fabff,b38a65fc0c1a91e138f057f7b6c08d21c328463aceb40ffda53fc759f99d2f7a,bdd50c08a90e2fb713541b8a118df6250246a917edc41a6776aeafc90b472687,37a91aea77a60e4675a14e121b2b7f4f5fffe1a366df964b4a18656b2711dc60,"pcm-meta-v2:{""protocol"":""r9.2-frozen-identity-v7"",""message"":""C requested=flat effective=flat; steps=1 feedback=0; network includes CONSTRUCT, feedback INSERT, and cleanup DELETE"",""cell_wall_ms"":509.785,""answer_kind"":""term-aware-candidate-set-v1"",""answer_key_count"":1,""answer_fingerprint"":""b850dd09b978b3960f75d2c5a9626d9cec098bd7367b04ac141e92a1588d62f6"",""c_parse_samples"":[0.455,0.432,0.411],""c_protocol_samples"":[{""requested_mode"":""flat"",""effective_mode"":""flat"",""fallback_reason"":null,""plan_steps"":1,""feedback_steps"":0,""feedback_triples"":0,""construct_query_ms"":26.628,""feedback_update_ms"":0.0,""cleanup_ms"":0.0,""client_protocol_ms"":0.0,""network_scope"":""construct+feedback+cleanup"",""circuit_sha256"":""96c58e7b547eb7f48b52bb45256f9c66464e00382da6b084628f1edc5ddc19d2"",""answer_fingerprint"":""b850dd09b978b3960f75d2c5a9626d9cec098bd7367b04ac141e92a1588d62f6"",""semantic_signature_sha256"":""386ffb6d584a1521ba17d838e49cd21a6ba4b87eb0fce207dfb4617abf88db0b"",""structure_signature"":{""gates"":2,""edges"":5,""answers"":1,""derivations"":1,""canonical_bytes"":2357},""construct_total_ms"":27.188,""client_unattributed_ms"":0.106},{""requested_mode"":""flat"",""effective_mode"":""flat"",""fallback_reason"":null,""plan_steps"":1,""feedback_steps"":0,""feedback_triples"":0,""construct_query_ms"":25.286,""feedback_update_ms"":0.0,""cleanup_ms"":0.0,""client_protocol_ms"":0.0,""network_scope"":""construct+feedback+cleanup"",""circuit_sha256"":""96c58e7b547eb7f48b52bb45256f9c66464e00382da6b084628f1edc5ddc19d2"",""answer_fingerprint"":""b850dd09b978b3960f75d2c5a9626d9cec098bd7367b04ac141e92a1588d62f6"",""semantic_signature_sha256"":""386ffb6d584a1521ba17d838e49cd21a6ba4b87eb0fce207dfb4617abf88db0b"",""structure_signature"":{""gates"":2,""edges"":5,""answers"":1,""derivations"":1,""canonical_bytes"":2357},""construct_total_ms"":25.824,""client_unattributed_ms"":0.106},{""requested_mode"":""flat"",""effective_mode"":""flat"",""fallback_reason"":null,""plan_steps"":1,""feedback_steps"":0,""feedback_triples"":0,""construct_query_ms"":24.957,""feedback_update_ms"":0.0,""cleanup_ms"":0.0,""client_protocol_ms"":0.0,""network_scope"":""construct+feedback+cleanup"",""circuit_sha256"":""96c58e7b547eb7f48b52bb45256f9c66464e00382da6b084628f1edc5ddc19d2"",""answer_fingerprint"":""b850dd09b978b3960f75d2c5a9626d9cec098bd7367b04ac141e92a1588d62f6"",""semantic_signature_sha256"":""386ffb6d584a1521ba17d838e49cd21a6ba4b87eb0fce207dfb4617abf88db0b"",""structure_signature"":{""gates"":2,""edges"":5,""answers"":1,""derivations"":1,""canonical_bytes"":2357},""construct_total_ms"":25.471,""client_unattributed_ms"":0.103}],""construct_total_samples"":[27.188,25.824,25.471],""construct_unattributed_samples"":[0.106,0.106,0.103],""status"":""ok"",""status_evidence"":null,""c_warmup_signatures"":[""386ffb6d584a1521ba17d838e49cd21a6ba4b87eb0fce207dfb4617abf88db0b""],""measured_semantic_signature_sha256"":""386ffb6d584a1521ba17d838e49cd21a6ba4b87eb0fce207dfb4617abf88db0b"",""measured_repetitions_consistent"":true,""construction_requested"":""flat"",""construction_effective"":""flat"",""commit"":""baf731844a65b830a95b2167d5a3b6b77d65abcd"",""batch_id"":""3daa02849c0d2938e134989b4df95aa6587540b0b40bbd3808aa0f5744e3acdb"",""query_sha256"":""be92ea13409cc5816a7820f5d9231cb1e43d4ea746a92a57b97ca2d3c79dc20c"",""engine"":""millenniumdb"",""engine_version"":""MillenniumDB [engines.json profile]"",""scale"":""10M"",""base_endpoint_sha256"":""3468610cc4e68c6a0db393e82d8981ea7136faf570fafbd39ac70ec58665cd16"",""reified_endpoint_sha256"":""288dcc57d9aa106343144401ea35f7ac346f23f881320d2a828dd038019e3d1a"",""update_endpoint_sha256"":""8a607274f1b3d176dd6acfdc7381c25676b642e78d334a9664e45a2bdf3d52a0"",""base_data_identity_sha256"":""59fb59a04cd20e6dec9ee47cf1de02734068a3328cade998a3fc44a746054ea8"",""reified_data_identity_sha256"":""a42a308bd2c5294f3aa79a1a3b15804d4137fd68d7677d9adc037e257a217e76"",""update_for"":""none"",""access_mode"":""read-only"",""base_data_name"":""exploratory-base"",""reified_data_name"":""exploratory-reified"",""update_canary_sha256"":""2b9b44b25cd1c568cd57c6c5df25ae260b68229044617821fb33f542dab77648"",""store_instance_sha256"":""2fa0b01dffc52d6647e98c7f554a1a4ff05e5abe6830b9c10d45f5dd8984f60d"",""store_discriminator_sha256"":""f9ff8d30db2db1840ca1585b5598b1cf4d1d06ac2adb86a55b430669507fabff"",""tool_sha256"":""b38a65fc0c1a91e138f057f7b6c08d21c328463aceb40ffda53fc759f99d2f7a"",""java_runtime_sha256"":""bdd50c08a90e2fb713541b8a118df6250246a917edc41a6776aeafc90b472687"",""run_identity_sha256"":""37a91aea77a60e4675a14e121b2b7f4f5fffe1a366df964b4a18656b2711dc60""}"
baf731844a65b830a95b2167d5a3b6b77d65abcd,millenniumdb,MillenniumDB [engines.json profile],10M,S,S5,00,691e7a0abcd7232efe06742dc0cffd6f1c1bb58adb1206c47f9a3c8bb38753fb,B,base-select,ok,26,2.7,2.5,2.7,2.6,0.1,1,3,300.0,1313,0.0,,,,,0.00981,"[2.682, 2.503, 2.692]","[0.0, 0.0, 0.0]",,[],,[],,[],r9.2-frozen-identity-v7,3daa02849c0d2938e134989b4df95aa6587540b0b40bbd3808aa0f5744e3acdb,csv-binding-multiset-v1,26,5b3aba03077a1949a5557b6d74f04d5e8a2c34b7ccaaa3f1e1392edbb946611b,,,,,,,,3468610cc4e68c6a0db393e82d8981ea7136faf570fafbd39ac70ec58665cd16,288dcc57d9aa106343144401ea35f7ac346f23f881320d2a828dd038019e3d1a,8a607274f1b3d176dd6acfdc7381c25676b642e78d334a9664e45a2bdf3d52a0,59fb59a04cd20e6dec9ee47cf1de02734068a3328cade998a3fc44a746054ea8,a42a308bd2c5294f3aa79a1a3b15804d4137fd68d7677d9adc037e257a217e76,none,read-only,exploratory-base,exploratory-reified,2b9b44b25cd1c568cd57c6c5df25ae260b68229044617821fb33f542dab77648,2fa0b01dffc52d6647e98c7f554a1a4ff05e5abe6830b9c10d45f5dd8984f60d,f9ff8d30db2db1840ca1585b5598b1cf4d1d06ac2adb86a55b430669507fabff,b38a65fc0c1a91e138f057f7b6c08d21c328463aceb40ffda53fc759f99d2f7a,bdd50c08a90e2fb713541b8a118df6250246a917edc41a6776aeafc90b472687,43c6a18e85b52c96fd90692b1257fe4bd91d5f3dc8018ed2d503c83f5bcaa5ac,"pcm-meta-v2:{""protocol"":""r9.2-frozen-identity-v7"",""message"":"""",""cell_wall_ms"":23.33,""answer_kind"":""csv-binding-multiset-v1"",""answer_key_count"":26,""answer_fingerprint"":""5b3aba03077a1949a5557b6d74f04d5e8a2c34b7ccaaa3f1e1392edbb946611b"",""c_parse_samples"":[0.0,0.0,0.0],""c_protocol_samples"":[],""construct_total_samples"":[],""construct_unattributed_samples"":[],""status"":""ok"",""status_evidence"":null,""construction_requested"":null,""construction_effective"":null,""commit"":""baf731844a65b830a95b2167d5a3b6b77d65abcd"",""batch_id"":""3daa02849c0d2938e134989b4df95aa6587540b0b40bbd3808aa0f5744e3acdb"",""query_sha256"":""691e7a0abcd7232efe06742dc0cffd6f1c1bb58adb1206c47f9a3c8bb38753fb"",""engine"":""millenniumdb"",""engine_version"":""MillenniumDB [engines.json profile]"",""scale"":""10M"",""base_endpoint_sha256"":""3468610cc4e68c6a0db393e82d8981ea7136faf570fafbd39ac70ec58665cd16"",""reified_endpoint_sha256"":""288dcc57d9aa106343144401ea35f7ac346f23f881320d2a828dd038019e3d1a"",""update_endpoint_sha256"":""8a607274f1b3d176dd6acfdc7381c25676b642e78d334a9664e45a2bdf3d52a0"",""base_data_identity_sha256"":""59fb59a04cd20e6dec9ee47cf1de02734068a3328cade998a3fc44a746054ea8"",""reified_data_identity_sha256"":""a42a308bd2c5294f3aa79a1a3b15804d4137fd68d7677d9adc037e257a217e76"",""update_for"":""none"",""access_mode"":""read-only"",""base_data_name"":""exploratory-base"",""reified_data_name"":""exploratory-reified"",""update_canary_sha256"":""2b9b44b25cd1c568cd57c6c5df25ae260b68229044617821fb33f542dab77648"",""store_instance_sha256"":""2fa0b01dffc52d6647e98c7f554a1a4ff05e5abe6830b9c10d45f5dd8984f60d"",""store_discriminator_sha256"":""f9ff8d30db2db1840ca1585b5598b1cf4d1d06ac2adb86a55b430669507fabff"",""tool_sha256"":""b38a65fc0c1a91e138f057f7b6c08d21c328463aceb40ffda53fc759f99d2f7a"",""java_runtime_sha256"":""bdd50c08a90e2fb713541b8a118df6250246a917edc41a6776aeafc90b472687"",""run_identity_sha256"":""43c6a18e85b52c96fd90692b1257fe4bd91d5f3dc8018ed2d503c83f5bcaa5ac""}"
baf731844a65b830a95b2167d5a3b6b77d65abcd,millenniumdb,MillenniumDB [engines.json profile],10M,S,S5,00,691e7a0abcd7232efe06742dc0cffd6f1c1bb58adb1206c47f9a3c8bb38753fb,R,reification-only,ok,26,20.0,19.5,21.5,20.3,1.0,1,3,300.0,1313,0.0,,,,,179.481511,"[19.482, 20.032, 21.497]","[0.0, 0.0, 0.0]",,[],,[],,[],r9.2-frozen-identity-v7,3daa02849c0d2938e134989b4df95aa6587540b0b40bbd3808aa0f5744e3acdb,csv-binding-multiset-v1,26,5b3aba03077a1949a5557b6d74f04d5e8a2c34b7ccaaa3f1e1392edbb946611b,,,,,,,,3468610cc4e68c6a0db393e82d8981ea7136faf570fafbd39ac70ec58665cd16,288dcc57d9aa106343144401ea35f7ac346f23f881320d2a828dd038019e3d1a,8a607274f1b3d176dd6acfdc7381c25676b642e78d334a9664e45a2bdf3d52a0,59fb59a04cd20e6dec9ee47cf1de02734068a3328cade998a3fc44a746054ea8,a42a308bd2c5294f3aa79a1a3b15804d4137fd68d7677d9adc037e257a217e76,none,read-only,exploratory-base,exploratory-reified,2b9b44b25cd1c568cd57c6c5df25ae260b68229044617821fb33f542dab77648,2fa0b01dffc52d6647e98c7f554a1a4ff05e5abe6830b9c10d45f5dd8984f60d,f9ff8d30db2db1840ca1585b5598b1cf4d1d06ac2adb86a55b430669507fabff,b38a65fc0c1a91e138f057f7b6c08d21c328463aceb40ffda53fc759f99d2f7a,bdd50c08a90e2fb713541b8a118df6250246a917edc41a6776aeafc90b472687,43c6a18e85b52c96fd90692b1257fe4bd91d5f3dc8018ed2d503c83f5bcaa5ac,"pcm-meta-v2:{""protocol"":""r9.2-frozen-identity-v7"",""message"":"""",""cell_wall_ms"":305.572,""answer_kind"":""csv-binding-multiset-v1"",""answer_key_count"":26,""answer_fingerprint"":""5b3aba03077a1949a5557b6d74f04d5e8a2c34b7ccaaa3f1e1392edbb946611b"",""c_parse_samples"":[0.0,0.0,0.0],""c_protocol_samples"":[],""construct_total_samples"":[],""construct_unattributed_samples"":[],""status"":""ok"",""status_evidence"":null,""construction_requested"":null,""construction_effective"":null,""commit"":""baf731844a65b830a95b2167d5a3b6b77d65abcd"",""batch_id"":""3daa02849c0d2938e134989b4df95aa6587540b0b40bbd3808aa0f5744e3acdb"",""query_sha256"":""691e7a0abcd7232efe06742dc0cffd6f1c1bb58adb1206c47f9a3c8bb38753fb"",""engine"":""millenniumdb"",""engine_version"":""MillenniumDB [engines.json profile]"",""scale"":""10M"",""base_endpoint_sha256"":""3468610cc4e68c6a0db393e82d8981ea7136faf570fafbd39ac70ec58665cd16"",""reified_endpoint_sha256"":""288dcc57d9aa106343144401ea35f7ac346f23f881320d2a828dd038019e3d1a"",""update_endpoint_sha256"":""8a607274f1b3d176dd6acfdc7381c25676b642e78d334a9664e45a2bdf3d52a0"",""base_data_identity_sha256"":""59fb59a04cd20e6dec9ee47cf1de02734068a3328cade998a3fc44a746054ea8"",""reified_data_identity_sha256"":""a42a308bd2c5294f3aa79a1a3b15804d4137fd68d7677d9adc037e257a217e76"",""update_for"":""none"",""access_mode"":""read-only"",""base_data_name"":""exploratory-base"",""reified_data_name"":""exploratory-reified"",""update_canary_sha256"":""2b9b44b25cd1c568cd57c6c5df25ae260b68229044617821fb33f542dab77648"",""store_instance_sha256"":""2fa0b01dffc52d6647e98c7f554a1a4ff05e5abe6830b9c10d45f5dd8984f60d"",""store_discriminator_sha256"":""f9ff8d30db2db1840ca1585b5598b1cf4d1d06ac2adb86a55b430669507fabff"",""tool_sha256"":""b38a65fc0c1a91e138f057f7b6c08d21c328463aceb40ffda53fc759f99d2f7a"",""java_runtime_sha256"":""bdd50c08a90e2fb713541b8a118df6250246a917edc41a6776aeafc90b472687"",""run_identity_sha256"":""43c6a18e85b52c96fd90692b1257fe4bd91d5f3dc8018ed2d503c83f5bcaa5ac""}"
baf731844a65b830a95b2167d5a3b6b77d65abcd,millenniumdb,MillenniumDB [engines.json profile],10M,S,S5,00,691e7a0abcd7232efe06742dc0cffd6f1c1bb58adb1206c47f9a3c8bb38753fb,N,N_clean (NPCS reimplementation),ok,26,21.1,20.8,21.5,21.1,0.3,1,3,300.0,3059,0.0,,,,26,231.328242,"[21.062, 20.832, 21.507]","[0.0, 0.0, 0.0]",,[],,[],,[],r9.2-frozen-identity-v7,3daa02849c0d2938e134989b4df95aa6587540b0b40bbd3808aa0f5744e3acdb,csv-candidate-multiset-v1,26,5b3aba03077a1949a5557b6d74f04d5e8a2c34b7ccaaa3f1e1392edbb946611b,,,,,,,,3468610cc4e68c6a0db393e82d8981ea7136faf570fafbd39ac70ec58665cd16,288dcc57d9aa106343144401ea35f7ac346f23f881320d2a828dd038019e3d1a,8a607274f1b3d176dd6acfdc7381c25676b642e78d334a9664e45a2bdf3d52a0,59fb59a04cd20e6dec9ee47cf1de02734068a3328cade998a3fc44a746054ea8,a42a308bd2c5294f3aa79a1a3b15804d4137fd68d7677d9adc037e257a217e76,none,read-only,exploratory-base,exploratory-reified,2b9b44b25cd1c568cd57c6c5df25ae260b68229044617821fb33f542dab77648,2fa0b01dffc52d6647e98c7f554a1a4ff05e5abe6830b9c10d45f5dd8984f60d,f9ff8d30db2db1840ca1585b5598b1cf4d1d06ac2adb86a55b430669507fabff,b38a65fc0c1a91e138f057f7b6c08d21c328463aceb40ffda53fc759f99d2f7a,bdd50c08a90e2fb713541b8a118df6250246a917edc41a6776aeafc90b472687,43c6a18e85b52c96fd90692b1257fe4bd91d5f3dc8018ed2d503c83f5bcaa5ac,"pcm-meta-v2:{""protocol"":""r9.2-frozen-identity-v7"",""message"":"""",""cell_wall_ms"":350.216,""answer_kind"":""csv-candidate-multiset-v1"",""answer_key_count"":26,""answer_fingerprint"":""5b3aba03077a1949a5557b6d74f04d5e8a2c34b7ccaaa3f1e1392edbb946611b"",""c_parse_samples"":[0.0,0.0,0.0],""c_protocol_samples"":[],""construct_total_samples"":[],""construct_unattributed_samples"":[],""status"":""ok"",""status_evidence"":null,""construction_requested"":null,""construction_effective"":null,""commit"":""baf731844a65b830a95b2167d5a3b6b77d65abcd"",""batch_id"":""3daa02849c0d2938e134989b4df95aa6587540b0b40bbd3808aa0f5744e3acdb"",""query_sha256"":""691e7a0abcd7232efe06742dc0cffd6f1c1bb58adb1206c47f9a3c8bb38753fb"",""engine"":""millenniumdb"",""engine_version"":""MillenniumDB [engines.json profile]"",""scale"":""10M"",""base_endpoint_sha256"":""3468610cc4e68c6a0db393e82d8981ea7136faf570fafbd39ac70ec58665cd16"",""reified_endpoint_sha256"":""288dcc57d9aa106343144401ea35f7ac346f23f881320d2a828dd038019e3d1a"",""update_endpoint_sha256"":""8a607274f1b3d176dd6acfdc7381c25676b642e78d334a9664e45a2bdf3d52a0"",""base_data_identity_sha256"":""59fb59a04cd20e6dec9ee47cf1de02734068a3328cade998a3fc44a746054ea8"",""reified_data_identity_sha256"":""a42a308bd2c5294f3aa79a1a3b15804d4137fd68d7677d9adc037e257a217e76"",""update_for"":""none"",""access_mode"":""read-only"",""base_data_name"":""exploratory-base"",""reified_data_name"":""exploratory-reified"",""update_canary_sha256"":""2b9b44b25cd1c568cd57c6c5df25ae260b68229044617821fb33f542dab77648"",""store_instance_sha256"":""2fa0b01dffc52d6647e98c7f554a1a4ff05e5abe6830b9c10d45f5dd8984f60d"",""store_discriminator_sha256"":""f9ff8d30db2db1840ca1585b5598b1cf4d1d06ac2adb86a55b430669507fabff"",""tool_sha256"":""b38a65fc0c1a91e138f057f7b6c08d21c328463aceb40ffda53fc759f99d2f7a"",""java_runtime_sha256"":""bdd50c08a90e2fb713541b8a118df6250246a917edc41a6776aeafc90b472687"",""run_identity_sha256"":""43c6a18e85b52c96fd90692b1257fe4bd91d5f3dc8018ed2d503c83f5bcaa5ac""}"
baf731844a65b830a95b2167d5a3b6b77d65abcd,millenniumdb,MillenniumDB [engines.json profile],10M,S,S5,00,691e7a0abcd7232efe06742dc0cffd6f1c1bb58adb1206c47f9a3c8bb38753fb,C,SPARQLcirc CircuitRewriter,ok,26,27.8,27.6,30.3,28.6,1.5,1,3,300.0,38584,4.6,52,130,26,,387.828626,"[27.836, 30.342, 27.629]","[4.767, 4.556, 4.504]",0.0,"[0.0, 0.0, 0.0]",32.7,"[32.717, 35.013, 32.258]",0.1,"[0.114, 0.116, 0.124]",r9.2-frozen-identity-v7,3daa02849c0d2938e134989b4df95aa6587540b0b40bbd3808aa0f5744e3acdb,term-aware-candidate-set-v1,26,58e907040cb1e36d32bde5178127b15ead6e5826627990f0f4d07fa319287328,flat,flat,d78fd92b48bec44ae6d6c70443e2d0a49196744134e188378ed7610457fa48a0,,,,,3468610cc4e68c6a0db393e82d8981ea7136faf570fafbd39ac70ec58665cd16,288dcc57d9aa106343144401ea35f7ac346f23f881320d2a828dd038019e3d1a,8a607274f1b3d176dd6acfdc7381c25676b642e78d334a9664e45a2bdf3d52a0,59fb59a04cd20e6dec9ee47cf1de02734068a3328cade998a3fc44a746054ea8,a42a308bd2c5294f3aa79a1a3b15804d4137fd68d7677d9adc037e257a217e76,none,read-only,exploratory-base,exploratory-reified,2b9b44b25cd1c568cd57c6c5df25ae260b68229044617821fb33f542dab77648,2fa0b01dffc52d6647e98c7f554a1a4ff05e5abe6830b9c10d45f5dd8984f60d,f9ff8d30db2db1840ca1585b5598b1cf4d1d06ac2adb86a55b430669507fabff,b38a65fc0c1a91e138f057f7b6c08d21c328463aceb40ffda53fc759f99d2f7a,bdd50c08a90e2fb713541b8a118df6250246a917edc41a6776aeafc90b472687,43c6a18e85b52c96fd90692b1257fe4bd91d5f3dc8018ed2d503c83f5bcaa5ac,"pcm-meta-v2:{""protocol"":""r9.2-frozen-identity-v7"",""message"":""C requested=flat effective=flat; steps=1 feedback=0; network includes CONSTRUCT, feedback INSERT, and cleanup DELETE"",""cell_wall_ms"":587.406,""answer_kind"":""term-aware-candidate-set-v1"",""answer_key_count"":26,""answer_fingerprint"":""58e907040cb1e36d32bde5178127b15ead6e5826627990f0f4d07fa319287328"",""c_parse_samples"":[4.767,4.556,4.504],""c_protocol_samples"":[{""requested_mode"":""flat"",""effective_mode"":""flat"",""fallback_reason"":null,""plan_steps"":1,""feedback_steps"":0,""feedback_triples"":0,""construct_query_ms"":27.836,""feedback_update_ms"":0.0,""cleanup_ms"":0.0,""client_protocol_ms"":0.0,""network_scope"":""construct+feedback+cleanup"",""circuit_sha256"":""d78fd92b48bec44ae6d6c70443e2d0a49196744134e188378ed7610457fa48a0"",""answer_fingerprint"":""58e907040cb1e36d32bde5178127b15ead6e5826627990f0f4d07fa319287328"",""semantic_signature_sha256"":""5cd4c88d2d8e3fa2dfdddf4f7589f74699413f132d5a1dd08322fd0238f32681"",""structure_signature"":{""gates"":52,""edges"":130,""answers"":26,""derivations"":26,""canonical_bytes"":38584},""construct_total_ms"":32.717,""client_unattributed_ms"":0.114},{""requested_mode"":""flat"",""effective_mode"":""flat"",""fallback_reason"":null,""plan_steps"":1,""feedback_steps"":0,""feedback_triples"":0,""construct_query_ms"":30.342,""feedback_update_ms"":0.0,""cleanup_ms"":0.0,""client_protocol_ms"":0.0,""network_scope"":""construct+feedback+cleanup"",""circuit_sha256"":""d78fd92b48bec44ae6d6c70443e2d0a49196744134e188378ed7610457fa48a0"",""answer_fingerprint"":""58e907040cb1e36d32bde5178127b15ead6e5826627990f0f4d07fa319287328"",""semantic_signature_sha256"":""5cd4c88d2d8e3fa2dfdddf4f7589f74699413f132d5a1dd08322fd0238f32681"",""structure_signature"":{""gates"":52,""edges"":130,""answers"":26,""derivations"":26,""canonical_bytes"":38584},""construct_total_ms"":35.013,""client_unattributed_ms"":0.116},{""requested_mode"":""flat"",""effective_mode"":""flat"",""fallback_reason"":null,""plan_steps"":1,""feedback_steps"":0,""feedback_triples"":0,""construct_query_ms"":27.629,""feedback_update_ms"":0.0,""cleanup_ms"":0.0,""client_protocol_ms"":0.0,""network_scope"":""construct+feedback+cleanup"",""circuit_sha256"":""d78fd92b48bec44ae6d6c70443e2d0a49196744134e188378ed7610457fa48a0"",""answer_fingerprint"":""58e907040cb1e36d32bde5178127b15ead6e5826627990f0f4d07fa319287328"",""semantic_signature_sha256"":""5cd4c88d2d8e3fa2dfdddf4f7589f74699413f132d5a1dd08322fd0238f32681"",""structure_signature"":{""gates"":52,""edges"":130,""answers"":26,""derivations"":26,""canonical_bytes"":38584},""construct_total_ms"":32.258,""client_unattributed_ms"":0.124}],""construct_total_samples"":[32.717,35.013,32.258],""construct_unattributed_samples"":[0.114,0.116,0.124],""status"":""ok"",""status_evidence"":null,""c_warmup_signatures"":[""5cd4c88d2d8e3fa2dfdddf4f7589f74699413f132d5a1dd08322fd0238f32681""],""measured_semantic_signature_sha256"":""5cd4c88d2d8e3fa2dfdddf4f7589f74699413f132d5a1dd08322fd0238f32681"",""measured_repetitions_consistent"":true,""construction_requested"":""flat"",""construction_effective"":""flat"",""commit"":""baf731844a65b830a95b2167d5a3b6b77d65abcd"",""batch_id"":""3daa02849c0d2938e134989b4df95aa6587540b0b40bbd3808aa0f5744e3acdb"",""query_sha256"":""691e7a0abcd7232efe06742dc0cffd6f1c1bb58adb1206c47f9a3c8bb38753fb"",""engine"":""millenniumdb"",""engine_version"":""MillenniumDB [engines.json profile]"",""scale"":""10M"",""base_endpoint_sha256"":""3468610cc4e68c6a0db393e82d8981ea7136faf570fafbd39ac70ec58665cd16"",""reified_endpoint_sha256"":""288dcc57d9aa106343144401ea35f7ac346f23f881320d2a828dd038019e3d1a"",""update_endpoint_sha256"":""8a607274f1b3d176dd6acfdc7381c25676b642e78d334a9664e45a2bdf3d52a0"",""base_data_identity_sha256"":""59fb59a04cd20e6dec9ee47cf1de02734068a3328cade998a3fc44a746054ea8"",""reified_data_identity_sha256"":""a42a308bd2c5294f3aa79a1a3b15804d4137fd68d7677d9adc037e257a217e76"",""update_for"":""none"",""access_mode"":""read-only"",""base_data_name"":""exploratory-base"",""reified_data_name"":""exploratory-reified"",""update_canary_sha256"":""2b9b44b25cd1c568cd57c6c5df25ae260b68229044617821fb33f542dab77648"",""store_instance_sha256"":""2fa0b01dffc52d6647e98c7f554a1a4ff05e5abe6830b9c10d45f5dd8984f60d"",""store_discriminator_sha256"":""f9ff8d30db2db1840ca1585b5598b1cf4d1d06ac2adb86a55b430669507fabff"",""tool_sha256"":""b38a65fc0c1a91e138f057f7b6c08d21c328463aceb40ffda53fc759f99d2f7a"",""java_runtime_sha256"":""bdd50c08a90e2fb713541b8a118df6250246a917edc41a6776aeafc90b472687"",""run_identity_sha256"":""43c6a18e85b52c96fd90692b1257fe4bd91d5f3dc8018ed2d503c83f5bcaa5ac""}"
baf731844a65b830a95b2167d5a3b6b77d65abcd,millenniumdb,MillenniumDB [engines.json profile],10M,S,S6,00,3a9de4be91a376d912945053f743c79042392d6a11ce089a2d71c37c156ec248,B,base-select,ok,2,1.4,1.2,1.7,1.4,0.3,1,3,300.0,102,0.0,,,,,0.01013,"[1.687, 1.373, 1.152]","[0.0, 0.0, 0.0]",,[],,[],,[],r9.2-frozen-identity-v7,3daa02849c0d2938e134989b4df95aa6587540b0b40bbd3808aa0f5744e3acdb,csv-binding-multiset-v1,2,17eb5947b1b30c85d3887d00b1aa3fd0e4e8841371dab33687d741e74b51f97d,,,,,,,,3468610cc4e68c6a0db393e82d8981ea7136faf570fafbd39ac70ec58665cd16,288dcc57d9aa106343144401ea35f7ac346f23f881320d2a828dd038019e3d1a,8a607274f1b3d176dd6acfdc7381c25676b642e78d334a9664e45a2bdf3d52a0,59fb59a04cd20e6dec9ee47cf1de02734068a3328cade998a3fc44a746054ea8,a42a308bd2c5294f3aa79a1a3b15804d4137fd68d7677d9adc037e257a217e76,none,read-only,exploratory-base,exploratory-reified,2b9b44b25cd1c568cd57c6c5df25ae260b68229044617821fb33f542dab77648,2fa0b01dffc52d6647e98c7f554a1a4ff05e5abe6830b9c10d45f5dd8984f60d,f9ff8d30db2db1840ca1585b5598b1cf4d1d06ac2adb86a55b430669507fabff,b38a65fc0c1a91e138f057f7b6c08d21c328463aceb40ffda53fc759f99d2f7a,bdd50c08a90e2fb713541b8a118df6250246a917edc41a6776aeafc90b472687,64fbf9e26ccb75fdc0f45ce1859d5403d678cdda220886a55486f1d5ada16f6f,"pcm-meta-v2:{""protocol"":""r9.2-frozen-identity-v7"",""message"":"""",""cell_wall_ms"":16.733,""answer_kind"":""csv-binding-multiset-v1"",""answer_key_count"":2,""answer_fingerprint"":""17eb5947b1b30c85d3887d00b1aa3fd0e4e8841371dab33687d741e74b51f97d"",""c_parse_samples"":[0.0,0.0,0.0],""c_protocol_samples"":[],""construct_total_samples"":[],""construct_unattributed_samples"":[],""status"":""ok"",""status_evidence"":null,""construction_requested"":null,""construction_effective"":null,""commit"":""baf731844a65b830a95b2167d5a3b6b77d65abcd"",""batch_id"":""3daa02849c0d2938e134989b4df95aa6587540b0b40bbd3808aa0f5744e3acdb"",""query_sha256"":""3a9de4be91a376d912945053f743c79042392d6a11ce089a2d71c37c156ec248"",""engine"":""millenniumdb"",""engine_version"":""MillenniumDB [engines.json profile]"",""scale"":""10M"",""base_endpoint_sha256"":""3468610cc4e68c6a0db393e82d8981ea7136faf570fafbd39ac70ec58665cd16"",""reified_endpoint_sha256"":""288dcc57d9aa106343144401ea35f7ac346f23f881320d2a828dd038019e3d1a"",""update_endpoint_sha256"":""8a607274f1b3d176dd6acfdc7381c25676b642e78d334a9664e45a2bdf3d52a0"",""base_data_identity_sha256"":""59fb59a04cd20e6dec9ee47cf1de02734068a3328cade998a3fc44a746054ea8"",""reified_data_identity_sha256"":""a42a308bd2c5294f3aa79a1a3b15804d4137fd68d7677d9adc037e257a217e76"",""update_for"":""none"",""access_mode"":""read-only"",""base_data_name"":""exploratory-base"",""reified_data_name"":""exploratory-reified"",""update_canary_sha256"":""2b9b44b25cd1c568cd57c6c5df25ae260b68229044617821fb33f542dab77648"",""store_instance_sha256"":""2fa0b01dffc52d6647e98c7f554a1a4ff05e5abe6830b9c10d45f5dd8984f60d"",""store_discriminator_sha256"":""f9ff8d30db2db1840ca1585b5598b1cf4d1d06ac2adb86a55b430669507fabff"",""tool_sha256"":""b38a65fc0c1a91e138f057f7b6c08d21c328463aceb40ffda53fc759f99d2f7a"",""java_runtime_sha256"":""bdd50c08a90e2fb713541b8a118df6250246a917edc41a6776aeafc90b472687"",""run_identity_sha256"":""64fbf9e26ccb75fdc0f45ce1859d5403d678cdda220886a55486f1d5ada16f6f""}"
baf731844a65b830a95b2167d5a3b6b77d65abcd,millenniumdb,MillenniumDB [engines.json profile],10M,S,S6,00,3a9de4be91a376d912945053f743c79042392d6a11ce089a2d71c37c156ec248,R,reification-only,ok,2,101.6,98.0,128.7,109.4,16.8,1,3,300.0,102,0.0,,,,,166.420794,"[101.624, 97.954, 128.744]","[0.0, 0.0, 0.0]",,[],,[],,[],r9.2-frozen-identity-v7,3daa02849c0d2938e134989b4df95aa6587540b0b40bbd3808aa0f5744e3acdb,csv-binding-multiset-v1,2,17eb5947b1b30c85d3887d00b1aa3fd0e4e8841371dab33687d741e74b51f97d,,,,,,,,3468610cc4e68c6a0db393e82d8981ea7136faf570fafbd39ac70ec58665cd16,288dcc57d9aa106343144401ea35f7ac346f23f881320d2a828dd038019e3d1a,8a607274f1b3d176dd6acfdc7381c25676b642e78d334a9664e45a2bdf3d52a0,59fb59a04cd20e6dec9ee47cf1de02734068a3328cade998a3fc44a746054ea8,a42a308bd2c5294f3aa79a1a3b15804d4137fd68d7677d9adc037e257a217e76,none,read-only,exploratory-base,exploratory-reified,2b9b44b25cd1c568cd57c6c5df25ae260b68229044617821fb33f542dab77648,2fa0b01dffc52d6647e98c7f554a1a4ff05e5abe6830b9c10d45f5dd8984f60d,f9ff8d30db2db1840ca1585b5598b1cf4d1d06ac2adb86a55b430669507fabff,b38a65fc0c1a91e138f057f7b6c08d21c328463aceb40ffda53fc759f99d2f7a,bdd50c08a90e2fb713541b8a118df6250246a917edc41a6776aeafc90b472687,64fbf9e26ccb75fdc0f45ce1859d5403d678cdda220886a55486f1d5ada16f6f,"pcm-meta-v2:{""protocol"":""r9.2-frozen-identity-v7"",""message"":"""",""cell_wall_ms"":636.996,""answer_kind"":""csv-binding-multiset-v1"",""answer_key_count"":2,""answer_fingerprint"":""17eb5947b1b30c85d3887d00b1aa3fd0e4e8841371dab33687d741e74b51f97d"",""c_parse_samples"":[0.0,0.0,0.0],""c_protocol_samples"":[],""construct_total_samples"":[],""construct_unattributed_samples"":[],""status"":""ok"",""status_evidence"":null,""construction_requested"":null,""construction_effective"":null,""commit"":""baf731844a65b830a95b2167d5a3b6b77d65abcd"",""batch_id"":""3daa02849c0d2938e134989b4df95aa6587540b0b40bbd3808aa0f5744e3acdb"",""query_sha256"":""3a9de4be91a376d912945053f743c79042392d6a11ce089a2d71c37c156ec248"",""engine"":""millenniumdb"",""engine_version"":""MillenniumDB [engines.json profile]"",""scale"":""10M"",""base_endpoint_sha256"":""3468610cc4e68c6a0db393e82d8981ea7136faf570fafbd39ac70ec58665cd16"",""reified_endpoint_sha256"":""288dcc57d9aa106343144401ea35f7ac346f23f881320d2a828dd038019e3d1a"",""update_endpoint_sha256"":""8a607274f1b3d176dd6acfdc7381c25676b642e78d334a9664e45a2bdf3d52a0"",""base_data_identity_sha256"":""59fb59a04cd20e6dec9ee47cf1de02734068a3328cade998a3fc44a746054ea8"",""reified_data_identity_sha256"":""a42a308bd2c5294f3aa79a1a3b15804d4137fd68d7677d9adc037e257a217e76"",""update_for"":""none"",""access_mode"":""read-only"",""base_data_name"":""exploratory-base"",""reified_data_name"":""exploratory-reified"",""update_canary_sha256"":""2b9b44b25cd1c568cd57c6c5df25ae260b68229044617821fb33f542dab77648"",""store_instance_sha256"":""2fa0b01dffc52d6647e98c7f554a1a4ff05e5abe6830b9c10d45f5dd8984f60d"",""store_discriminator_sha256"":""f9ff8d30db2db1840ca1585b5598b1cf4d1d06ac2adb86a55b430669507fabff"",""tool_sha256"":""b38a65fc0c1a91e138f057f7b6c08d21c328463aceb40ffda53fc759f99d2f7a"",""java_runtime_sha256"":""bdd50c08a90e2fb713541b8a118df6250246a917edc41a6776aeafc90b472687"",""run_identity_sha256"":""64fbf9e26ccb75fdc0f45ce1859d5403d678cdda220886a55486f1d5ada16f6f""}"
baf731844a65b830a95b2167d5a3b6b77d65abcd,millenniumdb,MillenniumDB [engines.json profile],10M,S,S6,00,3a9de4be91a376d912945053f743c79042392d6a11ce089a2d71c37c156ec248,N,N_clean (NPCS reimplementation),ok,2,97.2,92.3,97.8,95.8,3.0,1,3,300.0,236,0.0,,,,2,203.798657,"[92.304, 97.782, 97.227]","[0.0, 0.0, 0.0]",,[],,[],,[],r9.2-frozen-identity-v7,3daa02849c0d2938e134989b4df95aa6587540b0b40bbd3808aa0f5744e3acdb,csv-candidate-multiset-v1,2,17eb5947b1b30c85d3887d00b1aa3fd0e4e8841371dab33687d741e74b51f97d,,,,,,,,3468610cc4e68c6a0db393e82d8981ea7136faf570fafbd39ac70ec58665cd16,288dcc57d9aa106343144401ea35f7ac346f23f881320d2a828dd038019e3d1a,8a607274f1b3d176dd6acfdc7381c25676b642e78d334a9664e45a2bdf3d52a0,59fb59a04cd20e6dec9ee47cf1de02734068a3328cade998a3fc44a746054ea8,a42a308bd2c5294f3aa79a1a3b15804d4137fd68d7677d9adc037e257a217e76,none,read-only,exploratory-base,exploratory-reified,2b9b44b25cd1c568cd57c6c5df25ae260b68229044617821fb33f542dab77648,2fa0b01dffc52d6647e98c7f554a1a4ff05e5abe6830b9c10d45f5dd8984f60d,f9ff8d30db2db1840ca1585b5598b1cf4d1d06ac2adb86a55b430669507fabff,b38a65fc0c1a91e138f057f7b6c08d21c328463aceb40ffda53fc759f99d2f7a,bdd50c08a90e2fb713541b8a118df6250246a917edc41a6776aeafc90b472687,64fbf9e26ccb75fdc0f45ce1859d5403d678cdda220886a55486f1d5ada16f6f,"pcm-meta-v2:{""protocol"":""r9.2-frozen-identity-v7"",""message"":"""",""cell_wall_ms"":605.997,""answer_kind"":""csv-candidate-multiset-v1"",""answer_key_count"":2,""answer_fingerprint"":""17eb5947b1b30c85d3887d00b1aa3fd0e4e8841371dab33687d741e74b51f97d"",""c_parse_samples"":[0.0,0.0,0.0],""c_protocol_samples"":[],""construct_total_samples"":[],""construct_unattributed_samples"":[],""status"":""ok"",""status_evidence"":null,""construction_requested"":null,""construction_effective"":null,""commit"":""baf731844a65b830a95b2167d5a3b6b77d65abcd"",""batch_id"":""3daa02849c0d2938e134989b4df95aa6587540b0b40bbd3808aa0f5744e3acdb"",""query_sha256"":""3a9de4be91a376d912945053f743c79042392d6a11ce089a2d71c37c156ec248"",""engine"":""millenniumdb"",""engine_version"":""MillenniumDB [engines.json profile]"",""scale"":""10M"",""base_endpoint_sha256"":""3468610cc4e68c6a0db393e82d8981ea7136faf570fafbd39ac70ec58665cd16"",""reified_endpoint_sha256"":""288dcc57d9aa106343144401ea35f7ac346f23f881320d2a828dd038019e3d1a"",""update_endpoint_sha256"":""8a607274f1b3d176dd6acfdc7381c25676b642e78d334a9664e45a2bdf3d52a0"",""base_data_identity_sha256"":""59fb59a04cd20e6dec9ee47cf1de02734068a3328cade998a3fc44a746054ea8"",""reified_data_identity_sha256"":""a42a308bd2c5294f3aa79a1a3b15804d4137fd68d7677d9adc037e257a217e76"",""update_for"":""none"",""access_mode"":""read-only"",""base_data_name"":""exploratory-base"",""reified_data_name"":""exploratory-reified"",""update_canary_sha256"":""2b9b44b25cd1c568cd57c6c5df25ae260b68229044617821fb33f542dab77648"",""store_instance_sha256"":""2fa0b01dffc52d6647e98c7f554a1a4ff05e5abe6830b9c10d45f5dd8984f60d"",""store_discriminator_sha256"":""f9ff8d30db2db1840ca1585b5598b1cf4d1d06ac2adb86a55b430669507fabff"",""tool_sha256"":""b38a65fc0c1a91e138f057f7b6c08d21c328463aceb40ffda53fc759f99d2f7a"",""java_runtime_sha256"":""bdd50c08a90e2fb713541b8a118df6250246a917edc41a6776aeafc90b472687"",""run_identity_sha256"":""64fbf9e26ccb75fdc0f45ce1859d5403d678cdda220886a55486f1d5ada16f6f""}"
baf731844a65b830a95b2167d5a3b6b77d65abcd,millenniumdb,MillenniumDB [engines.json profile],10M,S,S6,00,3a9de4be91a376d912945053f743c79042392d6a11ce089a2d71c37c156ec248,C,SPARQLcirc CircuitRewriter,ok,2,136.7,134.9,149.5,140.3,8.0,1,3,300.0,2750,0.5,4,8,2,,580.897582,"[134.862, 149.526, 136.653]","[0.466, 0.498, 0.487]",0.0,"[0.0, 0.0, 0.0]",137.2,"[135.455, 150.123, 137.248]",0.1,"[0.127, 0.099, 0.108]",r9.2-frozen-identity-v7,3daa02849c0d2938e134989b4df95aa6587540b0b40bbd3808aa0f5744e3acdb,term-aware-candidate-set-v1,2,473e511d66d4bca4b4cb7f8021b5bc81eb3d2b7a25262497e6a78684d96470dc,flat,flat,c7e7284bb95b63936086c5aa2f7abc633add081f89e7fbaf909fa72f22bfd9a0,,,,,3468610cc4e68c6a0db393e82d8981ea7136faf570fafbd39ac70ec58665cd16,288dcc57d9aa106343144401ea35f7ac346f23f881320d2a828dd038019e3d1a,8a607274f1b3d176dd6acfdc7381c25676b642e78d334a9664e45a2bdf3d52a0,59fb59a04cd20e6dec9ee47cf1de02734068a3328cade998a3fc44a746054ea8,a42a308bd2c5294f3aa79a1a3b15804d4137fd68d7677d9adc037e257a217e76,none,read-only,exploratory-base,exploratory-reified,2b9b44b25cd1c568cd57c6c5df25ae260b68229044617821fb33f542dab77648,2fa0b01dffc52d6647e98c7f554a1a4ff05e5abe6830b9c10d45f5dd8984f60d,f9ff8d30db2db1840ca1585b5598b1cf4d1d06ac2adb86a55b430669507fabff,b38a65fc0c1a91e138f057f7b6c08d21c328463aceb40ffda53fc759f99d2f7a,bdd50c08a90e2fb713541b8a118df6250246a917edc41a6776aeafc90b472687,64fbf9e26ccb75fdc0f45ce1859d5403d678cdda220886a55486f1d5ada16f6f,"pcm-meta-v2:{""protocol"":""r9.2-frozen-identity-v7"",""message"":""C requested=flat effective=flat; steps=1 feedback=0; network includes CONSTRUCT, feedback INSERT, and cleanup DELETE"",""cell_wall_ms"":1155.176,""answer_kind"":""term-aware-candidate-set-v1"",""answer_key_count"":2,""answer_fingerprint"":""473e511d66d4bca4b4cb7f8021b5bc81eb3d2b7a25262497e6a78684d96470dc"",""c_parse_samples"":[0.466,0.498,0.487],""c_protocol_samples"":[{""requested_mode"":""flat"",""effective_mode"":""flat"",""fallback_reason"":null,""plan_steps"":1,""feedback_steps"":0,""feedback_triples"":0,""construct_query_ms"":134.862,""feedback_update_ms"":0.0,""cleanup_ms"":0.0,""client_protocol_ms"":0.0,""network_scope"":""construct+feedback+cleanup"",""circuit_sha256"":""c7e7284bb95b63936086c5aa2f7abc633add081f89e7fbaf909fa72f22bfd9a0"",""answer_fingerprint"":""473e511d66d4bca4b4cb7f8021b5bc81eb3d2b7a25262497e6a78684d96470dc"",""semantic_signature_sha256"":""cf66a35ad67c2a38d2689d1b7cf6bc287a47a74fb3d0c8f10501df1d05ac387d"",""structure_signature"":{""gates"":4,""edges"":8,""answers"":2,""derivations"":2,""canonical_bytes"":2750},""construct_total_ms"":135.455,""client_unattributed_ms"":0.127},{""requested_mode"":""flat"",""effective_mode"":""flat"",""fallback_reason"":null,""plan_steps"":1,""feedback_steps"":0,""feedback_triples"":0,""construct_query_ms"":149.526,""feedback_update_ms"":0.0,""cleanup_ms"":0.0,""client_protocol_ms"":0.0,""network_scope"":""construct+feedback+cleanup"",""circuit_sha256"":""c7e7284bb95b63936086c5aa2f7abc633add081f89e7fbaf909fa72f22bfd9a0"",""answer_fingerprint"":""473e511d66d4bca4b4cb7f8021b5bc81eb3d2b7a25262497e6a78684d96470dc"",""semantic_signature_sha256"":""cf66a35ad67c2a38d2689d1b7cf6bc287a47a74fb3d0c8f10501df1d05ac387d"",""structure_signature"":{""gates"":4,""edges"":8,""answers"":2,""derivations"":2,""canonical_bytes"":2750},""construct_total_ms"":150.123,""client_unattributed_ms"":0.099},{""requested_mode"":""flat"",""effective_mode"":""flat"",""fallback_reason"":null,""plan_steps"":1,""feedback_steps"":0,""feedback_triples"":0,""construct_query_ms"":136.653,""feedback_update_ms"":0.0,""cleanup_ms"":0.0,""client_protocol_ms"":0.0,""network_scope"":""construct+feedback+cleanup"",""circuit_sha256"":""c7e7284bb95b63936086c5aa2f7abc633add081f89e7fbaf909fa72f22bfd9a0"",""answer_fingerprint"":""473e511d66d4bca4b4cb7f8021b5bc81eb3d2b7a25262497e6a78684d96470dc"",""semantic_signature_sha256"":""cf66a35ad67c2a38d2689d1b7cf6bc287a47a74fb3d0c8f10501df1d05ac387d"",""structure_signature"":{""gates"":4,""edges"":8,""answers"":2,""derivations"":2,""canonical_bytes"":2750},""construct_total_ms"":137.248,""client_unattributed_ms"":0.108}],""construct_total_samples"":[135.455,150.123,137.248],""construct_unattributed_samples"":[0.127,0.099,0.108],""status"":""ok"",""status_evidence"":null,""c_warmup_signatures"":[""cf66a35ad67c2a38d2689d1b7cf6bc287a47a74fb3d0c8f10501df1d05ac387d""],""measured_semantic_signature_sha256"":""cf66a35ad67c2a38d2689d1b7cf6bc287a47a74fb3d0c8f10501df1d05ac387d"",""measured_repetitions_consistent"":true,""construction_requested"":""flat"",""construction_effective"":""flat"",""commit"":""baf731844a65b830a95b2167d5a3b6b77d65abcd"",""batch_id"":""3daa02849c0d2938e134989b4df95aa6587540b0b40bbd3808aa0f5744e3acdb"",""query_sha256"":""3a9de4be91a376d912945053f743c79042392d6a11ce089a2d71c37c156ec248"",""engine"":""millenniumdb"",""engine_version"":""MillenniumDB [engines.json profile]"",""scale"":""10M"",""base_endpoint_sha256"":""3468610cc4e68c6a0db393e82d8981ea7136faf570fafbd39ac70ec58665cd16"",""reified_endpoint_sha256"":""288dcc57d9aa106343144401ea35f7ac346f23f881320d2a828dd038019e3d1a"",""update_endpoint_sha256"":""8a607274f1b3d176dd6acfdc7381c25676b642e78d334a9664e45a2bdf3d52a0"",""base_data_identity_sha256"":""59fb59a04cd20e6dec9ee47cf1de02734068a3328cade998a3fc44a746054ea8"",""reified_data_identity_sha256"":""a42a308bd2c5294f3aa79a1a3b15804d4137fd68d7677d9adc037e257a217e76"",""update_for"":""none"",""access_mode"":""read-only"",""base_data_name"":""exploratory-base"",""reified_data_name"":""exploratory-reified"",""update_canary_sha256"":""2b9b44b25cd1c568cd57c6c5df25ae260b68229044617821fb33f542dab77648"",""store_instance_sha256"":""2fa0b01dffc52d6647e98c7f554a1a4ff05e5abe6830b9c10d45f5dd8984f60d"",""store_discriminator_sha256"":""f9ff8d30db2db1840ca1585b5598b1cf4d1d06ac2adb86a55b430669507fabff"",""tool_sha256"":""b38a65fc0c1a91e138f057f7b6c08d21c328463aceb40ffda53fc759f99d2f7a"",""java_runtime_sha256"":""bdd50c08a90e2fb713541b8a118df6250246a917edc41a6776aeafc90b472687"",""run_identity_sha256"":""64fbf9e26ccb75fdc0f45ce1859d5403d678cdda220886a55486f1d5ada16f6f""}"
baf731844a65b830a95b2167d5a3b6b77d65abcd,millenniumdb,MillenniumDB [engines.json profile],10M,S,S7,00,eed7ab40fbcb8013104c546e7347be93ee55756a01abd3e1bc1548f3401022e4,B,base-select,ok,1,1.0,0.8,1.5,1.1,0.3,1,3,300.0,256,0.0,,,,,0.00963,"[1.453, 0.997, 0.786]","[0.0, 0.0, 0.0]",,[],,[],,[],r9.2-frozen-identity-v7,3daa02849c0d2938e134989b4df95aa6587540b0b40bbd3808aa0f5744e3acdb,csv-binding-multiset-v1,1,5017abaadafc93776be5383e6a95d30f8c7038495f9554ffe753b893d5b768df,,,,,,,,3468610cc4e68c6a0db393e82d8981ea7136faf570fafbd39ac70ec58665cd16,288dcc57d9aa106343144401ea35f7ac346f23f881320d2a828dd038019e3d1a,8a607274f1b3d176dd6acfdc7381c25676b642e78d334a9664e45a2bdf3d52a0,59fb59a04cd20e6dec9ee47cf1de02734068a3328cade998a3fc44a746054ea8,a42a308bd2c5294f3aa79a1a3b15804d4137fd68d7677d9adc037e257a217e76,none,read-only,exploratory-base,exploratory-reified,2b9b44b25cd1c568cd57c6c5df25ae260b68229044617821fb33f542dab77648,2fa0b01dffc52d6647e98c7f554a1a4ff05e5abe6830b9c10d45f5dd8984f60d,f9ff8d30db2db1840ca1585b5598b1cf4d1d06ac2adb86a55b430669507fabff,b38a65fc0c1a91e138f057f7b6c08d21c328463aceb40ffda53fc759f99d2f7a,bdd50c08a90e2fb713541b8a118df6250246a917edc41a6776aeafc90b472687,de1f5167103f70f8637188989cee85607ef69bddb8f068c65baa22ef905ca9e4,"pcm-meta-v2:{""protocol"":""r9.2-frozen-identity-v7"",""message"":"""",""cell_wall_ms"":14.472,""answer_kind"":""csv-binding-multiset-v1"",""answer_key_count"":1,""answer_fingerprint"":""5017abaadafc93776be5383e6a95d30f8c7038495f9554ffe753b893d5b768df"",""c_parse_samples"":[0.0,0.0,0.0],""c_protocol_samples"":[],""construct_total_samples"":[],""construct_unattributed_samples"":[],""status"":""ok"",""status_evidence"":null,""construction_requested"":null,""construction_effective"":null,""commit"":""baf731844a65b830a95b2167d5a3b6b77d65abcd"",""batch_id"":""3daa02849c0d2938e134989b4df95aa6587540b0b40bbd3808aa0f5744e3acdb"",""query_sha256"":""eed7ab40fbcb8013104c546e7347be93ee55756a01abd3e1bc1548f3401022e4"",""engine"":""millenniumdb"",""engine_version"":""MillenniumDB [engines.json profile]"",""scale"":""10M"",""base_endpoint_sha256"":""3468610cc4e68c6a0db393e82d8981ea7136faf570fafbd39ac70ec58665cd16"",""reified_endpoint_sha256"":""288dcc57d9aa106343144401ea35f7ac346f23f881320d2a828dd038019e3d1a"",""update_endpoint_sha256"":""8a607274f1b3d176dd6acfdc7381c25676b642e78d334a9664e45a2bdf3d52a0"",""base_data_identity_sha256"":""59fb59a04cd20e6dec9ee47cf1de02734068a3328cade998a3fc44a746054ea8"",""reified_data_identity_sha256"":""a42a308bd2c5294f3aa79a1a3b15804d4137fd68d7677d9adc037e257a217e76"",""update_for"":""none"",""access_mode"":""read-only"",""base_data_name"":""exploratory-base"",""reified_data_name"":""exploratory-reified"",""update_canary_sha256"":""2b9b44b25cd1c568cd57c6c5df25ae260b68229044617821fb33f542dab77648"",""store_instance_sha256"":""2fa0b01dffc52d6647e98c7f554a1a4ff05e5abe6830b9c10d45f5dd8984f60d"",""store_discriminator_sha256"":""f9ff8d30db2db1840ca1585b5598b1cf4d1d06ac2adb86a55b430669507fabff"",""tool_sha256"":""b38a65fc0c1a91e138f057f7b6c08d21c328463aceb40ffda53fc759f99d2f7a"",""java_runtime_sha256"":""bdd50c08a90e2fb713541b8a118df6250246a917edc41a6776aeafc90b472687"",""run_identity_sha256"":""de1f5167103f70f8637188989cee85607ef69bddb8f068c65baa22ef905ca9e4""}"
baf731844a65b830a95b2167d5a3b6b77d65abcd,millenniumdb,MillenniumDB [engines.json profile],10M,S,S7,00,eed7ab40fbcb8013104c546e7347be93ee55756a01abd3e1bc1548f3401022e4,R,reification-only,ok,1,3.7,3.2,4.2,3.7,0.5,1,3,300.0,256,0.0,,,,,189.39061,"[4.197, 3.158, 3.703]","[0.0, 0.0, 0.0]",,[],,[],,[],r9.2-frozen-identity-v7,3daa02849c0d2938e134989b4df95aa6587540b0b40bbd3808aa0f5744e3acdb,csv-binding-multiset-v1,1,5017abaadafc93776be5383e6a95d30f8c7038495f9554ffe753b893d5b768df,,,,,,,,3468610cc4e68c6a0db393e82d8981ea7136faf570fafbd39ac70ec58665cd16,288dcc57d9aa106343144401ea35f7ac346f23f881320d2a828dd038019e3d1a,8a607274f1b3d176dd6acfdc7381c25676b642e78d334a9664e45a2bdf3d52a0,59fb59a04cd20e6dec9ee47cf1de02734068a3328cade998a3fc44a746054ea8,a42a308bd2c5294f3aa79a1a3b15804d4137fd68d7677d9adc037e257a217e76,none,read-only,exploratory-base,exploratory-reified,2b9b44b25cd1c568cd57c6c5df25ae260b68229044617821fb33f542dab77648,2fa0b01dffc52d6647e98c7f554a1a4ff05e5abe6830b9c10d45f5dd8984f60d,f9ff8d30db2db1840ca1585b5598b1cf4d1d06ac2adb86a55b430669507fabff,b38a65fc0c1a91e138f057f7b6c08d21c328463aceb40ffda53fc759f99d2f7a,bdd50c08a90e2fb713541b8a118df6250246a917edc41a6776aeafc90b472687,de1f5167103f70f8637188989cee85607ef69bddb8f068c65baa22ef905ca9e4,"pcm-meta-v2:{""protocol"":""r9.2-frozen-identity-v7"",""message"":"""",""cell_wall_ms"":213.697,""answer_kind"":""csv-binding-multiset-v1"",""answer_key_count"":1,""answer_fingerprint"":""5017abaadafc93776be5383e6a95d30f8c7038495f9554ffe753b893d5b768df"",""c_parse_samples"":[0.0,0.0,0.0],""c_protocol_samples"":[],""construct_total_samples"":[],""construct_unattributed_samples"":[],""status"":""ok"",""status_evidence"":null,""construction_requested"":null,""construction_effective"":null,""commit"":""baf731844a65b830a95b2167d5a3b6b77d65abcd"",""batch_id"":""3daa02849c0d2938e134989b4df95aa6587540b0b40bbd3808aa0f5744e3acdb"",""query_sha256"":""eed7ab40fbcb8013104c546e7347be93ee55756a01abd3e1bc1548f3401022e4"",""engine"":""millenniumdb"",""engine_version"":""MillenniumDB [engines.json profile]"",""scale"":""10M"",""base_endpoint_sha256"":""3468610cc4e68c6a0db393e82d8981ea7136faf570fafbd39ac70ec58665cd16"",""reified_endpoint_sha256"":""288dcc57d9aa106343144401ea35f7ac346f23f881320d2a828dd038019e3d1a"",""update_endpoint_sha256"":""8a607274f1b3d176dd6acfdc7381c25676b642e78d334a9664e45a2bdf3d52a0"",""base_data_identity_sha256"":""59fb59a04cd20e6dec9ee47cf1de02734068a3328cade998a3fc44a746054ea8"",""reified_data_identity_sha256"":""a42a308bd2c5294f3aa79a1a3b15804d4137fd68d7677d9adc037e257a217e76"",""update_for"":""none"",""access_mode"":""read-only"",""base_data_name"":""exploratory-base"",""reified_data_name"":""exploratory-reified"",""update_canary_sha256"":""2b9b44b25cd1c568cd57c6c5df25ae260b68229044617821fb33f542dab77648"",""store_instance_sha256"":""2fa0b01dffc52d6647e98c7f554a1a4ff05e5abe6830b9c10d45f5dd8984f60d"",""store_discriminator_sha256"":""f9ff8d30db2db1840ca1585b5598b1cf4d1d06ac2adb86a55b430669507fabff"",""tool_sha256"":""b38a65fc0c1a91e138f057f7b6c08d21c328463aceb40ffda53fc759f99d2f7a"",""java_runtime_sha256"":""bdd50c08a90e2fb713541b8a118df6250246a917edc41a6776aeafc90b472687"",""run_identity_sha256"":""de1f5167103f70f8637188989cee85607ef69bddb8f068c65baa22ef905ca9e4""}"
baf731844a65b830a95b2167d5a3b6b77d65abcd,millenniumdb,MillenniumDB [engines.json profile],10M,S,S7,00,eed7ab40fbcb8013104c546e7347be93ee55756a01abd3e1bc1548f3401022e4,N,N_clean (NPCS reimplementation),ok,1,4.1,3.8,4.9,4.3,0.6,1,3,300.0,333,0.0,,,,1,275.160421,"[3.787, 4.912, 4.128]","[0.0, 0.0, 0.0]",,[],,[],,[],r9.2-frozen-identity-v7,3daa02849c0d2938e134989b4df95aa6587540b0b40bbd3808aa0f5744e3acdb,csv-candidate-multiset-v1,1,5017abaadafc93776be5383e6a95d30f8c7038495f9554ffe753b893d5b768df,,,,,,,,3468610cc4e68c6a0db393e82d8981ea7136faf570fafbd39ac70ec58665cd16,288dcc57d9aa106343144401ea35f7ac346f23f881320d2a828dd038019e3d1a,8a607274f1b3d176dd6acfdc7381c25676b642e78d334a9664e45a2bdf3d52a0,59fb59a04cd20e6dec9ee47cf1de02734068a3328cade998a3fc44a746054ea8,a42a308bd2c5294f3aa79a1a3b15804d4137fd68d7677d9adc037e257a217e76,none,read-only,exploratory-base,exploratory-reified,2b9b44b25cd1c568cd57c6c5df25ae260b68229044617821fb33f542dab77648,2fa0b01dffc52d6647e98c7f554a1a4ff05e5abe6830b9c10d45f5dd8984f60d,f9ff8d30db2db1840ca1585b5598b1cf4d1d06ac2adb86a55b430669507fabff,b38a65fc0c1a91e138f057f7b6c08d21c328463aceb40ffda53fc759f99d2f7a,bdd50c08a90e2fb713541b8a118df6250246a917edc41a6776aeafc90b472687,de1f5167103f70f8637188989cee85607ef69bddb8f068c65baa22ef905ca9e4,"pcm-meta-v2:{""protocol"":""r9.2-frozen-identity-v7"",""message"":"""",""cell_wall_ms"":303.651,""answer_kind"":""csv-candidate-multiset-v1"",""answer_key_count"":1,""answer_fingerprint"":""5017abaadafc93776be5383e6a95d30f8c7038495f9554ffe753b893d5b768df"",""c_parse_samples"":[0.0,0.0,0.0],""c_protocol_samples"":[],""construct_total_samples"":[],""construct_unattributed_samples"":[],""status"":""ok"",""status_evidence"":null,""construction_requested"":null,""construction_effective"":null,""commit"":""baf731844a65b830a95b2167d5a3b6b77d65abcd"",""batch_id"":""3daa02849c0d2938e134989b4df95aa6587540b0b40bbd3808aa0f5744e3acdb"",""query_sha256"":""eed7ab40fbcb8013104c546e7347be93ee55756a01abd3e1bc1548f3401022e4"",""engine"":""millenniumdb"",""engine_version"":""MillenniumDB [engines.json profile]"",""scale"":""10M"",""base_endpoint_sha256"":""3468610cc4e68c6a0db393e82d8981ea7136faf570fafbd39ac70ec58665cd16"",""reified_endpoint_sha256"":""288dcc57d9aa106343144401ea35f7ac346f23f881320d2a828dd038019e3d1a"",""update_endpoint_sha256"":""8a607274f1b3d176dd6acfdc7381c25676b642e78d334a9664e45a2bdf3d52a0"",""base_data_identity_sha256"":""59fb59a04cd20e6dec9ee47cf1de02734068a3328cade998a3fc44a746054ea8"",""reified_data_identity_sha256"":""a42a308bd2c5294f3aa79a1a3b15804d4137fd68d7677d9adc037e257a217e76"",""update_for"":""none"",""access_mode"":""read-only"",""base_data_name"":""exploratory-base"",""reified_data_name"":""exploratory-reified"",""update_canary_sha256"":""2b9b44b25cd1c568cd57c6c5df25ae260b68229044617821fb33f542dab77648"",""store_instance_sha256"":""2fa0b01dffc52d6647e98c7f554a1a4ff05e5abe6830b9c10d45f5dd8984f60d"",""store_discriminator_sha256"":""f9ff8d30db2db1840ca1585b5598b1cf4d1d06ac2adb86a55b430669507fabff"",""tool_sha256"":""b38a65fc0c1a91e138f057f7b6c08d21c328463aceb40ffda53fc759f99d2f7a"",""java_runtime_sha256"":""bdd50c08a90e2fb713541b8a118df6250246a917edc41a6776aeafc90b472687"",""run_identity_sha256"":""de1f5167103f70f8637188989cee85607ef69bddb8f068c65baa22ef905ca9e4""}"
baf731844a65b830a95b2167d5a3b6b77d65abcd,millenniumdb,MillenniumDB [engines.json profile],10M,S,S7,00,eed7ab40fbcb8013104c546e7347be93ee55756a01abd3e1bc1548f3401022e4,C,SPARQLcirc CircuitRewriter,ok,1,4.5,4.4,5.6,4.8,0.6,1,3,300.0,2534,0.3,2,4,1,,421.28504,"[5.561, 4.524, 4.402]","[0.342, 0.275, 0.264]",0.0,"[0.0, 0.0, 0.0]",4.9,"[5.978, 4.862, 4.71]",0.1,"[0.075, 0.062, 0.044]",r9.2-frozen-identity-v7,3daa02849c0d2938e134989b4df95aa6587540b0b40bbd3808aa0f5744e3acdb,term-aware-candidate-set-v1,1,e8aa5d2cea37746b7ce391d6eab1cdfa3ad3050a16753f9b1ad19ae731e0d71d,flat,flat,10d51e1223eb54bf44a1097993b5e67dad5aa264989f4034012d0e221dafe5e9,,,,,3468610cc4e68c6a0db393e82d8981ea7136faf570fafbd39ac70ec58665cd16,288dcc57d9aa106343144401ea35f7ac346f23f881320d2a828dd038019e3d1a,8a607274f1b3d176dd6acfdc7381c25676b642e78d334a9664e45a2bdf3d52a0,59fb59a04cd20e6dec9ee47cf1de02734068a3328cade998a3fc44a746054ea8,a42a308bd2c5294f3aa79a1a3b15804d4137fd68d7677d9adc037e257a217e76,none,read-only,exploratory-base,exploratory-reified,2b9b44b25cd1c568cd57c6c5df25ae260b68229044617821fb33f542dab77648,2fa0b01dffc52d6647e98c7f554a1a4ff05e5abe6830b9c10d45f5dd8984f60d,f9ff8d30db2db1840ca1585b5598b1cf4d1d06ac2adb86a55b430669507fabff,b38a65fc0c1a91e138f057f7b6c08d21c328463aceb40ffda53fc759f99d2f7a,bdd50c08a90e2fb713541b8a118df6250246a917edc41a6776aeafc90b472687,de1f5167103f70f8637188989cee85607ef69bddb8f068c65baa22ef905ca9e4,"pcm-meta-v2:{""protocol"":""r9.2-frozen-identity-v7"",""message"":""C requested=flat effective=flat; steps=1 feedback=0; network includes CONSTRUCT, feedback INSERT, and cleanup DELETE"",""cell_wall_ms"":454.315,""answer_kind"":""term-aware-candidate-set-v1"",""answer_key_count"":1,""answer_fingerprint"":""e8aa5d2cea37746b7ce391d6eab1cdfa3ad3050a16753f9b1ad19ae731e0d71d"",""c_parse_samples"":[0.342,0.275,0.264],""c_protocol_samples"":[{""requested_mode"":""flat"",""effective_mode"":""flat"",""fallback_reason"":null,""plan_steps"":1,""feedback_steps"":0,""feedback_triples"":0,""construct_query_ms"":5.561,""feedback_update_ms"":0.0,""cleanup_ms"":0.0,""client_protocol_ms"":0.0,""network_scope"":""construct+feedback+cleanup"",""circuit_sha256"":""10d51e1223eb54bf44a1097993b5e67dad5aa264989f4034012d0e221dafe5e9"",""answer_fingerprint"":""e8aa5d2cea37746b7ce391d6eab1cdfa3ad3050a16753f9b1ad19ae731e0d71d"",""semantic_signature_sha256"":""90ccbfa1862c2cae4f4258f1953c93ee0a31e5d4b428c7f90457bf1a32610468"",""structure_signature"":{""gates"":2,""edges"":4,""answers"":1,""derivations"":1,""canonical_bytes"":2534},""construct_total_ms"":5.978,""client_unattributed_ms"":0.075},{""requested_mode"":""flat"",""effective_mode"":""flat"",""fallback_reason"":null,""plan_steps"":1,""feedback_steps"":0,""feedback_triples"":0,""construct_query_ms"":4.524,""feedback_update_ms"":0.0,""cleanup_ms"":0.0,""client_protocol_ms"":0.0,""network_scope"":""construct+feedback+cleanup"",""circuit_sha256"":""10d51e1223eb54bf44a1097993b5e67dad5aa264989f4034012d0e221dafe5e9"",""answer_fingerprint"":""e8aa5d2cea37746b7ce391d6eab1cdfa3ad3050a16753f9b1ad19ae731e0d71d"",""semantic_signature_sha256"":""90ccbfa1862c2cae4f4258f1953c93ee0a31e5d4b428c7f90457bf1a32610468"",""structure_signature"":{""gates"":2,""edges"":4,""answers"":1,""derivations"":1,""canonical_bytes"":2534},""construct_total_ms"":4.862,""client_unattributed_ms"":0.062},{""requested_mode"":""flat"",""effective_mode"":""flat"",""fallback_reason"":null,""plan_steps"":1,""feedback_steps"":0,""feedback_triples"":0,""construct_query_ms"":4.402,""feedback_update_ms"":0.0,""cleanup_ms"":0.0,""client_protocol_ms"":0.0,""network_scope"":""construct+feedback+cleanup"",""circuit_sha256"":""10d51e1223eb54bf44a1097993b5e67dad5aa264989f4034012d0e221dafe5e9"",""answer_fingerprint"":""e8aa5d2cea37746b7ce391d6eab1cdfa3ad3050a16753f9b1ad19ae731e0d71d"",""semantic_signature_sha256"":""90ccbfa1862c2cae4f4258f1953c93ee0a31e5d4b428c7f90457bf1a32610468"",""structure_signature"":{""gates"":2,""edges"":4,""answers"":1,""derivations"":1,""canonical_bytes"":2534},""construct_total_ms"":4.71,""client_unattributed_ms"":0.044}],""construct_total_samples"":[5.978,4.862,4.71],""construct_unattributed_samples"":[0.075,0.062,0.044],""status"":""ok"",""status_evidence"":null,""c_warmup_signatures"":[""90ccbfa1862c2cae4f4258f1953c93ee0a31e5d4b428c7f90457bf1a32610468""],""measured_semantic_signature_sha256"":""90ccbfa1862c2cae4f4258f1953c93ee0a31e5d4b428c7f90457bf1a32610468"",""measured_repetitions_consistent"":true,""construction_requested"":""flat"",""construction_effective"":""flat"",""commit"":""baf731844a65b830a95b2167d5a3b6b77d65abcd"",""batch_id"":""3daa02849c0d2938e134989b4df95aa6587540b0b40bbd3808aa0f5744e3acdb"",""query_sha256"":""eed7ab40fbcb8013104c546e7347be93ee55756a01abd3e1bc1548f3401022e4"",""engine"":""millenniumdb"",""engine_version"":""MillenniumDB [engines.json profile]"",""scale"":""10M"",""base_endpoint_sha256"":""3468610cc4e68c6a0db393e82d8981ea7136faf570fafbd39ac70ec58665cd16"",""reified_endpoint_sha256"":""288dcc57d9aa106343144401ea35f7ac346f23f881320d2a828dd038019e3d1a"",""update_endpoint_sha256"":""8a607274f1b3d176dd6acfdc7381c25676b642e78d334a9664e45a2bdf3d52a0"",""base_data_identity_sha256"":""59fb59a04cd20e6dec9ee47cf1de02734068a3328cade998a3fc44a746054ea8"",""reified_data_identity_sha256"":""a42a308bd2c5294f3aa79a1a3b15804d4137fd68d7677d9adc037e257a217e76"",""update_for"":""none"",""access_mode"":""read-only"",""base_data_name"":""exploratory-base"",""reified_data_name"":""exploratory-reified"",""update_canary_sha256"":""2b9b44b25cd1c568cd57c6c5df25ae260b68229044617821fb33f542dab77648"",""store_instance_sha256"":""2fa0b01dffc52d6647e98c7f554a1a4ff05e5abe6830b9c10d45f5dd8984f60d"",""store_discriminator_sha256"":""f9ff8d30db2db1840ca1585b5598b1cf4d1d06ac2adb86a55b430669507fabff"",""tool_sha256"":""b38a65fc0c1a91e138f057f7b6c08d21c328463aceb40ffda53fc759f99d2f7a"",""java_runtime_sha256"":""bdd50c08a90e2fb713541b8a118df6250246a917edc41a6776aeafc90b472687"",""run_identity_sha256"":""de1f5167103f70f8637188989cee85607ef69bddb8f068c65baa22ef905ca9e4""}"
baf731844a65b830a95b2167d5a3b6b77d65abcd,millenniumdb,MillenniumDB [engines.json profile],10M,F,F1,00,ea28abd7edab939c7b50a1796279891f1fac09bdf37f31eb5fdf3df64891eaf4,B,base-select,ok,2,1.4,1.3,1.6,1.4,0.1,1,3,300.0,802,0.0,,,,,0.008481,"[1.587, 1.293, 1.398]","[0.0, 0.0, 0.0]",,[],,[],,[],r9.2-frozen-identity-v7,65bf29e20de8aa31ee4473c08e3870982deff6ef591902df99cdef8a949e99a3,csv-binding-multiset-v1,2,defa09371f4b14a6638aef3200ed8b7addb4031066224835d97910ee077cb0f8,,,,,,,,3468610cc4e68c6a0db393e82d8981ea7136faf570fafbd39ac70ec58665cd16,288dcc57d9aa106343144401ea35f7ac346f23f881320d2a828dd038019e3d1a,8a607274f1b3d176dd6acfdc7381c25676b642e78d334a9664e45a2bdf3d52a0,59fb59a04cd20e6dec9ee47cf1de02734068a3328cade998a3fc44a746054ea8,a42a308bd2c5294f3aa79a1a3b15804d4137fd68d7677d9adc037e257a217e76,none,read-only,exploratory-base,exploratory-reified,2b9b44b25cd1c568cd57c6c5df25ae260b68229044617821fb33f542dab77648,2fa0b01dffc52d6647e98c7f554a1a4ff05e5abe6830b9c10d45f5dd8984f60d,f9ff8d30db2db1840ca1585b5598b1cf4d1d06ac2adb86a55b430669507fabff,b38a65fc0c1a91e138f057f7b6c08d21c328463aceb40ffda53fc759f99d2f7a,bdd50c08a90e2fb713541b8a118df6250246a917edc41a6776aeafc90b472687,7f0aa8dc004dd0961b7ea26af4f7d95730d33ad6136cdf0a494f8f07ed7a8cde,"pcm-meta-v2:{""protocol"":""r9.2-frozen-identity-v7"",""message"":"""",""cell_wall_ms"":14.535,""answer_kind"":""csv-binding-multiset-v1"",""answer_key_count"":2,""answer_fingerprint"":""defa09371f4b14a6638aef3200ed8b7addb4031066224835d97910ee077cb0f8"",""c_parse_samples"":[0.0,0.0,0.0],""c_protocol_samples"":[],""construct_total_samples"":[],""construct_unattributed_samples"":[],""status"":""ok"",""status_evidence"":null,""construction_requested"":null,""construction_effective"":null,""commit"":""baf731844a65b830a95b2167d5a3b6b77d65abcd"",""batch_id"":""65bf29e20de8aa31ee4473c08e3870982deff6ef591902df99cdef8a949e99a3"",""query_sha256"":""ea28abd7edab939c7b50a1796279891f1fac09bdf37f31eb5fdf3df64891eaf4"",""engine"":""millenniumdb"",""engine_version"":""MillenniumDB [engines.json profile]"",""scale"":""10M"",""base_endpoint_sha256"":""3468610cc4e68c6a0db393e82d8981ea7136faf570fafbd39ac70ec58665cd16"",""reified_endpoint_sha256"":""288dcc57d9aa106343144401ea35f7ac346f23f881320d2a828dd038019e3d1a"",""update_endpoint_sha256"":""8a607274f1b3d176dd6acfdc7381c25676b642e78d334a9664e45a2bdf3d52a0"",""base_data_identity_sha256"":""59fb59a04cd20e6dec9ee47cf1de02734068a3328cade998a3fc44a746054ea8"",""reified_data_identity_sha256"":""a42a308bd2c5294f3aa79a1a3b15804d4137fd68d7677d9adc037e257a217e76"",""update_for"":""none"",""access_mode"":""read-only"",""base_data_name"":""exploratory-base"",""reified_data_name"":""exploratory-reified"",""update_canary_sha256"":""2b9b44b25cd1c568cd57c6c5df25ae260b68229044617821fb33f542dab77648"",""store_instance_sha256"":""2fa0b01dffc52d6647e98c7f554a1a4ff05e5abe6830b9c10d45f5dd8984f60d"",""store_discriminator_sha256"":""f9ff8d30db2db1840ca1585b5598b1cf4d1d06ac2adb86a55b430669507fabff"",""tool_sha256"":""b38a65fc0c1a91e138f057f7b6c08d21c328463aceb40ffda53fc759f99d2f7a"",""java_runtime_sha256"":""bdd50c08a90e2fb713541b8a118df6250246a917edc41a6776aeafc90b472687"",""run_identity_sha256"":""7f0aa8dc004dd0961b7ea26af4f7d95730d33ad6136cdf0a494f8f07ed7a8cde""}"
baf731844a65b830a95b2167d5a3b6b77d65abcd,millenniumdb,MillenniumDB [engines.json profile],10M,F,F1,00,ea28abd7edab939c7b50a1796279891f1fac09bdf37f31eb5fdf3df64891eaf4,R,reification-only,ok,2,9.1,9.0,13.0,10.4,2.2,1,3,300.0,802,0.0,,,,,145.850315,"[9.097, 12.954, 9.033]","[0.0, 0.0, 0.0]",,[],,[],,[],r9.2-frozen-identity-v7,65bf29e20de8aa31ee4473c08e3870982deff6ef591902df99cdef8a949e99a3,csv-binding-multiset-v1,2,defa09371f4b14a6638aef3200ed8b7addb4031066224835d97910ee077cb0f8,,,,,,,,3468610cc4e68c6a0db393e82d8981ea7136faf570fafbd39ac70ec58665cd16,288dcc57d9aa106343144401ea35f7ac346f23f881320d2a828dd038019e3d1a,8a607274f1b3d176dd6acfdc7381c25676b642e78d334a9664e45a2bdf3d52a0,59fb59a04cd20e6dec9ee47cf1de02734068a3328cade998a3fc44a746054ea8,a42a308bd2c5294f3aa79a1a3b15804d4137fd68d7677d9adc037e257a217e76,none,read-only,exploratory-base,exploratory-reified,2b9b44b25cd1c568cd57c6c5df25ae260b68229044617821fb33f542dab77648,2fa0b01dffc52d6647e98c7f554a1a4ff05e5abe6830b9c10d45f5dd8984f60d,f9ff8d30db2db1840ca1585b5598b1cf4d1d06ac2adb86a55b430669507fabff,b38a65fc0c1a91e138f057f7b6c08d21c328463aceb40ffda53fc759f99d2f7a,bdd50c08a90e2fb713541b8a118df6250246a917edc41a6776aeafc90b472687,7f0aa8dc004dd0961b7ea26af4f7d95730d33ad6136cdf0a494f8f07ed7a8cde,"pcm-meta-v2:{""protocol"":""r9.2-frozen-identity-v7"",""message"":"""",""cell_wall_ms"":198.922,""answer_kind"":""csv-binding-multiset-v1"",""answer_key_count"":2,""answer_fingerprint"":""defa09371f4b14a6638aef3200ed8b7addb4031066224835d97910ee077cb0f8"",""c_parse_samples"":[0.0,0.0,0.0],""c_protocol_samples"":[],""construct_total_samples"":[],""construct_unattributed_samples"":[],""status"":""ok"",""status_evidence"":null,""construction_requested"":null,""construction_effective"":null,""commit"":""baf731844a65b830a95b2167d5a3b6b77d65abcd"",""batch_id"":""65bf29e20de8aa31ee4473c08e3870982deff6ef591902df99cdef8a949e99a3"",""query_sha256"":""ea28abd7edab939c7b50a1796279891f1fac09bdf37f31eb5fdf3df64891eaf4"",""engine"":""millenniumdb"",""engine_version"":""MillenniumDB [engines.json profile]"",""scale"":""10M"",""base_endpoint_sha256"":""3468610cc4e68c6a0db393e82d8981ea7136faf570fafbd39ac70ec58665cd16"",""reified_endpoint_sha256"":""288dcc57d9aa106343144401ea35f7ac346f23f881320d2a828dd038019e3d1a"",""update_endpoint_sha256"":""8a607274f1b3d176dd6acfdc7381c25676b642e78d334a9664e45a2bdf3d52a0"",""base_data_identity_sha256"":""59fb59a04cd20e6dec9ee47cf1de02734068a3328cade998a3fc44a746054ea8"",""reified_data_identity_sha256"":""a42a308bd2c5294f3aa79a1a3b15804d4137fd68d7677d9adc037e257a217e76"",""update_for"":""none"",""access_mode"":""read-only"",""base_data_name"":""exploratory-base"",""reified_data_name"":""exploratory-reified"",""update_canary_sha256"":""2b9b44b25cd1c568cd57c6c5df25ae260b68229044617821fb33f542dab77648"",""store_instance_sha256"":""2fa0b01dffc52d6647e98c7f554a1a4ff05e5abe6830b9c10d45f5dd8984f60d"",""store_discriminator_sha256"":""f9ff8d30db2db1840ca1585b5598b1cf4d1d06ac2adb86a55b430669507fabff"",""tool_sha256"":""b38a65fc0c1a91e138f057f7b6c08d21c328463aceb40ffda53fc759f99d2f7a"",""java_runtime_sha256"":""bdd50c08a90e2fb713541b8a118df6250246a917edc41a6776aeafc90b472687"",""run_identity_sha256"":""7f0aa8dc004dd0961b7ea26af4f7d95730d33ad6136cdf0a494f8f07ed7a8cde""}"
baf731844a65b830a95b2167d5a3b6b77d65abcd,millenniumdb,MillenniumDB [engines.json profile],10M,F,F1,00,ea28abd7edab939c7b50a1796279891f1fac09bdf37f31eb5fdf3df64891eaf4,N,N_clean (NPCS reimplementation),ok,2,14.5,13.7,14.9,14.4,0.6,1,3,300.0,1012,0.0,,,,2,202.061121,"[14.87, 14.53, 13.722]","[0.0, 0.0, 0.0]",,[],,[],,[],r9.2-frozen-identity-v7,65bf29e20de8aa31ee4473c08e3870982deff6ef591902df99cdef8a949e99a3,csv-candidate-multiset-v1,2,defa09371f4b14a6638aef3200ed8b7addb4031066224835d97910ee077cb0f8,,,,,,,,3468610cc4e68c6a0db393e82d8981ea7136faf570fafbd39ac70ec58665cd16,288dcc57d9aa106343144401ea35f7ac346f23f881320d2a828dd038019e3d1a,8a607274f1b3d176dd6acfdc7381c25676b642e78d334a9664e45a2bdf3d52a0,59fb59a04cd20e6dec9ee47cf1de02734068a3328cade998a3fc44a746054ea8,a42a308bd2c5294f3aa79a1a3b15804d4137fd68d7677d9adc037e257a217e76,none,read-only,exploratory-base,exploratory-reified,2b9b44b25cd1c568cd57c6c5df25ae260b68229044617821fb33f542dab77648,2fa0b01dffc52d6647e98c7f554a1a4ff05e5abe6830b9c10d45f5dd8984f60d,f9ff8d30db2db1840ca1585b5598b1cf4d1d06ac2adb86a55b430669507fabff,b38a65fc0c1a91e138f057f7b6c08d21c328463aceb40ffda53fc759f99d2f7a,bdd50c08a90e2fb713541b8a118df6250246a917edc41a6776aeafc90b472687,7f0aa8dc004dd0961b7ea26af4f7d95730d33ad6136cdf0a494f8f07ed7a8cde,"pcm-meta-v2:{""protocol"":""r9.2-frozen-identity-v7"",""message"":"""",""cell_wall_ms"":268.563,""answer_kind"":""csv-candidate-multiset-v1"",""answer_key_count"":2,""answer_fingerprint"":""defa09371f4b14a6638aef3200ed8b7addb4031066224835d97910ee077cb0f8"",""c_parse_samples"":[0.0,0.0,0.0],""c_protocol_samples"":[],""construct_total_samples"":[],""construct_unattributed_samples"":[],""status"":""ok"",""status_evidence"":null,""construction_requested"":null,""construction_effective"":null,""commit"":""baf731844a65b830a95b2167d5a3b6b77d65abcd"",""batch_id"":""65bf29e20de8aa31ee4473c08e3870982deff6ef591902df99cdef8a949e99a3"",""query_sha256"":""ea28abd7edab939c7b50a1796279891f1fac09bdf37f31eb5fdf3df64891eaf4"",""engine"":""millenniumdb"",""engine_version"":""MillenniumDB [engines.json profile]"",""scale"":""10M"",""base_endpoint_sha256"":""3468610cc4e68c6a0db393e82d8981ea7136faf570fafbd39ac70ec58665cd16"",""reified_endpoint_sha256"":""288dcc57d9aa106343144401ea35f7ac346f23f881320d2a828dd038019e3d1a"",""update_endpoint_sha256"":""8a607274f1b3d176dd6acfdc7381c25676b642e78d334a9664e45a2bdf3d52a0"",""base_data_identity_sha256"":""59fb59a04cd20e6dec9ee47cf1de02734068a3328cade998a3fc44a746054ea8"",""reified_data_identity_sha256"":""a42a308bd2c5294f3aa79a1a3b15804d4137fd68d7677d9adc037e257a217e76"",""update_for"":""none"",""access_mode"":""read-only"",""base_data_name"":""exploratory-base"",""reified_data_name"":""exploratory-reified"",""update_canary_sha256"":""2b9b44b25cd1c568cd57c6c5df25ae260b68229044617821fb33f542dab77648"",""store_instance_sha256"":""2fa0b01dffc52d6647e98c7f554a1a4ff05e5abe6830b9c10d45f5dd8984f60d"",""store_discriminator_sha256"":""f9ff8d30db2db1840ca1585b5598b1cf4d1d06ac2adb86a55b430669507fabff"",""tool_sha256"":""b38a65fc0c1a91e138f057f7b6c08d21c328463aceb40ffda53fc759f99d2f7a"",""java_runtime_sha256"":""bdd50c08a90e2fb713541b8a118df6250246a917edc41a6776aeafc90b472687"",""run_identity_sha256"":""7f0aa8dc004dd0961b7ea26af4f7d95730d33ad6136cdf0a494f8f07ed7a8cde""}"
baf731844a65b830a95b2167d5a3b6b77d65abcd,millenniumdb,MillenniumDB [engines.json profile],10M,F,F1,00,ea28abd7edab939c7b50a1796279891f1fac09bdf37f31eb5fdf3df64891eaf4,C,SPARQLcirc CircuitRewriter,ok,2,19.8,19.7,20.2,19.9,0.3,1,3,300.0,7846,1.0,4,14,2,,514.476872,"[19.763, 20.181, 19.719]","[0.968, 1.142, 0.986]",0.0,"[0.0, 0.0, 0.0]",20.8,"[20.833, 21.426, 20.808]",0.1,"[0.102, 0.104, 0.103]",r9.2-frozen-identity-v7,65bf29e20de8aa31ee4473c08e3870982deff6ef591902df99cdef8a949e99a3,term-aware-candidate-set-v1,2,3a2e5be01fe09c3b9e3b1d93b8cbf11fb39a0835341a9b6067e9dac85f0b138d,flat,flat,c467896669cdd053cf8e0c05998ce4c0dfd9116239f5612777dfefed0842ed00,,,,,3468610cc4e68c6a0db393e82d8981ea7136faf570fafbd39ac70ec58665cd16,288dcc57d9aa106343144401ea35f7ac346f23f881320d2a828dd038019e3d1a,8a607274f1b3d176dd6acfdc7381c25676b642e78d334a9664e45a2bdf3d52a0,59fb59a04cd20e6dec9ee47cf1de02734068a3328cade998a3fc44a746054ea8,a42a308bd2c5294f3aa79a1a3b15804d4137fd68d7677d9adc037e257a217e76,none,read-only,exploratory-base,exploratory-reified,2b9b44b25cd1c568cd57c6c5df25ae260b68229044617821fb33f542dab77648,2fa0b01dffc52d6647e98c7f554a1a4ff05e5abe6830b9c10d45f5dd8984f60d,f9ff8d30db2db1840ca1585b5598b1cf4d1d06ac2adb86a55b430669507fabff,b38a65fc0c1a91e138f057f7b6c08d21c328463aceb40ffda53fc759f99d2f7a,bdd50c08a90e2fb713541b8a118df6250246a917edc41a6776aeafc90b472687,7f0aa8dc004dd0961b7ea26af4f7d95730d33ad6136cdf0a494f8f07ed7a8cde,"pcm-meta-v2:{""protocol"":""r9.2-frozen-identity-v7"",""message"":""C requested=flat effective=flat; steps=1 feedback=0; network includes CONSTRUCT, feedback INSERT, and cleanup DELETE"",""cell_wall_ms"":617.402,""answer_kind"":""term-aware-candidate-set-v1"",""answer_key_count"":2,""answer_fingerprint"":""3a2e5be01fe09c3b9e3b1d93b8cbf11fb39a0835341a9b6067e9dac85f0b138d"",""c_parse_samples"":[0.968,1.142,0.986],""c_protocol_samples"":[{""requested_mode"":""flat"",""effective_mode"":""flat"",""fallback_reason"":null,""plan_steps"":1,""feedback_steps"":0,""feedback_triples"":0,""construct_query_ms"":19.763,""feedback_update_ms"":0.0,""cleanup_ms"":0.0,""client_protocol_ms"":0.0,""network_scope"":""construct+feedback+cleanup"",""circuit_sha256"":""c467896669cdd053cf8e0c05998ce4c0dfd9116239f5612777dfefed0842ed00"",""answer_fingerprint"":""3a2e5be01fe09c3b9e3b1d93b8cbf11fb39a0835341a9b6067e9dac85f0b138d"",""semantic_signature_sha256"":""730f8867ff9eb32aabdf6fc5e02a36778813c3a0139630765b1c79df1979faac"",""structure_signature"":{""gates"":4,""edges"":14,""answers"":2,""derivations"":2,""canonical_bytes"":7846},""construct_total_ms"":20.833,""client_unattributed_ms"":0.102},{""requested_mode"":""flat"",""effective_mode"":""flat"",""fallback_reason"":null,""plan_steps"":1,""feedback_steps"":0,""feedback_triples"":0,""construct_query_ms"":20.181,""feedback_update_ms"":0.0,""cleanup_ms"":0.0,""client_protocol_ms"":0.0,""network_scope"":""construct+feedback+cleanup"",""circuit_sha256"":""c467896669cdd053cf8e0c05998ce4c0dfd9116239f5612777dfefed0842ed00"",""answer_fingerprint"":""3a2e5be01fe09c3b9e3b1d93b8cbf11fb39a0835341a9b6067e9dac85f0b138d"",""semantic_signature_sha256"":""730f8867ff9eb32aabdf6fc5e02a36778813c3a0139630765b1c79df1979faac"",""structure_signature"":{""gates"":4,""edges"":14,""answers"":2,""derivations"":2,""canonical_bytes"":7846},""construct_total_ms"":21.426,""client_unattributed_ms"":0.104},{""requested_mode"":""flat"",""effective_mode"":""flat"",""fallback_reason"":null,""plan_steps"":1,""feedback_steps"":0,""feedback_triples"":0,""construct_query_ms"":19.719,""feedback_update_ms"":0.0,""cleanup_ms"":0.0,""client_protocol_ms"":0.0,""network_scope"":""construct+feedback+cleanup"",""circuit_sha256"":""c467896669cdd053cf8e0c05998ce4c0dfd9116239f5612777dfefed0842ed00"",""answer_fingerprint"":""3a2e5be01fe09c3b9e3b1d93b8cbf11fb39a0835341a9b6067e9dac85f0b138d"",""semantic_signature_sha256"":""730f8867ff9eb32aabdf6fc5e02a36778813c3a0139630765b1c79df1979faac"",""structure_signature"":{""gates"":4,""edges"":14,""answers"":2,""derivations"":2,""canonical_bytes"":7846},""construct_total_ms"":20.808,""client_unattributed_ms"":0.103}],""construct_total_samples"":[20.833,21.426,20.808],""construct_unattributed_samples"":[0.102,0.104,0.103],""status"":""ok"",""status_evidence"":null,""c_warmup_signatures"":[""730f8867ff9eb32aabdf6fc5e02a36778813c3a0139630765b1c79df1979faac""],""measured_semantic_signature_sha256"":""730f8867ff9eb32aabdf6fc5e02a36778813c3a0139630765b1c79df1979faac"",""measured_repetitions_consistent"":true,""construction_requested"":""flat"",""construction_effective"":""flat"",""commit"":""baf731844a65b830a95b2167d5a3b6b77d65abcd"",""batch_id"":""65bf29e20de8aa31ee4473c08e3870982deff6ef591902df99cdef8a949e99a3"",""query_sha256"":""ea28abd7edab939c7b50a1796279891f1fac09bdf37f31eb5fdf3df64891eaf4"",""engine"":""millenniumdb"",""engine_version"":""MillenniumDB [engines.json profile]"",""scale"":""10M"",""base_endpoint_sha256"":""3468610cc4e68c6a0db393e82d8981ea7136faf570fafbd39ac70ec58665cd16"",""reified_endpoint_sha256"":""288dcc57d9aa106343144401ea35f7ac346f23f881320d2a828dd038019e3d1a"",""update_endpoint_sha256"":""8a607274f1b3d176dd6acfdc7381c25676b642e78d334a9664e45a2bdf3d52a0"",""base_data_identity_sha256"":""59fb59a04cd20e6dec9ee47cf1de02734068a3328cade998a3fc44a746054ea8"",""reified_data_identity_sha256"":""a42a308bd2c5294f3aa79a1a3b15804d4137fd68d7677d9adc037e257a217e76"",""update_for"":""none"",""access_mode"":""read-only"",""base_data_name"":""exploratory-base"",""reified_data_name"":""exploratory-reified"",""update_canary_sha256"":""2b9b44b25cd1c568cd57c6c5df25ae260b68229044617821fb33f542dab77648"",""store_instance_sha256"":""2fa0b01dffc52d6647e98c7f554a1a4ff05e5abe6830b9c10d45f5dd8984f60d"",""store_discriminator_sha256"":""f9ff8d30db2db1840ca1585b5598b1cf4d1d06ac2adb86a55b430669507fabff"",""tool_sha256"":""b38a65fc0c1a91e138f057f7b6c08d21c328463aceb40ffda53fc759f99d2f7a"",""java_runtime_sha256"":""bdd50c08a90e2fb713541b8a118df6250246a917edc41a6776aeafc90b472687"",""run_identity_sha256"":""7f0aa8dc004dd0961b7ea26af4f7d95730d33ad6136cdf0a494f8f07ed7a8cde""}"
baf731844a65b830a95b2167d5a3b6b77d65abcd,millenniumdb,MillenniumDB [engines.json profile],10M,F,F2,00,a2d067af87788371d0895c53af5536df3cc59090adda8fe35f6c9b1491962642,B,base-select,ok,1,2.6,2.4,2.7,2.6,0.2,1,3,300.0,616,0.0,,,,,0.00666,"[2.552, 2.395, 2.716]","[0.0, 0.0, 0.0]",,[],,[],,[],r9.2-frozen-identity-v7,65bf29e20de8aa31ee4473c08e3870982deff6ef591902df99cdef8a949e99a3,csv-binding-multiset-v1,1,2aff40293a1d0fa7a55d9f6c1511bd97bb1c961bb0108d767448d056206d27c9,,,,,,,,3468610cc4e68c6a0db393e82d8981ea7136faf570fafbd39ac70ec58665cd16,288dcc57d9aa106343144401ea35f7ac346f23f881320d2a828dd038019e3d1a,8a607274f1b3d176dd6acfdc7381c25676b642e78d334a9664e45a2bdf3d52a0,59fb59a04cd20e6dec9ee47cf1de02734068a3328cade998a3fc44a746054ea8,a42a308bd2c5294f3aa79a1a3b15804d4137fd68d7677d9adc037e257a217e76,none,read-only,exploratory-base,exploratory-reified,2b9b44b25cd1c568cd57c6c5df25ae260b68229044617821fb33f542dab77648,2fa0b01dffc52d6647e98c7f554a1a4ff05e5abe6830b9c10d45f5dd8984f60d,f9ff8d30db2db1840ca1585b5598b1cf4d1d06ac2adb86a55b430669507fabff,b38a65fc0c1a91e138f057f7b6c08d21c328463aceb40ffda53fc759f99d2f7a,bdd50c08a90e2fb713541b8a118df6250246a917edc41a6776aeafc90b472687,33aa3972f2b7e8489ff010101e2fc3e4a5bf23111eef837f06158bfe69e28a00,"pcm-meta-v2:{""protocol"":""r9.2-frozen-identity-v7"",""message"":"""",""cell_wall_ms"":21.099,""answer_kind"":""csv-binding-multiset-v1"",""answer_key_count"":1,""answer_fingerprint"":""2aff40293a1d0fa7a55d9f6c1511bd97bb1c961bb0108d767448d056206d27c9"",""c_parse_samples"":[0.0,0.0,0.0],""c_protocol_samples"":[],""construct_total_samples"":[],""construct_unattributed_samples"":[],""status"":""ok"",""status_evidence"":null,""construction_requested"":null,""construction_effective"":null,""commit"":""baf731844a65b830a95b2167d5a3b6b77d65abcd"",""batch_id"":""65bf29e20de8aa31ee4473c08e3870982deff6ef591902df99cdef8a949e99a3"",""query_sha256"":""a2d067af87788371d0895c53af5536df3cc59090adda8fe35f6c9b1491962642"",""engine"":""millenniumdb"",""engine_version"":""MillenniumDB [engines.json profile]"",""scale"":""10M"",""base_endpoint_sha256"":""3468610cc4e68c6a0db393e82d8981ea7136faf570fafbd39ac70ec58665cd16"",""reified_endpoint_sha256"":""288dcc57d9aa106343144401ea35f7ac346f23f881320d2a828dd038019e3d1a"",""update_endpoint_sha256"":""8a607274f1b3d176dd6acfdc7381c25676b642e78d334a9664e45a2bdf3d52a0"",""base_data_identity_sha256"":""59fb59a04cd20e6dec9ee47cf1de02734068a3328cade998a3fc44a746054ea8"",""reified_data_identity_sha256"":""a42a308bd2c5294f3aa79a1a3b15804d4137fd68d7677d9adc037e257a217e76"",""update_for"":""none"",""access_mode"":""read-only"",""base_data_name"":""exploratory-base"",""reified_data_name"":""exploratory-reified"",""update_canary_sha256"":""2b9b44b25cd1c568cd57c6c5df25ae260b68229044617821fb33f542dab77648"",""store_instance_sha256"":""2fa0b01dffc52d6647e98c7f554a1a4ff05e5abe6830b9c10d45f5dd8984f60d"",""store_discriminator_sha256"":""f9ff8d30db2db1840ca1585b5598b1cf4d1d06ac2adb86a55b430669507fabff"",""tool_sha256"":""b38a65fc0c1a91e138f057f7b6c08d21c328463aceb40ffda53fc759f99d2f7a"",""java_runtime_sha256"":""bdd50c08a90e2fb713541b8a118df6250246a917edc41a6776aeafc90b472687"",""run_identity_sha256"":""33aa3972f2b7e8489ff010101e2fc3e4a5bf23111eef837f06158bfe69e28a00""}"
baf731844a65b830a95b2167d5a3b6b77d65abcd,millenniumdb,MillenniumDB [engines.json profile],10M,F,F2,00,a2d067af87788371d0895c53af5536df3cc59090adda8fe35f6c9b1491962642,R,reification-only,ok,1,10.2,9.6,10.3,10.0,0.4,1,3,300.0,616,0.0,,,,,167.006043,"[10.244, 10.276, 9.624]","[0.0, 0.0, 0.0]",,[],,[],,[],r9.2-frozen-identity-v7,65bf29e20de8aa31ee4473c08e3870982deff6ef591902df99cdef8a949e99a3,csv-binding-multiset-v1,1,2aff40293a1d0fa7a55d9f6c1511bd97bb1c961bb0108d767448d056206d27c9,,,,,,,,3468610cc4e68c6a0db393e82d8981ea7136faf570fafbd39ac70ec58665cd16,288dcc57d9aa106343144401ea35f7ac346f23f881320d2a828dd038019e3d1a,8a607274f1b3d176dd6acfdc7381c25676b642e78d334a9664e45a2bdf3d52a0,59fb59a04cd20e6dec9ee47cf1de02734068a3328cade998a3fc44a746054ea8,a42a308bd2c5294f3aa79a1a3b15804d4137fd68d7677d9adc037e257a217e76,none,read-only,exploratory-base,exploratory-reified,2b9b44b25cd1c568cd57c6c5df25ae260b68229044617821fb33f542dab77648,2fa0b01dffc52d6647e98c7f554a1a4ff05e5abe6830b9c10d45f5dd8984f60d,f9ff8d30db2db1840ca1585b5598b1cf4d1d06ac2adb86a55b430669507fabff,b38a65fc0c1a91e138f057f7b6c08d21c328463aceb40ffda53fc759f99d2f7a,bdd50c08a90e2fb713541b8a118df6250246a917edc41a6776aeafc90b472687,33aa3972f2b7e8489ff010101e2fc3e4a5bf23111eef837f06158bfe69e28a00,"pcm-meta-v2:{""protocol"":""r9.2-frozen-identity-v7"",""message"":"""",""cell_wall_ms"":219.344,""answer_kind"":""csv-binding-multiset-v1"",""answer_key_count"":1,""answer_fingerprint"":""2aff40293a1d0fa7a55d9f6c1511bd97bb1c961bb0108d767448d056206d27c9"",""c_parse_samples"":[0.0,0.0,0.0],""c_protocol_samples"":[],""construct_total_samples"":[],""construct_unattributed_samples"":[],""status"":""ok"",""status_evidence"":null,""construction_requested"":null,""construction_effective"":null,""commit"":""baf731844a65b830a95b2167d5a3b6b77d65abcd"",""batch_id"":""65bf29e20de8aa31ee4473c08e3870982deff6ef591902df99cdef8a949e99a3"",""query_sha256"":""a2d067af87788371d0895c53af5536df3cc59090adda8fe35f6c9b1491962642"",""engine"":""millenniumdb"",""engine_version"":""MillenniumDB [engines.json profile]"",""scale"":""10M"",""base_endpoint_sha256"":""3468610cc4e68c6a0db393e82d8981ea7136faf570fafbd39ac70ec58665cd16"",""reified_endpoint_sha256"":""288dcc57d9aa106343144401ea35f7ac346f23f881320d2a828dd038019e3d1a"",""update_endpoint_sha256"":""8a607274f1b3d176dd6acfdc7381c25676b642e78d334a9664e45a2bdf3d52a0"",""base_data_identity_sha256"":""59fb59a04cd20e6dec9ee47cf1de02734068a3328cade998a3fc44a746054ea8"",""reified_data_identity_sha256"":""a42a308bd2c5294f3aa79a1a3b15804d4137fd68d7677d9adc037e257a217e76"",""update_for"":""none"",""access_mode"":""read-only"",""base_data_name"":""exploratory-base"",""reified_data_name"":""exploratory-reified"",""update_canary_sha256"":""2b9b44b25cd1c568cd57c6c5df25ae260b68229044617821fb33f542dab77648"",""store_instance_sha256"":""2fa0b01dffc52d6647e98c7f554a1a4ff05e5abe6830b9c10d45f5dd8984f60d"",""store_discriminator_sha256"":""f9ff8d30db2db1840ca1585b5598b1cf4d1d06ac2adb86a55b430669507fabff"",""tool_sha256"":""b38a65fc0c1a91e138f057f7b6c08d21c328463aceb40ffda53fc759f99d2f7a"",""java_runtime_sha256"":""bdd50c08a90e2fb713541b8a118df6250246a917edc41a6776aeafc90b472687"",""run_identity_sha256"":""33aa3972f2b7e8489ff010101e2fc3e4a5bf23111eef837f06158bfe69e28a00""}"
baf731844a65b830a95b2167d5a3b6b77d65abcd,millenniumdb,MillenniumDB [engines.json profile],10M,F,F2,00,a2d067af87788371d0895c53af5536df3cc59090adda8fe35f6c9b1491962642,N,N_clean (NPCS reimplementation),ok,1,11.4,11.1,12.0,11.5,0.4,1,3,300.0,761,0.0,,,,1,205.35497,"[11.417, 11.998, 11.119]","[0.0, 0.0, 0.0]",,[],,[],,[],r9.2-frozen-identity-v7,65bf29e20de8aa31ee4473c08e3870982deff6ef591902df99cdef8a949e99a3,csv-candidate-multiset-v1,1,2aff40293a1d0fa7a55d9f6c1511bd97bb1c961bb0108d767448d056206d27c9,,,,,,,,3468610cc4e68c6a0db393e82d8981ea7136faf570fafbd39ac70ec58665cd16,288dcc57d9aa106343144401ea35f7ac346f23f881320d2a828dd038019e3d1a,8a607274f1b3d176dd6acfdc7381c25676b642e78d334a9664e45a2bdf3d52a0,59fb59a04cd20e6dec9ee47cf1de02734068a3328cade998a3fc44a746054ea8,a42a308bd2c5294f3aa79a1a3b15804d4137fd68d7677d9adc037e257a217e76,none,read-only,exploratory-base,exploratory-reified,2b9b44b25cd1c568cd57c6c5df25ae260b68229044617821fb33f542dab77648,2fa0b01dffc52d6647e98c7f554a1a4ff05e5abe6830b9c10d45f5dd8984f60d,f9ff8d30db2db1840ca1585b5598b1cf4d1d06ac2adb86a55b430669507fabff,b38a65fc0c1a91e138f057f7b6c08d21c328463aceb40ffda53fc759f99d2f7a,bdd50c08a90e2fb713541b8a118df6250246a917edc41a6776aeafc90b472687,33aa3972f2b7e8489ff010101e2fc3e4a5bf23111eef837f06158bfe69e28a00,"pcm-meta-v2:{""protocol"":""r9.2-frozen-identity-v7"",""message"":"""",""cell_wall_ms"":260.158,""answer_kind"":""csv-candidate-multiset-v1"",""answer_key_count"":1,""answer_fingerprint"":""2aff40293a1d0fa7a55d9f6c1511bd97bb1c961bb0108d767448d056206d27c9"",""c_parse_samples"":[0.0,0.0,0.0],""c_protocol_samples"":[],""construct_total_samples"":[],""construct_unattributed_samples"":[],""status"":""ok"",""status_evidence"":null,""construction_requested"":null,""construction_effective"":null,""commit"":""baf731844a65b830a95b2167d5a3b6b77d65abcd"",""batch_id"":""65bf29e20de8aa31ee4473c08e3870982deff6ef591902df99cdef8a949e99a3"",""query_sha256"":""a2d067af87788371d0895c53af5536df3cc59090adda8fe35f6c9b1491962642"",""engine"":""millenniumdb"",""engine_version"":""MillenniumDB [engines.json profile]"",""scale"":""10M"",""base_endpoint_sha256"":""3468610cc4e68c6a0db393e82d8981ea7136faf570fafbd39ac70ec58665cd16"",""reified_endpoint_sha256"":""288dcc57d9aa106343144401ea35f7ac346f23f881320d2a828dd038019e3d1a"",""update_endpoint_sha256"":""8a607274f1b3d176dd6acfdc7381c25676b642e78d334a9664e45a2bdf3d52a0"",""base_data_identity_sha256"":""59fb59a04cd20e6dec9ee47cf1de02734068a3328cade998a3fc44a746054ea8"",""reified_data_identity_sha256"":""a42a308bd2c5294f3aa79a1a3b15804d4137fd68d7677d9adc037e257a217e76"",""update_for"":""none"",""access_mode"":""read-only"",""base_data_name"":""exploratory-base"",""reified_data_name"":""exploratory-reified"",""update_canary_sha256"":""2b9b44b25cd1c568cd57c6c5df25ae260b68229044617821fb33f542dab77648"",""store_instance_sha256"":""2fa0b01dffc52d6647e98c7f554a1a4ff05e5abe6830b9c10d45f5dd8984f60d"",""store_discriminator_sha256"":""f9ff8d30db2db1840ca1585b5598b1cf4d1d06ac2adb86a55b430669507fabff"",""tool_sha256"":""b38a65fc0c1a91e138f057f7b6c08d21c328463aceb40ffda53fc759f99d2f7a"",""java_runtime_sha256"":""bdd50c08a90e2fb713541b8a118df6250246a917edc41a6776aeafc90b472687"",""run_identity_sha256"":""33aa3972f2b7e8489ff010101e2fc3e4a5bf23111eef837f06158bfe69e28a00""}"
baf731844a65b830a95b2167d5a3b6b77d65abcd,millenniumdb,MillenniumDB [engines.json profile],10M,F,F2,00,a2d067af87788371d0895c53af5536df3cc59090adda8fe35f6c9b1491962642,C,SPARQLcirc CircuitRewriter,ok,1,20.3,18.9,20.4,19.9,0.9,1,3,300.0,5312,0.8,2,9,1,,456.142425,"[20.448, 20.334, 18.874]","[0.756, 0.793, 0.725]",0.0,"[0.0, 0.0, 0.0]",21.2,"[21.297, 21.218, 19.696]",0.1,"[0.093, 0.091, 0.097]",r9.2-frozen-identity-v7,65bf29e20de8aa31ee4473c08e3870982deff6ef591902df99cdef8a949e99a3,term-aware-candidate-set-v1,1,e18a32fbf3454210ede20c509c778e5826aeaeb74c5f3c679c785df382e8d072,flat,flat,f4d145d73e92ae805d3b6d081e98c1dec553e2f0228b1fb90d2f8573a6273d12,,,,,3468610cc4e68c6a0db393e82d8981ea7136faf570fafbd39ac70ec58665cd16,288dcc57d9aa106343144401ea35f7ac346f23f881320d2a828dd038019e3d1a,8a607274f1b3d176dd6acfdc7381c25676b642e78d334a9664e45a2bdf3d52a0,59fb59a04cd20e6dec9ee47cf1de02734068a3328cade998a3fc44a746054ea8,a42a308bd2c5294f3aa79a1a3b15804d4137fd68d7677d9adc037e257a217e76,none,read-only,exploratory-base,exploratory-reified,2b9b44b25cd1c568cd57c6c5df25ae260b68229044617821fb33f542dab77648,2fa0b01dffc52d6647e98c7f554a1a4ff05e5abe6830b9c10d45f5dd8984f60d,f9ff8d30db2db1840ca1585b5598b1cf4d1d06ac2adb86a55b430669507fabff,b38a65fc0c1a91e138f057f7b6c08d21c328463aceb40ffda53fc759f99d2f7a,bdd50c08a90e2fb713541b8a118df6250246a917edc41a6776aeafc90b472687,33aa3972f2b7e8489ff010101e2fc3e4a5bf23111eef837f06158bfe69e28a00,"pcm-meta-v2:{""protocol"":""r9.2-frozen-identity-v7"",""message"":""C requested=flat effective=flat; steps=1 feedback=0; network includes CONSTRUCT, feedback INSERT, and cleanup DELETE"",""cell_wall_ms"":552.779,""answer_kind"":""term-aware-candidate-set-v1"",""answer_key_count"":1,""answer_fingerprint"":""e18a32fbf3454210ede20c509c778e5826aeaeb74c5f3c679c785df382e8d072"",""c_parse_samples"":[0.756,0.793,0.725],""c_protocol_samples"":[{""requested_mode"":""flat"",""effective_mode"":""flat"",""fallback_reason"":null,""plan_steps"":1,""feedback_steps"":0,""feedback_triples"":0,""construct_query_ms"":20.448,""feedback_update_ms"":0.0,""cleanup_ms"":0.0,""client_protocol_ms"":0.0,""network_scope"":""construct+feedback+cleanup"",""circuit_sha256"":""f4d145d73e92ae805d3b6d081e98c1dec553e2f0228b1fb90d2f8573a6273d12"",""answer_fingerprint"":""e18a32fbf3454210ede20c509c778e5826aeaeb74c5f3c679c785df382e8d072"",""semantic_signature_sha256"":""2cf6ca88868b233c89a447e55381da2cbb3cf2227d371e4b2ac2c83cf7a55c84"",""structure_signature"":{""gates"":2,""edges"":9,""answers"":1,""derivations"":1,""canonical_bytes"":5312},""construct_total_ms"":21.297,""client_unattributed_ms"":0.093},{""requested_mode"":""flat"",""effective_mode"":""flat"",""fallback_reason"":null,""plan_steps"":1,""feedback_steps"":0,""feedback_triples"":0,""construct_query_ms"":20.334,""feedback_update_ms"":0.0,""cleanup_ms"":0.0,""client_protocol_ms"":0.0,""network_scope"":""construct+feedback+cleanup"",""circuit_sha256"":""f4d145d73e92ae805d3b6d081e98c1dec553e2f0228b1fb90d2f8573a6273d12"",""answer_fingerprint"":""e18a32fbf3454210ede20c509c778e5826aeaeb74c5f3c679c785df382e8d072"",""semantic_signature_sha256"":""2cf6ca88868b233c89a447e55381da2cbb3cf2227d371e4b2ac2c83cf7a55c84"",""structure_signature"":{""gates"":2,""edges"":9,""answers"":1,""derivations"":1,""canonical_bytes"":5312},""construct_total_ms"":21.218,""client_unattributed_ms"":0.091},{""requested_mode"":""flat"",""effective_mode"":""flat"",""fallback_reason"":null,""plan_steps"":1,""feedback_steps"":0,""feedback_triples"":0,""construct_query_ms"":18.874,""feedback_update_ms"":0.0,""cleanup_ms"":0.0,""client_protocol_ms"":0.0,""network_scope"":""construct+feedback+cleanup"",""circuit_sha256"":""f4d145d73e92ae805d3b6d081e98c1dec553e2f0228b1fb90d2f8573a6273d12"",""answer_fingerprint"":""e18a32fbf3454210ede20c509c778e5826aeaeb74c5f3c679c785df382e8d072"",""semantic_signature_sha256"":""2cf6ca88868b233c89a447e55381da2cbb3cf2227d371e4b2ac2c83cf7a55c84"",""structure_signature"":{""gates"":2,""edges"":9,""answers"":1,""derivations"":1,""canonical_bytes"":5312},""construct_total_ms"":19.696,""client_unattributed_ms"":0.097}],""construct_total_samples"":[21.297,21.218,19.696],""construct_unattributed_samples"":[0.093,0.091,0.097],""status"":""ok"",""status_evidence"":null,""c_warmup_signatures"":[""2cf6ca88868b233c89a447e55381da2cbb3cf2227d371e4b2ac2c83cf7a55c84""],""measured_semantic_signature_sha256"":""2cf6ca88868b233c89a447e55381da2cbb3cf2227d371e4b2ac2c83cf7a55c84"",""measured_repetitions_consistent"":true,""construction_requested"":""flat"",""construction_effective"":""flat"",""commit"":""baf731844a65b830a95b2167d5a3b6b77d65abcd"",""batch_id"":""65bf29e20de8aa31ee4473c08e3870982deff6ef591902df99cdef8a949e99a3"",""query_sha256"":""a2d067af87788371d0895c53af5536df3cc59090adda8fe35f6c9b1491962642"",""engine"":""millenniumdb"",""engine_version"":""MillenniumDB [engines.json profile]"",""scale"":""10M"",""base_endpoint_sha256"":""3468610cc4e68c6a0db393e82d8981ea7136faf570fafbd39ac70ec58665cd16"",""reified_endpoint_sha256"":""288dcc57d9aa106343144401ea35f7ac346f23f881320d2a828dd038019e3d1a"",""update_endpoint_sha256"":""8a607274f1b3d176dd6acfdc7381c25676b642e78d334a9664e45a2bdf3d52a0"",""base_data_identity_sha256"":""59fb59a04cd20e6dec9ee47cf1de02734068a3328cade998a3fc44a746054ea8"",""reified_data_identity_sha256"":""a42a308bd2c5294f3aa79a1a3b15804d4137fd68d7677d9adc037e257a217e76"",""update_for"":""none"",""access_mode"":""read-only"",""base_data_name"":""exploratory-base"",""reified_data_name"":""exploratory-reified"",""update_canary_sha256"":""2b9b44b25cd1c568cd57c6c5df25ae260b68229044617821fb33f542dab77648"",""store_instance_sha256"":""2fa0b01dffc52d6647e98c7f554a1a4ff05e5abe6830b9c10d45f5dd8984f60d"",""store_discriminator_sha256"":""f9ff8d30db2db1840ca1585b5598b1cf4d1d06ac2adb86a55b430669507fabff"",""tool_sha256"":""b38a65fc0c1a91e138f057f7b6c08d21c328463aceb40ffda53fc759f99d2f7a"",""java_runtime_sha256"":""bdd50c08a90e2fb713541b8a118df6250246a917edc41a6776aeafc90b472687"",""run_identity_sha256"":""33aa3972f2b7e8489ff010101e2fc3e4a5bf23111eef837f06158bfe69e28a00""}"
baf731844a65b830a95b2167d5a3b6b77d65abcd,millenniumdb,MillenniumDB [engines.json profile],10M,F,F3,00,ab4a33937e9d2bc9b501268b85f184fcbc070f1c35d8b6f2a148df9d906de693,B,base-select,ok,3,2.3,2.1,2.9,2.4,0.5,1,3,300.0,543,0.0,,,,,0.00657,"[2.945, 2.069, 2.325]","[0.0, 0.0, 0.0]",,[],,[],,[],r9.2-frozen-identity-v7,65bf29e20de8aa31ee4473c08e3870982deff6ef591902df99cdef8a949e99a3,csv-binding-multiset-v1,3,cd200c5620291454ca176f6db4d3887613b6f828cc55ee51ef3b1c3c6e12c6b2,,,,,,,,3468610cc4e68c6a0db393e82d8981ea7136faf570fafbd39ac70ec58665cd16,288dcc57d9aa106343144401ea35f7ac346f23f881320d2a828dd038019e3d1a,8a607274f1b3d176dd6acfdc7381c25676b642e78d334a9664e45a2bdf3d52a0,59fb59a04cd20e6dec9ee47cf1de02734068a3328cade998a3fc44a746054ea8,a42a308bd2c5294f3aa79a1a3b15804d4137fd68d7677d9adc037e257a217e76,none,read-only,exploratory-base,exploratory-reified,2b9b44b25cd1c568cd57c6c5df25ae260b68229044617821fb33f542dab77648,2fa0b01dffc52d6647e98c7f554a1a4ff05e5abe6830b9c10d45f5dd8984f60d,f9ff8d30db2db1840ca1585b5598b1cf4d1d06ac2adb86a55b430669507fabff,b38a65fc0c1a91e138f057f7b6c08d21c328463aceb40ffda53fc759f99d2f7a,bdd50c08a90e2fb713541b8a118df6250246a917edc41a6776aeafc90b472687,86fff0c457af619d9bda06d11772d12f74591990cacfcadde1f2ca07d568400d,"pcm-meta-v2:{""protocol"":""r9.2-frozen-identity-v7"",""message"":"""",""cell_wall_ms"":26.216,""answer_kind"":""csv-binding-multiset-v1"",""answer_key_count"":3,""answer_fingerprint"":""cd200c5620291454ca176f6db4d3887613b6f828cc55ee51ef3b1c3c6e12c6b2"",""c_parse_samples"":[0.0,0.0,0.0],""c_protocol_samples"":[],""construct_total_samples"":[],""construct_unattributed_samples"":[],""status"":""ok"",""status_evidence"":null,""construction_requested"":null,""construction_effective"":null,""commit"":""baf731844a65b830a95b2167d5a3b6b77d65abcd"",""batch_id"":""65bf29e20de8aa31ee4473c08e3870982deff6ef591902df99cdef8a949e99a3"",""query_sha256"":""ab4a33937e9d2bc9b501268b85f184fcbc070f1c35d8b6f2a148df9d906de693"",""engine"":""millenniumdb"",""engine_version"":""MillenniumDB [engines.json profile]"",""scale"":""10M"",""base_endpoint_sha256"":""3468610cc4e68c6a0db393e82d8981ea7136faf570fafbd39ac70ec58665cd16"",""reified_endpoint_sha256"":""288dcc57d9aa106343144401ea35f7ac346f23f881320d2a828dd038019e3d1a"",""update_endpoint_sha256"":""8a607274f1b3d176dd6acfdc7381c25676b642e78d334a9664e45a2bdf3d52a0"",""base_data_identity_sha256"":""59fb59a04cd20e6dec9ee47cf1de02734068a3328cade998a3fc44a746054ea8"",""reified_data_identity_sha256"":""a42a308bd2c5294f3aa79a1a3b15804d4137fd68d7677d9adc037e257a217e76"",""update_for"":""none"",""access_mode"":""read-only"",""base_data_name"":""exploratory-base"",""reified_data_name"":""exploratory-reified"",""update_canary_sha256"":""2b9b44b25cd1c568cd57c6c5df25ae260b68229044617821fb33f542dab77648"",""store_instance_sha256"":""2fa0b01dffc52d6647e98c7f554a1a4ff05e5abe6830b9c10d45f5dd8984f60d"",""store_discriminator_sha256"":""f9ff8d30db2db1840ca1585b5598b1cf4d1d06ac2adb86a55b430669507fabff"",""tool_sha256"":""b38a65fc0c1a91e138f057f7b6c08d21c328463aceb40ffda53fc759f99d2f7a"",""java_runtime_sha256"":""bdd50c08a90e2fb713541b8a118df6250246a917edc41a6776aeafc90b472687"",""run_identity_sha256"":""86fff0c457af619d9bda06d11772d12f74591990cacfcadde1f2ca07d568400d""}"
baf731844a65b830a95b2167d5a3b6b77d65abcd,millenniumdb,MillenniumDB [engines.json profile],10M,F,F3,00,ab4a33937e9d2bc9b501268b85f184fcbc070f1c35d8b6f2a148df9d906de693,R,reification-only,ok,3,6.6,6.0,8.6,7.1,1.3,1,3,300.0,543,0.0,,,,,140.326802,"[6.556, 6.042, 8.588]","[0.0, 0.0, 0.0]",,[],,[],,[],r9.2-frozen-identity-v7,65bf29e20de8aa31ee4473c08e3870982deff6ef591902df99cdef8a949e99a3,csv-binding-multiset-v1,3,cd200c5620291454ca176f6db4d3887613b6f828cc55ee51ef3b1c3c6e12c6b2,,,,,,,,3468610cc4e68c6a0db393e82d8981ea7136faf570fafbd39ac70ec58665cd16,288dcc57d9aa106343144401ea35f7ac346f23f881320d2a828dd038019e3d1a,8a607274f1b3d176dd6acfdc7381c25676b642e78d334a9664e45a2bdf3d52a0,59fb59a04cd20e6dec9ee47cf1de02734068a3328cade998a3fc44a746054ea8,a42a308bd2c5294f3aa79a1a3b15804d4137fd68d7677d9adc037e257a217e76,none,read-only,exploratory-base,exploratory-reified,2b9b44b25cd1c568cd57c6c5df25ae260b68229044617821fb33f542dab77648,2fa0b01dffc52d6647e98c7f554a1a4ff05e5abe6830b9c10d45f5dd8984f60d,f9ff8d30db2db1840ca1585b5598b1cf4d1d06ac2adb86a55b430669507fabff,b38a65fc0c1a91e138f057f7b6c08d21c328463aceb40ffda53fc759f99d2f7a,bdd50c08a90e2fb713541b8a118df6250246a917edc41a6776aeafc90b472687,86fff0c457af619d9bda06d11772d12f74591990cacfcadde1f2ca07d568400d,"pcm-meta-v2:{""protocol"":""r9.2-frozen-identity-v7"",""message"":"""",""cell_wall_ms"":197.536,""answer_kind"":""csv-binding-multiset-v1"",""answer_key_count"":3,""answer_fingerprint"":""cd200c5620291454ca176f6db4d3887613b6f828cc55ee51ef3b1c3c6e12c6b2"",""c_parse_samples"":[0.0,0.0,0.0],""c_protocol_samples"":[],""construct_total_samples"":[],""construct_unattributed_samples"":[],""status"":""ok"",""status_evidence"":null,""construction_requested"":null,""construction_effective"":null,""commit"":""baf731844a65b830a95b2167d5a3b6b77d65abcd"",""batch_id"":""65bf29e20de8aa31ee4473c08e3870982deff6ef591902df99cdef8a949e99a3"",""query_sha256"":""ab4a33937e9d2bc9b501268b85f184fcbc070f1c35d8b6f2a148df9d906de693"",""engine"":""millenniumdb"",""engine_version"":""MillenniumDB [engines.json profile]"",""scale"":""10M"",""base_endpoint_sha256"":""3468610cc4e68c6a0db393e82d8981ea7136faf570fafbd39ac70ec58665cd16"",""reified_endpoint_sha256"":""288dcc57d9aa106343144401ea35f7ac346f23f881320d2a828dd038019e3d1a"",""update_endpoint_sha256"":""8a607274f1b3d176dd6acfdc7381c25676b642e78d334a9664e45a2bdf3d52a0"",""base_data_identity_sha256"":""59fb59a04cd20e6dec9ee47cf1de02734068a3328cade998a3fc44a746054ea8"",""reified_data_identity_sha256"":""a42a308bd2c5294f3aa79a1a3b15804d4137fd68d7677d9adc037e257a217e76"",""update_for"":""none"",""access_mode"":""read-only"",""base_data_name"":""exploratory-base"",""reified_data_name"":""exploratory-reified"",""update_canary_sha256"":""2b9b44b25cd1c568cd57c6c5df25ae260b68229044617821fb33f542dab77648"",""store_instance_sha256"":""2fa0b01dffc52d6647e98c7f554a1a4ff05e5abe6830b9c10d45f5dd8984f60d"",""store_discriminator_sha256"":""f9ff8d30db2db1840ca1585b5598b1cf4d1d06ac2adb86a55b430669507fabff"",""tool_sha256"":""b38a65fc0c1a91e138f057f7b6c08d21c328463aceb40ffda53fc759f99d2f7a"",""java_runtime_sha256"":""bdd50c08a90e2fb713541b8a118df6250246a917edc41a6776aeafc90b472687"",""run_identity_sha256"":""86fff0c457af619d9bda06d11772d12f74591990cacfcadde1f2ca07d568400d""}"
baf731844a65b830a95b2167d5a3b6b77d65abcd,millenniumdb,MillenniumDB [engines.json profile],10M,F,F3,00,ab4a33937e9d2bc9b501268b85f184fcbc070f1c35d8b6f2a148df9d906de693,N,N_clean (NPCS reimplementation),ok,3,9.1,9.0,9.3,9.1,0.2,1,3,300.0,855,0.0,,,,3,196.172513,"[9.072, 9.298, 8.982]","[0.0, 0.0, 0.0]",,[],,[],,[],r9.2-frozen-identity-v7,65bf29e20de8aa31ee4473c08e3870982deff6ef591902df99cdef8a949e99a3,csv-candidate-multiset-v1,3,cd200c5620291454ca176f6db4d3887613b6f828cc55ee51ef3b1c3c6e12c6b2,,,,,,,,3468610cc4e68c6a0db393e82d8981ea7136faf570fafbd39ac70ec58665cd16,288dcc57d9aa106343144401ea35f7ac346f23f881320d2a828dd038019e3d1a,8a607274f1b3d176dd6acfdc7381c25676b642e78d334a9664e45a2bdf3d52a0,59fb59a04cd20e6dec9ee47cf1de02734068a3328cade998a3fc44a746054ea8,a42a308bd2c5294f3aa79a1a3b15804d4137fd68d7677d9adc037e257a217e76,none,read-only,exploratory-base,exploratory-reified,2b9b44b25cd1c568cd57c6c5df25ae260b68229044617821fb33f542dab77648,2fa0b01dffc52d6647e98c7f554a1a4ff05e5abe6830b9c10d45f5dd8984f60d,f9ff8d30db2db1840ca1585b5598b1cf4d1d06ac2adb86a55b430669507fabff,b38a65fc0c1a91e138f057f7b6c08d21c328463aceb40ffda53fc759f99d2f7a,bdd50c08a90e2fb713541b8a118df6250246a917edc41a6776aeafc90b472687,86fff0c457af619d9bda06d11772d12f74591990cacfcadde1f2ca07d568400d,"pcm-meta-v2:{""protocol"":""r9.2-frozen-identity-v7"",""message"":"""",""cell_wall_ms"":244.937,""answer_kind"":""csv-candidate-multiset-v1"",""answer_key_count"":3,""answer_fingerprint"":""cd200c5620291454ca176f6db4d3887613b6f828cc55ee51ef3b1c3c6e12c6b2"",""c_parse_samples"":[0.0,0.0,0.0],""c_protocol_samples"":[],""construct_total_samples"":[],""construct_unattributed_samples"":[],""status"":""ok"",""status_evidence"":null,""construction_requested"":null,""construction_effective"":null,""commit"":""baf731844a65b830a95b2167d5a3b6b77d65abcd"",""batch_id"":""65bf29e20de8aa31ee4473c08e3870982deff6ef591902df99cdef8a949e99a3"",""query_sha256"":""ab4a33937e9d2bc9b501268b85f184fcbc070f1c35d8b6f2a148df9d906de693"",""engine"":""millenniumdb"",""engine_version"":""MillenniumDB [engines.json profile]"",""scale"":""10M"",""base_endpoint_sha256"":""3468610cc4e68c6a0db393e82d8981ea7136faf570fafbd39ac70ec58665cd16"",""reified_endpoint_sha256"":""288dcc57d9aa106343144401ea35f7ac346f23f881320d2a828dd038019e3d1a"",""update_endpoint_sha256"":""8a607274f1b3d176dd6acfdc7381c25676b642e78d334a9664e45a2bdf3d52a0"",""base_data_identity_sha256"":""59fb59a04cd20e6dec9ee47cf1de02734068a3328cade998a3fc44a746054ea8"",""reified_data_identity_sha256"":""a42a308bd2c5294f3aa79a1a3b15804d4137fd68d7677d9adc037e257a217e76"",""update_for"":""none"",""access_mode"":""read-only"",""base_data_name"":""exploratory-base"",""reified_data_name"":""exploratory-reified"",""update_canary_sha256"":""2b9b44b25cd1c568cd57c6c5df25ae260b68229044617821fb33f542dab77648"",""store_instance_sha256"":""2fa0b01dffc52d6647e98c7f554a1a4ff05e5abe6830b9c10d45f5dd8984f60d"",""store_discriminator_sha256"":""f9ff8d30db2db1840ca1585b5598b1cf4d1d06ac2adb86a55b430669507fabff"",""tool_sha256"":""b38a65fc0c1a91e138f057f7b6c08d21c328463aceb40ffda53fc759f99d2f7a"",""java_runtime_sha256"":""bdd50c08a90e2fb713541b8a118df6250246a917edc41a6776aeafc90b472687"",""run_identity_sha256"":""86fff0c457af619d9bda06d11772d12f74591990cacfcadde1f2ca07d568400d""}"
baf731844a65b830a95b2167d5a3b6b77d65abcd,millenniumdb,MillenniumDB [engines.json profile],10M,F,F3,00,ab4a33937e9d2bc9b501268b85f184fcbc070f1c35d8b6f2a148df9d906de693,C,SPARQLcirc CircuitRewriter,ok,3,16.3,15.6,16.5,16.1,0.5,1,3,300.0,11550,1.1,6,21,3,,413.621994,"[16.276, 15.573, 16.515]","[1.403, 1.056, 1.1]",0.0,"[0.0, 0.0, 0.0]",17.7,"[17.759, 16.71, 17.694]",0.1,"[0.08, 0.082, 0.08]",r9.2-frozen-identity-v7,65bf29e20de8aa31ee4473c08e3870982deff6ef591902df99cdef8a949e99a3,term-aware-candidate-set-v1,3,d5e8076027f8a1ac554fbd76a9c91a7f3228e45dbf5c55c26165ba3f8e9d9fc7,flat,flat,baa051461f24fc29206538cab376b7a4bfac00bedf725c45c44765ff7a8e6d46,,,,,3468610cc4e68c6a0db393e82d8981ea7136faf570fafbd39ac70ec58665cd16,288dcc57d9aa106343144401ea35f7ac346f23f881320d2a828dd038019e3d1a,8a607274f1b3d176dd6acfdc7381c25676b642e78d334a9664e45a2bdf3d52a0,59fb59a04cd20e6dec9ee47cf1de02734068a3328cade998a3fc44a746054ea8,a42a308bd2c5294f3aa79a1a3b15804d4137fd68d7677d9adc037e257a217e76,none,read-only,exploratory-base,exploratory-reified,2b9b44b25cd1c568cd57c6c5df25ae260b68229044617821fb33f542dab77648,2fa0b01dffc52d6647e98c7f554a1a4ff05e5abe6830b9c10d45f5dd8984f60d,f9ff8d30db2db1840ca1585b5598b1cf4d1d06ac2adb86a55b430669507fabff,b38a65fc0c1a91e138f057f7b6c08d21c328463aceb40ffda53fc759f99d2f7a,bdd50c08a90e2fb713541b8a118df6250246a917edc41a6776aeafc90b472687,86fff0c457af619d9bda06d11772d12f74591990cacfcadde1f2ca07d568400d,"pcm-meta-v2:{""protocol"":""r9.2-frozen-identity-v7"",""message"":""C requested=flat effective=flat; steps=1 feedback=0; network includes CONSTRUCT, feedback INSERT, and cleanup DELETE"",""cell_wall_ms"":509.543,""answer_kind"":""term-aware-candidate-set-v1"",""answer_key_count"":3,""answer_fingerprint"":""d5e8076027f8a1ac554fbd76a9c91a7f3228e45dbf5c55c26165ba3f8e9d9fc7"",""c_parse_samples"":[1.403,1.056,1.1],""c_protocol_samples"":[{""requested_mode"":""flat"",""effective_mode"":""flat"",""fallback_reason"":null,""plan_steps"":1,""feedback_steps"":0,""feedback_triples"":0,""construct_query_ms"":16.276,""feedback_update_ms"":0.0,""cleanup_ms"":0.0,""client_protocol_ms"":0.0,""network_scope"":""construct+feedback+cleanup"",""circuit_sha256"":""baa051461f24fc29206538cab376b7a4bfac00bedf725c45c44765ff7a8e6d46"",""answer_fingerprint"":""d5e8076027f8a1ac554fbd76a9c91a7f3228e45dbf5c55c26165ba3f8e9d9fc7"",""semantic_signature_sha256"":""c7c432796ded40ee4393cd70cec9d8411de085786dee1c0b5adbbbde80c5b120"",""structure_signature"":{""gates"":6,""edges"":21,""answers"":3,""derivations"":3,""canonical_bytes"":11550},""construct_total_ms"":17.759,""client_unattributed_ms"":0.08},{""requested_mode"":""flat"",""effective_mode"":""flat"",""fallback_reason"":null,""plan_steps"":1,""feedback_steps"":0,""feedback_triples"":0,""construct_query_ms"":15.573,""feedback_update_ms"":0.0,""cleanup_ms"":0.0,""client_protocol_ms"":0.0,""network_scope"":""construct+feedback+cleanup"",""circuit_sha256"":""baa051461f24fc29206538cab376b7a4bfac00bedf725c45c44765ff7a8e6d46"",""answer_fingerprint"":""d5e8076027f8a1ac554fbd76a9c91a7f3228e45dbf5c55c26165ba3f8e9d9fc7"",""semantic_signature_sha256"":""c7c432796ded40ee4393cd70cec9d8411de085786dee1c0b5adbbbde80c5b120"",""structure_signature"":{""gates"":6,""edges"":21,""answers"":3,""derivations"":3,""canonical_bytes"":11550},""construct_total_ms"":16.71,""client_unattributed_ms"":0.082},{""requested_mode"":""flat"",""effective_mode"":""flat"",""fallback_reason"":null,""plan_steps"":1,""feedback_steps"":0,""feedback_triples"":0,""construct_query_ms"":16.515,""feedback_update_ms"":0.0,""cleanup_ms"":0.0,""client_protocol_ms"":0.0,""network_scope"":""construct+feedback+cleanup"",""circuit_sha256"":""baa051461f24fc29206538cab376b7a4bfac00bedf725c45c44765ff7a8e6d46"",""answer_fingerprint"":""d5e8076027f8a1ac554fbd76a9c91a7f3228e45dbf5c55c26165ba3f8e9d9fc7"",""semantic_signature_sha256"":""c7c432796ded40ee4393cd70cec9d8411de085786dee1c0b5adbbbde80c5b120"",""structure_signature"":{""gates"":6,""edges"":21,""answers"":3,""derivations"":3,""canonical_bytes"":11550},""construct_total_ms"":17.694,""client_unattributed_ms"":0.08}],""construct_total_samples"":[17.759,16.71,17.694],""construct_unattributed_samples"":[0.08,0.082,0.08],""status"":""ok"",""status_evidence"":null,""c_warmup_signatures"":[""c7c432796ded40ee4393cd70cec9d8411de085786dee1c0b5adbbbde80c5b120""],""measured_semantic_signature_sha256"":""c7c432796ded40ee4393cd70cec9d8411de085786dee1c0b5adbbbde80c5b120"",""measured_repetitions_consistent"":true,""construction_requested"":""flat"",""construction_effective"":""flat"",""commit"":""baf731844a65b830a95b2167d5a3b6b77d65abcd"",""batch_id"":""65bf29e20de8aa31ee4473c08e3870982deff6ef591902df99cdef8a949e99a3"",""query_sha256"":""ab4a33937e9d2bc9b501268b85f184fcbc070f1c35d8b6f2a148df9d906de693"",""engine"":""millenniumdb"",""engine_version"":""MillenniumDB [engines.json profile]"",""scale"":""10M"",""base_endpoint_sha256"":""3468610cc4e68c6a0db393e82d8981ea7136faf570fafbd39ac70ec58665cd16"",""reified_endpoint_sha256"":""288dcc57d9aa106343144401ea35f7ac346f23f881320d2a828dd038019e3d1a"",""update_endpoint_sha256"":""8a607274f1b3d176dd6acfdc7381c25676b642e78d334a9664e45a2bdf3d52a0"",""base_data_identity_sha256"":""59fb59a04cd20e6dec9ee47cf1de02734068a3328cade998a3fc44a746054ea8"",""reified_data_identity_sha256"":""a42a308bd2c5294f3aa79a1a3b15804d4137fd68d7677d9adc037e257a217e76"",""update_for"":""none"",""access_mode"":""read-only"",""base_data_name"":""exploratory-base"",""reified_data_name"":""exploratory-reified"",""update_canary_sha256"":""2b9b44b25cd1c568cd57c6c5df25ae260b68229044617821fb33f542dab77648"",""store_instance_sha256"":""2fa0b01dffc52d6647e98c7f554a1a4ff05e5abe6830b9c10d45f5dd8984f60d"",""store_discriminator_sha256"":""f9ff8d30db2db1840ca1585b5598b1cf4d1d06ac2adb86a55b430669507fabff"",""tool_sha256"":""b38a65fc0c1a91e138f057f7b6c08d21c328463aceb40ffda53fc759f99d2f7a"",""java_runtime_sha256"":""bdd50c08a90e2fb713541b8a118df6250246a917edc41a6776aeafc90b472687"",""run_identity_sha256"":""86fff0c457af619d9bda06d11772d12f74591990cacfcadde1f2ca07d568400d""}"
baf731844a65b830a95b2167d5a3b6b77d65abcd,millenniumdb,MillenniumDB [engines.json profile],10M,F,F4,00,95e319658ada1f90ea7900df6e9a7608f72e06ecb2da9d8ad67afe7db54c5464,B,base-select,ok,68,4.8,3.6,5.7,4.7,1.0,1,3,300.0,30668,0.0,,,,,0.00899,"[3.577, 5.657, 4.815]","[0.0, 0.0, 0.0]",,[],,[],,[],r9.2-frozen-identity-v7,65bf29e20de8aa31ee4473c08e3870982deff6ef591902df99cdef8a949e99a3,csv-binding-multiset-v1,68,54a6d2cd338bdfb3fd216507995f2f1588939e89ef2313d90fe6065971682749,,,,,,,,3468610cc4e68c6a0db393e82d8981ea7136faf570fafbd39ac70ec58665cd16,288dcc57d9aa106343144401ea35f7ac346f23f881320d2a828dd038019e3d1a,8a607274f1b3d176dd6acfdc7381c25676b642e78d334a9664e45a2bdf3d52a0,59fb59a04cd20e6dec9ee47cf1de02734068a3328cade998a3fc44a746054ea8,a42a308bd2c5294f3aa79a1a3b15804d4137fd68d7677d9adc037e257a217e76,none,read-only,exploratory-base,exploratory-reified,2b9b44b25cd1c568cd57c6c5df25ae260b68229044617821fb33f542dab77648,2fa0b01dffc52d6647e98c7f554a1a4ff05e5abe6830b9c10d45f5dd8984f60d,f9ff8d30db2db1840ca1585b5598b1cf4d1d06ac2adb86a55b430669507fabff,b38a65fc0c1a91e138f057f7b6c08d21c328463aceb40ffda53fc759f99d2f7a,bdd50c08a90e2fb713541b8a118df6250246a917edc41a6776aeafc90b472687,68a813b3dfc5ea9bf5d9811a8adf1a5bce3c0b2a2d55c7edeae9b9e1756dc2f9,"pcm-meta-v2:{""protocol"":""r9.2-frozen-identity-v7"",""message"":"""",""cell_wall_ms"":30.712,""answer_kind"":""csv-binding-multiset-v1"",""answer_key_count"":68,""answer_fingerprint"":""54a6d2cd338bdfb3fd216507995f2f1588939e89ef2313d90fe6065971682749"",""c_parse_samples"":[0.0,0.0,0.0],""c_protocol_samples"":[],""construct_total_samples"":[],""construct_unattributed_samples"":[],""status"":""ok"",""status_evidence"":null,""construction_requested"":null,""construction_effective"":null,""commit"":""baf731844a65b830a95b2167d5a3b6b77d65abcd"",""batch_id"":""65bf29e20de8aa31ee4473c08e3870982deff6ef591902df99cdef8a949e99a3"",""query_sha256"":""95e319658ada1f90ea7900df6e9a7608f72e06ecb2da9d8ad67afe7db54c5464"",""engine"":""millenniumdb"",""engine_version"":""MillenniumDB [engines.json profile]"",""scale"":""10M"",""base_endpoint_sha256"":""3468610cc4e68c6a0db393e82d8981ea7136faf570fafbd39ac70ec58665cd16"",""reified_endpoint_sha256"":""288dcc57d9aa106343144401ea35f7ac346f23f881320d2a828dd038019e3d1a"",""update_endpoint_sha256"":""8a607274f1b3d176dd6acfdc7381c25676b642e78d334a9664e45a2bdf3d52a0"",""base_data_identity_sha256"":""59fb59a04cd20e6dec9ee47cf1de02734068a3328cade998a3fc44a746054ea8"",""reified_data_identity_sha256"":""a42a308bd2c5294f3aa79a1a3b15804d4137fd68d7677d9adc037e257a217e76"",""update_for"":""none"",""access_mode"":""read-only"",""base_data_name"":""exploratory-base"",""reified_data_name"":""exploratory-reified"",""update_canary_sha256"":""2b9b44b25cd1c568cd57c6c5df25ae260b68229044617821fb33f542dab77648"",""store_instance_sha256"":""2fa0b01dffc52d6647e98c7f554a1a4ff05e5abe6830b9c10d45f5dd8984f60d"",""store_discriminator_sha256"":""f9ff8d30db2db1840ca1585b5598b1cf4d1d06ac2adb86a55b430669507fabff"",""tool_sha256"":""b38a65fc0c1a91e138f057f7b6c08d21c328463aceb40ffda53fc759f99d2f7a"",""java_runtime_sha256"":""bdd50c08a90e2fb713541b8a118df6250246a917edc41a6776aeafc90b472687"",""run_identity_sha256"":""68a813b3dfc5ea9bf5d9811a8adf1a5bce3c0b2a2d55c7edeae9b9e1756dc2f9""}"
baf731844a65b830a95b2167d5a3b6b77d65abcd,millenniumdb,MillenniumDB [engines.json profile],10M,F,F4,00,95e319658ada1f90ea7900df6e9a7608f72e06ecb2da9d8ad67afe7db54c5464,R,reification-only,ok,68,18.4,12.7,19.7,16.9,3.7,1,3,300.0,30668,0.0,,,,,142.072608,"[18.391, 12.723, 19.688]","[0.0, 0.0, 0.0]",,[],,[],,[],r9.2-frozen-identity-v7,65bf29e20de8aa31ee4473c08e3870982deff6ef591902df99cdef8a949e99a3,csv-binding-multiset-v1,68,54a6d2cd338bdfb3fd216507995f2f1588939e89ef2313d90fe6065971682749,,,,,,,,3468610cc4e68c6a0db393e82d8981ea7136faf570fafbd39ac70ec58665cd16,288dcc57d9aa106343144401ea35f7ac346f23f881320d2a828dd038019e3d1a,8a607274f1b3d176dd6acfdc7381c25676b642e78d334a9664e45a2bdf3d52a0,59fb59a04cd20e6dec9ee47cf1de02734068a3328cade998a3fc44a746054ea8,a42a308bd2c5294f3aa79a1a3b15804d4137fd68d7677d9adc037e257a217e76,none,read-only,exploratory-base,exploratory-reified,2b9b44b25cd1c568cd57c6c5df25ae260b68229044617821fb33f542dab77648,2fa0b01dffc52d6647e98c7f554a1a4ff05e5abe6830b9c10d45f5dd8984f60d,f9ff8d30db2db1840ca1585b5598b1cf4d1d06ac2adb86a55b430669507fabff,b38a65fc0c1a91e138f057f7b6c08d21c328463aceb40ffda53fc759f99d2f7a,bdd50c08a90e2fb713541b8a118df6250246a917edc41a6776aeafc90b472687,68a813b3dfc5ea9bf5d9811a8adf1a5bce3c0b2a2d55c7edeae9b9e1756dc2f9,"pcm-meta-v2:{""protocol"":""r9.2-frozen-identity-v7"",""message"":"""",""cell_wall_ms"":249.787,""answer_kind"":""csv-binding-multiset-v1"",""answer_key_count"":68,""answer_fingerprint"":""54a6d2cd338bdfb3fd216507995f2f1588939e89ef2313d90fe6065971682749"",""c_parse_samples"":[0.0,0.0,0.0],""c_protocol_samples"":[],""construct_total_samples"":[],""construct_unattributed_samples"":[],""status"":""ok"",""status_evidence"":null,""construction_requested"":null,""construction_effective"":null,""commit"":""baf731844a65b830a95b2167d5a3b6b77d65abcd"",""batch_id"":""65bf29e20de8aa31ee4473c08e3870982deff6ef591902df99cdef8a949e99a3"",""query_sha256"":""95e319658ada1f90ea7900df6e9a7608f72e06ecb2da9d8ad67afe7db54c5464"",""engine"":""millenniumdb"",""engine_version"":""MillenniumDB [engines.json profile]"",""scale"":""10M"",""base_endpoint_sha256"":""3468610cc4e68c6a0db393e82d8981ea7136faf570fafbd39ac70ec58665cd16"",""reified_endpoint_sha256"":""288dcc57d9aa106343144401ea35f7ac346f23f881320d2a828dd038019e3d1a"",""update_endpoint_sha256"":""8a607274f1b3d176dd6acfdc7381c25676b642e78d334a9664e45a2bdf3d52a0"",""base_data_identity_sha256"":""59fb59a04cd20e6dec9ee47cf1de02734068a3328cade998a3fc44a746054ea8"",""reified_data_identity_sha256"":""a42a308bd2c5294f3aa79a1a3b15804d4137fd68d7677d9adc037e257a217e76"",""update_for"":""none"",""access_mode"":""read-only"",""base_data_name"":""exploratory-base"",""reified_data_name"":""exploratory-reified"",""update_canary_sha256"":""2b9b44b25cd1c568cd57c6c5df25ae260b68229044617821fb33f542dab77648"",""store_instance_sha256"":""2fa0b01dffc52d6647e98c7f554a1a4ff05e5abe6830b9c10d45f5dd8984f60d"",""store_discriminator_sha256"":""f9ff8d30db2db1840ca1585b5598b1cf4d1d06ac2adb86a55b430669507fabff"",""tool_sha256"":""b38a65fc0c1a91e138f057f7b6c08d21c328463aceb40ffda53fc759f99d2f7a"",""java_runtime_sha256"":""bdd50c08a90e2fb713541b8a118df6250246a917edc41a6776aeafc90b472687"",""run_identity_sha256"":""68a813b3dfc5ea9bf5d9811a8adf1a5bce3c0b2a2d55c7edeae9b9e1756dc2f9""}"
baf731844a65b830a95b2167d5a3b6b77d65abcd,millenniumdb,MillenniumDB [engines.json profile],10M,F,F4,00,95e319658ada1f90ea7900df6e9a7608f72e06ecb2da9d8ad67afe7db54c5464,N,N_clean (NPCS reimplementation),ok,68,17.1,15.2,23.2,18.5,4.1,1,3,300.0,40002,0.0,,,,68,184.68897,"[15.243, 17.089, 23.17]","[0.0, 0.0, 0.0]",,[],,[],,[],r9.2-frozen-identity-v7,65bf29e20de8aa31ee4473c08e3870982deff6ef591902df99cdef8a949e99a3,csv-candidate-multiset-v1,68,54a6d2cd338bdfb3fd216507995f2f1588939e89ef2313d90fe6065971682749,,,,,,,,3468610cc4e68c6a0db393e82d8981ea7136faf570fafbd39ac70ec58665cd16,288dcc57d9aa106343144401ea35f7ac346f23f881320d2a828dd038019e3d1a,8a607274f1b3d176dd6acfdc7381c25676b642e78d334a9664e45a2bdf3d52a0,59fb59a04cd20e6dec9ee47cf1de02734068a3328cade998a3fc44a746054ea8,a42a308bd2c5294f3aa79a1a3b15804d4137fd68d7677d9adc037e257a217e76,none,read-only,exploratory-base,exploratory-reified,2b9b44b25cd1c568cd57c6c5df25ae260b68229044617821fb33f542dab77648,2fa0b01dffc52d6647e98c7f554a1a4ff05e5abe6830b9c10d45f5dd8984f60d,f9ff8d30db2db1840ca1585b5598b1cf4d1d06ac2adb86a55b430669507fabff,b38a65fc0c1a91e138f057f7b6c08d21c328463aceb40ffda53fc759f99d2f7a,bdd50c08a90e2fb713541b8a118df6250246a917edc41a6776aeafc90b472687,68a813b3dfc5ea9bf5d9811a8adf1a5bce3c0b2a2d55c7edeae9b9e1756dc2f9,"pcm-meta-v2:{""protocol"":""r9.2-frozen-identity-v7"",""message"":"""",""cell_wall_ms"":301.3,""answer_kind"":""csv-candidate-multiset-v1"",""answer_key_count"":68,""answer_fingerprint"":""54a6d2cd338bdfb3fd216507995f2f1588939e89ef2313d90fe6065971682749"",""c_parse_samples"":[0.0,0.0,0.0],""c_protocol_samples"":[],""construct_total_samples"":[],""construct_unattributed_samples"":[],""status"":""ok"",""status_evidence"":null,""construction_requested"":null,""construction_effective"":null,""commit"":""baf731844a65b830a95b2167d5a3b6b77d65abcd"",""batch_id"":""65bf29e20de8aa31ee4473c08e3870982deff6ef591902df99cdef8a949e99a3"",""query_sha256"":""95e319658ada1f90ea7900df6e9a7608f72e06ecb2da9d8ad67afe7db54c5464"",""engine"":""millenniumdb"",""engine_version"":""MillenniumDB [engines.json profile]"",""scale"":""10M"",""base_endpoint_sha256"":""3468610cc4e68c6a0db393e82d8981ea7136faf570fafbd39ac70ec58665cd16"",""reified_endpoint_sha256"":""288dcc57d9aa106343144401ea35f7ac346f23f881320d2a828dd038019e3d1a"",""update_endpoint_sha256"":""8a607274f1b3d176dd6acfdc7381c25676b642e78d334a9664e45a2bdf3d52a0"",""base_data_identity_sha256"":""59fb59a04cd20e6dec9ee47cf1de02734068a3328cade998a3fc44a746054ea8"",""reified_data_identity_sha256"":""a42a308bd2c5294f3aa79a1a3b15804d4137fd68d7677d9adc037e257a217e76"",""update_for"":""none"",""access_mode"":""read-only"",""base_data_name"":""exploratory-base"",""reified_data_name"":""exploratory-reified"",""update_canary_sha256"":""2b9b44b25cd1c568cd57c6c5df25ae260b68229044617821fb33f542dab77648"",""store_instance_sha256"":""2fa0b01dffc52d6647e98c7f554a1a4ff05e5abe6830b9c10d45f5dd8984f60d"",""store_discriminator_sha256"":""f9ff8d30db2db1840ca1585b5598b1cf4d1d06ac2adb86a55b430669507fabff"",""tool_sha256"":""b38a65fc0c1a91e138f057f7b6c08d21c328463aceb40ffda53fc759f99d2f7a"",""java_runtime_sha256"":""bdd50c08a90e2fb713541b8a118df6250246a917edc41a6776aeafc90b472687"",""run_identity_sha256"":""68a813b3dfc5ea9bf5d9811a8adf1a5bce3c0b2a2d55c7edeae9b9e1756dc2f9""}"
baf731844a65b830a95b2167d5a3b6b77d65abcd,millenniumdb,MillenniumDB [engines.json profile],10M,F,F4,00,95e319658ada1f90ea7900df6e9a7608f72e06ecb2da9d8ad67afe7db54c5464,C,SPARQLcirc CircuitRewriter,ok,68,83.7,70.9,85.5,80.0,8.0,1,3,300.0,374486,45.7,136,680,68,,759.355317,"[85.461, 70.89, 83.731]","[46.312, 44.329, 45.747]",0.0,"[0.0, 0.0, 0.0]",129.7,"[132.027, 115.437, 129.719]",0.2,"[0.254, 0.218, 0.24]",r9.2-frozen-identity-v7,65bf29e20de8aa31ee4473c08e3870982deff6ef591902df99cdef8a949e99a3,term-aware-candidate-set-v1,68,019963896ad02fca32d6233f27f02efb35f56f8b7e6f4a2fdc4f3e0d6f804ae3,flat,flat,d5f879bd256b7945e65720eb24dd098a38cbe60837da59abd26819d238a8141b,,,,,3468610cc4e68c6a0db393e82d8981ea7136faf570fafbd39ac70ec58665cd16,288dcc57d9aa106343144401ea35f7ac346f23f881320d2a828dd038019e3d1a,8a607274f1b3d176dd6acfdc7381c25676b642e78d334a9664e45a2bdf3d52a0,59fb59a04cd20e6dec9ee47cf1de02734068a3328cade998a3fc44a746054ea8,a42a308bd2c5294f3aa79a1a3b15804d4137fd68d7677d9adc037e257a217e76,none,read-only,exploratory-base,exploratory-reified,2b9b44b25cd1c568cd57c6c5df25ae260b68229044617821fb33f542dab77648,2fa0b01dffc52d6647e98c7f554a1a4ff05e5abe6830b9c10d45f5dd8984f60d,f9ff8d30db2db1840ca1585b5598b1cf4d1d06ac2adb86a55b430669507fabff,b38a65fc0c1a91e138f057f7b6c08d21c328463aceb40ffda53fc759f99d2f7a,bdd50c08a90e2fb713541b8a118df6250246a917edc41a6776aeafc90b472687,68a813b3dfc5ea9bf5d9811a8adf1a5bce3c0b2a2d55c7edeae9b9e1756dc2f9,"pcm-meta-v2:{""protocol"":""r9.2-frozen-identity-v7"",""message"":""C requested=flat effective=flat; steps=1 feedback=0; network includes CONSTRUCT, feedback INSERT, and cleanup DELETE"",""cell_wall_ms"":1528.492,""answer_kind"":""term-aware-candidate-set-v1"",""answer_key_count"":68,""answer_fingerprint"":""019963896ad02fca32d6233f27f02efb35f56f8b7e6f4a2fdc4f3e0d6f804ae3"",""c_parse_samples"":[46.312,44.329,45.747],""c_protocol_samples"":[{""requested_mode"":""flat"",""effective_mode"":""flat"",""fallback_reason"":null,""plan_steps"":1,""feedback_steps"":0,""feedback_triples"":0,""construct_query_ms"":85.461,""feedback_update_ms"":0.0,""cleanup_ms"":0.0,""client_protocol_ms"":0.0,""network_scope"":""construct+feedback+cleanup"",""circuit_sha256"":""d5f879bd256b7945e65720eb24dd098a38cbe60837da59abd26819d238a8141b"",""answer_fingerprint"":""019963896ad02fca32d6233f27f02efb35f56f8b7e6f4a2fdc4f3e0d6f804ae3"",""semantic_signature_sha256"":""6f174aae59fb820f2dddf021fd8a1a4bc4c3537037a7c924913c21cec6526ab6"",""structure_signature"":{""gates"":136,""edges"":680,""answers"":68,""derivations"":68,""canonical_bytes"":374486},""construct_total_ms"":132.027,""client_unattributed_ms"":0.254},{""requested_mode"":""flat"",""effective_mode"":""flat"",""fallback_reason"":null,""plan_steps"":1,""feedback_steps"":0,""feedback_triples"":0,""construct_query_ms"":70.89,""feedback_update_ms"":0.0,""cleanup_ms"":0.0,""client_protocol_ms"":0.0,""network_scope"":""construct+feedback+cleanup"",""circuit_sha256"":""d5f879bd256b7945e65720eb24dd098a38cbe60837da59abd26819d238a8141b"",""answer_fingerprint"":""019963896ad02fca32d6233f27f02efb35f56f8b7e6f4a2fdc4f3e0d6f804ae3"",""semantic_signature_sha256"":""6f174aae59fb820f2dddf021fd8a1a4bc4c3537037a7c924913c21cec6526ab6"",""structure_signature"":{""gates"":136,""edges"":680,""answers"":68,""derivations"":68,""canonical_bytes"":374486},""construct_total_ms"":115.437,""client_unattributed_ms"":0.218},{""requested_mode"":""flat"",""effective_mode"":""flat"",""fallback_reason"":null,""plan_steps"":1,""feedback_steps"":0,""feedback_triples"":0,""construct_query_ms"":83.731,""feedback_update_ms"":0.0,""cleanup_ms"":0.0,""client_protocol_ms"":0.0,""network_scope"":""construct+feedback+cleanup"",""circuit_sha256"":""d5f879bd256b7945e65720eb24dd098a38cbe60837da59abd26819d238a8141b"",""answer_fingerprint"":""019963896ad02fca32d6233f27f02efb35f56f8b7e6f4a2fdc4f3e0d6f804ae3"",""semantic_signature_sha256"":""6f174aae59fb820f2dddf021fd8a1a4bc4c3537037a7c924913c21cec6526ab6"",""structure_signature"":{""gates"":136,""edges"":680,""answers"":68,""derivations"":68,""canonical_bytes"":374486},""construct_total_ms"":129.719,""client_unattributed_ms"":0.24}],""construct_total_samples"":[132.027,115.437,129.719],""construct_unattributed_samples"":[0.254,0.218,0.24],""status"":""ok"",""status_evidence"":null,""c_warmup_signatures"":[""6f174aae59fb820f2dddf021fd8a1a4bc4c3537037a7c924913c21cec6526ab6""],""measured_semantic_signature_sha256"":""6f174aae59fb820f2dddf021fd8a1a4bc4c3537037a7c924913c21cec6526ab6"",""measured_repetitions_consistent"":true,""construction_requested"":""flat"",""construction_effective"":""flat"",""commit"":""baf731844a65b830a95b2167d5a3b6b77d65abcd"",""batch_id"":""65bf29e20de8aa31ee4473c08e3870982deff6ef591902df99cdef8a949e99a3"",""query_sha256"":""95e319658ada1f90ea7900df6e9a7608f72e06ecb2da9d8ad67afe7db54c5464"",""engine"":""millenniumdb"",""engine_version"":""MillenniumDB [engines.json profile]"",""scale"":""10M"",""base_endpoint_sha256"":""3468610cc4e68c6a0db393e82d8981ea7136faf570fafbd39ac70ec58665cd16"",""reified_endpoint_sha256"":""288dcc57d9aa106343144401ea35f7ac346f23f881320d2a828dd038019e3d1a"",""update_endpoint_sha256"":""8a607274f1b3d176dd6acfdc7381c25676b642e78d334a9664e45a2bdf3d52a0"",""base_data_identity_sha256"":""59fb59a04cd20e6dec9ee47cf1de02734068a3328cade998a3fc44a746054ea8"",""reified_data_identity_sha256"":""a42a308bd2c5294f3aa79a1a3b15804d4137fd68d7677d9adc037e257a217e76"",""update_for"":""none"",""access_mode"":""read-only"",""base_data_name"":""exploratory-base"",""reified_data_name"":""exploratory-reified"",""update_canary_sha256"":""2b9b44b25cd1c568cd57c6c5df25ae260b68229044617821fb33f542dab77648"",""store_instance_sha256"":""2fa0b01dffc52d6647e98c7f554a1a4ff05e5abe6830b9c10d45f5dd8984f60d"",""store_discriminator_sha256"":""f9ff8d30db2db1840ca1585b5598b1cf4d1d06ac2adb86a55b430669507fabff"",""tool_sha256"":""b38a65fc0c1a91e138f057f7b6c08d21c328463aceb40ffda53fc759f99d2f7a"",""java_runtime_sha256"":""bdd50c08a90e2fb713541b8a118df6250246a917edc41a6776aeafc90b472687"",""run_identity_sha256"":""68a813b3dfc5ea9bf5d9811a8adf1a5bce3c0b2a2d55c7edeae9b9e1756dc2f9""}"
baf731844a65b830a95b2167d5a3b6b77d65abcd,millenniumdb,MillenniumDB [engines.json profile],10M,F,F5,00,5ca90afb3951e0444bf3024c77058dedfd92664870dc85d282ed837b0894ed6f,B,base-select,ok,29,2.8,1.8,2.9,2.5,0.6,1,3,300.0,8562,0.0,,,,,0.012361,"[1.797, 2.79, 2.949]","[0.0, 0.0, 0.0]",,[],,[],,[],r9.2-frozen-identity-v7,65bf29e20de8aa31ee4473c08e3870982deff6ef591902df99cdef8a949e99a3,csv-binding-multiset-v1,29,d68cd7869c65afd08d73c4db171b5e41968dfe1ac1eee60f71889003872e73fd,,,,,,,,3468610cc4e68c6a0db393e82d8981ea7136faf570fafbd39ac70ec58665cd16,288dcc57d9aa106343144401ea35f7ac346f23f881320d2a828dd038019e3d1a,8a607274f1b3d176dd6acfdc7381c25676b642e78d334a9664e45a2bdf3d52a0,59fb59a04cd20e6dec9ee47cf1de02734068a3328cade998a3fc44a746054ea8,a42a308bd2c5294f3aa79a1a3b15804d4137fd68d7677d9adc037e257a217e76,none,read-only,exploratory-base,exploratory-reified,2b9b44b25cd1c568cd57c6c5df25ae260b68229044617821fb33f542dab77648,2fa0b01dffc52d6647e98c7f554a1a4ff05e5abe6830b9c10d45f5dd8984f60d,f9ff8d30db2db1840ca1585b5598b1cf4d1d06ac2adb86a55b430669507fabff,b38a65fc0c1a91e138f057f7b6c08d21c328463aceb40ffda53fc759f99d2f7a,bdd50c08a90e2fb713541b8a118df6250246a917edc41a6776aeafc90b472687,4670f9ca9f49d3ad510b11a6eae4df70fd8c557eec89db8b4d1397774c1f9fb7,"pcm-meta-v2:{""protocol"":""r9.2-frozen-identity-v7"",""message"":"""",""cell_wall_ms"":19.322,""answer_kind"":""csv-binding-multiset-v1"",""answer_key_count"":29,""answer_fingerprint"":""d68cd7869c65afd08d73c4db171b5e41968dfe1ac1eee60f71889003872e73fd"",""c_parse_samples"":[0.0,0.0,0.0],""c_protocol_samples"":[],""construct_total_samples"":[],""construct_unattributed_samples"":[],""status"":""ok"",""status_evidence"":null,""construction_requested"":null,""construction_effective"":null,""commit"":""baf731844a65b830a95b2167d5a3b6b77d65abcd"",""batch_id"":""65bf29e20de8aa31ee4473c08e3870982deff6ef591902df99cdef8a949e99a3"",""query_sha256"":""5ca90afb3951e0444bf3024c77058dedfd92664870dc85d282ed837b0894ed6f"",""engine"":""millenniumdb"",""engine_version"":""MillenniumDB [engines.json profile]"",""scale"":""10M"",""base_endpoint_sha256"":""3468610cc4e68c6a0db393e82d8981ea7136faf570fafbd39ac70ec58665cd16"",""reified_endpoint_sha256"":""288dcc57d9aa106343144401ea35f7ac346f23f881320d2a828dd038019e3d1a"",""update_endpoint_sha256"":""8a607274f1b3d176dd6acfdc7381c25676b642e78d334a9664e45a2bdf3d52a0"",""base_data_identity_sha256"":""59fb59a04cd20e6dec9ee47cf1de02734068a3328cade998a3fc44a746054ea8"",""reified_data_identity_sha256"":""a42a308bd2c5294f3aa79a1a3b15804d4137fd68d7677d9adc037e257a217e76"",""update_for"":""none"",""access_mode"":""read-only"",""base_data_name"":""exploratory-base"",""reified_data_name"":""exploratory-reified"",""update_canary_sha256"":""2b9b44b25cd1c568cd57c6c5df25ae260b68229044617821fb33f542dab77648"",""store_instance_sha256"":""2fa0b01dffc52d6647e98c7f554a1a4ff05e5abe6830b9c10d45f5dd8984f60d"",""store_discriminator_sha256"":""f9ff8d30db2db1840ca1585b5598b1cf4d1d06ac2adb86a55b430669507fabff"",""tool_sha256"":""b38a65fc0c1a91e138f057f7b6c08d21c328463aceb40ffda53fc759f99d2f7a"",""java_runtime_sha256"":""bdd50c08a90e2fb713541b8a118df6250246a917edc41a6776aeafc90b472687"",""run_identity_sha256"":""4670f9ca9f49d3ad510b11a6eae4df70fd8c557eec89db8b4d1397774c1f9fb7""}"
baf731844a65b830a95b2167d5a3b6b77d65abcd,millenniumdb,MillenniumDB [engines.json profile],10M,F,F5,00,5ca90afb3951e0444bf3024c77058dedfd92664870dc85d282ed837b0894ed6f,R,reification-only,ok,29,9.6,9.0,10.3,9.6,0.7,1,3,300.0,8562,0.0,,,,,177.723514,"[8.956, 9.625, 10.315]","[0.0, 0.0, 0.0]",,[],,[],,[],r9.2-frozen-identity-v7,65bf29e20de8aa31ee4473c08e3870982deff6ef591902df99cdef8a949e99a3,csv-binding-multiset-v1,29,d68cd7869c65afd08d73c4db171b5e41968dfe1ac1eee60f71889003872e73fd,,,,,,,,3468610cc4e68c6a0db393e82d8981ea7136faf570fafbd39ac70ec58665cd16,288dcc57d9aa106343144401ea35f7ac346f23f881320d2a828dd038019e3d1a,8a607274f1b3d176dd6acfdc7381c25676b642e78d334a9664e45a2bdf3d52a0,59fb59a04cd20e6dec9ee47cf1de02734068a3328cade998a3fc44a746054ea8,a42a308bd2c5294f3aa79a1a3b15804d4137fd68d7677d9adc037e257a217e76,none,read-only,exploratory-base,exploratory-reified,2b9b44b25cd1c568cd57c6c5df25ae260b68229044617821fb33f542dab77648,2fa0b01dffc52d6647e98c7f554a1a4ff05e5abe6830b9c10d45f5dd8984f60d,f9ff8d30db2db1840ca1585b5598b1cf4d1d06ac2adb86a55b430669507fabff,b38a65fc0c1a91e138f057f7b6c08d21c328463aceb40ffda53fc759f99d2f7a,bdd50c08a90e2fb713541b8a118df6250246a917edc41a6776aeafc90b472687,4670f9ca9f49d3ad510b11a6eae4df70fd8c557eec89db8b4d1397774c1f9fb7,"pcm-meta-v2:{""protocol"":""r9.2-frozen-identity-v7"",""message"":"""",""cell_wall_ms"":228.634,""answer_kind"":""csv-binding-multiset-v1"",""answer_key_count"":29,""answer_fingerprint"":""d68cd7869c65afd08d73c4db171b5e41968dfe1ac1eee60f71889003872e73fd"",""c_parse_samples"":[0.0,0.0,0.0],""c_protocol_samples"":[],""construct_total_samples"":[],""construct_unattributed_samples"":[],""status"":""ok"",""status_evidence"":null,""construction_requested"":null,""construction_effective"":null,""commit"":""baf731844a65b830a95b2167d5a3b6b77d65abcd"",""batch_id"":""65bf29e20de8aa31ee4473c08e3870982deff6ef591902df99cdef8a949e99a3"",""query_sha256"":""5ca90afb3951e0444bf3024c77058dedfd92664870dc85d282ed837b0894ed6f"",""engine"":""millenniumdb"",""engine_version"":""MillenniumDB [engines.json profile]"",""scale"":""10M"",""base_endpoint_sha256"":""3468610cc4e68c6a0db393e82d8981ea7136faf570fafbd39ac70ec58665cd16"",""reified_endpoint_sha256"":""288dcc57d9aa106343144401ea35f7ac346f23f881320d2a828dd038019e3d1a"",""update_endpoint_sha256"":""8a607274f1b3d176dd6acfdc7381c25676b642e78d334a9664e45a2bdf3d52a0"",""base_data_identity_sha256"":""59fb59a04cd20e6dec9ee47cf1de02734068a3328cade998a3fc44a746054ea8"",""reified_data_identity_sha256"":""a42a308bd2c5294f3aa79a1a3b15804d4137fd68d7677d9adc037e257a217e76"",""update_for"":""none"",""access_mode"":""read-only"",""base_data_name"":""exploratory-base"",""reified_data_name"":""exploratory-reified"",""update_canary_sha256"":""2b9b44b25cd1c568cd57c6c5df25ae260b68229044617821fb33f542dab77648"",""store_instance_sha256"":""2fa0b01dffc52d6647e98c7f554a1a4ff05e5abe6830b9c10d45f5dd8984f60d"",""store_discriminator_sha256"":""f9ff8d30db2db1840ca1585b5598b1cf4d1d06ac2adb86a55b430669507fabff"",""tool_sha256"":""b38a65fc0c1a91e138f057f7b6c08d21c328463aceb40ffda53fc759f99d2f7a"",""java_runtime_sha256"":""bdd50c08a90e2fb713541b8a118df6250246a917edc41a6776aeafc90b472687"",""run_identity_sha256"":""4670f9ca9f49d3ad510b11a6eae4df70fd8c557eec89db8b4d1397774c1f9fb7""}"
baf731844a65b830a95b2167d5a3b6b77d65abcd,millenniumdb,MillenniumDB [engines.json profile],10M,F,F5,00,5ca90afb3951e0444bf3024c77058dedfd92664870dc85d282ed837b0894ed6f,N,N_clean (NPCS reimplementation),ok,29,7.0,7.0,7.4,7.1,0.2,1,3,300.0,11257,0.0,,,,29,199.37953,"[6.972, 7.045, 7.36]","[0.0, 0.0, 0.0]",,[],,[],,[],r9.2-frozen-identity-v7,65bf29e20de8aa31ee4473c08e3870982deff6ef591902df99cdef8a949e99a3,csv-candidate-multiset-v1,29,d68cd7869c65afd08d73c4db171b5e41968dfe1ac1eee60f71889003872e73fd,,,,,,,,3468610cc4e68c6a0db393e82d8981ea7136faf570fafbd39ac70ec58665cd16,288dcc57d9aa106343144401ea35f7ac346f23f881320d2a828dd038019e3d1a,8a607274f1b3d176dd6acfdc7381c25676b642e78d334a9664e45a2bdf3d52a0,59fb59a04cd20e6dec9ee47cf1de02734068a3328cade998a3fc44a746054ea8,a42a308bd2c5294f3aa79a1a3b15804d4137fd68d7677d9adc037e257a217e76,none,read-only,exploratory-base,exploratory-reified,2b9b44b25cd1c568cd57c6c5df25ae260b68229044617821fb33f542dab77648,2fa0b01dffc52d6647e98c7f554a1a4ff05e5abe6830b9c10d45f5dd8984f60d,f9ff8d30db2db1840ca1585b5598b1cf4d1d06ac2adb86a55b430669507fabff,b38a65fc0c1a91e138f057f7b6c08d21c328463aceb40ffda53fc759f99d2f7a,bdd50c08a90e2fb713541b8a118df6250246a917edc41a6776aeafc90b472687,4670f9ca9f49d3ad510b11a6eae4df70fd8c557eec89db8b4d1397774c1f9fb7,"pcm-meta-v2:{""protocol"":""r9.2-frozen-identity-v7"",""message"":"""",""cell_wall_ms"":272.627,""answer_kind"":""csv-candidate-multiset-v1"",""answer_key_count"":29,""answer_fingerprint"":""d68cd7869c65afd08d73c4db171b5e41968dfe1ac1eee60f71889003872e73fd"",""c_parse_samples"":[0.0,0.0,0.0],""c_protocol_samples"":[],""construct_total_samples"":[],""construct_unattributed_samples"":[],""status"":""ok"",""status_evidence"":null,""construction_requested"":null,""construction_effective"":null,""commit"":""baf731844a65b830a95b2167d5a3b6b77d65abcd"",""batch_id"":""65bf29e20de8aa31ee4473c08e3870982deff6ef591902df99cdef8a949e99a3"",""query_sha256"":""5ca90afb3951e0444bf3024c77058dedfd92664870dc85d282ed837b0894ed6f"",""engine"":""millenniumdb"",""engine_version"":""MillenniumDB [engines.json profile]"",""scale"":""10M"",""base_endpoint_sha256"":""3468610cc4e68c6a0db393e82d8981ea7136faf570fafbd39ac70ec58665cd16"",""reified_endpoint_sha256"":""288dcc57d9aa106343144401ea35f7ac346f23f881320d2a828dd038019e3d1a"",""update_endpoint_sha256"":""8a607274f1b3d176dd6acfdc7381c25676b642e78d334a9664e45a2bdf3d52a0"",""base_data_identity_sha256"":""59fb59a04cd20e6dec9ee47cf1de02734068a3328cade998a3fc44a746054ea8"",""reified_data_identity_sha256"":""a42a308bd2c5294f3aa79a1a3b15804d4137fd68d7677d9adc037e257a217e76"",""update_for"":""none"",""access_mode"":""read-only"",""base_data_name"":""exploratory-base"",""reified_data_name"":""exploratory-reified"",""update_canary_sha256"":""2b9b44b25cd1c568cd57c6c5df25ae260b68229044617821fb33f542dab77648"",""store_instance_sha256"":""2fa0b01dffc52d6647e98c7f554a1a4ff05e5abe6830b9c10d45f5dd8984f60d"",""store_discriminator_sha256"":""f9ff8d30db2db1840ca1585b5598b1cf4d1d06ac2adb86a55b430669507fabff"",""tool_sha256"":""b38a65fc0c1a91e138f057f7b6c08d21c328463aceb40ffda53fc759f99d2f7a"",""java_runtime_sha256"":""bdd50c08a90e2fb713541b8a118df6250246a917edc41a6776aeafc90b472687"",""run_identity_sha256"":""4670f9ca9f49d3ad510b11a6eae4df70fd8c557eec89db8b4d1397774c1f9fb7""}"
baf731844a65b830a95b2167d5a3b6b77d65abcd,millenniumdb,MillenniumDB [engines.json profile],10M,F,F5,00,5ca90afb3951e0444bf3024c77058dedfd92664870dc85d282ed837b0894ed6f,C,SPARQLcirc CircuitRewriter,ok,29,29.8,23.4,30.8,28.0,4.0,1,3,300.0,118671,12.9,58,203,29,,401.861577,"[23.403, 30.762, 29.763]","[12.928, 12.762, 13.342]",0.0,"[0.0, 0.0, 0.0]",43.3,"[36.454, 43.657, 43.269]",0.1,"[0.124, 0.133, 0.164]",r9.2-frozen-identity-v7,65bf29e20de8aa31ee4473c08e3870982deff6ef591902df99cdef8a949e99a3,term-aware-candidate-set-v1,29,e278850a333f115023e904b39febe2935da715084988b437547b6157feedbdd8,flat,flat,45e07872ee37e2e2f0d15480ad4d8865d60823fdc7cc52fbed78802425e0372b,,,,,3468610cc4e68c6a0db393e82d8981ea7136faf570fafbd39ac70ec58665cd16,288dcc57d9aa106343144401ea35f7ac346f23f881320d2a828dd038019e3d1a,8a607274f1b3d176dd6acfdc7381c25676b642e78d334a9664e45a2bdf3d52a0,59fb59a04cd20e6dec9ee47cf1de02734068a3328cade998a3fc44a746054ea8,a42a308bd2c5294f3aa79a1a3b15804d4137fd68d7677d9adc037e257a217e76,none,read-only,exploratory-base,exploratory-reified,2b9b44b25cd1c568cd57c6c5df25ae260b68229044617821fb33f542dab77648,2fa0b01dffc52d6647e98c7f554a1a4ff05e5abe6830b9c10d45f5dd8984f60d,f9ff8d30db2db1840ca1585b5598b1cf4d1d06ac2adb86a55b430669507fabff,b38a65fc0c1a91e138f057f7b6c08d21c328463aceb40ffda53fc759f99d2f7a,bdd50c08a90e2fb713541b8a118df6250246a917edc41a6776aeafc90b472687,4670f9ca9f49d3ad510b11a6eae4df70fd8c557eec89db8b4d1397774c1f9fb7,"pcm-meta-v2:{""protocol"":""r9.2-frozen-identity-v7"",""message"":""C requested=flat effective=flat; steps=1 feedback=0; network includes CONSTRUCT, feedback INSERT, and cleanup DELETE"",""cell_wall_ms"":782.601,""answer_kind"":""term-aware-candidate-set-v1"",""answer_key_count"":29,""answer_fingerprint"":""e278850a333f115023e904b39febe2935da715084988b437547b6157feedbdd8"",""c_parse_samples"":[12.928,12.762,13.342],""c_protocol_samples"":[{""requested_mode"":""flat"",""effective_mode"":""flat"",""fallback_reason"":null,""plan_steps"":1,""feedback_steps"":0,""feedback_triples"":0,""construct_query_ms"":23.403,""feedback_update_ms"":0.0,""cleanup_ms"":0.0,""client_protocol_ms"":0.0,""network_scope"":""construct+feedback+cleanup"",""circuit_sha256"":""45e07872ee37e2e2f0d15480ad4d8865d60823fdc7cc52fbed78802425e0372b"",""answer_fingerprint"":""e278850a333f115023e904b39febe2935da715084988b437547b6157feedbdd8"",""semantic_signature_sha256"":""e4d7308bacb190a0559f8db6b782809bcb362cd542650fd7ff973c0c43474484"",""structure_signature"":{""gates"":58,""edges"":203,""answers"":29,""derivations"":29,""canonical_bytes"":118671},""construct_total_ms"":36.454,""client_unattributed_ms"":0.124},{""requested_mode"":""flat"",""effective_mode"":""flat"",""fallback_reason"":null,""plan_steps"":1,""feedback_steps"":0,""feedback_triples"":0,""construct_query_ms"":30.762,""feedback_update_ms"":0.0,""cleanup_ms"":0.0,""client_protocol_ms"":0.0,""network_scope"":""construct+feedback+cleanup"",""circuit_sha256"":""45e07872ee37e2e2f0d15480ad4d8865d60823fdc7cc52fbed78802425e0372b"",""answer_fingerprint"":""e278850a333f115023e904b39febe2935da715084988b437547b6157feedbdd8"",""semantic_signature_sha256"":""e4d7308bacb190a0559f8db6b782809bcb362cd542650fd7ff973c0c43474484"",""structure_signature"":{""gates"":58,""edges"":203,""answers"":29,""derivations"":29,""canonical_bytes"":118671},""construct_total_ms"":43.657,""client_unattributed_ms"":0.133},{""requested_mode"":""flat"",""effective_mode"":""flat"",""fallback_reason"":null,""plan_steps"":1,""feedback_steps"":0,""feedback_triples"":0,""construct_query_ms"":29.763,""feedback_update_ms"":0.0,""cleanup_ms"":0.0,""client_protocol_ms"":0.0,""network_scope"":""construct+feedback+cleanup"",""circuit_sha256"":""45e07872ee37e2e2f0d15480ad4d8865d60823fdc7cc52fbed78802425e0372b"",""answer_fingerprint"":""e278850a333f115023e904b39febe2935da715084988b437547b6157feedbdd8"",""semantic_signature_sha256"":""e4d7308bacb190a0559f8db6b782809bcb362cd542650fd7ff973c0c43474484"",""structure_signature"":{""gates"":58,""edges"":203,""answers"":29,""derivations"":29,""canonical_bytes"":118671},""construct_total_ms"":43.269,""client_unattributed_ms"":0.164}],""construct_total_samples"":[36.454,43.657,43.269],""construct_unattributed_samples"":[0.124,0.133,0.164],""status"":""ok"",""status_evidence"":null,""c_warmup_signatures"":[""e4d7308bacb190a0559f8db6b782809bcb362cd542650fd7ff973c0c43474484""],""measured_semantic_signature_sha256"":""e4d7308bacb190a0559f8db6b782809bcb362cd542650fd7ff973c0c43474484"",""measured_repetitions_consistent"":true,""construction_requested"":""flat"",""construction_effective"":""flat"",""commit"":""baf731844a65b830a95b2167d5a3b6b77d65abcd"",""batch_id"":""65bf29e20de8aa31ee4473c08e3870982deff6ef591902df99cdef8a949e99a3"",""query_sha256"":""5ca90afb3951e0444bf3024c77058dedfd92664870dc85d282ed837b0894ed6f"",""engine"":""millenniumdb"",""engine_version"":""MillenniumDB [engines.json profile]"",""scale"":""10M"",""base_endpoint_sha256"":""3468610cc4e68c6a0db393e82d8981ea7136faf570fafbd39ac70ec58665cd16"",""reified_endpoint_sha256"":""288dcc57d9aa106343144401ea35f7ac346f23f881320d2a828dd038019e3d1a"",""update_endpoint_sha256"":""8a607274f1b3d176dd6acfdc7381c25676b642e78d334a9664e45a2bdf3d52a0"",""base_data_identity_sha256"":""59fb59a04cd20e6dec9ee47cf1de02734068a3328cade998a3fc44a746054ea8"",""reified_data_identity_sha256"":""a42a308bd2c5294f3aa79a1a3b15804d4137fd68d7677d9adc037e257a217e76"",""update_for"":""none"",""access_mode"":""read-only"",""base_data_name"":""exploratory-base"",""reified_data_name"":""exploratory-reified"",""update_canary_sha256"":""2b9b44b25cd1c568cd57c6c5df25ae260b68229044617821fb33f542dab77648"",""store_instance_sha256"":""2fa0b01dffc52d6647e98c7f554a1a4ff05e5abe6830b9c10d45f5dd8984f60d"",""store_discriminator_sha256"":""f9ff8d30db2db1840ca1585b5598b1cf4d1d06ac2adb86a55b430669507fabff"",""tool_sha256"":""b38a65fc0c1a91e138f057f7b6c08d21c328463aceb40ffda53fc759f99d2f7a"",""java_runtime_sha256"":""bdd50c08a90e2fb713541b8a118df6250246a917edc41a6776aeafc90b472687"",""run_identity_sha256"":""4670f9ca9f49d3ad510b11a6eae4df70fd8c557eec89db8b4d1397774c1f9fb7""}"
baf731844a65b830a95b2167d5a3b6b77d65abcd,millenniumdb,MillenniumDB [engines.json profile],10M,O,O1,00,0f31130653f6c7f7dad353eb0c056676430f43d831aa1c986bb0e5cfe3f2b72c,B,base-select,ok,49,1.5,1.3,1.8,1.5,0.2,1,3,300.0,4992,0.0,,,,,0.00789,"[1.755, 1.455, 1.305]","[0.0, 0.0, 0.0]",,[],,[],,[],r9.2-frozen-identity-v7,c3724c04858a8b561ada1054e4928f0930794f9f5f28672a84e2850e7b330acb,csv-binding-multiset-v1,49,e717b348b96326106c85a84646af7f6d5887e5ac8014029e580f5cabad5800af,,,,,,,,3468610cc4e68c6a0db393e82d8981ea7136faf570fafbd39ac70ec58665cd16,288dcc57d9aa106343144401ea35f7ac346f23f881320d2a828dd038019e3d1a,8a607274f1b3d176dd6acfdc7381c25676b642e78d334a9664e45a2bdf3d52a0,59fb59a04cd20e6dec9ee47cf1de02734068a3328cade998a3fc44a746054ea8,a42a308bd2c5294f3aa79a1a3b15804d4137fd68d7677d9adc037e257a217e76,none,read-only,exploratory-base,exploratory-reified,2b9b44b25cd1c568cd57c6c5df25ae260b68229044617821fb33f542dab77648,2fa0b01dffc52d6647e98c7f554a1a4ff05e5abe6830b9c10d45f5dd8984f60d,f9ff8d30db2db1840ca1585b5598b1cf4d1d06ac2adb86a55b430669507fabff,b38a65fc0c1a91e138f057f7b6c08d21c328463aceb40ffda53fc759f99d2f7a,bdd50c08a90e2fb713541b8a118df6250246a917edc41a6776aeafc90b472687,4999ff1c2faa335e139b5a5942fdb0bcbe61b5742bedd2963090e6a5f801d877,"pcm-meta-v2:{""protocol"":""r9.2-frozen-identity-v7"",""message"":"""",""cell_wall_ms"":25.967,""answer_kind"":""csv-binding-multiset-v1"",""answer_key_count"":49,""answer_fingerprint"":""e717b348b96326106c85a84646af7f6d5887e5ac8014029e580f5cabad5800af"",""c_parse_samples"":[0.0,0.0,0.0],""c_protocol_samples"":[],""construct_total_samples"":[],""construct_unattributed_samples"":[],""status"":""ok"",""status_evidence"":null,""construction_requested"":null,""construction_effective"":null,""commit"":""baf731844a65b830a95b2167d5a3b6b77d65abcd"",""batch_id"":""c3724c04858a8b561ada1054e4928f0930794f9f5f28672a84e2850e7b330acb"",""query_sha256"":""0f31130653f6c7f7dad353eb0c056676430f43d831aa1c986bb0e5cfe3f2b72c"",""engine"":""millenniumdb"",""engine_version"":""MillenniumDB [engines.json profile]"",""scale"":""10M"",""base_endpoint_sha256"":""3468610cc4e68c6a0db393e82d8981ea7136faf570fafbd39ac70ec58665cd16"",""reified_endpoint_sha256"":""288dcc57d9aa106343144401ea35f7ac346f23f881320d2a828dd038019e3d1a"",""update_endpoint_sha256"":""8a607274f1b3d176dd6acfdc7381c25676b642e78d334a9664e45a2bdf3d52a0"",""base_data_identity_sha256"":""59fb59a04cd20e6dec9ee47cf1de02734068a3328cade998a3fc44a746054ea8"",""reified_data_identity_sha256"":""a42a308bd2c5294f3aa79a1a3b15804d4137fd68d7677d9adc037e257a217e76"",""update_for"":""none"",""access_mode"":""read-only"",""base_data_name"":""exploratory-base"",""reified_data_name"":""exploratory-reified"",""update_canary_sha256"":""2b9b44b25cd1c568cd57c6c5df25ae260b68229044617821fb33f542dab77648"",""store_instance_sha256"":""2fa0b01dffc52d6647e98c7f554a1a4ff05e5abe6830b9c10d45f5dd8984f60d"",""store_discriminator_sha256"":""f9ff8d30db2db1840ca1585b5598b1cf4d1d06ac2adb86a55b430669507fabff"",""tool_sha256"":""b38a65fc0c1a91e138f057f7b6c08d21c328463aceb40ffda53fc759f99d2f7a"",""java_runtime_sha256"":""bdd50c08a90e2fb713541b8a118df6250246a917edc41a6776aeafc90b472687"",""run_identity_sha256"":""4999ff1c2faa335e139b5a5942fdb0bcbe61b5742bedd2963090e6a5f801d877""}"
baf731844a65b830a95b2167d5a3b6b77d65abcd,millenniumdb,MillenniumDB [engines.json profile],10M,O,O1,00,0f31130653f6c7f7dad353eb0c056676430f43d831aa1c986bb0e5cfe3f2b72c,R,reification-only,ok,49,4.6,4.4,4.7,4.6,0.2,1,3,300.0,4992,0.0,,,,,227.287981,"[4.637, 4.72, 4.401]","[0.0, 0.0, 0.0]",,[],,[],,[],r9.2-frozen-identity-v7,c3724c04858a8b561ada1054e4928f0930794f9f5f28672a84e2850e7b330acb,csv-binding-multiset-v1,49,e717b348b96326106c85a84646af7f6d5887e5ac8014029e580f5cabad5800af,,,,,,,,3468610cc4e68c6a0db393e82d8981ea7136faf570fafbd39ac70ec58665cd16,288dcc57d9aa106343144401ea35f7ac346f23f881320d2a828dd038019e3d1a,8a607274f1b3d176dd6acfdc7381c25676b642e78d334a9664e45a2bdf3d52a0,59fb59a04cd20e6dec9ee47cf1de02734068a3328cade998a3fc44a746054ea8,a42a308bd2c5294f3aa79a1a3b15804d4137fd68d7677d9adc037e257a217e76,none,read-only,exploratory-base,exploratory-reified,2b9b44b25cd1c568cd57c6c5df25ae260b68229044617821fb33f542dab77648,2fa0b01dffc52d6647e98c7f554a1a4ff05e5abe6830b9c10d45f5dd8984f60d,f9ff8d30db2db1840ca1585b5598b1cf4d1d06ac2adb86a55b430669507fabff,b38a65fc0c1a91e138f057f7b6c08d21c328463aceb40ffda53fc759f99d2f7a,bdd50c08a90e2fb713541b8a118df6250246a917edc41a6776aeafc90b472687,4999ff1c2faa335e139b5a5942fdb0bcbe61b5742bedd2963090e6a5f801d877,"pcm-meta-v2:{""protocol"":""r9.2-frozen-identity-v7"",""message"":"""",""cell_wall_ms"":254.137,""answer_kind"":""csv-binding-multiset-v1"",""answer_key_count"":49,""answer_fingerprint"":""e717b348b96326106c85a84646af7f6d5887e5ac8014029e580f5cabad5800af"",""c_parse_samples"":[0.0,0.0,0.0],""c_protocol_samples"":[],""construct_total_samples"":[],""construct_unattributed_samples"":[],""status"":""ok"",""status_evidence"":null,""construction_requested"":null,""construction_effective"":null,""commit"":""baf731844a65b830a95b2167d5a3b6b77d65abcd"",""batch_id"":""c3724c04858a8b561ada1054e4928f0930794f9f5f28672a84e2850e7b330acb"",""query_sha256"":""0f31130653f6c7f7dad353eb0c056676430f43d831aa1c986bb0e5cfe3f2b72c"",""engine"":""millenniumdb"",""engine_version"":""MillenniumDB [engines.json profile]"",""scale"":""10M"",""base_endpoint_sha256"":""3468610cc4e68c6a0db393e82d8981ea7136faf570fafbd39ac70ec58665cd16"",""reified_endpoint_sha256"":""288dcc57d9aa106343144401ea35f7ac346f23f881320d2a828dd038019e3d1a"",""update_endpoint_sha256"":""8a607274f1b3d176dd6acfdc7381c25676b642e78d334a9664e45a2bdf3d52a0"",""base_data_identity_sha256"":""59fb59a04cd20e6dec9ee47cf1de02734068a3328cade998a3fc44a746054ea8"",""reified_data_identity_sha256"":""a42a308bd2c5294f3aa79a1a3b15804d4137fd68d7677d9adc037e257a217e76"",""update_for"":""none"",""access_mode"":""read-only"",""base_data_name"":""exploratory-base"",""reified_data_name"":""exploratory-reified"",""update_canary_sha256"":""2b9b44b25cd1c568cd57c6c5df25ae260b68229044617821fb33f542dab77648"",""store_instance_sha256"":""2fa0b01dffc52d6647e98c7f554a1a4ff05e5abe6830b9c10d45f5dd8984f60d"",""store_discriminator_sha256"":""f9ff8d30db2db1840ca1585b5598b1cf4d1d06ac2adb86a55b430669507fabff"",""tool_sha256"":""b38a65fc0c1a91e138f057f7b6c08d21c328463aceb40ffda53fc759f99d2f7a"",""java_runtime_sha256"":""bdd50c08a90e2fb713541b8a118df6250246a917edc41a6776aeafc90b472687"",""run_identity_sha256"":""4999ff1c2faa335e139b5a5942fdb0bcbe61b5742bedd2963090e6a5f801d877""}"
baf731844a65b830a95b2167d5a3b6b77d65abcd,millenniumdb,MillenniumDB [engines.json profile],10M,O,O1,00,0f31130653f6c7f7dad353eb0c056676430f43d831aa1c986bb0e5cfe3f2b72c,N,N_clean (NPCS reimplementation),ok,50,362.8,300.8,449.9,371.2,74.9,1,3,300.0,7451,0.0,,,,6,207.724856,"[449.932, 362.793, 300.814]","[0.0, 0.0, 0.0]",,[],,[],,[],r9.2-frozen-identity-v7,c3724c04858a8b561ada1054e4928f0930794f9f5f28672a84e2850e7b330acb,csv-candidate-multiset-v1,50,fffece2de5b94f934e086e8ebdc68a40ef992cacc10b29e47dcacaf4b01dcc3e,,,,,,,,3468610cc4e68c6a0db393e82d8981ea7136faf570fafbd39ac70ec58665cd16,288dcc57d9aa106343144401ea35f7ac346f23f881320d2a828dd038019e3d1a,8a607274f1b3d176dd6acfdc7381c25676b642e78d334a9664e45a2bdf3d52a0,59fb59a04cd20e6dec9ee47cf1de02734068a3328cade998a3fc44a746054ea8,a42a308bd2c5294f3aa79a1a3b15804d4137fd68d7677d9adc037e257a217e76,none,read-only,exploratory-base,exploratory-reified,2b9b44b25cd1c568cd57c6c5df25ae260b68229044617821fb33f542dab77648,2fa0b01dffc52d6647e98c7f554a1a4ff05e5abe6830b9c10d45f5dd8984f60d,f9ff8d30db2db1840ca1585b5598b1cf4d1d06ac2adb86a55b430669507fabff,b38a65fc0c1a91e138f057f7b6c08d21c328463aceb40ffda53fc759f99d2f7a,bdd50c08a90e2fb713541b8a118df6250246a917edc41a6776aeafc90b472687,4999ff1c2faa335e139b5a5942fdb0bcbe61b5742bedd2963090e6a5f801d877,"pcm-meta-v2:{""protocol"":""r9.2-frozen-identity-v7"",""message"":"""",""cell_wall_ms"":2646.664,""answer_kind"":""csv-candidate-multiset-v1"",""answer_key_count"":50,""answer_fingerprint"":""fffece2de5b94f934e086e8ebdc68a40ef992cacc10b29e47dcacaf4b01dcc3e"",""c_parse_samples"":[0.0,0.0,0.0],""c_protocol_samples"":[],""construct_total_samples"":[],""construct_unattributed_samples"":[],""status"":""ok"",""status_evidence"":null,""construction_requested"":null,""construction_effective"":null,""commit"":""baf731844a65b830a95b2167d5a3b6b77d65abcd"",""batch_id"":""c3724c04858a8b561ada1054e4928f0930794f9f5f28672a84e2850e7b330acb"",""query_sha256"":""0f31130653f6c7f7dad353eb0c056676430f43d831aa1c986bb0e5cfe3f2b72c"",""engine"":""millenniumdb"",""engine_version"":""MillenniumDB [engines.json profile]"",""scale"":""10M"",""base_endpoint_sha256"":""3468610cc4e68c6a0db393e82d8981ea7136faf570fafbd39ac70ec58665cd16"",""reified_endpoint_sha256"":""288dcc57d9aa106343144401ea35f7ac346f23f881320d2a828dd038019e3d1a"",""update_endpoint_sha256"":""8a607274f1b3d176dd6acfdc7381c25676b642e78d334a9664e45a2bdf3d52a0"",""base_data_identity_sha256"":""59fb59a04cd20e6dec9ee47cf1de02734068a3328cade998a3fc44a746054ea8"",""reified_data_identity_sha256"":""a42a308bd2c5294f3aa79a1a3b15804d4137fd68d7677d9adc037e257a217e76"",""update_for"":""none"",""access_mode"":""read-only"",""base_data_name"":""exploratory-base"",""reified_data_name"":""exploratory-reified"",""update_canary_sha256"":""2b9b44b25cd1c568cd57c6c5df25ae260b68229044617821fb33f542dab77648"",""store_instance_sha256"":""2fa0b01dffc52d6647e98c7f554a1a4ff05e5abe6830b9c10d45f5dd8984f60d"",""store_discriminator_sha256"":""f9ff8d30db2db1840ca1585b5598b1cf4d1d06ac2adb86a55b430669507fabff"",""tool_sha256"":""b38a65fc0c1a91e138f057f7b6c08d21c328463aceb40ffda53fc759f99d2f7a"",""java_runtime_sha256"":""bdd50c08a90e2fb713541b8a118df6250246a917edc41a6776aeafc90b472687"",""run_identity_sha256"":""4999ff1c2faa335e139b5a5942fdb0bcbe61b5742bedd2963090e6a5f801d877""}"
baf731844a65b830a95b2167d5a3b6b77d65abcd,millenniumdb,MillenniumDB [engines.json profile],10M,O,O1,00,0f31130653f6c7f7dad353eb0c056676430f43d831aa1c986bb0e5cfe3f2b72c,C,SPARQLcirc CircuitRewriter,ok,51,361.1,356.1,423.5,380.2,37.6,1,3,300.0,1593174,180.0,5251,5208,2552,,640.251855,"[423.539, 356.078, 361.084]","[180.002, 187.464, 166.484]",0.0,"[0.0, 0.0, 0.0]",545.0,"[605.455, 544.973, 528.91]",1.4,"[1.914, 1.43, 1.341]",r9.2-frozen-identity-v7,c3724c04858a8b561ada1054e4928f0930794f9f5f28672a84e2850e7b330acb,term-aware-candidate-set-v1,51,f2b9dc280b9dc88feef8cd205ef7b89c076f7a65571b463e8e111865707a98ac,flat,flat,523b78fbebb7e5bfdbf9494b083f98c1cfe260daf29747ebaeb66a04571d25d2,,,,,3468610cc4e68c6a0db393e82d8981ea7136faf570fafbd39ac70ec58665cd16,288dcc57d9aa106343144401ea35f7ac346f23f881320d2a828dd038019e3d1a,8a607274f1b3d176dd6acfdc7381c25676b642e78d334a9664e45a2bdf3d52a0,59fb59a04cd20e6dec9ee47cf1de02734068a3328cade998a3fc44a746054ea8,a42a308bd2c5294f3aa79a1a3b15804d4137fd68d7677d9adc037e257a217e76,none,read-only,exploratory-base,exploratory-reified,2b9b44b25cd1c568cd57c6c5df25ae260b68229044617821fb33f542dab77648,2fa0b01dffc52d6647e98c7f554a1a4ff05e5abe6830b9c10d45f5dd8984f60d,f9ff8d30db2db1840ca1585b5598b1cf4d1d06ac2adb86a55b430669507fabff,b38a65fc0c1a91e138f057f7b6c08d21c328463aceb40ffda53fc759f99d2f7a,bdd50c08a90e2fb713541b8a118df6250246a917edc41a6776aeafc90b472687,4999ff1c2faa335e139b5a5942fdb0bcbe61b5742bedd2963090e6a5f801d877,"pcm-meta-v2:{""protocol"":""r9.2-frozen-identity-v7"",""message"":""C requested=flat effective=flat; steps=5 feedback=0; network includes CONSTRUCT, feedback INSERT, and cleanup DELETE"",""cell_wall_ms"":4951.071,""answer_kind"":""term-aware-candidate-set-v1"",""answer_key_count"":51,""answer_fingerprint"":""f2b9dc280b9dc88feef8cd205ef7b89c076f7a65571b463e8e111865707a98ac"",""c_parse_samples"":[180.002,187.464,166.484],""c_protocol_samples"":[{""requested_mode"":""flat"",""effective_mode"":""flat"",""fallback_reason"":null,""plan_steps"":5,""feedback_steps"":0,""feedback_triples"":0,""construct_query_ms"":423.539,""feedback_update_ms"":0.0,""cleanup_ms"":0.0,""client_protocol_ms"":0.0,""network_scope"":""construct+feedback+cleanup"",""circuit_sha256"":""523b78fbebb7e5bfdbf9494b083f98c1cfe260daf29747ebaeb66a04571d25d2"",""answer_fingerprint"":""f2b9dc280b9dc88feef8cd205ef7b89c076f7a65571b463e8e111865707a98ac"",""semantic_signature_sha256"":""02e604d0a1161b0c60c9a39c964df53011e5049e18caf0b5aa90e7ba68da980d"",""structure_signature"":{""gates"":5251,""edges"":5208,""answers"":51,""derivations"":2552,""canonical_bytes"":1593174},""construct_total_ms"":605.455,""client_unattributed_ms"":1.914},{""requested_mode"":""flat"",""effective_mode"":""flat"",""fallback_reason"":null,""plan_steps"":5,""feedback_steps"":0,""feedback_triples"":0,""construct_query_ms"":356.078,""feedback_update_ms"":0.0,""cleanup_ms"":0.0,""client_protocol_ms"":0.0,""network_scope"":""construct+feedback+cleanup"",""circuit_sha256"":""523b78fbebb7e5bfdbf9494b083f98c1cfe260daf29747ebaeb66a04571d25d2"",""answer_fingerprint"":""f2b9dc280b9dc88feef8cd205ef7b89c076f7a65571b463e8e111865707a98ac"",""semantic_signature_sha256"":""02e604d0a1161b0c60c9a39c964df53011e5049e18caf0b5aa90e7ba68da980d"",""structure_signature"":{""gates"":5251,""edges"":5208,""answers"":51,""derivations"":2552,""canonical_bytes"":1593174},""construct_total_ms"":544.973,""client_unattributed_ms"":1.43},{""requested_mode"":""flat"",""effective_mode"":""flat"",""fallback_reason"":null,""plan_steps"":5,""feedback_steps"":0,""feedback_triples"":0,""construct_query_ms"":361.084,""feedback_update_ms"":0.0,""cleanup_ms"":0.0,""client_protocol_ms"":0.0,""network_scope"":""construct+feedback+cleanup"",""circuit_sha256"":""523b78fbebb7e5bfdbf9494b083f98c1cfe260daf29747ebaeb66a04571d25d2"",""answer_fingerprint"":""f2b9dc280b9dc88feef8cd205ef7b89c076f7a65571b463e8e111865707a98ac"",""semantic_signature_sha256"":""02e604d0a1161b0c60c9a39c964df53011e5049e18caf0b5aa90e7ba68da980d"",""structure_signature"":{""gates"":5251,""edges"":5208,""answers"":51,""derivations"":2552,""canonical_bytes"":1593174},""construct_total_ms"":528.91,""client_unattributed_ms"":1.341}],""construct_total_samples"":[605.455,544.973,528.91],""construct_unattributed_samples"":[1.914,1.43,1.341],""status"":""ok"",""status_evidence"":null,""c_warmup_signatures"":[""02e604d0a1161b0c60c9a39c964df53011e5049e18caf0b5aa90e7ba68da980d""],""measured_semantic_signature_sha256"":""02e604d0a1161b0c60c9a39c964df53011e5049e18caf0b5aa90e7ba68da980d"",""measured_repetitions_consistent"":true,""construction_requested"":""flat"",""construction_effective"":""flat"",""commit"":""baf731844a65b830a95b2167d5a3b6b77d65abcd"",""batch_id"":""c3724c04858a8b561ada1054e4928f0930794f9f5f28672a84e2850e7b330acb"",""query_sha256"":""0f31130653f6c7f7dad353eb0c056676430f43d831aa1c986bb0e5cfe3f2b72c"",""engine"":""millenniumdb"",""engine_version"":""MillenniumDB [engines.json profile]"",""scale"":""10M"",""base_endpoint_sha256"":""3468610cc4e68c6a0db393e82d8981ea7136faf570fafbd39ac70ec58665cd16"",""reified_endpoint_sha256"":""288dcc57d9aa106343144401ea35f7ac346f23f881320d2a828dd038019e3d1a"",""update_endpoint_sha256"":""8a607274f1b3d176dd6acfdc7381c25676b642e78d334a9664e45a2bdf3d52a0"",""base_data_identity_sha256"":""59fb59a04cd20e6dec9ee47cf1de02734068a3328cade998a3fc44a746054ea8"",""reified_data_identity_sha256"":""a42a308bd2c5294f3aa79a1a3b15804d4137fd68d7677d9adc037e257a217e76"",""update_for"":""none"",""access_mode"":""read-only"",""base_data_name"":""exploratory-base"",""reified_data_name"":""exploratory-reified"",""update_canary_sha256"":""2b9b44b25cd1c568cd57c6c5df25ae260b68229044617821fb33f542dab77648"",""store_instance_sha256"":""2fa0b01dffc52d6647e98c7f554a1a4ff05e5abe6830b9c10d45f5dd8984f60d"",""store_discriminator_sha256"":""f9ff8d30db2db1840ca1585b5598b1cf4d1d06ac2adb86a55b430669507fabff"",""tool_sha256"":""b38a65fc0c1a91e138f057f7b6c08d21c328463aceb40ffda53fc759f99d2f7a"",""java_runtime_sha256"":""bdd50c08a90e2fb713541b8a118df6250246a917edc41a6776aeafc90b472687"",""run_identity_sha256"":""4999ff1c2faa335e139b5a5942fdb0bcbe61b5742bedd2963090e6a5f801d877""}"
baf731844a65b830a95b2167d5a3b6b77d65abcd,millenniumdb,MillenniumDB [engines.json profile],10M,O,O2,00,e2353d138cc41a9c8013909b8e8b380cf7ba04e2544b8ca784e13ce0c7009eb6,B,base-select,ok,58,1.6,1.5,1.9,1.7,0.2,1,3,300.0,5263,0.0,,,,,0.00608,"[1.605, 1.465, 1.884]","[0.0, 0.0, 0.0]",,[],,[],,[],r9.2-frozen-identity-v7,c3724c04858a8b561ada1054e4928f0930794f9f5f28672a84e2850e7b330acb,csv-binding-multiset-v1,58,28e887aee0ac614f223f06062809ad0a3299e2644fc5ff74ad045b41185e750f,,,,,,,,3468610cc4e68c6a0db393e82d8981ea7136faf570fafbd39ac70ec58665cd16,288dcc57d9aa106343144401ea35f7ac346f23f881320d2a828dd038019e3d1a,8a607274f1b3d176dd6acfdc7381c25676b642e78d334a9664e45a2bdf3d52a0,59fb59a04cd20e6dec9ee47cf1de02734068a3328cade998a3fc44a746054ea8,a42a308bd2c5294f3aa79a1a3b15804d4137fd68d7677d9adc037e257a217e76,none,read-only,exploratory-base,exploratory-reified,2b9b44b25cd1c568cd57c6c5df25ae260b68229044617821fb33f542dab77648,2fa0b01dffc52d6647e98c7f554a1a4ff05e5abe6830b9c10d45f5dd8984f60d,f9ff8d30db2db1840ca1585b5598b1cf4d1d06ac2adb86a55b430669507fabff,b38a65fc0c1a91e138f057f7b6c08d21c328463aceb40ffda53fc759f99d2f7a,bdd50c08a90e2fb713541b8a118df6250246a917edc41a6776aeafc90b472687,b61aacf5130e2d20a87fffea8fc548fb193684183ee2059e0e26b1c8ee7e5879,"pcm-meta-v2:{""protocol"":""r9.2-frozen-identity-v7"",""message"":"""",""cell_wall_ms"":19.819,""answer_kind"":""csv-binding-multiset-v1"",""answer_key_count"":58,""answer_fingerprint"":""28e887aee0ac614f223f06062809ad0a3299e2644fc5ff74ad045b41185e750f"",""c_parse_samples"":[0.0,0.0,0.0],""c_protocol_samples"":[],""construct_total_samples"":[],""construct_unattributed_samples"":[],""status"":""ok"",""status_evidence"":null,""construction_requested"":null,""construction_effective"":null,""commit"":""baf731844a65b830a95b2167d5a3b6b77d65abcd"",""batch_id"":""c3724c04858a8b561ada1054e4928f0930794f9f5f28672a84e2850e7b330acb"",""query_sha256"":""e2353d138cc41a9c8013909b8e8b380cf7ba04e2544b8ca784e13ce0c7009eb6"",""engine"":""millenniumdb"",""engine_version"":""MillenniumDB [engines.json profile]"",""scale"":""10M"",""base_endpoint_sha256"":""3468610cc4e68c6a0db393e82d8981ea7136faf570fafbd39ac70ec58665cd16"",""reified_endpoint_sha256"":""288dcc57d9aa106343144401ea35f7ac346f23f881320d2a828dd038019e3d1a"",""update_endpoint_sha256"":""8a607274f1b3d176dd6acfdc7381c25676b642e78d334a9664e45a2bdf3d52a0"",""base_data_identity_sha256"":""59fb59a04cd20e6dec9ee47cf1de02734068a3328cade998a3fc44a746054ea8"",""reified_data_identity_sha256"":""a42a308bd2c5294f3aa79a1a3b15804d4137fd68d7677d9adc037e257a217e76"",""update_for"":""none"",""access_mode"":""read-only"",""base_data_name"":""exploratory-base"",""reified_data_name"":""exploratory-reified"",""update_canary_sha256"":""2b9b44b25cd1c568cd57c6c5df25ae260b68229044617821fb33f542dab77648"",""store_instance_sha256"":""2fa0b01dffc52d6647e98c7f554a1a4ff05e5abe6830b9c10d45f5dd8984f60d"",""store_discriminator_sha256"":""f9ff8d30db2db1840ca1585b5598b1cf4d1d06ac2adb86a55b430669507fabff"",""tool_sha256"":""b38a65fc0c1a91e138f057f7b6c08d21c328463aceb40ffda53fc759f99d2f7a"",""java_runtime_sha256"":""bdd50c08a90e2fb713541b8a118df6250246a917edc41a6776aeafc90b472687"",""run_identity_sha256"":""b61aacf5130e2d20a87fffea8fc548fb193684183ee2059e0e26b1c8ee7e5879""}"
baf731844a65b830a95b2167d5a3b6b77d65abcd,millenniumdb,MillenniumDB [engines.json profile],10M,O,O2,00,e2353d138cc41a9c8013909b8e8b380cf7ba04e2544b8ca784e13ce0c7009eb6,R,reification-only,ok,58,2.3,2.0,3.1,2.5,0.6,1,3,300.0,5263,0.0,,,,,166.554017,"[1.966, 3.108, 2.306]","[0.0, 0.0, 0.0]",,[],,[],,[],r9.2-frozen-identity-v7,c3724c04858a8b561ada1054e4928f0930794f9f5f28672a84e2850e7b330acb,csv-binding-multiset-v1,58,28e887aee0ac614f223f06062809ad0a3299e2644fc5ff74ad045b41185e750f,,,,,,,,3468610cc4e68c6a0db393e82d8981ea7136faf570fafbd39ac70ec58665cd16,288dcc57d9aa106343144401ea35f7ac346f23f881320d2a828dd038019e3d1a,8a607274f1b3d176dd6acfdc7381c25676b642e78d334a9664e45a2bdf3d52a0,59fb59a04cd20e6dec9ee47cf1de02734068a3328cade998a3fc44a746054ea8,a42a308bd2c5294f3aa79a1a3b15804d4137fd68d7677d9adc037e257a217e76,none,read-only,exploratory-base,exploratory-reified,2b9b44b25cd1c568cd57c6c5df25ae260b68229044617821fb33f542dab77648,2fa0b01dffc52d6647e98c7f554a1a4ff05e5abe6830b9c10d45f5dd8984f60d,f9ff8d30db2db1840ca1585b5598b1cf4d1d06ac2adb86a55b430669507fabff,b38a65fc0c1a91e138f057f7b6c08d21c328463aceb40ffda53fc759f99d2f7a,bdd50c08a90e2fb713541b8a118df6250246a917edc41a6776aeafc90b472687,b61aacf5130e2d20a87fffea8fc548fb193684183ee2059e0e26b1c8ee7e5879,"pcm-meta-v2:{""protocol"":""r9.2-frozen-identity-v7"",""message"":"""",""cell_wall_ms"":185.891,""answer_kind"":""csv-binding-multiset-v1"",""answer_key_count"":58,""answer_fingerprint"":""28e887aee0ac614f223f06062809ad0a3299e2644fc5ff74ad045b41185e750f"",""c_parse_samples"":[0.0,0.0,0.0],""c_protocol_samples"":[],""construct_total_samples"":[],""construct_unattributed_samples"":[],""status"":""ok"",""status_evidence"":null,""construction_requested"":null,""construction_effective"":null,""commit"":""baf731844a65b830a95b2167d5a3b6b77d65abcd"",""batch_id"":""c3724c04858a8b561ada1054e4928f0930794f9f5f28672a84e2850e7b330acb"",""query_sha256"":""e2353d138cc41a9c8013909b8e8b380cf7ba04e2544b8ca784e13ce0c7009eb6"",""engine"":""millenniumdb"",""engine_version"":""MillenniumDB [engines.json profile]"",""scale"":""10M"",""base_endpoint_sha256"":""3468610cc4e68c6a0db393e82d8981ea7136faf570fafbd39ac70ec58665cd16"",""reified_endpoint_sha256"":""288dcc57d9aa106343144401ea35f7ac346f23f881320d2a828dd038019e3d1a"",""update_endpoint_sha256"":""8a607274f1b3d176dd6acfdc7381c25676b642e78d334a9664e45a2bdf3d52a0"",""base_data_identity_sha256"":""59fb59a04cd20e6dec9ee47cf1de02734068a3328cade998a3fc44a746054ea8"",""reified_data_identity_sha256"":""a42a308bd2c5294f3aa79a1a3b15804d4137fd68d7677d9adc037e257a217e76"",""update_for"":""none"",""access_mode"":""read-only"",""base_data_name"":""exploratory-base"",""reified_data_name"":""exploratory-reified"",""update_canary_sha256"":""2b9b44b25cd1c568cd57c6c5df25ae260b68229044617821fb33f542dab77648"",""store_instance_sha256"":""2fa0b01dffc52d6647e98c7f554a1a4ff05e5abe6830b9c10d45f5dd8984f60d"",""store_discriminator_sha256"":""f9ff8d30db2db1840ca1585b5598b1cf4d1d06ac2adb86a55b430669507fabff"",""tool_sha256"":""b38a65fc0c1a91e138f057f7b6c08d21c328463aceb40ffda53fc759f99d2f7a"",""java_runtime_sha256"":""bdd50c08a90e2fb713541b8a118df6250246a917edc41a6776aeafc90b472687"",""run_identity_sha256"":""b61aacf5130e2d20a87fffea8fc548fb193684183ee2059e0e26b1c8ee7e5879""}"
baf731844a65b830a95b2167d5a3b6b77d65abcd,millenniumdb,MillenniumDB [engines.json profile],10M,O,O2,00,e2353d138cc41a9c8013909b8e8b380cf7ba04e2544b8ca784e13ce0c7009eb6,N,N_clean (NPCS reimplementation),ok,62,3159.6,2650.4,3247.2,3019.1,322.2,1,3,300.0,9609,0.0,,,,103,213.190768,"[2650.45, 3159.623, 3247.186]","[0.0, 0.0, 0.0]",,[],,[],,[],r9.2-frozen-identity-v7,c3724c04858a8b561ada1054e4928f0930794f9f5f28672a84e2850e7b330acb,csv-candidate-multiset-v1,62,2f37b89b7fdb9810a5b2edfad86aeb3475b3317fb10bff3662d2d0eaab868428,,,,,,,,3468610cc4e68c6a0db393e82d8981ea7136faf570fafbd39ac70ec58665cd16,288dcc57d9aa106343144401ea35f7ac346f23f881320d2a828dd038019e3d1a,8a607274f1b3d176dd6acfdc7381c25676b642e78d334a9664e45a2bdf3d52a0,59fb59a04cd20e6dec9ee47cf1de02734068a3328cade998a3fc44a746054ea8,a42a308bd2c5294f3aa79a1a3b15804d4137fd68d7677d9adc037e257a217e76,none,read-only,exploratory-base,exploratory-reified,2b9b44b25cd1c568cd57c6c5df25ae260b68229044617821fb33f542dab77648,2fa0b01dffc52d6647e98c7f554a1a4ff05e5abe6830b9c10d45f5dd8984f60d,f9ff8d30db2db1840ca1585b5598b1cf4d1d06ac2adb86a55b430669507fabff,b38a65fc0c1a91e138f057f7b6c08d21c328463aceb40ffda53fc759f99d2f7a,bdd50c08a90e2fb713541b8a118df6250246a917edc41a6776aeafc90b472687,b61aacf5130e2d20a87fffea8fc548fb193684183ee2059e0e26b1c8ee7e5879,"pcm-meta-v2:{""protocol"":""r9.2-frozen-identity-v7"",""message"":"""",""cell_wall_ms"":12811.614,""answer_kind"":""csv-candidate-multiset-v1"",""answer_key_count"":62,""answer_fingerprint"":""2f37b89b7fdb9810a5b2edfad86aeb3475b3317fb10bff3662d2d0eaab868428"",""c_parse_samples"":[0.0,0.0,0.0],""c_protocol_samples"":[],""construct_total_samples"":[],""construct_unattributed_samples"":[],""status"":""ok"",""status_evidence"":null,""construction_requested"":null,""construction_effective"":null,""commit"":""baf731844a65b830a95b2167d5a3b6b77d65abcd"",""batch_id"":""c3724c04858a8b561ada1054e4928f0930794f9f5f28672a84e2850e7b330acb"",""query_sha256"":""e2353d138cc41a9c8013909b8e8b380cf7ba04e2544b8ca784e13ce0c7009eb6"",""engine"":""millenniumdb"",""engine_version"":""MillenniumDB [engines.json profile]"",""scale"":""10M"",""base_endpoint_sha256"":""3468610cc4e68c6a0db393e82d8981ea7136faf570fafbd39ac70ec58665cd16"",""reified_endpoint_sha256"":""288dcc57d9aa106343144401ea35f7ac346f23f881320d2a828dd038019e3d1a"",""update_endpoint_sha256"":""8a607274f1b3d176dd6acfdc7381c25676b642e78d334a9664e45a2bdf3d52a0"",""base_data_identity_sha256"":""59fb59a04cd20e6dec9ee47cf1de02734068a3328cade998a3fc44a746054ea8"",""reified_data_identity_sha256"":""a42a308bd2c5294f3aa79a1a3b15804d4137fd68d7677d9adc037e257a217e76"",""update_for"":""none"",""access_mode"":""read-only"",""base_data_name"":""exploratory-base"",""reified_data_name"":""exploratory-reified"",""update_canary_sha256"":""2b9b44b25cd1c568cd57c6c5df25ae260b68229044617821fb33f542dab77648"",""store_instance_sha256"":""2fa0b01dffc52d6647e98c7f554a1a4ff05e5abe6830b9c10d45f5dd8984f60d"",""store_discriminator_sha256"":""f9ff8d30db2db1840ca1585b5598b1cf4d1d06ac2adb86a55b430669507fabff"",""tool_sha256"":""b38a65fc0c1a91e138f057f7b6c08d21c328463aceb40ffda53fc759f99d2f7a"",""java_runtime_sha256"":""bdd50c08a90e2fb713541b8a118df6250246a917edc41a6776aeafc90b472687"",""run_identity_sha256"":""b61aacf5130e2d20a87fffea8fc548fb193684183ee2059e0e26b1c8ee7e5879""}"
baf731844a65b830a95b2167d5a3b6b77d65abcd,millenniumdb,MillenniumDB [engines.json profile],10M,O,O2,00,e2353d138cc41a9c8013909b8e8b380cf7ba04e2544b8ca784e13ce0c7009eb6,C,SPARQLcirc CircuitRewriter,ok,63,13214.4,11220.1,15197.0,13210.5,1988.5,1,3,300.0,64994748,7564.6,224970,225040,112464,,445.516454,"[13214.426, 15197.044, 11220.111]","[9063.873, 7564.578, 7329.925]",0.0,"[0.0, 0.0, 0.0]",22346.5,"[22346.519, 22824.495, 18614.039]",64.0,"[68.22, 62.873, 64.004]",r9.2-frozen-identity-v7,c3724c04858a8b561ada1054e4928f0930794f9f5f28672a84e2850e7b330acb,term-aware-candidate-set-v1,63,3c1096c7b1f4f1b47fea216d40b93e1535013aed23ce1287d4f0c76401995f00,flat,flat,d2c651689e46dd84cda554e280452fd9ecb0e37efa501ab54637551c4efb0c47,,,,,3468610cc4e68c6a0db393e82d8981ea7136faf570fafbd39ac70ec58665cd16,288dcc57d9aa106343144401ea35f7ac346f23f881320d2a828dd038019e3d1a,8a607274f1b3d176dd6acfdc7381c25676b642e78d334a9664e45a2bdf3d52a0,59fb59a04cd20e6dec9ee47cf1de02734068a3328cade998a3fc44a746054ea8,a42a308bd2c5294f3aa79a1a3b15804d4137fd68d7677d9adc037e257a217e76,none,read-only,exploratory-base,exploratory-reified,2b9b44b25cd1c568cd57c6c5df25ae260b68229044617821fb33f542dab77648,2fa0b01dffc52d6647e98c7f554a1a4ff05e5abe6830b9c10d45f5dd8984f60d,f9ff8d30db2db1840ca1585b5598b1cf4d1d06ac2adb86a55b430669507fabff,b38a65fc0c1a91e138f057f7b6c08d21c328463aceb40ffda53fc759f99d2f7a,bdd50c08a90e2fb713541b8a118df6250246a917edc41a6776aeafc90b472687,b61aacf5130e2d20a87fffea8fc548fb193684183ee2059e0e26b1c8ee7e5879,"pcm-meta-v2:{""protocol"":""r9.2-frozen-identity-v7"",""message"":""C requested=flat effective=flat; steps=5 feedback=0; network includes CONSTRUCT, feedback INSERT, and cleanup DELETE"",""cell_wall_ms"":87060.455,""answer_kind"":""term-aware-candidate-set-v1"",""answer_key_count"":63,""answer_fingerprint"":""3c1096c7b1f4f1b47fea216d40b93e1535013aed23ce1287d4f0c76401995f00"",""c_parse_samples"":[9063.873,7564.578,7329.925],""c_protocol_samples"":[{""requested_mode"":""flat"",""effective_mode"":""flat"",""fallback_reason"":null,""plan_steps"":5,""feedback_steps"":0,""feedback_triples"":0,""construct_query_ms"":13214.426,""feedback_update_ms"":0.0,""cleanup_ms"":0.0,""client_protocol_ms"":0.0,""network_scope"":""construct+feedback+cleanup"",""circuit_sha256"":""d2c651689e46dd84cda554e280452fd9ecb0e37efa501ab54637551c4efb0c47"",""answer_fingerprint"":""3c1096c7b1f4f1b47fea216d40b93e1535013aed23ce1287d4f0c76401995f00"",""semantic_signature_sha256"":""ef281860cd04486959583e928bafee9f218aecce62e2ebb6651e8e072ded6c74"",""structure_signature"":{""gates"":224970,""edges"":225040,""answers"":63,""derivations"":112464,""canonical_bytes"":64994748},""construct_total_ms"":22346.519,""client_unattributed_ms"":68.22},{""requested_mode"":""flat"",""effective_mode"":""flat"",""fallback_reason"":null,""plan_steps"":5,""feedback_steps"":0,""feedback_triples"":0,""construct_query_ms"":15197.044,""feedback_update_ms"":0.0,""cleanup_ms"":0.0,""client_protocol_ms"":0.0,""network_scope"":""construct+feedback+cleanup"",""circuit_sha256"":""d2c651689e46dd84cda554e280452fd9ecb0e37efa501ab54637551c4efb0c47"",""answer_fingerprint"":""3c1096c7b1f4f1b47fea216d40b93e1535013aed23ce1287d4f0c76401995f00"",""semantic_signature_sha256"":""ef281860cd04486959583e928bafee9f218aecce62e2ebb6651e8e072ded6c74"",""structure_signature"":{""gates"":224970,""edges"":225040,""answers"":63,""derivations"":112464,""canonical_bytes"":64994748},""construct_total_ms"":22824.495,""client_unattributed_ms"":62.873},{""requested_mode"":""flat"",""effective_mode"":""flat"",""fallback_reason"":null,""plan_steps"":5,""feedback_steps"":0,""feedback_triples"":0,""construct_query_ms"":11220.111,""feedback_update_ms"":0.0,""cleanup_ms"":0.0,""client_protocol_ms"":0.0,""network_scope"":""construct+feedback+cleanup"",""circuit_sha256"":""d2c651689e46dd84cda554e280452fd9ecb0e37efa501ab54637551c4efb0c47"",""answer_fingerprint"":""3c1096c7b1f4f1b47fea216d40b93e1535013aed23ce1287d4f0c76401995f00"",""semantic_signature_sha256"":""ef281860cd04486959583e928bafee9f218aecce62e2ebb6651e8e072ded6c74"",""structure_signature"":{""gates"":224970,""edges"":225040,""answers"":63,""derivations"":112464,""canonical_bytes"":64994748},""construct_total_ms"":18614.039,""client_unattributed_ms"":64.004}],""construct_total_samples"":[22346.519,22824.495,18614.039],""construct_unattributed_samples"":[68.22,62.873,64.004],""status"":""ok"",""status_evidence"":null,""c_warmup_signatures"":[""ef281860cd04486959583e928bafee9f218aecce62e2ebb6651e8e072ded6c74""],""measured_semantic_signature_sha256"":""ef281860cd04486959583e928bafee9f218aecce62e2ebb6651e8e072ded6c74"",""measured_repetitions_consistent"":true,""construction_requested"":""flat"",""construction_effective"":""flat"",""commit"":""baf731844a65b830a95b2167d5a3b6b77d65abcd"",""batch_id"":""c3724c04858a8b561ada1054e4928f0930794f9f5f28672a84e2850e7b330acb"",""query_sha256"":""e2353d138cc41a9c8013909b8e8b380cf7ba04e2544b8ca784e13ce0c7009eb6"",""engine"":""millenniumdb"",""engine_version"":""MillenniumDB [engines.json profile]"",""scale"":""10M"",""base_endpoint_sha256"":""3468610cc4e68c6a0db393e82d8981ea7136faf570fafbd39ac70ec58665cd16"",""reified_endpoint_sha256"":""288dcc57d9aa106343144401ea35f7ac346f23f881320d2a828dd038019e3d1a"",""update_endpoint_sha256"":""8a607274f1b3d176dd6acfdc7381c25676b642e78d334a9664e45a2bdf3d52a0"",""base_data_identity_sha256"":""59fb59a04cd20e6dec9ee47cf1de02734068a3328cade998a3fc44a746054ea8"",""reified_data_identity_sha256"":""a42a308bd2c5294f3aa79a1a3b15804d4137fd68d7677d9adc037e257a217e76"",""update_for"":""none"",""access_mode"":""read-only"",""base_data_name"":""exploratory-base"",""reified_data_name"":""exploratory-reified"",""update_canary_sha256"":""2b9b44b25cd1c568cd57c6c5df25ae260b68229044617821fb33f542dab77648"",""store_instance_sha256"":""2fa0b01dffc52d6647e98c7f554a1a4ff05e5abe6830b9c10d45f5dd8984f60d"",""store_discriminator_sha256"":""f9ff8d30db2db1840ca1585b5598b1cf4d1d06ac2adb86a55b430669507fabff"",""tool_sha256"":""b38a65fc0c1a91e138f057f7b6c08d21c328463aceb40ffda53fc759f99d2f7a"",""java_runtime_sha256"":""bdd50c08a90e2fb713541b8a118df6250246a917edc41a6776aeafc90b472687"",""run_identity_sha256"":""b61aacf5130e2d20a87fffea8fc548fb193684183ee2059e0e26b1c8ee7e5879""}"
baf731844a65b830a95b2167d5a3b6b77d65abcd,millenniumdb,MillenniumDB [engines.json profile],10M,O,O3,00,8600634422cefcb5ad7bc23d2acb693e5f8bf0686ad4714d2eba90a935b2f2b3,B,base-select,ok,279,1.6,1.5,1.8,1.6,0.2,1,3,300.0,17779,0.0,,,,,0.006741,"[1.782, 1.459, 1.578]","[0.0, 0.0, 0.0]",,[],,[],,[],r9.2-frozen-identity-v7,c3724c04858a8b561ada1054e4928f0930794f9f5f28672a84e2850e7b330acb,csv-binding-multiset-v1,279,a7ebfa14bb79727babab5c97f809d3078c750fe5b3c269c2f3d7191d55c674d2,,,,,,,,3468610cc4e68c6a0db393e82d8981ea7136faf570fafbd39ac70ec58665cd16,288dcc57d9aa106343144401ea35f7ac346f23f881320d2a828dd038019e3d1a,8a607274f1b3d176dd6acfdc7381c25676b642e78d334a9664e45a2bdf3d52a0,59fb59a04cd20e6dec9ee47cf1de02734068a3328cade998a3fc44a746054ea8,a42a308bd2c5294f3aa79a1a3b15804d4137fd68d7677d9adc037e257a217e76,none,read-only,exploratory-base,exploratory-reified,2b9b44b25cd1c568cd57c6c5df25ae260b68229044617821fb33f542dab77648,2fa0b01dffc52d6647e98c7f554a1a4ff05e5abe6830b9c10d45f5dd8984f60d,f9ff8d30db2db1840ca1585b5598b1cf4d1d06ac2adb86a55b430669507fabff,b38a65fc0c1a91e138f057f7b6c08d21c328463aceb40ffda53fc759f99d2f7a,bdd50c08a90e2fb713541b8a118df6250246a917edc41a6776aeafc90b472687,bfaef954cc51fb312949e0d4695aea74c378cb3bd858cd18acec31e76b2bdac6,"pcm-meta-v2:{""protocol"":""r9.2-frozen-identity-v7"",""message"":"""",""cell_wall_ms"":48.108,""answer_kind"":""csv-binding-multiset-v1"",""answer_key_count"":279,""answer_fingerprint"":""a7ebfa14bb79727babab5c97f809d3078c750fe5b3c269c2f3d7191d55c674d2"",""c_parse_samples"":[0.0,0.0,0.0],""c_protocol_samples"":[],""construct_total_samples"":[],""construct_unattributed_samples"":[],""status"":""ok"",""status_evidence"":null,""construction_requested"":null,""construction_effective"":null,""commit"":""baf731844a65b830a95b2167d5a3b6b77d65abcd"",""batch_id"":""c3724c04858a8b561ada1054e4928f0930794f9f5f28672a84e2850e7b330acb"",""query_sha256"":""8600634422cefcb5ad7bc23d2acb693e5f8bf0686ad4714d2eba90a935b2f2b3"",""engine"":""millenniumdb"",""engine_version"":""MillenniumDB [engines.json profile]"",""scale"":""10M"",""base_endpoint_sha256"":""3468610cc4e68c6a0db393e82d8981ea7136faf570fafbd39ac70ec58665cd16"",""reified_endpoint_sha256"":""288dcc57d9aa106343144401ea35f7ac346f23f881320d2a828dd038019e3d1a"",""update_endpoint_sha256"":""8a607274f1b3d176dd6acfdc7381c25676b642e78d334a9664e45a2bdf3d52a0"",""base_data_identity_sha256"":""59fb59a04cd20e6dec9ee47cf1de02734068a3328cade998a3fc44a746054ea8"",""reified_data_identity_sha256"":""a42a308bd2c5294f3aa79a1a3b15804d4137fd68d7677d9adc037e257a217e76"",""update_for"":""none"",""access_mode"":""read-only"",""base_data_name"":""exploratory-base"",""reified_data_name"":""exploratory-reified"",""update_canary_sha256"":""2b9b44b25cd1c568cd57c6c5df25ae260b68229044617821fb33f542dab77648"",""store_instance_sha256"":""2fa0b01dffc52d6647e98c7f554a1a4ff05e5abe6830b9c10d45f5dd8984f60d"",""store_discriminator_sha256"":""f9ff8d30db2db1840ca1585b5598b1cf4d1d06ac2adb86a55b430669507fabff"",""tool_sha256"":""b38a65fc0c1a91e138f057f7b6c08d21c328463aceb40ffda53fc759f99d2f7a"",""java_runtime_sha256"":""bdd50c08a90e2fb713541b8a118df6250246a917edc41a6776aeafc90b472687"",""run_identity_sha256"":""bfaef954cc51fb312949e0d4695aea74c378cb3bd858cd18acec31e76b2bdac6""}"
baf731844a65b830a95b2167d5a3b6b77d65abcd,millenniumdb,MillenniumDB [engines.json profile],10M,O,O3,00,8600634422cefcb5ad7bc23d2acb693e5f8bf0686ad4714d2eba90a935b2f2b3,R,reification-only,ok,279,4.2,3.5,4.9,4.2,0.7,1,3,300.0,17779,0.0,,,,,158.02215,"[4.937, 4.187, 3.463]","[0.0, 0.0, 0.0]",,[],,[],,[],r9.2-frozen-identity-v7,c3724c04858a8b561ada1054e4928f0930794f9f5f28672a84e2850e7b330acb,csv-binding-multiset-v1,279,a7ebfa14bb79727babab5c97f809d3078c750fe5b3c269c2f3d7191d55c674d2,,,,,,,,3468610cc4e68c6a0db393e82d8981ea7136faf570fafbd39ac70ec58665cd16,288dcc57d9aa106343144401ea35f7ac346f23f881320d2a828dd038019e3d1a,8a607274f1b3d176dd6acfdc7381c25676b642e78d334a9664e45a2bdf3d52a0,59fb59a04cd20e6dec9ee47cf1de02734068a3328cade998a3fc44a746054ea8,a42a308bd2c5294f3aa79a1a3b15804d4137fd68d7677d9adc037e257a217e76,none,read-only,exploratory-base,exploratory-reified,2b9b44b25cd1c568cd57c6c5df25ae260b68229044617821fb33f542dab77648,2fa0b01dffc52d6647e98c7f554a1a4ff05e5abe6830b9c10d45f5dd8984f60d,f9ff8d30db2db1840ca1585b5598b1cf4d1d06ac2adb86a55b430669507fabff,b38a65fc0c1a91e138f057f7b6c08d21c328463aceb40ffda53fc759f99d2f7a,bdd50c08a90e2fb713541b8a118df6250246a917edc41a6776aeafc90b472687,bfaef954cc51fb312949e0d4695aea74c378cb3bd858cd18acec31e76b2bdac6,"pcm-meta-v2:{""protocol"":""r9.2-frozen-identity-v7"",""message"":"""",""cell_wall_ms"":837.749,""answer_kind"":""csv-binding-multiset-v1"",""answer_key_count"":279,""answer_fingerprint"":""a7ebfa14bb79727babab5c97f809d3078c750fe5b3c269c2f3d7191d55c674d2"",""c_parse_samples"":[0.0,0.0,0.0],""c_protocol_samples"":[],""construct_total_samples"":[],""construct_unattributed_samples"":[],""status"":""ok"",""status_evidence"":null,""construction_requested"":null,""construction_effective"":null,""commit"":""baf731844a65b830a95b2167d5a3b6b77d65abcd"",""batch_id"":""c3724c04858a8b561ada1054e4928f0930794f9f5f28672a84e2850e7b330acb"",""query_sha256"":""8600634422cefcb5ad7bc23d2acb693e5f8bf0686ad4714d2eba90a935b2f2b3"",""engine"":""millenniumdb"",""engine_version"":""MillenniumDB [engines.json profile]"",""scale"":""10M"",""base_endpoint_sha256"":""3468610cc4e68c6a0db393e82d8981ea7136faf570fafbd39ac70ec58665cd16"",""reified_endpoint_sha256"":""288dcc57d9aa106343144401ea35f7ac346f23f881320d2a828dd038019e3d1a"",""update_endpoint_sha256"":""8a607274f1b3d176dd6acfdc7381c25676b642e78d334a9664e45a2bdf3d52a0"",""base_data_identity_sha256"":""59fb59a04cd20e6dec9ee47cf1de02734068a3328cade998a3fc44a746054ea8"",""reified_data_identity_sha256"":""a42a308bd2c5294f3aa79a1a3b15804d4137fd68d7677d9adc037e257a217e76"",""update_for"":""none"",""access_mode"":""read-only"",""base_data_name"":""exploratory-base"",""reified_data_name"":""exploratory-reified"",""update_canary_sha256"":""2b9b44b25cd1c568cd57c6c5df25ae260b68229044617821fb33f542dab77648"",""store_instance_sha256"":""2fa0b01dffc52d6647e98c7f554a1a4ff05e5abe6830b9c10d45f5dd8984f60d"",""store_discriminator_sha256"":""f9ff8d30db2db1840ca1585b5598b1cf4d1d06ac2adb86a55b430669507fabff"",""tool_sha256"":""b38a65fc0c1a91e138f057f7b6c08d21c328463aceb40ffda53fc759f99d2f7a"",""java_runtime_sha256"":""bdd50c08a90e2fb713541b8a118df6250246a917edc41a6776aeafc90b472687"",""run_identity_sha256"":""bfaef954cc51fb312949e0d4695aea74c378cb3bd858cd18acec31e76b2bdac6""}"
baf731844a65b830a95b2167d5a3b6b77d65abcd,millenniumdb,MillenniumDB [engines.json profile],10M,O,O3,00,8600634422cefcb5ad7bc23d2acb693e5f8bf0686ad4714d2eba90a935b2f2b3,N,N_clean (NPCS reimplementation),ok,307,1668.3,1627.6,1683.6,1659.8,28.9,1,3,300.0,58802,0.0,,,,86,191.223961,"[1668.348, 1683.557, 1627.624]","[0.0, 0.0, 0.0]",,[],,[],,[],r9.2-frozen-identity-v7,c3724c04858a8b561ada1054e4928f0930794f9f5f28672a84e2850e7b330acb,csv-candidate-multiset-v1,307,408141f6a5b13d125d2c0b8e124d5b62c635f359cf21399b4f600e254548081c,,,,,,,,3468610cc4e68c6a0db393e82d8981ea7136faf570fafbd39ac70ec58665cd16,288dcc57d9aa106343144401ea35f7ac346f23f881320d2a828dd038019e3d1a,8a607274f1b3d176dd6acfdc7381c25676b642e78d334a9664e45a2bdf3d52a0,59fb59a04cd20e6dec9ee47cf1de02734068a3328cade998a3fc44a746054ea8,a42a308bd2c5294f3aa79a1a3b15804d4137fd68d7677d9adc037e257a217e76,none,read-only,exploratory-base,exploratory-reified,2b9b44b25cd1c568cd57c6c5df25ae260b68229044617821fb33f542dab77648,2fa0b01dffc52d6647e98c7f554a1a4ff05e5abe6830b9c10d45f5dd8984f60d,f9ff8d30db2db1840ca1585b5598b1cf4d1d06ac2adb86a55b430669507fabff,b38a65fc0c1a91e138f057f7b6c08d21c328463aceb40ffda53fc759f99d2f7a,bdd50c08a90e2fb713541b8a118df6250246a917edc41a6776aeafc90b472687,bfaef954cc51fb312949e0d4695aea74c378cb3bd858cd18acec31e76b2bdac6,"pcm-meta-v2:{""protocol"":""r9.2-frozen-identity-v7"",""message"":"""",""cell_wall_ms"":6667.501,""answer_kind"":""csv-candidate-multiset-v1"",""answer_key_count"":307,""answer_fingerprint"":""408141f6a5b13d125d2c0b8e124d5b62c635f359cf21399b4f600e254548081c"",""c_parse_samples"":[0.0,0.0,0.0],""c_protocol_samples"":[],""construct_total_samples"":[],""construct_unattributed_samples"":[],""status"":""ok"",""status_evidence"":null,""construction_requested"":null,""construction_effective"":null,""commit"":""baf731844a65b830a95b2167d5a3b6b77d65abcd"",""batch_id"":""c3724c04858a8b561ada1054e4928f0930794f9f5f28672a84e2850e7b330acb"",""query_sha256"":""8600634422cefcb5ad7bc23d2acb693e5f8bf0686ad4714d2eba90a935b2f2b3"",""engine"":""millenniumdb"",""engine_version"":""MillenniumDB [engines.json profile]"",""scale"":""10M"",""base_endpoint_sha256"":""3468610cc4e68c6a0db393e82d8981ea7136faf570fafbd39ac70ec58665cd16"",""reified_endpoint_sha256"":""288dcc57d9aa106343144401ea35f7ac346f23f881320d2a828dd038019e3d1a"",""update_endpoint_sha256"":""8a607274f1b3d176dd6acfdc7381c25676b642e78d334a9664e45a2bdf3d52a0"",""base_data_identity_sha256"":""59fb59a04cd20e6dec9ee47cf1de02734068a3328cade998a3fc44a746054ea8"",""reified_data_identity_sha256"":""a42a308bd2c5294f3aa79a1a3b15804d4137fd68d7677d9adc037e257a217e76"",""update_for"":""none"",""access_mode"":""read-only"",""base_data_name"":""exploratory-base"",""reified_data_name"":""exploratory-reified"",""update_canary_sha256"":""2b9b44b25cd1c568cd57c6c5df25ae260b68229044617821fb33f542dab77648"",""store_instance_sha256"":""2fa0b01dffc52d6647e98c7f554a1a4ff05e5abe6830b9c10d45f5dd8984f60d"",""store_discriminator_sha256"":""f9ff8d30db2db1840ca1585b5598b1cf4d1d06ac2adb86a55b430669507fabff"",""tool_sha256"":""b38a65fc0c1a91e138f057f7b6c08d21c328463aceb40ffda53fc759f99d2f7a"",""java_runtime_sha256"":""bdd50c08a90e2fb713541b8a118df6250246a917edc41a6776aeafc90b472687"",""run_identity_sha256"":""bfaef954cc51fb312949e0d4695aea74c378cb3bd858cd18acec31e76b2bdac6""}"
baf731844a65b830a95b2167d5a3b6b77d65abcd,millenniumdb,MillenniumDB [engines.json profile],10M,O,O3,00,8600634422cefcb5ad7bc23d2acb693e5f8bf0686ad4714d2eba90a935b2f2b3,C,SPARQLcirc CircuitRewriter,ok,308,392.8,377.0,394.0,387.9,9.5,1,3,300.0,2174269,181.6,6455,5955,2809,,385.354514,"[394.036, 392.823, 376.971]","[180.88, 189.69, 181.558]",0.0,"[0.0, 0.0, 0.0]",576.0,"[576.017, 583.579, 559.74]",1.1,"[1.1, 1.066, 1.21]",r9.2-frozen-identity-v7,c3724c04858a8b561ada1054e4928f0930794f9f5f28672a84e2850e7b330acb,term-aware-candidate-set-v1,308,b5382c0ac217ba247644850a4c04e6dfea3b80dc4cfcea4939d43b8d232d0a51,flat,flat,56727af88796a70064958f6fa0aa8ae86cdef76f7d86382ecba8e048c429d945,,,,,3468610cc4e68c6a0db393e82d8981ea7136faf570fafbd39ac70ec58665cd16,288dcc57d9aa106343144401ea35f7ac346f23f881320d2a828dd038019e3d1a,8a607274f1b3d176dd6acfdc7381c25676b642e78d334a9664e45a2bdf3d52a0,59fb59a04cd20e6dec9ee47cf1de02734068a3328cade998a3fc44a746054ea8,a42a308bd2c5294f3aa79a1a3b15804d4137fd68d7677d9adc037e257a217e76,none,read-only,exploratory-base,exploratory-reified,2b9b44b25cd1c568cd57c6c5df25ae260b68229044617821fb33f542dab77648,2fa0b01dffc52d6647e98c7f554a1a4ff05e5abe6830b9c10d45f5dd8984f60d,f9ff8d30db2db1840ca1585b5598b1cf4d1d06ac2adb86a55b430669507fabff,b38a65fc0c1a91e138f057f7b6c08d21c328463aceb40ffda53fc759f99d2f7a,bdd50c08a90e2fb713541b8a118df6250246a917edc41a6776aeafc90b472687,bfaef954cc51fb312949e0d4695aea74c378cb3bd858cd18acec31e76b2bdac6,"pcm-meta-v2:{""protocol"":""r9.2-frozen-identity-v7"",""message"":""C requested=flat effective=flat; steps=5 feedback=0; network includes CONSTRUCT, feedback INSERT, and cleanup DELETE"",""cell_wall_ms"":2692.031,""answer_kind"":""term-aware-candidate-set-v1"",""answer_key_count"":308,""answer_fingerprint"":""b5382c0ac217ba247644850a4c04e6dfea3b80dc4cfcea4939d43b8d232d0a51"",""c_parse_samples"":[180.88,189.69,181.558],""c_protocol_samples"":[{""requested_mode"":""flat"",""effective_mode"":""flat"",""fallback_reason"":null,""plan_steps"":5,""feedback_steps"":0,""feedback_triples"":0,""construct_query_ms"":394.036,""feedback_update_ms"":0.0,""cleanup_ms"":0.0,""client_protocol_ms"":0.0,""network_scope"":""construct+feedback+cleanup"",""circuit_sha256"":""56727af88796a70064958f6fa0aa8ae86cdef76f7d86382ecba8e048c429d945"",""answer_fingerprint"":""b5382c0ac217ba247644850a4c04e6dfea3b80dc4cfcea4939d43b8d232d0a51"",""semantic_signature_sha256"":""70f7387d39987bdb88d2848a6713a77a13ed3051749bb7e1b7fe693835074487"",""structure_signature"":{""gates"":6455,""edges"":5955,""answers"":308,""derivations"":2809,""canonical_bytes"":2174269},""construct_total_ms"":576.017,""client_unattributed_ms"":1.1},{""requested_mode"":""flat"",""effective_mode"":""flat"",""fallback_reason"":null,""plan_steps"":5,""feedback_steps"":0,""feedback_triples"":0,""construct_query_ms"":392.823,""feedback_update_ms"":0.0,""cleanup_ms"":0.0,""client_protocol_ms"":0.0,""network_scope"":""construct+feedback+cleanup"",""circuit_sha256"":""56727af88796a70064958f6fa0aa8ae86cdef76f7d86382ecba8e048c429d945"",""answer_fingerprint"":""b5382c0ac217ba247644850a4c04e6dfea3b80dc4cfcea4939d43b8d232d0a51"",""semantic_signature_sha256"":""70f7387d39987bdb88d2848a6713a77a13ed3051749bb7e1b7fe693835074487"",""structure_signature"":{""gates"":6455,""edges"":5955,""answers"":308,""derivations"":2809,""canonical_bytes"":2174269},""construct_total_ms"":583.579,""client_unattributed_ms"":1.066},{""requested_mode"":""flat"",""effective_mode"":""flat"",""fallback_reason"":null,""plan_steps"":5,""feedback_steps"":0,""feedback_triples"":0,""construct_query_ms"":376.971,""feedback_update_ms"":0.0,""cleanup_ms"":0.0,""client_protocol_ms"":0.0,""network_scope"":""construct+feedback+cleanup"",""circuit_sha256"":""56727af88796a70064958f6fa0aa8ae86cdef76f7d86382ecba8e048c429d945"",""answer_fingerprint"":""b5382c0ac217ba247644850a4c04e6dfea3b80dc4cfcea4939d43b8d232d0a51"",""semantic_signature_sha256"":""70f7387d39987bdb88d2848a6713a77a13ed3051749bb7e1b7fe693835074487"",""structure_signature"":{""gates"":6455,""edges"":5955,""answers"":308,""derivations"":2809,""canonical_bytes"":2174269},""construct_total_ms"":559.74,""client_unattributed_ms"":1.21}],""construct_total_samples"":[576.017,583.579,559.74],""construct_unattributed_samples"":[1.1,1.066,1.21],""status"":""ok"",""status_evidence"":null,""c_warmup_signatures"":[""70f7387d39987bdb88d2848a6713a77a13ed3051749bb7e1b7fe693835074487""],""measured_semantic_signature_sha256"":""70f7387d39987bdb88d2848a6713a77a13ed3051749bb7e1b7fe693835074487"",""measured_repetitions_consistent"":true,""construction_requested"":""flat"",""construction_effective"":""flat"",""commit"":""baf731844a65b830a95b2167d5a3b6b77d65abcd"",""batch_id"":""c3724c04858a8b561ada1054e4928f0930794f9f5f28672a84e2850e7b330acb"",""query_sha256"":""8600634422cefcb5ad7bc23d2acb693e5f8bf0686ad4714d2eba90a935b2f2b3"",""engine"":""millenniumdb"",""engine_version"":""MillenniumDB [engines.json profile]"",""scale"":""10M"",""base_endpoint_sha256"":""3468610cc4e68c6a0db393e82d8981ea7136faf570fafbd39ac70ec58665cd16"",""reified_endpoint_sha256"":""288dcc57d9aa106343144401ea35f7ac346f23f881320d2a828dd038019e3d1a"",""update_endpoint_sha256"":""8a607274f1b3d176dd6acfdc7381c25676b642e78d334a9664e45a2bdf3d52a0"",""base_data_identity_sha256"":""59fb59a04cd20e6dec9ee47cf1de02734068a3328cade998a3fc44a746054ea8"",""reified_data_identity_sha256"":""a42a308bd2c5294f3aa79a1a3b15804d4137fd68d7677d9adc037e257a217e76"",""update_for"":""none"",""access_mode"":""read-only"",""base_data_name"":""exploratory-base"",""reified_data_name"":""exploratory-reified"",""update_canary_sha256"":""2b9b44b25cd1c568cd57c6c5df25ae260b68229044617821fb33f542dab77648"",""store_instance_sha256"":""2fa0b01dffc52d6647e98c7f554a1a4ff05e5abe6830b9c10d45f5dd8984f60d"",""store_discriminator_sha256"":""f9ff8d30db2db1840ca1585b5598b1cf4d1d06ac2adb86a55b430669507fabff"",""tool_sha256"":""b38a65fc0c1a91e138f057f7b6c08d21c328463aceb40ffda53fc759f99d2f7a"",""java_runtime_sha256"":""bdd50c08a90e2fb713541b8a118df6250246a917edc41a6776aeafc90b472687"",""run_identity_sha256"":""bfaef954cc51fb312949e0d4695aea74c378cb3bd858cd18acec31e76b2bdac6""}"
baf731844a65b830a95b2167d5a3b6b77d65abcd,millenniumdb,MillenniumDB [engines.json profile],10M,O,O4,00,c2e7f8e7377b1ac6cc1c202c8233c4b4c10a2b85eae74cbb49844b3515dd26f8,B,base-select,ok,745,4.1,4.0,5.4,4.5,0.8,1,3,300.0,76341,0.0,,,,,0.00616,"[5.422, 4.066, 3.976]","[0.0, 0.0, 0.0]",,[],,[],,[],r9.2-frozen-identity-v7,c3724c04858a8b561ada1054e4928f0930794f9f5f28672a84e2850e7b330acb,csv-binding-multiset-v1,745,a022b3044d6b6fbf2a5752dfbf74a4ae516cca50eb053f4d8c90b063bdcd01dc,,,,,,,,3468610cc4e68c6a0db393e82d8981ea7136faf570fafbd39ac70ec58665cd16,288dcc57d9aa106343144401ea35f7ac346f23f881320d2a828dd038019e3d1a,8a607274f1b3d176dd6acfdc7381c25676b642e78d334a9664e45a2bdf3d52a0,59fb59a04cd20e6dec9ee47cf1de02734068a3328cade998a3fc44a746054ea8,a42a308bd2c5294f3aa79a1a3b15804d4137fd68d7677d9adc037e257a217e76,none,read-only,exploratory-base,exploratory-reified,2b9b44b25cd1c568cd57c6c5df25ae260b68229044617821fb33f542dab77648,2fa0b01dffc52d6647e98c7f554a1a4ff05e5abe6830b9c10d45f5dd8984f60d,f9ff8d30db2db1840ca1585b5598b1cf4d1d06ac2adb86a55b430669507fabff,b38a65fc0c1a91e138f057f7b6c08d21c328463aceb40ffda53fc759f99d2f7a,bdd50c08a90e2fb713541b8a118df6250246a917edc41a6776aeafc90b472687,89d0ab7ba958bc50d9080d34daaa1ca58a75ca32df1e368947bcb08ce751b540,"pcm-meta-v2:{""protocol"":""r9.2-frozen-identity-v7"",""message"":"""",""cell_wall_ms"":166.568,""answer_kind"":""csv-binding-multiset-v1"",""answer_key_count"":745,""answer_fingerprint"":""a022b3044d6b6fbf2a5752dfbf74a4ae516cca50eb053f4d8c90b063bdcd01dc"",""c_parse_samples"":[0.0,0.0,0.0],""c_protocol_samples"":[],""construct_total_samples"":[],""construct_unattributed_samples"":[],""status"":""ok"",""status_evidence"":null,""construction_requested"":null,""construction_effective"":null,""commit"":""baf731844a65b830a95b2167d5a3b6b77d65abcd"",""batch_id"":""c3724c04858a8b561ada1054e4928f0930794f9f5f28672a84e2850e7b330acb"",""query_sha256"":""c2e7f8e7377b1ac6cc1c202c8233c4b4c10a2b85eae74cbb49844b3515dd26f8"",""engine"":""millenniumdb"",""engine_version"":""MillenniumDB [engines.json profile]"",""scale"":""10M"",""base_endpoint_sha256"":""3468610cc4e68c6a0db393e82d8981ea7136faf570fafbd39ac70ec58665cd16"",""reified_endpoint_sha256"":""288dcc57d9aa106343144401ea35f7ac346f23f881320d2a828dd038019e3d1a"",""update_endpoint_sha256"":""8a607274f1b3d176dd6acfdc7381c25676b642e78d334a9664e45a2bdf3d52a0"",""base_data_identity_sha256"":""59fb59a04cd20e6dec9ee47cf1de02734068a3328cade998a3fc44a746054ea8"",""reified_data_identity_sha256"":""a42a308bd2c5294f3aa79a1a3b15804d4137fd68d7677d9adc037e257a217e76"",""update_for"":""none"",""access_mode"":""read-only"",""base_data_name"":""exploratory-base"",""reified_data_name"":""exploratory-reified"",""update_canary_sha256"":""2b9b44b25cd1c568cd57c6c5df25ae260b68229044617821fb33f542dab77648"",""store_instance_sha256"":""2fa0b01dffc52d6647e98c7f554a1a4ff05e5abe6830b9c10d45f5dd8984f60d"",""store_discriminator_sha256"":""f9ff8d30db2db1840ca1585b5598b1cf4d1d06ac2adb86a55b430669507fabff"",""tool_sha256"":""b38a65fc0c1a91e138f057f7b6c08d21c328463aceb40ffda53fc759f99d2f7a"",""java_runtime_sha256"":""bdd50c08a90e2fb713541b8a118df6250246a917edc41a6776aeafc90b472687"",""run_identity_sha256"":""89d0ab7ba958bc50d9080d34daaa1ca58a75ca32df1e368947bcb08ce751b540""}"
baf731844a65b830a95b2167d5a3b6b77d65abcd,millenniumdb,MillenniumDB [engines.json profile],10M,O,O4,00,c2e7f8e7377b1ac6cc1c202c8233c4b4c10a2b85eae74cbb49844b3515dd26f8,R,reification-only,ok,745,14.7,13.3,15.6,14.5,1.2,1,3,300.0,76341,0.0,,,,,148.802171,"[15.573, 13.251, 14.72]","[0.0, 0.0, 0.0]",,[],,[],,[],r9.2-frozen-identity-v7,c3724c04858a8b561ada1054e4928f0930794f9f5f28672a84e2850e7b330acb,csv-binding-multiset-v1,745,a022b3044d6b6fbf2a5752dfbf74a4ae516cca50eb053f4d8c90b063bdcd01dc,,,,,,,,3468610cc4e68c6a0db393e82d8981ea7136faf570fafbd39ac70ec58665cd16,288dcc57d9aa106343144401ea35f7ac346f23f881320d2a828dd038019e3d1a,8a607274f1b3d176dd6acfdc7381c25676b642e78d334a9664e45a2bdf3d52a0,59fb59a04cd20e6dec9ee47cf1de02734068a3328cade998a3fc44a746054ea8,a42a308bd2c5294f3aa79a1a3b15804d4137fd68d7677d9adc037e257a217e76,none,read-only,exploratory-base,exploratory-reified,2b9b44b25cd1c568cd57c6c5df25ae260b68229044617821fb33f542dab77648,2fa0b01dffc52d6647e98c7f554a1a4ff05e5abe6830b9c10d45f5dd8984f60d,f9ff8d30db2db1840ca1585b5598b1cf4d1d06ac2adb86a55b430669507fabff,b38a65fc0c1a91e138f057f7b6c08d21c328463aceb40ffda53fc759f99d2f7a,bdd50c08a90e2fb713541b8a118df6250246a917edc41a6776aeafc90b472687,89d0ab7ba958bc50d9080d34daaa1ca58a75ca32df1e368947bcb08ce751b540,"pcm-meta-v2:{""protocol"":""r9.2-frozen-identity-v7"",""message"":"""",""cell_wall_ms"":227.48,""answer_kind"":""csv-binding-multiset-v1"",""answer_key_count"":745,""answer_fingerprint"":""a022b3044d6b6fbf2a5752dfbf74a4ae516cca50eb053f4d8c90b063bdcd01dc"",""c_parse_samples"":[0.0,0.0,0.0],""c_protocol_samples"":[],""construct_total_samples"":[],""construct_unattributed_samples"":[],""status"":""ok"",""status_evidence"":null,""construction_requested"":null,""construction_effective"":null,""commit"":""baf731844a65b830a95b2167d5a3b6b77d65abcd"",""batch_id"":""c3724c04858a8b561ada1054e4928f0930794f9f5f28672a84e2850e7b330acb"",""query_sha256"":""c2e7f8e7377b1ac6cc1c202c8233c4b4c10a2b85eae74cbb49844b3515dd26f8"",""engine"":""millenniumdb"",""engine_version"":""MillenniumDB [engines.json profile]"",""scale"":""10M"",""base_endpoint_sha256"":""3468610cc4e68c6a0db393e82d8981ea7136faf570fafbd39ac70ec58665cd16"",""reified_endpoint_sha256"":""288dcc57d9aa106343144401ea35f7ac346f23f881320d2a828dd038019e3d1a"",""update_endpoint_sha256"":""8a607274f1b3d176dd6acfdc7381c25676b642e78d334a9664e45a2bdf3d52a0"",""base_data_identity_sha256"":""59fb59a04cd20e6dec9ee47cf1de02734068a3328cade998a3fc44a746054ea8"",""reified_data_identity_sha256"":""a42a308bd2c5294f3aa79a1a3b15804d4137fd68d7677d9adc037e257a217e76"",""update_for"":""none"",""access_mode"":""read-only"",""base_data_name"":""exploratory-base"",""reified_data_name"":""exploratory-reified"",""update_canary_sha256"":""2b9b44b25cd1c568cd57c6c5df25ae260b68229044617821fb33f542dab77648"",""store_instance_sha256"":""2fa0b01dffc52d6647e98c7f554a1a4ff05e5abe6830b9c10d45f5dd8984f60d"",""store_discriminator_sha256"":""f9ff8d30db2db1840ca1585b5598b1cf4d1d06ac2adb86a55b430669507fabff"",""tool_sha256"":""b38a65fc0c1a91e138f057f7b6c08d21c328463aceb40ffda53fc759f99d2f7a"",""java_runtime_sha256"":""bdd50c08a90e2fb713541b8a118df6250246a917edc41a6776aeafc90b472687"",""run_identity_sha256"":""89d0ab7ba958bc50d9080d34daaa1ca58a75ca32df1e368947bcb08ce751b540""}"
baf731844a65b830a95b2167d5a3b6b77d65abcd,millenniumdb,MillenniumDB [engines.json profile],10M,O,O4,00,c2e7f8e7377b1ac6cc1c202c8233c4b4c10a2b85eae74cbb49844b3515dd26f8,N,N_clean (NPCS reimplementation),ok,782,10330.7,10312.0,10762.5,10468.4,254.9,1,3,300.0,212772,0.0,,,,114,188.138783,"[10312.044, 10330.679, 10762.49]","[0.0, 0.0, 0.0]",,[],,[],,[],r9.2-frozen-identity-v7,c3724c04858a8b561ada1054e4928f0930794f9f5f28672a84e2850e7b330acb,csv-candidate-multiset-v1,782,83f89b92ffc711818ea2ea1bdb2151b29b520e7c58a15d8e8940d8dfb0792451,,,,,,,,3468610cc4e68c6a0db393e82d8981ea7136faf570fafbd39ac70ec58665cd16,288dcc57d9aa106343144401ea35f7ac346f23f881320d2a828dd038019e3d1a,8a607274f1b3d176dd6acfdc7381c25676b642e78d334a9664e45a2bdf3d52a0,59fb59a04cd20e6dec9ee47cf1de02734068a3328cade998a3fc44a746054ea8,a42a308bd2c5294f3aa79a1a3b15804d4137fd68d7677d9adc037e257a217e76,none,read-only,exploratory-base,exploratory-reified,2b9b44b25cd1c568cd57c6c5df25ae260b68229044617821fb33f542dab77648,2fa0b01dffc52d6647e98c7f554a1a4ff05e5abe6830b9c10d45f5dd8984f60d,f9ff8d30db2db1840ca1585b5598b1cf4d1d06ac2adb86a55b430669507fabff,b38a65fc0c1a91e138f057f7b6c08d21c328463aceb40ffda53fc759f99d2f7a,bdd50c08a90e2fb713541b8a118df6250246a917edc41a6776aeafc90b472687,89d0ab7ba958bc50d9080d34daaa1ca58a75ca32df1e368947bcb08ce751b540,"pcm-meta-v2:{""protocol"":""r9.2-frozen-identity-v7"",""message"":"""",""cell_wall_ms"":41867.784,""answer_kind"":""csv-candidate-multiset-v1"",""answer_key_count"":782,""answer_fingerprint"":""83f89b92ffc711818ea2ea1bdb2151b29b520e7c58a15d8e8940d8dfb0792451"",""c_parse_samples"":[0.0,0.0,0.0],""c_protocol_samples"":[],""construct_total_samples"":[],""construct_unattributed_samples"":[],""status"":""ok"",""status_evidence"":null,""construction_requested"":null,""construction_effective"":null,""commit"":""baf731844a65b830a95b2167d5a3b6b77d65abcd"",""batch_id"":""c3724c04858a8b561ada1054e4928f0930794f9f5f28672a84e2850e7b330acb"",""query_sha256"":""c2e7f8e7377b1ac6cc1c202c8233c4b4c10a2b85eae74cbb49844b3515dd26f8"",""engine"":""millenniumdb"",""engine_version"":""MillenniumDB [engines.json profile]"",""scale"":""10M"",""base_endpoint_sha256"":""3468610cc4e68c6a0db393e82d8981ea7136faf570fafbd39ac70ec58665cd16"",""reified_endpoint_sha256"":""288dcc57d9aa106343144401ea35f7ac346f23f881320d2a828dd038019e3d1a"",""update_endpoint_sha256"":""8a607274f1b3d176dd6acfdc7381c25676b642e78d334a9664e45a2bdf3d52a0"",""base_data_identity_sha256"":""59fb59a04cd20e6dec9ee47cf1de02734068a3328cade998a3fc44a746054ea8"",""reified_data_identity_sha256"":""a42a308bd2c5294f3aa79a1a3b15804d4137fd68d7677d9adc037e257a217e76"",""update_for"":""none"",""access_mode"":""read-only"",""base_data_name"":""exploratory-base"",""reified_data_name"":""exploratory-reified"",""update_canary_sha256"":""2b9b44b25cd1c568cd57c6c5df25ae260b68229044617821fb33f542dab77648"",""store_instance_sha256"":""2fa0b01dffc52d6647e98c7f554a1a4ff05e5abe6830b9c10d45f5dd8984f60d"",""store_discriminator_sha256"":""f9ff8d30db2db1840ca1585b5598b1cf4d1d06ac2adb86a55b430669507fabff"",""tool_sha256"":""b38a65fc0c1a91e138f057f7b6c08d21c328463aceb40ffda53fc759f99d2f7a"",""java_runtime_sha256"":""bdd50c08a90e2fb713541b8a118df6250246a917edc41a6776aeafc90b472687"",""run_identity_sha256"":""89d0ab7ba958bc50d9080d34daaa1ca58a75ca32df1e368947bcb08ce751b540""}"
baf731844a65b830a95b2167d5a3b6b77d65abcd,millenniumdb,MillenniumDB [engines.json profile],10M,O,O4,00,c2e7f8e7377b1ac6cc1c202c8233c4b4c10a2b85eae74cbb49844b3515dd26f8,C,SPARQLcirc CircuitRewriter,ok,783,934.7,899.6,984.5,939.6,42.7,1,3,300.0,5215671,488.8,13817,13186,5791,,418.131631,"[934.705, 899.623, 984.515]","[488.139, 519.148, 488.75]",0.0,"[0.0, 0.0, 0.0]",1427.2,"[1427.24, 1423.174, 1477.24]",4.4,"[4.396, 4.404, 3.975]",r9.2-frozen-identity-v7,c3724c04858a8b561ada1054e4928f0930794f9f5f28672a84e2850e7b330acb,term-aware-candidate-set-v1,783,055881427d72f18507a625faf0af144a6c347b14f9b3168c80ead7858ab1c7b2,flat,flat,5dfb17057bd29afd352e977af83553f417b30bcd4397911d0f4b551171233215,,,,,3468610cc4e68c6a0db393e82d8981ea7136faf570fafbd39ac70ec58665cd16,288dcc57d9aa106343144401ea35f7ac346f23f881320d2a828dd038019e3d1a,8a607274f1b3d176dd6acfdc7381c25676b642e78d334a9664e45a2bdf3d52a0,59fb59a04cd20e6dec9ee47cf1de02734068a3328cade998a3fc44a746054ea8,a42a308bd2c5294f3aa79a1a3b15804d4137fd68d7677d9adc037e257a217e76,none,read-only,exploratory-base,exploratory-reified,2b9b44b25cd1c568cd57c6c5df25ae260b68229044617821fb33f542dab77648,2fa0b01dffc52d6647e98c7f554a1a4ff05e5abe6830b9c10d45f5dd8984f60d,f9ff8d30db2db1840ca1585b5598b1cf4d1d06ac2adb86a55b430669507fabff,b38a65fc0c1a91e138f057f7b6c08d21c328463aceb40ffda53fc759f99d2f7a,bdd50c08a90e2fb713541b8a118df6250246a917edc41a6776aeafc90b472687,89d0ab7ba958bc50d9080d34daaa1ca58a75ca32df1e368947bcb08ce751b540,"pcm-meta-v2:{""protocol"":""r9.2-frozen-identity-v7"",""message"":""C requested=flat effective=flat; steps=5 feedback=0; network includes CONSTRUCT, feedback INSERT, and cleanup DELETE"",""cell_wall_ms"":6308.934,""answer_kind"":""term-aware-candidate-set-v1"",""answer_key_count"":783,""answer_fingerprint"":""055881427d72f18507a625faf0af144a6c347b14f9b3168c80ead7858ab1c7b2"",""c_parse_samples"":[488.139,519.148,488.75],""c_protocol_samples"":[{""requested_mode"":""flat"",""effective_mode"":""flat"",""fallback_reason"":null,""plan_steps"":5,""feedback_steps"":0,""feedback_triples"":0,""construct_query_ms"":934.705,""feedback_update_ms"":0.0,""cleanup_ms"":0.0,""client_protocol_ms"":0.0,""network_scope"":""construct+feedback+cleanup"",""circuit_sha256"":""5dfb17057bd29afd352e977af83553f417b30bcd4397911d0f4b551171233215"",""answer_fingerprint"":""055881427d72f18507a625faf0af144a6c347b14f9b3168c80ead7858ab1c7b2"",""semantic_signature_sha256"":""1c9d98c53dd330af7e0f2549e42ad34b2007ee841e259226ba71e8c59499529d"",""structure_signature"":{""gates"":13817,""edges"":13186,""answers"":783,""derivations"":5791,""canonical_bytes"":5215671},""construct_total_ms"":1427.24,""client_unattributed_ms"":4.396},{""requested_mode"":""flat"",""effective_mode"":""flat"",""fallback_reason"":null,""plan_steps"":5,""feedback_steps"":0,""feedback_triples"":0,""construct_query_ms"":899.623,""feedback_update_ms"":0.0,""cleanup_ms"":0.0,""client_protocol_ms"":0.0,""network_scope"":""construct+feedback+cleanup"",""circuit_sha256"":""5dfb17057bd29afd352e977af83553f417b30bcd4397911d0f4b551171233215"",""answer_fingerprint"":""055881427d72f18507a625faf0af144a6c347b14f9b3168c80ead7858ab1c7b2"",""semantic_signature_sha256"":""1c9d98c53dd330af7e0f2549e42ad34b2007ee841e259226ba71e8c59499529d"",""structure_signature"":{""gates"":13817,""edges"":13186,""answers"":783,""derivations"":5791,""canonical_bytes"":5215671},""construct_total_ms"":1423.174,""client_unattributed_ms"":4.404},{""requested_mode"":""flat"",""effective_mode"":""flat"",""fallback_reason"":null,""plan_steps"":5,""feedback_steps"":0,""feedback_triples"":0,""construct_query_ms"":984.515,""feedback_update_ms"":0.0,""cleanup_ms"":0.0,""client_protocol_ms"":0.0,""network_scope"":""construct+feedback+cleanup"",""circuit_sha256"":""5dfb17057bd29afd352e977af83553f417b30bcd4397911d0f4b551171233215"",""answer_fingerprint"":""055881427d72f18507a625faf0af144a6c347b14f9b3168c80ead7858ab1c7b2"",""semantic_signature_sha256"":""1c9d98c53dd330af7e0f2549e42ad34b2007ee841e259226ba71e8c59499529d"",""structure_signature"":{""gates"":13817,""edges"":13186,""answers"":783,""derivations"":5791,""canonical_bytes"":5215671},""construct_total_ms"":1477.24,""client_unattributed_ms"":3.975}],""construct_total_samples"":[1427.24,1423.174,1477.24],""construct_unattributed_samples"":[4.396,4.404,3.975],""status"":""ok"",""status_evidence"":null,""c_warmup_signatures"":[""1c9d98c53dd330af7e0f2549e42ad34b2007ee841e259226ba71e8c59499529d""],""measured_semantic_signature_sha256"":""1c9d98c53dd330af7e0f2549e42ad34b2007ee841e259226ba71e8c59499529d"",""measured_repetitions_consistent"":true,""construction_requested"":""flat"",""construction_effective"":""flat"",""commit"":""baf731844a65b830a95b2167d5a3b6b77d65abcd"",""batch_id"":""c3724c04858a8b561ada1054e4928f0930794f9f5f28672a84e2850e7b330acb"",""query_sha256"":""c2e7f8e7377b1ac6cc1c202c8233c4b4c10a2b85eae74cbb49844b3515dd26f8"",""engine"":""millenniumdb"",""engine_version"":""MillenniumDB [engines.json profile]"",""scale"":""10M"",""base_endpoint_sha256"":""3468610cc4e68c6a0db393e82d8981ea7136faf570fafbd39ac70ec58665cd16"",""reified_endpoint_sha256"":""288dcc57d9aa106343144401ea35f7ac346f23f881320d2a828dd038019e3d1a"",""update_endpoint_sha256"":""8a607274f1b3d176dd6acfdc7381c25676b642e78d334a9664e45a2bdf3d52a0"",""base_data_identity_sha256"":""59fb59a04cd20e6dec9ee47cf1de02734068a3328cade998a3fc44a746054ea8"",""reified_data_identity_sha256"":""a42a308bd2c5294f3aa79a1a3b15804d4137fd68d7677d9adc037e257a217e76"",""update_for"":""none"",""access_mode"":""read-only"",""base_data_name"":""exploratory-base"",""reified_data_name"":""exploratory-reified"",""update_canary_sha256"":""2b9b44b25cd1c568cd57c6c5df25ae260b68229044617821fb33f542dab77648"",""store_instance_sha256"":""2fa0b01dffc52d6647e98c7f554a1a4ff05e5abe6830b9c10d45f5dd8984f60d"",""store_discriminator_sha256"":""f9ff8d30db2db1840ca1585b5598b1cf4d1d06ac2adb86a55b430669507fabff"",""tool_sha256"":""b38a65fc0c1a91e138f057f7b6c08d21c328463aceb40ffda53fc759f99d2f7a"",""java_runtime_sha256"":""bdd50c08a90e2fb713541b8a118df6250246a917edc41a6776aeafc90b472687"",""run_identity_sha256"":""89d0ab7ba958bc50d9080d34daaa1ca58a75ca32df1e368947bcb08ce751b540""}"
baf731844a65b830a95b2167d5a3b6b77d65abcd,millenniumdb,MillenniumDB [engines.json profile],10M,O,O5,00,ec9af3cffe6976bcc27a5ca3ba0732c80fe7716160af6d25aa1d6b447b6300e2,B,base-select,ok,58,0.9,0.9,0.9,0.9,0.0,1,3,300.0,2787,0.0,,,,,0.00757,"[0.899, 0.868, 0.852]","[0.0, 0.0, 0.0]",,[],,[],,[],r9.2-frozen-identity-v7,c3724c04858a8b561ada1054e4928f0930794f9f5f28672a84e2850e7b330acb,csv-binding-multiset-v1,58,2de60d15304139015d3dac3b70922a7a055df82f383b71859fa5d674be4d5ae3,,,,,,,,3468610cc4e68c6a0db393e82d8981ea7136faf570fafbd39ac70ec58665cd16,288dcc57d9aa106343144401ea35f7ac346f23f881320d2a828dd038019e3d1a,8a607274f1b3d176dd6acfdc7381c25676b642e78d334a9664e45a2bdf3d52a0,59fb59a04cd20e6dec9ee47cf1de02734068a3328cade998a3fc44a746054ea8,a42a308bd2c5294f3aa79a1a3b15804d4137fd68d7677d9adc037e257a217e76,none,read-only,exploratory-base,exploratory-reified,2b9b44b25cd1c568cd57c6c5df25ae260b68229044617821fb33f542dab77648,2fa0b01dffc52d6647e98c7f554a1a4ff05e5abe6830b9c10d45f5dd8984f60d,f9ff8d30db2db1840ca1585b5598b1cf4d1d06ac2adb86a55b430669507fabff,b38a65fc0c1a91e138f057f7b6c08d21c328463aceb40ffda53fc759f99d2f7a,bdd50c08a90e2fb713541b8a118df6250246a917edc41a6776aeafc90b472687,49f83fcc979348623932fd5dfca58cf3e8ad3c9abfe5b5b663703c4950fa4398,"pcm-meta-v2:{""protocol"":""r9.2-frozen-identity-v7"",""message"":"""",""cell_wall_ms"":10.879,""answer_kind"":""csv-binding-multiset-v1"",""answer_key_count"":58,""answer_fingerprint"":""2de60d15304139015d3dac3b70922a7a055df82f383b71859fa5d674be4d5ae3"",""c_parse_samples"":[0.0,0.0,0.0],""c_protocol_samples"":[],""construct_total_samples"":[],""construct_unattributed_samples"":[],""status"":""ok"",""status_evidence"":null,""construction_requested"":null,""construction_effective"":null,""commit"":""baf731844a65b830a95b2167d5a3b6b77d65abcd"",""batch_id"":""c3724c04858a8b561ada1054e4928f0930794f9f5f28672a84e2850e7b330acb"",""query_sha256"":""ec9af3cffe6976bcc27a5ca3ba0732c80fe7716160af6d25aa1d6b447b6300e2"",""engine"":""millenniumdb"",""engine_version"":""MillenniumDB [engines.json profile]"",""scale"":""10M"",""base_endpoint_sha256"":""3468610cc4e68c6a0db393e82d8981ea7136faf570fafbd39ac70ec58665cd16"",""reified_endpoint_sha256"":""288dcc57d9aa106343144401ea35f7ac346f23f881320d2a828dd038019e3d1a"",""update_endpoint_sha256"":""8a607274f1b3d176dd6acfdc7381c25676b642e78d334a9664e45a2bdf3d52a0"",""base_data_identity_sha256"":""59fb59a04cd20e6dec9ee47cf1de02734068a3328cade998a3fc44a746054ea8"",""reified_data_identity_sha256"":""a42a308bd2c5294f3aa79a1a3b15804d4137fd68d7677d9adc037e257a217e76"",""update_for"":""none"",""access_mode"":""read-only"",""base_data_name"":""exploratory-base"",""reified_data_name"":""exploratory-reified"",""update_canary_sha256"":""2b9b44b25cd1c568cd57c6c5df25ae260b68229044617821fb33f542dab77648"",""store_instance_sha256"":""2fa0b01dffc52d6647e98c7f554a1a4ff05e5abe6830b9c10d45f5dd8984f60d"",""store_discriminator_sha256"":""f9ff8d30db2db1840ca1585b5598b1cf4d1d06ac2adb86a55b430669507fabff"",""tool_sha256"":""b38a65fc0c1a91e138f057f7b6c08d21c328463aceb40ffda53fc759f99d2f7a"",""java_runtime_sha256"":""bdd50c08a90e2fb713541b8a118df6250246a917edc41a6776aeafc90b472687"",""run_identity_sha256"":""49f83fcc979348623932fd5dfca58cf3e8ad3c9abfe5b5b663703c4950fa4398""}"
baf731844a65b830a95b2167d5a3b6b77d65abcd,millenniumdb,MillenniumDB [engines.json profile],10M,O,O5,00,ec9af3cffe6976bcc27a5ca3ba0732c80fe7716160af6d25aa1d6b447b6300e2,R,reification-only,ok,58,2.3,2.0,12.3,5.5,5.8,1,3,300.0,2787,0.0,,,,,153.668322,"[2.019, 2.345, 12.281]","[0.0, 0.0, 0.0]",,[],,[],,[],r9.2-frozen-identity-v7,c3724c04858a8b561ada1054e4928f0930794f9f5f28672a84e2850e7b330acb,csv-binding-multiset-v1,58,2de60d15304139015d3dac3b70922a7a055df82f383b71859fa5d674be4d5ae3,,,,,,,,3468610cc4e68c6a0db393e82d8981ea7136faf570fafbd39ac70ec58665cd16,288dcc57d9aa106343144401ea35f7ac346f23f881320d2a828dd038019e3d1a,8a607274f1b3d176dd6acfdc7381c25676b642e78d334a9664e45a2bdf3d52a0,59fb59a04cd20e6dec9ee47cf1de02734068a3328cade998a3fc44a746054ea8,a42a308bd2c5294f3aa79a1a3b15804d4137fd68d7677d9adc037e257a217e76,none,read-only,exploratory-base,exploratory-reified,2b9b44b25cd1c568cd57c6c5df25ae260b68229044617821fb33f542dab77648,2fa0b01dffc52d6647e98c7f554a1a4ff05e5abe6830b9c10d45f5dd8984f60d,f9ff8d30db2db1840ca1585b5598b1cf4d1d06ac2adb86a55b430669507fabff,b38a65fc0c1a91e138f057f7b6c08d21c328463aceb40ffda53fc759f99d2f7a,bdd50c08a90e2fb713541b8a118df6250246a917edc41a6776aeafc90b472687,49f83fcc979348623932fd5dfca58cf3e8ad3c9abfe5b5b663703c4950fa4398,"pcm-meta-v2:{""protocol"":""r9.2-frozen-identity-v7"",""message"":"""",""cell_wall_ms"":183.257,""answer_kind"":""csv-binding-multiset-v1"",""answer_key_count"":58,""answer_fingerprint"":""2de60d15304139015d3dac3b70922a7a055df82f383b71859fa5d674be4d5ae3"",""c_parse_samples"":[0.0,0.0,0.0],""c_protocol_samples"":[],""construct_total_samples"":[],""construct_unattributed_samples"":[],""status"":""ok"",""status_evidence"":null,""construction_requested"":null,""construction_effective"":null,""commit"":""baf731844a65b830a95b2167d5a3b6b77d65abcd"",""batch_id"":""c3724c04858a8b561ada1054e4928f0930794f9f5f28672a84e2850e7b330acb"",""query_sha256"":""ec9af3cffe6976bcc27a5ca3ba0732c80fe7716160af6d25aa1d6b447b6300e2"",""engine"":""millenniumdb"",""engine_version"":""MillenniumDB [engines.json profile]"",""scale"":""10M"",""base_endpoint_sha256"":""3468610cc4e68c6a0db393e82d8981ea7136faf570fafbd39ac70ec58665cd16"",""reified_endpoint_sha256"":""288dcc57d9aa106343144401ea35f7ac346f23f881320d2a828dd038019e3d1a"",""update_endpoint_sha256"":""8a607274f1b3d176dd6acfdc7381c25676b642e78d334a9664e45a2bdf3d52a0"",""base_data_identity_sha256"":""59fb59a04cd20e6dec9ee47cf1de02734068a3328cade998a3fc44a746054ea8"",""reified_data_identity_sha256"":""a42a308bd2c5294f3aa79a1a3b15804d4137fd68d7677d9adc037e257a217e76"",""update_for"":""none"",""access_mode"":""read-only"",""base_data_name"":""exploratory-base"",""reified_data_name"":""exploratory-reified"",""update_canary_sha256"":""2b9b44b25cd1c568cd57c6c5df25ae260b68229044617821fb33f542dab77648"",""store_instance_sha256"":""2fa0b01dffc52d6647e98c7f554a1a4ff05e5abe6830b9c10d45f5dd8984f60d"",""store_discriminator_sha256"":""f9ff8d30db2db1840ca1585b5598b1cf4d1d06ac2adb86a55b430669507fabff"",""tool_sha256"":""b38a65fc0c1a91e138f057f7b6c08d21c328463aceb40ffda53fc759f99d2f7a"",""java_runtime_sha256"":""bdd50c08a90e2fb713541b8a118df6250246a917edc41a6776aeafc90b472687"",""run_identity_sha256"":""49f83fcc979348623932fd5dfca58cf3e8ad3c9abfe5b5b663703c4950fa4398""}"
baf731844a65b830a95b2167d5a3b6b77d65abcd,millenniumdb,MillenniumDB [engines.json profile],10M,O,O5,00,ec9af3cffe6976bcc27a5ca3ba0732c80fe7716160af6d25aa1d6b447b6300e2,N,N_clean (NPCS reimplementation),ok,14,2249.8,2171.9,2338.4,2253.3,83.3,1,3,300.0,3839,0.0,,,,103,189.708651,"[2249.768, 2171.902, 2338.378]","[0.0, 0.0, 0.0]",,[],,[],,[],r9.2-frozen-identity-v7,c3724c04858a8b561ada1054e4928f0930794f9f5f28672a84e2850e7b330acb,csv-candidate-multiset-v1,14,232f573773ffe5cccb09aea7126b9c919bffb56176dcc26cce7bea681159e9f9,,,,,,,,3468610cc4e68c6a0db393e82d8981ea7136faf570fafbd39ac70ec58665cd16,288dcc57d9aa106343144401ea35f7ac346f23f881320d2a828dd038019e3d1a,8a607274f1b3d176dd6acfdc7381c25676b642e78d334a9664e45a2bdf3d52a0,59fb59a04cd20e6dec9ee47cf1de02734068a3328cade998a3fc44a746054ea8,a42a308bd2c5294f3aa79a1a3b15804d4137fd68d7677d9adc037e257a217e76,none,read-only,exploratory-base,exploratory-reified,2b9b44b25cd1c568cd57c6c5df25ae260b68229044617821fb33f542dab77648,2fa0b01dffc52d6647e98c7f554a1a4ff05e5abe6830b9c10d45f5dd8984f60d,f9ff8d30db2db1840ca1585b5598b1cf4d1d06ac2adb86a55b430669507fabff,b38a65fc0c1a91e138f057f7b6c08d21c328463aceb40ffda53fc759f99d2f7a,bdd50c08a90e2fb713541b8a118df6250246a917edc41a6776aeafc90b472687,49f83fcc979348623932fd5dfca58cf3e8ad3c9abfe5b5b663703c4950fa4398,"pcm-meta-v2:{""protocol"":""r9.2-frozen-identity-v7"",""message"":"""",""cell_wall_ms"":9116.406,""answer_kind"":""csv-candidate-multiset-v1"",""answer_key_count"":14,""answer_fingerprint"":""232f573773ffe5cccb09aea7126b9c919bffb56176dcc26cce7bea681159e9f9"",""c_parse_samples"":[0.0,0.0,0.0],""c_protocol_samples"":[],""construct_total_samples"":[],""construct_unattributed_samples"":[],""status"":""ok"",""status_evidence"":null,""construction_requested"":null,""construction_effective"":null,""commit"":""baf731844a65b830a95b2167d5a3b6b77d65abcd"",""batch_id"":""c3724c04858a8b561ada1054e4928f0930794f9f5f28672a84e2850e7b330acb"",""query_sha256"":""ec9af3cffe6976bcc27a5ca3ba0732c80fe7716160af6d25aa1d6b447b6300e2"",""engine"":""millenniumdb"",""engine_version"":""MillenniumDB [engines.json profile]"",""scale"":""10M"",""base_endpoint_sha256"":""3468610cc4e68c6a0db393e82d8981ea7136faf570fafbd39ac70ec58665cd16"",""reified_endpoint_sha256"":""288dcc57d9aa106343144401ea35f7ac346f23f881320d2a828dd038019e3d1a"",""update_endpoint_sha256"":""8a607274f1b3d176dd6acfdc7381c25676b642e78d334a9664e45a2bdf3d52a0"",""base_data_identity_sha256"":""59fb59a04cd20e6dec9ee47cf1de02734068a3328cade998a3fc44a746054ea8"",""reified_data_identity_sha256"":""a42a308bd2c5294f3aa79a1a3b15804d4137fd68d7677d9adc037e257a217e76"",""update_for"":""none"",""access_mode"":""read-only"",""base_data_name"":""exploratory-base"",""reified_data_name"":""exploratory-reified"",""update_canary_sha256"":""2b9b44b25cd1c568cd57c6c5df25ae260b68229044617821fb33f542dab77648"",""store_instance_sha256"":""2fa0b01dffc52d6647e98c7f554a1a4ff05e5abe6830b9c10d45f5dd8984f60d"",""store_discriminator_sha256"":""f9ff8d30db2db1840ca1585b5598b1cf4d1d06ac2adb86a55b430669507fabff"",""tool_sha256"":""b38a65fc0c1a91e138f057f7b6c08d21c328463aceb40ffda53fc759f99d2f7a"",""java_runtime_sha256"":""bdd50c08a90e2fb713541b8a118df6250246a917edc41a6776aeafc90b472687"",""run_identity_sha256"":""49f83fcc979348623932fd5dfca58cf3e8ad3c9abfe5b5b663703c4950fa4398""}"
baf731844a65b830a95b2167d5a3b6b77d65abcd,millenniumdb,MillenniumDB [engines.json profile],10M,O,O5,00,ec9af3cffe6976bcc27a5ca3ba0732c80fe7716160af6d25aa1d6b447b6300e2,C,SPARQLcirc CircuitRewriter,ok,14,11169.4,10605.1,11963.3,11245.9,682.3,1,3,300.0,64931790,7105.8,224921,225040,112464,,378.676008,"[11963.302, 10605.08, 11169.412]","[7247.711, 7105.808, 7096.844]",0.0,"[0.0, 0.0, 0.0]",18323.2,"[19268.702, 17767.504, 18323.166]",56.9,"[57.689, 56.617, 56.911]",r9.2-frozen-identity-v7,c3724c04858a8b561ada1054e4928f0930794f9f5f28672a84e2850e7b330acb,term-aware-candidate-set-v1,14,a9f37c04cb428d4f270cafd59c61a6f1b2af49f496f5fd8cef60b156e980d784,flat,flat,3a634ff4326b11cbb555f993f50962fbb7830d8dc0e4f7758b68feab74a953e4,,,,,3468610cc4e68c6a0db393e82d8981ea7136faf570fafbd39ac70ec58665cd16,288dcc57d9aa106343144401ea35f7ac346f23f881320d2a828dd038019e3d1a,8a607274f1b3d176dd6acfdc7381c25676b642e78d334a9664e45a2bdf3d52a0,59fb59a04cd20e6dec9ee47cf1de02734068a3328cade998a3fc44a746054ea8,a42a308bd2c5294f3aa79a1a3b15804d4137fd68d7677d9adc037e257a217e76,none,read-only,exploratory-base,exploratory-reified,2b9b44b25cd1c568cd57c6c5df25ae260b68229044617821fb33f542dab77648,2fa0b01dffc52d6647e98c7f554a1a4ff05e5abe6830b9c10d45f5dd8984f60d,f9ff8d30db2db1840ca1585b5598b1cf4d1d06ac2adb86a55b430669507fabff,b38a65fc0c1a91e138f057f7b6c08d21c328463aceb40ffda53fc759f99d2f7a,bdd50c08a90e2fb713541b8a118df6250246a917edc41a6776aeafc90b472687,49f83fcc979348623932fd5dfca58cf3e8ad3c9abfe5b5b663703c4950fa4398,"pcm-meta-v2:{""protocol"":""r9.2-frozen-identity-v7"",""message"":""C requested=flat effective=flat; steps=5 feedback=0; network includes CONSTRUCT, feedback INSERT, and cleanup DELETE"",""cell_wall_ms"":74579.239,""answer_kind"":""term-aware-candidate-set-v1"",""answer_key_count"":14,""answer_fingerprint"":""a9f37c04cb428d4f270cafd59c61a6f1b2af49f496f5fd8cef60b156e980d784"",""c_parse_samples"":[7247.711,7105.808,7096.844],""c_protocol_samples"":[{""requested_mode"":""flat"",""effective_mode"":""flat"",""fallback_reason"":null,""plan_steps"":5,""feedback_steps"":0,""feedback_triples"":0,""construct_query_ms"":11963.302,""feedback_update_ms"":0.0,""cleanup_ms"":0.0,""client_protocol_ms"":0.0,""network_scope"":""construct+feedback+cleanup"",""circuit_sha256"":""3a634ff4326b11cbb555f993f50962fbb7830d8dc0e4f7758b68feab74a953e4"",""answer_fingerprint"":""a9f37c04cb428d4f270cafd59c61a6f1b2af49f496f5fd8cef60b156e980d784"",""semantic_signature_sha256"":""5a9f431d72c28012ff07a8c57ef09ef4e5287c21cfc23227d56412662bb6945d"",""structure_signature"":{""gates"":224921,""edges"":225040,""answers"":14,""derivations"":112464,""canonical_bytes"":64931790},""construct_total_ms"":19268.702,""client_unattributed_ms"":57.689},{""requested_mode"":""flat"",""effective_mode"":""flat"",""fallback_reason"":null,""plan_steps"":5,""feedback_steps"":0,""feedback_triples"":0,""construct_query_ms"":10605.08,""feedback_update_ms"":0.0,""cleanup_ms"":0.0,""client_protocol_ms"":0.0,""network_scope"":""construct+feedback+cleanup"",""circuit_sha256"":""3a634ff4326b11cbb555f993f50962fbb7830d8dc0e4f7758b68feab74a953e4"",""answer_fingerprint"":""a9f37c04cb428d4f270cafd59c61a6f1b2af49f496f5fd8cef60b156e980d784"",""semantic_signature_sha256"":""5a9f431d72c28012ff07a8c57ef09ef4e5287c21cfc23227d56412662bb6945d"",""structure_signature"":{""gates"":224921,""edges"":225040,""answers"":14,""derivations"":112464,""canonical_bytes"":64931790},""construct_total_ms"":17767.504,""client_unattributed_ms"":56.617},{""requested_mode"":""flat"",""effective_mode"":""flat"",""fallback_reason"":null,""plan_steps"":5,""feedback_steps"":0,""feedback_triples"":0,""construct_query_ms"":11169.412,""feedback_update_ms"":0.0,""cleanup_ms"":0.0,""client_protocol_ms"":0.0,""network_scope"":""construct+feedback+cleanup"",""circuit_sha256"":""3a634ff4326b11cbb555f993f50962fbb7830d8dc0e4f7758b68feab74a953e4"",""answer_fingerprint"":""a9f37c04cb428d4f270cafd59c61a6f1b2af49f496f5fd8cef60b156e980d784"",""semantic_signature_sha256"":""5a9f431d72c28012ff07a8c57ef09ef4e5287c21cfc23227d56412662bb6945d"",""structure_signature"":{""gates"":224921,""edges"":225040,""answers"":14,""derivations"":112464,""canonical_bytes"":64931790},""construct_total_ms"":18323.166,""client_unattributed_ms"":56.911}],""construct_total_samples"":[19268.702,17767.504,18323.166],""construct_unattributed_samples"":[57.689,56.617,56.911],""status"":""ok"",""status_evidence"":null,""c_warmup_signatures"":[""5a9f431d72c28012ff07a8c57ef09ef4e5287c21cfc23227d56412662bb6945d""],""measured_semantic_signature_sha256"":""5a9f431d72c28012ff07a8c57ef09ef4e5287c21cfc23227d56412662bb6945d"",""measured_repetitions_consistent"":true,""construction_requested"":""flat"",""construction_effective"":""flat"",""commit"":""baf731844a65b830a95b2167d5a3b6b77d65abcd"",""batch_id"":""c3724c04858a8b561ada1054e4928f0930794f9f5f28672a84e2850e7b330acb"",""query_sha256"":""ec9af3cffe6976bcc27a5ca3ba0732c80fe7716160af6d25aa1d6b447b6300e2"",""engine"":""millenniumdb"",""engine_version"":""MillenniumDB [engines.json profile]"",""scale"":""10M"",""base_endpoint_sha256"":""3468610cc4e68c6a0db393e82d8981ea7136faf570fafbd39ac70ec58665cd16"",""reified_endpoint_sha256"":""288dcc57d9aa106343144401ea35f7ac346f23f881320d2a828dd038019e3d1a"",""update_endpoint_sha256"":""8a607274f1b3d176dd6acfdc7381c25676b642e78d334a9664e45a2bdf3d52a0"",""base_data_identity_sha256"":""59fb59a04cd20e6dec9ee47cf1de02734068a3328cade998a3fc44a746054ea8"",""reified_data_identity_sha256"":""a42a308bd2c5294f3aa79a1a3b15804d4137fd68d7677d9adc037e257a217e76"",""update_for"":""none"",""access_mode"":""read-only"",""base_data_name"":""exploratory-base"",""reified_data_name"":""exploratory-reified"",""update_canary_sha256"":""2b9b44b25cd1c568cd57c6c5df25ae260b68229044617821fb33f542dab77648"",""store_instance_sha256"":""2fa0b01dffc52d6647e98c7f554a1a4ff05e5abe6830b9c10d45f5dd8984f60d"",""store_discriminator_sha256"":""f9ff8d30db2db1840ca1585b5598b1cf4d1d06ac2adb86a55b430669507fabff"",""tool_sha256"":""b38a65fc0c1a91e138f057f7b6c08d21c328463aceb40ffda53fc759f99d2f7a"",""java_runtime_sha256"":""bdd50c08a90e2fb713541b8a118df6250246a917edc41a6776aeafc90b472687"",""run_identity_sha256"":""49f83fcc979348623932fd5dfca58cf3e8ad3c9abfe5b5b663703c4950fa4398""}"
baf731844a65b830a95b2167d5a3b6b77d65abcd,millenniumdb,MillenniumDB [engines.json profile],10M,M,M1,00,31cc3cc2a162131c645d8c00efac8198f154624658dbdf08952fdf2aa2fcc40f,B,base-select,ok,111614,722.4,701.9,733.8,719.4,16.2,1,3,300.0,10894555,0.0,,,,,0.006461,"[701.91, 733.812, 722.396]","[0.0, 0.0, 0.0]",,[],,[],,[],r9.2-frozen-identity-v7,37e4ccb40ce235303315ab8793542545ebbd7851e7df3a4d883a492caad569a4,csv-binding-multiset-v1,111614,0f82cda8f8402bbbe41847b450cfb36f890ea0ef23a0d726abef8c8493c1a404,,,,,,,,3468610cc4e68c6a0db393e82d8981ea7136faf570fafbd39ac70ec58665cd16,288dcc57d9aa106343144401ea35f7ac346f23f881320d2a828dd038019e3d1a,8a607274f1b3d176dd6acfdc7381c25676b642e78d334a9664e45a2bdf3d52a0,59fb59a04cd20e6dec9ee47cf1de02734068a3328cade998a3fc44a746054ea8,a42a308bd2c5294f3aa79a1a3b15804d4137fd68d7677d9adc037e257a217e76,none,read-only,exploratory-base,exploratory-reified,2b9b44b25cd1c568cd57c6c5df25ae260b68229044617821fb33f542dab77648,2fa0b01dffc52d6647e98c7f554a1a4ff05e5abe6830b9c10d45f5dd8984f60d,f9ff8d30db2db1840ca1585b5598b1cf4d1d06ac2adb86a55b430669507fabff,b38a65fc0c1a91e138f057f7b6c08d21c328463aceb40ffda53fc759f99d2f7a,bdd50c08a90e2fb713541b8a118df6250246a917edc41a6776aeafc90b472687,9422acd58b8da6bdab9f6a714d1d75eec678975c70aebe3ee84bc26ca74bf21b,"pcm-meta-v2:{""protocol"":""r9.2-frozen-identity-v7"",""message"":"""",""cell_wall_ms"":5700.542,""answer_kind"":""csv-binding-multiset-v1"",""answer_key_count"":111614,""answer_fingerprint"":""0f82cda8f8402bbbe41847b450cfb36f890ea0ef23a0d726abef8c8493c1a404"",""c_parse_samples"":[0.0,0.0,0.0],""c_protocol_samples"":[],""construct_total_samples"":[],""construct_unattributed_samples"":[],""status"":""ok"",""status_evidence"":null,""construction_requested"":null,""construction_effective"":null,""commit"":""baf731844a65b830a95b2167d5a3b6b77d65abcd"",""batch_id"":""37e4ccb40ce235303315ab8793542545ebbd7851e7df3a4d883a492caad569a4"",""query_sha256"":""31cc3cc2a162131c645d8c00efac8198f154624658dbdf08952fdf2aa2fcc40f"",""engine"":""millenniumdb"",""engine_version"":""MillenniumDB [engines.json profile]"",""scale"":""10M"",""base_endpoint_sha256"":""3468610cc4e68c6a0db393e82d8981ea7136faf570fafbd39ac70ec58665cd16"",""reified_endpoint_sha256"":""288dcc57d9aa106343144401ea35f7ac346f23f881320d2a828dd038019e3d1a"",""update_endpoint_sha256"":""8a607274f1b3d176dd6acfdc7381c25676b642e78d334a9664e45a2bdf3d52a0"",""base_data_identity_sha256"":""59fb59a04cd20e6dec9ee47cf1de02734068a3328cade998a3fc44a746054ea8"",""reified_data_identity_sha256"":""a42a308bd2c5294f3aa79a1a3b15804d4137fd68d7677d9adc037e257a217e76"",""update_for"":""none"",""access_mode"":""read-only"",""base_data_name"":""exploratory-base"",""reified_data_name"":""exploratory-reified"",""update_canary_sha256"":""2b9b44b25cd1c568cd57c6c5df25ae260b68229044617821fb33f542dab77648"",""store_instance_sha256"":""2fa0b01dffc52d6647e98c7f554a1a4ff05e5abe6830b9c10d45f5dd8984f60d"",""store_discriminator_sha256"":""f9ff8d30db2db1840ca1585b5598b1cf4d1d06ac2adb86a55b430669507fabff"",""tool_sha256"":""b38a65fc0c1a91e138f057f7b6c08d21c328463aceb40ffda53fc759f99d2f7a"",""java_runtime_sha256"":""bdd50c08a90e2fb713541b8a118df6250246a917edc41a6776aeafc90b472687"",""run_identity_sha256"":""9422acd58b8da6bdab9f6a714d1d75eec678975c70aebe3ee84bc26ca74bf21b""}"
baf731844a65b830a95b2167d5a3b6b77d65abcd,millenniumdb,MillenniumDB [engines.json profile],10M,M,M1,00,31cc3cc2a162131c645d8c00efac8198f154624658dbdf08952fdf2aa2fcc40f,R,reification-only,timeout,,,,,,,1,3,300.0,,,,,,,155.334682,[],[],,[],,[],,[],r9.2-frozen-identity-v7,37e4ccb40ce235303315ab8793542545ebbd7851e7df3a4d883a492caad569a4,,,,,,,,,,,3468610cc4e68c6a0db393e82d8981ea7136faf570fafbd39ac70ec58665cd16,288dcc57d9aa106343144401ea35f7ac346f23f881320d2a828dd038019e3d1a,8a607274f1b3d176dd6acfdc7381c25676b642e78d334a9664e45a2bdf3d52a0,59fb59a04cd20e6dec9ee47cf1de02734068a3328cade998a3fc44a746054ea8,a42a308bd2c5294f3aa79a1a3b15804d4137fd68d7677d9adc037e257a217e76,none,read-only,exploratory-base,exploratory-reified,2b9b44b25cd1c568cd57c6c5df25ae260b68229044617821fb33f542dab77648,2fa0b01dffc52d6647e98c7f554a1a4ff05e5abe6830b9c10d45f5dd8984f60d,f9ff8d30db2db1840ca1585b5598b1cf4d1d06ac2adb86a55b430669507fabff,b38a65fc0c1a91e138f057f7b6c08d21c328463aceb40ffda53fc759f99d2f7a,bdd50c08a90e2fb713541b8a118df6250246a917edc41a6776aeafc90b472687,9422acd58b8da6bdab9f6a714d1d75eec678975c70aebe3ee84bc26ca74bf21b,"pcm-meta-v2:{""protocol"":""r9.2-frozen-identity-v7"",""message"":""whole cell exceeded 300s hard deadline; worker reaped"",""cell_wall_ms"":300000.0,""c_parse_samples"":[],""c_protocol_samples"":[],""construct_total_samples"":[],""construct_unattributed_samples"":[],""status"":""timeout"",""status_evidence"":{""kind"":""hard-wall-deadline"",""message"":""whole cell exceeded 300s hard deadline; worker reaped""},""construction_requested"":null,""construction_effective"":null,""commit"":""baf731844a65b830a95b2167d5a3b6b77d65abcd"",""batch_id"":""37e4ccb40ce235303315ab8793542545ebbd7851e7df3a4d883a492caad569a4"",""query_sha256"":""31cc3cc2a162131c645d8c00efac8198f154624658dbdf08952fdf2aa2fcc40f"",""engine"":""millenniumdb"",""engine_version"":""MillenniumDB [engines.json profile]"",""scale"":""10M"",""base_endpoint_sha256"":""3468610cc4e68c6a0db393e82d8981ea7136faf570fafbd39ac70ec58665cd16"",""reified_endpoint_sha256"":""288dcc57d9aa106343144401ea35f7ac346f23f881320d2a828dd038019e3d1a"",""update_endpoint_sha256"":""8a607274f1b3d176dd6acfdc7381c25676b642e78d334a9664e45a2bdf3d52a0"",""base_data_identity_sha256"":""59fb59a04cd20e6dec9ee47cf1de02734068a3328cade998a3fc44a746054ea8"",""reified_data_identity_sha256"":""a42a308bd2c5294f3aa79a1a3b15804d4137fd68d7677d9adc037e257a217e76"",""update_for"":""none"",""access_mode"":""read-only"",""base_data_name"":""exploratory-base"",""reified_data_name"":""exploratory-reified"",""update_canary_sha256"":""2b9b44b25cd1c568cd57c6c5df25ae260b68229044617821fb33f542dab77648"",""store_instance_sha256"":""2fa0b01dffc52d6647e98c7f554a1a4ff05e5abe6830b9c10d45f5dd8984f60d"",""store_discriminator_sha256"":""f9ff8d30db2db1840ca1585b5598b1cf4d1d06ac2adb86a55b430669507fabff"",""tool_sha256"":""b38a65fc0c1a91e138f057f7b6c08d21c328463aceb40ffda53fc759f99d2f7a"",""java_runtime_sha256"":""bdd50c08a90e2fb713541b8a118df6250246a917edc41a6776aeafc90b472687"",""run_identity_sha256"":""9422acd58b8da6bdab9f6a714d1d75eec678975c70aebe3ee84bc26ca74bf21b""}"
baf731844a65b830a95b2167d5a3b6b77d65abcd,millenniumdb,MillenniumDB [engines.json profile],10M,M,M1,00,31cc3cc2a162131c645d8c00efac8198f154624658dbdf08952fdf2aa2fcc40f,N,N_clean (NPCS reimplementation),timeout,,,,,,,1,3,300.0,,,,,,,202.213464,[],[],,[],,[],,[],r9.2-frozen-identity-v7,37e4ccb40ce235303315ab8793542545ebbd7851e7df3a4d883a492caad569a4,,,,,,,,,,,3468610cc4e68c6a0db393e82d8981ea7136faf570fafbd39ac70ec58665cd16,288dcc57d9aa106343144401ea35f7ac346f23f881320d2a828dd038019e3d1a,8a607274f1b3d176dd6acfdc7381c25676b642e78d334a9664e45a2bdf3d52a0,59fb59a04cd20e6dec9ee47cf1de02734068a3328cade998a3fc44a746054ea8,a42a308bd2c5294f3aa79a1a3b15804d4137fd68d7677d9adc037e257a217e76,none,read-only,exploratory-base,exploratory-reified,2b9b44b25cd1c568cd57c6c5df25ae260b68229044617821fb33f542dab77648,2fa0b01dffc52d6647e98c7f554a1a4ff05e5abe6830b9c10d45f5dd8984f60d,f9ff8d30db2db1840ca1585b5598b1cf4d1d06ac2adb86a55b430669507fabff,b38a65fc0c1a91e138f057f7b6c08d21c328463aceb40ffda53fc759f99d2f7a,bdd50c08a90e2fb713541b8a118df6250246a917edc41a6776aeafc90b472687,9422acd58b8da6bdab9f6a714d1d75eec678975c70aebe3ee84bc26ca74bf21b,"pcm-meta-v2:{""protocol"":""r9.2-frozen-identity-v7"",""message"":""whole cell exceeded 300s hard deadline; worker reaped"",""cell_wall_ms"":300000.0,""c_parse_samples"":[],""c_protocol_samples"":[],""construct_total_samples"":[],""construct_unattributed_samples"":[],""status"":""timeout"",""status_evidence"":{""kind"":""hard-wall-deadline"",""message"":""whole cell exceeded 300s hard deadline; worker reaped""},""construction_requested"":null,""construction_effective"":null,""commit"":""baf731844a65b830a95b2167d5a3b6b77d65abcd"",""batch_id"":""37e4ccb40ce235303315ab8793542545ebbd7851e7df3a4d883a492caad569a4"",""query_sha256"":""31cc3cc2a162131c645d8c00efac8198f154624658dbdf08952fdf2aa2fcc40f"",""engine"":""millenniumdb"",""engine_version"":""MillenniumDB [engines.json profile]"",""scale"":""10M"",""base_endpoint_sha256"":""3468610cc4e68c6a0db393e82d8981ea7136faf570fafbd39ac70ec58665cd16"",""reified_endpoint_sha256"":""288dcc57d9aa106343144401ea35f7ac346f23f881320d2a828dd038019e3d1a"",""update_endpoint_sha256"":""8a607274f1b3d176dd6acfdc7381c25676b642e78d334a9664e45a2bdf3d52a0"",""base_data_identity_sha256"":""59fb59a04cd20e6dec9ee47cf1de02734068a3328cade998a3fc44a746054ea8"",""reified_data_identity_sha256"":""a42a308bd2c5294f3aa79a1a3b15804d4137fd68d7677d9adc037e257a217e76"",""update_for"":""none"",""access_mode"":""read-only"",""base_data_name"":""exploratory-base"",""reified_data_name"":""exploratory-reified"",""update_canary_sha256"":""2b9b44b25cd1c568cd57c6c5df25ae260b68229044617821fb33f542dab77648"",""store_instance_sha256"":""2fa0b01dffc52d6647e98c7f554a1a4ff05e5abe6830b9c10d45f5dd8984f60d"",""store_discriminator_sha256"":""f9ff8d30db2db1840ca1585b5598b1cf4d1d06ac2adb86a55b430669507fabff"",""tool_sha256"":""b38a65fc0c1a91e138f057f7b6c08d21c328463aceb40ffda53fc759f99d2f7a"",""java_runtime_sha256"":""bdd50c08a90e2fb713541b8a118df6250246a917edc41a6776aeafc90b472687"",""run_identity_sha256"":""9422acd58b8da6bdab9f6a714d1d75eec678975c70aebe3ee84bc26ca74bf21b""}"
baf731844a65b830a95b2167d5a3b6b77d65abcd,millenniumdb,MillenniumDB [engines.json profile],10M,M,M1,00,31cc3cc2a162131c645d8c00efac8198f154624658dbdf08952fdf2aa2fcc40f,C,SPARQLcirc CircuitRewriter,timeout,,,,,,,1,3,300.0,,,,,,,376.217632,[],[],,[],,[],,[],r9.2-frozen-identity-v7,37e4ccb40ce235303315ab8793542545ebbd7851e7df3a4d883a492caad569a4,,,,,,,,,,,3468610cc4e68c6a0db393e82d8981ea7136faf570fafbd39ac70ec58665cd16,288dcc57d9aa106343144401ea35f7ac346f23f881320d2a828dd038019e3d1a,8a607274f1b3d176dd6acfdc7381c25676b642e78d334a9664e45a2bdf3d52a0,59fb59a04cd20e6dec9ee47cf1de02734068a3328cade998a3fc44a746054ea8,a42a308bd2c5294f3aa79a1a3b15804d4137fd68d7677d9adc037e257a217e76,none,read-only,exploratory-base,exploratory-reified,2b9b44b25cd1c568cd57c6c5df25ae260b68229044617821fb33f542dab77648,2fa0b01dffc52d6647e98c7f554a1a4ff05e5abe6830b9c10d45f5dd8984f60d,f9ff8d30db2db1840ca1585b5598b1cf4d1d06ac2adb86a55b430669507fabff,b38a65fc0c1a91e138f057f7b6c08d21c328463aceb40ffda53fc759f99d2f7a,bdd50c08a90e2fb713541b8a118df6250246a917edc41a6776aeafc90b472687,9422acd58b8da6bdab9f6a714d1d75eec678975c70aebe3ee84bc26ca74bf21b,"pcm-meta-v2:{""protocol"":""r9.2-frozen-identity-v7"",""message"":""whole cell exceeded 300s hard deadline; worker reaped"",""cell_wall_ms"":300000.0,""c_parse_samples"":[],""c_protocol_samples"":[],""construct_total_samples"":[],""construct_unattributed_samples"":[],""status"":""timeout"",""status_evidence"":{""kind"":""hard-wall-deadline"",""message"":""whole cell exceeded 300s hard deadline; worker reaped""},""construction_requested"":null,""construction_effective"":null,""commit"":""baf731844a65b830a95b2167d5a3b6b77d65abcd"",""batch_id"":""37e4ccb40ce235303315ab8793542545ebbd7851e7df3a4d883a492caad569a4"",""query_sha256"":""31cc3cc2a162131c645d8c00efac8198f154624658dbdf08952fdf2aa2fcc40f"",""engine"":""millenniumdb"",""engine_version"":""MillenniumDB [engines.json profile]"",""scale"":""10M"",""base_endpoint_sha256"":""3468610cc4e68c6a0db393e82d8981ea7136faf570fafbd39ac70ec58665cd16"",""reified_endpoint_sha256"":""288dcc57d9aa106343144401ea35f7ac346f23f881320d2a828dd038019e3d1a"",""update_endpoint_sha256"":""8a607274f1b3d176dd6acfdc7381c25676b642e78d334a9664e45a2bdf3d52a0"",""base_data_identity_sha256"":""59fb59a04cd20e6dec9ee47cf1de02734068a3328cade998a3fc44a746054ea8"",""reified_data_identity_sha256"":""a42a308bd2c5294f3aa79a1a3b15804d4137fd68d7677d9adc037e257a217e76"",""update_for"":""none"",""access_mode"":""read-only"",""base_data_name"":""exploratory-base"",""reified_data_name"":""exploratory-reified"",""update_canary_sha256"":""2b9b44b25cd1c568cd57c6c5df25ae260b68229044617821fb33f542dab77648"",""store_instance_sha256"":""2fa0b01dffc52d6647e98c7f554a1a4ff05e5abe6830b9c10d45f5dd8984f60d"",""store_discriminator_sha256"":""f9ff8d30db2db1840ca1585b5598b1cf4d1d06ac2adb86a55b430669507fabff"",""tool_sha256"":""b38a65fc0c1a91e138f057f7b6c08d21c328463aceb40ffda53fc759f99d2f7a"",""java_runtime_sha256"":""bdd50c08a90e2fb713541b8a118df6250246a917edc41a6776aeafc90b472687"",""run_identity_sha256"":""9422acd58b8da6bdab9f6a714d1d75eec678975c70aebe3ee84bc26ca74bf21b""}"
baf731844a65b830a95b2167d5a3b6b77d65abcd,millenniumdb,MillenniumDB [engines.json profile],10M,M,M2,00,57dabb9eb81d64dbc3cc422093691dfbcd45c8bc0072a0480b32c507db250930,B,base-select,ok,115865,919.6,893.6,924.9,912.7,16.7,1,3,300.0,11316528,0.0,,,,,0.00843,"[919.599, 893.632, 924.929]","[0.0, 0.0, 0.0]",,[],,[],,[],r9.2-frozen-identity-v7,37e4ccb40ce235303315ab8793542545ebbd7851e7df3a4d883a492caad569a4,csv-binding-multiset-v1,115865,79ded421f88a5e5321db3ea507f497969b11e218ce81eb6927a28979317e838f,,,,,,,,3468610cc4e68c6a0db393e82d8981ea7136faf570fafbd39ac70ec58665cd16,288dcc57d9aa106343144401ea35f7ac346f23f881320d2a828dd038019e3d1a,8a607274f1b3d176dd6acfdc7381c25676b642e78d334a9664e45a2bdf3d52a0,59fb59a04cd20e6dec9ee47cf1de02734068a3328cade998a3fc44a746054ea8,a42a308bd2c5294f3aa79a1a3b15804d4137fd68d7677d9adc037e257a217e76,none,read-only,exploratory-base,exploratory-reified,2b9b44b25cd1c568cd57c6c5df25ae260b68229044617821fb33f542dab77648,2fa0b01dffc52d6647e98c7f554a1a4ff05e5abe6830b9c10d45f5dd8984f60d,f9ff8d30db2db1840ca1585b5598b1cf4d1d06ac2adb86a55b430669507fabff,b38a65fc0c1a91e138f057f7b6c08d21c328463aceb40ffda53fc759f99d2f7a,bdd50c08a90e2fb713541b8a118df6250246a917edc41a6776aeafc90b472687,73d2d2e82b780e25dab77b07ce7382157fc6c8efcb9632b98802d3ace8ff8c3f,"pcm-meta-v2:{""protocol"":""r9.2-frozen-identity-v7"",""message"":"""",""cell_wall_ms"":4720.922,""answer_kind"":""csv-binding-multiset-v1"",""answer_key_count"":115865,""answer_fingerprint"":""79ded421f88a5e5321db3ea507f497969b11e218ce81eb6927a28979317e838f"",""c_parse_samples"":[0.0,0.0,0.0],""c_protocol_samples"":[],""construct_total_samples"":[],""construct_unattributed_samples"":[],""status"":""ok"",""status_evidence"":null,""construction_requested"":null,""construction_effective"":null,""commit"":""baf731844a65b830a95b2167d5a3b6b77d65abcd"",""batch_id"":""37e4ccb40ce235303315ab8793542545ebbd7851e7df3a4d883a492caad569a4"",""query_sha256"":""57dabb9eb81d64dbc3cc422093691dfbcd45c8bc0072a0480b32c507db250930"",""engine"":""millenniumdb"",""engine_version"":""MillenniumDB [engines.json profile]"",""scale"":""10M"",""base_endpoint_sha256"":""3468610cc4e68c6a0db393e82d8981ea7136faf570fafbd39ac70ec58665cd16"",""reified_endpoint_sha256"":""288dcc57d9aa106343144401ea35f7ac346f23f881320d2a828dd038019e3d1a"",""update_endpoint_sha256"":""8a607274f1b3d176dd6acfdc7381c25676b642e78d334a9664e45a2bdf3d52a0"",""base_data_identity_sha256"":""59fb59a04cd20e6dec9ee47cf1de02734068a3328cade998a3fc44a746054ea8"",""reified_data_identity_sha256"":""a42a308bd2c5294f3aa79a1a3b15804d4137fd68d7677d9adc037e257a217e76"",""update_for"":""none"",""access_mode"":""read-only"",""base_data_name"":""exploratory-base"",""reified_data_name"":""exploratory-reified"",""update_canary_sha256"":""2b9b44b25cd1c568cd57c6c5df25ae260b68229044617821fb33f542dab77648"",""store_instance_sha256"":""2fa0b01dffc52d6647e98c7f554a1a4ff05e5abe6830b9c10d45f5dd8984f60d"",""store_discriminator_sha256"":""f9ff8d30db2db1840ca1585b5598b1cf4d1d06ac2adb86a55b430669507fabff"",""tool_sha256"":""b38a65fc0c1a91e138f057f7b6c08d21c328463aceb40ffda53fc759f99d2f7a"",""java_runtime_sha256"":""bdd50c08a90e2fb713541b8a118df6250246a917edc41a6776aeafc90b472687"",""run_identity_sha256"":""73d2d2e82b780e25dab77b07ce7382157fc6c8efcb9632b98802d3ace8ff8c3f""}"
baf731844a65b830a95b2167d5a3b6b77d65abcd,millenniumdb,MillenniumDB [engines.json profile],10M,M,M2,00,57dabb9eb81d64dbc3cc422093691dfbcd45c8bc0072a0480b32c507db250930,R,reification-only,ok,115865,2340.0,2325.9,3408.1,2691.3,620.8,1,3,300.0,11316528,0.0,,,,,154.087445,"[2340.012, 2325.876, 3408.051]","[0.0, 0.0, 0.0]",,[],,[],,[],r9.2-frozen-identity-v7,37e4ccb40ce235303315ab8793542545ebbd7851e7df3a4d883a492caad569a4,csv-binding-multiset-v1,115865,79ded421f88a5e5321db3ea507f497969b11e218ce81eb6927a28979317e838f,,,,,,,,3468610cc4e68c6a0db393e82d8981ea7136faf570fafbd39ac70ec58665cd16,288dcc57d9aa106343144401ea35f7ac346f23f881320d2a828dd038019e3d1a,8a607274f1b3d176dd6acfdc7381c25676b642e78d334a9664e45a2bdf3d52a0,59fb59a04cd20e6dec9ee47cf1de02734068a3328cade998a3fc44a746054ea8,a42a308bd2c5294f3aa79a1a3b15804d4137fd68d7677d9adc037e257a217e76,none,read-only,exploratory-base,exploratory-reified,2b9b44b25cd1c568cd57c6c5df25ae260b68229044617821fb33f542dab77648,2fa0b01dffc52d6647e98c7f554a1a4ff05e5abe6830b9c10d45f5dd8984f60d,f9ff8d30db2db1840ca1585b5598b1cf4d1d06ac2adb86a55b430669507fabff,b38a65fc0c1a91e138f057f7b6c08d21c328463aceb40ffda53fc759f99d2f7a,bdd50c08a90e2fb713541b8a118df6250246a917edc41a6776aeafc90b472687,73d2d2e82b780e25dab77b07ce7382157fc6c8efcb9632b98802d3ace8ff8c3f,"pcm-meta-v2:{""protocol"":""r9.2-frozen-identity-v7"",""message"":"""",""cell_wall_ms"":12258.742,""answer_kind"":""csv-binding-multiset-v1"",""answer_key_count"":115865,""answer_fingerprint"":""79ded421f88a5e5321db3ea507f497969b11e218ce81eb6927a28979317e838f"",""c_parse_samples"":[0.0,0.0,0.0],""c_protocol_samples"":[],""construct_total_samples"":[],""construct_unattributed_samples"":[],""status"":""ok"",""status_evidence"":null,""construction_requested"":null,""construction_effective"":null,""commit"":""baf731844a65b830a95b2167d5a3b6b77d65abcd"",""batch_id"":""37e4ccb40ce235303315ab8793542545ebbd7851e7df3a4d883a492caad569a4"",""query_sha256"":""57dabb9eb81d64dbc3cc422093691dfbcd45c8bc0072a0480b32c507db250930"",""engine"":""millenniumdb"",""engine_version"":""MillenniumDB [engines.json profile]"",""scale"":""10M"",""base_endpoint_sha256"":""3468610cc4e68c6a0db393e82d8981ea7136faf570fafbd39ac70ec58665cd16"",""reified_endpoint_sha256"":""288dcc57d9aa106343144401ea35f7ac346f23f881320d2a828dd038019e3d1a"",""update_endpoint_sha256"":""8a607274f1b3d176dd6acfdc7381c25676b642e78d334a9664e45a2bdf3d52a0"",""base_data_identity_sha256"":""59fb59a04cd20e6dec9ee47cf1de02734068a3328cade998a3fc44a746054ea8"",""reified_data_identity_sha256"":""a42a308bd2c5294f3aa79a1a3b15804d4137fd68d7677d9adc037e257a217e76"",""update_for"":""none"",""access_mode"":""read-only"",""base_data_name"":""exploratory-base"",""reified_data_name"":""exploratory-reified"",""update_canary_sha256"":""2b9b44b25cd1c568cd57c6c5df25ae260b68229044617821fb33f542dab77648"",""store_instance_sha256"":""2fa0b01dffc52d6647e98c7f554a1a4ff05e5abe6830b9c10d45f5dd8984f60d"",""store_discriminator_sha256"":""f9ff8d30db2db1840ca1585b5598b1cf4d1d06ac2adb86a55b430669507fabff"",""tool_sha256"":""b38a65fc0c1a91e138f057f7b6c08d21c328463aceb40ffda53fc759f99d2f7a"",""java_runtime_sha256"":""bdd50c08a90e2fb713541b8a118df6250246a917edc41a6776aeafc90b472687"",""run_identity_sha256"":""73d2d2e82b780e25dab77b07ce7382157fc6c8efcb9632b98802d3ace8ff8c3f""}"
baf731844a65b830a95b2167d5a3b6b77d65abcd,millenniumdb,MillenniumDB [engines.json profile],10M,M,M2,00,57dabb9eb81d64dbc3cc422093691dfbcd45c8bc0072a0480b32c507db250930,N,N_clean (NPCS reimplementation),timeout,,,,,,,1,3,300.0,,,,,,,186.890089,[],[],,[],,[],,[],r9.2-frozen-identity-v7,37e4ccb40ce235303315ab8793542545ebbd7851e7df3a4d883a492caad569a4,,,,,,,,,,,3468610cc4e68c6a0db393e82d8981ea7136faf570fafbd39ac70ec58665cd16,288dcc57d9aa106343144401ea35f7ac346f23f881320d2a828dd038019e3d1a,8a607274f1b3d176dd6acfdc7381c25676b642e78d334a9664e45a2bdf3d52a0,59fb59a04cd20e6dec9ee47cf1de02734068a3328cade998a3fc44a746054ea8,a42a308bd2c5294f3aa79a1a3b15804d4137fd68d7677d9adc037e257a217e76,none,read-only,exploratory-base,exploratory-reified,2b9b44b25cd1c568cd57c6c5df25ae260b68229044617821fb33f542dab77648,2fa0b01dffc52d6647e98c7f554a1a4ff05e5abe6830b9c10d45f5dd8984f60d,f9ff8d30db2db1840ca1585b5598b1cf4d1d06ac2adb86a55b430669507fabff,b38a65fc0c1a91e138f057f7b6c08d21c328463aceb40ffda53fc759f99d2f7a,bdd50c08a90e2fb713541b8a118df6250246a917edc41a6776aeafc90b472687,73d2d2e82b780e25dab77b07ce7382157fc6c8efcb9632b98802d3ace8ff8c3f,"pcm-meta-v2:{""protocol"":""r9.2-frozen-identity-v7"",""message"":""whole cell exceeded 300s hard deadline; worker reaped"",""cell_wall_ms"":300000.0,""c_parse_samples"":[],""c_protocol_samples"":[],""construct_total_samples"":[],""construct_unattributed_samples"":[],""status"":""timeout"",""status_evidence"":{""kind"":""hard-wall-deadline"",""message"":""whole cell exceeded 300s hard deadline; worker reaped""},""construction_requested"":null,""construction_effective"":null,""commit"":""baf731844a65b830a95b2167d5a3b6b77d65abcd"",""batch_id"":""37e4ccb40ce235303315ab8793542545ebbd7851e7df3a4d883a492caad569a4"",""query_sha256"":""57dabb9eb81d64dbc3cc422093691dfbcd45c8bc0072a0480b32c507db250930"",""engine"":""millenniumdb"",""engine_version"":""MillenniumDB [engines.json profile]"",""scale"":""10M"",""base_endpoint_sha256"":""3468610cc4e68c6a0db393e82d8981ea7136faf570fafbd39ac70ec58665cd16"",""reified_endpoint_sha256"":""288dcc57d9aa106343144401ea35f7ac346f23f881320d2a828dd038019e3d1a"",""update_endpoint_sha256"":""8a607274f1b3d176dd6acfdc7381c25676b642e78d334a9664e45a2bdf3d52a0"",""base_data_identity_sha256"":""59fb59a04cd20e6dec9ee47cf1de02734068a3328cade998a3fc44a746054ea8"",""reified_data_identity_sha256"":""a42a308bd2c5294f3aa79a1a3b15804d4137fd68d7677d9adc037e257a217e76"",""update_for"":""none"",""access_mode"":""read-only"",""base_data_name"":""exploratory-base"",""reified_data_name"":""exploratory-reified"",""update_canary_sha256"":""2b9b44b25cd1c568cd57c6c5df25ae260b68229044617821fb33f542dab77648"",""store_instance_sha256"":""2fa0b01dffc52d6647e98c7f554a1a4ff05e5abe6830b9c10d45f5dd8984f60d"",""store_discriminator_sha256"":""f9ff8d30db2db1840ca1585b5598b1cf4d1d06ac2adb86a55b430669507fabff"",""tool_sha256"":""b38a65fc0c1a91e138f057f7b6c08d21c328463aceb40ffda53fc759f99d2f7a"",""java_runtime_sha256"":""bdd50c08a90e2fb713541b8a118df6250246a917edc41a6776aeafc90b472687"",""run_identity_sha256"":""73d2d2e82b780e25dab77b07ce7382157fc6c8efcb9632b98802d3ace8ff8c3f""}"
baf731844a65b830a95b2167d5a3b6b77d65abcd,millenniumdb,MillenniumDB [engines.json profile],10M,M,M2,00,57dabb9eb81d64dbc3cc422093691dfbcd45c8bc0072a0480b32c507db250930,C,SPARQLcirc CircuitRewriter,timeout,,,,,,,1,3,300.0,,,,,,,375.39327,[],[],,[],,[],,[],r9.2-frozen-identity-v7,37e4ccb40ce235303315ab8793542545ebbd7851e7df3a4d883a492caad569a4,,,,,,,,,,,3468610cc4e68c6a0db393e82d8981ea7136faf570fafbd39ac70ec58665cd16,288dcc57d9aa106343144401ea35f7ac346f23f881320d2a828dd038019e3d1a,8a607274f1b3d176dd6acfdc7381c25676b642e78d334a9664e45a2bdf3d52a0,59fb59a04cd20e6dec9ee47cf1de02734068a3328cade998a3fc44a746054ea8,a42a308bd2c5294f3aa79a1a3b15804d4137fd68d7677d9adc037e257a217e76,none,read-only,exploratory-base,exploratory-reified,2b9b44b25cd1c568cd57c6c5df25ae260b68229044617821fb33f542dab77648,2fa0b01dffc52d6647e98c7f554a1a4ff05e5abe6830b9c10d45f5dd8984f60d,f9ff8d30db2db1840ca1585b5598b1cf4d1d06ac2adb86a55b430669507fabff,b38a65fc0c1a91e138f057f7b6c08d21c328463aceb40ffda53fc759f99d2f7a,bdd50c08a90e2fb713541b8a118df6250246a917edc41a6776aeafc90b472687,73d2d2e82b780e25dab77b07ce7382157fc6c8efcb9632b98802d3ace8ff8c3f,"pcm-meta-v2:{""protocol"":""r9.2-frozen-identity-v7"",""message"":""whole cell exceeded 300s hard deadline; worker reaped"",""cell_wall_ms"":300000.0,""c_parse_samples"":[],""c_protocol_samples"":[],""construct_total_samples"":[],""construct_unattributed_samples"":[],""status"":""timeout"",""status_evidence"":{""kind"":""hard-wall-deadline"",""message"":""whole cell exceeded 300s hard deadline; worker reaped""},""construction_requested"":null,""construction_effective"":null,""commit"":""baf731844a65b830a95b2167d5a3b6b77d65abcd"",""batch_id"":""37e4ccb40ce235303315ab8793542545ebbd7851e7df3a4d883a492caad569a4"",""query_sha256"":""57dabb9eb81d64dbc3cc422093691dfbcd45c8bc0072a0480b32c507db250930"",""engine"":""millenniumdb"",""engine_version"":""MillenniumDB [engines.json profile]"",""scale"":""10M"",""base_endpoint_sha256"":""3468610cc4e68c6a0db393e82d8981ea7136faf570fafbd39ac70ec58665cd16"",""reified_endpoint_sha256"":""288dcc57d9aa106343144401ea35f7ac346f23f881320d2a828dd038019e3d1a"",""update_endpoint_sha256"":""8a607274f1b3d176dd6acfdc7381c25676b642e78d334a9664e45a2bdf3d52a0"",""base_data_identity_sha256"":""59fb59a04cd20e6dec9ee47cf1de02734068a3328cade998a3fc44a746054ea8"",""reified_data_identity_sha256"":""a42a308bd2c5294f3aa79a1a3b15804d4137fd68d7677d9adc037e257a217e76"",""update_for"":""none"",""access_mode"":""read-only"",""base_data_name"":""exploratory-base"",""reified_data_name"":""exploratory-reified"",""update_canary_sha256"":""2b9b44b25cd1c568cd57c6c5df25ae260b68229044617821fb33f542dab77648"",""store_instance_sha256"":""2fa0b01dffc52d6647e98c7f554a1a4ff05e5abe6830b9c10d45f5dd8984f60d"",""store_discriminator_sha256"":""f9ff8d30db2db1840ca1585b5598b1cf4d1d06ac2adb86a55b430669507fabff"",""tool_sha256"":""b38a65fc0c1a91e138f057f7b6c08d21c328463aceb40ffda53fc759f99d2f7a"",""java_runtime_sha256"":""bdd50c08a90e2fb713541b8a118df6250246a917edc41a6776aeafc90b472687"",""run_identity_sha256"":""73d2d2e82b780e25dab77b07ce7382157fc6c8efcb9632b98802d3ace8ff8c3f""}"
baf731844a65b830a95b2167d5a3b6b77d65abcd,millenniumdb,MillenniumDB [engines.json profile],10M,M,M3,00,143c016ebb5bf4d918995fb8a8437257e0f177fb04bcef9184c9058f18f3eefa,B,base-select,ok,42628,351.4,347.3,351.9,350.2,2.5,1,3,300.0,4311836,0.0,,,,,0.00724,"[347.349, 351.86, 351.431]","[0.0, 0.0, 0.0]",,[],,[],,[],r9.2-frozen-identity-v7,37e4ccb40ce235303315ab8793542545ebbd7851e7df3a4d883a492caad569a4,csv-binding-multiset-v1,42628,c66fa7184b4b7b7f7d3455f7af0fafd0a3651cbb0fb95a82f4a0a3f95da6c723,,,,,,,,3468610cc4e68c6a0db393e82d8981ea7136faf570fafbd39ac70ec58665cd16,288dcc57d9aa106343144401ea35f7ac346f23f881320d2a828dd038019e3d1a,8a607274f1b3d176dd6acfdc7381c25676b642e78d334a9664e45a2bdf3d52a0,59fb59a04cd20e6dec9ee47cf1de02734068a3328cade998a3fc44a746054ea8,a42a308bd2c5294f3aa79a1a3b15804d4137fd68d7677d9adc037e257a217e76,none,read-only,exploratory-base,exploratory-reified,2b9b44b25cd1c568cd57c6c5df25ae260b68229044617821fb33f542dab77648,2fa0b01dffc52d6647e98c7f554a1a4ff05e5abe6830b9c10d45f5dd8984f60d,f9ff8d30db2db1840ca1585b5598b1cf4d1d06ac2adb86a55b430669507fabff,b38a65fc0c1a91e138f057f7b6c08d21c328463aceb40ffda53fc759f99d2f7a,bdd50c08a90e2fb713541b8a118df6250246a917edc41a6776aeafc90b472687,99c8843968a2f8e5764b2f3b070557c95b2b4fa71c26a0f44f6ba254efe2d653,"pcm-meta-v2:{""protocol"":""r9.2-frozen-identity-v7"",""message"":"""",""cell_wall_ms"":1657.531,""answer_kind"":""csv-binding-multiset-v1"",""answer_key_count"":42628,""answer_fingerprint"":""c66fa7184b4b7b7f7d3455f7af0fafd0a3651cbb0fb95a82f4a0a3f95da6c723"",""c_parse_samples"":[0.0,0.0,0.0],""c_protocol_samples"":[],""construct_total_samples"":[],""construct_unattributed_samples"":[],""status"":""ok"",""status_evidence"":null,""construction_requested"":null,""construction_effective"":null,""commit"":""baf731844a65b830a95b2167d5a3b6b77d65abcd"",""batch_id"":""37e4ccb40ce235303315ab8793542545ebbd7851e7df3a4d883a492caad569a4"",""query_sha256"":""143c016ebb5bf4d918995fb8a8437257e0f177fb04bcef9184c9058f18f3eefa"",""engine"":""millenniumdb"",""engine_version"":""MillenniumDB [engines.json profile]"",""scale"":""10M"",""base_endpoint_sha256"":""3468610cc4e68c6a0db393e82d8981ea7136faf570fafbd39ac70ec58665cd16"",""reified_endpoint_sha256"":""288dcc57d9aa106343144401ea35f7ac346f23f881320d2a828dd038019e3d1a"",""update_endpoint_sha256"":""8a607274f1b3d176dd6acfdc7381c25676b642e78d334a9664e45a2bdf3d52a0"",""base_data_identity_sha256"":""59fb59a04cd20e6dec9ee47cf1de02734068a3328cade998a3fc44a746054ea8"",""reified_data_identity_sha256"":""a42a308bd2c5294f3aa79a1a3b15804d4137fd68d7677d9adc037e257a217e76"",""update_for"":""none"",""access_mode"":""read-only"",""base_data_name"":""exploratory-base"",""reified_data_name"":""exploratory-reified"",""update_canary_sha256"":""2b9b44b25cd1c568cd57c6c5df25ae260b68229044617821fb33f542dab77648"",""store_instance_sha256"":""2fa0b01dffc52d6647e98c7f554a1a4ff05e5abe6830b9c10d45f5dd8984f60d"",""store_discriminator_sha256"":""f9ff8d30db2db1840ca1585b5598b1cf4d1d06ac2adb86a55b430669507fabff"",""tool_sha256"":""b38a65fc0c1a91e138f057f7b6c08d21c328463aceb40ffda53fc759f99d2f7a"",""java_runtime_sha256"":""bdd50c08a90e2fb713541b8a118df6250246a917edc41a6776aeafc90b472687"",""run_identity_sha256"":""99c8843968a2f8e5764b2f3b070557c95b2b4fa71c26a0f44f6ba254efe2d653""}"
baf731844a65b830a95b2167d5a3b6b77d65abcd,millenniumdb,MillenniumDB [engines.json profile],10M,M,M3,00,143c016ebb5bf4d918995fb8a8437257e0f177fb04bcef9184c9058f18f3eefa,R,reification-only,ok,42628,2534.7,2507.7,3114.0,2718.8,342.5,1,3,300.0,4311836,0.0,,,,,158.610698,"[2534.662, 2507.699, 3113.965]","[0.0, 0.0, 0.0]",,[],,[],,[],r9.2-frozen-identity-v7,37e4ccb40ce235303315ab8793542545ebbd7851e7df3a4d883a492caad569a4,csv-binding-multiset-v1,42628,c66fa7184b4b7b7f7d3455f7af0fafd0a3651cbb0fb95a82f4a0a3f95da6c723,,,,,,,,3468610cc4e68c6a0db393e82d8981ea7136faf570fafbd39ac70ec58665cd16,288dcc57d9aa106343144401ea35f7ac346f23f881320d2a828dd038019e3d1a,8a607274f1b3d176dd6acfdc7381c25676b642e78d334a9664e45a2bdf3d52a0,59fb59a04cd20e6dec9ee47cf1de02734068a3328cade998a3fc44a746054ea8,a42a308bd2c5294f3aa79a1a3b15804d4137fd68d7677d9adc037e257a217e76,none,read-only,exploratory-base,exploratory-reified,2b9b44b25cd1c568cd57c6c5df25ae260b68229044617821fb33f542dab77648,2fa0b01dffc52d6647e98c7f554a1a4ff05e5abe6830b9c10d45f5dd8984f60d,f9ff8d30db2db1840ca1585b5598b1cf4d1d06ac2adb86a55b430669507fabff,b38a65fc0c1a91e138f057f7b6c08d21c328463aceb40ffda53fc759f99d2f7a,bdd50c08a90e2fb713541b8a118df6250246a917edc41a6776aeafc90b472687,99c8843968a2f8e5764b2f3b070557c95b2b4fa71c26a0f44f6ba254efe2d653,"pcm-meta-v2:{""protocol"":""r9.2-frozen-identity-v7"",""message"":"""",""cell_wall_ms"":11901.399,""answer_kind"":""csv-binding-multiset-v1"",""answer_key_count"":42628,""answer_fingerprint"":""c66fa7184b4b7b7f7d3455f7af0fafd0a3651cbb0fb95a82f4a0a3f95da6c723"",""c_parse_samples"":[0.0,0.0,0.0],""c_protocol_samples"":[],""construct_total_samples"":[],""construct_unattributed_samples"":[],""status"":""ok"",""status_evidence"":null,""construction_requested"":null,""construction_effective"":null,""commit"":""baf731844a65b830a95b2167d5a3b6b77d65abcd"",""batch_id"":""37e4ccb40ce235303315ab8793542545ebbd7851e7df3a4d883a492caad569a4"",""query_sha256"":""143c016ebb5bf4d918995fb8a8437257e0f177fb04bcef9184c9058f18f3eefa"",""engine"":""millenniumdb"",""engine_version"":""MillenniumDB [engines.json profile]"",""scale"":""10M"",""base_endpoint_sha256"":""3468610cc4e68c6a0db393e82d8981ea7136faf570fafbd39ac70ec58665cd16"",""reified_endpoint_sha256"":""288dcc57d9aa106343144401ea35f7ac346f23f881320d2a828dd038019e3d1a"",""update_endpoint_sha256"":""8a607274f1b3d176dd6acfdc7381c25676b642e78d334a9664e45a2bdf3d52a0"",""base_data_identity_sha256"":""59fb59a04cd20e6dec9ee47cf1de02734068a3328cade998a3fc44a746054ea8"",""reified_data_identity_sha256"":""a42a308bd2c5294f3aa79a1a3b15804d4137fd68d7677d9adc037e257a217e76"",""update_for"":""none"",""access_mode"":""read-only"",""base_data_name"":""exploratory-base"",""reified_data_name"":""exploratory-reified"",""update_canary_sha256"":""2b9b44b25cd1c568cd57c6c5df25ae260b68229044617821fb33f542dab77648"",""store_instance_sha256"":""2fa0b01dffc52d6647e98c7f554a1a4ff05e5abe6830b9c10d45f5dd8984f60d"",""store_discriminator_sha256"":""f9ff8d30db2db1840ca1585b5598b1cf4d1d06ac2adb86a55b430669507fabff"",""tool_sha256"":""b38a65fc0c1a91e138f057f7b6c08d21c328463aceb40ffda53fc759f99d2f7a"",""java_runtime_sha256"":""bdd50c08a90e2fb713541b8a118df6250246a917edc41a6776aeafc90b472687"",""run_identity_sha256"":""99c8843968a2f8e5764b2f3b070557c95b2b4fa71c26a0f44f6ba254efe2d653""}"
baf731844a65b830a95b2167d5a3b6b77d65abcd,millenniumdb,MillenniumDB [engines.json profile],10M,M,M3,00,143c016ebb5bf4d918995fb8a8437257e0f177fb04bcef9184c9058f18f3eefa,N,N_clean (NPCS reimplementation),timeout,,,,,,,1,3,300.0,,,,,,,194.164486,[],[],,[],,[],,[],r9.2-frozen-identity-v7,37e4ccb40ce235303315ab8793542545ebbd7851e7df3a4d883a492caad569a4,,,,,,,,,,,3468610cc4e68c6a0db393e82d8981ea7136faf570fafbd39ac70ec58665cd16,288dcc57d9aa106343144401ea35f7ac346f23f881320d2a828dd038019e3d1a,8a607274f1b3d176dd6acfdc7381c25676b642e78d334a9664e45a2bdf3d52a0,59fb59a04cd20e6dec9ee47cf1de02734068a3328cade998a3fc44a746054ea8,a42a308bd2c5294f3aa79a1a3b15804d4137fd68d7677d9adc037e257a217e76,none,read-only,exploratory-base,exploratory-reified,2b9b44b25cd1c568cd57c6c5df25ae260b68229044617821fb33f542dab77648,2fa0b01dffc52d6647e98c7f554a1a4ff05e5abe6830b9c10d45f5dd8984f60d,f9ff8d30db2db1840ca1585b5598b1cf4d1d06ac2adb86a55b430669507fabff,b38a65fc0c1a91e138f057f7b6c08d21c328463aceb40ffda53fc759f99d2f7a,bdd50c08a90e2fb713541b8a118df6250246a917edc41a6776aeafc90b472687,99c8843968a2f8e5764b2f3b070557c95b2b4fa71c26a0f44f6ba254efe2d653,"pcm-meta-v2:{""protocol"":""r9.2-frozen-identity-v7"",""message"":""whole cell exceeded 300s hard deadline; worker reaped"",""cell_wall_ms"":300000.0,""c_parse_samples"":[],""c_protocol_samples"":[],""construct_total_samples"":[],""construct_unattributed_samples"":[],""status"":""timeout"",""status_evidence"":{""kind"":""hard-wall-deadline"",""message"":""whole cell exceeded 300s hard deadline; worker reaped""},""construction_requested"":null,""construction_effective"":null,""commit"":""baf731844a65b830a95b2167d5a3b6b77d65abcd"",""batch_id"":""37e4ccb40ce235303315ab8793542545ebbd7851e7df3a4d883a492caad569a4"",""query_sha256"":""143c016ebb5bf4d918995fb8a8437257e0f177fb04bcef9184c9058f18f3eefa"",""engine"":""millenniumdb"",""engine_version"":""MillenniumDB [engines.json profile]"",""scale"":""10M"",""base_endpoint_sha256"":""3468610cc4e68c6a0db393e82d8981ea7136faf570fafbd39ac70ec58665cd16"",""reified_endpoint_sha256"":""288dcc57d9aa106343144401ea35f7ac346f23f881320d2a828dd038019e3d1a"",""update_endpoint_sha256"":""8a607274f1b3d176dd6acfdc7381c25676b642e78d334a9664e45a2bdf3d52a0"",""base_data_identity_sha256"":""59fb59a04cd20e6dec9ee47cf1de02734068a3328cade998a3fc44a746054ea8"",""reified_data_identity_sha256"":""a42a308bd2c5294f3aa79a1a3b15804d4137fd68d7677d9adc037e257a217e76"",""update_for"":""none"",""access_mode"":""read-only"",""base_data_name"":""exploratory-base"",""reified_data_name"":""exploratory-reified"",""update_canary_sha256"":""2b9b44b25cd1c568cd57c6c5df25ae260b68229044617821fb33f542dab77648"",""store_instance_sha256"":""2fa0b01dffc52d6647e98c7f554a1a4ff05e5abe6830b9c10d45f5dd8984f60d"",""store_discriminator_sha256"":""f9ff8d30db2db1840ca1585b5598b1cf4d1d06ac2adb86a55b430669507fabff"",""tool_sha256"":""b38a65fc0c1a91e138f057f7b6c08d21c328463aceb40ffda53fc759f99d2f7a"",""java_runtime_sha256"":""bdd50c08a90e2fb713541b8a118df6250246a917edc41a6776aeafc90b472687"",""run_identity_sha256"":""99c8843968a2f8e5764b2f3b070557c95b2b4fa71c26a0f44f6ba254efe2d653""}"
baf731844a65b830a95b2167d5a3b6b77d65abcd,millenniumdb,MillenniumDB [engines.json profile],10M,M,M3,00,143c016ebb5bf4d918995fb8a8437257e0f177fb04bcef9184c9058f18f3eefa,C,SPARQLcirc CircuitRewriter,timeout,,,,,,,1,3,300.0,,,,,,,374.296168,[],[],,[],,[],,[],r9.2-frozen-identity-v7,37e4ccb40ce235303315ab8793542545ebbd7851e7df3a4d883a492caad569a4,,,,,,,,,,,3468610cc4e68c6a0db393e82d8981ea7136faf570fafbd39ac70ec58665cd16,288dcc57d9aa106343144401ea35f7ac346f23f881320d2a828dd038019e3d1a,8a607274f1b3d176dd6acfdc7381c25676b642e78d334a9664e45a2bdf3d52a0,59fb59a04cd20e6dec9ee47cf1de02734068a3328cade998a3fc44a746054ea8,a42a308bd2c5294f3aa79a1a3b15804d4137fd68d7677d9adc037e257a217e76,none,read-only,exploratory-base,exploratory-reified,2b9b44b25cd1c568cd57c6c5df25ae260b68229044617821fb33f542dab77648,2fa0b01dffc52d6647e98c7f554a1a4ff05e5abe6830b9c10d45f5dd8984f60d,f9ff8d30db2db1840ca1585b5598b1cf4d1d06ac2adb86a55b430669507fabff,b38a65fc0c1a91e138f057f7b6c08d21c328463aceb40ffda53fc759f99d2f7a,bdd50c08a90e2fb713541b8a118df6250246a917edc41a6776aeafc90b472687,99c8843968a2f8e5764b2f3b070557c95b2b4fa71c26a0f44f6ba254efe2d653,"pcm-meta-v2:{""protocol"":""r9.2-frozen-identity-v7"",""message"":""whole cell exceeded 300s hard deadline; worker reaped"",""cell_wall_ms"":300000.0,""c_parse_samples"":[],""c_protocol_samples"":[],""construct_total_samples"":[],""construct_unattributed_samples"":[],""status"":""timeout"",""status_evidence"":{""kind"":""hard-wall-deadline"",""message"":""whole cell exceeded 300s hard deadline; worker reaped""},""construction_requested"":null,""construction_effective"":null,""commit"":""baf731844a65b830a95b2167d5a3b6b77d65abcd"",""batch_id"":""37e4ccb40ce235303315ab8793542545ebbd7851e7df3a4d883a492caad569a4"",""query_sha256"":""143c016ebb5bf4d918995fb8a8437257e0f177fb04bcef9184c9058f18f3eefa"",""engine"":""millenniumdb"",""engine_version"":""MillenniumDB [engines.json profile]"",""scale"":""10M"",""base_endpoint_sha256"":""3468610cc4e68c6a0db393e82d8981ea7136faf570fafbd39ac70ec58665cd16"",""reified_endpoint_sha256"":""288dcc57d9aa106343144401ea35f7ac346f23f881320d2a828dd038019e3d1a"",""update_endpoint_sha256"":""8a607274f1b3d176dd6acfdc7381c25676b642e78d334a9664e45a2bdf3d52a0"",""base_data_identity_sha256"":""59fb59a04cd20e6dec9ee47cf1de02734068a3328cade998a3fc44a746054ea8"",""reified_data_identity_sha256"":""a42a308bd2c5294f3aa79a1a3b15804d4137fd68d7677d9adc037e257a217e76"",""update_for"":""none"",""access_mode"":""read-only"",""base_data_name"":""exploratory-base"",""reified_data_name"":""exploratory-reified"",""update_canary_sha256"":""2b9b44b25cd1c568cd57c6c5df25ae260b68229044617821fb33f542dab77648"",""store_instance_sha256"":""2fa0b01dffc52d6647e98c7f554a1a4ff05e5abe6830b9c10d45f5dd8984f60d"",""store_discriminator_sha256"":""f9ff8d30db2db1840ca1585b5598b1cf4d1d06ac2adb86a55b430669507fabff"",""tool_sha256"":""b38a65fc0c1a91e138f057f7b6c08d21c328463aceb40ffda53fc759f99d2f7a"",""java_runtime_sha256"":""bdd50c08a90e2fb713541b8a118df6250246a917edc41a6776aeafc90b472687"",""run_identity_sha256"":""99c8843968a2f8e5764b2f3b070557c95b2b4fa71c26a0f44f6ba254efe2d653""}"
baf731844a65b830a95b2167d5a3b6b77d65abcd,millenniumdb,MillenniumDB [engines.json profile],10M,M,M4,00,3fb5f004cde33422716d95d5c5cbacb234aca04af540babdfc6cd8420a43d11d,B,base-select,ok,89467,783.6,780.6,788.6,784.3,4.0,1,3,300.0,8958715,0.0,,,,,0.00754,"[783.614, 780.624, 788.615]","[0.0, 0.0, 0.0]",,[],,[],,[],r9.2-frozen-identity-v7,37e4ccb40ce235303315ab8793542545ebbd7851e7df3a4d883a492caad569a4,csv-binding-multiset-v1,89467,703c16f72ed773beec71793d4f3f21715354db50166da5c2cfbf7cbaf0144576,,,,,,,,3468610cc4e68c6a0db393e82d8981ea7136faf570fafbd39ac70ec58665cd16,288dcc57d9aa106343144401ea35f7ac346f23f881320d2a828dd038019e3d1a,8a607274f1b3d176dd6acfdc7381c25676b642e78d334a9664e45a2bdf3d52a0,59fb59a04cd20e6dec9ee47cf1de02734068a3328cade998a3fc44a746054ea8,a42a308bd2c5294f3aa79a1a3b15804d4137fd68d7677d9adc037e257a217e76,none,read-only,exploratory-base,exploratory-reified,2b9b44b25cd1c568cd57c6c5df25ae260b68229044617821fb33f542dab77648,2fa0b01dffc52d6647e98c7f554a1a4ff05e5abe6830b9c10d45f5dd8984f60d,f9ff8d30db2db1840ca1585b5598b1cf4d1d06ac2adb86a55b430669507fabff,b38a65fc0c1a91e138f057f7b6c08d21c328463aceb40ffda53fc759f99d2f7a,bdd50c08a90e2fb713541b8a118df6250246a917edc41a6776aeafc90b472687,6ab39d60fcd76f092f69503f906bef5b3d1b8ab63caf699c6e3187caee8004c2,"pcm-meta-v2:{""protocol"":""r9.2-frozen-identity-v7"",""message"":"""",""cell_wall_ms"":3794.765,""answer_kind"":""csv-binding-multiset-v1"",""answer_key_count"":89467,""answer_fingerprint"":""703c16f72ed773beec71793d4f3f21715354db50166da5c2cfbf7cbaf0144576"",""c_parse_samples"":[0.0,0.0,0.0],""c_protocol_samples"":[],""construct_total_samples"":[],""construct_unattributed_samples"":[],""status"":""ok"",""status_evidence"":null,""construction_requested"":null,""construction_effective"":null,""commit"":""baf731844a65b830a95b2167d5a3b6b77d65abcd"",""batch_id"":""37e4ccb40ce235303315ab8793542545ebbd7851e7df3a4d883a492caad569a4"",""query_sha256"":""3fb5f004cde33422716d95d5c5cbacb234aca04af540babdfc6cd8420a43d11d"",""engine"":""millenniumdb"",""engine_version"":""MillenniumDB [engines.json profile]"",""scale"":""10M"",""base_endpoint_sha256"":""3468610cc4e68c6a0db393e82d8981ea7136faf570fafbd39ac70ec58665cd16"",""reified_endpoint_sha256"":""288dcc57d9aa106343144401ea35f7ac346f23f881320d2a828dd038019e3d1a"",""update_endpoint_sha256"":""8a607274f1b3d176dd6acfdc7381c25676b642e78d334a9664e45a2bdf3d52a0"",""base_data_identity_sha256"":""59fb59a04cd20e6dec9ee47cf1de02734068a3328cade998a3fc44a746054ea8"",""reified_data_identity_sha256"":""a42a308bd2c5294f3aa79a1a3b15804d4137fd68d7677d9adc037e257a217e76"",""update_for"":""none"",""access_mode"":""read-only"",""base_data_name"":""exploratory-base"",""reified_data_name"":""exploratory-reified"",""update_canary_sha256"":""2b9b44b25cd1c568cd57c6c5df25ae260b68229044617821fb33f542dab77648"",""store_instance_sha256"":""2fa0b01dffc52d6647e98c7f554a1a4ff05e5abe6830b9c10d45f5dd8984f60d"",""store_discriminator_sha256"":""f9ff8d30db2db1840ca1585b5598b1cf4d1d06ac2adb86a55b430669507fabff"",""tool_sha256"":""b38a65fc0c1a91e138f057f7b6c08d21c328463aceb40ffda53fc759f99d2f7a"",""java_runtime_sha256"":""bdd50c08a90e2fb713541b8a118df6250246a917edc41a6776aeafc90b472687"",""run_identity_sha256"":""6ab39d60fcd76f092f69503f906bef5b3d1b8ab63caf699c6e3187caee8004c2""}"
baf731844a65b830a95b2167d5a3b6b77d65abcd,millenniumdb,MillenniumDB [engines.json profile],10M,M,M4,00,3fb5f004cde33422716d95d5c5cbacb234aca04af540babdfc6cd8420a43d11d,R,reification-only,ok,89467,3339.0,3297.2,3446.1,3360.7,76.8,1,3,300.0,8958715,0.0,,,,,159.730996,"[3338.962, 3446.094, 3297.183]","[0.0, 0.0, 0.0]",,[],,[],,[],r9.2-frozen-identity-v7,37e4ccb40ce235303315ab8793542545ebbd7851e7df3a4d883a492caad569a4,csv-binding-multiset-v1,89467,703c16f72ed773beec71793d4f3f21715354db50166da5c2cfbf7cbaf0144576,,,,,,,,3468610cc4e68c6a0db393e82d8981ea7136faf570fafbd39ac70ec58665cd16,288dcc57d9aa106343144401ea35f7ac346f23f881320d2a828dd038019e3d1a,8a607274f1b3d176dd6acfdc7381c25676b642e78d334a9664e45a2bdf3d52a0,59fb59a04cd20e6dec9ee47cf1de02734068a3328cade998a3fc44a746054ea8,a42a308bd2c5294f3aa79a1a3b15804d4137fd68d7677d9adc037e257a217e76,none,read-only,exploratory-base,exploratory-reified,2b9b44b25cd1c568cd57c6c5df25ae260b68229044617821fb33f542dab77648,2fa0b01dffc52d6647e98c7f554a1a4ff05e5abe6830b9c10d45f5dd8984f60d,f9ff8d30db2db1840ca1585b5598b1cf4d1d06ac2adb86a55b430669507fabff,b38a65fc0c1a91e138f057f7b6c08d21c328463aceb40ffda53fc759f99d2f7a,bdd50c08a90e2fb713541b8a118df6250246a917edc41a6776aeafc90b472687,6ab39d60fcd76f092f69503f906bef5b3d1b8ab63caf699c6e3187caee8004c2,"pcm-meta-v2:{""protocol"":""r9.2-frozen-identity-v7"",""message"":"""",""cell_wall_ms"":15320.834,""answer_kind"":""csv-binding-multiset-v1"",""answer_key_count"":89467,""answer_fingerprint"":""703c16f72ed773beec71793d4f3f21715354db50166da5c2cfbf7cbaf0144576"",""c_parse_samples"":[0.0,0.0,0.0],""c_protocol_samples"":[],""construct_total_samples"":[],""construct_unattributed_samples"":[],""status"":""ok"",""status_evidence"":null,""construction_requested"":null,""construction_effective"":null,""commit"":""baf731844a65b830a95b2167d5a3b6b77d65abcd"",""batch_id"":""37e4ccb40ce235303315ab8793542545ebbd7851e7df3a4d883a492caad569a4"",""query_sha256"":""3fb5f004cde33422716d95d5c5cbacb234aca04af540babdfc6cd8420a43d11d"",""engine"":""millenniumdb"",""engine_version"":""MillenniumDB [engines.json profile]"",""scale"":""10M"",""base_endpoint_sha256"":""3468610cc4e68c6a0db393e82d8981ea7136faf570fafbd39ac70ec58665cd16"",""reified_endpoint_sha256"":""288dcc57d9aa106343144401ea35f7ac346f23f881320d2a828dd038019e3d1a"",""update_endpoint_sha256"":""8a607274f1b3d176dd6acfdc7381c25676b642e78d334a9664e45a2bdf3d52a0"",""base_data_identity_sha256"":""59fb59a04cd20e6dec9ee47cf1de02734068a3328cade998a3fc44a746054ea8"",""reified_data_identity_sha256"":""a42a308bd2c5294f3aa79a1a3b15804d4137fd68d7677d9adc037e257a217e76"",""update_for"":""none"",""access_mode"":""read-only"",""base_data_name"":""exploratory-base"",""reified_data_name"":""exploratory-reified"",""update_canary_sha256"":""2b9b44b25cd1c568cd57c6c5df25ae260b68229044617821fb33f542dab77648"",""store_instance_sha256"":""2fa0b01dffc52d6647e98c7f554a1a4ff05e5abe6830b9c10d45f5dd8984f60d"",""store_discriminator_sha256"":""f9ff8d30db2db1840ca1585b5598b1cf4d1d06ac2adb86a55b430669507fabff"",""tool_sha256"":""b38a65fc0c1a91e138f057f7b6c08d21c328463aceb40ffda53fc759f99d2f7a"",""java_runtime_sha256"":""bdd50c08a90e2fb713541b8a118df6250246a917edc41a6776aeafc90b472687"",""run_identity_sha256"":""6ab39d60fcd76f092f69503f906bef5b3d1b8ab63caf699c6e3187caee8004c2""}"
baf731844a65b830a95b2167d5a3b6b77d65abcd,millenniumdb,MillenniumDB [engines.json profile],10M,M,M4,00,3fb5f004cde33422716d95d5c5cbacb234aca04af540babdfc6cd8420a43d11d,N,N_clean (NPCS reimplementation),timeout,,,,,,,1,3,300.0,,,,,,,188.589215,[],[],,[],,[],,[],r9.2-frozen-identity-v7,37e4ccb40ce235303315ab8793542545ebbd7851e7df3a4d883a492caad569a4,,,,,,,,,,,3468610cc4e68c6a0db393e82d8981ea7136faf570fafbd39ac70ec58665cd16,288dcc57d9aa106343144401ea35f7ac346f23f881320d2a828dd038019e3d1a,8a607274f1b3d176dd6acfdc7381c25676b642e78d334a9664e45a2bdf3d52a0,59fb59a04cd20e6dec9ee47cf1de02734068a3328cade998a3fc44a746054ea8,a42a308bd2c5294f3aa79a1a3b15804d4137fd68d7677d9adc037e257a217e76,none,read-only,exploratory-base,exploratory-reified,2b9b44b25cd1c568cd57c6c5df25ae260b68229044617821fb33f542dab77648,2fa0b01dffc52d6647e98c7f554a1a4ff05e5abe6830b9c10d45f5dd8984f60d,f9ff8d30db2db1840ca1585b5598b1cf4d1d06ac2adb86a55b430669507fabff,b38a65fc0c1a91e138f057f7b6c08d21c328463aceb40ffda53fc759f99d2f7a,bdd50c08a90e2fb713541b8a118df6250246a917edc41a6776aeafc90b472687,6ab39d60fcd76f092f69503f906bef5b3d1b8ab63caf699c6e3187caee8004c2,"pcm-meta-v2:{""protocol"":""r9.2-frozen-identity-v7"",""message"":""whole cell exceeded 300s hard deadline; worker reaped"",""cell_wall_ms"":300000.0,""c_parse_samples"":[],""c_protocol_samples"":[],""construct_total_samples"":[],""construct_unattributed_samples"":[],""status"":""timeout"",""status_evidence"":{""kind"":""hard-wall-deadline"",""message"":""whole cell exceeded 300s hard deadline; worker reaped""},""construction_requested"":null,""construction_effective"":null,""commit"":""baf731844a65b830a95b2167d5a3b6b77d65abcd"",""batch_id"":""37e4ccb40ce235303315ab8793542545ebbd7851e7df3a4d883a492caad569a4"",""query_sha256"":""3fb5f004cde33422716d95d5c5cbacb234aca04af540babdfc6cd8420a43d11d"",""engine"":""millenniumdb"",""engine_version"":""MillenniumDB [engines.json profile]"",""scale"":""10M"",""base_endpoint_sha256"":""3468610cc4e68c6a0db393e82d8981ea7136faf570fafbd39ac70ec58665cd16"",""reified_endpoint_sha256"":""288dcc57d9aa106343144401ea35f7ac346f23f881320d2a828dd038019e3d1a"",""update_endpoint_sha256"":""8a607274f1b3d176dd6acfdc7381c25676b642e78d334a9664e45a2bdf3d52a0"",""base_data_identity_sha256"":""59fb59a04cd20e6dec9ee47cf1de02734068a3328cade998a3fc44a746054ea8"",""reified_data_identity_sha256"":""a42a308bd2c5294f3aa79a1a3b15804d4137fd68d7677d9adc037e257a217e76"",""update_for"":""none"",""access_mode"":""read-only"",""base_data_name"":""exploratory-base"",""reified_data_name"":""exploratory-reified"",""update_canary_sha256"":""2b9b44b25cd1c568cd57c6c5df25ae260b68229044617821fb33f542dab77648"",""store_instance_sha256"":""2fa0b01dffc52d6647e98c7f554a1a4ff05e5abe6830b9c10d45f5dd8984f60d"",""store_discriminator_sha256"":""f9ff8d30db2db1840ca1585b5598b1cf4d1d06ac2adb86a55b430669507fabff"",""tool_sha256"":""b38a65fc0c1a91e138f057f7b6c08d21c328463aceb40ffda53fc759f99d2f7a"",""java_runtime_sha256"":""bdd50c08a90e2fb713541b8a118df6250246a917edc41a6776aeafc90b472687"",""run_identity_sha256"":""6ab39d60fcd76f092f69503f906bef5b3d1b8ab63caf699c6e3187caee8004c2""}"
baf731844a65b830a95b2167d5a3b6b77d65abcd,millenniumdb,MillenniumDB [engines.json profile],10M,M,M4,00,3fb5f004cde33422716d95d5c5cbacb234aca04af540babdfc6cd8420a43d11d,C,SPARQLcirc CircuitRewriter,timeout,,,,,,,1,3,300.0,,,,,,,378.670474,[],[],,[],,[],,[],r9.2-frozen-identity-v7,37e4ccb40ce235303315ab8793542545ebbd7851e7df3a4d883a492caad569a4,,,,,,,,,,,3468610cc4e68c6a0db393e82d8981ea7136faf570fafbd39ac70ec58665cd16,288dcc57d9aa106343144401ea35f7ac346f23f881320d2a828dd038019e3d1a,8a607274f1b3d176dd6acfdc7381c25676b642e78d334a9664e45a2bdf3d52a0,59fb59a04cd20e6dec9ee47cf1de02734068a3328cade998a3fc44a746054ea8,a42a308bd2c5294f3aa79a1a3b15804d4137fd68d7677d9adc037e257a217e76,none,read-only,exploratory-base,exploratory-reified,2b9b44b25cd1c568cd57c6c5df25ae260b68229044617821fb33f542dab77648,2fa0b01dffc52d6647e98c7f554a1a4ff05e5abe6830b9c10d45f5dd8984f60d,f9ff8d30db2db1840ca1585b5598b1cf4d1d06ac2adb86a55b430669507fabff,b38a65fc0c1a91e138f057f7b6c08d21c328463aceb40ffda53fc759f99d2f7a,bdd50c08a90e2fb713541b8a118df6250246a917edc41a6776aeafc90b472687,6ab39d60fcd76f092f69503f906bef5b3d1b8ab63caf699c6e3187caee8004c2,"pcm-meta-v2:{""protocol"":""r9.2-frozen-identity-v7"",""message"":""whole cell exceeded 300s hard deadline; worker reaped"",""cell_wall_ms"":300000.0,""c_parse_samples"":[],""c_protocol_samples"":[],""construct_total_samples"":[],""construct_unattributed_samples"":[],""status"":""timeout"",""status_evidence"":{""kind"":""hard-wall-deadline"",""message"":""whole cell exceeded 300s hard deadline; worker reaped""},""construction_requested"":null,""construction_effective"":null,""commit"":""baf731844a65b830a95b2167d5a3b6b77d65abcd"",""batch_id"":""37e4ccb40ce235303315ab8793542545ebbd7851e7df3a4d883a492caad569a4"",""query_sha256"":""3fb5f004cde33422716d95d5c5cbacb234aca04af540babdfc6cd8420a43d11d"",""engine"":""millenniumdb"",""engine_version"":""MillenniumDB [engines.json profile]"",""scale"":""10M"",""base_endpoint_sha256"":""3468610cc4e68c6a0db393e82d8981ea7136faf570fafbd39ac70ec58665cd16"",""reified_endpoint_sha256"":""288dcc57d9aa106343144401ea35f7ac346f23f881320d2a828dd038019e3d1a"",""update_endpoint_sha256"":""8a607274f1b3d176dd6acfdc7381c25676b642e78d334a9664e45a2bdf3d52a0"",""base_data_identity_sha256"":""59fb59a04cd20e6dec9ee47cf1de02734068a3328cade998a3fc44a746054ea8"",""reified_data_identity_sha256"":""a42a308bd2c5294f3aa79a1a3b15804d4137fd68d7677d9adc037e257a217e76"",""update_for"":""none"",""access_mode"":""read-only"",""base_data_name"":""exploratory-base"",""reified_data_name"":""exploratory-reified"",""update_canary_sha256"":""2b9b44b25cd1c568cd57c6c5df25ae260b68229044617821fb33f542dab77648"",""store_instance_sha256"":""2fa0b01dffc52d6647e98c7f554a1a4ff05e5abe6830b9c10d45f5dd8984f60d"",""store_discriminator_sha256"":""f9ff8d30db2db1840ca1585b5598b1cf4d1d06ac2adb86a55b430669507fabff"",""tool_sha256"":""b38a65fc0c1a91e138f057f7b6c08d21c328463aceb40ffda53fc759f99d2f7a"",""java_runtime_sha256"":""bdd50c08a90e2fb713541b8a118df6250246a917edc41a6776aeafc90b472687"",""run_identity_sha256"":""6ab39d60fcd76f092f69503f906bef5b3d1b8ab63caf699c6e3187caee8004c2""}"
baf731844a65b830a95b2167d5a3b6b77d65abcd,millenniumdb,MillenniumDB [engines.json profile],10M,M,M5,00,dbc6ab431c394a25feca14ac948b1ff1ee2c7bd219d3350f64cbec9447ef0e16,B,base-select,ok,89794,566.8,554.2,586.7,569.2,16.4,1,3,300.0,8763455,0.0,,,,,0.007391,"[566.823, 554.175, 586.668]","[0.0, 0.0, 0.0]",,[],,[],,[],r9.2-frozen-identity-v7,37e4ccb40ce235303315ab8793542545ebbd7851e7df3a4d883a492caad569a4,csv-binding-multiset-v1,89794,f17dc9bfc578ae154d06b042f391da4e6d61eaae7315f12447abe4409e63f879,,,,,,,,3468610cc4e68c6a0db393e82d8981ea7136faf570fafbd39ac70ec58665cd16,288dcc57d9aa106343144401ea35f7ac346f23f881320d2a828dd038019e3d1a,8a607274f1b3d176dd6acfdc7381c25676b642e78d334a9664e45a2bdf3d52a0,59fb59a04cd20e6dec9ee47cf1de02734068a3328cade998a3fc44a746054ea8,a42a308bd2c5294f3aa79a1a3b15804d4137fd68d7677d9adc037e257a217e76,none,read-only,exploratory-base,exploratory-reified,2b9b44b25cd1c568cd57c6c5df25ae260b68229044617821fb33f542dab77648,2fa0b01dffc52d6647e98c7f554a1a4ff05e5abe6830b9c10d45f5dd8984f60d,f9ff8d30db2db1840ca1585b5598b1cf4d1d06ac2adb86a55b430669507fabff,b38a65fc0c1a91e138f057f7b6c08d21c328463aceb40ffda53fc759f99d2f7a,bdd50c08a90e2fb713541b8a118df6250246a917edc41a6776aeafc90b472687,70ee8ee7cee6ff9d4beacd418a69ccae36e6a33c8ddf6b24aaf99992dfe22137,"pcm-meta-v2:{""protocol"":""r9.2-frozen-identity-v7"",""message"":"""",""cell_wall_ms"":2901.304,""answer_kind"":""csv-binding-multiset-v1"",""answer_key_count"":89794,""answer_fingerprint"":""f17dc9bfc578ae154d06b042f391da4e6d61eaae7315f12447abe4409e63f879"",""c_parse_samples"":[0.0,0.0,0.0],""c_protocol_samples"":[],""construct_total_samples"":[],""construct_unattributed_samples"":[],""status"":""ok"",""status_evidence"":null,""construction_requested"":null,""construction_effective"":null,""commit"":""baf731844a65b830a95b2167d5a3b6b77d65abcd"",""batch_id"":""37e4ccb40ce235303315ab8793542545ebbd7851e7df3a4d883a492caad569a4"",""query_sha256"":""dbc6ab431c394a25feca14ac948b1ff1ee2c7bd219d3350f64cbec9447ef0e16"",""engine"":""millenniumdb"",""engine_version"":""MillenniumDB [engines.json profile]"",""scale"":""10M"",""base_endpoint_sha256"":""3468610cc4e68c6a0db393e82d8981ea7136faf570fafbd39ac70ec58665cd16"",""reified_endpoint_sha256"":""288dcc57d9aa106343144401ea35f7ac346f23f881320d2a828dd038019e3d1a"",""update_endpoint_sha256"":""8a607274f1b3d176dd6acfdc7381c25676b642e78d334a9664e45a2bdf3d52a0"",""base_data_identity_sha256"":""59fb59a04cd20e6dec9ee47cf1de02734068a3328cade998a3fc44a746054ea8"",""reified_data_identity_sha256"":""a42a308bd2c5294f3aa79a1a3b15804d4137fd68d7677d9adc037e257a217e76"",""update_for"":""none"",""access_mode"":""read-only"",""base_data_name"":""exploratory-base"",""reified_data_name"":""exploratory-reified"",""update_canary_sha256"":""2b9b44b25cd1c568cd57c6c5df25ae260b68229044617821fb33f542dab77648"",""store_instance_sha256"":""2fa0b01dffc52d6647e98c7f554a1a4ff05e5abe6830b9c10d45f5dd8984f60d"",""store_discriminator_sha256"":""f9ff8d30db2db1840ca1585b5598b1cf4d1d06ac2adb86a55b430669507fabff"",""tool_sha256"":""b38a65fc0c1a91e138f057f7b6c08d21c328463aceb40ffda53fc759f99d2f7a"",""java_runtime_sha256"":""bdd50c08a90e2fb713541b8a118df6250246a917edc41a6776aeafc90b472687"",""run_identity_sha256"":""70ee8ee7cee6ff9d4beacd418a69ccae36e6a33c8ddf6b24aaf99992dfe22137""}"
baf731844a65b830a95b2167d5a3b6b77d65abcd,millenniumdb,MillenniumDB [engines.json profile],10M,M,M5,00,dbc6ab431c394a25feca14ac948b1ff1ee2c7bd219d3350f64cbec9447ef0e16,R,reification-only,ok,89794,2833.2,2832.6,3968.1,3211.3,655.4,1,3,300.0,8763455,0.0,,,,,159.208866,"[2833.15, 2832.622, 3968.068]","[0.0, 0.0, 0.0]",,[],,[],,[],r9.2-frozen-identity-v7,37e4ccb40ce235303315ab8793542545ebbd7851e7df3a4d883a492caad569a4,csv-binding-multiset-v1,89794,f17dc9bfc578ae154d06b042f391da4e6d61eaae7315f12447abe4409e63f879,,,,,,,,3468610cc4e68c6a0db393e82d8981ea7136faf570fafbd39ac70ec58665cd16,288dcc57d9aa106343144401ea35f7ac346f23f881320d2a828dd038019e3d1a,8a607274f1b3d176dd6acfdc7381c25676b642e78d334a9664e45a2bdf3d52a0,59fb59a04cd20e6dec9ee47cf1de02734068a3328cade998a3fc44a746054ea8,a42a308bd2c5294f3aa79a1a3b15804d4137fd68d7677d9adc037e257a217e76,none,read-only,exploratory-base,exploratory-reified,2b9b44b25cd1c568cd57c6c5df25ae260b68229044617821fb33f542dab77648,2fa0b01dffc52d6647e98c7f554a1a4ff05e5abe6830b9c10d45f5dd8984f60d,f9ff8d30db2db1840ca1585b5598b1cf4d1d06ac2adb86a55b430669507fabff,b38a65fc0c1a91e138f057f7b6c08d21c328463aceb40ffda53fc759f99d2f7a,bdd50c08a90e2fb713541b8a118df6250246a917edc41a6776aeafc90b472687,70ee8ee7cee6ff9d4beacd418a69ccae36e6a33c8ddf6b24aaf99992dfe22137,"pcm-meta-v2:{""protocol"":""r9.2-frozen-identity-v7"",""message"":"""",""cell_wall_ms"":13221.581,""answer_kind"":""csv-binding-multiset-v1"",""answer_key_count"":89794,""answer_fingerprint"":""f17dc9bfc578ae154d06b042f391da4e6d61eaae7315f12447abe4409e63f879"",""c_parse_samples"":[0.0,0.0,0.0],""c_protocol_samples"":[],""construct_total_samples"":[],""construct_unattributed_samples"":[],""status"":""ok"",""status_evidence"":null,""construction_requested"":null,""construction_effective"":null,""commit"":""baf731844a65b830a95b2167d5a3b6b77d65abcd"",""batch_id"":""37e4ccb40ce235303315ab8793542545ebbd7851e7df3a4d883a492caad569a4"",""query_sha256"":""dbc6ab431c394a25feca14ac948b1ff1ee2c7bd219d3350f64cbec9447ef0e16"",""engine"":""millenniumdb"",""engine_version"":""MillenniumDB [engines.json profile]"",""scale"":""10M"",""base_endpoint_sha256"":""3468610cc4e68c6a0db393e82d8981ea7136faf570fafbd39ac70ec58665cd16"",""reified_endpoint_sha256"":""288dcc57d9aa106343144401ea35f7ac346f23f881320d2a828dd038019e3d1a"",""update_endpoint_sha256"":""8a607274f1b3d176dd6acfdc7381c25676b642e78d334a9664e45a2bdf3d52a0"",""base_data_identity_sha256"":""59fb59a04cd20e6dec9ee47cf1de02734068a3328cade998a3fc44a746054ea8"",""reified_data_identity_sha256"":""a42a308bd2c5294f3aa79a1a3b15804d4137fd68d7677d9adc037e257a217e76"",""update_for"":""none"",""access_mode"":""read-only"",""base_data_name"":""exploratory-base"",""reified_data_name"":""exploratory-reified"",""update_canary_sha256"":""2b9b44b25cd1c568cd57c6c5df25ae260b68229044617821fb33f542dab77648"",""store_instance_sha256"":""2fa0b01dffc52d6647e98c7f554a1a4ff05e5abe6830b9c10d45f5dd8984f60d"",""store_discriminator_sha256"":""f9ff8d30db2db1840ca1585b5598b1cf4d1d06ac2adb86a55b430669507fabff"",""tool_sha256"":""b38a65fc0c1a91e138f057f7b6c08d21c328463aceb40ffda53fc759f99d2f7a"",""java_runtime_sha256"":""bdd50c08a90e2fb713541b8a118df6250246a917edc41a6776aeafc90b472687"",""run_identity_sha256"":""70ee8ee7cee6ff9d4beacd418a69ccae36e6a33c8ddf6b24aaf99992dfe22137""}"
baf731844a65b830a95b2167d5a3b6b77d65abcd,millenniumdb,MillenniumDB [engines.json profile],10M,M,M5,00,dbc6ab431c394a25feca14ac948b1ff1ee2c7bd219d3350f64cbec9447ef0e16,N,N_clean (NPCS reimplementation),timeout,,,,,,,1,3,300.0,,,,,,,186.356554,[],[],,[],,[],,[],r9.2-frozen-identity-v7,37e4ccb40ce235303315ab8793542545ebbd7851e7df3a4d883a492caad569a4,,,,,,,,,,,3468610cc4e68c6a0db393e82d8981ea7136faf570fafbd39ac70ec58665cd16,288dcc57d9aa106343144401ea35f7ac346f23f881320d2a828dd038019e3d1a,8a607274f1b3d176dd6acfdc7381c25676b642e78d334a9664e45a2bdf3d52a0,59fb59a04cd20e6dec9ee47cf1de02734068a3328cade998a3fc44a746054ea8,a42a308bd2c5294f3aa79a1a3b15804d4137fd68d7677d9adc037e257a217e76,none,read-only,exploratory-base,exploratory-reified,2b9b44b25cd1c568cd57c6c5df25ae260b68229044617821fb33f542dab77648,2fa0b01dffc52d6647e98c7f554a1a4ff05e5abe6830b9c10d45f5dd8984f60d,f9ff8d30db2db1840ca1585b5598b1cf4d1d06ac2adb86a55b430669507fabff,b38a65fc0c1a91e138f057f7b6c08d21c328463aceb40ffda53fc759f99d2f7a,bdd50c08a90e2fb713541b8a118df6250246a917edc41a6776aeafc90b472687,70ee8ee7cee6ff9d4beacd418a69ccae36e6a33c8ddf6b24aaf99992dfe22137,"pcm-meta-v2:{""protocol"":""r9.2-frozen-identity-v7"",""message"":""whole cell exceeded 300s hard deadline; worker reaped"",""cell_wall_ms"":300000.0,""c_parse_samples"":[],""c_protocol_samples"":[],""construct_total_samples"":[],""construct_unattributed_samples"":[],""status"":""timeout"",""status_evidence"":{""kind"":""hard-wall-deadline"",""message"":""whole cell exceeded 300s hard deadline; worker reaped""},""construction_requested"":null,""construction_effective"":null,""commit"":""baf731844a65b830a95b2167d5a3b6b77d65abcd"",""batch_id"":""37e4ccb40ce235303315ab8793542545ebbd7851e7df3a4d883a492caad569a4"",""query_sha256"":""dbc6ab431c394a25feca14ac948b1ff1ee2c7bd219d3350f64cbec9447ef0e16"",""engine"":""millenniumdb"",""engine_version"":""MillenniumDB [engines.json profile]"",""scale"":""10M"",""base_endpoint_sha256"":""3468610cc4e68c6a0db393e82d8981ea7136faf570fafbd39ac70ec58665cd16"",""reified_endpoint_sha256"":""288dcc57d9aa106343144401ea35f7ac346f23f881320d2a828dd038019e3d1a"",""update_endpoint_sha256"":""8a607274f1b3d176dd6acfdc7381c25676b642e78d334a9664e45a2bdf3d52a0"",""base_data_identity_sha256"":""59fb59a04cd20e6dec9ee47cf1de02734068a3328cade998a3fc44a746054ea8"",""reified_data_identity_sha256"":""a42a308bd2c5294f3aa79a1a3b15804d4137fd68d7677d9adc037e257a217e76"",""update_for"":""none"",""access_mode"":""read-only"",""base_data_name"":""exploratory-base"",""reified_data_name"":""exploratory-reified"",""update_canary_sha256"":""2b9b44b25cd1c568cd57c6c5df25ae260b68229044617821fb33f542dab77648"",""store_instance_sha256"":""2fa0b01dffc52d6647e98c7f554a1a4ff05e5abe6830b9c10d45f5dd8984f60d"",""store_discriminator_sha256"":""f9ff8d30db2db1840ca1585b5598b1cf4d1d06ac2adb86a55b430669507fabff"",""tool_sha256"":""b38a65fc0c1a91e138f057f7b6c08d21c328463aceb40ffda53fc759f99d2f7a"",""java_runtime_sha256"":""bdd50c08a90e2fb713541b8a118df6250246a917edc41a6776aeafc90b472687"",""run_identity_sha256"":""70ee8ee7cee6ff9d4beacd418a69ccae36e6a33c8ddf6b24aaf99992dfe22137""}"
baf731844a65b830a95b2167d5a3b6b77d65abcd,millenniumdb,MillenniumDB [engines.json profile],10M,M,M5,00,dbc6ab431c394a25feca14ac948b1ff1ee2c7bd219d3350f64cbec9447ef0e16,C,SPARQLcirc CircuitRewriter,timeout,,,,,,,1,3,300.0,,,,,,,381.048679,[],[],,[],,[],,[],r9.2-frozen-identity-v7,37e4ccb40ce235303315ab8793542545ebbd7851e7df3a4d883a492caad569a4,,,,,,,,,,,3468610cc4e68c6a0db393e82d8981ea7136faf570fafbd39ac70ec58665cd16,288dcc57d9aa106343144401ea35f7ac346f23f881320d2a828dd038019e3d1a,8a607274f1b3d176dd6acfdc7381c25676b642e78d334a9664e45a2bdf3d52a0,59fb59a04cd20e6dec9ee47cf1de02734068a3328cade998a3fc44a746054ea8,a42a308bd2c5294f3aa79a1a3b15804d4137fd68d7677d9adc037e257a217e76,none,read-only,exploratory-base,exploratory-reified,2b9b44b25cd1c568cd57c6c5df25ae260b68229044617821fb33f542dab77648,2fa0b01dffc52d6647e98c7f554a1a4ff05e5abe6830b9c10d45f5dd8984f60d,f9ff8d30db2db1840ca1585b5598b1cf4d1d06ac2adb86a55b430669507fabff,b38a65fc0c1a91e138f057f7b6c08d21c328463aceb40ffda53fc759f99d2f7a,bdd50c08a90e2fb713541b8a118df6250246a917edc41a6776aeafc90b472687,70ee8ee7cee6ff9d4beacd418a69ccae36e6a33c8ddf6b24aaf99992dfe22137,"pcm-meta-v2:{""protocol"":""r9.2-frozen-identity-v7"",""message"":""whole cell exceeded 300s hard deadline; worker reaped"",""cell_wall_ms"":300000.0,""c_parse_samples"":[],""c_protocol_samples"":[],""construct_total_samples"":[],""construct_unattributed_samples"":[],""status"":""timeout"",""status_evidence"":{""kind"":""hard-wall-deadline"",""message"":""whole cell exceeded 300s hard deadline; worker reaped""},""construction_requested"":null,""construction_effective"":null,""commit"":""baf731844a65b830a95b2167d5a3b6b77d65abcd"",""batch_id"":""37e4ccb40ce235303315ab8793542545ebbd7851e7df3a4d883a492caad569a4"",""query_sha256"":""dbc6ab431c394a25feca14ac948b1ff1ee2c7bd219d3350f64cbec9447ef0e16"",""engine"":""millenniumdb"",""engine_version"":""MillenniumDB [engines.json profile]"",""scale"":""10M"",""base_endpoint_sha256"":""3468610cc4e68c6a0db393e82d8981ea7136faf570fafbd39ac70ec58665cd16"",""reified_endpoint_sha256"":""288dcc57d9aa106343144401ea35f7ac346f23f881320d2a828dd038019e3d1a"",""update_endpoint_sha256"":""8a607274f1b3d176dd6acfdc7381c25676b642e78d334a9664e45a2bdf3d52a0"",""base_data_identity_sha256"":""59fb59a04cd20e6dec9ee47cf1de02734068a3328cade998a3fc44a746054ea8"",""reified_data_identity_sha256"":""a42a308bd2c5294f3aa79a1a3b15804d4137fd68d7677d9adc037e257a217e76"",""update_for"":""none"",""access_mode"":""read-only"",""base_data_name"":""exploratory-base"",""reified_data_name"":""exploratory-reified"",""update_canary_sha256"":""2b9b44b25cd1c568cd57c6c5df25ae260b68229044617821fb33f542dab77648"",""store_instance_sha256"":""2fa0b01dffc52d6647e98c7f554a1a4ff05e5abe6830b9c10d45f5dd8984f60d"",""store_discriminator_sha256"":""f9ff8d30db2db1840ca1585b5598b1cf4d1d06ac2adb86a55b430669507fabff"",""tool_sha256"":""b38a65fc0c1a91e138f057f7b6c08d21c328463aceb40ffda53fc759f99d2f7a"",""java_runtime_sha256"":""bdd50c08a90e2fb713541b8a118df6250246a917edc41a6776aeafc90b472687"",""run_identity_sha256"":""70ee8ee7cee6ff9d4beacd418a69ccae36e6a33c8ddf6b24aaf99992dfe22137""}"
baf731844a65b830a95b2167d5a3b6b77d65abcd,millenniumdb,MillenniumDB [engines.json profile],10M,C,C1,00,ef8aa4a34b4e6f77cd2222ea98467b92ca1acc5ed05ba7efc6d7f7aff345f7a1,B,base-select,ok,16,11.5,11.5,16.1,13.0,2.6,1,3,300.0,3201,0.0,,,,,0.00698,"[11.48, 11.489, 16.067]","[0.0, 0.0, 0.0]",,[],,[],,[],r9.2-frozen-identity-v7,4909fe4b94fc096b2bafa3b6ffe9060092b92156b57e2b6ba5c792a0713387be,csv-binding-multiset-v1,16,38d43334473ed2c3e4dd5cacc0cf207cb770893c35589d7b870c9af2d9195b6e,,,,,,,,3468610cc4e68c6a0db393e82d8981ea7136faf570fafbd39ac70ec58665cd16,288dcc57d9aa106343144401ea35f7ac346f23f881320d2a828dd038019e3d1a,8a607274f1b3d176dd6acfdc7381c25676b642e78d334a9664e45a2bdf3d52a0,59fb59a04cd20e6dec9ee47cf1de02734068a3328cade998a3fc44a746054ea8,a42a308bd2c5294f3aa79a1a3b15804d4137fd68d7677d9adc037e257a217e76,none,read-only,exploratory-base,exploratory-reified,2b9b44b25cd1c568cd57c6c5df25ae260b68229044617821fb33f542dab77648,2fa0b01dffc52d6647e98c7f554a1a4ff05e5abe6830b9c10d45f5dd8984f60d,f9ff8d30db2db1840ca1585b5598b1cf4d1d06ac2adb86a55b430669507fabff,b38a65fc0c1a91e138f057f7b6c08d21c328463aceb40ffda53fc759f99d2f7a,bdd50c08a90e2fb713541b8a118df6250246a917edc41a6776aeafc90b472687,bd505c1b6f33152c14d2635c2a6743276c6de59524adbef5c1d1c73001a40345,"pcm-meta-v2:{""protocol"":""r9.2-frozen-identity-v7"",""message"":"""",""cell_wall_ms"":75.35,""answer_kind"":""csv-binding-multiset-v1"",""answer_key_count"":16,""answer_fingerprint"":""38d43334473ed2c3e4dd5cacc0cf207cb770893c35589d7b870c9af2d9195b6e"",""c_parse_samples"":[0.0,0.0,0.0],""c_protocol_samples"":[],""construct_total_samples"":[],""construct_unattributed_samples"":[],""status"":""ok"",""status_evidence"":null,""construction_requested"":null,""construction_effective"":null,""commit"":""baf731844a65b830a95b2167d5a3b6b77d65abcd"",""batch_id"":""4909fe4b94fc096b2bafa3b6ffe9060092b92156b57e2b6ba5c792a0713387be"",""query_sha256"":""ef8aa4a34b4e6f77cd2222ea98467b92ca1acc5ed05ba7efc6d7f7aff345f7a1"",""engine"":""millenniumdb"",""engine_version"":""MillenniumDB [engines.json profile]"",""scale"":""10M"",""base_endpoint_sha256"":""3468610cc4e68c6a0db393e82d8981ea7136faf570fafbd39ac70ec58665cd16"",""reified_endpoint_sha256"":""288dcc57d9aa106343144401ea35f7ac346f23f881320d2a828dd038019e3d1a"",""update_endpoint_sha256"":""8a607274f1b3d176dd6acfdc7381c25676b642e78d334a9664e45a2bdf3d52a0"",""base_data_identity_sha256"":""59fb59a04cd20e6dec9ee47cf1de02734068a3328cade998a3fc44a746054ea8"",""reified_data_identity_sha256"":""a42a308bd2c5294f3aa79a1a3b15804d4137fd68d7677d9adc037e257a217e76"",""update_for"":""none"",""access_mode"":""read-only"",""base_data_name"":""exploratory-base"",""reified_data_name"":""exploratory-reified"",""update_canary_sha256"":""2b9b44b25cd1c568cd57c6c5df25ae260b68229044617821fb33f542dab77648"",""store_instance_sha256"":""2fa0b01dffc52d6647e98c7f554a1a4ff05e5abe6830b9c10d45f5dd8984f60d"",""store_discriminator_sha256"":""f9ff8d30db2db1840ca1585b5598b1cf4d1d06ac2adb86a55b430669507fabff"",""tool_sha256"":""b38a65fc0c1a91e138f057f7b6c08d21c328463aceb40ffda53fc759f99d2f7a"",""java_runtime_sha256"":""bdd50c08a90e2fb713541b8a118df6250246a917edc41a6776aeafc90b472687"",""run_identity_sha256"":""bd505c1b6f33152c14d2635c2a6743276c6de59524adbef5c1d1c73001a40345""}"
baf731844a65b830a95b2167d5a3b6b77d65abcd,millenniumdb,MillenniumDB [engines.json profile],10M,C,C1,00,ef8aa4a34b4e6f77cd2222ea98467b92ca1acc5ed05ba7efc6d7f7aff345f7a1,R,reification-only,ok,16,903.8,903.4,1020.5,942.6,67.5,1,3,300.0,3201,0.0,,,,,160.961719,"[903.384, 903.806, 1020.491]","[0.0, 0.0, 0.0]",,[],,[],,[],r9.2-frozen-identity-v7,4909fe4b94fc096b2bafa3b6ffe9060092b92156b57e2b6ba5c792a0713387be,csv-binding-multiset-v1,16,38d43334473ed2c3e4dd5cacc0cf207cb770893c35589d7b870c9af2d9195b6e,,,,,,,,3468610cc4e68c6a0db393e82d8981ea7136faf570fafbd39ac70ec58665cd16,288dcc57d9aa106343144401ea35f7ac346f23f881320d2a828dd038019e3d1a,8a607274f1b3d176dd6acfdc7381c25676b642e78d334a9664e45a2bdf3d52a0,59fb59a04cd20e6dec9ee47cf1de02734068a3328cade998a3fc44a746054ea8,a42a308bd2c5294f3aa79a1a3b15804d4137fd68d7677d9adc037e257a217e76,none,read-only,exploratory-base,exploratory-reified,2b9b44b25cd1c568cd57c6c5df25ae260b68229044617821fb33f542dab77648,2fa0b01dffc52d6647e98c7f554a1a4ff05e5abe6830b9c10d45f5dd8984f60d,f9ff8d30db2db1840ca1585b5598b1cf4d1d06ac2adb86a55b430669507fabff,b38a65fc0c1a91e138f057f7b6c08d21c328463aceb40ffda53fc759f99d2f7a,bdd50c08a90e2fb713541b8a118df6250246a917edc41a6776aeafc90b472687,bd505c1b6f33152c14d2635c2a6743276c6de59524adbef5c1d1c73001a40345,"pcm-meta-v2:{""protocol"":""r9.2-frozen-identity-v7"",""message"":"""",""cell_wall_ms"":4155.364,""answer_kind"":""csv-binding-multiset-v1"",""answer_key_count"":16,""answer_fingerprint"":""38d43334473ed2c3e4dd5cacc0cf207cb770893c35589d7b870c9af2d9195b6e"",""c_parse_samples"":[0.0,0.0,0.0],""c_protocol_samples"":[],""construct_total_samples"":[],""construct_unattributed_samples"":[],""status"":""ok"",""status_evidence"":null,""construction_requested"":null,""construction_effective"":null,""commit"":""baf731844a65b830a95b2167d5a3b6b77d65abcd"",""batch_id"":""4909fe4b94fc096b2bafa3b6ffe9060092b92156b57e2b6ba5c792a0713387be"",""query_sha256"":""ef8aa4a34b4e6f77cd2222ea98467b92ca1acc5ed05ba7efc6d7f7aff345f7a1"",""engine"":""millenniumdb"",""engine_version"":""MillenniumDB [engines.json profile]"",""scale"":""10M"",""base_endpoint_sha256"":""3468610cc4e68c6a0db393e82d8981ea7136faf570fafbd39ac70ec58665cd16"",""reified_endpoint_sha256"":""288dcc57d9aa106343144401ea35f7ac346f23f881320d2a828dd038019e3d1a"",""update_endpoint_sha256"":""8a607274f1b3d176dd6acfdc7381c25676b642e78d334a9664e45a2bdf3d52a0"",""base_data_identity_sha256"":""59fb59a04cd20e6dec9ee47cf1de02734068a3328cade998a3fc44a746054ea8"",""reified_data_identity_sha256"":""a42a308bd2c5294f3aa79a1a3b15804d4137fd68d7677d9adc037e257a217e76"",""update_for"":""none"",""access_mode"":""read-only"",""base_data_name"":""exploratory-base"",""reified_data_name"":""exploratory-reified"",""update_canary_sha256"":""2b9b44b25cd1c568cd57c6c5df25ae260b68229044617821fb33f542dab77648"",""store_instance_sha256"":""2fa0b01dffc52d6647e98c7f554a1a4ff05e5abe6830b9c10d45f5dd8984f60d"",""store_discriminator_sha256"":""f9ff8d30db2db1840ca1585b5598b1cf4d1d06ac2adb86a55b430669507fabff"",""tool_sha256"":""b38a65fc0c1a91e138f057f7b6c08d21c328463aceb40ffda53fc759f99d2f7a"",""java_runtime_sha256"":""bdd50c08a90e2fb713541b8a118df6250246a917edc41a6776aeafc90b472687"",""run_identity_sha256"":""bd505c1b6f33152c14d2635c2a6743276c6de59524adbef5c1d1c73001a40345""}"
baf731844a65b830a95b2167d5a3b6b77d65abcd,millenniumdb,MillenniumDB [engines.json profile],10M,C,C1,00,ef8aa4a34b4e6f77cd2222ea98467b92ca1acc5ed05ba7efc6d7f7aff345f7a1,N,N_clean (NPCS reimplementation),ok,8,994.6,903.4,1469.3,1122.5,303.8,1,3,300.0,3494,0.0,,,,16,186.090454,"[903.428, 1469.294, 994.642]","[0.0, 0.0, 0.0]",,[],,[],,[],r9.2-frozen-identity-v7,4909fe4b94fc096b2bafa3b6ffe9060092b92156b57e2b6ba5c792a0713387be,csv-candidate-multiset-v1,8,613665e12d11252f9b455934801c8e58864b9d3a92dbdcb0698388289b43021e,,,,,,,,3468610cc4e68c6a0db393e82d8981ea7136faf570fafbd39ac70ec58665cd16,288dcc57d9aa106343144401ea35f7ac346f23f881320d2a828dd038019e3d1a,8a607274f1b3d176dd6acfdc7381c25676b642e78d334a9664e45a2bdf3d52a0,59fb59a04cd20e6dec9ee47cf1de02734068a3328cade998a3fc44a746054ea8,a42a308bd2c5294f3aa79a1a3b15804d4137fd68d7677d9adc037e257a217e76,none,read-only,exploratory-base,exploratory-reified,2b9b44b25cd1c568cd57c6c5df25ae260b68229044617821fb33f542dab77648,2fa0b01dffc52d6647e98c7f554a1a4ff05e5abe6830b9c10d45f5dd8984f60d,f9ff8d30db2db1840ca1585b5598b1cf4d1d06ac2adb86a55b430669507fabff,b38a65fc0c1a91e138f057f7b6c08d21c328463aceb40ffda53fc759f99d2f7a,bdd50c08a90e2fb713541b8a118df6250246a917edc41a6776aeafc90b472687,bd505c1b6f33152c14d2635c2a6743276c6de59524adbef5c1d1c73001a40345,"pcm-meta-v2:{""protocol"":""r9.2-frozen-identity-v7"",""message"":"""",""cell_wall_ms"":4594.362,""answer_kind"":""csv-candidate-multiset-v1"",""answer_key_count"":8,""answer_fingerprint"":""613665e12d11252f9b455934801c8e58864b9d3a92dbdcb0698388289b43021e"",""c_parse_samples"":[0.0,0.0,0.0],""c_protocol_samples"":[],""construct_total_samples"":[],""construct_unattributed_samples"":[],""status"":""ok"",""status_evidence"":null,""construction_requested"":null,""construction_effective"":null,""commit"":""baf731844a65b830a95b2167d5a3b6b77d65abcd"",""batch_id"":""4909fe4b94fc096b2bafa3b6ffe9060092b92156b57e2b6ba5c792a0713387be"",""query_sha256"":""ef8aa4a34b4e6f77cd2222ea98467b92ca1acc5ed05ba7efc6d7f7aff345f7a1"",""engine"":""millenniumdb"",""engine_version"":""MillenniumDB [engines.json profile]"",""scale"":""10M"",""base_endpoint_sha256"":""3468610cc4e68c6a0db393e82d8981ea7136faf570fafbd39ac70ec58665cd16"",""reified_endpoint_sha256"":""288dcc57d9aa106343144401ea35f7ac346f23f881320d2a828dd038019e3d1a"",""update_endpoint_sha256"":""8a607274f1b3d176dd6acfdc7381c25676b642e78d334a9664e45a2bdf3d52a0"",""base_data_identity_sha256"":""59fb59a04cd20e6dec9ee47cf1de02734068a3328cade998a3fc44a746054ea8"",""reified_data_identity_sha256"":""a42a308bd2c5294f3aa79a1a3b15804d4137fd68d7677d9adc037e257a217e76"",""update_for"":""none"",""access_mode"":""read-only"",""base_data_name"":""exploratory-base"",""reified_data_name"":""exploratory-reified"",""update_canary_sha256"":""2b9b44b25cd1c568cd57c6c5df25ae260b68229044617821fb33f542dab77648"",""store_instance_sha256"":""2fa0b01dffc52d6647e98c7f554a1a4ff05e5abe6830b9c10d45f5dd8984f60d"",""store_discriminator_sha256"":""f9ff8d30db2db1840ca1585b5598b1cf4d1d06ac2adb86a55b430669507fabff"",""tool_sha256"":""b38a65fc0c1a91e138f057f7b6c08d21c328463aceb40ffda53fc759f99d2f7a"",""java_runtime_sha256"":""bdd50c08a90e2fb713541b8a118df6250246a917edc41a6776aeafc90b472687"",""run_identity_sha256"":""bd505c1b6f33152c14d2635c2a6743276c6de59524adbef5c1d1c73001a40345""}"
baf731844a65b830a95b2167d5a3b6b77d65abcd,millenniumdb,MillenniumDB [engines.json profile],10M,C,C1,00,ef8aa4a34b4e6f77cd2222ea98467b92ca1acc5ed05ba7efc6d7f7aff345f7a1,C,SPARQLcirc CircuitRewriter,ok,8,1023.0,1012.8,1030.6,1022.2,8.9,1,3,300.0,36404,3.3,24,144,16,,392.79862,"[1023.043, 1012.795, 1030.626]","[3.077, 3.537, 3.298]",0.0,"[0.0, 0.0, 0.0]",1026.2,"[1026.199, 1016.41, 1034.009]",0.1,"[0.08, 0.078, 0.085]",r9.2-frozen-identity-v7,4909fe4b94fc096b2bafa3b6ffe9060092b92156b57e2b6ba5c792a0713387be,term-aware-candidate-set-v1,8,148f586f826f86731d863be0033f07c788fd995db05e0da27d871de604f13832,flat,flat,845479a590bc00816fb258069fdf18f49832f09daeaee051d6016045ebe08104,,,,,3468610cc4e68c6a0db393e82d8981ea7136faf570fafbd39ac70ec58665cd16,288dcc57d9aa106343144401ea35f7ac346f23f881320d2a828dd038019e3d1a,8a607274f1b3d176dd6acfdc7381c25676b642e78d334a9664e45a2bdf3d52a0,59fb59a04cd20e6dec9ee47cf1de02734068a3328cade998a3fc44a746054ea8,a42a308bd2c5294f3aa79a1a3b15804d4137fd68d7677d9adc037e257a217e76,none,read-only,exploratory-base,exploratory-reified,2b9b44b25cd1c568cd57c6c5df25ae260b68229044617821fb33f542dab77648,2fa0b01dffc52d6647e98c7f554a1a4ff05e5abe6830b9c10d45f5dd8984f60d,f9ff8d30db2db1840ca1585b5598b1cf4d1d06ac2adb86a55b430669507fabff,b38a65fc0c1a91e138f057f7b6c08d21c328463aceb40ffda53fc759f99d2f7a,bdd50c08a90e2fb713541b8a118df6250246a917edc41a6776aeafc90b472687,bd505c1b6f33152c14d2635c2a6743276c6de59524adbef5c1d1c73001a40345,"pcm-meta-v2:{""protocol"":""r9.2-frozen-identity-v7"",""message"":""C requested=flat effective=flat; steps=1 feedback=0; network includes CONSTRUCT, feedback INSERT, and cleanup DELETE"",""cell_wall_ms"":4487.202,""answer_kind"":""term-aware-candidate-set-v1"",""answer_key_count"":8,""answer_fingerprint"":""148f586f826f86731d863be0033f07c788fd995db05e0da27d871de604f13832"",""c_parse_samples"":[3.077,3.537,3.298],""c_protocol_samples"":[{""requested_mode"":""flat"",""effective_mode"":""flat"",""fallback_reason"":null,""plan_steps"":1,""feedback_steps"":0,""feedback_triples"":0,""construct_query_ms"":1023.043,""feedback_update_ms"":0.0,""cleanup_ms"":0.0,""client_protocol_ms"":0.0,""network_scope"":""construct+feedback+cleanup"",""circuit_sha256"":""845479a590bc00816fb258069fdf18f49832f09daeaee051d6016045ebe08104"",""answer_fingerprint"":""148f586f826f86731d863be0033f07c788fd995db05e0da27d871de604f13832"",""semantic_signature_sha256"":""6f264acaf5f2209184ffb69753433182d0e816ddb1bac1878675f85a9d6a7ac0"",""structure_signature"":{""gates"":24,""edges"":144,""answers"":8,""derivations"":16,""canonical_bytes"":36404},""construct_total_ms"":1026.199,""client_unattributed_ms"":0.08},{""requested_mode"":""flat"",""effective_mode"":""flat"",""fallback_reason"":null,""plan_steps"":1,""feedback_steps"":0,""feedback_triples"":0,""construct_query_ms"":1012.795,""feedback_update_ms"":0.0,""cleanup_ms"":0.0,""client_protocol_ms"":0.0,""network_scope"":""construct+feedback+cleanup"",""circuit_sha256"":""845479a590bc00816fb258069fdf18f49832f09daeaee051d6016045ebe08104"",""answer_fingerprint"":""148f586f826f86731d863be0033f07c788fd995db05e0da27d871de604f13832"",""semantic_signature_sha256"":""6f264acaf5f2209184ffb69753433182d0e816ddb1bac1878675f85a9d6a7ac0"",""structure_signature"":{""gates"":24,""edges"":144,""answers"":8,""derivations"":16,""canonical_bytes"":36404},""construct_total_ms"":1016.41,""client_unattributed_ms"":0.078},{""requested_mode"":""flat"",""effective_mode"":""flat"",""fallback_reason"":null,""plan_steps"":1,""feedback_steps"":0,""feedback_triples"":0,""construct_query_ms"":1030.626,""feedback_update_ms"":0.0,""cleanup_ms"":0.0,""client_protocol_ms"":0.0,""network_scope"":""construct+feedback+cleanup"",""circuit_sha256"":""845479a590bc00816fb258069fdf18f49832f09daeaee051d6016045ebe08104"",""answer_fingerprint"":""148f586f826f86731d863be0033f07c788fd995db05e0da27d871de604f13832"",""semantic_signature_sha256"":""6f264acaf5f2209184ffb69753433182d0e816ddb1bac1878675f85a9d6a7ac0"",""structure_signature"":{""gates"":24,""edges"":144,""answers"":8,""derivations"":16,""canonical_bytes"":36404},""construct_total_ms"":1034.009,""client_unattributed_ms"":0.085}],""construct_total_samples"":[1026.199,1016.41,1034.009],""construct_unattributed_samples"":[0.08,0.078,0.085],""status"":""ok"",""status_evidence"":null,""c_warmup_signatures"":[""6f264acaf5f2209184ffb69753433182d0e816ddb1bac1878675f85a9d6a7ac0""],""measured_semantic_signature_sha256"":""6f264acaf5f2209184ffb69753433182d0e816ddb1bac1878675f85a9d6a7ac0"",""measured_repetitions_consistent"":true,""construction_requested"":""flat"",""construction_effective"":""flat"",""commit"":""baf731844a65b830a95b2167d5a3b6b77d65abcd"",""batch_id"":""4909fe4b94fc096b2bafa3b6ffe9060092b92156b57e2b6ba5c792a0713387be"",""query_sha256"":""ef8aa4a34b4e6f77cd2222ea98467b92ca1acc5ed05ba7efc6d7f7aff345f7a1"",""engine"":""millenniumdb"",""engine_version"":""MillenniumDB [engines.json profile]"",""scale"":""10M"",""base_endpoint_sha256"":""3468610cc4e68c6a0db393e82d8981ea7136faf570fafbd39ac70ec58665cd16"",""reified_endpoint_sha256"":""288dcc57d9aa106343144401ea35f7ac346f23f881320d2a828dd038019e3d1a"",""update_endpoint_sha256"":""8a607274f1b3d176dd6acfdc7381c25676b642e78d334a9664e45a2bdf3d52a0"",""base_data_identity_sha256"":""59fb59a04cd20e6dec9ee47cf1de02734068a3328cade998a3fc44a746054ea8"",""reified_data_identity_sha256"":""a42a308bd2c5294f3aa79a1a3b15804d4137fd68d7677d9adc037e257a217e76"",""update_for"":""none"",""access_mode"":""read-only"",""base_data_name"":""exploratory-base"",""reified_data_name"":""exploratory-reified"",""update_canary_sha256"":""2b9b44b25cd1c568cd57c6c5df25ae260b68229044617821fb33f542dab77648"",""store_instance_sha256"":""2fa0b01dffc52d6647e98c7f554a1a4ff05e5abe6830b9c10d45f5dd8984f60d"",""store_discriminator_sha256"":""f9ff8d30db2db1840ca1585b5598b1cf4d1d06ac2adb86a55b430669507fabff"",""tool_sha256"":""b38a65fc0c1a91e138f057f7b6c08d21c328463aceb40ffda53fc759f99d2f7a"",""java_runtime_sha256"":""bdd50c08a90e2fb713541b8a118df6250246a917edc41a6776aeafc90b472687"",""run_identity_sha256"":""bd505c1b6f33152c14d2635c2a6743276c6de59524adbef5c1d1c73001a40345""}"
baf731844a65b830a95b2167d5a3b6b77d65abcd,millenniumdb,MillenniumDB [engines.json profile],10M,C,C2,00,3a541db29afdc134602c70294332f99a26badf7d0abb258173084dcef59f3af1,B,base-select,ok,0,19.8,18.3,20.0,19.4,0.9,1,3,300.0,12,0.0,,,,,0.00666,"[18.338, 19.779, 19.984]","[0.0, 0.0, 0.0]",,[],,[],,[],r9.2-frozen-identity-v7,4909fe4b94fc096b2bafa3b6ffe9060092b92156b57e2b6ba5c792a0713387be,csv-binding-multiset-v1,0,4f53cda18c2baa0c0354bb5f9a3ecbe5ed12ab4d8e11ba873c2f11161202b945,,,,,,,,3468610cc4e68c6a0db393e82d8981ea7136faf570fafbd39ac70ec58665cd16,288dcc57d9aa106343144401ea35f7ac346f23f881320d2a828dd038019e3d1a,8a607274f1b3d176dd6acfdc7381c25676b642e78d334a9664e45a2bdf3d52a0,59fb59a04cd20e6dec9ee47cf1de02734068a3328cade998a3fc44a746054ea8,a42a308bd2c5294f3aa79a1a3b15804d4137fd68d7677d9adc037e257a217e76,none,read-only,exploratory-base,exploratory-reified,2b9b44b25cd1c568cd57c6c5df25ae260b68229044617821fb33f542dab77648,2fa0b01dffc52d6647e98c7f554a1a4ff05e5abe6830b9c10d45f5dd8984f60d,f9ff8d30db2db1840ca1585b5598b1cf4d1d06ac2adb86a55b430669507fabff,b38a65fc0c1a91e138f057f7b6c08d21c328463aceb40ffda53fc759f99d2f7a,bdd50c08a90e2fb713541b8a118df6250246a917edc41a6776aeafc90b472687,744892c2afa549706b40fe16432956050afe98561fd6686db3159fd542241cb5,"pcm-meta-v2:{""protocol"":""r9.2-frozen-identity-v7"",""message"":"""",""cell_wall_ms"":99.128,""answer_kind"":""csv-binding-multiset-v1"",""answer_key_count"":0,""answer_fingerprint"":""4f53cda18c2baa0c0354bb5f9a3ecbe5ed12ab4d8e11ba873c2f11161202b945"",""c_parse_samples"":[0.0,0.0,0.0],""c_protocol_samples"":[],""construct_total_samples"":[],""construct_unattributed_samples"":[],""status"":""ok"",""status_evidence"":null,""construction_requested"":null,""construction_effective"":null,""commit"":""baf731844a65b830a95b2167d5a3b6b77d65abcd"",""batch_id"":""4909fe4b94fc096b2bafa3b6ffe9060092b92156b57e2b6ba5c792a0713387be"",""query_sha256"":""3a541db29afdc134602c70294332f99a26badf7d0abb258173084dcef59f3af1"",""engine"":""millenniumdb"",""engine_version"":""MillenniumDB [engines.json profile]"",""scale"":""10M"",""base_endpoint_sha256"":""3468610cc4e68c6a0db393e82d8981ea7136faf570fafbd39ac70ec58665cd16"",""reified_endpoint_sha256"":""288dcc57d9aa106343144401ea35f7ac346f23f881320d2a828dd038019e3d1a"",""update_endpoint_sha256"":""8a607274f1b3d176dd6acfdc7381c25676b642e78d334a9664e45a2bdf3d52a0"",""base_data_identity_sha256"":""59fb59a04cd20e6dec9ee47cf1de02734068a3328cade998a3fc44a746054ea8"",""reified_data_identity_sha256"":""a42a308bd2c5294f3aa79a1a3b15804d4137fd68d7677d9adc037e257a217e76"",""update_for"":""none"",""access_mode"":""read-only"",""base_data_name"":""exploratory-base"",""reified_data_name"":""exploratory-reified"",""update_canary_sha256"":""2b9b44b25cd1c568cd57c6c5df25ae260b68229044617821fb33f542dab77648"",""store_instance_sha256"":""2fa0b01dffc52d6647e98c7f554a1a4ff05e5abe6830b9c10d45f5dd8984f60d"",""store_discriminator_sha256"":""f9ff8d30db2db1840ca1585b5598b1cf4d1d06ac2adb86a55b430669507fabff"",""tool_sha256"":""b38a65fc0c1a91e138f057f7b6c08d21c328463aceb40ffda53fc759f99d2f7a"",""java_runtime_sha256"":""bdd50c08a90e2fb713541b8a118df6250246a917edc41a6776aeafc90b472687"",""run_identity_sha256"":""744892c2afa549706b40fe16432956050afe98561fd6686db3159fd542241cb5""}"
baf731844a65b830a95b2167d5a3b6b77d65abcd,millenniumdb,MillenniumDB [engines.json profile],10M,C,C2,00,3a541db29afdc134602c70294332f99a26badf7d0abb258173084dcef59f3af1,R,reification-only,ok,0,1547.3,1411.4,1581.2,1513.3,89.9,1,3,300.0,12,0.0,,,,,132.861739,"[1411.372, 1581.158, 1547.272]","[0.0, 0.0, 0.0]",,[],,[],,[],r9.2-frozen-identity-v7,4909fe4b94fc096b2bafa3b6ffe9060092b92156b57e2b6ba5c792a0713387be,csv-binding-multiset-v1,0,4f53cda18c2baa0c0354bb5f9a3ecbe5ed12ab4d8e11ba873c2f11161202b945,,,,,,,,3468610cc4e68c6a0db393e82d8981ea7136faf570fafbd39ac70ec58665cd16,288dcc57d9aa106343144401ea35f7ac346f23f881320d2a828dd038019e3d1a,8a607274f1b3d176dd6acfdc7381c25676b642e78d334a9664e45a2bdf3d52a0,59fb59a04cd20e6dec9ee47cf1de02734068a3328cade998a3fc44a746054ea8,a42a308bd2c5294f3aa79a1a3b15804d4137fd68d7677d9adc037e257a217e76,none,read-only,exploratory-base,exploratory-reified,2b9b44b25cd1c568cd57c6c5df25ae260b68229044617821fb33f542dab77648,2fa0b01dffc52d6647e98c7f554a1a4ff05e5abe6830b9c10d45f5dd8984f60d,f9ff8d30db2db1840ca1585b5598b1cf4d1d06ac2adb86a55b430669507fabff,b38a65fc0c1a91e138f057f7b6c08d21c328463aceb40ffda53fc759f99d2f7a,bdd50c08a90e2fb713541b8a118df6250246a917edc41a6776aeafc90b472687,744892c2afa549706b40fe16432956050afe98561fd6686db3159fd542241cb5,"pcm-meta-v2:{""protocol"":""r9.2-frozen-identity-v7"",""message"":"""",""cell_wall_ms"":6329.906,""answer_kind"":""csv-binding-multiset-v1"",""answer_key_count"":0,""answer_fingerprint"":""4f53cda18c2baa0c0354bb5f9a3ecbe5ed12ab4d8e11ba873c2f11161202b945"",""c_parse_samples"":[0.0,0.0,0.0],""c_protocol_samples"":[],""construct_total_samples"":[],""construct_unattributed_samples"":[],""status"":""ok"",""status_evidence"":null,""construction_requested"":null,""construction_effective"":null,""commit"":""baf731844a65b830a95b2167d5a3b6b77d65abcd"",""batch_id"":""4909fe4b94fc096b2bafa3b6ffe9060092b92156b57e2b6ba5c792a0713387be"",""query_sha256"":""3a541db29afdc134602c70294332f99a26badf7d0abb258173084dcef59f3af1"",""engine"":""millenniumdb"",""engine_version"":""MillenniumDB [engines.json profile]"",""scale"":""10M"",""base_endpoint_sha256"":""3468610cc4e68c6a0db393e82d8981ea7136faf570fafbd39ac70ec58665cd16"",""reified_endpoint_sha256"":""288dcc57d9aa106343144401ea35f7ac346f23f881320d2a828dd038019e3d1a"",""update_endpoint_sha256"":""8a607274f1b3d176dd6acfdc7381c25676b642e78d334a9664e45a2bdf3d52a0"",""base_data_identity_sha256"":""59fb59a04cd20e6dec9ee47cf1de02734068a3328cade998a3fc44a746054ea8"",""reified_data_identity_sha256"":""a42a308bd2c5294f3aa79a1a3b15804d4137fd68d7677d9adc037e257a217e76"",""update_for"":""none"",""access_mode"":""read-only"",""base_data_name"":""exploratory-base"",""reified_data_name"":""exploratory-reified"",""update_canary_sha256"":""2b9b44b25cd1c568cd57c6c5df25ae260b68229044617821fb33f542dab77648"",""store_instance_sha256"":""2fa0b01dffc52d6647e98c7f554a1a4ff05e5abe6830b9c10d45f5dd8984f60d"",""store_discriminator_sha256"":""f9ff8d30db2db1840ca1585b5598b1cf4d1d06ac2adb86a55b430669507fabff"",""tool_sha256"":""b38a65fc0c1a91e138f057f7b6c08d21c328463aceb40ffda53fc759f99d2f7a"",""java_runtime_sha256"":""bdd50c08a90e2fb713541b8a118df6250246a917edc41a6776aeafc90b472687"",""run_identity_sha256"":""744892c2afa549706b40fe16432956050afe98561fd6686db3159fd542241cb5""}"
baf731844a65b830a95b2167d5a3b6b77d65abcd,millenniumdb,MillenniumDB [engines.json profile],10M,C,C2,00,3a541db29afdc134602c70294332f99a26badf7d0abb258173084dcef59f3af1,N,N_clean (NPCS reimplementation),ok,0,1418.1,1418.1,1543.8,1460.0,72.6,1,3,300.0,36,0.0,,,,0,177.652257,"[1418.141, 1418.073, 1543.839]","[0.0, 0.0, 0.0]",,[],,[],,[],r9.2-frozen-identity-v7,4909fe4b94fc096b2bafa3b6ffe9060092b92156b57e2b6ba5c792a0713387be,csv-candidate-multiset-v1,0,4f53cda18c2baa0c0354bb5f9a3ecbe5ed12ab4d8e11ba873c2f11161202b945,,,,,,,,3468610cc4e68c6a0db393e82d8981ea7136faf570fafbd39ac70ec58665cd16,288dcc57d9aa106343144401ea35f7ac346f23f881320d2a828dd038019e3d1a,8a607274f1b3d176dd6acfdc7381c25676b642e78d334a9664e45a2bdf3d52a0,59fb59a04cd20e6dec9ee47cf1de02734068a3328cade998a3fc44a746054ea8,a42a308bd2c5294f3aa79a1a3b15804d4137fd68d7677d9adc037e257a217e76,none,read-only,exploratory-base,exploratory-reified,2b9b44b25cd1c568cd57c6c5df25ae260b68229044617821fb33f542dab77648,2fa0b01dffc52d6647e98c7f554a1a4ff05e5abe6830b9c10d45f5dd8984f60d,f9ff8d30db2db1840ca1585b5598b1cf4d1d06ac2adb86a55b430669507fabff,b38a65fc0c1a91e138f057f7b6c08d21c328463aceb40ffda53fc759f99d2f7a,bdd50c08a90e2fb713541b8a118df6250246a917edc41a6776aeafc90b472687,744892c2afa549706b40fe16432956050afe98561fd6686db3159fd542241cb5,"pcm-meta-v2:{""protocol"":""r9.2-frozen-identity-v7"",""message"":"""",""cell_wall_ms"":5980.239,""answer_kind"":""csv-candidate-multiset-v1"",""answer_key_count"":0,""answer_fingerprint"":""4f53cda18c2baa0c0354bb5f9a3ecbe5ed12ab4d8e11ba873c2f11161202b945"",""c_parse_samples"":[0.0,0.0,0.0],""c_protocol_samples"":[],""construct_total_samples"":[],""construct_unattributed_samples"":[],""status"":""ok"",""status_evidence"":null,""construction_requested"":null,""construction_effective"":null,""commit"":""baf731844a65b830a95b2167d5a3b6b77d65abcd"",""batch_id"":""4909fe4b94fc096b2bafa3b6ffe9060092b92156b57e2b6ba5c792a0713387be"",""query_sha256"":""3a541db29afdc134602c70294332f99a26badf7d0abb258173084dcef59f3af1"",""engine"":""millenniumdb"",""engine_version"":""MillenniumDB [engines.json profile]"",""scale"":""10M"",""base_endpoint_sha256"":""3468610cc4e68c6a0db393e82d8981ea7136faf570fafbd39ac70ec58665cd16"",""reified_endpoint_sha256"":""288dcc57d9aa106343144401ea35f7ac346f23f881320d2a828dd038019e3d1a"",""update_endpoint_sha256"":""8a607274f1b3d176dd6acfdc7381c25676b642e78d334a9664e45a2bdf3d52a0"",""base_data_identity_sha256"":""59fb59a04cd20e6dec9ee47cf1de02734068a3328cade998a3fc44a746054ea8"",""reified_data_identity_sha256"":""a42a308bd2c5294f3aa79a1a3b15804d4137fd68d7677d9adc037e257a217e76"",""update_for"":""none"",""access_mode"":""read-only"",""base_data_name"":""exploratory-base"",""reified_data_name"":""exploratory-reified"",""update_canary_sha256"":""2b9b44b25cd1c568cd57c6c5df25ae260b68229044617821fb33f542dab77648"",""store_instance_sha256"":""2fa0b01dffc52d6647e98c7f554a1a4ff05e5abe6830b9c10d45f5dd8984f60d"",""store_discriminator_sha256"":""f9ff8d30db2db1840ca1585b5598b1cf4d1d06ac2adb86a55b430669507fabff"",""tool_sha256"":""b38a65fc0c1a91e138f057f7b6c08d21c328463aceb40ffda53fc759f99d2f7a"",""java_runtime_sha256"":""bdd50c08a90e2fb713541b8a118df6250246a917edc41a6776aeafc90b472687"",""run_identity_sha256"":""744892c2afa549706b40fe16432956050afe98561fd6686db3159fd542241cb5""}"
baf731844a65b830a95b2167d5a3b6b77d65abcd,millenniumdb,MillenniumDB [engines.json profile],10M,C,C2,00,3a541db29afdc134602c70294332f99a26badf7d0abb258173084dcef59f3af1,C,SPARQLcirc CircuitRewriter,ok,0,1155.5,1073.0,1162.5,1130.3,49.8,1,3,300.0,0,0.1,0,0,0,,414.48646,"[1072.963, 1162.49, 1155.465]","[0.067, 0.069, 0.073]",0.0,"[0.0, 0.0, 0.0]",1155.6,"[1073.099, 1162.63, 1155.61]",0.1,"[0.068, 0.071, 0.072]",r9.2-frozen-identity-v7,4909fe4b94fc096b2bafa3b6ffe9060092b92156b57e2b6ba5c792a0713387be,term-aware-candidate-set-v1,0,4f53cda18c2baa0c0354bb5f9a3ecbe5ed12ab4d8e11ba873c2f11161202b945,flat,flat,e3b0c44298fc1c149afbf4c8996fb92427ae41e4649b934ca495991b7852b855,,,,,3468610cc4e68c6a0db393e82d8981ea7136faf570fafbd39ac70ec58665cd16,288dcc57d9aa106343144401ea35f7ac346f23f881320d2a828dd038019e3d1a,8a607274f1b3d176dd6acfdc7381c25676b642e78d334a9664e45a2bdf3d52a0,59fb59a04cd20e6dec9ee47cf1de02734068a3328cade998a3fc44a746054ea8,a42a308bd2c5294f3aa79a1a3b15804d4137fd68d7677d9adc037e257a217e76,none,read-only,exploratory-base,exploratory-reified,2b9b44b25cd1c568cd57c6c5df25ae260b68229044617821fb33f542dab77648,2fa0b01dffc52d6647e98c7f554a1a4ff05e5abe6830b9c10d45f5dd8984f60d,f9ff8d30db2db1840ca1585b5598b1cf4d1d06ac2adb86a55b430669507fabff,b38a65fc0c1a91e138f057f7b6c08d21c328463aceb40ffda53fc759f99d2f7a,bdd50c08a90e2fb713541b8a118df6250246a917edc41a6776aeafc90b472687,744892c2afa549706b40fe16432956050afe98561fd6686db3159fd542241cb5,"pcm-meta-v2:{""protocol"":""r9.2-frozen-identity-v7"",""message"":""C requested=flat effective=flat; steps=1 feedback=0; network includes CONSTRUCT, feedback INSERT, and cleanup DELETE"",""cell_wall_ms"":4981.723,""answer_kind"":""term-aware-candidate-set-v1"",""answer_key_count"":0,""answer_fingerprint"":""4f53cda18c2baa0c0354bb5f9a3ecbe5ed12ab4d8e11ba873c2f11161202b945"",""c_parse_samples"":[0.067,0.069,0.073],""c_protocol_samples"":[{""requested_mode"":""flat"",""effective_mode"":""flat"",""fallback_reason"":null,""plan_steps"":1,""feedback_steps"":0,""feedback_triples"":0,""construct_query_ms"":1072.963,""feedback_update_ms"":0.0,""cleanup_ms"":0.0,""client_protocol_ms"":0.0,""network_scope"":""construct+feedback+cleanup"",""circuit_sha256"":""e3b0c44298fc1c149afbf4c8996fb92427ae41e4649b934ca495991b7852b855"",""answer_fingerprint"":""4f53cda18c2baa0c0354bb5f9a3ecbe5ed12ab4d8e11ba873c2f11161202b945"",""semantic_signature_sha256"":""7eea907cbd285de64aa74718ac862e33969a57c7b83810a40d6c52597681b4b3"",""structure_signature"":{""gates"":0,""edges"":0,""answers"":0,""derivations"":0,""canonical_bytes"":0},""construct_total_ms"":1073.099,""client_unattributed_ms"":0.068},{""requested_mode"":""flat"",""effective_mode"":""flat"",""fallback_reason"":null,""plan_steps"":1,""feedback_steps"":0,""feedback_triples"":0,""construct_query_ms"":1162.49,""feedback_update_ms"":0.0,""cleanup_ms"":0.0,""client_protocol_ms"":0.0,""network_scope"":""construct+feedback+cleanup"",""circuit_sha256"":""e3b0c44298fc1c149afbf4c8996fb92427ae41e4649b934ca495991b7852b855"",""answer_fingerprint"":""4f53cda18c2baa0c0354bb5f9a3ecbe5ed12ab4d8e11ba873c2f11161202b945"",""semantic_signature_sha256"":""7eea907cbd285de64aa74718ac862e33969a57c7b83810a40d6c52597681b4b3"",""structure_signature"":{""gates"":0,""edges"":0,""answers"":0,""derivations"":0,""canonical_bytes"":0},""construct_total_ms"":1162.63,""client_unattributed_ms"":0.071},{""requested_mode"":""flat"",""effective_mode"":""flat"",""fallback_reason"":null,""plan_steps"":1,""feedback_steps"":0,""feedback_triples"":0,""construct_query_ms"":1155.465,""feedback_update_ms"":0.0,""cleanup_ms"":0.0,""client_protocol_ms"":0.0,""network_scope"":""construct+feedback+cleanup"",""circuit_sha256"":""e3b0c44298fc1c149afbf4c8996fb92427ae41e4649b934ca495991b7852b855"",""answer_fingerprint"":""4f53cda18c2baa0c0354bb5f9a3ecbe5ed12ab4d8e11ba873c2f11161202b945"",""semantic_signature_sha256"":""7eea907cbd285de64aa74718ac862e33969a57c7b83810a40d6c52597681b4b3"",""structure_signature"":{""gates"":0,""edges"":0,""answers"":0,""derivations"":0,""canonical_bytes"":0},""construct_total_ms"":1155.61,""client_unattributed_ms"":0.072}],""construct_total_samples"":[1073.099,1162.63,1155.61],""construct_unattributed_samples"":[0.068,0.071,0.072],""status"":""ok"",""status_evidence"":null,""c_warmup_signatures"":[""7eea907cbd285de64aa74718ac862e33969a57c7b83810a40d6c52597681b4b3""],""measured_semantic_signature_sha256"":""7eea907cbd285de64aa74718ac862e33969a57c7b83810a40d6c52597681b4b3"",""measured_repetitions_consistent"":true,""construction_requested"":""flat"",""construction_effective"":""flat"",""commit"":""baf731844a65b830a95b2167d5a3b6b77d65abcd"",""batch_id"":""4909fe4b94fc096b2bafa3b6ffe9060092b92156b57e2b6ba5c792a0713387be"",""query_sha256"":""3a541db29afdc134602c70294332f99a26badf7d0abb258173084dcef59f3af1"",""engine"":""millenniumdb"",""engine_version"":""MillenniumDB [engines.json profile]"",""scale"":""10M"",""base_endpoint_sha256"":""3468610cc4e68c6a0db393e82d8981ea7136faf570fafbd39ac70ec58665cd16"",""reified_endpoint_sha256"":""288dcc57d9aa106343144401ea35f7ac346f23f881320d2a828dd038019e3d1a"",""update_endpoint_sha256"":""8a607274f1b3d176dd6acfdc7381c25676b642e78d334a9664e45a2bdf3d52a0"",""base_data_identity_sha256"":""59fb59a04cd20e6dec9ee47cf1de02734068a3328cade998a3fc44a746054ea8"",""reified_data_identity_sha256"":""a42a308bd2c5294f3aa79a1a3b15804d4137fd68d7677d9adc037e257a217e76"",""update_for"":""none"",""access_mode"":""read-only"",""base_data_name"":""exploratory-base"",""reified_data_name"":""exploratory-reified"",""update_canary_sha256"":""2b9b44b25cd1c568cd57c6c5df25ae260b68229044617821fb33f542dab77648"",""store_instance_sha256"":""2fa0b01dffc52d6647e98c7f554a1a4ff05e5abe6830b9c10d45f5dd8984f60d"",""store_discriminator_sha256"":""f9ff8d30db2db1840ca1585b5598b1cf4d1d06ac2adb86a55b430669507fabff"",""tool_sha256"":""b38a65fc0c1a91e138f057f7b6c08d21c328463aceb40ffda53fc759f99d2f7a"",""java_runtime_sha256"":""bdd50c08a90e2fb713541b8a118df6250246a917edc41a6776aeafc90b472687"",""run_identity_sha256"":""744892c2afa549706b40fe16432956050afe98561fd6686db3159fd542241cb5""}"
baf731844a65b830a95b2167d5a3b6b77d65abcd,millenniumdb,MillenniumDB [engines.json profile],10M,C,C3,00,8b244b13319b822a74e59eeb13abb60bb762b2e191e1bf3198b102b93135f740,B,base-select,ok,434169,1397.7,1397.2,1412.5,1402.5,8.7,1,3,300.0,20781431,0.0,,,,,0.00718,"[1397.684, 1397.242, 1412.544]","[0.0, 0.0, 0.0]",,[],,[],,[],r9.2-frozen-identity-v7,4909fe4b94fc096b2bafa3b6ffe9060092b92156b57e2b6ba5c792a0713387be,csv-binding-multiset-v1,434169,3d4a49d5087287b6f5e49064dd7b160a2bebb6f2d5925da315beb17c744a7e17,,,,,,,,3468610cc4e68c6a0db393e82d8981ea7136faf570fafbd39ac70ec58665cd16,288dcc57d9aa106343144401ea35f7ac346f23f881320d2a828dd038019e3d1a,8a607274f1b3d176dd6acfdc7381c25676b642e78d334a9664e45a2bdf3d52a0,59fb59a04cd20e6dec9ee47cf1de02734068a3328cade998a3fc44a746054ea8,a42a308bd2c5294f3aa79a1a3b15804d4137fd68d7677d9adc037e257a217e76,none,read-only,exploratory-base,exploratory-reified,2b9b44b25cd1c568cd57c6c5df25ae260b68229044617821fb33f542dab77648,2fa0b01dffc52d6647e98c7f554a1a4ff05e5abe6830b9c10d45f5dd8984f60d,f9ff8d30db2db1840ca1585b5598b1cf4d1d06ac2adb86a55b430669507fabff,b38a65fc0c1a91e138f057f7b6c08d21c328463aceb40ffda53fc759f99d2f7a,bdd50c08a90e2fb713541b8a118df6250246a917edc41a6776aeafc90b472687,d1a3904f028fdfcb1974ffe3b1acfa07e60aa5cda30fe84f2bbc677cdf29d57c,"pcm-meta-v2:{""protocol"":""r9.2-frozen-identity-v7"",""message"":"""",""cell_wall_ms"":6216.312,""answer_kind"":""csv-binding-multiset-v1"",""answer_key_count"":434169,""answer_fingerprint"":""3d4a49d5087287b6f5e49064dd7b160a2bebb6f2d5925da315beb17c744a7e17"",""c_parse_samples"":[0.0,0.0,0.0],""c_protocol_samples"":[],""construct_total_samples"":[],""construct_unattributed_samples"":[],""status"":""ok"",""status_evidence"":null,""construction_requested"":null,""construction_effective"":null,""commit"":""baf731844a65b830a95b2167d5a3b6b77d65abcd"",""batch_id"":""4909fe4b94fc096b2bafa3b6ffe9060092b92156b57e2b6ba5c792a0713387be"",""query_sha256"":""8b244b13319b822a74e59eeb13abb60bb762b2e191e1bf3198b102b93135f740"",""engine"":""millenniumdb"",""engine_version"":""MillenniumDB [engines.json profile]"",""scale"":""10M"",""base_endpoint_sha256"":""3468610cc4e68c6a0db393e82d8981ea7136faf570fafbd39ac70ec58665cd16"",""reified_endpoint_sha256"":""288dcc57d9aa106343144401ea35f7ac346f23f881320d2a828dd038019e3d1a"",""update_endpoint_sha256"":""8a607274f1b3d176dd6acfdc7381c25676b642e78d334a9664e45a2bdf3d52a0"",""base_data_identity_sha256"":""59fb59a04cd20e6dec9ee47cf1de02734068a3328cade998a3fc44a746054ea8"",""reified_data_identity_sha256"":""a42a308bd2c5294f3aa79a1a3b15804d4137fd68d7677d9adc037e257a217e76"",""update_for"":""none"",""access_mode"":""read-only"",""base_data_name"":""exploratory-base"",""reified_data_name"":""exploratory-reified"",""update_canary_sha256"":""2b9b44b25cd1c568cd57c6c5df25ae260b68229044617821fb33f542dab77648"",""store_instance_sha256"":""2fa0b01dffc52d6647e98c7f554a1a4ff05e5abe6830b9c10d45f5dd8984f60d"",""store_discriminator_sha256"":""f9ff8d30db2db1840ca1585b5598b1cf4d1d06ac2adb86a55b430669507fabff"",""tool_sha256"":""b38a65fc0c1a91e138f057f7b6c08d21c328463aceb40ffda53fc759f99d2f7a"",""java_runtime_sha256"":""bdd50c08a90e2fb713541b8a118df6250246a917edc41a6776aeafc90b472687"",""run_identity_sha256"":""d1a3904f028fdfcb1974ffe3b1acfa07e60aa5cda30fe84f2bbc677cdf29d57c""}"
baf731844a65b830a95b2167d5a3b6b77d65abcd,millenniumdb,MillenniumDB [engines.json profile],10M,C,C3,00,8b244b13319b822a74e59eeb13abb60bb762b2e191e1bf3198b102b93135f740,R,reification-only,ok,434169,27292.4,27057.9,27581.3,27310.5,262.1,1,3,300.0,20781431,0.0,,,,,132.425943,"[27057.929, 27292.406, 27581.252]","[0.0, 0.0, 0.0]",,[],,[],,[],r9.2-frozen-identity-v7,4909fe4b94fc096b2bafa3b6ffe9060092b92156b57e2b6ba5c792a0713387be,csv-binding-multiset-v1,434169,3d4a49d5087287b6f5e49064dd7b160a2bebb6f2d5925da315beb17c744a7e17,,,,,,,,3468610cc4e68c6a0db393e82d8981ea7136faf570fafbd39ac70ec58665cd16,288dcc57d9aa106343144401ea35f7ac346f23f881320d2a828dd038019e3d1a,8a607274f1b3d176dd6acfdc7381c25676b642e78d334a9664e45a2bdf3d52a0,59fb59a04cd20e6dec9ee47cf1de02734068a3328cade998a3fc44a746054ea8,a42a308bd2c5294f3aa79a1a3b15804d4137fd68d7677d9adc037e257a217e76,none,read-only,exploratory-base,exploratory-reified,2b9b44b25cd1c568cd57c6c5df25ae260b68229044617821fb33f542dab77648,2fa0b01dffc52d6647e98c7f554a1a4ff05e5abe6830b9c10d45f5dd8984f60d,f9ff8d30db2db1840ca1585b5598b1cf4d1d06ac2adb86a55b430669507fabff,b38a65fc0c1a91e138f057f7b6c08d21c328463aceb40ffda53fc759f99d2f7a,bdd50c08a90e2fb713541b8a118df6250246a917edc41a6776aeafc90b472687,d1a3904f028fdfcb1974ffe3b1acfa07e60aa5cda30fe84f2bbc677cdf29d57c,"pcm-meta-v2:{""protocol"":""r9.2-frozen-identity-v7"",""message"":"""",""cell_wall_ms"":108443.164,""answer_kind"":""csv-binding-multiset-v1"",""answer_key_count"":434169,""answer_fingerprint"":""3d4a49d5087287b6f5e49064dd7b160a2bebb6f2d5925da315beb17c744a7e17"",""c_parse_samples"":[0.0,0.0,0.0],""c_protocol_samples"":[],""construct_total_samples"":[],""construct_unattributed_samples"":[],""status"":""ok"",""status_evidence"":null,""construction_requested"":null,""construction_effective"":null,""commit"":""baf731844a65b830a95b2167d5a3b6b77d65abcd"",""batch_id"":""4909fe4b94fc096b2bafa3b6ffe9060092b92156b57e2b6ba5c792a0713387be"",""query_sha256"":""8b244b13319b822a74e59eeb13abb60bb762b2e191e1bf3198b102b93135f740"",""engine"":""millenniumdb"",""engine_version"":""MillenniumDB [engines.json profile]"",""scale"":""10M"",""base_endpoint_sha256"":""3468610cc4e68c6a0db393e82d8981ea7136faf570fafbd39ac70ec58665cd16"",""reified_endpoint_sha256"":""288dcc57d9aa106343144401ea35f7ac346f23f881320d2a828dd038019e3d1a"",""update_endpoint_sha256"":""8a607274f1b3d176dd6acfdc7381c25676b642e78d334a9664e45a2bdf3d52a0"",""base_data_identity_sha256"":""59fb59a04cd20e6dec9ee47cf1de02734068a3328cade998a3fc44a746054ea8"",""reified_data_identity_sha256"":""a42a308bd2c5294f3aa79a1a3b15804d4137fd68d7677d9adc037e257a217e76"",""update_for"":""none"",""access_mode"":""read-only"",""base_data_name"":""exploratory-base"",""reified_data_name"":""exploratory-reified"",""update_canary_sha256"":""2b9b44b25cd1c568cd57c6c5df25ae260b68229044617821fb33f542dab77648"",""store_instance_sha256"":""2fa0b01dffc52d6647e98c7f554a1a4ff05e5abe6830b9c10d45f5dd8984f60d"",""store_discriminator_sha256"":""f9ff8d30db2db1840ca1585b5598b1cf4d1d06ac2adb86a55b430669507fabff"",""tool_sha256"":""b38a65fc0c1a91e138f057f7b6c08d21c328463aceb40ffda53fc759f99d2f7a"",""java_runtime_sha256"":""bdd50c08a90e2fb713541b8a118df6250246a917edc41a6776aeafc90b472687"",""run_identity_sha256"":""d1a3904f028fdfcb1974ffe3b1acfa07e60aa5cda30fe84f2bbc677cdf29d57c""}"
baf731844a65b830a95b2167d5a3b6b77d65abcd,millenniumdb,MillenniumDB [engines.json profile],10M,C,C3,00,8b244b13319b822a74e59eeb13abb60bb762b2e191e1bf3198b102b93135f740,N,N_clean (NPCS reimplementation),err:Error,,,,,,,1,3,300.0,,,,,,,187.7934299991466,[],[],,[],,[],,[],r9.2-frozen-identity-v7,4909fe4b94fc096b2bafa3b6ffe9060092b92156b57e2b6ba5c792a0713387be,,,,,,,,,,,3468610cc4e68c6a0db393e82d8981ea7136faf570fafbd39ac70ec58665cd16,288dcc57d9aa106343144401ea35f7ac346f23f881320d2a828dd038019e3d1a,8a607274f1b3d176dd6acfdc7381c25676b642e78d334a9664e45a2bdf3d52a0,59fb59a04cd20e6dec9ee47cf1de02734068a3328cade998a3fc44a746054ea8,a42a308bd2c5294f3aa79a1a3b15804d4137fd68d7677d9adc037e257a217e76,none,read-only,exploratory-base,exploratory-reified,2b9b44b25cd1c568cd57c6c5df25ae260b68229044617821fb33f542dab77648,2fa0b01dffc52d6647e98c7f554a1a4ff05e5abe6830b9c10d45f5dd8984f60d,f9ff8d30db2db1840ca1585b5598b1cf4d1d06ac2adb86a55b430669507fabff,b38a65fc0c1a91e138f057f7b6c08d21c328463aceb40ffda53fc759f99d2f7a,bdd50c08a90e2fb713541b8a118df6250246a917edc41a6776aeafc90b472687,d1a3904f028fdfcb1974ffe3b1acfa07e60aa5cda30fe84f2bbc677cdf29d57c,"pcm-meta-v2:{""protocol"":""r9.2-frozen-identity-v7"",""message"":""field larger than field limit (131072)"",""cell_wall_ms"":110504.934,""c_parse_samples"":[],""c_protocol_samples"":[],""construct_total_samples"":[],""construct_unattributed_samples"":[],""status"":""err:Error"",""status_evidence"":{""kind"":""unspecified"",""message"":""field larger than field limit (131072)""},""construction_requested"":null,""construction_effective"":null,""commit"":""baf731844a65b830a95b2167d5a3b6b77d65abcd"",""batch_id"":""4909fe4b94fc096b2bafa3b6ffe9060092b92156b57e2b6ba5c792a0713387be"",""query_sha256"":""8b244b13319b822a74e59eeb13abb60bb762b2e191e1bf3198b102b93135f740"",""engine"":""millenniumdb"",""engine_version"":""MillenniumDB [engines.json profile]"",""scale"":""10M"",""base_endpoint_sha256"":""3468610cc4e68c6a0db393e82d8981ea7136faf570fafbd39ac70ec58665cd16"",""reified_endpoint_sha256"":""288dcc57d9aa106343144401ea35f7ac346f23f881320d2a828dd038019e3d1a"",""update_endpoint_sha256"":""8a607274f1b3d176dd6acfdc7381c25676b642e78d334a9664e45a2bdf3d52a0"",""base_data_identity_sha256"":""59fb59a04cd20e6dec9ee47cf1de02734068a3328cade998a3fc44a746054ea8"",""reified_data_identity_sha256"":""a42a308bd2c5294f3aa79a1a3b15804d4137fd68d7677d9adc037e257a217e76"",""update_for"":""none"",""access_mode"":""read-only"",""base_data_name"":""exploratory-base"",""reified_data_name"":""exploratory-reified"",""update_canary_sha256"":""2b9b44b25cd1c568cd57c6c5df25ae260b68229044617821fb33f542dab77648"",""store_instance_sha256"":""2fa0b01dffc52d6647e98c7f554a1a4ff05e5abe6830b9c10d45f5dd8984f60d"",""store_discriminator_sha256"":""f9ff8d30db2db1840ca1585b5598b1cf4d1d06ac2adb86a55b430669507fabff"",""tool_sha256"":""b38a65fc0c1a91e138f057f7b6c08d21c328463aceb40ffda53fc759f99d2f7a"",""java_runtime_sha256"":""bdd50c08a90e2fb713541b8a118df6250246a917edc41a6776aeafc90b472687"",""run_identity_sha256"":""d1a3904f028fdfcb1974ffe3b1acfa07e60aa5cda30fe84f2bbc677cdf29d57c""}"
baf731844a65b830a95b2167d5a3b6b77d65abcd,millenniumdb,MillenniumDB [engines.json profile],10M,C,C3,00,8b244b13319b822a74e59eeb13abb60bb762b2e191e1bf3198b102b93135f740,C,SPARQLcirc CircuitRewriter,timeout,,,,,,,1,3,300.0,,,,,,,384.547279,[],[],,[],,[],,[],r9.2-frozen-identity-v7,4909fe4b94fc096b2bafa3b6ffe9060092b92156b57e2b6ba5c792a0713387be,,,,,,,,,,,3468610cc4e68c6a0db393e82d8981ea7136faf570fafbd39ac70ec58665cd16,288dcc57d9aa106343144401ea35f7ac346f23f881320d2a828dd038019e3d1a,8a607274f1b3d176dd6acfdc7381c25676b642e78d334a9664e45a2bdf3d52a0,59fb59a04cd20e6dec9ee47cf1de02734068a3328cade998a3fc44a746054ea8,a42a308bd2c5294f3aa79a1a3b15804d4137fd68d7677d9adc037e257a217e76,none,read-only,exploratory-base,exploratory-reified,2b9b44b25cd1c568cd57c6c5df25ae260b68229044617821fb33f542dab77648,2fa0b01dffc52d6647e98c7f554a1a4ff05e5abe6830b9c10d45f5dd8984f60d,f9ff8d30db2db1840ca1585b5598b1cf4d1d06ac2adb86a55b430669507fabff,b38a65fc0c1a91e138f057f7b6c08d21c328463aceb40ffda53fc759f99d2f7a,bdd50c08a90e2fb713541b8a118df6250246a917edc41a6776aeafc90b472687,d1a3904f028fdfcb1974ffe3b1acfa07e60aa5cda30fe84f2bbc677cdf29d57c,"pcm-meta-v2:{""protocol"":""r9.2-frozen-identity-v7"",""message"":""whole cell exceeded 300s hard deadline; worker reaped"",""cell_wall_ms"":300000.0,""c_parse_samples"":[],""c_protocol_samples"":[],""construct_total_samples"":[],""construct_unattributed_samples"":[],""status"":""timeout"",""status_evidence"":{""kind"":""hard-wall-deadline"",""message"":""whole cell exceeded 300s hard deadline; worker reaped""},""construction_requested"":null,""construction_effective"":null,""commit"":""baf731844a65b830a95b2167d5a3b6b77d65abcd"",""batch_id"":""4909fe4b94fc096b2bafa3b6ffe9060092b92156b57e2b6ba5c792a0713387be"",""query_sha256"":""8b244b13319b822a74e59eeb13abb60bb762b2e191e1bf3198b102b93135f740"",""engine"":""millenniumdb"",""engine_version"":""MillenniumDB [engines.json profile]"",""scale"":""10M"",""base_endpoint_sha256"":""3468610cc4e68c6a0db393e82d8981ea7136faf570fafbd39ac70ec58665cd16"",""reified_endpoint_sha256"":""288dcc57d9aa106343144401ea35f7ac346f23f881320d2a828dd038019e3d1a"",""update_endpoint_sha256"":""8a607274f1b3d176dd6acfdc7381c25676b642e78d334a9664e45a2bdf3d52a0"",""base_data_identity_sha256"":""59fb59a04cd20e6dec9ee47cf1de02734068a3328cade998a3fc44a746054ea8"",""reified_data_identity_sha256"":""a42a308bd2c5294f3aa79a1a3b15804d4137fd68d7677d9adc037e257a217e76"",""update_for"":""none"",""access_mode"":""read-only"",""base_data_name"":""exploratory-base"",""reified_data_name"":""exploratory-reified"",""update_canary_sha256"":""2b9b44b25cd1c568cd57c6c5df25ae260b68229044617821fb33f542dab77648"",""store_instance_sha256"":""2fa0b01dffc52d6647e98c7f554a1a4ff05e5abe6830b9c10d45f5dd8984f60d"",""store_discriminator_sha256"":""f9ff8d30db2db1840ca1585b5598b1cf4d1d06ac2adb86a55b430669507fabff"",""tool_sha256"":""b38a65fc0c1a91e138f057f7b6c08d21c328463aceb40ffda53fc759f99d2f7a"",""java_runtime_sha256"":""bdd50c08a90e2fb713541b8a118df6250246a917edc41a6776aeafc90b472687"",""run_identity_sha256"":""d1a3904f028fdfcb1974ffe3b1acfa07e60aa5cda30fe84f2bbc677cdf29d57c""}"
