commit,engine,engine_version,scale,class,template,instance,query_sha256,method,implementation,status,answers,median_ms,min_ms,max_ms,mean_ms,sd_ms,warmups,runs,timeout_s,response_bytes,c_parse_median_ms,gates,edges,derivations,npcs_token_occurrences,rewrite_ms,samples_json,c_parse_samples_json,c_protocol_median_ms,c_protocol_samples_json,construct_total_ms,construct_total_samples_json,construct_unattributed_median_ms,construct_unattributed_samples_json,protocol,batch_id,answer_kind,answer_key_count,answer_fingerprint,construction_requested,construction_effective,circuit_sha256,circuit_cache_path,circuit_cache_metadata_path,circuit_cache_observation_sha256,circuit_cache_sidecar_sha256,base_endpoint_sha256,reified_endpoint_sha256,update_endpoint_sha256,base_data_identity_sha256,reified_data_identity_sha256,update_for,access_mode,base_data_name,reified_data_name,update_canary_sha256,store_instance_sha256,store_discriminator_sha256,tool_sha256,java_runtime_sha256,run_identity_sha256,notes
53437ec4699b3ccdb544ea926ab1b26db45d27c5,graphdb,GraphDB (RDF4J) [engines.json profile],10M,L,L1,00,98fe99bb2a8bc2b3e41d8cc31e774d8a405b22eb745fbaefad8963b8e59922f4,B,base-select,ok,2,9.1,7.3,12.0,9.3,1.7,1,5,180.0,317,0.0,,,,,0.00707,"[12.032, 9.076, 8.682, 9.317, 7.268]","[0.0, 0.0, 0.0, 0.0, 0.0]",,[],,[],,[],r9.2-frozen-identity-v7,41e3fc68dc25cb9078675952174e25dc73d2dd7e3a10342eec1e91af24e2f699,csv-binding-multiset-v1,2,160639e00d70ae26f536153ab8ab763e8416f759616deaa3c9354dca2793628c,,,,,,,,d469fb81abed135738f704ddf57de41e98939ca5bbb2509a18a42b807368aa35,1dd1196abdf2d40865f5b4bc27acd5317de9ef00443776c930991278501566aa,84611d18787ae81d7e9fa8ea2c2cf2319e90db0620f009a8ca19b85486a57c7a,59fb59a04cd20e6dec9ee47cf1de02734068a3328cade998a3fc44a746054ea8,a42a308bd2c5294f3aa79a1a3b15804d4137fd68d7677d9adc037e257a217e76,reified,writable,exploratory-base,exploratory-reified,41997fb8640d9e765a0272879a63548eb9bd46bbf6e49da02b7c924e506b94f7,95f85b19db76321fdab33c70bb05485617743f83e3c9c07ce9e365b03fd9b106,f9ff8d30db2db1840ca1585b5598b1cf4d1d06ac2adb86a55b430669507fabff,b38a65fc0c1a91e138f057f7b6c08d21c328463aceb40ffda53fc759f99d2f7a,bdd50c08a90e2fb713541b8a118df6250246a917edc41a6776aeafc90b472687,abc2e833fa67ad3b7b38040617f72bb0f60625d78cb41301feb1d9ab635c0a92,"pcm-meta-v2:{""protocol"":""r9.2-frozen-identity-v7"",""message"":"""",""cell_wall_ms"":923.655,""answer_kind"":""csv-binding-multiset-v1"",""answer_key_count"":2,""answer_fingerprint"":""160639e00d70ae26f536153ab8ab763e8416f759616deaa3c9354dca2793628c"",""c_parse_samples"":[0.0,0.0,0.0,0.0,0.0],""c_protocol_samples"":[],""construct_total_samples"":[],""construct_unattributed_samples"":[],""status"":""ok"",""status_evidence"":null,""construction_requested"":null,""construction_effective"":null,""commit"":""53437ec4699b3ccdb544ea926ab1b26db45d27c5"",""batch_id"":""41e3fc68dc25cb9078675952174e25dc73d2dd7e3a10342eec1e91af24e2f699"",""query_sha256"":""98fe99bb2a8bc2b3e41d8cc31e774d8a405b22eb745fbaefad8963b8e59922f4"",""engine"":""graphdb"",""engine_version"":""GraphDB (RDF4J) [engines.json profile]"",""scale"":""10M"",""base_endpoint_sha256"":""d469fb81abed135738f704ddf57de41e98939ca5bbb2509a18a42b807368aa35"",""reified_endpoint_sha256"":""1dd1196abdf2d40865f5b4bc27acd5317de9ef00443776c930991278501566aa"",""update_endpoint_sha256"":""84611d18787ae81d7e9fa8ea2c2cf2319e90db0620f009a8ca19b85486a57c7a"",""base_data_identity_sha256"":""59fb59a04cd20e6dec9ee47cf1de02734068a3328cade998a3fc44a746054ea8"",""reified_data_identity_sha256"":""a42a308bd2c5294f3aa79a1a3b15804d4137fd68d7677d9adc037e257a217e76"",""update_for"":""reified"",""access_mode"":""writable"",""base_data_name"":""exploratory-base"",""reified_data_name"":""exploratory-reified"",""update_canary_sha256"":""41997fb8640d9e765a0272879a63548eb9bd46bbf6e49da02b7c924e506b94f7"",""store_instance_sha256"":""95f85b19db76321fdab33c70bb05485617743f83e3c9c07ce9e365b03fd9b106"",""store_discriminator_sha256"":""f9ff8d30db2db1840ca1585b5598b1cf4d1d06ac2adb86a55b430669507fabff"",""tool_sha256"":""b38a65fc0c1a91e138f057f7b6c08d21c328463aceb40ffda53fc759f99d2f7a"",""java_runtime_sha256"":""bdd50c08a90e2fb713541b8a118df6250246a917edc41a6776aeafc90b472687"",""run_identity_sha256"":""abc2e833fa67ad3b7b38040617f72bb0f60625d78cb41301feb1d9ab635c0a92""}"
53437ec4699b3ccdb544ea926ab1b26db45d27c5,graphdb,GraphDB (RDF4J) [engines.json profile],10M,L,L1,00,98fe99bb2a8bc2b3e41d8cc31e774d8a405b22eb745fbaefad8963b8e59922f4,R,reification-only,ok,2,15.2,10.8,20.0,15.7,4.2,1,5,180.0,317,0.0,,,,,158.171113,"[20.01, 15.236, 19.929, 12.421, 10.813]","[0.0, 0.0, 0.0, 0.0, 0.0]",,[],,[],,[],r9.2-frozen-identity-v7,41e3fc68dc25cb9078675952174e25dc73d2dd7e3a10342eec1e91af24e2f699,csv-binding-multiset-v1,2,160639e00d70ae26f536153ab8ab763e8416f759616deaa3c9354dca2793628c,,,,,,,,d469fb81abed135738f704ddf57de41e98939ca5bbb2509a18a42b807368aa35,1dd1196abdf2d40865f5b4bc27acd5317de9ef00443776c930991278501566aa,84611d18787ae81d7e9fa8ea2c2cf2319e90db0620f009a8ca19b85486a57c7a,59fb59a04cd20e6dec9ee47cf1de02734068a3328cade998a3fc44a746054ea8,a42a308bd2c5294f3aa79a1a3b15804d4137fd68d7677d9adc037e257a217e76,reified,writable,exploratory-base,exploratory-reified,41997fb8640d9e765a0272879a63548eb9bd46bbf6e49da02b7c924e506b94f7,95f85b19db76321fdab33c70bb05485617743f83e3c9c07ce9e365b03fd9b106,f9ff8d30db2db1840ca1585b5598b1cf4d1d06ac2adb86a55b430669507fabff,b38a65fc0c1a91e138f057f7b6c08d21c328463aceb40ffda53fc759f99d2f7a,bdd50c08a90e2fb713541b8a118df6250246a917edc41a6776aeafc90b472687,abc2e833fa67ad3b7b38040617f72bb0f60625d78cb41301feb1d9ab635c0a92,"pcm-meta-v2:{""protocol"":""r9.2-frozen-identity-v7"",""message"":"""",""cell_wall_ms"":278.957,""answer_kind"":""csv-binding-multiset-v1"",""answer_key_count"":2,""answer_fingerprint"":""160639e00d70ae26f536153ab8ab763e8416f759616deaa3c9354dca2793628c"",""c_parse_samples"":[0.0,0.0,0.0,0.0,0.0],""c_protocol_samples"":[],""construct_total_samples"":[],""construct_unattributed_samples"":[],""status"":""ok"",""status_evidence"":null,""construction_requested"":null,""construction_effective"":null,""commit"":""53437ec4699b3ccdb544ea926ab1b26db45d27c5"",""batch_id"":""41e3fc68dc25cb9078675952174e25dc73d2dd7e3a10342eec1e91af24e2f699"",""query_sha256"":""98fe99bb2a8bc2b3e41d8cc31e774d8a405b22eb745fbaefad8963b8e59922f4"",""engine"":""graphdb"",""engine_version"":""GraphDB (RDF4J) [engines.json profile]"",""scale"":""10M"",""base_endpoint_sha256"":""d469fb81abed135738f704ddf57de41e98939ca5bbb2509a18a42b807368aa35"",""reified_endpoint_sha256"":""1dd1196abdf2d40865f5b4bc27acd5317de9ef00443776c930991278501566aa"",""update_endpoint_sha256"":""84611d18787ae81d7e9fa8ea2c2cf2319e90db0620f009a8ca19b85486a57c7a"",""base_data_identity_sha256"":""59fb59a04cd20e6dec9ee47cf1de02734068a3328cade998a3fc44a746054ea8"",""reified_data_identity_sha256"":""a42a308bd2c5294f3aa79a1a3b15804d4137fd68d7677d9adc037e257a217e76"",""update_for"":""reified"",""access_mode"":""writable"",""base_data_name"":""exploratory-base"",""reified_data_name"":""exploratory-reified"",""update_canary_sha256"":""41997fb8640d9e765a0272879a63548eb9bd46bbf6e49da02b7c924e506b94f7"",""store_instance_sha256"":""95f85b19db76321fdab33c70bb05485617743f83e3c9c07ce9e365b03fd9b106"",""store_discriminator_sha256"":""f9ff8d30db2db1840ca1585b5598b1cf4d1d06ac2adb86a55b430669507fabff"",""tool_sha256"":""b38a65fc0c1a91e138f057f7b6c08d21c328463aceb40ffda53fc759f99d2f7a"",""java_runtime_sha256"":""bdd50c08a90e2fb713541b8a118df6250246a917edc41a6776aeafc90b472687"",""run_identity_sha256"":""abc2e833fa67ad3b7b38040617f72bb0f60625d78cb41301feb1d9ab635c0a92""}"
53437ec4699b3ccdb544ea926ab1b26db45d27c5,graphdb,GraphDB (RDF4J) [engines.json profile],10M,L,L1,00,98fe99bb2a8bc2b3e41d8cc31e774d8a405b22eb745fbaefad8963b8e59922f4,N,N_clean (NPCS reimplementation),ok,2,27.6,22.4,28.7,26.2,2.8,1,5,180.0,449,0.0,,,,2,175.238879,"[28.741, 28.212, 27.64, 22.4, 24.045]","[0.0, 0.0, 0.0, 0.0, 0.0]",,[],,[],,[],r9.2-frozen-identity-v7,41e3fc68dc25cb9078675952174e25dc73d2dd7e3a10342eec1e91af24e2f699,csv-candidate-multiset-v1,2,160639e00d70ae26f536153ab8ab763e8416f759616deaa3c9354dca2793628c,,,,,,,,d469fb81abed135738f704ddf57de41e98939ca5bbb2509a18a42b807368aa35,1dd1196abdf2d40865f5b4bc27acd5317de9ef00443776c930991278501566aa,84611d18787ae81d7e9fa8ea2c2cf2319e90db0620f009a8ca19b85486a57c7a,59fb59a04cd20e6dec9ee47cf1de02734068a3328cade998a3fc44a746054ea8,a42a308bd2c5294f3aa79a1a3b15804d4137fd68d7677d9adc037e257a217e76,reified,writable,exploratory-base,exploratory-reified,41997fb8640d9e765a0272879a63548eb9bd46bbf6e49da02b7c924e506b94f7,95f85b19db76321fdab33c70bb05485617743f83e3c9c07ce9e365b03fd9b106,f9ff8d30db2db1840ca1585b5598b1cf4d1d06ac2adb86a55b430669507fabff,b38a65fc0c1a91e138f057f7b6c08d21c328463aceb40ffda53fc759f99d2f7a,bdd50c08a90e2fb713541b8a118df6250246a917edc41a6776aeafc90b472687,abc2e833fa67ad3b7b38040617f72bb0f60625d78cb41301feb1d9ab635c0a92,"pcm-meta-v2:{""protocol"":""r9.2-frozen-identity-v7"",""message"":"""",""cell_wall_ms"":384.143,""answer_kind"":""csv-candidate-multiset-v1"",""answer_key_count"":2,""answer_fingerprint"":""160639e00d70ae26f536153ab8ab763e8416f759616deaa3c9354dca2793628c"",""c_parse_samples"":[0.0,0.0,0.0,0.0,0.0],""c_protocol_samples"":[],""construct_total_samples"":[],""construct_unattributed_samples"":[],""status"":""ok"",""status_evidence"":null,""construction_requested"":null,""construction_effective"":null,""commit"":""53437ec4699b3ccdb544ea926ab1b26db45d27c5"",""batch_id"":""41e3fc68dc25cb9078675952174e25dc73d2dd7e3a10342eec1e91af24e2f699"",""query_sha256"":""98fe99bb2a8bc2b3e41d8cc31e774d8a405b22eb745fbaefad8963b8e59922f4"",""engine"":""graphdb"",""engine_version"":""GraphDB (RDF4J) [engines.json profile]"",""scale"":""10M"",""base_endpoint_sha256"":""d469fb81abed135738f704ddf57de41e98939ca5bbb2509a18a42b807368aa35"",""reified_endpoint_sha256"":""1dd1196abdf2d40865f5b4bc27acd5317de9ef00443776c930991278501566aa"",""update_endpoint_sha256"":""84611d18787ae81d7e9fa8ea2c2cf2319e90db0620f009a8ca19b85486a57c7a"",""base_data_identity_sha256"":""59fb59a04cd20e6dec9ee47cf1de02734068a3328cade998a3fc44a746054ea8"",""reified_data_identity_sha256"":""a42a308bd2c5294f3aa79a1a3b15804d4137fd68d7677d9adc037e257a217e76"",""update_for"":""reified"",""access_mode"":""writable"",""base_data_name"":""exploratory-base"",""reified_data_name"":""exploratory-reified"",""update_canary_sha256"":""41997fb8640d9e765a0272879a63548eb9bd46bbf6e49da02b7c924e506b94f7"",""store_instance_sha256"":""95f85b19db76321fdab33c70bb05485617743f83e3c9c07ce9e365b03fd9b106"",""store_discriminator_sha256"":""f9ff8d30db2db1840ca1585b5598b1cf4d1d06ac2adb86a55b430669507fabff"",""tool_sha256"":""b38a65fc0c1a91e138f057f7b6c08d21c328463aceb40ffda53fc759f99d2f7a"",""java_runtime_sha256"":""bdd50c08a90e2fb713541b8a118df6250246a917edc41a6776aeafc90b472687"",""run_identity_sha256"":""abc2e833fa67ad3b7b38040617f72bb0f60625d78cb41301feb1d9ab635c0a92""}"
53437ec4699b3ccdb544ea926ab1b26db45d27c5,graphdb,GraphDB (RDF4J) [engines.json profile],10M,L,L1,00,98fe99bb2a8bc2b3e41d8cc31e774d8a405b22eb745fbaefad8963b8e59922f4,C,SPARQLcirc CircuitRewriter,ok,2,64.0,46.6,87.0,66.6,15.5,1,5,180.0,4700,0.5,4,8,2,,377.432227,"[87.028, 76.105, 59.388, 63.987, 46.6]","[0.699, 0.638, 0.442, 0.448, 0.46]",0.0,"[0.0, 0.0, 0.0, 0.0, 0.0]",64.5,"[87.811, 76.825, 59.923, 64.479, 47.112]",0.1,"[0.084, 0.082, 0.093, 0.043, 0.052]",r9.2-frozen-identity-v7,41e3fc68dc25cb9078675952174e25dc73d2dd7e3a10342eec1e91af24e2f699,term-aware-candidate-set-v1,2,42ef01f7735339eac83ab7a48e7a34b16c4a162f17ab40998ffea7ba91a168ea,flat,flat,7353d7cf442ebb45156a47008f96753dd2804b35ccf9260eb5032dd5d8954f3f,,,,,d469fb81abed135738f704ddf57de41e98939ca5bbb2509a18a42b807368aa35,1dd1196abdf2d40865f5b4bc27acd5317de9ef00443776c930991278501566aa,84611d18787ae81d7e9fa8ea2c2cf2319e90db0620f009a8ca19b85486a57c7a,59fb59a04cd20e6dec9ee47cf1de02734068a3328cade998a3fc44a746054ea8,a42a308bd2c5294f3aa79a1a3b15804d4137fd68d7677d9adc037e257a217e76,reified,writable,exploratory-base,exploratory-reified,41997fb8640d9e765a0272879a63548eb9bd46bbf6e49da02b7c924e506b94f7,95f85b19db76321fdab33c70bb05485617743f83e3c9c07ce9e365b03fd9b106,f9ff8d30db2db1840ca1585b5598b1cf4d1d06ac2adb86a55b430669507fabff,b38a65fc0c1a91e138f057f7b6c08d21c328463aceb40ffda53fc759f99d2f7a,bdd50c08a90e2fb713541b8a118df6250246a917edc41a6776aeafc90b472687,abc2e833fa67ad3b7b38040617f72bb0f60625d78cb41301feb1d9ab635c0a92,"pcm-meta-v2:{""protocol"":""r9.2-frozen-identity-v7"",""message"":""C requested=flat effective=flat; steps=1 feedback=0; network includes CONSTRUCT, feedback INSERT, and cleanup DELETE"",""cell_wall_ms"":895.559,""answer_kind"":""term-aware-candidate-set-v1"",""answer_key_count"":2,""answer_fingerprint"":""42ef01f7735339eac83ab7a48e7a34b16c4a162f17ab40998ffea7ba91a168ea"",""c_parse_samples"":[0.699,0.638,0.442,0.448,0.46],""c_protocol_samples"":[{""requested_mode"":""flat"",""effective_mode"":""flat"",""fallback_reason"":null,""plan_steps"":1,""feedback_steps"":0,""feedback_triples"":0,""construct_query_ms"":87.028,""feedback_update_ms"":0.0,""cleanup_ms"":0.0,""client_protocol_ms"":0.0,""network_scope"":""construct+feedback+cleanup"",""circuit_sha256"":""7353d7cf442ebb45156a47008f96753dd2804b35ccf9260eb5032dd5d8954f3f"",""answer_fingerprint"":""42ef01f7735339eac83ab7a48e7a34b16c4a162f17ab40998ffea7ba91a168ea"",""semantic_signature_sha256"":""53d1dc2d6c72fd8564ca5f55bf3546285af99fd5faa2def9abeb1b9827f1c42e"",""structure_signature"":{""gates"":4,""edges"":8,""answers"":2,""derivations"":2,""canonical_bytes"":4700},""construct_total_ms"":87.811,""client_unattributed_ms"":0.084},{""requested_mode"":""flat"",""effective_mode"":""flat"",""fallback_reason"":null,""plan_steps"":1,""feedback_steps"":0,""feedback_triples"":0,""construct_query_ms"":76.105,""feedback_update_ms"":0.0,""cleanup_ms"":0.0,""client_protocol_ms"":0.0,""network_scope"":""construct+feedback+cleanup"",""circuit_sha256"":""7353d7cf442ebb45156a47008f96753dd2804b35ccf9260eb5032dd5d8954f3f"",""answer_fingerprint"":""42ef01f7735339eac83ab7a48e7a34b16c4a162f17ab40998ffea7ba91a168ea"",""semantic_signature_sha256"":""53d1dc2d6c72fd8564ca5f55bf3546285af99fd5faa2def9abeb1b9827f1c42e"",""structure_signature"":{""gates"":4,""edges"":8,""answers"":2,""derivations"":2,""canonical_bytes"":4700},""construct_total_ms"":76.825,""client_unattributed_ms"":0.082},{""requested_mode"":""flat"",""effective_mode"":""flat"",""fallback_reason"":null,""plan_steps"":1,""feedback_steps"":0,""feedback_triples"":0,""construct_query_ms"":59.388,""feedback_update_ms"":0.0,""cleanup_ms"":0.0,""client_protocol_ms"":0.0,""network_scope"":""construct+feedback+cleanup"",""circuit_sha256"":""7353d7cf442ebb45156a47008f96753dd2804b35ccf9260eb5032dd5d8954f3f"",""answer_fingerprint"":""42ef01f7735339eac83ab7a48e7a34b16c4a162f17ab40998ffea7ba91a168ea"",""semantic_signature_sha256"":""53d1dc2d6c72fd8564ca5f55bf3546285af99fd5faa2def9abeb1b9827f1c42e"",""structure_signature"":{""gates"":4,""edges"":8,""answers"":2,""derivations"":2,""canonical_bytes"":4700},""construct_total_ms"":59.923,""client_unattributed_ms"":0.093},{""requested_mode"":""flat"",""effective_mode"":""flat"",""fallback_reason"":null,""plan_steps"":1,""feedback_steps"":0,""feedback_triples"":0,""construct_query_ms"":63.987,""feedback_update_ms"":0.0,""cleanup_ms"":0.0,""client_protocol_ms"":0.0,""network_scope"":""construct+feedback+cleanup"",""circuit_sha256"":""7353d7cf442ebb45156a47008f96753dd2804b35ccf9260eb5032dd5d8954f3f"",""answer_fingerprint"":""42ef01f7735339eac83ab7a48e7a34b16c4a162f17ab40998ffea7ba91a168ea"",""semantic_signature_sha256"":""53d1dc2d6c72fd8564ca5f55bf3546285af99fd5faa2def9abeb1b9827f1c42e"",""structure_signature"":{""gates"":4,""edges"":8,""answers"":2,""derivations"":2,""canonical_bytes"":4700},""construct_total_ms"":64.479,""client_unattributed_ms"":0.043},{""requested_mode"":""flat"",""effective_mode"":""flat"",""fallback_reason"":null,""plan_steps"":1,""feedback_steps"":0,""feedback_triples"":0,""construct_query_ms"":46.6,""feedback_update_ms"":0.0,""cleanup_ms"":0.0,""client_protocol_ms"":0.0,""network_scope"":""construct+feedback+cleanup"",""circuit_sha256"":""7353d7cf442ebb45156a47008f96753dd2804b35ccf9260eb5032dd5d8954f3f"",""answer_fingerprint"":""42ef01f7735339eac83ab7a48e7a34b16c4a162f17ab40998ffea7ba91a168ea"",""semantic_signature_sha256"":""53d1dc2d6c72fd8564ca5f55bf3546285af99fd5faa2def9abeb1b9827f1c42e"",""structure_signature"":{""gates"":4,""edges"":8,""answers"":2,""derivations"":2,""canonical_bytes"":4700},""construct_total_ms"":47.112,""client_unattributed_ms"":0.052}],""construct_total_samples"":[87.811,76.825,59.923,64.479,47.112],""construct_unattributed_samples"":[0.084,0.082,0.093,0.043,0.052],""status"":""ok"",""status_evidence"":null,""c_warmup_signatures"":[""53d1dc2d6c72fd8564ca5f55bf3546285af99fd5faa2def9abeb1b9827f1c42e""],""measured_semantic_signature_sha256"":""53d1dc2d6c72fd8564ca5f55bf3546285af99fd5faa2def9abeb1b9827f1c42e"",""measured_repetitions_consistent"":true,""endpoint_lock"":{""wait_ms"":0.007,""lock_path"":""/tmp/sparqlcirc-r9-endpoint-locks-v7/95f85b19db76321fdab33c70bb05485617743f83e3c9c07ce9e365b03fd9b106.lock""},""construction_requested"":""flat"",""construction_effective"":""flat"",""commit"":""53437ec4699b3ccdb544ea926ab1b26db45d27c5"",""batch_id"":""41e3fc68dc25cb9078675952174e25dc73d2dd7e3a10342eec1e91af24e2f699"",""query_sha256"":""98fe99bb2a8bc2b3e41d8cc31e774d8a405b22eb745fbaefad8963b8e59922f4"",""engine"":""graphdb"",""engine_version"":""GraphDB (RDF4J) [engines.json profile]"",""scale"":""10M"",""base_endpoint_sha256"":""d469fb81abed135738f704ddf57de41e98939ca5bbb2509a18a42b807368aa35"",""reified_endpoint_sha256"":""1dd1196abdf2d40865f5b4bc27acd5317de9ef00443776c930991278501566aa"",""update_endpoint_sha256"":""84611d18787ae81d7e9fa8ea2c2cf2319e90db0620f009a8ca19b85486a57c7a"",""base_data_identity_sha256"":""59fb59a04cd20e6dec9ee47cf1de02734068a3328cade998a3fc44a746054ea8"",""reified_data_identity_sha256"":""a42a308bd2c5294f3aa79a1a3b15804d4137fd68d7677d9adc037e257a217e76"",""update_for"":""reified"",""access_mode"":""writable"",""base_data_name"":""exploratory-base"",""reified_data_name"":""exploratory-reified"",""update_canary_sha256"":""41997fb8640d9e765a0272879a63548eb9bd46bbf6e49da02b7c924e506b94f7"",""store_instance_sha256"":""95f85b19db76321fdab33c70bb05485617743f83e3c9c07ce9e365b03fd9b106"",""store_discriminator_sha256"":""f9ff8d30db2db1840ca1585b5598b1cf4d1d06ac2adb86a55b430669507fabff"",""tool_sha256"":""b38a65fc0c1a91e138f057f7b6c08d21c328463aceb40ffda53fc759f99d2f7a"",""java_runtime_sha256"":""bdd50c08a90e2fb713541b8a118df6250246a917edc41a6776aeafc90b472687"",""run_identity_sha256"":""abc2e833fa67ad3b7b38040617f72bb0f60625d78cb41301feb1d9ab635c0a92""}"
53437ec4699b3ccdb544ea926ab1b26db45d27c5,graphdb,GraphDB (RDF4J) [engines.json profile],10M,L,L2,00,64873fb3e0533f5e97269a846ba7be46358d4ae4e7b00ae160b34130e60e4ce6,B,base-select,ok,36,6.5,5.8,7.8,6.7,0.7,1,5,180.0,3316,0.0,,,,,0.007001,"[7.786, 6.852, 6.547, 5.838, 6.315]","[0.0, 0.0, 0.0, 0.0, 0.0]",,[],,[],,[],r9.2-frozen-identity-v7,41e3fc68dc25cb9078675952174e25dc73d2dd7e3a10342eec1e91af24e2f699,csv-binding-multiset-v1,36,801baee3d130dc6c721d07184d87923c627ef792708c9f03278ed1cfde1b43c9,,,,,,,,d469fb81abed135738f704ddf57de41e98939ca5bbb2509a18a42b807368aa35,1dd1196abdf2d40865f5b4bc27acd5317de9ef00443776c930991278501566aa,84611d18787ae81d7e9fa8ea2c2cf2319e90db0620f009a8ca19b85486a57c7a,59fb59a04cd20e6dec9ee47cf1de02734068a3328cade998a3fc44a746054ea8,a42a308bd2c5294f3aa79a1a3b15804d4137fd68d7677d9adc037e257a217e76,reified,writable,exploratory-base,exploratory-reified,41997fb8640d9e765a0272879a63548eb9bd46bbf6e49da02b7c924e506b94f7,95f85b19db76321fdab33c70bb05485617743f83e3c9c07ce9e365b03fd9b106,f9ff8d30db2db1840ca1585b5598b1cf4d1d06ac2adb86a55b430669507fabff,b38a65fc0c1a91e138f057f7b6c08d21c328463aceb40ffda53fc759f99d2f7a,bdd50c08a90e2fb713541b8a118df6250246a917edc41a6776aeafc90b472687,4411dba6eb8b4aa49a092037bcb92e78e2890132d39edf2a9814823ca7fc8063,"pcm-meta-v2:{""protocol"":""r9.2-frozen-identity-v7"",""message"":"""",""cell_wall_ms"":63.444,""answer_kind"":""csv-binding-multiset-v1"",""answer_key_count"":36,""answer_fingerprint"":""801baee3d130dc6c721d07184d87923c627ef792708c9f03278ed1cfde1b43c9"",""c_parse_samples"":[0.0,0.0,0.0,0.0,0.0],""c_protocol_samples"":[],""construct_total_samples"":[],""construct_unattributed_samples"":[],""status"":""ok"",""status_evidence"":null,""construction_requested"":null,""construction_effective"":null,""commit"":""53437ec4699b3ccdb544ea926ab1b26db45d27c5"",""batch_id"":""41e3fc68dc25cb9078675952174e25dc73d2dd7e3a10342eec1e91af24e2f699"",""query_sha256"":""64873fb3e0533f5e97269a846ba7be46358d4ae4e7b00ae160b34130e60e4ce6"",""engine"":""graphdb"",""engine_version"":""GraphDB (RDF4J) [engines.json profile]"",""scale"":""10M"",""base_endpoint_sha256"":""d469fb81abed135738f704ddf57de41e98939ca5bbb2509a18a42b807368aa35"",""reified_endpoint_sha256"":""1dd1196abdf2d40865f5b4bc27acd5317de9ef00443776c930991278501566aa"",""update_endpoint_sha256"":""84611d18787ae81d7e9fa8ea2c2cf2319e90db0620f009a8ca19b85486a57c7a"",""base_data_identity_sha256"":""59fb59a04cd20e6dec9ee47cf1de02734068a3328cade998a3fc44a746054ea8"",""reified_data_identity_sha256"":""a42a308bd2c5294f3aa79a1a3b15804d4137fd68d7677d9adc037e257a217e76"",""update_for"":""reified"",""access_mode"":""writable"",""base_data_name"":""exploratory-base"",""reified_data_name"":""exploratory-reified"",""update_canary_sha256"":""41997fb8640d9e765a0272879a63548eb9bd46bbf6e49da02b7c924e506b94f7"",""store_instance_sha256"":""95f85b19db76321fdab33c70bb05485617743f83e3c9c07ce9e365b03fd9b106"",""store_discriminator_sha256"":""f9ff8d30db2db1840ca1585b5598b1cf4d1d06ac2adb86a55b430669507fabff"",""tool_sha256"":""b38a65fc0c1a91e138f057f7b6c08d21c328463aceb40ffda53fc759f99d2f7a"",""java_runtime_sha256"":""bdd50c08a90e2fb713541b8a118df6250246a917edc41a6776aeafc90b472687"",""run_identity_sha256"":""4411dba6eb8b4aa49a092037bcb92e78e2890132d39edf2a9814823ca7fc8063""}"
53437ec4699b3ccdb544ea926ab1b26db45d27c5,graphdb,GraphDB (RDF4J) [engines.json profile],10M,L,L2,00,64873fb3e0533f5e97269a846ba7be46358d4ae4e7b00ae160b34130e60e4ce6,R,reification-only,ok,36,75.4,74.6,78.6,76.1,1.6,1,5,180.0,3316,0.0,,,,,133.703426,"[75.02, 76.784, 75.439, 74.579, 78.604]","[0.0, 0.0, 0.0, 0.0, 0.0]",,[],,[],,[],r9.2-frozen-identity-v7,41e3fc68dc25cb9078675952174e25dc73d2dd7e3a10342eec1e91af24e2f699,csv-binding-multiset-v1,36,801baee3d130dc6c721d07184d87923c627ef792708c9f03278ed1cfde1b43c9,,,,,,,,d469fb81abed135738f704ddf57de41e98939ca5bbb2509a18a42b807368aa35,1dd1196abdf2d40865f5b4bc27acd5317de9ef00443776c930991278501566aa,84611d18787ae81d7e9fa8ea2c2cf2319e90db0620f009a8ca19b85486a57c7a,59fb59a04cd20e6dec9ee47cf1de02734068a3328cade998a3fc44a746054ea8,a42a308bd2c5294f3aa79a1a3b15804d4137fd68d7677d9adc037e257a217e76,reified,writable,exploratory-base,exploratory-reified,41997fb8640d9e765a0272879a63548eb9bd46bbf6e49da02b7c924e506b94f7,95f85b19db76321fdab33c70bb05485617743f83e3c9c07ce9e365b03fd9b106,f9ff8d30db2db1840ca1585b5598b1cf4d1d06ac2adb86a55b430669507fabff,b38a65fc0c1a91e138f057f7b6c08d21c328463aceb40ffda53fc759f99d2f7a,bdd50c08a90e2fb713541b8a118df6250246a917edc41a6776aeafc90b472687,4411dba6eb8b4aa49a092037bcb92e78e2890132d39edf2a9814823ca7fc8063,"pcm-meta-v2:{""protocol"":""r9.2-frozen-identity-v7"",""message"":"""",""cell_wall_ms"":709.79,""answer_kind"":""csv-binding-multiset-v1"",""answer_key_count"":36,""answer_fingerprint"":""801baee3d130dc6c721d07184d87923c627ef792708c9f03278ed1cfde1b43c9"",""c_parse_samples"":[0.0,0.0,0.0,0.0,0.0],""c_protocol_samples"":[],""construct_total_samples"":[],""construct_unattributed_samples"":[],""status"":""ok"",""status_evidence"":null,""construction_requested"":null,""construction_effective"":null,""commit"":""53437ec4699b3ccdb544ea926ab1b26db45d27c5"",""batch_id"":""41e3fc68dc25cb9078675952174e25dc73d2dd7e3a10342eec1e91af24e2f699"",""query_sha256"":""64873fb3e0533f5e97269a846ba7be46358d4ae4e7b00ae160b34130e60e4ce6"",""engine"":""graphdb"",""engine_version"":""GraphDB (RDF4J) [engines.json profile]"",""scale"":""10M"",""base_endpoint_sha256"":""d469fb81abed135738f704ddf57de41e98939ca5bbb2509a18a42b807368aa35"",""reified_endpoint_sha256"":""1dd1196abdf2d40865f5b4bc27acd5317de9ef00443776c930991278501566aa"",""update_endpoint_sha256"":""84611d18787ae81d7e9fa8ea2c2cf2319e90db0620f009a8ca19b85486a57c7a"",""base_data_identity_sha256"":""59fb59a04cd20e6dec9ee47cf1de02734068a3328cade998a3fc44a746054ea8"",""reified_data_identity_sha256"":""a42a308bd2c5294f3aa79a1a3b15804d4137fd68d7677d9adc037e257a217e76"",""update_for"":""reified"",""access_mode"":""writable"",""base_data_name"":""exploratory-base"",""reified_data_name"":""exploratory-reified"",""update_canary_sha256"":""41997fb8640d9e765a0272879a63548eb9bd46bbf6e49da02b7c924e506b94f7"",""store_instance_sha256"":""95f85b19db76321fdab33c70bb05485617743f83e3c9c07ce9e365b03fd9b106"",""store_discriminator_sha256"":""f9ff8d30db2db1840ca1585b5598b1cf4d1d06ac2adb86a55b430669507fabff"",""tool_sha256"":""b38a65fc0c1a91e138f057f7b6c08d21c328463aceb40ffda53fc759f99d2f7a"",""java_runtime_sha256"":""bdd50c08a90e2fb713541b8a118df6250246a917edc41a6776aeafc90b472687"",""run_identity_sha256"":""4411dba6eb8b4aa49a092037bcb92e78e2890132d39edf2a9814823ca7fc8063""}"
53437ec4699b3ccdb544ea926ab1b26db45d27c5,graphdb,GraphDB (RDF4J) [engines.json profile],10M,L,L2,00,64873fb3e0533f5e97269a846ba7be46358d4ae4e7b00ae160b34130e60e4ce6,N,N_clean (NPCS reimplementation),ok,36,400.6,393.2,474.3,415.6,33.4,1,5,180.0,5108,0.0,,,,36,178.405409,"[393.205, 409.775, 399.852, 474.318, 400.624]","[0.0, 0.0, 0.0, 0.0, 0.0]",,[],,[],,[],r9.2-frozen-identity-v7,41e3fc68dc25cb9078675952174e25dc73d2dd7e3a10342eec1e91af24e2f699,csv-candidate-multiset-v1,36,801baee3d130dc6c721d07184d87923c627ef792708c9f03278ed1cfde1b43c9,,,,,,,,d469fb81abed135738f704ddf57de41e98939ca5bbb2509a18a42b807368aa35,1dd1196abdf2d40865f5b4bc27acd5317de9ef00443776c930991278501566aa,84611d18787ae81d7e9fa8ea2c2cf2319e90db0620f009a8ca19b85486a57c7a,59fb59a04cd20e6dec9ee47cf1de02734068a3328cade998a3fc44a746054ea8,a42a308bd2c5294f3aa79a1a3b15804d4137fd68d7677d9adc037e257a217e76,reified,writable,exploratory-base,exploratory-reified,41997fb8640d9e765a0272879a63548eb9bd46bbf6e49da02b7c924e506b94f7,95f85b19db76321fdab33c70bb05485617743f83e3c9c07ce9e365b03fd9b106,f9ff8d30db2db1840ca1585b5598b1cf4d1d06ac2adb86a55b430669507fabff,b38a65fc0c1a91e138f057f7b6c08d21c328463aceb40ffda53fc759f99d2f7a,bdd50c08a90e2fb713541b8a118df6250246a917edc41a6776aeafc90b472687,4411dba6eb8b4aa49a092037bcb92e78e2890132d39edf2a9814823ca7fc8063,"pcm-meta-v2:{""protocol"":""r9.2-frozen-identity-v7"",""message"":"""",""cell_wall_ms"":2697.386,""answer_kind"":""csv-candidate-multiset-v1"",""answer_key_count"":36,""answer_fingerprint"":""801baee3d130dc6c721d07184d87923c627ef792708c9f03278ed1cfde1b43c9"",""c_parse_samples"":[0.0,0.0,0.0,0.0,0.0],""c_protocol_samples"":[],""construct_total_samples"":[],""construct_unattributed_samples"":[],""status"":""ok"",""status_evidence"":null,""construction_requested"":null,""construction_effective"":null,""commit"":""53437ec4699b3ccdb544ea926ab1b26db45d27c5"",""batch_id"":""41e3fc68dc25cb9078675952174e25dc73d2dd7e3a10342eec1e91af24e2f699"",""query_sha256"":""64873fb3e0533f5e97269a846ba7be46358d4ae4e7b00ae160b34130e60e4ce6"",""engine"":""graphdb"",""engine_version"":""GraphDB (RDF4J) [engines.json profile]"",""scale"":""10M"",""base_endpoint_sha256"":""d469fb81abed135738f704ddf57de41e98939ca5bbb2509a18a42b807368aa35"",""reified_endpoint_sha256"":""1dd1196abdf2d40865f5b4bc27acd5317de9ef00443776c930991278501566aa"",""update_endpoint_sha256"":""84611d18787ae81d7e9fa8ea2c2cf2319e90db0620f009a8ca19b85486a57c7a"",""base_data_identity_sha256"":""59fb59a04cd20e6dec9ee47cf1de02734068a3328cade998a3fc44a746054ea8"",""reified_data_identity_sha256"":""a42a308bd2c5294f3aa79a1a3b15804d4137fd68d7677d9adc037e257a217e76"",""update_for"":""reified"",""access_mode"":""writable"",""base_data_name"":""exploratory-base"",""reified_data_name"":""exploratory-reified"",""update_canary_sha256"":""41997fb8640d9e765a0272879a63548eb9bd46bbf6e49da02b7c924e506b94f7"",""store_instance_sha256"":""95f85b19db76321fdab33c70bb05485617743f83e3c9c07ce9e365b03fd9b106"",""store_discriminator_sha256"":""f9ff8d30db2db1840ca1585b5598b1cf4d1d06ac2adb86a55b430669507fabff"",""tool_sha256"":""b38a65fc0c1a91e138f057f7b6c08d21c328463aceb40ffda53fc759f99d2f7a"",""java_runtime_sha256"":""bdd50c08a90e2fb713541b8a118df6250246a917edc41a6776aeafc90b472687"",""run_identity_sha256"":""4411dba6eb8b4aa49a092037bcb92e78e2890132d39edf2a9814823ca7fc8063""}"
53437ec4699b3ccdb544ea926ab1b26db45d27c5,graphdb,GraphDB (RDF4J) [engines.json profile],10M,L,L2,00,64873fb3e0533f5e97269a846ba7be46358d4ae4e7b00ae160b34130e60e4ce6,C,SPARQLcirc CircuitRewriter,ok,36,1934.4,1924.0,1962.7,1937.6,15.8,1,5,180.0,66202,5.5,72,144,36,,352.934937,"[1924.016, 1962.682, 1925.017, 1934.426, 1942.101]","[5.658, 5.36, 5.533, 5.508, 5.33]",0.0,"[0.0, 0.0, 0.0, 0.0, 0.0]",1940.0,"[1929.763, 1968.136, 1930.652, 1940.042, 1947.516]",0.1,"[0.089, 0.094, 0.102, 0.108, 0.084]",r9.2-frozen-identity-v7,41e3fc68dc25cb9078675952174e25dc73d2dd7e3a10342eec1e91af24e2f699,term-aware-candidate-set-v1,36,edb7dc69f50cbbff114ed0c0b032df84ebecc8f4a58267a6721dbc57d2e36004,flat,flat,3030a8f99499e464097645a47e5d2f1f934e35ca0b981bca5e89fb8c3ce43bca,,,,,d469fb81abed135738f704ddf57de41e98939ca5bbb2509a18a42b807368aa35,1dd1196abdf2d40865f5b4bc27acd5317de9ef00443776c930991278501566aa,84611d18787ae81d7e9fa8ea2c2cf2319e90db0620f009a8ca19b85486a57c7a,59fb59a04cd20e6dec9ee47cf1de02734068a3328cade998a3fc44a746054ea8,a42a308bd2c5294f3aa79a1a3b15804d4137fd68d7677d9adc037e257a217e76,reified,writable,exploratory-base,exploratory-reified,41997fb8640d9e765a0272879a63548eb9bd46bbf6e49da02b7c924e506b94f7,95f85b19db76321fdab33c70bb05485617743f83e3c9c07ce9e365b03fd9b106,f9ff8d30db2db1840ca1585b5598b1cf4d1d06ac2adb86a55b430669507fabff,b38a65fc0c1a91e138f057f7b6c08d21c328463aceb40ffda53fc759f99d2f7a,bdd50c08a90e2fb713541b8a118df6250246a917edc41a6776aeafc90b472687,4411dba6eb8b4aa49a092037bcb92e78e2890132d39edf2a9814823ca7fc8063,"pcm-meta-v2:{""protocol"":""r9.2-frozen-identity-v7"",""message"":""C requested=flat effective=flat; steps=1 feedback=0; network includes CONSTRUCT, feedback INSERT, and cleanup DELETE"",""cell_wall_ms"":12081.183,""answer_kind"":""term-aware-candidate-set-v1"",""answer_key_count"":36,""answer_fingerprint"":""edb7dc69f50cbbff114ed0c0b032df84ebecc8f4a58267a6721dbc57d2e36004"",""c_parse_samples"":[5.658,5.36,5.533,5.508,5.33],""c_protocol_samples"":[{""requested_mode"":""flat"",""effective_mode"":""flat"",""fallback_reason"":null,""plan_steps"":1,""feedback_steps"":0,""feedback_triples"":0,""construct_query_ms"":1924.016,""feedback_update_ms"":0.0,""cleanup_ms"":0.0,""client_protocol_ms"":0.0,""network_scope"":""construct+feedback+cleanup"",""circuit_sha256"":""3030a8f99499e464097645a47e5d2f1f934e35ca0b981bca5e89fb8c3ce43bca"",""answer_fingerprint"":""edb7dc69f50cbbff114ed0c0b032df84ebecc8f4a58267a6721dbc57d2e36004"",""semantic_signature_sha256"":""3e732b119edd8bc7e50e993d356cb94ff1ea890319ffd82758a33fd2be105a69"",""structure_signature"":{""gates"":72,""edges"":144,""answers"":36,""derivations"":36,""canonical_bytes"":66202},""construct_total_ms"":1929.763,""client_unattributed_ms"":0.089},{""requested_mode"":""flat"",""effective_mode"":""flat"",""fallback_reason"":null,""plan_steps"":1,""feedback_steps"":0,""feedback_triples"":0,""construct_query_ms"":1962.682,""feedback_update_ms"":0.0,""cleanup_ms"":0.0,""client_protocol_ms"":0.0,""network_scope"":""construct+feedback+cleanup"",""circuit_sha256"":""3030a8f99499e464097645a47e5d2f1f934e35ca0b981bca5e89fb8c3ce43bca"",""answer_fingerprint"":""edb7dc69f50cbbff114ed0c0b032df84ebecc8f4a58267a6721dbc57d2e36004"",""semantic_signature_sha256"":""3e732b119edd8bc7e50e993d356cb94ff1ea890319ffd82758a33fd2be105a69"",""structure_signature"":{""gates"":72,""edges"":144,""answers"":36,""derivations"":36,""canonical_bytes"":66202},""construct_total_ms"":1968.136,""client_unattributed_ms"":0.094},{""requested_mode"":""flat"",""effective_mode"":""flat"",""fallback_reason"":null,""plan_steps"":1,""feedback_steps"":0,""feedback_triples"":0,""construct_query_ms"":1925.017,""feedback_update_ms"":0.0,""cleanup_ms"":0.0,""client_protocol_ms"":0.0,""network_scope"":""construct+feedback+cleanup"",""circuit_sha256"":""3030a8f99499e464097645a47e5d2f1f934e35ca0b981bca5e89fb8c3ce43bca"",""answer_fingerprint"":""edb7dc69f50cbbff114ed0c0b032df84ebecc8f4a58267a6721dbc57d2e36004"",""semantic_signature_sha256"":""3e732b119edd8bc7e50e993d356cb94ff1ea890319ffd82758a33fd2be105a69"",""structure_signature"":{""gates"":72,""edges"":144,""answers"":36,""derivations"":36,""canonical_bytes"":66202},""construct_total_ms"":1930.652,""client_unattributed_ms"":0.102},{""requested_mode"":""flat"",""effective_mode"":""flat"",""fallback_reason"":null,""plan_steps"":1,""feedback_steps"":0,""feedback_triples"":0,""construct_query_ms"":1934.426,""feedback_update_ms"":0.0,""cleanup_ms"":0.0,""client_protocol_ms"":0.0,""network_scope"":""construct+feedback+cleanup"",""circuit_sha256"":""3030a8f99499e464097645a47e5d2f1f934e35ca0b981bca5e89fb8c3ce43bca"",""answer_fingerprint"":""edb7dc69f50cbbff114ed0c0b032df84ebecc8f4a58267a6721dbc57d2e36004"",""semantic_signature_sha256"":""3e732b119edd8bc7e50e993d356cb94ff1ea890319ffd82758a33fd2be105a69"",""structure_signature"":{""gates"":72,""edges"":144,""answers"":36,""derivations"":36,""canonical_bytes"":66202},""construct_total_ms"":1940.042,""client_unattributed_ms"":0.108},{""requested_mode"":""flat"",""effective_mode"":""flat"",""fallback_reason"":null,""plan_steps"":1,""feedback_steps"":0,""feedback_triples"":0,""construct_query_ms"":1942.101,""feedback_update_ms"":0.0,""cleanup_ms"":0.0,""client_protocol_ms"":0.0,""network_scope"":""construct+feedback+cleanup"",""circuit_sha256"":""3030a8f99499e464097645a47e5d2f1f934e35ca0b981bca5e89fb8c3ce43bca"",""answer_fingerprint"":""edb7dc69f50cbbff114ed0c0b032df84ebecc8f4a58267a6721dbc57d2e36004"",""semantic_signature_sha256"":""3e732b119edd8bc7e50e993d356cb94ff1ea890319ffd82758a33fd2be105a69"",""structure_signature"":{""gates"":72,""edges"":144,""answers"":36,""derivations"":36,""canonical_bytes"":66202},""construct_total_ms"":1947.516,""client_unattributed_ms"":0.084}],""construct_total_samples"":[1929.763,1968.136,1930.652,1940.042,1947.516],""construct_unattributed_samples"":[0.089,0.094,0.102,0.108,0.084],""status"":""ok"",""status_evidence"":null,""c_warmup_signatures"":[""3e732b119edd8bc7e50e993d356cb94ff1ea890319ffd82758a33fd2be105a69""],""measured_semantic_signature_sha256"":""3e732b119edd8bc7e50e993d356cb94ff1ea890319ffd82758a33fd2be105a69"",""measured_repetitions_consistent"":true,""endpoint_lock"":{""wait_ms"":0.006,""lock_path"":""/tmp/sparqlcirc-r9-endpoint-locks-v7/95f85b19db76321fdab33c70bb05485617743f83e3c9c07ce9e365b03fd9b106.lock""},""construction_requested"":""flat"",""construction_effective"":""flat"",""commit"":""53437ec4699b3ccdb544ea926ab1b26db45d27c5"",""batch_id"":""41e3fc68dc25cb9078675952174e25dc73d2dd7e3a10342eec1e91af24e2f699"",""query_sha256"":""64873fb3e0533f5e97269a846ba7be46358d4ae4e7b00ae160b34130e60e4ce6"",""engine"":""graphdb"",""engine_version"":""GraphDB (RDF4J) [engines.json profile]"",""scale"":""10M"",""base_endpoint_sha256"":""d469fb81abed135738f704ddf57de41e98939ca5bbb2509a18a42b807368aa35"",""reified_endpoint_sha256"":""1dd1196abdf2d40865f5b4bc27acd5317de9ef00443776c930991278501566aa"",""update_endpoint_sha256"":""84611d18787ae81d7e9fa8ea2c2cf2319e90db0620f009a8ca19b85486a57c7a"",""base_data_identity_sha256"":""59fb59a04cd20e6dec9ee47cf1de02734068a3328cade998a3fc44a746054ea8"",""reified_data_identity_sha256"":""a42a308bd2c5294f3aa79a1a3b15804d4137fd68d7677d9adc037e257a217e76"",""update_for"":""reified"",""access_mode"":""writable"",""base_data_name"":""exploratory-base"",""reified_data_name"":""exploratory-reified"",""update_canary_sha256"":""41997fb8640d9e765a0272879a63548eb9bd46bbf6e49da02b7c924e506b94f7"",""store_instance_sha256"":""95f85b19db76321fdab33c70bb05485617743f83e3c9c07ce9e365b03fd9b106"",""store_discriminator_sha256"":""f9ff8d30db2db1840ca1585b5598b1cf4d1d06ac2adb86a55b430669507fabff"",""tool_sha256"":""b38a65fc0c1a91e138f057f7b6c08d21c328463aceb40ffda53fc759f99d2f7a"",""java_runtime_sha256"":""bdd50c08a90e2fb713541b8a118df6250246a917edc41a6776aeafc90b472687"",""run_identity_sha256"":""4411dba6eb8b4aa49a092037bcb92e78e2890132d39edf2a9814823ca7fc8063""}"
53437ec4699b3ccdb544ea926ab1b26db45d27c5,graphdb,GraphDB (RDF4J) [engines.json profile],10M,L,L3,00,6e68c33e9b346995ea7cedfa79c5123b2290df112a813135a2d0753aa4f34a04,B,base-select,ok,49,4.2,4.0,5.8,4.5,0.7,1,5,180.0,2307,0.0,,,,,0.00696,"[4.224, 4.015, 4.188, 5.792, 4.383]","[0.0, 0.0, 0.0, 0.0, 0.0]",,[],,[],,[],r9.2-frozen-identity-v7,41e3fc68dc25cb9078675952174e25dc73d2dd7e3a10342eec1e91af24e2f699,csv-binding-multiset-v1,49,79e5f43d3a0dc693468abb25a79bc8c5ebba0bf956852d5b7e229d13ca46c7e7,,,,,,,,d469fb81abed135738f704ddf57de41e98939ca5bbb2509a18a42b807368aa35,1dd1196abdf2d40865f5b4bc27acd5317de9ef00443776c930991278501566aa,84611d18787ae81d7e9fa8ea2c2cf2319e90db0620f009a8ca19b85486a57c7a,59fb59a04cd20e6dec9ee47cf1de02734068a3328cade998a3fc44a746054ea8,a42a308bd2c5294f3aa79a1a3b15804d4137fd68d7677d9adc037e257a217e76,reified,writable,exploratory-base,exploratory-reified,41997fb8640d9e765a0272879a63548eb9bd46bbf6e49da02b7c924e506b94f7,95f85b19db76321fdab33c70bb05485617743f83e3c9c07ce9e365b03fd9b106,f9ff8d30db2db1840ca1585b5598b1cf4d1d06ac2adb86a55b430669507fabff,b38a65fc0c1a91e138f057f7b6c08d21c328463aceb40ffda53fc759f99d2f7a,bdd50c08a90e2fb713541b8a118df6250246a917edc41a6776aeafc90b472687,0c0a44503ac39f85ce8737aad946e63f5726e4de775141fa12b9aba4d726afd2,"pcm-meta-v2:{""protocol"":""r9.2-frozen-identity-v7"",""message"":"""",""cell_wall_ms"":34.252,""answer_kind"":""csv-binding-multiset-v1"",""answer_key_count"":49,""answer_fingerprint"":""79e5f43d3a0dc693468abb25a79bc8c5ebba0bf956852d5b7e229d13ca46c7e7"",""c_parse_samples"":[0.0,0.0,0.0,0.0,0.0],""c_protocol_samples"":[],""construct_total_samples"":[],""construct_unattributed_samples"":[],""status"":""ok"",""status_evidence"":null,""construction_requested"":null,""construction_effective"":null,""commit"":""53437ec4699b3ccdb544ea926ab1b26db45d27c5"",""batch_id"":""41e3fc68dc25cb9078675952174e25dc73d2dd7e3a10342eec1e91af24e2f699"",""query_sha256"":""6e68c33e9b346995ea7cedfa79c5123b2290df112a813135a2d0753aa4f34a04"",""engine"":""graphdb"",""engine_version"":""GraphDB (RDF4J) [engines.json profile]"",""scale"":""10M"",""base_endpoint_sha256"":""d469fb81abed135738f704ddf57de41e98939ca5bbb2509a18a42b807368aa35"",""reified_endpoint_sha256"":""1dd1196abdf2d40865f5b4bc27acd5317de9ef00443776c930991278501566aa"",""update_endpoint_sha256"":""84611d18787ae81d7e9fa8ea2c2cf2319e90db0620f009a8ca19b85486a57c7a"",""base_data_identity_sha256"":""59fb59a04cd20e6dec9ee47cf1de02734068a3328cade998a3fc44a746054ea8"",""reified_data_identity_sha256"":""a42a308bd2c5294f3aa79a1a3b15804d4137fd68d7677d9adc037e257a217e76"",""update_for"":""reified"",""access_mode"":""writable"",""base_data_name"":""exploratory-base"",""reified_data_name"":""exploratory-reified"",""update_canary_sha256"":""41997fb8640d9e765a0272879a63548eb9bd46bbf6e49da02b7c924e506b94f7"",""store_instance_sha256"":""95f85b19db76321fdab33c70bb05485617743f83e3c9c07ce9e365b03fd9b106"",""store_discriminator_sha256"":""f9ff8d30db2db1840ca1585b5598b1cf4d1d06ac2adb86a55b430669507fabff"",""tool_sha256"":""b38a65fc0c1a91e138f057f7b6c08d21c328463aceb40ffda53fc759f99d2f7a"",""java_runtime_sha256"":""bdd50c08a90e2fb713541b8a118df6250246a917edc41a6776aeafc90b472687"",""run_identity_sha256"":""0c0a44503ac39f85ce8737aad946e63f5726e4de775141fa12b9aba4d726afd2""}"
53437ec4699b3ccdb544ea926ab1b26db45d27c5,graphdb,GraphDB (RDF4J) [engines.json profile],10M,L,L3,00,6e68c33e9b346995ea7cedfa79c5123b2290df112a813135a2d0753aa4f34a04,R,reification-only,ok,49,6.5,4.3,6.7,6.1,1.0,1,5,180.0,2307,0.0,,,,,128.605331,"[6.158, 4.334, 6.692, 6.647, 6.506]","[0.0, 0.0, 0.0, 0.0, 0.0]",,[],,[],,[],r9.2-frozen-identity-v7,41e3fc68dc25cb9078675952174e25dc73d2dd7e3a10342eec1e91af24e2f699,csv-binding-multiset-v1,49,79e5f43d3a0dc693468abb25a79bc8c5ebba0bf956852d5b7e229d13ca46c7e7,,,,,,,,d469fb81abed135738f704ddf57de41e98939ca5bbb2509a18a42b807368aa35,1dd1196abdf2d40865f5b4bc27acd5317de9ef00443776c930991278501566aa,84611d18787ae81d7e9fa8ea2c2cf2319e90db0620f009a8ca19b85486a57c7a,59fb59a04cd20e6dec9ee47cf1de02734068a3328cade998a3fc44a746054ea8,a42a308bd2c5294f3aa79a1a3b15804d4137fd68d7677d9adc037e257a217e76,reified,writable,exploratory-base,exploratory-reified,41997fb8640d9e765a0272879a63548eb9bd46bbf6e49da02b7c924e506b94f7,95f85b19db76321fdab33c70bb05485617743f83e3c9c07ce9e365b03fd9b106,f9ff8d30db2db1840ca1585b5598b1cf4d1d06ac2adb86a55b430669507fabff,b38a65fc0c1a91e138f057f7b6c08d21c328463aceb40ffda53fc759f99d2f7a,bdd50c08a90e2fb713541b8a118df6250246a917edc41a6776aeafc90b472687,0c0a44503ac39f85ce8737aad946e63f5726e4de775141fa12b9aba4d726afd2,"pcm-meta-v2:{""protocol"":""r9.2-frozen-identity-v7"",""message"":"""",""cell_wall_ms"":175.964,""answer_kind"":""csv-binding-multiset-v1"",""answer_key_count"":49,""answer_fingerprint"":""79e5f43d3a0dc693468abb25a79bc8c5ebba0bf956852d5b7e229d13ca46c7e7"",""c_parse_samples"":[0.0,0.0,0.0,0.0,0.0],""c_protocol_samples"":[],""construct_total_samples"":[],""construct_unattributed_samples"":[],""status"":""ok"",""status_evidence"":null,""construction_requested"":null,""construction_effective"":null,""commit"":""53437ec4699b3ccdb544ea926ab1b26db45d27c5"",""batch_id"":""41e3fc68dc25cb9078675952174e25dc73d2dd7e3a10342eec1e91af24e2f699"",""query_sha256"":""6e68c33e9b346995ea7cedfa79c5123b2290df112a813135a2d0753aa4f34a04"",""engine"":""graphdb"",""engine_version"":""GraphDB (RDF4J) [engines.json profile]"",""scale"":""10M"",""base_endpoint_sha256"":""d469fb81abed135738f704ddf57de41e98939ca5bbb2509a18a42b807368aa35"",""reified_endpoint_sha256"":""1dd1196abdf2d40865f5b4bc27acd5317de9ef00443776c930991278501566aa"",""update_endpoint_sha256"":""84611d18787ae81d7e9fa8ea2c2cf2319e90db0620f009a8ca19b85486a57c7a"",""base_data_identity_sha256"":""59fb59a04cd20e6dec9ee47cf1de02734068a3328cade998a3fc44a746054ea8"",""reified_data_identity_sha256"":""a42a308bd2c5294f3aa79a1a3b15804d4137fd68d7677d9adc037e257a217e76"",""update_for"":""reified"",""access_mode"":""writable"",""base_data_name"":""exploratory-base"",""reified_data_name"":""exploratory-reified"",""update_canary_sha256"":""41997fb8640d9e765a0272879a63548eb9bd46bbf6e49da02b7c924e506b94f7"",""store_instance_sha256"":""95f85b19db76321fdab33c70bb05485617743f83e3c9c07ce9e365b03fd9b106"",""store_discriminator_sha256"":""f9ff8d30db2db1840ca1585b5598b1cf4d1d06ac2adb86a55b430669507fabff"",""tool_sha256"":""b38a65fc0c1a91e138f057f7b6c08d21c328463aceb40ffda53fc759f99d2f7a"",""java_runtime_sha256"":""bdd50c08a90e2fb713541b8a118df6250246a917edc41a6776aeafc90b472687"",""run_identity_sha256"":""0c0a44503ac39f85ce8737aad946e63f5726e4de775141fa12b9aba4d726afd2""}"
53437ec4699b3ccdb544ea926ab1b26db45d27c5,graphdb,GraphDB (RDF4J) [engines.json profile],10M,L,L3,00,6e68c33e9b346995ea7cedfa79c5123b2290df112a813135a2d0753aa4f34a04,N,N_clean (NPCS reimplementation),ok,5,10.9,9.0,11.7,10.5,1.1,1,5,180.0,1964,0.0,,,,49,178.441765,"[11.66, 11.451, 10.904, 9.678, 9.023]","[0.0, 0.0, 0.0, 0.0, 0.0]",,[],,[],,[],r9.2-frozen-identity-v7,41e3fc68dc25cb9078675952174e25dc73d2dd7e3a10342eec1e91af24e2f699,csv-candidate-multiset-v1,5,a2d4be24eb7c67a51b4767b6353a60fd94a3880a83d70b9b3dd571cd636a733a,,,,,,,,d469fb81abed135738f704ddf57de41e98939ca5bbb2509a18a42b807368aa35,1dd1196abdf2d40865f5b4bc27acd5317de9ef00443776c930991278501566aa,84611d18787ae81d7e9fa8ea2c2cf2319e90db0620f009a8ca19b85486a57c7a,59fb59a04cd20e6dec9ee47cf1de02734068a3328cade998a3fc44a746054ea8,a42a308bd2c5294f3aa79a1a3b15804d4137fd68d7677d9adc037e257a217e76,reified,writable,exploratory-base,exploratory-reified,41997fb8640d9e765a0272879a63548eb9bd46bbf6e49da02b7c924e506b94f7,95f85b19db76321fdab33c70bb05485617743f83e3c9c07ce9e365b03fd9b106,f9ff8d30db2db1840ca1585b5598b1cf4d1d06ac2adb86a55b430669507fabff,b38a65fc0c1a91e138f057f7b6c08d21c328463aceb40ffda53fc759f99d2f7a,bdd50c08a90e2fb713541b8a118df6250246a917edc41a6776aeafc90b472687,0c0a44503ac39f85ce8737aad946e63f5726e4de775141fa12b9aba4d726afd2,"pcm-meta-v2:{""protocol"":""r9.2-frozen-identity-v7"",""message"":"""",""cell_wall_ms"":252.108,""answer_kind"":""csv-candidate-multiset-v1"",""answer_key_count"":5,""answer_fingerprint"":""a2d4be24eb7c67a51b4767b6353a60fd94a3880a83d70b9b3dd571cd636a733a"",""c_parse_samples"":[0.0,0.0,0.0,0.0,0.0],""c_protocol_samples"":[],""construct_total_samples"":[],""construct_unattributed_samples"":[],""status"":""ok"",""status_evidence"":null,""construction_requested"":null,""construction_effective"":null,""commit"":""53437ec4699b3ccdb544ea926ab1b26db45d27c5"",""batch_id"":""41e3fc68dc25cb9078675952174e25dc73d2dd7e3a10342eec1e91af24e2f699"",""query_sha256"":""6e68c33e9b346995ea7cedfa79c5123b2290df112a813135a2d0753aa4f34a04"",""engine"":""graphdb"",""engine_version"":""GraphDB (RDF4J) [engines.json profile]"",""scale"":""10M"",""base_endpoint_sha256"":""d469fb81abed135738f704ddf57de41e98939ca5bbb2509a18a42b807368aa35"",""reified_endpoint_sha256"":""1dd1196abdf2d40865f5b4bc27acd5317de9ef00443776c930991278501566aa"",""update_endpoint_sha256"":""84611d18787ae81d7e9fa8ea2c2cf2319e90db0620f009a8ca19b85486a57c7a"",""base_data_identity_sha256"":""59fb59a04cd20e6dec9ee47cf1de02734068a3328cade998a3fc44a746054ea8"",""reified_data_identity_sha256"":""a42a308bd2c5294f3aa79a1a3b15804d4137fd68d7677d9adc037e257a217e76"",""update_for"":""reified"",""access_mode"":""writable"",""base_data_name"":""exploratory-base"",""reified_data_name"":""exploratory-reified"",""update_canary_sha256"":""41997fb8640d9e765a0272879a63548eb9bd46bbf6e49da02b7c924e506b94f7"",""store_instance_sha256"":""95f85b19db76321fdab33c70bb05485617743f83e3c9c07ce9e365b03fd9b106"",""store_discriminator_sha256"":""f9ff8d30db2db1840ca1585b5598b1cf4d1d06ac2adb86a55b430669507fabff"",""tool_sha256"":""b38a65fc0c1a91e138f057f7b6c08d21c328463aceb40ffda53fc759f99d2f7a"",""java_runtime_sha256"":""bdd50c08a90e2fb713541b8a118df6250246a917edc41a6776aeafc90b472687"",""run_identity_sha256"":""0c0a44503ac39f85ce8737aad946e63f5726e4de775141fa12b9aba4d726afd2""}"
53437ec4699b3ccdb544ea926ab1b26db45d27c5,graphdb,GraphDB (RDF4J) [engines.json profile],10M,L,L3,00,6e68c33e9b346995ea7cedfa79c5123b2290df112a813135a2d0753aa4f34a04,C,SPARQLcirc CircuitRewriter,ok,5,28.5,27.9,30.1,28.8,0.8,1,5,180.0,30026,2.5,54,147,49,,345.179903,"[30.142, 27.897, 28.491, 28.536, 28.797]","[2.467, 2.456, 2.45, 2.742, 2.458]",0.0,"[0.0, 0.0, 0.0, 0.0, 0.0]",31.3,"[32.658, 30.397, 30.987, 31.321, 31.312]",0.0,"[0.05, 0.045, 0.046, 0.043, 0.057]",r9.2-frozen-identity-v7,41e3fc68dc25cb9078675952174e25dc73d2dd7e3a10342eec1e91af24e2f699,term-aware-candidate-set-v1,5,a587c3b8ef3ba4a8fadbbb1b70c19208446bdfed53a0f375006b0356dcab6a4f,flat,flat,f094b1f05bddea2aba94f061ace2fa9358f555b60b754ad078c3dfc0a51edecc,,,,,d469fb81abed135738f704ddf57de41e98939ca5bbb2509a18a42b807368aa35,1dd1196abdf2d40865f5b4bc27acd5317de9ef00443776c930991278501566aa,84611d18787ae81d7e9fa8ea2c2cf2319e90db0620f009a8ca19b85486a57c7a,59fb59a04cd20e6dec9ee47cf1de02734068a3328cade998a3fc44a746054ea8,a42a308bd2c5294f3aa79a1a3b15804d4137fd68d7677d9adc037e257a217e76,reified,writable,exploratory-base,exploratory-reified,41997fb8640d9e765a0272879a63548eb9bd46bbf6e49da02b7c924e506b94f7,95f85b19db76321fdab33c70bb05485617743f83e3c9c07ce9e365b03fd9b106,f9ff8d30db2db1840ca1585b5598b1cf4d1d06ac2adb86a55b430669507fabff,b38a65fc0c1a91e138f057f7b6c08d21c328463aceb40ffda53fc759f99d2f7a,bdd50c08a90e2fb713541b8a118df6250246a917edc41a6776aeafc90b472687,0c0a44503ac39f85ce8737aad946e63f5726e4de775141fa12b9aba4d726afd2,"pcm-meta-v2:{""protocol"":""r9.2-frozen-identity-v7"",""message"":""C requested=flat effective=flat; steps=1 feedback=0; network includes CONSTRUCT, feedback INSERT, and cleanup DELETE"",""cell_wall_ms"":539.222,""answer_kind"":""term-aware-candidate-set-v1"",""answer_key_count"":5,""answer_fingerprint"":""a587c3b8ef3ba4a8fadbbb1b70c19208446bdfed53a0f375006b0356dcab6a4f"",""c_parse_samples"":[2.467,2.456,2.45,2.742,2.458],""c_protocol_samples"":[{""requested_mode"":""flat"",""effective_mode"":""flat"",""fallback_reason"":null,""plan_steps"":1,""feedback_steps"":0,""feedback_triples"":0,""construct_query_ms"":30.142,""feedback_update_ms"":0.0,""cleanup_ms"":0.0,""client_protocol_ms"":0.0,""network_scope"":""construct+feedback+cleanup"",""circuit_sha256"":""f094b1f05bddea2aba94f061ace2fa9358f555b60b754ad078c3dfc0a51edecc"",""answer_fingerprint"":""a587c3b8ef3ba4a8fadbbb1b70c19208446bdfed53a0f375006b0356dcab6a4f"",""semantic_signature_sha256"":""04f9f926b94c16df3c483e5577ec1f2b4fd27f087d5cb74cc667bacc56d119e0"",""structure_signature"":{""gates"":54,""edges"":147,""answers"":5,""derivations"":49,""canonical_bytes"":30026},""construct_total_ms"":32.658,""client_unattributed_ms"":0.05},{""requested_mode"":""flat"",""effective_mode"":""flat"",""fallback_reason"":null,""plan_steps"":1,""feedback_steps"":0,""feedback_triples"":0,""construct_query_ms"":27.897,""feedback_update_ms"":0.0,""cleanup_ms"":0.0,""client_protocol_ms"":0.0,""network_scope"":""construct+feedback+cleanup"",""circuit_sha256"":""f094b1f05bddea2aba94f061ace2fa9358f555b60b754ad078c3dfc0a51edecc"",""answer_fingerprint"":""a587c3b8ef3ba4a8fadbbb1b70c19208446bdfed53a0f375006b0356dcab6a4f"",""semantic_signature_sha256"":""04f9f926b94c16df3c483e5577ec1f2b4fd27f087d5cb74cc667bacc56d119e0"",""structure_signature"":{""gates"":54,""edges"":147,""answers"":5,""derivations"":49,""canonical_bytes"":30026},""construct_total_ms"":30.397,""client_unattributed_ms"":0.045},{""requested_mode"":""flat"",""effective_mode"":""flat"",""fallback_reason"":null,""plan_steps"":1,""feedback_steps"":0,""feedback_triples"":0,""construct_query_ms"":28.491,""feedback_update_ms"":0.0,""cleanup_ms"":0.0,""client_protocol_ms"":0.0,""network_scope"":""construct+feedback+cleanup"",""circuit_sha256"":""f094b1f05bddea2aba94f061ace2fa9358f555b60b754ad078c3dfc0a51edecc"",""answer_fingerprint"":""a587c3b8ef3ba4a8fadbbb1b70c19208446bdfed53a0f375006b0356dcab6a4f"",""semantic_signature_sha256"":""04f9f926b94c16df3c483e5577ec1f2b4fd27f087d5cb74cc667bacc56d119e0"",""structure_signature"":{""gates"":54,""edges"":147,""answers"":5,""derivations"":49,""canonical_bytes"":30026},""construct_total_ms"":30.987,""client_unattributed_ms"":0.046},{""requested_mode"":""flat"",""effective_mode"":""flat"",""fallback_reason"":null,""plan_steps"":1,""feedback_steps"":0,""feedback_triples"":0,""construct_query_ms"":28.536,""feedback_update_ms"":0.0,""cleanup_ms"":0.0,""client_protocol_ms"":0.0,""network_scope"":""construct+feedback+cleanup"",""circuit_sha256"":""f094b1f05bddea2aba94f061ace2fa9358f555b60b754ad078c3dfc0a51edecc"",""answer_fingerprint"":""a587c3b8ef3ba4a8fadbbb1b70c19208446bdfed53a0f375006b0356dcab6a4f"",""semantic_signature_sha256"":""04f9f926b94c16df3c483e5577ec1f2b4fd27f087d5cb74cc667bacc56d119e0"",""structure_signature"":{""gates"":54,""edges"":147,""answers"":5,""derivations"":49,""canonical_bytes"":30026},""construct_total_ms"":31.321,""client_unattributed_ms"":0.043},{""requested_mode"":""flat"",""effective_mode"":""flat"",""fallback_reason"":null,""plan_steps"":1,""feedback_steps"":0,""feedback_triples"":0,""construct_query_ms"":28.797,""feedback_update_ms"":0.0,""cleanup_ms"":0.0,""client_protocol_ms"":0.0,""network_scope"":""construct+feedback+cleanup"",""circuit_sha256"":""f094b1f05bddea2aba94f061ace2fa9358f555b60b754ad078c3dfc0a51edecc"",""answer_fingerprint"":""a587c3b8ef3ba4a8fadbbb1b70c19208446bdfed53a0f375006b0356dcab6a4f"",""semantic_signature_sha256"":""04f9f926b94c16df3c483e5577ec1f2b4fd27f087d5cb74cc667bacc56d119e0"",""structure_signature"":{""gates"":54,""edges"":147,""answers"":5,""derivations"":49,""canonical_bytes"":30026},""construct_total_ms"":31.312,""client_unattributed_ms"":0.057}],""construct_total_samples"":[32.658,30.397,30.987,31.321,31.312],""construct_unattributed_samples"":[0.05,0.045,0.046,0.043,0.057],""status"":""ok"",""status_evidence"":null,""c_warmup_signatures"":[""04f9f926b94c16df3c483e5577ec1f2b4fd27f087d5cb74cc667bacc56d119e0""],""measured_semantic_signature_sha256"":""04f9f926b94c16df3c483e5577ec1f2b4fd27f087d5cb74cc667bacc56d119e0"",""measured_repetitions_consistent"":true,""endpoint_lock"":{""wait_ms"":0.007,""lock_path"":""/tmp/sparqlcirc-r9-endpoint-locks-v7/95f85b19db76321fdab33c70bb05485617743f83e3c9c07ce9e365b03fd9b106.lock""},""construction_requested"":""flat"",""construction_effective"":""flat"",""commit"":""53437ec4699b3ccdb544ea926ab1b26db45d27c5"",""batch_id"":""41e3fc68dc25cb9078675952174e25dc73d2dd7e3a10342eec1e91af24e2f699"",""query_sha256"":""6e68c33e9b346995ea7cedfa79c5123b2290df112a813135a2d0753aa4f34a04"",""engine"":""graphdb"",""engine_version"":""GraphDB (RDF4J) [engines.json profile]"",""scale"":""10M"",""base_endpoint_sha256"":""d469fb81abed135738f704ddf57de41e98939ca5bbb2509a18a42b807368aa35"",""reified_endpoint_sha256"":""1dd1196abdf2d40865f5b4bc27acd5317de9ef00443776c930991278501566aa"",""update_endpoint_sha256"":""84611d18787ae81d7e9fa8ea2c2cf2319e90db0620f009a8ca19b85486a57c7a"",""base_data_identity_sha256"":""59fb59a04cd20e6dec9ee47cf1de02734068a3328cade998a3fc44a746054ea8"",""reified_data_identity_sha256"":""a42a308bd2c5294f3aa79a1a3b15804d4137fd68d7677d9adc037e257a217e76"",""update_for"":""reified"",""access_mode"":""writable"",""base_data_name"":""exploratory-base"",""reified_data_name"":""exploratory-reified"",""update_canary_sha256"":""41997fb8640d9e765a0272879a63548eb9bd46bbf6e49da02b7c924e506b94f7"",""store_instance_sha256"":""95f85b19db76321fdab33c70bb05485617743f83e3c9c07ce9e365b03fd9b106"",""store_discriminator_sha256"":""f9ff8d30db2db1840ca1585b5598b1cf4d1d06ac2adb86a55b430669507fabff"",""tool_sha256"":""b38a65fc0c1a91e138f057f7b6c08d21c328463aceb40ffda53fc759f99d2f7a"",""java_runtime_sha256"":""bdd50c08a90e2fb713541b8a118df6250246a917edc41a6776aeafc90b472687"",""run_identity_sha256"":""0c0a44503ac39f85ce8737aad946e63f5726e4de775141fa12b9aba4d726afd2""}"
53437ec4699b3ccdb544ea926ab1b26db45d27c5,graphdb,GraphDB (RDF4J) [engines.json profile],10M,L,L4,00,6a5c40f28fc1efcf93f4f8de194ff48179bad43fdcace9ac6f264dd26c62dadf,B,base-select,ok,29,4.5,2.8,4.7,3.9,0.9,1,5,180.0,4805,0.0,,,,,0.00693,"[4.737, 4.456, 2.98, 2.815, 4.596]","[0.0, 0.0, 0.0, 0.0, 0.0]",,[],,[],,[],r9.2-frozen-identity-v7,41e3fc68dc25cb9078675952174e25dc73d2dd7e3a10342eec1e91af24e2f699,csv-binding-multiset-v1,29,8e314f95a3a1da4fdf0e29bac225a8c70a1b3b4597ad613c768c9024d0198a8e,,,,,,,,d469fb81abed135738f704ddf57de41e98939ca5bbb2509a18a42b807368aa35,1dd1196abdf2d40865f5b4bc27acd5317de9ef00443776c930991278501566aa,84611d18787ae81d7e9fa8ea2c2cf2319e90db0620f009a8ca19b85486a57c7a,59fb59a04cd20e6dec9ee47cf1de02734068a3328cade998a3fc44a746054ea8,a42a308bd2c5294f3aa79a1a3b15804d4137fd68d7677d9adc037e257a217e76,reified,writable,exploratory-base,exploratory-reified,41997fb8640d9e765a0272879a63548eb9bd46bbf6e49da02b7c924e506b94f7,95f85b19db76321fdab33c70bb05485617743f83e3c9c07ce9e365b03fd9b106,f9ff8d30db2db1840ca1585b5598b1cf4d1d06ac2adb86a55b430669507fabff,b38a65fc0c1a91e138f057f7b6c08d21c328463aceb40ffda53fc759f99d2f7a,bdd50c08a90e2fb713541b8a118df6250246a917edc41a6776aeafc90b472687,820eb789536543b48516bee9672c32f1ce3fe6a88e83d46dedd701f257d0795b,"pcm-meta-v2:{""protocol"":""r9.2-frozen-identity-v7"",""message"":"""",""cell_wall_ms"":50.815,""answer_kind"":""csv-binding-multiset-v1"",""answer_key_count"":29,""answer_fingerprint"":""8e314f95a3a1da4fdf0e29bac225a8c70a1b3b4597ad613c768c9024d0198a8e"",""c_parse_samples"":[0.0,0.0,0.0,0.0,0.0],""c_protocol_samples"":[],""construct_total_samples"":[],""construct_unattributed_samples"":[],""status"":""ok"",""status_evidence"":null,""construction_requested"":null,""construction_effective"":null,""commit"":""53437ec4699b3ccdb544ea926ab1b26db45d27c5"",""batch_id"":""41e3fc68dc25cb9078675952174e25dc73d2dd7e3a10342eec1e91af24e2f699"",""query_sha256"":""6a5c40f28fc1efcf93f4f8de194ff48179bad43fdcace9ac6f264dd26c62dadf"",""engine"":""graphdb"",""engine_version"":""GraphDB (RDF4J) [engines.json profile]"",""scale"":""10M"",""base_endpoint_sha256"":""d469fb81abed135738f704ddf57de41e98939ca5bbb2509a18a42b807368aa35"",""reified_endpoint_sha256"":""1dd1196abdf2d40865f5b4bc27acd5317de9ef00443776c930991278501566aa"",""update_endpoint_sha256"":""84611d18787ae81d7e9fa8ea2c2cf2319e90db0620f009a8ca19b85486a57c7a"",""base_data_identity_sha256"":""59fb59a04cd20e6dec9ee47cf1de02734068a3328cade998a3fc44a746054ea8"",""reified_data_identity_sha256"":""a42a308bd2c5294f3aa79a1a3b15804d4137fd68d7677d9adc037e257a217e76"",""update_for"":""reified"",""access_mode"":""writable"",""base_data_name"":""exploratory-base"",""reified_data_name"":""exploratory-reified"",""update_canary_sha256"":""41997fb8640d9e765a0272879a63548eb9bd46bbf6e49da02b7c924e506b94f7"",""store_instance_sha256"":""95f85b19db76321fdab33c70bb05485617743f83e3c9c07ce9e365b03fd9b106"",""store_discriminator_sha256"":""f9ff8d30db2db1840ca1585b5598b1cf4d1d06ac2adb86a55b430669507fabff"",""tool_sha256"":""b38a65fc0c1a91e138f057f7b6c08d21c328463aceb40ffda53fc759f99d2f7a"",""java_runtime_sha256"":""bdd50c08a90e2fb713541b8a118df6250246a917edc41a6776aeafc90b472687"",""run_identity_sha256"":""820eb789536543b48516bee9672c32f1ce3fe6a88e83d46dedd701f257d0795b""}"
53437ec4699b3ccdb544ea926ab1b26db45d27c5,graphdb,GraphDB (RDF4J) [engines.json profile],10M,L,L4,00,6a5c40f28fc1efcf93f4f8de194ff48179bad43fdcace9ac6f264dd26c62dadf,R,reification-only,ok,29,11.8,11.7,12.2,11.9,0.3,1,5,180.0,4805,0.0,,,,,127.95149,"[11.678, 11.748, 12.152, 11.787, 12.234]","[0.0, 0.0, 0.0, 0.0, 0.0]",,[],,[],,[],r9.2-frozen-identity-v7,41e3fc68dc25cb9078675952174e25dc73d2dd7e3a10342eec1e91af24e2f699,csv-binding-multiset-v1,29,8e314f95a3a1da4fdf0e29bac225a8c70a1b3b4597ad613c768c9024d0198a8e,,,,,,,,d469fb81abed135738f704ddf57de41e98939ca5bbb2509a18a42b807368aa35,1dd1196abdf2d40865f5b4bc27acd5317de9ef00443776c930991278501566aa,84611d18787ae81d7e9fa8ea2c2cf2319e90db0620f009a8ca19b85486a57c7a,59fb59a04cd20e6dec9ee47cf1de02734068a3328cade998a3fc44a746054ea8,a42a308bd2c5294f3aa79a1a3b15804d4137fd68d7677d9adc037e257a217e76,reified,writable,exploratory-base,exploratory-reified,41997fb8640d9e765a0272879a63548eb9bd46bbf6e49da02b7c924e506b94f7,95f85b19db76321fdab33c70bb05485617743f83e3c9c07ce9e365b03fd9b106,f9ff8d30db2db1840ca1585b5598b1cf4d1d06ac2adb86a55b430669507fabff,b38a65fc0c1a91e138f057f7b6c08d21c328463aceb40ffda53fc759f99d2f7a,bdd50c08a90e2fb713541b8a118df6250246a917edc41a6776aeafc90b472687,820eb789536543b48516bee9672c32f1ce3fe6a88e83d46dedd701f257d0795b,"pcm-meta-v2:{""protocol"":""r9.2-frozen-identity-v7"",""message"":"""",""cell_wall_ms"":224.147,""answer_kind"":""csv-binding-multiset-v1"",""answer_key_count"":29,""answer_fingerprint"":""8e314f95a3a1da4fdf0e29bac225a8c70a1b3b4597ad613c768c9024d0198a8e"",""c_parse_samples"":[0.0,0.0,0.0,0.0,0.0],""c_protocol_samples"":[],""construct_total_samples"":[],""construct_unattributed_samples"":[],""status"":""ok"",""status_evidence"":null,""construction_requested"":null,""construction_effective"":null,""commit"":""53437ec4699b3ccdb544ea926ab1b26db45d27c5"",""batch_id"":""41e3fc68dc25cb9078675952174e25dc73d2dd7e3a10342eec1e91af24e2f699"",""query_sha256"":""6a5c40f28fc1efcf93f4f8de194ff48179bad43fdcace9ac6f264dd26c62dadf"",""engine"":""graphdb"",""engine_version"":""GraphDB (RDF4J) [engines.json profile]"",""scale"":""10M"",""base_endpoint_sha256"":""d469fb81abed135738f704ddf57de41e98939ca5bbb2509a18a42b807368aa35"",""reified_endpoint_sha256"":""1dd1196abdf2d40865f5b4bc27acd5317de9ef00443776c930991278501566aa"",""update_endpoint_sha256"":""84611d18787ae81d7e9fa8ea2c2cf2319e90db0620f009a8ca19b85486a57c7a"",""base_data_identity_sha256"":""59fb59a04cd20e6dec9ee47cf1de02734068a3328cade998a3fc44a746054ea8"",""reified_data_identity_sha256"":""a42a308bd2c5294f3aa79a1a3b15804d4137fd68d7677d9adc037e257a217e76"",""update_for"":""reified"",""access_mode"":""writable"",""base_data_name"":""exploratory-base"",""reified_data_name"":""exploratory-reified"",""update_canary_sha256"":""41997fb8640d9e765a0272879a63548eb9bd46bbf6e49da02b7c924e506b94f7"",""store_instance_sha256"":""95f85b19db76321fdab33c70bb05485617743f83e3c9c07ce9e365b03fd9b106"",""store_discriminator_sha256"":""f9ff8d30db2db1840ca1585b5598b1cf4d1d06ac2adb86a55b430669507fabff"",""tool_sha256"":""b38a65fc0c1a91e138f057f7b6c08d21c328463aceb40ffda53fc759f99d2f7a"",""java_runtime_sha256"":""bdd50c08a90e2fb713541b8a118df6250246a917edc41a6776aeafc90b472687"",""run_identity_sha256"":""820eb789536543b48516bee9672c32f1ce3fe6a88e83d46dedd701f257d0795b""}"
53437ec4699b3ccdb544ea926ab1b26db45d27c5,graphdb,GraphDB (RDF4J) [engines.json profile],10M,L,L4,00,6a5c40f28fc1efcf93f4f8de194ff48179bad43fdcace9ac6f264dd26c62dadf,N,N_clean (NPCS reimplementation),ok,29,44.2,43.9,44.7,44.3,0.3,1,5,180.0,5974,0.0,,,,29,176.872,"[44.499, 43.983, 44.653, 44.207, 43.944]","[0.0, 0.0, 0.0, 0.0, 0.0]",,[],,[],,[],r9.2-frozen-identity-v7,41e3fc68dc25cb9078675952174e25dc73d2dd7e3a10342eec1e91af24e2f699,csv-candidate-multiset-v1,29,8e314f95a3a1da4fdf0e29bac225a8c70a1b3b4597ad613c768c9024d0198a8e,,,,,,,,d469fb81abed135738f704ddf57de41e98939ca5bbb2509a18a42b807368aa35,1dd1196abdf2d40865f5b4bc27acd5317de9ef00443776c930991278501566aa,84611d18787ae81d7e9fa8ea2c2cf2319e90db0620f009a8ca19b85486a57c7a,59fb59a04cd20e6dec9ee47cf1de02734068a3328cade998a3fc44a746054ea8,a42a308bd2c5294f3aa79a1a3b15804d4137fd68d7677d9adc037e257a217e76,reified,writable,exploratory-base,exploratory-reified,41997fb8640d9e765a0272879a63548eb9bd46bbf6e49da02b7c924e506b94f7,95f85b19db76321fdab33c70bb05485617743f83e3c9c07ce9e365b03fd9b106,f9ff8d30db2db1840ca1585b5598b1cf4d1d06ac2adb86a55b430669507fabff,b38a65fc0c1a91e138f057f7b6c08d21c328463aceb40ffda53fc759f99d2f7a,bdd50c08a90e2fb713541b8a118df6250246a917edc41a6776aeafc90b472687,820eb789536543b48516bee9672c32f1ce3fe6a88e83d46dedd701f257d0795b,"pcm-meta-v2:{""protocol"":""r9.2-frozen-identity-v7"",""message"":"""",""cell_wall_ms"":461.701,""answer_kind"":""csv-candidate-multiset-v1"",""answer_key_count"":29,""answer_fingerprint"":""8e314f95a3a1da4fdf0e29bac225a8c70a1b3b4597ad613c768c9024d0198a8e"",""c_parse_samples"":[0.0,0.0,0.0,0.0,0.0],""c_protocol_samples"":[],""construct_total_samples"":[],""construct_unattributed_samples"":[],""status"":""ok"",""status_evidence"":null,""construction_requested"":null,""construction_effective"":null,""commit"":""53437ec4699b3ccdb544ea926ab1b26db45d27c5"",""batch_id"":""41e3fc68dc25cb9078675952174e25dc73d2dd7e3a10342eec1e91af24e2f699"",""query_sha256"":""6a5c40f28fc1efcf93f4f8de194ff48179bad43fdcace9ac6f264dd26c62dadf"",""engine"":""graphdb"",""engine_version"":""GraphDB (RDF4J) [engines.json profile]"",""scale"":""10M"",""base_endpoint_sha256"":""d469fb81abed135738f704ddf57de41e98939ca5bbb2509a18a42b807368aa35"",""reified_endpoint_sha256"":""1dd1196abdf2d40865f5b4bc27acd5317de9ef00443776c930991278501566aa"",""update_endpoint_sha256"":""84611d18787ae81d7e9fa8ea2c2cf2319e90db0620f009a8ca19b85486a57c7a"",""base_data_identity_sha256"":""59fb59a04cd20e6dec9ee47cf1de02734068a3328cade998a3fc44a746054ea8"",""reified_data_identity_sha256"":""a42a308bd2c5294f3aa79a1a3b15804d4137fd68d7677d9adc037e257a217e76"",""update_for"":""reified"",""access_mode"":""writable"",""base_data_name"":""exploratory-base"",""reified_data_name"":""exploratory-reified"",""update_canary_sha256"":""41997fb8640d9e765a0272879a63548eb9bd46bbf6e49da02b7c924e506b94f7"",""store_instance_sha256"":""95f85b19db76321fdab33c70bb05485617743f83e3c9c07ce9e365b03fd9b106"",""store_discriminator_sha256"":""f9ff8d30db2db1840ca1585b5598b1cf4d1d06ac2adb86a55b430669507fabff"",""tool_sha256"":""b38a65fc0c1a91e138f057f7b6c08d21c328463aceb40ffda53fc759f99d2f7a"",""java_runtime_sha256"":""bdd50c08a90e2fb713541b8a118df6250246a917edc41a6776aeafc90b472687"",""run_identity_sha256"":""820eb789536543b48516bee9672c32f1ce3fe6a88e83d46dedd701f257d0795b""}"
53437ec4699b3ccdb544ea926ab1b26db45d27c5,graphdb,GraphDB (RDF4J) [engines.json profile],10M,L,L4,00,6a5c40f28fc1efcf93f4f8de194ff48179bad43fdcace9ac6f264dd26c62dadf,C,SPARQLcirc CircuitRewriter,ok,29,141.8,138.2,142.7,141.1,1.7,1,5,180.0,54531,4.5,58,87,29,,360.255213,"[141.881, 141.826, 142.673, 140.903, 138.234]","[4.321, 4.429, 4.622, 4.495, 4.564]",0.0,"[0.0, 0.0, 0.0, 0.0, 0.0]",146.3,"[146.276, 146.322, 147.37, 145.449, 142.856]",0.1,"[0.074, 0.066, 0.075, 0.05, 0.058]",r9.2-frozen-identity-v7,41e3fc68dc25cb9078675952174e25dc73d2dd7e3a10342eec1e91af24e2f699,term-aware-candidate-set-v1,29,83e6802522ac81e6f6bd1117188c9b5a244507ef0829840c5066c9ce37fb3257,flat,flat,e4151634c891810c23ae18b5bf98a39442ae6058422268a3e91f51ae679a0392,,,,,d469fb81abed135738f704ddf57de41e98939ca5bbb2509a18a42b807368aa35,1dd1196abdf2d40865f5b4bc27acd5317de9ef00443776c930991278501566aa,84611d18787ae81d7e9fa8ea2c2cf2319e90db0620f009a8ca19b85486a57c7a,59fb59a04cd20e6dec9ee47cf1de02734068a3328cade998a3fc44a746054ea8,a42a308bd2c5294f3aa79a1a3b15804d4137fd68d7677d9adc037e257a217e76,reified,writable,exploratory-base,exploratory-reified,41997fb8640d9e765a0272879a63548eb9bd46bbf6e49da02b7c924e506b94f7,95f85b19db76321fdab33c70bb05485617743f83e3c9c07ce9e365b03fd9b106,f9ff8d30db2db1840ca1585b5598b1cf4d1d06ac2adb86a55b430669507fabff,b38a65fc0c1a91e138f057f7b6c08d21c328463aceb40ffda53fc759f99d2f7a,bdd50c08a90e2fb713541b8a118df6250246a917edc41a6776aeafc90b472687,820eb789536543b48516bee9672c32f1ce3fe6a88e83d46dedd701f257d0795b,"pcm-meta-v2:{""protocol"":""r9.2-frozen-identity-v7"",""message"":""C requested=flat effective=flat; steps=1 feedback=0; network includes CONSTRUCT, feedback INSERT, and cleanup DELETE"",""cell_wall_ms"":1242.844,""answer_kind"":""term-aware-candidate-set-v1"",""answer_key_count"":29,""answer_fingerprint"":""83e6802522ac81e6f6bd1117188c9b5a244507ef0829840c5066c9ce37fb3257"",""c_parse_samples"":[4.321,4.429,4.622,4.495,4.564],""c_protocol_samples"":[{""requested_mode"":""flat"",""effective_mode"":""flat"",""fallback_reason"":null,""plan_steps"":1,""feedback_steps"":0,""feedback_triples"":0,""construct_query_ms"":141.881,""feedback_update_ms"":0.0,""cleanup_ms"":0.0,""client_protocol_ms"":0.0,""network_scope"":""construct+feedback+cleanup"",""circuit_sha256"":""e4151634c891810c23ae18b5bf98a39442ae6058422268a3e91f51ae679a0392"",""answer_fingerprint"":""83e6802522ac81e6f6bd1117188c9b5a244507ef0829840c5066c9ce37fb3257"",""semantic_signature_sha256"":""42e54cdd2c1f4cfa8a7c9784e3e89d9fffe0fa52082d7d672fd809996698e4d5"",""structure_signature"":{""gates"":58,""edges"":87,""answers"":29,""derivations"":29,""canonical_bytes"":54531},""construct_total_ms"":146.276,""client_unattributed_ms"":0.074},{""requested_mode"":""flat"",""effective_mode"":""flat"",""fallback_reason"":null,""plan_steps"":1,""feedback_steps"":0,""feedback_triples"":0,""construct_query_ms"":141.826,""feedback_update_ms"":0.0,""cleanup_ms"":0.0,""client_protocol_ms"":0.0,""network_scope"":""construct+feedback+cleanup"",""circuit_sha256"":""e4151634c891810c23ae18b5bf98a39442ae6058422268a3e91f51ae679a0392"",""answer_fingerprint"":""83e6802522ac81e6f6bd1117188c9b5a244507ef0829840c5066c9ce37fb3257"",""semantic_signature_sha256"":""42e54cdd2c1f4cfa8a7c9784e3e89d9fffe0fa52082d7d672fd809996698e4d5"",""structure_signature"":{""gates"":58,""edges"":87,""answers"":29,""derivations"":29,""canonical_bytes"":54531},""construct_total_ms"":146.322,""client_unattributed_ms"":0.066},{""requested_mode"":""flat"",""effective_mode"":""flat"",""fallback_reason"":null,""plan_steps"":1,""feedback_steps"":0,""feedback_triples"":0,""construct_query_ms"":142.673,""feedback_update_ms"":0.0,""cleanup_ms"":0.0,""client_protocol_ms"":0.0,""network_scope"":""construct+feedback+cleanup"",""circuit_sha256"":""e4151634c891810c23ae18b5bf98a39442ae6058422268a3e91f51ae679a0392"",""answer_fingerprint"":""83e6802522ac81e6f6bd1117188c9b5a244507ef0829840c5066c9ce37fb3257"",""semantic_signature_sha256"":""42e54cdd2c1f4cfa8a7c9784e3e89d9fffe0fa52082d7d672fd809996698e4d5"",""structure_signature"":{""gates"":58,""edges"":87,""answers"":29,""derivations"":29,""canonical_bytes"":54531},""construct_total_ms"":147.37,""client_unattributed_ms"":0.075},{""requested_mode"":""flat"",""effective_mode"":""flat"",""fallback_reason"":null,""plan_steps"":1,""feedback_steps"":0,""feedback_triples"":0,""construct_query_ms"":140.903,""feedback_update_ms"":0.0,""cleanup_ms"":0.0,""client_protocol_ms"":0.0,""network_scope"":""construct+feedback+cleanup"",""circuit_sha256"":""e4151634c891810c23ae18b5bf98a39442ae6058422268a3e91f51ae679a0392"",""answer_fingerprint"":""83e6802522ac81e6f6bd1117188c9b5a244507ef0829840c5066c9ce37fb3257"",""semantic_signature_sha256"":""42e54cdd2c1f4cfa8a7c9784e3e89d9fffe0fa52082d7d672fd809996698e4d5"",""structure_signature"":{""gates"":58,""edges"":87,""answers"":29,""derivations"":29,""canonical_bytes"":54531},""construct_total_ms"":145.449,""client_unattributed_ms"":0.05},{""requested_mode"":""flat"",""effective_mode"":""flat"",""fallback_reason"":null,""plan_steps"":1,""feedback_steps"":0,""feedback_triples"":0,""construct_query_ms"":138.234,""feedback_update_ms"":0.0,""cleanup_ms"":0.0,""client_protocol_ms"":0.0,""network_scope"":""construct+feedback+cleanup"",""circuit_sha256"":""e4151634c891810c23ae18b5bf98a39442ae6058422268a3e91f51ae679a0392"",""answer_fingerprint"":""83e6802522ac81e6f6bd1117188c9b5a244507ef0829840c5066c9ce37fb3257"",""semantic_signature_sha256"":""42e54cdd2c1f4cfa8a7c9784e3e89d9fffe0fa52082d7d672fd809996698e4d5"",""structure_signature"":{""gates"":58,""edges"":87,""answers"":29,""derivations"":29,""canonical_bytes"":54531},""construct_total_ms"":142.856,""client_unattributed_ms"":0.058}],""construct_total_samples"":[146.276,146.322,147.37,145.449,142.856],""construct_unattributed_samples"":[0.074,0.066,0.075,0.05,0.058],""status"":""ok"",""status_evidence"":null,""c_warmup_signatures"":[""42e54cdd2c1f4cfa8a7c9784e3e89d9fffe0fa52082d7d672fd809996698e4d5""],""measured_semantic_signature_sha256"":""42e54cdd2c1f4cfa8a7c9784e3e89d9fffe0fa52082d7d672fd809996698e4d5"",""measured_repetitions_consistent"":true,""endpoint_lock"":{""wait_ms"":0.006,""lock_path"":""/tmp/sparqlcirc-r9-endpoint-locks-v7/95f85b19db76321fdab33c70bb05485617743f83e3c9c07ce9e365b03fd9b106.lock""},""construction_requested"":""flat"",""construction_effective"":""flat"",""commit"":""53437ec4699b3ccdb544ea926ab1b26db45d27c5"",""batch_id"":""41e3fc68dc25cb9078675952174e25dc73d2dd7e3a10342eec1e91af24e2f699"",""query_sha256"":""6a5c40f28fc1efcf93f4f8de194ff48179bad43fdcace9ac6f264dd26c62dadf"",""engine"":""graphdb"",""engine_version"":""GraphDB (RDF4J) [engines.json profile]"",""scale"":""10M"",""base_endpoint_sha256"":""d469fb81abed135738f704ddf57de41e98939ca5bbb2509a18a42b807368aa35"",""reified_endpoint_sha256"":""1dd1196abdf2d40865f5b4bc27acd5317de9ef00443776c930991278501566aa"",""update_endpoint_sha256"":""84611d18787ae81d7e9fa8ea2c2cf2319e90db0620f009a8ca19b85486a57c7a"",""base_data_identity_sha256"":""59fb59a04cd20e6dec9ee47cf1de02734068a3328cade998a3fc44a746054ea8"",""reified_data_identity_sha256"":""a42a308bd2c5294f3aa79a1a3b15804d4137fd68d7677d9adc037e257a217e76"",""update_for"":""reified"",""access_mode"":""writable"",""base_data_name"":""exploratory-base"",""reified_data_name"":""exploratory-reified"",""update_canary_sha256"":""41997fb8640d9e765a0272879a63548eb9bd46bbf6e49da02b7c924e506b94f7"",""store_instance_sha256"":""95f85b19db76321fdab33c70bb05485617743f83e3c9c07ce9e365b03fd9b106"",""store_discriminator_sha256"":""f9ff8d30db2db1840ca1585b5598b1cf4d1d06ac2adb86a55b430669507fabff"",""tool_sha256"":""b38a65fc0c1a91e138f057f7b6c08d21c328463aceb40ffda53fc759f99d2f7a"",""java_runtime_sha256"":""bdd50c08a90e2fb713541b8a118df6250246a917edc41a6776aeafc90b472687"",""run_identity_sha256"":""820eb789536543b48516bee9672c32f1ce3fe6a88e83d46dedd701f257d0795b""}"
53437ec4699b3ccdb544ea926ab1b26db45d27c5,graphdb,GraphDB (RDF4J) [engines.json profile],10M,L,L5,00,2e23cd396e2dd8542fcd6dc9541c69d45cb250a36faed0467b475b4adcca3ac6,B,base-select,ok,38,5.0,4.3,6.4,5.2,0.8,1,5,180.0,8347,0.0,,,,,0.00685,"[6.447, 4.303, 5.181, 5.005, 4.98]","[0.0, 0.0, 0.0, 0.0, 0.0]",,[],,[],,[],r9.2-frozen-identity-v7,41e3fc68dc25cb9078675952174e25dc73d2dd7e3a10342eec1e91af24e2f699,csv-binding-multiset-v1,38,5ba1192da9e86dd517c6063a27ee9f1d334b60ea48a790a092dbde043e1409a8,,,,,,,,d469fb81abed135738f704ddf57de41e98939ca5bbb2509a18a42b807368aa35,1dd1196abdf2d40865f5b4bc27acd5317de9ef00443776c930991278501566aa,84611d18787ae81d7e9fa8ea2c2cf2319e90db0620f009a8ca19b85486a57c7a,59fb59a04cd20e6dec9ee47cf1de02734068a3328cade998a3fc44a746054ea8,a42a308bd2c5294f3aa79a1a3b15804d4137fd68d7677d9adc037e257a217e76,reified,writable,exploratory-base,exploratory-reified,41997fb8640d9e765a0272879a63548eb9bd46bbf6e49da02b7c924e506b94f7,95f85b19db76321fdab33c70bb05485617743f83e3c9c07ce9e365b03fd9b106,f9ff8d30db2db1840ca1585b5598b1cf4d1d06ac2adb86a55b430669507fabff,b38a65fc0c1a91e138f057f7b6c08d21c328463aceb40ffda53fc759f99d2f7a,bdd50c08a90e2fb713541b8a118df6250246a917edc41a6776aeafc90b472687,873e16571551e0aa8459bbab73b2d9eda98cae986b78b7933724c003e6fbcc97,"pcm-meta-v2:{""protocol"":""r9.2-frozen-identity-v7"",""message"":"""",""cell_wall_ms"":52.051,""answer_kind"":""csv-binding-multiset-v1"",""answer_key_count"":38,""answer_fingerprint"":""5ba1192da9e86dd517c6063a27ee9f1d334b60ea48a790a092dbde043e1409a8"",""c_parse_samples"":[0.0,0.0,0.0,0.0,0.0],""c_protocol_samples"":[],""construct_total_samples"":[],""construct_unattributed_samples"":[],""status"":""ok"",""status_evidence"":null,""construction_requested"":null,""construction_effective"":null,""commit"":""53437ec4699b3ccdb544ea926ab1b26db45d27c5"",""batch_id"":""41e3fc68dc25cb9078675952174e25dc73d2dd7e3a10342eec1e91af24e2f699"",""query_sha256"":""2e23cd396e2dd8542fcd6dc9541c69d45cb250a36faed0467b475b4adcca3ac6"",""engine"":""graphdb"",""engine_version"":""GraphDB (RDF4J) [engines.json profile]"",""scale"":""10M"",""base_endpoint_sha256"":""d469fb81abed135738f704ddf57de41e98939ca5bbb2509a18a42b807368aa35"",""reified_endpoint_sha256"":""1dd1196abdf2d40865f5b4bc27acd5317de9ef00443776c930991278501566aa"",""update_endpoint_sha256"":""84611d18787ae81d7e9fa8ea2c2cf2319e90db0620f009a8ca19b85486a57c7a"",""base_data_identity_sha256"":""59fb59a04cd20e6dec9ee47cf1de02734068a3328cade998a3fc44a746054ea8"",""reified_data_identity_sha256"":""a42a308bd2c5294f3aa79a1a3b15804d4137fd68d7677d9adc037e257a217e76"",""update_for"":""reified"",""access_mode"":""writable"",""base_data_name"":""exploratory-base"",""reified_data_name"":""exploratory-reified"",""update_canary_sha256"":""41997fb8640d9e765a0272879a63548eb9bd46bbf6e49da02b7c924e506b94f7"",""store_instance_sha256"":""95f85b19db76321fdab33c70bb05485617743f83e3c9c07ce9e365b03fd9b106"",""store_discriminator_sha256"":""f9ff8d30db2db1840ca1585b5598b1cf4d1d06ac2adb86a55b430669507fabff"",""tool_sha256"":""b38a65fc0c1a91e138f057f7b6c08d21c328463aceb40ffda53fc759f99d2f7a"",""java_runtime_sha256"":""bdd50c08a90e2fb713541b8a118df6250246a917edc41a6776aeafc90b472687"",""run_identity_sha256"":""873e16571551e0aa8459bbab73b2d9eda98cae986b78b7933724c003e6fbcc97""}"
53437ec4699b3ccdb544ea926ab1b26db45d27c5,graphdb,GraphDB (RDF4J) [engines.json profile],10M,L,L5,00,2e23cd396e2dd8542fcd6dc9541c69d45cb250a36faed0467b475b4adcca3ac6,R,reification-only,ok,38,73.5,72.0,77.5,74.0,2.2,1,5,180.0,8347,0.0,,,,,131.224302,"[74.504, 73.505, 72.042, 72.484, 77.511]","[0.0, 0.0, 0.0, 0.0, 0.0]",,[],,[],,[],r9.2-frozen-identity-v7,41e3fc68dc25cb9078675952174e25dc73d2dd7e3a10342eec1e91af24e2f699,csv-binding-multiset-v1,38,5ba1192da9e86dd517c6063a27ee9f1d334b60ea48a790a092dbde043e1409a8,,,,,,,,d469fb81abed135738f704ddf57de41e98939ca5bbb2509a18a42b807368aa35,1dd1196abdf2d40865f5b4bc27acd5317de9ef00443776c930991278501566aa,84611d18787ae81d7e9fa8ea2c2cf2319e90db0620f009a8ca19b85486a57c7a,59fb59a04cd20e6dec9ee47cf1de02734068a3328cade998a3fc44a746054ea8,a42a308bd2c5294f3aa79a1a3b15804d4137fd68d7677d9adc037e257a217e76,reified,writable,exploratory-base,exploratory-reified,41997fb8640d9e765a0272879a63548eb9bd46bbf6e49da02b7c924e506b94f7,95f85b19db76321fdab33c70bb05485617743f83e3c9c07ce9e365b03fd9b106,f9ff8d30db2db1840ca1585b5598b1cf4d1d06ac2adb86a55b430669507fabff,b38a65fc0c1a91e138f057f7b6c08d21c328463aceb40ffda53fc759f99d2f7a,bdd50c08a90e2fb713541b8a118df6250246a917edc41a6776aeafc90b472687,873e16571551e0aa8459bbab73b2d9eda98cae986b78b7933724c003e6fbcc97,"pcm-meta-v2:{""protocol"":""r9.2-frozen-identity-v7"",""message"":"""",""cell_wall_ms"":582.327,""answer_kind"":""csv-binding-multiset-v1"",""answer_key_count"":38,""answer_fingerprint"":""5ba1192da9e86dd517c6063a27ee9f1d334b60ea48a790a092dbde043e1409a8"",""c_parse_samples"":[0.0,0.0,0.0,0.0,0.0],""c_protocol_samples"":[],""construct_total_samples"":[],""construct_unattributed_samples"":[],""status"":""ok"",""status_evidence"":null,""construction_requested"":null,""construction_effective"":null,""commit"":""53437ec4699b3ccdb544ea926ab1b26db45d27c5"",""batch_id"":""41e3fc68dc25cb9078675952174e25dc73d2dd7e3a10342eec1e91af24e2f699"",""query_sha256"":""2e23cd396e2dd8542fcd6dc9541c69d45cb250a36faed0467b475b4adcca3ac6"",""engine"":""graphdb"",""engine_version"":""GraphDB (RDF4J) [engines.json profile]"",""scale"":""10M"",""base_endpoint_sha256"":""d469fb81abed135738f704ddf57de41e98939ca5bbb2509a18a42b807368aa35"",""reified_endpoint_sha256"":""1dd1196abdf2d40865f5b4bc27acd5317de9ef00443776c930991278501566aa"",""update_endpoint_sha256"":""84611d18787ae81d7e9fa8ea2c2cf2319e90db0620f009a8ca19b85486a57c7a"",""base_data_identity_sha256"":""59fb59a04cd20e6dec9ee47cf1de02734068a3328cade998a3fc44a746054ea8"",""reified_data_identity_sha256"":""a42a308bd2c5294f3aa79a1a3b15804d4137fd68d7677d9adc037e257a217e76"",""update_for"":""reified"",""access_mode"":""writable"",""base_data_name"":""exploratory-base"",""reified_data_name"":""exploratory-reified"",""update_canary_sha256"":""41997fb8640d9e765a0272879a63548eb9bd46bbf6e49da02b7c924e506b94f7"",""store_instance_sha256"":""95f85b19db76321fdab33c70bb05485617743f83e3c9c07ce9e365b03fd9b106"",""store_discriminator_sha256"":""f9ff8d30db2db1840ca1585b5598b1cf4d1d06ac2adb86a55b430669507fabff"",""tool_sha256"":""b38a65fc0c1a91e138f057f7b6c08d21c328463aceb40ffda53fc759f99d2f7a"",""java_runtime_sha256"":""bdd50c08a90e2fb713541b8a118df6250246a917edc41a6776aeafc90b472687"",""run_identity_sha256"":""873e16571551e0aa8459bbab73b2d9eda98cae986b78b7933724c003e6fbcc97""}"
53437ec4699b3ccdb544ea926ab1b26db45d27c5,graphdb,GraphDB (RDF4J) [engines.json profile],10M,L,L5,00,2e23cd396e2dd8542fcd6dc9541c69d45cb250a36faed0467b475b4adcca3ac6,N,N_clean (NPCS reimplementation),ok,38,402.6,398.9,415.2,404.7,6.3,1,5,180.0,10243,0.0,,,,38,174.418911,"[415.163, 398.899, 401.542, 405.327, 402.552]","[0.0, 0.0, 0.0, 0.0, 0.0]",,[],,[],,[],r9.2-frozen-identity-v7,41e3fc68dc25cb9078675952174e25dc73d2dd7e3a10342eec1e91af24e2f699,csv-candidate-multiset-v1,38,5ba1192da9e86dd517c6063a27ee9f1d334b60ea48a790a092dbde043e1409a8,,,,,,,,d469fb81abed135738f704ddf57de41e98939ca5bbb2509a18a42b807368aa35,1dd1196abdf2d40865f5b4bc27acd5317de9ef00443776c930991278501566aa,84611d18787ae81d7e9fa8ea2c2cf2319e90db0620f009a8ca19b85486a57c7a,59fb59a04cd20e6dec9ee47cf1de02734068a3328cade998a3fc44a746054ea8,a42a308bd2c5294f3aa79a1a3b15804d4137fd68d7677d9adc037e257a217e76,reified,writable,exploratory-base,exploratory-reified,41997fb8640d9e765a0272879a63548eb9bd46bbf6e49da02b7c924e506b94f7,95f85b19db76321fdab33c70bb05485617743f83e3c9c07ce9e365b03fd9b106,f9ff8d30db2db1840ca1585b5598b1cf4d1d06ac2adb86a55b430669507fabff,b38a65fc0c1a91e138f057f7b6c08d21c328463aceb40ffda53fc759f99d2f7a,bdd50c08a90e2fb713541b8a118df6250246a917edc41a6776aeafc90b472687,873e16571551e0aa8459bbab73b2d9eda98cae986b78b7933724c003e6fbcc97,"pcm-meta-v2:{""protocol"":""r9.2-frozen-identity-v7"",""message"":"""",""cell_wall_ms"":2616.784,""answer_kind"":""csv-candidate-multiset-v1"",""answer_key_count"":38,""answer_fingerprint"":""5ba1192da9e86dd517c6063a27ee9f1d334b60ea48a790a092dbde043e1409a8"",""c_parse_samples"":[0.0,0.0,0.0,0.0,0.0],""c_protocol_samples"":[],""construct_total_samples"":[],""construct_unattributed_samples"":[],""status"":""ok"",""status_evidence"":null,""construction_requested"":null,""construction_effective"":null,""commit"":""53437ec4699b3ccdb544ea926ab1b26db45d27c5"",""batch_id"":""41e3fc68dc25cb9078675952174e25dc73d2dd7e3a10342eec1e91af24e2f699"",""query_sha256"":""2e23cd396e2dd8542fcd6dc9541c69d45cb250a36faed0467b475b4adcca3ac6"",""engine"":""graphdb"",""engine_version"":""GraphDB (RDF4J) [engines.json profile]"",""scale"":""10M"",""base_endpoint_sha256"":""d469fb81abed135738f704ddf57de41e98939ca5bbb2509a18a42b807368aa35"",""reified_endpoint_sha256"":""1dd1196abdf2d40865f5b4bc27acd5317de9ef00443776c930991278501566aa"",""update_endpoint_sha256"":""84611d18787ae81d7e9fa8ea2c2cf2319e90db0620f009a8ca19b85486a57c7a"",""base_data_identity_sha256"":""59fb59a04cd20e6dec9ee47cf1de02734068a3328cade998a3fc44a746054ea8"",""reified_data_identity_sha256"":""a42a308bd2c5294f3aa79a1a3b15804d4137fd68d7677d9adc037e257a217e76"",""update_for"":""reified"",""access_mode"":""writable"",""base_data_name"":""exploratory-base"",""reified_data_name"":""exploratory-reified"",""update_canary_sha256"":""41997fb8640d9e765a0272879a63548eb9bd46bbf6e49da02b7c924e506b94f7"",""store_instance_sha256"":""95f85b19db76321fdab33c70bb05485617743f83e3c9c07ce9e365b03fd9b106"",""store_discriminator_sha256"":""f9ff8d30db2db1840ca1585b5598b1cf4d1d06ac2adb86a55b430669507fabff"",""tool_sha256"":""b38a65fc0c1a91e138f057f7b6c08d21c328463aceb40ffda53fc759f99d2f7a"",""java_runtime_sha256"":""bdd50c08a90e2fb713541b8a118df6250246a917edc41a6776aeafc90b472687"",""run_identity_sha256"":""873e16571551e0aa8459bbab73b2d9eda98cae986b78b7933724c003e6fbcc97""}"
53437ec4699b3ccdb544ea926ab1b26db45d27c5,graphdb,GraphDB (RDF4J) [engines.json profile],10M,L,L5,00,2e23cd396e2dd8542fcd6dc9541c69d45cb250a36faed0467b475b4adcca3ac6,C,SPARQLcirc CircuitRewriter,ok,38,2420.4,1661.1,2848.5,2313.3,561.8,1,5,180.0,94128,7.8,76,152,38,,359.587292,"[1799.075, 1661.127, 2420.432, 2837.326, 2848.533]","[7.832, 12.231, 7.523, 8.297, 7.365]",0.0,"[0.0, 0.0, 0.0, 0.0, 0.0]",2428.1,"[1807.0, 1673.454, 2428.077, 2845.71, 2855.979]",0.1,"[0.094, 0.097, 0.123, 0.087, 0.081]",r9.2-frozen-identity-v7,41e3fc68dc25cb9078675952174e25dc73d2dd7e3a10342eec1e91af24e2f699,term-aware-candidate-set-v1,38,e35d1fc84127bb38d0fba2002b6d9131026fe663b375fecf61faf026eeb54a50,flat,flat,59118a5d14c1207c1c3d9f4e102b9d94ae1e25f76bd35fce7d12e0a9507c2206,,,,,d469fb81abed135738f704ddf57de41e98939ca5bbb2509a18a42b807368aa35,1dd1196abdf2d40865f5b4bc27acd5317de9ef00443776c930991278501566aa,84611d18787ae81d7e9fa8ea2c2cf2319e90db0620f009a8ca19b85486a57c7a,59fb59a04cd20e6dec9ee47cf1de02734068a3328cade998a3fc44a746054ea8,a42a308bd2c5294f3aa79a1a3b15804d4137fd68d7677d9adc037e257a217e76,reified,writable,exploratory-base,exploratory-reified,41997fb8640d9e765a0272879a63548eb9bd46bbf6e49da02b7c924e506b94f7,95f85b19db76321fdab33c70bb05485617743f83e3c9c07ce9e365b03fd9b106,f9ff8d30db2db1840ca1585b5598b1cf4d1d06ac2adb86a55b430669507fabff,b38a65fc0c1a91e138f057f7b6c08d21c328463aceb40ffda53fc759f99d2f7a,bdd50c08a90e2fb713541b8a118df6250246a917edc41a6776aeafc90b472687,873e16571551e0aa8459bbab73b2d9eda98cae986b78b7933724c003e6fbcc97,"pcm-meta-v2:{""protocol"":""r9.2-frozen-identity-v7"",""message"":""C requested=flat effective=flat; steps=1 feedback=0; network includes CONSTRUCT, feedback INSERT, and cleanup DELETE"",""cell_wall_ms"":14354.803,""answer_kind"":""term-aware-candidate-set-v1"",""answer_key_count"":38,""answer_fingerprint"":""e35d1fc84127bb38d0fba2002b6d9131026fe663b375fecf61faf026eeb54a50"",""c_parse_samples"":[7.832,12.231,7.523,8.297,7.365],""c_protocol_samples"":[{""requested_mode"":""flat"",""effective_mode"":""flat"",""fallback_reason"":null,""plan_steps"":1,""feedback_steps"":0,""feedback_triples"":0,""construct_query_ms"":1799.075,""feedback_update_ms"":0.0,""cleanup_ms"":0.0,""client_protocol_ms"":0.0,""network_scope"":""construct+feedback+cleanup"",""circuit_sha256"":""59118a5d14c1207c1c3d9f4e102b9d94ae1e25f76bd35fce7d12e0a9507c2206"",""answer_fingerprint"":""e35d1fc84127bb38d0fba2002b6d9131026fe663b375fecf61faf026eeb54a50"",""semantic_signature_sha256"":""0962b6218ab8fa6b1d05f78adf2b83dc29d346b284bf57889def5bb4c44f04b7"",""structure_signature"":{""gates"":76,""edges"":152,""answers"":38,""derivations"":38,""canonical_bytes"":94128},""construct_total_ms"":1807.0,""client_unattributed_ms"":0.094},{""requested_mode"":""flat"",""effective_mode"":""flat"",""fallback_reason"":null,""plan_steps"":1,""feedback_steps"":0,""feedback_triples"":0,""construct_query_ms"":1661.127,""feedback_update_ms"":0.0,""cleanup_ms"":0.0,""client_protocol_ms"":0.0,""network_scope"":""construct+feedback+cleanup"",""circuit_sha256"":""59118a5d14c1207c1c3d9f4e102b9d94ae1e25f76bd35fce7d12e0a9507c2206"",""answer_fingerprint"":""e35d1fc84127bb38d0fba2002b6d9131026fe663b375fecf61faf026eeb54a50"",""semantic_signature_sha256"":""0962b6218ab8fa6b1d05f78adf2b83dc29d346b284bf57889def5bb4c44f04b7"",""structure_signature"":{""gates"":76,""edges"":152,""answers"":38,""derivations"":38,""canonical_bytes"":94128},""construct_total_ms"":1673.454,""client_unattributed_ms"":0.097},{""requested_mode"":""flat"",""effective_mode"":""flat"",""fallback_reason"":null,""plan_steps"":1,""feedback_steps"":0,""feedback_triples"":0,""construct_query_ms"":2420.432,""feedback_update_ms"":0.0,""cleanup_ms"":0.0,""client_protocol_ms"":0.0,""network_scope"":""construct+feedback+cleanup"",""circuit_sha256"":""59118a5d14c1207c1c3d9f4e102b9d94ae1e25f76bd35fce7d12e0a9507c2206"",""answer_fingerprint"":""e35d1fc84127bb38d0fba2002b6d9131026fe663b375fecf61faf026eeb54a50"",""semantic_signature_sha256"":""0962b6218ab8fa6b1d05f78adf2b83dc29d346b284bf57889def5bb4c44f04b7"",""structure_signature"":{""gates"":76,""edges"":152,""answers"":38,""derivations"":38,""canonical_bytes"":94128},""construct_total_ms"":2428.077,""client_unattributed_ms"":0.123},{""requested_mode"":""flat"",""effective_mode"":""flat"",""fallback_reason"":null,""plan_steps"":1,""feedback_steps"":0,""feedback_triples"":0,""construct_query_ms"":2837.326,""feedback_update_ms"":0.0,""cleanup_ms"":0.0,""client_protocol_ms"":0.0,""network_scope"":""construct+feedback+cleanup"",""circuit_sha256"":""59118a5d14c1207c1c3d9f4e102b9d94ae1e25f76bd35fce7d12e0a9507c2206"",""answer_fingerprint"":""e35d1fc84127bb38d0fba2002b6d9131026fe663b375fecf61faf026eeb54a50"",""semantic_signature_sha256"":""0962b6218ab8fa6b1d05f78adf2b83dc29d346b284bf57889def5bb4c44f04b7"",""structure_signature"":{""gates"":76,""edges"":152,""answers"":38,""derivations"":38,""canonical_bytes"":94128},""construct_total_ms"":2845.71,""client_unattributed_ms"":0.087},{""requested_mode"":""flat"",""effective_mode"":""flat"",""fallback_reason"":null,""plan_steps"":1,""feedback_steps"":0,""feedback_triples"":0,""construct_query_ms"":2848.533,""feedback_update_ms"":0.0,""cleanup_ms"":0.0,""client_protocol_ms"":0.0,""network_scope"":""construct+feedback+cleanup"",""circuit_sha256"":""59118a5d14c1207c1c3d9f4e102b9d94ae1e25f76bd35fce7d12e0a9507c2206"",""answer_fingerprint"":""e35d1fc84127bb38d0fba2002b6d9131026fe663b375fecf61faf026eeb54a50"",""semantic_signature_sha256"":""0962b6218ab8fa6b1d05f78adf2b83dc29d346b284bf57889def5bb4c44f04b7"",""structure_signature"":{""gates"":76,""edges"":152,""answers"":38,""derivations"":38,""canonical_bytes"":94128},""construct_total_ms"":2855.979,""client_unattributed_ms"":0.081}],""construct_total_samples"":[1807.0,1673.454,2428.077,2845.71,2855.979],""construct_unattributed_samples"":[0.094,0.097,0.123,0.087,0.081],""status"":""ok"",""status_evidence"":null,""c_warmup_signatures"":[""0962b6218ab8fa6b1d05f78adf2b83dc29d346b284bf57889def5bb4c44f04b7""],""measured_semantic_signature_sha256"":""0962b6218ab8fa6b1d05f78adf2b83dc29d346b284bf57889def5bb4c44f04b7"",""measured_repetitions_consistent"":true,""endpoint_lock"":{""wait_ms"":0.006,""lock_path"":""/tmp/sparqlcirc-r9-endpoint-locks-v7/95f85b19db76321fdab33c70bb05485617743f83e3c9c07ce9e365b03fd9b106.lock""},""construction_requested"":""flat"",""construction_effective"":""flat"",""commit"":""53437ec4699b3ccdb544ea926ab1b26db45d27c5"",""batch_id"":""41e3fc68dc25cb9078675952174e25dc73d2dd7e3a10342eec1e91af24e2f699"",""query_sha256"":""2e23cd396e2dd8542fcd6dc9541c69d45cb250a36faed0467b475b4adcca3ac6"",""engine"":""graphdb"",""engine_version"":""GraphDB (RDF4J) [engines.json profile]"",""scale"":""10M"",""base_endpoint_sha256"":""d469fb81abed135738f704ddf57de41e98939ca5bbb2509a18a42b807368aa35"",""reified_endpoint_sha256"":""1dd1196abdf2d40865f5b4bc27acd5317de9ef00443776c930991278501566aa"",""update_endpoint_sha256"":""84611d18787ae81d7e9fa8ea2c2cf2319e90db0620f009a8ca19b85486a57c7a"",""base_data_identity_sha256"":""59fb59a04cd20e6dec9ee47cf1de02734068a3328cade998a3fc44a746054ea8"",""reified_data_identity_sha256"":""a42a308bd2c5294f3aa79a1a3b15804d4137fd68d7677d9adc037e257a217e76"",""update_for"":""reified"",""access_mode"":""writable"",""base_data_name"":""exploratory-base"",""reified_data_name"":""exploratory-reified"",""update_canary_sha256"":""41997fb8640d9e765a0272879a63548eb9bd46bbf6e49da02b7c924e506b94f7"",""store_instance_sha256"":""95f85b19db76321fdab33c70bb05485617743f83e3c9c07ce9e365b03fd9b106"",""store_discriminator_sha256"":""f9ff8d30db2db1840ca1585b5598b1cf4d1d06ac2adb86a55b430669507fabff"",""tool_sha256"":""b38a65fc0c1a91e138f057f7b6c08d21c328463aceb40ffda53fc759f99d2f7a"",""java_runtime_sha256"":""bdd50c08a90e2fb713541b8a118df6250246a917edc41a6776aeafc90b472687"",""run_identity_sha256"":""873e16571551e0aa8459bbab73b2d9eda98cae986b78b7933724c003e6fbcc97""}"
53437ec4699b3ccdb544ea926ab1b26db45d27c5,graphdb,GraphDB (RDF4J) [engines.json profile],10M,S,S1,00,11a13df922fdbee8f9776eaed6af62ffda103b2b406da774b3f49300860168da,B,base-select,ok,5,6.8,4.2,9.2,6.5,1.8,1,5,180.0,974,0.0,,,,,0.00696,"[6.824, 9.156, 6.836, 4.195, 5.587]","[0.0, 0.0, 0.0, 0.0, 0.0]",,[],,[],,[],r9.2-frozen-identity-v7,d36237009740106595e7855f832d6339a5e871163126c1afdb7ada72438cdf10,csv-binding-multiset-v1,5,faf55b39b433ef52c073d7b9df65dc546808738b77c2d779446e20eb6e764824,,,,,,,,d469fb81abed135738f704ddf57de41e98939ca5bbb2509a18a42b807368aa35,1dd1196abdf2d40865f5b4bc27acd5317de9ef00443776c930991278501566aa,84611d18787ae81d7e9fa8ea2c2cf2319e90db0620f009a8ca19b85486a57c7a,59fb59a04cd20e6dec9ee47cf1de02734068a3328cade998a3fc44a746054ea8,a42a308bd2c5294f3aa79a1a3b15804d4137fd68d7677d9adc037e257a217e76,reified,writable,exploratory-base,exploratory-reified,41997fb8640d9e765a0272879a63548eb9bd46bbf6e49da02b7c924e506b94f7,95f85b19db76321fdab33c70bb05485617743f83e3c9c07ce9e365b03fd9b106,f9ff8d30db2db1840ca1585b5598b1cf4d1d06ac2adb86a55b430669507fabff,b38a65fc0c1a91e138f057f7b6c08d21c328463aceb40ffda53fc759f99d2f7a,bdd50c08a90e2fb713541b8a118df6250246a917edc41a6776aeafc90b472687,16a3bea2355e9dd48dd8ffb1936cb3e2de7fcde26cb27db4b0f15f1367c1d25f,"pcm-meta-v2:{""protocol"":""r9.2-frozen-identity-v7"",""message"":"""",""cell_wall_ms"":52.736,""answer_kind"":""csv-binding-multiset-v1"",""answer_key_count"":5,""answer_fingerprint"":""faf55b39b433ef52c073d7b9df65dc546808738b77c2d779446e20eb6e764824"",""c_parse_samples"":[0.0,0.0,0.0,0.0,0.0],""c_protocol_samples"":[],""construct_total_samples"":[],""construct_unattributed_samples"":[],""status"":""ok"",""status_evidence"":null,""construction_requested"":null,""construction_effective"":null,""commit"":""53437ec4699b3ccdb544ea926ab1b26db45d27c5"",""batch_id"":""d36237009740106595e7855f832d6339a5e871163126c1afdb7ada72438cdf10"",""query_sha256"":""11a13df922fdbee8f9776eaed6af62ffda103b2b406da774b3f49300860168da"",""engine"":""graphdb"",""engine_version"":""GraphDB (RDF4J) [engines.json profile]"",""scale"":""10M"",""base_endpoint_sha256"":""d469fb81abed135738f704ddf57de41e98939ca5bbb2509a18a42b807368aa35"",""reified_endpoint_sha256"":""1dd1196abdf2d40865f5b4bc27acd5317de9ef00443776c930991278501566aa"",""update_endpoint_sha256"":""84611d18787ae81d7e9fa8ea2c2cf2319e90db0620f009a8ca19b85486a57c7a"",""base_data_identity_sha256"":""59fb59a04cd20e6dec9ee47cf1de02734068a3328cade998a3fc44a746054ea8"",""reified_data_identity_sha256"":""a42a308bd2c5294f3aa79a1a3b15804d4137fd68d7677d9adc037e257a217e76"",""update_for"":""reified"",""access_mode"":""writable"",""base_data_name"":""exploratory-base"",""reified_data_name"":""exploratory-reified"",""update_canary_sha256"":""41997fb8640d9e765a0272879a63548eb9bd46bbf6e49da02b7c924e506b94f7"",""store_instance_sha256"":""95f85b19db76321fdab33c70bb05485617743f83e3c9c07ce9e365b03fd9b106"",""store_discriminator_sha256"":""f9ff8d30db2db1840ca1585b5598b1cf4d1d06ac2adb86a55b430669507fabff"",""tool_sha256"":""b38a65fc0c1a91e138f057f7b6c08d21c328463aceb40ffda53fc759f99d2f7a"",""java_runtime_sha256"":""bdd50c08a90e2fb713541b8a118df6250246a917edc41a6776aeafc90b472687"",""run_identity_sha256"":""16a3bea2355e9dd48dd8ffb1936cb3e2de7fcde26cb27db4b0f15f1367c1d25f""}"
53437ec4699b3ccdb544ea926ab1b26db45d27c5,graphdb,GraphDB (RDF4J) [engines.json profile],10M,S,S1,00,11a13df922fdbee8f9776eaed6af62ffda103b2b406da774b3f49300860168da,R,reification-only,ok,5,13.2,12.0,13.6,12.9,0.6,1,5,180.0,974,0.0,,,,,131.764961,"[13.599, 13.196, 12.019, 12.489, 13.183]","[0.0, 0.0, 0.0, 0.0, 0.0]",,[],,[],,[],r9.2-frozen-identity-v7,d36237009740106595e7855f832d6339a5e871163126c1afdb7ada72438cdf10,csv-binding-multiset-v1,5,faf55b39b433ef52c073d7b9df65dc546808738b77c2d779446e20eb6e764824,,,,,,,,d469fb81abed135738f704ddf57de41e98939ca5bbb2509a18a42b807368aa35,1dd1196abdf2d40865f5b4bc27acd5317de9ef00443776c930991278501566aa,84611d18787ae81d7e9fa8ea2c2cf2319e90db0620f009a8ca19b85486a57c7a,59fb59a04cd20e6dec9ee47cf1de02734068a3328cade998a3fc44a746054ea8,a42a308bd2c5294f3aa79a1a3b15804d4137fd68d7677d9adc037e257a217e76,reified,writable,exploratory-base,exploratory-reified,41997fb8640d9e765a0272879a63548eb9bd46bbf6e49da02b7c924e506b94f7,95f85b19db76321fdab33c70bb05485617743f83e3c9c07ce9e365b03fd9b106,f9ff8d30db2db1840ca1585b5598b1cf4d1d06ac2adb86a55b430669507fabff,b38a65fc0c1a91e138f057f7b6c08d21c328463aceb40ffda53fc759f99d2f7a,bdd50c08a90e2fb713541b8a118df6250246a917edc41a6776aeafc90b472687,16a3bea2355e9dd48dd8ffb1936cb3e2de7fcde26cb27db4b0f15f1367c1d25f,"pcm-meta-v2:{""protocol"":""r9.2-frozen-identity-v7"",""message"":"""",""cell_wall_ms"":221.914,""answer_kind"":""csv-binding-multiset-v1"",""answer_key_count"":5,""answer_fingerprint"":""faf55b39b433ef52c073d7b9df65dc546808738b77c2d779446e20eb6e764824"",""c_parse_samples"":[0.0,0.0,0.0,0.0,0.0],""c_protocol_samples"":[],""construct_total_samples"":[],""construct_unattributed_samples"":[],""status"":""ok"",""status_evidence"":null,""construction_requested"":null,""construction_effective"":null,""commit"":""53437ec4699b3ccdb544ea926ab1b26db45d27c5"",""batch_id"":""d36237009740106595e7855f832d6339a5e871163126c1afdb7ada72438cdf10"",""query_sha256"":""11a13df922fdbee8f9776eaed6af62ffda103b2b406da774b3f49300860168da"",""engine"":""graphdb"",""engine_version"":""GraphDB (RDF4J) [engines.json profile]"",""scale"":""10M"",""base_endpoint_sha256"":""d469fb81abed135738f704ddf57de41e98939ca5bbb2509a18a42b807368aa35"",""reified_endpoint_sha256"":""1dd1196abdf2d40865f5b4bc27acd5317de9ef00443776c930991278501566aa"",""update_endpoint_sha256"":""84611d18787ae81d7e9fa8ea2c2cf2319e90db0620f009a8ca19b85486a57c7a"",""base_data_identity_sha256"":""59fb59a04cd20e6dec9ee47cf1de02734068a3328cade998a3fc44a746054ea8"",""reified_data_identity_sha256"":""a42a308bd2c5294f3aa79a1a3b15804d4137fd68d7677d9adc037e257a217e76"",""update_for"":""reified"",""access_mode"":""writable"",""base_data_name"":""exploratory-base"",""reified_data_name"":""exploratory-reified"",""update_canary_sha256"":""41997fb8640d9e765a0272879a63548eb9bd46bbf6e49da02b7c924e506b94f7"",""store_instance_sha256"":""95f85b19db76321fdab33c70bb05485617743f83e3c9c07ce9e365b03fd9b106"",""store_discriminator_sha256"":""f9ff8d30db2db1840ca1585b5598b1cf4d1d06ac2adb86a55b430669507fabff"",""tool_sha256"":""b38a65fc0c1a91e138f057f7b6c08d21c328463aceb40ffda53fc759f99d2f7a"",""java_runtime_sha256"":""bdd50c08a90e2fb713541b8a118df6250246a917edc41a6776aeafc90b472687"",""run_identity_sha256"":""16a3bea2355e9dd48dd8ffb1936cb3e2de7fcde26cb27db4b0f15f1367c1d25f""}"
53437ec4699b3ccdb544ea926ab1b26db45d27c5,graphdb,GraphDB (RDF4J) [engines.json profile],10M,S,S1,00,11a13df922fdbee8f9776eaed6af62ffda103b2b406da774b3f49300860168da,N,N_clean (NPCS reimplementation),ok,5,17.8,13.6,18.4,17.0,2.0,1,5,180.0,1653,0.0,,,,5,179.522872,"[18.158, 13.571, 18.421, 17.247, 17.839]","[0.0, 0.0, 0.0, 0.0, 0.0]",,[],,[],,[],r9.2-frozen-identity-v7,d36237009740106595e7855f832d6339a5e871163126c1afdb7ada72438cdf10,csv-candidate-multiset-v1,5,faf55b39b433ef52c073d7b9df65dc546808738b77c2d779446e20eb6e764824,,,,,,,,d469fb81abed135738f704ddf57de41e98939ca5bbb2509a18a42b807368aa35,1dd1196abdf2d40865f5b4bc27acd5317de9ef00443776c930991278501566aa,84611d18787ae81d7e9fa8ea2c2cf2319e90db0620f009a8ca19b85486a57c7a,59fb59a04cd20e6dec9ee47cf1de02734068a3328cade998a3fc44a746054ea8,a42a308bd2c5294f3aa79a1a3b15804d4137fd68d7677d9adc037e257a217e76,reified,writable,exploratory-base,exploratory-reified,41997fb8640d9e765a0272879a63548eb9bd46bbf6e49da02b7c924e506b94f7,95f85b19db76321fdab33c70bb05485617743f83e3c9c07ce9e365b03fd9b106,f9ff8d30db2db1840ca1585b5598b1cf4d1d06ac2adb86a55b430669507fabff,b38a65fc0c1a91e138f057f7b6c08d21c328463aceb40ffda53fc759f99d2f7a,bdd50c08a90e2fb713541b8a118df6250246a917edc41a6776aeafc90b472687,16a3bea2355e9dd48dd8ffb1936cb3e2de7fcde26cb27db4b0f15f1367c1d25f,"pcm-meta-v2:{""protocol"":""r9.2-frozen-identity-v7"",""message"":"""",""cell_wall_ms"":290.617,""answer_kind"":""csv-candidate-multiset-v1"",""answer_key_count"":5,""answer_fingerprint"":""faf55b39b433ef52c073d7b9df65dc546808738b77c2d779446e20eb6e764824"",""c_parse_samples"":[0.0,0.0,0.0,0.0,0.0],""c_protocol_samples"":[],""construct_total_samples"":[],""construct_unattributed_samples"":[],""status"":""ok"",""status_evidence"":null,""construction_requested"":null,""construction_effective"":null,""commit"":""53437ec4699b3ccdb544ea926ab1b26db45d27c5"",""batch_id"":""d36237009740106595e7855f832d6339a5e871163126c1afdb7ada72438cdf10"",""query_sha256"":""11a13df922fdbee8f9776eaed6af62ffda103b2b406da774b3f49300860168da"",""engine"":""graphdb"",""engine_version"":""GraphDB (RDF4J) [engines.json profile]"",""scale"":""10M"",""base_endpoint_sha256"":""d469fb81abed135738f704ddf57de41e98939ca5bbb2509a18a42b807368aa35"",""reified_endpoint_sha256"":""1dd1196abdf2d40865f5b4bc27acd5317de9ef00443776c930991278501566aa"",""update_endpoint_sha256"":""84611d18787ae81d7e9fa8ea2c2cf2319e90db0620f009a8ca19b85486a57c7a"",""base_data_identity_sha256"":""59fb59a04cd20e6dec9ee47cf1de02734068a3328cade998a3fc44a746054ea8"",""reified_data_identity_sha256"":""a42a308bd2c5294f3aa79a1a3b15804d4137fd68d7677d9adc037e257a217e76"",""update_for"":""reified"",""access_mode"":""writable"",""base_data_name"":""exploratory-base"",""reified_data_name"":""exploratory-reified"",""update_canary_sha256"":""41997fb8640d9e765a0272879a63548eb9bd46bbf6e49da02b7c924e506b94f7"",""store_instance_sha256"":""95f85b19db76321fdab33c70bb05485617743f83e3c9c07ce9e365b03fd9b106"",""store_discriminator_sha256"":""f9ff8d30db2db1840ca1585b5598b1cf4d1d06ac2adb86a55b430669507fabff"",""tool_sha256"":""b38a65fc0c1a91e138f057f7b6c08d21c328463aceb40ffda53fc759f99d2f7a"",""java_runtime_sha256"":""bdd50c08a90e2fb713541b8a118df6250246a917edc41a6776aeafc90b472687"",""run_identity_sha256"":""16a3bea2355e9dd48dd8ffb1936cb3e2de7fcde26cb27db4b0f15f1367c1d25f""}"
53437ec4699b3ccdb544ea926ab1b26db45d27c5,graphdb,GraphDB (RDF4J) [engines.json profile],10M,S,S1,00,11a13df922fdbee8f9776eaed6af62ffda103b2b406da774b3f49300860168da,C,SPARQLcirc CircuitRewriter,ok,5,150.1,149.0,153.0,150.7,1.8,1,5,180.0,26862,2.4,10,50,5,,406.593112,"[152.973, 152.451, 149.294, 150.075, 148.955]","[2.389, 2.421, 2.59, 2.361, 2.628]",0.0,"[0.0, 0.0, 0.0, 0.0, 0.0]",152.5,"[155.443, 154.96, 151.98, 152.521, 151.67]",0.1,"[0.081, 0.089, 0.096, 0.085, 0.087]",r9.2-frozen-identity-v7,d36237009740106595e7855f832d6339a5e871163126c1afdb7ada72438cdf10,term-aware-candidate-set-v1,5,cc70222ca42482fff5eb1ed85d8992d3a527b4b368c91d0ca1907b85a45681cf,flat,flat,68afea361c7f49eb2069e36ed34e231a9dd51dd7c9d7f1167b84a9efcb940e64,,,,,d469fb81abed135738f704ddf57de41e98939ca5bbb2509a18a42b807368aa35,1dd1196abdf2d40865f5b4bc27acd5317de9ef00443776c930991278501566aa,84611d18787ae81d7e9fa8ea2c2cf2319e90db0620f009a8ca19b85486a57c7a,59fb59a04cd20e6dec9ee47cf1de02734068a3328cade998a3fc44a746054ea8,a42a308bd2c5294f3aa79a1a3b15804d4137fd68d7677d9adc037e257a217e76,reified,writable,exploratory-base,exploratory-reified,41997fb8640d9e765a0272879a63548eb9bd46bbf6e49da02b7c924e506b94f7,95f85b19db76321fdab33c70bb05485617743f83e3c9c07ce9e365b03fd9b106,f9ff8d30db2db1840ca1585b5598b1cf4d1d06ac2adb86a55b430669507fabff,b38a65fc0c1a91e138f057f7b6c08d21c328463aceb40ffda53fc759f99d2f7a,bdd50c08a90e2fb713541b8a118df6250246a917edc41a6776aeafc90b472687,16a3bea2355e9dd48dd8ffb1936cb3e2de7fcde26cb27db4b0f15f1367c1d25f,"pcm-meta-v2:{""protocol"":""r9.2-frozen-identity-v7"",""message"":""C requested=flat effective=flat; steps=1 feedback=0; network includes CONSTRUCT, feedback INSERT, and cleanup DELETE"",""cell_wall_ms"":1336.922,""answer_kind"":""term-aware-candidate-set-v1"",""answer_key_count"":5,""answer_fingerprint"":""cc70222ca42482fff5eb1ed85d8992d3a527b4b368c91d0ca1907b85a45681cf"",""c_parse_samples"":[2.389,2.421,2.59,2.361,2.628],""c_protocol_samples"":[{""requested_mode"":""flat"",""effective_mode"":""flat"",""fallback_reason"":null,""plan_steps"":1,""feedback_steps"":0,""feedback_triples"":0,""construct_query_ms"":152.973,""feedback_update_ms"":0.0,""cleanup_ms"":0.0,""client_protocol_ms"":0.0,""network_scope"":""construct+feedback+cleanup"",""circuit_sha256"":""68afea361c7f49eb2069e36ed34e231a9dd51dd7c9d7f1167b84a9efcb940e64"",""answer_fingerprint"":""cc70222ca42482fff5eb1ed85d8992d3a527b4b368c91d0ca1907b85a45681cf"",""semantic_signature_sha256"":""8ae25a6f656e24a4d9d9dbdd64ae8f1803875d33ebaf0d27a3010b1ffda8989d"",""structure_signature"":{""gates"":10,""edges"":50,""answers"":5,""derivations"":5,""canonical_bytes"":26862},""construct_total_ms"":155.443,""client_unattributed_ms"":0.081},{""requested_mode"":""flat"",""effective_mode"":""flat"",""fallback_reason"":null,""plan_steps"":1,""feedback_steps"":0,""feedback_triples"":0,""construct_query_ms"":152.451,""feedback_update_ms"":0.0,""cleanup_ms"":0.0,""client_protocol_ms"":0.0,""network_scope"":""construct+feedback+cleanup"",""circuit_sha256"":""68afea361c7f49eb2069e36ed34e231a9dd51dd7c9d7f1167b84a9efcb940e64"",""answer_fingerprint"":""cc70222ca42482fff5eb1ed85d8992d3a527b4b368c91d0ca1907b85a45681cf"",""semantic_signature_sha256"":""8ae25a6f656e24a4d9d9dbdd64ae8f1803875d33ebaf0d27a3010b1ffda8989d"",""structure_signature"":{""gates"":10,""edges"":50,""answers"":5,""derivations"":5,""canonical_bytes"":26862},""construct_total_ms"":154.96,""client_unattributed_ms"":0.089},{""requested_mode"":""flat"",""effective_mode"":""flat"",""fallback_reason"":null,""plan_steps"":1,""feedback_steps"":0,""feedback_triples"":0,""construct_query_ms"":149.294,""feedback_update_ms"":0.0,""cleanup_ms"":0.0,""client_protocol_ms"":0.0,""network_scope"":""construct+feedback+cleanup"",""circuit_sha256"":""68afea361c7f49eb2069e36ed34e231a9dd51dd7c9d7f1167b84a9efcb940e64"",""answer_fingerprint"":""cc70222ca42482fff5eb1ed85d8992d3a527b4b368c91d0ca1907b85a45681cf"",""semantic_signature_sha256"":""8ae25a6f656e24a4d9d9dbdd64ae8f1803875d33ebaf0d27a3010b1ffda8989d"",""structure_signature"":{""gates"":10,""edges"":50,""answers"":5,""derivations"":5,""canonical_bytes"":26862},""construct_total_ms"":151.98,""client_unattributed_ms"":0.096},{""requested_mode"":""flat"",""effective_mode"":""flat"",""fallback_reason"":null,""plan_steps"":1,""feedback_steps"":0,""feedback_triples"":0,""construct_query_ms"":150.075,""feedback_update_ms"":0.0,""cleanup_ms"":0.0,""client_protocol_ms"":0.0,""network_scope"":""construct+feedback+cleanup"",""circuit_sha256"":""68afea361c7f49eb2069e36ed34e231a9dd51dd7c9d7f1167b84a9efcb940e64"",""answer_fingerprint"":""cc70222ca42482fff5eb1ed85d8992d3a527b4b368c91d0ca1907b85a45681cf"",""semantic_signature_sha256"":""8ae25a6f656e24a4d9d9dbdd64ae8f1803875d33ebaf0d27a3010b1ffda8989d"",""structure_signature"":{""gates"":10,""edges"":50,""answers"":5,""derivations"":5,""canonical_bytes"":26862},""construct_total_ms"":152.521,""client_unattributed_ms"":0.085},{""requested_mode"":""flat"",""effective_mode"":""flat"",""fallback_reason"":null,""plan_steps"":1,""feedback_steps"":0,""feedback_triples"":0,""construct_query_ms"":148.955,""feedback_update_ms"":0.0,""cleanup_ms"":0.0,""client_protocol_ms"":0.0,""network_scope"":""construct+feedback+cleanup"",""circuit_sha256"":""68afea361c7f49eb2069e36ed34e231a9dd51dd7c9d7f1167b84a9efcb940e64"",""answer_fingerprint"":""cc70222ca42482fff5eb1ed85d8992d3a527b4b368c91d0ca1907b85a45681cf"",""semantic_signature_sha256"":""8ae25a6f656e24a4d9d9dbdd64ae8f1803875d33ebaf0d27a3010b1ffda8989d"",""structure_signature"":{""gates"":10,""edges"":50,""answers"":5,""derivations"":5,""canonical_bytes"":26862},""construct_total_ms"":151.67,""client_unattributed_ms"":0.087}],""construct_total_samples"":[155.443,154.96,151.98,152.521,151.67],""construct_unattributed_samples"":[0.081,0.089,0.096,0.085,0.087],""status"":""ok"",""status_evidence"":null,""c_warmup_signatures"":[""8ae25a6f656e24a4d9d9dbdd64ae8f1803875d33ebaf0d27a3010b1ffda8989d""],""measured_semantic_signature_sha256"":""8ae25a6f656e24a4d9d9dbdd64ae8f1803875d33ebaf0d27a3010b1ffda8989d"",""measured_repetitions_consistent"":true,""endpoint_lock"":{""wait_ms"":0.008,""lock_path"":""/tmp/sparqlcirc-r9-endpoint-locks-v7/95f85b19db76321fdab33c70bb05485617743f83e3c9c07ce9e365b03fd9b106.lock""},""construction_requested"":""flat"",""construction_effective"":""flat"",""commit"":""53437ec4699b3ccdb544ea926ab1b26db45d27c5"",""batch_id"":""d36237009740106595e7855f832d6339a5e871163126c1afdb7ada72438cdf10"",""query_sha256"":""11a13df922fdbee8f9776eaed6af62ffda103b2b406da774b3f49300860168da"",""engine"":""graphdb"",""engine_version"":""GraphDB (RDF4J) [engines.json profile]"",""scale"":""10M"",""base_endpoint_sha256"":""d469fb81abed135738f704ddf57de41e98939ca5bbb2509a18a42b807368aa35"",""reified_endpoint_sha256"":""1dd1196abdf2d40865f5b4bc27acd5317de9ef00443776c930991278501566aa"",""update_endpoint_sha256"":""84611d18787ae81d7e9fa8ea2c2cf2319e90db0620f009a8ca19b85486a57c7a"",""base_data_identity_sha256"":""59fb59a04cd20e6dec9ee47cf1de02734068a3328cade998a3fc44a746054ea8"",""reified_data_identity_sha256"":""a42a308bd2c5294f3aa79a1a3b15804d4137fd68d7677d9adc037e257a217e76"",""update_for"":""reified"",""access_mode"":""writable"",""base_data_name"":""exploratory-base"",""reified_data_name"":""exploratory-reified"",""update_canary_sha256"":""41997fb8640d9e765a0272879a63548eb9bd46bbf6e49da02b7c924e506b94f7"",""store_instance_sha256"":""95f85b19db76321fdab33c70bb05485617743f83e3c9c07ce9e365b03fd9b106"",""store_discriminator_sha256"":""f9ff8d30db2db1840ca1585b5598b1cf4d1d06ac2adb86a55b430669507fabff"",""tool_sha256"":""b38a65fc0c1a91e138f057f7b6c08d21c328463aceb40ffda53fc759f99d2f7a"",""java_runtime_sha256"":""bdd50c08a90e2fb713541b8a118df6250246a917edc41a6776aeafc90b472687"",""run_identity_sha256"":""16a3bea2355e9dd48dd8ffb1936cb3e2de7fcde26cb27db4b0f15f1367c1d25f""}"
53437ec4699b3ccdb544ea926ab1b26db45d27c5,graphdb,GraphDB (RDF4J) [engines.json profile],10M,S,S2,00,e634c02fe199569fe27370dfeca74deef380542216b43766499daf6e48f0b7a5,B,base-select,ok,255,16.5,16.0,17.0,16.5,0.5,1,5,180.0,11962,0.0,,,,,0.0094,"[16.765, 15.952, 16.545, 16.117, 17.043]","[0.0, 0.0, 0.0, 0.0, 0.0]",,[],,[],,[],r9.2-frozen-identity-v7,d36237009740106595e7855f832d6339a5e871163126c1afdb7ada72438cdf10,csv-binding-multiset-v1,255,7cf0a58e829022b03751ab1a423e477aa734dfb56cbc08474881187861c7e130,,,,,,,,d469fb81abed135738f704ddf57de41e98939ca5bbb2509a18a42b807368aa35,1dd1196abdf2d40865f5b4bc27acd5317de9ef00443776c930991278501566aa,84611d18787ae81d7e9fa8ea2c2cf2319e90db0620f009a8ca19b85486a57c7a,59fb59a04cd20e6dec9ee47cf1de02734068a3328cade998a3fc44a746054ea8,a42a308bd2c5294f3aa79a1a3b15804d4137fd68d7677d9adc037e257a217e76,reified,writable,exploratory-base,exploratory-reified,41997fb8640d9e765a0272879a63548eb9bd46bbf6e49da02b7c924e506b94f7,95f85b19db76321fdab33c70bb05485617743f83e3c9c07ce9e365b03fd9b106,f9ff8d30db2db1840ca1585b5598b1cf4d1d06ac2adb86a55b430669507fabff,b38a65fc0c1a91e138f057f7b6c08d21c328463aceb40ffda53fc759f99d2f7a,bdd50c08a90e2fb713541b8a118df6250246a917edc41a6776aeafc90b472687,74ae32107a09e2716e6c3e02600806959690aab55c840a991dc549e2aad4b8d9,"pcm-meta-v2:{""protocol"":""r9.2-frozen-identity-v7"",""message"":"""",""cell_wall_ms"":112.971,""answer_kind"":""csv-binding-multiset-v1"",""answer_key_count"":255,""answer_fingerprint"":""7cf0a58e829022b03751ab1a423e477aa734dfb56cbc08474881187861c7e130"",""c_parse_samples"":[0.0,0.0,0.0,0.0,0.0],""c_protocol_samples"":[],""construct_total_samples"":[],""construct_unattributed_samples"":[],""status"":""ok"",""status_evidence"":null,""construction_requested"":null,""construction_effective"":null,""commit"":""53437ec4699b3ccdb544ea926ab1b26db45d27c5"",""batch_id"":""d36237009740106595e7855f832d6339a5e871163126c1afdb7ada72438cdf10"",""query_sha256"":""e634c02fe199569fe27370dfeca74deef380542216b43766499daf6e48f0b7a5"",""engine"":""graphdb"",""engine_version"":""GraphDB (RDF4J) [engines.json profile]"",""scale"":""10M"",""base_endpoint_sha256"":""d469fb81abed135738f704ddf57de41e98939ca5bbb2509a18a42b807368aa35"",""reified_endpoint_sha256"":""1dd1196abdf2d40865f5b4bc27acd5317de9ef00443776c930991278501566aa"",""update_endpoint_sha256"":""84611d18787ae81d7e9fa8ea2c2cf2319e90db0620f009a8ca19b85486a57c7a"",""base_data_identity_sha256"":""59fb59a04cd20e6dec9ee47cf1de02734068a3328cade998a3fc44a746054ea8"",""reified_data_identity_sha256"":""a42a308bd2c5294f3aa79a1a3b15804d4137fd68d7677d9adc037e257a217e76"",""update_for"":""reified"",""access_mode"":""writable"",""base_data_name"":""exploratory-base"",""reified_data_name"":""exploratory-reified"",""update_canary_sha256"":""41997fb8640d9e765a0272879a63548eb9bd46bbf6e49da02b7c924e506b94f7"",""store_instance_sha256"":""95f85b19db76321fdab33c70bb05485617743f83e3c9c07ce9e365b03fd9b106"",""store_discriminator_sha256"":""f9ff8d30db2db1840ca1585b5598b1cf4d1d06ac2adb86a55b430669507fabff"",""tool_sha256"":""b38a65fc0c1a91e138f057f7b6c08d21c328463aceb40ffda53fc759f99d2f7a"",""java_runtime_sha256"":""bdd50c08a90e2fb713541b8a118df6250246a917edc41a6776aeafc90b472687"",""run_identity_sha256"":""74ae32107a09e2716e6c3e02600806959690aab55c840a991dc549e2aad4b8d9""}"
53437ec4699b3ccdb544ea926ab1b26db45d27c5,graphdb,GraphDB (RDF4J) [engines.json profile],10M,S,S2,00,e634c02fe199569fe27370dfeca74deef380542216b43766499daf6e48f0b7a5,R,reification-only,ok,255,852.9,848.3,860.7,854.3,4.7,1,5,180.0,11962,0.0,,,,,130.701744,"[852.904, 857.11, 848.305, 860.726, 852.668]","[0.0, 0.0, 0.0, 0.0, 0.0]",,[],,[],,[],r9.2-frozen-identity-v7,d36237009740106595e7855f832d6339a5e871163126c1afdb7ada72438cdf10,csv-binding-multiset-v1,255,7cf0a58e829022b03751ab1a423e477aa734dfb56cbc08474881187861c7e130,,,,,,,,d469fb81abed135738f704ddf57de41e98939ca5bbb2509a18a42b807368aa35,1dd1196abdf2d40865f5b4bc27acd5317de9ef00443776c930991278501566aa,84611d18787ae81d7e9fa8ea2c2cf2319e90db0620f009a8ca19b85486a57c7a,59fb59a04cd20e6dec9ee47cf1de02734068a3328cade998a3fc44a746054ea8,a42a308bd2c5294f3aa79a1a3b15804d4137fd68d7677d9adc037e257a217e76,reified,writable,exploratory-base,exploratory-reified,41997fb8640d9e765a0272879a63548eb9bd46bbf6e49da02b7c924e506b94f7,95f85b19db76321fdab33c70bb05485617743f83e3c9c07ce9e365b03fd9b106,f9ff8d30db2db1840ca1585b5598b1cf4d1d06ac2adb86a55b430669507fabff,b38a65fc0c1a91e138f057f7b6c08d21c328463aceb40ffda53fc759f99d2f7a,bdd50c08a90e2fb713541b8a118df6250246a917edc41a6776aeafc90b472687,74ae32107a09e2716e6c3e02600806959690aab55c840a991dc549e2aad4b8d9,"pcm-meta-v2:{""protocol"":""r9.2-frozen-identity-v7"",""message"":"""",""cell_wall_ms"":5923.519,""answer_kind"":""csv-binding-multiset-v1"",""answer_key_count"":255,""answer_fingerprint"":""7cf0a58e829022b03751ab1a423e477aa734dfb56cbc08474881187861c7e130"",""c_parse_samples"":[0.0,0.0,0.0,0.0,0.0],""c_protocol_samples"":[],""construct_total_samples"":[],""construct_unattributed_samples"":[],""status"":""ok"",""status_evidence"":null,""construction_requested"":null,""construction_effective"":null,""commit"":""53437ec4699b3ccdb544ea926ab1b26db45d27c5"",""batch_id"":""d36237009740106595e7855f832d6339a5e871163126c1afdb7ada72438cdf10"",""query_sha256"":""e634c02fe199569fe27370dfeca74deef380542216b43766499daf6e48f0b7a5"",""engine"":""graphdb"",""engine_version"":""GraphDB (RDF4J) [engines.json profile]"",""scale"":""10M"",""base_endpoint_sha256"":""d469fb81abed135738f704ddf57de41e98939ca5bbb2509a18a42b807368aa35"",""reified_endpoint_sha256"":""1dd1196abdf2d40865f5b4bc27acd5317de9ef00443776c930991278501566aa"",""update_endpoint_sha256"":""84611d18787ae81d7e9fa8ea2c2cf2319e90db0620f009a8ca19b85486a57c7a"",""base_data_identity_sha256"":""59fb59a04cd20e6dec9ee47cf1de02734068a3328cade998a3fc44a746054ea8"",""reified_data_identity_sha256"":""a42a308bd2c5294f3aa79a1a3b15804d4137fd68d7677d9adc037e257a217e76"",""update_for"":""reified"",""access_mode"":""writable"",""base_data_name"":""exploratory-base"",""reified_data_name"":""exploratory-reified"",""update_canary_sha256"":""41997fb8640d9e765a0272879a63548eb9bd46bbf6e49da02b7c924e506b94f7"",""store_instance_sha256"":""95f85b19db76321fdab33c70bb05485617743f83e3c9c07ce9e365b03fd9b106"",""store_discriminator_sha256"":""f9ff8d30db2db1840ca1585b5598b1cf4d1d06ac2adb86a55b430669507fabff"",""tool_sha256"":""b38a65fc0c1a91e138f057f7b6c08d21c328463aceb40ffda53fc759f99d2f7a"",""java_runtime_sha256"":""bdd50c08a90e2fb713541b8a118df6250246a917edc41a6776aeafc90b472687"",""run_identity_sha256"":""74ae32107a09e2716e6c3e02600806959690aab55c840a991dc549e2aad4b8d9""}"
53437ec4699b3ccdb544ea926ab1b26db45d27c5,graphdb,GraphDB (RDF4J) [engines.json profile],10M,S,S2,00,e634c02fe199569fe27370dfeca74deef380542216b43766499daf6e48f0b7a5,N,N_clean (NPCS reimplementation),ok,255,3704.8,3700.7,3786.0,3722.5,36.2,1,5,180.0,29709,0.0,,,,255,178.193771,"[3704.822, 3718.853, 3701.931, 3700.722, 3786.005]","[0.0, 0.0, 0.0, 0.0, 0.0]",,[],,[],,[],r9.2-frozen-identity-v7,d36237009740106595e7855f832d6339a5e871163126c1afdb7ada72438cdf10,csv-candidate-multiset-v1,255,7cf0a58e829022b03751ab1a423e477aa734dfb56cbc08474881187861c7e130,,,,,,,,d469fb81abed135738f704ddf57de41e98939ca5bbb2509a18a42b807368aa35,1dd1196abdf2d40865f5b4bc27acd5317de9ef00443776c930991278501566aa,84611d18787ae81d7e9fa8ea2c2cf2319e90db0620f009a8ca19b85486a57c7a,59fb59a04cd20e6dec9ee47cf1de02734068a3328cade998a3fc44a746054ea8,a42a308bd2c5294f3aa79a1a3b15804d4137fd68d7677d9adc037e257a217e76,reified,writable,exploratory-base,exploratory-reified,41997fb8640d9e765a0272879a63548eb9bd46bbf6e49da02b7c924e506b94f7,95f85b19db76321fdab33c70bb05485617743f83e3c9c07ce9e365b03fd9b106,f9ff8d30db2db1840ca1585b5598b1cf4d1d06ac2adb86a55b430669507fabff,b38a65fc0c1a91e138f057f7b6c08d21c328463aceb40ffda53fc759f99d2f7a,bdd50c08a90e2fb713541b8a118df6250246a917edc41a6776aeafc90b472687,74ae32107a09e2716e6c3e02600806959690aab55c840a991dc549e2aad4b8d9,"pcm-meta-v2:{""protocol"":""r9.2-frozen-identity-v7"",""message"":"""",""cell_wall_ms"":22677.77,""answer_kind"":""csv-candidate-multiset-v1"",""answer_key_count"":255,""answer_fingerprint"":""7cf0a58e829022b03751ab1a423e477aa734dfb56cbc08474881187861c7e130"",""c_parse_samples"":[0.0,0.0,0.0,0.0,0.0],""c_protocol_samples"":[],""construct_total_samples"":[],""construct_unattributed_samples"":[],""status"":""ok"",""status_evidence"":null,""construction_requested"":null,""construction_effective"":null,""commit"":""53437ec4699b3ccdb544ea926ab1b26db45d27c5"",""batch_id"":""d36237009740106595e7855f832d6339a5e871163126c1afdb7ada72438cdf10"",""query_sha256"":""e634c02fe199569fe27370dfeca74deef380542216b43766499daf6e48f0b7a5"",""engine"":""graphdb"",""engine_version"":""GraphDB (RDF4J) [engines.json profile]"",""scale"":""10M"",""base_endpoint_sha256"":""d469fb81abed135738f704ddf57de41e98939ca5bbb2509a18a42b807368aa35"",""reified_endpoint_sha256"":""1dd1196abdf2d40865f5b4bc27acd5317de9ef00443776c930991278501566aa"",""update_endpoint_sha256"":""84611d18787ae81d7e9fa8ea2c2cf2319e90db0620f009a8ca19b85486a57c7a"",""base_data_identity_sha256"":""59fb59a04cd20e6dec9ee47cf1de02734068a3328cade998a3fc44a746054ea8"",""reified_data_identity_sha256"":""a42a308bd2c5294f3aa79a1a3b15804d4137fd68d7677d9adc037e257a217e76"",""update_for"":""reified"",""access_mode"":""writable"",""base_data_name"":""exploratory-base"",""reified_data_name"":""exploratory-reified"",""update_canary_sha256"":""41997fb8640d9e765a0272879a63548eb9bd46bbf6e49da02b7c924e506b94f7"",""store_instance_sha256"":""95f85b19db76321fdab33c70bb05485617743f83e3c9c07ce9e365b03fd9b106"",""store_discriminator_sha256"":""f9ff8d30db2db1840ca1585b5598b1cf4d1d06ac2adb86a55b430669507fabff"",""tool_sha256"":""b38a65fc0c1a91e138f057f7b6c08d21c328463aceb40ffda53fc759f99d2f7a"",""java_runtime_sha256"":""bdd50c08a90e2fb713541b8a118df6250246a917edc41a6776aeafc90b472687"",""run_identity_sha256"":""74ae32107a09e2716e6c3e02600806959690aab55c840a991dc549e2aad4b8d9""}"
53437ec4699b3ccdb544ea926ab1b26db45d27c5,graphdb,GraphDB (RDF4J) [engines.json profile],10M,S,S2,00,e634c02fe199569fe27370dfeca74deef380542216b43766499daf6e48f0b7a5,C,SPARQLcirc CircuitRewriter,ok,255,23274.3,23146.8,23458.0,23303.4,116.4,1,5,180.0,377984,32.7,510,1275,255,,364.586487,"[23365.867, 23457.991, 23271.906, 23146.79, 23274.259]","[31.441, 32.738, 32.605, 33.336, 33.205]",0.0,"[0.0, 0.0, 0.0, 0.0, 0.0]",23307.6,"[23397.458, 23490.868, 23304.675, 23180.282, 23307.593]",0.1,"[0.15, 0.139, 0.164, 0.156, 0.129]",r9.2-frozen-identity-v7,d36237009740106595e7855f832d6339a5e871163126c1afdb7ada72438cdf10,term-aware-candidate-set-v1,255,cc3c7a44ca494fdba8f25e78de0e814ceb2417154e84bc3026a89271ac7dc51d,flat,flat,c928bb317af0e71a1adbbaba254dbf7942b360bebc3cb990f311392aaf15ad06,,,,,d469fb81abed135738f704ddf57de41e98939ca5bbb2509a18a42b807368aa35,1dd1196abdf2d40865f5b4bc27acd5317de9ef00443776c930991278501566aa,84611d18787ae81d7e9fa8ea2c2cf2319e90db0620f009a8ca19b85486a57c7a,59fb59a04cd20e6dec9ee47cf1de02734068a3328cade998a3fc44a746054ea8,a42a308bd2c5294f3aa79a1a3b15804d4137fd68d7677d9adc037e257a217e76,reified,writable,exploratory-base,exploratory-reified,41997fb8640d9e765a0272879a63548eb9bd46bbf6e49da02b7c924e506b94f7,95f85b19db76321fdab33c70bb05485617743f83e3c9c07ce9e365b03fd9b106,f9ff8d30db2db1840ca1585b5598b1cf4d1d06ac2adb86a55b430669507fabff,b38a65fc0c1a91e138f057f7b6c08d21c328463aceb40ffda53fc759f99d2f7a,bdd50c08a90e2fb713541b8a118df6250246a917edc41a6776aeafc90b472687,74ae32107a09e2716e6c3e02600806959690aab55c840a991dc549e2aad4b8d9,"pcm-meta-v2:{""protocol"":""r9.2-frozen-identity-v7"",""message"":""C requested=flat effective=flat; steps=1 feedback=0; network includes CONSTRUCT, feedback INSERT, and cleanup DELETE"",""cell_wall_ms"":144225.131,""answer_kind"":""term-aware-candidate-set-v1"",""answer_key_count"":255,""answer_fingerprint"":""cc3c7a44ca494fdba8f25e78de0e814ceb2417154e84bc3026a89271ac7dc51d"",""c_parse_samples"":[31.441,32.738,32.605,33.336,33.205],""c_protocol_samples"":[{""requested_mode"":""flat"",""effective_mode"":""flat"",""fallback_reason"":null,""plan_steps"":1,""feedback_steps"":0,""feedback_triples"":0,""construct_query_ms"":23365.867,""feedback_update_ms"":0.0,""cleanup_ms"":0.0,""client_protocol_ms"":0.0,""network_scope"":""construct+feedback+cleanup"",""circuit_sha256"":""c928bb317af0e71a1adbbaba254dbf7942b360bebc3cb990f311392aaf15ad06"",""answer_fingerprint"":""cc3c7a44ca494fdba8f25e78de0e814ceb2417154e84bc3026a89271ac7dc51d"",""semantic_signature_sha256"":""e00ab6e0dc2e205eafd11bef06fa5afb6c94e5cd253fdb3c8c04df6f6f758248"",""structure_signature"":{""gates"":510,""edges"":1275,""answers"":255,""derivations"":255,""canonical_bytes"":377984},""construct_total_ms"":23397.458,""client_unattributed_ms"":0.15},{""requested_mode"":""flat"",""effective_mode"":""flat"",""fallback_reason"":null,""plan_steps"":1,""feedback_steps"":0,""feedback_triples"":0,""construct_query_ms"":23457.991,""feedback_update_ms"":0.0,""cleanup_ms"":0.0,""client_protocol_ms"":0.0,""network_scope"":""construct+feedback+cleanup"",""circuit_sha256"":""c928bb317af0e71a1adbbaba254dbf7942b360bebc3cb990f311392aaf15ad06"",""answer_fingerprint"":""cc3c7a44ca494fdba8f25e78de0e814ceb2417154e84bc3026a89271ac7dc51d"",""semantic_signature_sha256"":""e00ab6e0dc2e205eafd11bef06fa5afb6c94e5cd253fdb3c8c04df6f6f758248"",""structure_signature"":{""gates"":510,""edges"":1275,""answers"":255,""derivations"":255,""canonical_bytes"":377984},""construct_total_ms"":23490.868,""client_unattributed_ms"":0.139},{""requested_mode"":""flat"",""effective_mode"":""flat"",""fallback_reason"":null,""plan_steps"":1,""feedback_steps"":0,""feedback_triples"":0,""construct_query_ms"":23271.906,""feedback_update_ms"":0.0,""cleanup_ms"":0.0,""client_protocol_ms"":0.0,""network_scope"":""construct+feedback+cleanup"",""circuit_sha256"":""c928bb317af0e71a1adbbaba254dbf7942b360bebc3cb990f311392aaf15ad06"",""answer_fingerprint"":""cc3c7a44ca494fdba8f25e78de0e814ceb2417154e84bc3026a89271ac7dc51d"",""semantic_signature_sha256"":""e00ab6e0dc2e205eafd11bef06fa5afb6c94e5cd253fdb3c8c04df6f6f758248"",""structure_signature"":{""gates"":510,""edges"":1275,""answers"":255,""derivations"":255,""canonical_bytes"":377984},""construct_total_ms"":23304.675,""client_unattributed_ms"":0.164},{""requested_mode"":""flat"",""effective_mode"":""flat"",""fallback_reason"":null,""plan_steps"":1,""feedback_steps"":0,""feedback_triples"":0,""construct_query_ms"":23146.79,""feedback_update_ms"":0.0,""cleanup_ms"":0.0,""client_protocol_ms"":0.0,""network_scope"":""construct+feedback+cleanup"",""circuit_sha256"":""c928bb317af0e71a1adbbaba254dbf7942b360bebc3cb990f311392aaf15ad06"",""answer_fingerprint"":""cc3c7a44ca494fdba8f25e78de0e814ceb2417154e84bc3026a89271ac7dc51d"",""semantic_signature_sha256"":""e00ab6e0dc2e205eafd11bef06fa5afb6c94e5cd253fdb3c8c04df6f6f758248"",""structure_signature"":{""gates"":510,""edges"":1275,""answers"":255,""derivations"":255,""canonical_bytes"":377984},""construct_total_ms"":23180.282,""client_unattributed_ms"":0.156},{""requested_mode"":""flat"",""effective_mode"":""flat"",""fallback_reason"":null,""plan_steps"":1,""feedback_steps"":0,""feedback_triples"":0,""construct_query_ms"":23274.259,""feedback_update_ms"":0.0,""cleanup_ms"":0.0,""client_protocol_ms"":0.0,""network_scope"":""construct+feedback+cleanup"",""circuit_sha256"":""c928bb317af0e71a1adbbaba254dbf7942b360bebc3cb990f311392aaf15ad06"",""answer_fingerprint"":""cc3c7a44ca494fdba8f25e78de0e814ceb2417154e84bc3026a89271ac7dc51d"",""semantic_signature_sha256"":""e00ab6e0dc2e205eafd11bef06fa5afb6c94e5cd253fdb3c8c04df6f6f758248"",""structure_signature"":{""gates"":510,""edges"":1275,""answers"":255,""derivations"":255,""canonical_bytes"":377984},""construct_total_ms"":23307.593,""client_unattributed_ms"":0.129}],""construct_total_samples"":[23397.458,23490.868,23304.675,23180.282,23307.593],""construct_unattributed_samples"":[0.15,0.139,0.164,0.156,0.129],""status"":""ok"",""status_evidence"":null,""c_warmup_signatures"":[""e00ab6e0dc2e205eafd11bef06fa5afb6c94e5cd253fdb3c8c04df6f6f758248""],""measured_semantic_signature_sha256"":""e00ab6e0dc2e205eafd11bef06fa5afb6c94e5cd253fdb3c8c04df6f6f758248"",""measured_repetitions_consistent"":true,""endpoint_lock"":{""wait_ms"":0.006,""lock_path"":""/tmp/sparqlcirc-r9-endpoint-locks-v7/95f85b19db76321fdab33c70bb05485617743f83e3c9c07ce9e365b03fd9b106.lock""},""construction_requested"":""flat"",""construction_effective"":""flat"",""commit"":""53437ec4699b3ccdb544ea926ab1b26db45d27c5"",""batch_id"":""d36237009740106595e7855f832d6339a5e871163126c1afdb7ada72438cdf10"",""query_sha256"":""e634c02fe199569fe27370dfeca74deef380542216b43766499daf6e48f0b7a5"",""engine"":""graphdb"",""engine_version"":""GraphDB (RDF4J) [engines.json profile]"",""scale"":""10M"",""base_endpoint_sha256"":""d469fb81abed135738f704ddf57de41e98939ca5bbb2509a18a42b807368aa35"",""reified_endpoint_sha256"":""1dd1196abdf2d40865f5b4bc27acd5317de9ef00443776c930991278501566aa"",""update_endpoint_sha256"":""84611d18787ae81d7e9fa8ea2c2cf2319e90db0620f009a8ca19b85486a57c7a"",""base_data_identity_sha256"":""59fb59a04cd20e6dec9ee47cf1de02734068a3328cade998a3fc44a746054ea8"",""reified_data_identity_sha256"":""a42a308bd2c5294f3aa79a1a3b15804d4137fd68d7677d9adc037e257a217e76"",""update_for"":""reified"",""access_mode"":""writable"",""base_data_name"":""exploratory-base"",""reified_data_name"":""exploratory-reified"",""update_canary_sha256"":""41997fb8640d9e765a0272879a63548eb9bd46bbf6e49da02b7c924e506b94f7"",""store_instance_sha256"":""95f85b19db76321fdab33c70bb05485617743f83e3c9c07ce9e365b03fd9b106"",""store_discriminator_sha256"":""f9ff8d30db2db1840ca1585b5598b1cf4d1d06ac2adb86a55b430669507fabff"",""tool_sha256"":""b38a65fc0c1a91e138f057f7b6c08d21c328463aceb40ffda53fc759f99d2f7a"",""java_runtime_sha256"":""bdd50c08a90e2fb713541b8a118df6250246a917edc41a6776aeafc90b472687"",""run_identity_sha256"":""74ae32107a09e2716e6c3e02600806959690aab55c840a991dc549e2aad4b8d9""}"
53437ec4699b3ccdb544ea926ab1b26db45d27c5,graphdb,GraphDB (RDF4J) [engines.json profile],10M,S,S3,00,4e26d57d8fea5cd20a5edd26b3e286c7e2287bf17d8cbb9b1567590a068ac8f4,B,base-select,ok,297,5.9,4.9,6.0,5.7,0.4,1,5,180.0,14696,0.0,,,,,0.00796,"[6.019, 5.713, 5.876, 5.923, 4.919]","[0.0, 0.0, 0.0, 0.0, 0.0]",,[],,[],,[],r9.2-frozen-identity-v7,d36237009740106595e7855f832d6339a5e871163126c1afdb7ada72438cdf10,csv-binding-multiset-v1,297,4654cbc9287a2c1dd0d5435a9c6f200e818aed27f72469240c86086f401ea24b,,,,,,,,d469fb81abed135738f704ddf57de41e98939ca5bbb2509a18a42b807368aa35,1dd1196abdf2d40865f5b4bc27acd5317de9ef00443776c930991278501566aa,84611d18787ae81d7e9fa8ea2c2cf2319e90db0620f009a8ca19b85486a57c7a,59fb59a04cd20e6dec9ee47cf1de02734068a3328cade998a3fc44a746054ea8,a42a308bd2c5294f3aa79a1a3b15804d4137fd68d7677d9adc037e257a217e76,reified,writable,exploratory-base,exploratory-reified,41997fb8640d9e765a0272879a63548eb9bd46bbf6e49da02b7c924e506b94f7,95f85b19db76321fdab33c70bb05485617743f83e3c9c07ce9e365b03fd9b106,f9ff8d30db2db1840ca1585b5598b1cf4d1d06ac2adb86a55b430669507fabff,b38a65fc0c1a91e138f057f7b6c08d21c328463aceb40ffda53fc759f99d2f7a,bdd50c08a90e2fb713541b8a118df6250246a917edc41a6776aeafc90b472687,c06c3ca3eb4e5a61ae446b3cb0863e23ea35c9cc431dba12b1ce8f07b7fcda8f,"pcm-meta-v2:{""protocol"":""r9.2-frozen-identity-v7"",""message"":"""",""cell_wall_ms"":44.182,""answer_kind"":""csv-binding-multiset-v1"",""answer_key_count"":297,""answer_fingerprint"":""4654cbc9287a2c1dd0d5435a9c6f200e818aed27f72469240c86086f401ea24b"",""c_parse_samples"":[0.0,0.0,0.0,0.0,0.0],""c_protocol_samples"":[],""construct_total_samples"":[],""construct_unattributed_samples"":[],""status"":""ok"",""status_evidence"":null,""construction_requested"":null,""construction_effective"":null,""commit"":""53437ec4699b3ccdb544ea926ab1b26db45d27c5"",""batch_id"":""d36237009740106595e7855f832d6339a5e871163126c1afdb7ada72438cdf10"",""query_sha256"":""4e26d57d8fea5cd20a5edd26b3e286c7e2287bf17d8cbb9b1567590a068ac8f4"",""engine"":""graphdb"",""engine_version"":""GraphDB (RDF4J) [engines.json profile]"",""scale"":""10M"",""base_endpoint_sha256"":""d469fb81abed135738f704ddf57de41e98939ca5bbb2509a18a42b807368aa35"",""reified_endpoint_sha256"":""1dd1196abdf2d40865f5b4bc27acd5317de9ef00443776c930991278501566aa"",""update_endpoint_sha256"":""84611d18787ae81d7e9fa8ea2c2cf2319e90db0620f009a8ca19b85486a57c7a"",""base_data_identity_sha256"":""59fb59a04cd20e6dec9ee47cf1de02734068a3328cade998a3fc44a746054ea8"",""reified_data_identity_sha256"":""a42a308bd2c5294f3aa79a1a3b15804d4137fd68d7677d9adc037e257a217e76"",""update_for"":""reified"",""access_mode"":""writable"",""base_data_name"":""exploratory-base"",""reified_data_name"":""exploratory-reified"",""update_canary_sha256"":""41997fb8640d9e765a0272879a63548eb9bd46bbf6e49da02b7c924e506b94f7"",""store_instance_sha256"":""95f85b19db76321fdab33c70bb05485617743f83e3c9c07ce9e365b03fd9b106"",""store_discriminator_sha256"":""f9ff8d30db2db1840ca1585b5598b1cf4d1d06ac2adb86a55b430669507fabff"",""tool_sha256"":""b38a65fc0c1a91e138f057f7b6c08d21c328463aceb40ffda53fc759f99d2f7a"",""java_runtime_sha256"":""bdd50c08a90e2fb713541b8a118df6250246a917edc41a6776aeafc90b472687"",""run_identity_sha256"":""c06c3ca3eb4e5a61ae446b3cb0863e23ea35c9cc431dba12b1ce8f07b7fcda8f""}"
53437ec4699b3ccdb544ea926ab1b26db45d27c5,graphdb,GraphDB (RDF4J) [engines.json profile],10M,S,S3,00,4e26d57d8fea5cd20a5edd26b3e286c7e2287bf17d8cbb9b1567590a068ac8f4,R,reification-only,ok,297,114.4,113.9,115.1,114.5,0.5,1,5,180.0,14696,0.0,,,,,157.3123,"[114.121, 113.937, 115.096, 114.446, 114.815]","[0.0, 0.0, 0.0, 0.0, 0.0]",,[],,[],,[],r9.2-frozen-identity-v7,d36237009740106595e7855f832d6339a5e871163126c1afdb7ada72438cdf10,csv-binding-multiset-v1,297,4654cbc9287a2c1dd0d5435a9c6f200e818aed27f72469240c86086f401ea24b,,,,,,,,d469fb81abed135738f704ddf57de41e98939ca5bbb2509a18a42b807368aa35,1dd1196abdf2d40865f5b4bc27acd5317de9ef00443776c930991278501566aa,84611d18787ae81d7e9fa8ea2c2cf2319e90db0620f009a8ca19b85486a57c7a,59fb59a04cd20e6dec9ee47cf1de02734068a3328cade998a3fc44a746054ea8,a42a308bd2c5294f3aa79a1a3b15804d4137fd68d7677d9adc037e257a217e76,reified,writable,exploratory-base,exploratory-reified,41997fb8640d9e765a0272879a63548eb9bd46bbf6e49da02b7c924e506b94f7,95f85b19db76321fdab33c70bb05485617743f83e3c9c07ce9e365b03fd9b106,f9ff8d30db2db1840ca1585b5598b1cf4d1d06ac2adb86a55b430669507fabff,b38a65fc0c1a91e138f057f7b6c08d21c328463aceb40ffda53fc759f99d2f7a,bdd50c08a90e2fb713541b8a118df6250246a917edc41a6776aeafc90b472687,c06c3ca3eb4e5a61ae446b3cb0863e23ea35c9cc431dba12b1ce8f07b7fcda8f,"pcm-meta-v2:{""protocol"":""r9.2-frozen-identity-v7"",""message"":"""",""cell_wall_ms"":872.17,""answer_kind"":""csv-binding-multiset-v1"",""answer_key_count"":297,""answer_fingerprint"":""4654cbc9287a2c1dd0d5435a9c6f200e818aed27f72469240c86086f401ea24b"",""c_parse_samples"":[0.0,0.0,0.0,0.0,0.0],""c_protocol_samples"":[],""construct_total_samples"":[],""construct_unattributed_samples"":[],""status"":""ok"",""status_evidence"":null,""construction_requested"":null,""construction_effective"":null,""commit"":""53437ec4699b3ccdb544ea926ab1b26db45d27c5"",""batch_id"":""d36237009740106595e7855f832d6339a5e871163126c1afdb7ada72438cdf10"",""query_sha256"":""4e26d57d8fea5cd20a5edd26b3e286c7e2287bf17d8cbb9b1567590a068ac8f4"",""engine"":""graphdb"",""engine_version"":""GraphDB (RDF4J) [engines.json profile]"",""scale"":""10M"",""base_endpoint_sha256"":""d469fb81abed135738f704ddf57de41e98939ca5bbb2509a18a42b807368aa35"",""reified_endpoint_sha256"":""1dd1196abdf2d40865f5b4bc27acd5317de9ef00443776c930991278501566aa"",""update_endpoint_sha256"":""84611d18787ae81d7e9fa8ea2c2cf2319e90db0620f009a8ca19b85486a57c7a"",""base_data_identity_sha256"":""59fb59a04cd20e6dec9ee47cf1de02734068a3328cade998a3fc44a746054ea8"",""reified_data_identity_sha256"":""a42a308bd2c5294f3aa79a1a3b15804d4137fd68d7677d9adc037e257a217e76"",""update_for"":""reified"",""access_mode"":""writable"",""base_data_name"":""exploratory-base"",""reified_data_name"":""exploratory-reified"",""update_canary_sha256"":""41997fb8640d9e765a0272879a63548eb9bd46bbf6e49da02b7c924e506b94f7"",""store_instance_sha256"":""95f85b19db76321fdab33c70bb05485617743f83e3c9c07ce9e365b03fd9b106"",""store_discriminator_sha256"":""f9ff8d30db2db1840ca1585b5598b1cf4d1d06ac2adb86a55b430669507fabff"",""tool_sha256"":""b38a65fc0c1a91e138f057f7b6c08d21c328463aceb40ffda53fc759f99d2f7a"",""java_runtime_sha256"":""bdd50c08a90e2fb713541b8a118df6250246a917edc41a6776aeafc90b472687"",""run_identity_sha256"":""c06c3ca3eb4e5a61ae446b3cb0863e23ea35c9cc431dba12b1ce8f07b7fcda8f""}"
53437ec4699b3ccdb544ea926ab1b26db45d27c5,graphdb,GraphDB (RDF4J) [engines.json profile],10M,S,S3,00,4e26d57d8fea5cd20a5edd26b3e286c7e2287bf17d8cbb9b1567590a068ac8f4,N,N_clean (NPCS reimplementation),ok,128,77.0,75.7,78.1,76.9,0.9,1,5,180.0,24859,0.0,,,,297,184.017287,"[75.705, 77.298, 76.231, 77.023, 78.133]","[0.0, 0.0, 0.0, 0.0, 0.0]",,[],,[],,[],r9.2-frozen-identity-v7,d36237009740106595e7855f832d6339a5e871163126c1afdb7ada72438cdf10,csv-candidate-multiset-v1,128,7e075e65cbf9f0272bbc195b893ead6ef5dcf312de88afdb0c46eaa82e0889d7,,,,,,,,d469fb81abed135738f704ddf57de41e98939ca5bbb2509a18a42b807368aa35,1dd1196abdf2d40865f5b4bc27acd5317de9ef00443776c930991278501566aa,84611d18787ae81d7e9fa8ea2c2cf2319e90db0620f009a8ca19b85486a57c7a,59fb59a04cd20e6dec9ee47cf1de02734068a3328cade998a3fc44a746054ea8,a42a308bd2c5294f3aa79a1a3b15804d4137fd68d7677d9adc037e257a217e76,reified,writable,exploratory-base,exploratory-reified,41997fb8640d9e765a0272879a63548eb9bd46bbf6e49da02b7c924e506b94f7,95f85b19db76321fdab33c70bb05485617743f83e3c9c07ce9e365b03fd9b106,f9ff8d30db2db1840ca1585b5598b1cf4d1d06ac2adb86a55b430669507fabff,b38a65fc0c1a91e138f057f7b6c08d21c328463aceb40ffda53fc759f99d2f7a,bdd50c08a90e2fb713541b8a118df6250246a917edc41a6776aeafc90b472687,c06c3ca3eb4e5a61ae446b3cb0863e23ea35c9cc431dba12b1ce8f07b7fcda8f,"pcm-meta-v2:{""protocol"":""r9.2-frozen-identity-v7"",""message"":"""",""cell_wall_ms"":653.101,""answer_kind"":""csv-candidate-multiset-v1"",""answer_key_count"":128,""answer_fingerprint"":""7e075e65cbf9f0272bbc195b893ead6ef5dcf312de88afdb0c46eaa82e0889d7"",""c_parse_samples"":[0.0,0.0,0.0,0.0,0.0],""c_protocol_samples"":[],""construct_total_samples"":[],""construct_unattributed_samples"":[],""status"":""ok"",""status_evidence"":null,""construction_requested"":null,""construction_effective"":null,""commit"":""53437ec4699b3ccdb544ea926ab1b26db45d27c5"",""batch_id"":""d36237009740106595e7855f832d6339a5e871163126c1afdb7ada72438cdf10"",""query_sha256"":""4e26d57d8fea5cd20a5edd26b3e286c7e2287bf17d8cbb9b1567590a068ac8f4"",""engine"":""graphdb"",""engine_version"":""GraphDB (RDF4J) [engines.json profile]"",""scale"":""10M"",""base_endpoint_sha256"":""d469fb81abed135738f704ddf57de41e98939ca5bbb2509a18a42b807368aa35"",""reified_endpoint_sha256"":""1dd1196abdf2d40865f5b4bc27acd5317de9ef00443776c930991278501566aa"",""update_endpoint_sha256"":""84611d18787ae81d7e9fa8ea2c2cf2319e90db0620f009a8ca19b85486a57c7a"",""base_data_identity_sha256"":""59fb59a04cd20e6dec9ee47cf1de02734068a3328cade998a3fc44a746054ea8"",""reified_data_identity_sha256"":""a42a308bd2c5294f3aa79a1a3b15804d4137fd68d7677d9adc037e257a217e76"",""update_for"":""reified"",""access_mode"":""writable"",""base_data_name"":""exploratory-base"",""reified_data_name"":""exploratory-reified"",""update_canary_sha256"":""41997fb8640d9e765a0272879a63548eb9bd46bbf6e49da02b7c924e506b94f7"",""store_instance_sha256"":""95f85b19db76321fdab33c70bb05485617743f83e3c9c07ce9e365b03fd9b106"",""store_discriminator_sha256"":""f9ff8d30db2db1840ca1585b5598b1cf4d1d06ac2adb86a55b430669507fabff"",""tool_sha256"":""b38a65fc0c1a91e138f057f7b6c08d21c328463aceb40ffda53fc759f99d2f7a"",""java_runtime_sha256"":""bdd50c08a90e2fb713541b8a118df6250246a917edc41a6776aeafc90b472687"",""run_identity_sha256"":""c06c3ca3eb4e5a61ae446b3cb0863e23ea35c9cc431dba12b1ce8f07b7fcda8f""}"
53437ec4699b3ccdb544ea926ab1b26db45d27c5,graphdb,GraphDB (RDF4J) [engines.json profile],10M,S,S3,00,4e26d57d8fea5cd20a5edd26b3e286c7e2287bf17d8cbb9b1567590a068ac8f4,C,SPARQLcirc CircuitRewriter,ok,128,632.8,630.9,637.4,633.1,2.6,1,5,180.0,317793,26.3,425,1485,297,,377.450263,"[630.909, 632.81, 633.672, 637.351, 630.917]","[26.352, 26.248, 26.274, 26.294, 26.383]",0.0,"[0.0, 0.0, 0.0, 0.0, 0.0]",659.2,"[657.405, 659.182, 660.09, 663.769, 657.425]",0.1,"[0.144, 0.124, 0.144, 0.125, 0.125]",r9.2-frozen-identity-v7,d36237009740106595e7855f832d6339a5e871163126c1afdb7ada72438cdf10,term-aware-candidate-set-v1,128,e102347139f9cfd1da525be5323c65fc45e252beda532850495d7371e58ca1c4,flat,flat,9dbae48f84f3ab0b66b586d462b3c571c1e28a08792bb858a6f8d397eb5a61a9,,,,,d469fb81abed135738f704ddf57de41e98939ca5bbb2509a18a42b807368aa35,1dd1196abdf2d40865f5b4bc27acd5317de9ef00443776c930991278501566aa,84611d18787ae81d7e9fa8ea2c2cf2319e90db0620f009a8ca19b85486a57c7a,59fb59a04cd20e6dec9ee47cf1de02734068a3328cade998a3fc44a746054ea8,a42a308bd2c5294f3aa79a1a3b15804d4137fd68d7677d9adc037e257a217e76,reified,writable,exploratory-base,exploratory-reified,41997fb8640d9e765a0272879a63548eb9bd46bbf6e49da02b7c924e506b94f7,95f85b19db76321fdab33c70bb05485617743f83e3c9c07ce9e365b03fd9b106,f9ff8d30db2db1840ca1585b5598b1cf4d1d06ac2adb86a55b430669507fabff,b38a65fc0c1a91e138f057f7b6c08d21c328463aceb40ffda53fc759f99d2f7a,bdd50c08a90e2fb713541b8a118df6250246a917edc41a6776aeafc90b472687,c06c3ca3eb4e5a61ae446b3cb0863e23ea35c9cc431dba12b1ce8f07b7fcda8f,"pcm-meta-v2:{""protocol"":""r9.2-frozen-identity-v7"",""message"":""C requested=flat effective=flat; steps=1 feedback=0; network includes CONSTRUCT, feedback INSERT, and cleanup DELETE"",""cell_wall_ms"":4333.024,""answer_kind"":""term-aware-candidate-set-v1"",""answer_key_count"":128,""answer_fingerprint"":""e102347139f9cfd1da525be5323c65fc45e252beda532850495d7371e58ca1c4"",""c_parse_samples"":[26.352,26.248,26.274,26.294,26.383],""c_protocol_samples"":[{""requested_mode"":""flat"",""effective_mode"":""flat"",""fallback_reason"":null,""plan_steps"":1,""feedback_steps"":0,""feedback_triples"":0,""construct_query_ms"":630.909,""feedback_update_ms"":0.0,""cleanup_ms"":0.0,""client_protocol_ms"":0.0,""network_scope"":""construct+feedback+cleanup"",""circuit_sha256"":""9dbae48f84f3ab0b66b586d462b3c571c1e28a08792bb858a6f8d397eb5a61a9"",""answer_fingerprint"":""e102347139f9cfd1da525be5323c65fc45e252beda532850495d7371e58ca1c4"",""semantic_signature_sha256"":""21891d900e50a61f2cdba92bad0875d7ecaacb09034c62e5a13f79ae7aee944f"",""structure_signature"":{""gates"":425,""edges"":1485,""answers"":128,""derivations"":297,""canonical_bytes"":317793},""construct_total_ms"":657.405,""client_unattributed_ms"":0.144},{""requested_mode"":""flat"",""effective_mode"":""flat"",""fallback_reason"":null,""plan_steps"":1,""feedback_steps"":0,""feedback_triples"":0,""construct_query_ms"":632.81,""feedback_update_ms"":0.0,""cleanup_ms"":0.0,""client_protocol_ms"":0.0,""network_scope"":""construct+feedback+cleanup"",""circuit_sha256"":""9dbae48f84f3ab0b66b586d462b3c571c1e28a08792bb858a6f8d397eb5a61a9"",""answer_fingerprint"":""e102347139f9cfd1da525be5323c65fc45e252beda532850495d7371e58ca1c4"",""semantic_signature_sha256"":""21891d900e50a61f2cdba92bad0875d7ecaacb09034c62e5a13f79ae7aee944f"",""structure_signature"":{""gates"":425,""edges"":1485,""answers"":128,""derivations"":297,""canonical_bytes"":317793},""construct_total_ms"":659.182,""client_unattributed_ms"":0.124},{""requested_mode"":""flat"",""effective_mode"":""flat"",""fallback_reason"":null,""plan_steps"":1,""feedback_steps"":0,""feedback_triples"":0,""construct_query_ms"":633.672,""feedback_update_ms"":0.0,""cleanup_ms"":0.0,""client_protocol_ms"":0.0,""network_scope"":""construct+feedback+cleanup"",""circuit_sha256"":""9dbae48f84f3ab0b66b586d462b3c571c1e28a08792bb858a6f8d397eb5a61a9"",""answer_fingerprint"":""e102347139f9cfd1da525be5323c65fc45e252beda532850495d7371e58ca1c4"",""semantic_signature_sha256"":""21891d900e50a61f2cdba92bad0875d7ecaacb09034c62e5a13f79ae7aee944f"",""structure_signature"":{""gates"":425,""edges"":1485,""answers"":128,""derivations"":297,""canonical_bytes"":317793},""construct_total_ms"":660.09,""client_unattributed_ms"":0.144},{""requested_mode"":""flat"",""effective_mode"":""flat"",""fallback_reason"":null,""plan_steps"":1,""feedback_steps"":0,""feedback_triples"":0,""construct_query_ms"":637.351,""feedback_update_ms"":0.0,""cleanup_ms"":0.0,""client_protocol_ms"":0.0,""network_scope"":""construct+feedback+cleanup"",""circuit_sha256"":""9dbae48f84f3ab0b66b586d462b3c571c1e28a08792bb858a6f8d397eb5a61a9"",""answer_fingerprint"":""e102347139f9cfd1da525be5323c65fc45e252beda532850495d7371e58ca1c4"",""semantic_signature_sha256"":""21891d900e50a61f2cdba92bad0875d7ecaacb09034c62e5a13f79ae7aee944f"",""structure_signature"":{""gates"":425,""edges"":1485,""answers"":128,""derivations"":297,""canonical_bytes"":317793},""construct_total_ms"":663.769,""client_unattributed_ms"":0.125},{""requested_mode"":""flat"",""effective_mode"":""flat"",""fallback_reason"":null,""plan_steps"":1,""feedback_steps"":0,""feedback_triples"":0,""construct_query_ms"":630.917,""feedback_update_ms"":0.0,""cleanup_ms"":0.0,""client_protocol_ms"":0.0,""network_scope"":""construct+feedback+cleanup"",""circuit_sha256"":""9dbae48f84f3ab0b66b586d462b3c571c1e28a08792bb858a6f8d397eb5a61a9"",""answer_fingerprint"":""e102347139f9cfd1da525be5323c65fc45e252beda532850495d7371e58ca1c4"",""semantic_signature_sha256"":""21891d900e50a61f2cdba92bad0875d7ecaacb09034c62e5a13f79ae7aee944f"",""structure_signature"":{""gates"":425,""edges"":1485,""answers"":128,""derivations"":297,""canonical_bytes"":317793},""construct_total_ms"":657.425,""client_unattributed_ms"":0.125}],""construct_total_samples"":[657.405,659.182,660.09,663.769,657.425],""construct_unattributed_samples"":[0.144,0.124,0.144,0.125,0.125],""status"":""ok"",""status_evidence"":null,""c_warmup_signatures"":[""21891d900e50a61f2cdba92bad0875d7ecaacb09034c62e5a13f79ae7aee944f""],""measured_semantic_signature_sha256"":""21891d900e50a61f2cdba92bad0875d7ecaacb09034c62e5a13f79ae7aee944f"",""measured_repetitions_consistent"":true,""endpoint_lock"":{""wait_ms"":0.006,""lock_path"":""/tmp/sparqlcirc-r9-endpoint-locks-v7/95f85b19db76321fdab33c70bb05485617743f83e3c9c07ce9e365b03fd9b106.lock""},""construction_requested"":""flat"",""construction_effective"":""flat"",""commit"":""53437ec4699b3ccdb544ea926ab1b26db45d27c5"",""batch_id"":""d36237009740106595e7855f832d6339a5e871163126c1afdb7ada72438cdf10"",""query_sha256"":""4e26d57d8fea5cd20a5edd26b3e286c7e2287bf17d8cbb9b1567590a068ac8f4"",""engine"":""graphdb"",""engine_version"":""GraphDB (RDF4J) [engines.json profile]"",""scale"":""10M"",""base_endpoint_sha256"":""d469fb81abed135738f704ddf57de41e98939ca5bbb2509a18a42b807368aa35"",""reified_endpoint_sha256"":""1dd1196abdf2d40865f5b4bc27acd5317de9ef00443776c930991278501566aa"",""update_endpoint_sha256"":""84611d18787ae81d7e9fa8ea2c2cf2319e90db0620f009a8ca19b85486a57c7a"",""base_data_identity_sha256"":""59fb59a04cd20e6dec9ee47cf1de02734068a3328cade998a3fc44a746054ea8"",""reified_data_identity_sha256"":""a42a308bd2c5294f3aa79a1a3b15804d4137fd68d7677d9adc037e257a217e76"",""update_for"":""reified"",""access_mode"":""writable"",""base_data_name"":""exploratory-base"",""reified_data_name"":""exploratory-reified"",""update_canary_sha256"":""41997fb8640d9e765a0272879a63548eb9bd46bbf6e49da02b7c924e506b94f7"",""store_instance_sha256"":""95f85b19db76321fdab33c70bb05485617743f83e3c9c07ce9e365b03fd9b106"",""store_discriminator_sha256"":""f9ff8d30db2db1840ca1585b5598b1cf4d1d06ac2adb86a55b430669507fabff"",""tool_sha256"":""b38a65fc0c1a91e138f057f7b6c08d21c328463aceb40ffda53fc759f99d2f7a"",""java_runtime_sha256"":""bdd50c08a90e2fb713541b8a118df6250246a917edc41a6776aeafc90b472687"",""run_identity_sha256"":""c06c3ca3eb4e5a61ae446b3cb0863e23ea35c9cc431dba12b1ce8f07b7fcda8f""}"
53437ec4699b3ccdb544ea926ab1b26db45d27c5,graphdb,GraphDB (RDF4J) [engines.json profile],10M,S,S4,00,be92ea13409cc5816a7820f5d9231cb1e43d4ea746a92a57b97ca2d3c79dc20c,B,base-select,ok,1,5.3,4.9,6.8,5.6,0.7,1,5,180.0,112,0.0,,,,,0.00686,"[4.893, 6.785, 5.337, 5.153, 5.643]","[0.0, 0.0, 0.0, 0.0, 0.0]",,[],,[],,[],r9.2-frozen-identity-v7,d36237009740106595e7855f832d6339a5e871163126c1afdb7ada72438cdf10,csv-binding-multiset-v1,1,9455df036fc4f6c3e0d991844f6322b1742a17d72c5dc11bccddd16a96ceb898,,,,,,,,d469fb81abed135738f704ddf57de41e98939ca5bbb2509a18a42b807368aa35,1dd1196abdf2d40865f5b4bc27acd5317de9ef00443776c930991278501566aa,84611d18787ae81d7e9fa8ea2c2cf2319e90db0620f009a8ca19b85486a57c7a,59fb59a04cd20e6dec9ee47cf1de02734068a3328cade998a3fc44a746054ea8,a42a308bd2c5294f3aa79a1a3b15804d4137fd68d7677d9adc037e257a217e76,reified,writable,exploratory-base,exploratory-reified,41997fb8640d9e765a0272879a63548eb9bd46bbf6e49da02b7c924e506b94f7,95f85b19db76321fdab33c70bb05485617743f83e3c9c07ce9e365b03fd9b106,f9ff8d30db2db1840ca1585b5598b1cf4d1d06ac2adb86a55b430669507fabff,b38a65fc0c1a91e138f057f7b6c08d21c328463aceb40ffda53fc759f99d2f7a,bdd50c08a90e2fb713541b8a118df6250246a917edc41a6776aeafc90b472687,d33e154dc855c4a2dd9beb4b42def7d15be74a0e3fcfe2cb440f0a81ee0d8a6d,"pcm-meta-v2:{""protocol"":""r9.2-frozen-identity-v7"",""message"":"""",""cell_wall_ms"":41.886,""answer_kind"":""csv-binding-multiset-v1"",""answer_key_count"":1,""answer_fingerprint"":""9455df036fc4f6c3e0d991844f6322b1742a17d72c5dc11bccddd16a96ceb898"",""c_parse_samples"":[0.0,0.0,0.0,0.0,0.0],""c_protocol_samples"":[],""construct_total_samples"":[],""construct_unattributed_samples"":[],""status"":""ok"",""status_evidence"":null,""construction_requested"":null,""construction_effective"":null,""commit"":""53437ec4699b3ccdb544ea926ab1b26db45d27c5"",""batch_id"":""d36237009740106595e7855f832d6339a5e871163126c1afdb7ada72438cdf10"",""query_sha256"":""be92ea13409cc5816a7820f5d9231cb1e43d4ea746a92a57b97ca2d3c79dc20c"",""engine"":""graphdb"",""engine_version"":""GraphDB (RDF4J) [engines.json profile]"",""scale"":""10M"",""base_endpoint_sha256"":""d469fb81abed135738f704ddf57de41e98939ca5bbb2509a18a42b807368aa35"",""reified_endpoint_sha256"":""1dd1196abdf2d40865f5b4bc27acd5317de9ef00443776c930991278501566aa"",""update_endpoint_sha256"":""84611d18787ae81d7e9fa8ea2c2cf2319e90db0620f009a8ca19b85486a57c7a"",""base_data_identity_sha256"":""59fb59a04cd20e6dec9ee47cf1de02734068a3328cade998a3fc44a746054ea8"",""reified_data_identity_sha256"":""a42a308bd2c5294f3aa79a1a3b15804d4137fd68d7677d9adc037e257a217e76"",""update_for"":""reified"",""access_mode"":""writable"",""base_data_name"":""exploratory-base"",""reified_data_name"":""exploratory-reified"",""update_canary_sha256"":""41997fb8640d9e765a0272879a63548eb9bd46bbf6e49da02b7c924e506b94f7"",""store_instance_sha256"":""95f85b19db76321fdab33c70bb05485617743f83e3c9c07ce9e365b03fd9b106"",""store_discriminator_sha256"":""f9ff8d30db2db1840ca1585b5598b1cf4d1d06ac2adb86a55b430669507fabff"",""tool_sha256"":""b38a65fc0c1a91e138f057f7b6c08d21c328463aceb40ffda53fc759f99d2f7a"",""java_runtime_sha256"":""bdd50c08a90e2fb713541b8a118df6250246a917edc41a6776aeafc90b472687"",""run_identity_sha256"":""d33e154dc855c4a2dd9beb4b42def7d15be74a0e3fcfe2cb440f0a81ee0d8a6d""}"
53437ec4699b3ccdb544ea926ab1b26db45d27c5,graphdb,GraphDB (RDF4J) [engines.json profile],10M,S,S4,00,be92ea13409cc5816a7820f5d9231cb1e43d4ea746a92a57b97ca2d3c79dc20c,R,reification-only,ok,1,270.5,261.0,276.0,268.2,6.5,1,5,180.0,112,0.0,,,,,129.675967,"[262.094, 260.983, 270.469, 271.505, 276.018]","[0.0, 0.0, 0.0, 0.0, 0.0]",,[],,[],,[],r9.2-frozen-identity-v7,d36237009740106595e7855f832d6339a5e871163126c1afdb7ada72438cdf10,csv-binding-multiset-v1,1,9455df036fc4f6c3e0d991844f6322b1742a17d72c5dc11bccddd16a96ceb898,,,,,,,,d469fb81abed135738f704ddf57de41e98939ca5bbb2509a18a42b807368aa35,1dd1196abdf2d40865f5b4bc27acd5317de9ef00443776c930991278501566aa,84611d18787ae81d7e9fa8ea2c2cf2319e90db0620f009a8ca19b85486a57c7a,59fb59a04cd20e6dec9ee47cf1de02734068a3328cade998a3fc44a746054ea8,a42a308bd2c5294f3aa79a1a3b15804d4137fd68d7677d9adc037e257a217e76,reified,writable,exploratory-base,exploratory-reified,41997fb8640d9e765a0272879a63548eb9bd46bbf6e49da02b7c924e506b94f7,95f85b19db76321fdab33c70bb05485617743f83e3c9c07ce9e365b03fd9b106,f9ff8d30db2db1840ca1585b5598b1cf4d1d06ac2adb86a55b430669507fabff,b38a65fc0c1a91e138f057f7b6c08d21c328463aceb40ffda53fc759f99d2f7a,bdd50c08a90e2fb713541b8a118df6250246a917edc41a6776aeafc90b472687,d33e154dc855c4a2dd9beb4b42def7d15be74a0e3fcfe2cb440f0a81ee0d8a6d,"pcm-meta-v2:{""protocol"":""r9.2-frozen-identity-v7"",""message"":"""",""cell_wall_ms"":1770.346,""answer_kind"":""csv-binding-multiset-v1"",""answer_key_count"":1,""answer_fingerprint"":""9455df036fc4f6c3e0d991844f6322b1742a17d72c5dc11bccddd16a96ceb898"",""c_parse_samples"":[0.0,0.0,0.0,0.0,0.0],""c_protocol_samples"":[],""construct_total_samples"":[],""construct_unattributed_samples"":[],""status"":""ok"",""status_evidence"":null,""construction_requested"":null,""construction_effective"":null,""commit"":""53437ec4699b3ccdb544ea926ab1b26db45d27c5"",""batch_id"":""d36237009740106595e7855f832d6339a5e871163126c1afdb7ada72438cdf10"",""query_sha256"":""be92ea13409cc5816a7820f5d9231cb1e43d4ea746a92a57b97ca2d3c79dc20c"",""engine"":""graphdb"",""engine_version"":""GraphDB (RDF4J) [engines.json profile]"",""scale"":""10M"",""base_endpoint_sha256"":""d469fb81abed135738f704ddf57de41e98939ca5bbb2509a18a42b807368aa35"",""reified_endpoint_sha256"":""1dd1196abdf2d40865f5b4bc27acd5317de9ef00443776c930991278501566aa"",""update_endpoint_sha256"":""84611d18787ae81d7e9fa8ea2c2cf2319e90db0620f009a8ca19b85486a57c7a"",""base_data_identity_sha256"":""59fb59a04cd20e6dec9ee47cf1de02734068a3328cade998a3fc44a746054ea8"",""reified_data_identity_sha256"":""a42a308bd2c5294f3aa79a1a3b15804d4137fd68d7677d9adc037e257a217e76"",""update_for"":""reified"",""access_mode"":""writable"",""base_data_name"":""exploratory-base"",""reified_data_name"":""exploratory-reified"",""update_canary_sha256"":""41997fb8640d9e765a0272879a63548eb9bd46bbf6e49da02b7c924e506b94f7"",""store_instance_sha256"":""95f85b19db76321fdab33c70bb05485617743f83e3c9c07ce9e365b03fd9b106"",""store_discriminator_sha256"":""f9ff8d30db2db1840ca1585b5598b1cf4d1d06ac2adb86a55b430669507fabff"",""tool_sha256"":""b38a65fc0c1a91e138f057f7b6c08d21c328463aceb40ffda53fc759f99d2f7a"",""java_runtime_sha256"":""bdd50c08a90e2fb713541b8a118df6250246a917edc41a6776aeafc90b472687"",""run_identity_sha256"":""d33e154dc855c4a2dd9beb4b42def7d15be74a0e3fcfe2cb440f0a81ee0d8a6d""}"
53437ec4699b3ccdb544ea926ab1b26db45d27c5,graphdb,GraphDB (RDF4J) [engines.json profile],10M,S,S4,00,be92ea13409cc5816a7820f5d9231cb1e43d4ea746a92a57b97ca2d3c79dc20c,N,N_clean (NPCS reimplementation),ok,1,275.6,270.8,296.5,280.2,10.1,1,5,180.0,204,0.0,,,,1,178.369899,"[275.596, 296.534, 270.849, 275.222, 282.73]","[0.0, 0.0, 0.0, 0.0, 0.0]",,[],,[],,[],r9.2-frozen-identity-v7,d36237009740106595e7855f832d6339a5e871163126c1afdb7ada72438cdf10,csv-candidate-multiset-v1,1,9455df036fc4f6c3e0d991844f6322b1742a17d72c5dc11bccddd16a96ceb898,,,,,,,,d469fb81abed135738f704ddf57de41e98939ca5bbb2509a18a42b807368aa35,1dd1196abdf2d40865f5b4bc27acd5317de9ef00443776c930991278501566aa,84611d18787ae81d7e9fa8ea2c2cf2319e90db0620f009a8ca19b85486a57c7a,59fb59a04cd20e6dec9ee47cf1de02734068a3328cade998a3fc44a746054ea8,a42a308bd2c5294f3aa79a1a3b15804d4137fd68d7677d9adc037e257a217e76,reified,writable,exploratory-base,exploratory-reified,41997fb8640d9e765a0272879a63548eb9bd46bbf6e49da02b7c924e506b94f7,95f85b19db76321fdab33c70bb05485617743f83e3c9c07ce9e365b03fd9b106,f9ff8d30db2db1840ca1585b5598b1cf4d1d06ac2adb86a55b430669507fabff,b38a65fc0c1a91e138f057f7b6c08d21c328463aceb40ffda53fc759f99d2f7a,bdd50c08a90e2fb713541b8a118df6250246a917edc41a6776aeafc90b472687,d33e154dc855c4a2dd9beb4b42def7d15be74a0e3fcfe2cb440f0a81ee0d8a6d,"pcm-meta-v2:{""protocol"":""r9.2-frozen-identity-v7"",""message"":"""",""cell_wall_ms"":1851.785,""answer_kind"":""csv-candidate-multiset-v1"",""answer_key_count"":1,""answer_fingerprint"":""9455df036fc4f6c3e0d991844f6322b1742a17d72c5dc11bccddd16a96ceb898"",""c_parse_samples"":[0.0,0.0,0.0,0.0,0.0],""c_protocol_samples"":[],""construct_total_samples"":[],""construct_unattributed_samples"":[],""status"":""ok"",""status_evidence"":null,""construction_requested"":null,""construction_effective"":null,""commit"":""53437ec4699b3ccdb544ea926ab1b26db45d27c5"",""batch_id"":""d36237009740106595e7855f832d6339a5e871163126c1afdb7ada72438cdf10"",""query_sha256"":""be92ea13409cc5816a7820f5d9231cb1e43d4ea746a92a57b97ca2d3c79dc20c"",""engine"":""graphdb"",""engine_version"":""GraphDB (RDF4J) [engines.json profile]"",""scale"":""10M"",""base_endpoint_sha256"":""d469fb81abed135738f704ddf57de41e98939ca5bbb2509a18a42b807368aa35"",""reified_endpoint_sha256"":""1dd1196abdf2d40865f5b4bc27acd5317de9ef00443776c930991278501566aa"",""update_endpoint_sha256"":""84611d18787ae81d7e9fa8ea2c2cf2319e90db0620f009a8ca19b85486a57c7a"",""base_data_identity_sha256"":""59fb59a04cd20e6dec9ee47cf1de02734068a3328cade998a3fc44a746054ea8"",""reified_data_identity_sha256"":""a42a308bd2c5294f3aa79a1a3b15804d4137fd68d7677d9adc037e257a217e76"",""update_for"":""reified"",""access_mode"":""writable"",""base_data_name"":""exploratory-base"",""reified_data_name"":""exploratory-reified"",""update_canary_sha256"":""41997fb8640d9e765a0272879a63548eb9bd46bbf6e49da02b7c924e506b94f7"",""store_instance_sha256"":""95f85b19db76321fdab33c70bb05485617743f83e3c9c07ce9e365b03fd9b106"",""store_discriminator_sha256"":""f9ff8d30db2db1840ca1585b5598b1cf4d1d06ac2adb86a55b430669507fabff"",""tool_sha256"":""b38a65fc0c1a91e138f057f7b6c08d21c328463aceb40ffda53fc759f99d2f7a"",""java_runtime_sha256"":""bdd50c08a90e2fb713541b8a118df6250246a917edc41a6776aeafc90b472687"",""run_identity_sha256"":""d33e154dc855c4a2dd9beb4b42def7d15be74a0e3fcfe2cb440f0a81ee0d8a6d""}"
53437ec4699b3ccdb544ea926ab1b26db45d27c5,graphdb,GraphDB (RDF4J) [engines.json profile],10M,S,S4,00,be92ea13409cc5816a7820f5d9231cb1e43d4ea746a92a57b97ca2d3c79dc20c,C,SPARQLcirc CircuitRewriter,ok,1,948.8,931.3,970.8,948.4,16.7,1,5,180.0,2357,0.5,2,5,1,,347.23309,"[933.131, 948.792, 970.796, 957.961, 931.252]","[0.473, 0.309, 0.289, 0.53, 0.604]",0.0,"[0.0, 0.0, 0.0, 0.0, 0.0]",949.2,"[933.671, 949.177, 971.161, 958.568, 931.971]",0.1,"[0.067, 0.076, 0.076, 0.077, 0.115]",r9.2-frozen-identity-v7,d36237009740106595e7855f832d6339a5e871163126c1afdb7ada72438cdf10,term-aware-candidate-set-v1,1,b850dd09b978b3960f75d2c5a9626d9cec098bd7367b04ac141e92a1588d62f6,flat,flat,96c58e7b547eb7f48b52bb45256f9c66464e00382da6b084628f1edc5ddc19d2,,,,,d469fb81abed135738f704ddf57de41e98939ca5bbb2509a18a42b807368aa35,1dd1196abdf2d40865f5b4bc27acd5317de9ef00443776c930991278501566aa,84611d18787ae81d7e9fa8ea2c2cf2319e90db0620f009a8ca19b85486a57c7a,59fb59a04cd20e6dec9ee47cf1de02734068a3328cade998a3fc44a746054ea8,a42a308bd2c5294f3aa79a1a3b15804d4137fd68d7677d9adc037e257a217e76,reified,writable,exploratory-base,exploratory-reified,41997fb8640d9e765a0272879a63548eb9bd46bbf6e49da02b7c924e506b94f7,95f85b19db76321fdab33c70bb05485617743f83e3c9c07ce9e365b03fd9b106,f9ff8d30db2db1840ca1585b5598b1cf4d1d06ac2adb86a55b430669507fabff,b38a65fc0c1a91e138f057f7b6c08d21c328463aceb40ffda53fc759f99d2f7a,bdd50c08a90e2fb713541b8a118df6250246a917edc41a6776aeafc90b472687,d33e154dc855c4a2dd9beb4b42def7d15be74a0e3fcfe2cb440f0a81ee0d8a6d,"pcm-meta-v2:{""protocol"":""r9.2-frozen-identity-v7"",""message"":""C requested=flat effective=flat; steps=1 feedback=0; network includes CONSTRUCT, feedback INSERT, and cleanup DELETE"",""cell_wall_ms"":6030.604,""answer_kind"":""term-aware-candidate-set-v1"",""answer_key_count"":1,""answer_fingerprint"":""b850dd09b978b3960f75d2c5a9626d9cec098bd7367b04ac141e92a1588d62f6"",""c_parse_samples"":[0.473,0.309,0.289,0.53,0.604],""c_protocol_samples"":[{""requested_mode"":""flat"",""effective_mode"":""flat"",""fallback_reason"":null,""plan_steps"":1,""feedback_steps"":0,""feedback_triples"":0,""construct_query_ms"":933.131,""feedback_update_ms"":0.0,""cleanup_ms"":0.0,""client_protocol_ms"":0.0,""network_scope"":""construct+feedback+cleanup"",""circuit_sha256"":""96c58e7b547eb7f48b52bb45256f9c66464e00382da6b084628f1edc5ddc19d2"",""answer_fingerprint"":""b850dd09b978b3960f75d2c5a9626d9cec098bd7367b04ac141e92a1588d62f6"",""semantic_signature_sha256"":""386ffb6d584a1521ba17d838e49cd21a6ba4b87eb0fce207dfb4617abf88db0b"",""structure_signature"":{""gates"":2,""edges"":5,""answers"":1,""derivations"":1,""canonical_bytes"":2357},""construct_total_ms"":933.671,""client_unattributed_ms"":0.067},{""requested_mode"":""flat"",""effective_mode"":""flat"",""fallback_reason"":null,""plan_steps"":1,""feedback_steps"":0,""feedback_triples"":0,""construct_query_ms"":948.792,""feedback_update_ms"":0.0,""cleanup_ms"":0.0,""client_protocol_ms"":0.0,""network_scope"":""construct+feedback+cleanup"",""circuit_sha256"":""96c58e7b547eb7f48b52bb45256f9c66464e00382da6b084628f1edc5ddc19d2"",""answer_fingerprint"":""b850dd09b978b3960f75d2c5a9626d9cec098bd7367b04ac141e92a1588d62f6"",""semantic_signature_sha256"":""386ffb6d584a1521ba17d838e49cd21a6ba4b87eb0fce207dfb4617abf88db0b"",""structure_signature"":{""gates"":2,""edges"":5,""answers"":1,""derivations"":1,""canonical_bytes"":2357},""construct_total_ms"":949.177,""client_unattributed_ms"":0.076},{""requested_mode"":""flat"",""effective_mode"":""flat"",""fallback_reason"":null,""plan_steps"":1,""feedback_steps"":0,""feedback_triples"":0,""construct_query_ms"":970.796,""feedback_update_ms"":0.0,""cleanup_ms"":0.0,""client_protocol_ms"":0.0,""network_scope"":""construct+feedback+cleanup"",""circuit_sha256"":""96c58e7b547eb7f48b52bb45256f9c66464e00382da6b084628f1edc5ddc19d2"",""answer_fingerprint"":""b850dd09b978b3960f75d2c5a9626d9cec098bd7367b04ac141e92a1588d62f6"",""semantic_signature_sha256"":""386ffb6d584a1521ba17d838e49cd21a6ba4b87eb0fce207dfb4617abf88db0b"",""structure_signature"":{""gates"":2,""edges"":5,""answers"":1,""derivations"":1,""canonical_bytes"":2357},""construct_total_ms"":971.161,""client_unattributed_ms"":0.076},{""requested_mode"":""flat"",""effective_mode"":""flat"",""fallback_reason"":null,""plan_steps"":1,""feedback_steps"":0,""feedback_triples"":0,""construct_query_ms"":957.961,""feedback_update_ms"":0.0,""cleanup_ms"":0.0,""client_protocol_ms"":0.0,""network_scope"":""construct+feedback+cleanup"",""circuit_sha256"":""96c58e7b547eb7f48b52bb45256f9c66464e00382da6b084628f1edc5ddc19d2"",""answer_fingerprint"":""b850dd09b978b3960f75d2c5a9626d9cec098bd7367b04ac141e92a1588d62f6"",""semantic_signature_sha256"":""386ffb6d584a1521ba17d838e49cd21a6ba4b87eb0fce207dfb4617abf88db0b"",""structure_signature"":{""gates"":2,""edges"":5,""answers"":1,""derivations"":1,""canonical_bytes"":2357},""construct_total_ms"":958.568,""client_unattributed_ms"":0.077},{""requested_mode"":""flat"",""effective_mode"":""flat"",""fallback_reason"":null,""plan_steps"":1,""feedback_steps"":0,""feedback_triples"":0,""construct_query_ms"":931.252,""feedback_update_ms"":0.0,""cleanup_ms"":0.0,""client_protocol_ms"":0.0,""network_scope"":""construct+feedback+cleanup"",""circuit_sha256"":""96c58e7b547eb7f48b52bb45256f9c66464e00382da6b084628f1edc5ddc19d2"",""answer_fingerprint"":""b850dd09b978b3960f75d2c5a9626d9cec098bd7367b04ac141e92a1588d62f6"",""semantic_signature_sha256"":""386ffb6d584a1521ba17d838e49cd21a6ba4b87eb0fce207dfb4617abf88db0b"",""structure_signature"":{""gates"":2,""edges"":5,""answers"":1,""derivations"":1,""canonical_bytes"":2357},""construct_total_ms"":931.971,""client_unattributed_ms"":0.115}],""construct_total_samples"":[933.671,949.177,971.161,958.568,931.971],""construct_unattributed_samples"":[0.067,0.076,0.076,0.077,0.115],""status"":""ok"",""status_evidence"":null,""c_warmup_signatures"":[""386ffb6d584a1521ba17d838e49cd21a6ba4b87eb0fce207dfb4617abf88db0b""],""measured_semantic_signature_sha256"":""386ffb6d584a1521ba17d838e49cd21a6ba4b87eb0fce207dfb4617abf88db0b"",""measured_repetitions_consistent"":true,""endpoint_lock"":{""wait_ms"":0.007,""lock_path"":""/tmp/sparqlcirc-r9-endpoint-locks-v7/95f85b19db76321fdab33c70bb05485617743f83e3c9c07ce9e365b03fd9b106.lock""},""construction_requested"":""flat"",""construction_effective"":""flat"",""commit"":""53437ec4699b3ccdb544ea926ab1b26db45d27c5"",""batch_id"":""d36237009740106595e7855f832d6339a5e871163126c1afdb7ada72438cdf10"",""query_sha256"":""be92ea13409cc5816a7820f5d9231cb1e43d4ea746a92a57b97ca2d3c79dc20c"",""engine"":""graphdb"",""engine_version"":""GraphDB (RDF4J) [engines.json profile]"",""scale"":""10M"",""base_endpoint_sha256"":""d469fb81abed135738f704ddf57de41e98939ca5bbb2509a18a42b807368aa35"",""reified_endpoint_sha256"":""1dd1196abdf2d40865f5b4bc27acd5317de9ef00443776c930991278501566aa"",""update_endpoint_sha256"":""84611d18787ae81d7e9fa8ea2c2cf2319e90db0620f009a8ca19b85486a57c7a"",""base_data_identity_sha256"":""59fb59a04cd20e6dec9ee47cf1de02734068a3328cade998a3fc44a746054ea8"",""reified_data_identity_sha256"":""a42a308bd2c5294f3aa79a1a3b15804d4137fd68d7677d9adc037e257a217e76"",""update_for"":""reified"",""access_mode"":""writable"",""base_data_name"":""exploratory-base"",""reified_data_name"":""exploratory-reified"",""update_canary_sha256"":""41997fb8640d9e765a0272879a63548eb9bd46bbf6e49da02b7c924e506b94f7"",""store_instance_sha256"":""95f85b19db76321fdab33c70bb05485617743f83e3c9c07ce9e365b03fd9b106"",""store_discriminator_sha256"":""f9ff8d30db2db1840ca1585b5598b1cf4d1d06ac2adb86a55b430669507fabff"",""tool_sha256"":""b38a65fc0c1a91e138f057f7b6c08d21c328463aceb40ffda53fc759f99d2f7a"",""java_runtime_sha256"":""bdd50c08a90e2fb713541b8a118df6250246a917edc41a6776aeafc90b472687"",""run_identity_sha256"":""d33e154dc855c4a2dd9beb4b42def7d15be74a0e3fcfe2cb440f0a81ee0d8a6d""}"
53437ec4699b3ccdb544ea926ab1b26db45d27c5,graphdb,GraphDB (RDF4J) [engines.json profile],10M,S,S5,00,691e7a0abcd7232efe06742dc0cffd6f1c1bb58adb1206c47f9a3c8bb38753fb,B,base-select,ok,26,5.1,3.8,5.5,4.7,0.8,1,5,180.0,1288,0.0,,,,,0.007161,"[3.816, 5.498, 5.068, 3.763, 5.189]","[0.0, 0.0, 0.0, 0.0, 0.0]",,[],,[],,[],r9.2-frozen-identity-v7,d36237009740106595e7855f832d6339a5e871163126c1afdb7ada72438cdf10,csv-binding-multiset-v1,26,891c19b1f9524fef28babe1ef17e1b435563a0d71a4909a058d1e565f27109e2,,,,,,,,d469fb81abed135738f704ddf57de41e98939ca5bbb2509a18a42b807368aa35,1dd1196abdf2d40865f5b4bc27acd5317de9ef00443776c930991278501566aa,84611d18787ae81d7e9fa8ea2c2cf2319e90db0620f009a8ca19b85486a57c7a,59fb59a04cd20e6dec9ee47cf1de02734068a3328cade998a3fc44a746054ea8,a42a308bd2c5294f3aa79a1a3b15804d4137fd68d7677d9adc037e257a217e76,reified,writable,exploratory-base,exploratory-reified,41997fb8640d9e765a0272879a63548eb9bd46bbf6e49da02b7c924e506b94f7,95f85b19db76321fdab33c70bb05485617743f83e3c9c07ce9e365b03fd9b106,f9ff8d30db2db1840ca1585b5598b1cf4d1d06ac2adb86a55b430669507fabff,b38a65fc0c1a91e138f057f7b6c08d21c328463aceb40ffda53fc759f99d2f7a,bdd50c08a90e2fb713541b8a118df6250246a917edc41a6776aeafc90b472687,4060e243d6c69e444d8c551497ee2c9971e94e232a69631c75c4547f9d627819,"pcm-meta-v2:{""protocol"":""r9.2-frozen-identity-v7"",""message"":"""",""cell_wall_ms"":35.987,""answer_kind"":""csv-binding-multiset-v1"",""answer_key_count"":26,""answer_fingerprint"":""891c19b1f9524fef28babe1ef17e1b435563a0d71a4909a058d1e565f27109e2"",""c_parse_samples"":[0.0,0.0,0.0,0.0,0.0],""c_protocol_samples"":[],""construct_total_samples"":[],""construct_unattributed_samples"":[],""status"":""ok"",""status_evidence"":null,""construction_requested"":null,""construction_effective"":null,""commit"":""53437ec4699b3ccdb544ea926ab1b26db45d27c5"",""batch_id"":""d36237009740106595e7855f832d6339a5e871163126c1afdb7ada72438cdf10"",""query_sha256"":""691e7a0abcd7232efe06742dc0cffd6f1c1bb58adb1206c47f9a3c8bb38753fb"",""engine"":""graphdb"",""engine_version"":""GraphDB (RDF4J) [engines.json profile]"",""scale"":""10M"",""base_endpoint_sha256"":""d469fb81abed135738f704ddf57de41e98939ca5bbb2509a18a42b807368aa35"",""reified_endpoint_sha256"":""1dd1196abdf2d40865f5b4bc27acd5317de9ef00443776c930991278501566aa"",""update_endpoint_sha256"":""84611d18787ae81d7e9fa8ea2c2cf2319e90db0620f009a8ca19b85486a57c7a"",""base_data_identity_sha256"":""59fb59a04cd20e6dec9ee47cf1de02734068a3328cade998a3fc44a746054ea8"",""reified_data_identity_sha256"":""a42a308bd2c5294f3aa79a1a3b15804d4137fd68d7677d9adc037e257a217e76"",""update_for"":""reified"",""access_mode"":""writable"",""base_data_name"":""exploratory-base"",""reified_data_name"":""exploratory-reified"",""update_canary_sha256"":""41997fb8640d9e765a0272879a63548eb9bd46bbf6e49da02b7c924e506b94f7"",""store_instance_sha256"":""95f85b19db76321fdab33c70bb05485617743f83e3c9c07ce9e365b03fd9b106"",""store_discriminator_sha256"":""f9ff8d30db2db1840ca1585b5598b1cf4d1d06ac2adb86a55b430669507fabff"",""tool_sha256"":""b38a65fc0c1a91e138f057f7b6c08d21c328463aceb40ffda53fc759f99d2f7a"",""java_runtime_sha256"":""bdd50c08a90e2fb713541b8a118df6250246a917edc41a6776aeafc90b472687"",""run_identity_sha256"":""4060e243d6c69e444d8c551497ee2c9971e94e232a69631c75c4547f9d627819""}"
53437ec4699b3ccdb544ea926ab1b26db45d27c5,graphdb,GraphDB (RDF4J) [engines.json profile],10M,S,S5,00,691e7a0abcd7232efe06742dc0cffd6f1c1bb58adb1206c47f9a3c8bb38753fb,R,reification-only,ok,26,26.1,25.2,26.5,25.9,0.6,1,5,180.0,1288,0.0,,,,,131.08685,"[26.083, 25.337, 26.139, 26.502, 25.208]","[0.0, 0.0, 0.0, 0.0, 0.0]",,[],,[],,[],r9.2-frozen-identity-v7,d36237009740106595e7855f832d6339a5e871163126c1afdb7ada72438cdf10,csv-binding-multiset-v1,26,891c19b1f9524fef28babe1ef17e1b435563a0d71a4909a058d1e565f27109e2,,,,,,,,d469fb81abed135738f704ddf57de41e98939ca5bbb2509a18a42b807368aa35,1dd1196abdf2d40865f5b4bc27acd5317de9ef00443776c930991278501566aa,84611d18787ae81d7e9fa8ea2c2cf2319e90db0620f009a8ca19b85486a57c7a,59fb59a04cd20e6dec9ee47cf1de02734068a3328cade998a3fc44a746054ea8,a42a308bd2c5294f3aa79a1a3b15804d4137fd68d7677d9adc037e257a217e76,reified,writable,exploratory-base,exploratory-reified,41997fb8640d9e765a0272879a63548eb9bd46bbf6e49da02b7c924e506b94f7,95f85b19db76321fdab33c70bb05485617743f83e3c9c07ce9e365b03fd9b106,f9ff8d30db2db1840ca1585b5598b1cf4d1d06ac2adb86a55b430669507fabff,b38a65fc0c1a91e138f057f7b6c08d21c328463aceb40ffda53fc759f99d2f7a,bdd50c08a90e2fb713541b8a118df6250246a917edc41a6776aeafc90b472687,4060e243d6c69e444d8c551497ee2c9971e94e232a69631c75c4547f9d627819,"pcm-meta-v2:{""protocol"":""r9.2-frozen-identity-v7"",""message"":"""",""cell_wall_ms"":294.964,""answer_kind"":""csv-binding-multiset-v1"",""answer_key_count"":26,""answer_fingerprint"":""891c19b1f9524fef28babe1ef17e1b435563a0d71a4909a058d1e565f27109e2"",""c_parse_samples"":[0.0,0.0,0.0,0.0,0.0],""c_protocol_samples"":[],""construct_total_samples"":[],""construct_unattributed_samples"":[],""status"":""ok"",""status_evidence"":null,""construction_requested"":null,""construction_effective"":null,""commit"":""53437ec4699b3ccdb544ea926ab1b26db45d27c5"",""batch_id"":""d36237009740106595e7855f832d6339a5e871163126c1afdb7ada72438cdf10"",""query_sha256"":""691e7a0abcd7232efe06742dc0cffd6f1c1bb58adb1206c47f9a3c8bb38753fb"",""engine"":""graphdb"",""engine_version"":""GraphDB (RDF4J) [engines.json profile]"",""scale"":""10M"",""base_endpoint_sha256"":""d469fb81abed135738f704ddf57de41e98939ca5bbb2509a18a42b807368aa35"",""reified_endpoint_sha256"":""1dd1196abdf2d40865f5b4bc27acd5317de9ef00443776c930991278501566aa"",""update_endpoint_sha256"":""84611d18787ae81d7e9fa8ea2c2cf2319e90db0620f009a8ca19b85486a57c7a"",""base_data_identity_sha256"":""59fb59a04cd20e6dec9ee47cf1de02734068a3328cade998a3fc44a746054ea8"",""reified_data_identity_sha256"":""a42a308bd2c5294f3aa79a1a3b15804d4137fd68d7677d9adc037e257a217e76"",""update_for"":""reified"",""access_mode"":""writable"",""base_data_name"":""exploratory-base"",""reified_data_name"":""exploratory-reified"",""update_canary_sha256"":""41997fb8640d9e765a0272879a63548eb9bd46bbf6e49da02b7c924e506b94f7"",""store_instance_sha256"":""95f85b19db76321fdab33c70bb05485617743f83e3c9c07ce9e365b03fd9b106"",""store_discriminator_sha256"":""f9ff8d30db2db1840ca1585b5598b1cf4d1d06ac2adb86a55b430669507fabff"",""tool_sha256"":""b38a65fc0c1a91e138f057f7b6c08d21c328463aceb40ffda53fc759f99d2f7a"",""java_runtime_sha256"":""bdd50c08a90e2fb713541b8a118df6250246a917edc41a6776aeafc90b472687"",""run_identity_sha256"":""4060e243d6c69e444d8c551497ee2c9971e94e232a69631c75c4547f9d627819""}"
53437ec4699b3ccdb544ea926ab1b26db45d27c5,graphdb,GraphDB (RDF4J) [engines.json profile],10M,S,S5,00,691e7a0abcd7232efe06742dc0cffd6f1c1bb58adb1206c47f9a3c8bb38753fb,N,N_clean (NPCS reimplementation),ok,26,46.2,45.9,47.8,46.5,0.7,1,5,180.0,3034,0.0,,,,26,176.521641,"[45.944, 46.25, 47.779, 46.13, 46.573]","[0.0, 0.0, 0.0, 0.0, 0.0]",,[],,[],,[],r9.2-frozen-identity-v7,d36237009740106595e7855f832d6339a5e871163126c1afdb7ada72438cdf10,csv-candidate-multiset-v1,26,891c19b1f9524fef28babe1ef17e1b435563a0d71a4909a058d1e565f27109e2,,,,,,,,d469fb81abed135738f704ddf57de41e98939ca5bbb2509a18a42b807368aa35,1dd1196abdf2d40865f5b4bc27acd5317de9ef00443776c930991278501566aa,84611d18787ae81d7e9fa8ea2c2cf2319e90db0620f009a8ca19b85486a57c7a,59fb59a04cd20e6dec9ee47cf1de02734068a3328cade998a3fc44a746054ea8,a42a308bd2c5294f3aa79a1a3b15804d4137fd68d7677d9adc037e257a217e76,reified,writable,exploratory-base,exploratory-reified,41997fb8640d9e765a0272879a63548eb9bd46bbf6e49da02b7c924e506b94f7,95f85b19db76321fdab33c70bb05485617743f83e3c9c07ce9e365b03fd9b106,f9ff8d30db2db1840ca1585b5598b1cf4d1d06ac2adb86a55b430669507fabff,b38a65fc0c1a91e138f057f7b6c08d21c328463aceb40ffda53fc759f99d2f7a,bdd50c08a90e2fb713541b8a118df6250246a917edc41a6776aeafc90b472687,4060e243d6c69e444d8c551497ee2c9971e94e232a69631c75c4547f9d627819,"pcm-meta-v2:{""protocol"":""r9.2-frozen-identity-v7"",""message"":"""",""cell_wall_ms"":471.913,""answer_kind"":""csv-candidate-multiset-v1"",""answer_key_count"":26,""answer_fingerprint"":""891c19b1f9524fef28babe1ef17e1b435563a0d71a4909a058d1e565f27109e2"",""c_parse_samples"":[0.0,0.0,0.0,0.0,0.0],""c_protocol_samples"":[],""construct_total_samples"":[],""construct_unattributed_samples"":[],""status"":""ok"",""status_evidence"":null,""construction_requested"":null,""construction_effective"":null,""commit"":""53437ec4699b3ccdb544ea926ab1b26db45d27c5"",""batch_id"":""d36237009740106595e7855f832d6339a5e871163126c1afdb7ada72438cdf10"",""query_sha256"":""691e7a0abcd7232efe06742dc0cffd6f1c1bb58adb1206c47f9a3c8bb38753fb"",""engine"":""graphdb"",""engine_version"":""GraphDB (RDF4J) [engines.json profile]"",""scale"":""10M"",""base_endpoint_sha256"":""d469fb81abed135738f704ddf57de41e98939ca5bbb2509a18a42b807368aa35"",""reified_endpoint_sha256"":""1dd1196abdf2d40865f5b4bc27acd5317de9ef00443776c930991278501566aa"",""update_endpoint_sha256"":""84611d18787ae81d7e9fa8ea2c2cf2319e90db0620f009a8ca19b85486a57c7a"",""base_data_identity_sha256"":""59fb59a04cd20e6dec9ee47cf1de02734068a3328cade998a3fc44a746054ea8"",""reified_data_identity_sha256"":""a42a308bd2c5294f3aa79a1a3b15804d4137fd68d7677d9adc037e257a217e76"",""update_for"":""reified"",""access_mode"":""writable"",""base_data_name"":""exploratory-base"",""reified_data_name"":""exploratory-reified"",""update_canary_sha256"":""41997fb8640d9e765a0272879a63548eb9bd46bbf6e49da02b7c924e506b94f7"",""store_instance_sha256"":""95f85b19db76321fdab33c70bb05485617743f83e3c9c07ce9e365b03fd9b106"",""store_discriminator_sha256"":""f9ff8d30db2db1840ca1585b5598b1cf4d1d06ac2adb86a55b430669507fabff"",""tool_sha256"":""b38a65fc0c1a91e138f057f7b6c08d21c328463aceb40ffda53fc759f99d2f7a"",""java_runtime_sha256"":""bdd50c08a90e2fb713541b8a118df6250246a917edc41a6776aeafc90b472687"",""run_identity_sha256"":""4060e243d6c69e444d8c551497ee2c9971e94e232a69631c75c4547f9d627819""}"
53437ec4699b3ccdb544ea926ab1b26db45d27c5,graphdb,GraphDB (RDF4J) [engines.json profile],10M,S,S5,00,691e7a0abcd7232efe06742dc0cffd6f1c1bb58adb1206c47f9a3c8bb38753fb,C,SPARQLcirc CircuitRewriter,ok,26,292.5,289.7,354.8,304.4,28.2,1,5,180.0,38584,3.4,52,130,26,,354.841349,"[295.032, 290.151, 292.487, 289.703, 354.817]","[3.416, 3.337, 3.49, 3.381, 3.748]",0.0,"[0.0, 0.0, 0.0, 0.0, 0.0]",296.1,"[298.54, 293.577, 296.086, 293.166, 358.646]",0.1,"[0.091, 0.089, 0.109, 0.083, 0.081]",r9.2-frozen-identity-v7,d36237009740106595e7855f832d6339a5e871163126c1afdb7ada72438cdf10,term-aware-candidate-set-v1,26,58e907040cb1e36d32bde5178127b15ead6e5826627990f0f4d07fa319287328,flat,flat,d78fd92b48bec44ae6d6c70443e2d0a49196744134e188378ed7610457fa48a0,,,,,d469fb81abed135738f704ddf57de41e98939ca5bbb2509a18a42b807368aa35,1dd1196abdf2d40865f5b4bc27acd5317de9ef00443776c930991278501566aa,84611d18787ae81d7e9fa8ea2c2cf2319e90db0620f009a8ca19b85486a57c7a,59fb59a04cd20e6dec9ee47cf1de02734068a3328cade998a3fc44a746054ea8,a42a308bd2c5294f3aa79a1a3b15804d4137fd68d7677d9adc037e257a217e76,reified,writable,exploratory-base,exploratory-reified,41997fb8640d9e765a0272879a63548eb9bd46bbf6e49da02b7c924e506b94f7,95f85b19db76321fdab33c70bb05485617743f83e3c9c07ce9e365b03fd9b106,f9ff8d30db2db1840ca1585b5598b1cf4d1d06ac2adb86a55b430669507fabff,b38a65fc0c1a91e138f057f7b6c08d21c328463aceb40ffda53fc759f99d2f7a,bdd50c08a90e2fb713541b8a118df6250246a917edc41a6776aeafc90b472687,4060e243d6c69e444d8c551497ee2c9971e94e232a69631c75c4547f9d627819,"pcm-meta-v2:{""protocol"":""r9.2-frozen-identity-v7"",""message"":""C requested=flat effective=flat; steps=1 feedback=0; network includes CONSTRUCT, feedback INSERT, and cleanup DELETE"",""cell_wall_ms"":2201.182,""answer_kind"":""term-aware-candidate-set-v1"",""answer_key_count"":26,""answer_fingerprint"":""58e907040cb1e36d32bde5178127b15ead6e5826627990f0f4d07fa319287328"",""c_parse_samples"":[3.416,3.337,3.49,3.381,3.748],""c_protocol_samples"":[{""requested_mode"":""flat"",""effective_mode"":""flat"",""fallback_reason"":null,""plan_steps"":1,""feedback_steps"":0,""feedback_triples"":0,""construct_query_ms"":295.032,""feedback_update_ms"":0.0,""cleanup_ms"":0.0,""client_protocol_ms"":0.0,""network_scope"":""construct+feedback+cleanup"",""circuit_sha256"":""d78fd92b48bec44ae6d6c70443e2d0a49196744134e188378ed7610457fa48a0"",""answer_fingerprint"":""58e907040cb1e36d32bde5178127b15ead6e5826627990f0f4d07fa319287328"",""semantic_signature_sha256"":""5cd4c88d2d8e3fa2dfdddf4f7589f74699413f132d5a1dd08322fd0238f32681"",""structure_signature"":{""gates"":52,""edges"":130,""answers"":26,""derivations"":26,""canonical_bytes"":38584},""construct_total_ms"":298.54,""client_unattributed_ms"":0.091},{""requested_mode"":""flat"",""effective_mode"":""flat"",""fallback_reason"":null,""plan_steps"":1,""feedback_steps"":0,""feedback_triples"":0,""construct_query_ms"":290.151,""feedback_update_ms"":0.0,""cleanup_ms"":0.0,""client_protocol_ms"":0.0,""network_scope"":""construct+feedback+cleanup"",""circuit_sha256"":""d78fd92b48bec44ae6d6c70443e2d0a49196744134e188378ed7610457fa48a0"",""answer_fingerprint"":""58e907040cb1e36d32bde5178127b15ead6e5826627990f0f4d07fa319287328"",""semantic_signature_sha256"":""5cd4c88d2d8e3fa2dfdddf4f7589f74699413f132d5a1dd08322fd0238f32681"",""structure_signature"":{""gates"":52,""edges"":130,""answers"":26,""derivations"":26,""canonical_bytes"":38584},""construct_total_ms"":293.577,""client_unattributed_ms"":0.089},{""requested_mode"":""flat"",""effective_mode"":""flat"",""fallback_reason"":null,""plan_steps"":1,""feedback_steps"":0,""feedback_triples"":0,""construct_query_ms"":292.487,""feedback_update_ms"":0.0,""cleanup_ms"":0.0,""client_protocol_ms"":0.0,""network_scope"":""construct+feedback+cleanup"",""circuit_sha256"":""d78fd92b48bec44ae6d6c70443e2d0a49196744134e188378ed7610457fa48a0"",""answer_fingerprint"":""58e907040cb1e36d32bde5178127b15ead6e5826627990f0f4d07fa319287328"",""semantic_signature_sha256"":""5cd4c88d2d8e3fa2dfdddf4f7589f74699413f132d5a1dd08322fd0238f32681"",""structure_signature"":{""gates"":52,""edges"":130,""answers"":26,""derivations"":26,""canonical_bytes"":38584},""construct_total_ms"":296.086,""client_unattributed_ms"":0.109},{""requested_mode"":""flat"",""effective_mode"":""flat"",""fallback_reason"":null,""plan_steps"":1,""feedback_steps"":0,""feedback_triples"":0,""construct_query_ms"":289.703,""feedback_update_ms"":0.0,""cleanup_ms"":0.0,""client_protocol_ms"":0.0,""network_scope"":""construct+feedback+cleanup"",""circuit_sha256"":""d78fd92b48bec44ae6d6c70443e2d0a49196744134e188378ed7610457fa48a0"",""answer_fingerprint"":""58e907040cb1e36d32bde5178127b15ead6e5826627990f0f4d07fa319287328"",""semantic_signature_sha256"":""5cd4c88d2d8e3fa2dfdddf4f7589f74699413f132d5a1dd08322fd0238f32681"",""structure_signature"":{""gates"":52,""edges"":130,""answers"":26,""derivations"":26,""canonical_bytes"":38584},""construct_total_ms"":293.166,""client_unattributed_ms"":0.083},{""requested_mode"":""flat"",""effective_mode"":""flat"",""fallback_reason"":null,""plan_steps"":1,""feedback_steps"":0,""feedback_triples"":0,""construct_query_ms"":354.817,""feedback_update_ms"":0.0,""cleanup_ms"":0.0,""client_protocol_ms"":0.0,""network_scope"":""construct+feedback+cleanup"",""circuit_sha256"":""d78fd92b48bec44ae6d6c70443e2d0a49196744134e188378ed7610457fa48a0"",""answer_fingerprint"":""58e907040cb1e36d32bde5178127b15ead6e5826627990f0f4d07fa319287328"",""semantic_signature_sha256"":""5cd4c88d2d8e3fa2dfdddf4f7589f74699413f132d5a1dd08322fd0238f32681"",""structure_signature"":{""gates"":52,""edges"":130,""answers"":26,""derivations"":26,""canonical_bytes"":38584},""construct_total_ms"":358.646,""client_unattributed_ms"":0.081}],""construct_total_samples"":[298.54,293.577,296.086,293.166,358.646],""construct_unattributed_samples"":[0.091,0.089,0.109,0.083,0.081],""status"":""ok"",""status_evidence"":null,""c_warmup_signatures"":[""5cd4c88d2d8e3fa2dfdddf4f7589f74699413f132d5a1dd08322fd0238f32681""],""measured_semantic_signature_sha256"":""5cd4c88d2d8e3fa2dfdddf4f7589f74699413f132d5a1dd08322fd0238f32681"",""measured_repetitions_consistent"":true,""endpoint_lock"":{""wait_ms"":0.007,""lock_path"":""/tmp/sparqlcirc-r9-endpoint-locks-v7/95f85b19db76321fdab33c70bb05485617743f83e3c9c07ce9e365b03fd9b106.lock""},""construction_requested"":""flat"",""construction_effective"":""flat"",""commit"":""53437ec4699b3ccdb544ea926ab1b26db45d27c5"",""batch_id"":""d36237009740106595e7855f832d6339a5e871163126c1afdb7ada72438cdf10"",""query_sha256"":""691e7a0abcd7232efe06742dc0cffd6f1c1bb58adb1206c47f9a3c8bb38753fb"",""engine"":""graphdb"",""engine_version"":""GraphDB (RDF4J) [engines.json profile]"",""scale"":""10M"",""base_endpoint_sha256"":""d469fb81abed135738f704ddf57de41e98939ca5bbb2509a18a42b807368aa35"",""reified_endpoint_sha256"":""1dd1196abdf2d40865f5b4bc27acd5317de9ef00443776c930991278501566aa"",""update_endpoint_sha256"":""84611d18787ae81d7e9fa8ea2c2cf2319e90db0620f009a8ca19b85486a57c7a"",""base_data_identity_sha256"":""59fb59a04cd20e6dec9ee47cf1de02734068a3328cade998a3fc44a746054ea8"",""reified_data_identity_sha256"":""a42a308bd2c5294f3aa79a1a3b15804d4137fd68d7677d9adc037e257a217e76"",""update_for"":""reified"",""access_mode"":""writable"",""base_data_name"":""exploratory-base"",""reified_data_name"":""exploratory-reified"",""update_canary_sha256"":""41997fb8640d9e765a0272879a63548eb9bd46bbf6e49da02b7c924e506b94f7"",""store_instance_sha256"":""95f85b19db76321fdab33c70bb05485617743f83e3c9c07ce9e365b03fd9b106"",""store_discriminator_sha256"":""f9ff8d30db2db1840ca1585b5598b1cf4d1d06ac2adb86a55b430669507fabff"",""tool_sha256"":""b38a65fc0c1a91e138f057f7b6c08d21c328463aceb40ffda53fc759f99d2f7a"",""java_runtime_sha256"":""bdd50c08a90e2fb713541b8a118df6250246a917edc41a6776aeafc90b472687"",""run_identity_sha256"":""4060e243d6c69e444d8c551497ee2c9971e94e232a69631c75c4547f9d627819""}"
53437ec4699b3ccdb544ea926ab1b26db45d27c5,graphdb,GraphDB (RDF4J) [engines.json profile],10M,S,S6,00,3a9de4be91a376d912945053f743c79042392d6a11ce089a2d71c37c156ec248,B,base-select,ok,2,3.8,2.7,4.2,3.7,0.6,1,5,180.0,101,0.0,,,,,0.00676,"[4.12, 3.751, 3.657, 2.688, 4.158]","[0.0, 0.0, 0.0, 0.0, 0.0]",,[],,[],,[],r9.2-frozen-identity-v7,d36237009740106595e7855f832d6339a5e871163126c1afdb7ada72438cdf10,csv-binding-multiset-v1,2,b1924cc70061e4ffeec54dbe3a644bbad6470209ee3693f929b67eed2d4a7944,,,,,,,,d469fb81abed135738f704ddf57de41e98939ca5bbb2509a18a42b807368aa35,1dd1196abdf2d40865f5b4bc27acd5317de9ef00443776c930991278501566aa,84611d18787ae81d7e9fa8ea2c2cf2319e90db0620f009a8ca19b85486a57c7a,59fb59a04cd20e6dec9ee47cf1de02734068a3328cade998a3fc44a746054ea8,a42a308bd2c5294f3aa79a1a3b15804d4137fd68d7677d9adc037e257a217e76,reified,writable,exploratory-base,exploratory-reified,41997fb8640d9e765a0272879a63548eb9bd46bbf6e49da02b7c924e506b94f7,95f85b19db76321fdab33c70bb05485617743f83e3c9c07ce9e365b03fd9b106,f9ff8d30db2db1840ca1585b5598b1cf4d1d06ac2adb86a55b430669507fabff,b38a65fc0c1a91e138f057f7b6c08d21c328463aceb40ffda53fc759f99d2f7a,bdd50c08a90e2fb713541b8a118df6250246a917edc41a6776aeafc90b472687,690c7c4decc0d705a57c695ee8ce319cea81be306410190c447bac44c5b52629,"pcm-meta-v2:{""protocol"":""r9.2-frozen-identity-v7"",""message"":"""",""cell_wall_ms"":30.122,""answer_kind"":""csv-binding-multiset-v1"",""answer_key_count"":2,""answer_fingerprint"":""b1924cc70061e4ffeec54dbe3a644bbad6470209ee3693f929b67eed2d4a7944"",""c_parse_samples"":[0.0,0.0,0.0,0.0,0.0],""c_protocol_samples"":[],""construct_total_samples"":[],""construct_unattributed_samples"":[],""status"":""ok"",""status_evidence"":null,""construction_requested"":null,""construction_effective"":null,""commit"":""53437ec4699b3ccdb544ea926ab1b26db45d27c5"",""batch_id"":""d36237009740106595e7855f832d6339a5e871163126c1afdb7ada72438cdf10"",""query_sha256"":""3a9de4be91a376d912945053f743c79042392d6a11ce089a2d71c37c156ec248"",""engine"":""graphdb"",""engine_version"":""GraphDB (RDF4J) [engines.json profile]"",""scale"":""10M"",""base_endpoint_sha256"":""d469fb81abed135738f704ddf57de41e98939ca5bbb2509a18a42b807368aa35"",""reified_endpoint_sha256"":""1dd1196abdf2d40865f5b4bc27acd5317de9ef00443776c930991278501566aa"",""update_endpoint_sha256"":""84611d18787ae81d7e9fa8ea2c2cf2319e90db0620f009a8ca19b85486a57c7a"",""base_data_identity_sha256"":""59fb59a04cd20e6dec9ee47cf1de02734068a3328cade998a3fc44a746054ea8"",""reified_data_identity_sha256"":""a42a308bd2c5294f3aa79a1a3b15804d4137fd68d7677d9adc037e257a217e76"",""update_for"":""reified"",""access_mode"":""writable"",""base_data_name"":""exploratory-base"",""reified_data_name"":""exploratory-reified"",""update_canary_sha256"":""41997fb8640d9e765a0272879a63548eb9bd46bbf6e49da02b7c924e506b94f7"",""store_instance_sha256"":""95f85b19db76321fdab33c70bb05485617743f83e3c9c07ce9e365b03fd9b106"",""store_discriminator_sha256"":""f9ff8d30db2db1840ca1585b5598b1cf4d1d06ac2adb86a55b430669507fabff"",""tool_sha256"":""b38a65fc0c1a91e138f057f7b6c08d21c328463aceb40ffda53fc759f99d2f7a"",""java_runtime_sha256"":""bdd50c08a90e2fb713541b8a118df6250246a917edc41a6776aeafc90b472687"",""run_identity_sha256"":""690c7c4decc0d705a57c695ee8ce319cea81be306410190c447bac44c5b52629""}"
53437ec4699b3ccdb544ea926ab1b26db45d27c5,graphdb,GraphDB (RDF4J) [engines.json profile],10M,S,S6,00,3a9de4be91a376d912945053f743c79042392d6a11ce089a2d71c37c156ec248,R,reification-only,ok,2,5.8,4.8,6.9,5.8,0.8,1,5,180.0,101,0.0,,,,,129.097769,"[4.769, 5.757, 6.914, 5.21, 6.109]","[0.0, 0.0, 0.0, 0.0, 0.0]",,[],,[],,[],r9.2-frozen-identity-v7,d36237009740106595e7855f832d6339a5e871163126c1afdb7ada72438cdf10,csv-binding-multiset-v1,2,b1924cc70061e4ffeec54dbe3a644bbad6470209ee3693f929b67eed2d4a7944,,,,,,,,d469fb81abed135738f704ddf57de41e98939ca5bbb2509a18a42b807368aa35,1dd1196abdf2d40865f5b4bc27acd5317de9ef00443776c930991278501566aa,84611d18787ae81d7e9fa8ea2c2cf2319e90db0620f009a8ca19b85486a57c7a,59fb59a04cd20e6dec9ee47cf1de02734068a3328cade998a3fc44a746054ea8,a42a308bd2c5294f3aa79a1a3b15804d4137fd68d7677d9adc037e257a217e76,reified,writable,exploratory-base,exploratory-reified,41997fb8640d9e765a0272879a63548eb9bd46bbf6e49da02b7c924e506b94f7,95f85b19db76321fdab33c70bb05485617743f83e3c9c07ce9e365b03fd9b106,f9ff8d30db2db1840ca1585b5598b1cf4d1d06ac2adb86a55b430669507fabff,b38a65fc0c1a91e138f057f7b6c08d21c328463aceb40ffda53fc759f99d2f7a,bdd50c08a90e2fb713541b8a118df6250246a917edc41a6776aeafc90b472687,690c7c4decc0d705a57c695ee8ce319cea81be306410190c447bac44c5b52629,"pcm-meta-v2:{""protocol"":""r9.2-frozen-identity-v7"",""message"":"""",""cell_wall_ms"":172.334,""answer_kind"":""csv-binding-multiset-v1"",""answer_key_count"":2,""answer_fingerprint"":""b1924cc70061e4ffeec54dbe3a644bbad6470209ee3693f929b67eed2d4a7944"",""c_parse_samples"":[0.0,0.0,0.0,0.0,0.0],""c_protocol_samples"":[],""construct_total_samples"":[],""construct_unattributed_samples"":[],""status"":""ok"",""status_evidence"":null,""construction_requested"":null,""construction_effective"":null,""commit"":""53437ec4699b3ccdb544ea926ab1b26db45d27c5"",""batch_id"":""d36237009740106595e7855f832d6339a5e871163126c1afdb7ada72438cdf10"",""query_sha256"":""3a9de4be91a376d912945053f743c79042392d6a11ce089a2d71c37c156ec248"",""engine"":""graphdb"",""engine_version"":""GraphDB (RDF4J) [engines.json profile]"",""scale"":""10M"",""base_endpoint_sha256"":""d469fb81abed135738f704ddf57de41e98939ca5bbb2509a18a42b807368aa35"",""reified_endpoint_sha256"":""1dd1196abdf2d40865f5b4bc27acd5317de9ef00443776c930991278501566aa"",""update_endpoint_sha256"":""84611d18787ae81d7e9fa8ea2c2cf2319e90db0620f009a8ca19b85486a57c7a"",""base_data_identity_sha256"":""59fb59a04cd20e6dec9ee47cf1de02734068a3328cade998a3fc44a746054ea8"",""reified_data_identity_sha256"":""a42a308bd2c5294f3aa79a1a3b15804d4137fd68d7677d9adc037e257a217e76"",""update_for"":""reified"",""access_mode"":""writable"",""base_data_name"":""exploratory-base"",""reified_data_name"":""exploratory-reified"",""update_canary_sha256"":""41997fb8640d9e765a0272879a63548eb9bd46bbf6e49da02b7c924e506b94f7"",""store_instance_sha256"":""95f85b19db76321fdab33c70bb05485617743f83e3c9c07ce9e365b03fd9b106"",""store_discriminator_sha256"":""f9ff8d30db2db1840ca1585b5598b1cf4d1d06ac2adb86a55b430669507fabff"",""tool_sha256"":""b38a65fc0c1a91e138f057f7b6c08d21c328463aceb40ffda53fc759f99d2f7a"",""java_runtime_sha256"":""bdd50c08a90e2fb713541b8a118df6250246a917edc41a6776aeafc90b472687"",""run_identity_sha256"":""690c7c4decc0d705a57c695ee8ce319cea81be306410190c447bac44c5b52629""}"
53437ec4699b3ccdb544ea926ab1b26db45d27c5,graphdb,GraphDB (RDF4J) [engines.json profile],10M,S,S6,00,3a9de4be91a376d912945053f743c79042392d6a11ce089a2d71c37c156ec248,N,N_clean (NPCS reimplementation),ok,2,5.8,5.5,7.1,6.0,0.7,1,5,180.0,235,0.0,,,,2,178.456391,"[6.141, 5.768, 7.13, 5.457, 5.607]","[0.0, 0.0, 0.0, 0.0, 0.0]",,[],,[],,[],r9.2-frozen-identity-v7,d36237009740106595e7855f832d6339a5e871163126c1afdb7ada72438cdf10,csv-candidate-multiset-v1,2,b1924cc70061e4ffeec54dbe3a644bbad6470209ee3693f929b67eed2d4a7944,,,,,,,,d469fb81abed135738f704ddf57de41e98939ca5bbb2509a18a42b807368aa35,1dd1196abdf2d40865f5b4bc27acd5317de9ef00443776c930991278501566aa,84611d18787ae81d7e9fa8ea2c2cf2319e90db0620f009a8ca19b85486a57c7a,59fb59a04cd20e6dec9ee47cf1de02734068a3328cade998a3fc44a746054ea8,a42a308bd2c5294f3aa79a1a3b15804d4137fd68d7677d9adc037e257a217e76,reified,writable,exploratory-base,exploratory-reified,41997fb8640d9e765a0272879a63548eb9bd46bbf6e49da02b7c924e506b94f7,95f85b19db76321fdab33c70bb05485617743f83e3c9c07ce9e365b03fd9b106,f9ff8d30db2db1840ca1585b5598b1cf4d1d06ac2adb86a55b430669507fabff,b38a65fc0c1a91e138f057f7b6c08d21c328463aceb40ffda53fc759f99d2f7a,bdd50c08a90e2fb713541b8a118df6250246a917edc41a6776aeafc90b472687,690c7c4decc0d705a57c695ee8ce319cea81be306410190c447bac44c5b52629,"pcm-meta-v2:{""protocol"":""r9.2-frozen-identity-v7"",""message"":"""",""cell_wall_ms"":222.541,""answer_kind"":""csv-candidate-multiset-v1"",""answer_key_count"":2,""answer_fingerprint"":""b1924cc70061e4ffeec54dbe3a644bbad6470209ee3693f929b67eed2d4a7944"",""c_parse_samples"":[0.0,0.0,0.0,0.0,0.0],""c_protocol_samples"":[],""construct_total_samples"":[],""construct_unattributed_samples"":[],""status"":""ok"",""status_evidence"":null,""construction_requested"":null,""construction_effective"":null,""commit"":""53437ec4699b3ccdb544ea926ab1b26db45d27c5"",""batch_id"":""d36237009740106595e7855f832d6339a5e871163126c1afdb7ada72438cdf10"",""query_sha256"":""3a9de4be91a376d912945053f743c79042392d6a11ce089a2d71c37c156ec248"",""engine"":""graphdb"",""engine_version"":""GraphDB (RDF4J) [engines.json profile]"",""scale"":""10M"",""base_endpoint_sha256"":""d469fb81abed135738f704ddf57de41e98939ca5bbb2509a18a42b807368aa35"",""reified_endpoint_sha256"":""1dd1196abdf2d40865f5b4bc27acd5317de9ef00443776c930991278501566aa"",""update_endpoint_sha256"":""84611d18787ae81d7e9fa8ea2c2cf2319e90db0620f009a8ca19b85486a57c7a"",""base_data_identity_sha256"":""59fb59a04cd20e6dec9ee47cf1de02734068a3328cade998a3fc44a746054ea8"",""reified_data_identity_sha256"":""a42a308bd2c5294f3aa79a1a3b15804d4137fd68d7677d9adc037e257a217e76"",""update_for"":""reified"",""access_mode"":""writable"",""base_data_name"":""exploratory-base"",""reified_data_name"":""exploratory-reified"",""update_canary_sha256"":""41997fb8640d9e765a0272879a63548eb9bd46bbf6e49da02b7c924e506b94f7"",""store_instance_sha256"":""95f85b19db76321fdab33c70bb05485617743f83e3c9c07ce9e365b03fd9b106"",""store_discriminator_sha256"":""f9ff8d30db2db1840ca1585b5598b1cf4d1d06ac2adb86a55b430669507fabff"",""tool_sha256"":""b38a65fc0c1a91e138f057f7b6c08d21c328463aceb40ffda53fc759f99d2f7a"",""java_runtime_sha256"":""bdd50c08a90e2fb713541b8a118df6250246a917edc41a6776aeafc90b472687"",""run_identity_sha256"":""690c7c4decc0d705a57c695ee8ce319cea81be306410190c447bac44c5b52629""}"
53437ec4699b3ccdb544ea926ab1b26db45d27c5,graphdb,GraphDB (RDF4J) [engines.json profile],10M,S,S6,00,3a9de4be91a376d912945053f743c79042392d6a11ce089a2d71c37c156ec248,C,SPARQLcirc CircuitRewriter,ok,2,21.1,20.3,21.3,20.9,0.4,1,5,180.0,2750,0.3,4,8,2,,345.695556,"[21.059, 20.306, 21.1, 21.259, 20.978]","[0.341, 0.364, 0.338, 0.325, 0.324]",0.0,"[0.0, 0.0, 0.0, 0.0, 0.0]",21.5,"[21.476, 20.743, 21.521, 21.655, 21.368]",0.1,"[0.075, 0.073, 0.083, 0.072, 0.066]",r9.2-frozen-identity-v7,d36237009740106595e7855f832d6339a5e871163126c1afdb7ada72438cdf10,term-aware-candidate-set-v1,2,473e511d66d4bca4b4cb7f8021b5bc81eb3d2b7a25262497e6a78684d96470dc,flat,flat,c7e7284bb95b63936086c5aa2f7abc633add081f89e7fbaf909fa72f22bfd9a0,,,,,d469fb81abed135738f704ddf57de41e98939ca5bbb2509a18a42b807368aa35,1dd1196abdf2d40865f5b4bc27acd5317de9ef00443776c930991278501566aa,84611d18787ae81d7e9fa8ea2c2cf2319e90db0620f009a8ca19b85486a57c7a,59fb59a04cd20e6dec9ee47cf1de02734068a3328cade998a3fc44a746054ea8,a42a308bd2c5294f3aa79a1a3b15804d4137fd68d7677d9adc037e257a217e76,reified,writable,exploratory-base,exploratory-reified,41997fb8640d9e765a0272879a63548eb9bd46bbf6e49da02b7c924e506b94f7,95f85b19db76321fdab33c70bb05485617743f83e3c9c07ce9e365b03fd9b106,f9ff8d30db2db1840ca1585b5598b1cf4d1d06ac2adb86a55b430669507fabff,b38a65fc0c1a91e138f057f7b6c08d21c328463aceb40ffda53fc759f99d2f7a,bdd50c08a90e2fb713541b8a118df6250246a917edc41a6776aeafc90b472687,690c7c4decc0d705a57c695ee8ce319cea81be306410190c447bac44c5b52629,"pcm-meta-v2:{""protocol"":""r9.2-frozen-identity-v7"",""message"":""C requested=flat effective=flat; steps=1 feedback=0; network includes CONSTRUCT, feedback INSERT, and cleanup DELETE"",""cell_wall_ms"":479.905,""answer_kind"":""term-aware-candidate-set-v1"",""answer_key_count"":2,""answer_fingerprint"":""473e511d66d4bca4b4cb7f8021b5bc81eb3d2b7a25262497e6a78684d96470dc"",""c_parse_samples"":[0.341,0.364,0.338,0.325,0.324],""c_protocol_samples"":[{""requested_mode"":""flat"",""effective_mode"":""flat"",""fallback_reason"":null,""plan_steps"":1,""feedback_steps"":0,""feedback_triples"":0,""construct_query_ms"":21.059,""feedback_update_ms"":0.0,""cleanup_ms"":0.0,""client_protocol_ms"":0.0,""network_scope"":""construct+feedback+cleanup"",""circuit_sha256"":""c7e7284bb95b63936086c5aa2f7abc633add081f89e7fbaf909fa72f22bfd9a0"",""answer_fingerprint"":""473e511d66d4bca4b4cb7f8021b5bc81eb3d2b7a25262497e6a78684d96470dc"",""semantic_signature_sha256"":""cf66a35ad67c2a38d2689d1b7cf6bc287a47a74fb3d0c8f10501df1d05ac387d"",""structure_signature"":{""gates"":4,""edges"":8,""answers"":2,""derivations"":2,""canonical_bytes"":2750},""construct_total_ms"":21.476,""client_unattributed_ms"":0.075},{""requested_mode"":""flat"",""effective_mode"":""flat"",""fallback_reason"":null,""plan_steps"":1,""feedback_steps"":0,""feedback_triples"":0,""construct_query_ms"":20.306,""feedback_update_ms"":0.0,""cleanup_ms"":0.0,""client_protocol_ms"":0.0,""network_scope"":""construct+feedback+cleanup"",""circuit_sha256"":""c7e7284bb95b63936086c5aa2f7abc633add081f89e7fbaf909fa72f22bfd9a0"",""answer_fingerprint"":""473e511d66d4bca4b4cb7f8021b5bc81eb3d2b7a25262497e6a78684d96470dc"",""semantic_signature_sha256"":""cf66a35ad67c2a38d2689d1b7cf6bc287a47a74fb3d0c8f10501df1d05ac387d"",""structure_signature"":{""gates"":4,""edges"":8,""answers"":2,""derivations"":2,""canonical_bytes"":2750},""construct_total_ms"":20.743,""client_unattributed_ms"":0.073},{""requested_mode"":""flat"",""effective_mode"":""flat"",""fallback_reason"":null,""plan_steps"":1,""feedback_steps"":0,""feedback_triples"":0,""construct_query_ms"":21.1,""feedback_update_ms"":0.0,""cleanup_ms"":0.0,""client_protocol_ms"":0.0,""network_scope"":""construct+feedback+cleanup"",""circuit_sha256"":""c7e7284bb95b63936086c5aa2f7abc633add081f89e7fbaf909fa72f22bfd9a0"",""answer_fingerprint"":""473e511d66d4bca4b4cb7f8021b5bc81eb3d2b7a25262497e6a78684d96470dc"",""semantic_signature_sha256"":""cf66a35ad67c2a38d2689d1b7cf6bc287a47a74fb3d0c8f10501df1d05ac387d"",""structure_signature"":{""gates"":4,""edges"":8,""answers"":2,""derivations"":2,""canonical_bytes"":2750},""construct_total_ms"":21.521,""client_unattributed_ms"":0.083},{""requested_mode"":""flat"",""effective_mode"":""flat"",""fallback_reason"":null,""plan_steps"":1,""feedback_steps"":0,""feedback_triples"":0,""construct_query_ms"":21.259,""feedback_update_ms"":0.0,""cleanup_ms"":0.0,""client_protocol_ms"":0.0,""network_scope"":""construct+feedback+cleanup"",""circuit_sha256"":""c7e7284bb95b63936086c5aa2f7abc633add081f89e7fbaf909fa72f22bfd9a0"",""answer_fingerprint"":""473e511d66d4bca4b4cb7f8021b5bc81eb3d2b7a25262497e6a78684d96470dc"",""semantic_signature_sha256"":""cf66a35ad67c2a38d2689d1b7cf6bc287a47a74fb3d0c8f10501df1d05ac387d"",""structure_signature"":{""gates"":4,""edges"":8,""answers"":2,""derivations"":2,""canonical_bytes"":2750},""construct_total_ms"":21.655,""client_unattributed_ms"":0.072},{""requested_mode"":""flat"",""effective_mode"":""flat"",""fallback_reason"":null,""plan_steps"":1,""feedback_steps"":0,""feedback_triples"":0,""construct_query_ms"":20.978,""feedback_update_ms"":0.0,""cleanup_ms"":0.0,""client_protocol_ms"":0.0,""network_scope"":""construct+feedback+cleanup"",""circuit_sha256"":""c7e7284bb95b63936086c5aa2f7abc633add081f89e7fbaf909fa72f22bfd9a0"",""answer_fingerprint"":""473e511d66d4bca4b4cb7f8021b5bc81eb3d2b7a25262497e6a78684d96470dc"",""semantic_signature_sha256"":""cf66a35ad67c2a38d2689d1b7cf6bc287a47a74fb3d0c8f10501df1d05ac387d"",""structure_signature"":{""gates"":4,""edges"":8,""answers"":2,""derivations"":2,""canonical_bytes"":2750},""construct_total_ms"":21.368,""client_unattributed_ms"":0.066}],""construct_total_samples"":[21.476,20.743,21.521,21.655,21.368],""construct_unattributed_samples"":[0.075,0.073,0.083,0.072,0.066],""status"":""ok"",""status_evidence"":null,""c_warmup_signatures"":[""cf66a35ad67c2a38d2689d1b7cf6bc287a47a74fb3d0c8f10501df1d05ac387d""],""measured_semantic_signature_sha256"":""cf66a35ad67c2a38d2689d1b7cf6bc287a47a74fb3d0c8f10501df1d05ac387d"",""measured_repetitions_consistent"":true,""endpoint_lock"":{""wait_ms"":0.006,""lock_path"":""/tmp/sparqlcirc-r9-endpoint-locks-v7/95f85b19db76321fdab33c70bb05485617743f83e3c9c07ce9e365b03fd9b106.lock""},""construction_requested"":""flat"",""construction_effective"":""flat"",""commit"":""53437ec4699b3ccdb544ea926ab1b26db45d27c5"",""batch_id"":""d36237009740106595e7855f832d6339a5e871163126c1afdb7ada72438cdf10"",""query_sha256"":""3a9de4be91a376d912945053f743c79042392d6a11ce089a2d71c37c156ec248"",""engine"":""graphdb"",""engine_version"":""GraphDB (RDF4J) [engines.json profile]"",""scale"":""10M"",""base_endpoint_sha256"":""d469fb81abed135738f704ddf57de41e98939ca5bbb2509a18a42b807368aa35"",""reified_endpoint_sha256"":""1dd1196abdf2d40865f5b4bc27acd5317de9ef00443776c930991278501566aa"",""update_endpoint_sha256"":""84611d18787ae81d7e9fa8ea2c2cf2319e90db0620f009a8ca19b85486a57c7a"",""base_data_identity_sha256"":""59fb59a04cd20e6dec9ee47cf1de02734068a3328cade998a3fc44a746054ea8"",""reified_data_identity_sha256"":""a42a308bd2c5294f3aa79a1a3b15804d4137fd68d7677d9adc037e257a217e76"",""update_for"":""reified"",""access_mode"":""writable"",""base_data_name"":""exploratory-base"",""reified_data_name"":""exploratory-reified"",""update_canary_sha256"":""41997fb8640d9e765a0272879a63548eb9bd46bbf6e49da02b7c924e506b94f7"",""store_instance_sha256"":""95f85b19db76321fdab33c70bb05485617743f83e3c9c07ce9e365b03fd9b106"",""store_discriminator_sha256"":""f9ff8d30db2db1840ca1585b5598b1cf4d1d06ac2adb86a55b430669507fabff"",""tool_sha256"":""b38a65fc0c1a91e138f057f7b6c08d21c328463aceb40ffda53fc759f99d2f7a"",""java_runtime_sha256"":""bdd50c08a90e2fb713541b8a118df6250246a917edc41a6776aeafc90b472687"",""run_identity_sha256"":""690c7c4decc0d705a57c695ee8ce319cea81be306410190c447bac44c5b52629""}"
53437ec4699b3ccdb544ea926ab1b26db45d27c5,graphdb,GraphDB (RDF4J) [engines.json profile],10M,S,S7,00,eed7ab40fbcb8013104c546e7347be93ee55756a01abd3e1bc1548f3401022e4,B,base-select,ok,1,3.0,2.1,3.7,2.9,0.6,1,5,180.0,252,0.0,,,,,0.009331,"[3.699, 2.994, 2.12, 3.187, 2.722]","[0.0, 0.0, 0.0, 0.0, 0.0]",,[],,[],,[],r9.2-frozen-identity-v7,d36237009740106595e7855f832d6339a5e871163126c1afdb7ada72438cdf10,csv-binding-multiset-v1,1,1d3fff0f4caca7ed14afcaa0a37121d528dec36f8fb4f3eb709b1bae81e41cc5,,,,,,,,d469fb81abed135738f704ddf57de41e98939ca5bbb2509a18a42b807368aa35,1dd1196abdf2d40865f5b4bc27acd5317de9ef00443776c930991278501566aa,84611d18787ae81d7e9fa8ea2c2cf2319e90db0620f009a8ca19b85486a57c7a,59fb59a04cd20e6dec9ee47cf1de02734068a3328cade998a3fc44a746054ea8,a42a308bd2c5294f3aa79a1a3b15804d4137fd68d7677d9adc037e257a217e76,reified,writable,exploratory-base,exploratory-reified,41997fb8640d9e765a0272879a63548eb9bd46bbf6e49da02b7c924e506b94f7,95f85b19db76321fdab33c70bb05485617743f83e3c9c07ce9e365b03fd9b106,f9ff8d30db2db1840ca1585b5598b1cf4d1d06ac2adb86a55b430669507fabff,b38a65fc0c1a91e138f057f7b6c08d21c328463aceb40ffda53fc759f99d2f7a,bdd50c08a90e2fb713541b8a118df6250246a917edc41a6776aeafc90b472687,24011069880694b6a7040d8d191dc30eee3eea9fb36dc9de6d8eec6b44642cdb,"pcm-meta-v2:{""protocol"":""r9.2-frozen-identity-v7"",""message"":"""",""cell_wall_ms"":25.927,""answer_kind"":""csv-binding-multiset-v1"",""answer_key_count"":1,""answer_fingerprint"":""1d3fff0f4caca7ed14afcaa0a37121d528dec36f8fb4f3eb709b1bae81e41cc5"",""c_parse_samples"":[0.0,0.0,0.0,0.0,0.0],""c_protocol_samples"":[],""construct_total_samples"":[],""construct_unattributed_samples"":[],""status"":""ok"",""status_evidence"":null,""construction_requested"":null,""construction_effective"":null,""commit"":""53437ec4699b3ccdb544ea926ab1b26db45d27c5"",""batch_id"":""d36237009740106595e7855f832d6339a5e871163126c1afdb7ada72438cdf10"",""query_sha256"":""eed7ab40fbcb8013104c546e7347be93ee55756a01abd3e1bc1548f3401022e4"",""engine"":""graphdb"",""engine_version"":""GraphDB (RDF4J) [engines.json profile]"",""scale"":""10M"",""base_endpoint_sha256"":""d469fb81abed135738f704ddf57de41e98939ca5bbb2509a18a42b807368aa35"",""reified_endpoint_sha256"":""1dd1196abdf2d40865f5b4bc27acd5317de9ef00443776c930991278501566aa"",""update_endpoint_sha256"":""84611d18787ae81d7e9fa8ea2c2cf2319e90db0620f009a8ca19b85486a57c7a"",""base_data_identity_sha256"":""59fb59a04cd20e6dec9ee47cf1de02734068a3328cade998a3fc44a746054ea8"",""reified_data_identity_sha256"":""a42a308bd2c5294f3aa79a1a3b15804d4137fd68d7677d9adc037e257a217e76"",""update_for"":""reified"",""access_mode"":""writable"",""base_data_name"":""exploratory-base"",""reified_data_name"":""exploratory-reified"",""update_canary_sha256"":""41997fb8640d9e765a0272879a63548eb9bd46bbf6e49da02b7c924e506b94f7"",""store_instance_sha256"":""95f85b19db76321fdab33c70bb05485617743f83e3c9c07ce9e365b03fd9b106"",""store_discriminator_sha256"":""f9ff8d30db2db1840ca1585b5598b1cf4d1d06ac2adb86a55b430669507fabff"",""tool_sha256"":""b38a65fc0c1a91e138f057f7b6c08d21c328463aceb40ffda53fc759f99d2f7a"",""java_runtime_sha256"":""bdd50c08a90e2fb713541b8a118df6250246a917edc41a6776aeafc90b472687"",""run_identity_sha256"":""24011069880694b6a7040d8d191dc30eee3eea9fb36dc9de6d8eec6b44642cdb""}"
53437ec4699b3ccdb544ea926ab1b26db45d27c5,graphdb,GraphDB (RDF4J) [engines.json profile],10M,S,S7,00,eed7ab40fbcb8013104c546e7347be93ee55756a01abd3e1bc1548f3401022e4,R,reification-only,ok,1,3.9,2.8,4.8,3.8,0.7,1,5,180.0,252,0.0,,,,,131.446556,"[3.939, 2.815, 4.776, 3.48, 4.031]","[0.0, 0.0, 0.0, 0.0, 0.0]",,[],,[],,[],r9.2-frozen-identity-v7,d36237009740106595e7855f832d6339a5e871163126c1afdb7ada72438cdf10,csv-binding-multiset-v1,1,1d3fff0f4caca7ed14afcaa0a37121d528dec36f8fb4f3eb709b1bae81e41cc5,,,,,,,,d469fb81abed135738f704ddf57de41e98939ca5bbb2509a18a42b807368aa35,1dd1196abdf2d40865f5b4bc27acd5317de9ef00443776c930991278501566aa,84611d18787ae81d7e9fa8ea2c2cf2319e90db0620f009a8ca19b85486a57c7a,59fb59a04cd20e6dec9ee47cf1de02734068a3328cade998a3fc44a746054ea8,a42a308bd2c5294f3aa79a1a3b15804d4137fd68d7677d9adc037e257a217e76,reified,writable,exploratory-base,exploratory-reified,41997fb8640d9e765a0272879a63548eb9bd46bbf6e49da02b7c924e506b94f7,95f85b19db76321fdab33c70bb05485617743f83e3c9c07ce9e365b03fd9b106,f9ff8d30db2db1840ca1585b5598b1cf4d1d06ac2adb86a55b430669507fabff,b38a65fc0c1a91e138f057f7b6c08d21c328463aceb40ffda53fc759f99d2f7a,bdd50c08a90e2fb713541b8a118df6250246a917edc41a6776aeafc90b472687,24011069880694b6a7040d8d191dc30eee3eea9fb36dc9de6d8eec6b44642cdb,"pcm-meta-v2:{""protocol"":""r9.2-frozen-identity-v7"",""message"":"""",""cell_wall_ms"":162.773,""answer_kind"":""csv-binding-multiset-v1"",""answer_key_count"":1,""answer_fingerprint"":""1d3fff0f4caca7ed14afcaa0a37121d528dec36f8fb4f3eb709b1bae81e41cc5"",""c_parse_samples"":[0.0,0.0,0.0,0.0,0.0],""c_protocol_samples"":[],""construct_total_samples"":[],""construct_unattributed_samples"":[],""status"":""ok"",""status_evidence"":null,""construction_requested"":null,""construction_effective"":null,""commit"":""53437ec4699b3ccdb544ea926ab1b26db45d27c5"",""batch_id"":""d36237009740106595e7855f832d6339a5e871163126c1afdb7ada72438cdf10"",""query_sha256"":""eed7ab40fbcb8013104c546e7347be93ee55756a01abd3e1bc1548f3401022e4"",""engine"":""graphdb"",""engine_version"":""GraphDB (RDF4J) [engines.json profile]"",""scale"":""10M"",""base_endpoint_sha256"":""d469fb81abed135738f704ddf57de41e98939ca5bbb2509a18a42b807368aa35"",""reified_endpoint_sha256"":""1dd1196abdf2d40865f5b4bc27acd5317de9ef00443776c930991278501566aa"",""update_endpoint_sha256"":""84611d18787ae81d7e9fa8ea2c2cf2319e90db0620f009a8ca19b85486a57c7a"",""base_data_identity_sha256"":""59fb59a04cd20e6dec9ee47cf1de02734068a3328cade998a3fc44a746054ea8"",""reified_data_identity_sha256"":""a42a308bd2c5294f3aa79a1a3b15804d4137fd68d7677d9adc037e257a217e76"",""update_for"":""reified"",""access_mode"":""writable"",""base_data_name"":""exploratory-base"",""reified_data_name"":""exploratory-reified"",""update_canary_sha256"":""41997fb8640d9e765a0272879a63548eb9bd46bbf6e49da02b7c924e506b94f7"",""store_instance_sha256"":""95f85b19db76321fdab33c70bb05485617743f83e3c9c07ce9e365b03fd9b106"",""store_discriminator_sha256"":""f9ff8d30db2db1840ca1585b5598b1cf4d1d06ac2adb86a55b430669507fabff"",""tool_sha256"":""b38a65fc0c1a91e138f057f7b6c08d21c328463aceb40ffda53fc759f99d2f7a"",""java_runtime_sha256"":""bdd50c08a90e2fb713541b8a118df6250246a917edc41a6776aeafc90b472687"",""run_identity_sha256"":""24011069880694b6a7040d8d191dc30eee3eea9fb36dc9de6d8eec6b44642cdb""}"
53437ec4699b3ccdb544ea926ab1b26db45d27c5,graphdb,GraphDB (RDF4J) [engines.json profile],10M,S,S7,00,eed7ab40fbcb8013104c546e7347be93ee55756a01abd3e1bc1548f3401022e4,N,N_clean (NPCS reimplementation),ok,1,4.6,3.2,5.4,4.4,0.9,1,5,180.0,329,0.0,,,,1,174.921705,"[5.419, 5.007, 4.595, 3.198, 3.562]","[0.0, 0.0, 0.0, 0.0, 0.0]",,[],,[],,[],r9.2-frozen-identity-v7,d36237009740106595e7855f832d6339a5e871163126c1afdb7ada72438cdf10,csv-candidate-multiset-v1,1,1d3fff0f4caca7ed14afcaa0a37121d528dec36f8fb4f3eb709b1bae81e41cc5,,,,,,,,d469fb81abed135738f704ddf57de41e98939ca5bbb2509a18a42b807368aa35,1dd1196abdf2d40865f5b4bc27acd5317de9ef00443776c930991278501566aa,84611d18787ae81d7e9fa8ea2c2cf2319e90db0620f009a8ca19b85486a57c7a,59fb59a04cd20e6dec9ee47cf1de02734068a3328cade998a3fc44a746054ea8,a42a308bd2c5294f3aa79a1a3b15804d4137fd68d7677d9adc037e257a217e76,reified,writable,exploratory-base,exploratory-reified,41997fb8640d9e765a0272879a63548eb9bd46bbf6e49da02b7c924e506b94f7,95f85b19db76321fdab33c70bb05485617743f83e3c9c07ce9e365b03fd9b106,f9ff8d30db2db1840ca1585b5598b1cf4d1d06ac2adb86a55b430669507fabff,b38a65fc0c1a91e138f057f7b6c08d21c328463aceb40ffda53fc759f99d2f7a,bdd50c08a90e2fb713541b8a118df6250246a917edc41a6776aeafc90b472687,24011069880694b6a7040d8d191dc30eee3eea9fb36dc9de6d8eec6b44642cdb,"pcm-meta-v2:{""protocol"":""r9.2-frozen-identity-v7"",""message"":"""",""cell_wall_ms"":210.622,""answer_kind"":""csv-candidate-multiset-v1"",""answer_key_count"":1,""answer_fingerprint"":""1d3fff0f4caca7ed14afcaa0a37121d528dec36f8fb4f3eb709b1bae81e41cc5"",""c_parse_samples"":[0.0,0.0,0.0,0.0,0.0],""c_protocol_samples"":[],""construct_total_samples"":[],""construct_unattributed_samples"":[],""status"":""ok"",""status_evidence"":null,""construction_requested"":null,""construction_effective"":null,""commit"":""53437ec4699b3ccdb544ea926ab1b26db45d27c5"",""batch_id"":""d36237009740106595e7855f832d6339a5e871163126c1afdb7ada72438cdf10"",""query_sha256"":""eed7ab40fbcb8013104c546e7347be93ee55756a01abd3e1bc1548f3401022e4"",""engine"":""graphdb"",""engine_version"":""GraphDB (RDF4J) [engines.json profile]"",""scale"":""10M"",""base_endpoint_sha256"":""d469fb81abed135738f704ddf57de41e98939ca5bbb2509a18a42b807368aa35"",""reified_endpoint_sha256"":""1dd1196abdf2d40865f5b4bc27acd5317de9ef00443776c930991278501566aa"",""update_endpoint_sha256"":""84611d18787ae81d7e9fa8ea2c2cf2319e90db0620f009a8ca19b85486a57c7a"",""base_data_identity_sha256"":""59fb59a04cd20e6dec9ee47cf1de02734068a3328cade998a3fc44a746054ea8"",""reified_data_identity_sha256"":""a42a308bd2c5294f3aa79a1a3b15804d4137fd68d7677d9adc037e257a217e76"",""update_for"":""reified"",""access_mode"":""writable"",""base_data_name"":""exploratory-base"",""reified_data_name"":""exploratory-reified"",""update_canary_sha256"":""41997fb8640d9e765a0272879a63548eb9bd46bbf6e49da02b7c924e506b94f7"",""store_instance_sha256"":""95f85b19db76321fdab33c70bb05485617743f83e3c9c07ce9e365b03fd9b106"",""store_discriminator_sha256"":""f9ff8d30db2db1840ca1585b5598b1cf4d1d06ac2adb86a55b430669507fabff"",""tool_sha256"":""b38a65fc0c1a91e138f057f7b6c08d21c328463aceb40ffda53fc759f99d2f7a"",""java_runtime_sha256"":""bdd50c08a90e2fb713541b8a118df6250246a917edc41a6776aeafc90b472687"",""run_identity_sha256"":""24011069880694b6a7040d8d191dc30eee3eea9fb36dc9de6d8eec6b44642cdb""}"
53437ec4699b3ccdb544ea926ab1b26db45d27c5,graphdb,GraphDB (RDF4J) [engines.json profile],10M,S,S7,00,eed7ab40fbcb8013104c546e7347be93ee55756a01abd3e1bc1548f3401022e4,C,SPARQLcirc CircuitRewriter,ok,1,7.3,5.9,7.8,7.0,0.7,1,5,180.0,2526,0.4,2,4,1,,358.293753,"[7.769, 5.855, 6.85, 7.27, 7.403]","[0.479, 0.3, 0.317, 0.449, 0.439]",0.0,"[0.0, 0.0, 0.0, 0.0, 0.0]",7.8,"[8.333, 6.228, 7.241, 7.795, 7.93]",0.1,"[0.085, 0.074, 0.074, 0.076, 0.088]",r9.2-frozen-identity-v7,d36237009740106595e7855f832d6339a5e871163126c1afdb7ada72438cdf10,term-aware-candidate-set-v1,1,e8aa5d2cea37746b7ce391d6eab1cdfa3ad3050a16753f9b1ad19ae731e0d71d,flat,flat,3b06479508e28b8ecf87b2b3a9579b93cd0039b04ae9f9ed7438ecb69824c4a9,,,,,d469fb81abed135738f704ddf57de41e98939ca5bbb2509a18a42b807368aa35,1dd1196abdf2d40865f5b4bc27acd5317de9ef00443776c930991278501566aa,84611d18787ae81d7e9fa8ea2c2cf2319e90db0620f009a8ca19b85486a57c7a,59fb59a04cd20e6dec9ee47cf1de02734068a3328cade998a3fc44a746054ea8,a42a308bd2c5294f3aa79a1a3b15804d4137fd68d7677d9adc037e257a217e76,reified,writable,exploratory-base,exploratory-reified,41997fb8640d9e765a0272879a63548eb9bd46bbf6e49da02b7c924e506b94f7,95f85b19db76321fdab33c70bb05485617743f83e3c9c07ce9e365b03fd9b106,f9ff8d30db2db1840ca1585b5598b1cf4d1d06ac2adb86a55b430669507fabff,b38a65fc0c1a91e138f057f7b6c08d21c328463aceb40ffda53fc759f99d2f7a,bdd50c08a90e2fb713541b8a118df6250246a917edc41a6776aeafc90b472687,24011069880694b6a7040d8d191dc30eee3eea9fb36dc9de6d8eec6b44642cdb,"pcm-meta-v2:{""protocol"":""r9.2-frozen-identity-v7"",""message"":""C requested=flat effective=flat; steps=1 feedback=0; network includes CONSTRUCT, feedback INSERT, and cleanup DELETE"",""cell_wall_ms"":410.448,""answer_kind"":""term-aware-candidate-set-v1"",""answer_key_count"":1,""answer_fingerprint"":""e8aa5d2cea37746b7ce391d6eab1cdfa3ad3050a16753f9b1ad19ae731e0d71d"",""c_parse_samples"":[0.479,0.3,0.317,0.449,0.439],""c_protocol_samples"":[{""requested_mode"":""flat"",""effective_mode"":""flat"",""fallback_reason"":null,""plan_steps"":1,""feedback_steps"":0,""feedback_triples"":0,""construct_query_ms"":7.769,""feedback_update_ms"":0.0,""cleanup_ms"":0.0,""client_protocol_ms"":0.0,""network_scope"":""construct+feedback+cleanup"",""circuit_sha256"":""3b06479508e28b8ecf87b2b3a9579b93cd0039b04ae9f9ed7438ecb69824c4a9"",""answer_fingerprint"":""e8aa5d2cea37746b7ce391d6eab1cdfa3ad3050a16753f9b1ad19ae731e0d71d"",""semantic_signature_sha256"":""fb800ed03fb7e5e53506aceac07ca73e09a0fad52ff7adadb9464b5c4b467eea"",""structure_signature"":{""gates"":2,""edges"":4,""answers"":1,""derivations"":1,""canonical_bytes"":2526},""construct_total_ms"":8.333,""client_unattributed_ms"":0.085},{""requested_mode"":""flat"",""effective_mode"":""flat"",""fallback_reason"":null,""plan_steps"":1,""feedback_steps"":0,""feedback_triples"":0,""construct_query_ms"":5.855,""feedback_update_ms"":0.0,""cleanup_ms"":0.0,""client_protocol_ms"":0.0,""network_scope"":""construct+feedback+cleanup"",""circuit_sha256"":""3b06479508e28b8ecf87b2b3a9579b93cd0039b04ae9f9ed7438ecb69824c4a9"",""answer_fingerprint"":""e8aa5d2cea37746b7ce391d6eab1cdfa3ad3050a16753f9b1ad19ae731e0d71d"",""semantic_signature_sha256"":""fb800ed03fb7e5e53506aceac07ca73e09a0fad52ff7adadb9464b5c4b467eea"",""structure_signature"":{""gates"":2,""edges"":4,""answers"":1,""derivations"":1,""canonical_bytes"":2526},""construct_total_ms"":6.228,""client_unattributed_ms"":0.074},{""requested_mode"":""flat"",""effective_mode"":""flat"",""fallback_reason"":null,""plan_steps"":1,""feedback_steps"":0,""feedback_triples"":0,""construct_query_ms"":6.85,""feedback_update_ms"":0.0,""cleanup_ms"":0.0,""client_protocol_ms"":0.0,""network_scope"":""construct+feedback+cleanup"",""circuit_sha256"":""3b06479508e28b8ecf87b2b3a9579b93cd0039b04ae9f9ed7438ecb69824c4a9"",""answer_fingerprint"":""e8aa5d2cea37746b7ce391d6eab1cdfa3ad3050a16753f9b1ad19ae731e0d71d"",""semantic_signature_sha256"":""fb800ed03fb7e5e53506aceac07ca73e09a0fad52ff7adadb9464b5c4b467eea"",""structure_signature"":{""gates"":2,""edges"":4,""answers"":1,""derivations"":1,""canonical_bytes"":2526},""construct_total_ms"":7.241,""client_unattributed_ms"":0.074},{""requested_mode"":""flat"",""effective_mode"":""flat"",""fallback_reason"":null,""plan_steps"":1,""feedback_steps"":0,""feedback_triples"":0,""construct_query_ms"":7.27,""feedback_update_ms"":0.0,""cleanup_ms"":0.0,""client_protocol_ms"":0.0,""network_scope"":""construct+feedback+cleanup"",""circuit_sha256"":""3b06479508e28b8ecf87b2b3a9579b93cd0039b04ae9f9ed7438ecb69824c4a9"",""answer_fingerprint"":""e8aa5d2cea37746b7ce391d6eab1cdfa3ad3050a16753f9b1ad19ae731e0d71d"",""semantic_signature_sha256"":""fb800ed03fb7e5e53506aceac07ca73e09a0fad52ff7adadb9464b5c4b467eea"",""structure_signature"":{""gates"":2,""edges"":4,""answers"":1,""derivations"":1,""canonical_bytes"":2526},""construct_total_ms"":7.795,""client_unattributed_ms"":0.076},{""requested_mode"":""flat"",""effective_mode"":""flat"",""fallback_reason"":null,""plan_steps"":1,""feedback_steps"":0,""feedback_triples"":0,""construct_query_ms"":7.403,""feedback_update_ms"":0.0,""cleanup_ms"":0.0,""client_protocol_ms"":0.0,""network_scope"":""construct+feedback+cleanup"",""circuit_sha256"":""3b06479508e28b8ecf87b2b3a9579b93cd0039b04ae9f9ed7438ecb69824c4a9"",""answer_fingerprint"":""e8aa5d2cea37746b7ce391d6eab1cdfa3ad3050a16753f9b1ad19ae731e0d71d"",""semantic_signature_sha256"":""fb800ed03fb7e5e53506aceac07ca73e09a0fad52ff7adadb9464b5c4b467eea"",""structure_signature"":{""gates"":2,""edges"":4,""answers"":1,""derivations"":1,""canonical_bytes"":2526},""construct_total_ms"":7.93,""client_unattributed_ms"":0.088}],""construct_total_samples"":[8.333,6.228,7.241,7.795,7.93],""construct_unattributed_samples"":[0.085,0.074,0.074,0.076,0.088],""status"":""ok"",""status_evidence"":null,""c_warmup_signatures"":[""fb800ed03fb7e5e53506aceac07ca73e09a0fad52ff7adadb9464b5c4b467eea""],""measured_semantic_signature_sha256"":""fb800ed03fb7e5e53506aceac07ca73e09a0fad52ff7adadb9464b5c4b467eea"",""measured_repetitions_consistent"":true,""endpoint_lock"":{""wait_ms"":0.005,""lock_path"":""/tmp/sparqlcirc-r9-endpoint-locks-v7/95f85b19db76321fdab33c70bb05485617743f83e3c9c07ce9e365b03fd9b106.lock""},""construction_requested"":""flat"",""construction_effective"":""flat"",""commit"":""53437ec4699b3ccdb544ea926ab1b26db45d27c5"",""batch_id"":""d36237009740106595e7855f832d6339a5e871163126c1afdb7ada72438cdf10"",""query_sha256"":""eed7ab40fbcb8013104c546e7347be93ee55756a01abd3e1bc1548f3401022e4"",""engine"":""graphdb"",""engine_version"":""GraphDB (RDF4J) [engines.json profile]"",""scale"":""10M"",""base_endpoint_sha256"":""d469fb81abed135738f704ddf57de41e98939ca5bbb2509a18a42b807368aa35"",""reified_endpoint_sha256"":""1dd1196abdf2d40865f5b4bc27acd5317de9ef00443776c930991278501566aa"",""update_endpoint_sha256"":""84611d18787ae81d7e9fa8ea2c2cf2319e90db0620f009a8ca19b85486a57c7a"",""base_data_identity_sha256"":""59fb59a04cd20e6dec9ee47cf1de02734068a3328cade998a3fc44a746054ea8"",""reified_data_identity_sha256"":""a42a308bd2c5294f3aa79a1a3b15804d4137fd68d7677d9adc037e257a217e76"",""update_for"":""reified"",""access_mode"":""writable"",""base_data_name"":""exploratory-base"",""reified_data_name"":""exploratory-reified"",""update_canary_sha256"":""41997fb8640d9e765a0272879a63548eb9bd46bbf6e49da02b7c924e506b94f7"",""store_instance_sha256"":""95f85b19db76321fdab33c70bb05485617743f83e3c9c07ce9e365b03fd9b106"",""store_discriminator_sha256"":""f9ff8d30db2db1840ca1585b5598b1cf4d1d06ac2adb86a55b430669507fabff"",""tool_sha256"":""b38a65fc0c1a91e138f057f7b6c08d21c328463aceb40ffda53fc759f99d2f7a"",""java_runtime_sha256"":""bdd50c08a90e2fb713541b8a118df6250246a917edc41a6776aeafc90b472687"",""run_identity_sha256"":""24011069880694b6a7040d8d191dc30eee3eea9fb36dc9de6d8eec6b44642cdb""}"
53437ec4699b3ccdb544ea926ab1b26db45d27c5,graphdb,GraphDB (RDF4J) [engines.json profile],10M,F,F1,00,ea28abd7edab939c7b50a1796279891f1fac09bdf37f31eb5fdf3df64891eaf4,B,base-select,ok,2,4.0,3.3,4.3,4.0,0.4,1,5,180.0,785,0.0,,,,,0.00643,"[4.258, 3.947, 3.329, 4.021, 4.335]","[0.0, 0.0, 0.0, 0.0, 0.0]",,[],,[],,[],r9.2-frozen-identity-v7,e8d73a4e8a66371c868651bc00b1f41cc012afa7267dced007c2e8101f8e7d17,csv-binding-multiset-v1,2,77e7a5ccf2c6cde8ebbebf5c9f70f6a39b63decac6384090b65cccdf96fa51a8,,,,,,,,d469fb81abed135738f704ddf57de41e98939ca5bbb2509a18a42b807368aa35,1dd1196abdf2d40865f5b4bc27acd5317de9ef00443776c930991278501566aa,84611d18787ae81d7e9fa8ea2c2cf2319e90db0620f009a8ca19b85486a57c7a,59fb59a04cd20e6dec9ee47cf1de02734068a3328cade998a3fc44a746054ea8,a42a308bd2c5294f3aa79a1a3b15804d4137fd68d7677d9adc037e257a217e76,reified,writable,exploratory-base,exploratory-reified,41997fb8640d9e765a0272879a63548eb9bd46bbf6e49da02b7c924e506b94f7,95f85b19db76321fdab33c70bb05485617743f83e3c9c07ce9e365b03fd9b106,f9ff8d30db2db1840ca1585b5598b1cf4d1d06ac2adb86a55b430669507fabff,b38a65fc0c1a91e138f057f7b6c08d21c328463aceb40ffda53fc759f99d2f7a,bdd50c08a90e2fb713541b8a118df6250246a917edc41a6776aeafc90b472687,0c65d360a7997f01b85443c9fdd567036ed2a37da674eb347934124f7391785f,"pcm-meta-v2:{""protocol"":""r9.2-frozen-identity-v7"",""message"":"""",""cell_wall_ms"":32.719,""answer_kind"":""csv-binding-multiset-v1"",""answer_key_count"":2,""answer_fingerprint"":""77e7a5ccf2c6cde8ebbebf5c9f70f6a39b63decac6384090b65cccdf96fa51a8"",""c_parse_samples"":[0.0,0.0,0.0,0.0,0.0],""c_protocol_samples"":[],""construct_total_samples"":[],""construct_unattributed_samples"":[],""status"":""ok"",""status_evidence"":null,""construction_requested"":null,""construction_effective"":null,""commit"":""53437ec4699b3ccdb544ea926ab1b26db45d27c5"",""batch_id"":""e8d73a4e8a66371c868651bc00b1f41cc012afa7267dced007c2e8101f8e7d17"",""query_sha256"":""ea28abd7edab939c7b50a1796279891f1fac09bdf37f31eb5fdf3df64891eaf4"",""engine"":""graphdb"",""engine_version"":""GraphDB (RDF4J) [engines.json profile]"",""scale"":""10M"",""base_endpoint_sha256"":""d469fb81abed135738f704ddf57de41e98939ca5bbb2509a18a42b807368aa35"",""reified_endpoint_sha256"":""1dd1196abdf2d40865f5b4bc27acd5317de9ef00443776c930991278501566aa"",""update_endpoint_sha256"":""84611d18787ae81d7e9fa8ea2c2cf2319e90db0620f009a8ca19b85486a57c7a"",""base_data_identity_sha256"":""59fb59a04cd20e6dec9ee47cf1de02734068a3328cade998a3fc44a746054ea8"",""reified_data_identity_sha256"":""a42a308bd2c5294f3aa79a1a3b15804d4137fd68d7677d9adc037e257a217e76"",""update_for"":""reified"",""access_mode"":""writable"",""base_data_name"":""exploratory-base"",""reified_data_name"":""exploratory-reified"",""update_canary_sha256"":""41997fb8640d9e765a0272879a63548eb9bd46bbf6e49da02b7c924e506b94f7"",""store_instance_sha256"":""95f85b19db76321fdab33c70bb05485617743f83e3c9c07ce9e365b03fd9b106"",""store_discriminator_sha256"":""f9ff8d30db2db1840ca1585b5598b1cf4d1d06ac2adb86a55b430669507fabff"",""tool_sha256"":""b38a65fc0c1a91e138f057f7b6c08d21c328463aceb40ffda53fc759f99d2f7a"",""java_runtime_sha256"":""bdd50c08a90e2fb713541b8a118df6250246a917edc41a6776aeafc90b472687"",""run_identity_sha256"":""0c65d360a7997f01b85443c9fdd567036ed2a37da674eb347934124f7391785f""}"
53437ec4699b3ccdb544ea926ab1b26db45d27c5,graphdb,GraphDB (RDF4J) [engines.json profile],10M,F,F1,00,ea28abd7edab939c7b50a1796279891f1fac09bdf37f31eb5fdf3df64891eaf4,R,reification-only,ok,2,23.3,21.7,27.1,23.6,2.1,1,5,180.0,785,0.0,,,,,133.805553,"[23.335, 21.656, 27.14, 22.709, 23.291]","[0.0, 0.0, 0.0, 0.0, 0.0]",,[],,[],,[],r9.2-frozen-identity-v7,e8d73a4e8a66371c868651bc00b1f41cc012afa7267dced007c2e8101f8e7d17,csv-binding-multiset-v1,2,77e7a5ccf2c6cde8ebbebf5c9f70f6a39b63decac6384090b65cccdf96fa51a8,,,,,,,,d469fb81abed135738f704ddf57de41e98939ca5bbb2509a18a42b807368aa35,1dd1196abdf2d40865f5b4bc27acd5317de9ef00443776c930991278501566aa,84611d18787ae81d7e9fa8ea2c2cf2319e90db0620f009a8ca19b85486a57c7a,59fb59a04cd20e6dec9ee47cf1de02734068a3328cade998a3fc44a746054ea8,a42a308bd2c5294f3aa79a1a3b15804d4137fd68d7677d9adc037e257a217e76,reified,writable,exploratory-base,exploratory-reified,41997fb8640d9e765a0272879a63548eb9bd46bbf6e49da02b7c924e506b94f7,95f85b19db76321fdab33c70bb05485617743f83e3c9c07ce9e365b03fd9b106,f9ff8d30db2db1840ca1585b5598b1cf4d1d06ac2adb86a55b430669507fabff,b38a65fc0c1a91e138f057f7b6c08d21c328463aceb40ffda53fc759f99d2f7a,bdd50c08a90e2fb713541b8a118df6250246a917edc41a6776aeafc90b472687,0c65d360a7997f01b85443c9fdd567036ed2a37da674eb347934124f7391785f,"pcm-meta-v2:{""protocol"":""r9.2-frozen-identity-v7"",""message"":"""",""cell_wall_ms"":285.991,""answer_kind"":""csv-binding-multiset-v1"",""answer_key_count"":2,""answer_fingerprint"":""77e7a5ccf2c6cde8ebbebf5c9f70f6a39b63decac6384090b65cccdf96fa51a8"",""c_parse_samples"":[0.0,0.0,0.0,0.0,0.0],""c_protocol_samples"":[],""construct_total_samples"":[],""construct_unattributed_samples"":[],""status"":""ok"",""status_evidence"":null,""construction_requested"":null,""construction_effective"":null,""commit"":""53437ec4699b3ccdb544ea926ab1b26db45d27c5"",""batch_id"":""e8d73a4e8a66371c868651bc00b1f41cc012afa7267dced007c2e8101f8e7d17"",""query_sha256"":""ea28abd7edab939c7b50a1796279891f1fac09bdf37f31eb5fdf3df64891eaf4"",""engine"":""graphdb"",""engine_version"":""GraphDB (RDF4J) [engines.json profile]"",""scale"":""10M"",""base_endpoint_sha256"":""d469fb81abed135738f704ddf57de41e98939ca5bbb2509a18a42b807368aa35"",""reified_endpoint_sha256"":""1dd1196abdf2d40865f5b4bc27acd5317de9ef00443776c930991278501566aa"",""update_endpoint_sha256"":""84611d18787ae81d7e9fa8ea2c2cf2319e90db0620f009a8ca19b85486a57c7a"",""base_data_identity_sha256"":""59fb59a04cd20e6dec9ee47cf1de02734068a3328cade998a3fc44a746054ea8"",""reified_data_identity_sha256"":""a42a308bd2c5294f3aa79a1a3b15804d4137fd68d7677d9adc037e257a217e76"",""update_for"":""reified"",""access_mode"":""writable"",""base_data_name"":""exploratory-base"",""reified_data_name"":""exploratory-reified"",""update_canary_sha256"":""41997fb8640d9e765a0272879a63548eb9bd46bbf6e49da02b7c924e506b94f7"",""store_instance_sha256"":""95f85b19db76321fdab33c70bb05485617743f83e3c9c07ce9e365b03fd9b106"",""store_discriminator_sha256"":""f9ff8d30db2db1840ca1585b5598b1cf4d1d06ac2adb86a55b430669507fabff"",""tool_sha256"":""b38a65fc0c1a91e138f057f7b6c08d21c328463aceb40ffda53fc759f99d2f7a"",""java_runtime_sha256"":""bdd50c08a90e2fb713541b8a118df6250246a917edc41a6776aeafc90b472687"",""run_identity_sha256"":""0c65d360a7997f01b85443c9fdd567036ed2a37da674eb347934124f7391785f""}"
53437ec4699b3ccdb544ea926ab1b26db45d27c5,graphdb,GraphDB (RDF4J) [engines.json profile],10M,F,F1,00,ea28abd7edab939c7b50a1796279891f1fac09bdf37f31eb5fdf3df64891eaf4,N,N_clean (NPCS reimplementation),ok,2,16.0,14.7,78.4,28.2,28.1,1,5,180.0,995,0.0,,,,2,176.000452,"[14.713, 15.548, 78.41, 16.271, 15.968]","[0.0, 0.0, 0.0, 0.0, 0.0]",,[],,[],,[],r9.2-frozen-identity-v7,e8d73a4e8a66371c868651bc00b1f41cc012afa7267dced007c2e8101f8e7d17,csv-candidate-multiset-v1,2,77e7a5ccf2c6cde8ebbebf5c9f70f6a39b63decac6384090b65cccdf96fa51a8,,,,,,,,d469fb81abed135738f704ddf57de41e98939ca5bbb2509a18a42b807368aa35,1dd1196abdf2d40865f5b4bc27acd5317de9ef00443776c930991278501566aa,84611d18787ae81d7e9fa8ea2c2cf2319e90db0620f009a8ca19b85486a57c7a,59fb59a04cd20e6dec9ee47cf1de02734068a3328cade998a3fc44a746054ea8,a42a308bd2c5294f3aa79a1a3b15804d4137fd68d7677d9adc037e257a217e76,reified,writable,exploratory-base,exploratory-reified,41997fb8640d9e765a0272879a63548eb9bd46bbf6e49da02b7c924e506b94f7,95f85b19db76321fdab33c70bb05485617743f83e3c9c07ce9e365b03fd9b106,f9ff8d30db2db1840ca1585b5598b1cf4d1d06ac2adb86a55b430669507fabff,b38a65fc0c1a91e138f057f7b6c08d21c328463aceb40ffda53fc759f99d2f7a,bdd50c08a90e2fb713541b8a118df6250246a917edc41a6776aeafc90b472687,0c65d360a7997f01b85443c9fdd567036ed2a37da674eb347934124f7391785f,"pcm-meta-v2:{""protocol"":""r9.2-frozen-identity-v7"",""message"":"""",""cell_wall_ms"":341.234,""answer_kind"":""csv-candidate-multiset-v1"",""answer_key_count"":2,""answer_fingerprint"":""77e7a5ccf2c6cde8ebbebf5c9f70f6a39b63decac6384090b65cccdf96fa51a8"",""c_parse_samples"":[0.0,0.0,0.0,0.0,0.0],""c_protocol_samples"":[],""construct_total_samples"":[],""construct_unattributed_samples"":[],""status"":""ok"",""status_evidence"":null,""construction_requested"":null,""construction_effective"":null,""commit"":""53437ec4699b3ccdb544ea926ab1b26db45d27c5"",""batch_id"":""e8d73a4e8a66371c868651bc00b1f41cc012afa7267dced007c2e8101f8e7d17"",""query_sha256"":""ea28abd7edab939c7b50a1796279891f1fac09bdf37f31eb5fdf3df64891eaf4"",""engine"":""graphdb"",""engine_version"":""GraphDB (RDF4J) [engines.json profile]"",""scale"":""10M"",""base_endpoint_sha256"":""d469fb81abed135738f704ddf57de41e98939ca5bbb2509a18a42b807368aa35"",""reified_endpoint_sha256"":""1dd1196abdf2d40865f5b4bc27acd5317de9ef00443776c930991278501566aa"",""update_endpoint_sha256"":""84611d18787ae81d7e9fa8ea2c2cf2319e90db0620f009a8ca19b85486a57c7a"",""base_data_identity_sha256"":""59fb59a04cd20e6dec9ee47cf1de02734068a3328cade998a3fc44a746054ea8"",""reified_data_identity_sha256"":""a42a308bd2c5294f3aa79a1a3b15804d4137fd68d7677d9adc037e257a217e76"",""update_for"":""reified"",""access_mode"":""writable"",""base_data_name"":""exploratory-base"",""reified_data_name"":""exploratory-reified"",""update_canary_sha256"":""41997fb8640d9e765a0272879a63548eb9bd46bbf6e49da02b7c924e506b94f7"",""store_instance_sha256"":""95f85b19db76321fdab33c70bb05485617743f83e3c9c07ce9e365b03fd9b106"",""store_discriminator_sha256"":""f9ff8d30db2db1840ca1585b5598b1cf4d1d06ac2adb86a55b430669507fabff"",""tool_sha256"":""b38a65fc0c1a91e138f057f7b6c08d21c328463aceb40ffda53fc759f99d2f7a"",""java_runtime_sha256"":""bdd50c08a90e2fb713541b8a118df6250246a917edc41a6776aeafc90b472687"",""run_identity_sha256"":""0c65d360a7997f01b85443c9fdd567036ed2a37da674eb347934124f7391785f""}"
53437ec4699b3ccdb544ea926ab1b26db45d27c5,graphdb,GraphDB (RDF4J) [engines.json profile],10M,F,F1,00,ea28abd7edab939c7b50a1796279891f1fac09bdf37f31eb5fdf3df64891eaf4,C,SPARQLcirc CircuitRewriter,ok,2,93.7,91.9,99.3,94.6,3.0,1,5,180.0,7810,0.7,4,14,2,,376.911054,"[93.659, 99.296, 91.894, 95.77, 92.451]","[0.702, 0.721, 0.684, 0.713, 0.705]",0.0,"[0.0, 0.0, 0.0, 0.0, 0.0]",94.4,"[94.433, 100.082, 92.653, 96.535, 93.219]",0.1,"[0.072, 0.065, 0.075, 0.051, 0.063]",r9.2-frozen-identity-v7,e8d73a4e8a66371c868651bc00b1f41cc012afa7267dced007c2e8101f8e7d17,term-aware-candidate-set-v1,2,3a2e5be01fe09c3b9e3b1d93b8cbf11fb39a0835341a9b6067e9dac85f0b138d,flat,flat,09e7c60156880f2357369b964df9a1cb366ddb8b8ba7b4de03f6c4c7a2fbb0b1,,,,,d469fb81abed135738f704ddf57de41e98939ca5bbb2509a18a42b807368aa35,1dd1196abdf2d40865f5b4bc27acd5317de9ef00443776c930991278501566aa,84611d18787ae81d7e9fa8ea2c2cf2319e90db0620f009a8ca19b85486a57c7a,59fb59a04cd20e6dec9ee47cf1de02734068a3328cade998a3fc44a746054ea8,a42a308bd2c5294f3aa79a1a3b15804d4137fd68d7677d9adc037e257a217e76,reified,writable,exploratory-base,exploratory-reified,41997fb8640d9e765a0272879a63548eb9bd46bbf6e49da02b7c924e506b94f7,95f85b19db76321fdab33c70bb05485617743f83e3c9c07ce9e365b03fd9b106,f9ff8d30db2db1840ca1585b5598b1cf4d1d06ac2adb86a55b430669507fabff,b38a65fc0c1a91e138f057f7b6c08d21c328463aceb40ffda53fc759f99d2f7a,bdd50c08a90e2fb713541b8a118df6250246a917edc41a6776aeafc90b472687,0c65d360a7997f01b85443c9fdd567036ed2a37da674eb347934124f7391785f,"pcm-meta-v2:{""protocol"":""r9.2-frozen-identity-v7"",""message"":""C requested=flat effective=flat; steps=1 feedback=0; network includes CONSTRUCT, feedback INSERT, and cleanup DELETE"",""cell_wall_ms"":958.008,""answer_kind"":""term-aware-candidate-set-v1"",""answer_key_count"":2,""answer_fingerprint"":""3a2e5be01fe09c3b9e3b1d93b8cbf11fb39a0835341a9b6067e9dac85f0b138d"",""c_parse_samples"":[0.702,0.721,0.684,0.713,0.705],""c_protocol_samples"":[{""requested_mode"":""flat"",""effective_mode"":""flat"",""fallback_reason"":null,""plan_steps"":1,""feedback_steps"":0,""feedback_triples"":0,""construct_query_ms"":93.659,""feedback_update_ms"":0.0,""cleanup_ms"":0.0,""client_protocol_ms"":0.0,""network_scope"":""construct+feedback+cleanup"",""circuit_sha256"":""09e7c60156880f2357369b964df9a1cb366ddb8b8ba7b4de03f6c4c7a2fbb0b1"",""answer_fingerprint"":""3a2e5be01fe09c3b9e3b1d93b8cbf11fb39a0835341a9b6067e9dac85f0b138d"",""semantic_signature_sha256"":""5604a417a066f26048e9519c8a3f3da53db216daf2db81fc6cc623224b8a588b"",""structure_signature"":{""gates"":4,""edges"":14,""answers"":2,""derivations"":2,""canonical_bytes"":7810},""construct_total_ms"":94.433,""client_unattributed_ms"":0.072},{""requested_mode"":""flat"",""effective_mode"":""flat"",""fallback_reason"":null,""plan_steps"":1,""feedback_steps"":0,""feedback_triples"":0,""construct_query_ms"":99.296,""feedback_update_ms"":0.0,""cleanup_ms"":0.0,""client_protocol_ms"":0.0,""network_scope"":""construct+feedback+cleanup"",""circuit_sha256"":""09e7c60156880f2357369b964df9a1cb366ddb8b8ba7b4de03f6c4c7a2fbb0b1"",""answer_fingerprint"":""3a2e5be01fe09c3b9e3b1d93b8cbf11fb39a0835341a9b6067e9dac85f0b138d"",""semantic_signature_sha256"":""5604a417a066f26048e9519c8a3f3da53db216daf2db81fc6cc623224b8a588b"",""structure_signature"":{""gates"":4,""edges"":14,""answers"":2,""derivations"":2,""canonical_bytes"":7810},""construct_total_ms"":100.082,""client_unattributed_ms"":0.065},{""requested_mode"":""flat"",""effective_mode"":""flat"",""fallback_reason"":null,""plan_steps"":1,""feedback_steps"":0,""feedback_triples"":0,""construct_query_ms"":91.894,""feedback_update_ms"":0.0,""cleanup_ms"":0.0,""client_protocol_ms"":0.0,""network_scope"":""construct+feedback+cleanup"",""circuit_sha256"":""09e7c60156880f2357369b964df9a1cb366ddb8b8ba7b4de03f6c4c7a2fbb0b1"",""answer_fingerprint"":""3a2e5be01fe09c3b9e3b1d93b8cbf11fb39a0835341a9b6067e9dac85f0b138d"",""semantic_signature_sha256"":""5604a417a066f26048e9519c8a3f3da53db216daf2db81fc6cc623224b8a588b"",""structure_signature"":{""gates"":4,""edges"":14,""answers"":2,""derivations"":2,""canonical_bytes"":7810},""construct_total_ms"":92.653,""client_unattributed_ms"":0.075},{""requested_mode"":""flat"",""effective_mode"":""flat"",""fallback_reason"":null,""plan_steps"":1,""feedback_steps"":0,""feedback_triples"":0,""construct_query_ms"":95.77,""feedback_update_ms"":0.0,""cleanup_ms"":0.0,""client_protocol_ms"":0.0,""network_scope"":""construct+feedback+cleanup"",""circuit_sha256"":""09e7c60156880f2357369b964df9a1cb366ddb8b8ba7b4de03f6c4c7a2fbb0b1"",""answer_fingerprint"":""3a2e5be01fe09c3b9e3b1d93b8cbf11fb39a0835341a9b6067e9dac85f0b138d"",""semantic_signature_sha256"":""5604a417a066f26048e9519c8a3f3da53db216daf2db81fc6cc623224b8a588b"",""structure_signature"":{""gates"":4,""edges"":14,""answers"":2,""derivations"":2,""canonical_bytes"":7810},""construct_total_ms"":96.535,""client_unattributed_ms"":0.051},{""requested_mode"":""flat"",""effective_mode"":""flat"",""fallback_reason"":null,""plan_steps"":1,""feedback_steps"":0,""feedback_triples"":0,""construct_query_ms"":92.451,""feedback_update_ms"":0.0,""cleanup_ms"":0.0,""client_protocol_ms"":0.0,""network_scope"":""construct+feedback+cleanup"",""circuit_sha256"":""09e7c60156880f2357369b964df9a1cb366ddb8b8ba7b4de03f6c4c7a2fbb0b1"",""answer_fingerprint"":""3a2e5be01fe09c3b9e3b1d93b8cbf11fb39a0835341a9b6067e9dac85f0b138d"",""semantic_signature_sha256"":""5604a417a066f26048e9519c8a3f3da53db216daf2db81fc6cc623224b8a588b"",""structure_signature"":{""gates"":4,""edges"":14,""answers"":2,""derivations"":2,""canonical_bytes"":7810},""construct_total_ms"":93.219,""client_unattributed_ms"":0.063}],""construct_total_samples"":[94.433,100.082,92.653,96.535,93.219],""construct_unattributed_samples"":[0.072,0.065,0.075,0.051,0.063],""status"":""ok"",""status_evidence"":null,""c_warmup_signatures"":[""5604a417a066f26048e9519c8a3f3da53db216daf2db81fc6cc623224b8a588b""],""measured_semantic_signature_sha256"":""5604a417a066f26048e9519c8a3f3da53db216daf2db81fc6cc623224b8a588b"",""measured_repetitions_consistent"":true,""endpoint_lock"":{""wait_ms"":0.007,""lock_path"":""/tmp/sparqlcirc-r9-endpoint-locks-v7/95f85b19db76321fdab33c70bb05485617743f83e3c9c07ce9e365b03fd9b106.lock""},""construction_requested"":""flat"",""construction_effective"":""flat"",""commit"":""53437ec4699b3ccdb544ea926ab1b26db45d27c5"",""batch_id"":""e8d73a4e8a66371c868651bc00b1f41cc012afa7267dced007c2e8101f8e7d17"",""query_sha256"":""ea28abd7edab939c7b50a1796279891f1fac09bdf37f31eb5fdf3df64891eaf4"",""engine"":""graphdb"",""engine_version"":""GraphDB (RDF4J) [engines.json profile]"",""scale"":""10M"",""base_endpoint_sha256"":""d469fb81abed135738f704ddf57de41e98939ca5bbb2509a18a42b807368aa35"",""reified_endpoint_sha256"":""1dd1196abdf2d40865f5b4bc27acd5317de9ef00443776c930991278501566aa"",""update_endpoint_sha256"":""84611d18787ae81d7e9fa8ea2c2cf2319e90db0620f009a8ca19b85486a57c7a"",""base_data_identity_sha256"":""59fb59a04cd20e6dec9ee47cf1de02734068a3328cade998a3fc44a746054ea8"",""reified_data_identity_sha256"":""a42a308bd2c5294f3aa79a1a3b15804d4137fd68d7677d9adc037e257a217e76"",""update_for"":""reified"",""access_mode"":""writable"",""base_data_name"":""exploratory-base"",""reified_data_name"":""exploratory-reified"",""update_canary_sha256"":""41997fb8640d9e765a0272879a63548eb9bd46bbf6e49da02b7c924e506b94f7"",""store_instance_sha256"":""95f85b19db76321fdab33c70bb05485617743f83e3c9c07ce9e365b03fd9b106"",""store_discriminator_sha256"":""f9ff8d30db2db1840ca1585b5598b1cf4d1d06ac2adb86a55b430669507fabff"",""tool_sha256"":""b38a65fc0c1a91e138f057f7b6c08d21c328463aceb40ffda53fc759f99d2f7a"",""java_runtime_sha256"":""bdd50c08a90e2fb713541b8a118df6250246a917edc41a6776aeafc90b472687"",""run_identity_sha256"":""0c65d360a7997f01b85443c9fdd567036ed2a37da674eb347934124f7391785f""}"
53437ec4699b3ccdb544ea926ab1b26db45d27c5,graphdb,GraphDB (RDF4J) [engines.json profile],10M,F,F2,00,a2d067af87788371d0895c53af5536df3cc59090adda8fe35f6c9b1491962642,B,base-select,ok,1,3.9,3.5,4.4,3.9,0.3,1,5,180.0,604,0.0,,,,,0.00706,"[3.826, 3.863, 4.418, 3.924, 3.463]","[0.0, 0.0, 0.0, 0.0, 0.0]",,[],,[],,[],r9.2-frozen-identity-v7,e8d73a4e8a66371c868651bc00b1f41cc012afa7267dced007c2e8101f8e7d17,csv-binding-multiset-v1,1,10b9ad637f4f149333d27fb8ee82859266bf90afe18da9b5f14770c77a27b07e,,,,,,,,d469fb81abed135738f704ddf57de41e98939ca5bbb2509a18a42b807368aa35,1dd1196abdf2d40865f5b4bc27acd5317de9ef00443776c930991278501566aa,84611d18787ae81d7e9fa8ea2c2cf2319e90db0620f009a8ca19b85486a57c7a,59fb59a04cd20e6dec9ee47cf1de02734068a3328cade998a3fc44a746054ea8,a42a308bd2c5294f3aa79a1a3b15804d4137fd68d7677d9adc037e257a217e76,reified,writable,exploratory-base,exploratory-reified,41997fb8640d9e765a0272879a63548eb9bd46bbf6e49da02b7c924e506b94f7,95f85b19db76321fdab33c70bb05485617743f83e3c9c07ce9e365b03fd9b106,f9ff8d30db2db1840ca1585b5598b1cf4d1d06ac2adb86a55b430669507fabff,b38a65fc0c1a91e138f057f7b6c08d21c328463aceb40ffda53fc759f99d2f7a,bdd50c08a90e2fb713541b8a118df6250246a917edc41a6776aeafc90b472687,274d7853f9fd367cb7cc88f22224aebfd2c45464b7b28b5b3843e42cc1c8382f,"pcm-meta-v2:{""protocol"":""r9.2-frozen-identity-v7"",""message"":"""",""cell_wall_ms"":34.235,""answer_kind"":""csv-binding-multiset-v1"",""answer_key_count"":1,""answer_fingerprint"":""10b9ad637f4f149333d27fb8ee82859266bf90afe18da9b5f14770c77a27b07e"",""c_parse_samples"":[0.0,0.0,0.0,0.0,0.0],""c_protocol_samples"":[],""construct_total_samples"":[],""construct_unattributed_samples"":[],""status"":""ok"",""status_evidence"":null,""construction_requested"":null,""construction_effective"":null,""commit"":""53437ec4699b3ccdb544ea926ab1b26db45d27c5"",""batch_id"":""e8d73a4e8a66371c868651bc00b1f41cc012afa7267dced007c2e8101f8e7d17"",""query_sha256"":""a2d067af87788371d0895c53af5536df3cc59090adda8fe35f6c9b1491962642"",""engine"":""graphdb"",""engine_version"":""GraphDB (RDF4J) [engines.json profile]"",""scale"":""10M"",""base_endpoint_sha256"":""d469fb81abed135738f704ddf57de41e98939ca5bbb2509a18a42b807368aa35"",""reified_endpoint_sha256"":""1dd1196abdf2d40865f5b4bc27acd5317de9ef00443776c930991278501566aa"",""update_endpoint_sha256"":""84611d18787ae81d7e9fa8ea2c2cf2319e90db0620f009a8ca19b85486a57c7a"",""base_data_identity_sha256"":""59fb59a04cd20e6dec9ee47cf1de02734068a3328cade998a3fc44a746054ea8"",""reified_data_identity_sha256"":""a42a308bd2c5294f3aa79a1a3b15804d4137fd68d7677d9adc037e257a217e76"",""update_for"":""reified"",""access_mode"":""writable"",""base_data_name"":""exploratory-base"",""reified_data_name"":""exploratory-reified"",""update_canary_sha256"":""41997fb8640d9e765a0272879a63548eb9bd46bbf6e49da02b7c924e506b94f7"",""store_instance_sha256"":""95f85b19db76321fdab33c70bb05485617743f83e3c9c07ce9e365b03fd9b106"",""store_discriminator_sha256"":""f9ff8d30db2db1840ca1585b5598b1cf4d1d06ac2adb86a55b430669507fabff"",""tool_sha256"":""b38a65fc0c1a91e138f057f7b6c08d21c328463aceb40ffda53fc759f99d2f7a"",""java_runtime_sha256"":""bdd50c08a90e2fb713541b8a118df6250246a917edc41a6776aeafc90b472687"",""run_identity_sha256"":""274d7853f9fd367cb7cc88f22224aebfd2c45464b7b28b5b3843e42cc1c8382f""}"
53437ec4699b3ccdb544ea926ab1b26db45d27c5,graphdb,GraphDB (RDF4J) [engines.json profile],10M,F,F2,00,a2d067af87788371d0895c53af5536df3cc59090adda8fe35f6c9b1491962642,R,reification-only,ok,1,7.0,6.5,7.4,6.9,0.4,1,5,180.0,604,0.0,,,,,129.752719,"[7.403, 6.664, 6.952, 7.072, 6.457]","[0.0, 0.0, 0.0, 0.0, 0.0]",,[],,[],,[],r9.2-frozen-identity-v7,e8d73a4e8a66371c868651bc00b1f41cc012afa7267dced007c2e8101f8e7d17,csv-binding-multiset-v1,1,10b9ad637f4f149333d27fb8ee82859266bf90afe18da9b5f14770c77a27b07e,,,,,,,,d469fb81abed135738f704ddf57de41e98939ca5bbb2509a18a42b807368aa35,1dd1196abdf2d40865f5b4bc27acd5317de9ef00443776c930991278501566aa,84611d18787ae81d7e9fa8ea2c2cf2319e90db0620f009a8ca19b85486a57c7a,59fb59a04cd20e6dec9ee47cf1de02734068a3328cade998a3fc44a746054ea8,a42a308bd2c5294f3aa79a1a3b15804d4137fd68d7677d9adc037e257a217e76,reified,writable,exploratory-base,exploratory-reified,41997fb8640d9e765a0272879a63548eb9bd46bbf6e49da02b7c924e506b94f7,95f85b19db76321fdab33c70bb05485617743f83e3c9c07ce9e365b03fd9b106,f9ff8d30db2db1840ca1585b5598b1cf4d1d06ac2adb86a55b430669507fabff,b38a65fc0c1a91e138f057f7b6c08d21c328463aceb40ffda53fc759f99d2f7a,bdd50c08a90e2fb713541b8a118df6250246a917edc41a6776aeafc90b472687,274d7853f9fd367cb7cc88f22224aebfd2c45464b7b28b5b3843e42cc1c8382f,"pcm-meta-v2:{""protocol"":""r9.2-frozen-identity-v7"",""message"":"""",""cell_wall_ms"":180.949,""answer_kind"":""csv-binding-multiset-v1"",""answer_key_count"":1,""answer_fingerprint"":""10b9ad637f4f149333d27fb8ee82859266bf90afe18da9b5f14770c77a27b07e"",""c_parse_samples"":[0.0,0.0,0.0,0.0,0.0],""c_protocol_samples"":[],""construct_total_samples"":[],""construct_unattributed_samples"":[],""status"":""ok"",""status_evidence"":null,""construction_requested"":null,""construction_effective"":null,""commit"":""53437ec4699b3ccdb544ea926ab1b26db45d27c5"",""batch_id"":""e8d73a4e8a66371c868651bc00b1f41cc012afa7267dced007c2e8101f8e7d17"",""query_sha256"":""a2d067af87788371d0895c53af5536df3cc59090adda8fe35f6c9b1491962642"",""engine"":""graphdb"",""engine_version"":""GraphDB (RDF4J) [engines.json profile]"",""scale"":""10M"",""base_endpoint_sha256"":""d469fb81abed135738f704ddf57de41e98939ca5bbb2509a18a42b807368aa35"",""reified_endpoint_sha256"":""1dd1196abdf2d40865f5b4bc27acd5317de9ef00443776c930991278501566aa"",""update_endpoint_sha256"":""84611d18787ae81d7e9fa8ea2c2cf2319e90db0620f009a8ca19b85486a57c7a"",""base_data_identity_sha256"":""59fb59a04cd20e6dec9ee47cf1de02734068a3328cade998a3fc44a746054ea8"",""reified_data_identity_sha256"":""a42a308bd2c5294f3aa79a1a3b15804d4137fd68d7677d9adc037e257a217e76"",""update_for"":""reified"",""access_mode"":""writable"",""base_data_name"":""exploratory-base"",""reified_data_name"":""exploratory-reified"",""update_canary_sha256"":""41997fb8640d9e765a0272879a63548eb9bd46bbf6e49da02b7c924e506b94f7"",""store_instance_sha256"":""95f85b19db76321fdab33c70bb05485617743f83e3c9c07ce9e365b03fd9b106"",""store_discriminator_sha256"":""f9ff8d30db2db1840ca1585b5598b1cf4d1d06ac2adb86a55b430669507fabff"",""tool_sha256"":""b38a65fc0c1a91e138f057f7b6c08d21c328463aceb40ffda53fc759f99d2f7a"",""java_runtime_sha256"":""bdd50c08a90e2fb713541b8a118df6250246a917edc41a6776aeafc90b472687"",""run_identity_sha256"":""274d7853f9fd367cb7cc88f22224aebfd2c45464b7b28b5b3843e42cc1c8382f""}"
53437ec4699b3ccdb544ea926ab1b26db45d27c5,graphdb,GraphDB (RDF4J) [engines.json profile],10M,F,F2,00,a2d067af87788371d0895c53af5536df3cc59090adda8fe35f6c9b1491962642,N,N_clean (NPCS reimplementation),ok,1,7.7,6.3,8.3,7.5,0.8,1,5,180.0,749,0.0,,,,1,177.227541,"[8.307, 7.965, 7.117, 6.3, 7.709]","[0.0, 0.0, 0.0, 0.0, 0.0]",,[],,[],,[],r9.2-frozen-identity-v7,e8d73a4e8a66371c868651bc00b1f41cc012afa7267dced007c2e8101f8e7d17,csv-candidate-multiset-v1,1,10b9ad637f4f149333d27fb8ee82859266bf90afe18da9b5f14770c77a27b07e,,,,,,,,d469fb81abed135738f704ddf57de41e98939ca5bbb2509a18a42b807368aa35,1dd1196abdf2d40865f5b4bc27acd5317de9ef00443776c930991278501566aa,84611d18787ae81d7e9fa8ea2c2cf2319e90db0620f009a8ca19b85486a57c7a,59fb59a04cd20e6dec9ee47cf1de02734068a3328cade998a3fc44a746054ea8,a42a308bd2c5294f3aa79a1a3b15804d4137fd68d7677d9adc037e257a217e76,reified,writable,exploratory-base,exploratory-reified,41997fb8640d9e765a0272879a63548eb9bd46bbf6e49da02b7c924e506b94f7,95f85b19db76321fdab33c70bb05485617743f83e3c9c07ce9e365b03fd9b106,f9ff8d30db2db1840ca1585b5598b1cf4d1d06ac2adb86a55b430669507fabff,b38a65fc0c1a91e138f057f7b6c08d21c328463aceb40ffda53fc759f99d2f7a,bdd50c08a90e2fb713541b8a118df6250246a917edc41a6776aeafc90b472687,274d7853f9fd367cb7cc88f22224aebfd2c45464b7b28b5b3843e42cc1c8382f,"pcm-meta-v2:{""protocol"":""r9.2-frozen-identity-v7"",""message"":"""",""cell_wall_ms"":231.115,""answer_kind"":""csv-candidate-multiset-v1"",""answer_key_count"":1,""answer_fingerprint"":""10b9ad637f4f149333d27fb8ee82859266bf90afe18da9b5f14770c77a27b07e"",""c_parse_samples"":[0.0,0.0,0.0,0.0,0.0],""c_protocol_samples"":[],""construct_total_samples"":[],""construct_unattributed_samples"":[],""status"":""ok"",""status_evidence"":null,""construction_requested"":null,""construction_effective"":null,""commit"":""53437ec4699b3ccdb544ea926ab1b26db45d27c5"",""batch_id"":""e8d73a4e8a66371c868651bc00b1f41cc012afa7267dced007c2e8101f8e7d17"",""query_sha256"":""a2d067af87788371d0895c53af5536df3cc59090adda8fe35f6c9b1491962642"",""engine"":""graphdb"",""engine_version"":""GraphDB (RDF4J) [engines.json profile]"",""scale"":""10M"",""base_endpoint_sha256"":""d469fb81abed135738f704ddf57de41e98939ca5bbb2509a18a42b807368aa35"",""reified_endpoint_sha256"":""1dd1196abdf2d40865f5b4bc27acd5317de9ef00443776c930991278501566aa"",""update_endpoint_sha256"":""84611d18787ae81d7e9fa8ea2c2cf2319e90db0620f009a8ca19b85486a57c7a"",""base_data_identity_sha256"":""59fb59a04cd20e6dec9ee47cf1de02734068a3328cade998a3fc44a746054ea8"",""reified_data_identity_sha256"":""a42a308bd2c5294f3aa79a1a3b15804d4137fd68d7677d9adc037e257a217e76"",""update_for"":""reified"",""access_mode"":""writable"",""base_data_name"":""exploratory-base"",""reified_data_name"":""exploratory-reified"",""update_canary_sha256"":""41997fb8640d9e765a0272879a63548eb9bd46bbf6e49da02b7c924e506b94f7"",""store_instance_sha256"":""95f85b19db76321fdab33c70bb05485617743f83e3c9c07ce9e365b03fd9b106"",""store_discriminator_sha256"":""f9ff8d30db2db1840ca1585b5598b1cf4d1d06ac2adb86a55b430669507fabff"",""tool_sha256"":""b38a65fc0c1a91e138f057f7b6c08d21c328463aceb40ffda53fc759f99d2f7a"",""java_runtime_sha256"":""bdd50c08a90e2fb713541b8a118df6250246a917edc41a6776aeafc90b472687"",""run_identity_sha256"":""274d7853f9fd367cb7cc88f22224aebfd2c45464b7b28b5b3843e42cc1c8382f""}"
53437ec4699b3ccdb544ea926ab1b26db45d27c5,graphdb,GraphDB (RDF4J) [engines.json profile],10M,F,F2,00,a2d067af87788371d0895c53af5536df3cc59090adda8fe35f6c9b1491962642,C,SPARQLcirc CircuitRewriter,ok,1,44.6,44.5,44.7,44.6,0.1,1,5,180.0,5286,0.6,2,9,1,,390.575867,"[44.605, 44.748, 44.587, 44.728, 44.47]","[0.803, 0.559, 0.534, 0.62, 0.56]",0.0,"[0.0, 0.0, 0.0, 0.0, 0.0]",45.4,"[45.487, 45.395, 45.199, 45.43, 45.098]",0.1,"[0.079, 0.088, 0.078, 0.082, 0.068]",r9.2-frozen-identity-v7,e8d73a4e8a66371c868651bc00b1f41cc012afa7267dced007c2e8101f8e7d17,term-aware-candidate-set-v1,1,e18a32fbf3454210ede20c509c778e5826aeaeb74c5f3c679c785df382e8d072,flat,flat,971544a4c505a677b7c8d8607f1e4ccebb425f67058a0ef09b9f091030fd2cd9,,,,,d469fb81abed135738f704ddf57de41e98939ca5bbb2509a18a42b807368aa35,1dd1196abdf2d40865f5b4bc27acd5317de9ef00443776c930991278501566aa,84611d18787ae81d7e9fa8ea2c2cf2319e90db0620f009a8ca19b85486a57c7a,59fb59a04cd20e6dec9ee47cf1de02734068a3328cade998a3fc44a746054ea8,a42a308bd2c5294f3aa79a1a3b15804d4137fd68d7677d9adc037e257a217e76,reified,writable,exploratory-base,exploratory-reified,41997fb8640d9e765a0272879a63548eb9bd46bbf6e49da02b7c924e506b94f7,95f85b19db76321fdab33c70bb05485617743f83e3c9c07ce9e365b03fd9b106,f9ff8d30db2db1840ca1585b5598b1cf4d1d06ac2adb86a55b430669507fabff,b38a65fc0c1a91e138f057f7b6c08d21c328463aceb40ffda53fc759f99d2f7a,bdd50c08a90e2fb713541b8a118df6250246a917edc41a6776aeafc90b472687,274d7853f9fd367cb7cc88f22224aebfd2c45464b7b28b5b3843e42cc1c8382f,"pcm-meta-v2:{""protocol"":""r9.2-frozen-identity-v7"",""message"":""C requested=flat effective=flat; steps=1 feedback=0; network includes CONSTRUCT, feedback INSERT, and cleanup DELETE"",""cell_wall_ms"":668.999,""answer_kind"":""term-aware-candidate-set-v1"",""answer_key_count"":1,""answer_fingerprint"":""e18a32fbf3454210ede20c509c778e5826aeaeb74c5f3c679c785df382e8d072"",""c_parse_samples"":[0.803,0.559,0.534,0.62,0.56],""c_protocol_samples"":[{""requested_mode"":""flat"",""effective_mode"":""flat"",""fallback_reason"":null,""plan_steps"":1,""feedback_steps"":0,""feedback_triples"":0,""construct_query_ms"":44.605,""feedback_update_ms"":0.0,""cleanup_ms"":0.0,""client_protocol_ms"":0.0,""network_scope"":""construct+feedback+cleanup"",""circuit_sha256"":""971544a4c505a677b7c8d8607f1e4ccebb425f67058a0ef09b9f091030fd2cd9"",""answer_fingerprint"":""e18a32fbf3454210ede20c509c778e5826aeaeb74c5f3c679c785df382e8d072"",""semantic_signature_sha256"":""4d37765085e081bbf89d914788006ac2255747bf966d4d293db59428a838168b"",""structure_signature"":{""gates"":2,""edges"":9,""answers"":1,""derivations"":1,""canonical_bytes"":5286},""construct_total_ms"":45.487,""client_unattributed_ms"":0.079},{""requested_mode"":""flat"",""effective_mode"":""flat"",""fallback_reason"":null,""plan_steps"":1,""feedback_steps"":0,""feedback_triples"":0,""construct_query_ms"":44.748,""feedback_update_ms"":0.0,""cleanup_ms"":0.0,""client_protocol_ms"":0.0,""network_scope"":""construct+feedback+cleanup"",""circuit_sha256"":""971544a4c505a677b7c8d8607f1e4ccebb425f67058a0ef09b9f091030fd2cd9"",""answer_fingerprint"":""e18a32fbf3454210ede20c509c778e5826aeaeb74c5f3c679c785df382e8d072"",""semantic_signature_sha256"":""4d37765085e081bbf89d914788006ac2255747bf966d4d293db59428a838168b"",""structure_signature"":{""gates"":2,""edges"":9,""answers"":1,""derivations"":1,""canonical_bytes"":5286},""construct_total_ms"":45.395,""client_unattributed_ms"":0.088},{""requested_mode"":""flat"",""effective_mode"":""flat"",""fallback_reason"":null,""plan_steps"":1,""feedback_steps"":0,""feedback_triples"":0,""construct_query_ms"":44.587,""feedback_update_ms"":0.0,""cleanup_ms"":0.0,""client_protocol_ms"":0.0,""network_scope"":""construct+feedback+cleanup"",""circuit_sha256"":""971544a4c505a677b7c8d8607f1e4ccebb425f67058a0ef09b9f091030fd2cd9"",""answer_fingerprint"":""e18a32fbf3454210ede20c509c778e5826aeaeb74c5f3c679c785df382e8d072"",""semantic_signature_sha256"":""4d37765085e081bbf89d914788006ac2255747bf966d4d293db59428a838168b"",""structure_signature"":{""gates"":2,""edges"":9,""answers"":1,""derivations"":1,""canonical_bytes"":5286},""construct_total_ms"":45.199,""client_unattributed_ms"":0.078},{""requested_mode"":""flat"",""effective_mode"":""flat"",""fallback_reason"":null,""plan_steps"":1,""feedback_steps"":0,""feedback_triples"":0,""construct_query_ms"":44.728,""feedback_update_ms"":0.0,""cleanup_ms"":0.0,""client_protocol_ms"":0.0,""network_scope"":""construct+feedback+cleanup"",""circuit_sha256"":""971544a4c505a677b7c8d8607f1e4ccebb425f67058a0ef09b9f091030fd2cd9"",""answer_fingerprint"":""e18a32fbf3454210ede20c509c778e5826aeaeb74c5f3c679c785df382e8d072"",""semantic_signature_sha256"":""4d37765085e081bbf89d914788006ac2255747bf966d4d293db59428a838168b"",""structure_signature"":{""gates"":2,""edges"":9,""answers"":1,""derivations"":1,""canonical_bytes"":5286},""construct_total_ms"":45.43,""client_unattributed_ms"":0.082},{""requested_mode"":""flat"",""effective_mode"":""flat"",""fallback_reason"":null,""plan_steps"":1,""feedback_steps"":0,""feedback_triples"":0,""construct_query_ms"":44.47,""feedback_update_ms"":0.0,""cleanup_ms"":0.0,""client_protocol_ms"":0.0,""network_scope"":""construct+feedback+cleanup"",""circuit_sha256"":""971544a4c505a677b7c8d8607f1e4ccebb425f67058a0ef09b9f091030fd2cd9"",""answer_fingerprint"":""e18a32fbf3454210ede20c509c778e5826aeaeb74c5f3c679c785df382e8d072"",""semantic_signature_sha256"":""4d37765085e081bbf89d914788006ac2255747bf966d4d293db59428a838168b"",""structure_signature"":{""gates"":2,""edges"":9,""answers"":1,""derivations"":1,""canonical_bytes"":5286},""construct_total_ms"":45.098,""client_unattributed_ms"":0.068}],""construct_total_samples"":[45.487,45.395,45.199,45.43,45.098],""construct_unattributed_samples"":[0.079,0.088,0.078,0.082,0.068],""status"":""ok"",""status_evidence"":null,""c_warmup_signatures"":[""4d37765085e081bbf89d914788006ac2255747bf966d4d293db59428a838168b""],""measured_semantic_signature_sha256"":""4d37765085e081bbf89d914788006ac2255747bf966d4d293db59428a838168b"",""measured_repetitions_consistent"":true,""endpoint_lock"":{""wait_ms"":0.008,""lock_path"":""/tmp/sparqlcirc-r9-endpoint-locks-v7/95f85b19db76321fdab33c70bb05485617743f83e3c9c07ce9e365b03fd9b106.lock""},""construction_requested"":""flat"",""construction_effective"":""flat"",""commit"":""53437ec4699b3ccdb544ea926ab1b26db45d27c5"",""batch_id"":""e8d73a4e8a66371c868651bc00b1f41cc012afa7267dced007c2e8101f8e7d17"",""query_sha256"":""a2d067af87788371d0895c53af5536df3cc59090adda8fe35f6c9b1491962642"",""engine"":""graphdb"",""engine_version"":""GraphDB (RDF4J) [engines.json profile]"",""scale"":""10M"",""base_endpoint_sha256"":""d469fb81abed135738f704ddf57de41e98939ca5bbb2509a18a42b807368aa35"",""reified_endpoint_sha256"":""1dd1196abdf2d40865f5b4bc27acd5317de9ef00443776c930991278501566aa"",""update_endpoint_sha256"":""84611d18787ae81d7e9fa8ea2c2cf2319e90db0620f009a8ca19b85486a57c7a"",""base_data_identity_sha256"":""59fb59a04cd20e6dec9ee47cf1de02734068a3328cade998a3fc44a746054ea8"",""reified_data_identity_sha256"":""a42a308bd2c5294f3aa79a1a3b15804d4137fd68d7677d9adc037e257a217e76"",""update_for"":""reified"",""access_mode"":""writable"",""base_data_name"":""exploratory-base"",""reified_data_name"":""exploratory-reified"",""update_canary_sha256"":""41997fb8640d9e765a0272879a63548eb9bd46bbf6e49da02b7c924e506b94f7"",""store_instance_sha256"":""95f85b19db76321fdab33c70bb05485617743f83e3c9c07ce9e365b03fd9b106"",""store_discriminator_sha256"":""f9ff8d30db2db1840ca1585b5598b1cf4d1d06ac2adb86a55b430669507fabff"",""tool_sha256"":""b38a65fc0c1a91e138f057f7b6c08d21c328463aceb40ffda53fc759f99d2f7a"",""java_runtime_sha256"":""bdd50c08a90e2fb713541b8a118df6250246a917edc41a6776aeafc90b472687"",""run_identity_sha256"":""274d7853f9fd367cb7cc88f22224aebfd2c45464b7b28b5b3843e42cc1c8382f""}"
53437ec4699b3ccdb544ea926ab1b26db45d27c5,graphdb,GraphDB (RDF4J) [engines.json profile],10M,F,F3,00,ab4a33937e9d2bc9b501268b85f184fcbc070f1c35d8b6f2a148df9d906de693,B,base-select,ok,3,3.0,2.1,4.7,3.2,1.1,1,5,180.0,511,0.0,,,,,0.015251,"[4.731, 2.974, 2.139, 3.692, 2.377]","[0.0, 0.0, 0.0, 0.0, 0.0]",,[],,[],,[],r9.2-frozen-identity-v7,e8d73a4e8a66371c868651bc00b1f41cc012afa7267dced007c2e8101f8e7d17,csv-binding-multiset-v1,3,7236913871dd8411f613d4202ff19330c011e8178270c515215e83355fad85f7,,,,,,,,d469fb81abed135738f704ddf57de41e98939ca5bbb2509a18a42b807368aa35,1dd1196abdf2d40865f5b4bc27acd5317de9ef00443776c930991278501566aa,84611d18787ae81d7e9fa8ea2c2cf2319e90db0620f009a8ca19b85486a57c7a,59fb59a04cd20e6dec9ee47cf1de02734068a3328cade998a3fc44a746054ea8,a42a308bd2c5294f3aa79a1a3b15804d4137fd68d7677d9adc037e257a217e76,reified,writable,exploratory-base,exploratory-reified,41997fb8640d9e765a0272879a63548eb9bd46bbf6e49da02b7c924e506b94f7,95f85b19db76321fdab33c70bb05485617743f83e3c9c07ce9e365b03fd9b106,f9ff8d30db2db1840ca1585b5598b1cf4d1d06ac2adb86a55b430669507fabff,b38a65fc0c1a91e138f057f7b6c08d21c328463aceb40ffda53fc759f99d2f7a,bdd50c08a90e2fb713541b8a118df6250246a917edc41a6776aeafc90b472687,652d5d471627df3dbf8deecbaa98ff6c2fd418a538bc45d157bde52992b85e79,"pcm-meta-v2:{""protocol"":""r9.2-frozen-identity-v7"",""message"":"""",""cell_wall_ms"":32.202,""answer_kind"":""csv-binding-multiset-v1"",""answer_key_count"":3,""answer_fingerprint"":""7236913871dd8411f613d4202ff19330c011e8178270c515215e83355fad85f7"",""c_parse_samples"":[0.0,0.0,0.0,0.0,0.0],""c_protocol_samples"":[],""construct_total_samples"":[],""construct_unattributed_samples"":[],""status"":""ok"",""status_evidence"":null,""construction_requested"":null,""construction_effective"":null,""commit"":""53437ec4699b3ccdb544ea926ab1b26db45d27c5"",""batch_id"":""e8d73a4e8a66371c868651bc00b1f41cc012afa7267dced007c2e8101f8e7d17"",""query_sha256"":""ab4a33937e9d2bc9b501268b85f184fcbc070f1c35d8b6f2a148df9d906de693"",""engine"":""graphdb"",""engine_version"":""GraphDB (RDF4J) [engines.json profile]"",""scale"":""10M"",""base_endpoint_sha256"":""d469fb81abed135738f704ddf57de41e98939ca5bbb2509a18a42b807368aa35"",""reified_endpoint_sha256"":""1dd1196abdf2d40865f5b4bc27acd5317de9ef00443776c930991278501566aa"",""update_endpoint_sha256"":""84611d18787ae81d7e9fa8ea2c2cf2319e90db0620f009a8ca19b85486a57c7a"",""base_data_identity_sha256"":""59fb59a04cd20e6dec9ee47cf1de02734068a3328cade998a3fc44a746054ea8"",""reified_data_identity_sha256"":""a42a308bd2c5294f3aa79a1a3b15804d4137fd68d7677d9adc037e257a217e76"",""update_for"":""reified"",""access_mode"":""writable"",""base_data_name"":""exploratory-base"",""reified_data_name"":""exploratory-reified"",""update_canary_sha256"":""41997fb8640d9e765a0272879a63548eb9bd46bbf6e49da02b7c924e506b94f7"",""store_instance_sha256"":""95f85b19db76321fdab33c70bb05485617743f83e3c9c07ce9e365b03fd9b106"",""store_discriminator_sha256"":""f9ff8d30db2db1840ca1585b5598b1cf4d1d06ac2adb86a55b430669507fabff"",""tool_sha256"":""b38a65fc0c1a91e138f057f7b6c08d21c328463aceb40ffda53fc759f99d2f7a"",""java_runtime_sha256"":""bdd50c08a90e2fb713541b8a118df6250246a917edc41a6776aeafc90b472687"",""run_identity_sha256"":""652d5d471627df3dbf8deecbaa98ff6c2fd418a538bc45d157bde52992b85e79""}"
53437ec4699b3ccdb544ea926ab1b26db45d27c5,graphdb,GraphDB (RDF4J) [engines.json profile],10M,F,F3,00,ab4a33937e9d2bc9b501268b85f184fcbc070f1c35d8b6f2a148df9d906de693,R,reification-only,ok,3,19.9,18.9,27.8,21.6,3.7,1,5,180.0,511,0.0,,,,,131.013259,"[18.872, 19.853, 21.915, 19.477, 27.848]","[0.0, 0.0, 0.0, 0.0, 0.0]",,[],,[],,[],r9.2-frozen-identity-v7,e8d73a4e8a66371c868651bc00b1f41cc012afa7267dced007c2e8101f8e7d17,csv-binding-multiset-v1,3,7236913871dd8411f613d4202ff19330c011e8178270c515215e83355fad85f7,,,,,,,,d469fb81abed135738f704ddf57de41e98939ca5bbb2509a18a42b807368aa35,1dd1196abdf2d40865f5b4bc27acd5317de9ef00443776c930991278501566aa,84611d18787ae81d7e9fa8ea2c2cf2319e90db0620f009a8ca19b85486a57c7a,59fb59a04cd20e6dec9ee47cf1de02734068a3328cade998a3fc44a746054ea8,a42a308bd2c5294f3aa79a1a3b15804d4137fd68d7677d9adc037e257a217e76,reified,writable,exploratory-base,exploratory-reified,41997fb8640d9e765a0272879a63548eb9bd46bbf6e49da02b7c924e506b94f7,95f85b19db76321fdab33c70bb05485617743f83e3c9c07ce9e365b03fd9b106,f9ff8d30db2db1840ca1585b5598b1cf4d1d06ac2adb86a55b430669507fabff,b38a65fc0c1a91e138f057f7b6c08d21c328463aceb40ffda53fc759f99d2f7a,bdd50c08a90e2fb713541b8a118df6250246a917edc41a6776aeafc90b472687,652d5d471627df3dbf8deecbaa98ff6c2fd418a538bc45d157bde52992b85e79,"pcm-meta-v2:{""protocol"":""r9.2-frozen-identity-v7"",""message"":"""",""cell_wall_ms"":293.858,""answer_kind"":""csv-binding-multiset-v1"",""answer_key_count"":3,""answer_fingerprint"":""7236913871dd8411f613d4202ff19330c011e8178270c515215e83355fad85f7"",""c_parse_samples"":[0.0,0.0,0.0,0.0,0.0],""c_protocol_samples"":[],""construct_total_samples"":[],""construct_unattributed_samples"":[],""status"":""ok"",""status_evidence"":null,""construction_requested"":null,""construction_effective"":null,""commit"":""53437ec4699b3ccdb544ea926ab1b26db45d27c5"",""batch_id"":""e8d73a4e8a66371c868651bc00b1f41cc012afa7267dced007c2e8101f8e7d17"",""query_sha256"":""ab4a33937e9d2bc9b501268b85f184fcbc070f1c35d8b6f2a148df9d906de693"",""engine"":""graphdb"",""engine_version"":""GraphDB (RDF4J) [engines.json profile]"",""scale"":""10M"",""base_endpoint_sha256"":""d469fb81abed135738f704ddf57de41e98939ca5bbb2509a18a42b807368aa35"",""reified_endpoint_sha256"":""1dd1196abdf2d40865f5b4bc27acd5317de9ef00443776c930991278501566aa"",""update_endpoint_sha256"":""84611d18787ae81d7e9fa8ea2c2cf2319e90db0620f009a8ca19b85486a57c7a"",""base_data_identity_sha256"":""59fb59a04cd20e6dec9ee47cf1de02734068a3328cade998a3fc44a746054ea8"",""reified_data_identity_sha256"":""a42a308bd2c5294f3aa79a1a3b15804d4137fd68d7677d9adc037e257a217e76"",""update_for"":""reified"",""access_mode"":""writable"",""base_data_name"":""exploratory-base"",""reified_data_name"":""exploratory-reified"",""update_canary_sha256"":""41997fb8640d9e765a0272879a63548eb9bd46bbf6e49da02b7c924e506b94f7"",""store_instance_sha256"":""95f85b19db76321fdab33c70bb05485617743f83e3c9c07ce9e365b03fd9b106"",""store_discriminator_sha256"":""f9ff8d30db2db1840ca1585b5598b1cf4d1d06ac2adb86a55b430669507fabff"",""tool_sha256"":""b38a65fc0c1a91e138f057f7b6c08d21c328463aceb40ffda53fc759f99d2f7a"",""java_runtime_sha256"":""bdd50c08a90e2fb713541b8a118df6250246a917edc41a6776aeafc90b472687"",""run_identity_sha256"":""652d5d471627df3dbf8deecbaa98ff6c2fd418a538bc45d157bde52992b85e79""}"
53437ec4699b3ccdb544ea926ab1b26db45d27c5,graphdb,GraphDB (RDF4J) [engines.json profile],10M,F,F3,00,ab4a33937e9d2bc9b501268b85f184fcbc070f1c35d8b6f2a148df9d906de693,N,N_clean (NPCS reimplementation),ok,3,19.8,18.8,20.0,19.5,0.5,1,5,180.0,823,0.0,,,,3,180.211508,"[18.823, 19.835, 19.105, 19.785, 19.998]","[0.0, 0.0, 0.0, 0.0, 0.0]",,[],,[],,[],r9.2-frozen-identity-v7,e8d73a4e8a66371c868651bc00b1f41cc012afa7267dced007c2e8101f8e7d17,csv-candidate-multiset-v1,3,7236913871dd8411f613d4202ff19330c011e8178270c515215e83355fad85f7,,,,,,,,d469fb81abed135738f704ddf57de41e98939ca5bbb2509a18a42b807368aa35,1dd1196abdf2d40865f5b4bc27acd5317de9ef00443776c930991278501566aa,84611d18787ae81d7e9fa8ea2c2cf2319e90db0620f009a8ca19b85486a57c7a,59fb59a04cd20e6dec9ee47cf1de02734068a3328cade998a3fc44a746054ea8,a42a308bd2c5294f3aa79a1a3b15804d4137fd68d7677d9adc037e257a217e76,reified,writable,exploratory-base,exploratory-reified,41997fb8640d9e765a0272879a63548eb9bd46bbf6e49da02b7c924e506b94f7,95f85b19db76321fdab33c70bb05485617743f83e3c9c07ce9e365b03fd9b106,f9ff8d30db2db1840ca1585b5598b1cf4d1d06ac2adb86a55b430669507fabff,b38a65fc0c1a91e138f057f7b6c08d21c328463aceb40ffda53fc759f99d2f7a,bdd50c08a90e2fb713541b8a118df6250246a917edc41a6776aeafc90b472687,652d5d471627df3dbf8deecbaa98ff6c2fd418a538bc45d157bde52992b85e79,"pcm-meta-v2:{""protocol"":""r9.2-frozen-identity-v7"",""message"":"""",""cell_wall_ms"":306.938,""answer_kind"":""csv-candidate-multiset-v1"",""answer_key_count"":3,""answer_fingerprint"":""7236913871dd8411f613d4202ff19330c011e8178270c515215e83355fad85f7"",""c_parse_samples"":[0.0,0.0,0.0,0.0,0.0],""c_protocol_samples"":[],""construct_total_samples"":[],""construct_unattributed_samples"":[],""status"":""ok"",""status_evidence"":null,""construction_requested"":null,""construction_effective"":null,""commit"":""53437ec4699b3ccdb544ea926ab1b26db45d27c5"",""batch_id"":""e8d73a4e8a66371c868651bc00b1f41cc012afa7267dced007c2e8101f8e7d17"",""query_sha256"":""ab4a33937e9d2bc9b501268b85f184fcbc070f1c35d8b6f2a148df9d906de693"",""engine"":""graphdb"",""engine_version"":""GraphDB (RDF4J) [engines.json profile]"",""scale"":""10M"",""base_endpoint_sha256"":""d469fb81abed135738f704ddf57de41e98939ca5bbb2509a18a42b807368aa35"",""reified_endpoint_sha256"":""1dd1196abdf2d40865f5b4bc27acd5317de9ef00443776c930991278501566aa"",""update_endpoint_sha256"":""84611d18787ae81d7e9fa8ea2c2cf2319e90db0620f009a8ca19b85486a57c7a"",""base_data_identity_sha256"":""59fb59a04cd20e6dec9ee47cf1de02734068a3328cade998a3fc44a746054ea8"",""reified_data_identity_sha256"":""a42a308bd2c5294f3aa79a1a3b15804d4137fd68d7677d9adc037e257a217e76"",""update_for"":""reified"",""access_mode"":""writable"",""base_data_name"":""exploratory-base"",""reified_data_name"":""exploratory-reified"",""update_canary_sha256"":""41997fb8640d9e765a0272879a63548eb9bd46bbf6e49da02b7c924e506b94f7"",""store_instance_sha256"":""95f85b19db76321fdab33c70bb05485617743f83e3c9c07ce9e365b03fd9b106"",""store_discriminator_sha256"":""f9ff8d30db2db1840ca1585b5598b1cf4d1d06ac2adb86a55b430669507fabff"",""tool_sha256"":""b38a65fc0c1a91e138f057f7b6c08d21c328463aceb40ffda53fc759f99d2f7a"",""java_runtime_sha256"":""bdd50c08a90e2fb713541b8a118df6250246a917edc41a6776aeafc90b472687"",""run_identity_sha256"":""652d5d471627df3dbf8deecbaa98ff6c2fd418a538bc45d157bde52992b85e79""}"
53437ec4699b3ccdb544ea926ab1b26db45d27c5,graphdb,GraphDB (RDF4J) [engines.json profile],10M,F,F3,00,ab4a33937e9d2bc9b501268b85f184fcbc070f1c35d8b6f2a148df9d906de693,C,SPARQLcirc CircuitRewriter,ok,3,123.6,122.9,125.8,124.2,1.3,1,5,180.0,11550,1.1,6,21,3,,368.227048,"[123.584, 122.921, 125.331, 125.831, 123.401]","[1.137, 1.485, 1.127, 1.067, 1.087]",0.0,"[0.0, 0.0, 0.0, 0.0, 0.0]",124.8,"[124.816, 124.479, 126.545, 126.97, 124.55]",0.1,"[0.095, 0.073, 0.087, 0.072, 0.063]",r9.2-frozen-identity-v7,e8d73a4e8a66371c868651bc00b1f41cc012afa7267dced007c2e8101f8e7d17,term-aware-candidate-set-v1,3,d5e8076027f8a1ac554fbd76a9c91a7f3228e45dbf5c55c26165ba3f8e9d9fc7,flat,flat,baa051461f24fc29206538cab376b7a4bfac00bedf725c45c44765ff7a8e6d46,,,,,d469fb81abed135738f704ddf57de41e98939ca5bbb2509a18a42b807368aa35,1dd1196abdf2d40865f5b4bc27acd5317de9ef00443776c930991278501566aa,84611d18787ae81d7e9fa8ea2c2cf2319e90db0620f009a8ca19b85486a57c7a,59fb59a04cd20e6dec9ee47cf1de02734068a3328cade998a3fc44a746054ea8,a42a308bd2c5294f3aa79a1a3b15804d4137fd68d7677d9adc037e257a217e76,reified,writable,exploratory-base,exploratory-reified,41997fb8640d9e765a0272879a63548eb9bd46bbf6e49da02b7c924e506b94f7,95f85b19db76321fdab33c70bb05485617743f83e3c9c07ce9e365b03fd9b106,f9ff8d30db2db1840ca1585b5598b1cf4d1d06ac2adb86a55b430669507fabff,b38a65fc0c1a91e138f057f7b6c08d21c328463aceb40ffda53fc759f99d2f7a,bdd50c08a90e2fb713541b8a118df6250246a917edc41a6776aeafc90b472687,652d5d471627df3dbf8deecbaa98ff6c2fd418a538bc45d157bde52992b85e79,"pcm-meta-v2:{""protocol"":""r9.2-frozen-identity-v7"",""message"":""C requested=flat effective=flat; steps=1 feedback=0; network includes CONSTRUCT, feedback INSERT, and cleanup DELETE"",""cell_wall_ms"":1132.729,""answer_kind"":""term-aware-candidate-set-v1"",""answer_key_count"":3,""answer_fingerprint"":""d5e8076027f8a1ac554fbd76a9c91a7f3228e45dbf5c55c26165ba3f8e9d9fc7"",""c_parse_samples"":[1.137,1.485,1.127,1.067,1.087],""c_protocol_samples"":[{""requested_mode"":""flat"",""effective_mode"":""flat"",""fallback_reason"":null,""plan_steps"":1,""feedback_steps"":0,""feedback_triples"":0,""construct_query_ms"":123.584,""feedback_update_ms"":0.0,""cleanup_ms"":0.0,""client_protocol_ms"":0.0,""network_scope"":""construct+feedback+cleanup"",""circuit_sha256"":""baa051461f24fc29206538cab376b7a4bfac00bedf725c45c44765ff7a8e6d46"",""answer_fingerprint"":""d5e8076027f8a1ac554fbd76a9c91a7f3228e45dbf5c55c26165ba3f8e9d9fc7"",""semantic_signature_sha256"":""c7c432796ded40ee4393cd70cec9d8411de085786dee1c0b5adbbbde80c5b120"",""structure_signature"":{""gates"":6,""edges"":21,""answers"":3,""derivations"":3,""canonical_bytes"":11550},""construct_total_ms"":124.816,""client_unattributed_ms"":0.095},{""requested_mode"":""flat"",""effective_mode"":""flat"",""fallback_reason"":null,""plan_steps"":1,""feedback_steps"":0,""feedback_triples"":0,""construct_query_ms"":122.921,""feedback_update_ms"":0.0,""cleanup_ms"":0.0,""client_protocol_ms"":0.0,""network_scope"":""construct+feedback+cleanup"",""circuit_sha256"":""baa051461f24fc29206538cab376b7a4bfac00bedf725c45c44765ff7a8e6d46"",""answer_fingerprint"":""d5e8076027f8a1ac554fbd76a9c91a7f3228e45dbf5c55c26165ba3f8e9d9fc7"",""semantic_signature_sha256"":""c7c432796ded40ee4393cd70cec9d8411de085786dee1c0b5adbbbde80c5b120"",""structure_signature"":{""gates"":6,""edges"":21,""answers"":3,""derivations"":3,""canonical_bytes"":11550},""construct_total_ms"":124.479,""client_unattributed_ms"":0.073},{""requested_mode"":""flat"",""effective_mode"":""flat"",""fallback_reason"":null,""plan_steps"":1,""feedback_steps"":0,""feedback_triples"":0,""construct_query_ms"":125.331,""feedback_update_ms"":0.0,""cleanup_ms"":0.0,""client_protocol_ms"":0.0,""network_scope"":""construct+feedback+cleanup"",""circuit_sha256"":""baa051461f24fc29206538cab376b7a4bfac00bedf725c45c44765ff7a8e6d46"",""answer_fingerprint"":""d5e8076027f8a1ac554fbd76a9c91a7f3228e45dbf5c55c26165ba3f8e9d9fc7"",""semantic_signature_sha256"":""c7c432796ded40ee4393cd70cec9d8411de085786dee1c0b5adbbbde80c5b120"",""structure_signature"":{""gates"":6,""edges"":21,""answers"":3,""derivations"":3,""canonical_bytes"":11550},""construct_total_ms"":126.545,""client_unattributed_ms"":0.087},{""requested_mode"":""flat"",""effective_mode"":""flat"",""fallback_reason"":null,""plan_steps"":1,""feedback_steps"":0,""feedback_triples"":0,""construct_query_ms"":125.831,""feedback_update_ms"":0.0,""cleanup_ms"":0.0,""client_protocol_ms"":0.0,""network_scope"":""construct+feedback+cleanup"",""circuit_sha256"":""baa051461f24fc29206538cab376b7a4bfac00bedf725c45c44765ff7a8e6d46"",""answer_fingerprint"":""d5e8076027f8a1ac554fbd76a9c91a7f3228e45dbf5c55c26165ba3f8e9d9fc7"",""semantic_signature_sha256"":""c7c432796ded40ee4393cd70cec9d8411de085786dee1c0b5adbbbde80c5b120"",""structure_signature"":{""gates"":6,""edges"":21,""answers"":3,""derivations"":3,""canonical_bytes"":11550},""construct_total_ms"":126.97,""client_unattributed_ms"":0.072},{""requested_mode"":""flat"",""effective_mode"":""flat"",""fallback_reason"":null,""plan_steps"":1,""feedback_steps"":0,""feedback_triples"":0,""construct_query_ms"":123.401,""feedback_update_ms"":0.0,""cleanup_ms"":0.0,""client_protocol_ms"":0.0,""network_scope"":""construct+feedback+cleanup"",""circuit_sha256"":""baa051461f24fc29206538cab376b7a4bfac00bedf725c45c44765ff7a8e6d46"",""answer_fingerprint"":""d5e8076027f8a1ac554fbd76a9c91a7f3228e45dbf5c55c26165ba3f8e9d9fc7"",""semantic_signature_sha256"":""c7c432796ded40ee4393cd70cec9d8411de085786dee1c0b5adbbbde80c5b120"",""structure_signature"":{""gates"":6,""edges"":21,""answers"":3,""derivations"":3,""canonical_bytes"":11550},""construct_total_ms"":124.55,""client_unattributed_ms"":0.063}],""construct_total_samples"":[124.816,124.479,126.545,126.97,124.55],""construct_unattributed_samples"":[0.095,0.073,0.087,0.072,0.063],""status"":""ok"",""status_evidence"":null,""c_warmup_signatures"":[""c7c432796ded40ee4393cd70cec9d8411de085786dee1c0b5adbbbde80c5b120""],""measured_semantic_signature_sha256"":""c7c432796ded40ee4393cd70cec9d8411de085786dee1c0b5adbbbde80c5b120"",""measured_repetitions_consistent"":true,""endpoint_lock"":{""wait_ms"":0.007,""lock_path"":""/tmp/sparqlcirc-r9-endpoint-locks-v7/95f85b19db76321fdab33c70bb05485617743f83e3c9c07ce9e365b03fd9b106.lock""},""construction_requested"":""flat"",""construction_effective"":""flat"",""commit"":""53437ec4699b3ccdb544ea926ab1b26db45d27c5"",""batch_id"":""e8d73a4e8a66371c868651bc00b1f41cc012afa7267dced007c2e8101f8e7d17"",""query_sha256"":""ab4a33937e9d2bc9b501268b85f184fcbc070f1c35d8b6f2a148df9d906de693"",""engine"":""graphdb"",""engine_version"":""GraphDB (RDF4J) [engines.json profile]"",""scale"":""10M"",""base_endpoint_sha256"":""d469fb81abed135738f704ddf57de41e98939ca5bbb2509a18a42b807368aa35"",""reified_endpoint_sha256"":""1dd1196abdf2d40865f5b4bc27acd5317de9ef00443776c930991278501566aa"",""update_endpoint_sha256"":""84611d18787ae81d7e9fa8ea2c2cf2319e90db0620f009a8ca19b85486a57c7a"",""base_data_identity_sha256"":""59fb59a04cd20e6dec9ee47cf1de02734068a3328cade998a3fc44a746054ea8"",""reified_data_identity_sha256"":""a42a308bd2c5294f3aa79a1a3b15804d4137fd68d7677d9adc037e257a217e76"",""update_for"":""reified"",""access_mode"":""writable"",""base_data_name"":""exploratory-base"",""reified_data_name"":""exploratory-reified"",""update_canary_sha256"":""41997fb8640d9e765a0272879a63548eb9bd46bbf6e49da02b7c924e506b94f7"",""store_instance_sha256"":""95f85b19db76321fdab33c70bb05485617743f83e3c9c07ce9e365b03fd9b106"",""store_discriminator_sha256"":""f9ff8d30db2db1840ca1585b5598b1cf4d1d06ac2adb86a55b430669507fabff"",""tool_sha256"":""b38a65fc0c1a91e138f057f7b6c08d21c328463aceb40ffda53fc759f99d2f7a"",""java_runtime_sha256"":""bdd50c08a90e2fb713541b8a118df6250246a917edc41a6776aeafc90b472687"",""run_identity_sha256"":""652d5d471627df3dbf8deecbaa98ff6c2fd418a538bc45d157bde52992b85e79""}"
53437ec4699b3ccdb544ea926ab1b26db45d27c5,graphdb,GraphDB (RDF4J) [engines.json profile],10M,F,F4,00,95e319658ada1f90ea7900df6e9a7608f72e06ecb2da9d8ad67afe7db54c5464,B,base-select,ok,68,4.2,3.0,4.6,3.8,0.7,1,5,180.0,29649,0.0,,,,,0.00725,"[3.117, 4.166, 3.044, 4.551, 4.355]","[0.0, 0.0, 0.0, 0.0, 0.0]",,[],,[],,[],r9.2-frozen-identity-v7,e8d73a4e8a66371c868651bc00b1f41cc012afa7267dced007c2e8101f8e7d17,csv-binding-multiset-v1,68,4525d3b1270865106a2b3a4addc70b3387788b3158983dcb7febc00a9c92d57c,,,,,,,,d469fb81abed135738f704ddf57de41e98939ca5bbb2509a18a42b807368aa35,1dd1196abdf2d40865f5b4bc27acd5317de9ef00443776c930991278501566aa,84611d18787ae81d7e9fa8ea2c2cf2319e90db0620f009a8ca19b85486a57c7a,59fb59a04cd20e6dec9ee47cf1de02734068a3328cade998a3fc44a746054ea8,a42a308bd2c5294f3aa79a1a3b15804d4137fd68d7677d9adc037e257a217e76,reified,writable,exploratory-base,exploratory-reified,41997fb8640d9e765a0272879a63548eb9bd46bbf6e49da02b7c924e506b94f7,95f85b19db76321fdab33c70bb05485617743f83e3c9c07ce9e365b03fd9b106,f9ff8d30db2db1840ca1585b5598b1cf4d1d06ac2adb86a55b430669507fabff,b38a65fc0c1a91e138f057f7b6c08d21c328463aceb40ffda53fc759f99d2f7a,bdd50c08a90e2fb713541b8a118df6250246a917edc41a6776aeafc90b472687,c88fb405401dcf2dd4e15630937a36fba6b648a4187a5896fedba9ce5fd468fa,"pcm-meta-v2:{""protocol"":""r9.2-frozen-identity-v7"",""message"":"""",""cell_wall_ms"":38.511,""answer_kind"":""csv-binding-multiset-v1"",""answer_key_count"":68,""answer_fingerprint"":""4525d3b1270865106a2b3a4addc70b3387788b3158983dcb7febc00a9c92d57c"",""c_parse_samples"":[0.0,0.0,0.0,0.0,0.0],""c_protocol_samples"":[],""construct_total_samples"":[],""construct_unattributed_samples"":[],""status"":""ok"",""status_evidence"":null,""construction_requested"":null,""construction_effective"":null,""commit"":""53437ec4699b3ccdb544ea926ab1b26db45d27c5"",""batch_id"":""e8d73a4e8a66371c868651bc00b1f41cc012afa7267dced007c2e8101f8e7d17"",""query_sha256"":""95e319658ada1f90ea7900df6e9a7608f72e06ecb2da9d8ad67afe7db54c5464"",""engine"":""graphdb"",""engine_version"":""GraphDB (RDF4J) [engines.json profile]"",""scale"":""10M"",""base_endpoint_sha256"":""d469fb81abed135738f704ddf57de41e98939ca5bbb2509a18a42b807368aa35"",""reified_endpoint_sha256"":""1dd1196abdf2d40865f5b4bc27acd5317de9ef00443776c930991278501566aa"",""update_endpoint_sha256"":""84611d18787ae81d7e9fa8ea2c2cf2319e90db0620f009a8ca19b85486a57c7a"",""base_data_identity_sha256"":""59fb59a04cd20e6dec9ee47cf1de02734068a3328cade998a3fc44a746054ea8"",""reified_data_identity_sha256"":""a42a308bd2c5294f3aa79a1a3b15804d4137fd68d7677d9adc037e257a217e76"",""update_for"":""reified"",""access_mode"":""writable"",""base_data_name"":""exploratory-base"",""reified_data_name"":""exploratory-reified"",""update_canary_sha256"":""41997fb8640d9e765a0272879a63548eb9bd46bbf6e49da02b7c924e506b94f7"",""store_instance_sha256"":""95f85b19db76321fdab33c70bb05485617743f83e3c9c07ce9e365b03fd9b106"",""store_discriminator_sha256"":""f9ff8d30db2db1840ca1585b5598b1cf4d1d06ac2adb86a55b430669507fabff"",""tool_sha256"":""b38a65fc0c1a91e138f057f7b6c08d21c328463aceb40ffda53fc759f99d2f7a"",""java_runtime_sha256"":""bdd50c08a90e2fb713541b8a118df6250246a917edc41a6776aeafc90b472687"",""run_identity_sha256"":""c88fb405401dcf2dd4e15630937a36fba6b648a4187a5896fedba9ce5fd468fa""}"
53437ec4699b3ccdb544ea926ab1b26db45d27c5,graphdb,GraphDB (RDF4J) [engines.json profile],10M,F,F4,00,95e319658ada1f90ea7900df6e9a7608f72e06ecb2da9d8ad67afe7db54c5464,R,reification-only,ok,68,131.2,130.7,132.3,131.3,0.7,1,5,180.0,29649,0.0,,,,,132.808997,"[130.692, 132.274, 131.178, 130.735, 131.859]","[0.0, 0.0, 0.0, 0.0, 0.0]",,[],,[],,[],r9.2-frozen-identity-v7,e8d73a4e8a66371c868651bc00b1f41cc012afa7267dced007c2e8101f8e7d17,csv-binding-multiset-v1,68,4525d3b1270865106a2b3a4addc70b3387788b3158983dcb7febc00a9c92d57c,,,,,,,,d469fb81abed135738f704ddf57de41e98939ca5bbb2509a18a42b807368aa35,1dd1196abdf2d40865f5b4bc27acd5317de9ef00443776c930991278501566aa,84611d18787ae81d7e9fa8ea2c2cf2319e90db0620f009a8ca19b85486a57c7a,59fb59a04cd20e6dec9ee47cf1de02734068a3328cade998a3fc44a746054ea8,a42a308bd2c5294f3aa79a1a3b15804d4137fd68d7677d9adc037e257a217e76,reified,writable,exploratory-base,exploratory-reified,41997fb8640d9e765a0272879a63548eb9bd46bbf6e49da02b7c924e506b94f7,95f85b19db76321fdab33c70bb05485617743f83e3c9c07ce9e365b03fd9b106,f9ff8d30db2db1840ca1585b5598b1cf4d1d06ac2adb86a55b430669507fabff,b38a65fc0c1a91e138f057f7b6c08d21c328463aceb40ffda53fc759f99d2f7a,bdd50c08a90e2fb713541b8a118df6250246a917edc41a6776aeafc90b472687,c88fb405401dcf2dd4e15630937a36fba6b648a4187a5896fedba9ce5fd468fa,"pcm-meta-v2:{""protocol"":""r9.2-frozen-identity-v7"",""message"":"""",""cell_wall_ms"":961.045,""answer_kind"":""csv-binding-multiset-v1"",""answer_key_count"":68,""answer_fingerprint"":""4525d3b1270865106a2b3a4addc70b3387788b3158983dcb7febc00a9c92d57c"",""c_parse_samples"":[0.0,0.0,0.0,0.0,0.0],""c_protocol_samples"":[],""construct_total_samples"":[],""construct_unattributed_samples"":[],""status"":""ok"",""status_evidence"":null,""construction_requested"":null,""construction_effective"":null,""commit"":""53437ec4699b3ccdb544ea926ab1b26db45d27c5"",""batch_id"":""e8d73a4e8a66371c868651bc00b1f41cc012afa7267dced007c2e8101f8e7d17"",""query_sha256"":""95e319658ada1f90ea7900df6e9a7608f72e06ecb2da9d8ad67afe7db54c5464"",""engine"":""graphdb"",""engine_version"":""GraphDB (RDF4J) [engines.json profile]"",""scale"":""10M"",""base_endpoint_sha256"":""d469fb81abed135738f704ddf57de41e98939ca5bbb2509a18a42b807368aa35"",""reified_endpoint_sha256"":""1dd1196abdf2d40865f5b4bc27acd5317de9ef00443776c930991278501566aa"",""update_endpoint_sha256"":""84611d18787ae81d7e9fa8ea2c2cf2319e90db0620f009a8ca19b85486a57c7a"",""base_data_identity_sha256"":""59fb59a04cd20e6dec9ee47cf1de02734068a3328cade998a3fc44a746054ea8"",""reified_data_identity_sha256"":""a42a308bd2c5294f3aa79a1a3b15804d4137fd68d7677d9adc037e257a217e76"",""update_for"":""reified"",""access_mode"":""writable"",""base_data_name"":""exploratory-base"",""reified_data_name"":""exploratory-reified"",""update_canary_sha256"":""41997fb8640d9e765a0272879a63548eb9bd46bbf6e49da02b7c924e506b94f7"",""store_instance_sha256"":""95f85b19db76321fdab33c70bb05485617743f83e3c9c07ce9e365b03fd9b106"",""store_discriminator_sha256"":""f9ff8d30db2db1840ca1585b5598b1cf4d1d06ac2adb86a55b430669507fabff"",""tool_sha256"":""b38a65fc0c1a91e138f057f7b6c08d21c328463aceb40ffda53fc759f99d2f7a"",""java_runtime_sha256"":""bdd50c08a90e2fb713541b8a118df6250246a917edc41a6776aeafc90b472687"",""run_identity_sha256"":""c88fb405401dcf2dd4e15630937a36fba6b648a4187a5896fedba9ce5fd468fa""}"
53437ec4699b3ccdb544ea926ab1b26db45d27c5,graphdb,GraphDB (RDF4J) [engines.json profile],10M,F,F4,00,95e319658ada1f90ea7900df6e9a7608f72e06ecb2da9d8ad67afe7db54c5464,N,N_clean (NPCS reimplementation),ok,68,168.0,165.5,189.1,171.8,9.8,1,5,180.0,38983,0.0,,,,68,178.808406,"[165.528, 167.006, 167.981, 189.099, 169.188]","[0.0, 0.0, 0.0, 0.0, 0.0]",,[],,[],,[],r9.2-frozen-identity-v7,e8d73a4e8a66371c868651bc00b1f41cc012afa7267dced007c2e8101f8e7d17,csv-candidate-multiset-v1,68,4525d3b1270865106a2b3a4addc70b3387788b3158983dcb7febc00a9c92d57c,,,,,,,,d469fb81abed135738f704ddf57de41e98939ca5bbb2509a18a42b807368aa35,1dd1196abdf2d40865f5b4bc27acd5317de9ef00443776c930991278501566aa,84611d18787ae81d7e9fa8ea2c2cf2319e90db0620f009a8ca19b85486a57c7a,59fb59a04cd20e6dec9ee47cf1de02734068a3328cade998a3fc44a746054ea8,a42a308bd2c5294f3aa79a1a3b15804d4137fd68d7677d9adc037e257a217e76,reified,writable,exploratory-base,exploratory-reified,41997fb8640d9e765a0272879a63548eb9bd46bbf6e49da02b7c924e506b94f7,95f85b19db76321fdab33c70bb05485617743f83e3c9c07ce9e365b03fd9b106,f9ff8d30db2db1840ca1585b5598b1cf4d1d06ac2adb86a55b430669507fabff,b38a65fc0c1a91e138f057f7b6c08d21c328463aceb40ffda53fc759f99d2f7a,bdd50c08a90e2fb713541b8a118df6250246a917edc41a6776aeafc90b472687,c88fb405401dcf2dd4e15630937a36fba6b648a4187a5896fedba9ce5fd468fa,"pcm-meta-v2:{""protocol"":""r9.2-frozen-identity-v7"",""message"":"""",""cell_wall_ms"":1213.674,""answer_kind"":""csv-candidate-multiset-v1"",""answer_key_count"":68,""answer_fingerprint"":""4525d3b1270865106a2b3a4addc70b3387788b3158983dcb7febc00a9c92d57c"",""c_parse_samples"":[0.0,0.0,0.0,0.0,0.0],""c_protocol_samples"":[],""construct_total_samples"":[],""construct_unattributed_samples"":[],""status"":""ok"",""status_evidence"":null,""construction_requested"":null,""construction_effective"":null,""commit"":""53437ec4699b3ccdb544ea926ab1b26db45d27c5"",""batch_id"":""e8d73a4e8a66371c868651bc00b1f41cc012afa7267dced007c2e8101f8e7d17"",""query_sha256"":""95e319658ada1f90ea7900df6e9a7608f72e06ecb2da9d8ad67afe7db54c5464"",""engine"":""graphdb"",""engine_version"":""GraphDB (RDF4J) [engines.json profile]"",""scale"":""10M"",""base_endpoint_sha256"":""d469fb81abed135738f704ddf57de41e98939ca5bbb2509a18a42b807368aa35"",""reified_endpoint_sha256"":""1dd1196abdf2d40865f5b4bc27acd5317de9ef00443776c930991278501566aa"",""update_endpoint_sha256"":""84611d18787ae81d7e9fa8ea2c2cf2319e90db0620f009a8ca19b85486a57c7a"",""base_data_identity_sha256"":""59fb59a04cd20e6dec9ee47cf1de02734068a3328cade998a3fc44a746054ea8"",""reified_data_identity_sha256"":""a42a308bd2c5294f3aa79a1a3b15804d4137fd68d7677d9adc037e257a217e76"",""update_for"":""reified"",""access_mode"":""writable"",""base_data_name"":""exploratory-base"",""reified_data_name"":""exploratory-reified"",""update_canary_sha256"":""41997fb8640d9e765a0272879a63548eb9bd46bbf6e49da02b7c924e506b94f7"",""store_instance_sha256"":""95f85b19db76321fdab33c70bb05485617743f83e3c9c07ce9e365b03fd9b106"",""store_discriminator_sha256"":""f9ff8d30db2db1840ca1585b5598b1cf4d1d06ac2adb86a55b430669507fabff"",""tool_sha256"":""b38a65fc0c1a91e138f057f7b6c08d21c328463aceb40ffda53fc759f99d2f7a"",""java_runtime_sha256"":""bdd50c08a90e2fb713541b8a118df6250246a917edc41a6776aeafc90b472687"",""run_identity_sha256"":""c88fb405401dcf2dd4e15630937a36fba6b648a4187a5896fedba9ce5fd468fa""}"
53437ec4699b3ccdb544ea926ab1b26db45d27c5,graphdb,GraphDB (RDF4J) [engines.json profile],10M,F,F4,00,95e319658ada1f90ea7900df6e9a7608f72e06ecb2da9d8ad67afe7db54c5464,C,SPARQLcirc CircuitRewriter,ok,68,2317.1,2305.0,2361.5,2322.3,23.1,1,5,180.0,373198,30.6,136,680,68,,406.141022,"[2305.671, 2322.223, 2317.129, 2305.005, 2361.453]","[30.106, 30.365, 31.269, 30.624, 30.71]",0.0,"[0.0, 0.0, 0.0, 0.0, 0.0]",2348.5,"[2335.94, 2352.738, 2348.549, 2335.763, 2392.306]",0.1,"[0.163, 0.15, 0.151, 0.134, 0.144]",r9.2-frozen-identity-v7,e8d73a4e8a66371c868651bc00b1f41cc012afa7267dced007c2e8101f8e7d17,term-aware-candidate-set-v1,68,019963896ad02fca32d6233f27f02efb35f56f8b7e6f4a2fdc4f3e0d6f804ae3,flat,flat,8cb65e940d8665bbc1823a06f6bfdf00a7880d3f882e4889ad958908c65c08fe,,,,,d469fb81abed135738f704ddf57de41e98939ca5bbb2509a18a42b807368aa35,1dd1196abdf2d40865f5b4bc27acd5317de9ef00443776c930991278501566aa,84611d18787ae81d7e9fa8ea2c2cf2319e90db0620f009a8ca19b85486a57c7a,59fb59a04cd20e6dec9ee47cf1de02734068a3328cade998a3fc44a746054ea8,a42a308bd2c5294f3aa79a1a3b15804d4137fd68d7677d9adc037e257a217e76,reified,writable,exploratory-base,exploratory-reified,41997fb8640d9e765a0272879a63548eb9bd46bbf6e49da02b7c924e506b94f7,95f85b19db76321fdab33c70bb05485617743f83e3c9c07ce9e365b03fd9b106,f9ff8d30db2db1840ca1585b5598b1cf4d1d06ac2adb86a55b430669507fabff,b38a65fc0c1a91e138f057f7b6c08d21c328463aceb40ffda53fc759f99d2f7a,bdd50c08a90e2fb713541b8a118df6250246a917edc41a6776aeafc90b472687,c88fb405401dcf2dd4e15630937a36fba6b648a4187a5896fedba9ce5fd468fa,"pcm-meta-v2:{""protocol"":""r9.2-frozen-identity-v7"",""message"":""C requested=flat effective=flat; steps=1 feedback=0; network includes CONSTRUCT, feedback INSERT, and cleanup DELETE"",""cell_wall_ms"":14563.213,""answer_kind"":""term-aware-candidate-set-v1"",""answer_key_count"":68,""answer_fingerprint"":""019963896ad02fca32d6233f27f02efb35f56f8b7e6f4a2fdc4f3e0d6f804ae3"",""c_parse_samples"":[30.106,30.365,31.269,30.624,30.71],""c_protocol_samples"":[{""requested_mode"":""flat"",""effective_mode"":""flat"",""fallback_reason"":null,""plan_steps"":1,""feedback_steps"":0,""feedback_triples"":0,""construct_query_ms"":2305.671,""feedback_update_ms"":0.0,""cleanup_ms"":0.0,""client_protocol_ms"":0.0,""network_scope"":""construct+feedback+cleanup"",""circuit_sha256"":""8cb65e940d8665bbc1823a06f6bfdf00a7880d3f882e4889ad958908c65c08fe"",""answer_fingerprint"":""019963896ad02fca32d6233f27f02efb35f56f8b7e6f4a2fdc4f3e0d6f804ae3"",""semantic_signature_sha256"":""e7d42b1b0b4e28eb67083ea98c8c2eae9b58cf999c8de75712230cc06d794192"",""structure_signature"":{""gates"":136,""edges"":680,""answers"":68,""derivations"":68,""canonical_bytes"":373198},""construct_total_ms"":2335.94,""client_unattributed_ms"":0.163},{""requested_mode"":""flat"",""effective_mode"":""flat"",""fallback_reason"":null,""plan_steps"":1,""feedback_steps"":0,""feedback_triples"":0,""construct_query_ms"":2322.223,""feedback_update_ms"":0.0,""cleanup_ms"":0.0,""client_protocol_ms"":0.0,""network_scope"":""construct+feedback+cleanup"",""circuit_sha256"":""8cb65e940d8665bbc1823a06f6bfdf00a7880d3f882e4889ad958908c65c08fe"",""answer_fingerprint"":""019963896ad02fca32d6233f27f02efb35f56f8b7e6f4a2fdc4f3e0d6f804ae3"",""semantic_signature_sha256"":""e7d42b1b0b4e28eb67083ea98c8c2eae9b58cf999c8de75712230cc06d794192"",""structure_signature"":{""gates"":136,""edges"":680,""answers"":68,""derivations"":68,""canonical_bytes"":373198},""construct_total_ms"":2352.738,""client_unattributed_ms"":0.15},{""requested_mode"":""flat"",""effective_mode"":""flat"",""fallback_reason"":null,""plan_steps"":1,""feedback_steps"":0,""feedback_triples"":0,""construct_query_ms"":2317.129,""feedback_update_ms"":0.0,""cleanup_ms"":0.0,""client_protocol_ms"":0.0,""network_scope"":""construct+feedback+cleanup"",""circuit_sha256"":""8cb65e940d8665bbc1823a06f6bfdf00a7880d3f882e4889ad958908c65c08fe"",""answer_fingerprint"":""019963896ad02fca32d6233f27f02efb35f56f8b7e6f4a2fdc4f3e0d6f804ae3"",""semantic_signature_sha256"":""e7d42b1b0b4e28eb67083ea98c8c2eae9b58cf999c8de75712230cc06d794192"",""structure_signature"":{""gates"":136,""edges"":680,""answers"":68,""derivations"":68,""canonical_bytes"":373198},""construct_total_ms"":2348.549,""client_unattributed_ms"":0.151},{""requested_mode"":""flat"",""effective_mode"":""flat"",""fallback_reason"":null,""plan_steps"":1,""feedback_steps"":0,""feedback_triples"":0,""construct_query_ms"":2305.005,""feedback_update_ms"":0.0,""cleanup_ms"":0.0,""client_protocol_ms"":0.0,""network_scope"":""construct+feedback+cleanup"",""circuit_sha256"":""8cb65e940d8665bbc1823a06f6bfdf00a7880d3f882e4889ad958908c65c08fe"",""answer_fingerprint"":""019963896ad02fca32d6233f27f02efb35f56f8b7e6f4a2fdc4f3e0d6f804ae3"",""semantic_signature_sha256"":""e7d42b1b0b4e28eb67083ea98c8c2eae9b58cf999c8de75712230cc06d794192"",""structure_signature"":{""gates"":136,""edges"":680,""answers"":68,""derivations"":68,""canonical_bytes"":373198},""construct_total_ms"":2335.763,""client_unattributed_ms"":0.134},{""requested_mode"":""flat"",""effective_mode"":""flat"",""fallback_reason"":null,""plan_steps"":1,""feedback_steps"":0,""feedback_triples"":0,""construct_query_ms"":2361.453,""feedback_update_ms"":0.0,""cleanup_ms"":0.0,""client_protocol_ms"":0.0,""network_scope"":""construct+feedback+cleanup"",""circuit_sha256"":""8cb65e940d8665bbc1823a06f6bfdf00a7880d3f882e4889ad958908c65c08fe"",""answer_fingerprint"":""019963896ad02fca32d6233f27f02efb35f56f8b7e6f4a2fdc4f3e0d6f804ae3"",""semantic_signature_sha256"":""e7d42b1b0b4e28eb67083ea98c8c2eae9b58cf999c8de75712230cc06d794192"",""structure_signature"":{""gates"":136,""edges"":680,""answers"":68,""derivations"":68,""canonical_bytes"":373198},""construct_total_ms"":2392.306,""client_unattributed_ms"":0.144}],""construct_total_samples"":[2335.94,2352.738,2348.549,2335.763,2392.306],""construct_unattributed_samples"":[0.163,0.15,0.151,0.134,0.144],""status"":""ok"",""status_evidence"":null,""c_warmup_signatures"":[""e7d42b1b0b4e28eb67083ea98c8c2eae9b58cf999c8de75712230cc06d794192""],""measured_semantic_signature_sha256"":""e7d42b1b0b4e28eb67083ea98c8c2eae9b58cf999c8de75712230cc06d794192"",""measured_repetitions_consistent"":true,""endpoint_lock"":{""wait_ms"":0.006,""lock_path"":""/tmp/sparqlcirc-r9-endpoint-locks-v7/95f85b19db76321fdab33c70bb05485617743f83e3c9c07ce9e365b03fd9b106.lock""},""construction_requested"":""flat"",""construction_effective"":""flat"",""commit"":""53437ec4699b3ccdb544ea926ab1b26db45d27c5"",""batch_id"":""e8d73a4e8a66371c868651bc00b1f41cc012afa7267dced007c2e8101f8e7d17"",""query_sha256"":""95e319658ada1f90ea7900df6e9a7608f72e06ecb2da9d8ad67afe7db54c5464"",""engine"":""graphdb"",""engine_version"":""GraphDB (RDF4J) [engines.json profile]"",""scale"":""10M"",""base_endpoint_sha256"":""d469fb81abed135738f704ddf57de41e98939ca5bbb2509a18a42b807368aa35"",""reified_endpoint_sha256"":""1dd1196abdf2d40865f5b4bc27acd5317de9ef00443776c930991278501566aa"",""update_endpoint_sha256"":""84611d18787ae81d7e9fa8ea2c2cf2319e90db0620f009a8ca19b85486a57c7a"",""base_data_identity_sha256"":""59fb59a04cd20e6dec9ee47cf1de02734068a3328cade998a3fc44a746054ea8"",""reified_data_identity_sha256"":""a42a308bd2c5294f3aa79a1a3b15804d4137fd68d7677d9adc037e257a217e76"",""update_for"":""reified"",""access_mode"":""writable"",""base_data_name"":""exploratory-base"",""reified_data_name"":""exploratory-reified"",""update_canary_sha256"":""41997fb8640d9e765a0272879a63548eb9bd46bbf6e49da02b7c924e506b94f7"",""store_instance_sha256"":""95f85b19db76321fdab33c70bb05485617743f83e3c9c07ce9e365b03fd9b106"",""store_discriminator_sha256"":""f9ff8d30db2db1840ca1585b5598b1cf4d1d06ac2adb86a55b430669507fabff"",""tool_sha256"":""b38a65fc0c1a91e138f057f7b6c08d21c328463aceb40ffda53fc759f99d2f7a"",""java_runtime_sha256"":""bdd50c08a90e2fb713541b8a118df6250246a917edc41a6776aeafc90b472687"",""run_identity_sha256"":""c88fb405401dcf2dd4e15630937a36fba6b648a4187a5896fedba9ce5fd468fa""}"
53437ec4699b3ccdb544ea926ab1b26db45d27c5,graphdb,GraphDB (RDF4J) [engines.json profile],10M,F,F5,00,5ca90afb3951e0444bf3024c77058dedfd92664870dc85d282ed837b0894ed6f,B,base-select,ok,29,4.2,3.2,4.5,4.0,0.6,1,5,180.0,8244,0.0,,,,,0.006061,"[4.456, 4.419, 3.194, 3.551, 4.175]","[0.0, 0.0, 0.0, 0.0, 0.0]",,[],,[],,[],r9.2-frozen-identity-v7,e8d73a4e8a66371c868651bc00b1f41cc012afa7267dced007c2e8101f8e7d17,csv-binding-multiset-v1,29,c860978c6471dcf337015953699bece7aca86eaf9d7edc34ac69fa27f387e4d4,,,,,,,,d469fb81abed135738f704ddf57de41e98939ca5bbb2509a18a42b807368aa35,1dd1196abdf2d40865f5b4bc27acd5317de9ef00443776c930991278501566aa,84611d18787ae81d7e9fa8ea2c2cf2319e90db0620f009a8ca19b85486a57c7a,59fb59a04cd20e6dec9ee47cf1de02734068a3328cade998a3fc44a746054ea8,a42a308bd2c5294f3aa79a1a3b15804d4137fd68d7677d9adc037e257a217e76,reified,writable,exploratory-base,exploratory-reified,41997fb8640d9e765a0272879a63548eb9bd46bbf6e49da02b7c924e506b94f7,95f85b19db76321fdab33c70bb05485617743f83e3c9c07ce9e365b03fd9b106,f9ff8d30db2db1840ca1585b5598b1cf4d1d06ac2adb86a55b430669507fabff,b38a65fc0c1a91e138f057f7b6c08d21c328463aceb40ffda53fc759f99d2f7a,bdd50c08a90e2fb713541b8a118df6250246a917edc41a6776aeafc90b472687,52dcaa2db455156ecfce7bf53aca992803b4a10996afd0ec96eb5b7139b35ef1,"pcm-meta-v2:{""protocol"":""r9.2-frozen-identity-v7"",""message"":"""",""cell_wall_ms"":50.789,""answer_kind"":""csv-binding-multiset-v1"",""answer_key_count"":29,""answer_fingerprint"":""c860978c6471dcf337015953699bece7aca86eaf9d7edc34ac69fa27f387e4d4"",""c_parse_samples"":[0.0,0.0,0.0,0.0,0.0],""c_protocol_samples"":[],""construct_total_samples"":[],""construct_unattributed_samples"":[],""status"":""ok"",""status_evidence"":null,""construction_requested"":null,""construction_effective"":null,""commit"":""53437ec4699b3ccdb544ea926ab1b26db45d27c5"",""batch_id"":""e8d73a4e8a66371c868651bc00b1f41cc012afa7267dced007c2e8101f8e7d17"",""query_sha256"":""5ca90afb3951e0444bf3024c77058dedfd92664870dc85d282ed837b0894ed6f"",""engine"":""graphdb"",""engine_version"":""GraphDB (RDF4J) [engines.json profile]"",""scale"":""10M"",""base_endpoint_sha256"":""d469fb81abed135738f704ddf57de41e98939ca5bbb2509a18a42b807368aa35"",""reified_endpoint_sha256"":""1dd1196abdf2d40865f5b4bc27acd5317de9ef00443776c930991278501566aa"",""update_endpoint_sha256"":""84611d18787ae81d7e9fa8ea2c2cf2319e90db0620f009a8ca19b85486a57c7a"",""base_data_identity_sha256"":""59fb59a04cd20e6dec9ee47cf1de02734068a3328cade998a3fc44a746054ea8"",""reified_data_identity_sha256"":""a42a308bd2c5294f3aa79a1a3b15804d4137fd68d7677d9adc037e257a217e76"",""update_for"":""reified"",""access_mode"":""writable"",""base_data_name"":""exploratory-base"",""reified_data_name"":""exploratory-reified"",""update_canary_sha256"":""41997fb8640d9e765a0272879a63548eb9bd46bbf6e49da02b7c924e506b94f7"",""store_instance_sha256"":""95f85b19db76321fdab33c70bb05485617743f83e3c9c07ce9e365b03fd9b106"",""store_discriminator_sha256"":""f9ff8d30db2db1840ca1585b5598b1cf4d1d06ac2adb86a55b430669507fabff"",""tool_sha256"":""b38a65fc0c1a91e138f057f7b6c08d21c328463aceb40ffda53fc759f99d2f7a"",""java_runtime_sha256"":""bdd50c08a90e2fb713541b8a118df6250246a917edc41a6776aeafc90b472687"",""run_identity_sha256"":""52dcaa2db455156ecfce7bf53aca992803b4a10996afd0ec96eb5b7139b35ef1""}"
53437ec4699b3ccdb544ea926ab1b26db45d27c5,graphdb,GraphDB (RDF4J) [engines.json profile],10M,F,F5,00,5ca90afb3951e0444bf3024c77058dedfd92664870dc85d282ed837b0894ed6f,R,reification-only,ok,29,7.3,6.6,8.1,7.3,0.7,1,5,180.0,8244,0.0,,,,,135.132383,"[6.64, 7.926, 6.743, 8.078, 7.27]","[0.0, 0.0, 0.0, 0.0, 0.0]",,[],,[],,[],r9.2-frozen-identity-v7,e8d73a4e8a66371c868651bc00b1f41cc012afa7267dced007c2e8101f8e7d17,csv-binding-multiset-v1,29,c860978c6471dcf337015953699bece7aca86eaf9d7edc34ac69fa27f387e4d4,,,,,,,,d469fb81abed135738f704ddf57de41e98939ca5bbb2509a18a42b807368aa35,1dd1196abdf2d40865f5b4bc27acd5317de9ef00443776c930991278501566aa,84611d18787ae81d7e9fa8ea2c2cf2319e90db0620f009a8ca19b85486a57c7a,59fb59a04cd20e6dec9ee47cf1de02734068a3328cade998a3fc44a746054ea8,a42a308bd2c5294f3aa79a1a3b15804d4137fd68d7677d9adc037e257a217e76,reified,writable,exploratory-base,exploratory-reified,41997fb8640d9e765a0272879a63548eb9bd46bbf6e49da02b7c924e506b94f7,95f85b19db76321fdab33c70bb05485617743f83e3c9c07ce9e365b03fd9b106,f9ff8d30db2db1840ca1585b5598b1cf4d1d06ac2adb86a55b430669507fabff,b38a65fc0c1a91e138f057f7b6c08d21c328463aceb40ffda53fc759f99d2f7a,bdd50c08a90e2fb713541b8a118df6250246a917edc41a6776aeafc90b472687,52dcaa2db455156ecfce7bf53aca992803b4a10996afd0ec96eb5b7139b35ef1,"pcm-meta-v2:{""protocol"":""r9.2-frozen-identity-v7"",""message"":"""",""cell_wall_ms"":192.418,""answer_kind"":""csv-binding-multiset-v1"",""answer_key_count"":29,""answer_fingerprint"":""c860978c6471dcf337015953699bece7aca86eaf9d7edc34ac69fa27f387e4d4"",""c_parse_samples"":[0.0,0.0,0.0,0.0,0.0],""c_protocol_samples"":[],""construct_total_samples"":[],""construct_unattributed_samples"":[],""status"":""ok"",""status_evidence"":null,""construction_requested"":null,""construction_effective"":null,""commit"":""53437ec4699b3ccdb544ea926ab1b26db45d27c5"",""batch_id"":""e8d73a4e8a66371c868651bc00b1f41cc012afa7267dced007c2e8101f8e7d17"",""query_sha256"":""5ca90afb3951e0444bf3024c77058dedfd92664870dc85d282ed837b0894ed6f"",""engine"":""graphdb"",""engine_version"":""GraphDB (RDF4J) [engines.json profile]"",""scale"":""10M"",""base_endpoint_sha256"":""d469fb81abed135738f704ddf57de41e98939ca5bbb2509a18a42b807368aa35"",""reified_endpoint_sha256"":""1dd1196abdf2d40865f5b4bc27acd5317de9ef00443776c930991278501566aa"",""update_endpoint_sha256"":""84611d18787ae81d7e9fa8ea2c2cf2319e90db0620f009a8ca19b85486a57c7a"",""base_data_identity_sha256"":""59fb59a04cd20e6dec9ee47cf1de02734068a3328cade998a3fc44a746054ea8"",""reified_data_identity_sha256"":""a42a308bd2c5294f3aa79a1a3b15804d4137fd68d7677d9adc037e257a217e76"",""update_for"":""reified"",""access_mode"":""writable"",""base_data_name"":""exploratory-base"",""reified_data_name"":""exploratory-reified"",""update_canary_sha256"":""41997fb8640d9e765a0272879a63548eb9bd46bbf6e49da02b7c924e506b94f7"",""store_instance_sha256"":""95f85b19db76321fdab33c70bb05485617743f83e3c9c07ce9e365b03fd9b106"",""store_discriminator_sha256"":""f9ff8d30db2db1840ca1585b5598b1cf4d1d06ac2adb86a55b430669507fabff"",""tool_sha256"":""b38a65fc0c1a91e138f057f7b6c08d21c328463aceb40ffda53fc759f99d2f7a"",""java_runtime_sha256"":""bdd50c08a90e2fb713541b8a118df6250246a917edc41a6776aeafc90b472687"",""run_identity_sha256"":""52dcaa2db455156ecfce7bf53aca992803b4a10996afd0ec96eb5b7139b35ef1""}"
53437ec4699b3ccdb544ea926ab1b26db45d27c5,graphdb,GraphDB (RDF4J) [engines.json profile],10M,F,F5,00,5ca90afb3951e0444bf3024c77058dedfd92664870dc85d282ed837b0894ed6f,N,N_clean (NPCS reimplementation),ok,29,12.6,11.6,12.8,12.5,0.5,1,5,180.0,10939,0.0,,,,29,184.973811,"[12.776, 12.799, 12.572, 12.576, 11.565]","[0.0, 0.0, 0.0, 0.0, 0.0]",,[],,[],,[],r9.2-frozen-identity-v7,e8d73a4e8a66371c868651bc00b1f41cc012afa7267dced007c2e8101f8e7d17,csv-candidate-multiset-v1,29,c860978c6471dcf337015953699bece7aca86eaf9d7edc34ac69fa27f387e4d4,,,,,,,,d469fb81abed135738f704ddf57de41e98939ca5bbb2509a18a42b807368aa35,1dd1196abdf2d40865f5b4bc27acd5317de9ef00443776c930991278501566aa,84611d18787ae81d7e9fa8ea2c2cf2319e90db0620f009a8ca19b85486a57c7a,59fb59a04cd20e6dec9ee47cf1de02734068a3328cade998a3fc44a746054ea8,a42a308bd2c5294f3aa79a1a3b15804d4137fd68d7677d9adc037e257a217e76,reified,writable,exploratory-base,exploratory-reified,41997fb8640d9e765a0272879a63548eb9bd46bbf6e49da02b7c924e506b94f7,95f85b19db76321fdab33c70bb05485617743f83e3c9c07ce9e365b03fd9b106,f9ff8d30db2db1840ca1585b5598b1cf4d1d06ac2adb86a55b430669507fabff,b38a65fc0c1a91e138f057f7b6c08d21c328463aceb40ffda53fc759f99d2f7a,bdd50c08a90e2fb713541b8a118df6250246a917edc41a6776aeafc90b472687,52dcaa2db455156ecfce7bf53aca992803b4a10996afd0ec96eb5b7139b35ef1,"pcm-meta-v2:{""protocol"":""r9.2-frozen-identity-v7"",""message"":"""",""cell_wall_ms"":269.743,""answer_kind"":""csv-candidate-multiset-v1"",""answer_key_count"":29,""answer_fingerprint"":""c860978c6471dcf337015953699bece7aca86eaf9d7edc34ac69fa27f387e4d4"",""c_parse_samples"":[0.0,0.0,0.0,0.0,0.0],""c_protocol_samples"":[],""construct_total_samples"":[],""construct_unattributed_samples"":[],""status"":""ok"",""status_evidence"":null,""construction_requested"":null,""construction_effective"":null,""commit"":""53437ec4699b3ccdb544ea926ab1b26db45d27c5"",""batch_id"":""e8d73a4e8a66371c868651bc00b1f41cc012afa7267dced007c2e8101f8e7d17"",""query_sha256"":""5ca90afb3951e0444bf3024c77058dedfd92664870dc85d282ed837b0894ed6f"",""engine"":""graphdb"",""engine_version"":""GraphDB (RDF4J) [engines.json profile]"",""scale"":""10M"",""base_endpoint_sha256"":""d469fb81abed135738f704ddf57de41e98939ca5bbb2509a18a42b807368aa35"",""reified_endpoint_sha256"":""1dd1196abdf2d40865f5b4bc27acd5317de9ef00443776c930991278501566aa"",""update_endpoint_sha256"":""84611d18787ae81d7e9fa8ea2c2cf2319e90db0620f009a8ca19b85486a57c7a"",""base_data_identity_sha256"":""59fb59a04cd20e6dec9ee47cf1de02734068a3328cade998a3fc44a746054ea8"",""reified_data_identity_sha256"":""a42a308bd2c5294f3aa79a1a3b15804d4137fd68d7677d9adc037e257a217e76"",""update_for"":""reified"",""access_mode"":""writable"",""base_data_name"":""exploratory-base"",""reified_data_name"":""exploratory-reified"",""update_canary_sha256"":""41997fb8640d9e765a0272879a63548eb9bd46bbf6e49da02b7c924e506b94f7"",""store_instance_sha256"":""95f85b19db76321fdab33c70bb05485617743f83e3c9c07ce9e365b03fd9b106"",""store_discriminator_sha256"":""f9ff8d30db2db1840ca1585b5598b1cf4d1d06ac2adb86a55b430669507fabff"",""tool_sha256"":""b38a65fc0c1a91e138f057f7b6c08d21c328463aceb40ffda53fc759f99d2f7a"",""java_runtime_sha256"":""bdd50c08a90e2fb713541b8a118df6250246a917edc41a6776aeafc90b472687"",""run_identity_sha256"":""52dcaa2db455156ecfce7bf53aca992803b4a10996afd0ec96eb5b7139b35ef1""}"
53437ec4699b3ccdb544ea926ab1b26db45d27c5,graphdb,GraphDB (RDF4J) [engines.json profile],10M,F,F5,00,5ca90afb3951e0444bf3024c77058dedfd92664870dc85d282ed837b0894ed6f,C,SPARQLcirc CircuitRewriter,ok,29,70.4,69.8,71.4,70.6,0.6,1,5,180.0,118475,9.9,58,203,29,,371.205141,"[71.138, 70.325, 71.423, 70.377, 69.831]","[9.806, 9.893, 9.889, 9.926, 10.011]",0.0,"[0.0, 0.0, 0.0, 0.0, 0.0]",80.4,"[81.04, 80.314, 81.433, 80.399, 79.934]",0.1,"[0.096, 0.096, 0.121, 0.096, 0.092]",r9.2-frozen-identity-v7,e8d73a4e8a66371c868651bc00b1f41cc012afa7267dced007c2e8101f8e7d17,term-aware-candidate-set-v1,29,e278850a333f115023e904b39febe2935da715084988b437547b6157feedbdd8,flat,flat,16a718a71cd7d185db76ea25b6f6db428f4e1b153b8874beb271b5759a44e33a,,,,,d469fb81abed135738f704ddf57de41e98939ca5bbb2509a18a42b807368aa35,1dd1196abdf2d40865f5b4bc27acd5317de9ef00443776c930991278501566aa,84611d18787ae81d7e9fa8ea2c2cf2319e90db0620f009a8ca19b85486a57c7a,59fb59a04cd20e6dec9ee47cf1de02734068a3328cade998a3fc44a746054ea8,a42a308bd2c5294f3aa79a1a3b15804d4137fd68d7677d9adc037e257a217e76,reified,writable,exploratory-base,exploratory-reified,41997fb8640d9e765a0272879a63548eb9bd46bbf6e49da02b7c924e506b94f7,95f85b19db76321fdab33c70bb05485617743f83e3c9c07ce9e365b03fd9b106,f9ff8d30db2db1840ca1585b5598b1cf4d1d06ac2adb86a55b430669507fabff,b38a65fc0c1a91e138f057f7b6c08d21c328463aceb40ffda53fc759f99d2f7a,bdd50c08a90e2fb713541b8a118df6250246a917edc41a6776aeafc90b472687,52dcaa2db455156ecfce7bf53aca992803b4a10996afd0ec96eb5b7139b35ef1,"pcm-meta-v2:{""protocol"":""r9.2-frozen-identity-v7"",""message"":""C requested=flat effective=flat; steps=1 feedback=0; network includes CONSTRUCT, feedback INSERT, and cleanup DELETE"",""cell_wall_ms"":862.226,""answer_kind"":""term-aware-candidate-set-v1"",""answer_key_count"":29,""answer_fingerprint"":""e278850a333f115023e904b39febe2935da715084988b437547b6157feedbdd8"",""c_parse_samples"":[9.806,9.893,9.889,9.926,10.011],""c_protocol_samples"":[{""requested_mode"":""flat"",""effective_mode"":""flat"",""fallback_reason"":null,""plan_steps"":1,""feedback_steps"":0,""feedback_triples"":0,""construct_query_ms"":71.138,""feedback_update_ms"":0.0,""cleanup_ms"":0.0,""client_protocol_ms"":0.0,""network_scope"":""construct+feedback+cleanup"",""circuit_sha256"":""16a718a71cd7d185db76ea25b6f6db428f4e1b153b8874beb271b5759a44e33a"",""answer_fingerprint"":""e278850a333f115023e904b39febe2935da715084988b437547b6157feedbdd8"",""semantic_signature_sha256"":""978e64bb497f243559416192ae49d4ef4bfae25ed6e7eb15092234e3dc1b9c19"",""structure_signature"":{""gates"":58,""edges"":203,""answers"":29,""derivations"":29,""canonical_bytes"":118475},""construct_total_ms"":81.04,""client_unattributed_ms"":0.096},{""requested_mode"":""flat"",""effective_mode"":""flat"",""fallback_reason"":null,""plan_steps"":1,""feedback_steps"":0,""feedback_triples"":0,""construct_query_ms"":70.325,""feedback_update_ms"":0.0,""cleanup_ms"":0.0,""client_protocol_ms"":0.0,""network_scope"":""construct+feedback+cleanup"",""circuit_sha256"":""16a718a71cd7d185db76ea25b6f6db428f4e1b153b8874beb271b5759a44e33a"",""answer_fingerprint"":""e278850a333f115023e904b39febe2935da715084988b437547b6157feedbdd8"",""semantic_signature_sha256"":""978e64bb497f243559416192ae49d4ef4bfae25ed6e7eb15092234e3dc1b9c19"",""structure_signature"":{""gates"":58,""edges"":203,""answers"":29,""derivations"":29,""canonical_bytes"":118475},""construct_total_ms"":80.314,""client_unattributed_ms"":0.096},{""requested_mode"":""flat"",""effective_mode"":""flat"",""fallback_reason"":null,""plan_steps"":1,""feedback_steps"":0,""feedback_triples"":0,""construct_query_ms"":71.423,""feedback_update_ms"":0.0,""cleanup_ms"":0.0,""client_protocol_ms"":0.0,""network_scope"":""construct+feedback+cleanup"",""circuit_sha256"":""16a718a71cd7d185db76ea25b6f6db428f4e1b153b8874beb271b5759a44e33a"",""answer_fingerprint"":""e278850a333f115023e904b39febe2935da715084988b437547b6157feedbdd8"",""semantic_signature_sha256"":""978e64bb497f243559416192ae49d4ef4bfae25ed6e7eb15092234e3dc1b9c19"",""structure_signature"":{""gates"":58,""edges"":203,""answers"":29,""derivations"":29,""canonical_bytes"":118475},""construct_total_ms"":81.433,""client_unattributed_ms"":0.121},{""requested_mode"":""flat"",""effective_mode"":""flat"",""fallback_reason"":null,""plan_steps"":1,""feedback_steps"":0,""feedback_triples"":0,""construct_query_ms"":70.377,""feedback_update_ms"":0.0,""cleanup_ms"":0.0,""client_protocol_ms"":0.0,""network_scope"":""construct+feedback+cleanup"",""circuit_sha256"":""16a718a71cd7d185db76ea25b6f6db428f4e1b153b8874beb271b5759a44e33a"",""answer_fingerprint"":""e278850a333f115023e904b39febe2935da715084988b437547b6157feedbdd8"",""semantic_signature_sha256"":""978e64bb497f243559416192ae49d4ef4bfae25ed6e7eb15092234e3dc1b9c19"",""structure_signature"":{""gates"":58,""edges"":203,""answers"":29,""derivations"":29,""canonical_bytes"":118475},""construct_total_ms"":80.399,""client_unattributed_ms"":0.096},{""requested_mode"":""flat"",""effective_mode"":""flat"",""fallback_reason"":null,""plan_steps"":1,""feedback_steps"":0,""feedback_triples"":0,""construct_query_ms"":69.831,""feedback_update_ms"":0.0,""cleanup_ms"":0.0,""client_protocol_ms"":0.0,""network_scope"":""construct+feedback+cleanup"",""circuit_sha256"":""16a718a71cd7d185db76ea25b6f6db428f4e1b153b8874beb271b5759a44e33a"",""answer_fingerprint"":""e278850a333f115023e904b39febe2935da715084988b437547b6157feedbdd8"",""semantic_signature_sha256"":""978e64bb497f243559416192ae49d4ef4bfae25ed6e7eb15092234e3dc1b9c19"",""structure_signature"":{""gates"":58,""edges"":203,""answers"":29,""derivations"":29,""canonical_bytes"":118475},""construct_total_ms"":79.934,""client_unattributed_ms"":0.092}],""construct_total_samples"":[81.04,80.314,81.433,80.399,79.934],""construct_unattributed_samples"":[0.096,0.096,0.121,0.096,0.092],""status"":""ok"",""status_evidence"":null,""c_warmup_signatures"":[""978e64bb497f243559416192ae49d4ef4bfae25ed6e7eb15092234e3dc1b9c19""],""measured_semantic_signature_sha256"":""978e64bb497f243559416192ae49d4ef4bfae25ed6e7eb15092234e3dc1b9c19"",""measured_repetitions_consistent"":true,""endpoint_lock"":{""wait_ms"":0.006,""lock_path"":""/tmp/sparqlcirc-r9-endpoint-locks-v7/95f85b19db76321fdab33c70bb05485617743f83e3c9c07ce9e365b03fd9b106.lock""},""construction_requested"":""flat"",""construction_effective"":""flat"",""commit"":""53437ec4699b3ccdb544ea926ab1b26db45d27c5"",""batch_id"":""e8d73a4e8a66371c868651bc00b1f41cc012afa7267dced007c2e8101f8e7d17"",""query_sha256"":""5ca90afb3951e0444bf3024c77058dedfd92664870dc85d282ed837b0894ed6f"",""engine"":""graphdb"",""engine_version"":""GraphDB (RDF4J) [engines.json profile]"",""scale"":""10M"",""base_endpoint_sha256"":""d469fb81abed135738f704ddf57de41e98939ca5bbb2509a18a42b807368aa35"",""reified_endpoint_sha256"":""1dd1196abdf2d40865f5b4bc27acd5317de9ef00443776c930991278501566aa"",""update_endpoint_sha256"":""84611d18787ae81d7e9fa8ea2c2cf2319e90db0620f009a8ca19b85486a57c7a"",""base_data_identity_sha256"":""59fb59a04cd20e6dec9ee47cf1de02734068a3328cade998a3fc44a746054ea8"",""reified_data_identity_sha256"":""a42a308bd2c5294f3aa79a1a3b15804d4137fd68d7677d9adc037e257a217e76"",""update_for"":""reified"",""access_mode"":""writable"",""base_data_name"":""exploratory-base"",""reified_data_name"":""exploratory-reified"",""update_canary_sha256"":""41997fb8640d9e765a0272879a63548eb9bd46bbf6e49da02b7c924e506b94f7"",""store_instance_sha256"":""95f85b19db76321fdab33c70bb05485617743f83e3c9c07ce9e365b03fd9b106"",""store_discriminator_sha256"":""f9ff8d30db2db1840ca1585b5598b1cf4d1d06ac2adb86a55b430669507fabff"",""tool_sha256"":""b38a65fc0c1a91e138f057f7b6c08d21c328463aceb40ffda53fc759f99d2f7a"",""java_runtime_sha256"":""bdd50c08a90e2fb713541b8a118df6250246a917edc41a6776aeafc90b472687"",""run_identity_sha256"":""52dcaa2db455156ecfce7bf53aca992803b4a10996afd0ec96eb5b7139b35ef1""}"
53437ec4699b3ccdb544ea926ab1b26db45d27c5,graphdb,GraphDB (RDF4J) [engines.json profile],10M,O,O1,00,0f31130653f6c7f7dad353eb0c056676430f43d831aa1c986bb0e5cfe3f2b72c,B,base-select,ok,49,3.7,2.4,4.2,3.4,0.9,1,5,180.0,4842,0.0,,,,,0.006711,"[4.247, 2.479, 3.737, 2.374, 4.119]","[0.0, 0.0, 0.0, 0.0, 0.0]",,[],,[],,[],r9.2-frozen-identity-v7,408ff615691700c1cc400559bffa12900b0427c745e18c1d4c7aad214ccb757f,csv-binding-multiset-v1,49,3f5105ccff38c3afd5c1c1f17f087d0b7d2dea2aba139b7ec9439d724f79aafa,,,,,,,,d469fb81abed135738f704ddf57de41e98939ca5bbb2509a18a42b807368aa35,1dd1196abdf2d40865f5b4bc27acd5317de9ef00443776c930991278501566aa,84611d18787ae81d7e9fa8ea2c2cf2319e90db0620f009a8ca19b85486a57c7a,59fb59a04cd20e6dec9ee47cf1de02734068a3328cade998a3fc44a746054ea8,a42a308bd2c5294f3aa79a1a3b15804d4137fd68d7677d9adc037e257a217e76,reified,writable,exploratory-base,exploratory-reified,41997fb8640d9e765a0272879a63548eb9bd46bbf6e49da02b7c924e506b94f7,95f85b19db76321fdab33c70bb05485617743f83e3c9c07ce9e365b03fd9b106,f9ff8d30db2db1840ca1585b5598b1cf4d1d06ac2adb86a55b430669507fabff,b38a65fc0c1a91e138f057f7b6c08d21c328463aceb40ffda53fc759f99d2f7a,bdd50c08a90e2fb713541b8a118df6250246a917edc41a6776aeafc90b472687,17e1a5eb989981a80353bc966414560165f9026f59775a826f20f910406d3157,"pcm-meta-v2:{""protocol"":""r9.2-frozen-identity-v7"",""message"":"""",""cell_wall_ms"":36.854,""answer_kind"":""csv-binding-multiset-v1"",""answer_key_count"":49,""answer_fingerprint"":""3f5105ccff38c3afd5c1c1f17f087d0b7d2dea2aba139b7ec9439d724f79aafa"",""c_parse_samples"":[0.0,0.0,0.0,0.0,0.0],""c_protocol_samples"":[],""construct_total_samples"":[],""construct_unattributed_samples"":[],""status"":""ok"",""status_evidence"":null,""construction_requested"":null,""construction_effective"":null,""commit"":""53437ec4699b3ccdb544ea926ab1b26db45d27c5"",""batch_id"":""408ff615691700c1cc400559bffa12900b0427c745e18c1d4c7aad214ccb757f"",""query_sha256"":""0f31130653f6c7f7dad353eb0c056676430f43d831aa1c986bb0e5cfe3f2b72c"",""engine"":""graphdb"",""engine_version"":""GraphDB (RDF4J) [engines.json profile]"",""scale"":""10M"",""base_endpoint_sha256"":""d469fb81abed135738f704ddf57de41e98939ca5bbb2509a18a42b807368aa35"",""reified_endpoint_sha256"":""1dd1196abdf2d40865f5b4bc27acd5317de9ef00443776c930991278501566aa"",""update_endpoint_sha256"":""84611d18787ae81d7e9fa8ea2c2cf2319e90db0620f009a8ca19b85486a57c7a"",""base_data_identity_sha256"":""59fb59a04cd20e6dec9ee47cf1de02734068a3328cade998a3fc44a746054ea8"",""reified_data_identity_sha256"":""a42a308bd2c5294f3aa79a1a3b15804d4137fd68d7677d9adc037e257a217e76"",""update_for"":""reified"",""access_mode"":""writable"",""base_data_name"":""exploratory-base"",""reified_data_name"":""exploratory-reified"",""update_canary_sha256"":""41997fb8640d9e765a0272879a63548eb9bd46bbf6e49da02b7c924e506b94f7"",""store_instance_sha256"":""95f85b19db76321fdab33c70bb05485617743f83e3c9c07ce9e365b03fd9b106"",""store_discriminator_sha256"":""f9ff8d30db2db1840ca1585b5598b1cf4d1d06ac2adb86a55b430669507fabff"",""tool_sha256"":""b38a65fc0c1a91e138f057f7b6c08d21c328463aceb40ffda53fc759f99d2f7a"",""java_runtime_sha256"":""bdd50c08a90e2fb713541b8a118df6250246a917edc41a6776aeafc90b472687"",""run_identity_sha256"":""17e1a5eb989981a80353bc966414560165f9026f59775a826f20f910406d3157""}"
53437ec4699b3ccdb544ea926ab1b26db45d27c5,graphdb,GraphDB (RDF4J) [engines.json profile],10M,O,O1,00,0f31130653f6c7f7dad353eb0c056676430f43d831aa1c986bb0e5cfe3f2b72c,R,reification-only,ok,49,5.3,4.4,5.6,5.2,0.5,1,5,180.0,4842,0.0,,,,,129.691439,"[5.459, 4.4, 5.307, 5.605, 5.198]","[0.0, 0.0, 0.0, 0.0, 0.0]",,[],,[],,[],r9.2-frozen-identity-v7,408ff615691700c1cc400559bffa12900b0427c745e18c1d4c7aad214ccb757f,csv-binding-multiset-v1,49,3f5105ccff38c3afd5c1c1f17f087d0b7d2dea2aba139b7ec9439d724f79aafa,,,,,,,,d469fb81abed135738f704ddf57de41e98939ca5bbb2509a18a42b807368aa35,1dd1196abdf2d40865f5b4bc27acd5317de9ef00443776c930991278501566aa,84611d18787ae81d7e9fa8ea2c2cf2319e90db0620f009a8ca19b85486a57c7a,59fb59a04cd20e6dec9ee47cf1de02734068a3328cade998a3fc44a746054ea8,a42a308bd2c5294f3aa79a1a3b15804d4137fd68d7677d9adc037e257a217e76,reified,writable,exploratory-base,exploratory-reified,41997fb8640d9e765a0272879a63548eb9bd46bbf6e49da02b7c924e506b94f7,95f85b19db76321fdab33c70bb05485617743f83e3c9c07ce9e365b03fd9b106,f9ff8d30db2db1840ca1585b5598b1cf4d1d06ac2adb86a55b430669507fabff,b38a65fc0c1a91e138f057f7b6c08d21c328463aceb40ffda53fc759f99d2f7a,bdd50c08a90e2fb713541b8a118df6250246a917edc41a6776aeafc90b472687,17e1a5eb989981a80353bc966414560165f9026f59775a826f20f910406d3157,"pcm-meta-v2:{""protocol"":""r9.2-frozen-identity-v7"",""message"":"""",""cell_wall_ms"":169.643,""answer_kind"":""csv-binding-multiset-v1"",""answer_key_count"":49,""answer_fingerprint"":""3f5105ccff38c3afd5c1c1f17f087d0b7d2dea2aba139b7ec9439d724f79aafa"",""c_parse_samples"":[0.0,0.0,0.0,0.0,0.0],""c_protocol_samples"":[],""construct_total_samples"":[],""construct_unattributed_samples"":[],""status"":""ok"",""status_evidence"":null,""construction_requested"":null,""construction_effective"":null,""commit"":""53437ec4699b3ccdb544ea926ab1b26db45d27c5"",""batch_id"":""408ff615691700c1cc400559bffa12900b0427c745e18c1d4c7aad214ccb757f"",""query_sha256"":""0f31130653f6c7f7dad353eb0c056676430f43d831aa1c986bb0e5cfe3f2b72c"",""engine"":""graphdb"",""engine_version"":""GraphDB (RDF4J) [engines.json profile]"",""scale"":""10M"",""base_endpoint_sha256"":""d469fb81abed135738f704ddf57de41e98939ca5bbb2509a18a42b807368aa35"",""reified_endpoint_sha256"":""1dd1196abdf2d40865f5b4bc27acd5317de9ef00443776c930991278501566aa"",""update_endpoint_sha256"":""84611d18787ae81d7e9fa8ea2c2cf2319e90db0620f009a8ca19b85486a57c7a"",""base_data_identity_sha256"":""59fb59a04cd20e6dec9ee47cf1de02734068a3328cade998a3fc44a746054ea8"",""reified_data_identity_sha256"":""a42a308bd2c5294f3aa79a1a3b15804d4137fd68d7677d9adc037e257a217e76"",""update_for"":""reified"",""access_mode"":""writable"",""base_data_name"":""exploratory-base"",""reified_data_name"":""exploratory-reified"",""update_canary_sha256"":""41997fb8640d9e765a0272879a63548eb9bd46bbf6e49da02b7c924e506b94f7"",""store_instance_sha256"":""95f85b19db76321fdab33c70bb05485617743f83e3c9c07ce9e365b03fd9b106"",""store_discriminator_sha256"":""f9ff8d30db2db1840ca1585b5598b1cf4d1d06ac2adb86a55b430669507fabff"",""tool_sha256"":""b38a65fc0c1a91e138f057f7b6c08d21c328463aceb40ffda53fc759f99d2f7a"",""java_runtime_sha256"":""bdd50c08a90e2fb713541b8a118df6250246a917edc41a6776aeafc90b472687"",""run_identity_sha256"":""17e1a5eb989981a80353bc966414560165f9026f59775a826f20f910406d3157""}"
53437ec4699b3ccdb544ea926ab1b26db45d27c5,graphdb,GraphDB (RDF4J) [engines.json profile],10M,O,O1,00,0f31130653f6c7f7dad353eb0c056676430f43d831aa1c986bb0e5cfe3f2b72c,N,N_clean (NPCS reimplementation),ok,51,49.4,48.0,50.7,49.5,1.0,1,5,180.0,8065,0.0,,,,53,188.995563,"[50.697, 50.236, 49.242, 48.018, 49.376]","[0.0, 0.0, 0.0, 0.0, 0.0]",,[],,[],,[],r9.2-frozen-identity-v7,408ff615691700c1cc400559bffa12900b0427c745e18c1d4c7aad214ccb757f,csv-candidate-multiset-v1,51,6b76ee39047e26bb7d84045e6ecda0528341f83c48258192969f3ed67b7c2249,,,,,,,,d469fb81abed135738f704ddf57de41e98939ca5bbb2509a18a42b807368aa35,1dd1196abdf2d40865f5b4bc27acd5317de9ef00443776c930991278501566aa,84611d18787ae81d7e9fa8ea2c2cf2319e90db0620f009a8ca19b85486a57c7a,59fb59a04cd20e6dec9ee47cf1de02734068a3328cade998a3fc44a746054ea8,a42a308bd2c5294f3aa79a1a3b15804d4137fd68d7677d9adc037e257a217e76,reified,writable,exploratory-base,exploratory-reified,41997fb8640d9e765a0272879a63548eb9bd46bbf6e49da02b7c924e506b94f7,95f85b19db76321fdab33c70bb05485617743f83e3c9c07ce9e365b03fd9b106,f9ff8d30db2db1840ca1585b5598b1cf4d1d06ac2adb86a55b430669507fabff,b38a65fc0c1a91e138f057f7b6c08d21c328463aceb40ffda53fc759f99d2f7a,bdd50c08a90e2fb713541b8a118df6250246a917edc41a6776aeafc90b472687,17e1a5eb989981a80353bc966414560165f9026f59775a826f20f910406d3157,"pcm-meta-v2:{""protocol"":""r9.2-frozen-identity-v7"",""message"":"""",""cell_wall_ms"":553.164,""answer_kind"":""csv-candidate-multiset-v1"",""answer_key_count"":51,""answer_fingerprint"":""6b76ee39047e26bb7d84045e6ecda0528341f83c48258192969f3ed67b7c2249"",""c_parse_samples"":[0.0,0.0,0.0,0.0,0.0],""c_protocol_samples"":[],""construct_total_samples"":[],""construct_unattributed_samples"":[],""status"":""ok"",""status_evidence"":null,""construction_requested"":null,""construction_effective"":null,""commit"":""53437ec4699b3ccdb544ea926ab1b26db45d27c5"",""batch_id"":""408ff615691700c1cc400559bffa12900b0427c745e18c1d4c7aad214ccb757f"",""query_sha256"":""0f31130653f6c7f7dad353eb0c056676430f43d831aa1c986bb0e5cfe3f2b72c"",""engine"":""graphdb"",""engine_version"":""GraphDB (RDF4J) [engines.json profile]"",""scale"":""10M"",""base_endpoint_sha256"":""d469fb81abed135738f704ddf57de41e98939ca5bbb2509a18a42b807368aa35"",""reified_endpoint_sha256"":""1dd1196abdf2d40865f5b4bc27acd5317de9ef00443776c930991278501566aa"",""update_endpoint_sha256"":""84611d18787ae81d7e9fa8ea2c2cf2319e90db0620f009a8ca19b85486a57c7a"",""base_data_identity_sha256"":""59fb59a04cd20e6dec9ee47cf1de02734068a3328cade998a3fc44a746054ea8"",""reified_data_identity_sha256"":""a42a308bd2c5294f3aa79a1a3b15804d4137fd68d7677d9adc037e257a217e76"",""update_for"":""reified"",""access_mode"":""writable"",""base_data_name"":""exploratory-base"",""reified_data_name"":""exploratory-reified"",""update_canary_sha256"":""41997fb8640d9e765a0272879a63548eb9bd46bbf6e49da02b7c924e506b94f7"",""store_instance_sha256"":""95f85b19db76321fdab33c70bb05485617743f83e3c9c07ce9e365b03fd9b106"",""store_discriminator_sha256"":""f9ff8d30db2db1840ca1585b5598b1cf4d1d06ac2adb86a55b430669507fabff"",""tool_sha256"":""b38a65fc0c1a91e138f057f7b6c08d21c328463aceb40ffda53fc759f99d2f7a"",""java_runtime_sha256"":""bdd50c08a90e2fb713541b8a118df6250246a917edc41a6776aeafc90b472687"",""run_identity_sha256"":""17e1a5eb989981a80353bc966414560165f9026f59775a826f20f910406d3157""}"
53437ec4699b3ccdb544ea926ab1b26db45d27c5,graphdb,GraphDB (RDF4J) [engines.json profile],10M,O,O1,00,0f31130653f6c7f7dad353eb0c056676430f43d831aa1c986bb0e5cfe3f2b72c,C,SPARQLcirc CircuitRewriter,ok,51,8426.1,8370.6,8468.2,8415.9,42.8,1,5,180.0,1593168,135.3,5251,5208,2552,,378.803248,"[8426.066, 8370.59, 8373.41, 8441.095, 8468.249]","[142.529, 140.843, 131.746, 131.22, 135.284]",0.0,"[0.0, 0.0, 0.0, 0.0, 0.0]",8569.7,"[8569.664, 8512.503, 8506.107, 8573.413, 8604.49]",1.1,"[1.069, 1.071, 0.951, 1.098, 0.957]",r9.2-frozen-identity-v7,408ff615691700c1cc400559bffa12900b0427c745e18c1d4c7aad214ccb757f,term-aware-candidate-set-v1,51,f2b9dc280b9dc88feef8cd205ef7b89c076f7a65571b463e8e111865707a98ac,flat,flat,b724549b64797fb670080b96ac3531f39402b5dafce599dfb3a5d192e91ea863,,,,,d469fb81abed135738f704ddf57de41e98939ca5bbb2509a18a42b807368aa35,1dd1196abdf2d40865f5b4bc27acd5317de9ef00443776c930991278501566aa,84611d18787ae81d7e9fa8ea2c2cf2319e90db0620f009a8ca19b85486a57c7a,59fb59a04cd20e6dec9ee47cf1de02734068a3328cade998a3fc44a746054ea8,a42a308bd2c5294f3aa79a1a3b15804d4137fd68d7677d9adc037e257a217e76,reified,writable,exploratory-base,exploratory-reified,41997fb8640d9e765a0272879a63548eb9bd46bbf6e49da02b7c924e506b94f7,95f85b19db76321fdab33c70bb05485617743f83e3c9c07ce9e365b03fd9b106,f9ff8d30db2db1840ca1585b5598b1cf4d1d06ac2adb86a55b430669507fabff,b38a65fc0c1a91e138f057f7b6c08d21c328463aceb40ffda53fc759f99d2f7a,bdd50c08a90e2fb713541b8a118df6250246a917edc41a6776aeafc90b472687,17e1a5eb989981a80353bc966414560165f9026f59775a826f20f910406d3157,"pcm-meta-v2:{""protocol"":""r9.2-frozen-identity-v7"",""message"":""C requested=flat effective=flat; steps=5 feedback=0; network includes CONSTRUCT, feedback INSERT, and cleanup DELETE"",""cell_wall_ms"":51807.554,""answer_kind"":""term-aware-candidate-set-v1"",""answer_key_count"":51,""answer_fingerprint"":""f2b9dc280b9dc88feef8cd205ef7b89c076f7a65571b463e8e111865707a98ac"",""c_parse_samples"":[142.529,140.843,131.746,131.22,135.284],""c_protocol_samples"":[{""requested_mode"":""flat"",""effective_mode"":""flat"",""fallback_reason"":null,""plan_steps"":5,""feedback_steps"":0,""feedback_triples"":0,""construct_query_ms"":8426.066,""feedback_update_ms"":0.0,""cleanup_ms"":0.0,""client_protocol_ms"":0.0,""network_scope"":""construct+feedback+cleanup"",""circuit_sha256"":""b724549b64797fb670080b96ac3531f39402b5dafce599dfb3a5d192e91ea863"",""answer_fingerprint"":""f2b9dc280b9dc88feef8cd205ef7b89c076f7a65571b463e8e111865707a98ac"",""semantic_signature_sha256"":""7fddb256603a04cc9ab454172b942fb9eb69aa6b72deab800e83adea912b8d8d"",""structure_signature"":{""gates"":5251,""edges"":5208,""answers"":51,""derivations"":2552,""canonical_bytes"":1593168},""construct_total_ms"":8569.664,""client_unattributed_ms"":1.069},{""requested_mode"":""flat"",""effective_mode"":""flat"",""fallback_reason"":null,""plan_steps"":5,""feedback_steps"":0,""feedback_triples"":0,""construct_query_ms"":8370.59,""feedback_update_ms"":0.0,""cleanup_ms"":0.0,""client_protocol_ms"":0.0,""network_scope"":""construct+feedback+cleanup"",""circuit_sha256"":""b724549b64797fb670080b96ac3531f39402b5dafce599dfb3a5d192e91ea863"",""answer_fingerprint"":""f2b9dc280b9dc88feef8cd205ef7b89c076f7a65571b463e8e111865707a98ac"",""semantic_signature_sha256"":""7fddb256603a04cc9ab454172b942fb9eb69aa6b72deab800e83adea912b8d8d"",""structure_signature"":{""gates"":5251,""edges"":5208,""answers"":51,""derivations"":2552,""canonical_bytes"":1593168},""construct_total_ms"":8512.503,""client_unattributed_ms"":1.071},{""requested_mode"":""flat"",""effective_mode"":""flat"",""fallback_reason"":null,""plan_steps"":5,""feedback_steps"":0,""feedback_triples"":0,""construct_query_ms"":8373.41,""feedback_update_ms"":0.0,""cleanup_ms"":0.0,""client_protocol_ms"":0.0,""network_scope"":""construct+feedback+cleanup"",""circuit_sha256"":""b724549b64797fb670080b96ac3531f39402b5dafce599dfb3a5d192e91ea863"",""answer_fingerprint"":""f2b9dc280b9dc88feef8cd205ef7b89c076f7a65571b463e8e111865707a98ac"",""semantic_signature_sha256"":""7fddb256603a04cc9ab454172b942fb9eb69aa6b72deab800e83adea912b8d8d"",""structure_signature"":{""gates"":5251,""edges"":5208,""answers"":51,""derivations"":2552,""canonical_bytes"":1593168},""construct_total_ms"":8506.107,""client_unattributed_ms"":0.951},{""requested_mode"":""flat"",""effective_mode"":""flat"",""fallback_reason"":null,""plan_steps"":5,""feedback_steps"":0,""feedback_triples"":0,""construct_query_ms"":8441.095,""feedback_update_ms"":0.0,""cleanup_ms"":0.0,""client_protocol_ms"":0.0,""network_scope"":""construct+feedback+cleanup"",""circuit_sha256"":""b724549b64797fb670080b96ac3531f39402b5dafce599dfb3a5d192e91ea863"",""answer_fingerprint"":""f2b9dc280b9dc88feef8cd205ef7b89c076f7a65571b463e8e111865707a98ac"",""semantic_signature_sha256"":""7fddb256603a04cc9ab454172b942fb9eb69aa6b72deab800e83adea912b8d8d"",""structure_signature"":{""gates"":5251,""edges"":5208,""answers"":51,""derivations"":2552,""canonical_bytes"":1593168},""construct_total_ms"":8573.413,""client_unattributed_ms"":1.098},{""requested_mode"":""flat"",""effective_mode"":""flat"",""fallback_reason"":null,""plan_steps"":5,""feedback_steps"":0,""feedback_triples"":0,""construct_query_ms"":8468.249,""feedback_update_ms"":0.0,""cleanup_ms"":0.0,""client_protocol_ms"":0.0,""network_scope"":""construct+feedback+cleanup"",""circuit_sha256"":""b724549b64797fb670080b96ac3531f39402b5dafce599dfb3a5d192e91ea863"",""answer_fingerprint"":""f2b9dc280b9dc88feef8cd205ef7b89c076f7a65571b463e8e111865707a98ac"",""semantic_signature_sha256"":""7fddb256603a04cc9ab454172b942fb9eb69aa6b72deab800e83adea912b8d8d"",""structure_signature"":{""gates"":5251,""edges"":5208,""answers"":51,""derivations"":2552,""canonical_bytes"":1593168},""construct_total_ms"":8604.49,""client_unattributed_ms"":0.957}],""construct_total_samples"":[8569.664,8512.503,8506.107,8573.413,8604.49],""construct_unattributed_samples"":[1.069,1.071,0.951,1.098,0.957],""status"":""ok"",""status_evidence"":null,""c_warmup_signatures"":[""7fddb256603a04cc9ab454172b942fb9eb69aa6b72deab800e83adea912b8d8d""],""measured_semantic_signature_sha256"":""7fddb256603a04cc9ab454172b942fb9eb69aa6b72deab800e83adea912b8d8d"",""measured_repetitions_consistent"":true,""endpoint_lock"":{""wait_ms"":0.007,""lock_path"":""/tmp/sparqlcirc-r9-endpoint-locks-v7/95f85b19db76321fdab33c70bb05485617743f83e3c9c07ce9e365b03fd9b106.lock""},""construction_requested"":""flat"",""construction_effective"":""flat"",""commit"":""53437ec4699b3ccdb544ea926ab1b26db45d27c5"",""batch_id"":""408ff615691700c1cc400559bffa12900b0427c745e18c1d4c7aad214ccb757f"",""query_sha256"":""0f31130653f6c7f7dad353eb0c056676430f43d831aa1c986bb0e5cfe3f2b72c"",""engine"":""graphdb"",""engine_version"":""GraphDB (RDF4J) [engines.json profile]"",""scale"":""10M"",""base_endpoint_sha256"":""d469fb81abed135738f704ddf57de41e98939ca5bbb2509a18a42b807368aa35"",""reified_endpoint_sha256"":""1dd1196abdf2d40865f5b4bc27acd5317de9ef00443776c930991278501566aa"",""update_endpoint_sha256"":""84611d18787ae81d7e9fa8ea2c2cf2319e90db0620f009a8ca19b85486a57c7a"",""base_data_identity_sha256"":""59fb59a04cd20e6dec9ee47cf1de02734068a3328cade998a3fc44a746054ea8"",""reified_data_identity_sha256"":""a42a308bd2c5294f3aa79a1a3b15804d4137fd68d7677d9adc037e257a217e76"",""update_for"":""reified"",""access_mode"":""writable"",""base_data_name"":""exploratory-base"",""reified_data_name"":""exploratory-reified"",""update_canary_sha256"":""41997fb8640d9e765a0272879a63548eb9bd46bbf6e49da02b7c924e506b94f7"",""store_instance_sha256"":""95f85b19db76321fdab33c70bb05485617743f83e3c9c07ce9e365b03fd9b106"",""store_discriminator_sha256"":""f9ff8d30db2db1840ca1585b5598b1cf4d1d06ac2adb86a55b430669507fabff"",""tool_sha256"":""b38a65fc0c1a91e138f057f7b6c08d21c328463aceb40ffda53fc759f99d2f7a"",""java_runtime_sha256"":""bdd50c08a90e2fb713541b8a118df6250246a917edc41a6776aeafc90b472687"",""run_identity_sha256"":""17e1a5eb989981a80353bc966414560165f9026f59775a826f20f910406d3157""}"
53437ec4699b3ccdb544ea926ab1b26db45d27c5,graphdb,GraphDB (RDF4J) [engines.json profile],10M,O,O2,00,e2353d138cc41a9c8013909b8e8b380cf7ba04e2544b8ca784e13ce0c7009eb6,B,base-select,ok,58,3.4,2.1,3.7,3.2,0.6,1,5,180.0,5108,0.0,,,,,0.00728,"[3.678, 3.581, 3.418, 3.096, 2.147]","[0.0, 0.0, 0.0, 0.0, 0.0]",,[],,[],,[],r9.2-frozen-identity-v7,408ff615691700c1cc400559bffa12900b0427c745e18c1d4c7aad214ccb757f,csv-binding-multiset-v1,58,a9898726a33b83bada8e389e9e757af729a680454586f66fc71b2866483774b7,,,,,,,,d469fb81abed135738f704ddf57de41e98939ca5bbb2509a18a42b807368aa35,1dd1196abdf2d40865f5b4bc27acd5317de9ef00443776c930991278501566aa,84611d18787ae81d7e9fa8ea2c2cf2319e90db0620f009a8ca19b85486a57c7a,59fb59a04cd20e6dec9ee47cf1de02734068a3328cade998a3fc44a746054ea8,a42a308bd2c5294f3aa79a1a3b15804d4137fd68d7677d9adc037e257a217e76,reified,writable,exploratory-base,exploratory-reified,41997fb8640d9e765a0272879a63548eb9bd46bbf6e49da02b7c924e506b94f7,95f85b19db76321fdab33c70bb05485617743f83e3c9c07ce9e365b03fd9b106,f9ff8d30db2db1840ca1585b5598b1cf4d1d06ac2adb86a55b430669507fabff,b38a65fc0c1a91e138f057f7b6c08d21c328463aceb40ffda53fc759f99d2f7a,bdd50c08a90e2fb713541b8a118df6250246a917edc41a6776aeafc90b472687,fa34810f2cfa11adbfbcc435aeb5413dd1cb4c73329a92f808c9b335090a64d5,"pcm-meta-v2:{""protocol"":""r9.2-frozen-identity-v7"",""message"":"""",""cell_wall_ms"":28.052,""answer_kind"":""csv-binding-multiset-v1"",""answer_key_count"":58,""answer_fingerprint"":""a9898726a33b83bada8e389e9e757af729a680454586f66fc71b2866483774b7"",""c_parse_samples"":[0.0,0.0,0.0,0.0,0.0],""c_protocol_samples"":[],""construct_total_samples"":[],""construct_unattributed_samples"":[],""status"":""ok"",""status_evidence"":null,""construction_requested"":null,""construction_effective"":null,""commit"":""53437ec4699b3ccdb544ea926ab1b26db45d27c5"",""batch_id"":""408ff615691700c1cc400559bffa12900b0427c745e18c1d4c7aad214ccb757f"",""query_sha256"":""e2353d138cc41a9c8013909b8e8b380cf7ba04e2544b8ca784e13ce0c7009eb6"",""engine"":""graphdb"",""engine_version"":""GraphDB (RDF4J) [engines.json profile]"",""scale"":""10M"",""base_endpoint_sha256"":""d469fb81abed135738f704ddf57de41e98939ca5bbb2509a18a42b807368aa35"",""reified_endpoint_sha256"":""1dd1196abdf2d40865f5b4bc27acd5317de9ef00443776c930991278501566aa"",""update_endpoint_sha256"":""84611d18787ae81d7e9fa8ea2c2cf2319e90db0620f009a8ca19b85486a57c7a"",""base_data_identity_sha256"":""59fb59a04cd20e6dec9ee47cf1de02734068a3328cade998a3fc44a746054ea8"",""reified_data_identity_sha256"":""a42a308bd2c5294f3aa79a1a3b15804d4137fd68d7677d9adc037e257a217e76"",""update_for"":""reified"",""access_mode"":""writable"",""base_data_name"":""exploratory-base"",""reified_data_name"":""exploratory-reified"",""update_canary_sha256"":""41997fb8640d9e765a0272879a63548eb9bd46bbf6e49da02b7c924e506b94f7"",""store_instance_sha256"":""95f85b19db76321fdab33c70bb05485617743f83e3c9c07ce9e365b03fd9b106"",""store_discriminator_sha256"":""f9ff8d30db2db1840ca1585b5598b1cf4d1d06ac2adb86a55b430669507fabff"",""tool_sha256"":""b38a65fc0c1a91e138f057f7b6c08d21c328463aceb40ffda53fc759f99d2f7a"",""java_runtime_sha256"":""bdd50c08a90e2fb713541b8a118df6250246a917edc41a6776aeafc90b472687"",""run_identity_sha256"":""fa34810f2cfa11adbfbcc435aeb5413dd1cb4c73329a92f808c9b335090a64d5""}"
53437ec4699b3ccdb544ea926ab1b26db45d27c5,graphdb,GraphDB (RDF4J) [engines.json profile],10M,O,O2,00,e2353d138cc41a9c8013909b8e8b380cf7ba04e2544b8ca784e13ce0c7009eb6,R,reification-only,ok,58,4.6,3.1,4.7,4.1,0.7,1,5,180.0,5108,0.0,,,,,141.514469,"[4.557, 3.099, 4.721, 4.576, 3.57]","[0.0, 0.0, 0.0, 0.0, 0.0]",,[],,[],,[],r9.2-frozen-identity-v7,408ff615691700c1cc400559bffa12900b0427c745e18c1d4c7aad214ccb757f,csv-binding-multiset-v1,58,a9898726a33b83bada8e389e9e757af729a680454586f66fc71b2866483774b7,,,,,,,,d469fb81abed135738f704ddf57de41e98939ca5bbb2509a18a42b807368aa35,1dd1196abdf2d40865f5b4bc27acd5317de9ef00443776c930991278501566aa,84611d18787ae81d7e9fa8ea2c2cf2319e90db0620f009a8ca19b85486a57c7a,59fb59a04cd20e6dec9ee47cf1de02734068a3328cade998a3fc44a746054ea8,a42a308bd2c5294f3aa79a1a3b15804d4137fd68d7677d9adc037e257a217e76,reified,writable,exploratory-base,exploratory-reified,41997fb8640d9e765a0272879a63548eb9bd46bbf6e49da02b7c924e506b94f7,95f85b19db76321fdab33c70bb05485617743f83e3c9c07ce9e365b03fd9b106,f9ff8d30db2db1840ca1585b5598b1cf4d1d06ac2adb86a55b430669507fabff,b38a65fc0c1a91e138f057f7b6c08d21c328463aceb40ffda53fc759f99d2f7a,bdd50c08a90e2fb713541b8a118df6250246a917edc41a6776aeafc90b472687,fa34810f2cfa11adbfbcc435aeb5413dd1cb4c73329a92f808c9b335090a64d5,"pcm-meta-v2:{""protocol"":""r9.2-frozen-identity-v7"",""message"":"""",""cell_wall_ms"":176.193,""answer_kind"":""csv-binding-multiset-v1"",""answer_key_count"":58,""answer_fingerprint"":""a9898726a33b83bada8e389e9e757af729a680454586f66fc71b2866483774b7"",""c_parse_samples"":[0.0,0.0,0.0,0.0,0.0],""c_protocol_samples"":[],""construct_total_samples"":[],""construct_unattributed_samples"":[],""status"":""ok"",""status_evidence"":null,""construction_requested"":null,""construction_effective"":null,""commit"":""53437ec4699b3ccdb544ea926ab1b26db45d27c5"",""batch_id"":""408ff615691700c1cc400559bffa12900b0427c745e18c1d4c7aad214ccb757f"",""query_sha256"":""e2353d138cc41a9c8013909b8e8b380cf7ba04e2544b8ca784e13ce0c7009eb6"",""engine"":""graphdb"",""engine_version"":""GraphDB (RDF4J) [engines.json profile]"",""scale"":""10M"",""base_endpoint_sha256"":""d469fb81abed135738f704ddf57de41e98939ca5bbb2509a18a42b807368aa35"",""reified_endpoint_sha256"":""1dd1196abdf2d40865f5b4bc27acd5317de9ef00443776c930991278501566aa"",""update_endpoint_sha256"":""84611d18787ae81d7e9fa8ea2c2cf2319e90db0620f009a8ca19b85486a57c7a"",""base_data_identity_sha256"":""59fb59a04cd20e6dec9ee47cf1de02734068a3328cade998a3fc44a746054ea8"",""reified_data_identity_sha256"":""a42a308bd2c5294f3aa79a1a3b15804d4137fd68d7677d9adc037e257a217e76"",""update_for"":""reified"",""access_mode"":""writable"",""base_data_name"":""exploratory-base"",""reified_data_name"":""exploratory-reified"",""update_canary_sha256"":""41997fb8640d9e765a0272879a63548eb9bd46bbf6e49da02b7c924e506b94f7"",""store_instance_sha256"":""95f85b19db76321fdab33c70bb05485617743f83e3c9c07ce9e365b03fd9b106"",""store_discriminator_sha256"":""f9ff8d30db2db1840ca1585b5598b1cf4d1d06ac2adb86a55b430669507fabff"",""tool_sha256"":""b38a65fc0c1a91e138f057f7b6c08d21c328463aceb40ffda53fc759f99d2f7a"",""java_runtime_sha256"":""bdd50c08a90e2fb713541b8a118df6250246a917edc41a6776aeafc90b472687"",""run_identity_sha256"":""fa34810f2cfa11adbfbcc435aeb5413dd1cb4c73329a92f808c9b335090a64d5""}"
53437ec4699b3ccdb544ea926ab1b26db45d27c5,graphdb,GraphDB (RDF4J) [engines.json profile],10M,O,O2,00,e2353d138cc41a9c8013909b8e8b380cf7ba04e2544b8ca784e13ce0c7009eb6,N,N_clean (NPCS reimplementation),ok,63,886.0,879.9,892.0,885.8,5.8,1,5,180.0,9243,0.0,,,,112,187.471451,"[879.979, 891.285, 879.921, 886.027, 891.951]","[0.0, 0.0, 0.0, 0.0, 0.0]",,[],,[],,[],r9.2-frozen-identity-v7,408ff615691700c1cc400559bffa12900b0427c745e18c1d4c7aad214ccb757f,csv-candidate-multiset-v1,63,dbc3fc8a974a6ae60ca28ffbf94e0450ac8b5067c75ec95a903f300354d807e1,,,,,,,,d469fb81abed135738f704ddf57de41e98939ca5bbb2509a18a42b807368aa35,1dd1196abdf2d40865f5b4bc27acd5317de9ef00443776c930991278501566aa,84611d18787ae81d7e9fa8ea2c2cf2319e90db0620f009a8ca19b85486a57c7a,59fb59a04cd20e6dec9ee47cf1de02734068a3328cade998a3fc44a746054ea8,a42a308bd2c5294f3aa79a1a3b15804d4137fd68d7677d9adc037e257a217e76,reified,writable,exploratory-base,exploratory-reified,41997fb8640d9e765a0272879a63548eb9bd46bbf6e49da02b7c924e506b94f7,95f85b19db76321fdab33c70bb05485617743f83e3c9c07ce9e365b03fd9b106,f9ff8d30db2db1840ca1585b5598b1cf4d1d06ac2adb86a55b430669507fabff,b38a65fc0c1a91e138f057f7b6c08d21c328463aceb40ffda53fc759f99d2f7a,bdd50c08a90e2fb713541b8a118df6250246a917edc41a6776aeafc90b472687,fa34810f2cfa11adbfbcc435aeb5413dd1cb4c73329a92f808c9b335090a64d5,"pcm-meta-v2:{""protocol"":""r9.2-frozen-identity-v7"",""message"":"""",""cell_wall_ms"":5517.56,""answer_kind"":""csv-candidate-multiset-v1"",""answer_key_count"":63,""answer_fingerprint"":""dbc3fc8a974a6ae60ca28ffbf94e0450ac8b5067c75ec95a903f300354d807e1"",""c_parse_samples"":[0.0,0.0,0.0,0.0,0.0],""c_protocol_samples"":[],""construct_total_samples"":[],""construct_unattributed_samples"":[],""status"":""ok"",""status_evidence"":null,""construction_requested"":null,""construction_effective"":null,""commit"":""53437ec4699b3ccdb544ea926ab1b26db45d27c5"",""batch_id"":""408ff615691700c1cc400559bffa12900b0427c745e18c1d4c7aad214ccb757f"",""query_sha256"":""e2353d138cc41a9c8013909b8e8b380cf7ba04e2544b8ca784e13ce0c7009eb6"",""engine"":""graphdb"",""engine_version"":""GraphDB (RDF4J) [engines.json profile]"",""scale"":""10M"",""base_endpoint_sha256"":""d469fb81abed135738f704ddf57de41e98939ca5bbb2509a18a42b807368aa35"",""reified_endpoint_sha256"":""1dd1196abdf2d40865f5b4bc27acd5317de9ef00443776c930991278501566aa"",""update_endpoint_sha256"":""84611d18787ae81d7e9fa8ea2c2cf2319e90db0620f009a8ca19b85486a57c7a"",""base_data_identity_sha256"":""59fb59a04cd20e6dec9ee47cf1de02734068a3328cade998a3fc44a746054ea8"",""reified_data_identity_sha256"":""a42a308bd2c5294f3aa79a1a3b15804d4137fd68d7677d9adc037e257a217e76"",""update_for"":""reified"",""access_mode"":""writable"",""base_data_name"":""exploratory-base"",""reified_data_name"":""exploratory-reified"",""update_canary_sha256"":""41997fb8640d9e765a0272879a63548eb9bd46bbf6e49da02b7c924e506b94f7"",""store_instance_sha256"":""95f85b19db76321fdab33c70bb05485617743f83e3c9c07ce9e365b03fd9b106"",""store_discriminator_sha256"":""f9ff8d30db2db1840ca1585b5598b1cf4d1d06ac2adb86a55b430669507fabff"",""tool_sha256"":""b38a65fc0c1a91e138f057f7b6c08d21c328463aceb40ffda53fc759f99d2f7a"",""java_runtime_sha256"":""bdd50c08a90e2fb713541b8a118df6250246a917edc41a6776aeafc90b472687"",""run_identity_sha256"":""fa34810f2cfa11adbfbcc435aeb5413dd1cb4c73329a92f808c9b335090a64d5""}"
53437ec4699b3ccdb544ea926ab1b26db45d27c5,graphdb,GraphDB (RDF4J) [engines.json profile],10M,O,O2,00,e2353d138cc41a9c8013909b8e8b380cf7ba04e2544b8ca784e13ce0c7009eb6,C,SPARQLcirc CircuitRewriter,ok,63,16869.3,16846.6,16957.5,16887.3,45.7,1,5,180.0,64994748,7178.6,224970,225040,112464,,373.141273,"[16869.317, 16855.402, 16846.642, 16907.841, 16957.523]","[7529.427, 7085.552, 7301.592, 7157.687, 7178.62]",0.0,"[0.0, 0.0, 0.0, 0.0, 0.0]",24192.1,"[24453.91, 23998.058, 24203.006, 24118.12, 24192.077]",55.2,"[55.165, 57.104, 54.772, 52.592, 55.934]",r9.2-frozen-identity-v7,408ff615691700c1cc400559bffa12900b0427c745e18c1d4c7aad214ccb757f,term-aware-candidate-set-v1,63,3c1096c7b1f4f1b47fea216d40b93e1535013aed23ce1287d4f0c76401995f00,flat,flat,d2c651689e46dd84cda554e280452fd9ecb0e37efa501ab54637551c4efb0c47,,,,,d469fb81abed135738f704ddf57de41e98939ca5bbb2509a18a42b807368aa35,1dd1196abdf2d40865f5b4bc27acd5317de9ef00443776c930991278501566aa,84611d18787ae81d7e9fa8ea2c2cf2319e90db0620f009a8ca19b85486a57c7a,59fb59a04cd20e6dec9ee47cf1de02734068a3328cade998a3fc44a746054ea8,a42a308bd2c5294f3aa79a1a3b15804d4137fd68d7677d9adc037e257a217e76,reified,writable,exploratory-base,exploratory-reified,41997fb8640d9e765a0272879a63548eb9bd46bbf6e49da02b7c924e506b94f7,95f85b19db76321fdab33c70bb05485617743f83e3c9c07ce9e365b03fd9b106,f9ff8d30db2db1840ca1585b5598b1cf4d1d06ac2adb86a55b430669507fabff,b38a65fc0c1a91e138f057f7b6c08d21c328463aceb40ffda53fc759f99d2f7a,bdd50c08a90e2fb713541b8a118df6250246a917edc41a6776aeafc90b472687,fa34810f2cfa11adbfbcc435aeb5413dd1cb4c73329a92f808c9b335090a64d5,"pcm-meta-v2:{""protocol"":""r9.2-frozen-identity-v7"",""message"":""C requested=flat effective=flat; steps=5 feedback=0; network includes CONSTRUCT, feedback INSERT, and cleanup DELETE"",""cell_wall_ms"":145782.938,""answer_kind"":""term-aware-candidate-set-v1"",""answer_key_count"":63,""answer_fingerprint"":""3c1096c7b1f4f1b47fea216d40b93e1535013aed23ce1287d4f0c76401995f00"",""c_parse_samples"":[7529.427,7085.552,7301.592,7157.687,7178.62],""c_protocol_samples"":[{""requested_mode"":""flat"",""effective_mode"":""flat"",""fallback_reason"":null,""plan_steps"":5,""feedback_steps"":0,""feedback_triples"":0,""construct_query_ms"":16869.317,""feedback_update_ms"":0.0,""cleanup_ms"":0.0,""client_protocol_ms"":0.0,""network_scope"":""construct+feedback+cleanup"",""circuit_sha256"":""d2c651689e46dd84cda554e280452fd9ecb0e37efa501ab54637551c4efb0c47"",""answer_fingerprint"":""3c1096c7b1f4f1b47fea216d40b93e1535013aed23ce1287d4f0c76401995f00"",""semantic_signature_sha256"":""ef281860cd04486959583e928bafee9f218aecce62e2ebb6651e8e072ded6c74"",""structure_signature"":{""gates"":224970,""edges"":225040,""answers"":63,""derivations"":112464,""canonical_bytes"":64994748},""construct_total_ms"":24453.91,""client_unattributed_ms"":55.165},{""requested_mode"":""flat"",""effective_mode"":""flat"",""fallback_reason"":null,""plan_steps"":5,""feedback_steps"":0,""feedback_triples"":0,""construct_query_ms"":16855.402,""feedback_update_ms"":0.0,""cleanup_ms"":0.0,""client_protocol_ms"":0.0,""network_scope"":""construct+feedback+cleanup"",""circuit_sha256"":""d2c651689e46dd84cda554e280452fd9ecb0e37efa501ab54637551c4efb0c47"",""answer_fingerprint"":""3c1096c7b1f4f1b47fea216d40b93e1535013aed23ce1287d4f0c76401995f00"",""semantic_signature_sha256"":""ef281860cd04486959583e928bafee9f218aecce62e2ebb6651e8e072ded6c74"",""structure_signature"":{""gates"":224970,""edges"":225040,""answers"":63,""derivations"":112464,""canonical_bytes"":64994748},""construct_total_ms"":23998.058,""client_unattributed_ms"":57.104},{""requested_mode"":""flat"",""effective_mode"":""flat"",""fallback_reason"":null,""plan_steps"":5,""feedback_steps"":0,""feedback_triples"":0,""construct_query_ms"":16846.642,""feedback_update_ms"":0.0,""cleanup_ms"":0.0,""client_protocol_ms"":0.0,""network_scope"":""construct+feedback+cleanup"",""circuit_sha256"":""d2c651689e46dd84cda554e280452fd9ecb0e37efa501ab54637551c4efb0c47"",""answer_fingerprint"":""3c1096c7b1f4f1b47fea216d40b93e1535013aed23ce1287d4f0c76401995f00"",""semantic_signature_sha256"":""ef281860cd04486959583e928bafee9f218aecce62e2ebb6651e8e072ded6c74"",""structure_signature"":{""gates"":224970,""edges"":225040,""answers"":63,""derivations"":112464,""canonical_bytes"":64994748},""construct_total_ms"":24203.006,""client_unattributed_ms"":54.772},{""requested_mode"":""flat"",""effective_mode"":""flat"",""fallback_reason"":null,""plan_steps"":5,""feedback_steps"":0,""feedback_triples"":0,""construct_query_ms"":16907.841,""feedback_update_ms"":0.0,""cleanup_ms"":0.0,""client_protocol_ms"":0.0,""network_scope"":""construct+feedback+cleanup"",""circuit_sha256"":""d2c651689e46dd84cda554e280452fd9ecb0e37efa501ab54637551c4efb0c47"",""answer_fingerprint"":""3c1096c7b1f4f1b47fea216d40b93e1535013aed23ce1287d4f0c76401995f00"",""semantic_signature_sha256"":""ef281860cd04486959583e928bafee9f218aecce62e2ebb6651e8e072ded6c74"",""structure_signature"":{""gates"":224970,""edges"":225040,""answers"":63,""derivations"":112464,""canonical_bytes"":64994748},""construct_total_ms"":24118.12,""client_unattributed_ms"":52.592},{""requested_mode"":""flat"",""effective_mode"":""flat"",""fallback_reason"":null,""plan_steps"":5,""feedback_steps"":0,""feedback_triples"":0,""construct_query_ms"":16957.523,""feedback_update_ms"":0.0,""cleanup_ms"":0.0,""client_protocol_ms"":0.0,""network_scope"":""construct+feedback+cleanup"",""circuit_sha256"":""d2c651689e46dd84cda554e280452fd9ecb0e37efa501ab54637551c4efb0c47"",""answer_fingerprint"":""3c1096c7b1f4f1b47fea216d40b93e1535013aed23ce1287d4f0c76401995f00"",""semantic_signature_sha256"":""ef281860cd04486959583e928bafee9f218aecce62e2ebb6651e8e072ded6c74"",""structure_signature"":{""gates"":224970,""edges"":225040,""answers"":63,""derivations"":112464,""canonical_bytes"":64994748},""construct_total_ms"":24192.077,""client_unattributed_ms"":55.934}],""construct_total_samples"":[24453.91,23998.058,24203.006,24118.12,24192.077],""construct_unattributed_samples"":[55.165,57.104,54.772,52.592,55.934],""status"":""ok"",""status_evidence"":null,""c_warmup_signatures"":[""ef281860cd04486959583e928bafee9f218aecce62e2ebb6651e8e072ded6c74""],""measured_semantic_signature_sha256"":""ef281860cd04486959583e928bafee9f218aecce62e2ebb6651e8e072ded6c74"",""measured_repetitions_consistent"":true,""endpoint_lock"":{""wait_ms"":0.007,""lock_path"":""/tmp/sparqlcirc-r9-endpoint-locks-v7/95f85b19db76321fdab33c70bb05485617743f83e3c9c07ce9e365b03fd9b106.lock""},""construction_requested"":""flat"",""construction_effective"":""flat"",""commit"":""53437ec4699b3ccdb544ea926ab1b26db45d27c5"",""batch_id"":""408ff615691700c1cc400559bffa12900b0427c745e18c1d4c7aad214ccb757f"",""query_sha256"":""e2353d138cc41a9c8013909b8e8b380cf7ba04e2544b8ca784e13ce0c7009eb6"",""engine"":""graphdb"",""engine_version"":""GraphDB (RDF4J) [engines.json profile]"",""scale"":""10M"",""base_endpoint_sha256"":""d469fb81abed135738f704ddf57de41e98939ca5bbb2509a18a42b807368aa35"",""reified_endpoint_sha256"":""1dd1196abdf2d40865f5b4bc27acd5317de9ef00443776c930991278501566aa"",""update_endpoint_sha256"":""84611d18787ae81d7e9fa8ea2c2cf2319e90db0620f009a8ca19b85486a57c7a"",""base_data_identity_sha256"":""59fb59a04cd20e6dec9ee47cf1de02734068a3328cade998a3fc44a746054ea8"",""reified_data_identity_sha256"":""a42a308bd2c5294f3aa79a1a3b15804d4137fd68d7677d9adc037e257a217e76"",""update_for"":""reified"",""access_mode"":""writable"",""base_data_name"":""exploratory-base"",""reified_data_name"":""exploratory-reified"",""update_canary_sha256"":""41997fb8640d9e765a0272879a63548eb9bd46bbf6e49da02b7c924e506b94f7"",""store_instance_sha256"":""95f85b19db76321fdab33c70bb05485617743f83e3c9c07ce9e365b03fd9b106"",""store_discriminator_sha256"":""f9ff8d30db2db1840ca1585b5598b1cf4d1d06ac2adb86a55b430669507fabff"",""tool_sha256"":""b38a65fc0c1a91e138f057f7b6c08d21c328463aceb40ffda53fc759f99d2f7a"",""java_runtime_sha256"":""bdd50c08a90e2fb713541b8a118df6250246a917edc41a6776aeafc90b472687"",""run_identity_sha256"":""fa34810f2cfa11adbfbcc435aeb5413dd1cb4c73329a92f808c9b335090a64d5""}"
53437ec4699b3ccdb544ea926ab1b26db45d27c5,graphdb,GraphDB (RDF4J) [engines.json profile],10M,O,O3,00,8600634422cefcb5ad7bc23d2acb693e5f8bf0686ad4714d2eba90a935b2f2b3,B,base-select,ok,279,3.9,2.7,5.3,3.9,1.0,1,5,180.0,17443,0.0,,,,,0.00647,"[5.289, 4.427, 3.042, 3.942, 2.715]","[0.0, 0.0, 0.0, 0.0, 0.0]",,[],,[],,[],r9.2-frozen-identity-v7,408ff615691700c1cc400559bffa12900b0427c745e18c1d4c7aad214ccb757f,csv-binding-multiset-v1,279,7880dece2261e96e3430c284c33d4a9fbc61df6c75e26c67c5b68659b9c32c93,,,,,,,,d469fb81abed135738f704ddf57de41e98939ca5bbb2509a18a42b807368aa35,1dd1196abdf2d40865f5b4bc27acd5317de9ef00443776c930991278501566aa,84611d18787ae81d7e9fa8ea2c2cf2319e90db0620f009a8ca19b85486a57c7a,59fb59a04cd20e6dec9ee47cf1de02734068a3328cade998a3fc44a746054ea8,a42a308bd2c5294f3aa79a1a3b15804d4137fd68d7677d9adc037e257a217e76,reified,writable,exploratory-base,exploratory-reified,41997fb8640d9e765a0272879a63548eb9bd46bbf6e49da02b7c924e506b94f7,95f85b19db76321fdab33c70bb05485617743f83e3c9c07ce9e365b03fd9b106,f9ff8d30db2db1840ca1585b5598b1cf4d1d06ac2adb86a55b430669507fabff,b38a65fc0c1a91e138f057f7b6c08d21c328463aceb40ffda53fc759f99d2f7a,bdd50c08a90e2fb713541b8a118df6250246a917edc41a6776aeafc90b472687,97b5f9e70426ca1c8e1b67a4153e5592bbde36c08262852341cf4d50b0b0afb8,"pcm-meta-v2:{""protocol"":""r9.2-frozen-identity-v7"",""message"":"""",""cell_wall_ms"":58.349,""answer_kind"":""csv-binding-multiset-v1"",""answer_key_count"":279,""answer_fingerprint"":""7880dece2261e96e3430c284c33d4a9fbc61df6c75e26c67c5b68659b9c32c93"",""c_parse_samples"":[0.0,0.0,0.0,0.0,0.0],""c_protocol_samples"":[],""construct_total_samples"":[],""construct_unattributed_samples"":[],""status"":""ok"",""status_evidence"":null,""construction_requested"":null,""construction_effective"":null,""commit"":""53437ec4699b3ccdb544ea926ab1b26db45d27c5"",""batch_id"":""408ff615691700c1cc400559bffa12900b0427c745e18c1d4c7aad214ccb757f"",""query_sha256"":""8600634422cefcb5ad7bc23d2acb693e5f8bf0686ad4714d2eba90a935b2f2b3"",""engine"":""graphdb"",""engine_version"":""GraphDB (RDF4J) [engines.json profile]"",""scale"":""10M"",""base_endpoint_sha256"":""d469fb81abed135738f704ddf57de41e98939ca5bbb2509a18a42b807368aa35"",""reified_endpoint_sha256"":""1dd1196abdf2d40865f5b4bc27acd5317de9ef00443776c930991278501566aa"",""update_endpoint_sha256"":""84611d18787ae81d7e9fa8ea2c2cf2319e90db0620f009a8ca19b85486a57c7a"",""base_data_identity_sha256"":""59fb59a04cd20e6dec9ee47cf1de02734068a3328cade998a3fc44a746054ea8"",""reified_data_identity_sha256"":""a42a308bd2c5294f3aa79a1a3b15804d4137fd68d7677d9adc037e257a217e76"",""update_for"":""reified"",""access_mode"":""writable"",""base_data_name"":""exploratory-base"",""reified_data_name"":""exploratory-reified"",""update_canary_sha256"":""41997fb8640d9e765a0272879a63548eb9bd46bbf6e49da02b7c924e506b94f7"",""store_instance_sha256"":""95f85b19db76321fdab33c70bb05485617743f83e3c9c07ce9e365b03fd9b106"",""store_discriminator_sha256"":""f9ff8d30db2db1840ca1585b5598b1cf4d1d06ac2adb86a55b430669507fabff"",""tool_sha256"":""b38a65fc0c1a91e138f057f7b6c08d21c328463aceb40ffda53fc759f99d2f7a"",""java_runtime_sha256"":""bdd50c08a90e2fb713541b8a118df6250246a917edc41a6776aeafc90b472687"",""run_identity_sha256"":""97b5f9e70426ca1c8e1b67a4153e5592bbde36c08262852341cf4d50b0b0afb8""}"
53437ec4699b3ccdb544ea926ab1b26db45d27c5,graphdb,GraphDB (RDF4J) [engines.json profile],10M,O,O3,00,8600634422cefcb5ad7bc23d2acb693e5f8bf0686ad4714d2eba90a935b2f2b3,R,reification-only,ok,279,11.9,10.7,15.2,12.3,1.7,1,5,180.0,17443,0.0,,,,,158.948174,"[11.927, 10.651, 15.188, 11.807, 12.018]","[0.0, 0.0, 0.0, 0.0, 0.0]",,[],,[],,[],r9.2-frozen-identity-v7,408ff615691700c1cc400559bffa12900b0427c745e18c1d4c7aad214ccb757f,csv-binding-multiset-v1,279,7880dece2261e96e3430c284c33d4a9fbc61df6c75e26c67c5b68659b9c32c93,,,,,,,,d469fb81abed135738f704ddf57de41e98939ca5bbb2509a18a42b807368aa35,1dd1196abdf2d40865f5b4bc27acd5317de9ef00443776c930991278501566aa,84611d18787ae81d7e9fa8ea2c2cf2319e90db0620f009a8ca19b85486a57c7a,59fb59a04cd20e6dec9ee47cf1de02734068a3328cade998a3fc44a746054ea8,a42a308bd2c5294f3aa79a1a3b15804d4137fd68d7677d9adc037e257a217e76,reified,writable,exploratory-base,exploratory-reified,41997fb8640d9e765a0272879a63548eb9bd46bbf6e49da02b7c924e506b94f7,95f85b19db76321fdab33c70bb05485617743f83e3c9c07ce9e365b03fd9b106,f9ff8d30db2db1840ca1585b5598b1cf4d1d06ac2adb86a55b430669507fabff,b38a65fc0c1a91e138f057f7b6c08d21c328463aceb40ffda53fc759f99d2f7a,bdd50c08a90e2fb713541b8a118df6250246a917edc41a6776aeafc90b472687,97b5f9e70426ca1c8e1b67a4153e5592bbde36c08262852341cf4d50b0b0afb8,"pcm-meta-v2:{""protocol"":""r9.2-frozen-identity-v7"",""message"":"""",""cell_wall_ms"":243.738,""answer_kind"":""csv-binding-multiset-v1"",""answer_key_count"":279,""answer_fingerprint"":""7880dece2261e96e3430c284c33d4a9fbc61df6c75e26c67c5b68659b9c32c93"",""c_parse_samples"":[0.0,0.0,0.0,0.0,0.0],""c_protocol_samples"":[],""construct_total_samples"":[],""construct_unattributed_samples"":[],""status"":""ok"",""status_evidence"":null,""construction_requested"":null,""construction_effective"":null,""commit"":""53437ec4699b3ccdb544ea926ab1b26db45d27c5"",""batch_id"":""408ff615691700c1cc400559bffa12900b0427c745e18c1d4c7aad214ccb757f"",""query_sha256"":""8600634422cefcb5ad7bc23d2acb693e5f8bf0686ad4714d2eba90a935b2f2b3"",""engine"":""graphdb"",""engine_version"":""GraphDB (RDF4J) [engines.json profile]"",""scale"":""10M"",""base_endpoint_sha256"":""d469fb81abed135738f704ddf57de41e98939ca5bbb2509a18a42b807368aa35"",""reified_endpoint_sha256"":""1dd1196abdf2d40865f5b4bc27acd5317de9ef00443776c930991278501566aa"",""update_endpoint_sha256"":""84611d18787ae81d7e9fa8ea2c2cf2319e90db0620f009a8ca19b85486a57c7a"",""base_data_identity_sha256"":""59fb59a04cd20e6dec9ee47cf1de02734068a3328cade998a3fc44a746054ea8"",""reified_data_identity_sha256"":""a42a308bd2c5294f3aa79a1a3b15804d4137fd68d7677d9adc037e257a217e76"",""update_for"":""reified"",""access_mode"":""writable"",""base_data_name"":""exploratory-base"",""reified_data_name"":""exploratory-reified"",""update_canary_sha256"":""41997fb8640d9e765a0272879a63548eb9bd46bbf6e49da02b7c924e506b94f7"",""store_instance_sha256"":""95f85b19db76321fdab33c70bb05485617743f83e3c9c07ce9e365b03fd9b106"",""store_discriminator_sha256"":""f9ff8d30db2db1840ca1585b5598b1cf4d1d06ac2adb86a55b430669507fabff"",""tool_sha256"":""b38a65fc0c1a91e138f057f7b6c08d21c328463aceb40ffda53fc759f99d2f7a"",""java_runtime_sha256"":""bdd50c08a90e2fb713541b8a118df6250246a917edc41a6776aeafc90b472687"",""run_identity_sha256"":""97b5f9e70426ca1c8e1b67a4153e5592bbde36c08262852341cf4d50b0b0afb8""}"
53437ec4699b3ccdb544ea926ab1b26db45d27c5,graphdb,GraphDB (RDF4J) [engines.json profile],10M,O,O3,00,8600634422cefcb5ad7bc23d2acb693e5f8bf0686ad4714d2eba90a935b2f2b3,N,N_clean (NPCS reimplementation),ok,308,76.7,75.7,78.3,76.8,1.0,1,5,180.0,32957,0.0,,,,337,187.20492,"[75.686, 76.716, 76.077, 78.252, 77.146]","[0.0, 0.0, 0.0, 0.0, 0.0]",,[],,[],,[],r9.2-frozen-identity-v7,408ff615691700c1cc400559bffa12900b0427c745e18c1d4c7aad214ccb757f,csv-candidate-multiset-v1,308,fa5873490d84e3d1a6082f56d9664a6f4a4d8062dde851e0709969a7dd42d672,,,,,,,,d469fb81abed135738f704ddf57de41e98939ca5bbb2509a18a42b807368aa35,1dd1196abdf2d40865f5b4bc27acd5317de9ef00443776c930991278501566aa,84611d18787ae81d7e9fa8ea2c2cf2319e90db0620f009a8ca19b85486a57c7a,59fb59a04cd20e6dec9ee47cf1de02734068a3328cade998a3fc44a746054ea8,a42a308bd2c5294f3aa79a1a3b15804d4137fd68d7677d9adc037e257a217e76,reified,writable,exploratory-base,exploratory-reified,41997fb8640d9e765a0272879a63548eb9bd46bbf6e49da02b7c924e506b94f7,95f85b19db76321fdab33c70bb05485617743f83e3c9c07ce9e365b03fd9b106,f9ff8d30db2db1840ca1585b5598b1cf4d1d06ac2adb86a55b430669507fabff,b38a65fc0c1a91e138f057f7b6c08d21c328463aceb40ffda53fc759f99d2f7a,bdd50c08a90e2fb713541b8a118df6250246a917edc41a6776aeafc90b472687,97b5f9e70426ca1c8e1b67a4153e5592bbde36c08262852341cf4d50b0b0afb8,"pcm-meta-v2:{""protocol"":""r9.2-frozen-identity-v7"",""message"":"""",""cell_wall_ms"":657.808,""answer_kind"":""csv-candidate-multiset-v1"",""answer_key_count"":308,""answer_fingerprint"":""fa5873490d84e3d1a6082f56d9664a6f4a4d8062dde851e0709969a7dd42d672"",""c_parse_samples"":[0.0,0.0,0.0,0.0,0.0],""c_protocol_samples"":[],""construct_total_samples"":[],""construct_unattributed_samples"":[],""status"":""ok"",""status_evidence"":null,""construction_requested"":null,""construction_effective"":null,""commit"":""53437ec4699b3ccdb544ea926ab1b26db45d27c5"",""batch_id"":""408ff615691700c1cc400559bffa12900b0427c745e18c1d4c7aad214ccb757f"",""query_sha256"":""8600634422cefcb5ad7bc23d2acb693e5f8bf0686ad4714d2eba90a935b2f2b3"",""engine"":""graphdb"",""engine_version"":""GraphDB (RDF4J) [engines.json profile]"",""scale"":""10M"",""base_endpoint_sha256"":""d469fb81abed135738f704ddf57de41e98939ca5bbb2509a18a42b807368aa35"",""reified_endpoint_sha256"":""1dd1196abdf2d40865f5b4bc27acd5317de9ef00443776c930991278501566aa"",""update_endpoint_sha256"":""84611d18787ae81d7e9fa8ea2c2cf2319e90db0620f009a8ca19b85486a57c7a"",""base_data_identity_sha256"":""59fb59a04cd20e6dec9ee47cf1de02734068a3328cade998a3fc44a746054ea8"",""reified_data_identity_sha256"":""a42a308bd2c5294f3aa79a1a3b15804d4137fd68d7677d9adc037e257a217e76"",""update_for"":""reified"",""access_mode"":""writable"",""base_data_name"":""exploratory-base"",""reified_data_name"":""exploratory-reified"",""update_canary_sha256"":""41997fb8640d9e765a0272879a63548eb9bd46bbf6e49da02b7c924e506b94f7"",""store_instance_sha256"":""95f85b19db76321fdab33c70bb05485617743f83e3c9c07ce9e365b03fd9b106"",""store_discriminator_sha256"":""f9ff8d30db2db1840ca1585b5598b1cf4d1d06ac2adb86a55b430669507fabff"",""tool_sha256"":""b38a65fc0c1a91e138f057f7b6c08d21c328463aceb40ffda53fc759f99d2f7a"",""java_runtime_sha256"":""bdd50c08a90e2fb713541b8a118df6250246a917edc41a6776aeafc90b472687"",""run_identity_sha256"":""97b5f9e70426ca1c8e1b67a4153e5592bbde36c08262852341cf4d50b0b0afb8""}"
53437ec4699b3ccdb544ea926ab1b26db45d27c5,graphdb,GraphDB (RDF4J) [engines.json profile],10M,O,O3,00,8600634422cefcb5ad7bc23d2acb693e5f8bf0686ad4714d2eba90a935b2f2b3,C,SPARQLcirc CircuitRewriter,ok,308,8515.4,8475.1,8590.6,8523.5,44.3,1,5,180.0,2174111,187.8,6455,5955,2809,,367.242639,"[8515.38, 8497.413, 8590.627, 8475.097, 8539.122]","[180.832, 193.875, 189.118, 187.363, 187.751]",0.0,"[0.0, 0.0, 0.0, 0.0, 0.0]",8697.7,"[8697.708, 8692.696, 8780.904, 8663.588, 8728.161]",1.3,"[1.496, 1.407, 1.16, 1.128, 1.288]",r9.2-frozen-identity-v7,408ff615691700c1cc400559bffa12900b0427c745e18c1d4c7aad214ccb757f,term-aware-candidate-set-v1,308,b5382c0ac217ba247644850a4c04e6dfea3b80dc4cfcea4939d43b8d232d0a51,flat,flat,b12a1f9558dc8160b75414b0c7449abd37a9dd52c302f0b4868efb61aba31e6e,,,,,d469fb81abed135738f704ddf57de41e98939ca5bbb2509a18a42b807368aa35,1dd1196abdf2d40865f5b4bc27acd5317de9ef00443776c930991278501566aa,84611d18787ae81d7e9fa8ea2c2cf2319e90db0620f009a8ca19b85486a57c7a,59fb59a04cd20e6dec9ee47cf1de02734068a3328cade998a3fc44a746054ea8,a42a308bd2c5294f3aa79a1a3b15804d4137fd68d7677d9adc037e257a217e76,reified,writable,exploratory-base,exploratory-reified,41997fb8640d9e765a0272879a63548eb9bd46bbf6e49da02b7c924e506b94f7,95f85b19db76321fdab33c70bb05485617743f83e3c9c07ce9e365b03fd9b106,f9ff8d30db2db1840ca1585b5598b1cf4d1d06ac2adb86a55b430669507fabff,b38a65fc0c1a91e138f057f7b6c08d21c328463aceb40ffda53fc759f99d2f7a,bdd50c08a90e2fb713541b8a118df6250246a917edc41a6776aeafc90b472687,97b5f9e70426ca1c8e1b67a4153e5592bbde36c08262852341cf4d50b0b0afb8,"pcm-meta-v2:{""protocol"":""r9.2-frozen-identity-v7"",""message"":""C requested=flat effective=flat; steps=5 feedback=0; network includes CONSTRUCT, feedback INSERT, and cleanup DELETE"",""cell_wall_ms"":52639.648,""answer_kind"":""term-aware-candidate-set-v1"",""answer_key_count"":308,""answer_fingerprint"":""b5382c0ac217ba247644850a4c04e6dfea3b80dc4cfcea4939d43b8d232d0a51"",""c_parse_samples"":[180.832,193.875,189.118,187.363,187.751],""c_protocol_samples"":[{""requested_mode"":""flat"",""effective_mode"":""flat"",""fallback_reason"":null,""plan_steps"":5,""feedback_steps"":0,""feedback_triples"":0,""construct_query_ms"":8515.38,""feedback_update_ms"":0.0,""cleanup_ms"":0.0,""client_protocol_ms"":0.0,""network_scope"":""construct+feedback+cleanup"",""circuit_sha256"":""b12a1f9558dc8160b75414b0c7449abd37a9dd52c302f0b4868efb61aba31e6e"",""answer_fingerprint"":""b5382c0ac217ba247644850a4c04e6dfea3b80dc4cfcea4939d43b8d232d0a51"",""semantic_signature_sha256"":""a59144d489e6b592f6b7186469bda765b34bd03aa4d0490fc0e421460109b5fb"",""structure_signature"":{""gates"":6455,""edges"":5955,""answers"":308,""derivations"":2809,""canonical_bytes"":2174111},""construct_total_ms"":8697.708,""client_unattributed_ms"":1.496},{""requested_mode"":""flat"",""effective_mode"":""flat"",""fallback_reason"":null,""plan_steps"":5,""feedback_steps"":0,""feedback_triples"":0,""construct_query_ms"":8497.413,""feedback_update_ms"":0.0,""cleanup_ms"":0.0,""client_protocol_ms"":0.0,""network_scope"":""construct+feedback+cleanup"",""circuit_sha256"":""b12a1f9558dc8160b75414b0c7449abd37a9dd52c302f0b4868efb61aba31e6e"",""answer_fingerprint"":""b5382c0ac217ba247644850a4c04e6dfea3b80dc4cfcea4939d43b8d232d0a51"",""semantic_signature_sha256"":""a59144d489e6b592f6b7186469bda765b34bd03aa4d0490fc0e421460109b5fb"",""structure_signature"":{""gates"":6455,""edges"":5955,""answers"":308,""derivations"":2809,""canonical_bytes"":2174111},""construct_total_ms"":8692.696,""client_unattributed_ms"":1.407},{""requested_mode"":""flat"",""effective_mode"":""flat"",""fallback_reason"":null,""plan_steps"":5,""feedback_steps"":0,""feedback_triples"":0,""construct_query_ms"":8590.627,""feedback_update_ms"":0.0,""cleanup_ms"":0.0,""client_protocol_ms"":0.0,""network_scope"":""construct+feedback+cleanup"",""circuit_sha256"":""b12a1f9558dc8160b75414b0c7449abd37a9dd52c302f0b4868efb61aba31e6e"",""answer_fingerprint"":""b5382c0ac217ba247644850a4c04e6dfea3b80dc4cfcea4939d43b8d232d0a51"",""semantic_signature_sha256"":""a59144d489e6b592f6b7186469bda765b34bd03aa4d0490fc0e421460109b5fb"",""structure_signature"":{""gates"":6455,""edges"":5955,""answers"":308,""derivations"":2809,""canonical_bytes"":2174111},""construct_total_ms"":8780.904,""client_unattributed_ms"":1.16},{""requested_mode"":""flat"",""effective_mode"":""flat"",""fallback_reason"":null,""plan_steps"":5,""feedback_steps"":0,""feedback_triples"":0,""construct_query_ms"":8475.097,""feedback_update_ms"":0.0,""cleanup_ms"":0.0,""client_protocol_ms"":0.0,""network_scope"":""construct+feedback+cleanup"",""circuit_sha256"":""b12a1f9558dc8160b75414b0c7449abd37a9dd52c302f0b4868efb61aba31e6e"",""answer_fingerprint"":""b5382c0ac217ba247644850a4c04e6dfea3b80dc4cfcea4939d43b8d232d0a51"",""semantic_signature_sha256"":""a59144d489e6b592f6b7186469bda765b34bd03aa4d0490fc0e421460109b5fb"",""structure_signature"":{""gates"":6455,""edges"":5955,""answers"":308,""derivations"":2809,""canonical_bytes"":2174111},""construct_total_ms"":8663.588,""client_unattributed_ms"":1.128},{""requested_mode"":""flat"",""effective_mode"":""flat"",""fallback_reason"":null,""plan_steps"":5,""feedback_steps"":0,""feedback_triples"":0,""construct_query_ms"":8539.122,""feedback_update_ms"":0.0,""cleanup_ms"":0.0,""client_protocol_ms"":0.0,""network_scope"":""construct+feedback+cleanup"",""circuit_sha256"":""b12a1f9558dc8160b75414b0c7449abd37a9dd52c302f0b4868efb61aba31e6e"",""answer_fingerprint"":""b5382c0ac217ba247644850a4c04e6dfea3b80dc4cfcea4939d43b8d232d0a51"",""semantic_signature_sha256"":""a59144d489e6b592f6b7186469bda765b34bd03aa4d0490fc0e421460109b5fb"",""structure_signature"":{""gates"":6455,""edges"":5955,""answers"":308,""derivations"":2809,""canonical_bytes"":2174111},""construct_total_ms"":8728.161,""client_unattributed_ms"":1.288}],""construct_total_samples"":[8697.708,8692.696,8780.904,8663.588,8728.161],""construct_unattributed_samples"":[1.496,1.407,1.16,1.128,1.288],""status"":""ok"",""status_evidence"":null,""c_warmup_signatures"":[""a59144d489e6b592f6b7186469bda765b34bd03aa4d0490fc0e421460109b5fb""],""measured_semantic_signature_sha256"":""a59144d489e6b592f6b7186469bda765b34bd03aa4d0490fc0e421460109b5fb"",""measured_repetitions_consistent"":true,""endpoint_lock"":{""wait_ms"":0.007,""lock_path"":""/tmp/sparqlcirc-r9-endpoint-locks-v7/95f85b19db76321fdab33c70bb05485617743f83e3c9c07ce9e365b03fd9b106.lock""},""construction_requested"":""flat"",""construction_effective"":""flat"",""commit"":""53437ec4699b3ccdb544ea926ab1b26db45d27c5"",""batch_id"":""408ff615691700c1cc400559bffa12900b0427c745e18c1d4c7aad214ccb757f"",""query_sha256"":""8600634422cefcb5ad7bc23d2acb693e5f8bf0686ad4714d2eba90a935b2f2b3"",""engine"":""graphdb"",""engine_version"":""GraphDB (RDF4J) [engines.json profile]"",""scale"":""10M"",""base_endpoint_sha256"":""d469fb81abed135738f704ddf57de41e98939ca5bbb2509a18a42b807368aa35"",""reified_endpoint_sha256"":""1dd1196abdf2d40865f5b4bc27acd5317de9ef00443776c930991278501566aa"",""update_endpoint_sha256"":""84611d18787ae81d7e9fa8ea2c2cf2319e90db0620f009a8ca19b85486a57c7a"",""base_data_identity_sha256"":""59fb59a04cd20e6dec9ee47cf1de02734068a3328cade998a3fc44a746054ea8"",""reified_data_identity_sha256"":""a42a308bd2c5294f3aa79a1a3b15804d4137fd68d7677d9adc037e257a217e76"",""update_for"":""reified"",""access_mode"":""writable"",""base_data_name"":""exploratory-base"",""reified_data_name"":""exploratory-reified"",""update_canary_sha256"":""41997fb8640d9e765a0272879a63548eb9bd46bbf6e49da02b7c924e506b94f7"",""store_instance_sha256"":""95f85b19db76321fdab33c70bb05485617743f83e3c9c07ce9e365b03fd9b106"",""store_discriminator_sha256"":""f9ff8d30db2db1840ca1585b5598b1cf4d1d06ac2adb86a55b430669507fabff"",""tool_sha256"":""b38a65fc0c1a91e138f057f7b6c08d21c328463aceb40ffda53fc759f99d2f7a"",""java_runtime_sha256"":""bdd50c08a90e2fb713541b8a118df6250246a917edc41a6776aeafc90b472687"",""run_identity_sha256"":""97b5f9e70426ca1c8e1b67a4153e5592bbde36c08262852341cf4d50b0b0afb8""}"
53437ec4699b3ccdb544ea926ab1b26db45d27c5,graphdb,GraphDB (RDF4J) [engines.json profile],10M,O,O4,00,c2e7f8e7377b1ac6cc1c202c8233c4b4c10a2b85eae74cbb49844b3515dd26f8,B,base-select,ok,745,5.7,5.2,6.8,6.0,0.7,1,5,180.0,74031,0.0,,,,,0.00723,"[5.688, 6.845, 6.741, 5.651, 5.208]","[0.0, 0.0, 0.0, 0.0, 0.0]",,[],,[],,[],r9.2-frozen-identity-v7,408ff615691700c1cc400559bffa12900b0427c745e18c1d4c7aad214ccb757f,csv-binding-multiset-v1,745,fce447a070e39d37f39f8ba3851e8b7b141da1f620d14152c0f3dea700cb0aa9,,,,,,,,d469fb81abed135738f704ddf57de41e98939ca5bbb2509a18a42b807368aa35,1dd1196abdf2d40865f5b4bc27acd5317de9ef00443776c930991278501566aa,84611d18787ae81d7e9fa8ea2c2cf2319e90db0620f009a8ca19b85486a57c7a,59fb59a04cd20e6dec9ee47cf1de02734068a3328cade998a3fc44a746054ea8,a42a308bd2c5294f3aa79a1a3b15804d4137fd68d7677d9adc037e257a217e76,reified,writable,exploratory-base,exploratory-reified,41997fb8640d9e765a0272879a63548eb9bd46bbf6e49da02b7c924e506b94f7,95f85b19db76321fdab33c70bb05485617743f83e3c9c07ce9e365b03fd9b106,f9ff8d30db2db1840ca1585b5598b1cf4d1d06ac2adb86a55b430669507fabff,b38a65fc0c1a91e138f057f7b6c08d21c328463aceb40ffda53fc759f99d2f7a,bdd50c08a90e2fb713541b8a118df6250246a917edc41a6776aeafc90b472687,00275e5d96277fde7d5ac7bfcd9270a2063c98a70874f0346a0a503d44e604a4,"pcm-meta-v2:{""protocol"":""r9.2-frozen-identity-v7"",""message"":"""",""cell_wall_ms"":97.033,""answer_kind"":""csv-binding-multiset-v1"",""answer_key_count"":745,""answer_fingerprint"":""fce447a070e39d37f39f8ba3851e8b7b141da1f620d14152c0f3dea700cb0aa9"",""c_parse_samples"":[0.0,0.0,0.0,0.0,0.0],""c_protocol_samples"":[],""construct_total_samples"":[],""construct_unattributed_samples"":[],""status"":""ok"",""status_evidence"":null,""construction_requested"":null,""construction_effective"":null,""commit"":""53437ec4699b3ccdb544ea926ab1b26db45d27c5"",""batch_id"":""408ff615691700c1cc400559bffa12900b0427c745e18c1d4c7aad214ccb757f"",""query_sha256"":""c2e7f8e7377b1ac6cc1c202c8233c4b4c10a2b85eae74cbb49844b3515dd26f8"",""engine"":""graphdb"",""engine_version"":""GraphDB (RDF4J) [engines.json profile]"",""scale"":""10M"",""base_endpoint_sha256"":""d469fb81abed135738f704ddf57de41e98939ca5bbb2509a18a42b807368aa35"",""reified_endpoint_sha256"":""1dd1196abdf2d40865f5b4bc27acd5317de9ef00443776c930991278501566aa"",""update_endpoint_sha256"":""84611d18787ae81d7e9fa8ea2c2cf2319e90db0620f009a8ca19b85486a57c7a"",""base_data_identity_sha256"":""59fb59a04cd20e6dec9ee47cf1de02734068a3328cade998a3fc44a746054ea8"",""reified_data_identity_sha256"":""a42a308bd2c5294f3aa79a1a3b15804d4137fd68d7677d9adc037e257a217e76"",""update_for"":""reified"",""access_mode"":""writable"",""base_data_name"":""exploratory-base"",""reified_data_name"":""exploratory-reified"",""update_canary_sha256"":""41997fb8640d9e765a0272879a63548eb9bd46bbf6e49da02b7c924e506b94f7"",""store_instance_sha256"":""95f85b19db76321fdab33c70bb05485617743f83e3c9c07ce9e365b03fd9b106"",""store_discriminator_sha256"":""f9ff8d30db2db1840ca1585b5598b1cf4d1d06ac2adb86a55b430669507fabff"",""tool_sha256"":""b38a65fc0c1a91e138f057f7b6c08d21c328463aceb40ffda53fc759f99d2f7a"",""java_runtime_sha256"":""bdd50c08a90e2fb713541b8a118df6250246a917edc41a6776aeafc90b472687"",""run_identity_sha256"":""00275e5d96277fde7d5ac7bfcd9270a2063c98a70874f0346a0a503d44e604a4""}"
53437ec4699b3ccdb544ea926ab1b26db45d27c5,graphdb,GraphDB (RDF4J) [engines.json profile],10M,O,O4,00,c2e7f8e7377b1ac6cc1c202c8233c4b4c10a2b85eae74cbb49844b3515dd26f8,R,reification-only,ok,745,74.2,72.9,74.5,73.9,0.6,1,5,180.0,74031,0.0,,,,,130.623167,"[74.204, 72.862, 73.737, 74.491, 74.169]","[0.0, 0.0, 0.0, 0.0, 0.0]",,[],,[],,[],r9.2-frozen-identity-v7,408ff615691700c1cc400559bffa12900b0427c745e18c1d4c7aad214ccb757f,csv-binding-multiset-v1,745,fce447a070e39d37f39f8ba3851e8b7b141da1f620d14152c0f3dea700cb0aa9,,,,,,,,d469fb81abed135738f704ddf57de41e98939ca5bbb2509a18a42b807368aa35,1dd1196abdf2d40865f5b4bc27acd5317de9ef00443776c930991278501566aa,84611d18787ae81d7e9fa8ea2c2cf2319e90db0620f009a8ca19b85486a57c7a,59fb59a04cd20e6dec9ee47cf1de02734068a3328cade998a3fc44a746054ea8,a42a308bd2c5294f3aa79a1a3b15804d4137fd68d7677d9adc037e257a217e76,reified,writable,exploratory-base,exploratory-reified,41997fb8640d9e765a0272879a63548eb9bd46bbf6e49da02b7c924e506b94f7,95f85b19db76321fdab33c70bb05485617743f83e3c9c07ce9e365b03fd9b106,f9ff8d30db2db1840ca1585b5598b1cf4d1d06ac2adb86a55b430669507fabff,b38a65fc0c1a91e138f057f7b6c08d21c328463aceb40ffda53fc759f99d2f7a,bdd50c08a90e2fb713541b8a118df6250246a917edc41a6776aeafc90b472687,00275e5d96277fde7d5ac7bfcd9270a2063c98a70874f0346a0a503d44e604a4,"pcm-meta-v2:{""protocol"":""r9.2-frozen-identity-v7"",""message"":"""",""cell_wall_ms"":589.572,""answer_kind"":""csv-binding-multiset-v1"",""answer_key_count"":745,""answer_fingerprint"":""fce447a070e39d37f39f8ba3851e8b7b141da1f620d14152c0f3dea700cb0aa9"",""c_parse_samples"":[0.0,0.0,0.0,0.0,0.0],""c_protocol_samples"":[],""construct_total_samples"":[],""construct_unattributed_samples"":[],""status"":""ok"",""status_evidence"":null,""construction_requested"":null,""construction_effective"":null,""commit"":""53437ec4699b3ccdb544ea926ab1b26db45d27c5"",""batch_id"":""408ff615691700c1cc400559bffa12900b0427c745e18c1d4c7aad214ccb757f"",""query_sha256"":""c2e7f8e7377b1ac6cc1c202c8233c4b4c10a2b85eae74cbb49844b3515dd26f8"",""engine"":""graphdb"",""engine_version"":""GraphDB (RDF4J) [engines.json profile]"",""scale"":""10M"",""base_endpoint_sha256"":""d469fb81abed135738f704ddf57de41e98939ca5bbb2509a18a42b807368aa35"",""reified_endpoint_sha256"":""1dd1196abdf2d40865f5b4bc27acd5317de9ef00443776c930991278501566aa"",""update_endpoint_sha256"":""84611d18787ae81d7e9fa8ea2c2cf2319e90db0620f009a8ca19b85486a57c7a"",""base_data_identity_sha256"":""59fb59a04cd20e6dec9ee47cf1de02734068a3328cade998a3fc44a746054ea8"",""reified_data_identity_sha256"":""a42a308bd2c5294f3aa79a1a3b15804d4137fd68d7677d9adc037e257a217e76"",""update_for"":""reified"",""access_mode"":""writable"",""base_data_name"":""exploratory-base"",""reified_data_name"":""exploratory-reified"",""update_canary_sha256"":""41997fb8640d9e765a0272879a63548eb9bd46bbf6e49da02b7c924e506b94f7"",""store_instance_sha256"":""95f85b19db76321fdab33c70bb05485617743f83e3c9c07ce9e365b03fd9b106"",""store_discriminator_sha256"":""f9ff8d30db2db1840ca1585b5598b1cf4d1d06ac2adb86a55b430669507fabff"",""tool_sha256"":""b38a65fc0c1a91e138f057f7b6c08d21c328463aceb40ffda53fc759f99d2f7a"",""java_runtime_sha256"":""bdd50c08a90e2fb713541b8a118df6250246a917edc41a6776aeafc90b472687"",""run_identity_sha256"":""00275e5d96277fde7d5ac7bfcd9270a2063c98a70874f0346a0a503d44e604a4""}"
53437ec4699b3ccdb544ea926ab1b26db45d27c5,graphdb,GraphDB (RDF4J) [engines.json profile],10M,O,O4,00,c2e7f8e7377b1ac6cc1c202c8233c4b4c10a2b85eae74cbb49844b3515dd26f8,N,N_clean (NPCS reimplementation),ok,783,522.9,520.2,527.7,523.4,2.8,1,5,180.0,119377,0.0,,,,821,183.306833,"[524.272, 522.098, 520.167, 527.707, 522.935]","[0.0, 0.0, 0.0, 0.0, 0.0]",,[],,[],,[],r9.2-frozen-identity-v7,408ff615691700c1cc400559bffa12900b0427c745e18c1d4c7aad214ccb757f,csv-candidate-multiset-v1,783,14c554102289d1c609eff9ab614ddf661a2e935c56e30f96ae606b4ad640dfaf,,,,,,,,d469fb81abed135738f704ddf57de41e98939ca5bbb2509a18a42b807368aa35,1dd1196abdf2d40865f5b4bc27acd5317de9ef00443776c930991278501566aa,84611d18787ae81d7e9fa8ea2c2cf2319e90db0620f009a8ca19b85486a57c7a,59fb59a04cd20e6dec9ee47cf1de02734068a3328cade998a3fc44a746054ea8,a42a308bd2c5294f3aa79a1a3b15804d4137fd68d7677d9adc037e257a217e76,reified,writable,exploratory-base,exploratory-reified,41997fb8640d9e765a0272879a63548eb9bd46bbf6e49da02b7c924e506b94f7,95f85b19db76321fdab33c70bb05485617743f83e3c9c07ce9e365b03fd9b106,f9ff8d30db2db1840ca1585b5598b1cf4d1d06ac2adb86a55b430669507fabff,b38a65fc0c1a91e138f057f7b6c08d21c328463aceb40ffda53fc759f99d2f7a,bdd50c08a90e2fb713541b8a118df6250246a917edc41a6776aeafc90b472687,00275e5d96277fde7d5ac7bfcd9270a2063c98a70874f0346a0a503d44e604a4,"pcm-meta-v2:{""protocol"":""r9.2-frozen-identity-v7"",""message"":"""",""cell_wall_ms"":3342.745,""answer_kind"":""csv-candidate-multiset-v1"",""answer_key_count"":783,""answer_fingerprint"":""14c554102289d1c609eff9ab614ddf661a2e935c56e30f96ae606b4ad640dfaf"",""c_parse_samples"":[0.0,0.0,0.0,0.0,0.0],""c_protocol_samples"":[],""construct_total_samples"":[],""construct_unattributed_samples"":[],""status"":""ok"",""status_evidence"":null,""construction_requested"":null,""construction_effective"":null,""commit"":""53437ec4699b3ccdb544ea926ab1b26db45d27c5"",""batch_id"":""408ff615691700c1cc400559bffa12900b0427c745e18c1d4c7aad214ccb757f"",""query_sha256"":""c2e7f8e7377b1ac6cc1c202c8233c4b4c10a2b85eae74cbb49844b3515dd26f8"",""engine"":""graphdb"",""engine_version"":""GraphDB (RDF4J) [engines.json profile]"",""scale"":""10M"",""base_endpoint_sha256"":""d469fb81abed135738f704ddf57de41e98939ca5bbb2509a18a42b807368aa35"",""reified_endpoint_sha256"":""1dd1196abdf2d40865f5b4bc27acd5317de9ef00443776c930991278501566aa"",""update_endpoint_sha256"":""84611d18787ae81d7e9fa8ea2c2cf2319e90db0620f009a8ca19b85486a57c7a"",""base_data_identity_sha256"":""59fb59a04cd20e6dec9ee47cf1de02734068a3328cade998a3fc44a746054ea8"",""reified_data_identity_sha256"":""a42a308bd2c5294f3aa79a1a3b15804d4137fd68d7677d9adc037e257a217e76"",""update_for"":""reified"",""access_mode"":""writable"",""base_data_name"":""exploratory-base"",""reified_data_name"":""exploratory-reified"",""update_canary_sha256"":""41997fb8640d9e765a0272879a63548eb9bd46bbf6e49da02b7c924e506b94f7"",""store_instance_sha256"":""95f85b19db76321fdab33c70bb05485617743f83e3c9c07ce9e365b03fd9b106"",""store_discriminator_sha256"":""f9ff8d30db2db1840ca1585b5598b1cf4d1d06ac2adb86a55b430669507fabff"",""tool_sha256"":""b38a65fc0c1a91e138f057f7b6c08d21c328463aceb40ffda53fc759f99d2f7a"",""java_runtime_sha256"":""bdd50c08a90e2fb713541b8a118df6250246a917edc41a6776aeafc90b472687"",""run_identity_sha256"":""00275e5d96277fde7d5ac7bfcd9270a2063c98a70874f0346a0a503d44e604a4""}"
53437ec4699b3ccdb544ea926ab1b26db45d27c5,graphdb,GraphDB (RDF4J) [engines.json profile],10M,O,O4,00,c2e7f8e7377b1ac6cc1c202c8233c4b4c10a2b85eae74cbb49844b3515dd26f8,C,SPARQLcirc CircuitRewriter,ok,783,10905.0,10873.0,10934.9,10902.9,28.3,1,5,180.0,5215425,452.6,13817,13186,5791,,382.848859,"[10925.923, 10873.002, 10934.944, 10875.607, 10905.031]","[451.398, 466.866, 452.603, 464.715, 446.763]",0.0,"[0.0, 0.0, 0.0, 0.0, 0.0]",11355.5,"[11381.501, 11343.759, 11390.871, 11344.535, 11355.496]",3.9,"[4.18, 3.89, 3.324, 4.213, 3.701]",r9.2-frozen-identity-v7,408ff615691700c1cc400559bffa12900b0427c745e18c1d4c7aad214ccb757f,term-aware-candidate-set-v1,783,055881427d72f18507a625faf0af144a6c347b14f9b3168c80ead7858ab1c7b2,flat,flat,8090dc7bae628c9f1c23cb15dc219ac271ad6e6ea128dbf591626d5ff264c061,,,,,d469fb81abed135738f704ddf57de41e98939ca5bbb2509a18a42b807368aa35,1dd1196abdf2d40865f5b4bc27acd5317de9ef00443776c930991278501566aa,84611d18787ae81d7e9fa8ea2c2cf2319e90db0620f009a8ca19b85486a57c7a,59fb59a04cd20e6dec9ee47cf1de02734068a3328cade998a3fc44a746054ea8,a42a308bd2c5294f3aa79a1a3b15804d4137fd68d7677d9adc037e257a217e76,reified,writable,exploratory-base,exploratory-reified,41997fb8640d9e765a0272879a63548eb9bd46bbf6e49da02b7c924e506b94f7,95f85b19db76321fdab33c70bb05485617743f83e3c9c07ce9e365b03fd9b106,f9ff8d30db2db1840ca1585b5598b1cf4d1d06ac2adb86a55b430669507fabff,b38a65fc0c1a91e138f057f7b6c08d21c328463aceb40ffda53fc759f99d2f7a,bdd50c08a90e2fb713541b8a118df6250246a917edc41a6776aeafc90b472687,00275e5d96277fde7d5ac7bfcd9270a2063c98a70874f0346a0a503d44e604a4,"pcm-meta-v2:{""protocol"":""r9.2-frozen-identity-v7"",""message"":""C requested=flat effective=flat; steps=5 feedback=0; network includes CONSTRUCT, feedback INSERT, and cleanup DELETE"",""cell_wall_ms"":68597.668,""answer_kind"":""term-aware-candidate-set-v1"",""answer_key_count"":783,""answer_fingerprint"":""055881427d72f18507a625faf0af144a6c347b14f9b3168c80ead7858ab1c7b2"",""c_parse_samples"":[451.398,466.866,452.603,464.715,446.763],""c_protocol_samples"":[{""requested_mode"":""flat"",""effective_mode"":""flat"",""fallback_reason"":null,""plan_steps"":5,""feedback_steps"":0,""feedback_triples"":0,""construct_query_ms"":10925.923,""feedback_update_ms"":0.0,""cleanup_ms"":0.0,""client_protocol_ms"":0.0,""network_scope"":""construct+feedback+cleanup"",""circuit_sha256"":""8090dc7bae628c9f1c23cb15dc219ac271ad6e6ea128dbf591626d5ff264c061"",""answer_fingerprint"":""055881427d72f18507a625faf0af144a6c347b14f9b3168c80ead7858ab1c7b2"",""semantic_signature_sha256"":""8a78f8a68e86b513c188c2ea6bf2d6e9da94bc703ff7f6f425a7c56a939d3130"",""structure_signature"":{""gates"":13817,""edges"":13186,""answers"":783,""derivations"":5791,""canonical_bytes"":5215425},""construct_total_ms"":11381.501,""client_unattributed_ms"":4.18},{""requested_mode"":""flat"",""effective_mode"":""flat"",""fallback_reason"":null,""plan_steps"":5,""feedback_steps"":0,""feedback_triples"":0,""construct_query_ms"":10873.002,""feedback_update_ms"":0.0,""cleanup_ms"":0.0,""client_protocol_ms"":0.0,""network_scope"":""construct+feedback+cleanup"",""circuit_sha256"":""8090dc7bae628c9f1c23cb15dc219ac271ad6e6ea128dbf591626d5ff264c061"",""answer_fingerprint"":""055881427d72f18507a625faf0af144a6c347b14f9b3168c80ead7858ab1c7b2"",""semantic_signature_sha256"":""8a78f8a68e86b513c188c2ea6bf2d6e9da94bc703ff7f6f425a7c56a939d3130"",""structure_signature"":{""gates"":13817,""edges"":13186,""answers"":783,""derivations"":5791,""canonical_bytes"":5215425},""construct_total_ms"":11343.759,""client_unattributed_ms"":3.89},{""requested_mode"":""flat"",""effective_mode"":""flat"",""fallback_reason"":null,""plan_steps"":5,""feedback_steps"":0,""feedback_triples"":0,""construct_query_ms"":10934.944,""feedback_update_ms"":0.0,""cleanup_ms"":0.0,""client_protocol_ms"":0.0,""network_scope"":""construct+feedback+cleanup"",""circuit_sha256"":""8090dc7bae628c9f1c23cb15dc219ac271ad6e6ea128dbf591626d5ff264c061"",""answer_fingerprint"":""055881427d72f18507a625faf0af144a6c347b14f9b3168c80ead7858ab1c7b2"",""semantic_signature_sha256"":""8a78f8a68e86b513c188c2ea6bf2d6e9da94bc703ff7f6f425a7c56a939d3130"",""structure_signature"":{""gates"":13817,""edges"":13186,""answers"":783,""derivations"":5791,""canonical_bytes"":5215425},""construct_total_ms"":11390.871,""client_unattributed_ms"":3.324},{""requested_mode"":""flat"",""effective_mode"":""flat"",""fallback_reason"":null,""plan_steps"":5,""feedback_steps"":0,""feedback_triples"":0,""construct_query_ms"":10875.607,""feedback_update_ms"":0.0,""cleanup_ms"":0.0,""client_protocol_ms"":0.0,""network_scope"":""construct+feedback+cleanup"",""circuit_sha256"":""8090dc7bae628c9f1c23cb15dc219ac271ad6e6ea128dbf591626d5ff264c061"",""answer_fingerprint"":""055881427d72f18507a625faf0af144a6c347b14f9b3168c80ead7858ab1c7b2"",""semantic_signature_sha256"":""8a78f8a68e86b513c188c2ea6bf2d6e9da94bc703ff7f6f425a7c56a939d3130"",""structure_signature"":{""gates"":13817,""edges"":13186,""answers"":783,""derivations"":5791,""canonical_bytes"":5215425},""construct_total_ms"":11344.535,""client_unattributed_ms"":4.213},{""requested_mode"":""flat"",""effective_mode"":""flat"",""fallback_reason"":null,""plan_steps"":5,""feedback_steps"":0,""feedback_triples"":0,""construct_query_ms"":10905.031,""feedback_update_ms"":0.0,""cleanup_ms"":0.0,""client_protocol_ms"":0.0,""network_scope"":""construct+feedback+cleanup"",""circuit_sha256"":""8090dc7bae628c9f1c23cb15dc219ac271ad6e6ea128dbf591626d5ff264c061"",""answer_fingerprint"":""055881427d72f18507a625faf0af144a6c347b14f9b3168c80ead7858ab1c7b2"",""semantic_signature_sha256"":""8a78f8a68e86b513c188c2ea6bf2d6e9da94bc703ff7f6f425a7c56a939d3130"",""structure_signature"":{""gates"":13817,""edges"":13186,""answers"":783,""derivations"":5791,""canonical_bytes"":5215425},""construct_total_ms"":11355.496,""client_unattributed_ms"":3.701}],""construct_total_samples"":[11381.501,11343.759,11390.871,11344.535,11355.496],""construct_unattributed_samples"":[4.18,3.89,3.324,4.213,3.701],""status"":""ok"",""status_evidence"":null,""c_warmup_signatures"":[""8a78f8a68e86b513c188c2ea6bf2d6e9da94bc703ff7f6f425a7c56a939d3130""],""measured_semantic_signature_sha256"":""8a78f8a68e86b513c188c2ea6bf2d6e9da94bc703ff7f6f425a7c56a939d3130"",""measured_repetitions_consistent"":true,""endpoint_lock"":{""wait_ms"":0.006,""lock_path"":""/tmp/sparqlcirc-r9-endpoint-locks-v7/95f85b19db76321fdab33c70bb05485617743f83e3c9c07ce9e365b03fd9b106.lock""},""construction_requested"":""flat"",""construction_effective"":""flat"",""commit"":""53437ec4699b3ccdb544ea926ab1b26db45d27c5"",""batch_id"":""408ff615691700c1cc400559bffa12900b0427c745e18c1d4c7aad214ccb757f"",""query_sha256"":""c2e7f8e7377b1ac6cc1c202c8233c4b4c10a2b85eae74cbb49844b3515dd26f8"",""engine"":""graphdb"",""engine_version"":""GraphDB (RDF4J) [engines.json profile]"",""scale"":""10M"",""base_endpoint_sha256"":""d469fb81abed135738f704ddf57de41e98939ca5bbb2509a18a42b807368aa35"",""reified_endpoint_sha256"":""1dd1196abdf2d40865f5b4bc27acd5317de9ef00443776c930991278501566aa"",""update_endpoint_sha256"":""84611d18787ae81d7e9fa8ea2c2cf2319e90db0620f009a8ca19b85486a57c7a"",""base_data_identity_sha256"":""59fb59a04cd20e6dec9ee47cf1de02734068a3328cade998a3fc44a746054ea8"",""reified_data_identity_sha256"":""a42a308bd2c5294f3aa79a1a3b15804d4137fd68d7677d9adc037e257a217e76"",""update_for"":""reified"",""access_mode"":""writable"",""base_data_name"":""exploratory-base"",""reified_data_name"":""exploratory-reified"",""update_canary_sha256"":""41997fb8640d9e765a0272879a63548eb9bd46bbf6e49da02b7c924e506b94f7"",""store_instance_sha256"":""95f85b19db76321fdab33c70bb05485617743f83e3c9c07ce9e365b03fd9b106"",""store_discriminator_sha256"":""f9ff8d30db2db1840ca1585b5598b1cf4d1d06ac2adb86a55b430669507fabff"",""tool_sha256"":""b38a65fc0c1a91e138f057f7b6c08d21c328463aceb40ffda53fc759f99d2f7a"",""java_runtime_sha256"":""bdd50c08a90e2fb713541b8a118df6250246a917edc41a6776aeafc90b472687"",""run_identity_sha256"":""00275e5d96277fde7d5ac7bfcd9270a2063c98a70874f0346a0a503d44e604a4""}"
53437ec4699b3ccdb544ea926ab1b26db45d27c5,graphdb,GraphDB (RDF4J) [engines.json profile],10M,O,O5,00,ec9af3cffe6976bcc27a5ca3ba0732c80fe7716160af6d25aa1d6b447b6300e2,B,base-select,ok,58,2.9,1.7,3.6,2.7,0.8,1,5,180.0,2730,0.0,,,,,0.006991,"[3.602, 2.23, 1.7, 2.868, 3.307]","[0.0, 0.0, 0.0, 0.0, 0.0]",,[],,[],,[],r9.2-frozen-identity-v7,408ff615691700c1cc400559bffa12900b0427c745e18c1d4c7aad214ccb757f,csv-binding-multiset-v1,58,0656b02ea3161a0769fdca0fae073bd01d29a27659284c2a2b1ba206490de2c5,,,,,,,,d469fb81abed135738f704ddf57de41e98939ca5bbb2509a18a42b807368aa35,1dd1196abdf2d40865f5b4bc27acd5317de9ef00443776c930991278501566aa,84611d18787ae81d7e9fa8ea2c2cf2319e90db0620f009a8ca19b85486a57c7a,59fb59a04cd20e6dec9ee47cf1de02734068a3328cade998a3fc44a746054ea8,a42a308bd2c5294f3aa79a1a3b15804d4137fd68d7677d9adc037e257a217e76,reified,writable,exploratory-base,exploratory-reified,41997fb8640d9e765a0272879a63548eb9bd46bbf6e49da02b7c924e506b94f7,95f85b19db76321fdab33c70bb05485617743f83e3c9c07ce9e365b03fd9b106,f9ff8d30db2db1840ca1585b5598b1cf4d1d06ac2adb86a55b430669507fabff,b38a65fc0c1a91e138f057f7b6c08d21c328463aceb40ffda53fc759f99d2f7a,bdd50c08a90e2fb713541b8a118df6250246a917edc41a6776aeafc90b472687,7b5765c92958a97472f15ca9844334ba9d52c25c73e0645832c54246671a0990,"pcm-meta-v2:{""protocol"":""r9.2-frozen-identity-v7"",""message"":"""",""cell_wall_ms"":24.789,""answer_kind"":""csv-binding-multiset-v1"",""answer_key_count"":58,""answer_fingerprint"":""0656b02ea3161a0769fdca0fae073bd01d29a27659284c2a2b1ba206490de2c5"",""c_parse_samples"":[0.0,0.0,0.0,0.0,0.0],""c_protocol_samples"":[],""construct_total_samples"":[],""construct_unattributed_samples"":[],""status"":""ok"",""status_evidence"":null,""construction_requested"":null,""construction_effective"":null,""commit"":""53437ec4699b3ccdb544ea926ab1b26db45d27c5"",""batch_id"":""408ff615691700c1cc400559bffa12900b0427c745e18c1d4c7aad214ccb757f"",""query_sha256"":""ec9af3cffe6976bcc27a5ca3ba0732c80fe7716160af6d25aa1d6b447b6300e2"",""engine"":""graphdb"",""engine_version"":""GraphDB (RDF4J) [engines.json profile]"",""scale"":""10M"",""base_endpoint_sha256"":""d469fb81abed135738f704ddf57de41e98939ca5bbb2509a18a42b807368aa35"",""reified_endpoint_sha256"":""1dd1196abdf2d40865f5b4bc27acd5317de9ef00443776c930991278501566aa"",""update_endpoint_sha256"":""84611d18787ae81d7e9fa8ea2c2cf2319e90db0620f009a8ca19b85486a57c7a"",""base_data_identity_sha256"":""59fb59a04cd20e6dec9ee47cf1de02734068a3328cade998a3fc44a746054ea8"",""reified_data_identity_sha256"":""a42a308bd2c5294f3aa79a1a3b15804d4137fd68d7677d9adc037e257a217e76"",""update_for"":""reified"",""access_mode"":""writable"",""base_data_name"":""exploratory-base"",""reified_data_name"":""exploratory-reified"",""update_canary_sha256"":""41997fb8640d9e765a0272879a63548eb9bd46bbf6e49da02b7c924e506b94f7"",""store_instance_sha256"":""95f85b19db76321fdab33c70bb05485617743f83e3c9c07ce9e365b03fd9b106"",""store_discriminator_sha256"":""f9ff8d30db2db1840ca1585b5598b1cf4d1d06ac2adb86a55b430669507fabff"",""tool_sha256"":""b38a65fc0c1a91e138f057f7b6c08d21c328463aceb40ffda53fc759f99d2f7a"",""java_runtime_sha256"":""bdd50c08a90e2fb713541b8a118df6250246a917edc41a6776aeafc90b472687"",""run_identity_sha256"":""7b5765c92958a97472f15ca9844334ba9d52c25c73e0645832c54246671a0990""}"
53437ec4699b3ccdb544ea926ab1b26db45d27c5,graphdb,GraphDB (RDF4J) [engines.json profile],10M,O,O5,00,ec9af3cffe6976bcc27a5ca3ba0732c80fe7716160af6d25aa1d6b447b6300e2,R,reification-only,ok,58,3.9,3.1,4.5,3.8,0.7,1,5,180.0,2730,0.0,,,,,141.566517,"[3.073, 4.451, 4.275, 3.067, 3.896]","[0.0, 0.0, 0.0, 0.0, 0.0]",,[],,[],,[],r9.2-frozen-identity-v7,408ff615691700c1cc400559bffa12900b0427c745e18c1d4c7aad214ccb757f,csv-binding-multiset-v1,58,0656b02ea3161a0769fdca0fae073bd01d29a27659284c2a2b1ba206490de2c5,,,,,,,,d469fb81abed135738f704ddf57de41e98939ca5bbb2509a18a42b807368aa35,1dd1196abdf2d40865f5b4bc27acd5317de9ef00443776c930991278501566aa,84611d18787ae81d7e9fa8ea2c2cf2319e90db0620f009a8ca19b85486a57c7a,59fb59a04cd20e6dec9ee47cf1de02734068a3328cade998a3fc44a746054ea8,a42a308bd2c5294f3aa79a1a3b15804d4137fd68d7677d9adc037e257a217e76,reified,writable,exploratory-base,exploratory-reified,41997fb8640d9e765a0272879a63548eb9bd46bbf6e49da02b7c924e506b94f7,95f85b19db76321fdab33c70bb05485617743f83e3c9c07ce9e365b03fd9b106,f9ff8d30db2db1840ca1585b5598b1cf4d1d06ac2adb86a55b430669507fabff,b38a65fc0c1a91e138f057f7b6c08d21c328463aceb40ffda53fc759f99d2f7a,bdd50c08a90e2fb713541b8a118df6250246a917edc41a6776aeafc90b472687,7b5765c92958a97472f15ca9844334ba9d52c25c73e0645832c54246671a0990,"pcm-meta-v2:{""protocol"":""r9.2-frozen-identity-v7"",""message"":"""",""cell_wall_ms"":172.3,""answer_kind"":""csv-binding-multiset-v1"",""answer_key_count"":58,""answer_fingerprint"":""0656b02ea3161a0769fdca0fae073bd01d29a27659284c2a2b1ba206490de2c5"",""c_parse_samples"":[0.0,0.0,0.0,0.0,0.0],""c_protocol_samples"":[],""construct_total_samples"":[],""construct_unattributed_samples"":[],""status"":""ok"",""status_evidence"":null,""construction_requested"":null,""construction_effective"":null,""commit"":""53437ec4699b3ccdb544ea926ab1b26db45d27c5"",""batch_id"":""408ff615691700c1cc400559bffa12900b0427c745e18c1d4c7aad214ccb757f"",""query_sha256"":""ec9af3cffe6976bcc27a5ca3ba0732c80fe7716160af6d25aa1d6b447b6300e2"",""engine"":""graphdb"",""engine_version"":""GraphDB (RDF4J) [engines.json profile]"",""scale"":""10M"",""base_endpoint_sha256"":""d469fb81abed135738f704ddf57de41e98939ca5bbb2509a18a42b807368aa35"",""reified_endpoint_sha256"":""1dd1196abdf2d40865f5b4bc27acd5317de9ef00443776c930991278501566aa"",""update_endpoint_sha256"":""84611d18787ae81d7e9fa8ea2c2cf2319e90db0620f009a8ca19b85486a57c7a"",""base_data_identity_sha256"":""59fb59a04cd20e6dec9ee47cf1de02734068a3328cade998a3fc44a746054ea8"",""reified_data_identity_sha256"":""a42a308bd2c5294f3aa79a1a3b15804d4137fd68d7677d9adc037e257a217e76"",""update_for"":""reified"",""access_mode"":""writable"",""base_data_name"":""exploratory-base"",""reified_data_name"":""exploratory-reified"",""update_canary_sha256"":""41997fb8640d9e765a0272879a63548eb9bd46bbf6e49da02b7c924e506b94f7"",""store_instance_sha256"":""95f85b19db76321fdab33c70bb05485617743f83e3c9c07ce9e365b03fd9b106"",""store_discriminator_sha256"":""f9ff8d30db2db1840ca1585b5598b1cf4d1d06ac2adb86a55b430669507fabff"",""tool_sha256"":""b38a65fc0c1a91e138f057f7b6c08d21c328463aceb40ffda53fc759f99d2f7a"",""java_runtime_sha256"":""bdd50c08a90e2fb713541b8a118df6250246a917edc41a6776aeafc90b472687"",""run_identity_sha256"":""7b5765c92958a97472f15ca9844334ba9d52c25c73e0645832c54246671a0990""}"
53437ec4699b3ccdb544ea926ab1b26db45d27c5,graphdb,GraphDB (RDF4J) [engines.json profile],10M,O,O5,00,ec9af3cffe6976bcc27a5ca3ba0732c80fe7716160af6d25aa1d6b447b6300e2,N,N_clean (NPCS reimplementation),ok,14,877.3,869.7,879.4,876.0,3.7,1,5,180.0,4214,0.0,,,,112,190.349679,"[875.824, 879.411, 877.329, 869.748, 877.608]","[0.0, 0.0, 0.0, 0.0, 0.0]",,[],,[],,[],r9.2-frozen-identity-v7,408ff615691700c1cc400559bffa12900b0427c745e18c1d4c7aad214ccb757f,csv-candidate-multiset-v1,14,f6328dcc62d9d5fe4b0a853e0c3676c46d3dba0cb6cde5c5f2f1a8907c94c402,,,,,,,,d469fb81abed135738f704ddf57de41e98939ca5bbb2509a18a42b807368aa35,1dd1196abdf2d40865f5b4bc27acd5317de9ef00443776c930991278501566aa,84611d18787ae81d7e9fa8ea2c2cf2319e90db0620f009a8ca19b85486a57c7a,59fb59a04cd20e6dec9ee47cf1de02734068a3328cade998a3fc44a746054ea8,a42a308bd2c5294f3aa79a1a3b15804d4137fd68d7677d9adc037e257a217e76,reified,writable,exploratory-base,exploratory-reified,41997fb8640d9e765a0272879a63548eb9bd46bbf6e49da02b7c924e506b94f7,95f85b19db76321fdab33c70bb05485617743f83e3c9c07ce9e365b03fd9b106,f9ff8d30db2db1840ca1585b5598b1cf4d1d06ac2adb86a55b430669507fabff,b38a65fc0c1a91e138f057f7b6c08d21c328463aceb40ffda53fc759f99d2f7a,bdd50c08a90e2fb713541b8a118df6250246a917edc41a6776aeafc90b472687,7b5765c92958a97472f15ca9844334ba9d52c25c73e0645832c54246671a0990,"pcm-meta-v2:{""protocol"":""r9.2-frozen-identity-v7"",""message"":"""",""cell_wall_ms"":5447.891,""answer_kind"":""csv-candidate-multiset-v1"",""answer_key_count"":14,""answer_fingerprint"":""f6328dcc62d9d5fe4b0a853e0c3676c46d3dba0cb6cde5c5f2f1a8907c94c402"",""c_parse_samples"":[0.0,0.0,0.0,0.0,0.0],""c_protocol_samples"":[],""construct_total_samples"":[],""construct_unattributed_samples"":[],""status"":""ok"",""status_evidence"":null,""construction_requested"":null,""construction_effective"":null,""commit"":""53437ec4699b3ccdb544ea926ab1b26db45d27c5"",""batch_id"":""408ff615691700c1cc400559bffa12900b0427c745e18c1d4c7aad214ccb757f"",""query_sha256"":""ec9af3cffe6976bcc27a5ca3ba0732c80fe7716160af6d25aa1d6b447b6300e2"",""engine"":""graphdb"",""engine_version"":""GraphDB (RDF4J) [engines.json profile]"",""scale"":""10M"",""base_endpoint_sha256"":""d469fb81abed135738f704ddf57de41e98939ca5bbb2509a18a42b807368aa35"",""reified_endpoint_sha256"":""1dd1196abdf2d40865f5b4bc27acd5317de9ef00443776c930991278501566aa"",""update_endpoint_sha256"":""84611d18787ae81d7e9fa8ea2c2cf2319e90db0620f009a8ca19b85486a57c7a"",""base_data_identity_sha256"":""59fb59a04cd20e6dec9ee47cf1de02734068a3328cade998a3fc44a746054ea8"",""reified_data_identity_sha256"":""a42a308bd2c5294f3aa79a1a3b15804d4137fd68d7677d9adc037e257a217e76"",""update_for"":""reified"",""access_mode"":""writable"",""base_data_name"":""exploratory-base"",""reified_data_name"":""exploratory-reified"",""update_canary_sha256"":""41997fb8640d9e765a0272879a63548eb9bd46bbf6e49da02b7c924e506b94f7"",""store_instance_sha256"":""95f85b19db76321fdab33c70bb05485617743f83e3c9c07ce9e365b03fd9b106"",""store_discriminator_sha256"":""f9ff8d30db2db1840ca1585b5598b1cf4d1d06ac2adb86a55b430669507fabff"",""tool_sha256"":""b38a65fc0c1a91e138f057f7b6c08d21c328463aceb40ffda53fc759f99d2f7a"",""java_runtime_sha256"":""bdd50c08a90e2fb713541b8a118df6250246a917edc41a6776aeafc90b472687"",""run_identity_sha256"":""7b5765c92958a97472f15ca9844334ba9d52c25c73e0645832c54246671a0990""}"
53437ec4699b3ccdb544ea926ab1b26db45d27c5,graphdb,GraphDB (RDF4J) [engines.json profile],10M,O,O5,00,ec9af3cffe6976bcc27a5ca3ba0732c80fe7716160af6d25aa1d6b447b6300e2,C,SPARQLcirc CircuitRewriter,ok,14,8796.6,8673.3,8802.3,8770.9,55.1,1,5,180.0,64931790,7247.9,224921,225040,112464,,381.934779,"[8673.276, 8799.773, 8782.477, 8796.586, 8802.276]","[7301.806, 7047.352, 7247.944, 7196.802, 7267.209]",0.0,"[0.0, 0.0, 0.0, 0.0, 0.0]",16045.7,"[16028.825, 15899.916, 16082.881, 16045.692, 16121.846]",52.5,"[53.742, 52.792, 52.46, 52.305, 52.361]",r9.2-frozen-identity-v7,408ff615691700c1cc400559bffa12900b0427c745e18c1d4c7aad214ccb757f,term-aware-candidate-set-v1,14,a9f37c04cb428d4f270cafd59c61a6f1b2af49f496f5fd8cef60b156e980d784,flat,flat,3a634ff4326b11cbb555f993f50962fbb7830d8dc0e4f7758b68feab74a953e4,,,,,d469fb81abed135738f704ddf57de41e98939ca5bbb2509a18a42b807368aa35,1dd1196abdf2d40865f5b4bc27acd5317de9ef00443776c930991278501566aa,84611d18787ae81d7e9fa8ea2c2cf2319e90db0620f009a8ca19b85486a57c7a,59fb59a04cd20e6dec9ee47cf1de02734068a3328cade998a3fc44a746054ea8,a42a308bd2c5294f3aa79a1a3b15804d4137fd68d7677d9adc037e257a217e76,reified,writable,exploratory-base,exploratory-reified,41997fb8640d9e765a0272879a63548eb9bd46bbf6e49da02b7c924e506b94f7,95f85b19db76321fdab33c70bb05485617743f83e3c9c07ce9e365b03fd9b106,f9ff8d30db2db1840ca1585b5598b1cf4d1d06ac2adb86a55b430669507fabff,b38a65fc0c1a91e138f057f7b6c08d21c328463aceb40ffda53fc759f99d2f7a,bdd50c08a90e2fb713541b8a118df6250246a917edc41a6776aeafc90b472687,7b5765c92958a97472f15ca9844334ba9d52c25c73e0645832c54246671a0990,"pcm-meta-v2:{""protocol"":""r9.2-frozen-identity-v7"",""message"":""C requested=flat effective=flat; steps=5 feedback=0; network includes CONSTRUCT, feedback INSERT, and cleanup DELETE"",""cell_wall_ms"":96834.499,""answer_kind"":""term-aware-candidate-set-v1"",""answer_key_count"":14,""answer_fingerprint"":""a9f37c04cb428d4f270cafd59c61a6f1b2af49f496f5fd8cef60b156e980d784"",""c_parse_samples"":[7301.806,7047.352,7247.944,7196.802,7267.209],""c_protocol_samples"":[{""requested_mode"":""flat"",""effective_mode"":""flat"",""fallback_reason"":null,""plan_steps"":5,""feedback_steps"":0,""feedback_triples"":0,""construct_query_ms"":8673.276,""feedback_update_ms"":0.0,""cleanup_ms"":0.0,""client_protocol_ms"":0.0,""network_scope"":""construct+feedback+cleanup"",""circuit_sha256"":""3a634ff4326b11cbb555f993f50962fbb7830d8dc0e4f7758b68feab74a953e4"",""answer_fingerprint"":""a9f37c04cb428d4f270cafd59c61a6f1b2af49f496f5fd8cef60b156e980d784"",""semantic_signature_sha256"":""5a9f431d72c28012ff07a8c57ef09ef4e5287c21cfc23227d56412662bb6945d"",""structure_signature"":{""gates"":224921,""edges"":225040,""answers"":14,""derivations"":112464,""canonical_bytes"":64931790},""construct_total_ms"":16028.825,""client_unattributed_ms"":53.742},{""requested_mode"":""flat"",""effective_mode"":""flat"",""fallback_reason"":null,""plan_steps"":5,""feedback_steps"":0,""feedback_triples"":0,""construct_query_ms"":8799.773,""feedback_update_ms"":0.0,""cleanup_ms"":0.0,""client_protocol_ms"":0.0,""network_scope"":""construct+feedback+cleanup"",""circuit_sha256"":""3a634ff4326b11cbb555f993f50962fbb7830d8dc0e4f7758b68feab74a953e4"",""answer_fingerprint"":""a9f37c04cb428d4f270cafd59c61a6f1b2af49f496f5fd8cef60b156e980d784"",""semantic_signature_sha256"":""5a9f431d72c28012ff07a8c57ef09ef4e5287c21cfc23227d56412662bb6945d"",""structure_signature"":{""gates"":224921,""edges"":225040,""answers"":14,""derivations"":112464,""canonical_bytes"":64931790},""construct_total_ms"":15899.916,""client_unattributed_ms"":52.792},{""requested_mode"":""flat"",""effective_mode"":""flat"",""fallback_reason"":null,""plan_steps"":5,""feedback_steps"":0,""feedback_triples"":0,""construct_query_ms"":8782.477,""feedback_update_ms"":0.0,""cleanup_ms"":0.0,""client_protocol_ms"":0.0,""network_scope"":""construct+feedback+cleanup"",""circuit_sha256"":""3a634ff4326b11cbb555f993f50962fbb7830d8dc0e4f7758b68feab74a953e4"",""answer_fingerprint"":""a9f37c04cb428d4f270cafd59c61a6f1b2af49f496f5fd8cef60b156e980d784"",""semantic_signature_sha256"":""5a9f431d72c28012ff07a8c57ef09ef4e5287c21cfc23227d56412662bb6945d"",""structure_signature"":{""gates"":224921,""edges"":225040,""answers"":14,""derivations"":112464,""canonical_bytes"":64931790},""construct_total_ms"":16082.881,""client_unattributed_ms"":52.46},{""requested_mode"":""flat"",""effective_mode"":""flat"",""fallback_reason"":null,""plan_steps"":5,""feedback_steps"":0,""feedback_triples"":0,""construct_query_ms"":8796.586,""feedback_update_ms"":0.0,""cleanup_ms"":0.0,""client_protocol_ms"":0.0,""network_scope"":""construct+feedback+cleanup"",""circuit_sha256"":""3a634ff4326b11cbb555f993f50962fbb7830d8dc0e4f7758b68feab74a953e4"",""answer_fingerprint"":""a9f37c04cb428d4f270cafd59c61a6f1b2af49f496f5fd8cef60b156e980d784"",""semantic_signature_sha256"":""5a9f431d72c28012ff07a8c57ef09ef4e5287c21cfc23227d56412662bb6945d"",""structure_signature"":{""gates"":224921,""edges"":225040,""answers"":14,""derivations"":112464,""canonical_bytes"":64931790},""construct_total_ms"":16045.692,""client_unattributed_ms"":52.305},{""requested_mode"":""flat"",""effective_mode"":""flat"",""fallback_reason"":null,""plan_steps"":5,""feedback_steps"":0,""feedback_triples"":0,""construct_query_ms"":8802.276,""feedback_update_ms"":0.0,""cleanup_ms"":0.0,""client_protocol_ms"":0.0,""network_scope"":""construct+feedback+cleanup"",""circuit_sha256"":""3a634ff4326b11cbb555f993f50962fbb7830d8dc0e4f7758b68feab74a953e4"",""answer_fingerprint"":""a9f37c04cb428d4f270cafd59c61a6f1b2af49f496f5fd8cef60b156e980d784"",""semantic_signature_sha256"":""5a9f431d72c28012ff07a8c57ef09ef4e5287c21cfc23227d56412662bb6945d"",""structure_signature"":{""gates"":224921,""edges"":225040,""answers"":14,""derivations"":112464,""canonical_bytes"":64931790},""construct_total_ms"":16121.846,""client_unattributed_ms"":52.361}],""construct_total_samples"":[16028.825,15899.916,16082.881,16045.692,16121.846],""construct_unattributed_samples"":[53.742,52.792,52.46,52.305,52.361],""status"":""ok"",""status_evidence"":null,""c_warmup_signatures"":[""5a9f431d72c28012ff07a8c57ef09ef4e5287c21cfc23227d56412662bb6945d""],""measured_semantic_signature_sha256"":""5a9f431d72c28012ff07a8c57ef09ef4e5287c21cfc23227d56412662bb6945d"",""measured_repetitions_consistent"":true,""endpoint_lock"":{""wait_ms"":0.008,""lock_path"":""/tmp/sparqlcirc-r9-endpoint-locks-v7/95f85b19db76321fdab33c70bb05485617743f83e3c9c07ce9e365b03fd9b106.lock""},""construction_requested"":""flat"",""construction_effective"":""flat"",""commit"":""53437ec4699b3ccdb544ea926ab1b26db45d27c5"",""batch_id"":""408ff615691700c1cc400559bffa12900b0427c745e18c1d4c7aad214ccb757f"",""query_sha256"":""ec9af3cffe6976bcc27a5ca3ba0732c80fe7716160af6d25aa1d6b447b6300e2"",""engine"":""graphdb"",""engine_version"":""GraphDB (RDF4J) [engines.json profile]"",""scale"":""10M"",""base_endpoint_sha256"":""d469fb81abed135738f704ddf57de41e98939ca5bbb2509a18a42b807368aa35"",""reified_endpoint_sha256"":""1dd1196abdf2d40865f5b4bc27acd5317de9ef00443776c930991278501566aa"",""update_endpoint_sha256"":""84611d18787ae81d7e9fa8ea2c2cf2319e90db0620f009a8ca19b85486a57c7a"",""base_data_identity_sha256"":""59fb59a04cd20e6dec9ee47cf1de02734068a3328cade998a3fc44a746054ea8"",""reified_data_identity_sha256"":""a42a308bd2c5294f3aa79a1a3b15804d4137fd68d7677d9adc037e257a217e76"",""update_for"":""reified"",""access_mode"":""writable"",""base_data_name"":""exploratory-base"",""reified_data_name"":""exploratory-reified"",""update_canary_sha256"":""41997fb8640d9e765a0272879a63548eb9bd46bbf6e49da02b7c924e506b94f7"",""store_instance_sha256"":""95f85b19db76321fdab33c70bb05485617743f83e3c9c07ce9e365b03fd9b106"",""store_discriminator_sha256"":""f9ff8d30db2db1840ca1585b5598b1cf4d1d06ac2adb86a55b430669507fabff"",""tool_sha256"":""b38a65fc0c1a91e138f057f7b6c08d21c328463aceb40ffda53fc759f99d2f7a"",""java_runtime_sha256"":""bdd50c08a90e2fb713541b8a118df6250246a917edc41a6776aeafc90b472687"",""run_identity_sha256"":""7b5765c92958a97472f15ca9844334ba9d52c25c73e0645832c54246671a0990""}"
53437ec4699b3ccdb544ea926ab1b26db45d27c5,graphdb,GraphDB (RDF4J) [engines.json profile],10M,M,M1,00,31cc3cc2a162131c645d8c00efac8198f154624658dbdf08952fdf2aa2fcc40f,B,base-select,ok,111614,491.5,485.2,522.0,495.8,15.0,1,5,180.0,10559714,0.0,,,,,0.00677,"[485.196, 522.035, 491.462, 492.385, 487.741]","[0.0, 0.0, 0.0, 0.0, 0.0]",,[],,[],,[],r9.2-frozen-identity-v7,e193ea375d3018f78a89f98b3b129a4444792557f01113be0ea451ed8bc94054,csv-binding-multiset-v1,111614,f59e16bbfae609ad5de0c7226c0a2a92c59168b82e503440b3b29cea937b4c34,,,,,,,,d469fb81abed135738f704ddf57de41e98939ca5bbb2509a18a42b807368aa35,1dd1196abdf2d40865f5b4bc27acd5317de9ef00443776c930991278501566aa,84611d18787ae81d7e9fa8ea2c2cf2319e90db0620f009a8ca19b85486a57c7a,59fb59a04cd20e6dec9ee47cf1de02734068a3328cade998a3fc44a746054ea8,a42a308bd2c5294f3aa79a1a3b15804d4137fd68d7677d9adc037e257a217e76,reified,writable,exploratory-base,exploratory-reified,41997fb8640d9e765a0272879a63548eb9bd46bbf6e49da02b7c924e506b94f7,95f85b19db76321fdab33c70bb05485617743f83e3c9c07ce9e365b03fd9b106,f9ff8d30db2db1840ca1585b5598b1cf4d1d06ac2adb86a55b430669507fabff,b38a65fc0c1a91e138f057f7b6c08d21c328463aceb40ffda53fc759f99d2f7a,bdd50c08a90e2fb713541b8a118df6250246a917edc41a6776aeafc90b472687,72542e9e577605adbe6372190978acab90063a9de74dfa472ec4e0c34240b59d,"pcm-meta-v2:{""protocol"":""r9.2-frozen-identity-v7"",""message"":"""",""cell_wall_ms"":4120.9,""answer_kind"":""csv-binding-multiset-v1"",""answer_key_count"":111614,""answer_fingerprint"":""f59e16bbfae609ad5de0c7226c0a2a92c59168b82e503440b3b29cea937b4c34"",""c_parse_samples"":[0.0,0.0,0.0,0.0,0.0],""c_protocol_samples"":[],""construct_total_samples"":[],""construct_unattributed_samples"":[],""status"":""ok"",""status_evidence"":null,""construction_requested"":null,""construction_effective"":null,""commit"":""53437ec4699b3ccdb544ea926ab1b26db45d27c5"",""batch_id"":""e193ea375d3018f78a89f98b3b129a4444792557f01113be0ea451ed8bc94054"",""query_sha256"":""31cc3cc2a162131c645d8c00efac8198f154624658dbdf08952fdf2aa2fcc40f"",""engine"":""graphdb"",""engine_version"":""GraphDB (RDF4J) [engines.json profile]"",""scale"":""10M"",""base_endpoint_sha256"":""d469fb81abed135738f704ddf57de41e98939ca5bbb2509a18a42b807368aa35"",""reified_endpoint_sha256"":""1dd1196abdf2d40865f5b4bc27acd5317de9ef00443776c930991278501566aa"",""update_endpoint_sha256"":""84611d18787ae81d7e9fa8ea2c2cf2319e90db0620f009a8ca19b85486a57c7a"",""base_data_identity_sha256"":""59fb59a04cd20e6dec9ee47cf1de02734068a3328cade998a3fc44a746054ea8"",""reified_data_identity_sha256"":""a42a308bd2c5294f3aa79a1a3b15804d4137fd68d7677d9adc037e257a217e76"",""update_for"":""reified"",""access_mode"":""writable"",""base_data_name"":""exploratory-base"",""reified_data_name"":""exploratory-reified"",""update_canary_sha256"":""41997fb8640d9e765a0272879a63548eb9bd46bbf6e49da02b7c924e506b94f7"",""store_instance_sha256"":""95f85b19db76321fdab33c70bb05485617743f83e3c9c07ce9e365b03fd9b106"",""store_discriminator_sha256"":""f9ff8d30db2db1840ca1585b5598b1cf4d1d06ac2adb86a55b430669507fabff"",""tool_sha256"":""b38a65fc0c1a91e138f057f7b6c08d21c328463aceb40ffda53fc759f99d2f7a"",""java_runtime_sha256"":""bdd50c08a90e2fb713541b8a118df6250246a917edc41a6776aeafc90b472687"",""run_identity_sha256"":""72542e9e577605adbe6372190978acab90063a9de74dfa472ec4e0c34240b59d""}"
53437ec4699b3ccdb544ea926ab1b26db45d27c5,graphdb,GraphDB (RDF4J) [engines.json profile],10M,M,M1,00,31cc3cc2a162131c645d8c00efac8198f154624658dbdf08952fdf2aa2fcc40f,R,reification-only,ok,111614,1458.7,1446.6,1468.7,1457.6,8.2,1,5,180.0,10559714,0.0,,,,,142.909644,"[1458.692, 1446.579, 1468.677, 1460.132, 1453.808]","[0.0, 0.0, 0.0, 0.0, 0.0]",,[],,[],,[],r9.2-frozen-identity-v7,e193ea375d3018f78a89f98b3b129a4444792557f01113be0ea451ed8bc94054,csv-binding-multiset-v1,111614,f59e16bbfae609ad5de0c7226c0a2a92c59168b82e503440b3b29cea937b4c34,,,,,,,,d469fb81abed135738f704ddf57de41e98939ca5bbb2509a18a42b807368aa35,1dd1196abdf2d40865f5b4bc27acd5317de9ef00443776c930991278501566aa,84611d18787ae81d7e9fa8ea2c2cf2319e90db0620f009a8ca19b85486a57c7a,59fb59a04cd20e6dec9ee47cf1de02734068a3328cade998a3fc44a746054ea8,a42a308bd2c5294f3aa79a1a3b15804d4137fd68d7677d9adc037e257a217e76,reified,writable,exploratory-base,exploratory-reified,41997fb8640d9e765a0272879a63548eb9bd46bbf6e49da02b7c924e506b94f7,95f85b19db76321fdab33c70bb05485617743f83e3c9c07ce9e365b03fd9b106,f9ff8d30db2db1840ca1585b5598b1cf4d1d06ac2adb86a55b430669507fabff,b38a65fc0c1a91e138f057f7b6c08d21c328463aceb40ffda53fc759f99d2f7a,bdd50c08a90e2fb713541b8a118df6250246a917edc41a6776aeafc90b472687,72542e9e577605adbe6372190978acab90063a9de74dfa472ec4e0c34240b59d,"pcm-meta-v2:{""protocol"":""r9.2-frozen-identity-v7"",""message"":"""",""cell_wall_ms"":9574.878,""answer_kind"":""csv-binding-multiset-v1"",""answer_key_count"":111614,""answer_fingerprint"":""f59e16bbfae609ad5de0c7226c0a2a92c59168b82e503440b3b29cea937b4c34"",""c_parse_samples"":[0.0,0.0,0.0,0.0,0.0],""c_protocol_samples"":[],""construct_total_samples"":[],""construct_unattributed_samples"":[],""status"":""ok"",""status_evidence"":null,""construction_requested"":null,""construction_effective"":null,""commit"":""53437ec4699b3ccdb544ea926ab1b26db45d27c5"",""batch_id"":""e193ea375d3018f78a89f98b3b129a4444792557f01113be0ea451ed8bc94054"",""query_sha256"":""31cc3cc2a162131c645d8c00efac8198f154624658dbdf08952fdf2aa2fcc40f"",""engine"":""graphdb"",""engine_version"":""GraphDB (RDF4J) [engines.json profile]"",""scale"":""10M"",""base_endpoint_sha256"":""d469fb81abed135738f704ddf57de41e98939ca5bbb2509a18a42b807368aa35"",""reified_endpoint_sha256"":""1dd1196abdf2d40865f5b4bc27acd5317de9ef00443776c930991278501566aa"",""update_endpoint_sha256"":""84611d18787ae81d7e9fa8ea2c2cf2319e90db0620f009a8ca19b85486a57c7a"",""base_data_identity_sha256"":""59fb59a04cd20e6dec9ee47cf1de02734068a3328cade998a3fc44a746054ea8"",""reified_data_identity_sha256"":""a42a308bd2c5294f3aa79a1a3b15804d4137fd68d7677d9adc037e257a217e76"",""update_for"":""reified"",""access_mode"":""writable"",""base_data_name"":""exploratory-base"",""reified_data_name"":""exploratory-reified"",""update_canary_sha256"":""41997fb8640d9e765a0272879a63548eb9bd46bbf6e49da02b7c924e506b94f7"",""store_instance_sha256"":""95f85b19db76321fdab33c70bb05485617743f83e3c9c07ce9e365b03fd9b106"",""store_discriminator_sha256"":""f9ff8d30db2db1840ca1585b5598b1cf4d1d06ac2adb86a55b430669507fabff"",""tool_sha256"":""b38a65fc0c1a91e138f057f7b6c08d21c328463aceb40ffda53fc759f99d2f7a"",""java_runtime_sha256"":""bdd50c08a90e2fb713541b8a118df6250246a917edc41a6776aeafc90b472687"",""run_identity_sha256"":""72542e9e577605adbe6372190978acab90063a9de74dfa472ec4e0c34240b59d""}"
53437ec4699b3ccdb544ea926ab1b26db45d27c5,graphdb,GraphDB (RDF4J) [engines.json profile],10M,M,M1,00,31cc3cc2a162131c645d8c00efac8198f154624658dbdf08952fdf2aa2fcc40f,N,N_clean (NPCS reimplementation),ok,112401,5498.6,5386.0,5512.3,5467.0,57.0,1,5,180.0,15067366,0.0,,,,113480,187.951665,"[5512.308, 5427.871, 5510.109, 5385.964, 5498.586]","[0.0, 0.0, 0.0, 0.0, 0.0]",,[],,[],,[],r9.2-frozen-identity-v7,e193ea375d3018f78a89f98b3b129a4444792557f01113be0ea451ed8bc94054,csv-candidate-multiset-v1,112401,c9ca842bef22673e1dfbb7fce75ea900f63d4ddf80f3fe7a9d7c67a58310814b,,,,,,,,d469fb81abed135738f704ddf57de41e98939ca5bbb2509a18a42b807368aa35,1dd1196abdf2d40865f5b4bc27acd5317de9ef00443776c930991278501566aa,84611d18787ae81d7e9fa8ea2c2cf2319e90db0620f009a8ca19b85486a57c7a,59fb59a04cd20e6dec9ee47cf1de02734068a3328cade998a3fc44a746054ea8,a42a308bd2c5294f3aa79a1a3b15804d4137fd68d7677d9adc037e257a217e76,reified,writable,exploratory-base,exploratory-reified,41997fb8640d9e765a0272879a63548eb9bd46bbf6e49da02b7c924e506b94f7,95f85b19db76321fdab33c70bb05485617743f83e3c9c07ce9e365b03fd9b106,f9ff8d30db2db1840ca1585b5598b1cf4d1d06ac2adb86a55b430669507fabff,b38a65fc0c1a91e138f057f7b6c08d21c328463aceb40ffda53fc759f99d2f7a,bdd50c08a90e2fb713541b8a118df6250246a917edc41a6776aeafc90b472687,72542e9e577605adbe6372190978acab90063a9de74dfa472ec4e0c34240b59d,"pcm-meta-v2:{""protocol"":""r9.2-frozen-identity-v7"",""message"":"""",""cell_wall_ms"":34239.801,""answer_kind"":""csv-candidate-multiset-v1"",""answer_key_count"":112401,""answer_fingerprint"":""c9ca842bef22673e1dfbb7fce75ea900f63d4ddf80f3fe7a9d7c67a58310814b"",""c_parse_samples"":[0.0,0.0,0.0,0.0,0.0],""c_protocol_samples"":[],""construct_total_samples"":[],""construct_unattributed_samples"":[],""status"":""ok"",""status_evidence"":null,""construction_requested"":null,""construction_effective"":null,""commit"":""53437ec4699b3ccdb544ea926ab1b26db45d27c5"",""batch_id"":""e193ea375d3018f78a89f98b3b129a4444792557f01113be0ea451ed8bc94054"",""query_sha256"":""31cc3cc2a162131c645d8c00efac8198f154624658dbdf08952fdf2aa2fcc40f"",""engine"":""graphdb"",""engine_version"":""GraphDB (RDF4J) [engines.json profile]"",""scale"":""10M"",""base_endpoint_sha256"":""d469fb81abed135738f704ddf57de41e98939ca5bbb2509a18a42b807368aa35"",""reified_endpoint_sha256"":""1dd1196abdf2d40865f5b4bc27acd5317de9ef00443776c930991278501566aa"",""update_endpoint_sha256"":""84611d18787ae81d7e9fa8ea2c2cf2319e90db0620f009a8ca19b85486a57c7a"",""base_data_identity_sha256"":""59fb59a04cd20e6dec9ee47cf1de02734068a3328cade998a3fc44a746054ea8"",""reified_data_identity_sha256"":""a42a308bd2c5294f3aa79a1a3b15804d4137fd68d7677d9adc037e257a217e76"",""update_for"":""reified"",""access_mode"":""writable"",""base_data_name"":""exploratory-base"",""reified_data_name"":""exploratory-reified"",""update_canary_sha256"":""41997fb8640d9e765a0272879a63548eb9bd46bbf6e49da02b7c924e506b94f7"",""store_instance_sha256"":""95f85b19db76321fdab33c70bb05485617743f83e3c9c07ce9e365b03fd9b106"",""store_discriminator_sha256"":""f9ff8d30db2db1840ca1585b5598b1cf4d1d06ac2adb86a55b430669507fabff"",""tool_sha256"":""b38a65fc0c1a91e138f057f7b6c08d21c328463aceb40ffda53fc759f99d2f7a"",""java_runtime_sha256"":""bdd50c08a90e2fb713541b8a118df6250246a917edc41a6776aeafc90b472687"",""run_identity_sha256"":""72542e9e577605adbe6372190978acab90063a9de74dfa472ec4e0c34240b59d""}"
53437ec4699b3ccdb544ea926ab1b26db45d27c5,graphdb,GraphDB (RDF4J) [engines.json profile],10M,M,M1,00,31cc3cc2a162131c645d8c00efac8198f154624658dbdf08952fdf2aa2fcc40f,C,SPARQLcirc CircuitRewriter,timeout,,,,,,,1,5,180.0,,,,,,,371.391151,[],[],,[],,[],,[],r9.2-frozen-identity-v7,e193ea375d3018f78a89f98b3b129a4444792557f01113be0ea451ed8bc94054,,,,,,,,,,,d469fb81abed135738f704ddf57de41e98939ca5bbb2509a18a42b807368aa35,1dd1196abdf2d40865f5b4bc27acd5317de9ef00443776c930991278501566aa,84611d18787ae81d7e9fa8ea2c2cf2319e90db0620f009a8ca19b85486a57c7a,59fb59a04cd20e6dec9ee47cf1de02734068a3328cade998a3fc44a746054ea8,a42a308bd2c5294f3aa79a1a3b15804d4137fd68d7677d9adc037e257a217e76,reified,writable,exploratory-base,exploratory-reified,41997fb8640d9e765a0272879a63548eb9bd46bbf6e49da02b7c924e506b94f7,95f85b19db76321fdab33c70bb05485617743f83e3c9c07ce9e365b03fd9b106,f9ff8d30db2db1840ca1585b5598b1cf4d1d06ac2adb86a55b430669507fabff,b38a65fc0c1a91e138f057f7b6c08d21c328463aceb40ffda53fc759f99d2f7a,bdd50c08a90e2fb713541b8a118df6250246a917edc41a6776aeafc90b472687,72542e9e577605adbe6372190978acab90063a9de74dfa472ec4e0c34240b59d,"pcm-meta-v2:{""protocol"":""r9.2-frozen-identity-v7"",""message"":""whole cell exceeded 180s hard deadline; worker reaped"",""cell_wall_ms"":180000.0,""c_parse_samples"":[],""c_protocol_samples"":[],""construct_total_samples"":[],""construct_unattributed_samples"":[],""status"":""timeout"",""status_evidence"":{""kind"":""hard-wall-deadline"",""message"":""whole cell exceeded 180s hard deadline; worker reaped""},""endpoint_lock"":{""wait_ms"":0.008,""lock_path"":""/tmp/sparqlcirc-r9-endpoint-locks-v7/95f85b19db76321fdab33c70bb05485617743f83e3c9c07ce9e365b03fd9b106.lock""},""construction_requested"":null,""construction_effective"":null,""commit"":""53437ec4699b3ccdb544ea926ab1b26db45d27c5"",""batch_id"":""e193ea375d3018f78a89f98b3b129a4444792557f01113be0ea451ed8bc94054"",""query_sha256"":""31cc3cc2a162131c645d8c00efac8198f154624658dbdf08952fdf2aa2fcc40f"",""engine"":""graphdb"",""engine_version"":""GraphDB (RDF4J) [engines.json profile]"",""scale"":""10M"",""base_endpoint_sha256"":""d469fb81abed135738f704ddf57de41e98939ca5bbb2509a18a42b807368aa35"",""reified_endpoint_sha256"":""1dd1196abdf2d40865f5b4bc27acd5317de9ef00443776c930991278501566aa"",""update_endpoint_sha256"":""84611d18787ae81d7e9fa8ea2c2cf2319e90db0620f009a8ca19b85486a57c7a"",""base_data_identity_sha256"":""59fb59a04cd20e6dec9ee47cf1de02734068a3328cade998a3fc44a746054ea8"",""reified_data_identity_sha256"":""a42a308bd2c5294f3aa79a1a3b15804d4137fd68d7677d9adc037e257a217e76"",""update_for"":""reified"",""access_mode"":""writable"",""base_data_name"":""exploratory-base"",""reified_data_name"":""exploratory-reified"",""update_canary_sha256"":""41997fb8640d9e765a0272879a63548eb9bd46bbf6e49da02b7c924e506b94f7"",""store_instance_sha256"":""95f85b19db76321fdab33c70bb05485617743f83e3c9c07ce9e365b03fd9b106"",""store_discriminator_sha256"":""f9ff8d30db2db1840ca1585b5598b1cf4d1d06ac2adb86a55b430669507fabff"",""tool_sha256"":""b38a65fc0c1a91e138f057f7b6c08d21c328463aceb40ffda53fc759f99d2f7a"",""java_runtime_sha256"":""bdd50c08a90e2fb713541b8a118df6250246a917edc41a6776aeafc90b472687"",""run_identity_sha256"":""72542e9e577605adbe6372190978acab90063a9de74dfa472ec4e0c34240b59d""}"
53437ec4699b3ccdb544ea926ab1b26db45d27c5,graphdb,GraphDB (RDF4J) [engines.json profile],10M,M,M2,00,57dabb9eb81d64dbc3cc422093691dfbcd45c8bc0072a0480b32c507db250930,B,base-select,timeout,,,,,,,1,5,180.0,,,,,,,0.00685,[],[],,[],,[],,[],r9.2-frozen-identity-v7,e193ea375d3018f78a89f98b3b129a4444792557f01113be0ea451ed8bc94054,,,,,,,,,,,d469fb81abed135738f704ddf57de41e98939ca5bbb2509a18a42b807368aa35,1dd1196abdf2d40865f5b4bc27acd5317de9ef00443776c930991278501566aa,84611d18787ae81d7e9fa8ea2c2cf2319e90db0620f009a8ca19b85486a57c7a,59fb59a04cd20e6dec9ee47cf1de02734068a3328cade998a3fc44a746054ea8,a42a308bd2c5294f3aa79a1a3b15804d4137fd68d7677d9adc037e257a217e76,reified,writable,exploratory-base,exploratory-reified,41997fb8640d9e765a0272879a63548eb9bd46bbf6e49da02b7c924e506b94f7,95f85b19db76321fdab33c70bb05485617743f83e3c9c07ce9e365b03fd9b106,f9ff8d30db2db1840ca1585b5598b1cf4d1d06ac2adb86a55b430669507fabff,b38a65fc0c1a91e138f057f7b6c08d21c328463aceb40ffda53fc759f99d2f7a,bdd50c08a90e2fb713541b8a118df6250246a917edc41a6776aeafc90b472687,c80a289a5f39441bfc6521d4da85e323067621dc19c329da8ddf763e91d54dec,"pcm-meta-v2:{""protocol"":""r9.2-frozen-identity-v7"",""message"":""whole cell exceeded 180s hard deadline; worker reaped"",""cell_wall_ms"":180000.0,""c_parse_samples"":[],""c_protocol_samples"":[],""construct_total_samples"":[],""construct_unattributed_samples"":[],""status"":""timeout"",""status_evidence"":{""kind"":""hard-wall-deadline"",""message"":""whole cell exceeded 180s hard deadline; worker reaped""},""construction_requested"":null,""construction_effective"":null,""commit"":""53437ec4699b3ccdb544ea926ab1b26db45d27c5"",""batch_id"":""e193ea375d3018f78a89f98b3b129a4444792557f01113be0ea451ed8bc94054"",""query_sha256"":""57dabb9eb81d64dbc3cc422093691dfbcd45c8bc0072a0480b32c507db250930"",""engine"":""graphdb"",""engine_version"":""GraphDB (RDF4J) [engines.json profile]"",""scale"":""10M"",""base_endpoint_sha256"":""d469fb81abed135738f704ddf57de41e98939ca5bbb2509a18a42b807368aa35"",""reified_endpoint_sha256"":""1dd1196abdf2d40865f5b4bc27acd5317de9ef00443776c930991278501566aa"",""update_endpoint_sha256"":""84611d18787ae81d7e9fa8ea2c2cf2319e90db0620f009a8ca19b85486a57c7a"",""base_data_identity_sha256"":""59fb59a04cd20e6dec9ee47cf1de02734068a3328cade998a3fc44a746054ea8"",""reified_data_identity_sha256"":""a42a308bd2c5294f3aa79a1a3b15804d4137fd68d7677d9adc037e257a217e76"",""update_for"":""reified"",""access_mode"":""writable"",""base_data_name"":""exploratory-base"",""reified_data_name"":""exploratory-reified"",""update_canary_sha256"":""41997fb8640d9e765a0272879a63548eb9bd46bbf6e49da02b7c924e506b94f7"",""store_instance_sha256"":""95f85b19db76321fdab33c70bb05485617743f83e3c9c07ce9e365b03fd9b106"",""store_discriminator_sha256"":""f9ff8d30db2db1840ca1585b5598b1cf4d1d06ac2adb86a55b430669507fabff"",""tool_sha256"":""b38a65fc0c1a91e138f057f7b6c08d21c328463aceb40ffda53fc759f99d2f7a"",""java_runtime_sha256"":""bdd50c08a90e2fb713541b8a118df6250246a917edc41a6776aeafc90b472687"",""run_identity_sha256"":""c80a289a5f39441bfc6521d4da85e323067621dc19c329da8ddf763e91d54dec""}"
a409bfcdd7e37aa5049f3210ccb088685928836a,graphdb,GraphDB (RDF4J) [engines.json profile],10M,M,M2,00,57dabb9eb81d64dbc3cc422093691dfbcd45c8bc0072a0480b32c507db250930,R,reification-only,ok,115865,3123.3,3123.3,3123.3,3123.3,0.0,0,1,300.0,10968934,0.0,,,,,158.288227,[3123.349],[0.0],,[],,[],,[],r9.2-frozen-identity-v7,61b334549ed5667625e48e14182bb497db7a0f86f1f6e353aa707be00236bbe2,csv-binding-multiset-v1,115865,c3c6af70e819152ed77332e1bc89b9167c19791df298263e2d4e79e506a89b43,,,,,,,,d469fb81abed135738f704ddf57de41e98939ca5bbb2509a18a42b807368aa35,1dd1196abdf2d40865f5b4bc27acd5317de9ef00443776c930991278501566aa,84611d18787ae81d7e9fa8ea2c2cf2319e90db0620f009a8ca19b85486a57c7a,59fb59a04cd20e6dec9ee47cf1de02734068a3328cade998a3fc44a746054ea8,a42a308bd2c5294f3aa79a1a3b15804d4137fd68d7677d9adc037e257a217e76,reified,writable,exploratory-base,exploratory-reified,41997fb8640d9e765a0272879a63548eb9bd46bbf6e49da02b7c924e506b94f7,95f85b19db76321fdab33c70bb05485617743f83e3c9c07ce9e365b03fd9b106,f9ff8d30db2db1840ca1585b5598b1cf4d1d06ac2adb86a55b430669507fabff,b38a65fc0c1a91e138f057f7b6c08d21c328463aceb40ffda53fc759f99d2f7a,bdd50c08a90e2fb713541b8a118df6250246a917edc41a6776aeafc90b472687,849e8fc6c14b4aacb49a423c3c50f05cb912343dbb37de31da0dd52189f69545,"pcm-meta-v2:{""protocol"":""r9.2-frozen-identity-v7"",""message"":"""",""cell_wall_ms"":3977.819,""answer_kind"":""csv-binding-multiset-v1"",""answer_key_count"":115865,""answer_fingerprint"":""c3c6af70e819152ed77332e1bc89b9167c19791df298263e2d4e79e506a89b43"",""c_parse_samples"":[0.0],""c_protocol_samples"":[],""construct_total_samples"":[],""construct_unattributed_samples"":[],""status"":""ok"",""status_evidence"":null,""construction_requested"":null,""construction_effective"":null,""commit"":""a409bfcdd7e37aa5049f3210ccb088685928836a"",""batch_id"":""61b334549ed5667625e48e14182bb497db7a0f86f1f6e353aa707be00236bbe2"",""query_sha256"":""57dabb9eb81d64dbc3cc422093691dfbcd45c8bc0072a0480b32c507db250930"",""engine"":""graphdb"",""engine_version"":""GraphDB (RDF4J) [engines.json profile]"",""scale"":""10M"",""base_endpoint_sha256"":""d469fb81abed135738f704ddf57de41e98939ca5bbb2509a18a42b807368aa35"",""reified_endpoint_sha256"":""1dd1196abdf2d40865f5b4bc27acd5317de9ef00443776c930991278501566aa"",""update_endpoint_sha256"":""84611d18787ae81d7e9fa8ea2c2cf2319e90db0620f009a8ca19b85486a57c7a"",""base_data_identity_sha256"":""59fb59a04cd20e6dec9ee47cf1de02734068a3328cade998a3fc44a746054ea8"",""reified_data_identity_sha256"":""a42a308bd2c5294f3aa79a1a3b15804d4137fd68d7677d9adc037e257a217e76"",""update_for"":""reified"",""access_mode"":""writable"",""base_data_name"":""exploratory-base"",""reified_data_name"":""exploratory-reified"",""update_canary_sha256"":""41997fb8640d9e765a0272879a63548eb9bd46bbf6e49da02b7c924e506b94f7"",""store_instance_sha256"":""95f85b19db76321fdab33c70bb05485617743f83e3c9c07ce9e365b03fd9b106"",""store_discriminator_sha256"":""f9ff8d30db2db1840ca1585b5598b1cf4d1d06ac2adb86a55b430669507fabff"",""tool_sha256"":""b38a65fc0c1a91e138f057f7b6c08d21c328463aceb40ffda53fc759f99d2f7a"",""java_runtime_sha256"":""bdd50c08a90e2fb713541b8a118df6250246a917edc41a6776aeafc90b472687"",""run_identity_sha256"":""849e8fc6c14b4aacb49a423c3c50f05cb912343dbb37de31da0dd52189f69545""}"
53437ec4699b3ccdb544ea926ab1b26db45d27c5,graphdb,GraphDB (RDF4J) [engines.json profile],10M,M,M2,00,57dabb9eb81d64dbc3cc422093691dfbcd45c8bc0072a0480b32c507db250930,N,N_clean (NPCS reimplementation),ok,152275,3631.2,3581.2,3671.1,3629.4,32.0,1,5,180.0,23981290,0.0,,,,324605,182.579679,"[3629.137, 3631.189, 3671.11, 3634.207, 3581.153]","[0.0, 0.0, 0.0, 0.0, 0.0]",,[],,[],,[],r9.2-frozen-identity-v7,e193ea375d3018f78a89f98b3b129a4444792557f01113be0ea451ed8bc94054,csv-candidate-multiset-v1,152275,6e15fc780f298472fa1f93d3509a1a269188606fceb81f3170dc928038f2c491,,,,,,,,d469fb81abed135738f704ddf57de41e98939ca5bbb2509a18a42b807368aa35,1dd1196abdf2d40865f5b4bc27acd5317de9ef00443776c930991278501566aa,84611d18787ae81d7e9fa8ea2c2cf2319e90db0620f009a8ca19b85486a57c7a,59fb59a04cd20e6dec9ee47cf1de02734068a3328cade998a3fc44a746054ea8,a42a308bd2c5294f3aa79a1a3b15804d4137fd68d7677d9adc037e257a217e76,reified,writable,exploratory-base,exploratory-reified,41997fb8640d9e765a0272879a63548eb9bd46bbf6e49da02b7c924e506b94f7,95f85b19db76321fdab33c70bb05485617743f83e3c9c07ce9e365b03fd9b106,f9ff8d30db2db1840ca1585b5598b1cf4d1d06ac2adb86a55b430669507fabff,b38a65fc0c1a91e138f057f7b6c08d21c328463aceb40ffda53fc759f99d2f7a,bdd50c08a90e2fb713541b8a118df6250246a917edc41a6776aeafc90b472687,c80a289a5f39441bfc6521d4da85e323067621dc19c329da8ddf763e91d54dec,"pcm-meta-v2:{""protocol"":""r9.2-frozen-identity-v7"",""message"":"""",""cell_wall_ms"":85956.151,""answer_kind"":""csv-candidate-multiset-v1"",""answer_key_count"":152275,""answer_fingerprint"":""6e15fc780f298472fa1f93d3509a1a269188606fceb81f3170dc928038f2c491"",""c_parse_samples"":[0.0,0.0,0.0,0.0,0.0],""c_protocol_samples"":[],""construct_total_samples"":[],""construct_unattributed_samples"":[],""status"":""ok"",""status_evidence"":null,""construction_requested"":null,""construction_effective"":null,""commit"":""53437ec4699b3ccdb544ea926ab1b26db45d27c5"",""batch_id"":""e193ea375d3018f78a89f98b3b129a4444792557f01113be0ea451ed8bc94054"",""query_sha256"":""57dabb9eb81d64dbc3cc422093691dfbcd45c8bc0072a0480b32c507db250930"",""engine"":""graphdb"",""engine_version"":""GraphDB (RDF4J) [engines.json profile]"",""scale"":""10M"",""base_endpoint_sha256"":""d469fb81abed135738f704ddf57de41e98939ca5bbb2509a18a42b807368aa35"",""reified_endpoint_sha256"":""1dd1196abdf2d40865f5b4bc27acd5317de9ef00443776c930991278501566aa"",""update_endpoint_sha256"":""84611d18787ae81d7e9fa8ea2c2cf2319e90db0620f009a8ca19b85486a57c7a"",""base_data_identity_sha256"":""59fb59a04cd20e6dec9ee47cf1de02734068a3328cade998a3fc44a746054ea8"",""reified_data_identity_sha256"":""a42a308bd2c5294f3aa79a1a3b15804d4137fd68d7677d9adc037e257a217e76"",""update_for"":""reified"",""access_mode"":""writable"",""base_data_name"":""exploratory-base"",""reified_data_name"":""exploratory-reified"",""update_canary_sha256"":""41997fb8640d9e765a0272879a63548eb9bd46bbf6e49da02b7c924e506b94f7"",""store_instance_sha256"":""95f85b19db76321fdab33c70bb05485617743f83e3c9c07ce9e365b03fd9b106"",""store_discriminator_sha256"":""f9ff8d30db2db1840ca1585b5598b1cf4d1d06ac2adb86a55b430669507fabff"",""tool_sha256"":""b38a65fc0c1a91e138f057f7b6c08d21c328463aceb40ffda53fc759f99d2f7a"",""java_runtime_sha256"":""bdd50c08a90e2fb713541b8a118df6250246a917edc41a6776aeafc90b472687"",""run_identity_sha256"":""c80a289a5f39441bfc6521d4da85e323067621dc19c329da8ddf763e91d54dec""}"
a409bfcdd7e37aa5049f3210ccb088685928836a,graphdb,GraphDB (RDF4J) [engines.json profile],10M,M,M2,00,57dabb9eb81d64dbc3cc422093691dfbcd45c8bc0072a0480b32c507db250930,C,SPARQLcirc CircuitRewriter,ok,152275,71478.3,71478.3,71478.3,71478.3,0.0,0,1,300.0,490854688,54289.5,986177,853957,264676,,377.791256,[71478.27],[54289.5],0.0,[0.0],126153.7,[126153.726],386.0,[385.956],r9.2-frozen-identity-v7,61b334549ed5667625e48e14182bb497db7a0f86f1f6e353aa707be00236bbe2,term-aware-candidate-set-v1,152275,a8aae6ae7f68121cca0f2a3a10328fa329a0ab505d43f8520da0973067ee177b,flat,flat,27b83d72f81ef9e0cd2c61642bb36b5a45c1129dff37566d17d341f4e5baaa1b,,,,,d469fb81abed135738f704ddf57de41e98939ca5bbb2509a18a42b807368aa35,1dd1196abdf2d40865f5b4bc27acd5317de9ef00443776c930991278501566aa,84611d18787ae81d7e9fa8ea2c2cf2319e90db0620f009a8ca19b85486a57c7a,59fb59a04cd20e6dec9ee47cf1de02734068a3328cade998a3fc44a746054ea8,a42a308bd2c5294f3aa79a1a3b15804d4137fd68d7677d9adc037e257a217e76,reified,writable,exploratory-base,exploratory-reified,41997fb8640d9e765a0272879a63548eb9bd46bbf6e49da02b7c924e506b94f7,95f85b19db76321fdab33c70bb05485617743f83e3c9c07ce9e365b03fd9b106,f9ff8d30db2db1840ca1585b5598b1cf4d1d06ac2adb86a55b430669507fabff,b38a65fc0c1a91e138f057f7b6c08d21c328463aceb40ffda53fc759f99d2f7a,bdd50c08a90e2fb713541b8a118df6250246a917edc41a6776aeafc90b472687,849e8fc6c14b4aacb49a423c3c50f05cb912343dbb37de31da0dd52189f69545,"pcm-meta-v2:{""protocol"":""r9.2-frozen-identity-v7"",""message"":""C requested=flat effective=flat; steps=4 feedback=0; network includes CONSTRUCT, feedback INSERT, and cleanup DELETE"",""cell_wall_ms"":126792.667,""answer_kind"":""term-aware-candidate-set-v1"",""answer_key_count"":152275,""answer_fingerprint"":""a8aae6ae7f68121cca0f2a3a10328fa329a0ab505d43f8520da0973067ee177b"",""c_parse_samples"":[54289.5],""c_protocol_samples"":[{""requested_mode"":""flat"",""effective_mode"":""flat"",""fallback_reason"":null,""plan_steps"":4,""feedback_steps"":0,""feedback_triples"":0,""construct_query_ms"":71478.27,""feedback_update_ms"":0.0,""cleanup_ms"":0.0,""client_protocol_ms"":0.0,""network_scope"":""construct+feedback+cleanup"",""circuit_sha256"":""27b83d72f81ef9e0cd2c61642bb36b5a45c1129dff37566d17d341f4e5baaa1b"",""answer_fingerprint"":""a8aae6ae7f68121cca0f2a3a10328fa329a0ab505d43f8520da0973067ee177b"",""semantic_signature_sha256"":""82a34346d6fedcd614d628c52906adac8b0a4964033deaebbb8090dedde3b67b"",""structure_signature"":{""gates"":986177,""edges"":853957,""answers"":152275,""derivations"":264676,""canonical_bytes"":490854688},""construct_total_ms"":126153.726,""client_unattributed_ms"":385.956}],""construct_total_samples"":[126153.726],""construct_unattributed_samples"":[385.956],""status"":""ok"",""status_evidence"":null,""c_warmup_signatures"":[],""measured_semantic_signature_sha256"":""82a34346d6fedcd614d628c52906adac8b0a4964033deaebbb8090dedde3b67b"",""measured_repetitions_consistent"":true,""endpoint_lock"":{""wait_ms"":0.01,""lock_path"":""/tmp/sparqlcirc-r9-endpoint-locks-v7/95f85b19db76321fdab33c70bb05485617743f83e3c9c07ce9e365b03fd9b106.lock""},""construction_requested"":""flat"",""construction_effective"":""flat"",""commit"":""a409bfcdd7e37aa5049f3210ccb088685928836a"",""batch_id"":""61b334549ed5667625e48e14182bb497db7a0f86f1f6e353aa707be00236bbe2"",""query_sha256"":""57dabb9eb81d64dbc3cc422093691dfbcd45c8bc0072a0480b32c507db250930"",""engine"":""graphdb"",""engine_version"":""GraphDB (RDF4J) [engines.json profile]"",""scale"":""10M"",""base_endpoint_sha256"":""d469fb81abed135738f704ddf57de41e98939ca5bbb2509a18a42b807368aa35"",""reified_endpoint_sha256"":""1dd1196abdf2d40865f5b4bc27acd5317de9ef00443776c930991278501566aa"",""update_endpoint_sha256"":""84611d18787ae81d7e9fa8ea2c2cf2319e90db0620f009a8ca19b85486a57c7a"",""base_data_identity_sha256"":""59fb59a04cd20e6dec9ee47cf1de02734068a3328cade998a3fc44a746054ea8"",""reified_data_identity_sha256"":""a42a308bd2c5294f3aa79a1a3b15804d4137fd68d7677d9adc037e257a217e76"",""update_for"":""reified"",""access_mode"":""writable"",""base_data_name"":""exploratory-base"",""reified_data_name"":""exploratory-reified"",""update_canary_sha256"":""41997fb8640d9e765a0272879a63548eb9bd46bbf6e49da02b7c924e506b94f7"",""store_instance_sha256"":""95f85b19db76321fdab33c70bb05485617743f83e3c9c07ce9e365b03fd9b106"",""store_discriminator_sha256"":""f9ff8d30db2db1840ca1585b5598b1cf4d1d06ac2adb86a55b430669507fabff"",""tool_sha256"":""b38a65fc0c1a91e138f057f7b6c08d21c328463aceb40ffda53fc759f99d2f7a"",""java_runtime_sha256"":""bdd50c08a90e2fb713541b8a118df6250246a917edc41a6776aeafc90b472687"",""run_identity_sha256"":""849e8fc6c14b4aacb49a423c3c50f05cb912343dbb37de31da0dd52189f69545""}"
53437ec4699b3ccdb544ea926ab1b26db45d27c5,graphdb,GraphDB (RDF4J) [engines.json profile],10M,M,M3,00,143c016ebb5bf4d918995fb8a8437257e0f177fb04bcef9184c9058f18f3eefa,B,base-select,ok,42628,171.3,166.5,176.5,171.0,4.0,1,5,180.0,4183953,0.0,,,,,0.00752,"[167.823, 173.009, 171.274, 176.451, 166.549]","[0.0, 0.0, 0.0, 0.0, 0.0]",,[],,[],,[],r9.2-frozen-identity-v7,e193ea375d3018f78a89f98b3b129a4444792557f01113be0ea451ed8bc94054,csv-binding-multiset-v1,42628,bdac43b82147d20e9ae808a10797825a0be48792bbe1f66b410c48cd8251b4a2,,,,,,,,d469fb81abed135738f704ddf57de41e98939ca5bbb2509a18a42b807368aa35,1dd1196abdf2d40865f5b4bc27acd5317de9ef00443776c930991278501566aa,84611d18787ae81d7e9fa8ea2c2cf2319e90db0620f009a8ca19b85486a57c7a,59fb59a04cd20e6dec9ee47cf1de02734068a3328cade998a3fc44a746054ea8,a42a308bd2c5294f3aa79a1a3b15804d4137fd68d7677d9adc037e257a217e76,reified,writable,exploratory-base,exploratory-reified,41997fb8640d9e765a0272879a63548eb9bd46bbf6e49da02b7c924e506b94f7,95f85b19db76321fdab33c70bb05485617743f83e3c9c07ce9e365b03fd9b106,f9ff8d30db2db1840ca1585b5598b1cf4d1d06ac2adb86a55b430669507fabff,b38a65fc0c1a91e138f057f7b6c08d21c328463aceb40ffda53fc759f99d2f7a,bdd50c08a90e2fb713541b8a118df6250246a917edc41a6776aeafc90b472687,e8822cdfeb91d2c16564abf1cc9d443ec0750745c195287b37747663bed8cbde,"pcm-meta-v2:{""protocol"":""r9.2-frozen-identity-v7"",""message"":"""",""cell_wall_ms"":1298.31,""answer_kind"":""csv-binding-multiset-v1"",""answer_key_count"":42628,""answer_fingerprint"":""bdac43b82147d20e9ae808a10797825a0be48792bbe1f66b410c48cd8251b4a2"",""c_parse_samples"":[0.0,0.0,0.0,0.0,0.0],""c_protocol_samples"":[],""construct_total_samples"":[],""construct_unattributed_samples"":[],""status"":""ok"",""status_evidence"":null,""construction_requested"":null,""construction_effective"":null,""commit"":""53437ec4699b3ccdb544ea926ab1b26db45d27c5"",""batch_id"":""e193ea375d3018f78a89f98b3b129a4444792557f01113be0ea451ed8bc94054"",""query_sha256"":""143c016ebb5bf4d918995fb8a8437257e0f177fb04bcef9184c9058f18f3eefa"",""engine"":""graphdb"",""engine_version"":""GraphDB (RDF4J) [engines.json profile]"",""scale"":""10M"",""base_endpoint_sha256"":""d469fb81abed135738f704ddf57de41e98939ca5bbb2509a18a42b807368aa35"",""reified_endpoint_sha256"":""1dd1196abdf2d40865f5b4bc27acd5317de9ef00443776c930991278501566aa"",""update_endpoint_sha256"":""84611d18787ae81d7e9fa8ea2c2cf2319e90db0620f009a8ca19b85486a57c7a"",""base_data_identity_sha256"":""59fb59a04cd20e6dec9ee47cf1de02734068a3328cade998a3fc44a746054ea8"",""reified_data_identity_sha256"":""a42a308bd2c5294f3aa79a1a3b15804d4137fd68d7677d9adc037e257a217e76"",""update_for"":""reified"",""access_mode"":""writable"",""base_data_name"":""exploratory-base"",""reified_data_name"":""exploratory-reified"",""update_canary_sha256"":""41997fb8640d9e765a0272879a63548eb9bd46bbf6e49da02b7c924e506b94f7"",""store_instance_sha256"":""95f85b19db76321fdab33c70bb05485617743f83e3c9c07ce9e365b03fd9b106"",""store_discriminator_sha256"":""f9ff8d30db2db1840ca1585b5598b1cf4d1d06ac2adb86a55b430669507fabff"",""tool_sha256"":""b38a65fc0c1a91e138f057f7b6c08d21c328463aceb40ffda53fc759f99d2f7a"",""java_runtime_sha256"":""bdd50c08a90e2fb713541b8a118df6250246a917edc41a6776aeafc90b472687"",""run_identity_sha256"":""e8822cdfeb91d2c16564abf1cc9d443ec0750745c195287b37747663bed8cbde""}"
53437ec4699b3ccdb544ea926ab1b26db45d27c5,graphdb,GraphDB (RDF4J) [engines.json profile],10M,M,M3,00,143c016ebb5bf4d918995fb8a8437257e0f177fb04bcef9184c9058f18f3eefa,R,reification-only,ok,42628,611.1,606.6,615.6,610.7,3.7,1,5,180.0,4183953,0.0,,,,,158.353141,"[607.356, 606.614, 612.716, 615.591, 611.056]","[0.0, 0.0, 0.0, 0.0, 0.0]",,[],,[],,[],r9.2-frozen-identity-v7,e193ea375d3018f78a89f98b3b129a4444792557f01113be0ea451ed8bc94054,csv-binding-multiset-v1,42628,bdac43b82147d20e9ae808a10797825a0be48792bbe1f66b410c48cd8251b4a2,,,,,,,,d469fb81abed135738f704ddf57de41e98939ca5bbb2509a18a42b807368aa35,1dd1196abdf2d40865f5b4bc27acd5317de9ef00443776c930991278501566aa,84611d18787ae81d7e9fa8ea2c2cf2319e90db0620f009a8ca19b85486a57c7a,59fb59a04cd20e6dec9ee47cf1de02734068a3328cade998a3fc44a746054ea8,a42a308bd2c5294f3aa79a1a3b15804d4137fd68d7677d9adc037e257a217e76,reified,writable,exploratory-base,exploratory-reified,41997fb8640d9e765a0272879a63548eb9bd46bbf6e49da02b7c924e506b94f7,95f85b19db76321fdab33c70bb05485617743f83e3c9c07ce9e365b03fd9b106,f9ff8d30db2db1840ca1585b5598b1cf4d1d06ac2adb86a55b430669507fabff,b38a65fc0c1a91e138f057f7b6c08d21c328463aceb40ffda53fc759f99d2f7a,bdd50c08a90e2fb713541b8a118df6250246a917edc41a6776aeafc90b472687,e8822cdfeb91d2c16564abf1cc9d443ec0750745c195287b37747663bed8cbde,"pcm-meta-v2:{""protocol"":""r9.2-frozen-identity-v7"",""message"":"""",""cell_wall_ms"":4112.714,""answer_kind"":""csv-binding-multiset-v1"",""answer_key_count"":42628,""answer_fingerprint"":""bdac43b82147d20e9ae808a10797825a0be48792bbe1f66b410c48cd8251b4a2"",""c_parse_samples"":[0.0,0.0,0.0,0.0,0.0],""c_protocol_samples"":[],""construct_total_samples"":[],""construct_unattributed_samples"":[],""status"":""ok"",""status_evidence"":null,""construction_requested"":null,""construction_effective"":null,""commit"":""53437ec4699b3ccdb544ea926ab1b26db45d27c5"",""batch_id"":""e193ea375d3018f78a89f98b3b129a4444792557f01113be0ea451ed8bc94054"",""query_sha256"":""143c016ebb5bf4d918995fb8a8437257e0f177fb04bcef9184c9058f18f3eefa"",""engine"":""graphdb"",""engine_version"":""GraphDB (RDF4J) [engines.json profile]"",""scale"":""10M"",""base_endpoint_sha256"":""d469fb81abed135738f704ddf57de41e98939ca5bbb2509a18a42b807368aa35"",""reified_endpoint_sha256"":""1dd1196abdf2d40865f5b4bc27acd5317de9ef00443776c930991278501566aa"",""update_endpoint_sha256"":""84611d18787ae81d7e9fa8ea2c2cf2319e90db0620f009a8ca19b85486a57c7a"",""base_data_identity_sha256"":""59fb59a04cd20e6dec9ee47cf1de02734068a3328cade998a3fc44a746054ea8"",""reified_data_identity_sha256"":""a42a308bd2c5294f3aa79a1a3b15804d4137fd68d7677d9adc037e257a217e76"",""update_for"":""reified"",""access_mode"":""writable"",""base_data_name"":""exploratory-base"",""reified_data_name"":""exploratory-reified"",""update_canary_sha256"":""41997fb8640d9e765a0272879a63548eb9bd46bbf6e49da02b7c924e506b94f7"",""store_instance_sha256"":""95f85b19db76321fdab33c70bb05485617743f83e3c9c07ce9e365b03fd9b106"",""store_discriminator_sha256"":""f9ff8d30db2db1840ca1585b5598b1cf4d1d06ac2adb86a55b430669507fabff"",""tool_sha256"":""b38a65fc0c1a91e138f057f7b6c08d21c328463aceb40ffda53fc759f99d2f7a"",""java_runtime_sha256"":""bdd50c08a90e2fb713541b8a118df6250246a917edc41a6776aeafc90b472687"",""run_identity_sha256"":""e8822cdfeb91d2c16564abf1cc9d443ec0750745c195287b37747663bed8cbde""}"
53437ec4699b3ccdb544ea926ab1b26db45d27c5,graphdb,GraphDB (RDF4J) [engines.json profile],10M,M,M3,00,143c016ebb5bf4d918995fb8a8437257e0f177fb04bcef9184c9058f18f3eefa,N,N_clean (NPCS reimplementation),ok,149634,3893.6,3860.1,3971.4,3915.6,49.5,1,5,180.0,39563538,0.0,,,,1088326,186.293105,"[3964.483, 3888.631, 3893.552, 3971.361, 3860.14]","[0.0, 0.0, 0.0, 0.0, 0.0]",,[],,[],,[],r9.2-frozen-identity-v7,e193ea375d3018f78a89f98b3b129a4444792557f01113be0ea451ed8bc94054,csv-candidate-multiset-v1,149634,478cd8b6a4e78d887087ce454caa2b3181ad94175a0c83f6c718edab41a69523,,,,,,,,d469fb81abed135738f704ddf57de41e98939ca5bbb2509a18a42b807368aa35,1dd1196abdf2d40865f5b4bc27acd5317de9ef00443776c930991278501566aa,84611d18787ae81d7e9fa8ea2c2cf2319e90db0620f009a8ca19b85486a57c7a,59fb59a04cd20e6dec9ee47cf1de02734068a3328cade998a3fc44a746054ea8,a42a308bd2c5294f3aa79a1a3b15804d4137fd68d7677d9adc037e257a217e76,reified,writable,exploratory-base,exploratory-reified,41997fb8640d9e765a0272879a63548eb9bd46bbf6e49da02b7c924e506b94f7,95f85b19db76321fdab33c70bb05485617743f83e3c9c07ce9e365b03fd9b106,f9ff8d30db2db1840ca1585b5598b1cf4d1d06ac2adb86a55b430669507fabff,b38a65fc0c1a91e138f057f7b6c08d21c328463aceb40ffda53fc759f99d2f7a,bdd50c08a90e2fb713541b8a118df6250246a917edc41a6776aeafc90b472687,e8822cdfeb91d2c16564abf1cc9d443ec0750745c195287b37747663bed8cbde,"pcm-meta-v2:{""protocol"":""r9.2-frozen-identity-v7"",""message"":"""",""cell_wall_ms"":25712.792,""answer_kind"":""csv-candidate-multiset-v1"",""answer_key_count"":149634,""answer_fingerprint"":""478cd8b6a4e78d887087ce454caa2b3181ad94175a0c83f6c718edab41a69523"",""c_parse_samples"":[0.0,0.0,0.0,0.0,0.0],""c_protocol_samples"":[],""construct_total_samples"":[],""construct_unattributed_samples"":[],""status"":""ok"",""status_evidence"":null,""construction_requested"":null,""construction_effective"":null,""commit"":""53437ec4699b3ccdb544ea926ab1b26db45d27c5"",""batch_id"":""e193ea375d3018f78a89f98b3b129a4444792557f01113be0ea451ed8bc94054"",""query_sha256"":""143c016ebb5bf4d918995fb8a8437257e0f177fb04bcef9184c9058f18f3eefa"",""engine"":""graphdb"",""engine_version"":""GraphDB (RDF4J) [engines.json profile]"",""scale"":""10M"",""base_endpoint_sha256"":""d469fb81abed135738f704ddf57de41e98939ca5bbb2509a18a42b807368aa35"",""reified_endpoint_sha256"":""1dd1196abdf2d40865f5b4bc27acd5317de9ef00443776c930991278501566aa"",""update_endpoint_sha256"":""84611d18787ae81d7e9fa8ea2c2cf2319e90db0620f009a8ca19b85486a57c7a"",""base_data_identity_sha256"":""59fb59a04cd20e6dec9ee47cf1de02734068a3328cade998a3fc44a746054ea8"",""reified_data_identity_sha256"":""a42a308bd2c5294f3aa79a1a3b15804d4137fd68d7677d9adc037e257a217e76"",""update_for"":""reified"",""access_mode"":""writable"",""base_data_name"":""exploratory-base"",""reified_data_name"":""exploratory-reified"",""update_canary_sha256"":""41997fb8640d9e765a0272879a63548eb9bd46bbf6e49da02b7c924e506b94f7"",""store_instance_sha256"":""95f85b19db76321fdab33c70bb05485617743f83e3c9c07ce9e365b03fd9b106"",""store_discriminator_sha256"":""f9ff8d30db2db1840ca1585b5598b1cf4d1d06ac2adb86a55b430669507fabff"",""tool_sha256"":""b38a65fc0c1a91e138f057f7b6c08d21c328463aceb40ffda53fc759f99d2f7a"",""java_runtime_sha256"":""bdd50c08a90e2fb713541b8a118df6250246a917edc41a6776aeafc90b472687"",""run_identity_sha256"":""e8822cdfeb91d2c16564abf1cc9d443ec0750745c195287b37747663bed8cbde""}"
a409bfcdd7e37aa5049f3210ccb088685928836a,graphdb,GraphDB (RDF4J) [engines.json profile],10M,M,M3,00,143c016ebb5bf4d918995fb8a8437257e0f177fb04bcef9184c9058f18f3eefa,C,SPARQLcirc CircuitRewriter,ok,149634,120696.4,120696.4,120696.4,120696.4,0.0,0,1,300.0,640600377,70722.7,1048170,1687594,299634,,369.121335,[120696.431],[70722.688],0.0,[0.0],191902.1,[191902.108],483.0,[482.989],r9.2-frozen-identity-v7,61b334549ed5667625e48e14182bb497db7a0f86f1f6e353aa707be00236bbe2,term-aware-candidate-set-v1,149634,72e732da6f2a32a791316f477ea28b36a394a15aee540b3d6afa43e0585d77cd,flat,flat,1eb748a8245c1e2a197eb172d5611c95bed34199c7c57316143775bd51d4ae10,,,,,d469fb81abed135738f704ddf57de41e98939ca5bbb2509a18a42b807368aa35,1dd1196abdf2d40865f5b4bc27acd5317de9ef00443776c930991278501566aa,84611d18787ae81d7e9fa8ea2c2cf2319e90db0620f009a8ca19b85486a57c7a,59fb59a04cd20e6dec9ee47cf1de02734068a3328cade998a3fc44a746054ea8,a42a308bd2c5294f3aa79a1a3b15804d4137fd68d7677d9adc037e257a217e76,reified,writable,exploratory-base,exploratory-reified,41997fb8640d9e765a0272879a63548eb9bd46bbf6e49da02b7c924e506b94f7,95f85b19db76321fdab33c70bb05485617743f83e3c9c07ce9e365b03fd9b106,f9ff8d30db2db1840ca1585b5598b1cf4d1d06ac2adb86a55b430669507fabff,b38a65fc0c1a91e138f057f7b6c08d21c328463aceb40ffda53fc759f99d2f7a,bdd50c08a90e2fb713541b8a118df6250246a917edc41a6776aeafc90b472687,b3aa78a86bfad8bf2ff7409407b0f711c95dc19661813ccfdcbdc0d2a69db0b9,"pcm-meta-v2:{""protocol"":""r9.2-frozen-identity-v7"",""message"":""C requested=flat effective=flat; steps=4 feedback=0; network includes CONSTRUCT, feedback INSERT, and cleanup DELETE"",""cell_wall_ms"":192529.769,""answer_kind"":""term-aware-candidate-set-v1"",""answer_key_count"":149634,""answer_fingerprint"":""72e732da6f2a32a791316f477ea28b36a394a15aee540b3d6afa43e0585d77cd"",""c_parse_samples"":[70722.688],""c_protocol_samples"":[{""requested_mode"":""flat"",""effective_mode"":""flat"",""fallback_reason"":null,""plan_steps"":4,""feedback_steps"":0,""feedback_triples"":0,""construct_query_ms"":120696.431,""feedback_update_ms"":0.0,""cleanup_ms"":0.0,""client_protocol_ms"":0.0,""network_scope"":""construct+feedback+cleanup"",""circuit_sha256"":""1eb748a8245c1e2a197eb172d5611c95bed34199c7c57316143775bd51d4ae10"",""answer_fingerprint"":""72e732da6f2a32a791316f477ea28b36a394a15aee540b3d6afa43e0585d77cd"",""semantic_signature_sha256"":""6dbbba151f43e0132c4896a32aa590aa0bc56fba60fa23d2721a3f90f719b28e"",""structure_signature"":{""gates"":1048170,""edges"":1687594,""answers"":149634,""derivations"":299634,""canonical_bytes"":640600377},""construct_total_ms"":191902.108,""client_unattributed_ms"":482.989}],""construct_total_samples"":[191902.108],""construct_unattributed_samples"":[482.989],""status"":""ok"",""status_evidence"":null,""c_warmup_signatures"":[],""measured_semantic_signature_sha256"":""6dbbba151f43e0132c4896a32aa590aa0bc56fba60fa23d2721a3f90f719b28e"",""measured_repetitions_consistent"":true,""endpoint_lock"":{""wait_ms"":0.007,""lock_path"":""/tmp/sparqlcirc-r9-endpoint-locks-v7/95f85b19db76321fdab33c70bb05485617743f83e3c9c07ce9e365b03fd9b106.lock""},""construction_requested"":""flat"",""construction_effective"":""flat"",""commit"":""a409bfcdd7e37aa5049f3210ccb088685928836a"",""batch_id"":""61b334549ed5667625e48e14182bb497db7a0f86f1f6e353aa707be00236bbe2"",""query_sha256"":""143c016ebb5bf4d918995fb8a8437257e0f177fb04bcef9184c9058f18f3eefa"",""engine"":""graphdb"",""engine_version"":""GraphDB (RDF4J) [engines.json profile]"",""scale"":""10M"",""base_endpoint_sha256"":""d469fb81abed135738f704ddf57de41e98939ca5bbb2509a18a42b807368aa35"",""reified_endpoint_sha256"":""1dd1196abdf2d40865f5b4bc27acd5317de9ef00443776c930991278501566aa"",""update_endpoint_sha256"":""84611d18787ae81d7e9fa8ea2c2cf2319e90db0620f009a8ca19b85486a57c7a"",""base_data_identity_sha256"":""59fb59a04cd20e6dec9ee47cf1de02734068a3328cade998a3fc44a746054ea8"",""reified_data_identity_sha256"":""a42a308bd2c5294f3aa79a1a3b15804d4137fd68d7677d9adc037e257a217e76"",""update_for"":""reified"",""access_mode"":""writable"",""base_data_name"":""exploratory-base"",""reified_data_name"":""exploratory-reified"",""update_canary_sha256"":""41997fb8640d9e765a0272879a63548eb9bd46bbf6e49da02b7c924e506b94f7"",""store_instance_sha256"":""95f85b19db76321fdab33c70bb05485617743f83e3c9c07ce9e365b03fd9b106"",""store_discriminator_sha256"":""f9ff8d30db2db1840ca1585b5598b1cf4d1d06ac2adb86a55b430669507fabff"",""tool_sha256"":""b38a65fc0c1a91e138f057f7b6c08d21c328463aceb40ffda53fc759f99d2f7a"",""java_runtime_sha256"":""bdd50c08a90e2fb713541b8a118df6250246a917edc41a6776aeafc90b472687"",""run_identity_sha256"":""b3aa78a86bfad8bf2ff7409407b0f711c95dc19661813ccfdcbdc0d2a69db0b9""}"
53437ec4699b3ccdb544ea926ab1b26db45d27c5,graphdb,GraphDB (RDF4J) [engines.json profile],10M,M,M4,00,3fb5f004cde33422716d95d5c5cbacb234aca04af540babdfc6cd8420a43d11d,B,base-select,ok,89467,1126.8,1120.4,1131.8,1125.3,4.7,1,5,180.0,8690315,0.0,,,,,0.00768,"[1120.863, 1126.752, 1126.892, 1120.415, 1131.783]","[0.0, 0.0, 0.0, 0.0, 0.0]",,[],,[],,[],r9.2-frozen-identity-v7,e193ea375d3018f78a89f98b3b129a4444792557f01113be0ea451ed8bc94054,csv-binding-multiset-v1,89467,67c93b013e365ba59505e43e119906c3746645b9bc9f869b8f9b41031f052a0a,,,,,,,,d469fb81abed135738f704ddf57de41e98939ca5bbb2509a18a42b807368aa35,1dd1196abdf2d40865f5b4bc27acd5317de9ef00443776c930991278501566aa,84611d18787ae81d7e9fa8ea2c2cf2319e90db0620f009a8ca19b85486a57c7a,59fb59a04cd20e6dec9ee47cf1de02734068a3328cade998a3fc44a746054ea8,a42a308bd2c5294f3aa79a1a3b15804d4137fd68d7677d9adc037e257a217e76,reified,writable,exploratory-base,exploratory-reified,41997fb8640d9e765a0272879a63548eb9bd46bbf6e49da02b7c924e506b94f7,95f85b19db76321fdab33c70bb05485617743f83e3c9c07ce9e365b03fd9b106,f9ff8d30db2db1840ca1585b5598b1cf4d1d06ac2adb86a55b430669507fabff,b38a65fc0c1a91e138f057f7b6c08d21c328463aceb40ffda53fc759f99d2f7a,bdd50c08a90e2fb713541b8a118df6250246a917edc41a6776aeafc90b472687,4b2f0e4a3e3b12825cad3cfd9f8dcb728e80ede85dfeb043211579f312e4e7e3,"pcm-meta-v2:{""protocol"":""r9.2-frozen-identity-v7"",""message"":"""",""cell_wall_ms"":7585.816,""answer_kind"":""csv-binding-multiset-v1"",""answer_key_count"":89467,""answer_fingerprint"":""67c93b013e365ba59505e43e119906c3746645b9bc9f869b8f9b41031f052a0a"",""c_parse_samples"":[0.0,0.0,0.0,0.0,0.0],""c_protocol_samples"":[],""construct_total_samples"":[],""construct_unattributed_samples"":[],""status"":""ok"",""status_evidence"":null,""construction_requested"":null,""construction_effective"":null,""commit"":""53437ec4699b3ccdb544ea926ab1b26db45d27c5"",""batch_id"":""e193ea375d3018f78a89f98b3b129a4444792557f01113be0ea451ed8bc94054"",""query_sha256"":""3fb5f004cde33422716d95d5c5cbacb234aca04af540babdfc6cd8420a43d11d"",""engine"":""graphdb"",""engine_version"":""GraphDB (RDF4J) [engines.json profile]"",""scale"":""10M"",""base_endpoint_sha256"":""d469fb81abed135738f704ddf57de41e98939ca5bbb2509a18a42b807368aa35"",""reified_endpoint_sha256"":""1dd1196abdf2d40865f5b4bc27acd5317de9ef00443776c930991278501566aa"",""update_endpoint_sha256"":""84611d18787ae81d7e9fa8ea2c2cf2319e90db0620f009a8ca19b85486a57c7a"",""base_data_identity_sha256"":""59fb59a04cd20e6dec9ee47cf1de02734068a3328cade998a3fc44a746054ea8"",""reified_data_identity_sha256"":""a42a308bd2c5294f3aa79a1a3b15804d4137fd68d7677d9adc037e257a217e76"",""update_for"":""reified"",""access_mode"":""writable"",""base_data_name"":""exploratory-base"",""reified_data_name"":""exploratory-reified"",""update_canary_sha256"":""41997fb8640d9e765a0272879a63548eb9bd46bbf6e49da02b7c924e506b94f7"",""store_instance_sha256"":""95f85b19db76321fdab33c70bb05485617743f83e3c9c07ce9e365b03fd9b106"",""store_discriminator_sha256"":""f9ff8d30db2db1840ca1585b5598b1cf4d1d06ac2adb86a55b430669507fabff"",""tool_sha256"":""b38a65fc0c1a91e138f057f7b6c08d21c328463aceb40ffda53fc759f99d2f7a"",""java_runtime_sha256"":""bdd50c08a90e2fb713541b8a118df6250246a917edc41a6776aeafc90b472687"",""run_identity_sha256"":""4b2f0e4a3e3b12825cad3cfd9f8dcb728e80ede85dfeb043211579f312e4e7e3""}"
53437ec4699b3ccdb544ea926ab1b26db45d27c5,graphdb,GraphDB (RDF4J) [engines.json profile],10M,M,M4,00,3fb5f004cde33422716d95d5c5cbacb234aca04af540babdfc6cd8420a43d11d,R,reification-only,ok,89467,7571.2,7546.6,7629.4,7583.9,38.4,1,5,180.0,8690315,0.0,,,,,156.451224,"[7629.377, 7571.203, 7552.508, 7546.592, 7619.843]","[0.0, 0.0, 0.0, 0.0, 0.0]",,[],,[],,[],r9.2-frozen-identity-v7,e193ea375d3018f78a89f98b3b129a4444792557f01113be0ea451ed8bc94054,csv-binding-multiset-v1,89467,67c93b013e365ba59505e43e119906c3746645b9bc9f869b8f9b41031f052a0a,,,,,,,,d469fb81abed135738f704ddf57de41e98939ca5bbb2509a18a42b807368aa35,1dd1196abdf2d40865f5b4bc27acd5317de9ef00443776c930991278501566aa,84611d18787ae81d7e9fa8ea2c2cf2319e90db0620f009a8ca19b85486a57c7a,59fb59a04cd20e6dec9ee47cf1de02734068a3328cade998a3fc44a746054ea8,a42a308bd2c5294f3aa79a1a3b15804d4137fd68d7677d9adc037e257a217e76,reified,writable,exploratory-base,exploratory-reified,41997fb8640d9e765a0272879a63548eb9bd46bbf6e49da02b7c924e506b94f7,95f85b19db76321fdab33c70bb05485617743f83e3c9c07ce9e365b03fd9b106,f9ff8d30db2db1840ca1585b5598b1cf4d1d06ac2adb86a55b430669507fabff,b38a65fc0c1a91e138f057f7b6c08d21c328463aceb40ffda53fc759f99d2f7a,bdd50c08a90e2fb713541b8a118df6250246a917edc41a6776aeafc90b472687,4b2f0e4a3e3b12825cad3cfd9f8dcb728e80ede85dfeb043211579f312e4e7e3,"pcm-meta-v2:{""protocol"":""r9.2-frozen-identity-v7"",""message"":"""",""cell_wall_ms"":46233.168,""answer_kind"":""csv-binding-multiset-v1"",""answer_key_count"":89467,""answer_fingerprint"":""67c93b013e365ba59505e43e119906c3746645b9bc9f869b8f9b41031f052a0a"",""c_parse_samples"":[0.0,0.0,0.0,0.0,0.0],""c_protocol_samples"":[],""construct_total_samples"":[],""construct_unattributed_samples"":[],""status"":""ok"",""status_evidence"":null,""construction_requested"":null,""construction_effective"":null,""commit"":""53437ec4699b3ccdb544ea926ab1b26db45d27c5"",""batch_id"":""e193ea375d3018f78a89f98b3b129a4444792557f01113be0ea451ed8bc94054"",""query_sha256"":""3fb5f004cde33422716d95d5c5cbacb234aca04af540babdfc6cd8420a43d11d"",""engine"":""graphdb"",""engine_version"":""GraphDB (RDF4J) [engines.json profile]"",""scale"":""10M"",""base_endpoint_sha256"":""d469fb81abed135738f704ddf57de41e98939ca5bbb2509a18a42b807368aa35"",""reified_endpoint_sha256"":""1dd1196abdf2d40865f5b4bc27acd5317de9ef00443776c930991278501566aa"",""update_endpoint_sha256"":""84611d18787ae81d7e9fa8ea2c2cf2319e90db0620f009a8ca19b85486a57c7a"",""base_data_identity_sha256"":""59fb59a04cd20e6dec9ee47cf1de02734068a3328cade998a3fc44a746054ea8"",""reified_data_identity_sha256"":""a42a308bd2c5294f3aa79a1a3b15804d4137fd68d7677d9adc037e257a217e76"",""update_for"":""reified"",""access_mode"":""writable"",""base_data_name"":""exploratory-base"",""reified_data_name"":""exploratory-reified"",""update_canary_sha256"":""41997fb8640d9e765a0272879a63548eb9bd46bbf6e49da02b7c924e506b94f7"",""store_instance_sha256"":""95f85b19db76321fdab33c70bb05485617743f83e3c9c07ce9e365b03fd9b106"",""store_discriminator_sha256"":""f9ff8d30db2db1840ca1585b5598b1cf4d1d06ac2adb86a55b430669507fabff"",""tool_sha256"":""b38a65fc0c1a91e138f057f7b6c08d21c328463aceb40ffda53fc759f99d2f7a"",""java_runtime_sha256"":""bdd50c08a90e2fb713541b8a118df6250246a917edc41a6776aeafc90b472687"",""run_identity_sha256"":""4b2f0e4a3e3b12825cad3cfd9f8dcb728e80ede85dfeb043211579f312e4e7e3""}"
a409bfcdd7e37aa5049f3210ccb088685928836a,graphdb,GraphDB (RDF4J) [engines.json profile],10M,M,M4,00,3fb5f004cde33422716d95d5c5cbacb234aca04af540babdfc6cd8420a43d11d,N,N_clean (NPCS reimplementation),ok,149998,35121.4,35121.4,35121.4,35121.4,0.0,0,1,300.0,156916182,0.0,,,,6958577,183.313743,[35121.436],[0.0],,[],,[],,[],r9.2-frozen-identity-v7,61b334549ed5667625e48e14182bb497db7a0f86f1f6e353aa707be00236bbe2,csv-candidate-multiset-v1,149998,0dadcd5efbdffeffdb68b3722b273cf109df1d49a45e564fce37b7214641a96e,,,,,,,,d469fb81abed135738f704ddf57de41e98939ca5bbb2509a18a42b807368aa35,1dd1196abdf2d40865f5b4bc27acd5317de9ef00443776c930991278501566aa,84611d18787ae81d7e9fa8ea2c2cf2319e90db0620f009a8ca19b85486a57c7a,59fb59a04cd20e6dec9ee47cf1de02734068a3328cade998a3fc44a746054ea8,a42a308bd2c5294f3aa79a1a3b15804d4137fd68d7677d9adc037e257a217e76,reified,writable,exploratory-base,exploratory-reified,41997fb8640d9e765a0272879a63548eb9bd46bbf6e49da02b7c924e506b94f7,95f85b19db76321fdab33c70bb05485617743f83e3c9c07ce9e365b03fd9b106,f9ff8d30db2db1840ca1585b5598b1cf4d1d06ac2adb86a55b430669507fabff,b38a65fc0c1a91e138f057f7b6c08d21c328463aceb40ffda53fc759f99d2f7a,bdd50c08a90e2fb713541b8a118df6250246a917edc41a6776aeafc90b472687,04a3b46d0e9371647c096c2323a9e3f59beaf492a2ab4c77abdb8f1841103fbf,"pcm-meta-v2:{""protocol"":""r9.2-frozen-identity-v7"",""message"":"""",""cell_wall_ms"":40231.991,""answer_kind"":""csv-candidate-multiset-v1"",""answer_key_count"":149998,""answer_fingerprint"":""0dadcd5efbdffeffdb68b3722b273cf109df1d49a45e564fce37b7214641a96e"",""c_parse_samples"":[0.0],""c_protocol_samples"":[],""construct_total_samples"":[],""construct_unattributed_samples"":[],""status"":""ok"",""status_evidence"":null,""construction_requested"":null,""construction_effective"":null,""commit"":""a409bfcdd7e37aa5049f3210ccb088685928836a"",""batch_id"":""61b334549ed5667625e48e14182bb497db7a0f86f1f6e353aa707be00236bbe2"",""query_sha256"":""3fb5f004cde33422716d95d5c5cbacb234aca04af540babdfc6cd8420a43d11d"",""engine"":""graphdb"",""engine_version"":""GraphDB (RDF4J) [engines.json profile]"",""scale"":""10M"",""base_endpoint_sha256"":""d469fb81abed135738f704ddf57de41e98939ca5bbb2509a18a42b807368aa35"",""reified_endpoint_sha256"":""1dd1196abdf2d40865f5b4bc27acd5317de9ef00443776c930991278501566aa"",""update_endpoint_sha256"":""84611d18787ae81d7e9fa8ea2c2cf2319e90db0620f009a8ca19b85486a57c7a"",""base_data_identity_sha256"":""59fb59a04cd20e6dec9ee47cf1de02734068a3328cade998a3fc44a746054ea8"",""reified_data_identity_sha256"":""a42a308bd2c5294f3aa79a1a3b15804d4137fd68d7677d9adc037e257a217e76"",""update_for"":""reified"",""access_mode"":""writable"",""base_data_name"":""exploratory-base"",""reified_data_name"":""exploratory-reified"",""update_canary_sha256"":""41997fb8640d9e765a0272879a63548eb9bd46bbf6e49da02b7c924e506b94f7"",""store_instance_sha256"":""95f85b19db76321fdab33c70bb05485617743f83e3c9c07ce9e365b03fd9b106"",""store_discriminator_sha256"":""f9ff8d30db2db1840ca1585b5598b1cf4d1d06ac2adb86a55b430669507fabff"",""tool_sha256"":""b38a65fc0c1a91e138f057f7b6c08d21c328463aceb40ffda53fc759f99d2f7a"",""java_runtime_sha256"":""bdd50c08a90e2fb713541b8a118df6250246a917edc41a6776aeafc90b472687"",""run_identity_sha256"":""04a3b46d0e9371647c096c2323a9e3f59beaf492a2ab4c77abdb8f1841103fbf""}"
53437ec4699b3ccdb544ea926ab1b26db45d27c5,graphdb,GraphDB (RDF4J) [engines.json profile],10M,M,M4,00,3fb5f004cde33422716d95d5c5cbacb234aca04af540babdfc6cd8420a43d11d,C,SPARQLcirc CircuitRewriter,timeout,,,,,,,1,5,180.0,,,,,,,368.820512,[],[],,[],,[],,[],r9.2-frozen-identity-v7,e193ea375d3018f78a89f98b3b129a4444792557f01113be0ea451ed8bc94054,,,,,,,,,,,d469fb81abed135738f704ddf57de41e98939ca5bbb2509a18a42b807368aa35,1dd1196abdf2d40865f5b4bc27acd5317de9ef00443776c930991278501566aa,84611d18787ae81d7e9fa8ea2c2cf2319e90db0620f009a8ca19b85486a57c7a,59fb59a04cd20e6dec9ee47cf1de02734068a3328cade998a3fc44a746054ea8,a42a308bd2c5294f3aa79a1a3b15804d4137fd68d7677d9adc037e257a217e76,reified,writable,exploratory-base,exploratory-reified,41997fb8640d9e765a0272879a63548eb9bd46bbf6e49da02b7c924e506b94f7,95f85b19db76321fdab33c70bb05485617743f83e3c9c07ce9e365b03fd9b106,f9ff8d30db2db1840ca1585b5598b1cf4d1d06ac2adb86a55b430669507fabff,b38a65fc0c1a91e138f057f7b6c08d21c328463aceb40ffda53fc759f99d2f7a,bdd50c08a90e2fb713541b8a118df6250246a917edc41a6776aeafc90b472687,4b2f0e4a3e3b12825cad3cfd9f8dcb728e80ede85dfeb043211579f312e4e7e3,"pcm-meta-v2:{""protocol"":""r9.2-frozen-identity-v7"",""message"":""whole cell exceeded 180s hard deadline; worker reaped"",""cell_wall_ms"":180000.0,""c_parse_samples"":[],""c_protocol_samples"":[],""construct_total_samples"":[],""construct_unattributed_samples"":[],""status"":""timeout"",""status_evidence"":{""kind"":""hard-wall-deadline"",""message"":""whole cell exceeded 180s hard deadline; worker reaped""},""endpoint_lock"":{""wait_ms"":0.008,""lock_path"":""/tmp/sparqlcirc-r9-endpoint-locks-v7/95f85b19db76321fdab33c70bb05485617743f83e3c9c07ce9e365b03fd9b106.lock""},""construction_requested"":null,""construction_effective"":null,""commit"":""53437ec4699b3ccdb544ea926ab1b26db45d27c5"",""batch_id"":""e193ea375d3018f78a89f98b3b129a4444792557f01113be0ea451ed8bc94054"",""query_sha256"":""3fb5f004cde33422716d95d5c5cbacb234aca04af540babdfc6cd8420a43d11d"",""engine"":""graphdb"",""engine_version"":""GraphDB (RDF4J) [engines.json profile]"",""scale"":""10M"",""base_endpoint_sha256"":""d469fb81abed135738f704ddf57de41e98939ca5bbb2509a18a42b807368aa35"",""reified_endpoint_sha256"":""1dd1196abdf2d40865f5b4bc27acd5317de9ef00443776c930991278501566aa"",""update_endpoint_sha256"":""84611d18787ae81d7e9fa8ea2c2cf2319e90db0620f009a8ca19b85486a57c7a"",""base_data_identity_sha256"":""59fb59a04cd20e6dec9ee47cf1de02734068a3328cade998a3fc44a746054ea8"",""reified_data_identity_sha256"":""a42a308bd2c5294f3aa79a1a3b15804d4137fd68d7677d9adc037e257a217e76"",""update_for"":""reified"",""access_mode"":""writable"",""base_data_name"":""exploratory-base"",""reified_data_name"":""exploratory-reified"",""update_canary_sha256"":""41997fb8640d9e765a0272879a63548eb9bd46bbf6e49da02b7c924e506b94f7"",""store_instance_sha256"":""95f85b19db76321fdab33c70bb05485617743f83e3c9c07ce9e365b03fd9b106"",""store_discriminator_sha256"":""f9ff8d30db2db1840ca1585b5598b1cf4d1d06ac2adb86a55b430669507fabff"",""tool_sha256"":""b38a65fc0c1a91e138f057f7b6c08d21c328463aceb40ffda53fc759f99d2f7a"",""java_runtime_sha256"":""bdd50c08a90e2fb713541b8a118df6250246a917edc41a6776aeafc90b472687"",""run_identity_sha256"":""4b2f0e4a3e3b12825cad3cfd9f8dcb728e80ede85dfeb043211579f312e4e7e3""}"
53437ec4699b3ccdb544ea926ab1b26db45d27c5,graphdb,GraphDB (RDF4J) [engines.json profile],10M,M,M5,00,dbc6ab431c394a25feca14ac948b1ff1ee2c7bd219d3350f64cbec9447ef0e16,B,base-select,ok,89794,290.9,284.2,291.4,289.1,3.0,1,5,180.0,8494074,0.0,,,,,0.00785,"[291.396, 287.912, 290.85, 291.019, 284.242]","[0.0, 0.0, 0.0, 0.0, 0.0]",,[],,[],,[],r9.2-frozen-identity-v7,e193ea375d3018f78a89f98b3b129a4444792557f01113be0ea451ed8bc94054,csv-binding-multiset-v1,89794,41eb517c605aceda23d4ce2c5d5a2ef18fade3c9a298c195887d044fd078803b,,,,,,,,d469fb81abed135738f704ddf57de41e98939ca5bbb2509a18a42b807368aa35,1dd1196abdf2d40865f5b4bc27acd5317de9ef00443776c930991278501566aa,84611d18787ae81d7e9fa8ea2c2cf2319e90db0620f009a8ca19b85486a57c7a,59fb59a04cd20e6dec9ee47cf1de02734068a3328cade998a3fc44a746054ea8,a42a308bd2c5294f3aa79a1a3b15804d4137fd68d7677d9adc037e257a217e76,reified,writable,exploratory-base,exploratory-reified,41997fb8640d9e765a0272879a63548eb9bd46bbf6e49da02b7c924e506b94f7,95f85b19db76321fdab33c70bb05485617743f83e3c9c07ce9e365b03fd9b106,f9ff8d30db2db1840ca1585b5598b1cf4d1d06ac2adb86a55b430669507fabff,b38a65fc0c1a91e138f057f7b6c08d21c328463aceb40ffda53fc759f99d2f7a,bdd50c08a90e2fb713541b8a118df6250246a917edc41a6776aeafc90b472687,0798a94e3948112c27b3f925ddb21c23a9df232a9dcc2ddefaa39f99a7de865b,"pcm-meta-v2:{""protocol"":""r9.2-frozen-identity-v7"",""message"":"""",""cell_wall_ms"":2294.02,""answer_kind"":""csv-binding-multiset-v1"",""answer_key_count"":89794,""answer_fingerprint"":""41eb517c605aceda23d4ce2c5d5a2ef18fade3c9a298c195887d044fd078803b"",""c_parse_samples"":[0.0,0.0,0.0,0.0,0.0],""c_protocol_samples"":[],""construct_total_samples"":[],""construct_unattributed_samples"":[],""status"":""ok"",""status_evidence"":null,""construction_requested"":null,""construction_effective"":null,""commit"":""53437ec4699b3ccdb544ea926ab1b26db45d27c5"",""batch_id"":""e193ea375d3018f78a89f98b3b129a4444792557f01113be0ea451ed8bc94054"",""query_sha256"":""dbc6ab431c394a25feca14ac948b1ff1ee2c7bd219d3350f64cbec9447ef0e16"",""engine"":""graphdb"",""engine_version"":""GraphDB (RDF4J) [engines.json profile]"",""scale"":""10M"",""base_endpoint_sha256"":""d469fb81abed135738f704ddf57de41e98939ca5bbb2509a18a42b807368aa35"",""reified_endpoint_sha256"":""1dd1196abdf2d40865f5b4bc27acd5317de9ef00443776c930991278501566aa"",""update_endpoint_sha256"":""84611d18787ae81d7e9fa8ea2c2cf2319e90db0620f009a8ca19b85486a57c7a"",""base_data_identity_sha256"":""59fb59a04cd20e6dec9ee47cf1de02734068a3328cade998a3fc44a746054ea8"",""reified_data_identity_sha256"":""a42a308bd2c5294f3aa79a1a3b15804d4137fd68d7677d9adc037e257a217e76"",""update_for"":""reified"",""access_mode"":""writable"",""base_data_name"":""exploratory-base"",""reified_data_name"":""exploratory-reified"",""update_canary_sha256"":""41997fb8640d9e765a0272879a63548eb9bd46bbf6e49da02b7c924e506b94f7"",""store_instance_sha256"":""95f85b19db76321fdab33c70bb05485617743f83e3c9c07ce9e365b03fd9b106"",""store_discriminator_sha256"":""f9ff8d30db2db1840ca1585b5598b1cf4d1d06ac2adb86a55b430669507fabff"",""tool_sha256"":""b38a65fc0c1a91e138f057f7b6c08d21c328463aceb40ffda53fc759f99d2f7a"",""java_runtime_sha256"":""bdd50c08a90e2fb713541b8a118df6250246a917edc41a6776aeafc90b472687"",""run_identity_sha256"":""0798a94e3948112c27b3f925ddb21c23a9df232a9dcc2ddefaa39f99a7de865b""}"
53437ec4699b3ccdb544ea926ab1b26db45d27c5,graphdb,GraphDB (RDF4J) [engines.json profile],10M,M,M5,00,dbc6ab431c394a25feca14ac948b1ff1ee2c7bd219d3350f64cbec9447ef0e16,R,reification-only,ok,89794,761.6,749.5,768.0,761.6,7.6,1,5,180.0,8494074,0.0,,,,,156.054833,"[760.826, 767.988, 768.022, 749.522, 761.581]","[0.0, 0.0, 0.0, 0.0, 0.0]",,[],,[],,[],r9.2-frozen-identity-v7,e193ea375d3018f78a89f98b3b129a4444792557f01113be0ea451ed8bc94054,csv-binding-multiset-v1,89794,41eb517c605aceda23d4ce2c5d5a2ef18fade3c9a298c195887d044fd078803b,,,,,,,,d469fb81abed135738f704ddf57de41e98939ca5bbb2509a18a42b807368aa35,1dd1196abdf2d40865f5b4bc27acd5317de9ef00443776c930991278501566aa,84611d18787ae81d7e9fa8ea2c2cf2319e90db0620f009a8ca19b85486a57c7a,59fb59a04cd20e6dec9ee47cf1de02734068a3328cade998a3fc44a746054ea8,a42a308bd2c5294f3aa79a1a3b15804d4137fd68d7677d9adc037e257a217e76,reified,writable,exploratory-base,exploratory-reified,41997fb8640d9e765a0272879a63548eb9bd46bbf6e49da02b7c924e506b94f7,95f85b19db76321fdab33c70bb05485617743f83e3c9c07ce9e365b03fd9b106,f9ff8d30db2db1840ca1585b5598b1cf4d1d06ac2adb86a55b430669507fabff,b38a65fc0c1a91e138f057f7b6c08d21c328463aceb40ffda53fc759f99d2f7a,bdd50c08a90e2fb713541b8a118df6250246a917edc41a6776aeafc90b472687,0798a94e3948112c27b3f925ddb21c23a9df232a9dcc2ddefaa39f99a7de865b,"pcm-meta-v2:{""protocol"":""r9.2-frozen-identity-v7"",""message"":"""",""cell_wall_ms"":5260.626,""answer_kind"":""csv-binding-multiset-v1"",""answer_key_count"":89794,""answer_fingerprint"":""41eb517c605aceda23d4ce2c5d5a2ef18fade3c9a298c195887d044fd078803b"",""c_parse_samples"":[0.0,0.0,0.0,0.0,0.0],""c_protocol_samples"":[],""construct_total_samples"":[],""construct_unattributed_samples"":[],""status"":""ok"",""status_evidence"":null,""construction_requested"":null,""construction_effective"":null,""commit"":""53437ec4699b3ccdb544ea926ab1b26db45d27c5"",""batch_id"":""e193ea375d3018f78a89f98b3b129a4444792557f01113be0ea451ed8bc94054"",""query_sha256"":""dbc6ab431c394a25feca14ac948b1ff1ee2c7bd219d3350f64cbec9447ef0e16"",""engine"":""graphdb"",""engine_version"":""GraphDB (RDF4J) [engines.json profile]"",""scale"":""10M"",""base_endpoint_sha256"":""d469fb81abed135738f704ddf57de41e98939ca5bbb2509a18a42b807368aa35"",""reified_endpoint_sha256"":""1dd1196abdf2d40865f5b4bc27acd5317de9ef00443776c930991278501566aa"",""update_endpoint_sha256"":""84611d18787ae81d7e9fa8ea2c2cf2319e90db0620f009a8ca19b85486a57c7a"",""base_data_identity_sha256"":""59fb59a04cd20e6dec9ee47cf1de02734068a3328cade998a3fc44a746054ea8"",""reified_data_identity_sha256"":""a42a308bd2c5294f3aa79a1a3b15804d4137fd68d7677d9adc037e257a217e76"",""update_for"":""reified"",""access_mode"":""writable"",""base_data_name"":""exploratory-base"",""reified_data_name"":""exploratory-reified"",""update_canary_sha256"":""41997fb8640d9e765a0272879a63548eb9bd46bbf6e49da02b7c924e506b94f7"",""store_instance_sha256"":""95f85b19db76321fdab33c70bb05485617743f83e3c9c07ce9e365b03fd9b106"",""store_discriminator_sha256"":""f9ff8d30db2db1840ca1585b5598b1cf4d1d06ac2adb86a55b430669507fabff"",""tool_sha256"":""b38a65fc0c1a91e138f057f7b6c08d21c328463aceb40ffda53fc759f99d2f7a"",""java_runtime_sha256"":""bdd50c08a90e2fb713541b8a118df6250246a917edc41a6776aeafc90b472687"",""run_identity_sha256"":""0798a94e3948112c27b3f925ddb21c23a9df232a9dcc2ddefaa39f99a7de865b""}"
53437ec4699b3ccdb544ea926ab1b26db45d27c5,graphdb,GraphDB (RDF4J) [engines.json profile],10M,M,M5,00,dbc6ab431c394a25feca14ac948b1ff1ee2c7bd219d3350f64cbec9447ef0e16,N,N_clean (NPCS reimplementation),ok,112401,3204.7,3182.6,3232.9,3202.2,20.1,1,5,180.0,18583523,0.0,,,,284731,188.05009,"[3185.559, 3232.851, 3204.737, 3182.625, 3205.103]","[0.0, 0.0, 0.0, 0.0, 0.0]",,[],,[],,[],r9.2-frozen-identity-v7,e193ea375d3018f78a89f98b3b129a4444792557f01113be0ea451ed8bc94054,csv-candidate-multiset-v1,112401,c9ca842bef22673e1dfbb7fce75ea900f63d4ddf80f3fe7a9d7c67a58310814b,,,,,,,,d469fb81abed135738f704ddf57de41e98939ca5bbb2509a18a42b807368aa35,1dd1196abdf2d40865f5b4bc27acd5317de9ef00443776c930991278501566aa,84611d18787ae81d7e9fa8ea2c2cf2319e90db0620f009a8ca19b85486a57c7a,59fb59a04cd20e6dec9ee47cf1de02734068a3328cade998a3fc44a746054ea8,a42a308bd2c5294f3aa79a1a3b15804d4137fd68d7677d9adc037e257a217e76,reified,writable,exploratory-base,exploratory-reified,41997fb8640d9e765a0272879a63548eb9bd46bbf6e49da02b7c924e506b94f7,95f85b19db76321fdab33c70bb05485617743f83e3c9c07ce9e365b03fd9b106,f9ff8d30db2db1840ca1585b5598b1cf4d1d06ac2adb86a55b430669507fabff,b38a65fc0c1a91e138f057f7b6c08d21c328463aceb40ffda53fc759f99d2f7a,bdd50c08a90e2fb713541b8a118df6250246a917edc41a6776aeafc90b472687,0798a94e3948112c27b3f925ddb21c23a9df232a9dcc2ddefaa39f99a7de865b,"pcm-meta-v2:{""protocol"":""r9.2-frozen-identity-v7"",""message"":"""",""cell_wall_ms"":20663.094,""answer_kind"":""csv-candidate-multiset-v1"",""answer_key_count"":112401,""answer_fingerprint"":""c9ca842bef22673e1dfbb7fce75ea900f63d4ddf80f3fe7a9d7c67a58310814b"",""c_parse_samples"":[0.0,0.0,0.0,0.0,0.0],""c_protocol_samples"":[],""construct_total_samples"":[],""construct_unattributed_samples"":[],""status"":""ok"",""status_evidence"":null,""construction_requested"":null,""construction_effective"":null,""commit"":""53437ec4699b3ccdb544ea926ab1b26db45d27c5"",""batch_id"":""e193ea375d3018f78a89f98b3b129a4444792557f01113be0ea451ed8bc94054"",""query_sha256"":""dbc6ab431c394a25feca14ac948b1ff1ee2c7bd219d3350f64cbec9447ef0e16"",""engine"":""graphdb"",""engine_version"":""GraphDB (RDF4J) [engines.json profile]"",""scale"":""10M"",""base_endpoint_sha256"":""d469fb81abed135738f704ddf57de41e98939ca5bbb2509a18a42b807368aa35"",""reified_endpoint_sha256"":""1dd1196abdf2d40865f5b4bc27acd5317de9ef00443776c930991278501566aa"",""update_endpoint_sha256"":""84611d18787ae81d7e9fa8ea2c2cf2319e90db0620f009a8ca19b85486a57c7a"",""base_data_identity_sha256"":""59fb59a04cd20e6dec9ee47cf1de02734068a3328cade998a3fc44a746054ea8"",""reified_data_identity_sha256"":""a42a308bd2c5294f3aa79a1a3b15804d4137fd68d7677d9adc037e257a217e76"",""update_for"":""reified"",""access_mode"":""writable"",""base_data_name"":""exploratory-base"",""reified_data_name"":""exploratory-reified"",""update_canary_sha256"":""41997fb8640d9e765a0272879a63548eb9bd46bbf6e49da02b7c924e506b94f7"",""store_instance_sha256"":""95f85b19db76321fdab33c70bb05485617743f83e3c9c07ce9e365b03fd9b106"",""store_discriminator_sha256"":""f9ff8d30db2db1840ca1585b5598b1cf4d1d06ac2adb86a55b430669507fabff"",""tool_sha256"":""b38a65fc0c1a91e138f057f7b6c08d21c328463aceb40ffda53fc759f99d2f7a"",""java_runtime_sha256"":""bdd50c08a90e2fb713541b8a118df6250246a917edc41a6776aeafc90b472687"",""run_identity_sha256"":""0798a94e3948112c27b3f925ddb21c23a9df232a9dcc2ddefaa39f99a7de865b""}"
a409bfcdd7e37aa5049f3210ccb088685928836a,graphdb,GraphDB (RDF4J) [engines.json profile],10M,M,M5,00,dbc6ab431c394a25feca14ac948b1ff1ee2c7bd219d3350f64cbec9447ef0e16,C,SPARQLcirc CircuitRewriter,ok,112401,62275.4,62275.4,62275.4,62275.4,0.0,0,1,300.0,410198366,45881.5,866555,814083,264676,,368.132706,[62275.406],[45881.548],0.0,[0.0],108490.1,[108490.052],333.1,[333.098],r9.2-frozen-identity-v7,61b334549ed5667625e48e14182bb497db7a0f86f1f6e353aa707be00236bbe2,term-aware-candidate-set-v1,112401,6d245e584387497b12d65a83684da2711b5196d96da1885baa5ec13987172d9d,flat,flat,5a4efab6bd4e3a6e84054f71a01a7b77b0f397e1c7ffc5c3445188260f68059d,,,,,d469fb81abed135738f704ddf57de41e98939ca5bbb2509a18a42b807368aa35,1dd1196abdf2d40865f5b4bc27acd5317de9ef00443776c930991278501566aa,84611d18787ae81d7e9fa8ea2c2cf2319e90db0620f009a8ca19b85486a57c7a,59fb59a04cd20e6dec9ee47cf1de02734068a3328cade998a3fc44a746054ea8,a42a308bd2c5294f3aa79a1a3b15804d4137fd68d7677d9adc037e257a217e76,reified,writable,exploratory-base,exploratory-reified,41997fb8640d9e765a0272879a63548eb9bd46bbf6e49da02b7c924e506b94f7,95f85b19db76321fdab33c70bb05485617743f83e3c9c07ce9e365b03fd9b106,f9ff8d30db2db1840ca1585b5598b1cf4d1d06ac2adb86a55b430669507fabff,b38a65fc0c1a91e138f057f7b6c08d21c328463aceb40ffda53fc759f99d2f7a,bdd50c08a90e2fb713541b8a118df6250246a917edc41a6776aeafc90b472687,abe32ff8728d7769a1ac5692f3f75c71027272cc934732b88133426b554274cd,"pcm-meta-v2:{""protocol"":""r9.2-frozen-identity-v7"",""message"":""C requested=flat effective=flat; steps=4 feedback=0; network includes CONSTRUCT, feedback INSERT, and cleanup DELETE"",""cell_wall_ms"":109030.134,""answer_kind"":""term-aware-candidate-set-v1"",""answer_key_count"":112401,""answer_fingerprint"":""6d245e584387497b12d65a83684da2711b5196d96da1885baa5ec13987172d9d"",""c_parse_samples"":[45881.548],""c_protocol_samples"":[{""requested_mode"":""flat"",""effective_mode"":""flat"",""fallback_reason"":null,""plan_steps"":4,""feedback_steps"":0,""feedback_triples"":0,""construct_query_ms"":62275.406,""feedback_update_ms"":0.0,""cleanup_ms"":0.0,""client_protocol_ms"":0.0,""network_scope"":""construct+feedback+cleanup"",""circuit_sha256"":""5a4efab6bd4e3a6e84054f71a01a7b77b0f397e1c7ffc5c3445188260f68059d"",""answer_fingerprint"":""6d245e584387497b12d65a83684da2711b5196d96da1885baa5ec13987172d9d"",""semantic_signature_sha256"":""97c1237372cf1fea4f08268eb38068932ef1ec436cdf7d4db700f12a723e500b"",""structure_signature"":{""gates"":866555,""edges"":814083,""answers"":112401,""derivations"":264676,""canonical_bytes"":410198366},""construct_total_ms"":108490.052,""client_unattributed_ms"":333.098}],""construct_total_samples"":[108490.052],""construct_unattributed_samples"":[333.098],""status"":""ok"",""status_evidence"":null,""c_warmup_signatures"":[],""measured_semantic_signature_sha256"":""97c1237372cf1fea4f08268eb38068932ef1ec436cdf7d4db700f12a723e500b"",""measured_repetitions_consistent"":true,""endpoint_lock"":{""wait_ms"":0.007,""lock_path"":""/tmp/sparqlcirc-r9-endpoint-locks-v7/95f85b19db76321fdab33c70bb05485617743f83e3c9c07ce9e365b03fd9b106.lock""},""construction_requested"":""flat"",""construction_effective"":""flat"",""commit"":""a409bfcdd7e37aa5049f3210ccb088685928836a"",""batch_id"":""61b334549ed5667625e48e14182bb497db7a0f86f1f6e353aa707be00236bbe2"",""query_sha256"":""dbc6ab431c394a25feca14ac948b1ff1ee2c7bd219d3350f64cbec9447ef0e16"",""engine"":""graphdb"",""engine_version"":""GraphDB (RDF4J) [engines.json profile]"",""scale"":""10M"",""base_endpoint_sha256"":""d469fb81abed135738f704ddf57de41e98939ca5bbb2509a18a42b807368aa35"",""reified_endpoint_sha256"":""1dd1196abdf2d40865f5b4bc27acd5317de9ef00443776c930991278501566aa"",""update_endpoint_sha256"":""84611d18787ae81d7e9fa8ea2c2cf2319e90db0620f009a8ca19b85486a57c7a"",""base_data_identity_sha256"":""59fb59a04cd20e6dec9ee47cf1de02734068a3328cade998a3fc44a746054ea8"",""reified_data_identity_sha256"":""a42a308bd2c5294f3aa79a1a3b15804d4137fd68d7677d9adc037e257a217e76"",""update_for"":""reified"",""access_mode"":""writable"",""base_data_name"":""exploratory-base"",""reified_data_name"":""exploratory-reified"",""update_canary_sha256"":""41997fb8640d9e765a0272879a63548eb9bd46bbf6e49da02b7c924e506b94f7"",""store_instance_sha256"":""95f85b19db76321fdab33c70bb05485617743f83e3c9c07ce9e365b03fd9b106"",""store_discriminator_sha256"":""f9ff8d30db2db1840ca1585b5598b1cf4d1d06ac2adb86a55b430669507fabff"",""tool_sha256"":""b38a65fc0c1a91e138f057f7b6c08d21c328463aceb40ffda53fc759f99d2f7a"",""java_runtime_sha256"":""bdd50c08a90e2fb713541b8a118df6250246a917edc41a6776aeafc90b472687"",""run_identity_sha256"":""abe32ff8728d7769a1ac5692f3f75c71027272cc934732b88133426b554274cd""}"
53437ec4699b3ccdb544ea926ab1b26db45d27c5,graphdb,GraphDB (RDF4J) [engines.json profile],10M,C,C1,00,ef8aa4a34b4e6f77cd2222ea98467b92ca1acc5ed05ba7efc6d7f7aff345f7a1,B,base-select,ok,16,68.0,67.1,69.2,68.0,0.8,1,5,180.0,3090,0.0,,,,,0.006961,"[67.093, 69.239, 68.047, 68.03, 67.447]","[0.0, 0.0, 0.0, 0.0, 0.0]",,[],,[],,[],r9.2-frozen-identity-v7,f065524d0b9c90bcb0884d077c5e4a00c141708b0e2a6efb086f5456f022872d,csv-binding-multiset-v1,16,40913a4059f2d37036c768f1f056741f830f9bf3df53947c8150d69b0253ac3c,,,,,,,,d469fb81abed135738f704ddf57de41e98939ca5bbb2509a18a42b807368aa35,1dd1196abdf2d40865f5b4bc27acd5317de9ef00443776c930991278501566aa,84611d18787ae81d7e9fa8ea2c2cf2319e90db0620f009a8ca19b85486a57c7a,59fb59a04cd20e6dec9ee47cf1de02734068a3328cade998a3fc44a746054ea8,a42a308bd2c5294f3aa79a1a3b15804d4137fd68d7677d9adc037e257a217e76,reified,writable,exploratory-base,exploratory-reified,41997fb8640d9e765a0272879a63548eb9bd46bbf6e49da02b7c924e506b94f7,95f85b19db76321fdab33c70bb05485617743f83e3c9c07ce9e365b03fd9b106,f9ff8d30db2db1840ca1585b5598b1cf4d1d06ac2adb86a55b430669507fabff,b38a65fc0c1a91e138f057f7b6c08d21c328463aceb40ffda53fc759f99d2f7a,bdd50c08a90e2fb713541b8a118df6250246a917edc41a6776aeafc90b472687,d3e34206c3d1919f72866cf9cd0c04bbc06a8b0ac0e5a1bfeae2afb40a0f521d,"pcm-meta-v2:{""protocol"":""r9.2-frozen-identity-v7"",""message"":"""",""cell_wall_ms"":426.771,""answer_kind"":""csv-binding-multiset-v1"",""answer_key_count"":16,""answer_fingerprint"":""40913a4059f2d37036c768f1f056741f830f9bf3df53947c8150d69b0253ac3c"",""c_parse_samples"":[0.0,0.0,0.0,0.0,0.0],""c_protocol_samples"":[],""construct_total_samples"":[],""construct_unattributed_samples"":[],""status"":""ok"",""status_evidence"":null,""construction_requested"":null,""construction_effective"":null,""commit"":""53437ec4699b3ccdb544ea926ab1b26db45d27c5"",""batch_id"":""f065524d0b9c90bcb0884d077c5e4a00c141708b0e2a6efb086f5456f022872d"",""query_sha256"":""ef8aa4a34b4e6f77cd2222ea98467b92ca1acc5ed05ba7efc6d7f7aff345f7a1"",""engine"":""graphdb"",""engine_version"":""GraphDB (RDF4J) [engines.json profile]"",""scale"":""10M"",""base_endpoint_sha256"":""d469fb81abed135738f704ddf57de41e98939ca5bbb2509a18a42b807368aa35"",""reified_endpoint_sha256"":""1dd1196abdf2d40865f5b4bc27acd5317de9ef00443776c930991278501566aa"",""update_endpoint_sha256"":""84611d18787ae81d7e9fa8ea2c2cf2319e90db0620f009a8ca19b85486a57c7a"",""base_data_identity_sha256"":""59fb59a04cd20e6dec9ee47cf1de02734068a3328cade998a3fc44a746054ea8"",""reified_data_identity_sha256"":""a42a308bd2c5294f3aa79a1a3b15804d4137fd68d7677d9adc037e257a217e76"",""update_for"":""reified"",""access_mode"":""writable"",""base_data_name"":""exploratory-base"",""reified_data_name"":""exploratory-reified"",""update_canary_sha256"":""41997fb8640d9e765a0272879a63548eb9bd46bbf6e49da02b7c924e506b94f7"",""store_instance_sha256"":""95f85b19db76321fdab33c70bb05485617743f83e3c9c07ce9e365b03fd9b106"",""store_discriminator_sha256"":""f9ff8d30db2db1840ca1585b5598b1cf4d1d06ac2adb86a55b430669507fabff"",""tool_sha256"":""b38a65fc0c1a91e138f057f7b6c08d21c328463aceb40ffda53fc759f99d2f7a"",""java_runtime_sha256"":""bdd50c08a90e2fb713541b8a118df6250246a917edc41a6776aeafc90b472687"",""run_identity_sha256"":""d3e34206c3d1919f72866cf9cd0c04bbc06a8b0ac0e5a1bfeae2afb40a0f521d""}"
53437ec4699b3ccdb544ea926ab1b26db45d27c5,graphdb,GraphDB (RDF4J) [engines.json profile],10M,C,C1,00,ef8aa4a34b4e6f77cd2222ea98467b92ca1acc5ed05ba7efc6d7f7aff345f7a1,R,reification-only,ok,16,1089.4,1082.6,1101.1,1090.8,8.3,1,5,180.0,3090,0.0,,,,,157.180195,"[1083.286, 1097.518, 1089.372, 1101.064, 1082.599]","[0.0, 0.0, 0.0, 0.0, 0.0]",,[],,[],,[],r9.2-frozen-identity-v7,f065524d0b9c90bcb0884d077c5e4a00c141708b0e2a6efb086f5456f022872d,csv-binding-multiset-v1,16,40913a4059f2d37036c768f1f056741f830f9bf3df53947c8150d69b0253ac3c,,,,,,,,d469fb81abed135738f704ddf57de41e98939ca5bbb2509a18a42b807368aa35,1dd1196abdf2d40865f5b4bc27acd5317de9ef00443776c930991278501566aa,84611d18787ae81d7e9fa8ea2c2cf2319e90db0620f009a8ca19b85486a57c7a,59fb59a04cd20e6dec9ee47cf1de02734068a3328cade998a3fc44a746054ea8,a42a308bd2c5294f3aa79a1a3b15804d4137fd68d7677d9adc037e257a217e76,reified,writable,exploratory-base,exploratory-reified,41997fb8640d9e765a0272879a63548eb9bd46bbf6e49da02b7c924e506b94f7,95f85b19db76321fdab33c70bb05485617743f83e3c9c07ce9e365b03fd9b106,f9ff8d30db2db1840ca1585b5598b1cf4d1d06ac2adb86a55b430669507fabff,b38a65fc0c1a91e138f057f7b6c08d21c328463aceb40ffda53fc759f99d2f7a,bdd50c08a90e2fb713541b8a118df6250246a917edc41a6776aeafc90b472687,d3e34206c3d1919f72866cf9cd0c04bbc06a8b0ac0e5a1bfeae2afb40a0f521d,"pcm-meta-v2:{""protocol"":""r9.2-frozen-identity-v7"",""message"":"""",""cell_wall_ms"":6836.666,""answer_kind"":""csv-binding-multiset-v1"",""answer_key_count"":16,""answer_fingerprint"":""40913a4059f2d37036c768f1f056741f830f9bf3df53947c8150d69b0253ac3c"",""c_parse_samples"":[0.0,0.0,0.0,0.0,0.0],""c_protocol_samples"":[],""construct_total_samples"":[],""construct_unattributed_samples"":[],""status"":""ok"",""status_evidence"":null,""construction_requested"":null,""construction_effective"":null,""commit"":""53437ec4699b3ccdb544ea926ab1b26db45d27c5"",""batch_id"":""f065524d0b9c90bcb0884d077c5e4a00c141708b0e2a6efb086f5456f022872d"",""query_sha256"":""ef8aa4a34b4e6f77cd2222ea98467b92ca1acc5ed05ba7efc6d7f7aff345f7a1"",""engine"":""graphdb"",""engine_version"":""GraphDB (RDF4J) [engines.json profile]"",""scale"":""10M"",""base_endpoint_sha256"":""d469fb81abed135738f704ddf57de41e98939ca5bbb2509a18a42b807368aa35"",""reified_endpoint_sha256"":""1dd1196abdf2d40865f5b4bc27acd5317de9ef00443776c930991278501566aa"",""update_endpoint_sha256"":""84611d18787ae81d7e9fa8ea2c2cf2319e90db0620f009a8ca19b85486a57c7a"",""base_data_identity_sha256"":""59fb59a04cd20e6dec9ee47cf1de02734068a3328cade998a3fc44a746054ea8"",""reified_data_identity_sha256"":""a42a308bd2c5294f3aa79a1a3b15804d4137fd68d7677d9adc037e257a217e76"",""update_for"":""reified"",""access_mode"":""writable"",""base_data_name"":""exploratory-base"",""reified_data_name"":""exploratory-reified"",""update_canary_sha256"":""41997fb8640d9e765a0272879a63548eb9bd46bbf6e49da02b7c924e506b94f7"",""store_instance_sha256"":""95f85b19db76321fdab33c70bb05485617743f83e3c9c07ce9e365b03fd9b106"",""store_discriminator_sha256"":""f9ff8d30db2db1840ca1585b5598b1cf4d1d06ac2adb86a55b430669507fabff"",""tool_sha256"":""b38a65fc0c1a91e138f057f7b6c08d21c328463aceb40ffda53fc759f99d2f7a"",""java_runtime_sha256"":""bdd50c08a90e2fb713541b8a118df6250246a917edc41a6776aeafc90b472687"",""run_identity_sha256"":""d3e34206c3d1919f72866cf9cd0c04bbc06a8b0ac0e5a1bfeae2afb40a0f521d""}"
53437ec4699b3ccdb544ea926ab1b26db45d27c5,graphdb,GraphDB (RDF4J) [engines.json profile],10M,C,C1,00,ef8aa4a34b4e6f77cd2222ea98467b92ca1acc5ed05ba7efc6d7f7aff345f7a1,N,N_clean (NPCS reimplementation),ok,8,191.6,187.8,192.2,190.8,1.8,1,5,180.0,3439,0.0,,,,16,186.509607,"[187.771, 192.237, 191.594, 191.922, 190.446]","[0.0, 0.0, 0.0, 0.0, 0.0]",,[],,[],,[],r9.2-frozen-identity-v7,f065524d0b9c90bcb0884d077c5e4a00c141708b0e2a6efb086f5456f022872d,csv-candidate-multiset-v1,8,2aa8697f044a85e8591735da2d3fc3413e703bd161d3ffddf3e4ef943b78c10c,,,,,,,,d469fb81abed135738f704ddf57de41e98939ca5bbb2509a18a42b807368aa35,1dd1196abdf2d40865f5b4bc27acd5317de9ef00443776c930991278501566aa,84611d18787ae81d7e9fa8ea2c2cf2319e90db0620f009a8ca19b85486a57c7a,59fb59a04cd20e6dec9ee47cf1de02734068a3328cade998a3fc44a746054ea8,a42a308bd2c5294f3aa79a1a3b15804d4137fd68d7677d9adc037e257a217e76,reified,writable,exploratory-base,exploratory-reified,41997fb8640d9e765a0272879a63548eb9bd46bbf6e49da02b7c924e506b94f7,95f85b19db76321fdab33c70bb05485617743f83e3c9c07ce9e365b03fd9b106,f9ff8d30db2db1840ca1585b5598b1cf4d1d06ac2adb86a55b430669507fabff,b38a65fc0c1a91e138f057f7b6c08d21c328463aceb40ffda53fc759f99d2f7a,bdd50c08a90e2fb713541b8a118df6250246a917edc41a6776aeafc90b472687,d3e34206c3d1919f72866cf9cd0c04bbc06a8b0ac0e5a1bfeae2afb40a0f521d,"pcm-meta-v2:{""protocol"":""r9.2-frozen-identity-v7"",""message"":"""",""cell_wall_ms"":1338.058,""answer_kind"":""csv-candidate-multiset-v1"",""answer_key_count"":8,""answer_fingerprint"":""2aa8697f044a85e8591735da2d3fc3413e703bd161d3ffddf3e4ef943b78c10c"",""c_parse_samples"":[0.0,0.0,0.0,0.0,0.0],""c_protocol_samples"":[],""construct_total_samples"":[],""construct_unattributed_samples"":[],""status"":""ok"",""status_evidence"":null,""construction_requested"":null,""construction_effective"":null,""commit"":""53437ec4699b3ccdb544ea926ab1b26db45d27c5"",""batch_id"":""f065524d0b9c90bcb0884d077c5e4a00c141708b0e2a6efb086f5456f022872d"",""query_sha256"":""ef8aa4a34b4e6f77cd2222ea98467b92ca1acc5ed05ba7efc6d7f7aff345f7a1"",""engine"":""graphdb"",""engine_version"":""GraphDB (RDF4J) [engines.json profile]"",""scale"":""10M"",""base_endpoint_sha256"":""d469fb81abed135738f704ddf57de41e98939ca5bbb2509a18a42b807368aa35"",""reified_endpoint_sha256"":""1dd1196abdf2d40865f5b4bc27acd5317de9ef00443776c930991278501566aa"",""update_endpoint_sha256"":""84611d18787ae81d7e9fa8ea2c2cf2319e90db0620f009a8ca19b85486a57c7a"",""base_data_identity_sha256"":""59fb59a04cd20e6dec9ee47cf1de02734068a3328cade998a3fc44a746054ea8"",""reified_data_identity_sha256"":""a42a308bd2c5294f3aa79a1a3b15804d4137fd68d7677d9adc037e257a217e76"",""update_for"":""reified"",""access_mode"":""writable"",""base_data_name"":""exploratory-base"",""reified_data_name"":""exploratory-reified"",""update_canary_sha256"":""41997fb8640d9e765a0272879a63548eb9bd46bbf6e49da02b7c924e506b94f7"",""store_instance_sha256"":""95f85b19db76321fdab33c70bb05485617743f83e3c9c07ce9e365b03fd9b106"",""store_discriminator_sha256"":""f9ff8d30db2db1840ca1585b5598b1cf4d1d06ac2adb86a55b430669507fabff"",""tool_sha256"":""b38a65fc0c1a91e138f057f7b6c08d21c328463aceb40ffda53fc759f99d2f7a"",""java_runtime_sha256"":""bdd50c08a90e2fb713541b8a118df6250246a917edc41a6776aeafc90b472687"",""run_identity_sha256"":""d3e34206c3d1919f72866cf9cd0c04bbc06a8b0ac0e5a1bfeae2afb40a0f521d""}"
53437ec4699b3ccdb544ea926ab1b26db45d27c5,graphdb,GraphDB (RDF4J) [engines.json profile],10M,C,C1,00,ef8aa4a34b4e6f77cd2222ea98467b92ca1acc5ed05ba7efc6d7f7aff345f7a1,C,SPARQLcirc CircuitRewriter,ok,8,3571.8,3556.5,3611.5,3576.9,22.8,1,5,180.0,36404,3.4,24,144,16,,386.268719,"[3571.803, 3586.579, 3556.537, 3558.109, 3611.489]","[3.38, 3.508, 3.387, 3.172, 3.373]",0.0,"[0.0, 0.0, 0.0, 0.0, 0.0]",3575.3,"[3575.263, 3590.167, 3560.018, 3561.359, 3614.937]",0.1,"[0.081, 0.079, 0.094, 0.078, 0.074]",r9.2-frozen-identity-v7,f065524d0b9c90bcb0884d077c5e4a00c141708b0e2a6efb086f5456f022872d,term-aware-candidate-set-v1,8,148f586f826f86731d863be0033f07c788fd995db05e0da27d871de604f13832,flat,flat,845479a590bc00816fb258069fdf18f49832f09daeaee051d6016045ebe08104,,,,,d469fb81abed135738f704ddf57de41e98939ca5bbb2509a18a42b807368aa35,1dd1196abdf2d40865f5b4bc27acd5317de9ef00443776c930991278501566aa,84611d18787ae81d7e9fa8ea2c2cf2319e90db0620f009a8ca19b85486a57c7a,59fb59a04cd20e6dec9ee47cf1de02734068a3328cade998a3fc44a746054ea8,a42a308bd2c5294f3aa79a1a3b15804d4137fd68d7677d9adc037e257a217e76,reified,writable,exploratory-base,exploratory-reified,41997fb8640d9e765a0272879a63548eb9bd46bbf6e49da02b7c924e506b94f7,95f85b19db76321fdab33c70bb05485617743f83e3c9c07ce9e365b03fd9b106,f9ff8d30db2db1840ca1585b5598b1cf4d1d06ac2adb86a55b430669507fabff,b38a65fc0c1a91e138f057f7b6c08d21c328463aceb40ffda53fc759f99d2f7a,bdd50c08a90e2fb713541b8a118df6250246a917edc41a6776aeafc90b472687,d3e34206c3d1919f72866cf9cd0c04bbc06a8b0ac0e5a1bfeae2afb40a0f521d,"pcm-meta-v2:{""protocol"":""r9.2-frozen-identity-v7"",""message"":""C requested=flat effective=flat; steps=1 feedback=0; network includes CONSTRUCT, feedback INSERT, and cleanup DELETE"",""cell_wall_ms"":21964.803,""answer_kind"":""term-aware-candidate-set-v1"",""answer_key_count"":8,""answer_fingerprint"":""148f586f826f86731d863be0033f07c788fd995db05e0da27d871de604f13832"",""c_parse_samples"":[3.38,3.508,3.387,3.172,3.373],""c_protocol_samples"":[{""requested_mode"":""flat"",""effective_mode"":""flat"",""fallback_reason"":null,""plan_steps"":1,""feedback_steps"":0,""feedback_triples"":0,""construct_query_ms"":3571.803,""feedback_update_ms"":0.0,""cleanup_ms"":0.0,""client_protocol_ms"":0.0,""network_scope"":""construct+feedback+cleanup"",""circuit_sha256"":""845479a590bc00816fb258069fdf18f49832f09daeaee051d6016045ebe08104"",""answer_fingerprint"":""148f586f826f86731d863be0033f07c788fd995db05e0da27d871de604f13832"",""semantic_signature_sha256"":""6f264acaf5f2209184ffb69753433182d0e816ddb1bac1878675f85a9d6a7ac0"",""structure_signature"":{""gates"":24,""edges"":144,""answers"":8,""derivations"":16,""canonical_bytes"":36404},""construct_total_ms"":3575.263,""client_unattributed_ms"":0.081},{""requested_mode"":""flat"",""effective_mode"":""flat"",""fallback_reason"":null,""plan_steps"":1,""feedback_steps"":0,""feedback_triples"":0,""construct_query_ms"":3586.579,""feedback_update_ms"":0.0,""cleanup_ms"":0.0,""client_protocol_ms"":0.0,""network_scope"":""construct+feedback+cleanup"",""circuit_sha256"":""845479a590bc00816fb258069fdf18f49832f09daeaee051d6016045ebe08104"",""answer_fingerprint"":""148f586f826f86731d863be0033f07c788fd995db05e0da27d871de604f13832"",""semantic_signature_sha256"":""6f264acaf5f2209184ffb69753433182d0e816ddb1bac1878675f85a9d6a7ac0"",""structure_signature"":{""gates"":24,""edges"":144,""answers"":8,""derivations"":16,""canonical_bytes"":36404},""construct_total_ms"":3590.167,""client_unattributed_ms"":0.079},{""requested_mode"":""flat"",""effective_mode"":""flat"",""fallback_reason"":null,""plan_steps"":1,""feedback_steps"":0,""feedback_triples"":0,""construct_query_ms"":3556.537,""feedback_update_ms"":0.0,""cleanup_ms"":0.0,""client_protocol_ms"":0.0,""network_scope"":""construct+feedback+cleanup"",""circuit_sha256"":""845479a590bc00816fb258069fdf18f49832f09daeaee051d6016045ebe08104"",""answer_fingerprint"":""148f586f826f86731d863be0033f07c788fd995db05e0da27d871de604f13832"",""semantic_signature_sha256"":""6f264acaf5f2209184ffb69753433182d0e816ddb1bac1878675f85a9d6a7ac0"",""structure_signature"":{""gates"":24,""edges"":144,""answers"":8,""derivations"":16,""canonical_bytes"":36404},""construct_total_ms"":3560.018,""client_unattributed_ms"":0.094},{""requested_mode"":""flat"",""effective_mode"":""flat"",""fallback_reason"":null,""plan_steps"":1,""feedback_steps"":0,""feedback_triples"":0,""construct_query_ms"":3558.109,""feedback_update_ms"":0.0,""cleanup_ms"":0.0,""client_protocol_ms"":0.0,""network_scope"":""construct+feedback+cleanup"",""circuit_sha256"":""845479a590bc00816fb258069fdf18f49832f09daeaee051d6016045ebe08104"",""answer_fingerprint"":""148f586f826f86731d863be0033f07c788fd995db05e0da27d871de604f13832"",""semantic_signature_sha256"":""6f264acaf5f2209184ffb69753433182d0e816ddb1bac1878675f85a9d6a7ac0"",""structure_signature"":{""gates"":24,""edges"":144,""answers"":8,""derivations"":16,""canonical_bytes"":36404},""construct_total_ms"":3561.359,""client_unattributed_ms"":0.078},{""requested_mode"":""flat"",""effective_mode"":""flat"",""fallback_reason"":null,""plan_steps"":1,""feedback_steps"":0,""feedback_triples"":0,""construct_query_ms"":3611.489,""feedback_update_ms"":0.0,""cleanup_ms"":0.0,""client_protocol_ms"":0.0,""network_scope"":""construct+feedback+cleanup"",""circuit_sha256"":""845479a590bc00816fb258069fdf18f49832f09daeaee051d6016045ebe08104"",""answer_fingerprint"":""148f586f826f86731d863be0033f07c788fd995db05e0da27d871de604f13832"",""semantic_signature_sha256"":""6f264acaf5f2209184ffb69753433182d0e816ddb1bac1878675f85a9d6a7ac0"",""structure_signature"":{""gates"":24,""edges"":144,""answers"":8,""derivations"":16,""canonical_bytes"":36404},""construct_total_ms"":3614.937,""client_unattributed_ms"":0.074}],""construct_total_samples"":[3575.263,3590.167,3560.018,3561.359,3614.937],""construct_unattributed_samples"":[0.081,0.079,0.094,0.078,0.074],""status"":""ok"",""status_evidence"":null,""c_warmup_signatures"":[""6f264acaf5f2209184ffb69753433182d0e816ddb1bac1878675f85a9d6a7ac0""],""measured_semantic_signature_sha256"":""6f264acaf5f2209184ffb69753433182d0e816ddb1bac1878675f85a9d6a7ac0"",""measured_repetitions_consistent"":true,""endpoint_lock"":{""wait_ms"":0.009,""lock_path"":""/tmp/sparqlcirc-r9-endpoint-locks-v7/95f85b19db76321fdab33c70bb05485617743f83e3c9c07ce9e365b03fd9b106.lock""},""construction_requested"":""flat"",""construction_effective"":""flat"",""commit"":""53437ec4699b3ccdb544ea926ab1b26db45d27c5"",""batch_id"":""f065524d0b9c90bcb0884d077c5e4a00c141708b0e2a6efb086f5456f022872d"",""query_sha256"":""ef8aa4a34b4e6f77cd2222ea98467b92ca1acc5ed05ba7efc6d7f7aff345f7a1"",""engine"":""graphdb"",""engine_version"":""GraphDB (RDF4J) [engines.json profile]"",""scale"":""10M"",""base_endpoint_sha256"":""d469fb81abed135738f704ddf57de41e98939ca5bbb2509a18a42b807368aa35"",""reified_endpoint_sha256"":""1dd1196abdf2d40865f5b4bc27acd5317de9ef00443776c930991278501566aa"",""update_endpoint_sha256"":""84611d18787ae81d7e9fa8ea2c2cf2319e90db0620f009a8ca19b85486a57c7a"",""base_data_identity_sha256"":""59fb59a04cd20e6dec9ee47cf1de02734068a3328cade998a3fc44a746054ea8"",""reified_data_identity_sha256"":""a42a308bd2c5294f3aa79a1a3b15804d4137fd68d7677d9adc037e257a217e76"",""update_for"":""reified"",""access_mode"":""writable"",""base_data_name"":""exploratory-base"",""reified_data_name"":""exploratory-reified"",""update_canary_sha256"":""41997fb8640d9e765a0272879a63548eb9bd46bbf6e49da02b7c924e506b94f7"",""store_instance_sha256"":""95f85b19db76321fdab33c70bb05485617743f83e3c9c07ce9e365b03fd9b106"",""store_discriminator_sha256"":""f9ff8d30db2db1840ca1585b5598b1cf4d1d06ac2adb86a55b430669507fabff"",""tool_sha256"":""b38a65fc0c1a91e138f057f7b6c08d21c328463aceb40ffda53fc759f99d2f7a"",""java_runtime_sha256"":""bdd50c08a90e2fb713541b8a118df6250246a917edc41a6776aeafc90b472687"",""run_identity_sha256"":""d3e34206c3d1919f72866cf9cd0c04bbc06a8b0ac0e5a1bfeae2afb40a0f521d""}"
53437ec4699b3ccdb544ea926ab1b26db45d27c5,graphdb,GraphDB (RDF4J) [engines.json profile],10M,C,C2,00,3a541db29afdc134602c70294332f99a26badf7d0abb258173084dcef59f3af1,B,base-select,ok,0,43.6,43.5,44.5,43.8,0.4,1,5,180.0,13,0.0,,,,,0.007981,"[43.789, 43.479, 43.588, 43.599, 44.493]","[0.0, 0.0, 0.0, 0.0, 0.0]",,[],,[],,[],r9.2-frozen-identity-v7,f065524d0b9c90bcb0884d077c5e4a00c141708b0e2a6efb086f5456f022872d,csv-binding-multiset-v1,0,4f53cda18c2baa0c0354bb5f9a3ecbe5ed12ab4d8e11ba873c2f11161202b945,,,,,,,,d469fb81abed135738f704ddf57de41e98939ca5bbb2509a18a42b807368aa35,1dd1196abdf2d40865f5b4bc27acd5317de9ef00443776c930991278501566aa,84611d18787ae81d7e9fa8ea2c2cf2319e90db0620f009a8ca19b85486a57c7a,59fb59a04cd20e6dec9ee47cf1de02734068a3328cade998a3fc44a746054ea8,a42a308bd2c5294f3aa79a1a3b15804d4137fd68d7677d9adc037e257a217e76,reified,writable,exploratory-base,exploratory-reified,41997fb8640d9e765a0272879a63548eb9bd46bbf6e49da02b7c924e506b94f7,95f85b19db76321fdab33c70bb05485617743f83e3c9c07ce9e365b03fd9b106,f9ff8d30db2db1840ca1585b5598b1cf4d1d06ac2adb86a55b430669507fabff,b38a65fc0c1a91e138f057f7b6c08d21c328463aceb40ffda53fc759f99d2f7a,bdd50c08a90e2fb713541b8a118df6250246a917edc41a6776aeafc90b472687,7cfb096e46f2589073cebde65dbcfe217933d6927060a1d25378f3a45eb08d2a,"pcm-meta-v2:{""protocol"":""r9.2-frozen-identity-v7"",""message"":"""",""cell_wall_ms"":301.955,""answer_kind"":""csv-binding-multiset-v1"",""answer_key_count"":0,""answer_fingerprint"":""4f53cda18c2baa0c0354bb5f9a3ecbe5ed12ab4d8e11ba873c2f11161202b945"",""c_parse_samples"":[0.0,0.0,0.0,0.0,0.0],""c_protocol_samples"":[],""construct_total_samples"":[],""construct_unattributed_samples"":[],""status"":""ok"",""status_evidence"":null,""construction_requested"":null,""construction_effective"":null,""commit"":""53437ec4699b3ccdb544ea926ab1b26db45d27c5"",""batch_id"":""f065524d0b9c90bcb0884d077c5e4a00c141708b0e2a6efb086f5456f022872d"",""query_sha256"":""3a541db29afdc134602c70294332f99a26badf7d0abb258173084dcef59f3af1"",""engine"":""graphdb"",""engine_version"":""GraphDB (RDF4J) [engines.json profile]"",""scale"":""10M"",""base_endpoint_sha256"":""d469fb81abed135738f704ddf57de41e98939ca5bbb2509a18a42b807368aa35"",""reified_endpoint_sha256"":""1dd1196abdf2d40865f5b4bc27acd5317de9ef00443776c930991278501566aa"",""update_endpoint_sha256"":""84611d18787ae81d7e9fa8ea2c2cf2319e90db0620f009a8ca19b85486a57c7a"",""base_data_identity_sha256"":""59fb59a04cd20e6dec9ee47cf1de02734068a3328cade998a3fc44a746054ea8"",""reified_data_identity_sha256"":""a42a308bd2c5294f3aa79a1a3b15804d4137fd68d7677d9adc037e257a217e76"",""update_for"":""reified"",""access_mode"":""writable"",""base_data_name"":""exploratory-base"",""reified_data_name"":""exploratory-reified"",""update_canary_sha256"":""41997fb8640d9e765a0272879a63548eb9bd46bbf6e49da02b7c924e506b94f7"",""store_instance_sha256"":""95f85b19db76321fdab33c70bb05485617743f83e3c9c07ce9e365b03fd9b106"",""store_discriminator_sha256"":""f9ff8d30db2db1840ca1585b5598b1cf4d1d06ac2adb86a55b430669507fabff"",""tool_sha256"":""b38a65fc0c1a91e138f057f7b6c08d21c328463aceb40ffda53fc759f99d2f7a"",""java_runtime_sha256"":""bdd50c08a90e2fb713541b8a118df6250246a917edc41a6776aeafc90b472687"",""run_identity_sha256"":""7cfb096e46f2589073cebde65dbcfe217933d6927060a1d25378f3a45eb08d2a""}"
53437ec4699b3ccdb544ea926ab1b26db45d27c5,graphdb,GraphDB (RDF4J) [engines.json profile],10M,C,C2,00,3a541db29afdc134602c70294332f99a26badf7d0abb258173084dcef59f3af1,R,reification-only,ok,0,382.9,377.0,386.4,382.5,3.7,1,5,180.0,13,0.0,,,,,133.918496,"[381.003, 386.432, 384.978, 377.011, 382.909]","[0.0, 0.0, 0.0, 0.0, 0.0]",,[],,[],,[],r9.2-frozen-identity-v7,f065524d0b9c90bcb0884d077c5e4a00c141708b0e2a6efb086f5456f022872d,csv-binding-multiset-v1,0,4f53cda18c2baa0c0354bb5f9a3ecbe5ed12ab4d8e11ba873c2f11161202b945,,,,,,,,d469fb81abed135738f704ddf57de41e98939ca5bbb2509a18a42b807368aa35,1dd1196abdf2d40865f5b4bc27acd5317de9ef00443776c930991278501566aa,84611d18787ae81d7e9fa8ea2c2cf2319e90db0620f009a8ca19b85486a57c7a,59fb59a04cd20e6dec9ee47cf1de02734068a3328cade998a3fc44a746054ea8,a42a308bd2c5294f3aa79a1a3b15804d4137fd68d7677d9adc037e257a217e76,reified,writable,exploratory-base,exploratory-reified,41997fb8640d9e765a0272879a63548eb9bd46bbf6e49da02b7c924e506b94f7,95f85b19db76321fdab33c70bb05485617743f83e3c9c07ce9e365b03fd9b106,f9ff8d30db2db1840ca1585b5598b1cf4d1d06ac2adb86a55b430669507fabff,b38a65fc0c1a91e138f057f7b6c08d21c328463aceb40ffda53fc759f99d2f7a,bdd50c08a90e2fb713541b8a118df6250246a917edc41a6776aeafc90b472687,7cfb096e46f2589073cebde65dbcfe217933d6927060a1d25378f3a45eb08d2a,"pcm-meta-v2:{""protocol"":""r9.2-frozen-identity-v7"",""message"":"""",""cell_wall_ms"":2469.204,""answer_kind"":""csv-binding-multiset-v1"",""answer_key_count"":0,""answer_fingerprint"":""4f53cda18c2baa0c0354bb5f9a3ecbe5ed12ab4d8e11ba873c2f11161202b945"",""c_parse_samples"":[0.0,0.0,0.0,0.0,0.0],""c_protocol_samples"":[],""construct_total_samples"":[],""construct_unattributed_samples"":[],""status"":""ok"",""status_evidence"":null,""construction_requested"":null,""construction_effective"":null,""commit"":""53437ec4699b3ccdb544ea926ab1b26db45d27c5"",""batch_id"":""f065524d0b9c90bcb0884d077c5e4a00c141708b0e2a6efb086f5456f022872d"",""query_sha256"":""3a541db29afdc134602c70294332f99a26badf7d0abb258173084dcef59f3af1"",""engine"":""graphdb"",""engine_version"":""GraphDB (RDF4J) [engines.json profile]"",""scale"":""10M"",""base_endpoint_sha256"":""d469fb81abed135738f704ddf57de41e98939ca5bbb2509a18a42b807368aa35"",""reified_endpoint_sha256"":""1dd1196abdf2d40865f5b4bc27acd5317de9ef00443776c930991278501566aa"",""update_endpoint_sha256"":""84611d18787ae81d7e9fa8ea2c2cf2319e90db0620f009a8ca19b85486a57c7a"",""base_data_identity_sha256"":""59fb59a04cd20e6dec9ee47cf1de02734068a3328cade998a3fc44a746054ea8"",""reified_data_identity_sha256"":""a42a308bd2c5294f3aa79a1a3b15804d4137fd68d7677d9adc037e257a217e76"",""update_for"":""reified"",""access_mode"":""writable"",""base_data_name"":""exploratory-base"",""reified_data_name"":""exploratory-reified"",""update_canary_sha256"":""41997fb8640d9e765a0272879a63548eb9bd46bbf6e49da02b7c924e506b94f7"",""store_instance_sha256"":""95f85b19db76321fdab33c70bb05485617743f83e3c9c07ce9e365b03fd9b106"",""store_discriminator_sha256"":""f9ff8d30db2db1840ca1585b5598b1cf4d1d06ac2adb86a55b430669507fabff"",""tool_sha256"":""b38a65fc0c1a91e138f057f7b6c08d21c328463aceb40ffda53fc759f99d2f7a"",""java_runtime_sha256"":""bdd50c08a90e2fb713541b8a118df6250246a917edc41a6776aeafc90b472687"",""run_identity_sha256"":""7cfb096e46f2589073cebde65dbcfe217933d6927060a1d25378f3a45eb08d2a""}"
53437ec4699b3ccdb544ea926ab1b26db45d27c5,graphdb,GraphDB (RDF4J) [engines.json profile],10M,C,C2,00,3a541db29afdc134602c70294332f99a26badf7d0abb258173084dcef59f3af1,N,N_clean (NPCS reimplementation),ok,0,680.6,673.9,688.0,680.6,5.1,1,5,180.0,37,0.0,,,,0,181.47939,"[680.65, 687.976, 673.882, 681.648, 679.088]","[0.0, 0.0, 0.0, 0.0, 0.0]",,[],,[],,[],r9.2-frozen-identity-v7,f065524d0b9c90bcb0884d077c5e4a00c141708b0e2a6efb086f5456f022872d,csv-candidate-multiset-v1,0,4f53cda18c2baa0c0354bb5f9a3ecbe5ed12ab4d8e11ba873c2f11161202b945,,,,,,,,d469fb81abed135738f704ddf57de41e98939ca5bbb2509a18a42b807368aa35,1dd1196abdf2d40865f5b4bc27acd5317de9ef00443776c930991278501566aa,84611d18787ae81d7e9fa8ea2c2cf2319e90db0620f009a8ca19b85486a57c7a,59fb59a04cd20e6dec9ee47cf1de02734068a3328cade998a3fc44a746054ea8,a42a308bd2c5294f3aa79a1a3b15804d4137fd68d7677d9adc037e257a217e76,reified,writable,exploratory-base,exploratory-reified,41997fb8640d9e765a0272879a63548eb9bd46bbf6e49da02b7c924e506b94f7,95f85b19db76321fdab33c70bb05485617743f83e3c9c07ce9e365b03fd9b106,f9ff8d30db2db1840ca1585b5598b1cf4d1d06ac2adb86a55b430669507fabff,b38a65fc0c1a91e138f057f7b6c08d21c328463aceb40ffda53fc759f99d2f7a,bdd50c08a90e2fb713541b8a118df6250246a917edc41a6776aeafc90b472687,7cfb096e46f2589073cebde65dbcfe217933d6927060a1d25378f3a45eb08d2a,"pcm-meta-v2:{""protocol"":""r9.2-frozen-identity-v7"",""message"":"""",""cell_wall_ms"":4270.397,""answer_kind"":""csv-candidate-multiset-v1"",""answer_key_count"":0,""answer_fingerprint"":""4f53cda18c2baa0c0354bb5f9a3ecbe5ed12ab4d8e11ba873c2f11161202b945"",""c_parse_samples"":[0.0,0.0,0.0,0.0,0.0],""c_protocol_samples"":[],""construct_total_samples"":[],""construct_unattributed_samples"":[],""status"":""ok"",""status_evidence"":null,""construction_requested"":null,""construction_effective"":null,""commit"":""53437ec4699b3ccdb544ea926ab1b26db45d27c5"",""batch_id"":""f065524d0b9c90bcb0884d077c5e4a00c141708b0e2a6efb086f5456f022872d"",""query_sha256"":""3a541db29afdc134602c70294332f99a26badf7d0abb258173084dcef59f3af1"",""engine"":""graphdb"",""engine_version"":""GraphDB (RDF4J) [engines.json profile]"",""scale"":""10M"",""base_endpoint_sha256"":""d469fb81abed135738f704ddf57de41e98939ca5bbb2509a18a42b807368aa35"",""reified_endpoint_sha256"":""1dd1196abdf2d40865f5b4bc27acd5317de9ef00443776c930991278501566aa"",""update_endpoint_sha256"":""84611d18787ae81d7e9fa8ea2c2cf2319e90db0620f009a8ca19b85486a57c7a"",""base_data_identity_sha256"":""59fb59a04cd20e6dec9ee47cf1de02734068a3328cade998a3fc44a746054ea8"",""reified_data_identity_sha256"":""a42a308bd2c5294f3aa79a1a3b15804d4137fd68d7677d9adc037e257a217e76"",""update_for"":""reified"",""access_mode"":""writable"",""base_data_name"":""exploratory-base"",""reified_data_name"":""exploratory-reified"",""update_canary_sha256"":""41997fb8640d9e765a0272879a63548eb9bd46bbf6e49da02b7c924e506b94f7"",""store_instance_sha256"":""95f85b19db76321fdab33c70bb05485617743f83e3c9c07ce9e365b03fd9b106"",""store_discriminator_sha256"":""f9ff8d30db2db1840ca1585b5598b1cf4d1d06ac2adb86a55b430669507fabff"",""tool_sha256"":""b38a65fc0c1a91e138f057f7b6c08d21c328463aceb40ffda53fc759f99d2f7a"",""java_runtime_sha256"":""bdd50c08a90e2fb713541b8a118df6250246a917edc41a6776aeafc90b472687"",""run_identity_sha256"":""7cfb096e46f2589073cebde65dbcfe217933d6927060a1d25378f3a45eb08d2a""}"
53437ec4699b3ccdb544ea926ab1b26db45d27c5,graphdb,GraphDB (RDF4J) [engines.json profile],10M,C,C2,00,3a541db29afdc134602c70294332f99a26badf7d0abb258173084dcef59f3af1,C,SPARQLcirc CircuitRewriter,ok,0,13658.0,13557.0,13667.5,13632.9,45.5,1,5,180.0,0,0.1,0,0,0,,425.538305,"[13657.996, 13658.136, 13557.011, 13624.043, 13667.461]","[0.071, 0.083, 0.125, 0.099, 0.069]",0.0,"[0.0, 0.0, 0.0, 0.0, 0.0]",13658.1,"[13658.132, 13658.287, 13557.23, 13624.256, 13667.611]",0.1,"[0.064, 0.068, 0.093, 0.114, 0.081]",r9.2-frozen-identity-v7,f065524d0b9c90bcb0884d077c5e4a00c141708b0e2a6efb086f5456f022872d,term-aware-candidate-set-v1,0,4f53cda18c2baa0c0354bb5f9a3ecbe5ed12ab4d8e11ba873c2f11161202b945,flat,flat,e3b0c44298fc1c149afbf4c8996fb92427ae41e4649b934ca495991b7852b855,,,,,d469fb81abed135738f704ddf57de41e98939ca5bbb2509a18a42b807368aa35,1dd1196abdf2d40865f5b4bc27acd5317de9ef00443776c930991278501566aa,84611d18787ae81d7e9fa8ea2c2cf2319e90db0620f009a8ca19b85486a57c7a,59fb59a04cd20e6dec9ee47cf1de02734068a3328cade998a3fc44a746054ea8,a42a308bd2c5294f3aa79a1a3b15804d4137fd68d7677d9adc037e257a217e76,reified,writable,exploratory-base,exploratory-reified,41997fb8640d9e765a0272879a63548eb9bd46bbf6e49da02b7c924e506b94f7,95f85b19db76321fdab33c70bb05485617743f83e3c9c07ce9e365b03fd9b106,f9ff8d30db2db1840ca1585b5598b1cf4d1d06ac2adb86a55b430669507fabff,b38a65fc0c1a91e138f057f7b6c08d21c328463aceb40ffda53fc759f99d2f7a,bdd50c08a90e2fb713541b8a118df6250246a917edc41a6776aeafc90b472687,7cfb096e46f2589073cebde65dbcfe217933d6927060a1d25378f3a45eb08d2a,"pcm-meta-v2:{""protocol"":""r9.2-frozen-identity-v7"",""message"":""C requested=flat effective=flat; steps=1 feedback=0; network includes CONSTRUCT, feedback INSERT, and cleanup DELETE"",""cell_wall_ms"":82305.582,""answer_kind"":""term-aware-candidate-set-v1"",""answer_key_count"":0,""answer_fingerprint"":""4f53cda18c2baa0c0354bb5f9a3ecbe5ed12ab4d8e11ba873c2f11161202b945"",""c_parse_samples"":[0.071,0.083,0.125,0.099,0.069],""c_protocol_samples"":[{""requested_mode"":""flat"",""effective_mode"":""flat"",""fallback_reason"":null,""plan_steps"":1,""feedback_steps"":0,""feedback_triples"":0,""construct_query_ms"":13657.996,""feedback_update_ms"":0.0,""cleanup_ms"":0.0,""client_protocol_ms"":0.0,""network_scope"":""construct+feedback+cleanup"",""circuit_sha256"":""e3b0c44298fc1c149afbf4c8996fb92427ae41e4649b934ca495991b7852b855"",""answer_fingerprint"":""4f53cda18c2baa0c0354bb5f9a3ecbe5ed12ab4d8e11ba873c2f11161202b945"",""semantic_signature_sha256"":""7eea907cbd285de64aa74718ac862e33969a57c7b83810a40d6c52597681b4b3"",""structure_signature"":{""gates"":0,""edges"":0,""answers"":0,""derivations"":0,""canonical_bytes"":0},""construct_total_ms"":13658.132,""client_unattributed_ms"":0.064},{""requested_mode"":""flat"",""effective_mode"":""flat"",""fallback_reason"":null,""plan_steps"":1,""feedback_steps"":0,""feedback_triples"":0,""construct_query_ms"":13658.136,""feedback_update_ms"":0.0,""cleanup_ms"":0.0,""client_protocol_ms"":0.0,""network_scope"":""construct+feedback+cleanup"",""circuit_sha256"":""e3b0c44298fc1c149afbf4c8996fb92427ae41e4649b934ca495991b7852b855"",""answer_fingerprint"":""4f53cda18c2baa0c0354bb5f9a3ecbe5ed12ab4d8e11ba873c2f11161202b945"",""semantic_signature_sha256"":""7eea907cbd285de64aa74718ac862e33969a57c7b83810a40d6c52597681b4b3"",""structure_signature"":{""gates"":0,""edges"":0,""answers"":0,""derivations"":0,""canonical_bytes"":0},""construct_total_ms"":13658.287,""client_unattributed_ms"":0.068},{""requested_mode"":""flat"",""effective_mode"":""flat"",""fallback_reason"":null,""plan_steps"":1,""feedback_steps"":0,""feedback_triples"":0,""construct_query_ms"":13557.011,""feedback_update_ms"":0.0,""cleanup_ms"":0.0,""client_protocol_ms"":0.0,""network_scope"":""construct+feedback+cleanup"",""circuit_sha256"":""e3b0c44298fc1c149afbf4c8996fb92427ae41e4649b934ca495991b7852b855"",""answer_fingerprint"":""4f53cda18c2baa0c0354bb5f9a3ecbe5ed12ab4d8e11ba873c2f11161202b945"",""semantic_signature_sha256"":""7eea907cbd285de64aa74718ac862e33969a57c7b83810a40d6c52597681b4b3"",""structure_signature"":{""gates"":0,""edges"":0,""answers"":0,""derivations"":0,""canonical_bytes"":0},""construct_total_ms"":13557.23,""client_unattributed_ms"":0.093},{""requested_mode"":""flat"",""effective_mode"":""flat"",""fallback_reason"":null,""plan_steps"":1,""feedback_steps"":0,""feedback_triples"":0,""construct_query_ms"":13624.043,""feedback_update_ms"":0.0,""cleanup_ms"":0.0,""client_protocol_ms"":0.0,""network_scope"":""construct+feedback+cleanup"",""circuit_sha256"":""e3b0c44298fc1c149afbf4c8996fb92427ae41e4649b934ca495991b7852b855"",""answer_fingerprint"":""4f53cda18c2baa0c0354bb5f9a3ecbe5ed12ab4d8e11ba873c2f11161202b945"",""semantic_signature_sha256"":""7eea907cbd285de64aa74718ac862e33969a57c7b83810a40d6c52597681b4b3"",""structure_signature"":{""gates"":0,""edges"":0,""answers"":0,""derivations"":0,""canonical_bytes"":0},""construct_total_ms"":13624.256,""client_unattributed_ms"":0.114},{""requested_mode"":""flat"",""effective_mode"":""flat"",""fallback_reason"":null,""plan_steps"":1,""feedback_steps"":0,""feedback_triples"":0,""construct_query_ms"":13667.461,""feedback_update_ms"":0.0,""cleanup_ms"":0.0,""client_protocol_ms"":0.0,""network_scope"":""construct+feedback+cleanup"",""circuit_sha256"":""e3b0c44298fc1c149afbf4c8996fb92427ae41e4649b934ca495991b7852b855"",""answer_fingerprint"":""4f53cda18c2baa0c0354bb5f9a3ecbe5ed12ab4d8e11ba873c2f11161202b945"",""semantic_signature_sha256"":""7eea907cbd285de64aa74718ac862e33969a57c7b83810a40d6c52597681b4b3"",""structure_signature"":{""gates"":0,""edges"":0,""answers"":0,""derivations"":0,""canonical_bytes"":0},""construct_total_ms"":13667.611,""client_unattributed_ms"":0.081}],""construct_total_samples"":[13658.132,13658.287,13557.23,13624.256,13667.611],""construct_unattributed_samples"":[0.064,0.068,0.093,0.114,0.081],""status"":""ok"",""status_evidence"":null,""c_warmup_signatures"":[""7eea907cbd285de64aa74718ac862e33969a57c7b83810a40d6c52597681b4b3""],""measured_semantic_signature_sha256"":""7eea907cbd285de64aa74718ac862e33969a57c7b83810a40d6c52597681b4b3"",""measured_repetitions_consistent"":true,""endpoint_lock"":{""wait_ms"":0.006,""lock_path"":""/tmp/sparqlcirc-r9-endpoint-locks-v7/95f85b19db76321fdab33c70bb05485617743f83e3c9c07ce9e365b03fd9b106.lock""},""construction_requested"":""flat"",""construction_effective"":""flat"",""commit"":""53437ec4699b3ccdb544ea926ab1b26db45d27c5"",""batch_id"":""f065524d0b9c90bcb0884d077c5e4a00c141708b0e2a6efb086f5456f022872d"",""query_sha256"":""3a541db29afdc134602c70294332f99a26badf7d0abb258173084dcef59f3af1"",""engine"":""graphdb"",""engine_version"":""GraphDB (RDF4J) [engines.json profile]"",""scale"":""10M"",""base_endpoint_sha256"":""d469fb81abed135738f704ddf57de41e98939ca5bbb2509a18a42b807368aa35"",""reified_endpoint_sha256"":""1dd1196abdf2d40865f5b4bc27acd5317de9ef00443776c930991278501566aa"",""update_endpoint_sha256"":""84611d18787ae81d7e9fa8ea2c2cf2319e90db0620f009a8ca19b85486a57c7a"",""base_data_identity_sha256"":""59fb59a04cd20e6dec9ee47cf1de02734068a3328cade998a3fc44a746054ea8"",""reified_data_identity_sha256"":""a42a308bd2c5294f3aa79a1a3b15804d4137fd68d7677d9adc037e257a217e76"",""update_for"":""reified"",""access_mode"":""writable"",""base_data_name"":""exploratory-base"",""reified_data_name"":""exploratory-reified"",""update_canary_sha256"":""41997fb8640d9e765a0272879a63548eb9bd46bbf6e49da02b7c924e506b94f7"",""store_instance_sha256"":""95f85b19db76321fdab33c70bb05485617743f83e3c9c07ce9e365b03fd9b106"",""store_discriminator_sha256"":""f9ff8d30db2db1840ca1585b5598b1cf4d1d06ac2adb86a55b430669507fabff"",""tool_sha256"":""b38a65fc0c1a91e138f057f7b6c08d21c328463aceb40ffda53fc759f99d2f7a"",""java_runtime_sha256"":""bdd50c08a90e2fb713541b8a118df6250246a917edc41a6776aeafc90b472687"",""run_identity_sha256"":""7cfb096e46f2589073cebde65dbcfe217933d6927060a1d25378f3a45eb08d2a""}"
53437ec4699b3ccdb544ea926ab1b26db45d27c5,graphdb,GraphDB (RDF4J) [engines.json profile],10M,C,C3,00,8b244b13319b822a74e59eeb13abb60bb762b2e191e1bf3198b102b93135f740,B,base-select,ok,434169,505.4,478.1,513.6,498.1,16.2,1,5,180.0,20347263,0.0,,,,,0.00635,"[483.667, 478.062, 513.57, 505.44, 509.967]","[0.0, 0.0, 0.0, 0.0, 0.0]",,[],,[],,[],r9.2-frozen-identity-v7,f065524d0b9c90bcb0884d077c5e4a00c141708b0e2a6efb086f5456f022872d,csv-binding-multiset-v1,434169,588579f550d2197f535e4d7e2544316ed17fa4cfdb6d0666e71627c7110a6ec6,,,,,,,,d469fb81abed135738f704ddf57de41e98939ca5bbb2509a18a42b807368aa35,1dd1196abdf2d40865f5b4bc27acd5317de9ef00443776c930991278501566aa,84611d18787ae81d7e9fa8ea2c2cf2319e90db0620f009a8ca19b85486a57c7a,59fb59a04cd20e6dec9ee47cf1de02734068a3328cade998a3fc44a746054ea8,a42a308bd2c5294f3aa79a1a3b15804d4137fd68d7677d9adc037e257a217e76,reified,writable,exploratory-base,exploratory-reified,41997fb8640d9e765a0272879a63548eb9bd46bbf6e49da02b7c924e506b94f7,95f85b19db76321fdab33c70bb05485617743f83e3c9c07ce9e365b03fd9b106,f9ff8d30db2db1840ca1585b5598b1cf4d1d06ac2adb86a55b430669507fabff,b38a65fc0c1a91e138f057f7b6c08d21c328463aceb40ffda53fc759f99d2f7a,bdd50c08a90e2fb713541b8a118df6250246a917edc41a6776aeafc90b472687,94edd6e360abf9e015812dddb3cb847a54d19fdf10d4962b3cd6ce595de4a3ca,"pcm-meta-v2:{""protocol"":""r9.2-frozen-identity-v7"",""message"":"""",""cell_wall_ms"":3583.487,""answer_kind"":""csv-binding-multiset-v1"",""answer_key_count"":434169,""answer_fingerprint"":""588579f550d2197f535e4d7e2544316ed17fa4cfdb6d0666e71627c7110a6ec6"",""c_parse_samples"":[0.0,0.0,0.0,0.0,0.0],""c_protocol_samples"":[],""construct_total_samples"":[],""construct_unattributed_samples"":[],""status"":""ok"",""status_evidence"":null,""construction_requested"":null,""construction_effective"":null,""commit"":""53437ec4699b3ccdb544ea926ab1b26db45d27c5"",""batch_id"":""f065524d0b9c90bcb0884d077c5e4a00c141708b0e2a6efb086f5456f022872d"",""query_sha256"":""8b244b13319b822a74e59eeb13abb60bb762b2e191e1bf3198b102b93135f740"",""engine"":""graphdb"",""engine_version"":""GraphDB (RDF4J) [engines.json profile]"",""scale"":""10M"",""base_endpoint_sha256"":""d469fb81abed135738f704ddf57de41e98939ca5bbb2509a18a42b807368aa35"",""reified_endpoint_sha256"":""1dd1196abdf2d40865f5b4bc27acd5317de9ef00443776c930991278501566aa"",""update_endpoint_sha256"":""84611d18787ae81d7e9fa8ea2c2cf2319e90db0620f009a8ca19b85486a57c7a"",""base_data_identity_sha256"":""59fb59a04cd20e6dec9ee47cf1de02734068a3328cade998a3fc44a746054ea8"",""reified_data_identity_sha256"":""a42a308bd2c5294f3aa79a1a3b15804d4137fd68d7677d9adc037e257a217e76"",""update_for"":""reified"",""access_mode"":""writable"",""base_data_name"":""exploratory-base"",""reified_data_name"":""exploratory-reified"",""update_canary_sha256"":""41997fb8640d9e765a0272879a63548eb9bd46bbf6e49da02b7c924e506b94f7"",""store_instance_sha256"":""95f85b19db76321fdab33c70bb05485617743f83e3c9c07ce9e365b03fd9b106"",""store_discriminator_sha256"":""f9ff8d30db2db1840ca1585b5598b1cf4d1d06ac2adb86a55b430669507fabff"",""tool_sha256"":""b38a65fc0c1a91e138f057f7b6c08d21c328463aceb40ffda53fc759f99d2f7a"",""java_runtime_sha256"":""bdd50c08a90e2fb713541b8a118df6250246a917edc41a6776aeafc90b472687"",""run_identity_sha256"":""94edd6e360abf9e015812dddb3cb847a54d19fdf10d4962b3cd6ce595de4a3ca""}"
53437ec4699b3ccdb544ea926ab1b26db45d27c5,graphdb,GraphDB (RDF4J) [engines.json profile],10M,C,C3,00,8b244b13319b822a74e59eeb13abb60bb762b2e191e1bf3198b102b93135f740,R,reification-only,timeout,,,,,,,1,5,180.0,,,,,,,155.941228,[],[],,[],,[],,[],r9.2-frozen-identity-v7,f065524d0b9c90bcb0884d077c5e4a00c141708b0e2a6efb086f5456f022872d,,,,,,,,,,,d469fb81abed135738f704ddf57de41e98939ca5bbb2509a18a42b807368aa35,1dd1196abdf2d40865f5b4bc27acd5317de9ef00443776c930991278501566aa,84611d18787ae81d7e9fa8ea2c2cf2319e90db0620f009a8ca19b85486a57c7a,59fb59a04cd20e6dec9ee47cf1de02734068a3328cade998a3fc44a746054ea8,a42a308bd2c5294f3aa79a1a3b15804d4137fd68d7677d9adc037e257a217e76,reified,writable,exploratory-base,exploratory-reified,41997fb8640d9e765a0272879a63548eb9bd46bbf6e49da02b7c924e506b94f7,95f85b19db76321fdab33c70bb05485617743f83e3c9c07ce9e365b03fd9b106,f9ff8d30db2db1840ca1585b5598b1cf4d1d06ac2adb86a55b430669507fabff,b38a65fc0c1a91e138f057f7b6c08d21c328463aceb40ffda53fc759f99d2f7a,bdd50c08a90e2fb713541b8a118df6250246a917edc41a6776aeafc90b472687,94edd6e360abf9e015812dddb3cb847a54d19fdf10d4962b3cd6ce595de4a3ca,"pcm-meta-v2:{""protocol"":""r9.2-frozen-identity-v7"",""message"":""whole cell exceeded 180s hard deadline; worker reaped"",""cell_wall_ms"":180000.0,""c_parse_samples"":[],""c_protocol_samples"":[],""construct_total_samples"":[],""construct_unattributed_samples"":[],""status"":""timeout"",""status_evidence"":{""kind"":""hard-wall-deadline"",""message"":""whole cell exceeded 180s hard deadline; worker reaped""},""construction_requested"":null,""construction_effective"":null,""commit"":""53437ec4699b3ccdb544ea926ab1b26db45d27c5"",""batch_id"":""f065524d0b9c90bcb0884d077c5e4a00c141708b0e2a6efb086f5456f022872d"",""query_sha256"":""8b244b13319b822a74e59eeb13abb60bb762b2e191e1bf3198b102b93135f740"",""engine"":""graphdb"",""engine_version"":""GraphDB (RDF4J) [engines.json profile]"",""scale"":""10M"",""base_endpoint_sha256"":""d469fb81abed135738f704ddf57de41e98939ca5bbb2509a18a42b807368aa35"",""reified_endpoint_sha256"":""1dd1196abdf2d40865f5b4bc27acd5317de9ef00443776c930991278501566aa"",""update_endpoint_sha256"":""84611d18787ae81d7e9fa8ea2c2cf2319e90db0620f009a8ca19b85486a57c7a"",""base_data_identity_sha256"":""59fb59a04cd20e6dec9ee47cf1de02734068a3328cade998a3fc44a746054ea8"",""reified_data_identity_sha256"":""a42a308bd2c5294f3aa79a1a3b15804d4137fd68d7677d9adc037e257a217e76"",""update_for"":""reified"",""access_mode"":""writable"",""base_data_name"":""exploratory-base"",""reified_data_name"":""exploratory-reified"",""update_canary_sha256"":""41997fb8640d9e765a0272879a63548eb9bd46bbf6e49da02b7c924e506b94f7"",""store_instance_sha256"":""95f85b19db76321fdab33c70bb05485617743f83e3c9c07ce9e365b03fd9b106"",""store_discriminator_sha256"":""f9ff8d30db2db1840ca1585b5598b1cf4d1d06ac2adb86a55b430669507fabff"",""tool_sha256"":""b38a65fc0c1a91e138f057f7b6c08d21c328463aceb40ffda53fc759f99d2f7a"",""java_runtime_sha256"":""bdd50c08a90e2fb713541b8a118df6250246a917edc41a6776aeafc90b472687"",""run_identity_sha256"":""94edd6e360abf9e015812dddb3cb847a54d19fdf10d4962b3cd6ce595de4a3ca""}"
53437ec4699b3ccdb544ea926ab1b26db45d27c5,graphdb,GraphDB (RDF4J) [engines.json profile],10M,C,C3,00,8b244b13319b822a74e59eeb13abb60bb762b2e191e1bf3198b102b93135f740,N,N_clean (NPCS reimplementation),timeout,,,,,,,1,5,180.0,,,,,,,182.993474,[],[],,[],,[],,[],r9.2-frozen-identity-v7,f065524d0b9c90bcb0884d077c5e4a00c141708b0e2a6efb086f5456f022872d,,,,,,,,,,,d469fb81abed135738f704ddf57de41e98939ca5bbb2509a18a42b807368aa35,1dd1196abdf2d40865f5b4bc27acd5317de9ef00443776c930991278501566aa,84611d18787ae81d7e9fa8ea2c2cf2319e90db0620f009a8ca19b85486a57c7a,59fb59a04cd20e6dec9ee47cf1de02734068a3328cade998a3fc44a746054ea8,a42a308bd2c5294f3aa79a1a3b15804d4137fd68d7677d9adc037e257a217e76,reified,writable,exploratory-base,exploratory-reified,41997fb8640d9e765a0272879a63548eb9bd46bbf6e49da02b7c924e506b94f7,95f85b19db76321fdab33c70bb05485617743f83e3c9c07ce9e365b03fd9b106,f9ff8d30db2db1840ca1585b5598b1cf4d1d06ac2adb86a55b430669507fabff,b38a65fc0c1a91e138f057f7b6c08d21c328463aceb40ffda53fc759f99d2f7a,bdd50c08a90e2fb713541b8a118df6250246a917edc41a6776aeafc90b472687,94edd6e360abf9e015812dddb3cb847a54d19fdf10d4962b3cd6ce595de4a3ca,"pcm-meta-v2:{""protocol"":""r9.2-frozen-identity-v7"",""message"":""whole cell exceeded 180s hard deadline; worker reaped"",""cell_wall_ms"":180000.0,""c_parse_samples"":[],""c_protocol_samples"":[],""construct_total_samples"":[],""construct_unattributed_samples"":[],""status"":""timeout"",""status_evidence"":{""kind"":""hard-wall-deadline"",""message"":""whole cell exceeded 180s hard deadline; worker reaped""},""construction_requested"":null,""construction_effective"":null,""commit"":""53437ec4699b3ccdb544ea926ab1b26db45d27c5"",""batch_id"":""f065524d0b9c90bcb0884d077c5e4a00c141708b0e2a6efb086f5456f022872d"",""query_sha256"":""8b244b13319b822a74e59eeb13abb60bb762b2e191e1bf3198b102b93135f740"",""engine"":""graphdb"",""engine_version"":""GraphDB (RDF4J) [engines.json profile]"",""scale"":""10M"",""base_endpoint_sha256"":""d469fb81abed135738f704ddf57de41e98939ca5bbb2509a18a42b807368aa35"",""reified_endpoint_sha256"":""1dd1196abdf2d40865f5b4bc27acd5317de9ef00443776c930991278501566aa"",""update_endpoint_sha256"":""84611d18787ae81d7e9fa8ea2c2cf2319e90db0620f009a8ca19b85486a57c7a"",""base_data_identity_sha256"":""59fb59a04cd20e6dec9ee47cf1de02734068a3328cade998a3fc44a746054ea8"",""reified_data_identity_sha256"":""a42a308bd2c5294f3aa79a1a3b15804d4137fd68d7677d9adc037e257a217e76"",""update_for"":""reified"",""access_mode"":""writable"",""base_data_name"":""exploratory-base"",""reified_data_name"":""exploratory-reified"",""update_canary_sha256"":""41997fb8640d9e765a0272879a63548eb9bd46bbf6e49da02b7c924e506b94f7"",""store_instance_sha256"":""95f85b19db76321fdab33c70bb05485617743f83e3c9c07ce9e365b03fd9b106"",""store_discriminator_sha256"":""f9ff8d30db2db1840ca1585b5598b1cf4d1d06ac2adb86a55b430669507fabff"",""tool_sha256"":""b38a65fc0c1a91e138f057f7b6c08d21c328463aceb40ffda53fc759f99d2f7a"",""java_runtime_sha256"":""bdd50c08a90e2fb713541b8a118df6250246a917edc41a6776aeafc90b472687"",""run_identity_sha256"":""94edd6e360abf9e015812dddb3cb847a54d19fdf10d4962b3cd6ce595de4a3ca""}"
53437ec4699b3ccdb544ea926ab1b26db45d27c5,graphdb,GraphDB (RDF4J) [engines.json profile],10M,C,C3,00,8b244b13319b822a74e59eeb13abb60bb762b2e191e1bf3198b102b93135f740,C,SPARQLcirc CircuitRewriter,timeout,,,,,,,1,5,180.0,,,,,,,364.958552,[],[],,[],,[],,[],r9.2-frozen-identity-v7,f065524d0b9c90bcb0884d077c5e4a00c141708b0e2a6efb086f5456f022872d,,,,,,,,,,,d469fb81abed135738f704ddf57de41e98939ca5bbb2509a18a42b807368aa35,1dd1196abdf2d40865f5b4bc27acd5317de9ef00443776c930991278501566aa,84611d18787ae81d7e9fa8ea2c2cf2319e90db0620f009a8ca19b85486a57c7a,59fb59a04cd20e6dec9ee47cf1de02734068a3328cade998a3fc44a746054ea8,a42a308bd2c5294f3aa79a1a3b15804d4137fd68d7677d9adc037e257a217e76,reified,writable,exploratory-base,exploratory-reified,41997fb8640d9e765a0272879a63548eb9bd46bbf6e49da02b7c924e506b94f7,95f85b19db76321fdab33c70bb05485617743f83e3c9c07ce9e365b03fd9b106,f9ff8d30db2db1840ca1585b5598b1cf4d1d06ac2adb86a55b430669507fabff,b38a65fc0c1a91e138f057f7b6c08d21c328463aceb40ffda53fc759f99d2f7a,bdd50c08a90e2fb713541b8a118df6250246a917edc41a6776aeafc90b472687,94edd6e360abf9e015812dddb3cb847a54d19fdf10d4962b3cd6ce595de4a3ca,"pcm-meta-v2:{""protocol"":""r9.2-frozen-identity-v7"",""message"":""whole cell exceeded 180s hard deadline; worker reaped"",""cell_wall_ms"":180000.0,""c_parse_samples"":[],""c_protocol_samples"":[],""construct_total_samples"":[],""construct_unattributed_samples"":[],""status"":""timeout"",""status_evidence"":{""kind"":""hard-wall-deadline"",""message"":""whole cell exceeded 180s hard deadline; worker reaped""},""endpoint_lock"":{""wait_ms"":0.008,""lock_path"":""/tmp/sparqlcirc-r9-endpoint-locks-v7/95f85b19db76321fdab33c70bb05485617743f83e3c9c07ce9e365b03fd9b106.lock""},""construction_requested"":null,""construction_effective"":null,""commit"":""53437ec4699b3ccdb544ea926ab1b26db45d27c5"",""batch_id"":""f065524d0b9c90bcb0884d077c5e4a00c141708b0e2a6efb086f5456f022872d"",""query_sha256"":""8b244b13319b822a74e59eeb13abb60bb762b2e191e1bf3198b102b93135f740"",""engine"":""graphdb"",""engine_version"":""GraphDB (RDF4J) [engines.json profile]"",""scale"":""10M"",""base_endpoint_sha256"":""d469fb81abed135738f704ddf57de41e98939ca5bbb2509a18a42b807368aa35"",""reified_endpoint_sha256"":""1dd1196abdf2d40865f5b4bc27acd5317de9ef00443776c930991278501566aa"",""update_endpoint_sha256"":""84611d18787ae81d7e9fa8ea2c2cf2319e90db0620f009a8ca19b85486a57c7a"",""base_data_identity_sha256"":""59fb59a04cd20e6dec9ee47cf1de02734068a3328cade998a3fc44a746054ea8"",""reified_data_identity_sha256"":""a42a308bd2c5294f3aa79a1a3b15804d4137fd68d7677d9adc037e257a217e76"",""update_for"":""reified"",""access_mode"":""writable"",""base_data_name"":""exploratory-base"",""reified_data_name"":""exploratory-reified"",""update_canary_sha256"":""41997fb8640d9e765a0272879a63548eb9bd46bbf6e49da02b7c924e506b94f7"",""store_instance_sha256"":""95f85b19db76321fdab33c70bb05485617743f83e3c9c07ce9e365b03fd9b106"",""store_discriminator_sha256"":""f9ff8d30db2db1840ca1585b5598b1cf4d1d06ac2adb86a55b430669507fabff"",""tool_sha256"":""b38a65fc0c1a91e138f057f7b6c08d21c328463aceb40ffda53fc759f99d2f7a"",""java_runtime_sha256"":""bdd50c08a90e2fb713541b8a118df6250246a917edc41a6776aeafc90b472687"",""run_identity_sha256"":""94edd6e360abf9e015812dddb3cb847a54d19fdf10d4962b3cd6ce595de4a3ca""}"
