commit,engine,engine_version,scale,class,template,instance,query_sha256,method,implementation,status,answers,median_ms,min_ms,max_ms,mean_ms,sd_ms,warmups,runs,timeout_s,response_bytes,c_parse_median_ms,gates,edges,derivations,npcs_token_occurrences,rewrite_ms,samples_json,c_parse_samples_json,c_protocol_median_ms,c_protocol_samples_json,construct_total_ms,construct_total_samples_json,construct_unattributed_median_ms,construct_unattributed_samples_json,protocol,batch_id,answer_kind,answer_key_count,answer_fingerprint,construction_requested,construction_effective,circuit_sha256,circuit_cache_path,circuit_cache_metadata_path,circuit_cache_observation_sha256,circuit_cache_sidecar_sha256,base_endpoint_sha256,reified_endpoint_sha256,update_endpoint_sha256,base_data_identity_sha256,reified_data_identity_sha256,update_for,access_mode,base_data_name,reified_data_name,update_canary_sha256,store_instance_sha256,store_discriminator_sha256,tool_sha256,java_runtime_sha256,npcs_oplus,npcs_ominus,npcs_leaves,run_identity_sha256,notes
9eb59b24e2f261a4a30b99e6a5aaf35df28df707,graphdb,GraphDB (RDF4J) [engines.json profile],100M,C,C1,00,ef8aa4a34b4e6f77cd2222ea98467b92ca1acc5ed05ba7efc6d7f7aff345f7a1,B,base-select,ok,201,938.6,938.6,938.6,938.6,0.0,0,1,3600.0,39442,0.0,,,,,0.00671,[938.589],[0.0],,[],,[],,[],r9.2-frozen-identity-v9,6ed21b62ad987f410e3d6bfa6f27e1a0e1552b8a98c286d3f258a18afd0fdce3,csv-binding-multiset-v1,201,eceee378b5bc0013894e8cd4fe22d1b9c23bd49a251e4a1144751fd8ae0ab51d,,,,,,,,e1e370c3c3e41897f966ee22e8c7c98840f6ecade4ccb1698265b03c62141a2f,2c97fc305990d2aa1e0f09f37216d4d5b1419027440c3151c422415f0c836db8,f3c05af6c7aa3bbf0aae501a61efa32804f36e642d32f61fe21875892b248a8a,8a988dc83f4082a4f27503ba2906dc6b8733b3c02be567635c726c67bbd48314,16162702ccec82b2a0e27063cd04bd756a27af1f003b4cef0da976d843ef4725,reified,writable,exploratory-base,exploratory-reified,41997fb8640d9e765a0272879a63548eb9bd46bbf6e49da02b7c924e506b94f7,e6d3d236675cf5aefb65ff5897cc6e142b08e2a2be9e4af928e482100bc8e0bd,2e884d94ace185d62b1b91debf493ccd0a69b83d08e74cf5f1c2be4851b14215,7b43c2342d7676aa65cc9ee233b2184c9eae88f2663874af7ab1b83282f94ab4,6ffd10b28ab050230cdc1137f0bd16155c3a7c587add7fbe921d985fa92879fe,,,,31badd88025f692811b180474667934eb88b253a2c7b8a91a915b6f5727081da,"pcm-meta-v2:{""protocol"":""r9.2-frozen-identity-v9"",""message"":"""",""cell_wall_ms"":945.615,""answer_kind"":""csv-binding-multiset-v1"",""answer_key_count"":201,""answer_fingerprint"":""eceee378b5bc0013894e8cd4fe22d1b9c23bd49a251e4a1144751fd8ae0ab51d"",""c_parse_samples"":[0.0],""c_protocol_samples"":[],""construct_total_samples"":[],""construct_unattributed_samples"":[],""status"":""ok"",""status_evidence"":null,""construction_requested"":null,""construction_effective"":null,""commit"":""9eb59b24e2f261a4a30b99e6a5aaf35df28df707"",""batch_id"":""6ed21b62ad987f410e3d6bfa6f27e1a0e1552b8a98c286d3f258a18afd0fdce3"",""query_sha256"":""ef8aa4a34b4e6f77cd2222ea98467b92ca1acc5ed05ba7efc6d7f7aff345f7a1"",""engine"":""graphdb"",""engine_version"":""GraphDB (RDF4J) [engines.json profile]"",""scale"":""100M"",""base_endpoint_sha256"":""e1e370c3c3e41897f966ee22e8c7c98840f6ecade4ccb1698265b03c62141a2f"",""reified_endpoint_sha256"":""2c97fc305990d2aa1e0f09f37216d4d5b1419027440c3151c422415f0c836db8"",""update_endpoint_sha256"":""f3c05af6c7aa3bbf0aae501a61efa32804f36e642d32f61fe21875892b248a8a"",""base_data_identity_sha256"":""8a988dc83f4082a4f27503ba2906dc6b8733b3c02be567635c726c67bbd48314"",""reified_data_identity_sha256"":""16162702ccec82b2a0e27063cd04bd756a27af1f003b4cef0da976d843ef4725"",""update_for"":""reified"",""access_mode"":""writable"",""base_data_name"":""exploratory-base"",""reified_data_name"":""exploratory-reified"",""update_canary_sha256"":""41997fb8640d9e765a0272879a63548eb9bd46bbf6e49da02b7c924e506b94f7"",""store_instance_sha256"":""e6d3d236675cf5aefb65ff5897cc6e142b08e2a2be9e4af928e482100bc8e0bd"",""store_discriminator_sha256"":""2e884d94ace185d62b1b91debf493ccd0a69b83d08e74cf5f1c2be4851b14215"",""tool_sha256"":""7b43c2342d7676aa65cc9ee233b2184c9eae88f2663874af7ab1b83282f94ab4"",""java_runtime_sha256"":""6ffd10b28ab050230cdc1137f0bd16155c3a7c587add7fbe921d985fa92879fe"",""run_identity_sha256"":""31badd88025f692811b180474667934eb88b253a2c7b8a91a915b6f5727081da""}"
9eb59b24e2f261a4a30b99e6a5aaf35df28df707,graphdb,GraphDB (RDF4J) [engines.json profile],100M,C,C1,00,ef8aa4a34b4e6f77cd2222ea98467b92ca1acc5ed05ba7efc6d7f7aff345f7a1,C,SPARQLcirc CircuitRewriter,ok,91,43203.5,43203.5,43203.5,43203.5,0.0,0,1,3600.0,439355,39.0,292,1809,201,,388.248349,[43203.454],[39.011],0.0,[0.0],43243.6,[43243.563],1.1,[1.098],r9.2-frozen-identity-v9,6ed21b62ad987f410e3d6bfa6f27e1a0e1552b8a98c286d3f258a18afd0fdce3,term-aware-candidate-set-v1,91,38679965af2977bdb33cb3f3105f6183d13c09eb7ba39aae21b17b2307530f02,flat,flat,dcc282be43c9e939776d1f6a2d9fddd3b9d7e4a7816e82ed77f4d84558c6f925,/mnt/nfs/home/ac145595/workspace/rq3-artifacts/circuits/graphdb-100m/ef8aa4a34b4e6f77cd2222ea98467b92ca1acc5ed05ba7efc6d7f7aff345f7a1-dcc282be43c9e939776d1f6a2d9fddd3b9d7e4a7816e82ed77f4d84558c6f925.nt,/mnt/nfs/home/ac145595/workspace/rq3-artifacts/circuits/graphdb-100m/ef8aa4a34b4e6f77cd2222ea98467b92ca1acc5ed05ba7efc6d7f7aff345f7a1-dcc282be43c9e939776d1f6a2d9fddd3b9d7e4a7816e82ed77f4d84558c6f925.json,574852a28a3c2c983b14f767be6bb8697f5c3bb2dda0fdbdd4eb8ce749ece222,77a4e4a60eff88d6a79e7615c7d604fbfa85a55ec10efd21089a1842233b2d9f,e1e370c3c3e41897f966ee22e8c7c98840f6ecade4ccb1698265b03c62141a2f,2c97fc305990d2aa1e0f09f37216d4d5b1419027440c3151c422415f0c836db8,f3c05af6c7aa3bbf0aae501a61efa32804f36e642d32f61fe21875892b248a8a,8a988dc83f4082a4f27503ba2906dc6b8733b3c02be567635c726c67bbd48314,16162702ccec82b2a0e27063cd04bd756a27af1f003b4cef0da976d843ef4725,reified,writable,exploratory-base,exploratory-reified,41997fb8640d9e765a0272879a63548eb9bd46bbf6e49da02b7c924e506b94f7,e6d3d236675cf5aefb65ff5897cc6e142b08e2a2be9e4af928e482100bc8e0bd,2e884d94ace185d62b1b91debf493ccd0a69b83d08e74cf5f1c2be4851b14215,7b43c2342d7676aa65cc9ee233b2184c9eae88f2663874af7ab1b83282f94ab4,6ffd10b28ab050230cdc1137f0bd16155c3a7c587add7fbe921d985fa92879fe,,,,31badd88025f692811b180474667934eb88b253a2c7b8a91a915b6f5727081da,"pcm-meta-v2:{""protocol"":""r9.2-frozen-identity-v9"",""message"":""C requested=flat effective=flat; steps=1 feedback=0; network includes CONSTRUCT, feedback INSERT, and cleanup DELETE"",""cell_wall_ms"":43644.554,""answer_kind"":""term-aware-candidate-set-v1"",""answer_key_count"":91,""answer_fingerprint"":""38679965af2977bdb33cb3f3105f6183d13c09eb7ba39aae21b17b2307530f02"",""c_parse_samples"":[39.011],""c_protocol_samples"":[{""requested_mode"":""flat"",""effective_mode"":""flat"",""fallback_reason"":null,""plan_steps"":1,""feedback_steps"":0,""feedback_triples"":0,""construct_query_ms"":43203.454,""feedback_update_ms"":0.0,""cleanup_ms"":0.0,""client_protocol_ms"":0.0,""network_scope"":""construct+feedback+cleanup"",""circuit_sha256"":""dcc282be43c9e939776d1f6a2d9fddd3b9d7e4a7816e82ed77f4d84558c6f925"",""answer_fingerprint"":""38679965af2977bdb33cb3f3105f6183d13c09eb7ba39aae21b17b2307530f02"",""semantic_signature_sha256"":""5f2a283eeec771994df6f2904d1400477e02ee0efb8a310098e31e8f22416003"",""structure_signature"":{""gates"":292,""edges"":1809,""answers"":91,""derivations"":201,""leaves"":757,""plus"":91,""minus"":0,""nodes"":1049,""canonical_bytes"":439355},""construct_total_ms"":43243.563,""client_unattributed_ms"":1.098}],""construct_total_samples"":[43243.563],""construct_unattributed_samples"":[1.098],""status"":""ok"",""status_evidence"":null,""c_warmup_signatures"":[],""measured_semantic_signature_sha256"":""5f2a283eeec771994df6f2904d1400477e02ee0efb8a310098e31e8f22416003"",""measured_repetitions_consistent"":true,""cache_snapshot_ms"":8.454,""cache_snapshot_scope"":""first-measured-response; deferred until all runs succeeded"",""outside_cell_cache_write_ms"":23.119,""endpoint_lock"":{""wait_ms"":0.007,""lock_path"":""/tmp/sparqlcirc-r9-endpoint-locks-v7/e6d3d236675cf5aefb65ff5897cc6e142b08e2a2be9e4af928e482100bc8e0bd.lock""},""construction_requested"":""flat"",""construction_effective"":""flat"",""circuit_sha256"":""dcc282be43c9e939776d1f6a2d9fddd3b9d7e4a7816e82ed77f4d84558c6f925"",""circuit_triples"":3284,""circuit_bytes"":439355,""circuit_path"":""/mnt/nfs/home/ac145595/workspace/rq3-artifacts/circuits/graphdb-100m/ef8aa4a34b4e6f77cd2222ea98467b92ca1acc5ed05ba7efc6d7f7aff345f7a1-dcc282be43c9e939776d1f6a2d9fddd3b9d7e4a7816e82ed77f4d84558c6f925.nt"",""metadata_path"":""/mnt/nfs/home/ac145595/workspace/rq3-artifacts/circuits/graphdb-100m/ef8aa4a34b4e6f77cd2222ea98467b92ca1acc5ed05ba7efc6d7f7aff345f7a1-dcc282be43c9e939776d1f6a2d9fddd3b9d7e4a7816e82ed77f4d84558c6f925.json"",""producer_observation_sha256"":""574852a28a3c2c983b14f767be6bb8697f5c3bb2dda0fdbdd4eb8ce749ece222"",""sidecar_sha256"":""77a4e4a60eff88d6a79e7615c7d604fbfa85a55ec10efd21089a1842233b2d9f"",""commit"":""9eb59b24e2f261a4a30b99e6a5aaf35df28df707"",""batch_id"":""6ed21b62ad987f410e3d6bfa6f27e1a0e1552b8a98c286d3f258a18afd0fdce3"",""query_sha256"":""ef8aa4a34b4e6f77cd2222ea98467b92ca1acc5ed05ba7efc6d7f7aff345f7a1"",""engine"":""graphdb"",""engine_version"":""GraphDB (RDF4J) [engines.json profile]"",""scale"":""100M"",""base_endpoint_sha256"":""e1e370c3c3e41897f966ee22e8c7c98840f6ecade4ccb1698265b03c62141a2f"",""reified_endpoint_sha256"":""2c97fc305990d2aa1e0f09f37216d4d5b1419027440c3151c422415f0c836db8"",""update_endpoint_sha256"":""f3c05af6c7aa3bbf0aae501a61efa32804f36e642d32f61fe21875892b248a8a"",""base_data_identity_sha256"":""8a988dc83f4082a4f27503ba2906dc6b8733b3c02be567635c726c67bbd48314"",""reified_data_identity_sha256"":""16162702ccec82b2a0e27063cd04bd756a27af1f003b4cef0da976d843ef4725"",""update_for"":""reified"",""access_mode"":""writable"",""base_data_name"":""exploratory-base"",""reified_data_name"":""exploratory-reified"",""update_canary_sha256"":""41997fb8640d9e765a0272879a63548eb9bd46bbf6e49da02b7c924e506b94f7"",""store_instance_sha256"":""e6d3d236675cf5aefb65ff5897cc6e142b08e2a2be9e4af928e482100bc8e0bd"",""store_discriminator_sha256"":""2e884d94ace185d62b1b91debf493ccd0a69b83d08e74cf5f1c2be4851b14215"",""tool_sha256"":""7b43c2342d7676aa65cc9ee233b2184c9eae88f2663874af7ab1b83282f94ab4"",""java_runtime_sha256"":""6ffd10b28ab050230cdc1137f0bd16155c3a7c587add7fbe921d985fa92879fe"",""run_identity_sha256"":""31badd88025f692811b180474667934eb88b253a2c7b8a91a915b6f5727081da""}"
9eb59b24e2f261a4a30b99e6a5aaf35df28df707,graphdb,GraphDB (RDF4J) [engines.json profile],100M,C,C1,00,ef8aa4a34b4e6f77cd2222ea98467b92ca1acc5ed05ba7efc6d7f7aff345f7a1,N,N_clean (NPCS reimplementation),ok,91,2470.3,2470.3,2470.3,2470.3,0.0,0,1,3600.0,43092,0.0,,,,201,175.224583,[2470.319],[0.0],,[],,[],,[],r9.2-frozen-identity-v9,6ed21b62ad987f410e3d6bfa6f27e1a0e1552b8a98c286d3f258a18afd0fdce3,csv-candidate-multiset-v1,91,1bdd0b197b8cd9a2de461d9ce5467b4ba59122e0204468358e0dd972dfead827,,,,,,,,e1e370c3c3e41897f966ee22e8c7c98840f6ecade4ccb1698265b03c62141a2f,2c97fc305990d2aa1e0f09f37216d4d5b1419027440c3151c422415f0c836db8,f3c05af6c7aa3bbf0aae501a61efa32804f36e642d32f61fe21875892b248a8a,8a988dc83f4082a4f27503ba2906dc6b8733b3c02be567635c726c67bbd48314,16162702ccec82b2a0e27063cd04bd756a27af1f003b4cef0da976d843ef4725,reified,writable,exploratory-base,exploratory-reified,41997fb8640d9e765a0272879a63548eb9bd46bbf6e49da02b7c924e506b94f7,e6d3d236675cf5aefb65ff5897cc6e142b08e2a2be9e4af928e482100bc8e0bd,2e884d94ace185d62b1b91debf493ccd0a69b83d08e74cf5f1c2be4851b14215,7b43c2342d7676aa65cc9ee233b2184c9eae88f2663874af7ab1b83282f94ab4,6ffd10b28ab050230cdc1137f0bd16155c3a7c587add7fbe921d985fa92879fe,91,0,1718,31badd88025f692811b180474667934eb88b253a2c7b8a91a915b6f5727081da,"pcm-meta-v2:{""protocol"":""r9.2-frozen-identity-v9"",""message"":"""",""cell_wall_ms"":2654.309,""answer_kind"":""csv-candidate-multiset-v1"",""answer_key_count"":91,""answer_fingerprint"":""1bdd0b197b8cd9a2de461d9ce5467b4ba59122e0204468358e0dd972dfead827"",""c_parse_samples"":[0.0],""c_protocol_samples"":[],""construct_total_samples"":[],""construct_unattributed_samples"":[],""status"":""ok"",""status_evidence"":null,""construction_requested"":null,""construction_effective"":null,""commit"":""9eb59b24e2f261a4a30b99e6a5aaf35df28df707"",""batch_id"":""6ed21b62ad987f410e3d6bfa6f27e1a0e1552b8a98c286d3f258a18afd0fdce3"",""query_sha256"":""ef8aa4a34b4e6f77cd2222ea98467b92ca1acc5ed05ba7efc6d7f7aff345f7a1"",""engine"":""graphdb"",""engine_version"":""GraphDB (RDF4J) [engines.json profile]"",""scale"":""100M"",""base_endpoint_sha256"":""e1e370c3c3e41897f966ee22e8c7c98840f6ecade4ccb1698265b03c62141a2f"",""reified_endpoint_sha256"":""2c97fc305990d2aa1e0f09f37216d4d5b1419027440c3151c422415f0c836db8"",""update_endpoint_sha256"":""f3c05af6c7aa3bbf0aae501a61efa32804f36e642d32f61fe21875892b248a8a"",""base_data_identity_sha256"":""8a988dc83f4082a4f27503ba2906dc6b8733b3c02be567635c726c67bbd48314"",""reified_data_identity_sha256"":""16162702ccec82b2a0e27063cd04bd756a27af1f003b4cef0da976d843ef4725"",""update_for"":""reified"",""access_mode"":""writable"",""base_data_name"":""exploratory-base"",""reified_data_name"":""exploratory-reified"",""update_canary_sha256"":""41997fb8640d9e765a0272879a63548eb9bd46bbf6e49da02b7c924e506b94f7"",""store_instance_sha256"":""e6d3d236675cf5aefb65ff5897cc6e142b08e2a2be9e4af928e482100bc8e0bd"",""store_discriminator_sha256"":""2e884d94ace185d62b1b91debf493ccd0a69b83d08e74cf5f1c2be4851b14215"",""tool_sha256"":""7b43c2342d7676aa65cc9ee233b2184c9eae88f2663874af7ab1b83282f94ab4"",""java_runtime_sha256"":""6ffd10b28ab050230cdc1137f0bd16155c3a7c587add7fbe921d985fa92879fe"",""run_identity_sha256"":""31badd88025f692811b180474667934eb88b253a2c7b8a91a915b6f5727081da""}"
9eb59b24e2f261a4a30b99e6a5aaf35df28df707,graphdb,GraphDB (RDF4J) [engines.json profile],100M,C,C1,00,ef8aa4a34b4e6f77cd2222ea98467b92ca1acc5ed05ba7efc6d7f7aff345f7a1,R,reification-only,ok,201,16380.5,16380.5,16380.5,16380.5,0.0,0,1,3600.0,39442,0.0,,,,,153.220026,[16380.5],[0.0],,[],,[],,[],r9.2-frozen-identity-v9,6ed21b62ad987f410e3d6bfa6f27e1a0e1552b8a98c286d3f258a18afd0fdce3,csv-binding-multiset-v1,201,eceee378b5bc0013894e8cd4fe22d1b9c23bd49a251e4a1144751fd8ae0ab51d,,,,,,,,e1e370c3c3e41897f966ee22e8c7c98840f6ecade4ccb1698265b03c62141a2f,2c97fc305990d2aa1e0f09f37216d4d5b1419027440c3151c422415f0c836db8,f3c05af6c7aa3bbf0aae501a61efa32804f36e642d32f61fe21875892b248a8a,8a988dc83f4082a4f27503ba2906dc6b8733b3c02be567635c726c67bbd48314,16162702ccec82b2a0e27063cd04bd756a27af1f003b4cef0da976d843ef4725,reified,writable,exploratory-base,exploratory-reified,41997fb8640d9e765a0272879a63548eb9bd46bbf6e49da02b7c924e506b94f7,e6d3d236675cf5aefb65ff5897cc6e142b08e2a2be9e4af928e482100bc8e0bd,2e884d94ace185d62b1b91debf493ccd0a69b83d08e74cf5f1c2be4851b14215,7b43c2342d7676aa65cc9ee233b2184c9eae88f2663874af7ab1b83282f94ab4,6ffd10b28ab050230cdc1137f0bd16155c3a7c587add7fbe921d985fa92879fe,,,,31badd88025f692811b180474667934eb88b253a2c7b8a91a915b6f5727081da,"pcm-meta-v2:{""protocol"":""r9.2-frozen-identity-v9"",""message"":"""",""cell_wall_ms"":16541.232,""answer_kind"":""csv-binding-multiset-v1"",""answer_key_count"":201,""answer_fingerprint"":""eceee378b5bc0013894e8cd4fe22d1b9c23bd49a251e4a1144751fd8ae0ab51d"",""c_parse_samples"":[0.0],""c_protocol_samples"":[],""construct_total_samples"":[],""construct_unattributed_samples"":[],""status"":""ok"",""status_evidence"":null,""construction_requested"":null,""construction_effective"":null,""commit"":""9eb59b24e2f261a4a30b99e6a5aaf35df28df707"",""batch_id"":""6ed21b62ad987f410e3d6bfa6f27e1a0e1552b8a98c286d3f258a18afd0fdce3"",""query_sha256"":""ef8aa4a34b4e6f77cd2222ea98467b92ca1acc5ed05ba7efc6d7f7aff345f7a1"",""engine"":""graphdb"",""engine_version"":""GraphDB (RDF4J) [engines.json profile]"",""scale"":""100M"",""base_endpoint_sha256"":""e1e370c3c3e41897f966ee22e8c7c98840f6ecade4ccb1698265b03c62141a2f"",""reified_endpoint_sha256"":""2c97fc305990d2aa1e0f09f37216d4d5b1419027440c3151c422415f0c836db8"",""update_endpoint_sha256"":""f3c05af6c7aa3bbf0aae501a61efa32804f36e642d32f61fe21875892b248a8a"",""base_data_identity_sha256"":""8a988dc83f4082a4f27503ba2906dc6b8733b3c02be567635c726c67bbd48314"",""reified_data_identity_sha256"":""16162702ccec82b2a0e27063cd04bd756a27af1f003b4cef0da976d843ef4725"",""update_for"":""reified"",""access_mode"":""writable"",""base_data_name"":""exploratory-base"",""reified_data_name"":""exploratory-reified"",""update_canary_sha256"":""41997fb8640d9e765a0272879a63548eb9bd46bbf6e49da02b7c924e506b94f7"",""store_instance_sha256"":""e6d3d236675cf5aefb65ff5897cc6e142b08e2a2be9e4af928e482100bc8e0bd"",""store_discriminator_sha256"":""2e884d94ace185d62b1b91debf493ccd0a69b83d08e74cf5f1c2be4851b14215"",""tool_sha256"":""7b43c2342d7676aa65cc9ee233b2184c9eae88f2663874af7ab1b83282f94ab4"",""java_runtime_sha256"":""6ffd10b28ab050230cdc1137f0bd16155c3a7c587add7fbe921d985fa92879fe"",""run_identity_sha256"":""31badd88025f692811b180474667934eb88b253a2c7b8a91a915b6f5727081da""}"
9eb59b24e2f261a4a30b99e6a5aaf35df28df707,graphdb,GraphDB (RDF4J) [engines.json profile],100M,C,C2,00,3a541db29afdc134602c70294332f99a26badf7d0abb258173084dcef59f3af1,B,base-select,ok,22,1337.1,1337.1,1337.1,1337.1,0.0,0,1,3600.0,4256,0.0,,,,,0.00667,[1337.142],[0.0],,[],,[],,[],r9.2-frozen-identity-v9,6ed21b62ad987f410e3d6bfa6f27e1a0e1552b8a98c286d3f258a18afd0fdce3,csv-binding-multiset-v1,22,b1c530ddd4ee479f6045a0358f015fa3c5a6d889e2aea2bc0f9277c9ce777838,,,,,,,,e1e370c3c3e41897f966ee22e8c7c98840f6ecade4ccb1698265b03c62141a2f,2c97fc305990d2aa1e0f09f37216d4d5b1419027440c3151c422415f0c836db8,f3c05af6c7aa3bbf0aae501a61efa32804f36e642d32f61fe21875892b248a8a,8a988dc83f4082a4f27503ba2906dc6b8733b3c02be567635c726c67bbd48314,16162702ccec82b2a0e27063cd04bd756a27af1f003b4cef0da976d843ef4725,reified,writable,exploratory-base,exploratory-reified,41997fb8640d9e765a0272879a63548eb9bd46bbf6e49da02b7c924e506b94f7,e6d3d236675cf5aefb65ff5897cc6e142b08e2a2be9e4af928e482100bc8e0bd,2e884d94ace185d62b1b91debf493ccd0a69b83d08e74cf5f1c2be4851b14215,7b43c2342d7676aa65cc9ee233b2184c9eae88f2663874af7ab1b83282f94ab4,6ffd10b28ab050230cdc1137f0bd16155c3a7c587add7fbe921d985fa92879fe,,,,1a8e0e7543f5fa92be921b665a0e798317713f1897cb18cc437748ff2dea8a4c,"pcm-meta-v2:{""protocol"":""r9.2-frozen-identity-v9"",""message"":"""",""cell_wall_ms"":1342.96,""answer_kind"":""csv-binding-multiset-v1"",""answer_key_count"":22,""answer_fingerprint"":""b1c530ddd4ee479f6045a0358f015fa3c5a6d889e2aea2bc0f9277c9ce777838"",""c_parse_samples"":[0.0],""c_protocol_samples"":[],""construct_total_samples"":[],""construct_unattributed_samples"":[],""status"":""ok"",""status_evidence"":null,""construction_requested"":null,""construction_effective"":null,""commit"":""9eb59b24e2f261a4a30b99e6a5aaf35df28df707"",""batch_id"":""6ed21b62ad987f410e3d6bfa6f27e1a0e1552b8a98c286d3f258a18afd0fdce3"",""query_sha256"":""3a541db29afdc134602c70294332f99a26badf7d0abb258173084dcef59f3af1"",""engine"":""graphdb"",""engine_version"":""GraphDB (RDF4J) [engines.json profile]"",""scale"":""100M"",""base_endpoint_sha256"":""e1e370c3c3e41897f966ee22e8c7c98840f6ecade4ccb1698265b03c62141a2f"",""reified_endpoint_sha256"":""2c97fc305990d2aa1e0f09f37216d4d5b1419027440c3151c422415f0c836db8"",""update_endpoint_sha256"":""f3c05af6c7aa3bbf0aae501a61efa32804f36e642d32f61fe21875892b248a8a"",""base_data_identity_sha256"":""8a988dc83f4082a4f27503ba2906dc6b8733b3c02be567635c726c67bbd48314"",""reified_data_identity_sha256"":""16162702ccec82b2a0e27063cd04bd756a27af1f003b4cef0da976d843ef4725"",""update_for"":""reified"",""access_mode"":""writable"",""base_data_name"":""exploratory-base"",""reified_data_name"":""exploratory-reified"",""update_canary_sha256"":""41997fb8640d9e765a0272879a63548eb9bd46bbf6e49da02b7c924e506b94f7"",""store_instance_sha256"":""e6d3d236675cf5aefb65ff5897cc6e142b08e2a2be9e4af928e482100bc8e0bd"",""store_discriminator_sha256"":""2e884d94ace185d62b1b91debf493ccd0a69b83d08e74cf5f1c2be4851b14215"",""tool_sha256"":""7b43c2342d7676aa65cc9ee233b2184c9eae88f2663874af7ab1b83282f94ab4"",""java_runtime_sha256"":""6ffd10b28ab050230cdc1137f0bd16155c3a7c587add7fbe921d985fa92879fe"",""run_identity_sha256"":""1a8e0e7543f5fa92be921b665a0e798317713f1897cb18cc437748ff2dea8a4c""}"
9eb59b24e2f261a4a30b99e6a5aaf35df28df707,graphdb,GraphDB (RDF4J) [engines.json profile],100M,C,C2,00,3a541db29afdc134602c70294332f99a26badf7d0abb258173084dcef59f3af1,C,SPARQLcirc CircuitRewriter,ok,22,169586.6,169586.6,169586.6,169586.6,0.0,0,1,3600.0,78992,7.0,44,242,22,,406.708912,[169586.568],[7.011],0.0,[0.0],169594.1,[169594.114],0.5,[0.535],r9.2-frozen-identity-v9,6ed21b62ad987f410e3d6bfa6f27e1a0e1552b8a98c286d3f258a18afd0fdce3,term-aware-candidate-set-v1,22,9b3a52d70129f2cf506b2a8e35ad71e037eca3b9662bdd550890ff0d8e898e79,flat,flat,eebbfeb0de7eedb4ddd81b274290df5b3ff8f782171d2179dca5051bc4afaf17,/mnt/nfs/home/ac145595/workspace/rq3-artifacts/circuits/graphdb-100m/3a541db29afdc134602c70294332f99a26badf7d0abb258173084dcef59f3af1-eebbfeb0de7eedb4ddd81b274290df5b3ff8f782171d2179dca5051bc4afaf17.nt,/mnt/nfs/home/ac145595/workspace/rq3-artifacts/circuits/graphdb-100m/3a541db29afdc134602c70294332f99a26badf7d0abb258173084dcef59f3af1-eebbfeb0de7eedb4ddd81b274290df5b3ff8f782171d2179dca5051bc4afaf17.json,fb35a0937676faca65ce9d39180779e2c57e39c392efd299c023f3d468c4e9e2,79687c9c8e6ae401001eb1e720446a707e3a331f7d42271b7c0f77912e18133c,e1e370c3c3e41897f966ee22e8c7c98840f6ecade4ccb1698265b03c62141a2f,2c97fc305990d2aa1e0f09f37216d4d5b1419027440c3151c422415f0c836db8,f3c05af6c7aa3bbf0aae501a61efa32804f36e642d32f61fe21875892b248a8a,8a988dc83f4082a4f27503ba2906dc6b8733b3c02be567635c726c67bbd48314,16162702ccec82b2a0e27063cd04bd756a27af1f003b4cef0da976d843ef4725,reified,writable,exploratory-base,exploratory-reified,41997fb8640d9e765a0272879a63548eb9bd46bbf6e49da02b7c924e506b94f7,e6d3d236675cf5aefb65ff5897cc6e142b08e2a2be9e4af928e482100bc8e0bd,2e884d94ace185d62b1b91debf493ccd0a69b83d08e74cf5f1c2be4851b14215,7b43c2342d7676aa65cc9ee233b2184c9eae88f2663874af7ab1b83282f94ab4,6ffd10b28ab050230cdc1137f0bd16155c3a7c587add7fbe921d985fa92879fe,,,,1a8e0e7543f5fa92be921b665a0e798317713f1897cb18cc437748ff2dea8a4c,"pcm-meta-v2:{""protocol"":""r9.2-frozen-identity-v9"",""message"":""C requested=flat effective=flat; steps=1 feedback=0; network includes CONSTRUCT, feedback INSERT, and cleanup DELETE"",""cell_wall_ms"":170007.783,""answer_kind"":""term-aware-candidate-set-v1"",""answer_key_count"":22,""answer_fingerprint"":""9b3a52d70129f2cf506b2a8e35ad71e037eca3b9662bdd550890ff0d8e898e79"",""c_parse_samples"":[7.011],""c_protocol_samples"":[{""requested_mode"":""flat"",""effective_mode"":""flat"",""fallback_reason"":null,""plan_steps"":1,""feedback_steps"":0,""feedback_triples"":0,""construct_query_ms"":169586.568,""feedback_update_ms"":0.0,""cleanup_ms"":0.0,""client_protocol_ms"":0.0,""network_scope"":""construct+feedback+cleanup"",""circuit_sha256"":""eebbfeb0de7eedb4ddd81b274290df5b3ff8f782171d2179dca5051bc4afaf17"",""answer_fingerprint"":""9b3a52d70129f2cf506b2a8e35ad71e037eca3b9662bdd550890ff0d8e898e79"",""semantic_signature_sha256"":""975a9acb35f281d30c6fec7054a3e45f1c1fd44fad657a8bc7c37199002fbde5"",""structure_signature"":{""gates"":44,""edges"":242,""answers"":22,""derivations"":22,""leaves"":78,""plus"":22,""minus"":0,""nodes"":122,""canonical_bytes"":78992},""construct_total_ms"":169594.114,""client_unattributed_ms"":0.535}],""construct_total_samples"":[169594.114],""construct_unattributed_samples"":[0.535],""status"":""ok"",""status_evidence"":null,""c_warmup_signatures"":[],""measured_semantic_signature_sha256"":""975a9acb35f281d30c6fec7054a3e45f1c1fd44fad657a8bc7c37199002fbde5"",""measured_repetitions_consistent"":true,""cache_snapshot_ms"":2.004,""cache_snapshot_scope"":""first-measured-response; deferred until all runs succeeded"",""outside_cell_cache_write_ms"":7.318,""endpoint_lock"":{""wait_ms"":0.006,""lock_path"":""/tmp/sparqlcirc-r9-endpoint-locks-v7/e6d3d236675cf5aefb65ff5897cc6e142b08e2a2be9e4af928e482100bc8e0bd.lock""},""construction_requested"":""flat"",""construction_effective"":""flat"",""circuit_sha256"":""eebbfeb0de7eedb4ddd81b274290df5b3ff8f782171d2179dca5051bc4afaf17"",""circuit_triples"":572,""circuit_bytes"":78992,""circuit_path"":""/mnt/nfs/home/ac145595/workspace/rq3-artifacts/circuits/graphdb-100m/3a541db29afdc134602c70294332f99a26badf7d0abb258173084dcef59f3af1-eebbfeb0de7eedb4ddd81b274290df5b3ff8f782171d2179dca5051bc4afaf17.nt"",""metadata_path"":""/mnt/nfs/home/ac145595/workspace/rq3-artifacts/circuits/graphdb-100m/3a541db29afdc134602c70294332f99a26badf7d0abb258173084dcef59f3af1-eebbfeb0de7eedb4ddd81b274290df5b3ff8f782171d2179dca5051bc4afaf17.json"",""producer_observation_sha256"":""fb35a0937676faca65ce9d39180779e2c57e39c392efd299c023f3d468c4e9e2"",""sidecar_sha256"":""79687c9c8e6ae401001eb1e720446a707e3a331f7d42271b7c0f77912e18133c"",""commit"":""9eb59b24e2f261a4a30b99e6a5aaf35df28df707"",""batch_id"":""6ed21b62ad987f410e3d6bfa6f27e1a0e1552b8a98c286d3f258a18afd0fdce3"",""query_sha256"":""3a541db29afdc134602c70294332f99a26badf7d0abb258173084dcef59f3af1"",""engine"":""graphdb"",""engine_version"":""GraphDB (RDF4J) [engines.json profile]"",""scale"":""100M"",""base_endpoint_sha256"":""e1e370c3c3e41897f966ee22e8c7c98840f6ecade4ccb1698265b03c62141a2f"",""reified_endpoint_sha256"":""2c97fc305990d2aa1e0f09f37216d4d5b1419027440c3151c422415f0c836db8"",""update_endpoint_sha256"":""f3c05af6c7aa3bbf0aae501a61efa32804f36e642d32f61fe21875892b248a8a"",""base_data_identity_sha256"":""8a988dc83f4082a4f27503ba2906dc6b8733b3c02be567635c726c67bbd48314"",""reified_data_identity_sha256"":""16162702ccec82b2a0e27063cd04bd756a27af1f003b4cef0da976d843ef4725"",""update_for"":""reified"",""access_mode"":""writable"",""base_data_name"":""exploratory-base"",""reified_data_name"":""exploratory-reified"",""update_canary_sha256"":""41997fb8640d9e765a0272879a63548eb9bd46bbf6e49da02b7c924e506b94f7"",""store_instance_sha256"":""e6d3d236675cf5aefb65ff5897cc6e142b08e2a2be9e4af928e482100bc8e0bd"",""store_discriminator_sha256"":""2e884d94ace185d62b1b91debf493ccd0a69b83d08e74cf5f1c2be4851b14215"",""tool_sha256"":""7b43c2342d7676aa65cc9ee233b2184c9eae88f2663874af7ab1b83282f94ab4"",""java_runtime_sha256"":""6ffd10b28ab050230cdc1137f0bd16155c3a7c587add7fbe921d985fa92879fe"",""run_identity_sha256"":""1a8e0e7543f5fa92be921b665a0e798317713f1897cb18cc437748ff2dea8a4c""}"
9eb59b24e2f261a4a30b99e6a5aaf35df28df707,graphdb,GraphDB (RDF4J) [engines.json profile],100M,C,C2,00,3a541db29afdc134602c70294332f99a26badf7d0abb258173084dcef59f3af1,N,N_clean (NPCS reimplementation),ok,22,10401.5,10401.5,10401.5,10401.5,0.0,0,1,3600.0,7818,0.0,,,,22,181.782454,[10401.458],[0.0],,[],,[],,[],r9.2-frozen-identity-v9,6ed21b62ad987f410e3d6bfa6f27e1a0e1552b8a98c286d3f258a18afd0fdce3,csv-candidate-multiset-v1,22,b1c530ddd4ee479f6045a0358f015fa3c5a6d889e2aea2bc0f9277c9ce777838,,,,,,,,e1e370c3c3e41897f966ee22e8c7c98840f6ecade4ccb1698265b03c62141a2f,2c97fc305990d2aa1e0f09f37216d4d5b1419027440c3151c422415f0c836db8,f3c05af6c7aa3bbf0aae501a61efa32804f36e642d32f61fe21875892b248a8a,8a988dc83f4082a4f27503ba2906dc6b8733b3c02be567635c726c67bbd48314,16162702ccec82b2a0e27063cd04bd756a27af1f003b4cef0da976d843ef4725,reified,writable,exploratory-base,exploratory-reified,41997fb8640d9e765a0272879a63548eb9bd46bbf6e49da02b7c924e506b94f7,e6d3d236675cf5aefb65ff5897cc6e142b08e2a2be9e4af928e482100bc8e0bd,2e884d94ace185d62b1b91debf493ccd0a69b83d08e74cf5f1c2be4851b14215,7b43c2342d7676aa65cc9ee233b2184c9eae88f2663874af7ab1b83282f94ab4,6ffd10b28ab050230cdc1137f0bd16155c3a7c587add7fbe921d985fa92879fe,22,0,220,1a8e0e7543f5fa92be921b665a0e798317713f1897cb18cc437748ff2dea8a4c,"pcm-meta-v2:{""protocol"":""r9.2-frozen-identity-v9"",""message"":"""",""cell_wall_ms"":10590.471,""answer_kind"":""csv-candidate-multiset-v1"",""answer_key_count"":22,""answer_fingerprint"":""b1c530ddd4ee479f6045a0358f015fa3c5a6d889e2aea2bc0f9277c9ce777838"",""c_parse_samples"":[0.0],""c_protocol_samples"":[],""construct_total_samples"":[],""construct_unattributed_samples"":[],""status"":""ok"",""status_evidence"":null,""construction_requested"":null,""construction_effective"":null,""commit"":""9eb59b24e2f261a4a30b99e6a5aaf35df28df707"",""batch_id"":""6ed21b62ad987f410e3d6bfa6f27e1a0e1552b8a98c286d3f258a18afd0fdce3"",""query_sha256"":""3a541db29afdc134602c70294332f99a26badf7d0abb258173084dcef59f3af1"",""engine"":""graphdb"",""engine_version"":""GraphDB (RDF4J) [engines.json profile]"",""scale"":""100M"",""base_endpoint_sha256"":""e1e370c3c3e41897f966ee22e8c7c98840f6ecade4ccb1698265b03c62141a2f"",""reified_endpoint_sha256"":""2c97fc305990d2aa1e0f09f37216d4d5b1419027440c3151c422415f0c836db8"",""update_endpoint_sha256"":""f3c05af6c7aa3bbf0aae501a61efa32804f36e642d32f61fe21875892b248a8a"",""base_data_identity_sha256"":""8a988dc83f4082a4f27503ba2906dc6b8733b3c02be567635c726c67bbd48314"",""reified_data_identity_sha256"":""16162702ccec82b2a0e27063cd04bd756a27af1f003b4cef0da976d843ef4725"",""update_for"":""reified"",""access_mode"":""writable"",""base_data_name"":""exploratory-base"",""reified_data_name"":""exploratory-reified"",""update_canary_sha256"":""41997fb8640d9e765a0272879a63548eb9bd46bbf6e49da02b7c924e506b94f7"",""store_instance_sha256"":""e6d3d236675cf5aefb65ff5897cc6e142b08e2a2be9e4af928e482100bc8e0bd"",""store_discriminator_sha256"":""2e884d94ace185d62b1b91debf493ccd0a69b83d08e74cf5f1c2be4851b14215"",""tool_sha256"":""7b43c2342d7676aa65cc9ee233b2184c9eae88f2663874af7ab1b83282f94ab4"",""java_runtime_sha256"":""6ffd10b28ab050230cdc1137f0bd16155c3a7c587add7fbe921d985fa92879fe"",""run_identity_sha256"":""1a8e0e7543f5fa92be921b665a0e798317713f1897cb18cc437748ff2dea8a4c""}"
9eb59b24e2f261a4a30b99e6a5aaf35df28df707,graphdb,GraphDB (RDF4J) [engines.json profile],100M,C,C2,00,3a541db29afdc134602c70294332f99a26badf7d0abb258173084dcef59f3af1,R,reification-only,ok,22,8556.9,8556.9,8556.9,8556.9,0.0,0,1,3600.0,4256,0.0,,,,,146.877698,[8556.932],[0.0],,[],,[],,[],r9.2-frozen-identity-v9,6ed21b62ad987f410e3d6bfa6f27e1a0e1552b8a98c286d3f258a18afd0fdce3,csv-binding-multiset-v1,22,b1c530ddd4ee479f6045a0358f015fa3c5a6d889e2aea2bc0f9277c9ce777838,,,,,,,,e1e370c3c3e41897f966ee22e8c7c98840f6ecade4ccb1698265b03c62141a2f,2c97fc305990d2aa1e0f09f37216d4d5b1419027440c3151c422415f0c836db8,f3c05af6c7aa3bbf0aae501a61efa32804f36e642d32f61fe21875892b248a8a,8a988dc83f4082a4f27503ba2906dc6b8733b3c02be567635c726c67bbd48314,16162702ccec82b2a0e27063cd04bd756a27af1f003b4cef0da976d843ef4725,reified,writable,exploratory-base,exploratory-reified,41997fb8640d9e765a0272879a63548eb9bd46bbf6e49da02b7c924e506b94f7,e6d3d236675cf5aefb65ff5897cc6e142b08e2a2be9e4af928e482100bc8e0bd,2e884d94ace185d62b1b91debf493ccd0a69b83d08e74cf5f1c2be4851b14215,7b43c2342d7676aa65cc9ee233b2184c9eae88f2663874af7ab1b83282f94ab4,6ffd10b28ab050230cdc1137f0bd16155c3a7c587add7fbe921d985fa92879fe,,,,1a8e0e7543f5fa92be921b665a0e798317713f1897cb18cc437748ff2dea8a4c,"pcm-meta-v2:{""protocol"":""r9.2-frozen-identity-v9"",""message"":"""",""cell_wall_ms"":8710.934,""answer_kind"":""csv-binding-multiset-v1"",""answer_key_count"":22,""answer_fingerprint"":""b1c530ddd4ee479f6045a0358f015fa3c5a6d889e2aea2bc0f9277c9ce777838"",""c_parse_samples"":[0.0],""c_protocol_samples"":[],""construct_total_samples"":[],""construct_unattributed_samples"":[],""status"":""ok"",""status_evidence"":null,""construction_requested"":null,""construction_effective"":null,""commit"":""9eb59b24e2f261a4a30b99e6a5aaf35df28df707"",""batch_id"":""6ed21b62ad987f410e3d6bfa6f27e1a0e1552b8a98c286d3f258a18afd0fdce3"",""query_sha256"":""3a541db29afdc134602c70294332f99a26badf7d0abb258173084dcef59f3af1"",""engine"":""graphdb"",""engine_version"":""GraphDB (RDF4J) [engines.json profile]"",""scale"":""100M"",""base_endpoint_sha256"":""e1e370c3c3e41897f966ee22e8c7c98840f6ecade4ccb1698265b03c62141a2f"",""reified_endpoint_sha256"":""2c97fc305990d2aa1e0f09f37216d4d5b1419027440c3151c422415f0c836db8"",""update_endpoint_sha256"":""f3c05af6c7aa3bbf0aae501a61efa32804f36e642d32f61fe21875892b248a8a"",""base_data_identity_sha256"":""8a988dc83f4082a4f27503ba2906dc6b8733b3c02be567635c726c67bbd48314"",""reified_data_identity_sha256"":""16162702ccec82b2a0e27063cd04bd756a27af1f003b4cef0da976d843ef4725"",""update_for"":""reified"",""access_mode"":""writable"",""base_data_name"":""exploratory-base"",""reified_data_name"":""exploratory-reified"",""update_canary_sha256"":""41997fb8640d9e765a0272879a63548eb9bd46bbf6e49da02b7c924e506b94f7"",""store_instance_sha256"":""e6d3d236675cf5aefb65ff5897cc6e142b08e2a2be9e4af928e482100bc8e0bd"",""store_discriminator_sha256"":""2e884d94ace185d62b1b91debf493ccd0a69b83d08e74cf5f1c2be4851b14215"",""tool_sha256"":""7b43c2342d7676aa65cc9ee233b2184c9eae88f2663874af7ab1b83282f94ab4"",""java_runtime_sha256"":""6ffd10b28ab050230cdc1137f0bd16155c3a7c587add7fbe921d985fa92879fe"",""run_identity_sha256"":""1a8e0e7543f5fa92be921b665a0e798317713f1897cb18cc437748ff2dea8a4c""}"
9eb59b24e2f261a4a30b99e6a5aaf35df28df707,graphdb,GraphDB (RDF4J) [engines.json profile],100M,C,C3,00,8b244b13319b822a74e59eeb13abb60bb762b2e191e1bf3198b102b93135f740,B,base-select,ok,4244261,6741.7,6741.7,6741.7,6741.7,0.0,0,1,3600.0,203278961,0.0,,,,,0.00791,[6741.732],[0.0],,[],,[],,[],r9.2-frozen-identity-v9,6ed21b62ad987f410e3d6bfa6f27e1a0e1552b8a98c286d3f258a18afd0fdce3,csv-binding-multiset-v1,4244261,73b4aa2f7106bc9e577ed40b138d52e7cd010e8d0e0b8853cbb1dc7a62a564b5,,,,,,,,e1e370c3c3e41897f966ee22e8c7c98840f6ecade4ccb1698265b03c62141a2f,2c97fc305990d2aa1e0f09f37216d4d5b1419027440c3151c422415f0c836db8,f3c05af6c7aa3bbf0aae501a61efa32804f36e642d32f61fe21875892b248a8a,8a988dc83f4082a4f27503ba2906dc6b8733b3c02be567635c726c67bbd48314,16162702ccec82b2a0e27063cd04bd756a27af1f003b4cef0da976d843ef4725,reified,writable,exploratory-base,exploratory-reified,41997fb8640d9e765a0272879a63548eb9bd46bbf6e49da02b7c924e506b94f7,e6d3d236675cf5aefb65ff5897cc6e142b08e2a2be9e4af928e482100bc8e0bd,2e884d94ace185d62b1b91debf493ccd0a69b83d08e74cf5f1c2be4851b14215,7b43c2342d7676aa65cc9ee233b2184c9eae88f2663874af7ab1b83282f94ab4,6ffd10b28ab050230cdc1137f0bd16155c3a7c587add7fbe921d985fa92879fe,,,,27d80304bec9a60e0eaf4b0b7531e904769d35b77aa4d7554612671a55d2abb7,"pcm-meta-v2:{""protocol"":""r9.2-frozen-identity-v9"",""message"":"""",""cell_wall_ms"":12431.857,""answer_kind"":""csv-binding-multiset-v1"",""answer_key_count"":4244261,""answer_fingerprint"":""73b4aa2f7106bc9e577ed40b138d52e7cd010e8d0e0b8853cbb1dc7a62a564b5"",""c_parse_samples"":[0.0],""c_protocol_samples"":[],""construct_total_samples"":[],""construct_unattributed_samples"":[],""status"":""ok"",""status_evidence"":null,""construction_requested"":null,""construction_effective"":null,""commit"":""9eb59b24e2f261a4a30b99e6a5aaf35df28df707"",""batch_id"":""6ed21b62ad987f410e3d6bfa6f27e1a0e1552b8a98c286d3f258a18afd0fdce3"",""query_sha256"":""8b244b13319b822a74e59eeb13abb60bb762b2e191e1bf3198b102b93135f740"",""engine"":""graphdb"",""engine_version"":""GraphDB (RDF4J) [engines.json profile]"",""scale"":""100M"",""base_endpoint_sha256"":""e1e370c3c3e41897f966ee22e8c7c98840f6ecade4ccb1698265b03c62141a2f"",""reified_endpoint_sha256"":""2c97fc305990d2aa1e0f09f37216d4d5b1419027440c3151c422415f0c836db8"",""update_endpoint_sha256"":""f3c05af6c7aa3bbf0aae501a61efa32804f36e642d32f61fe21875892b248a8a"",""base_data_identity_sha256"":""8a988dc83f4082a4f27503ba2906dc6b8733b3c02be567635c726c67bbd48314"",""reified_data_identity_sha256"":""16162702ccec82b2a0e27063cd04bd756a27af1f003b4cef0da976d843ef4725"",""update_for"":""reified"",""access_mode"":""writable"",""base_data_name"":""exploratory-base"",""reified_data_name"":""exploratory-reified"",""update_canary_sha256"":""41997fb8640d9e765a0272879a63548eb9bd46bbf6e49da02b7c924e506b94f7"",""store_instance_sha256"":""e6d3d236675cf5aefb65ff5897cc6e142b08e2a2be9e4af928e482100bc8e0bd"",""store_discriminator_sha256"":""2e884d94ace185d62b1b91debf493ccd0a69b83d08e74cf5f1c2be4851b14215"",""tool_sha256"":""7b43c2342d7676aa65cc9ee233b2184c9eae88f2663874af7ab1b83282f94ab4"",""java_runtime_sha256"":""6ffd10b28ab050230cdc1137f0bd16155c3a7c587add7fbe921d985fa92879fe"",""run_identity_sha256"":""27d80304bec9a60e0eaf4b0b7531e904769d35b77aa4d7554612671a55d2abb7""}"
9eb59b24e2f261a4a30b99e6a5aaf35df28df707,graphdb,GraphDB (RDF4J) [engines.json profile],100M,C,C3,00,8b244b13319b822a74e59eeb13abb60bb762b2e191e1bf3198b102b93135f740,C,SPARQLcirc CircuitRewriter,err:network,,,,,,,0,1,3600.0,,,,,,,455.9887509094551,[],[],,[],,[],,[],r9.2-frozen-identity-v9,6ed21b62ad987f410e3d6bfa6f27e1a0e1552b8a98c286d3f258a18afd0fdce3,,,,,,,,,,,e1e370c3c3e41897f966ee22e8c7c98840f6ecade4ccb1698265b03c62141a2f,2c97fc305990d2aa1e0f09f37216d4d5b1419027440c3151c422415f0c836db8,f3c05af6c7aa3bbf0aae501a61efa32804f36e642d32f61fe21875892b248a8a,8a988dc83f4082a4f27503ba2906dc6b8733b3c02be567635c726c67bbd48314,16162702ccec82b2a0e27063cd04bd756a27af1f003b4cef0da976d843ef4725,reified,writable,exploratory-base,exploratory-reified,41997fb8640d9e765a0272879a63548eb9bd46bbf6e49da02b7c924e506b94f7,e6d3d236675cf5aefb65ff5897cc6e142b08e2a2be9e4af928e482100bc8e0bd,2e884d94ace185d62b1b91debf493ccd0a69b83d08e74cf5f1c2be4851b14215,7b43c2342d7676aa65cc9ee233b2184c9eae88f2663874af7ab1b83282f94ab4,6ffd10b28ab050230cdc1137f0bd16155c3a7c587add7fbe921d985fa92879fe,,,,27d80304bec9a60e0eaf4b0b7531e904769d35b77aa4d7554612671a55d2abb7,"pcm-meta-v2:{""protocol"":""r9.2-frozen-identity-v9"",""message"":""[Errno 111] Connection refused"",""cell_wall_ms"":479.977,""c_parse_samples"":[],""c_protocol_samples"":[],""construct_total_samples"":[],""construct_unattributed_samples"":[],""status"":""err:network"",""status_evidence"":{""kind"":""retryable-transport"",""message"":""[Errno 111] Connection refused""},""endpoint_lock"":{""wait_ms"":0.537,""lock_path"":""/tmp/sparqlcirc-r9-endpoint-locks-v7/e6d3d236675cf5aefb65ff5897cc6e142b08e2a2be9e4af928e482100bc8e0bd.lock""},""construction_requested"":null,""construction_effective"":null,""commit"":""9eb59b24e2f261a4a30b99e6a5aaf35df28df707"",""batch_id"":""6ed21b62ad987f410e3d6bfa6f27e1a0e1552b8a98c286d3f258a18afd0fdce3"",""query_sha256"":""8b244b13319b822a74e59eeb13abb60bb762b2e191e1bf3198b102b93135f740"",""engine"":""graphdb"",""engine_version"":""GraphDB (RDF4J) [engines.json profile]"",""scale"":""100M"",""base_endpoint_sha256"":""e1e370c3c3e41897f966ee22e8c7c98840f6ecade4ccb1698265b03c62141a2f"",""reified_endpoint_sha256"":""2c97fc305990d2aa1e0f09f37216d4d5b1419027440c3151c422415f0c836db8"",""update_endpoint_sha256"":""f3c05af6c7aa3bbf0aae501a61efa32804f36e642d32f61fe21875892b248a8a"",""base_data_identity_sha256"":""8a988dc83f4082a4f27503ba2906dc6b8733b3c02be567635c726c67bbd48314"",""reified_data_identity_sha256"":""16162702ccec82b2a0e27063cd04bd756a27af1f003b4cef0da976d843ef4725"",""update_for"":""reified"",""access_mode"":""writable"",""base_data_name"":""exploratory-base"",""reified_data_name"":""exploratory-reified"",""update_canary_sha256"":""41997fb8640d9e765a0272879a63548eb9bd46bbf6e49da02b7c924e506b94f7"",""store_instance_sha256"":""e6d3d236675cf5aefb65ff5897cc6e142b08e2a2be9e4af928e482100bc8e0bd"",""store_discriminator_sha256"":""2e884d94ace185d62b1b91debf493ccd0a69b83d08e74cf5f1c2be4851b14215"",""tool_sha256"":""7b43c2342d7676aa65cc9ee233b2184c9eae88f2663874af7ab1b83282f94ab4"",""java_runtime_sha256"":""6ffd10b28ab050230cdc1137f0bd16155c3a7c587add7fbe921d985fa92879fe"",""run_identity_sha256"":""27d80304bec9a60e0eaf4b0b7531e904769d35b77aa4d7554612671a55d2abb7""}"
9eb59b24e2f261a4a30b99e6a5aaf35df28df707,graphdb,GraphDB (RDF4J) [engines.json profile],100M,C,C3,00,8b244b13319b822a74e59eeb13abb60bb762b2e191e1bf3198b102b93135f740,N,N_clean (NPCS reimplementation),err:RemoteDisconnected,,,,,,,0,1,3600.0,,,,,,,220.71374498773366,[],[],,[],,[],,[],r9.2-frozen-identity-v9,6ed21b62ad987f410e3d6bfa6f27e1a0e1552b8a98c286d3f258a18afd0fdce3,,,,,,,,,,,e1e370c3c3e41897f966ee22e8c7c98840f6ecade4ccb1698265b03c62141a2f,2c97fc305990d2aa1e0f09f37216d4d5b1419027440c3151c422415f0c836db8,f3c05af6c7aa3bbf0aae501a61efa32804f36e642d32f61fe21875892b248a8a,8a988dc83f4082a4f27503ba2906dc6b8733b3c02be567635c726c67bbd48314,16162702ccec82b2a0e27063cd04bd756a27af1f003b4cef0da976d843ef4725,reified,writable,exploratory-base,exploratory-reified,41997fb8640d9e765a0272879a63548eb9bd46bbf6e49da02b7c924e506b94f7,e6d3d236675cf5aefb65ff5897cc6e142b08e2a2be9e4af928e482100bc8e0bd,2e884d94ace185d62b1b91debf493ccd0a69b83d08e74cf5f1c2be4851b14215,7b43c2342d7676aa65cc9ee233b2184c9eae88f2663874af7ab1b83282f94ab4,6ffd10b28ab050230cdc1137f0bd16155c3a7c587add7fbe921d985fa92879fe,,,,27d80304bec9a60e0eaf4b0b7531e904769d35b77aa4d7554612671a55d2abb7,"pcm-meta-v2:{""protocol"":""r9.2-frozen-identity-v9"",""message"":""Remote end closed connection without response"",""cell_wall_ms"":2372345.894,""c_parse_samples"":[],""c_protocol_samples"":[],""construct_total_samples"":[],""construct_unattributed_samples"":[],""status"":""err:RemoteDisconnected"",""status_evidence"":{""kind"":""unspecified"",""message"":""Remote end closed connection without response""},""construction_requested"":null,""construction_effective"":null,""commit"":""9eb59b24e2f261a4a30b99e6a5aaf35df28df707"",""batch_id"":""6ed21b62ad987f410e3d6bfa6f27e1a0e1552b8a98c286d3f258a18afd0fdce3"",""query_sha256"":""8b244b13319b822a74e59eeb13abb60bb762b2e191e1bf3198b102b93135f740"",""engine"":""graphdb"",""engine_version"":""GraphDB (RDF4J) [engines.json profile]"",""scale"":""100M"",""base_endpoint_sha256"":""e1e370c3c3e41897f966ee22e8c7c98840f6ecade4ccb1698265b03c62141a2f"",""reified_endpoint_sha256"":""2c97fc305990d2aa1e0f09f37216d4d5b1419027440c3151c422415f0c836db8"",""update_endpoint_sha256"":""f3c05af6c7aa3bbf0aae501a61efa32804f36e642d32f61fe21875892b248a8a"",""base_data_identity_sha256"":""8a988dc83f4082a4f27503ba2906dc6b8733b3c02be567635c726c67bbd48314"",""reified_data_identity_sha256"":""16162702ccec82b2a0e27063cd04bd756a27af1f003b4cef0da976d843ef4725"",""update_for"":""reified"",""access_mode"":""writable"",""base_data_name"":""exploratory-base"",""reified_data_name"":""exploratory-reified"",""update_canary_sha256"":""41997fb8640d9e765a0272879a63548eb9bd46bbf6e49da02b7c924e506b94f7"",""store_instance_sha256"":""e6d3d236675cf5aefb65ff5897cc6e142b08e2a2be9e4af928e482100bc8e0bd"",""store_discriminator_sha256"":""2e884d94ace185d62b1b91debf493ccd0a69b83d08e74cf5f1c2be4851b14215"",""tool_sha256"":""7b43c2342d7676aa65cc9ee233b2184c9eae88f2663874af7ab1b83282f94ab4"",""java_runtime_sha256"":""6ffd10b28ab050230cdc1137f0bd16155c3a7c587add7fbe921d985fa92879fe"",""run_identity_sha256"":""27d80304bec9a60e0eaf4b0b7531e904769d35b77aa4d7554612671a55d2abb7""}"
9eb59b24e2f261a4a30b99e6a5aaf35df28df707,graphdb,GraphDB (RDF4J) [engines.json profile],100M,C,C3,00,8b244b13319b822a74e59eeb13abb60bb762b2e191e1bf3198b102b93135f740,R,reification-only,timeout,,,,,,,0,1,3600.0,,,,,,,157.463379,[],[],,[],,[],,[],r9.2-frozen-identity-v9,6ed21b62ad987f410e3d6bfa6f27e1a0e1552b8a98c286d3f258a18afd0fdce3,,,,,,,,,,,e1e370c3c3e41897f966ee22e8c7c98840f6ecade4ccb1698265b03c62141a2f,2c97fc305990d2aa1e0f09f37216d4d5b1419027440c3151c422415f0c836db8,f3c05af6c7aa3bbf0aae501a61efa32804f36e642d32f61fe21875892b248a8a,8a988dc83f4082a4f27503ba2906dc6b8733b3c02be567635c726c67bbd48314,16162702ccec82b2a0e27063cd04bd756a27af1f003b4cef0da976d843ef4725,reified,writable,exploratory-base,exploratory-reified,41997fb8640d9e765a0272879a63548eb9bd46bbf6e49da02b7c924e506b94f7,e6d3d236675cf5aefb65ff5897cc6e142b08e2a2be9e4af928e482100bc8e0bd,2e884d94ace185d62b1b91debf493ccd0a69b83d08e74cf5f1c2be4851b14215,7b43c2342d7676aa65cc9ee233b2184c9eae88f2663874af7ab1b83282f94ab4,6ffd10b28ab050230cdc1137f0bd16155c3a7c587add7fbe921d985fa92879fe,,,,27d80304bec9a60e0eaf4b0b7531e904769d35b77aa4d7554612671a55d2abb7,"pcm-meta-v2:{""protocol"":""r9.2-frozen-identity-v9"",""message"":""whole cell exceeded 3600s hard deadline; worker reaped"",""cell_wall_ms"":3600000.0,""c_parse_samples"":[],""c_protocol_samples"":[],""construct_total_samples"":[],""construct_unattributed_samples"":[],""status"":""timeout"",""status_evidence"":{""kind"":""hard-wall-deadline"",""message"":""whole cell exceeded 3600s hard deadline; worker reaped""},""construction_requested"":null,""construction_effective"":null,""commit"":""9eb59b24e2f261a4a30b99e6a5aaf35df28df707"",""batch_id"":""6ed21b62ad987f410e3d6bfa6f27e1a0e1552b8a98c286d3f258a18afd0fdce3"",""query_sha256"":""8b244b13319b822a74e59eeb13abb60bb762b2e191e1bf3198b102b93135f740"",""engine"":""graphdb"",""engine_version"":""GraphDB (RDF4J) [engines.json profile]"",""scale"":""100M"",""base_endpoint_sha256"":""e1e370c3c3e41897f966ee22e8c7c98840f6ecade4ccb1698265b03c62141a2f"",""reified_endpoint_sha256"":""2c97fc305990d2aa1e0f09f37216d4d5b1419027440c3151c422415f0c836db8"",""update_endpoint_sha256"":""f3c05af6c7aa3bbf0aae501a61efa32804f36e642d32f61fe21875892b248a8a"",""base_data_identity_sha256"":""8a988dc83f4082a4f27503ba2906dc6b8733b3c02be567635c726c67bbd48314"",""reified_data_identity_sha256"":""16162702ccec82b2a0e27063cd04bd756a27af1f003b4cef0da976d843ef4725"",""update_for"":""reified"",""access_mode"":""writable"",""base_data_name"":""exploratory-base"",""reified_data_name"":""exploratory-reified"",""update_canary_sha256"":""41997fb8640d9e765a0272879a63548eb9bd46bbf6e49da02b7c924e506b94f7"",""store_instance_sha256"":""e6d3d236675cf5aefb65ff5897cc6e142b08e2a2be9e4af928e482100bc8e0bd"",""store_discriminator_sha256"":""2e884d94ace185d62b1b91debf493ccd0a69b83d08e74cf5f1c2be4851b14215"",""tool_sha256"":""7b43c2342d7676aa65cc9ee233b2184c9eae88f2663874af7ab1b83282f94ab4"",""java_runtime_sha256"":""6ffd10b28ab050230cdc1137f0bd16155c3a7c587add7fbe921d985fa92879fe"",""run_identity_sha256"":""27d80304bec9a60e0eaf4b0b7531e904769d35b77aa4d7554612671a55d2abb7""}"
966642a2961472c5f660f752648dc2693518e858,graphdb,GraphDB (RDF4J) [engines.json profile],100M,F,F1,00,dbdf1c8c5e356208a245642d65bdf739a745f5339663addadfdb6363c1aeab02,B,base-select,ok,11,1266.7,1266.7,1266.7,1266.7,0.0,0,1,3600.0,3318,0.0,,,,,0.00836,[1266.698],[0.0],,[],,[],,[],r9.2-frozen-identity-v9,dfac415b5a6cbd6bca05218077d4301d6a1fc0d7ceff3e33f6c2c4c2d61d0e66,csv-binding-multiset-v1,11,5ec75bba0c6279ff9e5e26e3868880defbf849430969721bcf089c6f50a62fe4,,,,,,,,e1e370c3c3e41897f966ee22e8c7c98840f6ecade4ccb1698265b03c62141a2f,2c97fc305990d2aa1e0f09f37216d4d5b1419027440c3151c422415f0c836db8,f3c05af6c7aa3bbf0aae501a61efa32804f36e642d32f61fe21875892b248a8a,8a988dc83f4082a4f27503ba2906dc6b8733b3c02be567635c726c67bbd48314,16162702ccec82b2a0e27063cd04bd756a27af1f003b4cef0da976d843ef4725,reified,writable,exploratory-base,exploratory-reified,41997fb8640d9e765a0272879a63548eb9bd46bbf6e49da02b7c924e506b94f7,e6d3d236675cf5aefb65ff5897cc6e142b08e2a2be9e4af928e482100bc8e0bd,2e884d94ace185d62b1b91debf493ccd0a69b83d08e74cf5f1c2be4851b14215,7b43c2342d7676aa65cc9ee233b2184c9eae88f2663874af7ab1b83282f94ab4,6ffd10b28ab050230cdc1137f0bd16155c3a7c587add7fbe921d985fa92879fe,,,,726f16353e9630db7e1d5cb785beb2b2cadd2a69cefbe423caeb3d92bda3ec8f,"pcm-meta-v2:{""protocol"":""r9.2-frozen-identity-v9"",""message"":"""",""cell_wall_ms"":1272.929,""answer_kind"":""csv-binding-multiset-v1"",""answer_key_count"":11,""answer_fingerprint"":""5ec75bba0c6279ff9e5e26e3868880defbf849430969721bcf089c6f50a62fe4"",""c_parse_samples"":[0.0],""c_protocol_samples"":[],""construct_total_samples"":[],""construct_unattributed_samples"":[],""status"":""ok"",""status_evidence"":null,""construction_requested"":null,""construction_effective"":null,""commit"":""966642a2961472c5f660f752648dc2693518e858"",""batch_id"":""dfac415b5a6cbd6bca05218077d4301d6a1fc0d7ceff3e33f6c2c4c2d61d0e66"",""query_sha256"":""dbdf1c8c5e356208a245642d65bdf739a745f5339663addadfdb6363c1aeab02"",""engine"":""graphdb"",""engine_version"":""GraphDB (RDF4J) [engines.json profile]"",""scale"":""100M"",""base_endpoint_sha256"":""e1e370c3c3e41897f966ee22e8c7c98840f6ecade4ccb1698265b03c62141a2f"",""reified_endpoint_sha256"":""2c97fc305990d2aa1e0f09f37216d4d5b1419027440c3151c422415f0c836db8"",""update_endpoint_sha256"":""f3c05af6c7aa3bbf0aae501a61efa32804f36e642d32f61fe21875892b248a8a"",""base_data_identity_sha256"":""8a988dc83f4082a4f27503ba2906dc6b8733b3c02be567635c726c67bbd48314"",""reified_data_identity_sha256"":""16162702ccec82b2a0e27063cd04bd756a27af1f003b4cef0da976d843ef4725"",""update_for"":""reified"",""access_mode"":""writable"",""base_data_name"":""exploratory-base"",""reified_data_name"":""exploratory-reified"",""update_canary_sha256"":""41997fb8640d9e765a0272879a63548eb9bd46bbf6e49da02b7c924e506b94f7"",""store_instance_sha256"":""e6d3d236675cf5aefb65ff5897cc6e142b08e2a2be9e4af928e482100bc8e0bd"",""store_discriminator_sha256"":""2e884d94ace185d62b1b91debf493ccd0a69b83d08e74cf5f1c2be4851b14215"",""tool_sha256"":""7b43c2342d7676aa65cc9ee233b2184c9eae88f2663874af7ab1b83282f94ab4"",""java_runtime_sha256"":""6ffd10b28ab050230cdc1137f0bd16155c3a7c587add7fbe921d985fa92879fe"",""run_identity_sha256"":""726f16353e9630db7e1d5cb785beb2b2cadd2a69cefbe423caeb3d92bda3ec8f""}"
966642a2961472c5f660f752648dc2693518e858,graphdb,GraphDB (RDF4J) [engines.json profile],100M,F,F1,00,dbdf1c8c5e356208a245642d65bdf739a745f5339663addadfdb6363c1aeab02,C,SPARQLcirc CircuitRewriter,ok,11,5125.1,5125.1,5125.1,5125.1,0.0,0,1,3600.0,41174,3.7,22,77,11,,368.794306,[5125.1],[3.71],0.0,[0.0],5129.3,[5129.259],0.4,[0.449],r9.2-frozen-identity-v9,dfac415b5a6cbd6bca05218077d4301d6a1fc0d7ceff3e33f6c2c4c2d61d0e66,term-aware-candidate-set-v1,11,fad2b61b449efdd3efc1de1c7653c8155bb7ee4d1ae6e98f4ce271980b4a173a,flat,flat,57d0c632f5cd8e44e0f2a01d4a37e6cb88fe9737b31999c3d6e4a97cdd0aeab7,/mnt/nfs/home/ac145595/workspace/rq3-artifacts/circuits/graphdb-100m/dbdf1c8c5e356208a245642d65bdf739a745f5339663addadfdb6363c1aeab02-57d0c632f5cd8e44e0f2a01d4a37e6cb88fe9737b31999c3d6e4a97cdd0aeab7.nt,/mnt/nfs/home/ac145595/workspace/rq3-artifacts/circuits/graphdb-100m/dbdf1c8c5e356208a245642d65bdf739a745f5339663addadfdb6363c1aeab02-57d0c632f5cd8e44e0f2a01d4a37e6cb88fe9737b31999c3d6e4a97cdd0aeab7.json,d5ee058faf0946712866684cced73caed5108b004494c494c2351f67b2916e72,2522e0acc7ab873fc4fee06193f97bff99aa3d924de7efc35a6cfb07000e9ccf,e1e370c3c3e41897f966ee22e8c7c98840f6ecade4ccb1698265b03c62141a2f,2c97fc305990d2aa1e0f09f37216d4d5b1419027440c3151c422415f0c836db8,f3c05af6c7aa3bbf0aae501a61efa32804f36e642d32f61fe21875892b248a8a,8a988dc83f4082a4f27503ba2906dc6b8733b3c02be567635c726c67bbd48314,16162702ccec82b2a0e27063cd04bd756a27af1f003b4cef0da976d843ef4725,reified,writable,exploratory-base,exploratory-reified,41997fb8640d9e765a0272879a63548eb9bd46bbf6e49da02b7c924e506b94f7,e6d3d236675cf5aefb65ff5897cc6e142b08e2a2be9e4af928e482100bc8e0bd,2e884d94ace185d62b1b91debf493ccd0a69b83d08e74cf5f1c2be4851b14215,7b43c2342d7676aa65cc9ee233b2184c9eae88f2663874af7ab1b83282f94ab4,6ffd10b28ab050230cdc1137f0bd16155c3a7c587add7fbe921d985fa92879fe,,,,726f16353e9630db7e1d5cb785beb2b2cadd2a69cefbe423caeb3d92bda3ec8f,"pcm-meta-v2:{""protocol"":""r9.2-frozen-identity-v9"",""message"":""C requested=flat effective=flat; steps=1 feedback=0; network includes CONSTRUCT, feedback INSERT, and cleanup DELETE"",""cell_wall_ms"":5504.553,""answer_kind"":""term-aware-candidate-set-v1"",""answer_key_count"":11,""answer_fingerprint"":""fad2b61b449efdd3efc1de1c7653c8155bb7ee4d1ae6e98f4ce271980b4a173a"",""c_parse_samples"":[3.71],""c_protocol_samples"":[{""requested_mode"":""flat"",""effective_mode"":""flat"",""fallback_reason"":null,""plan_steps"":1,""feedback_steps"":0,""feedback_triples"":0,""construct_query_ms"":5125.1,""feedback_update_ms"":0.0,""cleanup_ms"":0.0,""client_protocol_ms"":0.0,""network_scope"":""construct+feedback+cleanup"",""circuit_sha256"":""57d0c632f5cd8e44e0f2a01d4a37e6cb88fe9737b31999c3d6e4a97cdd0aeab7"",""answer_fingerprint"":""fad2b61b449efdd3efc1de1c7653c8155bb7ee4d1ae6e98f4ce271980b4a173a"",""semantic_signature_sha256"":""33f0bab28613727d7e95542b1178a10e526424af6c0d32934df3ed8088e859e1"",""structure_signature"":{""gates"":22,""edges"":77,""answers"":11,""derivations"":11,""leaves"":28,""plus"":11,""minus"":0,""nodes"":50,""canonical_bytes"":41174},""construct_total_ms"":5129.259,""client_unattributed_ms"":0.449}],""construct_total_samples"":[5129.259],""construct_unattributed_samples"":[0.449],""status"":""ok"",""status_evidence"":null,""c_warmup_signatures"":[],""measured_semantic_signature_sha256"":""33f0bab28613727d7e95542b1178a10e526424af6c0d32934df3ed8088e859e1"",""measured_repetitions_consistent"":true,""cache_snapshot_ms"":1.648,""cache_snapshot_scope"":""first-measured-response; deferred until all runs succeeded"",""outside_cell_cache_write_ms"":5.691,""endpoint_lock"":{""wait_ms"":0.006,""lock_path"":""/tmp/sparqlcirc-r9-endpoint-locks-v7/e6d3d236675cf5aefb65ff5897cc6e142b08e2a2be9e4af928e482100bc8e0bd.lock""},""construction_requested"":""flat"",""construction_effective"":""flat"",""circuit_sha256"":""57d0c632f5cd8e44e0f2a01d4a37e6cb88fe9737b31999c3d6e4a97cdd0aeab7"",""circuit_triples"":275,""circuit_bytes"":41174,""circuit_path"":""/mnt/nfs/home/ac145595/workspace/rq3-artifacts/circuits/graphdb-100m/dbdf1c8c5e356208a245642d65bdf739a745f5339663addadfdb6363c1aeab02-57d0c632f5cd8e44e0f2a01d4a37e6cb88fe9737b31999c3d6e4a97cdd0aeab7.nt"",""metadata_path"":""/mnt/nfs/home/ac145595/workspace/rq3-artifacts/circuits/graphdb-100m/dbdf1c8c5e356208a245642d65bdf739a745f5339663addadfdb6363c1aeab02-57d0c632f5cd8e44e0f2a01d4a37e6cb88fe9737b31999c3d6e4a97cdd0aeab7.json"",""producer_observation_sha256"":""d5ee058faf0946712866684cced73caed5108b004494c494c2351f67b2916e72"",""sidecar_sha256"":""2522e0acc7ab873fc4fee06193f97bff99aa3d924de7efc35a6cfb07000e9ccf"",""commit"":""966642a2961472c5f660f752648dc2693518e858"",""batch_id"":""dfac415b5a6cbd6bca05218077d4301d6a1fc0d7ceff3e33f6c2c4c2d61d0e66"",""query_sha256"":""dbdf1c8c5e356208a245642d65bdf739a745f5339663addadfdb6363c1aeab02"",""engine"":""graphdb"",""engine_version"":""GraphDB (RDF4J) [engines.json profile]"",""scale"":""100M"",""base_endpoint_sha256"":""e1e370c3c3e41897f966ee22e8c7c98840f6ecade4ccb1698265b03c62141a2f"",""reified_endpoint_sha256"":""2c97fc305990d2aa1e0f09f37216d4d5b1419027440c3151c422415f0c836db8"",""update_endpoint_sha256"":""f3c05af6c7aa3bbf0aae501a61efa32804f36e642d32f61fe21875892b248a8a"",""base_data_identity_sha256"":""8a988dc83f4082a4f27503ba2906dc6b8733b3c02be567635c726c67bbd48314"",""reified_data_identity_sha256"":""16162702ccec82b2a0e27063cd04bd756a27af1f003b4cef0da976d843ef4725"",""update_for"":""reified"",""access_mode"":""writable"",""base_data_name"":""exploratory-base"",""reified_data_name"":""exploratory-reified"",""update_canary_sha256"":""41997fb8640d9e765a0272879a63548eb9bd46bbf6e49da02b7c924e506b94f7"",""store_instance_sha256"":""e6d3d236675cf5aefb65ff5897cc6e142b08e2a2be9e4af928e482100bc8e0bd"",""store_discriminator_sha256"":""2e884d94ace185d62b1b91debf493ccd0a69b83d08e74cf5f1c2be4851b14215"",""tool_sha256"":""7b43c2342d7676aa65cc9ee233b2184c9eae88f2663874af7ab1b83282f94ab4"",""java_runtime_sha256"":""6ffd10b28ab050230cdc1137f0bd16155c3a7c587add7fbe921d985fa92879fe"",""run_identity_sha256"":""726f16353e9630db7e1d5cb785beb2b2cadd2a69cefbe423caeb3d92bda3ec8f""}"
966642a2961472c5f660f752648dc2693518e858,graphdb,GraphDB (RDF4J) [engines.json profile],100M,F,F1,00,dbdf1c8c5e356208a245642d65bdf739a745f5339663addadfdb6363c1aeab02,N,N_clean (NPCS reimplementation),ok,11,376.6,376.6,376.6,376.6,0.0,0,1,3600.0,4439,0.0,,,,11,181.483628,[376.638],[0.0],,[],,[],,[],r9.2-frozen-identity-v9,dfac415b5a6cbd6bca05218077d4301d6a1fc0d7ceff3e33f6c2c4c2d61d0e66,csv-candidate-multiset-v1,11,5ec75bba0c6279ff9e5e26e3868880defbf849430969721bcf089c6f50a62fe4,,,,,,,,e1e370c3c3e41897f966ee22e8c7c98840f6ecade4ccb1698265b03c62141a2f,2c97fc305990d2aa1e0f09f37216d4d5b1419027440c3151c422415f0c836db8,f3c05af6c7aa3bbf0aae501a61efa32804f36e642d32f61fe21875892b248a8a,8a988dc83f4082a4f27503ba2906dc6b8733b3c02be567635c726c67bbd48314,16162702ccec82b2a0e27063cd04bd756a27af1f003b4cef0da976d843ef4725,reified,writable,exploratory-base,exploratory-reified,41997fb8640d9e765a0272879a63548eb9bd46bbf6e49da02b7c924e506b94f7,e6d3d236675cf5aefb65ff5897cc6e142b08e2a2be9e4af928e482100bc8e0bd,2e884d94ace185d62b1b91debf493ccd0a69b83d08e74cf5f1c2be4851b14215,7b43c2342d7676aa65cc9ee233b2184c9eae88f2663874af7ab1b83282f94ab4,6ffd10b28ab050230cdc1137f0bd16155c3a7c587add7fbe921d985fa92879fe,11,0,66,726f16353e9630db7e1d5cb785beb2b2cadd2a69cefbe423caeb3d92bda3ec8f,"pcm-meta-v2:{""protocol"":""r9.2-frozen-identity-v9"",""message"":"""",""cell_wall_ms"":564.935,""answer_kind"":""csv-candidate-multiset-v1"",""answer_key_count"":11,""answer_fingerprint"":""5ec75bba0c6279ff9e5e26e3868880defbf849430969721bcf089c6f50a62fe4"",""c_parse_samples"":[0.0],""c_protocol_samples"":[],""construct_total_samples"":[],""construct_unattributed_samples"":[],""status"":""ok"",""status_evidence"":null,""construction_requested"":null,""construction_effective"":null,""commit"":""966642a2961472c5f660f752648dc2693518e858"",""batch_id"":""dfac415b5a6cbd6bca05218077d4301d6a1fc0d7ceff3e33f6c2c4c2d61d0e66"",""query_sha256"":""dbdf1c8c5e356208a245642d65bdf739a745f5339663addadfdb6363c1aeab02"",""engine"":""graphdb"",""engine_version"":""GraphDB (RDF4J) [engines.json profile]"",""scale"":""100M"",""base_endpoint_sha256"":""e1e370c3c3e41897f966ee22e8c7c98840f6ecade4ccb1698265b03c62141a2f"",""reified_endpoint_sha256"":""2c97fc305990d2aa1e0f09f37216d4d5b1419027440c3151c422415f0c836db8"",""update_endpoint_sha256"":""f3c05af6c7aa3bbf0aae501a61efa32804f36e642d32f61fe21875892b248a8a"",""base_data_identity_sha256"":""8a988dc83f4082a4f27503ba2906dc6b8733b3c02be567635c726c67bbd48314"",""reified_data_identity_sha256"":""16162702ccec82b2a0e27063cd04bd756a27af1f003b4cef0da976d843ef4725"",""update_for"":""reified"",""access_mode"":""writable"",""base_data_name"":""exploratory-base"",""reified_data_name"":""exploratory-reified"",""update_canary_sha256"":""41997fb8640d9e765a0272879a63548eb9bd46bbf6e49da02b7c924e506b94f7"",""store_instance_sha256"":""e6d3d236675cf5aefb65ff5897cc6e142b08e2a2be9e4af928e482100bc8e0bd"",""store_discriminator_sha256"":""2e884d94ace185d62b1b91debf493ccd0a69b83d08e74cf5f1c2be4851b14215"",""tool_sha256"":""7b43c2342d7676aa65cc9ee233b2184c9eae88f2663874af7ab1b83282f94ab4"",""java_runtime_sha256"":""6ffd10b28ab050230cdc1137f0bd16155c3a7c587add7fbe921d985fa92879fe"",""run_identity_sha256"":""726f16353e9630db7e1d5cb785beb2b2cadd2a69cefbe423caeb3d92bda3ec8f""}"
966642a2961472c5f660f752648dc2693518e858,graphdb,GraphDB (RDF4J) [engines.json profile],100M,F,F1,00,dbdf1c8c5e356208a245642d65bdf739a745f5339663addadfdb6363c1aeab02,R,reification-only,ok,11,958.3,958.3,958.3,958.3,0.0,0,1,3600.0,3318,0.0,,,,,160.378638,[958.304],[0.0],,[],,[],,[],r9.2-frozen-identity-v9,dfac415b5a6cbd6bca05218077d4301d6a1fc0d7ceff3e33f6c2c4c2d61d0e66,csv-binding-multiset-v1,11,5ec75bba0c6279ff9e5e26e3868880defbf849430969721bcf089c6f50a62fe4,,,,,,,,e1e370c3c3e41897f966ee22e8c7c98840f6ecade4ccb1698265b03c62141a2f,2c97fc305990d2aa1e0f09f37216d4d5b1419027440c3151c422415f0c836db8,f3c05af6c7aa3bbf0aae501a61efa32804f36e642d32f61fe21875892b248a8a,8a988dc83f4082a4f27503ba2906dc6b8733b3c02be567635c726c67bbd48314,16162702ccec82b2a0e27063cd04bd756a27af1f003b4cef0da976d843ef4725,reified,writable,exploratory-base,exploratory-reified,41997fb8640d9e765a0272879a63548eb9bd46bbf6e49da02b7c924e506b94f7,e6d3d236675cf5aefb65ff5897cc6e142b08e2a2be9e4af928e482100bc8e0bd,2e884d94ace185d62b1b91debf493ccd0a69b83d08e74cf5f1c2be4851b14215,7b43c2342d7676aa65cc9ee233b2184c9eae88f2663874af7ab1b83282f94ab4,6ffd10b28ab050230cdc1137f0bd16155c3a7c587add7fbe921d985fa92879fe,,,,726f16353e9630db7e1d5cb785beb2b2cadd2a69cefbe423caeb3d92bda3ec8f,"pcm-meta-v2:{""protocol"":""r9.2-frozen-identity-v9"",""message"":"""",""cell_wall_ms"":1126.431,""answer_kind"":""csv-binding-multiset-v1"",""answer_key_count"":11,""answer_fingerprint"":""5ec75bba0c6279ff9e5e26e3868880defbf849430969721bcf089c6f50a62fe4"",""c_parse_samples"":[0.0],""c_protocol_samples"":[],""construct_total_samples"":[],""construct_unattributed_samples"":[],""status"":""ok"",""status_evidence"":null,""construction_requested"":null,""construction_effective"":null,""commit"":""966642a2961472c5f660f752648dc2693518e858"",""batch_id"":""dfac415b5a6cbd6bca05218077d4301d6a1fc0d7ceff3e33f6c2c4c2d61d0e66"",""query_sha256"":""dbdf1c8c5e356208a245642d65bdf739a745f5339663addadfdb6363c1aeab02"",""engine"":""graphdb"",""engine_version"":""GraphDB (RDF4J) [engines.json profile]"",""scale"":""100M"",""base_endpoint_sha256"":""e1e370c3c3e41897f966ee22e8c7c98840f6ecade4ccb1698265b03c62141a2f"",""reified_endpoint_sha256"":""2c97fc305990d2aa1e0f09f37216d4d5b1419027440c3151c422415f0c836db8"",""update_endpoint_sha256"":""f3c05af6c7aa3bbf0aae501a61efa32804f36e642d32f61fe21875892b248a8a"",""base_data_identity_sha256"":""8a988dc83f4082a4f27503ba2906dc6b8733b3c02be567635c726c67bbd48314"",""reified_data_identity_sha256"":""16162702ccec82b2a0e27063cd04bd756a27af1f003b4cef0da976d843ef4725"",""update_for"":""reified"",""access_mode"":""writable"",""base_data_name"":""exploratory-base"",""reified_data_name"":""exploratory-reified"",""update_canary_sha256"":""41997fb8640d9e765a0272879a63548eb9bd46bbf6e49da02b7c924e506b94f7"",""store_instance_sha256"":""e6d3d236675cf5aefb65ff5897cc6e142b08e2a2be9e4af928e482100bc8e0bd"",""store_discriminator_sha256"":""2e884d94ace185d62b1b91debf493ccd0a69b83d08e74cf5f1c2be4851b14215"",""tool_sha256"":""7b43c2342d7676aa65cc9ee233b2184c9eae88f2663874af7ab1b83282f94ab4"",""java_runtime_sha256"":""6ffd10b28ab050230cdc1137f0bd16155c3a7c587add7fbe921d985fa92879fe"",""run_identity_sha256"":""726f16353e9630db7e1d5cb785beb2b2cadd2a69cefbe423caeb3d92bda3ec8f""}"
966642a2961472c5f660f752648dc2693518e858,graphdb,GraphDB (RDF4J) [engines.json profile],100M,F,F2,00,a2d067af87788371d0895c53af5536df3cc59090adda8fe35f6c9b1491962642,B,base-select,ok,13,46.5,46.5,46.5,46.5,0.0,0,1,3600.0,7366,0.0,,,,,0.00648,[46.474],[0.0],,[],,[],,[],r9.2-frozen-identity-v9,dfac415b5a6cbd6bca05218077d4301d6a1fc0d7ceff3e33f6c2c4c2d61d0e66,csv-binding-multiset-v1,13,3eb9b704133c2133f9251cb9f3cedc8f0da112569b5318be2942be1b0972c0a6,,,,,,,,e1e370c3c3e41897f966ee22e8c7c98840f6ecade4ccb1698265b03c62141a2f,2c97fc305990d2aa1e0f09f37216d4d5b1419027440c3151c422415f0c836db8,f3c05af6c7aa3bbf0aae501a61efa32804f36e642d32f61fe21875892b248a8a,8a988dc83f4082a4f27503ba2906dc6b8733b3c02be567635c726c67bbd48314,16162702ccec82b2a0e27063cd04bd756a27af1f003b4cef0da976d843ef4725,reified,writable,exploratory-base,exploratory-reified,41997fb8640d9e765a0272879a63548eb9bd46bbf6e49da02b7c924e506b94f7,e6d3d236675cf5aefb65ff5897cc6e142b08e2a2be9e4af928e482100bc8e0bd,2e884d94ace185d62b1b91debf493ccd0a69b83d08e74cf5f1c2be4851b14215,7b43c2342d7676aa65cc9ee233b2184c9eae88f2663874af7ab1b83282f94ab4,6ffd10b28ab050230cdc1137f0bd16155c3a7c587add7fbe921d985fa92879fe,,,,418c192e67b8c0319ab406fb606659f994581dbe107e101c1a50d6bf1a2f1bdb,"pcm-meta-v2:{""protocol"":""r9.2-frozen-identity-v9"",""message"":"""",""cell_wall_ms"":52.464,""answer_kind"":""csv-binding-multiset-v1"",""answer_key_count"":13,""answer_fingerprint"":""3eb9b704133c2133f9251cb9f3cedc8f0da112569b5318be2942be1b0972c0a6"",""c_parse_samples"":[0.0],""c_protocol_samples"":[],""construct_total_samples"":[],""construct_unattributed_samples"":[],""status"":""ok"",""status_evidence"":null,""construction_requested"":null,""construction_effective"":null,""commit"":""966642a2961472c5f660f752648dc2693518e858"",""batch_id"":""dfac415b5a6cbd6bca05218077d4301d6a1fc0d7ceff3e33f6c2c4c2d61d0e66"",""query_sha256"":""a2d067af87788371d0895c53af5536df3cc59090adda8fe35f6c9b1491962642"",""engine"":""graphdb"",""engine_version"":""GraphDB (RDF4J) [engines.json profile]"",""scale"":""100M"",""base_endpoint_sha256"":""e1e370c3c3e41897f966ee22e8c7c98840f6ecade4ccb1698265b03c62141a2f"",""reified_endpoint_sha256"":""2c97fc305990d2aa1e0f09f37216d4d5b1419027440c3151c422415f0c836db8"",""update_endpoint_sha256"":""f3c05af6c7aa3bbf0aae501a61efa32804f36e642d32f61fe21875892b248a8a"",""base_data_identity_sha256"":""8a988dc83f4082a4f27503ba2906dc6b8733b3c02be567635c726c67bbd48314"",""reified_data_identity_sha256"":""16162702ccec82b2a0e27063cd04bd756a27af1f003b4cef0da976d843ef4725"",""update_for"":""reified"",""access_mode"":""writable"",""base_data_name"":""exploratory-base"",""reified_data_name"":""exploratory-reified"",""update_canary_sha256"":""41997fb8640d9e765a0272879a63548eb9bd46bbf6e49da02b7c924e506b94f7"",""store_instance_sha256"":""e6d3d236675cf5aefb65ff5897cc6e142b08e2a2be9e4af928e482100bc8e0bd"",""store_discriminator_sha256"":""2e884d94ace185d62b1b91debf493ccd0a69b83d08e74cf5f1c2be4851b14215"",""tool_sha256"":""7b43c2342d7676aa65cc9ee233b2184c9eae88f2663874af7ab1b83282f94ab4"",""java_runtime_sha256"":""6ffd10b28ab050230cdc1137f0bd16155c3a7c587add7fbe921d985fa92879fe"",""run_identity_sha256"":""418c192e67b8c0319ab406fb606659f994581dbe107e101c1a50d6bf1a2f1bdb""}"
966642a2961472c5f660f752648dc2693518e858,graphdb,GraphDB (RDF4J) [engines.json profile],100M,F,F2,00,a2d067af87788371d0895c53af5536df3cc59090adda8fe35f6c9b1491962642,C,SPARQLcirc CircuitRewriter,ok,13,464.9,464.9,464.9,464.9,0.0,0,1,3600.0,68402,6.0,26,117,13,,386.755297,[464.934],[6.021],0.0,[0.0],471.5,[471.484],0.5,[0.529],r9.2-frozen-identity-v9,dfac415b5a6cbd6bca05218077d4301d6a1fc0d7ceff3e33f6c2c4c2d61d0e66,term-aware-candidate-set-v1,13,3c7f145fc6e01ba0de60e5752b5cdd2e01864b94b81ca59b2f2a856ed9928e4e,flat,flat,f26139cae7a9692a2838a20fd01905e3d0002d93269ae431521c1656fb25eb1c,/mnt/nfs/home/ac145595/workspace/rq3-artifacts/circuits/graphdb-100m/a2d067af87788371d0895c53af5536df3cc59090adda8fe35f6c9b1491962642-f26139cae7a9692a2838a20fd01905e3d0002d93269ae431521c1656fb25eb1c.nt,/mnt/nfs/home/ac145595/workspace/rq3-artifacts/circuits/graphdb-100m/a2d067af87788371d0895c53af5536df3cc59090adda8fe35f6c9b1491962642-f26139cae7a9692a2838a20fd01905e3d0002d93269ae431521c1656fb25eb1c.json,116d013fee0f38f143772858ccb47db6745bc00d3e58559e004faf5ff9b1e55b,c8a46e8468f8b13aaf743302036c3b1abd22fa34b143517c0d2e3b7d86439315,e1e370c3c3e41897f966ee22e8c7c98840f6ecade4ccb1698265b03c62141a2f,2c97fc305990d2aa1e0f09f37216d4d5b1419027440c3151c422415f0c836db8,f3c05af6c7aa3bbf0aae501a61efa32804f36e642d32f61fe21875892b248a8a,8a988dc83f4082a4f27503ba2906dc6b8733b3c02be567635c726c67bbd48314,16162702ccec82b2a0e27063cd04bd756a27af1f003b4cef0da976d843ef4725,reified,writable,exploratory-base,exploratory-reified,41997fb8640d9e765a0272879a63548eb9bd46bbf6e49da02b7c924e506b94f7,e6d3d236675cf5aefb65ff5897cc6e142b08e2a2be9e4af928e482100bc8e0bd,2e884d94ace185d62b1b91debf493ccd0a69b83d08e74cf5f1c2be4851b14215,7b43c2342d7676aa65cc9ee233b2184c9eae88f2663874af7ab1b83282f94ab4,6ffd10b28ab050230cdc1137f0bd16155c3a7c587add7fbe921d985fa92879fe,,,,418c192e67b8c0319ab406fb606659f994581dbe107e101c1a50d6bf1a2f1bdb,"pcm-meta-v2:{""protocol"":""r9.2-frozen-identity-v9"",""message"":""C requested=flat effective=flat; steps=1 feedback=0; network includes CONSTRUCT, feedback INSERT, and cleanup DELETE"",""cell_wall_ms"":864.491,""answer_kind"":""term-aware-candidate-set-v1"",""answer_key_count"":13,""answer_fingerprint"":""3c7f145fc6e01ba0de60e5752b5cdd2e01864b94b81ca59b2f2a856ed9928e4e"",""c_parse_samples"":[6.021],""c_protocol_samples"":[{""requested_mode"":""flat"",""effective_mode"":""flat"",""fallback_reason"":null,""plan_steps"":1,""feedback_steps"":0,""feedback_triples"":0,""construct_query_ms"":464.934,""feedback_update_ms"":0.0,""cleanup_ms"":0.0,""client_protocol_ms"":0.0,""network_scope"":""construct+feedback+cleanup"",""circuit_sha256"":""f26139cae7a9692a2838a20fd01905e3d0002d93269ae431521c1656fb25eb1c"",""answer_fingerprint"":""3c7f145fc6e01ba0de60e5752b5cdd2e01864b94b81ca59b2f2a856ed9928e4e"",""semantic_signature_sha256"":""a82ea35ee1b1ff54fbd71643643f91037900d62a4cb087fd55f70e0ffbfa757d"",""structure_signature"":{""gates"":26,""edges"":117,""answers"":13,""derivations"":13,""leaves"":104,""plus"":13,""minus"":0,""nodes"":130,""canonical_bytes"":68402},""construct_total_ms"":471.484,""client_unattributed_ms"":0.529}],""construct_total_samples"":[471.484],""construct_unattributed_samples"":[0.529],""status"":""ok"",""status_evidence"":null,""c_warmup_signatures"":[],""measured_semantic_signature_sha256"":""a82ea35ee1b1ff54fbd71643643f91037900d62a4cb087fd55f70e0ffbfa757d"",""measured_repetitions_consistent"":true,""cache_snapshot_ms"":1.619,""cache_snapshot_scope"":""first-measured-response; deferred until all runs succeeded"",""outside_cell_cache_write_ms"":7.301,""endpoint_lock"":{""wait_ms"":0.007,""lock_path"":""/tmp/sparqlcirc-r9-endpoint-locks-v7/e6d3d236675cf5aefb65ff5897cc6e142b08e2a2be9e4af928e482100bc8e0bd.lock""},""construction_requested"":""flat"",""construction_effective"":""flat"",""circuit_sha256"":""f26139cae7a9692a2838a20fd01905e3d0002d93269ae431521c1656fb25eb1c"",""circuit_triples"":429,""circuit_bytes"":68402,""circuit_path"":""/mnt/nfs/home/ac145595/workspace/rq3-artifacts/circuits/graphdb-100m/a2d067af87788371d0895c53af5536df3cc59090adda8fe35f6c9b1491962642-f26139cae7a9692a2838a20fd01905e3d0002d93269ae431521c1656fb25eb1c.nt"",""metadata_path"":""/mnt/nfs/home/ac145595/workspace/rq3-artifacts/circuits/graphdb-100m/a2d067af87788371d0895c53af5536df3cc59090adda8fe35f6c9b1491962642-f26139cae7a9692a2838a20fd01905e3d0002d93269ae431521c1656fb25eb1c.json"",""producer_observation_sha256"":""116d013fee0f38f143772858ccb47db6745bc00d3e58559e004faf5ff9b1e55b"",""sidecar_sha256"":""c8a46e8468f8b13aaf743302036c3b1abd22fa34b143517c0d2e3b7d86439315"",""commit"":""966642a2961472c5f660f752648dc2693518e858"",""batch_id"":""dfac415b5a6cbd6bca05218077d4301d6a1fc0d7ceff3e33f6c2c4c2d61d0e66"",""query_sha256"":""a2d067af87788371d0895c53af5536df3cc59090adda8fe35f6c9b1491962642"",""engine"":""graphdb"",""engine_version"":""GraphDB (RDF4J) [engines.json profile]"",""scale"":""100M"",""base_endpoint_sha256"":""e1e370c3c3e41897f966ee22e8c7c98840f6ecade4ccb1698265b03c62141a2f"",""reified_endpoint_sha256"":""2c97fc305990d2aa1e0f09f37216d4d5b1419027440c3151c422415f0c836db8"",""update_endpoint_sha256"":""f3c05af6c7aa3bbf0aae501a61efa32804f36e642d32f61fe21875892b248a8a"",""base_data_identity_sha256"":""8a988dc83f4082a4f27503ba2906dc6b8733b3c02be567635c726c67bbd48314"",""reified_data_identity_sha256"":""16162702ccec82b2a0e27063cd04bd756a27af1f003b4cef0da976d843ef4725"",""update_for"":""reified"",""access_mode"":""writable"",""base_data_name"":""exploratory-base"",""reified_data_name"":""exploratory-reified"",""update_canary_sha256"":""41997fb8640d9e765a0272879a63548eb9bd46bbf6e49da02b7c924e506b94f7"",""store_instance_sha256"":""e6d3d236675cf5aefb65ff5897cc6e142b08e2a2be9e4af928e482100bc8e0bd"",""store_discriminator_sha256"":""2e884d94ace185d62b1b91debf493ccd0a69b83d08e74cf5f1c2be4851b14215"",""tool_sha256"":""7b43c2342d7676aa65cc9ee233b2184c9eae88f2663874af7ab1b83282f94ab4"",""java_runtime_sha256"":""6ffd10b28ab050230cdc1137f0bd16155c3a7c587add7fbe921d985fa92879fe"",""run_identity_sha256"":""418c192e67b8c0319ab406fb606659f994581dbe107e101c1a50d6bf1a2f1bdb""}"
966642a2961472c5f660f752648dc2693518e858,graphdb,GraphDB (RDF4J) [engines.json profile],100M,F,F2,00,a2d067af87788371d0895c53af5536df3cc59090adda8fe35f6c9b1491962642,N,N_clean (NPCS reimplementation),ok,13,52.7,52.7,52.7,52.7,0.0,0,1,3600.0,9091,0.0,,,,13,177.438728,[52.664],[0.0],,[],,[],,[],r9.2-frozen-identity-v9,dfac415b5a6cbd6bca05218077d4301d6a1fc0d7ceff3e33f6c2c4c2d61d0e66,csv-candidate-multiset-v1,13,3eb9b704133c2133f9251cb9f3cedc8f0da112569b5318be2942be1b0972c0a6,,,,,,,,e1e370c3c3e41897f966ee22e8c7c98840f6ecade4ccb1698265b03c62141a2f,2c97fc305990d2aa1e0f09f37216d4d5b1419027440c3151c422415f0c836db8,f3c05af6c7aa3bbf0aae501a61efa32804f36e642d32f61fe21875892b248a8a,8a988dc83f4082a4f27503ba2906dc6b8733b3c02be567635c726c67bbd48314,16162702ccec82b2a0e27063cd04bd756a27af1f003b4cef0da976d843ef4725,reified,writable,exploratory-base,exploratory-reified,41997fb8640d9e765a0272879a63548eb9bd46bbf6e49da02b7c924e506b94f7,e6d3d236675cf5aefb65ff5897cc6e142b08e2a2be9e4af928e482100bc8e0bd,2e884d94ace185d62b1b91debf493ccd0a69b83d08e74cf5f1c2be4851b14215,7b43c2342d7676aa65cc9ee233b2184c9eae88f2663874af7ab1b83282f94ab4,6ffd10b28ab050230cdc1137f0bd16155c3a7c587add7fbe921d985fa92879fe,13,0,104,418c192e67b8c0319ab406fb606659f994581dbe107e101c1a50d6bf1a2f1bdb,"pcm-meta-v2:{""protocol"":""r9.2-frozen-identity-v9"",""message"":"""",""cell_wall_ms"":237.023,""answer_kind"":""csv-candidate-multiset-v1"",""answer_key_count"":13,""answer_fingerprint"":""3eb9b704133c2133f9251cb9f3cedc8f0da112569b5318be2942be1b0972c0a6"",""c_parse_samples"":[0.0],""c_protocol_samples"":[],""construct_total_samples"":[],""construct_unattributed_samples"":[],""status"":""ok"",""status_evidence"":null,""construction_requested"":null,""construction_effective"":null,""commit"":""966642a2961472c5f660f752648dc2693518e858"",""batch_id"":""dfac415b5a6cbd6bca05218077d4301d6a1fc0d7ceff3e33f6c2c4c2d61d0e66"",""query_sha256"":""a2d067af87788371d0895c53af5536df3cc59090adda8fe35f6c9b1491962642"",""engine"":""graphdb"",""engine_version"":""GraphDB (RDF4J) [engines.json profile]"",""scale"":""100M"",""base_endpoint_sha256"":""e1e370c3c3e41897f966ee22e8c7c98840f6ecade4ccb1698265b03c62141a2f"",""reified_endpoint_sha256"":""2c97fc305990d2aa1e0f09f37216d4d5b1419027440c3151c422415f0c836db8"",""update_endpoint_sha256"":""f3c05af6c7aa3bbf0aae501a61efa32804f36e642d32f61fe21875892b248a8a"",""base_data_identity_sha256"":""8a988dc83f4082a4f27503ba2906dc6b8733b3c02be567635c726c67bbd48314"",""reified_data_identity_sha256"":""16162702ccec82b2a0e27063cd04bd756a27af1f003b4cef0da976d843ef4725"",""update_for"":""reified"",""access_mode"":""writable"",""base_data_name"":""exploratory-base"",""reified_data_name"":""exploratory-reified"",""update_canary_sha256"":""41997fb8640d9e765a0272879a63548eb9bd46bbf6e49da02b7c924e506b94f7"",""store_instance_sha256"":""e6d3d236675cf5aefb65ff5897cc6e142b08e2a2be9e4af928e482100bc8e0bd"",""store_discriminator_sha256"":""2e884d94ace185d62b1b91debf493ccd0a69b83d08e74cf5f1c2be4851b14215"",""tool_sha256"":""7b43c2342d7676aa65cc9ee233b2184c9eae88f2663874af7ab1b83282f94ab4"",""java_runtime_sha256"":""6ffd10b28ab050230cdc1137f0bd16155c3a7c587add7fbe921d985fa92879fe"",""run_identity_sha256"":""418c192e67b8c0319ab406fb606659f994581dbe107e101c1a50d6bf1a2f1bdb""}"
966642a2961472c5f660f752648dc2693518e858,graphdb,GraphDB (RDF4J) [engines.json profile],100M,F,F2,00,a2d067af87788371d0895c53af5536df3cc59090adda8fe35f6c9b1491962642,R,reification-only,ok,13,173.2,173.2,173.2,173.2,0.0,0,1,3600.0,7366,0.0,,,,,132.049849,[173.207],[0.0],,[],,[],,[],r9.2-frozen-identity-v9,dfac415b5a6cbd6bca05218077d4301d6a1fc0d7ceff3e33f6c2c4c2d61d0e66,csv-binding-multiset-v1,13,3eb9b704133c2133f9251cb9f3cedc8f0da112569b5318be2942be1b0972c0a6,,,,,,,,e1e370c3c3e41897f966ee22e8c7c98840f6ecade4ccb1698265b03c62141a2f,2c97fc305990d2aa1e0f09f37216d4d5b1419027440c3151c422415f0c836db8,f3c05af6c7aa3bbf0aae501a61efa32804f36e642d32f61fe21875892b248a8a,8a988dc83f4082a4f27503ba2906dc6b8733b3c02be567635c726c67bbd48314,16162702ccec82b2a0e27063cd04bd756a27af1f003b4cef0da976d843ef4725,reified,writable,exploratory-base,exploratory-reified,41997fb8640d9e765a0272879a63548eb9bd46bbf6e49da02b7c924e506b94f7,e6d3d236675cf5aefb65ff5897cc6e142b08e2a2be9e4af928e482100bc8e0bd,2e884d94ace185d62b1b91debf493ccd0a69b83d08e74cf5f1c2be4851b14215,7b43c2342d7676aa65cc9ee233b2184c9eae88f2663874af7ab1b83282f94ab4,6ffd10b28ab050230cdc1137f0bd16155c3a7c587add7fbe921d985fa92879fe,,,,418c192e67b8c0319ab406fb606659f994581dbe107e101c1a50d6bf1a2f1bdb,"pcm-meta-v2:{""protocol"":""r9.2-frozen-identity-v9"",""message"":"""",""cell_wall_ms"":312.634,""answer_kind"":""csv-binding-multiset-v1"",""answer_key_count"":13,""answer_fingerprint"":""3eb9b704133c2133f9251cb9f3cedc8f0da112569b5318be2942be1b0972c0a6"",""c_parse_samples"":[0.0],""c_protocol_samples"":[],""construct_total_samples"":[],""construct_unattributed_samples"":[],""status"":""ok"",""status_evidence"":null,""construction_requested"":null,""construction_effective"":null,""commit"":""966642a2961472c5f660f752648dc2693518e858"",""batch_id"":""dfac415b5a6cbd6bca05218077d4301d6a1fc0d7ceff3e33f6c2c4c2d61d0e66"",""query_sha256"":""a2d067af87788371d0895c53af5536df3cc59090adda8fe35f6c9b1491962642"",""engine"":""graphdb"",""engine_version"":""GraphDB (RDF4J) [engines.json profile]"",""scale"":""100M"",""base_endpoint_sha256"":""e1e370c3c3e41897f966ee22e8c7c98840f6ecade4ccb1698265b03c62141a2f"",""reified_endpoint_sha256"":""2c97fc305990d2aa1e0f09f37216d4d5b1419027440c3151c422415f0c836db8"",""update_endpoint_sha256"":""f3c05af6c7aa3bbf0aae501a61efa32804f36e642d32f61fe21875892b248a8a"",""base_data_identity_sha256"":""8a988dc83f4082a4f27503ba2906dc6b8733b3c02be567635c726c67bbd48314"",""reified_data_identity_sha256"":""16162702ccec82b2a0e27063cd04bd756a27af1f003b4cef0da976d843ef4725"",""update_for"":""reified"",""access_mode"":""writable"",""base_data_name"":""exploratory-base"",""reified_data_name"":""exploratory-reified"",""update_canary_sha256"":""41997fb8640d9e765a0272879a63548eb9bd46bbf6e49da02b7c924e506b94f7"",""store_instance_sha256"":""e6d3d236675cf5aefb65ff5897cc6e142b08e2a2be9e4af928e482100bc8e0bd"",""store_discriminator_sha256"":""2e884d94ace185d62b1b91debf493ccd0a69b83d08e74cf5f1c2be4851b14215"",""tool_sha256"":""7b43c2342d7676aa65cc9ee233b2184c9eae88f2663874af7ab1b83282f94ab4"",""java_runtime_sha256"":""6ffd10b28ab050230cdc1137f0bd16155c3a7c587add7fbe921d985fa92879fe"",""run_identity_sha256"":""418c192e67b8c0319ab406fb606659f994581dbe107e101c1a50d6bf1a2f1bdb""}"
966642a2961472c5f660f752648dc2693518e858,graphdb,GraphDB (RDF4J) [engines.json profile],100M,F,F3,00,ab4a33937e9d2bc9b501268b85f184fcbc070f1c35d8b6f2a148df9d906de693,B,base-select,ok,19,67.9,67.9,67.9,67.9,0.0,0,1,3600.0,3180,0.0,,,,,0.00742,[67.865],[0.0],,[],,[],,[],r9.2-frozen-identity-v9,dfac415b5a6cbd6bca05218077d4301d6a1fc0d7ceff3e33f6c2c4c2d61d0e66,csv-binding-multiset-v1,19,eedc041263068708b3db8b909d5a7316390f1077617fa3a21e6aa69d4344096b,,,,,,,,e1e370c3c3e41897f966ee22e8c7c98840f6ecade4ccb1698265b03c62141a2f,2c97fc305990d2aa1e0f09f37216d4d5b1419027440c3151c422415f0c836db8,f3c05af6c7aa3bbf0aae501a61efa32804f36e642d32f61fe21875892b248a8a,8a988dc83f4082a4f27503ba2906dc6b8733b3c02be567635c726c67bbd48314,16162702ccec82b2a0e27063cd04bd756a27af1f003b4cef0da976d843ef4725,reified,writable,exploratory-base,exploratory-reified,41997fb8640d9e765a0272879a63548eb9bd46bbf6e49da02b7c924e506b94f7,e6d3d236675cf5aefb65ff5897cc6e142b08e2a2be9e4af928e482100bc8e0bd,2e884d94ace185d62b1b91debf493ccd0a69b83d08e74cf5f1c2be4851b14215,7b43c2342d7676aa65cc9ee233b2184c9eae88f2663874af7ab1b83282f94ab4,6ffd10b28ab050230cdc1137f0bd16155c3a7c587add7fbe921d985fa92879fe,,,,1e8362ee994f0480524b8a5593dc1fd0e0a9960e1a0672f52da76b3bcd501e95,"pcm-meta-v2:{""protocol"":""r9.2-frozen-identity-v9"",""message"":"""",""cell_wall_ms"":74.374,""answer_kind"":""csv-binding-multiset-v1"",""answer_key_count"":19,""answer_fingerprint"":""eedc041263068708b3db8b909d5a7316390f1077617fa3a21e6aa69d4344096b"",""c_parse_samples"":[0.0],""c_protocol_samples"":[],""construct_total_samples"":[],""construct_unattributed_samples"":[],""status"":""ok"",""status_evidence"":null,""construction_requested"":null,""construction_effective"":null,""commit"":""966642a2961472c5f660f752648dc2693518e858"",""batch_id"":""dfac415b5a6cbd6bca05218077d4301d6a1fc0d7ceff3e33f6c2c4c2d61d0e66"",""query_sha256"":""ab4a33937e9d2bc9b501268b85f184fcbc070f1c35d8b6f2a148df9d906de693"",""engine"":""graphdb"",""engine_version"":""GraphDB (RDF4J) [engines.json profile]"",""scale"":""100M"",""base_endpoint_sha256"":""e1e370c3c3e41897f966ee22e8c7c98840f6ecade4ccb1698265b03c62141a2f"",""reified_endpoint_sha256"":""2c97fc305990d2aa1e0f09f37216d4d5b1419027440c3151c422415f0c836db8"",""update_endpoint_sha256"":""f3c05af6c7aa3bbf0aae501a61efa32804f36e642d32f61fe21875892b248a8a"",""base_data_identity_sha256"":""8a988dc83f4082a4f27503ba2906dc6b8733b3c02be567635c726c67bbd48314"",""reified_data_identity_sha256"":""16162702ccec82b2a0e27063cd04bd756a27af1f003b4cef0da976d843ef4725"",""update_for"":""reified"",""access_mode"":""writable"",""base_data_name"":""exploratory-base"",""reified_data_name"":""exploratory-reified"",""update_canary_sha256"":""41997fb8640d9e765a0272879a63548eb9bd46bbf6e49da02b7c924e506b94f7"",""store_instance_sha256"":""e6d3d236675cf5aefb65ff5897cc6e142b08e2a2be9e4af928e482100bc8e0bd"",""store_discriminator_sha256"":""2e884d94ace185d62b1b91debf493ccd0a69b83d08e74cf5f1c2be4851b14215"",""tool_sha256"":""7b43c2342d7676aa65cc9ee233b2184c9eae88f2663874af7ab1b83282f94ab4"",""java_runtime_sha256"":""6ffd10b28ab050230cdc1137f0bd16155c3a7c587add7fbe921d985fa92879fe"",""run_identity_sha256"":""1e8362ee994f0480524b8a5593dc1fd0e0a9960e1a0672f52da76b3bcd501e95""}"
966642a2961472c5f660f752648dc2693518e858,graphdb,GraphDB (RDF4J) [engines.json profile],100M,F,F3,00,ab4a33937e9d2bc9b501268b85f184fcbc070f1c35d8b6f2a148df9d906de693,C,SPARQLcirc CircuitRewriter,ok,19,2168.2,2168.2,2168.2,2168.2,0.0,0,1,3600.0,73355,6.6,38,133,19,,374.219448,[2168.23],[6.634],0.0,[0.0],2175.4,[2175.389],0.5,[0.525],r9.2-frozen-identity-v9,dfac415b5a6cbd6bca05218077d4301d6a1fc0d7ceff3e33f6c2c4c2d61d0e66,term-aware-candidate-set-v1,19,0534132a29fa7ff4f486f7534400c9e1c41b56bfe995c8f4b2cdf2f88f4dc152,flat,flat,f207c0a00082018b703df0d83098bf5831c62941b46056d2dab0b67bee8f1cf7,/mnt/nfs/home/ac145595/workspace/rq3-artifacts/circuits/graphdb-100m/ab4a33937e9d2bc9b501268b85f184fcbc070f1c35d8b6f2a148df9d906de693-f207c0a00082018b703df0d83098bf5831c62941b46056d2dab0b67bee8f1cf7.nt,/mnt/nfs/home/ac145595/workspace/rq3-artifacts/circuits/graphdb-100m/ab4a33937e9d2bc9b501268b85f184fcbc070f1c35d8b6f2a148df9d906de693-f207c0a00082018b703df0d83098bf5831c62941b46056d2dab0b67bee8f1cf7.json,2bb0c5aae61a9471abf01f5706378b0983cb54abe312441dc477166d17cb816c,49852c15243f0a5dd78caf7a3eb07815c2bfb681fa662058a621d1845bd7c500,e1e370c3c3e41897f966ee22e8c7c98840f6ecade4ccb1698265b03c62141a2f,2c97fc305990d2aa1e0f09f37216d4d5b1419027440c3151c422415f0c836db8,f3c05af6c7aa3bbf0aae501a61efa32804f36e642d32f61fe21875892b248a8a,8a988dc83f4082a4f27503ba2906dc6b8733b3c02be567635c726c67bbd48314,16162702ccec82b2a0e27063cd04bd756a27af1f003b4cef0da976d843ef4725,reified,writable,exploratory-base,exploratory-reified,41997fb8640d9e765a0272879a63548eb9bd46bbf6e49da02b7c924e506b94f7,e6d3d236675cf5aefb65ff5897cc6e142b08e2a2be9e4af928e482100bc8e0bd,2e884d94ace185d62b1b91debf493ccd0a69b83d08e74cf5f1c2be4851b14215,7b43c2342d7676aa65cc9ee233b2184c9eae88f2663874af7ab1b83282f94ab4,6ffd10b28ab050230cdc1137f0bd16155c3a7c587add7fbe921d985fa92879fe,,,,1e8362ee994f0480524b8a5593dc1fd0e0a9960e1a0672f52da76b3bcd501e95,"pcm-meta-v2:{""protocol"":""r9.2-frozen-identity-v9"",""message"":""C requested=flat effective=flat; steps=1 feedback=0; network includes CONSTRUCT, feedback INSERT, and cleanup DELETE"",""cell_wall_ms"":2556.292,""answer_kind"":""term-aware-candidate-set-v1"",""answer_key_count"":19,""answer_fingerprint"":""0534132a29fa7ff4f486f7534400c9e1c41b56bfe995c8f4b2cdf2f88f4dc152"",""c_parse_samples"":[6.634],""c_protocol_samples"":[{""requested_mode"":""flat"",""effective_mode"":""flat"",""fallback_reason"":null,""plan_steps"":1,""feedback_steps"":0,""feedback_triples"":0,""construct_query_ms"":2168.23,""feedback_update_ms"":0.0,""cleanup_ms"":0.0,""client_protocol_ms"":0.0,""network_scope"":""construct+feedback+cleanup"",""circuit_sha256"":""f207c0a00082018b703df0d83098bf5831c62941b46056d2dab0b67bee8f1cf7"",""answer_fingerprint"":""0534132a29fa7ff4f486f7534400c9e1c41b56bfe995c8f4b2cdf2f88f4dc152"",""semantic_signature_sha256"":""ed2e8363804551a681603c5c100ebc2cc1706d647fbfd906fe38d875fb9b769d"",""structure_signature"":{""gates"":38,""edges"":133,""answers"":19,""derivations"":19,""leaves"":84,""plus"":19,""minus"":0,""nodes"":122,""canonical_bytes"":73355},""construct_total_ms"":2175.389,""client_unattributed_ms"":0.525}],""construct_total_samples"":[2175.389],""construct_unattributed_samples"":[0.525],""status"":""ok"",""status_evidence"":null,""c_warmup_signatures"":[],""measured_semantic_signature_sha256"":""ed2e8363804551a681603c5c100ebc2cc1706d647fbfd906fe38d875fb9b769d"",""measured_repetitions_consistent"":true,""cache_snapshot_ms"":2.128,""cache_snapshot_scope"":""first-measured-response; deferred until all runs succeeded"",""outside_cell_cache_write_ms"":7.247,""endpoint_lock"":{""wait_ms"":0.008,""lock_path"":""/tmp/sparqlcirc-r9-endpoint-locks-v7/e6d3d236675cf5aefb65ff5897cc6e142b08e2a2be9e4af928e482100bc8e0bd.lock""},""construction_requested"":""flat"",""construction_effective"":""flat"",""circuit_sha256"":""f207c0a00082018b703df0d83098bf5831c62941b46056d2dab0b67bee8f1cf7"",""circuit_triples"":532,""circuit_bytes"":73355,""circuit_path"":""/mnt/nfs/home/ac145595/workspace/rq3-artifacts/circuits/graphdb-100m/ab4a33937e9d2bc9b501268b85f184fcbc070f1c35d8b6f2a148df9d906de693-f207c0a00082018b703df0d83098bf5831c62941b46056d2dab0b67bee8f1cf7.nt"",""metadata_path"":""/mnt/nfs/home/ac145595/workspace/rq3-artifacts/circuits/graphdb-100m/ab4a33937e9d2bc9b501268b85f184fcbc070f1c35d8b6f2a148df9d906de693-f207c0a00082018b703df0d83098bf5831c62941b46056d2dab0b67bee8f1cf7.json"",""producer_observation_sha256"":""2bb0c5aae61a9471abf01f5706378b0983cb54abe312441dc477166d17cb816c"",""sidecar_sha256"":""49852c15243f0a5dd78caf7a3eb07815c2bfb681fa662058a621d1845bd7c500"",""commit"":""966642a2961472c5f660f752648dc2693518e858"",""batch_id"":""dfac415b5a6cbd6bca05218077d4301d6a1fc0d7ceff3e33f6c2c4c2d61d0e66"",""query_sha256"":""ab4a33937e9d2bc9b501268b85f184fcbc070f1c35d8b6f2a148df9d906de693"",""engine"":""graphdb"",""engine_version"":""GraphDB (RDF4J) [engines.json profile]"",""scale"":""100M"",""base_endpoint_sha256"":""e1e370c3c3e41897f966ee22e8c7c98840f6ecade4ccb1698265b03c62141a2f"",""reified_endpoint_sha256"":""2c97fc305990d2aa1e0f09f37216d4d5b1419027440c3151c422415f0c836db8"",""update_endpoint_sha256"":""f3c05af6c7aa3bbf0aae501a61efa32804f36e642d32f61fe21875892b248a8a"",""base_data_identity_sha256"":""8a988dc83f4082a4f27503ba2906dc6b8733b3c02be567635c726c67bbd48314"",""reified_data_identity_sha256"":""16162702ccec82b2a0e27063cd04bd756a27af1f003b4cef0da976d843ef4725"",""update_for"":""reified"",""access_mode"":""writable"",""base_data_name"":""exploratory-base"",""reified_data_name"":""exploratory-reified"",""update_canary_sha256"":""41997fb8640d9e765a0272879a63548eb9bd46bbf6e49da02b7c924e506b94f7"",""store_instance_sha256"":""e6d3d236675cf5aefb65ff5897cc6e142b08e2a2be9e4af928e482100bc8e0bd"",""store_discriminator_sha256"":""2e884d94ace185d62b1b91debf493ccd0a69b83d08e74cf5f1c2be4851b14215"",""tool_sha256"":""7b43c2342d7676aa65cc9ee233b2184c9eae88f2663874af7ab1b83282f94ab4"",""java_runtime_sha256"":""6ffd10b28ab050230cdc1137f0bd16155c3a7c587add7fbe921d985fa92879fe"",""run_identity_sha256"":""1e8362ee994f0480524b8a5593dc1fd0e0a9960e1a0672f52da76b3bcd501e95""}"
966642a2961472c5f660f752648dc2693518e858,graphdb,GraphDB (RDF4J) [engines.json profile],100M,F,F3,00,ab4a33937e9d2bc9b501268b85f184fcbc070f1c35d8b6f2a148df9d906de693,N,N_clean (NPCS reimplementation),ok,19,217.8,217.8,217.8,217.8,0.0,0,1,3600.0,5143,0.0,,,,19,177.61705,[217.803],[0.0],,[],,[],,[],r9.2-frozen-identity-v9,dfac415b5a6cbd6bca05218077d4301d6a1fc0d7ceff3e33f6c2c4c2d61d0e66,csv-candidate-multiset-v1,19,eedc041263068708b3db8b909d5a7316390f1077617fa3a21e6aa69d4344096b,,,,,,,,e1e370c3c3e41897f966ee22e8c7c98840f6ecade4ccb1698265b03c62141a2f,2c97fc305990d2aa1e0f09f37216d4d5b1419027440c3151c422415f0c836db8,f3c05af6c7aa3bbf0aae501a61efa32804f36e642d32f61fe21875892b248a8a,8a988dc83f4082a4f27503ba2906dc6b8733b3c02be567635c726c67bbd48314,16162702ccec82b2a0e27063cd04bd756a27af1f003b4cef0da976d843ef4725,reified,writable,exploratory-base,exploratory-reified,41997fb8640d9e765a0272879a63548eb9bd46bbf6e49da02b7c924e506b94f7,e6d3d236675cf5aefb65ff5897cc6e142b08e2a2be9e4af928e482100bc8e0bd,2e884d94ace185d62b1b91debf493ccd0a69b83d08e74cf5f1c2be4851b14215,7b43c2342d7676aa65cc9ee233b2184c9eae88f2663874af7ab1b83282f94ab4,6ffd10b28ab050230cdc1137f0bd16155c3a7c587add7fbe921d985fa92879fe,19,0,114,1e8362ee994f0480524b8a5593dc1fd0e0a9960e1a0672f52da76b3bcd501e95,"pcm-meta-v2:{""protocol"":""r9.2-frozen-identity-v9"",""message"":"""",""cell_wall_ms"":402.871,""answer_kind"":""csv-candidate-multiset-v1"",""answer_key_count"":19,""answer_fingerprint"":""eedc041263068708b3db8b909d5a7316390f1077617fa3a21e6aa69d4344096b"",""c_parse_samples"":[0.0],""c_protocol_samples"":[],""construct_total_samples"":[],""construct_unattributed_samples"":[],""status"":""ok"",""status_evidence"":null,""construction_requested"":null,""construction_effective"":null,""commit"":""966642a2961472c5f660f752648dc2693518e858"",""batch_id"":""dfac415b5a6cbd6bca05218077d4301d6a1fc0d7ceff3e33f6c2c4c2d61d0e66"",""query_sha256"":""ab4a33937e9d2bc9b501268b85f184fcbc070f1c35d8b6f2a148df9d906de693"",""engine"":""graphdb"",""engine_version"":""GraphDB (RDF4J) [engines.json profile]"",""scale"":""100M"",""base_endpoint_sha256"":""e1e370c3c3e41897f966ee22e8c7c98840f6ecade4ccb1698265b03c62141a2f"",""reified_endpoint_sha256"":""2c97fc305990d2aa1e0f09f37216d4d5b1419027440c3151c422415f0c836db8"",""update_endpoint_sha256"":""f3c05af6c7aa3bbf0aae501a61efa32804f36e642d32f61fe21875892b248a8a"",""base_data_identity_sha256"":""8a988dc83f4082a4f27503ba2906dc6b8733b3c02be567635c726c67bbd48314"",""reified_data_identity_sha256"":""16162702ccec82b2a0e27063cd04bd756a27af1f003b4cef0da976d843ef4725"",""update_for"":""reified"",""access_mode"":""writable"",""base_data_name"":""exploratory-base"",""reified_data_name"":""exploratory-reified"",""update_canary_sha256"":""41997fb8640d9e765a0272879a63548eb9bd46bbf6e49da02b7c924e506b94f7"",""store_instance_sha256"":""e6d3d236675cf5aefb65ff5897cc6e142b08e2a2be9e4af928e482100bc8e0bd"",""store_discriminator_sha256"":""2e884d94ace185d62b1b91debf493ccd0a69b83d08e74cf5f1c2be4851b14215"",""tool_sha256"":""7b43c2342d7676aa65cc9ee233b2184c9eae88f2663874af7ab1b83282f94ab4"",""java_runtime_sha256"":""6ffd10b28ab050230cdc1137f0bd16155c3a7c587add7fbe921d985fa92879fe"",""run_identity_sha256"":""1e8362ee994f0480524b8a5593dc1fd0e0a9960e1a0672f52da76b3bcd501e95""}"
966642a2961472c5f660f752648dc2693518e858,graphdb,GraphDB (RDF4J) [engines.json profile],100M,F,F3,00,ab4a33937e9d2bc9b501268b85f184fcbc070f1c35d8b6f2a148df9d906de693,R,reification-only,ok,19,409.3,409.3,409.3,409.3,0.0,0,1,3600.0,3180,0.0,,,,,131.530102,[409.349],[0.0],,[],,[],,[],r9.2-frozen-identity-v9,dfac415b5a6cbd6bca05218077d4301d6a1fc0d7ceff3e33f6c2c4c2d61d0e66,csv-binding-multiset-v1,19,eedc041263068708b3db8b909d5a7316390f1077617fa3a21e6aa69d4344096b,,,,,,,,e1e370c3c3e41897f966ee22e8c7c98840f6ecade4ccb1698265b03c62141a2f,2c97fc305990d2aa1e0f09f37216d4d5b1419027440c3151c422415f0c836db8,f3c05af6c7aa3bbf0aae501a61efa32804f36e642d32f61fe21875892b248a8a,8a988dc83f4082a4f27503ba2906dc6b8733b3c02be567635c726c67bbd48314,16162702ccec82b2a0e27063cd04bd756a27af1f003b4cef0da976d843ef4725,reified,writable,exploratory-base,exploratory-reified,41997fb8640d9e765a0272879a63548eb9bd46bbf6e49da02b7c924e506b94f7,e6d3d236675cf5aefb65ff5897cc6e142b08e2a2be9e4af928e482100bc8e0bd,2e884d94ace185d62b1b91debf493ccd0a69b83d08e74cf5f1c2be4851b14215,7b43c2342d7676aa65cc9ee233b2184c9eae88f2663874af7ab1b83282f94ab4,6ffd10b28ab050230cdc1137f0bd16155c3a7c587add7fbe921d985fa92879fe,,,,1e8362ee994f0480524b8a5593dc1fd0e0a9960e1a0672f52da76b3bcd501e95,"pcm-meta-v2:{""protocol"":""r9.2-frozen-identity-v9"",""message"":"""",""cell_wall_ms"":548.413,""answer_kind"":""csv-binding-multiset-v1"",""answer_key_count"":19,""answer_fingerprint"":""eedc041263068708b3db8b909d5a7316390f1077617fa3a21e6aa69d4344096b"",""c_parse_samples"":[0.0],""c_protocol_samples"":[],""construct_total_samples"":[],""construct_unattributed_samples"":[],""status"":""ok"",""status_evidence"":null,""construction_requested"":null,""construction_effective"":null,""commit"":""966642a2961472c5f660f752648dc2693518e858"",""batch_id"":""dfac415b5a6cbd6bca05218077d4301d6a1fc0d7ceff3e33f6c2c4c2d61d0e66"",""query_sha256"":""ab4a33937e9d2bc9b501268b85f184fcbc070f1c35d8b6f2a148df9d906de693"",""engine"":""graphdb"",""engine_version"":""GraphDB (RDF4J) [engines.json profile]"",""scale"":""100M"",""base_endpoint_sha256"":""e1e370c3c3e41897f966ee22e8c7c98840f6ecade4ccb1698265b03c62141a2f"",""reified_endpoint_sha256"":""2c97fc305990d2aa1e0f09f37216d4d5b1419027440c3151c422415f0c836db8"",""update_endpoint_sha256"":""f3c05af6c7aa3bbf0aae501a61efa32804f36e642d32f61fe21875892b248a8a"",""base_data_identity_sha256"":""8a988dc83f4082a4f27503ba2906dc6b8733b3c02be567635c726c67bbd48314"",""reified_data_identity_sha256"":""16162702ccec82b2a0e27063cd04bd756a27af1f003b4cef0da976d843ef4725"",""update_for"":""reified"",""access_mode"":""writable"",""base_data_name"":""exploratory-base"",""reified_data_name"":""exploratory-reified"",""update_canary_sha256"":""41997fb8640d9e765a0272879a63548eb9bd46bbf6e49da02b7c924e506b94f7"",""store_instance_sha256"":""e6d3d236675cf5aefb65ff5897cc6e142b08e2a2be9e4af928e482100bc8e0bd"",""store_discriminator_sha256"":""2e884d94ace185d62b1b91debf493ccd0a69b83d08e74cf5f1c2be4851b14215"",""tool_sha256"":""7b43c2342d7676aa65cc9ee233b2184c9eae88f2663874af7ab1b83282f94ab4"",""java_runtime_sha256"":""6ffd10b28ab050230cdc1137f0bd16155c3a7c587add7fbe921d985fa92879fe"",""run_identity_sha256"":""1e8362ee994f0480524b8a5593dc1fd0e0a9960e1a0672f52da76b3bcd501e95""}"
966642a2961472c5f660f752648dc2693518e858,graphdb,GraphDB (RDF4J) [engines.json profile],100M,F,F4,00,95e319658ada1f90ea7900df6e9a7608f72e06ecb2da9d8ad67afe7db54c5464,B,base-select,ok,103,35.4,35.4,35.4,35.4,0.0,0,1,3600.0,38124,0.0,,,,,0.0074,[35.38],[0.0],,[],,[],,[],r9.2-frozen-identity-v9,dfac415b5a6cbd6bca05218077d4301d6a1fc0d7ceff3e33f6c2c4c2d61d0e66,csv-binding-multiset-v1,103,b7d28a9d9f38eb7d5f4666e5febd4758a3b42875107db79635c70438547260c9,,,,,,,,e1e370c3c3e41897f966ee22e8c7c98840f6ecade4ccb1698265b03c62141a2f,2c97fc305990d2aa1e0f09f37216d4d5b1419027440c3151c422415f0c836db8,f3c05af6c7aa3bbf0aae501a61efa32804f36e642d32f61fe21875892b248a8a,8a988dc83f4082a4f27503ba2906dc6b8733b3c02be567635c726c67bbd48314,16162702ccec82b2a0e27063cd04bd756a27af1f003b4cef0da976d843ef4725,reified,writable,exploratory-base,exploratory-reified,41997fb8640d9e765a0272879a63548eb9bd46bbf6e49da02b7c924e506b94f7,e6d3d236675cf5aefb65ff5897cc6e142b08e2a2be9e4af928e482100bc8e0bd,2e884d94ace185d62b1b91debf493ccd0a69b83d08e74cf5f1c2be4851b14215,7b43c2342d7676aa65cc9ee233b2184c9eae88f2663874af7ab1b83282f94ab4,6ffd10b28ab050230cdc1137f0bd16155c3a7c587add7fbe921d985fa92879fe,,,,33b6b63c5c27a7d880f977f9c3203c5193881da7edf119ef1c96be1fc7b6cbbc,"pcm-meta-v2:{""protocol"":""r9.2-frozen-identity-v9"",""message"":"""",""cell_wall_ms"":43.244,""answer_kind"":""csv-binding-multiset-v1"",""answer_key_count"":103,""answer_fingerprint"":""b7d28a9d9f38eb7d5f4666e5febd4758a3b42875107db79635c70438547260c9"",""c_parse_samples"":[0.0],""c_protocol_samples"":[],""construct_total_samples"":[],""construct_unattributed_samples"":[],""status"":""ok"",""status_evidence"":null,""construction_requested"":null,""construction_effective"":null,""commit"":""966642a2961472c5f660f752648dc2693518e858"",""batch_id"":""dfac415b5a6cbd6bca05218077d4301d6a1fc0d7ceff3e33f6c2c4c2d61d0e66"",""query_sha256"":""95e319658ada1f90ea7900df6e9a7608f72e06ecb2da9d8ad67afe7db54c5464"",""engine"":""graphdb"",""engine_version"":""GraphDB (RDF4J) [engines.json profile]"",""scale"":""100M"",""base_endpoint_sha256"":""e1e370c3c3e41897f966ee22e8c7c98840f6ecade4ccb1698265b03c62141a2f"",""reified_endpoint_sha256"":""2c97fc305990d2aa1e0f09f37216d4d5b1419027440c3151c422415f0c836db8"",""update_endpoint_sha256"":""f3c05af6c7aa3bbf0aae501a61efa32804f36e642d32f61fe21875892b248a8a"",""base_data_identity_sha256"":""8a988dc83f4082a4f27503ba2906dc6b8733b3c02be567635c726c67bbd48314"",""reified_data_identity_sha256"":""16162702ccec82b2a0e27063cd04bd756a27af1f003b4cef0da976d843ef4725"",""update_for"":""reified"",""access_mode"":""writable"",""base_data_name"":""exploratory-base"",""reified_data_name"":""exploratory-reified"",""update_canary_sha256"":""41997fb8640d9e765a0272879a63548eb9bd46bbf6e49da02b7c924e506b94f7"",""store_instance_sha256"":""e6d3d236675cf5aefb65ff5897cc6e142b08e2a2be9e4af928e482100bc8e0bd"",""store_discriminator_sha256"":""2e884d94ace185d62b1b91debf493ccd0a69b83d08e74cf5f1c2be4851b14215"",""tool_sha256"":""7b43c2342d7676aa65cc9ee233b2184c9eae88f2663874af7ab1b83282f94ab4"",""java_runtime_sha256"":""6ffd10b28ab050230cdc1137f0bd16155c3a7c587add7fbe921d985fa92879fe"",""run_identity_sha256"":""33b6b63c5c27a7d880f977f9c3203c5193881da7edf119ef1c96be1fc7b6cbbc""}"
966642a2961472c5f660f752648dc2693518e858,graphdb,GraphDB (RDF4J) [engines.json profile],100M,F,F4,00,95e319658ada1f90ea7900df6e9a7608f72e06ecb2da9d8ad67afe7db54c5464,C,SPARQLcirc CircuitRewriter,ok,103,24615.9,24615.9,24615.9,24615.9,0.0,0,1,3600.0,552790,48.0,206,1030,103,,407.754125,[24615.945],[48.024],0.0,[0.0],24665.2,[24665.206],1.2,[1.237],r9.2-frozen-identity-v9,dfac415b5a6cbd6bca05218077d4301d6a1fc0d7ceff3e33f6c2c4c2d61d0e66,term-aware-candidate-set-v1,103,bbef6c305381618238502e9530a65a446d99dcf6dae49bf54ed45505efd7c0c6,flat,flat,4d1917acf6a8f4ba2cec030de209c95aab68a004524329bbe8d122d26fe551b3,/mnt/nfs/home/ac145595/workspace/rq3-artifacts/circuits/graphdb-100m/95e319658ada1f90ea7900df6e9a7608f72e06ecb2da9d8ad67afe7db54c5464-4d1917acf6a8f4ba2cec030de209c95aab68a004524329bbe8d122d26fe551b3.nt,/mnt/nfs/home/ac145595/workspace/rq3-artifacts/circuits/graphdb-100m/95e319658ada1f90ea7900df6e9a7608f72e06ecb2da9d8ad67afe7db54c5464-4d1917acf6a8f4ba2cec030de209c95aab68a004524329bbe8d122d26fe551b3.json,5d70891886dfac24490153f1830dbf7fabb608f5c5e64ef983aa7509f0b7dbf8,562d3f91d2e18bab86f471878aa4a19c1f584819dc4c6a64363410e5b2ab0c9e,e1e370c3c3e41897f966ee22e8c7c98840f6ecade4ccb1698265b03c62141a2f,2c97fc305990d2aa1e0f09f37216d4d5b1419027440c3151c422415f0c836db8,f3c05af6c7aa3bbf0aae501a61efa32804f36e642d32f61fe21875892b248a8a,8a988dc83f4082a4f27503ba2906dc6b8733b3c02be567635c726c67bbd48314,16162702ccec82b2a0e27063cd04bd756a27af1f003b4cef0da976d843ef4725,reified,writable,exploratory-base,exploratory-reified,41997fb8640d9e765a0272879a63548eb9bd46bbf6e49da02b7c924e506b94f7,e6d3d236675cf5aefb65ff5897cc6e142b08e2a2be9e4af928e482100bc8e0bd,2e884d94ace185d62b1b91debf493ccd0a69b83d08e74cf5f1c2be4851b14215,7b43c2342d7676aa65cc9ee233b2184c9eae88f2663874af7ab1b83282f94ab4,6ffd10b28ab050230cdc1137f0bd16155c3a7c587add7fbe921d985fa92879fe,,,,33b6b63c5c27a7d880f977f9c3203c5193881da7edf119ef1c96be1fc7b6cbbc,"pcm-meta-v2:{""protocol"":""r9.2-frozen-identity-v9"",""message"":""C requested=flat effective=flat; steps=1 feedback=0; network includes CONSTRUCT, feedback INSERT, and cleanup DELETE"",""cell_wall_ms"":25088.359,""answer_kind"":""term-aware-candidate-set-v1"",""answer_key_count"":103,""answer_fingerprint"":""bbef6c305381618238502e9530a65a446d99dcf6dae49bf54ed45505efd7c0c6"",""c_parse_samples"":[48.024],""c_protocol_samples"":[{""requested_mode"":""flat"",""effective_mode"":""flat"",""fallback_reason"":null,""plan_steps"":1,""feedback_steps"":0,""feedback_triples"":0,""construct_query_ms"":24615.945,""feedback_update_ms"":0.0,""cleanup_ms"":0.0,""client_protocol_ms"":0.0,""network_scope"":""construct+feedback+cleanup"",""circuit_sha256"":""4d1917acf6a8f4ba2cec030de209c95aab68a004524329bbe8d122d26fe551b3"",""answer_fingerprint"":""bbef6c305381618238502e9530a65a446d99dcf6dae49bf54ed45505efd7c0c6"",""semantic_signature_sha256"":""e09ab4445d318136e94dd075bd5c353173ec1558b83d09cdc22f14902a6b0444"",""structure_signature"":{""gates"":206,""edges"":1030,""answers"":103,""derivations"":103,""leaves"":93,""plus"":103,""minus"":0,""nodes"":299,""canonical_bytes"":552790},""construct_total_ms"":24665.206,""client_unattributed_ms"":1.237}],""construct_total_samples"":[24665.206],""construct_unattributed_samples"":[1.237],""status"":""ok"",""status_evidence"":null,""c_warmup_signatures"":[],""measured_semantic_signature_sha256"":""e09ab4445d318136e94dd075bd5c353173ec1558b83d09cdc22f14902a6b0444"",""measured_repetitions_consistent"":true,""cache_snapshot_ms"":10.01,""cache_snapshot_scope"":""first-measured-response; deferred until all runs succeeded"",""outside_cell_cache_write_ms"":27.056,""endpoint_lock"":{""wait_ms"":0.007,""lock_path"":""/tmp/sparqlcirc-r9-endpoint-locks-v7/e6d3d236675cf5aefb65ff5897cc6e142b08e2a2be9e4af928e482100bc8e0bd.lock""},""construction_requested"":""flat"",""construction_effective"":""flat"",""circuit_sha256"":""4d1917acf6a8f4ba2cec030de209c95aab68a004524329bbe8d122d26fe551b3"",""circuit_triples"":3811,""circuit_bytes"":552790,""circuit_path"":""/mnt/nfs/home/ac145595/workspace/rq3-artifacts/circuits/graphdb-100m/95e319658ada1f90ea7900df6e9a7608f72e06ecb2da9d8ad67afe7db54c5464-4d1917acf6a8f4ba2cec030de209c95aab68a004524329bbe8d122d26fe551b3.nt"",""metadata_path"":""/mnt/nfs/home/ac145595/workspace/rq3-artifacts/circuits/graphdb-100m/95e319658ada1f90ea7900df6e9a7608f72e06ecb2da9d8ad67afe7db54c5464-4d1917acf6a8f4ba2cec030de209c95aab68a004524329bbe8d122d26fe551b3.json"",""producer_observation_sha256"":""5d70891886dfac24490153f1830dbf7fabb608f5c5e64ef983aa7509f0b7dbf8"",""sidecar_sha256"":""562d3f91d2e18bab86f471878aa4a19c1f584819dc4c6a64363410e5b2ab0c9e"",""commit"":""966642a2961472c5f660f752648dc2693518e858"",""batch_id"":""dfac415b5a6cbd6bca05218077d4301d6a1fc0d7ceff3e33f6c2c4c2d61d0e66"",""query_sha256"":""95e319658ada1f90ea7900df6e9a7608f72e06ecb2da9d8ad67afe7db54c5464"",""engine"":""graphdb"",""engine_version"":""GraphDB (RDF4J) [engines.json profile]"",""scale"":""100M"",""base_endpoint_sha256"":""e1e370c3c3e41897f966ee22e8c7c98840f6ecade4ccb1698265b03c62141a2f"",""reified_endpoint_sha256"":""2c97fc305990d2aa1e0f09f37216d4d5b1419027440c3151c422415f0c836db8"",""update_endpoint_sha256"":""f3c05af6c7aa3bbf0aae501a61efa32804f36e642d32f61fe21875892b248a8a"",""base_data_identity_sha256"":""8a988dc83f4082a4f27503ba2906dc6b8733b3c02be567635c726c67bbd48314"",""reified_data_identity_sha256"":""16162702ccec82b2a0e27063cd04bd756a27af1f003b4cef0da976d843ef4725"",""update_for"":""reified"",""access_mode"":""writable"",""base_data_name"":""exploratory-base"",""reified_data_name"":""exploratory-reified"",""update_canary_sha256"":""41997fb8640d9e765a0272879a63548eb9bd46bbf6e49da02b7c924e506b94f7"",""store_instance_sha256"":""e6d3d236675cf5aefb65ff5897cc6e142b08e2a2be9e4af928e482100bc8e0bd"",""store_discriminator_sha256"":""2e884d94ace185d62b1b91debf493ccd0a69b83d08e74cf5f1c2be4851b14215"",""tool_sha256"":""7b43c2342d7676aa65cc9ee233b2184c9eae88f2663874af7ab1b83282f94ab4"",""java_runtime_sha256"":""6ffd10b28ab050230cdc1137f0bd16155c3a7c587add7fbe921d985fa92879fe"",""run_identity_sha256"":""33b6b63c5c27a7d880f977f9c3203c5193881da7edf119ef1c96be1fc7b6cbbc""}"
966642a2961472c5f660f752648dc2693518e858,graphdb,GraphDB (RDF4J) [engines.json profile],100M,F,F4,00,95e319658ada1f90ea7900df6e9a7608f72e06ecb2da9d8ad67afe7db54c5464,N,N_clean (NPCS reimplementation),ok,103,2257.9,2257.9,2257.9,2257.9,0.0,0,1,3600.0,53300,0.0,,,,103,177.818042,[2257.939],[0.0],,[],,[],,[],r9.2-frozen-identity-v9,dfac415b5a6cbd6bca05218077d4301d6a1fc0d7ceff3e33f6c2c4c2d61d0e66,csv-candidate-multiset-v1,103,b7d28a9d9f38eb7d5f4666e5febd4758a3b42875107db79635c70438547260c9,,,,,,,,e1e370c3c3e41897f966ee22e8c7c98840f6ecade4ccb1698265b03c62141a2f,2c97fc305990d2aa1e0f09f37216d4d5b1419027440c3151c422415f0c836db8,f3c05af6c7aa3bbf0aae501a61efa32804f36e642d32f61fe21875892b248a8a,8a988dc83f4082a4f27503ba2906dc6b8733b3c02be567635c726c67bbd48314,16162702ccec82b2a0e27063cd04bd756a27af1f003b4cef0da976d843ef4725,reified,writable,exploratory-base,exploratory-reified,41997fb8640d9e765a0272879a63548eb9bd46bbf6e49da02b7c924e506b94f7,e6d3d236675cf5aefb65ff5897cc6e142b08e2a2be9e4af928e482100bc8e0bd,2e884d94ace185d62b1b91debf493ccd0a69b83d08e74cf5f1c2be4851b14215,7b43c2342d7676aa65cc9ee233b2184c9eae88f2663874af7ab1b83282f94ab4,6ffd10b28ab050230cdc1137f0bd16155c3a7c587add7fbe921d985fa92879fe,103,0,927,33b6b63c5c27a7d880f977f9c3203c5193881da7edf119ef1c96be1fc7b6cbbc,"pcm-meta-v2:{""protocol"":""r9.2-frozen-identity-v9"",""message"":"""",""cell_wall_ms"":2446.011,""answer_kind"":""csv-candidate-multiset-v1"",""answer_key_count"":103,""answer_fingerprint"":""b7d28a9d9f38eb7d5f4666e5febd4758a3b42875107db79635c70438547260c9"",""c_parse_samples"":[0.0],""c_protocol_samples"":[],""construct_total_samples"":[],""construct_unattributed_samples"":[],""status"":""ok"",""status_evidence"":null,""construction_requested"":null,""construction_effective"":null,""commit"":""966642a2961472c5f660f752648dc2693518e858"",""batch_id"":""dfac415b5a6cbd6bca05218077d4301d6a1fc0d7ceff3e33f6c2c4c2d61d0e66"",""query_sha256"":""95e319658ada1f90ea7900df6e9a7608f72e06ecb2da9d8ad67afe7db54c5464"",""engine"":""graphdb"",""engine_version"":""GraphDB (RDF4J) [engines.json profile]"",""scale"":""100M"",""base_endpoint_sha256"":""e1e370c3c3e41897f966ee22e8c7c98840f6ecade4ccb1698265b03c62141a2f"",""reified_endpoint_sha256"":""2c97fc305990d2aa1e0f09f37216d4d5b1419027440c3151c422415f0c836db8"",""update_endpoint_sha256"":""f3c05af6c7aa3bbf0aae501a61efa32804f36e642d32f61fe21875892b248a8a"",""base_data_identity_sha256"":""8a988dc83f4082a4f27503ba2906dc6b8733b3c02be567635c726c67bbd48314"",""reified_data_identity_sha256"":""16162702ccec82b2a0e27063cd04bd756a27af1f003b4cef0da976d843ef4725"",""update_for"":""reified"",""access_mode"":""writable"",""base_data_name"":""exploratory-base"",""reified_data_name"":""exploratory-reified"",""update_canary_sha256"":""41997fb8640d9e765a0272879a63548eb9bd46bbf6e49da02b7c924e506b94f7"",""store_instance_sha256"":""e6d3d236675cf5aefb65ff5897cc6e142b08e2a2be9e4af928e482100bc8e0bd"",""store_discriminator_sha256"":""2e884d94ace185d62b1b91debf493ccd0a69b83d08e74cf5f1c2be4851b14215"",""tool_sha256"":""7b43c2342d7676aa65cc9ee233b2184c9eae88f2663874af7ab1b83282f94ab4"",""java_runtime_sha256"":""6ffd10b28ab050230cdc1137f0bd16155c3a7c587add7fbe921d985fa92879fe"",""run_identity_sha256"":""33b6b63c5c27a7d880f977f9c3203c5193881da7edf119ef1c96be1fc7b6cbbc""}"
966642a2961472c5f660f752648dc2693518e858,graphdb,GraphDB (RDF4J) [engines.json profile],100M,F,F4,00,95e319658ada1f90ea7900df6e9a7608f72e06ecb2da9d8ad67afe7db54c5464,R,reification-only,ok,103,2260.1,2260.1,2260.1,2260.1,0.0,0,1,3600.0,38124,0.0,,,,,134.405925,[2260.143],[0.0],,[],,[],,[],r9.2-frozen-identity-v9,dfac415b5a6cbd6bca05218077d4301d6a1fc0d7ceff3e33f6c2c4c2d61d0e66,csv-binding-multiset-v1,103,b7d28a9d9f38eb7d5f4666e5febd4758a3b42875107db79635c70438547260c9,,,,,,,,e1e370c3c3e41897f966ee22e8c7c98840f6ecade4ccb1698265b03c62141a2f,2c97fc305990d2aa1e0f09f37216d4d5b1419027440c3151c422415f0c836db8,f3c05af6c7aa3bbf0aae501a61efa32804f36e642d32f61fe21875892b248a8a,8a988dc83f4082a4f27503ba2906dc6b8733b3c02be567635c726c67bbd48314,16162702ccec82b2a0e27063cd04bd756a27af1f003b4cef0da976d843ef4725,reified,writable,exploratory-base,exploratory-reified,41997fb8640d9e765a0272879a63548eb9bd46bbf6e49da02b7c924e506b94f7,e6d3d236675cf5aefb65ff5897cc6e142b08e2a2be9e4af928e482100bc8e0bd,2e884d94ace185d62b1b91debf493ccd0a69b83d08e74cf5f1c2be4851b14215,7b43c2342d7676aa65cc9ee233b2184c9eae88f2663874af7ab1b83282f94ab4,6ffd10b28ab050230cdc1137f0bd16155c3a7c587add7fbe921d985fa92879fe,,,,33b6b63c5c27a7d880f977f9c3203c5193881da7edf119ef1c96be1fc7b6cbbc,"pcm-meta-v2:{""protocol"":""r9.2-frozen-identity-v9"",""message"":"""",""cell_wall_ms"":2404.189,""answer_kind"":""csv-binding-multiset-v1"",""answer_key_count"":103,""answer_fingerprint"":""b7d28a9d9f38eb7d5f4666e5febd4758a3b42875107db79635c70438547260c9"",""c_parse_samples"":[0.0],""c_protocol_samples"":[],""construct_total_samples"":[],""construct_unattributed_samples"":[],""status"":""ok"",""status_evidence"":null,""construction_requested"":null,""construction_effective"":null,""commit"":""966642a2961472c5f660f752648dc2693518e858"",""batch_id"":""dfac415b5a6cbd6bca05218077d4301d6a1fc0d7ceff3e33f6c2c4c2d61d0e66"",""query_sha256"":""95e319658ada1f90ea7900df6e9a7608f72e06ecb2da9d8ad67afe7db54c5464"",""engine"":""graphdb"",""engine_version"":""GraphDB (RDF4J) [engines.json profile]"",""scale"":""100M"",""base_endpoint_sha256"":""e1e370c3c3e41897f966ee22e8c7c98840f6ecade4ccb1698265b03c62141a2f"",""reified_endpoint_sha256"":""2c97fc305990d2aa1e0f09f37216d4d5b1419027440c3151c422415f0c836db8"",""update_endpoint_sha256"":""f3c05af6c7aa3bbf0aae501a61efa32804f36e642d32f61fe21875892b248a8a"",""base_data_identity_sha256"":""8a988dc83f4082a4f27503ba2906dc6b8733b3c02be567635c726c67bbd48314"",""reified_data_identity_sha256"":""16162702ccec82b2a0e27063cd04bd756a27af1f003b4cef0da976d843ef4725"",""update_for"":""reified"",""access_mode"":""writable"",""base_data_name"":""exploratory-base"",""reified_data_name"":""exploratory-reified"",""update_canary_sha256"":""41997fb8640d9e765a0272879a63548eb9bd46bbf6e49da02b7c924e506b94f7"",""store_instance_sha256"":""e6d3d236675cf5aefb65ff5897cc6e142b08e2a2be9e4af928e482100bc8e0bd"",""store_discriminator_sha256"":""2e884d94ace185d62b1b91debf493ccd0a69b83d08e74cf5f1c2be4851b14215"",""tool_sha256"":""7b43c2342d7676aa65cc9ee233b2184c9eae88f2663874af7ab1b83282f94ab4"",""java_runtime_sha256"":""6ffd10b28ab050230cdc1137f0bd16155c3a7c587add7fbe921d985fa92879fe"",""run_identity_sha256"":""33b6b63c5c27a7d880f977f9c3203c5193881da7edf119ef1c96be1fc7b6cbbc""}"
966642a2961472c5f660f752648dc2693518e858,graphdb,GraphDB (RDF4J) [engines.json profile],100M,F,F5,00,5ca90afb3951e0444bf3024c77058dedfd92664870dc85d282ed837b0894ed6f,B,base-select,ok,38,75.1,75.1,75.1,75.1,0.0,0,1,3600.0,10654,0.0,,,,,0.00638,[75.064],[0.0],,[],,[],,[],r9.2-frozen-identity-v9,dfac415b5a6cbd6bca05218077d4301d6a1fc0d7ceff3e33f6c2c4c2d61d0e66,csv-binding-multiset-v1,38,a2c925af9ef2a238ec6ae6150b0ad75f28d8e8919fd8aefd2fdf19f70c96ebd7,,,,,,,,e1e370c3c3e41897f966ee22e8c7c98840f6ecade4ccb1698265b03c62141a2f,2c97fc305990d2aa1e0f09f37216d4d5b1419027440c3151c422415f0c836db8,f3c05af6c7aa3bbf0aae501a61efa32804f36e642d32f61fe21875892b248a8a,8a988dc83f4082a4f27503ba2906dc6b8733b3c02be567635c726c67bbd48314,16162702ccec82b2a0e27063cd04bd756a27af1f003b4cef0da976d843ef4725,reified,writable,exploratory-base,exploratory-reified,41997fb8640d9e765a0272879a63548eb9bd46bbf6e49da02b7c924e506b94f7,e6d3d236675cf5aefb65ff5897cc6e142b08e2a2be9e4af928e482100bc8e0bd,2e884d94ace185d62b1b91debf493ccd0a69b83d08e74cf5f1c2be4851b14215,7b43c2342d7676aa65cc9ee233b2184c9eae88f2663874af7ab1b83282f94ab4,6ffd10b28ab050230cdc1137f0bd16155c3a7c587add7fbe921d985fa92879fe,,,,0e37cf07492471fd0bfbced3adb97e2cd2b7253185f6e8047a7c0878516024a9,"pcm-meta-v2:{""protocol"":""r9.2-frozen-identity-v9"",""message"":"""",""cell_wall_ms"":81.572,""answer_kind"":""csv-binding-multiset-v1"",""answer_key_count"":38,""answer_fingerprint"":""a2c925af9ef2a238ec6ae6150b0ad75f28d8e8919fd8aefd2fdf19f70c96ebd7"",""c_parse_samples"":[0.0],""c_protocol_samples"":[],""construct_total_samples"":[],""construct_unattributed_samples"":[],""status"":""ok"",""status_evidence"":null,""construction_requested"":null,""construction_effective"":null,""commit"":""966642a2961472c5f660f752648dc2693518e858"",""batch_id"":""dfac415b5a6cbd6bca05218077d4301d6a1fc0d7ceff3e33f6c2c4c2d61d0e66"",""query_sha256"":""5ca90afb3951e0444bf3024c77058dedfd92664870dc85d282ed837b0894ed6f"",""engine"":""graphdb"",""engine_version"":""GraphDB (RDF4J) [engines.json profile]"",""scale"":""100M"",""base_endpoint_sha256"":""e1e370c3c3e41897f966ee22e8c7c98840f6ecade4ccb1698265b03c62141a2f"",""reified_endpoint_sha256"":""2c97fc305990d2aa1e0f09f37216d4d5b1419027440c3151c422415f0c836db8"",""update_endpoint_sha256"":""f3c05af6c7aa3bbf0aae501a61efa32804f36e642d32f61fe21875892b248a8a"",""base_data_identity_sha256"":""8a988dc83f4082a4f27503ba2906dc6b8733b3c02be567635c726c67bbd48314"",""reified_data_identity_sha256"":""16162702ccec82b2a0e27063cd04bd756a27af1f003b4cef0da976d843ef4725"",""update_for"":""reified"",""access_mode"":""writable"",""base_data_name"":""exploratory-base"",""reified_data_name"":""exploratory-reified"",""update_canary_sha256"":""41997fb8640d9e765a0272879a63548eb9bd46bbf6e49da02b7c924e506b94f7"",""store_instance_sha256"":""e6d3d236675cf5aefb65ff5897cc6e142b08e2a2be9e4af928e482100bc8e0bd"",""store_discriminator_sha256"":""2e884d94ace185d62b1b91debf493ccd0a69b83d08e74cf5f1c2be4851b14215"",""tool_sha256"":""7b43c2342d7676aa65cc9ee233b2184c9eae88f2663874af7ab1b83282f94ab4"",""java_runtime_sha256"":""6ffd10b28ab050230cdc1137f0bd16155c3a7c587add7fbe921d985fa92879fe"",""run_identity_sha256"":""0e37cf07492471fd0bfbced3adb97e2cd2b7253185f6e8047a7c0878516024a9""}"
966642a2961472c5f660f752648dc2693518e858,graphdb,GraphDB (RDF4J) [engines.json profile],100M,F,F5,00,5ca90afb3951e0444bf3024c77058dedfd92664870dc85d282ed837b0894ed6f,C,SPARQLcirc CircuitRewriter,ok,38,96.1,96.1,96.1,96.1,0.0,0,1,3600.0,155167,14.1,76,266,38,,362.942067,[96.1],[14.055],0.0,[0.0],110.8,[110.766],0.6,[0.612],r9.2-frozen-identity-v9,dfac415b5a6cbd6bca05218077d4301d6a1fc0d7ceff3e33f6c2c4c2d61d0e66,term-aware-candidate-set-v1,38,7d8c24360d885c4e1c89572b649f555f04203d0aa9d852f3f621c7f1d59afeb3,flat,flat,76dcaf1041b8189fd188bbb42838ce63c4aa9375729aca0a7db8164110c20852,/mnt/nfs/home/ac145595/workspace/rq3-artifacts/circuits/graphdb-100m/5ca90afb3951e0444bf3024c77058dedfd92664870dc85d282ed837b0894ed6f-76dcaf1041b8189fd188bbb42838ce63c4aa9375729aca0a7db8164110c20852.nt,/mnt/nfs/home/ac145595/workspace/rq3-artifacts/circuits/graphdb-100m/5ca90afb3951e0444bf3024c77058dedfd92664870dc85d282ed837b0894ed6f-76dcaf1041b8189fd188bbb42838ce63c4aa9375729aca0a7db8164110c20852.json,97e270d5282c51a91dc042b83c9b40dcf59ac03062cc5dabacb38908c6f1975d,d1633bf3cf6deea878140ccf48d37045f11aa6948794ed69c3c07292d9b066e8,e1e370c3c3e41897f966ee22e8c7c98840f6ecade4ccb1698265b03c62141a2f,2c97fc305990d2aa1e0f09f37216d4d5b1419027440c3151c422415f0c836db8,f3c05af6c7aa3bbf0aae501a61efa32804f36e642d32f61fe21875892b248a8a,8a988dc83f4082a4f27503ba2906dc6b8733b3c02be567635c726c67bbd48314,16162702ccec82b2a0e27063cd04bd756a27af1f003b4cef0da976d843ef4725,reified,writable,exploratory-base,exploratory-reified,41997fb8640d9e765a0272879a63548eb9bd46bbf6e49da02b7c924e506b94f7,e6d3d236675cf5aefb65ff5897cc6e142b08e2a2be9e4af928e482100bc8e0bd,2e884d94ace185d62b1b91debf493ccd0a69b83d08e74cf5f1c2be4851b14215,7b43c2342d7676aa65cc9ee233b2184c9eae88f2663874af7ab1b83282f94ab4,6ffd10b28ab050230cdc1137f0bd16155c3a7c587add7fbe921d985fa92879fe,,,,0e37cf07492471fd0bfbced3adb97e2cd2b7253185f6e8047a7c0878516024a9,"pcm-meta-v2:{""protocol"":""r9.2-frozen-identity-v9"",""message"":""C requested=flat effective=flat; steps=1 feedback=0; network includes CONSTRUCT, feedback INSERT, and cleanup DELETE"",""cell_wall_ms"":481.775,""answer_kind"":""term-aware-candidate-set-v1"",""answer_key_count"":38,""answer_fingerprint"":""7d8c24360d885c4e1c89572b649f555f04203d0aa9d852f3f621c7f1d59afeb3"",""c_parse_samples"":[14.055],""c_protocol_samples"":[{""requested_mode"":""flat"",""effective_mode"":""flat"",""fallback_reason"":null,""plan_steps"":1,""feedback_steps"":0,""feedback_triples"":0,""construct_query_ms"":96.1,""feedback_update_ms"":0.0,""cleanup_ms"":0.0,""client_protocol_ms"":0.0,""network_scope"":""construct+feedback+cleanup"",""circuit_sha256"":""76dcaf1041b8189fd188bbb42838ce63c4aa9375729aca0a7db8164110c20852"",""answer_fingerprint"":""7d8c24360d885c4e1c89572b649f555f04203d0aa9d852f3f621c7f1d59afeb3"",""semantic_signature_sha256"":""f83123895b70b375c2c3b08f2b4f0da977e6aa900ce2ffa7240caefb2decedd4"",""structure_signature"":{""gates"":76,""edges"":266,""answers"":38,""derivations"":38,""leaves"":228,""plus"":38,""minus"":0,""nodes"":304,""canonical_bytes"":155167},""construct_total_ms"":110.766,""client_unattributed_ms"":0.612}],""construct_total_samples"":[110.766],""construct_unattributed_samples"":[0.612],""status"":""ok"",""status_evidence"":null,""c_warmup_signatures"":[],""measured_semantic_signature_sha256"":""f83123895b70b375c2c3b08f2b4f0da977e6aa900ce2ffa7240caefb2decedd4"",""measured_repetitions_consistent"":true,""cache_snapshot_ms"":3.057,""cache_snapshot_scope"":""first-measured-response; deferred until all runs succeeded"",""outside_cell_cache_write_ms"":10.565,""endpoint_lock"":{""wait_ms"":0.007,""lock_path"":""/tmp/sparqlcirc-r9-endpoint-locks-v7/e6d3d236675cf5aefb65ff5897cc6e142b08e2a2be9e4af928e482100bc8e0bd.lock""},""construction_requested"":""flat"",""construction_effective"":""flat"",""circuit_sha256"":""76dcaf1041b8189fd188bbb42838ce63c4aa9375729aca0a7db8164110c20852"",""circuit_triples"":1064,""circuit_bytes"":155167,""circuit_path"":""/mnt/nfs/home/ac145595/workspace/rq3-artifacts/circuits/graphdb-100m/5ca90afb3951e0444bf3024c77058dedfd92664870dc85d282ed837b0894ed6f-76dcaf1041b8189fd188bbb42838ce63c4aa9375729aca0a7db8164110c20852.nt"",""metadata_path"":""/mnt/nfs/home/ac145595/workspace/rq3-artifacts/circuits/graphdb-100m/5ca90afb3951e0444bf3024c77058dedfd92664870dc85d282ed837b0894ed6f-76dcaf1041b8189fd188bbb42838ce63c4aa9375729aca0a7db8164110c20852.json"",""producer_observation_sha256"":""97e270d5282c51a91dc042b83c9b40dcf59ac03062cc5dabacb38908c6f1975d"",""sidecar_sha256"":""d1633bf3cf6deea878140ccf48d37045f11aa6948794ed69c3c07292d9b066e8"",""commit"":""966642a2961472c5f660f752648dc2693518e858"",""batch_id"":""dfac415b5a6cbd6bca05218077d4301d6a1fc0d7ceff3e33f6c2c4c2d61d0e66"",""query_sha256"":""5ca90afb3951e0444bf3024c77058dedfd92664870dc85d282ed837b0894ed6f"",""engine"":""graphdb"",""engine_version"":""GraphDB (RDF4J) [engines.json profile]"",""scale"":""100M"",""base_endpoint_sha256"":""e1e370c3c3e41897f966ee22e8c7c98840f6ecade4ccb1698265b03c62141a2f"",""reified_endpoint_sha256"":""2c97fc305990d2aa1e0f09f37216d4d5b1419027440c3151c422415f0c836db8"",""update_endpoint_sha256"":""f3c05af6c7aa3bbf0aae501a61efa32804f36e642d32f61fe21875892b248a8a"",""base_data_identity_sha256"":""8a988dc83f4082a4f27503ba2906dc6b8733b3c02be567635c726c67bbd48314"",""reified_data_identity_sha256"":""16162702ccec82b2a0e27063cd04bd756a27af1f003b4cef0da976d843ef4725"",""update_for"":""reified"",""access_mode"":""writable"",""base_data_name"":""exploratory-base"",""reified_data_name"":""exploratory-reified"",""update_canary_sha256"":""41997fb8640d9e765a0272879a63548eb9bd46bbf6e49da02b7c924e506b94f7"",""store_instance_sha256"":""e6d3d236675cf5aefb65ff5897cc6e142b08e2a2be9e4af928e482100bc8e0bd"",""store_discriminator_sha256"":""2e884d94ace185d62b1b91debf493ccd0a69b83d08e74cf5f1c2be4851b14215"",""tool_sha256"":""7b43c2342d7676aa65cc9ee233b2184c9eae88f2663874af7ab1b83282f94ab4"",""java_runtime_sha256"":""6ffd10b28ab050230cdc1137f0bd16155c3a7c587add7fbe921d985fa92879fe"",""run_identity_sha256"":""0e37cf07492471fd0bfbced3adb97e2cd2b7253185f6e8047a7c0878516024a9""}"
966642a2961472c5f660f752648dc2693518e858,graphdb,GraphDB (RDF4J) [engines.json profile],100M,F,F5,00,5ca90afb3951e0444bf3024c77058dedfd92664870dc85d282ed837b0894ed6f,N,N_clean (NPCS reimplementation),ok,38,28.5,28.5,28.5,28.5,0.0,0,1,3600.0,14387,0.0,,,,38,177.538448,[28.535],[0.0],,[],,[],,[],r9.2-frozen-identity-v9,dfac415b5a6cbd6bca05218077d4301d6a1fc0d7ceff3e33f6c2c4c2d61d0e66,csv-candidate-multiset-v1,38,a2c925af9ef2a238ec6ae6150b0ad75f28d8e8919fd8aefd2fdf19f70c96ebd7,,,,,,,,e1e370c3c3e41897f966ee22e8c7c98840f6ecade4ccb1698265b03c62141a2f,2c97fc305990d2aa1e0f09f37216d4d5b1419027440c3151c422415f0c836db8,f3c05af6c7aa3bbf0aae501a61efa32804f36e642d32f61fe21875892b248a8a,8a988dc83f4082a4f27503ba2906dc6b8733b3c02be567635c726c67bbd48314,16162702ccec82b2a0e27063cd04bd756a27af1f003b4cef0da976d843ef4725,reified,writable,exploratory-base,exploratory-reified,41997fb8640d9e765a0272879a63548eb9bd46bbf6e49da02b7c924e506b94f7,e6d3d236675cf5aefb65ff5897cc6e142b08e2a2be9e4af928e482100bc8e0bd,2e884d94ace185d62b1b91debf493ccd0a69b83d08e74cf5f1c2be4851b14215,7b43c2342d7676aa65cc9ee233b2184c9eae88f2663874af7ab1b83282f94ab4,6ffd10b28ab050230cdc1137f0bd16155c3a7c587add7fbe921d985fa92879fe,38,0,228,0e37cf07492471fd0bfbced3adb97e2cd2b7253185f6e8047a7c0878516024a9,"pcm-meta-v2:{""protocol"":""r9.2-frozen-identity-v9"",""message"":"""",""cell_wall_ms"":214.494,""answer_kind"":""csv-candidate-multiset-v1"",""answer_key_count"":38,""answer_fingerprint"":""a2c925af9ef2a238ec6ae6150b0ad75f28d8e8919fd8aefd2fdf19f70c96ebd7"",""c_parse_samples"":[0.0],""c_protocol_samples"":[],""construct_total_samples"":[],""construct_unattributed_samples"":[],""status"":""ok"",""status_evidence"":null,""construction_requested"":null,""construction_effective"":null,""commit"":""966642a2961472c5f660f752648dc2693518e858"",""batch_id"":""dfac415b5a6cbd6bca05218077d4301d6a1fc0d7ceff3e33f6c2c4c2d61d0e66"",""query_sha256"":""5ca90afb3951e0444bf3024c77058dedfd92664870dc85d282ed837b0894ed6f"",""engine"":""graphdb"",""engine_version"":""GraphDB (RDF4J) [engines.json profile]"",""scale"":""100M"",""base_endpoint_sha256"":""e1e370c3c3e41897f966ee22e8c7c98840f6ecade4ccb1698265b03c62141a2f"",""reified_endpoint_sha256"":""2c97fc305990d2aa1e0f09f37216d4d5b1419027440c3151c422415f0c836db8"",""update_endpoint_sha256"":""f3c05af6c7aa3bbf0aae501a61efa32804f36e642d32f61fe21875892b248a8a"",""base_data_identity_sha256"":""8a988dc83f4082a4f27503ba2906dc6b8733b3c02be567635c726c67bbd48314"",""reified_data_identity_sha256"":""16162702ccec82b2a0e27063cd04bd756a27af1f003b4cef0da976d843ef4725"",""update_for"":""reified"",""access_mode"":""writable"",""base_data_name"":""exploratory-base"",""reified_data_name"":""exploratory-reified"",""update_canary_sha256"":""41997fb8640d9e765a0272879a63548eb9bd46bbf6e49da02b7c924e506b94f7"",""store_instance_sha256"":""e6d3d236675cf5aefb65ff5897cc6e142b08e2a2be9e4af928e482100bc8e0bd"",""store_discriminator_sha256"":""2e884d94ace185d62b1b91debf493ccd0a69b83d08e74cf5f1c2be4851b14215"",""tool_sha256"":""7b43c2342d7676aa65cc9ee233b2184c9eae88f2663874af7ab1b83282f94ab4"",""java_runtime_sha256"":""6ffd10b28ab050230cdc1137f0bd16155c3a7c587add7fbe921d985fa92879fe"",""run_identity_sha256"":""0e37cf07492471fd0bfbced3adb97e2cd2b7253185f6e8047a7c0878516024a9""}"
966642a2961472c5f660f752648dc2693518e858,graphdb,GraphDB (RDF4J) [engines.json profile],100M,F,F5,00,5ca90afb3951e0444bf3024c77058dedfd92664870dc85d282ed837b0894ed6f,R,reification-only,ok,38,41.3,41.3,41.3,41.3,0.0,0,1,3600.0,10654,0.0,,,,,132.950433,[41.311],[0.0],,[],,[],,[],r9.2-frozen-identity-v9,dfac415b5a6cbd6bca05218077d4301d6a1fc0d7ceff3e33f6c2c4c2d61d0e66,csv-binding-multiset-v1,38,a2c925af9ef2a238ec6ae6150b0ad75f28d8e8919fd8aefd2fdf19f70c96ebd7,,,,,,,,e1e370c3c3e41897f966ee22e8c7c98840f6ecade4ccb1698265b03c62141a2f,2c97fc305990d2aa1e0f09f37216d4d5b1419027440c3151c422415f0c836db8,f3c05af6c7aa3bbf0aae501a61efa32804f36e642d32f61fe21875892b248a8a,8a988dc83f4082a4f27503ba2906dc6b8733b3c02be567635c726c67bbd48314,16162702ccec82b2a0e27063cd04bd756a27af1f003b4cef0da976d843ef4725,reified,writable,exploratory-base,exploratory-reified,41997fb8640d9e765a0272879a63548eb9bd46bbf6e49da02b7c924e506b94f7,e6d3d236675cf5aefb65ff5897cc6e142b08e2a2be9e4af928e482100bc8e0bd,2e884d94ace185d62b1b91debf493ccd0a69b83d08e74cf5f1c2be4851b14215,7b43c2342d7676aa65cc9ee233b2184c9eae88f2663874af7ab1b83282f94ab4,6ffd10b28ab050230cdc1137f0bd16155c3a7c587add7fbe921d985fa92879fe,,,,0e37cf07492471fd0bfbced3adb97e2cd2b7253185f6e8047a7c0878516024a9,"pcm-meta-v2:{""protocol"":""r9.2-frozen-identity-v9"",""message"":"""",""cell_wall_ms"":181.548,""answer_kind"":""csv-binding-multiset-v1"",""answer_key_count"":38,""answer_fingerprint"":""a2c925af9ef2a238ec6ae6150b0ad75f28d8e8919fd8aefd2fdf19f70c96ebd7"",""c_parse_samples"":[0.0],""c_protocol_samples"":[],""construct_total_samples"":[],""construct_unattributed_samples"":[],""status"":""ok"",""status_evidence"":null,""construction_requested"":null,""construction_effective"":null,""commit"":""966642a2961472c5f660f752648dc2693518e858"",""batch_id"":""dfac415b5a6cbd6bca05218077d4301d6a1fc0d7ceff3e33f6c2c4c2d61d0e66"",""query_sha256"":""5ca90afb3951e0444bf3024c77058dedfd92664870dc85d282ed837b0894ed6f"",""engine"":""graphdb"",""engine_version"":""GraphDB (RDF4J) [engines.json profile]"",""scale"":""100M"",""base_endpoint_sha256"":""e1e370c3c3e41897f966ee22e8c7c98840f6ecade4ccb1698265b03c62141a2f"",""reified_endpoint_sha256"":""2c97fc305990d2aa1e0f09f37216d4d5b1419027440c3151c422415f0c836db8"",""update_endpoint_sha256"":""f3c05af6c7aa3bbf0aae501a61efa32804f36e642d32f61fe21875892b248a8a"",""base_data_identity_sha256"":""8a988dc83f4082a4f27503ba2906dc6b8733b3c02be567635c726c67bbd48314"",""reified_data_identity_sha256"":""16162702ccec82b2a0e27063cd04bd756a27af1f003b4cef0da976d843ef4725"",""update_for"":""reified"",""access_mode"":""writable"",""base_data_name"":""exploratory-base"",""reified_data_name"":""exploratory-reified"",""update_canary_sha256"":""41997fb8640d9e765a0272879a63548eb9bd46bbf6e49da02b7c924e506b94f7"",""store_instance_sha256"":""e6d3d236675cf5aefb65ff5897cc6e142b08e2a2be9e4af928e482100bc8e0bd"",""store_discriminator_sha256"":""2e884d94ace185d62b1b91debf493ccd0a69b83d08e74cf5f1c2be4851b14215"",""tool_sha256"":""7b43c2342d7676aa65cc9ee233b2184c9eae88f2663874af7ab1b83282f94ab4"",""java_runtime_sha256"":""6ffd10b28ab050230cdc1137f0bd16155c3a7c587add7fbe921d985fa92879fe"",""run_identity_sha256"":""0e37cf07492471fd0bfbced3adb97e2cd2b7253185f6e8047a7c0878516024a9""}"
966642a2961472c5f660f752648dc2693518e858,graphdb,GraphDB (RDF4J) [engines.json profile],100M,L,L1,00,600c6f736028ac1dca0fa84f800a5b3b4f74bedfd8244d599a7c9b4e07bd041b,B,base-select,ok,4,21.8,21.8,21.8,21.8,0.0,0,1,3600.0,864,0.0,,,,,0.007211,[21.802],[0.0],,[],,[],,[],r9.2-frozen-identity-v9,dfac415b5a6cbd6bca05218077d4301d6a1fc0d7ceff3e33f6c2c4c2d61d0e66,csv-binding-multiset-v1,4,7f21058717c667743871840501b4696d6ea47bec1c07c1fbc8fa0aab81f9430f,,,,,,,,e1e370c3c3e41897f966ee22e8c7c98840f6ecade4ccb1698265b03c62141a2f,2c97fc305990d2aa1e0f09f37216d4d5b1419027440c3151c422415f0c836db8,f3c05af6c7aa3bbf0aae501a61efa32804f36e642d32f61fe21875892b248a8a,8a988dc83f4082a4f27503ba2906dc6b8733b3c02be567635c726c67bbd48314,16162702ccec82b2a0e27063cd04bd756a27af1f003b4cef0da976d843ef4725,reified,writable,exploratory-base,exploratory-reified,41997fb8640d9e765a0272879a63548eb9bd46bbf6e49da02b7c924e506b94f7,e6d3d236675cf5aefb65ff5897cc6e142b08e2a2be9e4af928e482100bc8e0bd,2e884d94ace185d62b1b91debf493ccd0a69b83d08e74cf5f1c2be4851b14215,7b43c2342d7676aa65cc9ee233b2184c9eae88f2663874af7ab1b83282f94ab4,6ffd10b28ab050230cdc1137f0bd16155c3a7c587add7fbe921d985fa92879fe,,,,40eac8a43680421f706d757e5128f643776e7f55b996b7f2a8415c26f127f534,"pcm-meta-v2:{""protocol"":""r9.2-frozen-identity-v9"",""message"":"""",""cell_wall_ms"":27.502,""answer_kind"":""csv-binding-multiset-v1"",""answer_key_count"":4,""answer_fingerprint"":""7f21058717c667743871840501b4696d6ea47bec1c07c1fbc8fa0aab81f9430f"",""c_parse_samples"":[0.0],""c_protocol_samples"":[],""construct_total_samples"":[],""construct_unattributed_samples"":[],""status"":""ok"",""status_evidence"":null,""construction_requested"":null,""construction_effective"":null,""commit"":""966642a2961472c5f660f752648dc2693518e858"",""batch_id"":""dfac415b5a6cbd6bca05218077d4301d6a1fc0d7ceff3e33f6c2c4c2d61d0e66"",""query_sha256"":""600c6f736028ac1dca0fa84f800a5b3b4f74bedfd8244d599a7c9b4e07bd041b"",""engine"":""graphdb"",""engine_version"":""GraphDB (RDF4J) [engines.json profile]"",""scale"":""100M"",""base_endpoint_sha256"":""e1e370c3c3e41897f966ee22e8c7c98840f6ecade4ccb1698265b03c62141a2f"",""reified_endpoint_sha256"":""2c97fc305990d2aa1e0f09f37216d4d5b1419027440c3151c422415f0c836db8"",""update_endpoint_sha256"":""f3c05af6c7aa3bbf0aae501a61efa32804f36e642d32f61fe21875892b248a8a"",""base_data_identity_sha256"":""8a988dc83f4082a4f27503ba2906dc6b8733b3c02be567635c726c67bbd48314"",""reified_data_identity_sha256"":""16162702ccec82b2a0e27063cd04bd756a27af1f003b4cef0da976d843ef4725"",""update_for"":""reified"",""access_mode"":""writable"",""base_data_name"":""exploratory-base"",""reified_data_name"":""exploratory-reified"",""update_canary_sha256"":""41997fb8640d9e765a0272879a63548eb9bd46bbf6e49da02b7c924e506b94f7"",""store_instance_sha256"":""e6d3d236675cf5aefb65ff5897cc6e142b08e2a2be9e4af928e482100bc8e0bd"",""store_discriminator_sha256"":""2e884d94ace185d62b1b91debf493ccd0a69b83d08e74cf5f1c2be4851b14215"",""tool_sha256"":""7b43c2342d7676aa65cc9ee233b2184c9eae88f2663874af7ab1b83282f94ab4"",""java_runtime_sha256"":""6ffd10b28ab050230cdc1137f0bd16155c3a7c587add7fbe921d985fa92879fe"",""run_identity_sha256"":""40eac8a43680421f706d757e5128f643776e7f55b996b7f2a8415c26f127f534""}"
966642a2961472c5f660f752648dc2693518e858,graphdb,GraphDB (RDF4J) [engines.json profile],100M,L,L1,00,600c6f736028ac1dca0fa84f800a5b3b4f74bedfd8244d599a7c9b4e07bd041b,C,SPARQLcirc CircuitRewriter,ok,4,54.6,54.6,54.6,54.6,0.0,0,1,3600.0,9895,1.1,8,16,4,,343.636864,[54.612],[1.085],0.0,[0.0],56.1,[56.104],0.4,[0.407],r9.2-frozen-identity-v9,dfac415b5a6cbd6bca05218077d4301d6a1fc0d7ceff3e33f6c2c4c2d61d0e66,term-aware-candidate-set-v1,4,2443b3385399061ef97f989b3d4b25ff19b7bfb3f5012078d5f8bf9ddd3fa7b5,flat,flat,4ef4d3922d50e7e0953b8afb472404981f2d2586f2156d938d8079c5e7597538,/mnt/nfs/home/ac145595/workspace/rq3-artifacts/circuits/graphdb-100m/600c6f736028ac1dca0fa84f800a5b3b4f74bedfd8244d599a7c9b4e07bd041b-4ef4d3922d50e7e0953b8afb472404981f2d2586f2156d938d8079c5e7597538.nt,/mnt/nfs/home/ac145595/workspace/rq3-artifacts/circuits/graphdb-100m/600c6f736028ac1dca0fa84f800a5b3b4f74bedfd8244d599a7c9b4e07bd041b-4ef4d3922d50e7e0953b8afb472404981f2d2586f2156d938d8079c5e7597538.json,ed2b586a2c87e24e97a66dd62e7d8b63c5d735c3a100d0ea8feb4e2b8849f48c,655fb91a5d0890de0fddc1b79ca7f17a1c2922bff6c20e3228db20a851ff9fe7,e1e370c3c3e41897f966ee22e8c7c98840f6ecade4ccb1698265b03c62141a2f,2c97fc305990d2aa1e0f09f37216d4d5b1419027440c3151c422415f0c836db8,f3c05af6c7aa3bbf0aae501a61efa32804f36e642d32f61fe21875892b248a8a,8a988dc83f4082a4f27503ba2906dc6b8733b3c02be567635c726c67bbd48314,16162702ccec82b2a0e27063cd04bd756a27af1f003b4cef0da976d843ef4725,reified,writable,exploratory-base,exploratory-reified,41997fb8640d9e765a0272879a63548eb9bd46bbf6e49da02b7c924e506b94f7,e6d3d236675cf5aefb65ff5897cc6e142b08e2a2be9e4af928e482100bc8e0bd,2e884d94ace185d62b1b91debf493ccd0a69b83d08e74cf5f1c2be4851b14215,7b43c2342d7676aa65cc9ee233b2184c9eae88f2663874af7ab1b83282f94ab4,6ffd10b28ab050230cdc1137f0bd16155c3a7c587add7fbe921d985fa92879fe,,,,40eac8a43680421f706d757e5128f643776e7f55b996b7f2a8415c26f127f534,"pcm-meta-v2:{""protocol"":""r9.2-frozen-identity-v9"",""message"":""C requested=flat effective=flat; steps=1 feedback=0; network includes CONSTRUCT, feedback INSERT, and cleanup DELETE"",""cell_wall_ms"":405.663,""answer_kind"":""term-aware-candidate-set-v1"",""answer_key_count"":4,""answer_fingerprint"":""2443b3385399061ef97f989b3d4b25ff19b7bfb3f5012078d5f8bf9ddd3fa7b5"",""c_parse_samples"":[1.085],""c_protocol_samples"":[{""requested_mode"":""flat"",""effective_mode"":""flat"",""fallback_reason"":null,""plan_steps"":1,""feedback_steps"":0,""feedback_triples"":0,""construct_query_ms"":54.612,""feedback_update_ms"":0.0,""cleanup_ms"":0.0,""client_protocol_ms"":0.0,""network_scope"":""construct+feedback+cleanup"",""circuit_sha256"":""4ef4d3922d50e7e0953b8afb472404981f2d2586f2156d938d8079c5e7597538"",""answer_fingerprint"":""2443b3385399061ef97f989b3d4b25ff19b7bfb3f5012078d5f8bf9ddd3fa7b5"",""semantic_signature_sha256"":""2e291cffc594f7912d85f7efb31e3789243bcc2365082712fabcb53216860f27"",""structure_signature"":{""gates"":8,""edges"":16,""answers"":4,""derivations"":4,""leaves"":12,""plus"":4,""minus"":0,""nodes"":20,""canonical_bytes"":9895},""construct_total_ms"":56.104,""client_unattributed_ms"":0.407}],""construct_total_samples"":[56.104],""construct_unattributed_samples"":[0.407],""status"":""ok"",""status_evidence"":null,""c_warmup_signatures"":[],""measured_semantic_signature_sha256"":""2e291cffc594f7912d85f7efb31e3789243bcc2365082712fabcb53216860f27"",""measured_repetitions_consistent"":true,""cache_snapshot_ms"":1.296,""cache_snapshot_scope"":""first-measured-response; deferred until all runs succeeded"",""outside_cell_cache_write_ms"":4.561,""endpoint_lock"":{""wait_ms"":0.006,""lock_path"":""/tmp/sparqlcirc-r9-endpoint-locks-v7/e6d3d236675cf5aefb65ff5897cc6e142b08e2a2be9e4af928e482100bc8e0bd.lock""},""construction_requested"":""flat"",""construction_effective"":""flat"",""circuit_sha256"":""4ef4d3922d50e7e0953b8afb472404981f2d2586f2156d938d8079c5e7597538"",""circuit_triples"":64,""circuit_bytes"":9895,""circuit_path"":""/mnt/nfs/home/ac145595/workspace/rq3-artifacts/circuits/graphdb-100m/600c6f736028ac1dca0fa84f800a5b3b4f74bedfd8244d599a7c9b4e07bd041b-4ef4d3922d50e7e0953b8afb472404981f2d2586f2156d938d8079c5e7597538.nt"",""metadata_path"":""/mnt/nfs/home/ac145595/workspace/rq3-artifacts/circuits/graphdb-100m/600c6f736028ac1dca0fa84f800a5b3b4f74bedfd8244d599a7c9b4e07bd041b-4ef4d3922d50e7e0953b8afb472404981f2d2586f2156d938d8079c5e7597538.json"",""producer_observation_sha256"":""ed2b586a2c87e24e97a66dd62e7d8b63c5d735c3a100d0ea8feb4e2b8849f48c"",""sidecar_sha256"":""655fb91a5d0890de0fddc1b79ca7f17a1c2922bff6c20e3228db20a851ff9fe7"",""commit"":""966642a2961472c5f660f752648dc2693518e858"",""batch_id"":""dfac415b5a6cbd6bca05218077d4301d6a1fc0d7ceff3e33f6c2c4c2d61d0e66"",""query_sha256"":""600c6f736028ac1dca0fa84f800a5b3b4f74bedfd8244d599a7c9b4e07bd041b"",""engine"":""graphdb"",""engine_version"":""GraphDB (RDF4J) [engines.json profile]"",""scale"":""100M"",""base_endpoint_sha256"":""e1e370c3c3e41897f966ee22e8c7c98840f6ecade4ccb1698265b03c62141a2f"",""reified_endpoint_sha256"":""2c97fc305990d2aa1e0f09f37216d4d5b1419027440c3151c422415f0c836db8"",""update_endpoint_sha256"":""f3c05af6c7aa3bbf0aae501a61efa32804f36e642d32f61fe21875892b248a8a"",""base_data_identity_sha256"":""8a988dc83f4082a4f27503ba2906dc6b8733b3c02be567635c726c67bbd48314"",""reified_data_identity_sha256"":""16162702ccec82b2a0e27063cd04bd756a27af1f003b4cef0da976d843ef4725"",""update_for"":""reified"",""access_mode"":""writable"",""base_data_name"":""exploratory-base"",""reified_data_name"":""exploratory-reified"",""update_canary_sha256"":""41997fb8640d9e765a0272879a63548eb9bd46bbf6e49da02b7c924e506b94f7"",""store_instance_sha256"":""e6d3d236675cf5aefb65ff5897cc6e142b08e2a2be9e4af928e482100bc8e0bd"",""store_discriminator_sha256"":""2e884d94ace185d62b1b91debf493ccd0a69b83d08e74cf5f1c2be4851b14215"",""tool_sha256"":""7b43c2342d7676aa65cc9ee233b2184c9eae88f2663874af7ab1b83282f94ab4"",""java_runtime_sha256"":""6ffd10b28ab050230cdc1137f0bd16155c3a7c587add7fbe921d985fa92879fe"",""run_identity_sha256"":""40eac8a43680421f706d757e5128f643776e7f55b996b7f2a8415c26f127f534""}"
966642a2961472c5f660f752648dc2693518e858,graphdb,GraphDB (RDF4J) [engines.json profile],100M,L,L1,00,600c6f736028ac1dca0fa84f800a5b3b4f74bedfd8244d599a7c9b4e07bd041b,N,N_clean (NPCS reimplementation),ok,4,19.8,19.8,19.8,19.8,0.0,0,1,3600.0,1119,0.0,,,,4,177.160783,[19.844],[0.0],,[],,[],,[],r9.2-frozen-identity-v9,dfac415b5a6cbd6bca05218077d4301d6a1fc0d7ceff3e33f6c2c4c2d61d0e66,csv-candidate-multiset-v1,4,7f21058717c667743871840501b4696d6ea47bec1c07c1fbc8fa0aab81f9430f,,,,,,,,e1e370c3c3e41897f966ee22e8c7c98840f6ecade4ccb1698265b03c62141a2f,2c97fc305990d2aa1e0f09f37216d4d5b1419027440c3151c422415f0c836db8,f3c05af6c7aa3bbf0aae501a61efa32804f36e642d32f61fe21875892b248a8a,8a988dc83f4082a4f27503ba2906dc6b8733b3c02be567635c726c67bbd48314,16162702ccec82b2a0e27063cd04bd756a27af1f003b4cef0da976d843ef4725,reified,writable,exploratory-base,exploratory-reified,41997fb8640d9e765a0272879a63548eb9bd46bbf6e49da02b7c924e506b94f7,e6d3d236675cf5aefb65ff5897cc6e142b08e2a2be9e4af928e482100bc8e0bd,2e884d94ace185d62b1b91debf493ccd0a69b83d08e74cf5f1c2be4851b14215,7b43c2342d7676aa65cc9ee233b2184c9eae88f2663874af7ab1b83282f94ab4,6ffd10b28ab050230cdc1137f0bd16155c3a7c587add7fbe921d985fa92879fe,4,0,12,40eac8a43680421f706d757e5128f643776e7f55b996b7f2a8415c26f127f534,"pcm-meta-v2:{""protocol"":""r9.2-frozen-identity-v9"",""message"":"""",""cell_wall_ms"":203.9,""answer_kind"":""csv-candidate-multiset-v1"",""answer_key_count"":4,""answer_fingerprint"":""7f21058717c667743871840501b4696d6ea47bec1c07c1fbc8fa0aab81f9430f"",""c_parse_samples"":[0.0],""c_protocol_samples"":[],""construct_total_samples"":[],""construct_unattributed_samples"":[],""status"":""ok"",""status_evidence"":null,""construction_requested"":null,""construction_effective"":null,""commit"":""966642a2961472c5f660f752648dc2693518e858"",""batch_id"":""dfac415b5a6cbd6bca05218077d4301d6a1fc0d7ceff3e33f6c2c4c2d61d0e66"",""query_sha256"":""600c6f736028ac1dca0fa84f800a5b3b4f74bedfd8244d599a7c9b4e07bd041b"",""engine"":""graphdb"",""engine_version"":""GraphDB (RDF4J) [engines.json profile]"",""scale"":""100M"",""base_endpoint_sha256"":""e1e370c3c3e41897f966ee22e8c7c98840f6ecade4ccb1698265b03c62141a2f"",""reified_endpoint_sha256"":""2c97fc305990d2aa1e0f09f37216d4d5b1419027440c3151c422415f0c836db8"",""update_endpoint_sha256"":""f3c05af6c7aa3bbf0aae501a61efa32804f36e642d32f61fe21875892b248a8a"",""base_data_identity_sha256"":""8a988dc83f4082a4f27503ba2906dc6b8733b3c02be567635c726c67bbd48314"",""reified_data_identity_sha256"":""16162702ccec82b2a0e27063cd04bd756a27af1f003b4cef0da976d843ef4725"",""update_for"":""reified"",""access_mode"":""writable"",""base_data_name"":""exploratory-base"",""reified_data_name"":""exploratory-reified"",""update_canary_sha256"":""41997fb8640d9e765a0272879a63548eb9bd46bbf6e49da02b7c924e506b94f7"",""store_instance_sha256"":""e6d3d236675cf5aefb65ff5897cc6e142b08e2a2be9e4af928e482100bc8e0bd"",""store_discriminator_sha256"":""2e884d94ace185d62b1b91debf493ccd0a69b83d08e74cf5f1c2be4851b14215"",""tool_sha256"":""7b43c2342d7676aa65cc9ee233b2184c9eae88f2663874af7ab1b83282f94ab4"",""java_runtime_sha256"":""6ffd10b28ab050230cdc1137f0bd16155c3a7c587add7fbe921d985fa92879fe"",""run_identity_sha256"":""40eac8a43680421f706d757e5128f643776e7f55b996b7f2a8415c26f127f534""}"
966642a2961472c5f660f752648dc2693518e858,graphdb,GraphDB (RDF4J) [engines.json profile],100M,L,L1,00,600c6f736028ac1dca0fa84f800a5b3b4f74bedfd8244d599a7c9b4e07bd041b,R,reification-only,ok,4,23.1,23.1,23.1,23.1,0.0,0,1,3600.0,864,0.0,,,,,130.11221,[23.082],[0.0],,[],,[],,[],r9.2-frozen-identity-v9,dfac415b5a6cbd6bca05218077d4301d6a1fc0d7ceff3e33f6c2c4c2d61d0e66,csv-binding-multiset-v1,4,7f21058717c667743871840501b4696d6ea47bec1c07c1fbc8fa0aab81f9430f,,,,,,,,e1e370c3c3e41897f966ee22e8c7c98840f6ecade4ccb1698265b03c62141a2f,2c97fc305990d2aa1e0f09f37216d4d5b1419027440c3151c422415f0c836db8,f3c05af6c7aa3bbf0aae501a61efa32804f36e642d32f61fe21875892b248a8a,8a988dc83f4082a4f27503ba2906dc6b8733b3c02be567635c726c67bbd48314,16162702ccec82b2a0e27063cd04bd756a27af1f003b4cef0da976d843ef4725,reified,writable,exploratory-base,exploratory-reified,41997fb8640d9e765a0272879a63548eb9bd46bbf6e49da02b7c924e506b94f7,e6d3d236675cf5aefb65ff5897cc6e142b08e2a2be9e4af928e482100bc8e0bd,2e884d94ace185d62b1b91debf493ccd0a69b83d08e74cf5f1c2be4851b14215,7b43c2342d7676aa65cc9ee233b2184c9eae88f2663874af7ab1b83282f94ab4,6ffd10b28ab050230cdc1137f0bd16155c3a7c587add7fbe921d985fa92879fe,,,,40eac8a43680421f706d757e5128f643776e7f55b996b7f2a8415c26f127f534,"pcm-meta-v2:{""protocol"":""r9.2-frozen-identity-v9"",""message"":"""",""cell_wall_ms"":159.903,""answer_kind"":""csv-binding-multiset-v1"",""answer_key_count"":4,""answer_fingerprint"":""7f21058717c667743871840501b4696d6ea47bec1c07c1fbc8fa0aab81f9430f"",""c_parse_samples"":[0.0],""c_protocol_samples"":[],""construct_total_samples"":[],""construct_unattributed_samples"":[],""status"":""ok"",""status_evidence"":null,""construction_requested"":null,""construction_effective"":null,""commit"":""966642a2961472c5f660f752648dc2693518e858"",""batch_id"":""dfac415b5a6cbd6bca05218077d4301d6a1fc0d7ceff3e33f6c2c4c2d61d0e66"",""query_sha256"":""600c6f736028ac1dca0fa84f800a5b3b4f74bedfd8244d599a7c9b4e07bd041b"",""engine"":""graphdb"",""engine_version"":""GraphDB (RDF4J) [engines.json profile]"",""scale"":""100M"",""base_endpoint_sha256"":""e1e370c3c3e41897f966ee22e8c7c98840f6ecade4ccb1698265b03c62141a2f"",""reified_endpoint_sha256"":""2c97fc305990d2aa1e0f09f37216d4d5b1419027440c3151c422415f0c836db8"",""update_endpoint_sha256"":""f3c05af6c7aa3bbf0aae501a61efa32804f36e642d32f61fe21875892b248a8a"",""base_data_identity_sha256"":""8a988dc83f4082a4f27503ba2906dc6b8733b3c02be567635c726c67bbd48314"",""reified_data_identity_sha256"":""16162702ccec82b2a0e27063cd04bd756a27af1f003b4cef0da976d843ef4725"",""update_for"":""reified"",""access_mode"":""writable"",""base_data_name"":""exploratory-base"",""reified_data_name"":""exploratory-reified"",""update_canary_sha256"":""41997fb8640d9e765a0272879a63548eb9bd46bbf6e49da02b7c924e506b94f7"",""store_instance_sha256"":""e6d3d236675cf5aefb65ff5897cc6e142b08e2a2be9e4af928e482100bc8e0bd"",""store_discriminator_sha256"":""2e884d94ace185d62b1b91debf493ccd0a69b83d08e74cf5f1c2be4851b14215"",""tool_sha256"":""7b43c2342d7676aa65cc9ee233b2184c9eae88f2663874af7ab1b83282f94ab4"",""java_runtime_sha256"":""6ffd10b28ab050230cdc1137f0bd16155c3a7c587add7fbe921d985fa92879fe"",""run_identity_sha256"":""40eac8a43680421f706d757e5128f643776e7f55b996b7f2a8415c26f127f534""}"
966642a2961472c5f660f752648dc2693518e858,graphdb,GraphDB (RDF4J) [engines.json profile],100M,L,L2,00,64873fb3e0533f5e97269a846ba7be46358d4ae4e7b00ae160b34130e60e4ce6,B,base-select,ok,961,178.1,178.1,178.1,178.1,0.0,0,1,3600.0,89283,0.0,,,,,0.007091,[178.117],[0.0],,[],,[],,[],r9.2-frozen-identity-v9,dfac415b5a6cbd6bca05218077d4301d6a1fc0d7ceff3e33f6c2c4c2d61d0e66,csv-binding-multiset-v1,961,1957f2defcc20b911e7ba244cc4a5a46e2ade9d2495f6cae8d8409f2a0abec6a,,,,,,,,e1e370c3c3e41897f966ee22e8c7c98840f6ecade4ccb1698265b03c62141a2f,2c97fc305990d2aa1e0f09f37216d4d5b1419027440c3151c422415f0c836db8,f3c05af6c7aa3bbf0aae501a61efa32804f36e642d32f61fe21875892b248a8a,8a988dc83f4082a4f27503ba2906dc6b8733b3c02be567635c726c67bbd48314,16162702ccec82b2a0e27063cd04bd756a27af1f003b4cef0da976d843ef4725,reified,writable,exploratory-base,exploratory-reified,41997fb8640d9e765a0272879a63548eb9bd46bbf6e49da02b7c924e506b94f7,e6d3d236675cf5aefb65ff5897cc6e142b08e2a2be9e4af928e482100bc8e0bd,2e884d94ace185d62b1b91debf493ccd0a69b83d08e74cf5f1c2be4851b14215,7b43c2342d7676aa65cc9ee233b2184c9eae88f2663874af7ab1b83282f94ab4,6ffd10b28ab050230cdc1137f0bd16155c3a7c587add7fbe921d985fa92879fe,,,,2ec77e0131ceb18bcadf6caf7811a849b391ac98793ca9ed94014eb9161f6cd4,"pcm-meta-v2:{""protocol"":""r9.2-frozen-identity-v9"",""message"":"""",""cell_wall_ms"":190.114,""answer_kind"":""csv-binding-multiset-v1"",""answer_key_count"":961,""answer_fingerprint"":""1957f2defcc20b911e7ba244cc4a5a46e2ade9d2495f6cae8d8409f2a0abec6a"",""c_parse_samples"":[0.0],""c_protocol_samples"":[],""construct_total_samples"":[],""construct_unattributed_samples"":[],""status"":""ok"",""status_evidence"":null,""construction_requested"":null,""construction_effective"":null,""commit"":""966642a2961472c5f660f752648dc2693518e858"",""batch_id"":""dfac415b5a6cbd6bca05218077d4301d6a1fc0d7ceff3e33f6c2c4c2d61d0e66"",""query_sha256"":""64873fb3e0533f5e97269a846ba7be46358d4ae4e7b00ae160b34130e60e4ce6"",""engine"":""graphdb"",""engine_version"":""GraphDB (RDF4J) [engines.json profile]"",""scale"":""100M"",""base_endpoint_sha256"":""e1e370c3c3e41897f966ee22e8c7c98840f6ecade4ccb1698265b03c62141a2f"",""reified_endpoint_sha256"":""2c97fc305990d2aa1e0f09f37216d4d5b1419027440c3151c422415f0c836db8"",""update_endpoint_sha256"":""f3c05af6c7aa3bbf0aae501a61efa32804f36e642d32f61fe21875892b248a8a"",""base_data_identity_sha256"":""8a988dc83f4082a4f27503ba2906dc6b8733b3c02be567635c726c67bbd48314"",""reified_data_identity_sha256"":""16162702ccec82b2a0e27063cd04bd756a27af1f003b4cef0da976d843ef4725"",""update_for"":""reified"",""access_mode"":""writable"",""base_data_name"":""exploratory-base"",""reified_data_name"":""exploratory-reified"",""update_canary_sha256"":""41997fb8640d9e765a0272879a63548eb9bd46bbf6e49da02b7c924e506b94f7"",""store_instance_sha256"":""e6d3d236675cf5aefb65ff5897cc6e142b08e2a2be9e4af928e482100bc8e0bd"",""store_discriminator_sha256"":""2e884d94ace185d62b1b91debf493ccd0a69b83d08e74cf5f1c2be4851b14215"",""tool_sha256"":""7b43c2342d7676aa65cc9ee233b2184c9eae88f2663874af7ab1b83282f94ab4"",""java_runtime_sha256"":""6ffd10b28ab050230cdc1137f0bd16155c3a7c587add7fbe921d985fa92879fe"",""run_identity_sha256"":""2ec77e0131ceb18bcadf6caf7811a849b391ac98793ca9ed94014eb9161f6cd4""}"
966642a2961472c5f660f752648dc2693518e858,graphdb,GraphDB (RDF4J) [engines.json profile],100M,L,L2,00,64873fb3e0533f5e97269a846ba7be46358d4ae4e7b00ae160b34130e60e4ce6,C,SPARQLcirc CircuitRewriter,ok,961,69347.7,69347.7,69347.7,69347.7,0.0,0,1,3600.0,1771113,155.8,1922,3844,961,,349.826318,[69347.732],[155.772],0.0,[0.0],69507.3,[69507.331],3.8,[3.827],r9.2-frozen-identity-v9,dfac415b5a6cbd6bca05218077d4301d6a1fc0d7ceff3e33f6c2c4c2d61d0e66,term-aware-candidate-set-v1,961,dcac67cd85a34c9c5c20983b5a0e919942fde689f80b34cb02f455c160edb559,flat,flat,35d15df64205e5280d0c1f070a238b2bede97fdf703ac1c42ee134863020abcc,/mnt/nfs/home/ac145595/workspace/rq3-artifacts/circuits/graphdb-100m/64873fb3e0533f5e97269a846ba7be46358d4ae4e7b00ae160b34130e60e4ce6-35d15df64205e5280d0c1f070a238b2bede97fdf703ac1c42ee134863020abcc.nt,/mnt/nfs/home/ac145595/workspace/rq3-artifacts/circuits/graphdb-100m/64873fb3e0533f5e97269a846ba7be46358d4ae4e7b00ae160b34130e60e4ce6-35d15df64205e5280d0c1f070a238b2bede97fdf703ac1c42ee134863020abcc.json,6480644cac0c101b4c71041b2244b2d7015a53f504c6c679529c1cc14d09a0a9,592c55533b148b3afb07719bd706ef112df9839ba245b01fd83feba56f9a97d3,e1e370c3c3e41897f966ee22e8c7c98840f6ecade4ccb1698265b03c62141a2f,2c97fc305990d2aa1e0f09f37216d4d5b1419027440c3151c422415f0c836db8,f3c05af6c7aa3bbf0aae501a61efa32804f36e642d32f61fe21875892b248a8a,8a988dc83f4082a4f27503ba2906dc6b8733b3c02be567635c726c67bbd48314,16162702ccec82b2a0e27063cd04bd756a27af1f003b4cef0da976d843ef4725,reified,writable,exploratory-base,exploratory-reified,41997fb8640d9e765a0272879a63548eb9bd46bbf6e49da02b7c924e506b94f7,e6d3d236675cf5aefb65ff5897cc6e142b08e2a2be9e4af928e482100bc8e0bd,2e884d94ace185d62b1b91debf493ccd0a69b83d08e74cf5f1c2be4851b14215,7b43c2342d7676aa65cc9ee233b2184c9eae88f2663874af7ab1b83282f94ab4,6ffd10b28ab050230cdc1137f0bd16155c3a7c587add7fbe921d985fa92879fe,,,,2ec77e0131ceb18bcadf6caf7811a849b391ac98793ca9ed94014eb9161f6cd4,"pcm-meta-v2:{""protocol"":""r9.2-frozen-identity-v9"",""message"":""C requested=flat effective=flat; steps=1 feedback=0; network includes CONSTRUCT, feedback INSERT, and cleanup DELETE"",""cell_wall_ms"":69896.074,""answer_kind"":""term-aware-candidate-set-v1"",""answer_key_count"":961,""answer_fingerprint"":""dcac67cd85a34c9c5c20983b5a0e919942fde689f80b34cb02f455c160edb559"",""c_parse_samples"":[155.772],""c_protocol_samples"":[{""requested_mode"":""flat"",""effective_mode"":""flat"",""fallback_reason"":null,""plan_steps"":1,""feedback_steps"":0,""feedback_triples"":0,""construct_query_ms"":69347.732,""feedback_update_ms"":0.0,""cleanup_ms"":0.0,""client_protocol_ms"":0.0,""network_scope"":""construct+feedback+cleanup"",""circuit_sha256"":""35d15df64205e5280d0c1f070a238b2bede97fdf703ac1c42ee134863020abcc"",""answer_fingerprint"":""dcac67cd85a34c9c5c20983b5a0e919942fde689f80b34cb02f455c160edb559"",""semantic_signature_sha256"":""6c2d0a92b3232bef5a604f8ac1eadbd7eed8bf0ca48a7b6b1968067889b19b00"",""structure_signature"":{""gates"":1922,""edges"":3844,""answers"":961,""derivations"":961,""leaves"":1923,""plus"":961,""minus"":0,""nodes"":3845,""canonical_bytes"":1771113},""construct_total_ms"":69507.331,""client_unattributed_ms"":3.827}],""construct_total_samples"":[69507.331],""construct_unattributed_samples"":[3.827],""status"":""ok"",""status_evidence"":null,""c_warmup_signatures"":[],""measured_semantic_signature_sha256"":""6c2d0a92b3232bef5a604f8ac1eadbd7eed8bf0ca48a7b6b1968067889b19b00"",""measured_repetitions_consistent"":true,""cache_snapshot_ms"":31.795,""cache_snapshot_scope"":""first-measured-response; deferred until all runs succeeded"",""outside_cell_cache_write_ms"":82.212,""endpoint_lock"":{""wait_ms"":0.007,""lock_path"":""/tmp/sparqlcirc-r9-endpoint-locks-v7/e6d3d236675cf5aefb65ff5897cc6e142b08e2a2be9e4af928e482100bc8e0bd.lock""},""construction_requested"":""flat"",""construction_effective"":""flat"",""circuit_sha256"":""35d15df64205e5280d0c1f070a238b2bede97fdf703ac1c42ee134863020abcc"",""circuit_triples"":12493,""circuit_bytes"":1771113,""circuit_path"":""/mnt/nfs/home/ac145595/workspace/rq3-artifacts/circuits/graphdb-100m/64873fb3e0533f5e97269a846ba7be46358d4ae4e7b00ae160b34130e60e4ce6-35d15df64205e5280d0c1f070a238b2bede97fdf703ac1c42ee134863020abcc.nt"",""metadata_path"":""/mnt/nfs/home/ac145595/workspace/rq3-artifacts/circuits/graphdb-100m/64873fb3e0533f5e97269a846ba7be46358d4ae4e7b00ae160b34130e60e4ce6-35d15df64205e5280d0c1f070a238b2bede97fdf703ac1c42ee134863020abcc.json"",""producer_observation_sha256"":""6480644cac0c101b4c71041b2244b2d7015a53f504c6c679529c1cc14d09a0a9"",""sidecar_sha256"":""592c55533b148b3afb07719bd706ef112df9839ba245b01fd83feba56f9a97d3"",""commit"":""966642a2961472c5f660f752648dc2693518e858"",""batch_id"":""dfac415b5a6cbd6bca05218077d4301d6a1fc0d7ceff3e33f6c2c4c2d61d0e66"",""query_sha256"":""64873fb3e0533f5e97269a846ba7be46358d4ae4e7b00ae160b34130e60e4ce6"",""engine"":""graphdb"",""engine_version"":""GraphDB (RDF4J) [engines.json profile]"",""scale"":""100M"",""base_endpoint_sha256"":""e1e370c3c3e41897f966ee22e8c7c98840f6ecade4ccb1698265b03c62141a2f"",""reified_endpoint_sha256"":""2c97fc305990d2aa1e0f09f37216d4d5b1419027440c3151c422415f0c836db8"",""update_endpoint_sha256"":""f3c05af6c7aa3bbf0aae501a61efa32804f36e642d32f61fe21875892b248a8a"",""base_data_identity_sha256"":""8a988dc83f4082a4f27503ba2906dc6b8733b3c02be567635c726c67bbd48314"",""reified_data_identity_sha256"":""16162702ccec82b2a0e27063cd04bd756a27af1f003b4cef0da976d843ef4725"",""update_for"":""reified"",""access_mode"":""writable"",""base_data_name"":""exploratory-base"",""reified_data_name"":""exploratory-reified"",""update_canary_sha256"":""41997fb8640d9e765a0272879a63548eb9bd46bbf6e49da02b7c924e506b94f7"",""store_instance_sha256"":""e6d3d236675cf5aefb65ff5897cc6e142b08e2a2be9e4af928e482100bc8e0bd"",""store_discriminator_sha256"":""2e884d94ace185d62b1b91debf493ccd0a69b83d08e74cf5f1c2be4851b14215"",""tool_sha256"":""7b43c2342d7676aa65cc9ee233b2184c9eae88f2663874af7ab1b83282f94ab4"",""java_runtime_sha256"":""6ffd10b28ab050230cdc1137f0bd16155c3a7c587add7fbe921d985fa92879fe"",""run_identity_sha256"":""2ec77e0131ceb18bcadf6caf7811a849b391ac98793ca9ed94014eb9161f6cd4""}"
966642a2961472c5f660f752648dc2693518e858,graphdb,GraphDB (RDF4J) [engines.json profile],100M,L,L2,00,64873fb3e0533f5e97269a846ba7be46358d4ae4e7b00ae160b34130e60e4ce6,N,N_clean (NPCS reimplementation),ok,961,20777.2,20777.2,20777.2,20777.2,0.0,0,1,3600.0,138502,0.0,,,,961,177.63557,[20777.22],[0.0],,[],,[],,[],r9.2-frozen-identity-v9,dfac415b5a6cbd6bca05218077d4301d6a1fc0d7ceff3e33f6c2c4c2d61d0e66,csv-candidate-multiset-v1,961,1957f2defcc20b911e7ba244cc4a5a46e2ade9d2495f6cae8d8409f2a0abec6a,,,,,,,,e1e370c3c3e41897f966ee22e8c7c98840f6ecade4ccb1698265b03c62141a2f,2c97fc305990d2aa1e0f09f37216d4d5b1419027440c3151c422415f0c836db8,f3c05af6c7aa3bbf0aae501a61efa32804f36e642d32f61fe21875892b248a8a,8a988dc83f4082a4f27503ba2906dc6b8733b3c02be567635c726c67bbd48314,16162702ccec82b2a0e27063cd04bd756a27af1f003b4cef0da976d843ef4725,reified,writable,exploratory-base,exploratory-reified,41997fb8640d9e765a0272879a63548eb9bd46bbf6e49da02b7c924e506b94f7,e6d3d236675cf5aefb65ff5897cc6e142b08e2a2be9e4af928e482100bc8e0bd,2e884d94ace185d62b1b91debf493ccd0a69b83d08e74cf5f1c2be4851b14215,7b43c2342d7676aa65cc9ee233b2184c9eae88f2663874af7ab1b83282f94ab4,6ffd10b28ab050230cdc1137f0bd16155c3a7c587add7fbe921d985fa92879fe,961,0,2883,2ec77e0131ceb18bcadf6caf7811a849b391ac98793ca9ed94014eb9161f6cd4,"pcm-meta-v2:{""protocol"":""r9.2-frozen-identity-v9"",""message"":"""",""cell_wall_ms"":20974.25,""answer_kind"":""csv-candidate-multiset-v1"",""answer_key_count"":961,""answer_fingerprint"":""1957f2defcc20b911e7ba244cc4a5a46e2ade9d2495f6cae8d8409f2a0abec6a"",""c_parse_samples"":[0.0],""c_protocol_samples"":[],""construct_total_samples"":[],""construct_unattributed_samples"":[],""status"":""ok"",""status_evidence"":null,""construction_requested"":null,""construction_effective"":null,""commit"":""966642a2961472c5f660f752648dc2693518e858"",""batch_id"":""dfac415b5a6cbd6bca05218077d4301d6a1fc0d7ceff3e33f6c2c4c2d61d0e66"",""query_sha256"":""64873fb3e0533f5e97269a846ba7be46358d4ae4e7b00ae160b34130e60e4ce6"",""engine"":""graphdb"",""engine_version"":""GraphDB (RDF4J) [engines.json profile]"",""scale"":""100M"",""base_endpoint_sha256"":""e1e370c3c3e41897f966ee22e8c7c98840f6ecade4ccb1698265b03c62141a2f"",""reified_endpoint_sha256"":""2c97fc305990d2aa1e0f09f37216d4d5b1419027440c3151c422415f0c836db8"",""update_endpoint_sha256"":""f3c05af6c7aa3bbf0aae501a61efa32804f36e642d32f61fe21875892b248a8a"",""base_data_identity_sha256"":""8a988dc83f4082a4f27503ba2906dc6b8733b3c02be567635c726c67bbd48314"",""reified_data_identity_sha256"":""16162702ccec82b2a0e27063cd04bd756a27af1f003b4cef0da976d843ef4725"",""update_for"":""reified"",""access_mode"":""writable"",""base_data_name"":""exploratory-base"",""reified_data_name"":""exploratory-reified"",""update_canary_sha256"":""41997fb8640d9e765a0272879a63548eb9bd46bbf6e49da02b7c924e506b94f7"",""store_instance_sha256"":""e6d3d236675cf5aefb65ff5897cc6e142b08e2a2be9e4af928e482100bc8e0bd"",""store_discriminator_sha256"":""2e884d94ace185d62b1b91debf493ccd0a69b83d08e74cf5f1c2be4851b14215"",""tool_sha256"":""7b43c2342d7676aa65cc9ee233b2184c9eae88f2663874af7ab1b83282f94ab4"",""java_runtime_sha256"":""6ffd10b28ab050230cdc1137f0bd16155c3a7c587add7fbe921d985fa92879fe"",""run_identity_sha256"":""2ec77e0131ceb18bcadf6caf7811a849b391ac98793ca9ed94014eb9161f6cd4""}"
966642a2961472c5f660f752648dc2693518e858,graphdb,GraphDB (RDF4J) [engines.json profile],100M,L,L2,00,64873fb3e0533f5e97269a846ba7be46358d4ae4e7b00ae160b34130e60e4ce6,R,reification-only,ok,961,6077.3,6077.3,6077.3,6077.3,0.0,0,1,3600.0,89283,0.0,,,,,129.243537,[6077.305],[0.0],,[],,[],,[],r9.2-frozen-identity-v9,dfac415b5a6cbd6bca05218077d4301d6a1fc0d7ceff3e33f6c2c4c2d61d0e66,csv-binding-multiset-v1,961,1957f2defcc20b911e7ba244cc4a5a46e2ade9d2495f6cae8d8409f2a0abec6a,,,,,,,,e1e370c3c3e41897f966ee22e8c7c98840f6ecade4ccb1698265b03c62141a2f,2c97fc305990d2aa1e0f09f37216d4d5b1419027440c3151c422415f0c836db8,f3c05af6c7aa3bbf0aae501a61efa32804f36e642d32f61fe21875892b248a8a,8a988dc83f4082a4f27503ba2906dc6b8733b3c02be567635c726c67bbd48314,16162702ccec82b2a0e27063cd04bd756a27af1f003b4cef0da976d843ef4725,reified,writable,exploratory-base,exploratory-reified,41997fb8640d9e765a0272879a63548eb9bd46bbf6e49da02b7c924e506b94f7,e6d3d236675cf5aefb65ff5897cc6e142b08e2a2be9e4af928e482100bc8e0bd,2e884d94ace185d62b1b91debf493ccd0a69b83d08e74cf5f1c2be4851b14215,7b43c2342d7676aa65cc9ee233b2184c9eae88f2663874af7ab1b83282f94ab4,6ffd10b28ab050230cdc1137f0bd16155c3a7c587add7fbe921d985fa92879fe,,,,2ec77e0131ceb18bcadf6caf7811a849b391ac98793ca9ed94014eb9161f6cd4,"pcm-meta-v2:{""protocol"":""r9.2-frozen-identity-v9"",""message"":"""",""cell_wall_ms"":6218.915,""answer_kind"":""csv-binding-multiset-v1"",""answer_key_count"":961,""answer_fingerprint"":""1957f2defcc20b911e7ba244cc4a5a46e2ade9d2495f6cae8d8409f2a0abec6a"",""c_parse_samples"":[0.0],""c_protocol_samples"":[],""construct_total_samples"":[],""construct_unattributed_samples"":[],""status"":""ok"",""status_evidence"":null,""construction_requested"":null,""construction_effective"":null,""commit"":""966642a2961472c5f660f752648dc2693518e858"",""batch_id"":""dfac415b5a6cbd6bca05218077d4301d6a1fc0d7ceff3e33f6c2c4c2d61d0e66"",""query_sha256"":""64873fb3e0533f5e97269a846ba7be46358d4ae4e7b00ae160b34130e60e4ce6"",""engine"":""graphdb"",""engine_version"":""GraphDB (RDF4J) [engines.json profile]"",""scale"":""100M"",""base_endpoint_sha256"":""e1e370c3c3e41897f966ee22e8c7c98840f6ecade4ccb1698265b03c62141a2f"",""reified_endpoint_sha256"":""2c97fc305990d2aa1e0f09f37216d4d5b1419027440c3151c422415f0c836db8"",""update_endpoint_sha256"":""f3c05af6c7aa3bbf0aae501a61efa32804f36e642d32f61fe21875892b248a8a"",""base_data_identity_sha256"":""8a988dc83f4082a4f27503ba2906dc6b8733b3c02be567635c726c67bbd48314"",""reified_data_identity_sha256"":""16162702ccec82b2a0e27063cd04bd756a27af1f003b4cef0da976d843ef4725"",""update_for"":""reified"",""access_mode"":""writable"",""base_data_name"":""exploratory-base"",""reified_data_name"":""exploratory-reified"",""update_canary_sha256"":""41997fb8640d9e765a0272879a63548eb9bd46bbf6e49da02b7c924e506b94f7"",""store_instance_sha256"":""e6d3d236675cf5aefb65ff5897cc6e142b08e2a2be9e4af928e482100bc8e0bd"",""store_discriminator_sha256"":""2e884d94ace185d62b1b91debf493ccd0a69b83d08e74cf5f1c2be4851b14215"",""tool_sha256"":""7b43c2342d7676aa65cc9ee233b2184c9eae88f2663874af7ab1b83282f94ab4"",""java_runtime_sha256"":""6ffd10b28ab050230cdc1137f0bd16155c3a7c587add7fbe921d985fa92879fe"",""run_identity_sha256"":""2ec77e0131ceb18bcadf6caf7811a849b391ac98793ca9ed94014eb9161f6cd4""}"
966642a2961472c5f660f752648dc2693518e858,graphdb,GraphDB (RDF4J) [engines.json profile],100M,L,L3,00,6e68c33e9b346995ea7cedfa79c5123b2290df112a813135a2d0753aa4f34a04,B,base-select,ok,7,7.9,7.9,7.9,7.9,0.0,0,1,3600.0,340,0.0,,,,,0.00613,[7.933],[0.0],,[],,[],,[],r9.2-frozen-identity-v9,dfac415b5a6cbd6bca05218077d4301d6a1fc0d7ceff3e33f6c2c4c2d61d0e66,csv-binding-multiset-v1,7,2fb144573c1dcea3274c40845ca5aeeadd94a50b972bcef6bf90089fd37d5886,,,,,,,,e1e370c3c3e41897f966ee22e8c7c98840f6ecade4ccb1698265b03c62141a2f,2c97fc305990d2aa1e0f09f37216d4d5b1419027440c3151c422415f0c836db8,f3c05af6c7aa3bbf0aae501a61efa32804f36e642d32f61fe21875892b248a8a,8a988dc83f4082a4f27503ba2906dc6b8733b3c02be567635c726c67bbd48314,16162702ccec82b2a0e27063cd04bd756a27af1f003b4cef0da976d843ef4725,reified,writable,exploratory-base,exploratory-reified,41997fb8640d9e765a0272879a63548eb9bd46bbf6e49da02b7c924e506b94f7,e6d3d236675cf5aefb65ff5897cc6e142b08e2a2be9e4af928e482100bc8e0bd,2e884d94ace185d62b1b91debf493ccd0a69b83d08e74cf5f1c2be4851b14215,7b43c2342d7676aa65cc9ee233b2184c9eae88f2663874af7ab1b83282f94ab4,6ffd10b28ab050230cdc1137f0bd16155c3a7c587add7fbe921d985fa92879fe,,,,e2e23584eb78ff52996ca94b21f9cb987a07514d27914feaaaf67c96d9d45ff2,"pcm-meta-v2:{""protocol"":""r9.2-frozen-identity-v9"",""message"":"""",""cell_wall_ms"":14.087,""answer_kind"":""csv-binding-multiset-v1"",""answer_key_count"":7,""answer_fingerprint"":""2fb144573c1dcea3274c40845ca5aeeadd94a50b972bcef6bf90089fd37d5886"",""c_parse_samples"":[0.0],""c_protocol_samples"":[],""construct_total_samples"":[],""construct_unattributed_samples"":[],""status"":""ok"",""status_evidence"":null,""construction_requested"":null,""construction_effective"":null,""commit"":""966642a2961472c5f660f752648dc2693518e858"",""batch_id"":""dfac415b5a6cbd6bca05218077d4301d6a1fc0d7ceff3e33f6c2c4c2d61d0e66"",""query_sha256"":""6e68c33e9b346995ea7cedfa79c5123b2290df112a813135a2d0753aa4f34a04"",""engine"":""graphdb"",""engine_version"":""GraphDB (RDF4J) [engines.json profile]"",""scale"":""100M"",""base_endpoint_sha256"":""e1e370c3c3e41897f966ee22e8c7c98840f6ecade4ccb1698265b03c62141a2f"",""reified_endpoint_sha256"":""2c97fc305990d2aa1e0f09f37216d4d5b1419027440c3151c422415f0c836db8"",""update_endpoint_sha256"":""f3c05af6c7aa3bbf0aae501a61efa32804f36e642d32f61fe21875892b248a8a"",""base_data_identity_sha256"":""8a988dc83f4082a4f27503ba2906dc6b8733b3c02be567635c726c67bbd48314"",""reified_data_identity_sha256"":""16162702ccec82b2a0e27063cd04bd756a27af1f003b4cef0da976d843ef4725"",""update_for"":""reified"",""access_mode"":""writable"",""base_data_name"":""exploratory-base"",""reified_data_name"":""exploratory-reified"",""update_canary_sha256"":""41997fb8640d9e765a0272879a63548eb9bd46bbf6e49da02b7c924e506b94f7"",""store_instance_sha256"":""e6d3d236675cf5aefb65ff5897cc6e142b08e2a2be9e4af928e482100bc8e0bd"",""store_discriminator_sha256"":""2e884d94ace185d62b1b91debf493ccd0a69b83d08e74cf5f1c2be4851b14215"",""tool_sha256"":""7b43c2342d7676aa65cc9ee233b2184c9eae88f2663874af7ab1b83282f94ab4"",""java_runtime_sha256"":""6ffd10b28ab050230cdc1137f0bd16155c3a7c587add7fbe921d985fa92879fe"",""run_identity_sha256"":""e2e23584eb78ff52996ca94b21f9cb987a07514d27914feaaaf67c96d9d45ff2""}"
966642a2961472c5f660f752648dc2693518e858,graphdb,GraphDB (RDF4J) [engines.json profile],100M,L,L3,00,6e68c33e9b346995ea7cedfa79c5123b2290df112a813135a2d0753aa4f34a04,C,SPARQLcirc CircuitRewriter,ok,3,30.4,30.4,30.4,30.4,0.0,0,1,3600.0,5962,0.8,10,21,7,,344.059806,[30.414],[0.782],0.0,[0.0],31.7,[31.669],0.5,[0.473],r9.2-frozen-identity-v9,dfac415b5a6cbd6bca05218077d4301d6a1fc0d7ceff3e33f6c2c4c2d61d0e66,term-aware-candidate-set-v1,3,55d7e052c0b7a39d1722a1585a546fbdf07903f07bbe7450ff41f650eb3b1d61,flat,flat,859ad29edf5220d2f8a344caa1ae953cecb750e89138035deb581c7f755e7ab6,/mnt/nfs/home/ac145595/workspace/rq3-artifacts/circuits/graphdb-100m/6e68c33e9b346995ea7cedfa79c5123b2290df112a813135a2d0753aa4f34a04-859ad29edf5220d2f8a344caa1ae953cecb750e89138035deb581c7f755e7ab6.nt,/mnt/nfs/home/ac145595/workspace/rq3-artifacts/circuits/graphdb-100m/6e68c33e9b346995ea7cedfa79c5123b2290df112a813135a2d0753aa4f34a04-859ad29edf5220d2f8a344caa1ae953cecb750e89138035deb581c7f755e7ab6.json,c64833f0aa1c6ef9aa0043f61f01ea7ad4384125a4a81f845f6f58d67259e448,21c07b498289d4ca3cddc3ef80fcaedcf8c0d7c735f72b635e733957982b6e8f,e1e370c3c3e41897f966ee22e8c7c98840f6ecade4ccb1698265b03c62141a2f,2c97fc305990d2aa1e0f09f37216d4d5b1419027440c3151c422415f0c836db8,f3c05af6c7aa3bbf0aae501a61efa32804f36e642d32f61fe21875892b248a8a,8a988dc83f4082a4f27503ba2906dc6b8733b3c02be567635c726c67bbd48314,16162702ccec82b2a0e27063cd04bd756a27af1f003b4cef0da976d843ef4725,reified,writable,exploratory-base,exploratory-reified,41997fb8640d9e765a0272879a63548eb9bd46bbf6e49da02b7c924e506b94f7,e6d3d236675cf5aefb65ff5897cc6e142b08e2a2be9e4af928e482100bc8e0bd,2e884d94ace185d62b1b91debf493ccd0a69b83d08e74cf5f1c2be4851b14215,7b43c2342d7676aa65cc9ee233b2184c9eae88f2663874af7ab1b83282f94ab4,6ffd10b28ab050230cdc1137f0bd16155c3a7c587add7fbe921d985fa92879fe,,,,e2e23584eb78ff52996ca94b21f9cb987a07514d27914feaaaf67c96d9d45ff2,"pcm-meta-v2:{""protocol"":""r9.2-frozen-identity-v9"",""message"":""C requested=flat effective=flat; steps=1 feedback=0; network includes CONSTRUCT, feedback INSERT, and cleanup DELETE"",""cell_wall_ms"":381.224,""answer_kind"":""term-aware-candidate-set-v1"",""answer_key_count"":3,""answer_fingerprint"":""55d7e052c0b7a39d1722a1585a546fbdf07903f07bbe7450ff41f650eb3b1d61"",""c_parse_samples"":[0.782],""c_protocol_samples"":[{""requested_mode"":""flat"",""effective_mode"":""flat"",""fallback_reason"":null,""plan_steps"":1,""feedback_steps"":0,""feedback_triples"":0,""construct_query_ms"":30.414,""feedback_update_ms"":0.0,""cleanup_ms"":0.0,""client_protocol_ms"":0.0,""network_scope"":""construct+feedback+cleanup"",""circuit_sha256"":""859ad29edf5220d2f8a344caa1ae953cecb750e89138035deb581c7f755e7ab6"",""answer_fingerprint"":""55d7e052c0b7a39d1722a1585a546fbdf07903f07bbe7450ff41f650eb3b1d61"",""semantic_signature_sha256"":""dec0cb9b48d4c8d90bfb3cd426bbca75e760429d8d96a3857c07b90b8c623576"",""structure_signature"":{""gates"":10,""edges"":21,""answers"":3,""derivations"":7,""leaves"":10,""plus"":3,""minus"":0,""nodes"":20,""canonical_bytes"":5962},""construct_total_ms"":31.669,""client_unattributed_ms"":0.473}],""construct_total_samples"":[31.669],""construct_unattributed_samples"":[0.473],""status"":""ok"",""status_evidence"":null,""c_warmup_signatures"":[],""measured_semantic_signature_sha256"":""dec0cb9b48d4c8d90bfb3cd426bbca75e760429d8d96a3857c07b90b8c623576"",""measured_repetitions_consistent"":true,""cache_snapshot_ms"":0.614,""cache_snapshot_scope"":""first-measured-response; deferred until all runs succeeded"",""outside_cell_cache_write_ms"":4.628,""endpoint_lock"":{""wait_ms"":0.008,""lock_path"":""/tmp/sparqlcirc-r9-endpoint-locks-v7/e6d3d236675cf5aefb65ff5897cc6e142b08e2a2be9e4af928e482100bc8e0bd.lock""},""construction_requested"":""flat"",""construction_effective"":""flat"",""circuit_sha256"":""859ad29edf5220d2f8a344caa1ae953cecb750e89138035deb581c7f755e7ab6"",""circuit_triples"":43,""circuit_bytes"":5962,""circuit_path"":""/mnt/nfs/home/ac145595/workspace/rq3-artifacts/circuits/graphdb-100m/6e68c33e9b346995ea7cedfa79c5123b2290df112a813135a2d0753aa4f34a04-859ad29edf5220d2f8a344caa1ae953cecb750e89138035deb581c7f755e7ab6.nt"",""metadata_path"":""/mnt/nfs/home/ac145595/workspace/rq3-artifacts/circuits/graphdb-100m/6e68c33e9b346995ea7cedfa79c5123b2290df112a813135a2d0753aa4f34a04-859ad29edf5220d2f8a344caa1ae953cecb750e89138035deb581c7f755e7ab6.json"",""producer_observation_sha256"":""c64833f0aa1c6ef9aa0043f61f01ea7ad4384125a4a81f845f6f58d67259e448"",""sidecar_sha256"":""21c07b498289d4ca3cddc3ef80fcaedcf8c0d7c735f72b635e733957982b6e8f"",""commit"":""966642a2961472c5f660f752648dc2693518e858"",""batch_id"":""dfac415b5a6cbd6bca05218077d4301d6a1fc0d7ceff3e33f6c2c4c2d61d0e66"",""query_sha256"":""6e68c33e9b346995ea7cedfa79c5123b2290df112a813135a2d0753aa4f34a04"",""engine"":""graphdb"",""engine_version"":""GraphDB (RDF4J) [engines.json profile]"",""scale"":""100M"",""base_endpoint_sha256"":""e1e370c3c3e41897f966ee22e8c7c98840f6ecade4ccb1698265b03c62141a2f"",""reified_endpoint_sha256"":""2c97fc305990d2aa1e0f09f37216d4d5b1419027440c3151c422415f0c836db8"",""update_endpoint_sha256"":""f3c05af6c7aa3bbf0aae501a61efa32804f36e642d32f61fe21875892b248a8a"",""base_data_identity_sha256"":""8a988dc83f4082a4f27503ba2906dc6b8733b3c02be567635c726c67bbd48314"",""reified_data_identity_sha256"":""16162702ccec82b2a0e27063cd04bd756a27af1f003b4cef0da976d843ef4725"",""update_for"":""reified"",""access_mode"":""writable"",""base_data_name"":""exploratory-base"",""reified_data_name"":""exploratory-reified"",""update_canary_sha256"":""41997fb8640d9e765a0272879a63548eb9bd46bbf6e49da02b7c924e506b94f7"",""store_instance_sha256"":""e6d3d236675cf5aefb65ff5897cc6e142b08e2a2be9e4af928e482100bc8e0bd"",""store_discriminator_sha256"":""2e884d94ace185d62b1b91debf493ccd0a69b83d08e74cf5f1c2be4851b14215"",""tool_sha256"":""7b43c2342d7676aa65cc9ee233b2184c9eae88f2663874af7ab1b83282f94ab4"",""java_runtime_sha256"":""6ffd10b28ab050230cdc1137f0bd16155c3a7c587add7fbe921d985fa92879fe"",""run_identity_sha256"":""e2e23584eb78ff52996ca94b21f9cb987a07514d27914feaaaf67c96d9d45ff2""}"
966642a2961472c5f660f752648dc2693518e858,graphdb,GraphDB (RDF4J) [engines.json profile],100M,L,L3,00,6e68c33e9b346995ea7cedfa79c5123b2290df112a813135a2d0753aa4f34a04,N,N_clean (NPCS reimplementation),ok,3,18.0,18.0,18.0,18.0,0.0,0,1,3600.0,445,0.0,,,,7,175.348728,[18.041],[0.0],,[],,[],,[],r9.2-frozen-identity-v9,dfac415b5a6cbd6bca05218077d4301d6a1fc0d7ceff3e33f6c2c4c2d61d0e66,csv-candidate-multiset-v1,3,8aca899e433ded26126c2216a00d24fe8747afaa577e5e21a4db7d3db532d2a0,,,,,,,,e1e370c3c3e41897f966ee22e8c7c98840f6ecade4ccb1698265b03c62141a2f,2c97fc305990d2aa1e0f09f37216d4d5b1419027440c3151c422415f0c836db8,f3c05af6c7aa3bbf0aae501a61efa32804f36e642d32f61fe21875892b248a8a,8a988dc83f4082a4f27503ba2906dc6b8733b3c02be567635c726c67bbd48314,16162702ccec82b2a0e27063cd04bd756a27af1f003b4cef0da976d843ef4725,reified,writable,exploratory-base,exploratory-reified,41997fb8640d9e765a0272879a63548eb9bd46bbf6e49da02b7c924e506b94f7,e6d3d236675cf5aefb65ff5897cc6e142b08e2a2be9e4af928e482100bc8e0bd,2e884d94ace185d62b1b91debf493ccd0a69b83d08e74cf5f1c2be4851b14215,7b43c2342d7676aa65cc9ee233b2184c9eae88f2663874af7ab1b83282f94ab4,6ffd10b28ab050230cdc1137f0bd16155c3a7c587add7fbe921d985fa92879fe,3,0,18,e2e23584eb78ff52996ca94b21f9cb987a07514d27914feaaaf67c96d9d45ff2,"pcm-meta-v2:{""protocol"":""r9.2-frozen-identity-v9"",""message"":"""",""cell_wall_ms"":200.017,""answer_kind"":""csv-candidate-multiset-v1"",""answer_key_count"":3,""answer_fingerprint"":""8aca899e433ded26126c2216a00d24fe8747afaa577e5e21a4db7d3db532d2a0"",""c_parse_samples"":[0.0],""c_protocol_samples"":[],""construct_total_samples"":[],""construct_unattributed_samples"":[],""status"":""ok"",""status_evidence"":null,""construction_requested"":null,""construction_effective"":null,""commit"":""966642a2961472c5f660f752648dc2693518e858"",""batch_id"":""dfac415b5a6cbd6bca05218077d4301d6a1fc0d7ceff3e33f6c2c4c2d61d0e66"",""query_sha256"":""6e68c33e9b346995ea7cedfa79c5123b2290df112a813135a2d0753aa4f34a04"",""engine"":""graphdb"",""engine_version"":""GraphDB (RDF4J) [engines.json profile]"",""scale"":""100M"",""base_endpoint_sha256"":""e1e370c3c3e41897f966ee22e8c7c98840f6ecade4ccb1698265b03c62141a2f"",""reified_endpoint_sha256"":""2c97fc305990d2aa1e0f09f37216d4d5b1419027440c3151c422415f0c836db8"",""update_endpoint_sha256"":""f3c05af6c7aa3bbf0aae501a61efa32804f36e642d32f61fe21875892b248a8a"",""base_data_identity_sha256"":""8a988dc83f4082a4f27503ba2906dc6b8733b3c02be567635c726c67bbd48314"",""reified_data_identity_sha256"":""16162702ccec82b2a0e27063cd04bd756a27af1f003b4cef0da976d843ef4725"",""update_for"":""reified"",""access_mode"":""writable"",""base_data_name"":""exploratory-base"",""reified_data_name"":""exploratory-reified"",""update_canary_sha256"":""41997fb8640d9e765a0272879a63548eb9bd46bbf6e49da02b7c924e506b94f7"",""store_instance_sha256"":""e6d3d236675cf5aefb65ff5897cc6e142b08e2a2be9e4af928e482100bc8e0bd"",""store_discriminator_sha256"":""2e884d94ace185d62b1b91debf493ccd0a69b83d08e74cf5f1c2be4851b14215"",""tool_sha256"":""7b43c2342d7676aa65cc9ee233b2184c9eae88f2663874af7ab1b83282f94ab4"",""java_runtime_sha256"":""6ffd10b28ab050230cdc1137f0bd16155c3a7c587add7fbe921d985fa92879fe"",""run_identity_sha256"":""e2e23584eb78ff52996ca94b21f9cb987a07514d27914feaaaf67c96d9d45ff2""}"
966642a2961472c5f660f752648dc2693518e858,graphdb,GraphDB (RDF4J) [engines.json profile],100M,L,L3,00,6e68c33e9b346995ea7cedfa79c5123b2290df112a813135a2d0753aa4f34a04,R,reification-only,ok,7,10.0,10.0,10.0,10.0,0.0,0,1,3600.0,340,0.0,,,,,138.689553,[10.036],[0.0],,[],,[],,[],r9.2-frozen-identity-v9,dfac415b5a6cbd6bca05218077d4301d6a1fc0d7ceff3e33f6c2c4c2d61d0e66,csv-binding-multiset-v1,7,2fb144573c1dcea3274c40845ca5aeeadd94a50b972bcef6bf90089fd37d5886,,,,,,,,e1e370c3c3e41897f966ee22e8c7c98840f6ecade4ccb1698265b03c62141a2f,2c97fc305990d2aa1e0f09f37216d4d5b1419027440c3151c422415f0c836db8,f3c05af6c7aa3bbf0aae501a61efa32804f36e642d32f61fe21875892b248a8a,8a988dc83f4082a4f27503ba2906dc6b8733b3c02be567635c726c67bbd48314,16162702ccec82b2a0e27063cd04bd756a27af1f003b4cef0da976d843ef4725,reified,writable,exploratory-base,exploratory-reified,41997fb8640d9e765a0272879a63548eb9bd46bbf6e49da02b7c924e506b94f7,e6d3d236675cf5aefb65ff5897cc6e142b08e2a2be9e4af928e482100bc8e0bd,2e884d94ace185d62b1b91debf493ccd0a69b83d08e74cf5f1c2be4851b14215,7b43c2342d7676aa65cc9ee233b2184c9eae88f2663874af7ab1b83282f94ab4,6ffd10b28ab050230cdc1137f0bd16155c3a7c587add7fbe921d985fa92879fe,,,,e2e23584eb78ff52996ca94b21f9cb987a07514d27914feaaaf67c96d9d45ff2,"pcm-meta-v2:{""protocol"":""r9.2-frozen-identity-v9"",""message"":"""",""cell_wall_ms"":155.542,""answer_kind"":""csv-binding-multiset-v1"",""answer_key_count"":7,""answer_fingerprint"":""2fb144573c1dcea3274c40845ca5aeeadd94a50b972bcef6bf90089fd37d5886"",""c_parse_samples"":[0.0],""c_protocol_samples"":[],""construct_total_samples"":[],""construct_unattributed_samples"":[],""status"":""ok"",""status_evidence"":null,""construction_requested"":null,""construction_effective"":null,""commit"":""966642a2961472c5f660f752648dc2693518e858"",""batch_id"":""dfac415b5a6cbd6bca05218077d4301d6a1fc0d7ceff3e33f6c2c4c2d61d0e66"",""query_sha256"":""6e68c33e9b346995ea7cedfa79c5123b2290df112a813135a2d0753aa4f34a04"",""engine"":""graphdb"",""engine_version"":""GraphDB (RDF4J) [engines.json profile]"",""scale"":""100M"",""base_endpoint_sha256"":""e1e370c3c3e41897f966ee22e8c7c98840f6ecade4ccb1698265b03c62141a2f"",""reified_endpoint_sha256"":""2c97fc305990d2aa1e0f09f37216d4d5b1419027440c3151c422415f0c836db8"",""update_endpoint_sha256"":""f3c05af6c7aa3bbf0aae501a61efa32804f36e642d32f61fe21875892b248a8a"",""base_data_identity_sha256"":""8a988dc83f4082a4f27503ba2906dc6b8733b3c02be567635c726c67bbd48314"",""reified_data_identity_sha256"":""16162702ccec82b2a0e27063cd04bd756a27af1f003b4cef0da976d843ef4725"",""update_for"":""reified"",""access_mode"":""writable"",""base_data_name"":""exploratory-base"",""reified_data_name"":""exploratory-reified"",""update_canary_sha256"":""41997fb8640d9e765a0272879a63548eb9bd46bbf6e49da02b7c924e506b94f7"",""store_instance_sha256"":""e6d3d236675cf5aefb65ff5897cc6e142b08e2a2be9e4af928e482100bc8e0bd"",""store_discriminator_sha256"":""2e884d94ace185d62b1b91debf493ccd0a69b83d08e74cf5f1c2be4851b14215"",""tool_sha256"":""7b43c2342d7676aa65cc9ee233b2184c9eae88f2663874af7ab1b83282f94ab4"",""java_runtime_sha256"":""6ffd10b28ab050230cdc1137f0bd16155c3a7c587add7fbe921d985fa92879fe"",""run_identity_sha256"":""e2e23584eb78ff52996ca94b21f9cb987a07514d27914feaaaf67c96d9d45ff2""}"
966642a2961472c5f660f752648dc2693518e858,graphdb,GraphDB (RDF4J) [engines.json profile],100M,L,L4,00,6a5c40f28fc1efcf93f4f8de194ff48179bad43fdcace9ac6f264dd26c62dadf,B,base-select,ok,299,60.9,60.9,60.9,60.9,0.0,0,1,3600.0,51680,0.0,,,,,0.00735,[60.91],[0.0],,[],,[],,[],r9.2-frozen-identity-v9,dfac415b5a6cbd6bca05218077d4301d6a1fc0d7ceff3e33f6c2c4c2d61d0e66,csv-binding-multiset-v1,299,a283bcfcb52437b23457f97b14ee0b3c6cbb41572a24e8b3b6939f36104137d4,,,,,,,,e1e370c3c3e41897f966ee22e8c7c98840f6ecade4ccb1698265b03c62141a2f,2c97fc305990d2aa1e0f09f37216d4d5b1419027440c3151c422415f0c836db8,f3c05af6c7aa3bbf0aae501a61efa32804f36e642d32f61fe21875892b248a8a,8a988dc83f4082a4f27503ba2906dc6b8733b3c02be567635c726c67bbd48314,16162702ccec82b2a0e27063cd04bd756a27af1f003b4cef0da976d843ef4725,reified,writable,exploratory-base,exploratory-reified,41997fb8640d9e765a0272879a63548eb9bd46bbf6e49da02b7c924e506b94f7,e6d3d236675cf5aefb65ff5897cc6e142b08e2a2be9e4af928e482100bc8e0bd,2e884d94ace185d62b1b91debf493ccd0a69b83d08e74cf5f1c2be4851b14215,7b43c2342d7676aa65cc9ee233b2184c9eae88f2663874af7ab1b83282f94ab4,6ffd10b28ab050230cdc1137f0bd16155c3a7c587add7fbe921d985fa92879fe,,,,e6c54af2cd45dda320e8f94f10ecf7630bd2051f64f4a211fe90f2faab9289cf,"pcm-meta-v2:{""protocol"":""r9.2-frozen-identity-v9"",""message"":"""",""cell_wall_ms"":69.394,""answer_kind"":""csv-binding-multiset-v1"",""answer_key_count"":299,""answer_fingerprint"":""a283bcfcb52437b23457f97b14ee0b3c6cbb41572a24e8b3b6939f36104137d4"",""c_parse_samples"":[0.0],""c_protocol_samples"":[],""construct_total_samples"":[],""construct_unattributed_samples"":[],""status"":""ok"",""status_evidence"":null,""construction_requested"":null,""construction_effective"":null,""commit"":""966642a2961472c5f660f752648dc2693518e858"",""batch_id"":""dfac415b5a6cbd6bca05218077d4301d6a1fc0d7ceff3e33f6c2c4c2d61d0e66"",""query_sha256"":""6a5c40f28fc1efcf93f4f8de194ff48179bad43fdcace9ac6f264dd26c62dadf"",""engine"":""graphdb"",""engine_version"":""GraphDB (RDF4J) [engines.json profile]"",""scale"":""100M"",""base_endpoint_sha256"":""e1e370c3c3e41897f966ee22e8c7c98840f6ecade4ccb1698265b03c62141a2f"",""reified_endpoint_sha256"":""2c97fc305990d2aa1e0f09f37216d4d5b1419027440c3151c422415f0c836db8"",""update_endpoint_sha256"":""f3c05af6c7aa3bbf0aae501a61efa32804f36e642d32f61fe21875892b248a8a"",""base_data_identity_sha256"":""8a988dc83f4082a4f27503ba2906dc6b8733b3c02be567635c726c67bbd48314"",""reified_data_identity_sha256"":""16162702ccec82b2a0e27063cd04bd756a27af1f003b4cef0da976d843ef4725"",""update_for"":""reified"",""access_mode"":""writable"",""base_data_name"":""exploratory-base"",""reified_data_name"":""exploratory-reified"",""update_canary_sha256"":""41997fb8640d9e765a0272879a63548eb9bd46bbf6e49da02b7c924e506b94f7"",""store_instance_sha256"":""e6d3d236675cf5aefb65ff5897cc6e142b08e2a2be9e4af928e482100bc8e0bd"",""store_discriminator_sha256"":""2e884d94ace185d62b1b91debf493ccd0a69b83d08e74cf5f1c2be4851b14215"",""tool_sha256"":""7b43c2342d7676aa65cc9ee233b2184c9eae88f2663874af7ab1b83282f94ab4"",""java_runtime_sha256"":""6ffd10b28ab050230cdc1137f0bd16155c3a7c587add7fbe921d985fa92879fe"",""run_identity_sha256"":""e6c54af2cd45dda320e8f94f10ecf7630bd2051f64f4a211fe90f2faab9289cf""}"
966642a2961472c5f660f752648dc2693518e858,graphdb,GraphDB (RDF4J) [engines.json profile],100M,L,L4,00,6a5c40f28fc1efcf93f4f8de194ff48179bad43fdcace9ac6f264dd26c62dadf,C,SPARQLcirc CircuitRewriter,ok,299,1423.6,1423.6,1423.6,1423.6,0.0,0,1,3600.0,567243,48.3,598,897,299,,342.212127,[1423.578],[48.29],0.0,[0.0],1473.0,[1473.03],1.2,[1.163],r9.2-frozen-identity-v9,dfac415b5a6cbd6bca05218077d4301d6a1fc0d7ceff3e33f6c2c4c2d61d0e66,term-aware-candidate-set-v1,299,1c5b68e9c4068381c91795c60d03d29d4308f94771faf059041967bdb4047c6b,flat,flat,6e357be51063612b79512719e90439be040c2ea5516c08c6d1e1ee571c6bbc8c,/mnt/nfs/home/ac145595/workspace/rq3-artifacts/circuits/graphdb-100m/6a5c40f28fc1efcf93f4f8de194ff48179bad43fdcace9ac6f264dd26c62dadf-6e357be51063612b79512719e90439be040c2ea5516c08c6d1e1ee571c6bbc8c.nt,/mnt/nfs/home/ac145595/workspace/rq3-artifacts/circuits/graphdb-100m/6a5c40f28fc1efcf93f4f8de194ff48179bad43fdcace9ac6f264dd26c62dadf-6e357be51063612b79512719e90439be040c2ea5516c08c6d1e1ee571c6bbc8c.json,51f706cf4e70c4fe63c5d7f2740da11a65ec761d4c3494d9811cdb1b764a028e,414b0825e845a54c5054044b494a1f9a353b68531cef54b3aa92b7428565bf44,e1e370c3c3e41897f966ee22e8c7c98840f6ecade4ccb1698265b03c62141a2f,2c97fc305990d2aa1e0f09f37216d4d5b1419027440c3151c422415f0c836db8,f3c05af6c7aa3bbf0aae501a61efa32804f36e642d32f61fe21875892b248a8a,8a988dc83f4082a4f27503ba2906dc6b8733b3c02be567635c726c67bbd48314,16162702ccec82b2a0e27063cd04bd756a27af1f003b4cef0da976d843ef4725,reified,writable,exploratory-base,exploratory-reified,41997fb8640d9e765a0272879a63548eb9bd46bbf6e49da02b7c924e506b94f7,e6d3d236675cf5aefb65ff5897cc6e142b08e2a2be9e4af928e482100bc8e0bd,2e884d94ace185d62b1b91debf493ccd0a69b83d08e74cf5f1c2be4851b14215,7b43c2342d7676aa65cc9ee233b2184c9eae88f2663874af7ab1b83282f94ab4,6ffd10b28ab050230cdc1137f0bd16155c3a7c587add7fbe921d985fa92879fe,,,,e6c54af2cd45dda320e8f94f10ecf7630bd2051f64f4a211fe90f2faab9289cf,"pcm-meta-v2:{""protocol"":""r9.2-frozen-identity-v9"",""message"":""C requested=flat effective=flat; steps=1 feedback=0; network includes CONSTRUCT, feedback INSERT, and cleanup DELETE"",""cell_wall_ms"":1830.617,""answer_kind"":""term-aware-candidate-set-v1"",""answer_key_count"":299,""answer_fingerprint"":""1c5b68e9c4068381c91795c60d03d29d4308f94771faf059041967bdb4047c6b"",""c_parse_samples"":[48.29],""c_protocol_samples"":[{""requested_mode"":""flat"",""effective_mode"":""flat"",""fallback_reason"":null,""plan_steps"":1,""feedback_steps"":0,""feedback_triples"":0,""construct_query_ms"":1423.578,""feedback_update_ms"":0.0,""cleanup_ms"":0.0,""client_protocol_ms"":0.0,""network_scope"":""construct+feedback+cleanup"",""circuit_sha256"":""6e357be51063612b79512719e90439be040c2ea5516c08c6d1e1ee571c6bbc8c"",""answer_fingerprint"":""1c5b68e9c4068381c91795c60d03d29d4308f94771faf059041967bdb4047c6b"",""semantic_signature_sha256"":""919df2bece4edcfe1d892f93632d5900bdf40397eb01b895d40102763c35fafb"",""structure_signature"":{""gates"":598,""edges"":897,""answers"":299,""derivations"":299,""leaves"":598,""plus"":299,""minus"":0,""nodes"":1196,""canonical_bytes"":567243},""construct_total_ms"":1473.03,""client_unattributed_ms"":1.163}],""construct_total_samples"":[1473.03],""construct_unattributed_samples"":[1.163],""status"":""ok"",""status_evidence"":null,""c_warmup_signatures"":[],""measured_semantic_signature_sha256"":""919df2bece4edcfe1d892f93632d5900bdf40397eb01b895d40102763c35fafb"",""measured_repetitions_consistent"":true,""cache_snapshot_ms"":9.571,""cache_snapshot_scope"":""first-measured-response; deferred until all runs succeeded"",""outside_cell_cache_write_ms"":25.571,""endpoint_lock"":{""wait_ms"":0.006,""lock_path"":""/tmp/sparqlcirc-r9-endpoint-locks-v7/e6d3d236675cf5aefb65ff5897cc6e142b08e2a2be9e4af928e482100bc8e0bd.lock""},""construction_requested"":""flat"",""construction_effective"":""flat"",""circuit_sha256"":""6e357be51063612b79512719e90439be040c2ea5516c08c6d1e1ee571c6bbc8c"",""circuit_triples"":3588,""circuit_bytes"":567243,""circuit_path"":""/mnt/nfs/home/ac145595/workspace/rq3-artifacts/circuits/graphdb-100m/6a5c40f28fc1efcf93f4f8de194ff48179bad43fdcace9ac6f264dd26c62dadf-6e357be51063612b79512719e90439be040c2ea5516c08c6d1e1ee571c6bbc8c.nt"",""metadata_path"":""/mnt/nfs/home/ac145595/workspace/rq3-artifacts/circuits/graphdb-100m/6a5c40f28fc1efcf93f4f8de194ff48179bad43fdcace9ac6f264dd26c62dadf-6e357be51063612b79512719e90439be040c2ea5516c08c6d1e1ee571c6bbc8c.json"",""producer_observation_sha256"":""51f706cf4e70c4fe63c5d7f2740da11a65ec761d4c3494d9811cdb1b764a028e"",""sidecar_sha256"":""414b0825e845a54c5054044b494a1f9a353b68531cef54b3aa92b7428565bf44"",""commit"":""966642a2961472c5f660f752648dc2693518e858"",""batch_id"":""dfac415b5a6cbd6bca05218077d4301d6a1fc0d7ceff3e33f6c2c4c2d61d0e66"",""query_sha256"":""6a5c40f28fc1efcf93f4f8de194ff48179bad43fdcace9ac6f264dd26c62dadf"",""engine"":""graphdb"",""engine_version"":""GraphDB (RDF4J) [engines.json profile]"",""scale"":""100M"",""base_endpoint_sha256"":""e1e370c3c3e41897f966ee22e8c7c98840f6ecade4ccb1698265b03c62141a2f"",""reified_endpoint_sha256"":""2c97fc305990d2aa1e0f09f37216d4d5b1419027440c3151c422415f0c836db8"",""update_endpoint_sha256"":""f3c05af6c7aa3bbf0aae501a61efa32804f36e642d32f61fe21875892b248a8a"",""base_data_identity_sha256"":""8a988dc83f4082a4f27503ba2906dc6b8733b3c02be567635c726c67bbd48314"",""reified_data_identity_sha256"":""16162702ccec82b2a0e27063cd04bd756a27af1f003b4cef0da976d843ef4725"",""update_for"":""reified"",""access_mode"":""writable"",""base_data_name"":""exploratory-base"",""reified_data_name"":""exploratory-reified"",""update_canary_sha256"":""41997fb8640d9e765a0272879a63548eb9bd46bbf6e49da02b7c924e506b94f7"",""store_instance_sha256"":""e6d3d236675cf5aefb65ff5897cc6e142b08e2a2be9e4af928e482100bc8e0bd"",""store_discriminator_sha256"":""2e884d94ace185d62b1b91debf493ccd0a69b83d08e74cf5f1c2be4851b14215"",""tool_sha256"":""7b43c2342d7676aa65cc9ee233b2184c9eae88f2663874af7ab1b83282f94ab4"",""java_runtime_sha256"":""6ffd10b28ab050230cdc1137f0bd16155c3a7c587add7fbe921d985fa92879fe"",""run_identity_sha256"":""e6c54af2cd45dda320e8f94f10ecf7630bd2051f64f4a211fe90f2faab9289cf""}"
966642a2961472c5f660f752648dc2693518e858,graphdb,GraphDB (RDF4J) [engines.json profile],100M,L,L4,00,6a5c40f28fc1efcf93f4f8de194ff48179bad43fdcace9ac6f264dd26c62dadf,N,N_clean (NPCS reimplementation),ok,299,442.3,442.3,442.3,442.3,0.0,0,1,3600.0,64111,0.0,,,,299,172.707777,[442.279],[0.0],,[],,[],,[],r9.2-frozen-identity-v9,dfac415b5a6cbd6bca05218077d4301d6a1fc0d7ceff3e33f6c2c4c2d61d0e66,csv-candidate-multiset-v1,299,a283bcfcb52437b23457f97b14ee0b3c6cbb41572a24e8b3b6939f36104137d4,,,,,,,,e1e370c3c3e41897f966ee22e8c7c98840f6ecade4ccb1698265b03c62141a2f,2c97fc305990d2aa1e0f09f37216d4d5b1419027440c3151c422415f0c836db8,f3c05af6c7aa3bbf0aae501a61efa32804f36e642d32f61fe21875892b248a8a,8a988dc83f4082a4f27503ba2906dc6b8733b3c02be567635c726c67bbd48314,16162702ccec82b2a0e27063cd04bd756a27af1f003b4cef0da976d843ef4725,reified,writable,exploratory-base,exploratory-reified,41997fb8640d9e765a0272879a63548eb9bd46bbf6e49da02b7c924e506b94f7,e6d3d236675cf5aefb65ff5897cc6e142b08e2a2be9e4af928e482100bc8e0bd,2e884d94ace185d62b1b91debf493ccd0a69b83d08e74cf5f1c2be4851b14215,7b43c2342d7676aa65cc9ee233b2184c9eae88f2663874af7ab1b83282f94ab4,6ffd10b28ab050230cdc1137f0bd16155c3a7c587add7fbe921d985fa92879fe,299,0,598,e6c54af2cd45dda320e8f94f10ecf7630bd2051f64f4a211fe90f2faab9289cf,"pcm-meta-v2:{""protocol"":""r9.2-frozen-identity-v9"",""message"":"""",""cell_wall_ms"":626.3,""answer_kind"":""csv-candidate-multiset-v1"",""answer_key_count"":299,""answer_fingerprint"":""a283bcfcb52437b23457f97b14ee0b3c6cbb41572a24e8b3b6939f36104137d4"",""c_parse_samples"":[0.0],""c_protocol_samples"":[],""construct_total_samples"":[],""construct_unattributed_samples"":[],""status"":""ok"",""status_evidence"":null,""construction_requested"":null,""construction_effective"":null,""commit"":""966642a2961472c5f660f752648dc2693518e858"",""batch_id"":""dfac415b5a6cbd6bca05218077d4301d6a1fc0d7ceff3e33f6c2c4c2d61d0e66"",""query_sha256"":""6a5c40f28fc1efcf93f4f8de194ff48179bad43fdcace9ac6f264dd26c62dadf"",""engine"":""graphdb"",""engine_version"":""GraphDB (RDF4J) [engines.json profile]"",""scale"":""100M"",""base_endpoint_sha256"":""e1e370c3c3e41897f966ee22e8c7c98840f6ecade4ccb1698265b03c62141a2f"",""reified_endpoint_sha256"":""2c97fc305990d2aa1e0f09f37216d4d5b1419027440c3151c422415f0c836db8"",""update_endpoint_sha256"":""f3c05af6c7aa3bbf0aae501a61efa32804f36e642d32f61fe21875892b248a8a"",""base_data_identity_sha256"":""8a988dc83f4082a4f27503ba2906dc6b8733b3c02be567635c726c67bbd48314"",""reified_data_identity_sha256"":""16162702ccec82b2a0e27063cd04bd756a27af1f003b4cef0da976d843ef4725"",""update_for"":""reified"",""access_mode"":""writable"",""base_data_name"":""exploratory-base"",""reified_data_name"":""exploratory-reified"",""update_canary_sha256"":""41997fb8640d9e765a0272879a63548eb9bd46bbf6e49da02b7c924e506b94f7"",""store_instance_sha256"":""e6d3d236675cf5aefb65ff5897cc6e142b08e2a2be9e4af928e482100bc8e0bd"",""store_discriminator_sha256"":""2e884d94ace185d62b1b91debf493ccd0a69b83d08e74cf5f1c2be4851b14215"",""tool_sha256"":""7b43c2342d7676aa65cc9ee233b2184c9eae88f2663874af7ab1b83282f94ab4"",""java_runtime_sha256"":""6ffd10b28ab050230cdc1137f0bd16155c3a7c587add7fbe921d985fa92879fe"",""run_identity_sha256"":""e6c54af2cd45dda320e8f94f10ecf7630bd2051f64f4a211fe90f2faab9289cf""}"
966642a2961472c5f660f752648dc2693518e858,graphdb,GraphDB (RDF4J) [engines.json profile],100M,L,L4,00,6a5c40f28fc1efcf93f4f8de194ff48179bad43fdcace9ac6f264dd26c62dadf,R,reification-only,ok,299,124.8,124.8,124.8,124.8,0.0,0,1,3600.0,51680,0.0,,,,,129.98291,[124.761],[0.0],,[],,[],,[],r9.2-frozen-identity-v9,dfac415b5a6cbd6bca05218077d4301d6a1fc0d7ceff3e33f6c2c4c2d61d0e66,csv-binding-multiset-v1,299,a283bcfcb52437b23457f97b14ee0b3c6cbb41572a24e8b3b6939f36104137d4,,,,,,,,e1e370c3c3e41897f966ee22e8c7c98840f6ecade4ccb1698265b03c62141a2f,2c97fc305990d2aa1e0f09f37216d4d5b1419027440c3151c422415f0c836db8,f3c05af6c7aa3bbf0aae501a61efa32804f36e642d32f61fe21875892b248a8a,8a988dc83f4082a4f27503ba2906dc6b8733b3c02be567635c726c67bbd48314,16162702ccec82b2a0e27063cd04bd756a27af1f003b4cef0da976d843ef4725,reified,writable,exploratory-base,exploratory-reified,41997fb8640d9e765a0272879a63548eb9bd46bbf6e49da02b7c924e506b94f7,e6d3d236675cf5aefb65ff5897cc6e142b08e2a2be9e4af928e482100bc8e0bd,2e884d94ace185d62b1b91debf493ccd0a69b83d08e74cf5f1c2be4851b14215,7b43c2342d7676aa65cc9ee233b2184c9eae88f2663874af7ab1b83282f94ab4,6ffd10b28ab050230cdc1137f0bd16155c3a7c587add7fbe921d985fa92879fe,,,,e6c54af2cd45dda320e8f94f10ecf7630bd2051f64f4a211fe90f2faab9289cf,"pcm-meta-v2:{""protocol"":""r9.2-frozen-identity-v9"",""message"":"""",""cell_wall_ms"":264.285,""answer_kind"":""csv-binding-multiset-v1"",""answer_key_count"":299,""answer_fingerprint"":""a283bcfcb52437b23457f97b14ee0b3c6cbb41572a24e8b3b6939f36104137d4"",""c_parse_samples"":[0.0],""c_protocol_samples"":[],""construct_total_samples"":[],""construct_unattributed_samples"":[],""status"":""ok"",""status_evidence"":null,""construction_requested"":null,""construction_effective"":null,""commit"":""966642a2961472c5f660f752648dc2693518e858"",""batch_id"":""dfac415b5a6cbd6bca05218077d4301d6a1fc0d7ceff3e33f6c2c4c2d61d0e66"",""query_sha256"":""6a5c40f28fc1efcf93f4f8de194ff48179bad43fdcace9ac6f264dd26c62dadf"",""engine"":""graphdb"",""engine_version"":""GraphDB (RDF4J) [engines.json profile]"",""scale"":""100M"",""base_endpoint_sha256"":""e1e370c3c3e41897f966ee22e8c7c98840f6ecade4ccb1698265b03c62141a2f"",""reified_endpoint_sha256"":""2c97fc305990d2aa1e0f09f37216d4d5b1419027440c3151c422415f0c836db8"",""update_endpoint_sha256"":""f3c05af6c7aa3bbf0aae501a61efa32804f36e642d32f61fe21875892b248a8a"",""base_data_identity_sha256"":""8a988dc83f4082a4f27503ba2906dc6b8733b3c02be567635c726c67bbd48314"",""reified_data_identity_sha256"":""16162702ccec82b2a0e27063cd04bd756a27af1f003b4cef0da976d843ef4725"",""update_for"":""reified"",""access_mode"":""writable"",""base_data_name"":""exploratory-base"",""reified_data_name"":""exploratory-reified"",""update_canary_sha256"":""41997fb8640d9e765a0272879a63548eb9bd46bbf6e49da02b7c924e506b94f7"",""store_instance_sha256"":""e6d3d236675cf5aefb65ff5897cc6e142b08e2a2be9e4af928e482100bc8e0bd"",""store_discriminator_sha256"":""2e884d94ace185d62b1b91debf493ccd0a69b83d08e74cf5f1c2be4851b14215"",""tool_sha256"":""7b43c2342d7676aa65cc9ee233b2184c9eae88f2663874af7ab1b83282f94ab4"",""java_runtime_sha256"":""6ffd10b28ab050230cdc1137f0bd16155c3a7c587add7fbe921d985fa92879fe"",""run_identity_sha256"":""e6c54af2cd45dda320e8f94f10ecf7630bd2051f64f4a211fe90f2faab9289cf""}"
966642a2961472c5f660f752648dc2693518e858,graphdb,GraphDB (RDF4J) [engines.json profile],100M,L,L5,00,2e23cd396e2dd8542fcd6dc9541c69d45cb250a36faed0467b475b4adcca3ac6,B,base-select,ok,1310,279.8,279.8,279.8,279.8,0.0,0,1,3600.0,284419,0.0,,,,,0.0084,[279.77],[0.0],,[],,[],,[],r9.2-frozen-identity-v9,dfac415b5a6cbd6bca05218077d4301d6a1fc0d7ceff3e33f6c2c4c2d61d0e66,csv-binding-multiset-v1,1310,1d64250cdd7646ce9477b3645e763b168b7990ec166886a3c74313e13d2f36db,,,,,,,,e1e370c3c3e41897f966ee22e8c7c98840f6ecade4ccb1698265b03c62141a2f,2c97fc305990d2aa1e0f09f37216d4d5b1419027440c3151c422415f0c836db8,f3c05af6c7aa3bbf0aae501a61efa32804f36e642d32f61fe21875892b248a8a,8a988dc83f4082a4f27503ba2906dc6b8733b3c02be567635c726c67bbd48314,16162702ccec82b2a0e27063cd04bd756a27af1f003b4cef0da976d843ef4725,reified,writable,exploratory-base,exploratory-reified,41997fb8640d9e765a0272879a63548eb9bd46bbf6e49da02b7c924e506b94f7,e6d3d236675cf5aefb65ff5897cc6e142b08e2a2be9e4af928e482100bc8e0bd,2e884d94ace185d62b1b91debf493ccd0a69b83d08e74cf5f1c2be4851b14215,7b43c2342d7676aa65cc9ee233b2184c9eae88f2663874af7ab1b83282f94ab4,6ffd10b28ab050230cdc1137f0bd16155c3a7c587add7fbe921d985fa92879fe,,,,e34d45d052ec9ef2e6cfee06144e204b8de2d5d2e9cd2f32eaeb100c41c1cb36,"pcm-meta-v2:{""protocol"":""r9.2-frozen-identity-v9"",""message"":"""",""cell_wall_ms"":299.503,""answer_kind"":""csv-binding-multiset-v1"",""answer_key_count"":1310,""answer_fingerprint"":""1d64250cdd7646ce9477b3645e763b168b7990ec166886a3c74313e13d2f36db"",""c_parse_samples"":[0.0],""c_protocol_samples"":[],""construct_total_samples"":[],""construct_unattributed_samples"":[],""status"":""ok"",""status_evidence"":null,""construction_requested"":null,""construction_effective"":null,""commit"":""966642a2961472c5f660f752648dc2693518e858"",""batch_id"":""dfac415b5a6cbd6bca05218077d4301d6a1fc0d7ceff3e33f6c2c4c2d61d0e66"",""query_sha256"":""2e23cd396e2dd8542fcd6dc9541c69d45cb250a36faed0467b475b4adcca3ac6"",""engine"":""graphdb"",""engine_version"":""GraphDB (RDF4J) [engines.json profile]"",""scale"":""100M"",""base_endpoint_sha256"":""e1e370c3c3e41897f966ee22e8c7c98840f6ecade4ccb1698265b03c62141a2f"",""reified_endpoint_sha256"":""2c97fc305990d2aa1e0f09f37216d4d5b1419027440c3151c422415f0c836db8"",""update_endpoint_sha256"":""f3c05af6c7aa3bbf0aae501a61efa32804f36e642d32f61fe21875892b248a8a"",""base_data_identity_sha256"":""8a988dc83f4082a4f27503ba2906dc6b8733b3c02be567635c726c67bbd48314"",""reified_data_identity_sha256"":""16162702ccec82b2a0e27063cd04bd756a27af1f003b4cef0da976d843ef4725"",""update_for"":""reified"",""access_mode"":""writable"",""base_data_name"":""exploratory-base"",""reified_data_name"":""exploratory-reified"",""update_canary_sha256"":""41997fb8640d9e765a0272879a63548eb9bd46bbf6e49da02b7c924e506b94f7"",""store_instance_sha256"":""e6d3d236675cf5aefb65ff5897cc6e142b08e2a2be9e4af928e482100bc8e0bd"",""store_discriminator_sha256"":""2e884d94ace185d62b1b91debf493ccd0a69b83d08e74cf5f1c2be4851b14215"",""tool_sha256"":""7b43c2342d7676aa65cc9ee233b2184c9eae88f2663874af7ab1b83282f94ab4"",""java_runtime_sha256"":""6ffd10b28ab050230cdc1137f0bd16155c3a7c587add7fbe921d985fa92879fe"",""run_identity_sha256"":""e34d45d052ec9ef2e6cfee06144e204b8de2d5d2e9cd2f32eaeb100c41c1cb36""}"
966642a2961472c5f660f752648dc2693518e858,graphdb,GraphDB (RDF4J) [engines.json profile],100M,L,L5,00,2e23cd396e2dd8542fcd6dc9541c69d45cb250a36faed0467b475b4adcca3ac6,C,SPARQLcirc CircuitRewriter,ok,1310,57117.0,57117.0,57117.0,57117.0,0.0,0,1,3600.0,3241514,281.4,2620,5240,1310,,348.462862,[57116.966],[281.447],0.0,[0.0],57405.7,[57405.686],7.3,[7.273],r9.2-frozen-identity-v9,dfac415b5a6cbd6bca05218077d4301d6a1fc0d7ceff3e33f6c2c4c2d61d0e66,term-aware-candidate-set-v1,1310,1ccae83939bdc398566e55ba52921d9776aafbeed8a4d68cc884d033346093f3,flat,flat,dcf33bc6b3e2ced5a674f23acdb5fc780d986686832dc3f8544270361c999646,/mnt/nfs/home/ac145595/workspace/rq3-artifacts/circuits/graphdb-100m/2e23cd396e2dd8542fcd6dc9541c69d45cb250a36faed0467b475b4adcca3ac6-dcf33bc6b3e2ced5a674f23acdb5fc780d986686832dc3f8544270361c999646.nt,/mnt/nfs/home/ac145595/workspace/rq3-artifacts/circuits/graphdb-100m/2e23cd396e2dd8542fcd6dc9541c69d45cb250a36faed0467b475b4adcca3ac6-dcf33bc6b3e2ced5a674f23acdb5fc780d986686832dc3f8544270361c999646.json,674cf88f530b8fbce3f17e7d631926e1aaeb20d1f8392672141cb5be5f39dc65,50c0c5ed534012bd13828b608b5bb1c29575f592bdbdfa0324184e3dc0bf5fdc,e1e370c3c3e41897f966ee22e8c7c98840f6ecade4ccb1698265b03c62141a2f,2c97fc305990d2aa1e0f09f37216d4d5b1419027440c3151c422415f0c836db8,f3c05af6c7aa3bbf0aae501a61efa32804f36e642d32f61fe21875892b248a8a,8a988dc83f4082a4f27503ba2906dc6b8733b3c02be567635c726c67bbd48314,16162702ccec82b2a0e27063cd04bd756a27af1f003b4cef0da976d843ef4725,reified,writable,exploratory-base,exploratory-reified,41997fb8640d9e765a0272879a63548eb9bd46bbf6e49da02b7c924e506b94f7,e6d3d236675cf5aefb65ff5897cc6e142b08e2a2be9e4af928e482100bc8e0bd,2e884d94ace185d62b1b91debf493ccd0a69b83d08e74cf5f1c2be4851b14215,7b43c2342d7676aa65cc9ee233b2184c9eae88f2663874af7ab1b83282f94ab4,6ffd10b28ab050230cdc1137f0bd16155c3a7c587add7fbe921d985fa92879fe,,,,e34d45d052ec9ef2e6cfee06144e204b8de2d5d2e9cd2f32eaeb100c41c1cb36,"pcm-meta-v2:{""protocol"":""r9.2-frozen-identity-v9"",""message"":""C requested=flat effective=flat; steps=1 feedback=0; network includes CONSTRUCT, feedback INSERT, and cleanup DELETE"",""cell_wall_ms"":57819.175,""answer_kind"":""term-aware-candidate-set-v1"",""answer_key_count"":1310,""answer_fingerprint"":""1ccae83939bdc398566e55ba52921d9776aafbeed8a4d68cc884d033346093f3"",""c_parse_samples"":[281.447],""c_protocol_samples"":[{""requested_mode"":""flat"",""effective_mode"":""flat"",""fallback_reason"":null,""plan_steps"":1,""feedback_steps"":0,""feedback_triples"":0,""construct_query_ms"":57116.966,""feedback_update_ms"":0.0,""cleanup_ms"":0.0,""client_protocol_ms"":0.0,""network_scope"":""construct+feedback+cleanup"",""circuit_sha256"":""dcf33bc6b3e2ced5a674f23acdb5fc780d986686832dc3f8544270361c999646"",""answer_fingerprint"":""1ccae83939bdc398566e55ba52921d9776aafbeed8a4d68cc884d033346093f3"",""semantic_signature_sha256"":""d30d07dfce0734e1c37d5f2dc26890bc4bcef25130aaf0fbfabce0951f06e470"",""structure_signature"":{""gates"":2620,""edges"":5240,""answers"":1310,""derivations"":1310,""leaves"":2621,""plus"":1310,""minus"":0,""nodes"":5241,""canonical_bytes"":3241514},""construct_total_ms"":57405.686,""client_unattributed_ms"":7.273}],""construct_total_samples"":[57405.686],""construct_unattributed_samples"":[7.273],""status"":""ok"",""status_evidence"":null,""c_warmup_signatures"":[],""measured_semantic_signature_sha256"":""d30d07dfce0734e1c37d5f2dc26890bc4bcef25130aaf0fbfabce0951f06e470"",""measured_repetitions_consistent"":true,""cache_snapshot_ms"":55.389,""cache_snapshot_scope"":""first-measured-response; deferred until all runs succeeded"",""outside_cell_cache_write_ms"":140.25,""endpoint_lock"":{""wait_ms"":0.009,""lock_path"":""/tmp/sparqlcirc-r9-endpoint-locks-v7/e6d3d236675cf5aefb65ff5897cc6e142b08e2a2be9e4af928e482100bc8e0bd.lock""},""construction_requested"":""flat"",""construction_effective"":""flat"",""circuit_sha256"":""dcf33bc6b3e2ced5a674f23acdb5fc780d986686832dc3f8544270361c999646"",""circuit_triples"":20960,""circuit_bytes"":3241514,""circuit_path"":""/mnt/nfs/home/ac145595/workspace/rq3-artifacts/circuits/graphdb-100m/2e23cd396e2dd8542fcd6dc9541c69d45cb250a36faed0467b475b4adcca3ac6-dcf33bc6b3e2ced5a674f23acdb5fc780d986686832dc3f8544270361c999646.nt"",""metadata_path"":""/mnt/nfs/home/ac145595/workspace/rq3-artifacts/circuits/graphdb-100m/2e23cd396e2dd8542fcd6dc9541c69d45cb250a36faed0467b475b4adcca3ac6-dcf33bc6b3e2ced5a674f23acdb5fc780d986686832dc3f8544270361c999646.json"",""producer_observation_sha256"":""674cf88f530b8fbce3f17e7d631926e1aaeb20d1f8392672141cb5be5f39dc65"",""sidecar_sha256"":""50c0c5ed534012bd13828b608b5bb1c29575f592bdbdfa0324184e3dc0bf5fdc"",""commit"":""966642a2961472c5f660f752648dc2693518e858"",""batch_id"":""dfac415b5a6cbd6bca05218077d4301d6a1fc0d7ceff3e33f6c2c4c2d61d0e66"",""query_sha256"":""2e23cd396e2dd8542fcd6dc9541c69d45cb250a36faed0467b475b4adcca3ac6"",""engine"":""graphdb"",""engine_version"":""GraphDB (RDF4J) [engines.json profile]"",""scale"":""100M"",""base_endpoint_sha256"":""e1e370c3c3e41897f966ee22e8c7c98840f6ecade4ccb1698265b03c62141a2f"",""reified_endpoint_sha256"":""2c97fc305990d2aa1e0f09f37216d4d5b1419027440c3151c422415f0c836db8"",""update_endpoint_sha256"":""f3c05af6c7aa3bbf0aae501a61efa32804f36e642d32f61fe21875892b248a8a"",""base_data_identity_sha256"":""8a988dc83f4082a4f27503ba2906dc6b8733b3c02be567635c726c67bbd48314"",""reified_data_identity_sha256"":""16162702ccec82b2a0e27063cd04bd756a27af1f003b4cef0da976d843ef4725"",""update_for"":""reified"",""access_mode"":""writable"",""base_data_name"":""exploratory-base"",""reified_data_name"":""exploratory-reified"",""update_canary_sha256"":""41997fb8640d9e765a0272879a63548eb9bd46bbf6e49da02b7c924e506b94f7"",""store_instance_sha256"":""e6d3d236675cf5aefb65ff5897cc6e142b08e2a2be9e4af928e482100bc8e0bd"",""store_discriminator_sha256"":""2e884d94ace185d62b1b91debf493ccd0a69b83d08e74cf5f1c2be4851b14215"",""tool_sha256"":""7b43c2342d7676aa65cc9ee233b2184c9eae88f2663874af7ab1b83282f94ab4"",""java_runtime_sha256"":""6ffd10b28ab050230cdc1137f0bd16155c3a7c587add7fbe921d985fa92879fe"",""run_identity_sha256"":""e34d45d052ec9ef2e6cfee06144e204b8de2d5d2e9cd2f32eaeb100c41c1cb36""}"
966642a2961472c5f660f752648dc2693518e858,graphdb,GraphDB (RDF4J) [engines.json profile],100M,L,L5,00,2e23cd396e2dd8542fcd6dc9541c69d45cb250a36faed0467b475b4adcca3ac6,N,N_clean (NPCS reimplementation),ok,1310,14950.8,14950.8,14950.8,14950.8,0.0,0,1,3600.0,351549,0.0,,,,1310,177.866066,[14950.807],[0.0],,[],,[],,[],r9.2-frozen-identity-v9,dfac415b5a6cbd6bca05218077d4301d6a1fc0d7ceff3e33f6c2c4c2d61d0e66,csv-candidate-multiset-v1,1310,1d64250cdd7646ce9477b3645e763b168b7990ec166886a3c74313e13d2f36db,,,,,,,,e1e370c3c3e41897f966ee22e8c7c98840f6ecade4ccb1698265b03c62141a2f,2c97fc305990d2aa1e0f09f37216d4d5b1419027440c3151c422415f0c836db8,f3c05af6c7aa3bbf0aae501a61efa32804f36e642d32f61fe21875892b248a8a,8a988dc83f4082a4f27503ba2906dc6b8733b3c02be567635c726c67bbd48314,16162702ccec82b2a0e27063cd04bd756a27af1f003b4cef0da976d843ef4725,reified,writable,exploratory-base,exploratory-reified,41997fb8640d9e765a0272879a63548eb9bd46bbf6e49da02b7c924e506b94f7,e6d3d236675cf5aefb65ff5897cc6e142b08e2a2be9e4af928e482100bc8e0bd,2e884d94ace185d62b1b91debf493ccd0a69b83d08e74cf5f1c2be4851b14215,7b43c2342d7676aa65cc9ee233b2184c9eae88f2663874af7ab1b83282f94ab4,6ffd10b28ab050230cdc1137f0bd16155c3a7c587add7fbe921d985fa92879fe,1310,0,3930,e34d45d052ec9ef2e6cfee06144e204b8de2d5d2e9cd2f32eaeb100c41c1cb36,"pcm-meta-v2:{""protocol"":""r9.2-frozen-identity-v9"",""message"":"""",""cell_wall_ms"":15162.299,""answer_kind"":""csv-candidate-multiset-v1"",""answer_key_count"":1310,""answer_fingerprint"":""1d64250cdd7646ce9477b3645e763b168b7990ec166886a3c74313e13d2f36db"",""c_parse_samples"":[0.0],""c_protocol_samples"":[],""construct_total_samples"":[],""construct_unattributed_samples"":[],""status"":""ok"",""status_evidence"":null,""construction_requested"":null,""construction_effective"":null,""commit"":""966642a2961472c5f660f752648dc2693518e858"",""batch_id"":""dfac415b5a6cbd6bca05218077d4301d6a1fc0d7ceff3e33f6c2c4c2d61d0e66"",""query_sha256"":""2e23cd396e2dd8542fcd6dc9541c69d45cb250a36faed0467b475b4adcca3ac6"",""engine"":""graphdb"",""engine_version"":""GraphDB (RDF4J) [engines.json profile]"",""scale"":""100M"",""base_endpoint_sha256"":""e1e370c3c3e41897f966ee22e8c7c98840f6ecade4ccb1698265b03c62141a2f"",""reified_endpoint_sha256"":""2c97fc305990d2aa1e0f09f37216d4d5b1419027440c3151c422415f0c836db8"",""update_endpoint_sha256"":""f3c05af6c7aa3bbf0aae501a61efa32804f36e642d32f61fe21875892b248a8a"",""base_data_identity_sha256"":""8a988dc83f4082a4f27503ba2906dc6b8733b3c02be567635c726c67bbd48314"",""reified_data_identity_sha256"":""16162702ccec82b2a0e27063cd04bd756a27af1f003b4cef0da976d843ef4725"",""update_for"":""reified"",""access_mode"":""writable"",""base_data_name"":""exploratory-base"",""reified_data_name"":""exploratory-reified"",""update_canary_sha256"":""41997fb8640d9e765a0272879a63548eb9bd46bbf6e49da02b7c924e506b94f7"",""store_instance_sha256"":""e6d3d236675cf5aefb65ff5897cc6e142b08e2a2be9e4af928e482100bc8e0bd"",""store_discriminator_sha256"":""2e884d94ace185d62b1b91debf493ccd0a69b83d08e74cf5f1c2be4851b14215"",""tool_sha256"":""7b43c2342d7676aa65cc9ee233b2184c9eae88f2663874af7ab1b83282f94ab4"",""java_runtime_sha256"":""6ffd10b28ab050230cdc1137f0bd16155c3a7c587add7fbe921d985fa92879fe"",""run_identity_sha256"":""e34d45d052ec9ef2e6cfee06144e204b8de2d5d2e9cd2f32eaeb100c41c1cb36""}"
966642a2961472c5f660f752648dc2693518e858,graphdb,GraphDB (RDF4J) [engines.json profile],100M,L,L5,00,2e23cd396e2dd8542fcd6dc9541c69d45cb250a36faed0467b475b4adcca3ac6,R,reification-only,ok,1310,2999.1,2999.1,2999.1,2999.1,0.0,0,1,3600.0,284419,0.0,,,,,129.764937,[2999.145],[0.0],,[],,[],,[],r9.2-frozen-identity-v9,dfac415b5a6cbd6bca05218077d4301d6a1fc0d7ceff3e33f6c2c4c2d61d0e66,csv-binding-multiset-v1,1310,1d64250cdd7646ce9477b3645e763b168b7990ec166886a3c74313e13d2f36db,,,,,,,,e1e370c3c3e41897f966ee22e8c7c98840f6ecade4ccb1698265b03c62141a2f,2c97fc305990d2aa1e0f09f37216d4d5b1419027440c3151c422415f0c836db8,f3c05af6c7aa3bbf0aae501a61efa32804f36e642d32f61fe21875892b248a8a,8a988dc83f4082a4f27503ba2906dc6b8733b3c02be567635c726c67bbd48314,16162702ccec82b2a0e27063cd04bd756a27af1f003b4cef0da976d843ef4725,reified,writable,exploratory-base,exploratory-reified,41997fb8640d9e765a0272879a63548eb9bd46bbf6e49da02b7c924e506b94f7,e6d3d236675cf5aefb65ff5897cc6e142b08e2a2be9e4af928e482100bc8e0bd,2e884d94ace185d62b1b91debf493ccd0a69b83d08e74cf5f1c2be4851b14215,7b43c2342d7676aa65cc9ee233b2184c9eae88f2663874af7ab1b83282f94ab4,6ffd10b28ab050230cdc1137f0bd16155c3a7c587add7fbe921d985fa92879fe,,,,e34d45d052ec9ef2e6cfee06144e204b8de2d5d2e9cd2f32eaeb100c41c1cb36,"pcm-meta-v2:{""protocol"":""r9.2-frozen-identity-v9"",""message"":"""",""cell_wall_ms"":3148.833,""answer_kind"":""csv-binding-multiset-v1"",""answer_key_count"":1310,""answer_fingerprint"":""1d64250cdd7646ce9477b3645e763b168b7990ec166886a3c74313e13d2f36db"",""c_parse_samples"":[0.0],""c_protocol_samples"":[],""construct_total_samples"":[],""construct_unattributed_samples"":[],""status"":""ok"",""status_evidence"":null,""construction_requested"":null,""construction_effective"":null,""commit"":""966642a2961472c5f660f752648dc2693518e858"",""batch_id"":""dfac415b5a6cbd6bca05218077d4301d6a1fc0d7ceff3e33f6c2c4c2d61d0e66"",""query_sha256"":""2e23cd396e2dd8542fcd6dc9541c69d45cb250a36faed0467b475b4adcca3ac6"",""engine"":""graphdb"",""engine_version"":""GraphDB (RDF4J) [engines.json profile]"",""scale"":""100M"",""base_endpoint_sha256"":""e1e370c3c3e41897f966ee22e8c7c98840f6ecade4ccb1698265b03c62141a2f"",""reified_endpoint_sha256"":""2c97fc305990d2aa1e0f09f37216d4d5b1419027440c3151c422415f0c836db8"",""update_endpoint_sha256"":""f3c05af6c7aa3bbf0aae501a61efa32804f36e642d32f61fe21875892b248a8a"",""base_data_identity_sha256"":""8a988dc83f4082a4f27503ba2906dc6b8733b3c02be567635c726c67bbd48314"",""reified_data_identity_sha256"":""16162702ccec82b2a0e27063cd04bd756a27af1f003b4cef0da976d843ef4725"",""update_for"":""reified"",""access_mode"":""writable"",""base_data_name"":""exploratory-base"",""reified_data_name"":""exploratory-reified"",""update_canary_sha256"":""41997fb8640d9e765a0272879a63548eb9bd46bbf6e49da02b7c924e506b94f7"",""store_instance_sha256"":""e6d3d236675cf5aefb65ff5897cc6e142b08e2a2be9e4af928e482100bc8e0bd"",""store_discriminator_sha256"":""2e884d94ace185d62b1b91debf493ccd0a69b83d08e74cf5f1c2be4851b14215"",""tool_sha256"":""7b43c2342d7676aa65cc9ee233b2184c9eae88f2663874af7ab1b83282f94ab4"",""java_runtime_sha256"":""6ffd10b28ab050230cdc1137f0bd16155c3a7c587add7fbe921d985fa92879fe"",""run_identity_sha256"":""e34d45d052ec9ef2e6cfee06144e204b8de2d5d2e9cd2f32eaeb100c41c1cb36""}"
966642a2961472c5f660f752648dc2693518e858,graphdb,GraphDB (RDF4J) [engines.json profile],100M,M,M1,00,31cc3cc2a162131c645d8c00efac8198f154624658dbdf08952fdf2aa2fcc40f,B,base-select,ok,1113720,9924.7,9924.7,9924.7,9924.7,0.0,0,1,3600.0,107355309,0.0,,,,,0.00733,[9924.68],[0.0],,[],,[],,[],r9.2-frozen-identity-v9,dfac415b5a6cbd6bca05218077d4301d6a1fc0d7ceff3e33f6c2c4c2d61d0e66,csv-binding-multiset-v1,1113720,9a1a2189caa43ed743e2835d1882dc5bd940421a947fbdb4eafbb21b456609f2,,,,,,,,e1e370c3c3e41897f966ee22e8c7c98840f6ecade4ccb1698265b03c62141a2f,2c97fc305990d2aa1e0f09f37216d4d5b1419027440c3151c422415f0c836db8,f3c05af6c7aa3bbf0aae501a61efa32804f36e642d32f61fe21875892b248a8a,8a988dc83f4082a4f27503ba2906dc6b8733b3c02be567635c726c67bbd48314,16162702ccec82b2a0e27063cd04bd756a27af1f003b4cef0da976d843ef4725,reified,writable,exploratory-base,exploratory-reified,41997fb8640d9e765a0272879a63548eb9bd46bbf6e49da02b7c924e506b94f7,e6d3d236675cf5aefb65ff5897cc6e142b08e2a2be9e4af928e482100bc8e0bd,2e884d94ace185d62b1b91debf493ccd0a69b83d08e74cf5f1c2be4851b14215,7b43c2342d7676aa65cc9ee233b2184c9eae88f2663874af7ab1b83282f94ab4,6ffd10b28ab050230cdc1137f0bd16155c3a7c587add7fbe921d985fa92879fe,,,,3d30f8e5912d789eaef0e59200eba4a5e0c95f96e2387d409a088eee2307ab2e,"pcm-meta-v2:{""protocol"":""r9.2-frozen-identity-v9"",""message"":"""",""cell_wall_ms"":18490.361,""answer_kind"":""csv-binding-multiset-v1"",""answer_key_count"":1113720,""answer_fingerprint"":""9a1a2189caa43ed743e2835d1882dc5bd940421a947fbdb4eafbb21b456609f2"",""c_parse_samples"":[0.0],""c_protocol_samples"":[],""construct_total_samples"":[],""construct_unattributed_samples"":[],""status"":""ok"",""status_evidence"":null,""construction_requested"":null,""construction_effective"":null,""commit"":""966642a2961472c5f660f752648dc2693518e858"",""batch_id"":""dfac415b5a6cbd6bca05218077d4301d6a1fc0d7ceff3e33f6c2c4c2d61d0e66"",""query_sha256"":""31cc3cc2a162131c645d8c00efac8198f154624658dbdf08952fdf2aa2fcc40f"",""engine"":""graphdb"",""engine_version"":""GraphDB (RDF4J) [engines.json profile]"",""scale"":""100M"",""base_endpoint_sha256"":""e1e370c3c3e41897f966ee22e8c7c98840f6ecade4ccb1698265b03c62141a2f"",""reified_endpoint_sha256"":""2c97fc305990d2aa1e0f09f37216d4d5b1419027440c3151c422415f0c836db8"",""update_endpoint_sha256"":""f3c05af6c7aa3bbf0aae501a61efa32804f36e642d32f61fe21875892b248a8a"",""base_data_identity_sha256"":""8a988dc83f4082a4f27503ba2906dc6b8733b3c02be567635c726c67bbd48314"",""reified_data_identity_sha256"":""16162702ccec82b2a0e27063cd04bd756a27af1f003b4cef0da976d843ef4725"",""update_for"":""reified"",""access_mode"":""writable"",""base_data_name"":""exploratory-base"",""reified_data_name"":""exploratory-reified"",""update_canary_sha256"":""41997fb8640d9e765a0272879a63548eb9bd46bbf6e49da02b7c924e506b94f7"",""store_instance_sha256"":""e6d3d236675cf5aefb65ff5897cc6e142b08e2a2be9e4af928e482100bc8e0bd"",""store_discriminator_sha256"":""2e884d94ace185d62b1b91debf493ccd0a69b83d08e74cf5f1c2be4851b14215"",""tool_sha256"":""7b43c2342d7676aa65cc9ee233b2184c9eae88f2663874af7ab1b83282f94ab4"",""java_runtime_sha256"":""6ffd10b28ab050230cdc1137f0bd16155c3a7c587add7fbe921d985fa92879fe"",""run_identity_sha256"":""3d30f8e5912d789eaef0e59200eba4a5e0c95f96e2387d409a088eee2307ab2e""}"
966642a2961472c5f660f752648dc2693518e858,graphdb,GraphDB (RDF4J) [engines.json profile],100M,M,M1,00,31cc3cc2a162131c645d8c00efac8198f154624658dbdf08952fdf2aa2fcc40f,C,SPARQLcirc CircuitRewriter,timeout,,,,,,,0,1,3600.0,,,,,,,378.251691,[],[],,[],,[],,[],r9.2-frozen-identity-v9,dfac415b5a6cbd6bca05218077d4301d6a1fc0d7ceff3e33f6c2c4c2d61d0e66,,,,,,,,,,,e1e370c3c3e41897f966ee22e8c7c98840f6ecade4ccb1698265b03c62141a2f,2c97fc305990d2aa1e0f09f37216d4d5b1419027440c3151c422415f0c836db8,f3c05af6c7aa3bbf0aae501a61efa32804f36e642d32f61fe21875892b248a8a,8a988dc83f4082a4f27503ba2906dc6b8733b3c02be567635c726c67bbd48314,16162702ccec82b2a0e27063cd04bd756a27af1f003b4cef0da976d843ef4725,reified,writable,exploratory-base,exploratory-reified,41997fb8640d9e765a0272879a63548eb9bd46bbf6e49da02b7c924e506b94f7,e6d3d236675cf5aefb65ff5897cc6e142b08e2a2be9e4af928e482100bc8e0bd,2e884d94ace185d62b1b91debf493ccd0a69b83d08e74cf5f1c2be4851b14215,7b43c2342d7676aa65cc9ee233b2184c9eae88f2663874af7ab1b83282f94ab4,6ffd10b28ab050230cdc1137f0bd16155c3a7c587add7fbe921d985fa92879fe,,,,3d30f8e5912d789eaef0e59200eba4a5e0c95f96e2387d409a088eee2307ab2e,"pcm-meta-v2:{""protocol"":""r9.2-frozen-identity-v9"",""message"":""whole cell exceeded 3600s hard deadline; worker reaped"",""cell_wall_ms"":3600000.0,""c_parse_samples"":[],""c_protocol_samples"":[],""construct_total_samples"":[],""construct_unattributed_samples"":[],""status"":""timeout"",""status_evidence"":{""kind"":""hard-wall-deadline"",""message"":""whole cell exceeded 3600s hard deadline; worker reaped""},""endpoint_lock"":{""wait_ms"":0.006,""lock_path"":""/tmp/sparqlcirc-r9-endpoint-locks-v7/e6d3d236675cf5aefb65ff5897cc6e142b08e2a2be9e4af928e482100bc8e0bd.lock""},""construction_requested"":null,""construction_effective"":null,""commit"":""966642a2961472c5f660f752648dc2693518e858"",""batch_id"":""dfac415b5a6cbd6bca05218077d4301d6a1fc0d7ceff3e33f6c2c4c2d61d0e66"",""query_sha256"":""31cc3cc2a162131c645d8c00efac8198f154624658dbdf08952fdf2aa2fcc40f"",""engine"":""graphdb"",""engine_version"":""GraphDB (RDF4J) [engines.json profile]"",""scale"":""100M"",""base_endpoint_sha256"":""e1e370c3c3e41897f966ee22e8c7c98840f6ecade4ccb1698265b03c62141a2f"",""reified_endpoint_sha256"":""2c97fc305990d2aa1e0f09f37216d4d5b1419027440c3151c422415f0c836db8"",""update_endpoint_sha256"":""f3c05af6c7aa3bbf0aae501a61efa32804f36e642d32f61fe21875892b248a8a"",""base_data_identity_sha256"":""8a988dc83f4082a4f27503ba2906dc6b8733b3c02be567635c726c67bbd48314"",""reified_data_identity_sha256"":""16162702ccec82b2a0e27063cd04bd756a27af1f003b4cef0da976d843ef4725"",""update_for"":""reified"",""access_mode"":""writable"",""base_data_name"":""exploratory-base"",""reified_data_name"":""exploratory-reified"",""update_canary_sha256"":""41997fb8640d9e765a0272879a63548eb9bd46bbf6e49da02b7c924e506b94f7"",""store_instance_sha256"":""e6d3d236675cf5aefb65ff5897cc6e142b08e2a2be9e4af928e482100bc8e0bd"",""store_discriminator_sha256"":""2e884d94ace185d62b1b91debf493ccd0a69b83d08e74cf5f1c2be4851b14215"",""tool_sha256"":""7b43c2342d7676aa65cc9ee233b2184c9eae88f2663874af7ab1b83282f94ab4"",""java_runtime_sha256"":""6ffd10b28ab050230cdc1137f0bd16155c3a7c587add7fbe921d985fa92879fe"",""run_identity_sha256"":""3d30f8e5912d789eaef0e59200eba4a5e0c95f96e2387d409a088eee2307ab2e""}"
966642a2961472c5f660f752648dc2693518e858,graphdb,GraphDB (RDF4J) [engines.json profile],100M,M,M1,00,31cc3cc2a162131c645d8c00efac8198f154624658dbdf08952fdf2aa2fcc40f,N,N_clean (NPCS reimplementation),ok,1119055,89316.2,89316.2,89316.2,89316.2,0.0,0,1,3600.0,152996167,0.0,,,,1125917,191.257679,[89316.246],[0.0],,[],,[],,[],r9.2-frozen-identity-v9,dfac415b5a6cbd6bca05218077d4301d6a1fc0d7ceff3e33f6c2c4c2d61d0e66,csv-candidate-multiset-v1,1119055,8e4295537bcbdf470fab2e89acc3e3ca942d69b74986cf10da14fa86faeb71c5,,,,,,,,e1e370c3c3e41897f966ee22e8c7c98840f6ecade4ccb1698265b03c62141a2f,2c97fc305990d2aa1e0f09f37216d4d5b1419027440c3151c422415f0c836db8,f3c05af6c7aa3bbf0aae501a61efa32804f36e642d32f61fe21875892b248a8a,8a988dc83f4082a4f27503ba2906dc6b8733b3c02be567635c726c67bbd48314,16162702ccec82b2a0e27063cd04bd756a27af1f003b4cef0da976d843ef4725,reified,writable,exploratory-base,exploratory-reified,41997fb8640d9e765a0272879a63548eb9bd46bbf6e49da02b7c924e506b94f7,e6d3d236675cf5aefb65ff5897cc6e142b08e2a2be9e4af928e482100bc8e0bd,2e884d94ace185d62b1b91debf493ccd0a69b83d08e74cf5f1c2be4851b14215,7b43c2342d7676aa65cc9ee233b2184c9eae88f2663874af7ab1b83282f94ab4,6ffd10b28ab050230cdc1137f0bd16155c3a7c587add7fbe921d985fa92879fe,2243445,1119055,1134306,3d30f8e5912d789eaef0e59200eba4a5e0c95f96e2387d409a088eee2307ab2e,"pcm-meta-v2:{""protocol"":""r9.2-frozen-identity-v9"",""message"":"""",""cell_wall_ms"":108148.112,""answer_kind"":""csv-candidate-multiset-v1"",""answer_key_count"":1119055,""answer_fingerprint"":""8e4295537bcbdf470fab2e89acc3e3ca942d69b74986cf10da14fa86faeb71c5"",""c_parse_samples"":[0.0],""c_protocol_samples"":[],""construct_total_samples"":[],""construct_unattributed_samples"":[],""status"":""ok"",""status_evidence"":null,""construction_requested"":null,""construction_effective"":null,""commit"":""966642a2961472c5f660f752648dc2693518e858"",""batch_id"":""dfac415b5a6cbd6bca05218077d4301d6a1fc0d7ceff3e33f6c2c4c2d61d0e66"",""query_sha256"":""31cc3cc2a162131c645d8c00efac8198f154624658dbdf08952fdf2aa2fcc40f"",""engine"":""graphdb"",""engine_version"":""GraphDB (RDF4J) [engines.json profile]"",""scale"":""100M"",""base_endpoint_sha256"":""e1e370c3c3e41897f966ee22e8c7c98840f6ecade4ccb1698265b03c62141a2f"",""reified_endpoint_sha256"":""2c97fc305990d2aa1e0f09f37216d4d5b1419027440c3151c422415f0c836db8"",""update_endpoint_sha256"":""f3c05af6c7aa3bbf0aae501a61efa32804f36e642d32f61fe21875892b248a8a"",""base_data_identity_sha256"":""8a988dc83f4082a4f27503ba2906dc6b8733b3c02be567635c726c67bbd48314"",""reified_data_identity_sha256"":""16162702ccec82b2a0e27063cd04bd756a27af1f003b4cef0da976d843ef4725"",""update_for"":""reified"",""access_mode"":""writable"",""base_data_name"":""exploratory-base"",""reified_data_name"":""exploratory-reified"",""update_canary_sha256"":""41997fb8640d9e765a0272879a63548eb9bd46bbf6e49da02b7c924e506b94f7"",""store_instance_sha256"":""e6d3d236675cf5aefb65ff5897cc6e142b08e2a2be9e4af928e482100bc8e0bd"",""store_discriminator_sha256"":""2e884d94ace185d62b1b91debf493ccd0a69b83d08e74cf5f1c2be4851b14215"",""tool_sha256"":""7b43c2342d7676aa65cc9ee233b2184c9eae88f2663874af7ab1b83282f94ab4"",""java_runtime_sha256"":""6ffd10b28ab050230cdc1137f0bd16155c3a7c587add7fbe921d985fa92879fe"",""run_identity_sha256"":""3d30f8e5912d789eaef0e59200eba4a5e0c95f96e2387d409a088eee2307ab2e""}"
966642a2961472c5f660f752648dc2693518e858,graphdb,GraphDB (RDF4J) [engines.json profile],100M,M,M1,00,31cc3cc2a162131c645d8c00efac8198f154624658dbdf08952fdf2aa2fcc40f,R,reification-only,ok,1113720,25422.0,25422.0,25422.0,25422.0,0.0,0,1,3600.0,107355309,0.0,,,,,155.093621,[25421.956],[0.0],,[],,[],,[],r9.2-frozen-identity-v9,dfac415b5a6cbd6bca05218077d4301d6a1fc0d7ceff3e33f6c2c4c2d61d0e66,csv-binding-multiset-v1,1113720,9a1a2189caa43ed743e2835d1882dc5bd940421a947fbdb4eafbb21b456609f2,,,,,,,,e1e370c3c3e41897f966ee22e8c7c98840f6ecade4ccb1698265b03c62141a2f,2c97fc305990d2aa1e0f09f37216d4d5b1419027440c3151c422415f0c836db8,f3c05af6c7aa3bbf0aae501a61efa32804f36e642d32f61fe21875892b248a8a,8a988dc83f4082a4f27503ba2906dc6b8733b3c02be567635c726c67bbd48314,16162702ccec82b2a0e27063cd04bd756a27af1f003b4cef0da976d843ef4725,reified,writable,exploratory-base,exploratory-reified,41997fb8640d9e765a0272879a63548eb9bd46bbf6e49da02b7c924e506b94f7,e6d3d236675cf5aefb65ff5897cc6e142b08e2a2be9e4af928e482100bc8e0bd,2e884d94ace185d62b1b91debf493ccd0a69b83d08e74cf5f1c2be4851b14215,7b43c2342d7676aa65cc9ee233b2184c9eae88f2663874af7ab1b83282f94ab4,6ffd10b28ab050230cdc1137f0bd16155c3a7c587add7fbe921d985fa92879fe,,,,3d30f8e5912d789eaef0e59200eba4a5e0c95f96e2387d409a088eee2307ab2e,"pcm-meta-v2:{""protocol"":""r9.2-frozen-identity-v9"",""message"":"""",""cell_wall_ms"":32941.919,""answer_kind"":""csv-binding-multiset-v1"",""answer_key_count"":1113720,""answer_fingerprint"":""9a1a2189caa43ed743e2835d1882dc5bd940421a947fbdb4eafbb21b456609f2"",""c_parse_samples"":[0.0],""c_protocol_samples"":[],""construct_total_samples"":[],""construct_unattributed_samples"":[],""status"":""ok"",""status_evidence"":null,""construction_requested"":null,""construction_effective"":null,""commit"":""966642a2961472c5f660f752648dc2693518e858"",""batch_id"":""dfac415b5a6cbd6bca05218077d4301d6a1fc0d7ceff3e33f6c2c4c2d61d0e66"",""query_sha256"":""31cc3cc2a162131c645d8c00efac8198f154624658dbdf08952fdf2aa2fcc40f"",""engine"":""graphdb"",""engine_version"":""GraphDB (RDF4J) [engines.json profile]"",""scale"":""100M"",""base_endpoint_sha256"":""e1e370c3c3e41897f966ee22e8c7c98840f6ecade4ccb1698265b03c62141a2f"",""reified_endpoint_sha256"":""2c97fc305990d2aa1e0f09f37216d4d5b1419027440c3151c422415f0c836db8"",""update_endpoint_sha256"":""f3c05af6c7aa3bbf0aae501a61efa32804f36e642d32f61fe21875892b248a8a"",""base_data_identity_sha256"":""8a988dc83f4082a4f27503ba2906dc6b8733b3c02be567635c726c67bbd48314"",""reified_data_identity_sha256"":""16162702ccec82b2a0e27063cd04bd756a27af1f003b4cef0da976d843ef4725"",""update_for"":""reified"",""access_mode"":""writable"",""base_data_name"":""exploratory-base"",""reified_data_name"":""exploratory-reified"",""update_canary_sha256"":""41997fb8640d9e765a0272879a63548eb9bd46bbf6e49da02b7c924e506b94f7"",""store_instance_sha256"":""e6d3d236675cf5aefb65ff5897cc6e142b08e2a2be9e4af928e482100bc8e0bd"",""store_discriminator_sha256"":""2e884d94ace185d62b1b91debf493ccd0a69b83d08e74cf5f1c2be4851b14215"",""tool_sha256"":""7b43c2342d7676aa65cc9ee233b2184c9eae88f2663874af7ab1b83282f94ab4"",""java_runtime_sha256"":""6ffd10b28ab050230cdc1137f0bd16155c3a7c587add7fbe921d985fa92879fe"",""run_identity_sha256"":""3d30f8e5912d789eaef0e59200eba4a5e0c95f96e2387d409a088eee2307ab2e""}"
966642a2961472c5f660f752648dc2693518e858,graphdb,GraphDB (RDF4J) [engines.json profile],100M,M,M2,00,57dabb9eb81d64dbc3cc422093691dfbcd45c8bc0072a0480b32c507db250930,B,base-select,timeout,,,,,,,0,1,3600.0,,,,,,,0.188863,[],[],,[],,[],,[],r9.2-frozen-identity-v9,dfac415b5a6cbd6bca05218077d4301d6a1fc0d7ceff3e33f6c2c4c2d61d0e66,,,,,,,,,,,e1e370c3c3e41897f966ee22e8c7c98840f6ecade4ccb1698265b03c62141a2f,2c97fc305990d2aa1e0f09f37216d4d5b1419027440c3151c422415f0c836db8,f3c05af6c7aa3bbf0aae501a61efa32804f36e642d32f61fe21875892b248a8a,8a988dc83f4082a4f27503ba2906dc6b8733b3c02be567635c726c67bbd48314,16162702ccec82b2a0e27063cd04bd756a27af1f003b4cef0da976d843ef4725,reified,writable,exploratory-base,exploratory-reified,41997fb8640d9e765a0272879a63548eb9bd46bbf6e49da02b7c924e506b94f7,e6d3d236675cf5aefb65ff5897cc6e142b08e2a2be9e4af928e482100bc8e0bd,2e884d94ace185d62b1b91debf493ccd0a69b83d08e74cf5f1c2be4851b14215,7b43c2342d7676aa65cc9ee233b2184c9eae88f2663874af7ab1b83282f94ab4,6ffd10b28ab050230cdc1137f0bd16155c3a7c587add7fbe921d985fa92879fe,,,,e256da14fe00d03dc8c9f289edb97a91c8cff3a4d38e267fb5690598f54b404d,"pcm-meta-v2:{""protocol"":""r9.2-frozen-identity-v9"",""message"":""whole cell exceeded 3600s hard deadline; worker reaped"",""cell_wall_ms"":3600000.0,""c_parse_samples"":[],""c_protocol_samples"":[],""construct_total_samples"":[],""construct_unattributed_samples"":[],""status"":""timeout"",""status_evidence"":{""kind"":""hard-wall-deadline"",""message"":""whole cell exceeded 3600s hard deadline; worker reaped""},""construction_requested"":null,""construction_effective"":null,""commit"":""966642a2961472c5f660f752648dc2693518e858"",""batch_id"":""dfac415b5a6cbd6bca05218077d4301d6a1fc0d7ceff3e33f6c2c4c2d61d0e66"",""query_sha256"":""57dabb9eb81d64dbc3cc422093691dfbcd45c8bc0072a0480b32c507db250930"",""engine"":""graphdb"",""engine_version"":""GraphDB (RDF4J) [engines.json profile]"",""scale"":""100M"",""base_endpoint_sha256"":""e1e370c3c3e41897f966ee22e8c7c98840f6ecade4ccb1698265b03c62141a2f"",""reified_endpoint_sha256"":""2c97fc305990d2aa1e0f09f37216d4d5b1419027440c3151c422415f0c836db8"",""update_endpoint_sha256"":""f3c05af6c7aa3bbf0aae501a61efa32804f36e642d32f61fe21875892b248a8a"",""base_data_identity_sha256"":""8a988dc83f4082a4f27503ba2906dc6b8733b3c02be567635c726c67bbd48314"",""reified_data_identity_sha256"":""16162702ccec82b2a0e27063cd04bd756a27af1f003b4cef0da976d843ef4725"",""update_for"":""reified"",""access_mode"":""writable"",""base_data_name"":""exploratory-base"",""reified_data_name"":""exploratory-reified"",""update_canary_sha256"":""41997fb8640d9e765a0272879a63548eb9bd46bbf6e49da02b7c924e506b94f7"",""store_instance_sha256"":""e6d3d236675cf5aefb65ff5897cc6e142b08e2a2be9e4af928e482100bc8e0bd"",""store_discriminator_sha256"":""2e884d94ace185d62b1b91debf493ccd0a69b83d08e74cf5f1c2be4851b14215"",""tool_sha256"":""7b43c2342d7676aa65cc9ee233b2184c9eae88f2663874af7ab1b83282f94ab4"",""java_runtime_sha256"":""6ffd10b28ab050230cdc1137f0bd16155c3a7c587add7fbe921d985fa92879fe"",""run_identity_sha256"":""e256da14fe00d03dc8c9f289edb97a91c8cff3a4d38e267fb5690598f54b404d""}"
966642a2961472c5f660f752648dc2693518e858,graphdb,GraphDB (RDF4J) [engines.json profile],100M,M,M2,00,57dabb9eb81d64dbc3cc422093691dfbcd45c8bc0072a0480b32c507db250930,C,SPARQLcirc CircuitRewriter,ok,1499014,827442.3,827442.3,827442.3,827442.3,0.0,0,1,3600.0,4843098850,754834.3,9733180,8404204,2618069,,413.269578,[827442.298],[754834.309],0.0,[0.0],1639842.6,[1639842.572],57566.0,[57565.965],r9.2-frozen-identity-v9,dfac415b5a6cbd6bca05218077d4301d6a1fc0d7ceff3e33f6c2c4c2d61d0e66,term-aware-candidate-set-v1,1499014,5455599daeb90069767eff2a1968362e1ee56f7e1f27539e57cb913b53471cb3,flat,flat,8520397401e380d7251a5b413ddbb1d6ef1e660b09408ac971622548e7fc88b8,/mnt/nfs/home/ac145595/workspace/rq3-artifacts/circuits/graphdb-100m/57dabb9eb81d64dbc3cc422093691dfbcd45c8bc0072a0480b32c507db250930-8520397401e380d7251a5b413ddbb1d6ef1e660b09408ac971622548e7fc88b8.nt,/mnt/nfs/home/ac145595/workspace/rq3-artifacts/circuits/graphdb-100m/57dabb9eb81d64dbc3cc422093691dfbcd45c8bc0072a0480b32c507db250930-8520397401e380d7251a5b413ddbb1d6ef1e660b09408ac971622548e7fc88b8.json,f89ca0175608dd7e20e2ac0ecc7c4acb008e7f67a010fc2418811137498907f6,cfb19cb1e9e087263cffcd39c4b6bb7c9f91f1640d7ab18ea7c6608a68966faa,e1e370c3c3e41897f966ee22e8c7c98840f6ecade4ccb1698265b03c62141a2f,2c97fc305990d2aa1e0f09f37216d4d5b1419027440c3151c422415f0c836db8,f3c05af6c7aa3bbf0aae501a61efa32804f36e642d32f61fe21875892b248a8a,8a988dc83f4082a4f27503ba2906dc6b8733b3c02be567635c726c67bbd48314,16162702ccec82b2a0e27063cd04bd756a27af1f003b4cef0da976d843ef4725,reified,writable,exploratory-base,exploratory-reified,41997fb8640d9e765a0272879a63548eb9bd46bbf6e49da02b7c924e506b94f7,e6d3d236675cf5aefb65ff5897cc6e142b08e2a2be9e4af928e482100bc8e0bd,2e884d94ace185d62b1b91debf493ccd0a69b83d08e74cf5f1c2be4851b14215,7b43c2342d7676aa65cc9ee233b2184c9eae88f2663874af7ab1b83282f94ab4,6ffd10b28ab050230cdc1137f0bd16155c3a7c587add7fbe921d985fa92879fe,,,,e256da14fe00d03dc8c9f289edb97a91c8cff3a4d38e267fb5690598f54b404d,"pcm-meta-v2:{""protocol"":""r9.2-frozen-identity-v9"",""message"":""C requested=flat effective=flat; steps=4 feedback=0; network includes CONSTRUCT, feedback INSERT, and cleanup DELETE"",""cell_wall_ms"":1789010.845,""answer_kind"":""term-aware-candidate-set-v1"",""answer_key_count"":1499014,""answer_fingerprint"":""5455599daeb90069767eff2a1968362e1ee56f7e1f27539e57cb913b53471cb3"",""c_parse_samples"":[754834.309],""c_protocol_samples"":[{""requested_mode"":""flat"",""effective_mode"":""flat"",""fallback_reason"":null,""plan_steps"":4,""feedback_steps"":0,""feedback_triples"":0,""construct_query_ms"":827442.298,""feedback_update_ms"":0.0,""cleanup_ms"":0.0,""client_protocol_ms"":0.0,""network_scope"":""construct+feedback+cleanup"",""circuit_sha256"":""8520397401e380d7251a5b413ddbb1d6ef1e660b09408ac971622548e7fc88b8"",""answer_fingerprint"":""5455599daeb90069767eff2a1968362e1ee56f7e1f27539e57cb913b53471cb3"",""semantic_signature_sha256"":""95b59a5bf9b51f842f7adfd41f2b2c1f8ef16904c530ebfc2747395d8a5c9902"",""structure_signature"":{""gates"":9733180,""edges"":8404204,""answers"":1499014,""derivations"":2618069,""leaves"":2618069,""plus"":5616097,""minus"":1499014,""nodes"":12351249,""canonical_bytes"":4843098850},""construct_total_ms"":1639842.572,""client_unattributed_ms"":57565.965}],""construct_total_samples"":[1639842.572],""construct_unattributed_samples"":[57565.965],""status"":""ok"",""status_evidence"":null,""c_warmup_signatures"":[],""measured_semantic_signature_sha256"":""95b59a5bf9b51f842f7adfd41f2b2c1f8ef16904c530ebfc2747395d8a5c9902"",""measured_repetitions_consistent"":true,""cache_snapshot_ms"":141542.713,""cache_snapshot_scope"":""first-measured-response; deferred until all runs succeeded"",""outside_cell_cache_write_ms"":318840.331,""endpoint_lock"":{""wait_ms"":0.374,""lock_path"":""/tmp/sparqlcirc-r9-endpoint-locks-v7/e6d3d236675cf5aefb65ff5897cc6e142b08e2a2be9e4af928e482100bc8e0bd.lock""},""construction_requested"":""flat"",""construction_effective"":""flat"",""circuit_sha256"":""8520397401e380d7251a5b413ddbb1d6ef1e660b09408ac971622548e7fc88b8"",""circuit_triples"":31628510,""circuit_bytes"":4843098850,""circuit_path"":""/mnt/nfs/home/ac145595/workspace/rq3-artifacts/circuits/graphdb-100m/57dabb9eb81d64dbc3cc422093691dfbcd45c8bc0072a0480b32c507db250930-8520397401e380d7251a5b413ddbb1d6ef1e660b09408ac971622548e7fc88b8.nt"",""metadata_path"":""/mnt/nfs/home/ac145595/workspace/rq3-artifacts/circuits/graphdb-100m/57dabb9eb81d64dbc3cc422093691dfbcd45c8bc0072a0480b32c507db250930-8520397401e380d7251a5b413ddbb1d6ef1e660b09408ac971622548e7fc88b8.json"",""producer_observation_sha256"":""f89ca0175608dd7e20e2ac0ecc7c4acb008e7f67a010fc2418811137498907f6"",""sidecar_sha256"":""cfb19cb1e9e087263cffcd39c4b6bb7c9f91f1640d7ab18ea7c6608a68966faa"",""commit"":""966642a2961472c5f660f752648dc2693518e858"",""batch_id"":""dfac415b5a6cbd6bca05218077d4301d6a1fc0d7ceff3e33f6c2c4c2d61d0e66"",""query_sha256"":""57dabb9eb81d64dbc3cc422093691dfbcd45c8bc0072a0480b32c507db250930"",""engine"":""graphdb"",""engine_version"":""GraphDB (RDF4J) [engines.json profile]"",""scale"":""100M"",""base_endpoint_sha256"":""e1e370c3c3e41897f966ee22e8c7c98840f6ecade4ccb1698265b03c62141a2f"",""reified_endpoint_sha256"":""2c97fc305990d2aa1e0f09f37216d4d5b1419027440c3151c422415f0c836db8"",""update_endpoint_sha256"":""f3c05af6c7aa3bbf0aae501a61efa32804f36e642d32f61fe21875892b248a8a"",""base_data_identity_sha256"":""8a988dc83f4082a4f27503ba2906dc6b8733b3c02be567635c726c67bbd48314"",""reified_data_identity_sha256"":""16162702ccec82b2a0e27063cd04bd756a27af1f003b4cef0da976d843ef4725"",""update_for"":""reified"",""access_mode"":""writable"",""base_data_name"":""exploratory-base"",""reified_data_name"":""exploratory-reified"",""update_canary_sha256"":""41997fb8640d9e765a0272879a63548eb9bd46bbf6e49da02b7c924e506b94f7"",""store_instance_sha256"":""e6d3d236675cf5aefb65ff5897cc6e142b08e2a2be9e4af928e482100bc8e0bd"",""store_discriminator_sha256"":""2e884d94ace185d62b1b91debf493ccd0a69b83d08e74cf5f1c2be4851b14215"",""tool_sha256"":""7b43c2342d7676aa65cc9ee233b2184c9eae88f2663874af7ab1b83282f94ab4"",""java_runtime_sha256"":""6ffd10b28ab050230cdc1137f0bd16155c3a7c587add7fbe921d985fa92879fe"",""run_identity_sha256"":""e256da14fe00d03dc8c9f289edb97a91c8cff3a4d38e267fb5690598f54b404d""}"
966642a2961472c5f660f752648dc2693518e858,graphdb,GraphDB (RDF4J) [engines.json profile],100M,M,M2,00,57dabb9eb81d64dbc3cc422093691dfbcd45c8bc0072a0480b32c507db250930,N,N_clean (NPCS reimplementation),ok,1499014,72403.7,72403.7,72403.7,72403.7,0.0,0,1,3600.0,241662481,0.0,,,,3168066,245.743533,[72403.746],[0.0],,[],,[],,[],r9.2-frozen-identity-v9,dfac415b5a6cbd6bca05218077d4301d6a1fc0d7ceff3e33f6c2c4c2d61d0e66,csv-candidate-multiset-v1,1499014,e9c8636e24fcb235fcb1e10f0d913badd77d159e7364f43a49ab93655bbb4eb6,,,,,,,,e1e370c3c3e41897f966ee22e8c7c98840f6ecade4ccb1698265b03c62141a2f,2c97fc305990d2aa1e0f09f37216d4d5b1419027440c3151c422415f0c836db8,f3c05af6c7aa3bbf0aae501a61efa32804f36e642d32f61fe21875892b248a8a,8a988dc83f4082a4f27503ba2906dc6b8733b3c02be567635c726c67bbd48314,16162702ccec82b2a0e27063cd04bd756a27af1f003b4cef0da976d843ef4725,reified,writable,exploratory-base,exploratory-reified,41997fb8640d9e765a0272879a63548eb9bd46bbf6e49da02b7c924e506b94f7,e6d3d236675cf5aefb65ff5897cc6e142b08e2a2be9e4af928e482100bc8e0bd,2e884d94ace185d62b1b91debf493ccd0a69b83d08e74cf5f1c2be4851b14215,7b43c2342d7676aa65cc9ee233b2184c9eae88f2663874af7ab1b83282f94ab4,6ffd10b28ab050230cdc1137f0bd16155c3a7c587add7fbe921d985fa92879fe,3353504,1499014,4481642,e256da14fe00d03dc8c9f289edb97a91c8cff3a4d38e267fb5690598f54b404d,"pcm-meta-v2:{""protocol"":""r9.2-frozen-identity-v9"",""message"":"""",""cell_wall_ms"":103002.524,""answer_kind"":""csv-candidate-multiset-v1"",""answer_key_count"":1499014,""answer_fingerprint"":""e9c8636e24fcb235fcb1e10f0d913badd77d159e7364f43a49ab93655bbb4eb6"",""c_parse_samples"":[0.0],""c_protocol_samples"":[],""construct_total_samples"":[],""construct_unattributed_samples"":[],""status"":""ok"",""status_evidence"":null,""construction_requested"":null,""construction_effective"":null,""commit"":""966642a2961472c5f660f752648dc2693518e858"",""batch_id"":""dfac415b5a6cbd6bca05218077d4301d6a1fc0d7ceff3e33f6c2c4c2d61d0e66"",""query_sha256"":""57dabb9eb81d64dbc3cc422093691dfbcd45c8bc0072a0480b32c507db250930"",""engine"":""graphdb"",""engine_version"":""GraphDB (RDF4J) [engines.json profile]"",""scale"":""100M"",""base_endpoint_sha256"":""e1e370c3c3e41897f966ee22e8c7c98840f6ecade4ccb1698265b03c62141a2f"",""reified_endpoint_sha256"":""2c97fc305990d2aa1e0f09f37216d4d5b1419027440c3151c422415f0c836db8"",""update_endpoint_sha256"":""f3c05af6c7aa3bbf0aae501a61efa32804f36e642d32f61fe21875892b248a8a"",""base_data_identity_sha256"":""8a988dc83f4082a4f27503ba2906dc6b8733b3c02be567635c726c67bbd48314"",""reified_data_identity_sha256"":""16162702ccec82b2a0e27063cd04bd756a27af1f003b4cef0da976d843ef4725"",""update_for"":""reified"",""access_mode"":""writable"",""base_data_name"":""exploratory-base"",""reified_data_name"":""exploratory-reified"",""update_canary_sha256"":""41997fb8640d9e765a0272879a63548eb9bd46bbf6e49da02b7c924e506b94f7"",""store_instance_sha256"":""e6d3d236675cf5aefb65ff5897cc6e142b08e2a2be9e4af928e482100bc8e0bd"",""store_discriminator_sha256"":""2e884d94ace185d62b1b91debf493ccd0a69b83d08e74cf5f1c2be4851b14215"",""tool_sha256"":""7b43c2342d7676aa65cc9ee233b2184c9eae88f2663874af7ab1b83282f94ab4"",""java_runtime_sha256"":""6ffd10b28ab050230cdc1137f0bd16155c3a7c587add7fbe921d985fa92879fe"",""run_identity_sha256"":""e256da14fe00d03dc8c9f289edb97a91c8cff3a4d38e267fb5690598f54b404d""}"
966642a2961472c5f660f752648dc2693518e858,graphdb,GraphDB (RDF4J) [engines.json profile],100M,M,M2,00,57dabb9eb81d64dbc3cc422093691dfbcd45c8bc0072a0480b32c507db250930,R,reification-only,ok,1143538,250907.2,250907.2,250907.2,250907.2,0.0,0,1,3600.0,110542423,0.0,,,,,777.540338,[250907.201],[0.0],,[],,[],,[],r9.2-frozen-identity-v9,dfac415b5a6cbd6bca05218077d4301d6a1fc0d7ceff3e33f6c2c4c2d61d0e66,csv-binding-multiset-v1,1143538,dc7b5db527e0268afb72d2bf9b38450f6c1ff66f5a74cfa7501a1b8de239913d,,,,,,,,e1e370c3c3e41897f966ee22e8c7c98840f6ecade4ccb1698265b03c62141a2f,2c97fc305990d2aa1e0f09f37216d4d5b1419027440c3151c422415f0c836db8,f3c05af6c7aa3bbf0aae501a61efa32804f36e642d32f61fe21875892b248a8a,8a988dc83f4082a4f27503ba2906dc6b8733b3c02be567635c726c67bbd48314,16162702ccec82b2a0e27063cd04bd756a27af1f003b4cef0da976d843ef4725,reified,writable,exploratory-base,exploratory-reified,41997fb8640d9e765a0272879a63548eb9bd46bbf6e49da02b7c924e506b94f7,e6d3d236675cf5aefb65ff5897cc6e142b08e2a2be9e4af928e482100bc8e0bd,2e884d94ace185d62b1b91debf493ccd0a69b83d08e74cf5f1c2be4851b14215,7b43c2342d7676aa65cc9ee233b2184c9eae88f2663874af7ab1b83282f94ab4,6ffd10b28ab050230cdc1137f0bd16155c3a7c587add7fbe921d985fa92879fe,,,,e256da14fe00d03dc8c9f289edb97a91c8cff3a4d38e267fb5690598f54b404d,"pcm-meta-v2:{""protocol"":""r9.2-frozen-identity-v9"",""message"":"""",""cell_wall_ms"":260980.583,""answer_kind"":""csv-binding-multiset-v1"",""answer_key_count"":1143538,""answer_fingerprint"":""dc7b5db527e0268afb72d2bf9b38450f6c1ff66f5a74cfa7501a1b8de239913d"",""c_parse_samples"":[0.0],""c_protocol_samples"":[],""construct_total_samples"":[],""construct_unattributed_samples"":[],""status"":""ok"",""status_evidence"":null,""construction_requested"":null,""construction_effective"":null,""commit"":""966642a2961472c5f660f752648dc2693518e858"",""batch_id"":""dfac415b5a6cbd6bca05218077d4301d6a1fc0d7ceff3e33f6c2c4c2d61d0e66"",""query_sha256"":""57dabb9eb81d64dbc3cc422093691dfbcd45c8bc0072a0480b32c507db250930"",""engine"":""graphdb"",""engine_version"":""GraphDB (RDF4J) [engines.json profile]"",""scale"":""100M"",""base_endpoint_sha256"":""e1e370c3c3e41897f966ee22e8c7c98840f6ecade4ccb1698265b03c62141a2f"",""reified_endpoint_sha256"":""2c97fc305990d2aa1e0f09f37216d4d5b1419027440c3151c422415f0c836db8"",""update_endpoint_sha256"":""f3c05af6c7aa3bbf0aae501a61efa32804f36e642d32f61fe21875892b248a8a"",""base_data_identity_sha256"":""8a988dc83f4082a4f27503ba2906dc6b8733b3c02be567635c726c67bbd48314"",""reified_data_identity_sha256"":""16162702ccec82b2a0e27063cd04bd756a27af1f003b4cef0da976d843ef4725"",""update_for"":""reified"",""access_mode"":""writable"",""base_data_name"":""exploratory-base"",""reified_data_name"":""exploratory-reified"",""update_canary_sha256"":""41997fb8640d9e765a0272879a63548eb9bd46bbf6e49da02b7c924e506b94f7"",""store_instance_sha256"":""e6d3d236675cf5aefb65ff5897cc6e142b08e2a2be9e4af928e482100bc8e0bd"",""store_discriminator_sha256"":""2e884d94ace185d62b1b91debf493ccd0a69b83d08e74cf5f1c2be4851b14215"",""tool_sha256"":""7b43c2342d7676aa65cc9ee233b2184c9eae88f2663874af7ab1b83282f94ab4"",""java_runtime_sha256"":""6ffd10b28ab050230cdc1137f0bd16155c3a7c587add7fbe921d985fa92879fe"",""run_identity_sha256"":""e256da14fe00d03dc8c9f289edb97a91c8cff3a4d38e267fb5690598f54b404d""}"
966642a2961472c5f660f752648dc2693518e858,graphdb,GraphDB (RDF4J) [engines.json profile],100M,M,M3,00,143c016ebb5bf4d918995fb8a8437257e0f177fb04bcef9184c9058f18f3eefa,B,base-select,ok,511051,4219.4,4219.4,4219.4,4219.4,0.0,0,1,3600.0,51164568,0.0,,,,,0.175833,[4219.442],[0.0],,[],,[],,[],r9.2-frozen-identity-v9,dfac415b5a6cbd6bca05218077d4301d6a1fc0d7ceff3e33f6c2c4c2d61d0e66,csv-binding-multiset-v1,511051,7ff49f4b16b293719220d26b0656c751cb216c2b9d6a67b815028e0af8d111b1,,,,,,,,e1e370c3c3e41897f966ee22e8c7c98840f6ecade4ccb1698265b03c62141a2f,2c97fc305990d2aa1e0f09f37216d4d5b1419027440c3151c422415f0c836db8,f3c05af6c7aa3bbf0aae501a61efa32804f36e642d32f61fe21875892b248a8a,8a988dc83f4082a4f27503ba2906dc6b8733b3c02be567635c726c67bbd48314,16162702ccec82b2a0e27063cd04bd756a27af1f003b4cef0da976d843ef4725,reified,writable,exploratory-base,exploratory-reified,41997fb8640d9e765a0272879a63548eb9bd46bbf6e49da02b7c924e506b94f7,e6d3d236675cf5aefb65ff5897cc6e142b08e2a2be9e4af928e482100bc8e0bd,2e884d94ace185d62b1b91debf493ccd0a69b83d08e74cf5f1c2be4851b14215,7b43c2342d7676aa65cc9ee233b2184c9eae88f2663874af7ab1b83282f94ab4,6ffd10b28ab050230cdc1137f0bd16155c3a7c587add7fbe921d985fa92879fe,,,,a7a39c866f9d53ff500f2ad95df839cb8d540ce64568fd8926111ea472b23718,"pcm-meta-v2:{""protocol"":""r9.2-frozen-identity-v9"",""message"":"""",""cell_wall_ms"":7653.03,""answer_kind"":""csv-binding-multiset-v1"",""answer_key_count"":511051,""answer_fingerprint"":""7ff49f4b16b293719220d26b0656c751cb216c2b9d6a67b815028e0af8d111b1"",""c_parse_samples"":[0.0],""c_protocol_samples"":[],""construct_total_samples"":[],""construct_unattributed_samples"":[],""status"":""ok"",""status_evidence"":null,""construction_requested"":null,""construction_effective"":null,""commit"":""966642a2961472c5f660f752648dc2693518e858"",""batch_id"":""dfac415b5a6cbd6bca05218077d4301d6a1fc0d7ceff3e33f6c2c4c2d61d0e66"",""query_sha256"":""143c016ebb5bf4d918995fb8a8437257e0f177fb04bcef9184c9058f18f3eefa"",""engine"":""graphdb"",""engine_version"":""GraphDB (RDF4J) [engines.json profile]"",""scale"":""100M"",""base_endpoint_sha256"":""e1e370c3c3e41897f966ee22e8c7c98840f6ecade4ccb1698265b03c62141a2f"",""reified_endpoint_sha256"":""2c97fc305990d2aa1e0f09f37216d4d5b1419027440c3151c422415f0c836db8"",""update_endpoint_sha256"":""f3c05af6c7aa3bbf0aae501a61efa32804f36e642d32f61fe21875892b248a8a"",""base_data_identity_sha256"":""8a988dc83f4082a4f27503ba2906dc6b8733b3c02be567635c726c67bbd48314"",""reified_data_identity_sha256"":""16162702ccec82b2a0e27063cd04bd756a27af1f003b4cef0da976d843ef4725"",""update_for"":""reified"",""access_mode"":""writable"",""base_data_name"":""exploratory-base"",""reified_data_name"":""exploratory-reified"",""update_canary_sha256"":""41997fb8640d9e765a0272879a63548eb9bd46bbf6e49da02b7c924e506b94f7"",""store_instance_sha256"":""e6d3d236675cf5aefb65ff5897cc6e142b08e2a2be9e4af928e482100bc8e0bd"",""store_discriminator_sha256"":""2e884d94ace185d62b1b91debf493ccd0a69b83d08e74cf5f1c2be4851b14215"",""tool_sha256"":""7b43c2342d7676aa65cc9ee233b2184c9eae88f2663874af7ab1b83282f94ab4"",""java_runtime_sha256"":""6ffd10b28ab050230cdc1137f0bd16155c3a7c587add7fbe921d985fa92879fe"",""run_identity_sha256"":""a7a39c866f9d53ff500f2ad95df839cb8d540ce64568fd8926111ea472b23718""}"
966642a2961472c5f660f752648dc2693518e858,graphdb,GraphDB (RDF4J) [engines.json profile],100M,M,M3,00,143c016ebb5bf4d918995fb8a8437257e0f177fb04bcef9184c9058f18f3eefa,C,SPARQLcirc CircuitRewriter,ok,1480510,1180691.9,1180691.9,1180691.9,1180691.9,0.0,0,1,3600.0,6209801781,951007.3,10402550,15892137,2980510,,398.354419,[1180691.925],[951007.284],0.0,[0.0],2207254.4,[2207254.425],75555.2,[75555.216],r9.2-frozen-identity-v9,dfac415b5a6cbd6bca05218077d4301d6a1fc0d7ceff3e33f6c2c4c2d61d0e66,term-aware-candidate-set-v1,1480510,b89d4ab88f61875f35efd4d12f87927487a4106976b0edb1727dfdfa349e3e15,flat,flat,fc9fff6ddab7407e54d82a90d4f09683b3b86712135b9dfc414f68b2da746147,/mnt/nfs/home/ac145595/workspace/rq3-artifacts/circuits/graphdb-100m/143c016ebb5bf4d918995fb8a8437257e0f177fb04bcef9184c9058f18f3eefa-fc9fff6ddab7407e54d82a90d4f09683b3b86712135b9dfc414f68b2da746147.nt,/mnt/nfs/home/ac145595/workspace/rq3-artifacts/circuits/graphdb-100m/143c016ebb5bf4d918995fb8a8437257e0f177fb04bcef9184c9058f18f3eefa-fc9fff6ddab7407e54d82a90d4f09683b3b86712135b9dfc414f68b2da746147.json,54e652d772edb5f0ff04cb9a03e200803d71d7eccd2198641a672254431d20ca,7ac01a54d02d4c8ecfe1a6cad10577d3cdd4201324e79ddd8190247e219a25dc,e1e370c3c3e41897f966ee22e8c7c98840f6ecade4ccb1698265b03c62141a2f,2c97fc305990d2aa1e0f09f37216d4d5b1419027440c3151c422415f0c836db8,f3c05af6c7aa3bbf0aae501a61efa32804f36e642d32f61fe21875892b248a8a,8a988dc83f4082a4f27503ba2906dc6b8733b3c02be567635c726c67bbd48314,16162702ccec82b2a0e27063cd04bd756a27af1f003b4cef0da976d843ef4725,reified,writable,exploratory-base,exploratory-reified,41997fb8640d9e765a0272879a63548eb9bd46bbf6e49da02b7c924e506b94f7,e6d3d236675cf5aefb65ff5897cc6e142b08e2a2be9e4af928e482100bc8e0bd,2e884d94ace185d62b1b91debf493ccd0a69b83d08e74cf5f1c2be4851b14215,7b43c2342d7676aa65cc9ee233b2184c9eae88f2663874af7ab1b83282f94ab4,6ffd10b28ab050230cdc1137f0bd16155c3a7c587add7fbe921d985fa92879fe,,,,a7a39c866f9d53ff500f2ad95df839cb8d540ce64568fd8926111ea472b23718,"pcm-meta-v2:{""protocol"":""r9.2-frozen-identity-v9"",""message"":""C requested=flat effective=flat; steps=4 feedback=0; network includes CONSTRUCT, feedback INSERT, and cleanup DELETE"",""cell_wall_ms"":2402576.644,""answer_kind"":""term-aware-candidate-set-v1"",""answer_key_count"":1480510,""answer_fingerprint"":""b89d4ab88f61875f35efd4d12f87927487a4106976b0edb1727dfdfa349e3e15"",""c_parse_samples"":[951007.284],""c_protocol_samples"":[{""requested_mode"":""flat"",""effective_mode"":""flat"",""fallback_reason"":null,""plan_steps"":4,""feedback_steps"":0,""feedback_triples"":0,""construct_query_ms"":1180691.925,""feedback_update_ms"":0.0,""cleanup_ms"":0.0,""client_protocol_ms"":0.0,""network_scope"":""construct+feedback+cleanup"",""circuit_sha256"":""fc9fff6ddab7407e54d82a90d4f09683b3b86712135b9dfc414f68b2da746147"",""answer_fingerprint"":""b89d4ab88f61875f35efd4d12f87927487a4106976b0edb1727dfdfa349e3e15"",""semantic_signature_sha256"":""0313e03fdc2fc88ca9dd0807fb43ded3a247dbfde19c93dfc0270e0032284b0b"",""structure_signature"":{""gates"":10402550,""edges"":15892137,""answers"":1480510,""derivations"":2980510,""leaves"":2980510,""plus"":5941530,""minus"":1480510,""nodes"":13383060,""canonical_bytes"":6209801781},""construct_total_ms"":2207254.425,""client_unattributed_ms"":75555.216}],""construct_total_samples"":[2207254.425],""construct_unattributed_samples"":[75555.216],""status"":""ok"",""status_evidence"":null,""c_warmup_signatures"":[],""measured_semantic_signature_sha256"":""0313e03fdc2fc88ca9dd0807fb43ded3a247dbfde19c93dfc0270e0032284b0b"",""measured_repetitions_consistent"":true,""cache_snapshot_ms"":185516.931,""cache_snapshot_scope"":""first-measured-response; deferred until all runs succeeded"",""outside_cell_cache_write_ms"":418611.02,""endpoint_lock"":{""wait_ms"":0.006,""lock_path"":""/tmp/sparqlcirc-r9-endpoint-locks-v7/e6d3d236675cf5aefb65ff5897cc6e142b08e2a2be9e4af928e482100bc8e0bd.lock""},""construction_requested"":""flat"",""construction_effective"":""flat"",""circuit_sha256"":""fc9fff6ddab7407e54d82a90d4f09683b3b86712135b9dfc414f68b2da746147"",""circuit_triples"":39619277,""circuit_bytes"":6209801781,""circuit_path"":""/mnt/nfs/home/ac145595/workspace/rq3-artifacts/circuits/graphdb-100m/143c016ebb5bf4d918995fb8a8437257e0f177fb04bcef9184c9058f18f3eefa-fc9fff6ddab7407e54d82a90d4f09683b3b86712135b9dfc414f68b2da746147.nt"",""metadata_path"":""/mnt/nfs/home/ac145595/workspace/rq3-artifacts/circuits/graphdb-100m/143c016ebb5bf4d918995fb8a8437257e0f177fb04bcef9184c9058f18f3eefa-fc9fff6ddab7407e54d82a90d4f09683b3b86712135b9dfc414f68b2da746147.json"",""producer_observation_sha256"":""54e652d772edb5f0ff04cb9a03e200803d71d7eccd2198641a672254431d20ca"",""sidecar_sha256"":""7ac01a54d02d4c8ecfe1a6cad10577d3cdd4201324e79ddd8190247e219a25dc"",""commit"":""966642a2961472c5f660f752648dc2693518e858"",""batch_id"":""dfac415b5a6cbd6bca05218077d4301d6a1fc0d7ceff3e33f6c2c4c2d61d0e66"",""query_sha256"":""143c016ebb5bf4d918995fb8a8437257e0f177fb04bcef9184c9058f18f3eefa"",""engine"":""graphdb"",""engine_version"":""GraphDB (RDF4J) [engines.json profile]"",""scale"":""100M"",""base_endpoint_sha256"":""e1e370c3c3e41897f966ee22e8c7c98840f6ecade4ccb1698265b03c62141a2f"",""reified_endpoint_sha256"":""2c97fc305990d2aa1e0f09f37216d4d5b1419027440c3151c422415f0c836db8"",""update_endpoint_sha256"":""f3c05af6c7aa3bbf0aae501a61efa32804f36e642d32f61fe21875892b248a8a"",""base_data_identity_sha256"":""8a988dc83f4082a4f27503ba2906dc6b8733b3c02be567635c726c67bbd48314"",""reified_data_identity_sha256"":""16162702ccec82b2a0e27063cd04bd756a27af1f003b4cef0da976d843ef4725"",""update_for"":""reified"",""access_mode"":""writable"",""base_data_name"":""exploratory-base"",""reified_data_name"":""exploratory-reified"",""update_canary_sha256"":""41997fb8640d9e765a0272879a63548eb9bd46bbf6e49da02b7c924e506b94f7"",""store_instance_sha256"":""e6d3d236675cf5aefb65ff5897cc6e142b08e2a2be9e4af928e482100bc8e0bd"",""store_discriminator_sha256"":""2e884d94ace185d62b1b91debf493ccd0a69b83d08e74cf5f1c2be4851b14215"",""tool_sha256"":""7b43c2342d7676aa65cc9ee233b2184c9eae88f2663874af7ab1b83282f94ab4"",""java_runtime_sha256"":""6ffd10b28ab050230cdc1137f0bd16155c3a7c587add7fbe921d985fa92879fe"",""run_identity_sha256"":""a7a39c866f9d53ff500f2ad95df839cb8d540ce64568fd8926111ea472b23718""}"
966642a2961472c5f660f752648dc2693518e858,graphdb,GraphDB (RDF4J) [engines.json profile],100M,M,M3,00,143c016ebb5bf4d918995fb8a8437257e0f177fb04bcef9184c9058f18f3eefa,N,N_clean (NPCS reimplementation),err:Error,,,,,,,0,1,3600.0,,,,,,,230.78830097801983,[],[],,[],,[],,[],r9.2-frozen-identity-v9,dfac415b5a6cbd6bca05218077d4301d6a1fc0d7ceff3e33f6c2c4c2d61d0e66,,,,,,,,,,,e1e370c3c3e41897f966ee22e8c7c98840f6ecade4ccb1698265b03c62141a2f,2c97fc305990d2aa1e0f09f37216d4d5b1419027440c3151c422415f0c836db8,f3c05af6c7aa3bbf0aae501a61efa32804f36e642d32f61fe21875892b248a8a,8a988dc83f4082a4f27503ba2906dc6b8733b3c02be567635c726c67bbd48314,16162702ccec82b2a0e27063cd04bd756a27af1f003b4cef0da976d843ef4725,reified,writable,exploratory-base,exploratory-reified,41997fb8640d9e765a0272879a63548eb9bd46bbf6e49da02b7c924e506b94f7,e6d3d236675cf5aefb65ff5897cc6e142b08e2a2be9e4af928e482100bc8e0bd,2e884d94ace185d62b1b91debf493ccd0a69b83d08e74cf5f1c2be4851b14215,7b43c2342d7676aa65cc9ee233b2184c9eae88f2663874af7ab1b83282f94ab4,6ffd10b28ab050230cdc1137f0bd16155c3a7c587add7fbe921d985fa92879fe,,,,a7a39c866f9d53ff500f2ad95df839cb8d540ce64568fd8926111ea472b23718,"pcm-meta-v2:{""protocol"":""r9.2-frozen-identity-v9"",""message"":""field larger than field limit (131072)"",""cell_wall_ms"":98379.081,""c_parse_samples"":[],""c_protocol_samples"":[],""construct_total_samples"":[],""construct_unattributed_samples"":[],""status"":""err:Error"",""status_evidence"":{""kind"":""unspecified"",""message"":""field larger than field limit (131072)""},""construction_requested"":null,""construction_effective"":null,""commit"":""966642a2961472c5f660f752648dc2693518e858"",""batch_id"":""dfac415b5a6cbd6bca05218077d4301d6a1fc0d7ceff3e33f6c2c4c2d61d0e66"",""query_sha256"":""143c016ebb5bf4d918995fb8a8437257e0f177fb04bcef9184c9058f18f3eefa"",""engine"":""graphdb"",""engine_version"":""GraphDB (RDF4J) [engines.json profile]"",""scale"":""100M"",""base_endpoint_sha256"":""e1e370c3c3e41897f966ee22e8c7c98840f6ecade4ccb1698265b03c62141a2f"",""reified_endpoint_sha256"":""2c97fc305990d2aa1e0f09f37216d4d5b1419027440c3151c422415f0c836db8"",""update_endpoint_sha256"":""f3c05af6c7aa3bbf0aae501a61efa32804f36e642d32f61fe21875892b248a8a"",""base_data_identity_sha256"":""8a988dc83f4082a4f27503ba2906dc6b8733b3c02be567635c726c67bbd48314"",""reified_data_identity_sha256"":""16162702ccec82b2a0e27063cd04bd756a27af1f003b4cef0da976d843ef4725"",""update_for"":""reified"",""access_mode"":""writable"",""base_data_name"":""exploratory-base"",""reified_data_name"":""exploratory-reified"",""update_canary_sha256"":""41997fb8640d9e765a0272879a63548eb9bd46bbf6e49da02b7c924e506b94f7"",""store_instance_sha256"":""e6d3d236675cf5aefb65ff5897cc6e142b08e2a2be9e4af928e482100bc8e0bd"",""store_discriminator_sha256"":""2e884d94ace185d62b1b91debf493ccd0a69b83d08e74cf5f1c2be4851b14215"",""tool_sha256"":""7b43c2342d7676aa65cc9ee233b2184c9eae88f2663874af7ab1b83282f94ab4"",""java_runtime_sha256"":""6ffd10b28ab050230cdc1137f0bd16155c3a7c587add7fbe921d985fa92879fe"",""run_identity_sha256"":""a7a39c866f9d53ff500f2ad95df839cb8d540ce64568fd8926111ea472b23718""}"
966642a2961472c5f660f752648dc2693518e858,graphdb,GraphDB (RDF4J) [engines.json profile],100M,M,M3,00,143c016ebb5bf4d918995fb8a8437257e0f177fb04bcef9184c9058f18f3eefa,R,reification-only,ok,511051,10191.2,10191.2,10191.2,10191.2,0.0,0,1,3600.0,51164568,0.0,,,,,183.579224,[10191.16],[0.0],,[],,[],,[],r9.2-frozen-identity-v9,dfac415b5a6cbd6bca05218077d4301d6a1fc0d7ceff3e33f6c2c4c2d61d0e66,csv-binding-multiset-v1,511051,7ff49f4b16b293719220d26b0656c751cb216c2b9d6a67b815028e0af8d111b1,,,,,,,,e1e370c3c3e41897f966ee22e8c7c98840f6ecade4ccb1698265b03c62141a2f,2c97fc305990d2aa1e0f09f37216d4d5b1419027440c3151c422415f0c836db8,f3c05af6c7aa3bbf0aae501a61efa32804f36e642d32f61fe21875892b248a8a,8a988dc83f4082a4f27503ba2906dc6b8733b3c02be567635c726c67bbd48314,16162702ccec82b2a0e27063cd04bd756a27af1f003b4cef0da976d843ef4725,reified,writable,exploratory-base,exploratory-reified,41997fb8640d9e765a0272879a63548eb9bd46bbf6e49da02b7c924e506b94f7,e6d3d236675cf5aefb65ff5897cc6e142b08e2a2be9e4af928e482100bc8e0bd,2e884d94ace185d62b1b91debf493ccd0a69b83d08e74cf5f1c2be4851b14215,7b43c2342d7676aa65cc9ee233b2184c9eae88f2663874af7ab1b83282f94ab4,6ffd10b28ab050230cdc1137f0bd16155c3a7c587add7fbe921d985fa92879fe,,,,a7a39c866f9d53ff500f2ad95df839cb8d540ce64568fd8926111ea472b23718,"pcm-meta-v2:{""protocol"":""r9.2-frozen-identity-v9"",""message"":"""",""cell_wall_ms"":13649.4,""answer_kind"":""csv-binding-multiset-v1"",""answer_key_count"":511051,""answer_fingerprint"":""7ff49f4b16b293719220d26b0656c751cb216c2b9d6a67b815028e0af8d111b1"",""c_parse_samples"":[0.0],""c_protocol_samples"":[],""construct_total_samples"":[],""construct_unattributed_samples"":[],""status"":""ok"",""status_evidence"":null,""construction_requested"":null,""construction_effective"":null,""commit"":""966642a2961472c5f660f752648dc2693518e858"",""batch_id"":""dfac415b5a6cbd6bca05218077d4301d6a1fc0d7ceff3e33f6c2c4c2d61d0e66"",""query_sha256"":""143c016ebb5bf4d918995fb8a8437257e0f177fb04bcef9184c9058f18f3eefa"",""engine"":""graphdb"",""engine_version"":""GraphDB (RDF4J) [engines.json profile]"",""scale"":""100M"",""base_endpoint_sha256"":""e1e370c3c3e41897f966ee22e8c7c98840f6ecade4ccb1698265b03c62141a2f"",""reified_endpoint_sha256"":""2c97fc305990d2aa1e0f09f37216d4d5b1419027440c3151c422415f0c836db8"",""update_endpoint_sha256"":""f3c05af6c7aa3bbf0aae501a61efa32804f36e642d32f61fe21875892b248a8a"",""base_data_identity_sha256"":""8a988dc83f4082a4f27503ba2906dc6b8733b3c02be567635c726c67bbd48314"",""reified_data_identity_sha256"":""16162702ccec82b2a0e27063cd04bd756a27af1f003b4cef0da976d843ef4725"",""update_for"":""reified"",""access_mode"":""writable"",""base_data_name"":""exploratory-base"",""reified_data_name"":""exploratory-reified"",""update_canary_sha256"":""41997fb8640d9e765a0272879a63548eb9bd46bbf6e49da02b7c924e506b94f7"",""store_instance_sha256"":""e6d3d236675cf5aefb65ff5897cc6e142b08e2a2be9e4af928e482100bc8e0bd"",""store_discriminator_sha256"":""2e884d94ace185d62b1b91debf493ccd0a69b83d08e74cf5f1c2be4851b14215"",""tool_sha256"":""7b43c2342d7676aa65cc9ee233b2184c9eae88f2663874af7ab1b83282f94ab4"",""java_runtime_sha256"":""6ffd10b28ab050230cdc1137f0bd16155c3a7c587add7fbe921d985fa92879fe"",""run_identity_sha256"":""a7a39c866f9d53ff500f2ad95df839cb8d540ce64568fd8926111ea472b23718""}"
966642a2961472c5f660f752648dc2693518e858,graphdb,GraphDB (RDF4J) [engines.json profile],100M,M,M4,00,3fb5f004cde33422716d95d5c5cbacb234aca04af540babdfc6cd8420a43d11d,B,base-select,err:network,,,,,,,0,1,3600.0,,,,,,,0.09137101005762815,[],[],,[],,[],,[],r9.2-frozen-identity-v9,dfac415b5a6cbd6bca05218077d4301d6a1fc0d7ceff3e33f6c2c4c2d61d0e66,,,,,,,,,,,e1e370c3c3e41897f966ee22e8c7c98840f6ecade4ccb1698265b03c62141a2f,2c97fc305990d2aa1e0f09f37216d4d5b1419027440c3151c422415f0c836db8,f3c05af6c7aa3bbf0aae501a61efa32804f36e642d32f61fe21875892b248a8a,8a988dc83f4082a4f27503ba2906dc6b8733b3c02be567635c726c67bbd48314,16162702ccec82b2a0e27063cd04bd756a27af1f003b4cef0da976d843ef4725,reified,writable,exploratory-base,exploratory-reified,41997fb8640d9e765a0272879a63548eb9bd46bbf6e49da02b7c924e506b94f7,e6d3d236675cf5aefb65ff5897cc6e142b08e2a2be9e4af928e482100bc8e0bd,2e884d94ace185d62b1b91debf493ccd0a69b83d08e74cf5f1c2be4851b14215,7b43c2342d7676aa65cc9ee233b2184c9eae88f2663874af7ab1b83282f94ab4,6ffd10b28ab050230cdc1137f0bd16155c3a7c587add7fbe921d985fa92879fe,,,,4a2a48cb9b32d4c37d414ec8ee83c0da3152ffcbfc0e10fbe09465d497eb2a78,"pcm-meta-v2:{""protocol"":""r9.2-frozen-identity-v9"",""message"":""[Errno 111] Connection refused"",""cell_wall_ms"":38.224,""c_parse_samples"":[],""c_protocol_samples"":[],""construct_total_samples"":[],""construct_unattributed_samples"":[],""status"":""err:network"",""status_evidence"":{""kind"":""retryable-transport"",""message"":""[Errno 111] Connection refused""},""construction_requested"":null,""construction_effective"":null,""commit"":""966642a2961472c5f660f752648dc2693518e858"",""batch_id"":""dfac415b5a6cbd6bca05218077d4301d6a1fc0d7ceff3e33f6c2c4c2d61d0e66"",""query_sha256"":""3fb5f004cde33422716d95d5c5cbacb234aca04af540babdfc6cd8420a43d11d"",""engine"":""graphdb"",""engine_version"":""GraphDB (RDF4J) [engines.json profile]"",""scale"":""100M"",""base_endpoint_sha256"":""e1e370c3c3e41897f966ee22e8c7c98840f6ecade4ccb1698265b03c62141a2f"",""reified_endpoint_sha256"":""2c97fc305990d2aa1e0f09f37216d4d5b1419027440c3151c422415f0c836db8"",""update_endpoint_sha256"":""f3c05af6c7aa3bbf0aae501a61efa32804f36e642d32f61fe21875892b248a8a"",""base_data_identity_sha256"":""8a988dc83f4082a4f27503ba2906dc6b8733b3c02be567635c726c67bbd48314"",""reified_data_identity_sha256"":""16162702ccec82b2a0e27063cd04bd756a27af1f003b4cef0da976d843ef4725"",""update_for"":""reified"",""access_mode"":""writable"",""base_data_name"":""exploratory-base"",""reified_data_name"":""exploratory-reified"",""update_canary_sha256"":""41997fb8640d9e765a0272879a63548eb9bd46bbf6e49da02b7c924e506b94f7"",""store_instance_sha256"":""e6d3d236675cf5aefb65ff5897cc6e142b08e2a2be9e4af928e482100bc8e0bd"",""store_discriminator_sha256"":""2e884d94ace185d62b1b91debf493ccd0a69b83d08e74cf5f1c2be4851b14215"",""tool_sha256"":""7b43c2342d7676aa65cc9ee233b2184c9eae88f2663874af7ab1b83282f94ab4"",""java_runtime_sha256"":""6ffd10b28ab050230cdc1137f0bd16155c3a7c587add7fbe921d985fa92879fe"",""run_identity_sha256"":""4a2a48cb9b32d4c37d414ec8ee83c0da3152ffcbfc0e10fbe09465d497eb2a78""}"
966642a2961472c5f660f752648dc2693518e858,graphdb,GraphDB (RDF4J) [engines.json profile],100M,M,M4,00,3fb5f004cde33422716d95d5c5cbacb234aca04af540babdfc6cd8420a43d11d,C,SPARQLcirc CircuitRewriter,err:network,,,,,,,0,1,3600.0,,,,,,,399.9981579836458,[],[],,[],,[],,[],r9.2-frozen-identity-v9,dfac415b5a6cbd6bca05218077d4301d6a1fc0d7ceff3e33f6c2c4c2d61d0e66,,,,,,,,,,,e1e370c3c3e41897f966ee22e8c7c98840f6ecade4ccb1698265b03c62141a2f,2c97fc305990d2aa1e0f09f37216d4d5b1419027440c3151c422415f0c836db8,f3c05af6c7aa3bbf0aae501a61efa32804f36e642d32f61fe21875892b248a8a,8a988dc83f4082a4f27503ba2906dc6b8733b3c02be567635c726c67bbd48314,16162702ccec82b2a0e27063cd04bd756a27af1f003b4cef0da976d843ef4725,reified,writable,exploratory-base,exploratory-reified,41997fb8640d9e765a0272879a63548eb9bd46bbf6e49da02b7c924e506b94f7,e6d3d236675cf5aefb65ff5897cc6e142b08e2a2be9e4af928e482100bc8e0bd,2e884d94ace185d62b1b91debf493ccd0a69b83d08e74cf5f1c2be4851b14215,7b43c2342d7676aa65cc9ee233b2184c9eae88f2663874af7ab1b83282f94ab4,6ffd10b28ab050230cdc1137f0bd16155c3a7c587add7fbe921d985fa92879fe,,,,4a2a48cb9b32d4c37d414ec8ee83c0da3152ffcbfc0e10fbe09465d497eb2a78,"pcm-meta-v2:{""protocol"":""r9.2-frozen-identity-v9"",""message"":""[Errno 111] Connection refused"",""cell_wall_ms"":409.58,""c_parse_samples"":[],""c_protocol_samples"":[],""construct_total_samples"":[],""construct_unattributed_samples"":[],""status"":""err:network"",""status_evidence"":{""kind"":""retryable-transport"",""message"":""[Errno 111] Connection refused""},""endpoint_lock"":{""wait_ms"":0.009,""lock_path"":""/tmp/sparqlcirc-r9-endpoint-locks-v7/e6d3d236675cf5aefb65ff5897cc6e142b08e2a2be9e4af928e482100bc8e0bd.lock""},""construction_requested"":null,""construction_effective"":null,""commit"":""966642a2961472c5f660f752648dc2693518e858"",""batch_id"":""dfac415b5a6cbd6bca05218077d4301d6a1fc0d7ceff3e33f6c2c4c2d61d0e66"",""query_sha256"":""3fb5f004cde33422716d95d5c5cbacb234aca04af540babdfc6cd8420a43d11d"",""engine"":""graphdb"",""engine_version"":""GraphDB (RDF4J) [engines.json profile]"",""scale"":""100M"",""base_endpoint_sha256"":""e1e370c3c3e41897f966ee22e8c7c98840f6ecade4ccb1698265b03c62141a2f"",""reified_endpoint_sha256"":""2c97fc305990d2aa1e0f09f37216d4d5b1419027440c3151c422415f0c836db8"",""update_endpoint_sha256"":""f3c05af6c7aa3bbf0aae501a61efa32804f36e642d32f61fe21875892b248a8a"",""base_data_identity_sha256"":""8a988dc83f4082a4f27503ba2906dc6b8733b3c02be567635c726c67bbd48314"",""reified_data_identity_sha256"":""16162702ccec82b2a0e27063cd04bd756a27af1f003b4cef0da976d843ef4725"",""update_for"":""reified"",""access_mode"":""writable"",""base_data_name"":""exploratory-base"",""reified_data_name"":""exploratory-reified"",""update_canary_sha256"":""41997fb8640d9e765a0272879a63548eb9bd46bbf6e49da02b7c924e506b94f7"",""store_instance_sha256"":""e6d3d236675cf5aefb65ff5897cc6e142b08e2a2be9e4af928e482100bc8e0bd"",""store_discriminator_sha256"":""2e884d94ace185d62b1b91debf493ccd0a69b83d08e74cf5f1c2be4851b14215"",""tool_sha256"":""7b43c2342d7676aa65cc9ee233b2184c9eae88f2663874af7ab1b83282f94ab4"",""java_runtime_sha256"":""6ffd10b28ab050230cdc1137f0bd16155c3a7c587add7fbe921d985fa92879fe"",""run_identity_sha256"":""4a2a48cb9b32d4c37d414ec8ee83c0da3152ffcbfc0e10fbe09465d497eb2a78""}"
966642a2961472c5f660f752648dc2693518e858,graphdb,GraphDB (RDF4J) [engines.json profile],100M,M,M4,00,3fb5f004cde33422716d95d5c5cbacb234aca04af540babdfc6cd8420a43d11d,N,N_clean (NPCS reimplementation),err:network,,,,,,,0,1,3600.0,,,,,,,245.4692079918459,[],[],,[],,[],,[],r9.2-frozen-identity-v9,dfac415b5a6cbd6bca05218077d4301d6a1fc0d7ceff3e33f6c2c4c2d61d0e66,,,,,,,,,,,e1e370c3c3e41897f966ee22e8c7c98840f6ecade4ccb1698265b03c62141a2f,2c97fc305990d2aa1e0f09f37216d4d5b1419027440c3151c422415f0c836db8,f3c05af6c7aa3bbf0aae501a61efa32804f36e642d32f61fe21875892b248a8a,8a988dc83f4082a4f27503ba2906dc6b8733b3c02be567635c726c67bbd48314,16162702ccec82b2a0e27063cd04bd756a27af1f003b4cef0da976d843ef4725,reified,writable,exploratory-base,exploratory-reified,41997fb8640d9e765a0272879a63548eb9bd46bbf6e49da02b7c924e506b94f7,e6d3d236675cf5aefb65ff5897cc6e142b08e2a2be9e4af928e482100bc8e0bd,2e884d94ace185d62b1b91debf493ccd0a69b83d08e74cf5f1c2be4851b14215,7b43c2342d7676aa65cc9ee233b2184c9eae88f2663874af7ab1b83282f94ab4,6ffd10b28ab050230cdc1137f0bd16155c3a7c587add7fbe921d985fa92879fe,,,,4a2a48cb9b32d4c37d414ec8ee83c0da3152ffcbfc0e10fbe09465d497eb2a78,"pcm-meta-v2:{""protocol"":""r9.2-frozen-identity-v9"",""message"":""[Errno 111] Connection refused"",""cell_wall_ms"":255.351,""c_parse_samples"":[],""c_protocol_samples"":[],""construct_total_samples"":[],""construct_unattributed_samples"":[],""status"":""err:network"",""status_evidence"":{""kind"":""retryable-transport"",""message"":""[Errno 111] Connection refused""},""construction_requested"":null,""construction_effective"":null,""commit"":""966642a2961472c5f660f752648dc2693518e858"",""batch_id"":""dfac415b5a6cbd6bca05218077d4301d6a1fc0d7ceff3e33f6c2c4c2d61d0e66"",""query_sha256"":""3fb5f004cde33422716d95d5c5cbacb234aca04af540babdfc6cd8420a43d11d"",""engine"":""graphdb"",""engine_version"":""GraphDB (RDF4J) [engines.json profile]"",""scale"":""100M"",""base_endpoint_sha256"":""e1e370c3c3e41897f966ee22e8c7c98840f6ecade4ccb1698265b03c62141a2f"",""reified_endpoint_sha256"":""2c97fc305990d2aa1e0f09f37216d4d5b1419027440c3151c422415f0c836db8"",""update_endpoint_sha256"":""f3c05af6c7aa3bbf0aae501a61efa32804f36e642d32f61fe21875892b248a8a"",""base_data_identity_sha256"":""8a988dc83f4082a4f27503ba2906dc6b8733b3c02be567635c726c67bbd48314"",""reified_data_identity_sha256"":""16162702ccec82b2a0e27063cd04bd756a27af1f003b4cef0da976d843ef4725"",""update_for"":""reified"",""access_mode"":""writable"",""base_data_name"":""exploratory-base"",""reified_data_name"":""exploratory-reified"",""update_canary_sha256"":""41997fb8640d9e765a0272879a63548eb9bd46bbf6e49da02b7c924e506b94f7"",""store_instance_sha256"":""e6d3d236675cf5aefb65ff5897cc6e142b08e2a2be9e4af928e482100bc8e0bd"",""store_discriminator_sha256"":""2e884d94ace185d62b1b91debf493ccd0a69b83d08e74cf5f1c2be4851b14215"",""tool_sha256"":""7b43c2342d7676aa65cc9ee233b2184c9eae88f2663874af7ab1b83282f94ab4"",""java_runtime_sha256"":""6ffd10b28ab050230cdc1137f0bd16155c3a7c587add7fbe921d985fa92879fe"",""run_identity_sha256"":""4a2a48cb9b32d4c37d414ec8ee83c0da3152ffcbfc0e10fbe09465d497eb2a78""}"
966642a2961472c5f660f752648dc2693518e858,graphdb,GraphDB (RDF4J) [engines.json profile],100M,M,M4,00,3fb5f004cde33422716d95d5c5cbacb234aca04af540babdfc6cd8420a43d11d,R,reification-only,err:network,,,,,,,0,1,3600.0,,,,,,,235.31146289315075,[],[],,[],,[],,[],r9.2-frozen-identity-v9,dfac415b5a6cbd6bca05218077d4301d6a1fc0d7ceff3e33f6c2c4c2d61d0e66,,,,,,,,,,,e1e370c3c3e41897f966ee22e8c7c98840f6ecade4ccb1698265b03c62141a2f,2c97fc305990d2aa1e0f09f37216d4d5b1419027440c3151c422415f0c836db8,f3c05af6c7aa3bbf0aae501a61efa32804f36e642d32f61fe21875892b248a8a,8a988dc83f4082a4f27503ba2906dc6b8733b3c02be567635c726c67bbd48314,16162702ccec82b2a0e27063cd04bd756a27af1f003b4cef0da976d843ef4725,reified,writable,exploratory-base,exploratory-reified,41997fb8640d9e765a0272879a63548eb9bd46bbf6e49da02b7c924e506b94f7,e6d3d236675cf5aefb65ff5897cc6e142b08e2a2be9e4af928e482100bc8e0bd,2e884d94ace185d62b1b91debf493ccd0a69b83d08e74cf5f1c2be4851b14215,7b43c2342d7676aa65cc9ee233b2184c9eae88f2663874af7ab1b83282f94ab4,6ffd10b28ab050230cdc1137f0bd16155c3a7c587add7fbe921d985fa92879fe,,,,4a2a48cb9b32d4c37d414ec8ee83c0da3152ffcbfc0e10fbe09465d497eb2a78,"pcm-meta-v2:{""protocol"":""r9.2-frozen-identity-v9"",""message"":""[Errno 111] Connection refused"",""cell_wall_ms"":246.318,""c_parse_samples"":[],""c_protocol_samples"":[],""construct_total_samples"":[],""construct_unattributed_samples"":[],""status"":""err:network"",""status_evidence"":{""kind"":""retryable-transport"",""message"":""[Errno 111] Connection refused""},""construction_requested"":null,""construction_effective"":null,""commit"":""966642a2961472c5f660f752648dc2693518e858"",""batch_id"":""dfac415b5a6cbd6bca05218077d4301d6a1fc0d7ceff3e33f6c2c4c2d61d0e66"",""query_sha256"":""3fb5f004cde33422716d95d5c5cbacb234aca04af540babdfc6cd8420a43d11d"",""engine"":""graphdb"",""engine_version"":""GraphDB (RDF4J) [engines.json profile]"",""scale"":""100M"",""base_endpoint_sha256"":""e1e370c3c3e41897f966ee22e8c7c98840f6ecade4ccb1698265b03c62141a2f"",""reified_endpoint_sha256"":""2c97fc305990d2aa1e0f09f37216d4d5b1419027440c3151c422415f0c836db8"",""update_endpoint_sha256"":""f3c05af6c7aa3bbf0aae501a61efa32804f36e642d32f61fe21875892b248a8a"",""base_data_identity_sha256"":""8a988dc83f4082a4f27503ba2906dc6b8733b3c02be567635c726c67bbd48314"",""reified_data_identity_sha256"":""16162702ccec82b2a0e27063cd04bd756a27af1f003b4cef0da976d843ef4725"",""update_for"":""reified"",""access_mode"":""writable"",""base_data_name"":""exploratory-base"",""reified_data_name"":""exploratory-reified"",""update_canary_sha256"":""41997fb8640d9e765a0272879a63548eb9bd46bbf6e49da02b7c924e506b94f7"",""store_instance_sha256"":""e6d3d236675cf5aefb65ff5897cc6e142b08e2a2be9e4af928e482100bc8e0bd"",""store_discriminator_sha256"":""2e884d94ace185d62b1b91debf493ccd0a69b83d08e74cf5f1c2be4851b14215"",""tool_sha256"":""7b43c2342d7676aa65cc9ee233b2184c9eae88f2663874af7ab1b83282f94ab4"",""java_runtime_sha256"":""6ffd10b28ab050230cdc1137f0bd16155c3a7c587add7fbe921d985fa92879fe"",""run_identity_sha256"":""4a2a48cb9b32d4c37d414ec8ee83c0da3152ffcbfc0e10fbe09465d497eb2a78""}"
966642a2961472c5f660f752648dc2693518e858,graphdb,GraphDB (RDF4J) [engines.json profile],100M,M,M5,00,dbc6ab431c394a25feca14ac948b1ff1ee2c7bd219d3350f64cbec9447ef0e16,B,base-select,err:network,,,,,,,0,1,3600.0,,,,,,,0.011509982869029045,[],[],,[],,[],,[],r9.2-frozen-identity-v9,dfac415b5a6cbd6bca05218077d4301d6a1fc0d7ceff3e33f6c2c4c2d61d0e66,,,,,,,,,,,e1e370c3c3e41897f966ee22e8c7c98840f6ecade4ccb1698265b03c62141a2f,2c97fc305990d2aa1e0f09f37216d4d5b1419027440c3151c422415f0c836db8,f3c05af6c7aa3bbf0aae501a61efa32804f36e642d32f61fe21875892b248a8a,8a988dc83f4082a4f27503ba2906dc6b8733b3c02be567635c726c67bbd48314,16162702ccec82b2a0e27063cd04bd756a27af1f003b4cef0da976d843ef4725,reified,writable,exploratory-base,exploratory-reified,41997fb8640d9e765a0272879a63548eb9bd46bbf6e49da02b7c924e506b94f7,e6d3d236675cf5aefb65ff5897cc6e142b08e2a2be9e4af928e482100bc8e0bd,2e884d94ace185d62b1b91debf493ccd0a69b83d08e74cf5f1c2be4851b14215,7b43c2342d7676aa65cc9ee233b2184c9eae88f2663874af7ab1b83282f94ab4,6ffd10b28ab050230cdc1137f0bd16155c3a7c587add7fbe921d985fa92879fe,,,,a685abd4675cb8679005f8e53df4e013ed39e4fc2eaa3ac018653447405c8729,"pcm-meta-v2:{""protocol"":""r9.2-frozen-identity-v9"",""message"":""[Errno 111] Connection refused"",""cell_wall_ms"":10.55,""c_parse_samples"":[],""c_protocol_samples"":[],""construct_total_samples"":[],""construct_unattributed_samples"":[],""status"":""err:network"",""status_evidence"":{""kind"":""retryable-transport"",""message"":""[Errno 111] Connection refused""},""construction_requested"":null,""construction_effective"":null,""commit"":""966642a2961472c5f660f752648dc2693518e858"",""batch_id"":""dfac415b5a6cbd6bca05218077d4301d6a1fc0d7ceff3e33f6c2c4c2d61d0e66"",""query_sha256"":""dbc6ab431c394a25feca14ac948b1ff1ee2c7bd219d3350f64cbec9447ef0e16"",""engine"":""graphdb"",""engine_version"":""GraphDB (RDF4J) [engines.json profile]"",""scale"":""100M"",""base_endpoint_sha256"":""e1e370c3c3e41897f966ee22e8c7c98840f6ecade4ccb1698265b03c62141a2f"",""reified_endpoint_sha256"":""2c97fc305990d2aa1e0f09f37216d4d5b1419027440c3151c422415f0c836db8"",""update_endpoint_sha256"":""f3c05af6c7aa3bbf0aae501a61efa32804f36e642d32f61fe21875892b248a8a"",""base_data_identity_sha256"":""8a988dc83f4082a4f27503ba2906dc6b8733b3c02be567635c726c67bbd48314"",""reified_data_identity_sha256"":""16162702ccec82b2a0e27063cd04bd756a27af1f003b4cef0da976d843ef4725"",""update_for"":""reified"",""access_mode"":""writable"",""base_data_name"":""exploratory-base"",""reified_data_name"":""exploratory-reified"",""update_canary_sha256"":""41997fb8640d9e765a0272879a63548eb9bd46bbf6e49da02b7c924e506b94f7"",""store_instance_sha256"":""e6d3d236675cf5aefb65ff5897cc6e142b08e2a2be9e4af928e482100bc8e0bd"",""store_discriminator_sha256"":""2e884d94ace185d62b1b91debf493ccd0a69b83d08e74cf5f1c2be4851b14215"",""tool_sha256"":""7b43c2342d7676aa65cc9ee233b2184c9eae88f2663874af7ab1b83282f94ab4"",""java_runtime_sha256"":""6ffd10b28ab050230cdc1137f0bd16155c3a7c587add7fbe921d985fa92879fe"",""run_identity_sha256"":""a685abd4675cb8679005f8e53df4e013ed39e4fc2eaa3ac018653447405c8729""}"
966642a2961472c5f660f752648dc2693518e858,graphdb,GraphDB (RDF4J) [engines.json profile],100M,M,M5,00,dbc6ab431c394a25feca14ac948b1ff1ee2c7bd219d3350f64cbec9447ef0e16,C,SPARQLcirc CircuitRewriter,err:network,,,,,,,0,1,3600.0,,,,,,,373.0304269120097,[],[],,[],,[],,[],r9.2-frozen-identity-v9,dfac415b5a6cbd6bca05218077d4301d6a1fc0d7ceff3e33f6c2c4c2d61d0e66,,,,,,,,,,,e1e370c3c3e41897f966ee22e8c7c98840f6ecade4ccb1698265b03c62141a2f,2c97fc305990d2aa1e0f09f37216d4d5b1419027440c3151c422415f0c836db8,f3c05af6c7aa3bbf0aae501a61efa32804f36e642d32f61fe21875892b248a8a,8a988dc83f4082a4f27503ba2906dc6b8733b3c02be567635c726c67bbd48314,16162702ccec82b2a0e27063cd04bd756a27af1f003b4cef0da976d843ef4725,reified,writable,exploratory-base,exploratory-reified,41997fb8640d9e765a0272879a63548eb9bd46bbf6e49da02b7c924e506b94f7,e6d3d236675cf5aefb65ff5897cc6e142b08e2a2be9e4af928e482100bc8e0bd,2e884d94ace185d62b1b91debf493ccd0a69b83d08e74cf5f1c2be4851b14215,7b43c2342d7676aa65cc9ee233b2184c9eae88f2663874af7ab1b83282f94ab4,6ffd10b28ab050230cdc1137f0bd16155c3a7c587add7fbe921d985fa92879fe,,,,a685abd4675cb8679005f8e53df4e013ed39e4fc2eaa3ac018653447405c8729,"pcm-meta-v2:{""protocol"":""r9.2-frozen-identity-v9"",""message"":""[Errno 111] Connection refused"",""cell_wall_ms"":382.11,""c_parse_samples"":[],""c_protocol_samples"":[],""construct_total_samples"":[],""construct_unattributed_samples"":[],""status"":""err:network"",""status_evidence"":{""kind"":""retryable-transport"",""message"":""[Errno 111] Connection refused""},""endpoint_lock"":{""wait_ms"":0.009,""lock_path"":""/tmp/sparqlcirc-r9-endpoint-locks-v7/e6d3d236675cf5aefb65ff5897cc6e142b08e2a2be9e4af928e482100bc8e0bd.lock""},""construction_requested"":null,""construction_effective"":null,""commit"":""966642a2961472c5f660f752648dc2693518e858"",""batch_id"":""dfac415b5a6cbd6bca05218077d4301d6a1fc0d7ceff3e33f6c2c4c2d61d0e66"",""query_sha256"":""dbc6ab431c394a25feca14ac948b1ff1ee2c7bd219d3350f64cbec9447ef0e16"",""engine"":""graphdb"",""engine_version"":""GraphDB (RDF4J) [engines.json profile]"",""scale"":""100M"",""base_endpoint_sha256"":""e1e370c3c3e41897f966ee22e8c7c98840f6ecade4ccb1698265b03c62141a2f"",""reified_endpoint_sha256"":""2c97fc305990d2aa1e0f09f37216d4d5b1419027440c3151c422415f0c836db8"",""update_endpoint_sha256"":""f3c05af6c7aa3bbf0aae501a61efa32804f36e642d32f61fe21875892b248a8a"",""base_data_identity_sha256"":""8a988dc83f4082a4f27503ba2906dc6b8733b3c02be567635c726c67bbd48314"",""reified_data_identity_sha256"":""16162702ccec82b2a0e27063cd04bd756a27af1f003b4cef0da976d843ef4725"",""update_for"":""reified"",""access_mode"":""writable"",""base_data_name"":""exploratory-base"",""reified_data_name"":""exploratory-reified"",""update_canary_sha256"":""41997fb8640d9e765a0272879a63548eb9bd46bbf6e49da02b7c924e506b94f7"",""store_instance_sha256"":""e6d3d236675cf5aefb65ff5897cc6e142b08e2a2be9e4af928e482100bc8e0bd"",""store_discriminator_sha256"":""2e884d94ace185d62b1b91debf493ccd0a69b83d08e74cf5f1c2be4851b14215"",""tool_sha256"":""7b43c2342d7676aa65cc9ee233b2184c9eae88f2663874af7ab1b83282f94ab4"",""java_runtime_sha256"":""6ffd10b28ab050230cdc1137f0bd16155c3a7c587add7fbe921d985fa92879fe"",""run_identity_sha256"":""a685abd4675cb8679005f8e53df4e013ed39e4fc2eaa3ac018653447405c8729""}"
966642a2961472c5f660f752648dc2693518e858,graphdb,GraphDB (RDF4J) [engines.json profile],100M,M,M5,00,dbc6ab431c394a25feca14ac948b1ff1ee2c7bd219d3350f64cbec9447ef0e16,N,N_clean (NPCS reimplementation),err:network,,,,,,,0,1,3600.0,,,,,,,183.29975905362517,[],[],,[],,[],,[],r9.2-frozen-identity-v9,dfac415b5a6cbd6bca05218077d4301d6a1fc0d7ceff3e33f6c2c4c2d61d0e66,,,,,,,,,,,e1e370c3c3e41897f966ee22e8c7c98840f6ecade4ccb1698265b03c62141a2f,2c97fc305990d2aa1e0f09f37216d4d5b1419027440c3151c422415f0c836db8,f3c05af6c7aa3bbf0aae501a61efa32804f36e642d32f61fe21875892b248a8a,8a988dc83f4082a4f27503ba2906dc6b8733b3c02be567635c726c67bbd48314,16162702ccec82b2a0e27063cd04bd756a27af1f003b4cef0da976d843ef4725,reified,writable,exploratory-base,exploratory-reified,41997fb8640d9e765a0272879a63548eb9bd46bbf6e49da02b7c924e506b94f7,e6d3d236675cf5aefb65ff5897cc6e142b08e2a2be9e4af928e482100bc8e0bd,2e884d94ace185d62b1b91debf493ccd0a69b83d08e74cf5f1c2be4851b14215,7b43c2342d7676aa65cc9ee233b2184c9eae88f2663874af7ab1b83282f94ab4,6ffd10b28ab050230cdc1137f0bd16155c3a7c587add7fbe921d985fa92879fe,,,,a685abd4675cb8679005f8e53df4e013ed39e4fc2eaa3ac018653447405c8729,"pcm-meta-v2:{""protocol"":""r9.2-frozen-identity-v9"",""message"":""[Errno 111] Connection refused"",""cell_wall_ms"":193.743,""c_parse_samples"":[],""c_protocol_samples"":[],""construct_total_samples"":[],""construct_unattributed_samples"":[],""status"":""err:network"",""status_evidence"":{""kind"":""retryable-transport"",""message"":""[Errno 111] Connection refused""},""construction_requested"":null,""construction_effective"":null,""commit"":""966642a2961472c5f660f752648dc2693518e858"",""batch_id"":""dfac415b5a6cbd6bca05218077d4301d6a1fc0d7ceff3e33f6c2c4c2d61d0e66"",""query_sha256"":""dbc6ab431c394a25feca14ac948b1ff1ee2c7bd219d3350f64cbec9447ef0e16"",""engine"":""graphdb"",""engine_version"":""GraphDB (RDF4J) [engines.json profile]"",""scale"":""100M"",""base_endpoint_sha256"":""e1e370c3c3e41897f966ee22e8c7c98840f6ecade4ccb1698265b03c62141a2f"",""reified_endpoint_sha256"":""2c97fc305990d2aa1e0f09f37216d4d5b1419027440c3151c422415f0c836db8"",""update_endpoint_sha256"":""f3c05af6c7aa3bbf0aae501a61efa32804f36e642d32f61fe21875892b248a8a"",""base_data_identity_sha256"":""8a988dc83f4082a4f27503ba2906dc6b8733b3c02be567635c726c67bbd48314"",""reified_data_identity_sha256"":""16162702ccec82b2a0e27063cd04bd756a27af1f003b4cef0da976d843ef4725"",""update_for"":""reified"",""access_mode"":""writable"",""base_data_name"":""exploratory-base"",""reified_data_name"":""exploratory-reified"",""update_canary_sha256"":""41997fb8640d9e765a0272879a63548eb9bd46bbf6e49da02b7c924e506b94f7"",""store_instance_sha256"":""e6d3d236675cf5aefb65ff5897cc6e142b08e2a2be9e4af928e482100bc8e0bd"",""store_discriminator_sha256"":""2e884d94ace185d62b1b91debf493ccd0a69b83d08e74cf5f1c2be4851b14215"",""tool_sha256"":""7b43c2342d7676aa65cc9ee233b2184c9eae88f2663874af7ab1b83282f94ab4"",""java_runtime_sha256"":""6ffd10b28ab050230cdc1137f0bd16155c3a7c587add7fbe921d985fa92879fe"",""run_identity_sha256"":""a685abd4675cb8679005f8e53df4e013ed39e4fc2eaa3ac018653447405c8729""}"
966642a2961472c5f660f752648dc2693518e858,graphdb,GraphDB (RDF4J) [engines.json profile],100M,M,M5,00,dbc6ab431c394a25feca14ac948b1ff1ee2c7bd219d3350f64cbec9447ef0e16,R,reification-only,err:network,,,,,,,0,1,3600.0,,,,,,,144.17139207944274,[],[],,[],,[],,[],r9.2-frozen-identity-v9,dfac415b5a6cbd6bca05218077d4301d6a1fc0d7ceff3e33f6c2c4c2d61d0e66,,,,,,,,,,,e1e370c3c3e41897f966ee22e8c7c98840f6ecade4ccb1698265b03c62141a2f,2c97fc305990d2aa1e0f09f37216d4d5b1419027440c3151c422415f0c836db8,f3c05af6c7aa3bbf0aae501a61efa32804f36e642d32f61fe21875892b248a8a,8a988dc83f4082a4f27503ba2906dc6b8733b3c02be567635c726c67bbd48314,16162702ccec82b2a0e27063cd04bd756a27af1f003b4cef0da976d843ef4725,reified,writable,exploratory-base,exploratory-reified,41997fb8640d9e765a0272879a63548eb9bd46bbf6e49da02b7c924e506b94f7,e6d3d236675cf5aefb65ff5897cc6e142b08e2a2be9e4af928e482100bc8e0bd,2e884d94ace185d62b1b91debf493ccd0a69b83d08e74cf5f1c2be4851b14215,7b43c2342d7676aa65cc9ee233b2184c9eae88f2663874af7ab1b83282f94ab4,6ffd10b28ab050230cdc1137f0bd16155c3a7c587add7fbe921d985fa92879fe,,,,a685abd4675cb8679005f8e53df4e013ed39e4fc2eaa3ac018653447405c8729,"pcm-meta-v2:{""protocol"":""r9.2-frozen-identity-v9"",""message"":""[Errno 111] Connection refused"",""cell_wall_ms"":155.399,""c_parse_samples"":[],""c_protocol_samples"":[],""construct_total_samples"":[],""construct_unattributed_samples"":[],""status"":""err:network"",""status_evidence"":{""kind"":""retryable-transport"",""message"":""[Errno 111] Connection refused""},""construction_requested"":null,""construction_effective"":null,""commit"":""966642a2961472c5f660f752648dc2693518e858"",""batch_id"":""dfac415b5a6cbd6bca05218077d4301d6a1fc0d7ceff3e33f6c2c4c2d61d0e66"",""query_sha256"":""dbc6ab431c394a25feca14ac948b1ff1ee2c7bd219d3350f64cbec9447ef0e16"",""engine"":""graphdb"",""engine_version"":""GraphDB (RDF4J) [engines.json profile]"",""scale"":""100M"",""base_endpoint_sha256"":""e1e370c3c3e41897f966ee22e8c7c98840f6ecade4ccb1698265b03c62141a2f"",""reified_endpoint_sha256"":""2c97fc305990d2aa1e0f09f37216d4d5b1419027440c3151c422415f0c836db8"",""update_endpoint_sha256"":""f3c05af6c7aa3bbf0aae501a61efa32804f36e642d32f61fe21875892b248a8a"",""base_data_identity_sha256"":""8a988dc83f4082a4f27503ba2906dc6b8733b3c02be567635c726c67bbd48314"",""reified_data_identity_sha256"":""16162702ccec82b2a0e27063cd04bd756a27af1f003b4cef0da976d843ef4725"",""update_for"":""reified"",""access_mode"":""writable"",""base_data_name"":""exploratory-base"",""reified_data_name"":""exploratory-reified"",""update_canary_sha256"":""41997fb8640d9e765a0272879a63548eb9bd46bbf6e49da02b7c924e506b94f7"",""store_instance_sha256"":""e6d3d236675cf5aefb65ff5897cc6e142b08e2a2be9e4af928e482100bc8e0bd"",""store_discriminator_sha256"":""2e884d94ace185d62b1b91debf493ccd0a69b83d08e74cf5f1c2be4851b14215"",""tool_sha256"":""7b43c2342d7676aa65cc9ee233b2184c9eae88f2663874af7ab1b83282f94ab4"",""java_runtime_sha256"":""6ffd10b28ab050230cdc1137f0bd16155c3a7c587add7fbe921d985fa92879fe"",""run_identity_sha256"":""a685abd4675cb8679005f8e53df4e013ed39e4fc2eaa3ac018653447405c8729""}"
9eb59b24e2f261a4a30b99e6a5aaf35df28df707,graphdb,GraphDB (RDF4J) [engines.json profile],100M,O,O1,00,0f31130653f6c7f7dad353eb0c056676430f43d831aa1c986bb0e5cfe3f2b72c,B,base-select,ok,7,1137.7,1137.7,1137.7,1137.7,0.0,0,1,3600.0,687,0.0,,,,,0.00876,[1137.674],[0.0],,[],,[],,[],r9.2-frozen-identity-v9,32a7995cfbc4dc222fa8a8149bb1feffe24bd7657e3be399956d1af79ae5f68b,csv-binding-multiset-v1,7,84589d97d01072013f5b2284e4d46de3556ec802c4619a23b16e0d265f377cc7,,,,,,,,e1e370c3c3e41897f966ee22e8c7c98840f6ecade4ccb1698265b03c62141a2f,2c97fc305990d2aa1e0f09f37216d4d5b1419027440c3151c422415f0c836db8,f3c05af6c7aa3bbf0aae501a61efa32804f36e642d32f61fe21875892b248a8a,8a988dc83f4082a4f27503ba2906dc6b8733b3c02be567635c726c67bbd48314,16162702ccec82b2a0e27063cd04bd756a27af1f003b4cef0da976d843ef4725,reified,writable,exploratory-base,exploratory-reified,41997fb8640d9e765a0272879a63548eb9bd46bbf6e49da02b7c924e506b94f7,e6d3d236675cf5aefb65ff5897cc6e142b08e2a2be9e4af928e482100bc8e0bd,2e884d94ace185d62b1b91debf493ccd0a69b83d08e74cf5f1c2be4851b14215,7b43c2342d7676aa65cc9ee233b2184c9eae88f2663874af7ab1b83282f94ab4,6ffd10b28ab050230cdc1137f0bd16155c3a7c587add7fbe921d985fa92879fe,,,,e44c41153d53a2d74493a1b1556621e9987f56c902de9b3dd4a2f15d534207ce,"pcm-meta-v2:{""protocol"":""r9.2-frozen-identity-v9"",""message"":"""",""cell_wall_ms"":1143.718,""answer_kind"":""csv-binding-multiset-v1"",""answer_key_count"":7,""answer_fingerprint"":""84589d97d01072013f5b2284e4d46de3556ec802c4619a23b16e0d265f377cc7"",""c_parse_samples"":[0.0],""c_protocol_samples"":[],""construct_total_samples"":[],""construct_unattributed_samples"":[],""status"":""ok"",""status_evidence"":null,""construction_requested"":null,""construction_effective"":null,""commit"":""9eb59b24e2f261a4a30b99e6a5aaf35df28df707"",""batch_id"":""32a7995cfbc4dc222fa8a8149bb1feffe24bd7657e3be399956d1af79ae5f68b"",""query_sha256"":""0f31130653f6c7f7dad353eb0c056676430f43d831aa1c986bb0e5cfe3f2b72c"",""engine"":""graphdb"",""engine_version"":""GraphDB (RDF4J) [engines.json profile]"",""scale"":""100M"",""base_endpoint_sha256"":""e1e370c3c3e41897f966ee22e8c7c98840f6ecade4ccb1698265b03c62141a2f"",""reified_endpoint_sha256"":""2c97fc305990d2aa1e0f09f37216d4d5b1419027440c3151c422415f0c836db8"",""update_endpoint_sha256"":""f3c05af6c7aa3bbf0aae501a61efa32804f36e642d32f61fe21875892b248a8a"",""base_data_identity_sha256"":""8a988dc83f4082a4f27503ba2906dc6b8733b3c02be567635c726c67bbd48314"",""reified_data_identity_sha256"":""16162702ccec82b2a0e27063cd04bd756a27af1f003b4cef0da976d843ef4725"",""update_for"":""reified"",""access_mode"":""writable"",""base_data_name"":""exploratory-base"",""reified_data_name"":""exploratory-reified"",""update_canary_sha256"":""41997fb8640d9e765a0272879a63548eb9bd46bbf6e49da02b7c924e506b94f7"",""store_instance_sha256"":""e6d3d236675cf5aefb65ff5897cc6e142b08e2a2be9e4af928e482100bc8e0bd"",""store_discriminator_sha256"":""2e884d94ace185d62b1b91debf493ccd0a69b83d08e74cf5f1c2be4851b14215"",""tool_sha256"":""7b43c2342d7676aa65cc9ee233b2184c9eae88f2663874af7ab1b83282f94ab4"",""java_runtime_sha256"":""6ffd10b28ab050230cdc1137f0bd16155c3a7c587add7fbe921d985fa92879fe"",""run_identity_sha256"":""e44c41153d53a2d74493a1b1556621e9987f56c902de9b3dd4a2f15d534207ce""}"
9eb59b24e2f261a4a30b99e6a5aaf35df28df707,graphdb,GraphDB (RDF4J) [engines.json profile],100M,O,O1,00,0f31130653f6c7f7dad353eb0c056676430f43d831aa1c986bb0e5cfe3f2b72c,C,SPARQLcirc CircuitRewriter,ok,7,109665.4,109665.4,109665.4,109665.4,0.0,0,1,3600.0,14544896,1460.2,50355,50348,25167,,373.078046,[109665.356],[1460.16],0.0,[0.0],111174.6,[111174.627],49.1,[49.111],r9.2-frozen-identity-v9,32a7995cfbc4dc222fa8a8149bb1feffe24bd7657e3be399956d1af79ae5f68b,term-aware-candidate-set-v1,7,9222998cbd3c7d639df46729e26c8825e75f6b377a905062ed78071e3d80be85,flat,flat,a481560c950267b4ca0a5758aad9808475874f46fbbdaf16bf5160e8eff8720b,/mnt/nfs/home/ac145595/workspace/rq3-artifacts/circuits/graphdb-100m/0f31130653f6c7f7dad353eb0c056676430f43d831aa1c986bb0e5cfe3f2b72c-a481560c950267b4ca0a5758aad9808475874f46fbbdaf16bf5160e8eff8720b.nt,/mnt/nfs/home/ac145595/workspace/rq3-artifacts/circuits/graphdb-100m/0f31130653f6c7f7dad353eb0c056676430f43d831aa1c986bb0e5cfe3f2b72c-a481560c950267b4ca0a5758aad9808475874f46fbbdaf16bf5160e8eff8720b.json,a45462583a8b0e2a8a037314176876d6a5a9f8eb801ebcf750b0ddaf978aa207,2e8d5e77cb13a3e00cc561da376dac32015e8d0ba1549a11581e28ad52089989,e1e370c3c3e41897f966ee22e8c7c98840f6ecade4ccb1698265b03c62141a2f,2c97fc305990d2aa1e0f09f37216d4d5b1419027440c3151c422415f0c836db8,f3c05af6c7aa3bbf0aae501a61efa32804f36e642d32f61fe21875892b248a8a,8a988dc83f4082a4f27503ba2906dc6b8733b3c02be567635c726c67bbd48314,16162702ccec82b2a0e27063cd04bd756a27af1f003b4cef0da976d843ef4725,reified,writable,exploratory-base,exploratory-reified,41997fb8640d9e765a0272879a63548eb9bd46bbf6e49da02b7c924e506b94f7,e6d3d236675cf5aefb65ff5897cc6e142b08e2a2be9e4af928e482100bc8e0bd,2e884d94ace185d62b1b91debf493ccd0a69b83d08e74cf5f1c2be4851b14215,7b43c2342d7676aa65cc9ee233b2184c9eae88f2663874af7ab1b83282f94ab4,6ffd10b28ab050230cdc1137f0bd16155c3a7c587add7fbe921d985fa92879fe,,,,e44c41153d53a2d74493a1b1556621e9987f56c902de9b3dd4a2f15d534207ce,"pcm-meta-v2:{""protocol"":""r9.2-frozen-identity-v9"",""message"":""C requested=flat effective=flat; steps=5 feedback=0; network includes CONSTRUCT, feedback INSERT, and cleanup DELETE"",""cell_wall_ms"":111853.122,""answer_kind"":""term-aware-candidate-set-v1"",""answer_key_count"":7,""answer_fingerprint"":""9222998cbd3c7d639df46729e26c8825e75f6b377a905062ed78071e3d80be85"",""c_parse_samples"":[1460.16],""c_protocol_samples"":[{""requested_mode"":""flat"",""effective_mode"":""flat"",""fallback_reason"":null,""plan_steps"":5,""feedback_steps"":0,""feedback_triples"":0,""construct_query_ms"":109665.356,""feedback_update_ms"":0.0,""cleanup_ms"":0.0,""client_protocol_ms"":0.0,""network_scope"":""construct+feedback+cleanup"",""circuit_sha256"":""a481560c950267b4ca0a5758aad9808475874f46fbbdaf16bf5160e8eff8720b"",""answer_fingerprint"":""9222998cbd3c7d639df46729e26c8825e75f6b377a905062ed78071e3d80be85"",""semantic_signature_sha256"":""ea204b504063e2e7023775868eacb551a18b324773f3aca55b74a2ef029ebac0"",""structure_signature"":{""gates"":50355,""edges"":50348,""answers"":7,""derivations"":25167,""leaves"":25170,""plus"":25181,""minus"":7,""nodes"":75525,""canonical_bytes"":14544896},""construct_total_ms"":111174.627,""client_unattributed_ms"":49.111}],""construct_total_samples"":[111174.627],""construct_unattributed_samples"":[49.111],""status"":""ok"",""status_evidence"":null,""c_warmup_signatures"":[],""measured_semantic_signature_sha256"":""ea204b504063e2e7023775868eacb551a18b324773f3aca55b74a2ef029ebac0"",""measured_repetitions_consistent"":true,""cache_snapshot_ms"":288.688,""cache_snapshot_scope"":""first-measured-response; deferred until all runs succeeded"",""outside_cell_cache_write_ms"":689.789,""endpoint_lock"":{""wait_ms"":0.006,""lock_path"":""/tmp/sparqlcirc-r9-endpoint-locks-v7/e6d3d236675cf5aefb65ff5897cc6e142b08e2a2be9e4af928e482100bc8e0bd.lock""},""construction_requested"":""flat"",""construction_effective"":""flat"",""circuit_sha256"":""a481560c950267b4ca0a5758aad9808475874f46fbbdaf16bf5160e8eff8720b"",""circuit_triples"":100780,""circuit_bytes"":14544896,""circuit_path"":""/mnt/nfs/home/ac145595/workspace/rq3-artifacts/circuits/graphdb-100m/0f31130653f6c7f7dad353eb0c056676430f43d831aa1c986bb0e5cfe3f2b72c-a481560c950267b4ca0a5758aad9808475874f46fbbdaf16bf5160e8eff8720b.nt"",""metadata_path"":""/mnt/nfs/home/ac145595/workspace/rq3-artifacts/circuits/graphdb-100m/0f31130653f6c7f7dad353eb0c056676430f43d831aa1c986bb0e5cfe3f2b72c-a481560c950267b4ca0a5758aad9808475874f46fbbdaf16bf5160e8eff8720b.json"",""producer_observation_sha256"":""a45462583a8b0e2a8a037314176876d6a5a9f8eb801ebcf750b0ddaf978aa207"",""sidecar_sha256"":""2e8d5e77cb13a3e00cc561da376dac32015e8d0ba1549a11581e28ad52089989"",""commit"":""9eb59b24e2f261a4a30b99e6a5aaf35df28df707"",""batch_id"":""32a7995cfbc4dc222fa8a8149bb1feffe24bd7657e3be399956d1af79ae5f68b"",""query_sha256"":""0f31130653f6c7f7dad353eb0c056676430f43d831aa1c986bb0e5cfe3f2b72c"",""engine"":""graphdb"",""engine_version"":""GraphDB (RDF4J) [engines.json profile]"",""scale"":""100M"",""base_endpoint_sha256"":""e1e370c3c3e41897f966ee22e8c7c98840f6ecade4ccb1698265b03c62141a2f"",""reified_endpoint_sha256"":""2c97fc305990d2aa1e0f09f37216d4d5b1419027440c3151c422415f0c836db8"",""update_endpoint_sha256"":""f3c05af6c7aa3bbf0aae501a61efa32804f36e642d32f61fe21875892b248a8a"",""base_data_identity_sha256"":""8a988dc83f4082a4f27503ba2906dc6b8733b3c02be567635c726c67bbd48314"",""reified_data_identity_sha256"":""16162702ccec82b2a0e27063cd04bd756a27af1f003b4cef0da976d843ef4725"",""update_for"":""reified"",""access_mode"":""writable"",""base_data_name"":""exploratory-base"",""reified_data_name"":""exploratory-reified"",""update_canary_sha256"":""41997fb8640d9e765a0272879a63548eb9bd46bbf6e49da02b7c924e506b94f7"",""store_instance_sha256"":""e6d3d236675cf5aefb65ff5897cc6e142b08e2a2be9e4af928e482100bc8e0bd"",""store_discriminator_sha256"":""2e884d94ace185d62b1b91debf493ccd0a69b83d08e74cf5f1c2be4851b14215"",""tool_sha256"":""7b43c2342d7676aa65cc9ee233b2184c9eae88f2663874af7ab1b83282f94ab4"",""java_runtime_sha256"":""6ffd10b28ab050230cdc1137f0bd16155c3a7c587add7fbe921d985fa92879fe"",""run_identity_sha256"":""e44c41153d53a2d74493a1b1556621e9987f56c902de9b3dd4a2f15d534207ce""}"
9eb59b24e2f261a4a30b99e6a5aaf35df28df707,graphdb,GraphDB (RDF4J) [engines.json profile],100M,O,O1,00,0f31130653f6c7f7dad353eb0c056676430f43d831aa1c986bb0e5cfe3f2b72c,N,N_clean (NPCS reimplementation),ok,7,3855.8,3855.8,3855.8,3855.8,0.0,0,1,3600.0,1131,0.0,,,,7,182.822342,[3855.831],[0.0],,[],,[],,[],r9.2-frozen-identity-v9,32a7995cfbc4dc222fa8a8149bb1feffe24bd7657e3be399956d1af79ae5f68b,csv-candidate-multiset-v1,7,84589d97d01072013f5b2284e4d46de3556ec802c4619a23b16e0d265f377cc7,,,,,,,,e1e370c3c3e41897f966ee22e8c7c98840f6ecade4ccb1698265b03c62141a2f,2c97fc305990d2aa1e0f09f37216d4d5b1419027440c3151c422415f0c836db8,f3c05af6c7aa3bbf0aae501a61efa32804f36e642d32f61fe21875892b248a8a,8a988dc83f4082a4f27503ba2906dc6b8733b3c02be567635c726c67bbd48314,16162702ccec82b2a0e27063cd04bd756a27af1f003b4cef0da976d843ef4725,reified,writable,exploratory-base,exploratory-reified,41997fb8640d9e765a0272879a63548eb9bd46bbf6e49da02b7c924e506b94f7,e6d3d236675cf5aefb65ff5897cc6e142b08e2a2be9e4af928e482100bc8e0bd,2e884d94ace185d62b1b91debf493ccd0a69b83d08e74cf5f1c2be4851b14215,7b43c2342d7676aa65cc9ee233b2184c9eae88f2663874af7ab1b83282f94ab4,6ffd10b28ab050230cdc1137f0bd16155c3a7c587add7fbe921d985fa92879fe,21,7,14,e44c41153d53a2d74493a1b1556621e9987f56c902de9b3dd4a2f15d534207ce,"pcm-meta-v2:{""protocol"":""r9.2-frozen-identity-v9"",""message"":"""",""cell_wall_ms"":4045.269,""answer_kind"":""csv-candidate-multiset-v1"",""answer_key_count"":7,""answer_fingerprint"":""84589d97d01072013f5b2284e4d46de3556ec802c4619a23b16e0d265f377cc7"",""c_parse_samples"":[0.0],""c_protocol_samples"":[],""construct_total_samples"":[],""construct_unattributed_samples"":[],""status"":""ok"",""status_evidence"":null,""construction_requested"":null,""construction_effective"":null,""commit"":""9eb59b24e2f261a4a30b99e6a5aaf35df28df707"",""batch_id"":""32a7995cfbc4dc222fa8a8149bb1feffe24bd7657e3be399956d1af79ae5f68b"",""query_sha256"":""0f31130653f6c7f7dad353eb0c056676430f43d831aa1c986bb0e5cfe3f2b72c"",""engine"":""graphdb"",""engine_version"":""GraphDB (RDF4J) [engines.json profile]"",""scale"":""100M"",""base_endpoint_sha256"":""e1e370c3c3e41897f966ee22e8c7c98840f6ecade4ccb1698265b03c62141a2f"",""reified_endpoint_sha256"":""2c97fc305990d2aa1e0f09f37216d4d5b1419027440c3151c422415f0c836db8"",""update_endpoint_sha256"":""f3c05af6c7aa3bbf0aae501a61efa32804f36e642d32f61fe21875892b248a8a"",""base_data_identity_sha256"":""8a988dc83f4082a4f27503ba2906dc6b8733b3c02be567635c726c67bbd48314"",""reified_data_identity_sha256"":""16162702ccec82b2a0e27063cd04bd756a27af1f003b4cef0da976d843ef4725"",""update_for"":""reified"",""access_mode"":""writable"",""base_data_name"":""exploratory-base"",""reified_data_name"":""exploratory-reified"",""update_canary_sha256"":""41997fb8640d9e765a0272879a63548eb9bd46bbf6e49da02b7c924e506b94f7"",""store_instance_sha256"":""e6d3d236675cf5aefb65ff5897cc6e142b08e2a2be9e4af928e482100bc8e0bd"",""store_discriminator_sha256"":""2e884d94ace185d62b1b91debf493ccd0a69b83d08e74cf5f1c2be4851b14215"",""tool_sha256"":""7b43c2342d7676aa65cc9ee233b2184c9eae88f2663874af7ab1b83282f94ab4"",""java_runtime_sha256"":""6ffd10b28ab050230cdc1137f0bd16155c3a7c587add7fbe921d985fa92879fe"",""run_identity_sha256"":""e44c41153d53a2d74493a1b1556621e9987f56c902de9b3dd4a2f15d534207ce""}"
9eb59b24e2f261a4a30b99e6a5aaf35df28df707,graphdb,GraphDB (RDF4J) [engines.json profile],100M,O,O1,00,0f31130653f6c7f7dad353eb0c056676430f43d831aa1c986bb0e5cfe3f2b72c,R,reification-only,ok,7,39.6,39.6,39.6,39.6,0.0,0,1,3600.0,687,0.0,,,,,161.170229,[39.568],[0.0],,[],,[],,[],r9.2-frozen-identity-v9,32a7995cfbc4dc222fa8a8149bb1feffe24bd7657e3be399956d1af79ae5f68b,csv-binding-multiset-v1,7,84589d97d01072013f5b2284e4d46de3556ec802c4619a23b16e0d265f377cc7,,,,,,,,e1e370c3c3e41897f966ee22e8c7c98840f6ecade4ccb1698265b03c62141a2f,2c97fc305990d2aa1e0f09f37216d4d5b1419027440c3151c422415f0c836db8,f3c05af6c7aa3bbf0aae501a61efa32804f36e642d32f61fe21875892b248a8a,8a988dc83f4082a4f27503ba2906dc6b8733b3c02be567635c726c67bbd48314,16162702ccec82b2a0e27063cd04bd756a27af1f003b4cef0da976d843ef4725,reified,writable,exploratory-base,exploratory-reified,41997fb8640d9e765a0272879a63548eb9bd46bbf6e49da02b7c924e506b94f7,e6d3d236675cf5aefb65ff5897cc6e142b08e2a2be9e4af928e482100bc8e0bd,2e884d94ace185d62b1b91debf493ccd0a69b83d08e74cf5f1c2be4851b14215,7b43c2342d7676aa65cc9ee233b2184c9eae88f2663874af7ab1b83282f94ab4,6ffd10b28ab050230cdc1137f0bd16155c3a7c587add7fbe921d985fa92879fe,,,,e44c41153d53a2d74493a1b1556621e9987f56c902de9b3dd4a2f15d534207ce,"pcm-meta-v2:{""protocol"":""r9.2-frozen-identity-v9"",""message"":"""",""cell_wall_ms"":207.222,""answer_kind"":""csv-binding-multiset-v1"",""answer_key_count"":7,""answer_fingerprint"":""84589d97d01072013f5b2284e4d46de3556ec802c4619a23b16e0d265f377cc7"",""c_parse_samples"":[0.0],""c_protocol_samples"":[],""construct_total_samples"":[],""construct_unattributed_samples"":[],""status"":""ok"",""status_evidence"":null,""construction_requested"":null,""construction_effective"":null,""commit"":""9eb59b24e2f261a4a30b99e6a5aaf35df28df707"",""batch_id"":""32a7995cfbc4dc222fa8a8149bb1feffe24bd7657e3be399956d1af79ae5f68b"",""query_sha256"":""0f31130653f6c7f7dad353eb0c056676430f43d831aa1c986bb0e5cfe3f2b72c"",""engine"":""graphdb"",""engine_version"":""GraphDB (RDF4J) [engines.json profile]"",""scale"":""100M"",""base_endpoint_sha256"":""e1e370c3c3e41897f966ee22e8c7c98840f6ecade4ccb1698265b03c62141a2f"",""reified_endpoint_sha256"":""2c97fc305990d2aa1e0f09f37216d4d5b1419027440c3151c422415f0c836db8"",""update_endpoint_sha256"":""f3c05af6c7aa3bbf0aae501a61efa32804f36e642d32f61fe21875892b248a8a"",""base_data_identity_sha256"":""8a988dc83f4082a4f27503ba2906dc6b8733b3c02be567635c726c67bbd48314"",""reified_data_identity_sha256"":""16162702ccec82b2a0e27063cd04bd756a27af1f003b4cef0da976d843ef4725"",""update_for"":""reified"",""access_mode"":""writable"",""base_data_name"":""exploratory-base"",""reified_data_name"":""exploratory-reified"",""update_canary_sha256"":""41997fb8640d9e765a0272879a63548eb9bd46bbf6e49da02b7c924e506b94f7"",""store_instance_sha256"":""e6d3d236675cf5aefb65ff5897cc6e142b08e2a2be9e4af928e482100bc8e0bd"",""store_discriminator_sha256"":""2e884d94ace185d62b1b91debf493ccd0a69b83d08e74cf5f1c2be4851b14215"",""tool_sha256"":""7b43c2342d7676aa65cc9ee233b2184c9eae88f2663874af7ab1b83282f94ab4"",""java_runtime_sha256"":""6ffd10b28ab050230cdc1137f0bd16155c3a7c587add7fbe921d985fa92879fe"",""run_identity_sha256"":""e44c41153d53a2d74493a1b1556621e9987f56c902de9b3dd4a2f15d534207ce""}"
9eb59b24e2f261a4a30b99e6a5aaf35df28df707,graphdb,GraphDB (RDF4J) [engines.json profile],100M,O,O2,00,e2353d138cc41a9c8013909b8e8b380cf7ba04e2544b8ca784e13ce0c7009eb6,B,base-select,ok,18,10.2,10.2,10.2,10.2,0.0,0,1,3600.0,1213,0.0,,,,,0.00659,[10.232],[0.0],,[],,[],,[],r9.2-frozen-identity-v9,32a7995cfbc4dc222fa8a8149bb1feffe24bd7657e3be399956d1af79ae5f68b,csv-binding-multiset-v1,18,2629685ca00c93979e7b23970f12f8ac86f999dac6e93c089b7ee9fb433876d6,,,,,,,,e1e370c3c3e41897f966ee22e8c7c98840f6ecade4ccb1698265b03c62141a2f,2c97fc305990d2aa1e0f09f37216d4d5b1419027440c3151c422415f0c836db8,f3c05af6c7aa3bbf0aae501a61efa32804f36e642d32f61fe21875892b248a8a,8a988dc83f4082a4f27503ba2906dc6b8733b3c02be567635c726c67bbd48314,16162702ccec82b2a0e27063cd04bd756a27af1f003b4cef0da976d843ef4725,reified,writable,exploratory-base,exploratory-reified,41997fb8640d9e765a0272879a63548eb9bd46bbf6e49da02b7c924e506b94f7,e6d3d236675cf5aefb65ff5897cc6e142b08e2a2be9e4af928e482100bc8e0bd,2e884d94ace185d62b1b91debf493ccd0a69b83d08e74cf5f1c2be4851b14215,7b43c2342d7676aa65cc9ee233b2184c9eae88f2663874af7ab1b83282f94ab4,6ffd10b28ab050230cdc1137f0bd16155c3a7c587add7fbe921d985fa92879fe,,,,0e0f1f3bb19fda5225afc5fc3c44e5a6fe87b4b8c7eb4f5645ac09073bd4cd14,"pcm-meta-v2:{""protocol"":""r9.2-frozen-identity-v9"",""message"":"""",""cell_wall_ms"":15.718,""answer_kind"":""csv-binding-multiset-v1"",""answer_key_count"":18,""answer_fingerprint"":""2629685ca00c93979e7b23970f12f8ac86f999dac6e93c089b7ee9fb433876d6"",""c_parse_samples"":[0.0],""c_protocol_samples"":[],""construct_total_samples"":[],""construct_unattributed_samples"":[],""status"":""ok"",""status_evidence"":null,""construction_requested"":null,""construction_effective"":null,""commit"":""9eb59b24e2f261a4a30b99e6a5aaf35df28df707"",""batch_id"":""32a7995cfbc4dc222fa8a8149bb1feffe24bd7657e3be399956d1af79ae5f68b"",""query_sha256"":""e2353d138cc41a9c8013909b8e8b380cf7ba04e2544b8ca784e13ce0c7009eb6"",""engine"":""graphdb"",""engine_version"":""GraphDB (RDF4J) [engines.json profile]"",""scale"":""100M"",""base_endpoint_sha256"":""e1e370c3c3e41897f966ee22e8c7c98840f6ecade4ccb1698265b03c62141a2f"",""reified_endpoint_sha256"":""2c97fc305990d2aa1e0f09f37216d4d5b1419027440c3151c422415f0c836db8"",""update_endpoint_sha256"":""f3c05af6c7aa3bbf0aae501a61efa32804f36e642d32f61fe21875892b248a8a"",""base_data_identity_sha256"":""8a988dc83f4082a4f27503ba2906dc6b8733b3c02be567635c726c67bbd48314"",""reified_data_identity_sha256"":""16162702ccec82b2a0e27063cd04bd756a27af1f003b4cef0da976d843ef4725"",""update_for"":""reified"",""access_mode"":""writable"",""base_data_name"":""exploratory-base"",""reified_data_name"":""exploratory-reified"",""update_canary_sha256"":""41997fb8640d9e765a0272879a63548eb9bd46bbf6e49da02b7c924e506b94f7"",""store_instance_sha256"":""e6d3d236675cf5aefb65ff5897cc6e142b08e2a2be9e4af928e482100bc8e0bd"",""store_discriminator_sha256"":""2e884d94ace185d62b1b91debf493ccd0a69b83d08e74cf5f1c2be4851b14215"",""tool_sha256"":""7b43c2342d7676aa65cc9ee233b2184c9eae88f2663874af7ab1b83282f94ab4"",""java_runtime_sha256"":""6ffd10b28ab050230cdc1137f0bd16155c3a7c587add7fbe921d985fa92879fe"",""run_identity_sha256"":""0e0f1f3bb19fda5225afc5fc3c44e5a6fe87b4b8c7eb4f5645ac09073bd4cd14""}"
9eb59b24e2f261a4a30b99e6a5aaf35df28df707,graphdb,GraphDB (RDF4J) [engines.json profile],100M,O,O2,00,e2353d138cc41a9c8013909b8e8b380cf7ba04e2544b8ca784e13ce0c7009eb6,C,SPARQLcirc CircuitRewriter,ok,21,195951.3,195951.3,195951.3,195951.3,0.0,0,1,3600.0,646975262,85761.6,2238194,2238180,1119076,,360.726539,[195951.293],[85761.641],0.0,[0.0],286890.7,[286890.709],5177.8,[5177.775],r9.2-frozen-identity-v9,32a7995cfbc4dc222fa8a8149bb1feffe24bd7657e3be399956d1af79ae5f68b,term-aware-candidate-set-v1,21,f8fa42cd43dfade6ccb134f506e6e683f6261ed86e5fb6b0854246528e81e06a,flat,flat,14d4b823d2d7634ff6a56b229e8cd4b6b5aae31720eec4c5d55534f310192675,/mnt/nfs/home/ac145595/workspace/rq3-artifacts/circuits/graphdb-100m/e2353d138cc41a9c8013909b8e8b380cf7ba04e2544b8ca784e13ce0c7009eb6-14d4b823d2d7634ff6a56b229e8cd4b6b5aae31720eec4c5d55534f310192675.nt,/mnt/nfs/home/ac145595/workspace/rq3-artifacts/circuits/graphdb-100m/e2353d138cc41a9c8013909b8e8b380cf7ba04e2544b8ca784e13ce0c7009eb6-14d4b823d2d7634ff6a56b229e8cd4b6b5aae31720eec4c5d55534f310192675.json,5c7ec549a629d0ed63856d1c4b464a7f8cbd58c5c24ec3a61c73ef35fbcb4a38,64f13fdcad635ebf54e6aba260967276523eefa11c88d5a09e6ac8e379dadf16,e1e370c3c3e41897f966ee22e8c7c98840f6ecade4ccb1698265b03c62141a2f,2c97fc305990d2aa1e0f09f37216d4d5b1419027440c3151c422415f0c836db8,f3c05af6c7aa3bbf0aae501a61efa32804f36e642d32f61fe21875892b248a8a,8a988dc83f4082a4f27503ba2906dc6b8733b3c02be567635c726c67bbd48314,16162702ccec82b2a0e27063cd04bd756a27af1f003b4cef0da976d843ef4725,reified,writable,exploratory-base,exploratory-reified,41997fb8640d9e765a0272879a63548eb9bd46bbf6e49da02b7c924e506b94f7,e6d3d236675cf5aefb65ff5897cc6e142b08e2a2be9e4af928e482100bc8e0bd,2e884d94ace185d62b1b91debf493ccd0a69b83d08e74cf5f1c2be4851b14215,7b43c2342d7676aa65cc9ee233b2184c9eae88f2663874af7ab1b83282f94ab4,6ffd10b28ab050230cdc1137f0bd16155c3a7c587add7fbe921d985fa92879fe,,,,0e0f1f3bb19fda5225afc5fc3c44e5a6fe87b4b8c7eb4f5645ac09073bd4cd14,"pcm-meta-v2:{""protocol"":""r9.2-frozen-identity-v9"",""message"":""C requested=flat effective=flat; steps=5 feedback=0; network includes CONSTRUCT, feedback INSERT, and cleanup DELETE"",""cell_wall_ms"":304975.492,""answer_kind"":""term-aware-candidate-set-v1"",""answer_key_count"":21,""answer_fingerprint"":""f8fa42cd43dfade6ccb134f506e6e683f6261ed86e5fb6b0854246528e81e06a"",""c_parse_samples"":[85761.641],""c_protocol_samples"":[{""requested_mode"":""flat"",""effective_mode"":""flat"",""fallback_reason"":null,""plan_steps"":5,""feedback_steps"":0,""feedback_triples"":0,""construct_query_ms"":195951.293,""feedback_update_ms"":0.0,""cleanup_ms"":0.0,""client_protocol_ms"":0.0,""network_scope"":""construct+feedback+cleanup"",""circuit_sha256"":""14d4b823d2d7634ff6a56b229e8cd4b6b5aae31720eec4c5d55534f310192675"",""answer_fingerprint"":""f8fa42cd43dfade6ccb134f506e6e683f6261ed86e5fb6b0854246528e81e06a"",""semantic_signature_sha256"":""b987deea85ac8bb690894921a7da96cafb96996901f97ce17341f728983c33cd"",""structure_signature"":{""gates"":2238194,""edges"":2238180,""answers"":21,""derivations"":1119076,""leaves"":1119069,""plus"":1119104,""minus"":14,""nodes"":3357263,""canonical_bytes"":646975262},""construct_total_ms"":286890.709,""client_unattributed_ms"":5177.775}],""construct_total_samples"":[286890.709],""construct_unattributed_samples"":[5177.775],""status"":""ok"",""status_evidence"":null,""c_warmup_signatures"":[],""measured_semantic_signature_sha256"":""b987deea85ac8bb690894921a7da96cafb96996901f97ce17341f728983c33cd"",""measured_repetitions_consistent"":true,""cache_snapshot_ms"":17292.669,""cache_snapshot_scope"":""first-measured-response; deferred until all runs succeeded"",""outside_cell_cache_write_ms"":37217.432,""endpoint_lock"":{""wait_ms"":0.006,""lock_path"":""/tmp/sparqlcirc-r9-endpoint-locks-v7/e6d3d236675cf5aefb65ff5897cc6e142b08e2a2be9e4af928e482100bc8e0bd.lock""},""construction_requested"":""flat"",""construction_effective"":""flat"",""circuit_sha256"":""14d4b823d2d7634ff6a56b229e8cd4b6b5aae31720eec4c5d55534f310192675"",""circuit_triples"":4476535,""circuit_bytes"":646975262,""circuit_path"":""/mnt/nfs/home/ac145595/workspace/rq3-artifacts/circuits/graphdb-100m/e2353d138cc41a9c8013909b8e8b380cf7ba04e2544b8ca784e13ce0c7009eb6-14d4b823d2d7634ff6a56b229e8cd4b6b5aae31720eec4c5d55534f310192675.nt"",""metadata_path"":""/mnt/nfs/home/ac145595/workspace/rq3-artifacts/circuits/graphdb-100m/e2353d138cc41a9c8013909b8e8b380cf7ba04e2544b8ca784e13ce0c7009eb6-14d4b823d2d7634ff6a56b229e8cd4b6b5aae31720eec4c5d55534f310192675.json"",""producer_observation_sha256"":""5c7ec549a629d0ed63856d1c4b464a7f8cbd58c5c24ec3a61c73ef35fbcb4a38"",""sidecar_sha256"":""64f13fdcad635ebf54e6aba260967276523eefa11c88d5a09e6ac8e379dadf16"",""commit"":""9eb59b24e2f261a4a30b99e6a5aaf35df28df707"",""batch_id"":""32a7995cfbc4dc222fa8a8149bb1feffe24bd7657e3be399956d1af79ae5f68b"",""query_sha256"":""e2353d138cc41a9c8013909b8e8b380cf7ba04e2544b8ca784e13ce0c7009eb6"",""engine"":""graphdb"",""engine_version"":""GraphDB (RDF4J) [engines.json profile]"",""scale"":""100M"",""base_endpoint_sha256"":""e1e370c3c3e41897f966ee22e8c7c98840f6ecade4ccb1698265b03c62141a2f"",""reified_endpoint_sha256"":""2c97fc305990d2aa1e0f09f37216d4d5b1419027440c3151c422415f0c836db8"",""update_endpoint_sha256"":""f3c05af6c7aa3bbf0aae501a61efa32804f36e642d32f61fe21875892b248a8a"",""base_data_identity_sha256"":""8a988dc83f4082a4f27503ba2906dc6b8733b3c02be567635c726c67bbd48314"",""reified_data_identity_sha256"":""16162702ccec82b2a0e27063cd04bd756a27af1f003b4cef0da976d843ef4725"",""update_for"":""reified"",""access_mode"":""writable"",""base_data_name"":""exploratory-base"",""reified_data_name"":""exploratory-reified"",""update_canary_sha256"":""41997fb8640d9e765a0272879a63548eb9bd46bbf6e49da02b7c924e506b94f7"",""store_instance_sha256"":""e6d3d236675cf5aefb65ff5897cc6e142b08e2a2be9e4af928e482100bc8e0bd"",""store_discriminator_sha256"":""2e884d94ace185d62b1b91debf493ccd0a69b83d08e74cf5f1c2be4851b14215"",""tool_sha256"":""7b43c2342d7676aa65cc9ee233b2184c9eae88f2663874af7ab1b83282f94ab4"",""java_runtime_sha256"":""6ffd10b28ab050230cdc1137f0bd16155c3a7c587add7fbe921d985fa92879fe"",""run_identity_sha256"":""0e0f1f3bb19fda5225afc5fc3c44e5a6fe87b4b8c7eb4f5645ac09073bd4cd14""}"
9eb59b24e2f261a4a30b99e6a5aaf35df28df707,graphdb,GraphDB (RDF4J) [engines.json profile],100M,O,O2,00,e2353d138cc41a9c8013909b8e8b380cf7ba04e2544b8ca784e13ce0c7009eb6,N,N_clean (NPCS reimplementation),ok,21,28548.0,28548.0,28548.0,28548.0,0.0,0,1,3600.0,2509,0.0,,,,28,187.720987,[28548.003],[0.0],,[],,[],,[],r9.2-frozen-identity-v9,32a7995cfbc4dc222fa8a8149bb1feffe24bd7657e3be399956d1af79ae5f68b,csv-candidate-multiset-v1,21,2db12e16d7498a37ce319e8e25b79a63bd144c4f4031dda6327e6a75af74f23f,,,,,,,,e1e370c3c3e41897f966ee22e8c7c98840f6ecade4ccb1698265b03c62141a2f,2c97fc305990d2aa1e0f09f37216d4d5b1419027440c3151c422415f0c836db8,f3c05af6c7aa3bbf0aae501a61efa32804f36e642d32f61fe21875892b248a8a,8a988dc83f4082a4f27503ba2906dc6b8733b3c02be567635c726c67bbd48314,16162702ccec82b2a0e27063cd04bd756a27af1f003b4cef0da976d843ef4725,reified,writable,exploratory-base,exploratory-reified,41997fb8640d9e765a0272879a63548eb9bd46bbf6e49da02b7c924e506b94f7,e6d3d236675cf5aefb65ff5897cc6e142b08e2a2be9e4af928e482100bc8e0bd,2e884d94ace185d62b1b91debf493ccd0a69b83d08e74cf5f1c2be4851b14215,7b43c2342d7676aa65cc9ee233b2184c9eae88f2663874af7ab1b83282f94ab4,6ffd10b28ab050230cdc1137f0bd16155c3a7c587add7fbe921d985fa92879fe,59,14,39,0e0f1f3bb19fda5225afc5fc3c44e5a6fe87b4b8c7eb4f5645ac09073bd4cd14,"pcm-meta-v2:{""protocol"":""r9.2-frozen-identity-v9"",""message"":"""",""cell_wall_ms"":28742.194,""answer_kind"":""csv-candidate-multiset-v1"",""answer_key_count"":21,""answer_fingerprint"":""2db12e16d7498a37ce319e8e25b79a63bd144c4f4031dda6327e6a75af74f23f"",""c_parse_samples"":[0.0],""c_protocol_samples"":[],""construct_total_samples"":[],""construct_unattributed_samples"":[],""status"":""ok"",""status_evidence"":null,""construction_requested"":null,""construction_effective"":null,""commit"":""9eb59b24e2f261a4a30b99e6a5aaf35df28df707"",""batch_id"":""32a7995cfbc4dc222fa8a8149bb1feffe24bd7657e3be399956d1af79ae5f68b"",""query_sha256"":""e2353d138cc41a9c8013909b8e8b380cf7ba04e2544b8ca784e13ce0c7009eb6"",""engine"":""graphdb"",""engine_version"":""GraphDB (RDF4J) [engines.json profile]"",""scale"":""100M"",""base_endpoint_sha256"":""e1e370c3c3e41897f966ee22e8c7c98840f6ecade4ccb1698265b03c62141a2f"",""reified_endpoint_sha256"":""2c97fc305990d2aa1e0f09f37216d4d5b1419027440c3151c422415f0c836db8"",""update_endpoint_sha256"":""f3c05af6c7aa3bbf0aae501a61efa32804f36e642d32f61fe21875892b248a8a"",""base_data_identity_sha256"":""8a988dc83f4082a4f27503ba2906dc6b8733b3c02be567635c726c67bbd48314"",""reified_data_identity_sha256"":""16162702ccec82b2a0e27063cd04bd756a27af1f003b4cef0da976d843ef4725"",""update_for"":""reified"",""access_mode"":""writable"",""base_data_name"":""exploratory-base"",""reified_data_name"":""exploratory-reified"",""update_canary_sha256"":""41997fb8640d9e765a0272879a63548eb9bd46bbf6e49da02b7c924e506b94f7"",""store_instance_sha256"":""e6d3d236675cf5aefb65ff5897cc6e142b08e2a2be9e4af928e482100bc8e0bd"",""store_discriminator_sha256"":""2e884d94ace185d62b1b91debf493ccd0a69b83d08e74cf5f1c2be4851b14215"",""tool_sha256"":""7b43c2342d7676aa65cc9ee233b2184c9eae88f2663874af7ab1b83282f94ab4"",""java_runtime_sha256"":""6ffd10b28ab050230cdc1137f0bd16155c3a7c587add7fbe921d985fa92879fe"",""run_identity_sha256"":""0e0f1f3bb19fda5225afc5fc3c44e5a6fe87b4b8c7eb4f5645ac09073bd4cd14""}"
9eb59b24e2f261a4a30b99e6a5aaf35df28df707,graphdb,GraphDB (RDF4J) [engines.json profile],100M,O,O2,00,e2353d138cc41a9c8013909b8e8b380cf7ba04e2544b8ca784e13ce0c7009eb6,R,reification-only,ok,18,9.8,9.8,9.8,9.8,0.0,0,1,3600.0,1213,0.0,,,,,157.047767,[9.845],[0.0],,[],,[],,[],r9.2-frozen-identity-v9,32a7995cfbc4dc222fa8a8149bb1feffe24bd7657e3be399956d1af79ae5f68b,csv-binding-multiset-v1,18,2629685ca00c93979e7b23970f12f8ac86f999dac6e93c089b7ee9fb433876d6,,,,,,,,e1e370c3c3e41897f966ee22e8c7c98840f6ecade4ccb1698265b03c62141a2f,2c97fc305990d2aa1e0f09f37216d4d5b1419027440c3151c422415f0c836db8,f3c05af6c7aa3bbf0aae501a61efa32804f36e642d32f61fe21875892b248a8a,8a988dc83f4082a4f27503ba2906dc6b8733b3c02be567635c726c67bbd48314,16162702ccec82b2a0e27063cd04bd756a27af1f003b4cef0da976d843ef4725,reified,writable,exploratory-base,exploratory-reified,41997fb8640d9e765a0272879a63548eb9bd46bbf6e49da02b7c924e506b94f7,e6d3d236675cf5aefb65ff5897cc6e142b08e2a2be9e4af928e482100bc8e0bd,2e884d94ace185d62b1b91debf493ccd0a69b83d08e74cf5f1c2be4851b14215,7b43c2342d7676aa65cc9ee233b2184c9eae88f2663874af7ab1b83282f94ab4,6ffd10b28ab050230cdc1137f0bd16155c3a7c587add7fbe921d985fa92879fe,,,,0e0f1f3bb19fda5225afc5fc3c44e5a6fe87b4b8c7eb4f5645ac09073bd4cd14,"pcm-meta-v2:{""protocol"":""r9.2-frozen-identity-v9"",""message"":"""",""cell_wall_ms"":173.542,""answer_kind"":""csv-binding-multiset-v1"",""answer_key_count"":18,""answer_fingerprint"":""2629685ca00c93979e7b23970f12f8ac86f999dac6e93c089b7ee9fb433876d6"",""c_parse_samples"":[0.0],""c_protocol_samples"":[],""construct_total_samples"":[],""construct_unattributed_samples"":[],""status"":""ok"",""status_evidence"":null,""construction_requested"":null,""construction_effective"":null,""commit"":""9eb59b24e2f261a4a30b99e6a5aaf35df28df707"",""batch_id"":""32a7995cfbc4dc222fa8a8149bb1feffe24bd7657e3be399956d1af79ae5f68b"",""query_sha256"":""e2353d138cc41a9c8013909b8e8b380cf7ba04e2544b8ca784e13ce0c7009eb6"",""engine"":""graphdb"",""engine_version"":""GraphDB (RDF4J) [engines.json profile]"",""scale"":""100M"",""base_endpoint_sha256"":""e1e370c3c3e41897f966ee22e8c7c98840f6ecade4ccb1698265b03c62141a2f"",""reified_endpoint_sha256"":""2c97fc305990d2aa1e0f09f37216d4d5b1419027440c3151c422415f0c836db8"",""update_endpoint_sha256"":""f3c05af6c7aa3bbf0aae501a61efa32804f36e642d32f61fe21875892b248a8a"",""base_data_identity_sha256"":""8a988dc83f4082a4f27503ba2906dc6b8733b3c02be567635c726c67bbd48314"",""reified_data_identity_sha256"":""16162702ccec82b2a0e27063cd04bd756a27af1f003b4cef0da976d843ef4725"",""update_for"":""reified"",""access_mode"":""writable"",""base_data_name"":""exploratory-base"",""reified_data_name"":""exploratory-reified"",""update_canary_sha256"":""41997fb8640d9e765a0272879a63548eb9bd46bbf6e49da02b7c924e506b94f7"",""store_instance_sha256"":""e6d3d236675cf5aefb65ff5897cc6e142b08e2a2be9e4af928e482100bc8e0bd"",""store_discriminator_sha256"":""2e884d94ace185d62b1b91debf493ccd0a69b83d08e74cf5f1c2be4851b14215"",""tool_sha256"":""7b43c2342d7676aa65cc9ee233b2184c9eae88f2663874af7ab1b83282f94ab4"",""java_runtime_sha256"":""6ffd10b28ab050230cdc1137f0bd16155c3a7c587add7fbe921d985fa92879fe"",""run_identity_sha256"":""0e0f1f3bb19fda5225afc5fc3c44e5a6fe87b4b8c7eb4f5645ac09073bd4cd14""}"
9eb59b24e2f261a4a30b99e6a5aaf35df28df707,graphdb,GraphDB (RDF4J) [engines.json profile],100M,O,O3,00,8600634422cefcb5ad7bc23d2acb693e5f8bf0686ad4714d2eba90a935b2f2b3,B,base-select,ok,2914,305.2,305.2,305.2,305.2,0.0,0,1,3600.0,186473,0.0,,,,,0.00784,[305.176],[0.0],,[],,[],,[],r9.2-frozen-identity-v9,32a7995cfbc4dc222fa8a8149bb1feffe24bd7657e3be399956d1af79ae5f68b,csv-binding-multiset-v1,2914,29e150e168c60e111a4ba6eccb9f7de847be409dd939e4d7e691fe8a78988f9f,,,,,,,,e1e370c3c3e41897f966ee22e8c7c98840f6ecade4ccb1698265b03c62141a2f,2c97fc305990d2aa1e0f09f37216d4d5b1419027440c3151c422415f0c836db8,f3c05af6c7aa3bbf0aae501a61efa32804f36e642d32f61fe21875892b248a8a,8a988dc83f4082a4f27503ba2906dc6b8733b3c02be567635c726c67bbd48314,16162702ccec82b2a0e27063cd04bd756a27af1f003b4cef0da976d843ef4725,reified,writable,exploratory-base,exploratory-reified,41997fb8640d9e765a0272879a63548eb9bd46bbf6e49da02b7c924e506b94f7,e6d3d236675cf5aefb65ff5897cc6e142b08e2a2be9e4af928e482100bc8e0bd,2e884d94ace185d62b1b91debf493ccd0a69b83d08e74cf5f1c2be4851b14215,7b43c2342d7676aa65cc9ee233b2184c9eae88f2663874af7ab1b83282f94ab4,6ffd10b28ab050230cdc1137f0bd16155c3a7c587add7fbe921d985fa92879fe,,,,782c486b594fc92346cc2493612d04a7fc1c2c099cce6ab57c5842c4d17e6ece,"pcm-meta-v2:{""protocol"":""r9.2-frozen-identity-v9"",""message"":"""",""cell_wall_ms"":327.387,""answer_kind"":""csv-binding-multiset-v1"",""answer_key_count"":2914,""answer_fingerprint"":""29e150e168c60e111a4ba6eccb9f7de847be409dd939e4d7e691fe8a78988f9f"",""c_parse_samples"":[0.0],""c_protocol_samples"":[],""construct_total_samples"":[],""construct_unattributed_samples"":[],""status"":""ok"",""status_evidence"":null,""construction_requested"":null,""construction_effective"":null,""commit"":""9eb59b24e2f261a4a30b99e6a5aaf35df28df707"",""batch_id"":""32a7995cfbc4dc222fa8a8149bb1feffe24bd7657e3be399956d1af79ae5f68b"",""query_sha256"":""8600634422cefcb5ad7bc23d2acb693e5f8bf0686ad4714d2eba90a935b2f2b3"",""engine"":""graphdb"",""engine_version"":""GraphDB (RDF4J) [engines.json profile]"",""scale"":""100M"",""base_endpoint_sha256"":""e1e370c3c3e41897f966ee22e8c7c98840f6ecade4ccb1698265b03c62141a2f"",""reified_endpoint_sha256"":""2c97fc305990d2aa1e0f09f37216d4d5b1419027440c3151c422415f0c836db8"",""update_endpoint_sha256"":""f3c05af6c7aa3bbf0aae501a61efa32804f36e642d32f61fe21875892b248a8a"",""base_data_identity_sha256"":""8a988dc83f4082a4f27503ba2906dc6b8733b3c02be567635c726c67bbd48314"",""reified_data_identity_sha256"":""16162702ccec82b2a0e27063cd04bd756a27af1f003b4cef0da976d843ef4725"",""update_for"":""reified"",""access_mode"":""writable"",""base_data_name"":""exploratory-base"",""reified_data_name"":""exploratory-reified"",""update_canary_sha256"":""41997fb8640d9e765a0272879a63548eb9bd46bbf6e49da02b7c924e506b94f7"",""store_instance_sha256"":""e6d3d236675cf5aefb65ff5897cc6e142b08e2a2be9e4af928e482100bc8e0bd"",""store_discriminator_sha256"":""2e884d94ace185d62b1b91debf493ccd0a69b83d08e74cf5f1c2be4851b14215"",""tool_sha256"":""7b43c2342d7676aa65cc9ee233b2184c9eae88f2663874af7ab1b83282f94ab4"",""java_runtime_sha256"":""6ffd10b28ab050230cdc1137f0bd16155c3a7c587add7fbe921d985fa92879fe"",""run_identity_sha256"":""782c486b594fc92346cc2493612d04a7fc1c2c099cce6ab57c5842c4d17e6ece""}"
9eb59b24e2f261a4a30b99e6a5aaf35df28df707,graphdb,GraphDB (RDF4J) [engines.json profile],100M,O,O3,00,8600634422cefcb5ad7bc23d2acb693e5f8bf0686ad4714d2eba90a935b2f2b3,C,SPARQLcirc CircuitRewriter,ok,3213,101117.6,101117.6,101117.6,101117.6,0.0,0,1,3600.0,22184717,2196.9,65488,60258,28373,,358.232099,[101117.58],[2196.89],0.0,[0.0],103389.7,[103389.67],75.2,[75.2],r9.2-frozen-identity-v9,32a7995cfbc4dc222fa8a8149bb1feffe24bd7657e3be399956d1af79ae5f68b,term-aware-candidate-set-v1,3213,260cb09a1227502b35343aa83fd4b1ceae204e24b8e349a0717dcac34ca9b361,flat,flat,f819ad27dd74b4a79650229f687ceb4aa183d5b9a4c17a86ccf14c05771de17f,/mnt/nfs/home/ac145595/workspace/rq3-artifacts/circuits/graphdb-100m/8600634422cefcb5ad7bc23d2acb693e5f8bf0686ad4714d2eba90a935b2f2b3-f819ad27dd74b4a79650229f687ceb4aa183d5b9a4c17a86ccf14c05771de17f.nt,/mnt/nfs/home/ac145595/workspace/rq3-artifacts/circuits/graphdb-100m/8600634422cefcb5ad7bc23d2acb693e5f8bf0686ad4714d2eba90a935b2f2b3-f819ad27dd74b4a79650229f687ceb4aa183d5b9a4c17a86ccf14c05771de17f.json,a5aeb971c01776ba77f8de9a4d84458948ab3b2a1c951bdecf968fbebacc4094,41c9cadf7d6cb266343a177fac16e9c99394c59d41de14a190724ba3e620e0f1,e1e370c3c3e41897f966ee22e8c7c98840f6ecade4ccb1698265b03c62141a2f,2c97fc305990d2aa1e0f09f37216d4d5b1419027440c3151c422415f0c836db8,f3c05af6c7aa3bbf0aae501a61efa32804f36e642d32f61fe21875892b248a8a,8a988dc83f4082a4f27503ba2906dc6b8733b3c02be567635c726c67bbd48314,16162702ccec82b2a0e27063cd04bd756a27af1f003b4cef0da976d843ef4725,reified,writable,exploratory-base,exploratory-reified,41997fb8640d9e765a0272879a63548eb9bd46bbf6e49da02b7c924e506b94f7,e6d3d236675cf5aefb65ff5897cc6e142b08e2a2be9e4af928e482100bc8e0bd,2e884d94ace185d62b1b91debf493ccd0a69b83d08e74cf5f1c2be4851b14215,7b43c2342d7676aa65cc9ee233b2184c9eae88f2663874af7ab1b83282f94ab4,6ffd10b28ab050230cdc1137f0bd16155c3a7c587add7fbe921d985fa92879fe,,,,782c486b594fc92346cc2493612d04a7fc1c2c099cce6ab57c5842c4d17e6ece,"pcm-meta-v2:{""protocol"":""r9.2-frozen-identity-v9"",""message"":""C requested=flat effective=flat; steps=5 feedback=0; network includes CONSTRUCT, feedback INSERT, and cleanup DELETE"",""cell_wall_ms"":104241.477,""answer_kind"":""term-aware-candidate-set-v1"",""answer_key_count"":3213,""answer_fingerprint"":""260cb09a1227502b35343aa83fd4b1ceae204e24b8e349a0717dcac34ca9b361"",""c_parse_samples"":[2196.89],""c_protocol_samples"":[{""requested_mode"":""flat"",""effective_mode"":""flat"",""fallback_reason"":null,""plan_steps"":5,""feedback_steps"":0,""feedback_triples"":0,""construct_query_ms"":101117.58,""feedback_update_ms"":0.0,""cleanup_ms"":0.0,""client_protocol_ms"":0.0,""network_scope"":""construct+feedback+cleanup"",""circuit_sha256"":""f819ad27dd74b4a79650229f687ceb4aa183d5b9a4c17a86ccf14c05771de17f"",""answer_fingerprint"":""260cb09a1227502b35343aa83fd4b1ceae204e24b8e349a0717dcac34ca9b361"",""semantic_signature_sha256"":""70bb660185e7125b2432fabe05f0535b10543d9321c0d38804bc4f6eda660a57"",""structure_signature"":{""gates"":65488,""edges"":60258,""answers"":3213,""derivations"":28373,""leaves"":28074,""plus"":34201,""minus"":2914,""nodes"":93562,""canonical_bytes"":22184717},""construct_total_ms"":103389.67,""client_unattributed_ms"":75.2}],""construct_total_samples"":[103389.67],""construct_unattributed_samples"":[75.2],""status"":""ok"",""status_evidence"":null,""c_warmup_signatures"":[],""measured_semantic_signature_sha256"":""70bb660185e7125b2432fabe05f0535b10543d9321c0d38804bc4f6eda660a57"",""measured_repetitions_consistent"":true,""cache_snapshot_ms"":468.669,""cache_snapshot_scope"":""first-measured-response; deferred until all runs succeeded"",""outside_cell_cache_write_ms"":1039.778,""endpoint_lock"":{""wait_ms"":0.006,""lock_path"":""/tmp/sparqlcirc-r9-endpoint-locks-v7/e6d3d236675cf5aefb65ff5897cc6e142b08e2a2be9e4af928e482100bc8e0bd.lock""},""construction_requested"":""flat"",""construction_effective"":""flat"",""circuit_sha256"":""f819ad27dd74b4a79650229f687ceb4aa183d5b9a4c17a86ccf14c05771de17f"",""circuit_triples"":151151,""circuit_bytes"":22184717,""circuit_path"":""/mnt/nfs/home/ac145595/workspace/rq3-artifacts/circuits/graphdb-100m/8600634422cefcb5ad7bc23d2acb693e5f8bf0686ad4714d2eba90a935b2f2b3-f819ad27dd74b4a79650229f687ceb4aa183d5b9a4c17a86ccf14c05771de17f.nt"",""metadata_path"":""/mnt/nfs/home/ac145595/workspace/rq3-artifacts/circuits/graphdb-100m/8600634422cefcb5ad7bc23d2acb693e5f8bf0686ad4714d2eba90a935b2f2b3-f819ad27dd74b4a79650229f687ceb4aa183d5b9a4c17a86ccf14c05771de17f.json"",""producer_observation_sha256"":""a5aeb971c01776ba77f8de9a4d84458948ab3b2a1c951bdecf968fbebacc4094"",""sidecar_sha256"":""41c9cadf7d6cb266343a177fac16e9c99394c59d41de14a190724ba3e620e0f1"",""commit"":""9eb59b24e2f261a4a30b99e6a5aaf35df28df707"",""batch_id"":""32a7995cfbc4dc222fa8a8149bb1feffe24bd7657e3be399956d1af79ae5f68b"",""query_sha256"":""8600634422cefcb5ad7bc23d2acb693e5f8bf0686ad4714d2eba90a935b2f2b3"",""engine"":""graphdb"",""engine_version"":""GraphDB (RDF4J) [engines.json profile]"",""scale"":""100M"",""base_endpoint_sha256"":""e1e370c3c3e41897f966ee22e8c7c98840f6ecade4ccb1698265b03c62141a2f"",""reified_endpoint_sha256"":""2c97fc305990d2aa1e0f09f37216d4d5b1419027440c3151c422415f0c836db8"",""update_endpoint_sha256"":""f3c05af6c7aa3bbf0aae501a61efa32804f36e642d32f61fe21875892b248a8a"",""base_data_identity_sha256"":""8a988dc83f4082a4f27503ba2906dc6b8733b3c02be567635c726c67bbd48314"",""reified_data_identity_sha256"":""16162702ccec82b2a0e27063cd04bd756a27af1f003b4cef0da976d843ef4725"",""update_for"":""reified"",""access_mode"":""writable"",""base_data_name"":""exploratory-base"",""reified_data_name"":""exploratory-reified"",""update_canary_sha256"":""41997fb8640d9e765a0272879a63548eb9bd46bbf6e49da02b7c924e506b94f7"",""store_instance_sha256"":""e6d3d236675cf5aefb65ff5897cc6e142b08e2a2be9e4af928e482100bc8e0bd"",""store_discriminator_sha256"":""2e884d94ace185d62b1b91debf493ccd0a69b83d08e74cf5f1c2be4851b14215"",""tool_sha256"":""7b43c2342d7676aa65cc9ee233b2184c9eae88f2663874af7ab1b83282f94ab4"",""java_runtime_sha256"":""6ffd10b28ab050230cdc1137f0bd16155c3a7c587add7fbe921d985fa92879fe"",""run_identity_sha256"":""782c486b594fc92346cc2493612d04a7fc1c2c099cce6ab57c5842c4d17e6ece""}"
9eb59b24e2f261a4a30b99e6a5aaf35df28df707,graphdb,GraphDB (RDF4J) [engines.json profile],100M,O,O3,00,8600634422cefcb5ad7bc23d2acb693e5f8bf0686ad4714d2eba90a935b2f2b3,N,N_clean (NPCS reimplementation),ok,3213,931.9,931.9,931.9,931.9,0.0,0,1,3600.0,352037,0.0,,,,3512,199.623819,[931.942],[0.0],,[],,[],,[],r9.2-frozen-identity-v9,32a7995cfbc4dc222fa8a8149bb1feffe24bd7657e3be399956d1af79ae5f68b,csv-candidate-multiset-v1,3213,1ff18227246bde287cc8856ea8396312fa37f372c8b5ee8e90cde7b36b12940f,,,,,,,,e1e370c3c3e41897f966ee22e8c7c98840f6ecade4ccb1698265b03c62141a2f,2c97fc305990d2aa1e0f09f37216d4d5b1419027440c3151c422415f0c836db8,f3c05af6c7aa3bbf0aae501a61efa32804f36e642d32f61fe21875892b248a8a,8a988dc83f4082a4f27503ba2906dc6b8733b3c02be567635c726c67bbd48314,16162702ccec82b2a0e27063cd04bd756a27af1f003b4cef0da976d843ef4725,reified,writable,exploratory-base,exploratory-reified,41997fb8640d9e765a0272879a63548eb9bd46bbf6e49da02b7c924e506b94f7,e6d3d236675cf5aefb65ff5897cc6e142b08e2a2be9e4af928e482100bc8e0bd,2e884d94ace185d62b1b91debf493ccd0a69b83d08e74cf5f1c2be4851b14215,7b43c2342d7676aa65cc9ee233b2184c9eae88f2663874af7ab1b83282f94ab4,6ffd10b28ab050230cdc1137f0bd16155c3a7c587add7fbe921d985fa92879fe,9639,2914,3811,782c486b594fc92346cc2493612d04a7fc1c2c099cce6ab57c5842c4d17e6ece,"pcm-meta-v2:{""protocol"":""r9.2-frozen-identity-v9"",""message"":"""",""cell_wall_ms"":1176.131,""answer_kind"":""csv-candidate-multiset-v1"",""answer_key_count"":3213,""answer_fingerprint"":""1ff18227246bde287cc8856ea8396312fa37f372c8b5ee8e90cde7b36b12940f"",""c_parse_samples"":[0.0],""c_protocol_samples"":[],""construct_total_samples"":[],""construct_unattributed_samples"":[],""status"":""ok"",""status_evidence"":null,""construction_requested"":null,""construction_effective"":null,""commit"":""9eb59b24e2f261a4a30b99e6a5aaf35df28df707"",""batch_id"":""32a7995cfbc4dc222fa8a8149bb1feffe24bd7657e3be399956d1af79ae5f68b"",""query_sha256"":""8600634422cefcb5ad7bc23d2acb693e5f8bf0686ad4714d2eba90a935b2f2b3"",""engine"":""graphdb"",""engine_version"":""GraphDB (RDF4J) [engines.json profile]"",""scale"":""100M"",""base_endpoint_sha256"":""e1e370c3c3e41897f966ee22e8c7c98840f6ecade4ccb1698265b03c62141a2f"",""reified_endpoint_sha256"":""2c97fc305990d2aa1e0f09f37216d4d5b1419027440c3151c422415f0c836db8"",""update_endpoint_sha256"":""f3c05af6c7aa3bbf0aae501a61efa32804f36e642d32f61fe21875892b248a8a"",""base_data_identity_sha256"":""8a988dc83f4082a4f27503ba2906dc6b8733b3c02be567635c726c67bbd48314"",""reified_data_identity_sha256"":""16162702ccec82b2a0e27063cd04bd756a27af1f003b4cef0da976d843ef4725"",""update_for"":""reified"",""access_mode"":""writable"",""base_data_name"":""exploratory-base"",""reified_data_name"":""exploratory-reified"",""update_canary_sha256"":""41997fb8640d9e765a0272879a63548eb9bd46bbf6e49da02b7c924e506b94f7"",""store_instance_sha256"":""e6d3d236675cf5aefb65ff5897cc6e142b08e2a2be9e4af928e482100bc8e0bd"",""store_discriminator_sha256"":""2e884d94ace185d62b1b91debf493ccd0a69b83d08e74cf5f1c2be4851b14215"",""tool_sha256"":""7b43c2342d7676aa65cc9ee233b2184c9eae88f2663874af7ab1b83282f94ab4"",""java_runtime_sha256"":""6ffd10b28ab050230cdc1137f0bd16155c3a7c587add7fbe921d985fa92879fe"",""run_identity_sha256"":""782c486b594fc92346cc2493612d04a7fc1c2c099cce6ab57c5842c4d17e6ece""}"
9eb59b24e2f261a4a30b99e6a5aaf35df28df707,graphdb,GraphDB (RDF4J) [engines.json profile],100M,O,O3,00,8600634422cefcb5ad7bc23d2acb693e5f8bf0686ad4714d2eba90a935b2f2b3,R,reification-only,ok,2914,466.3,466.3,466.3,466.3,0.0,0,1,3600.0,186473,0.0,,,,,157.170358,[466.303],[0.0],,[],,[],,[],r9.2-frozen-identity-v9,32a7995cfbc4dc222fa8a8149bb1feffe24bd7657e3be399956d1af79ae5f68b,csv-binding-multiset-v1,2914,29e150e168c60e111a4ba6eccb9f7de847be409dd939e4d7e691fe8a78988f9f,,,,,,,,e1e370c3c3e41897f966ee22e8c7c98840f6ecade4ccb1698265b03c62141a2f,2c97fc305990d2aa1e0f09f37216d4d5b1419027440c3151c422415f0c836db8,f3c05af6c7aa3bbf0aae501a61efa32804f36e642d32f61fe21875892b248a8a,8a988dc83f4082a4f27503ba2906dc6b8733b3c02be567635c726c67bbd48314,16162702ccec82b2a0e27063cd04bd756a27af1f003b4cef0da976d843ef4725,reified,writable,exploratory-base,exploratory-reified,41997fb8640d9e765a0272879a63548eb9bd46bbf6e49da02b7c924e506b94f7,e6d3d236675cf5aefb65ff5897cc6e142b08e2a2be9e4af928e482100bc8e0bd,2e884d94ace185d62b1b91debf493ccd0a69b83d08e74cf5f1c2be4851b14215,7b43c2342d7676aa65cc9ee233b2184c9eae88f2663874af7ab1b83282f94ab4,6ffd10b28ab050230cdc1137f0bd16155c3a7c587add7fbe921d985fa92879fe,,,,782c486b594fc92346cc2493612d04a7fc1c2c099cce6ab57c5842c4d17e6ece,"pcm-meta-v2:{""protocol"":""r9.2-frozen-identity-v9"",""message"":"""",""cell_wall_ms"":646.016,""answer_kind"":""csv-binding-multiset-v1"",""answer_key_count"":2914,""answer_fingerprint"":""29e150e168c60e111a4ba6eccb9f7de847be409dd939e4d7e691fe8a78988f9f"",""c_parse_samples"":[0.0],""c_protocol_samples"":[],""construct_total_samples"":[],""construct_unattributed_samples"":[],""status"":""ok"",""status_evidence"":null,""construction_requested"":null,""construction_effective"":null,""commit"":""9eb59b24e2f261a4a30b99e6a5aaf35df28df707"",""batch_id"":""32a7995cfbc4dc222fa8a8149bb1feffe24bd7657e3be399956d1af79ae5f68b"",""query_sha256"":""8600634422cefcb5ad7bc23d2acb693e5f8bf0686ad4714d2eba90a935b2f2b3"",""engine"":""graphdb"",""engine_version"":""GraphDB (RDF4J) [engines.json profile]"",""scale"":""100M"",""base_endpoint_sha256"":""e1e370c3c3e41897f966ee22e8c7c98840f6ecade4ccb1698265b03c62141a2f"",""reified_endpoint_sha256"":""2c97fc305990d2aa1e0f09f37216d4d5b1419027440c3151c422415f0c836db8"",""update_endpoint_sha256"":""f3c05af6c7aa3bbf0aae501a61efa32804f36e642d32f61fe21875892b248a8a"",""base_data_identity_sha256"":""8a988dc83f4082a4f27503ba2906dc6b8733b3c02be567635c726c67bbd48314"",""reified_data_identity_sha256"":""16162702ccec82b2a0e27063cd04bd756a27af1f003b4cef0da976d843ef4725"",""update_for"":""reified"",""access_mode"":""writable"",""base_data_name"":""exploratory-base"",""reified_data_name"":""exploratory-reified"",""update_canary_sha256"":""41997fb8640d9e765a0272879a63548eb9bd46bbf6e49da02b7c924e506b94f7"",""store_instance_sha256"":""e6d3d236675cf5aefb65ff5897cc6e142b08e2a2be9e4af928e482100bc8e0bd"",""store_discriminator_sha256"":""2e884d94ace185d62b1b91debf493ccd0a69b83d08e74cf5f1c2be4851b14215"",""tool_sha256"":""7b43c2342d7676aa65cc9ee233b2184c9eae88f2663874af7ab1b83282f94ab4"",""java_runtime_sha256"":""6ffd10b28ab050230cdc1137f0bd16155c3a7c587add7fbe921d985fa92879fe"",""run_identity_sha256"":""782c486b594fc92346cc2493612d04a7fc1c2c099cce6ab57c5842c4d17e6ece""}"
9eb59b24e2f261a4a30b99e6a5aaf35df28df707,graphdb,GraphDB (RDF4J) [engines.json profile],100M,O,O4,00,c2e7f8e7377b1ac6cc1c202c8233c4b4c10a2b85eae74cbb49844b3515dd26f8,B,base-select,ok,26131,1056.9,1056.9,1056.9,1056.9,0.0,0,1,3600.0,2614975,0.0,,,,,0.01011,[1056.907],[0.0],,[],,[],,[],r9.2-frozen-identity-v9,32a7995cfbc4dc222fa8a8149bb1feffe24bd7657e3be399956d1af79ae5f68b,csv-binding-multiset-v1,26131,089a4c2cd5edcac694e95473f8fe69bfb11ba580c46197758307b3248e761016,,,,,,,,e1e370c3c3e41897f966ee22e8c7c98840f6ecade4ccb1698265b03c62141a2f,2c97fc305990d2aa1e0f09f37216d4d5b1419027440c3151c422415f0c836db8,f3c05af6c7aa3bbf0aae501a61efa32804f36e642d32f61fe21875892b248a8a,8a988dc83f4082a4f27503ba2906dc6b8733b3c02be567635c726c67bbd48314,16162702ccec82b2a0e27063cd04bd756a27af1f003b4cef0da976d843ef4725,reified,writable,exploratory-base,exploratory-reified,41997fb8640d9e765a0272879a63548eb9bd46bbf6e49da02b7c924e506b94f7,e6d3d236675cf5aefb65ff5897cc6e142b08e2a2be9e4af928e482100bc8e0bd,2e884d94ace185d62b1b91debf493ccd0a69b83d08e74cf5f1c2be4851b14215,7b43c2342d7676aa65cc9ee233b2184c9eae88f2663874af7ab1b83282f94ab4,6ffd10b28ab050230cdc1137f0bd16155c3a7c587add7fbe921d985fa92879fe,,,,b340229eaf979de26eb8d8ddbbe36728e204fcf7353ed1f8de8cdcd53ade27e4,"pcm-meta-v2:{""protocol"":""r9.2-frozen-identity-v9"",""message"":"""",""cell_wall_ms"":1246.397,""answer_kind"":""csv-binding-multiset-v1"",""answer_key_count"":26131,""answer_fingerprint"":""089a4c2cd5edcac694e95473f8fe69bfb11ba580c46197758307b3248e761016"",""c_parse_samples"":[0.0],""c_protocol_samples"":[],""construct_total_samples"":[],""construct_unattributed_samples"":[],""status"":""ok"",""status_evidence"":null,""construction_requested"":null,""construction_effective"":null,""commit"":""9eb59b24e2f261a4a30b99e6a5aaf35df28df707"",""batch_id"":""32a7995cfbc4dc222fa8a8149bb1feffe24bd7657e3be399956d1af79ae5f68b"",""query_sha256"":""c2e7f8e7377b1ac6cc1c202c8233c4b4c10a2b85eae74cbb49844b3515dd26f8"",""engine"":""graphdb"",""engine_version"":""GraphDB (RDF4J) [engines.json profile]"",""scale"":""100M"",""base_endpoint_sha256"":""e1e370c3c3e41897f966ee22e8c7c98840f6ecade4ccb1698265b03c62141a2f"",""reified_endpoint_sha256"":""2c97fc305990d2aa1e0f09f37216d4d5b1419027440c3151c422415f0c836db8"",""update_endpoint_sha256"":""f3c05af6c7aa3bbf0aae501a61efa32804f36e642d32f61fe21875892b248a8a"",""base_data_identity_sha256"":""8a988dc83f4082a4f27503ba2906dc6b8733b3c02be567635c726c67bbd48314"",""reified_data_identity_sha256"":""16162702ccec82b2a0e27063cd04bd756a27af1f003b4cef0da976d843ef4725"",""update_for"":""reified"",""access_mode"":""writable"",""base_data_name"":""exploratory-base"",""reified_data_name"":""exploratory-reified"",""update_canary_sha256"":""41997fb8640d9e765a0272879a63548eb9bd46bbf6e49da02b7c924e506b94f7"",""store_instance_sha256"":""e6d3d236675cf5aefb65ff5897cc6e142b08e2a2be9e4af928e482100bc8e0bd"",""store_discriminator_sha256"":""2e884d94ace185d62b1b91debf493ccd0a69b83d08e74cf5f1c2be4851b14215"",""tool_sha256"":""7b43c2342d7676aa65cc9ee233b2184c9eae88f2663874af7ab1b83282f94ab4"",""java_runtime_sha256"":""6ffd10b28ab050230cdc1137f0bd16155c3a7c587add7fbe921d985fa92879fe"",""run_identity_sha256"":""b340229eaf979de26eb8d8ddbbe36728e204fcf7353ed1f8de8cdcd53ade27e4""}"
9eb59b24e2f261a4a30b99e6a5aaf35df28df707,graphdb,GraphDB (RDF4J) [engines.json profile],100M,O,O4,00,c2e7f8e7377b1ac6cc1c202c8233c4b4c10a2b85eae74cbb49844b3515dd26f8,C,SPARQLcirc CircuitRewriter,ok,27441,179337.5,179337.5,179337.5,179337.5,0.0,0,1,3600.0,110364821,11717.6,232881,210680,77244,,377.205513,[179337.479],[11717.553],0.0,[0.0],191675.1,[191675.053],620.0,[620.021],r9.2-frozen-identity-v9,32a7995cfbc4dc222fa8a8149bb1feffe24bd7657e3be399956d1af79ae5f68b,term-aware-candidate-set-v1,27441,2ebe1a2fc42ea486debbff4f2969236b31ec163a8065eee0e91378631a6f63a2,flat,flat,43198a7014533f36d5fe2b443d225dc3ebf8947255e7249557edc3b28330a377,/mnt/nfs/home/ac145595/workspace/rq3-artifacts/circuits/graphdb-100m/c2e7f8e7377b1ac6cc1c202c8233c4b4c10a2b85eae74cbb49844b3515dd26f8-43198a7014533f36d5fe2b443d225dc3ebf8947255e7249557edc3b28330a377.nt,/mnt/nfs/home/ac145595/workspace/rq3-artifacts/circuits/graphdb-100m/c2e7f8e7377b1ac6cc1c202c8233c4b4c10a2b85eae74cbb49844b3515dd26f8-43198a7014533f36d5fe2b443d225dc3ebf8947255e7249557edc3b28330a377.json,030cb56057a1d21c567216943bd1fd26279970701d70944b8b98e541c3233d05,6541e60cc9e03d28bc37cc8a9de007e859319f583d32d6cd98f42689ac49d227,e1e370c3c3e41897f966ee22e8c7c98840f6ecade4ccb1698265b03c62141a2f,2c97fc305990d2aa1e0f09f37216d4d5b1419027440c3151c422415f0c836db8,f3c05af6c7aa3bbf0aae501a61efa32804f36e642d32f61fe21875892b248a8a,8a988dc83f4082a4f27503ba2906dc6b8733b3c02be567635c726c67bbd48314,16162702ccec82b2a0e27063cd04bd756a27af1f003b4cef0da976d843ef4725,reified,writable,exploratory-base,exploratory-reified,41997fb8640d9e765a0272879a63548eb9bd46bbf6e49da02b7c924e506b94f7,e6d3d236675cf5aefb65ff5897cc6e142b08e2a2be9e4af928e482100bc8e0bd,2e884d94ace185d62b1b91debf493ccd0a69b83d08e74cf5f1c2be4851b14215,7b43c2342d7676aa65cc9ee233b2184c9eae88f2663874af7ab1b83282f94ab4,6ffd10b28ab050230cdc1137f0bd16155c3a7c587add7fbe921d985fa92879fe,,,,b340229eaf979de26eb8d8ddbbe36728e204fcf7353ed1f8de8cdcd53ade27e4,"pcm-meta-v2:{""protocol"":""r9.2-frozen-identity-v9"",""message"":""C requested=flat effective=flat; steps=5 feedback=0; network includes CONSTRUCT, feedback INSERT, and cleanup DELETE"",""cell_wall_ms"":194776.163,""answer_kind"":""term-aware-candidate-set-v1"",""answer_key_count"":27441,""answer_fingerprint"":""2ebe1a2fc42ea486debbff4f2969236b31ec163a8065eee0e91378631a6f63a2"",""c_parse_samples"":[11717.553],""c_protocol_samples"":[{""requested_mode"":""flat"",""effective_mode"":""flat"",""fallback_reason"":null,""plan_steps"":5,""feedback_steps"":0,""feedback_triples"":0,""construct_query_ms"":179337.479,""feedback_update_ms"":0.0,""cleanup_ms"":0.0,""client_protocol_ms"":0.0,""network_scope"":""construct+feedback+cleanup"",""circuit_sha256"":""43198a7014533f36d5fe2b443d225dc3ebf8947255e7249557edc3b28330a377"",""answer_fingerprint"":""2ebe1a2fc42ea486debbff4f2969236b31ec163a8065eee0e91378631a6f63a2"",""semantic_signature_sha256"":""19fb39406c7e3fbc8d16b761c5e18c0d804b3117c16cd0b1a29a9c6804c05a5f"",""structure_signature"":{""gates"":232881,""edges"":210680,""answers"":27441,""derivations"":77244,""leaves"":75935,""plus"":129506,""minus"":26131,""nodes"":308816,""canonical_bytes"":110364821},""construct_total_ms"":191675.053,""client_unattributed_ms"":620.021}],""construct_total_samples"":[191675.053],""construct_unattributed_samples"":[620.021],""status"":""ok"",""status_evidence"":null,""c_warmup_signatures"":[],""measured_semantic_signature_sha256"":""19fb39406c7e3fbc8d16b761c5e18c0d804b3117c16cd0b1a29a9c6804c05a5f"",""measured_repetitions_consistent"":true,""cache_snapshot_ms"":2612.742,""cache_snapshot_scope"":""first-measured-response; deferred until all runs succeeded"",""outside_cell_cache_write_ms"":5743.675,""endpoint_lock"":{""wait_ms"":0.006,""lock_path"":""/tmp/sparqlcirc-r9-endpoint-locks-v7/e6d3d236675cf5aefb65ff5897cc6e142b08e2a2be9e4af928e482100bc8e0bd.lock""},""construction_requested"":""flat"",""construction_effective"":""flat"",""circuit_sha256"":""43198a7014533f36d5fe2b443d225dc3ebf8947255e7249557edc3b28330a377"",""circuit_triples"":744102,""circuit_bytes"":110364821,""circuit_path"":""/mnt/nfs/home/ac145595/workspace/rq3-artifacts/circuits/graphdb-100m/c2e7f8e7377b1ac6cc1c202c8233c4b4c10a2b85eae74cbb49844b3515dd26f8-43198a7014533f36d5fe2b443d225dc3ebf8947255e7249557edc3b28330a377.nt"",""metadata_path"":""/mnt/nfs/home/ac145595/workspace/rq3-artifacts/circuits/graphdb-100m/c2e7f8e7377b1ac6cc1c202c8233c4b4c10a2b85eae74cbb49844b3515dd26f8-43198a7014533f36d5fe2b443d225dc3ebf8947255e7249557edc3b28330a377.json"",""producer_observation_sha256"":""030cb56057a1d21c567216943bd1fd26279970701d70944b8b98e541c3233d05"",""sidecar_sha256"":""6541e60cc9e03d28bc37cc8a9de007e859319f583d32d6cd98f42689ac49d227"",""commit"":""9eb59b24e2f261a4a30b99e6a5aaf35df28df707"",""batch_id"":""32a7995cfbc4dc222fa8a8149bb1feffe24bd7657e3be399956d1af79ae5f68b"",""query_sha256"":""c2e7f8e7377b1ac6cc1c202c8233c4b4c10a2b85eae74cbb49844b3515dd26f8"",""engine"":""graphdb"",""engine_version"":""GraphDB (RDF4J) [engines.json profile]"",""scale"":""100M"",""base_endpoint_sha256"":""e1e370c3c3e41897f966ee22e8c7c98840f6ecade4ccb1698265b03c62141a2f"",""reified_endpoint_sha256"":""2c97fc305990d2aa1e0f09f37216d4d5b1419027440c3151c422415f0c836db8"",""update_endpoint_sha256"":""f3c05af6c7aa3bbf0aae501a61efa32804f36e642d32f61fe21875892b248a8a"",""base_data_identity_sha256"":""8a988dc83f4082a4f27503ba2906dc6b8733b3c02be567635c726c67bbd48314"",""reified_data_identity_sha256"":""16162702ccec82b2a0e27063cd04bd756a27af1f003b4cef0da976d843ef4725"",""update_for"":""reified"",""access_mode"":""writable"",""base_data_name"":""exploratory-base"",""reified_data_name"":""exploratory-reified"",""update_canary_sha256"":""41997fb8640d9e765a0272879a63548eb9bd46bbf6e49da02b7c924e506b94f7"",""store_instance_sha256"":""e6d3d236675cf5aefb65ff5897cc6e142b08e2a2be9e4af928e482100bc8e0bd"",""store_discriminator_sha256"":""2e884d94ace185d62b1b91debf493ccd0a69b83d08e74cf5f1c2be4851b14215"",""tool_sha256"":""7b43c2342d7676aa65cc9ee233b2184c9eae88f2663874af7ab1b83282f94ab4"",""java_runtime_sha256"":""6ffd10b28ab050230cdc1137f0bd16155c3a7c587add7fbe921d985fa92879fe"",""run_identity_sha256"":""b340229eaf979de26eb8d8ddbbe36728e204fcf7353ed1f8de8cdcd53ade27e4""}"
9eb59b24e2f261a4a30b99e6a5aaf35df28df707,graphdb,GraphDB (RDF4J) [engines.json profile],100M,O,O4,00,c2e7f8e7377b1ac6cc1c202c8233c4b4c10a2b85eae74cbb49844b3515dd26f8,N,N_clean (NPCS reimplementation),ok,27441,23966.6,23966.6,23966.6,23966.6,0.0,0,1,3600.0,4232200,0.0,,,,28751,184.009771,[23966.554],[0.0],,[],,[],,[],r9.2-frozen-identity-v9,32a7995cfbc4dc222fa8a8149bb1feffe24bd7657e3be399956d1af79ae5f68b,csv-candidate-multiset-v1,27441,2dd5ae68f2c80b6f50c6623942e7cc09f0ef13a006420fba496d86057a74f541,,,,,,,,e1e370c3c3e41897f966ee22e8c7c98840f6ecade4ccb1698265b03c62141a2f,2c97fc305990d2aa1e0f09f37216d4d5b1419027440c3151c422415f0c836db8,f3c05af6c7aa3bbf0aae501a61efa32804f36e642d32f61fe21875892b248a8a,8a988dc83f4082a4f27503ba2906dc6b8733b3c02be567635c726c67bbd48314,16162702ccec82b2a0e27063cd04bd756a27af1f003b4cef0da976d843ef4725,reified,writable,exploratory-base,exploratory-reified,41997fb8640d9e765a0272879a63548eb9bd46bbf6e49da02b7c924e506b94f7,e6d3d236675cf5aefb65ff5897cc6e142b08e2a2be9e4af928e482100bc8e0bd,2e884d94ace185d62b1b91debf493ccd0a69b83d08e74cf5f1c2be4851b14215,7b43c2342d7676aa65cc9ee233b2184c9eae88f2663874af7ab1b83282f94ab4,6ffd10b28ab050230cdc1137f0bd16155c3a7c587add7fbe921d985fa92879fe,82323,26131,57502,b340229eaf979de26eb8d8ddbbe36728e204fcf7353ed1f8de8cdcd53ade27e4,"pcm-meta-v2:{""protocol"":""r9.2-frozen-identity-v9"",""message"":"""",""cell_wall_ms"":24560.484,""answer_kind"":""csv-candidate-multiset-v1"",""answer_key_count"":27441,""answer_fingerprint"":""2dd5ae68f2c80b6f50c6623942e7cc09f0ef13a006420fba496d86057a74f541"",""c_parse_samples"":[0.0],""c_protocol_samples"":[],""construct_total_samples"":[],""construct_unattributed_samples"":[],""status"":""ok"",""status_evidence"":null,""construction_requested"":null,""construction_effective"":null,""commit"":""9eb59b24e2f261a4a30b99e6a5aaf35df28df707"",""batch_id"":""32a7995cfbc4dc222fa8a8149bb1feffe24bd7657e3be399956d1af79ae5f68b"",""query_sha256"":""c2e7f8e7377b1ac6cc1c202c8233c4b4c10a2b85eae74cbb49844b3515dd26f8"",""engine"":""graphdb"",""engine_version"":""GraphDB (RDF4J) [engines.json profile]"",""scale"":""100M"",""base_endpoint_sha256"":""e1e370c3c3e41897f966ee22e8c7c98840f6ecade4ccb1698265b03c62141a2f"",""reified_endpoint_sha256"":""2c97fc305990d2aa1e0f09f37216d4d5b1419027440c3151c422415f0c836db8"",""update_endpoint_sha256"":""f3c05af6c7aa3bbf0aae501a61efa32804f36e642d32f61fe21875892b248a8a"",""base_data_identity_sha256"":""8a988dc83f4082a4f27503ba2906dc6b8733b3c02be567635c726c67bbd48314"",""reified_data_identity_sha256"":""16162702ccec82b2a0e27063cd04bd756a27af1f003b4cef0da976d843ef4725"",""update_for"":""reified"",""access_mode"":""writable"",""base_data_name"":""exploratory-base"",""reified_data_name"":""exploratory-reified"",""update_canary_sha256"":""41997fb8640d9e765a0272879a63548eb9bd46bbf6e49da02b7c924e506b94f7"",""store_instance_sha256"":""e6d3d236675cf5aefb65ff5897cc6e142b08e2a2be9e4af928e482100bc8e0bd"",""store_discriminator_sha256"":""2e884d94ace185d62b1b91debf493ccd0a69b83d08e74cf5f1c2be4851b14215"",""tool_sha256"":""7b43c2342d7676aa65cc9ee233b2184c9eae88f2663874af7ab1b83282f94ab4"",""java_runtime_sha256"":""6ffd10b28ab050230cdc1137f0bd16155c3a7c587add7fbe921d985fa92879fe"",""run_identity_sha256"":""b340229eaf979de26eb8d8ddbbe36728e204fcf7353ed1f8de8cdcd53ade27e4""}"
9eb59b24e2f261a4a30b99e6a5aaf35df28df707,graphdb,GraphDB (RDF4J) [engines.json profile],100M,O,O4,00,c2e7f8e7377b1ac6cc1c202c8233c4b4c10a2b85eae74cbb49844b3515dd26f8,R,reification-only,ok,26131,6329.2,6329.2,6329.2,6329.2,0.0,0,1,3600.0,2614975,0.0,,,,,159.065698,[6329.242],[0.0],,[],,[],,[],r9.2-frozen-identity-v9,32a7995cfbc4dc222fa8a8149bb1feffe24bd7657e3be399956d1af79ae5f68b,csv-binding-multiset-v1,26131,089a4c2cd5edcac694e95473f8fe69bfb11ba580c46197758307b3248e761016,,,,,,,,e1e370c3c3e41897f966ee22e8c7c98840f6ecade4ccb1698265b03c62141a2f,2c97fc305990d2aa1e0f09f37216d4d5b1419027440c3151c422415f0c836db8,f3c05af6c7aa3bbf0aae501a61efa32804f36e642d32f61fe21875892b248a8a,8a988dc83f4082a4f27503ba2906dc6b8733b3c02be567635c726c67bbd48314,16162702ccec82b2a0e27063cd04bd756a27af1f003b4cef0da976d843ef4725,reified,writable,exploratory-base,exploratory-reified,41997fb8640d9e765a0272879a63548eb9bd46bbf6e49da02b7c924e506b94f7,e6d3d236675cf5aefb65ff5897cc6e142b08e2a2be9e4af928e482100bc8e0bd,2e884d94ace185d62b1b91debf493ccd0a69b83d08e74cf5f1c2be4851b14215,7b43c2342d7676aa65cc9ee233b2184c9eae88f2663874af7ab1b83282f94ab4,6ffd10b28ab050230cdc1137f0bd16155c3a7c587add7fbe921d985fa92879fe,,,,b340229eaf979de26eb8d8ddbbe36728e204fcf7353ed1f8de8cdcd53ade27e4,"pcm-meta-v2:{""protocol"":""r9.2-frozen-identity-v9"",""message"":"""",""cell_wall_ms"":6673.016,""answer_kind"":""csv-binding-multiset-v1"",""answer_key_count"":26131,""answer_fingerprint"":""089a4c2cd5edcac694e95473f8fe69bfb11ba580c46197758307b3248e761016"",""c_parse_samples"":[0.0],""c_protocol_samples"":[],""construct_total_samples"":[],""construct_unattributed_samples"":[],""status"":""ok"",""status_evidence"":null,""construction_requested"":null,""construction_effective"":null,""commit"":""9eb59b24e2f261a4a30b99e6a5aaf35df28df707"",""batch_id"":""32a7995cfbc4dc222fa8a8149bb1feffe24bd7657e3be399956d1af79ae5f68b"",""query_sha256"":""c2e7f8e7377b1ac6cc1c202c8233c4b4c10a2b85eae74cbb49844b3515dd26f8"",""engine"":""graphdb"",""engine_version"":""GraphDB (RDF4J) [engines.json profile]"",""scale"":""100M"",""base_endpoint_sha256"":""e1e370c3c3e41897f966ee22e8c7c98840f6ecade4ccb1698265b03c62141a2f"",""reified_endpoint_sha256"":""2c97fc305990d2aa1e0f09f37216d4d5b1419027440c3151c422415f0c836db8"",""update_endpoint_sha256"":""f3c05af6c7aa3bbf0aae501a61efa32804f36e642d32f61fe21875892b248a8a"",""base_data_identity_sha256"":""8a988dc83f4082a4f27503ba2906dc6b8733b3c02be567635c726c67bbd48314"",""reified_data_identity_sha256"":""16162702ccec82b2a0e27063cd04bd756a27af1f003b4cef0da976d843ef4725"",""update_for"":""reified"",""access_mode"":""writable"",""base_data_name"":""exploratory-base"",""reified_data_name"":""exploratory-reified"",""update_canary_sha256"":""41997fb8640d9e765a0272879a63548eb9bd46bbf6e49da02b7c924e506b94f7"",""store_instance_sha256"":""e6d3d236675cf5aefb65ff5897cc6e142b08e2a2be9e4af928e482100bc8e0bd"",""store_discriminator_sha256"":""2e884d94ace185d62b1b91debf493ccd0a69b83d08e74cf5f1c2be4851b14215"",""tool_sha256"":""7b43c2342d7676aa65cc9ee233b2184c9eae88f2663874af7ab1b83282f94ab4"",""java_runtime_sha256"":""6ffd10b28ab050230cdc1137f0bd16155c3a7c587add7fbe921d985fa92879fe"",""run_identity_sha256"":""b340229eaf979de26eb8d8ddbbe36728e204fcf7353ed1f8de8cdcd53ade27e4""}"
9eb59b24e2f261a4a30b99e6a5aaf35df28df707,graphdb,GraphDB (RDF4J) [engines.json profile],100M,O,O5,00,ec9af3cffe6976bcc27a5ca3ba0732c80fe7716160af6d25aa1d6b447b6300e2,B,base-select,ok,18,6.8,6.8,6.8,6.8,0.0,0,1,3600.0,865,0.0,,,,,0.00629,[6.76],[0.0],,[],,[],,[],r9.2-frozen-identity-v9,32a7995cfbc4dc222fa8a8149bb1feffe24bd7657e3be399956d1af79ae5f68b,csv-binding-multiset-v1,18,46a5ef4e451e13320d519ff511f6296eab1a6c4343c003fa0c3c826fde688609,,,,,,,,e1e370c3c3e41897f966ee22e8c7c98840f6ecade4ccb1698265b03c62141a2f,2c97fc305990d2aa1e0f09f37216d4d5b1419027440c3151c422415f0c836db8,f3c05af6c7aa3bbf0aae501a61efa32804f36e642d32f61fe21875892b248a8a,8a988dc83f4082a4f27503ba2906dc6b8733b3c02be567635c726c67bbd48314,16162702ccec82b2a0e27063cd04bd756a27af1f003b4cef0da976d843ef4725,reified,writable,exploratory-base,exploratory-reified,41997fb8640d9e765a0272879a63548eb9bd46bbf6e49da02b7c924e506b94f7,e6d3d236675cf5aefb65ff5897cc6e142b08e2a2be9e4af928e482100bc8e0bd,2e884d94ace185d62b1b91debf493ccd0a69b83d08e74cf5f1c2be4851b14215,7b43c2342d7676aa65cc9ee233b2184c9eae88f2663874af7ab1b83282f94ab4,6ffd10b28ab050230cdc1137f0bd16155c3a7c587add7fbe921d985fa92879fe,,,,01eba411390431829f06128ddb380b1163c57f6fc33e3b494133575239eb2291,"pcm-meta-v2:{""protocol"":""r9.2-frozen-identity-v9"",""message"":"""",""cell_wall_ms"":12.301,""answer_kind"":""csv-binding-multiset-v1"",""answer_key_count"":18,""answer_fingerprint"":""46a5ef4e451e13320d519ff511f6296eab1a6c4343c003fa0c3c826fde688609"",""c_parse_samples"":[0.0],""c_protocol_samples"":[],""construct_total_samples"":[],""construct_unattributed_samples"":[],""status"":""ok"",""status_evidence"":null,""construction_requested"":null,""construction_effective"":null,""commit"":""9eb59b24e2f261a4a30b99e6a5aaf35df28df707"",""batch_id"":""32a7995cfbc4dc222fa8a8149bb1feffe24bd7657e3be399956d1af79ae5f68b"",""query_sha256"":""ec9af3cffe6976bcc27a5ca3ba0732c80fe7716160af6d25aa1d6b447b6300e2"",""engine"":""graphdb"",""engine_version"":""GraphDB (RDF4J) [engines.json profile]"",""scale"":""100M"",""base_endpoint_sha256"":""e1e370c3c3e41897f966ee22e8c7c98840f6ecade4ccb1698265b03c62141a2f"",""reified_endpoint_sha256"":""2c97fc305990d2aa1e0f09f37216d4d5b1419027440c3151c422415f0c836db8"",""update_endpoint_sha256"":""f3c05af6c7aa3bbf0aae501a61efa32804f36e642d32f61fe21875892b248a8a"",""base_data_identity_sha256"":""8a988dc83f4082a4f27503ba2906dc6b8733b3c02be567635c726c67bbd48314"",""reified_data_identity_sha256"":""16162702ccec82b2a0e27063cd04bd756a27af1f003b4cef0da976d843ef4725"",""update_for"":""reified"",""access_mode"":""writable"",""base_data_name"":""exploratory-base"",""reified_data_name"":""exploratory-reified"",""update_canary_sha256"":""41997fb8640d9e765a0272879a63548eb9bd46bbf6e49da02b7c924e506b94f7"",""store_instance_sha256"":""e6d3d236675cf5aefb65ff5897cc6e142b08e2a2be9e4af928e482100bc8e0bd"",""store_discriminator_sha256"":""2e884d94ace185d62b1b91debf493ccd0a69b83d08e74cf5f1c2be4851b14215"",""tool_sha256"":""7b43c2342d7676aa65cc9ee233b2184c9eae88f2663874af7ab1b83282f94ab4"",""java_runtime_sha256"":""6ffd10b28ab050230cdc1137f0bd16155c3a7c587add7fbe921d985fa92879fe"",""run_identity_sha256"":""01eba411390431829f06128ddb380b1163c57f6fc33e3b494133575239eb2291""}"
9eb59b24e2f261a4a30b99e6a5aaf35df28df707,graphdb,GraphDB (RDF4J) [engines.json profile],100M,O,O5,00,ec9af3cffe6976bcc27a5ca3ba0732c80fe7716160af6d25aa1d6b447b6300e2,C,SPARQLcirc CircuitRewriter,ok,14,86490.3,86490.3,86490.3,86490.3,0.0,0,1,3600.0,646962806,84767.7,2238187,2238180,1119076,,365.610895,[86490.348],[84767.67],0.0,[0.0],176378.8,[176378.844],5120.8,[5120.826],r9.2-frozen-identity-v9,32a7995cfbc4dc222fa8a8149bb1feffe24bd7657e3be399956d1af79ae5f68b,term-aware-candidate-set-v1,14,97450ba1410f357ada313d1a8c0fa9bfeec33d5c127cef8f1f08f4321cb2eea8,flat,flat,cbf52be28f9b485731b8067d904b6ca5c3f2760e524501b342595fd3820cbaeb,/mnt/nfs/home/ac145595/workspace/rq3-artifacts/circuits/graphdb-100m/ec9af3cffe6976bcc27a5ca3ba0732c80fe7716160af6d25aa1d6b447b6300e2-cbf52be28f9b485731b8067d904b6ca5c3f2760e524501b342595fd3820cbaeb.nt,/mnt/nfs/home/ac145595/workspace/rq3-artifacts/circuits/graphdb-100m/ec9af3cffe6976bcc27a5ca3ba0732c80fe7716160af6d25aa1d6b447b6300e2-cbf52be28f9b485731b8067d904b6ca5c3f2760e524501b342595fd3820cbaeb.json,93f3d9fdbdb5877bee7062f8328309769ab1e33b14cd5c45c2685b56df632d7b,efc855c2ff64e7a03303286384b13ed1c37b4218d3e63db7f59fa86a3828d565,e1e370c3c3e41897f966ee22e8c7c98840f6ecade4ccb1698265b03c62141a2f,2c97fc305990d2aa1e0f09f37216d4d5b1419027440c3151c422415f0c836db8,f3c05af6c7aa3bbf0aae501a61efa32804f36e642d32f61fe21875892b248a8a,8a988dc83f4082a4f27503ba2906dc6b8733b3c02be567635c726c67bbd48314,16162702ccec82b2a0e27063cd04bd756a27af1f003b4cef0da976d843ef4725,reified,writable,exploratory-base,exploratory-reified,41997fb8640d9e765a0272879a63548eb9bd46bbf6e49da02b7c924e506b94f7,e6d3d236675cf5aefb65ff5897cc6e142b08e2a2be9e4af928e482100bc8e0bd,2e884d94ace185d62b1b91debf493ccd0a69b83d08e74cf5f1c2be4851b14215,7b43c2342d7676aa65cc9ee233b2184c9eae88f2663874af7ab1b83282f94ab4,6ffd10b28ab050230cdc1137f0bd16155c3a7c587add7fbe921d985fa92879fe,,,,01eba411390431829f06128ddb380b1163c57f6fc33e3b494133575239eb2291,"pcm-meta-v2:{""protocol"":""r9.2-frozen-identity-v9"",""message"":""C requested=flat effective=flat; steps=5 feedback=0; network includes CONSTRUCT, feedback INSERT, and cleanup DELETE"",""cell_wall_ms"":194324.942,""answer_kind"":""term-aware-candidate-set-v1"",""answer_key_count"":14,""answer_fingerprint"":""97450ba1410f357ada313d1a8c0fa9bfeec33d5c127cef8f1f08f4321cb2eea8"",""c_parse_samples"":[84767.67],""c_protocol_samples"":[{""requested_mode"":""flat"",""effective_mode"":""flat"",""fallback_reason"":null,""plan_steps"":5,""feedback_steps"":0,""feedback_triples"":0,""construct_query_ms"":86490.348,""feedback_update_ms"":0.0,""cleanup_ms"":0.0,""client_protocol_ms"":0.0,""network_scope"":""construct+feedback+cleanup"",""circuit_sha256"":""cbf52be28f9b485731b8067d904b6ca5c3f2760e524501b342595fd3820cbaeb"",""answer_fingerprint"":""97450ba1410f357ada313d1a8c0fa9bfeec33d5c127cef8f1f08f4321cb2eea8"",""semantic_signature_sha256"":""7b651945028c24264462c02da3bbc587035bde60bef12890055a4389275856ef"",""structure_signature"":{""gates"":2238187,""edges"":2238180,""answers"":14,""derivations"":1119076,""leaves"":1119069,""plus"":1119097,""minus"":14,""nodes"":3357256,""canonical_bytes"":646962806},""construct_total_ms"":176378.844,""client_unattributed_ms"":5120.826}],""construct_total_samples"":[176378.844],""construct_unattributed_samples"":[5120.826],""status"":""ok"",""status_evidence"":null,""c_warmup_signatures"":[],""measured_semantic_signature_sha256"":""7b651945028c24264462c02da3bbc587035bde60bef12890055a4389275856ef"",""measured_repetitions_consistent"":true,""cache_snapshot_ms"":17121.284,""cache_snapshot_scope"":""first-measured-response; deferred until all runs succeeded"",""outside_cell_cache_write_ms"":36464.867,""endpoint_lock"":{""wait_ms"":0.006,""lock_path"":""/tmp/sparqlcirc-r9-endpoint-locks-v7/e6d3d236675cf5aefb65ff5897cc6e142b08e2a2be9e4af928e482100bc8e0bd.lock""},""construction_requested"":""flat"",""construction_effective"":""flat"",""circuit_sha256"":""cbf52be28f9b485731b8067d904b6ca5c3f2760e524501b342595fd3820cbaeb"",""circuit_triples"":4476451,""circuit_bytes"":646962806,""circuit_path"":""/mnt/nfs/home/ac145595/workspace/rq3-artifacts/circuits/graphdb-100m/ec9af3cffe6976bcc27a5ca3ba0732c80fe7716160af6d25aa1d6b447b6300e2-cbf52be28f9b485731b8067d904b6ca5c3f2760e524501b342595fd3820cbaeb.nt"",""metadata_path"":""/mnt/nfs/home/ac145595/workspace/rq3-artifacts/circuits/graphdb-100m/ec9af3cffe6976bcc27a5ca3ba0732c80fe7716160af6d25aa1d6b447b6300e2-cbf52be28f9b485731b8067d904b6ca5c3f2760e524501b342595fd3820cbaeb.json"",""producer_observation_sha256"":""93f3d9fdbdb5877bee7062f8328309769ab1e33b14cd5c45c2685b56df632d7b"",""sidecar_sha256"":""efc855c2ff64e7a03303286384b13ed1c37b4218d3e63db7f59fa86a3828d565"",""commit"":""9eb59b24e2f261a4a30b99e6a5aaf35df28df707"",""batch_id"":""32a7995cfbc4dc222fa8a8149bb1feffe24bd7657e3be399956d1af79ae5f68b"",""query_sha256"":""ec9af3cffe6976bcc27a5ca3ba0732c80fe7716160af6d25aa1d6b447b6300e2"",""engine"":""graphdb"",""engine_version"":""GraphDB (RDF4J) [engines.json profile]"",""scale"":""100M"",""base_endpoint_sha256"":""e1e370c3c3e41897f966ee22e8c7c98840f6ecade4ccb1698265b03c62141a2f"",""reified_endpoint_sha256"":""2c97fc305990d2aa1e0f09f37216d4d5b1419027440c3151c422415f0c836db8"",""update_endpoint_sha256"":""f3c05af6c7aa3bbf0aae501a61efa32804f36e642d32f61fe21875892b248a8a"",""base_data_identity_sha256"":""8a988dc83f4082a4f27503ba2906dc6b8733b3c02be567635c726c67bbd48314"",""reified_data_identity_sha256"":""16162702ccec82b2a0e27063cd04bd756a27af1f003b4cef0da976d843ef4725"",""update_for"":""reified"",""access_mode"":""writable"",""base_data_name"":""exploratory-base"",""reified_data_name"":""exploratory-reified"",""update_canary_sha256"":""41997fb8640d9e765a0272879a63548eb9bd46bbf6e49da02b7c924e506b94f7"",""store_instance_sha256"":""e6d3d236675cf5aefb65ff5897cc6e142b08e2a2be9e4af928e482100bc8e0bd"",""store_discriminator_sha256"":""2e884d94ace185d62b1b91debf493ccd0a69b83d08e74cf5f1c2be4851b14215"",""tool_sha256"":""7b43c2342d7676aa65cc9ee233b2184c9eae88f2663874af7ab1b83282f94ab4"",""java_runtime_sha256"":""6ffd10b28ab050230cdc1137f0bd16155c3a7c587add7fbe921d985fa92879fe"",""run_identity_sha256"":""01eba411390431829f06128ddb380b1163c57f6fc33e3b494133575239eb2291""}"
9eb59b24e2f261a4a30b99e6a5aaf35df28df707,graphdb,GraphDB (RDF4J) [engines.json profile],100M,O,O5,00,ec9af3cffe6976bcc27a5ca3ba0732c80fe7716160af6d25aa1d6b447b6300e2,N,N_clean (NPCS reimplementation),ok,14,8781.3,8781.3,8781.3,8781.3,0.0,0,1,3600.0,1773,0.0,,,,28,188.806254,[8781.279],[0.0],,[],,[],,[],r9.2-frozen-identity-v9,32a7995cfbc4dc222fa8a8149bb1feffe24bd7657e3be399956d1af79ae5f68b,csv-candidate-multiset-v1,14,d49f6fc72651f27778d3a99616d42464797a1e3cbb5c5782c999e8a58e609343,,,,,,,,e1e370c3c3e41897f966ee22e8c7c98840f6ecade4ccb1698265b03c62141a2f,2c97fc305990d2aa1e0f09f37216d4d5b1419027440c3151c422415f0c836db8,f3c05af6c7aa3bbf0aae501a61efa32804f36e642d32f61fe21875892b248a8a,8a988dc83f4082a4f27503ba2906dc6b8733b3c02be567635c726c67bbd48314,16162702ccec82b2a0e27063cd04bd756a27af1f003b4cef0da976d843ef4725,reified,writable,exploratory-base,exploratory-reified,41997fb8640d9e765a0272879a63548eb9bd46bbf6e49da02b7c924e506b94f7,e6d3d236675cf5aefb65ff5897cc6e142b08e2a2be9e4af928e482100bc8e0bd,2e884d94ace185d62b1b91debf493ccd0a69b83d08e74cf5f1c2be4851b14215,7b43c2342d7676aa65cc9ee233b2184c9eae88f2663874af7ab1b83282f94ab4,6ffd10b28ab050230cdc1137f0bd16155c3a7c587add7fbe921d985fa92879fe,52,14,46,01eba411390431829f06128ddb380b1163c57f6fc33e3b494133575239eb2291,"pcm-meta-v2:{""protocol"":""r9.2-frozen-identity-v9"",""message"":"""",""cell_wall_ms"":8976.859,""answer_kind"":""csv-candidate-multiset-v1"",""answer_key_count"":14,""answer_fingerprint"":""d49f6fc72651f27778d3a99616d42464797a1e3cbb5c5782c999e8a58e609343"",""c_parse_samples"":[0.0],""c_protocol_samples"":[],""construct_total_samples"":[],""construct_unattributed_samples"":[],""status"":""ok"",""status_evidence"":null,""construction_requested"":null,""construction_effective"":null,""commit"":""9eb59b24e2f261a4a30b99e6a5aaf35df28df707"",""batch_id"":""32a7995cfbc4dc222fa8a8149bb1feffe24bd7657e3be399956d1af79ae5f68b"",""query_sha256"":""ec9af3cffe6976bcc27a5ca3ba0732c80fe7716160af6d25aa1d6b447b6300e2"",""engine"":""graphdb"",""engine_version"":""GraphDB (RDF4J) [engines.json profile]"",""scale"":""100M"",""base_endpoint_sha256"":""e1e370c3c3e41897f966ee22e8c7c98840f6ecade4ccb1698265b03c62141a2f"",""reified_endpoint_sha256"":""2c97fc305990d2aa1e0f09f37216d4d5b1419027440c3151c422415f0c836db8"",""update_endpoint_sha256"":""f3c05af6c7aa3bbf0aae501a61efa32804f36e642d32f61fe21875892b248a8a"",""base_data_identity_sha256"":""8a988dc83f4082a4f27503ba2906dc6b8733b3c02be567635c726c67bbd48314"",""reified_data_identity_sha256"":""16162702ccec82b2a0e27063cd04bd756a27af1f003b4cef0da976d843ef4725"",""update_for"":""reified"",""access_mode"":""writable"",""base_data_name"":""exploratory-base"",""reified_data_name"":""exploratory-reified"",""update_canary_sha256"":""41997fb8640d9e765a0272879a63548eb9bd46bbf6e49da02b7c924e506b94f7"",""store_instance_sha256"":""e6d3d236675cf5aefb65ff5897cc6e142b08e2a2be9e4af928e482100bc8e0bd"",""store_discriminator_sha256"":""2e884d94ace185d62b1b91debf493ccd0a69b83d08e74cf5f1c2be4851b14215"",""tool_sha256"":""7b43c2342d7676aa65cc9ee233b2184c9eae88f2663874af7ab1b83282f94ab4"",""java_runtime_sha256"":""6ffd10b28ab050230cdc1137f0bd16155c3a7c587add7fbe921d985fa92879fe"",""run_identity_sha256"":""01eba411390431829f06128ddb380b1163c57f6fc33e3b494133575239eb2291""}"
9eb59b24e2f261a4a30b99e6a5aaf35df28df707,graphdb,GraphDB (RDF4J) [engines.json profile],100M,O,O5,00,ec9af3cffe6976bcc27a5ca3ba0732c80fe7716160af6d25aa1d6b447b6300e2,R,reification-only,ok,18,7.3,7.3,7.3,7.3,0.0,0,1,3600.0,865,0.0,,,,,160.49201,[7.29],[0.0],,[],,[],,[],r9.2-frozen-identity-v9,32a7995cfbc4dc222fa8a8149bb1feffe24bd7657e3be399956d1af79ae5f68b,csv-binding-multiset-v1,18,46a5ef4e451e13320d519ff511f6296eab1a6c4343c003fa0c3c826fde688609,,,,,,,,e1e370c3c3e41897f966ee22e8c7c98840f6ecade4ccb1698265b03c62141a2f,2c97fc305990d2aa1e0f09f37216d4d5b1419027440c3151c422415f0c836db8,f3c05af6c7aa3bbf0aae501a61efa32804f36e642d32f61fe21875892b248a8a,8a988dc83f4082a4f27503ba2906dc6b8733b3c02be567635c726c67bbd48314,16162702ccec82b2a0e27063cd04bd756a27af1f003b4cef0da976d843ef4725,reified,writable,exploratory-base,exploratory-reified,41997fb8640d9e765a0272879a63548eb9bd46bbf6e49da02b7c924e506b94f7,e6d3d236675cf5aefb65ff5897cc6e142b08e2a2be9e4af928e482100bc8e0bd,2e884d94ace185d62b1b91debf493ccd0a69b83d08e74cf5f1c2be4851b14215,7b43c2342d7676aa65cc9ee233b2184c9eae88f2663874af7ab1b83282f94ab4,6ffd10b28ab050230cdc1137f0bd16155c3a7c587add7fbe921d985fa92879fe,,,,01eba411390431829f06128ddb380b1163c57f6fc33e3b494133575239eb2291,"pcm-meta-v2:{""protocol"":""r9.2-frozen-identity-v9"",""message"":"""",""cell_wall_ms"":175.383,""answer_kind"":""csv-binding-multiset-v1"",""answer_key_count"":18,""answer_fingerprint"":""46a5ef4e451e13320d519ff511f6296eab1a6c4343c003fa0c3c826fde688609"",""c_parse_samples"":[0.0],""c_protocol_samples"":[],""construct_total_samples"":[],""construct_unattributed_samples"":[],""status"":""ok"",""status_evidence"":null,""construction_requested"":null,""construction_effective"":null,""commit"":""9eb59b24e2f261a4a30b99e6a5aaf35df28df707"",""batch_id"":""32a7995cfbc4dc222fa8a8149bb1feffe24bd7657e3be399956d1af79ae5f68b"",""query_sha256"":""ec9af3cffe6976bcc27a5ca3ba0732c80fe7716160af6d25aa1d6b447b6300e2"",""engine"":""graphdb"",""engine_version"":""GraphDB (RDF4J) [engines.json profile]"",""scale"":""100M"",""base_endpoint_sha256"":""e1e370c3c3e41897f966ee22e8c7c98840f6ecade4ccb1698265b03c62141a2f"",""reified_endpoint_sha256"":""2c97fc305990d2aa1e0f09f37216d4d5b1419027440c3151c422415f0c836db8"",""update_endpoint_sha256"":""f3c05af6c7aa3bbf0aae501a61efa32804f36e642d32f61fe21875892b248a8a"",""base_data_identity_sha256"":""8a988dc83f4082a4f27503ba2906dc6b8733b3c02be567635c726c67bbd48314"",""reified_data_identity_sha256"":""16162702ccec82b2a0e27063cd04bd756a27af1f003b4cef0da976d843ef4725"",""update_for"":""reified"",""access_mode"":""writable"",""base_data_name"":""exploratory-base"",""reified_data_name"":""exploratory-reified"",""update_canary_sha256"":""41997fb8640d9e765a0272879a63548eb9bd46bbf6e49da02b7c924e506b94f7"",""store_instance_sha256"":""e6d3d236675cf5aefb65ff5897cc6e142b08e2a2be9e4af928e482100bc8e0bd"",""store_discriminator_sha256"":""2e884d94ace185d62b1b91debf493ccd0a69b83d08e74cf5f1c2be4851b14215"",""tool_sha256"":""7b43c2342d7676aa65cc9ee233b2184c9eae88f2663874af7ab1b83282f94ab4"",""java_runtime_sha256"":""6ffd10b28ab050230cdc1137f0bd16155c3a7c587add7fbe921d985fa92879fe"",""run_identity_sha256"":""01eba411390431829f06128ddb380b1163c57f6fc33e3b494133575239eb2291""}"
9eb59b24e2f261a4a30b99e6a5aaf35df28df707,graphdb,GraphDB (RDF4J) [engines.json profile],100M,S,S1,00,11a13df922fdbee8f9776eaed6af62ffda103b2b406da774b3f49300860168da,B,base-select,ok,7,75.5,75.5,75.5,75.5,0.0,0,1,3600.0,1369,0.0,,,,,0.00769,[75.524],[0.0],,[],,[],,[],r9.2-frozen-identity-v9,32a7995cfbc4dc222fa8a8149bb1feffe24bd7657e3be399956d1af79ae5f68b,csv-binding-multiset-v1,7,67ef3a318d853e2988eb09db5815a1f3aa3de3eae655ca6f95b3d9cb6bfc3f5c,,,,,,,,e1e370c3c3e41897f966ee22e8c7c98840f6ecade4ccb1698265b03c62141a2f,2c97fc305990d2aa1e0f09f37216d4d5b1419027440c3151c422415f0c836db8,f3c05af6c7aa3bbf0aae501a61efa32804f36e642d32f61fe21875892b248a8a,8a988dc83f4082a4f27503ba2906dc6b8733b3c02be567635c726c67bbd48314,16162702ccec82b2a0e27063cd04bd756a27af1f003b4cef0da976d843ef4725,reified,writable,exploratory-base,exploratory-reified,41997fb8640d9e765a0272879a63548eb9bd46bbf6e49da02b7c924e506b94f7,e6d3d236675cf5aefb65ff5897cc6e142b08e2a2be9e4af928e482100bc8e0bd,2e884d94ace185d62b1b91debf493ccd0a69b83d08e74cf5f1c2be4851b14215,7b43c2342d7676aa65cc9ee233b2184c9eae88f2663874af7ab1b83282f94ab4,6ffd10b28ab050230cdc1137f0bd16155c3a7c587add7fbe921d985fa92879fe,,,,c1df5f06196930a5e6faebef9d9b73c162bb2ff84f7189fe50bb8e840130a04a,"pcm-meta-v2:{""protocol"":""r9.2-frozen-identity-v9"",""message"":"""",""cell_wall_ms"":81.47,""answer_kind"":""csv-binding-multiset-v1"",""answer_key_count"":7,""answer_fingerprint"":""67ef3a318d853e2988eb09db5815a1f3aa3de3eae655ca6f95b3d9cb6bfc3f5c"",""c_parse_samples"":[0.0],""c_protocol_samples"":[],""construct_total_samples"":[],""construct_unattributed_samples"":[],""status"":""ok"",""status_evidence"":null,""construction_requested"":null,""construction_effective"":null,""commit"":""9eb59b24e2f261a4a30b99e6a5aaf35df28df707"",""batch_id"":""32a7995cfbc4dc222fa8a8149bb1feffe24bd7657e3be399956d1af79ae5f68b"",""query_sha256"":""11a13df922fdbee8f9776eaed6af62ffda103b2b406da774b3f49300860168da"",""engine"":""graphdb"",""engine_version"":""GraphDB (RDF4J) [engines.json profile]"",""scale"":""100M"",""base_endpoint_sha256"":""e1e370c3c3e41897f966ee22e8c7c98840f6ecade4ccb1698265b03c62141a2f"",""reified_endpoint_sha256"":""2c97fc305990d2aa1e0f09f37216d4d5b1419027440c3151c422415f0c836db8"",""update_endpoint_sha256"":""f3c05af6c7aa3bbf0aae501a61efa32804f36e642d32f61fe21875892b248a8a"",""base_data_identity_sha256"":""8a988dc83f4082a4f27503ba2906dc6b8733b3c02be567635c726c67bbd48314"",""reified_data_identity_sha256"":""16162702ccec82b2a0e27063cd04bd756a27af1f003b4cef0da976d843ef4725"",""update_for"":""reified"",""access_mode"":""writable"",""base_data_name"":""exploratory-base"",""reified_data_name"":""exploratory-reified"",""update_canary_sha256"":""41997fb8640d9e765a0272879a63548eb9bd46bbf6e49da02b7c924e506b94f7"",""store_instance_sha256"":""e6d3d236675cf5aefb65ff5897cc6e142b08e2a2be9e4af928e482100bc8e0bd"",""store_discriminator_sha256"":""2e884d94ace185d62b1b91debf493ccd0a69b83d08e74cf5f1c2be4851b14215"",""tool_sha256"":""7b43c2342d7676aa65cc9ee233b2184c9eae88f2663874af7ab1b83282f94ab4"",""java_runtime_sha256"":""6ffd10b28ab050230cdc1137f0bd16155c3a7c587add7fbe921d985fa92879fe"",""run_identity_sha256"":""c1df5f06196930a5e6faebef9d9b73c162bb2ff84f7189fe50bb8e840130a04a""}"
9eb59b24e2f261a4a30b99e6a5aaf35df28df707,graphdb,GraphDB (RDF4J) [engines.json profile],100M,S,S1,00,11a13df922fdbee8f9776eaed6af62ffda103b2b406da774b3f49300860168da,C,SPARQLcirc CircuitRewriter,ok,7,101.3,101.3,101.3,101.3,0.0,0,1,3600.0,37703,3.6,14,70,7,,397.825967,[101.32],[3.645],0.0,[0.0],105.4,[105.422],0.5,[0.456],r9.2-frozen-identity-v9,32a7995cfbc4dc222fa8a8149bb1feffe24bd7657e3be399956d1af79ae5f68b,term-aware-candidate-set-v1,7,f1dc6ee7ef8c3d097e8a1973c4cccb9b9049e626d752ada0c7bed0b7b4c0232c,flat,flat,e65677f91e9a222646143b2d151613a0202ab531a8709bc445fed9a3fd8632ea,/mnt/nfs/home/ac145595/workspace/rq3-artifacts/circuits/graphdb-100m/11a13df922fdbee8f9776eaed6af62ffda103b2b406da774b3f49300860168da-e65677f91e9a222646143b2d151613a0202ab531a8709bc445fed9a3fd8632ea.nt,/mnt/nfs/home/ac145595/workspace/rq3-artifacts/circuits/graphdb-100m/11a13df922fdbee8f9776eaed6af62ffda103b2b406da774b3f49300860168da-e65677f91e9a222646143b2d151613a0202ab531a8709bc445fed9a3fd8632ea.json,239875439ce6c6ac67330d5747f6aa63479996e3d892ab2cccfb30fda620b13f,24c2098fe663ff98dee9537dceb5a81ecdff7e3d370bb88d2f3ef0a5d9e6de1e,e1e370c3c3e41897f966ee22e8c7c98840f6ecade4ccb1698265b03c62141a2f,2c97fc305990d2aa1e0f09f37216d4d5b1419027440c3151c422415f0c836db8,f3c05af6c7aa3bbf0aae501a61efa32804f36e642d32f61fe21875892b248a8a,8a988dc83f4082a4f27503ba2906dc6b8733b3c02be567635c726c67bbd48314,16162702ccec82b2a0e27063cd04bd756a27af1f003b4cef0da976d843ef4725,reified,writable,exploratory-base,exploratory-reified,41997fb8640d9e765a0272879a63548eb9bd46bbf6e49da02b7c924e506b94f7,e6d3d236675cf5aefb65ff5897cc6e142b08e2a2be9e4af928e482100bc8e0bd,2e884d94ace185d62b1b91debf493ccd0a69b83d08e74cf5f1c2be4851b14215,7b43c2342d7676aa65cc9ee233b2184c9eae88f2663874af7ab1b83282f94ab4,6ffd10b28ab050230cdc1137f0bd16155c3a7c587add7fbe921d985fa92879fe,,,,c1df5f06196930a5e6faebef9d9b73c162bb2ff84f7189fe50bb8e840130a04a,"pcm-meta-v2:{""protocol"":""r9.2-frozen-identity-v9"",""message"":""C requested=flat effective=flat; steps=1 feedback=0; network includes CONSTRUCT, feedback INSERT, and cleanup DELETE"",""cell_wall_ms"":509.239,""answer_kind"":""term-aware-candidate-set-v1"",""answer_key_count"":7,""answer_fingerprint"":""f1dc6ee7ef8c3d097e8a1973c4cccb9b9049e626d752ada0c7bed0b7b4c0232c"",""c_parse_samples"":[3.645],""c_protocol_samples"":[{""requested_mode"":""flat"",""effective_mode"":""flat"",""fallback_reason"":null,""plan_steps"":1,""feedback_steps"":0,""feedback_triples"":0,""construct_query_ms"":101.32,""feedback_update_ms"":0.0,""cleanup_ms"":0.0,""client_protocol_ms"":0.0,""network_scope"":""construct+feedback+cleanup"",""circuit_sha256"":""e65677f91e9a222646143b2d151613a0202ab531a8709bc445fed9a3fd8632ea"",""answer_fingerprint"":""f1dc6ee7ef8c3d097e8a1973c4cccb9b9049e626d752ada0c7bed0b7b4c0232c"",""semantic_signature_sha256"":""2ce99ff284132742b720b51016ff648ea2f7b5dff5a03f4de19112d300446f77"",""structure_signature"":{""gates"":14,""edges"":70,""answers"":7,""derivations"":7,""leaves"":23,""plus"":7,""minus"":0,""nodes"":37,""canonical_bytes"":37703},""construct_total_ms"":105.422,""client_unattributed_ms"":0.456}],""construct_total_samples"":[105.422],""construct_unattributed_samples"":[0.456],""status"":""ok"",""status_evidence"":null,""c_warmup_signatures"":[],""measured_semantic_signature_sha256"":""2ce99ff284132742b720b51016ff648ea2f7b5dff5a03f4de19112d300446f77"",""measured_repetitions_consistent"":true,""cache_snapshot_ms"":1.551,""cache_snapshot_scope"":""first-measured-response; deferred until all runs succeeded"",""outside_cell_cache_write_ms"":5.368,""endpoint_lock"":{""wait_ms"":0.006,""lock_path"":""/tmp/sparqlcirc-r9-endpoint-locks-v7/e6d3d236675cf5aefb65ff5897cc6e142b08e2a2be9e4af928e482100bc8e0bd.lock""},""construction_requested"":""flat"",""construction_effective"":""flat"",""circuit_sha256"":""e65677f91e9a222646143b2d151613a0202ab531a8709bc445fed9a3fd8632ea"",""circuit_triples"":280,""circuit_bytes"":37703,""circuit_path"":""/mnt/nfs/home/ac145595/workspace/rq3-artifacts/circuits/graphdb-100m/11a13df922fdbee8f9776eaed6af62ffda103b2b406da774b3f49300860168da-e65677f91e9a222646143b2d151613a0202ab531a8709bc445fed9a3fd8632ea.nt"",""metadata_path"":""/mnt/nfs/home/ac145595/workspace/rq3-artifacts/circuits/graphdb-100m/11a13df922fdbee8f9776eaed6af62ffda103b2b406da774b3f49300860168da-e65677f91e9a222646143b2d151613a0202ab531a8709bc445fed9a3fd8632ea.json"",""producer_observation_sha256"":""239875439ce6c6ac67330d5747f6aa63479996e3d892ab2cccfb30fda620b13f"",""sidecar_sha256"":""24c2098fe663ff98dee9537dceb5a81ecdff7e3d370bb88d2f3ef0a5d9e6de1e"",""commit"":""9eb59b24e2f261a4a30b99e6a5aaf35df28df707"",""batch_id"":""32a7995cfbc4dc222fa8a8149bb1feffe24bd7657e3be399956d1af79ae5f68b"",""query_sha256"":""11a13df922fdbee8f9776eaed6af62ffda103b2b406da774b3f49300860168da"",""engine"":""graphdb"",""engine_version"":""GraphDB (RDF4J) [engines.json profile]"",""scale"":""100M"",""base_endpoint_sha256"":""e1e370c3c3e41897f966ee22e8c7c98840f6ecade4ccb1698265b03c62141a2f"",""reified_endpoint_sha256"":""2c97fc305990d2aa1e0f09f37216d4d5b1419027440c3151c422415f0c836db8"",""update_endpoint_sha256"":""f3c05af6c7aa3bbf0aae501a61efa32804f36e642d32f61fe21875892b248a8a"",""base_data_identity_sha256"":""8a988dc83f4082a4f27503ba2906dc6b8733b3c02be567635c726c67bbd48314"",""reified_data_identity_sha256"":""16162702ccec82b2a0e27063cd04bd756a27af1f003b4cef0da976d843ef4725"",""update_for"":""reified"",""access_mode"":""writable"",""base_data_name"":""exploratory-base"",""reified_data_name"":""exploratory-reified"",""update_canary_sha256"":""41997fb8640d9e765a0272879a63548eb9bd46bbf6e49da02b7c924e506b94f7"",""store_instance_sha256"":""e6d3d236675cf5aefb65ff5897cc6e142b08e2a2be9e4af928e482100bc8e0bd"",""store_discriminator_sha256"":""2e884d94ace185d62b1b91debf493ccd0a69b83d08e74cf5f1c2be4851b14215"",""tool_sha256"":""7b43c2342d7676aa65cc9ee233b2184c9eae88f2663874af7ab1b83282f94ab4"",""java_runtime_sha256"":""6ffd10b28ab050230cdc1137f0bd16155c3a7c587add7fbe921d985fa92879fe"",""run_identity_sha256"":""c1df5f06196930a5e6faebef9d9b73c162bb2ff84f7189fe50bb8e840130a04a""}"
9eb59b24e2f261a4a30b99e6a5aaf35df28df707,graphdb,GraphDB (RDF4J) [engines.json profile],100M,S,S1,00,11a13df922fdbee8f9776eaed6af62ffda103b2b406da774b3f49300860168da,N,N_clean (NPCS reimplementation),ok,7,18.0,18.0,18.0,18.0,0.0,0,1,3600.0,2373,0.0,,,,7,180.989948,[18.002],[0.0],,[],,[],,[],r9.2-frozen-identity-v9,32a7995cfbc4dc222fa8a8149bb1feffe24bd7657e3be399956d1af79ae5f68b,csv-candidate-multiset-v1,7,67ef3a318d853e2988eb09db5815a1f3aa3de3eae655ca6f95b3d9cb6bfc3f5c,,,,,,,,e1e370c3c3e41897f966ee22e8c7c98840f6ecade4ccb1698265b03c62141a2f,2c97fc305990d2aa1e0f09f37216d4d5b1419027440c3151c422415f0c836db8,f3c05af6c7aa3bbf0aae501a61efa32804f36e642d32f61fe21875892b248a8a,8a988dc83f4082a4f27503ba2906dc6b8733b3c02be567635c726c67bbd48314,16162702ccec82b2a0e27063cd04bd756a27af1f003b4cef0da976d843ef4725,reified,writable,exploratory-base,exploratory-reified,41997fb8640d9e765a0272879a63548eb9bd46bbf6e49da02b7c924e506b94f7,e6d3d236675cf5aefb65ff5897cc6e142b08e2a2be9e4af928e482100bc8e0bd,2e884d94ace185d62b1b91debf493ccd0a69b83d08e74cf5f1c2be4851b14215,7b43c2342d7676aa65cc9ee233b2184c9eae88f2663874af7ab1b83282f94ab4,6ffd10b28ab050230cdc1137f0bd16155c3a7c587add7fbe921d985fa92879fe,7,0,63,c1df5f06196930a5e6faebef9d9b73c162bb2ff84f7189fe50bb8e840130a04a,"pcm-meta-v2:{""protocol"":""r9.2-frozen-identity-v9"",""message"":"""",""cell_wall_ms"":206.223,""answer_kind"":""csv-candidate-multiset-v1"",""answer_key_count"":7,""answer_fingerprint"":""67ef3a318d853e2988eb09db5815a1f3aa3de3eae655ca6f95b3d9cb6bfc3f5c"",""c_parse_samples"":[0.0],""c_protocol_samples"":[],""construct_total_samples"":[],""construct_unattributed_samples"":[],""status"":""ok"",""status_evidence"":null,""construction_requested"":null,""construction_effective"":null,""commit"":""9eb59b24e2f261a4a30b99e6a5aaf35df28df707"",""batch_id"":""32a7995cfbc4dc222fa8a8149bb1feffe24bd7657e3be399956d1af79ae5f68b"",""query_sha256"":""11a13df922fdbee8f9776eaed6af62ffda103b2b406da774b3f49300860168da"",""engine"":""graphdb"",""engine_version"":""GraphDB (RDF4J) [engines.json profile]"",""scale"":""100M"",""base_endpoint_sha256"":""e1e370c3c3e41897f966ee22e8c7c98840f6ecade4ccb1698265b03c62141a2f"",""reified_endpoint_sha256"":""2c97fc305990d2aa1e0f09f37216d4d5b1419027440c3151c422415f0c836db8"",""update_endpoint_sha256"":""f3c05af6c7aa3bbf0aae501a61efa32804f36e642d32f61fe21875892b248a8a"",""base_data_identity_sha256"":""8a988dc83f4082a4f27503ba2906dc6b8733b3c02be567635c726c67bbd48314"",""reified_data_identity_sha256"":""16162702ccec82b2a0e27063cd04bd756a27af1f003b4cef0da976d843ef4725"",""update_for"":""reified"",""access_mode"":""writable"",""base_data_name"":""exploratory-base"",""reified_data_name"":""exploratory-reified"",""update_canary_sha256"":""41997fb8640d9e765a0272879a63548eb9bd46bbf6e49da02b7c924e506b94f7"",""store_instance_sha256"":""e6d3d236675cf5aefb65ff5897cc6e142b08e2a2be9e4af928e482100bc8e0bd"",""store_discriminator_sha256"":""2e884d94ace185d62b1b91debf493ccd0a69b83d08e74cf5f1c2be4851b14215"",""tool_sha256"":""7b43c2342d7676aa65cc9ee233b2184c9eae88f2663874af7ab1b83282f94ab4"",""java_runtime_sha256"":""6ffd10b28ab050230cdc1137f0bd16155c3a7c587add7fbe921d985fa92879fe"",""run_identity_sha256"":""c1df5f06196930a5e6faebef9d9b73c162bb2ff84f7189fe50bb8e840130a04a""}"
9eb59b24e2f261a4a30b99e6a5aaf35df28df707,graphdb,GraphDB (RDF4J) [engines.json profile],100M,S,S1,00,11a13df922fdbee8f9776eaed6af62ffda103b2b406da774b3f49300860168da,R,reification-only,ok,7,29.8,29.8,29.8,29.8,0.0,0,1,3600.0,1369,0.0,,,,,162.87142,[29.752],[0.0],,[],,[],,[],r9.2-frozen-identity-v9,32a7995cfbc4dc222fa8a8149bb1feffe24bd7657e3be399956d1af79ae5f68b,csv-binding-multiset-v1,7,67ef3a318d853e2988eb09db5815a1f3aa3de3eae655ca6f95b3d9cb6bfc3f5c,,,,,,,,e1e370c3c3e41897f966ee22e8c7c98840f6ecade4ccb1698265b03c62141a2f,2c97fc305990d2aa1e0f09f37216d4d5b1419027440c3151c422415f0c836db8,f3c05af6c7aa3bbf0aae501a61efa32804f36e642d32f61fe21875892b248a8a,8a988dc83f4082a4f27503ba2906dc6b8733b3c02be567635c726c67bbd48314,16162702ccec82b2a0e27063cd04bd756a27af1f003b4cef0da976d843ef4725,reified,writable,exploratory-base,exploratory-reified,41997fb8640d9e765a0272879a63548eb9bd46bbf6e49da02b7c924e506b94f7,e6d3d236675cf5aefb65ff5897cc6e142b08e2a2be9e4af928e482100bc8e0bd,2e884d94ace185d62b1b91debf493ccd0a69b83d08e74cf5f1c2be4851b14215,7b43c2342d7676aa65cc9ee233b2184c9eae88f2663874af7ab1b83282f94ab4,6ffd10b28ab050230cdc1137f0bd16155c3a7c587add7fbe921d985fa92879fe,,,,c1df5f06196930a5e6faebef9d9b73c162bb2ff84f7189fe50bb8e840130a04a,"pcm-meta-v2:{""protocol"":""r9.2-frozen-identity-v9"",""message"":"""",""cell_wall_ms"":200.132,""answer_kind"":""csv-binding-multiset-v1"",""answer_key_count"":7,""answer_fingerprint"":""67ef3a318d853e2988eb09db5815a1f3aa3de3eae655ca6f95b3d9cb6bfc3f5c"",""c_parse_samples"":[0.0],""c_protocol_samples"":[],""construct_total_samples"":[],""construct_unattributed_samples"":[],""status"":""ok"",""status_evidence"":null,""construction_requested"":null,""construction_effective"":null,""commit"":""9eb59b24e2f261a4a30b99e6a5aaf35df28df707"",""batch_id"":""32a7995cfbc4dc222fa8a8149bb1feffe24bd7657e3be399956d1af79ae5f68b"",""query_sha256"":""11a13df922fdbee8f9776eaed6af62ffda103b2b406da774b3f49300860168da"",""engine"":""graphdb"",""engine_version"":""GraphDB (RDF4J) [engines.json profile]"",""scale"":""100M"",""base_endpoint_sha256"":""e1e370c3c3e41897f966ee22e8c7c98840f6ecade4ccb1698265b03c62141a2f"",""reified_endpoint_sha256"":""2c97fc305990d2aa1e0f09f37216d4d5b1419027440c3151c422415f0c836db8"",""update_endpoint_sha256"":""f3c05af6c7aa3bbf0aae501a61efa32804f36e642d32f61fe21875892b248a8a"",""base_data_identity_sha256"":""8a988dc83f4082a4f27503ba2906dc6b8733b3c02be567635c726c67bbd48314"",""reified_data_identity_sha256"":""16162702ccec82b2a0e27063cd04bd756a27af1f003b4cef0da976d843ef4725"",""update_for"":""reified"",""access_mode"":""writable"",""base_data_name"":""exploratory-base"",""reified_data_name"":""exploratory-reified"",""update_canary_sha256"":""41997fb8640d9e765a0272879a63548eb9bd46bbf6e49da02b7c924e506b94f7"",""store_instance_sha256"":""e6d3d236675cf5aefb65ff5897cc6e142b08e2a2be9e4af928e482100bc8e0bd"",""store_discriminator_sha256"":""2e884d94ace185d62b1b91debf493ccd0a69b83d08e74cf5f1c2be4851b14215"",""tool_sha256"":""7b43c2342d7676aa65cc9ee233b2184c9eae88f2663874af7ab1b83282f94ab4"",""java_runtime_sha256"":""6ffd10b28ab050230cdc1137f0bd16155c3a7c587add7fbe921d985fa92879fe"",""run_identity_sha256"":""c1df5f06196930a5e6faebef9d9b73c162bb2ff84f7189fe50bb8e840130a04a""}"
9eb59b24e2f261a4a30b99e6a5aaf35df28df707,graphdb,GraphDB (RDF4J) [engines.json profile],100M,S,S2,00,e634c02fe199569fe27370dfeca74deef380542216b43766499daf6e48f0b7a5,B,base-select,ok,2689,250.0,250.0,250.0,250.0,0.0,0,1,3600.0,128777,0.0,,,,,0.007381,[250.011],[0.0],,[],,[],,[],r9.2-frozen-identity-v9,32a7995cfbc4dc222fa8a8149bb1feffe24bd7657e3be399956d1af79ae5f68b,csv-binding-multiset-v1,2689,3821bc4684da3d6d3bdcae2abd2064416b864c0eddf853f357fc56fe8b5465cc,,,,,,,,e1e370c3c3e41897f966ee22e8c7c98840f6ecade4ccb1698265b03c62141a2f,2c97fc305990d2aa1e0f09f37216d4d5b1419027440c3151c422415f0c836db8,f3c05af6c7aa3bbf0aae501a61efa32804f36e642d32f61fe21875892b248a8a,8a988dc83f4082a4f27503ba2906dc6b8733b3c02be567635c726c67bbd48314,16162702ccec82b2a0e27063cd04bd756a27af1f003b4cef0da976d843ef4725,reified,writable,exploratory-base,exploratory-reified,41997fb8640d9e765a0272879a63548eb9bd46bbf6e49da02b7c924e506b94f7,e6d3d236675cf5aefb65ff5897cc6e142b08e2a2be9e4af928e482100bc8e0bd,2e884d94ace185d62b1b91debf493ccd0a69b83d08e74cf5f1c2be4851b14215,7b43c2342d7676aa65cc9ee233b2184c9eae88f2663874af7ab1b83282f94ab4,6ffd10b28ab050230cdc1137f0bd16155c3a7c587add7fbe921d985fa92879fe,,,,888657bc2a7152230d2a14f7f0bb0d262484c756e75bb6aff9b82e6f31a86e6c,"pcm-meta-v2:{""protocol"":""r9.2-frozen-identity-v9"",""message"":"""",""cell_wall_ms"":266.024,""answer_kind"":""csv-binding-multiset-v1"",""answer_key_count"":2689,""answer_fingerprint"":""3821bc4684da3d6d3bdcae2abd2064416b864c0eddf853f357fc56fe8b5465cc"",""c_parse_samples"":[0.0],""c_protocol_samples"":[],""construct_total_samples"":[],""construct_unattributed_samples"":[],""status"":""ok"",""status_evidence"":null,""construction_requested"":null,""construction_effective"":null,""commit"":""9eb59b24e2f261a4a30b99e6a5aaf35df28df707"",""batch_id"":""32a7995cfbc4dc222fa8a8149bb1feffe24bd7657e3be399956d1af79ae5f68b"",""query_sha256"":""e634c02fe199569fe27370dfeca74deef380542216b43766499daf6e48f0b7a5"",""engine"":""graphdb"",""engine_version"":""GraphDB (RDF4J) [engines.json profile]"",""scale"":""100M"",""base_endpoint_sha256"":""e1e370c3c3e41897f966ee22e8c7c98840f6ecade4ccb1698265b03c62141a2f"",""reified_endpoint_sha256"":""2c97fc305990d2aa1e0f09f37216d4d5b1419027440c3151c422415f0c836db8"",""update_endpoint_sha256"":""f3c05af6c7aa3bbf0aae501a61efa32804f36e642d32f61fe21875892b248a8a"",""base_data_identity_sha256"":""8a988dc83f4082a4f27503ba2906dc6b8733b3c02be567635c726c67bbd48314"",""reified_data_identity_sha256"":""16162702ccec82b2a0e27063cd04bd756a27af1f003b4cef0da976d843ef4725"",""update_for"":""reified"",""access_mode"":""writable"",""base_data_name"":""exploratory-base"",""reified_data_name"":""exploratory-reified"",""update_canary_sha256"":""41997fb8640d9e765a0272879a63548eb9bd46bbf6e49da02b7c924e506b94f7"",""store_instance_sha256"":""e6d3d236675cf5aefb65ff5897cc6e142b08e2a2be9e4af928e482100bc8e0bd"",""store_discriminator_sha256"":""2e884d94ace185d62b1b91debf493ccd0a69b83d08e74cf5f1c2be4851b14215"",""tool_sha256"":""7b43c2342d7676aa65cc9ee233b2184c9eae88f2663874af7ab1b83282f94ab4"",""java_runtime_sha256"":""6ffd10b28ab050230cdc1137f0bd16155c3a7c587add7fbe921d985fa92879fe"",""run_identity_sha256"":""888657bc2a7152230d2a14f7f0bb0d262484c756e75bb6aff9b82e6f31a86e6c""}"
9eb59b24e2f261a4a30b99e6a5aaf35df28df707,graphdb,GraphDB (RDF4J) [engines.json profile],100M,S,S2,00,e634c02fe199569fe27370dfeca74deef380542216b43766499daf6e48f0b7a5,C,SPARQLcirc CircuitRewriter,ok,2689,252639.4,252639.4,252639.4,252639.4,0.0,0,1,3600.0,4001690,360.0,5378,13445,2689,,372.375586,[252639.422],[359.982],0.0,[0.0],253008.2,[253008.176],8.8,[8.772],r9.2-frozen-identity-v9,32a7995cfbc4dc222fa8a8149bb1feffe24bd7657e3be399956d1af79ae5f68b,term-aware-candidate-set-v1,2689,83053a451c774f160dc89d566364403581c0e3ee9474298267bef7fafc89af89,flat,flat,0e7e6feb0a3cc192fa9e1b92d8d4ffa4d5233e1789018b8dd8a7b8a2f84b45e9,/mnt/nfs/home/ac145595/workspace/rq3-artifacts/circuits/graphdb-100m/e634c02fe199569fe27370dfeca74deef380542216b43766499daf6e48f0b7a5-0e7e6feb0a3cc192fa9e1b92d8d4ffa4d5233e1789018b8dd8a7b8a2f84b45e9.nt,/mnt/nfs/home/ac145595/workspace/rq3-artifacts/circuits/graphdb-100m/e634c02fe199569fe27370dfeca74deef380542216b43766499daf6e48f0b7a5-0e7e6feb0a3cc192fa9e1b92d8d4ffa4d5233e1789018b8dd8a7b8a2f84b45e9.json,fae8112c7ed360ec16cdb52fabcadba6b675e454df8c3db0a5bc953c2f629bbf,35eabeacc062c29936d217d25301b1e9b19851b21b6dc363788ab8ab9d87494d,e1e370c3c3e41897f966ee22e8c7c98840f6ecade4ccb1698265b03c62141a2f,2c97fc305990d2aa1e0f09f37216d4d5b1419027440c3151c422415f0c836db8,f3c05af6c7aa3bbf0aae501a61efa32804f36e642d32f61fe21875892b248a8a,8a988dc83f4082a4f27503ba2906dc6b8733b3c02be567635c726c67bbd48314,16162702ccec82b2a0e27063cd04bd756a27af1f003b4cef0da976d843ef4725,reified,writable,exploratory-base,exploratory-reified,41997fb8640d9e765a0272879a63548eb9bd46bbf6e49da02b7c924e506b94f7,e6d3d236675cf5aefb65ff5897cc6e142b08e2a2be9e4af928e482100bc8e0bd,2e884d94ace185d62b1b91debf493ccd0a69b83d08e74cf5f1c2be4851b14215,7b43c2342d7676aa65cc9ee233b2184c9eae88f2663874af7ab1b83282f94ab4,6ffd10b28ab050230cdc1137f0bd16155c3a7c587add7fbe921d985fa92879fe,,,,888657bc2a7152230d2a14f7f0bb0d262484c756e75bb6aff9b82e6f31a86e6c,"pcm-meta-v2:{""protocol"":""r9.2-frozen-identity-v9"",""message"":""C requested=flat effective=flat; steps=1 feedback=0; network includes CONSTRUCT, feedback INSERT, and cleanup DELETE"",""cell_wall_ms"":253462.379,""answer_kind"":""term-aware-candidate-set-v1"",""answer_key_count"":2689,""answer_fingerprint"":""83053a451c774f160dc89d566364403581c0e3ee9474298267bef7fafc89af89"",""c_parse_samples"":[359.982],""c_protocol_samples"":[{""requested_mode"":""flat"",""effective_mode"":""flat"",""fallback_reason"":null,""plan_steps"":1,""feedback_steps"":0,""feedback_triples"":0,""construct_query_ms"":252639.422,""feedback_update_ms"":0.0,""cleanup_ms"":0.0,""client_protocol_ms"":0.0,""network_scope"":""construct+feedback+cleanup"",""circuit_sha256"":""0e7e6feb0a3cc192fa9e1b92d8d4ffa4d5233e1789018b8dd8a7b8a2f84b45e9"",""answer_fingerprint"":""83053a451c774f160dc89d566364403581c0e3ee9474298267bef7fafc89af89"",""semantic_signature_sha256"":""e688e79eafddb0bcd5cd9d489817192482817334c6ed55e238142037ad852980"",""structure_signature"":{""gates"":5378,""edges"":13445,""answers"":2689,""derivations"":2689,""leaves"":10756,""plus"":2689,""minus"":0,""nodes"":16134,""canonical_bytes"":4001690},""construct_total_ms"":253008.176,""client_unattributed_ms"":8.772}],""construct_total_samples"":[253008.176],""construct_unattributed_samples"":[8.772],""status"":""ok"",""status_evidence"":null,""c_warmup_signatures"":[],""measured_semantic_signature_sha256"":""e688e79eafddb0bcd5cd9d489817192482817334c6ed55e238142037ad852980"",""measured_repetitions_consistent"":true,""cache_snapshot_ms"":71.742,""cache_snapshot_scope"":""first-measured-response; deferred until all runs succeeded"",""outside_cell_cache_write_ms"":185.794,""endpoint_lock"":{""wait_ms"":0.007,""lock_path"":""/tmp/sparqlcirc-r9-endpoint-locks-v7/e6d3d236675cf5aefb65ff5897cc6e142b08e2a2be9e4af928e482100bc8e0bd.lock""},""construction_requested"":""flat"",""construction_effective"":""flat"",""circuit_sha256"":""0e7e6feb0a3cc192fa9e1b92d8d4ffa4d5233e1789018b8dd8a7b8a2f84b45e9"",""circuit_triples"":29579,""circuit_bytes"":4001690,""circuit_path"":""/mnt/nfs/home/ac145595/workspace/rq3-artifacts/circuits/graphdb-100m/e634c02fe199569fe27370dfeca74deef380542216b43766499daf6e48f0b7a5-0e7e6feb0a3cc192fa9e1b92d8d4ffa4d5233e1789018b8dd8a7b8a2f84b45e9.nt"",""metadata_path"":""/mnt/nfs/home/ac145595/workspace/rq3-artifacts/circuits/graphdb-100m/e634c02fe199569fe27370dfeca74deef380542216b43766499daf6e48f0b7a5-0e7e6feb0a3cc192fa9e1b92d8d4ffa4d5233e1789018b8dd8a7b8a2f84b45e9.json"",""producer_observation_sha256"":""fae8112c7ed360ec16cdb52fabcadba6b675e454df8c3db0a5bc953c2f629bbf"",""sidecar_sha256"":""35eabeacc062c29936d217d25301b1e9b19851b21b6dc363788ab8ab9d87494d"",""commit"":""9eb59b24e2f261a4a30b99e6a5aaf35df28df707"",""batch_id"":""32a7995cfbc4dc222fa8a8149bb1feffe24bd7657e3be399956d1af79ae5f68b"",""query_sha256"":""e634c02fe199569fe27370dfeca74deef380542216b43766499daf6e48f0b7a5"",""engine"":""graphdb"",""engine_version"":""GraphDB (RDF4J) [engines.json profile]"",""scale"":""100M"",""base_endpoint_sha256"":""e1e370c3c3e41897f966ee22e8c7c98840f6ecade4ccb1698265b03c62141a2f"",""reified_endpoint_sha256"":""2c97fc305990d2aa1e0f09f37216d4d5b1419027440c3151c422415f0c836db8"",""update_endpoint_sha256"":""f3c05af6c7aa3bbf0aae501a61efa32804f36e642d32f61fe21875892b248a8a"",""base_data_identity_sha256"":""8a988dc83f4082a4f27503ba2906dc6b8733b3c02be567635c726c67bbd48314"",""reified_data_identity_sha256"":""16162702ccec82b2a0e27063cd04bd756a27af1f003b4cef0da976d843ef4725"",""update_for"":""reified"",""access_mode"":""writable"",""base_data_name"":""exploratory-base"",""reified_data_name"":""exploratory-reified"",""update_canary_sha256"":""41997fb8640d9e765a0272879a63548eb9bd46bbf6e49da02b7c924e506b94f7"",""store_instance_sha256"":""e6d3d236675cf5aefb65ff5897cc6e142b08e2a2be9e4af928e482100bc8e0bd"",""store_discriminator_sha256"":""2e884d94ace185d62b1b91debf493ccd0a69b83d08e74cf5f1c2be4851b14215"",""tool_sha256"":""7b43c2342d7676aa65cc9ee233b2184c9eae88f2663874af7ab1b83282f94ab4"",""java_runtime_sha256"":""6ffd10b28ab050230cdc1137f0bd16155c3a7c587add7fbe921d985fa92879fe"",""run_identity_sha256"":""888657bc2a7152230d2a14f7f0bb0d262484c756e75bb6aff9b82e6f31a86e6c""}"
9eb59b24e2f261a4a30b99e6a5aaf35df28df707,graphdb,GraphDB (RDF4J) [engines.json profile],100M,S,S2,00,e634c02fe199569fe27370dfeca74deef380542216b43766499daf6e48f0b7a5,N,N_clean (NPCS reimplementation),ok,2689,28426.5,28426.5,28426.5,28426.5,0.0,0,1,3600.0,326154,0.0,,,,2689,185.409547,[28426.453],[0.0],,[],,[],,[],r9.2-frozen-identity-v9,32a7995cfbc4dc222fa8a8149bb1feffe24bd7657e3be399956d1af79ae5f68b,csv-candidate-multiset-v1,2689,3821bc4684da3d6d3bdcae2abd2064416b864c0eddf853f357fc56fe8b5465cc,,,,,,,,e1e370c3c3e41897f966ee22e8c7c98840f6ecade4ccb1698265b03c62141a2f,2c97fc305990d2aa1e0f09f37216d4d5b1419027440c3151c422415f0c836db8,f3c05af6c7aa3bbf0aae501a61efa32804f36e642d32f61fe21875892b248a8a,8a988dc83f4082a4f27503ba2906dc6b8733b3c02be567635c726c67bbd48314,16162702ccec82b2a0e27063cd04bd756a27af1f003b4cef0da976d843ef4725,reified,writable,exploratory-base,exploratory-reified,41997fb8640d9e765a0272879a63548eb9bd46bbf6e49da02b7c924e506b94f7,e6d3d236675cf5aefb65ff5897cc6e142b08e2a2be9e4af928e482100bc8e0bd,2e884d94ace185d62b1b91debf493ccd0a69b83d08e74cf5f1c2be4851b14215,7b43c2342d7676aa65cc9ee233b2184c9eae88f2663874af7ab1b83282f94ab4,6ffd10b28ab050230cdc1137f0bd16155c3a7c587add7fbe921d985fa92879fe,2689,0,10756,888657bc2a7152230d2a14f7f0bb0d262484c756e75bb6aff9b82e6f31a86e6c,"pcm-meta-v2:{""protocol"":""r9.2-frozen-identity-v9"",""message"":"""",""cell_wall_ms"":28649.83,""answer_kind"":""csv-candidate-multiset-v1"",""answer_key_count"":2689,""answer_fingerprint"":""3821bc4684da3d6d3bdcae2abd2064416b864c0eddf853f357fc56fe8b5465cc"",""c_parse_samples"":[0.0],""c_protocol_samples"":[],""construct_total_samples"":[],""construct_unattributed_samples"":[],""status"":""ok"",""status_evidence"":null,""construction_requested"":null,""construction_effective"":null,""commit"":""9eb59b24e2f261a4a30b99e6a5aaf35df28df707"",""batch_id"":""32a7995cfbc4dc222fa8a8149bb1feffe24bd7657e3be399956d1af79ae5f68b"",""query_sha256"":""e634c02fe199569fe27370dfeca74deef380542216b43766499daf6e48f0b7a5"",""engine"":""graphdb"",""engine_version"":""GraphDB (RDF4J) [engines.json profile]"",""scale"":""100M"",""base_endpoint_sha256"":""e1e370c3c3e41897f966ee22e8c7c98840f6ecade4ccb1698265b03c62141a2f"",""reified_endpoint_sha256"":""2c97fc305990d2aa1e0f09f37216d4d5b1419027440c3151c422415f0c836db8"",""update_endpoint_sha256"":""f3c05af6c7aa3bbf0aae501a61efa32804f36e642d32f61fe21875892b248a8a"",""base_data_identity_sha256"":""8a988dc83f4082a4f27503ba2906dc6b8733b3c02be567635c726c67bbd48314"",""reified_data_identity_sha256"":""16162702ccec82b2a0e27063cd04bd756a27af1f003b4cef0da976d843ef4725"",""update_for"":""reified"",""access_mode"":""writable"",""base_data_name"":""exploratory-base"",""reified_data_name"":""exploratory-reified"",""update_canary_sha256"":""41997fb8640d9e765a0272879a63548eb9bd46bbf6e49da02b7c924e506b94f7"",""store_instance_sha256"":""e6d3d236675cf5aefb65ff5897cc6e142b08e2a2be9e4af928e482100bc8e0bd"",""store_discriminator_sha256"":""2e884d94ace185d62b1b91debf493ccd0a69b83d08e74cf5f1c2be4851b14215"",""tool_sha256"":""7b43c2342d7676aa65cc9ee233b2184c9eae88f2663874af7ab1b83282f94ab4"",""java_runtime_sha256"":""6ffd10b28ab050230cdc1137f0bd16155c3a7c587add7fbe921d985fa92879fe"",""run_identity_sha256"":""888657bc2a7152230d2a14f7f0bb0d262484c756e75bb6aff9b82e6f31a86e6c""}"
9eb59b24e2f261a4a30b99e6a5aaf35df28df707,graphdb,GraphDB (RDF4J) [engines.json profile],100M,S,S2,00,e634c02fe199569fe27370dfeca74deef380542216b43766499daf6e48f0b7a5,R,reification-only,ok,2689,9214.8,9214.8,9214.8,9214.8,0.0,0,1,3600.0,128777,0.0,,,,,133.334057,[9214.777],[0.0],,[],,[],,[],r9.2-frozen-identity-v9,32a7995cfbc4dc222fa8a8149bb1feffe24bd7657e3be399956d1af79ae5f68b,csv-binding-multiset-v1,2689,3821bc4684da3d6d3bdcae2abd2064416b864c0eddf853f357fc56fe8b5465cc,,,,,,,,e1e370c3c3e41897f966ee22e8c7c98840f6ecade4ccb1698265b03c62141a2f,2c97fc305990d2aa1e0f09f37216d4d5b1419027440c3151c422415f0c836db8,f3c05af6c7aa3bbf0aae501a61efa32804f36e642d32f61fe21875892b248a8a,8a988dc83f4082a4f27503ba2906dc6b8733b3c02be567635c726c67bbd48314,16162702ccec82b2a0e27063cd04bd756a27af1f003b4cef0da976d843ef4725,reified,writable,exploratory-base,exploratory-reified,41997fb8640d9e765a0272879a63548eb9bd46bbf6e49da02b7c924e506b94f7,e6d3d236675cf5aefb65ff5897cc6e142b08e2a2be9e4af928e482100bc8e0bd,2e884d94ace185d62b1b91debf493ccd0a69b83d08e74cf5f1c2be4851b14215,7b43c2342d7676aa65cc9ee233b2184c9eae88f2663874af7ab1b83282f94ab4,6ffd10b28ab050230cdc1137f0bd16155c3a7c587add7fbe921d985fa92879fe,,,,888657bc2a7152230d2a14f7f0bb0d262484c756e75bb6aff9b82e6f31a86e6c,"pcm-meta-v2:{""protocol"":""r9.2-frozen-identity-v9"",""message"":"""",""cell_wall_ms"":9364.347,""answer_kind"":""csv-binding-multiset-v1"",""answer_key_count"":2689,""answer_fingerprint"":""3821bc4684da3d6d3bdcae2abd2064416b864c0eddf853f357fc56fe8b5465cc"",""c_parse_samples"":[0.0],""c_protocol_samples"":[],""construct_total_samples"":[],""construct_unattributed_samples"":[],""status"":""ok"",""status_evidence"":null,""construction_requested"":null,""construction_effective"":null,""commit"":""9eb59b24e2f261a4a30b99e6a5aaf35df28df707"",""batch_id"":""32a7995cfbc4dc222fa8a8149bb1feffe24bd7657e3be399956d1af79ae5f68b"",""query_sha256"":""e634c02fe199569fe27370dfeca74deef380542216b43766499daf6e48f0b7a5"",""engine"":""graphdb"",""engine_version"":""GraphDB (RDF4J) [engines.json profile]"",""scale"":""100M"",""base_endpoint_sha256"":""e1e370c3c3e41897f966ee22e8c7c98840f6ecade4ccb1698265b03c62141a2f"",""reified_endpoint_sha256"":""2c97fc305990d2aa1e0f09f37216d4d5b1419027440c3151c422415f0c836db8"",""update_endpoint_sha256"":""f3c05af6c7aa3bbf0aae501a61efa32804f36e642d32f61fe21875892b248a8a"",""base_data_identity_sha256"":""8a988dc83f4082a4f27503ba2906dc6b8733b3c02be567635c726c67bbd48314"",""reified_data_identity_sha256"":""16162702ccec82b2a0e27063cd04bd756a27af1f003b4cef0da976d843ef4725"",""update_for"":""reified"",""access_mode"":""writable"",""base_data_name"":""exploratory-base"",""reified_data_name"":""exploratory-reified"",""update_canary_sha256"":""41997fb8640d9e765a0272879a63548eb9bd46bbf6e49da02b7c924e506b94f7"",""store_instance_sha256"":""e6d3d236675cf5aefb65ff5897cc6e142b08e2a2be9e4af928e482100bc8e0bd"",""store_discriminator_sha256"":""2e884d94ace185d62b1b91debf493ccd0a69b83d08e74cf5f1c2be4851b14215"",""tool_sha256"":""7b43c2342d7676aa65cc9ee233b2184c9eae88f2663874af7ab1b83282f94ab4"",""java_runtime_sha256"":""6ffd10b28ab050230cdc1137f0bd16155c3a7c587add7fbe921d985fa92879fe"",""run_identity_sha256"":""888657bc2a7152230d2a14f7f0bb0d262484c756e75bb6aff9b82e6f31a86e6c""}"
9eb59b24e2f261a4a30b99e6a5aaf35df28df707,graphdb,GraphDB (RDF4J) [engines.json profile],100M,S,S3,00,4e26d57d8fea5cd20a5edd26b3e286c7e2287bf17d8cbb9b1567590a068ac8f4,B,base-select,ok,3189,134.0,134.0,134.0,134.0,0.0,0,1,3600.0,161277,0.0,,,,,0.01186,[134.043],[0.0],,[],,[],,[],r9.2-frozen-identity-v9,32a7995cfbc4dc222fa8a8149bb1feffe24bd7657e3be399956d1af79ae5f68b,csv-binding-multiset-v1,3189,35984149227a2ed8b58d129bc6d8921efb843c6a851e5b1ec6f70b637d3bc416,,,,,,,,e1e370c3c3e41897f966ee22e8c7c98840f6ecade4ccb1698265b03c62141a2f,2c97fc305990d2aa1e0f09f37216d4d5b1419027440c3151c422415f0c836db8,f3c05af6c7aa3bbf0aae501a61efa32804f36e642d32f61fe21875892b248a8a,8a988dc83f4082a4f27503ba2906dc6b8733b3c02be567635c726c67bbd48314,16162702ccec82b2a0e27063cd04bd756a27af1f003b4cef0da976d843ef4725,reified,writable,exploratory-base,exploratory-reified,41997fb8640d9e765a0272879a63548eb9bd46bbf6e49da02b7c924e506b94f7,e6d3d236675cf5aefb65ff5897cc6e142b08e2a2be9e4af928e482100bc8e0bd,2e884d94ace185d62b1b91debf493ccd0a69b83d08e74cf5f1c2be4851b14215,7b43c2342d7676aa65cc9ee233b2184c9eae88f2663874af7ab1b83282f94ab4,6ffd10b28ab050230cdc1137f0bd16155c3a7c587add7fbe921d985fa92879fe,,,,31b0b3385f460ed7c34aedd91f91ef8ef13561e75f9b2b37ef51a16edab34b55,"pcm-meta-v2:{""protocol"":""r9.2-frozen-identity-v9"",""message"":"""",""cell_wall_ms"":148.908,""answer_kind"":""csv-binding-multiset-v1"",""answer_key_count"":3189,""answer_fingerprint"":""35984149227a2ed8b58d129bc6d8921efb843c6a851e5b1ec6f70b637d3bc416"",""c_parse_samples"":[0.0],""c_protocol_samples"":[],""construct_total_samples"":[],""construct_unattributed_samples"":[],""status"":""ok"",""status_evidence"":null,""construction_requested"":null,""construction_effective"":null,""commit"":""9eb59b24e2f261a4a30b99e6a5aaf35df28df707"",""batch_id"":""32a7995cfbc4dc222fa8a8149bb1feffe24bd7657e3be399956d1af79ae5f68b"",""query_sha256"":""4e26d57d8fea5cd20a5edd26b3e286c7e2287bf17d8cbb9b1567590a068ac8f4"",""engine"":""graphdb"",""engine_version"":""GraphDB (RDF4J) [engines.json profile]"",""scale"":""100M"",""base_endpoint_sha256"":""e1e370c3c3e41897f966ee22e8c7c98840f6ecade4ccb1698265b03c62141a2f"",""reified_endpoint_sha256"":""2c97fc305990d2aa1e0f09f37216d4d5b1419027440c3151c422415f0c836db8"",""update_endpoint_sha256"":""f3c05af6c7aa3bbf0aae501a61efa32804f36e642d32f61fe21875892b248a8a"",""base_data_identity_sha256"":""8a988dc83f4082a4f27503ba2906dc6b8733b3c02be567635c726c67bbd48314"",""reified_data_identity_sha256"":""16162702ccec82b2a0e27063cd04bd756a27af1f003b4cef0da976d843ef4725"",""update_for"":""reified"",""access_mode"":""writable"",""base_data_name"":""exploratory-base"",""reified_data_name"":""exploratory-reified"",""update_canary_sha256"":""41997fb8640d9e765a0272879a63548eb9bd46bbf6e49da02b7c924e506b94f7"",""store_instance_sha256"":""e6d3d236675cf5aefb65ff5897cc6e142b08e2a2be9e4af928e482100bc8e0bd"",""store_discriminator_sha256"":""2e884d94ace185d62b1b91debf493ccd0a69b83d08e74cf5f1c2be4851b14215"",""tool_sha256"":""7b43c2342d7676aa65cc9ee233b2184c9eae88f2663874af7ab1b83282f94ab4"",""java_runtime_sha256"":""6ffd10b28ab050230cdc1137f0bd16155c3a7c587add7fbe921d985fa92879fe"",""run_identity_sha256"":""31b0b3385f460ed7c34aedd91f91ef8ef13561e75f9b2b37ef51a16edab34b55""}"
9eb59b24e2f261a4a30b99e6a5aaf35df28df707,graphdb,GraphDB (RDF4J) [engines.json profile],100M,S,S3,00,4e26d57d8fea5cd20a5edd26b3e286c7e2287bf17d8cbb9b1567590a068ac8f4,C,SPARQLcirc CircuitRewriter,ok,1346,6924.5,6924.5,6924.5,6924.5,0.0,0,1,3600.0,3406427,312.5,4535,15945,3189,,343.098604,[6924.468],[312.491],0.0,[0.0],7244.4,[7244.422],7.5,[7.463],r9.2-frozen-identity-v9,32a7995cfbc4dc222fa8a8149bb1feffe24bd7657e3be399956d1af79ae5f68b,term-aware-candidate-set-v1,1346,046c3e4d544ee396657a81a7681d3f77b7c4dc743ada2401609f95d837875ae0,flat,flat,2f90cd70f75287781045d063ebb9c414a78c29415519b371647fb146b01055b0,/mnt/nfs/home/ac145595/workspace/rq3-artifacts/circuits/graphdb-100m/4e26d57d8fea5cd20a5edd26b3e286c7e2287bf17d8cbb9b1567590a068ac8f4-2f90cd70f75287781045d063ebb9c414a78c29415519b371647fb146b01055b0.nt,/mnt/nfs/home/ac145595/workspace/rq3-artifacts/circuits/graphdb-100m/4e26d57d8fea5cd20a5edd26b3e286c7e2287bf17d8cbb9b1567590a068ac8f4-2f90cd70f75287781045d063ebb9c414a78c29415519b371647fb146b01055b0.json,1272be4ad86ea091b7f16253253091c481a4b2b7c593a78fa1563381eacd5a30,173e4074e257494f8ee11eb0a06b89f43b6951f7ee18cbc7eea9b2c4966cbc65,e1e370c3c3e41897f966ee22e8c7c98840f6ecade4ccb1698265b03c62141a2f,2c97fc305990d2aa1e0f09f37216d4d5b1419027440c3151c422415f0c836db8,f3c05af6c7aa3bbf0aae501a61efa32804f36e642d32f61fe21875892b248a8a,8a988dc83f4082a4f27503ba2906dc6b8733b3c02be567635c726c67bbd48314,16162702ccec82b2a0e27063cd04bd756a27af1f003b4cef0da976d843ef4725,reified,writable,exploratory-base,exploratory-reified,41997fb8640d9e765a0272879a63548eb9bd46bbf6e49da02b7c924e506b94f7,e6d3d236675cf5aefb65ff5897cc6e142b08e2a2be9e4af928e482100bc8e0bd,2e884d94ace185d62b1b91debf493ccd0a69b83d08e74cf5f1c2be4851b14215,7b43c2342d7676aa65cc9ee233b2184c9eae88f2663874af7ab1b83282f94ab4,6ffd10b28ab050230cdc1137f0bd16155c3a7c587add7fbe921d985fa92879fe,,,,31b0b3385f460ed7c34aedd91f91ef8ef13561e75f9b2b37ef51a16edab34b55,"pcm-meta-v2:{""protocol"":""r9.2-frozen-identity-v9"",""message"":""C requested=flat effective=flat; steps=1 feedback=0; network includes CONSTRUCT, feedback INSERT, and cleanup DELETE"",""cell_wall_ms"":7658.987,""answer_kind"":""term-aware-candidate-set-v1"",""answer_key_count"":1346,""answer_fingerprint"":""046c3e4d544ee396657a81a7681d3f77b7c4dc743ada2401609f95d837875ae0"",""c_parse_samples"":[312.491],""c_protocol_samples"":[{""requested_mode"":""flat"",""effective_mode"":""flat"",""fallback_reason"":null,""plan_steps"":1,""feedback_steps"":0,""feedback_triples"":0,""construct_query_ms"":6924.468,""feedback_update_ms"":0.0,""cleanup_ms"":0.0,""client_protocol_ms"":0.0,""network_scope"":""construct+feedback+cleanup"",""circuit_sha256"":""2f90cd70f75287781045d063ebb9c414a78c29415519b371647fb146b01055b0"",""answer_fingerprint"":""046c3e4d544ee396657a81a7681d3f77b7c4dc743ada2401609f95d837875ae0"",""semantic_signature_sha256"":""0107392c62101a28758d824d2fa0be2a240316b750c111c9306e2fb6464d3983"",""structure_signature"":{""gates"":4535,""edges"":15945,""answers"":1346,""derivations"":3189,""leaves"":7227,""plus"":1346,""minus"":0,""nodes"":11762,""canonical_bytes"":3406427},""construct_total_ms"":7244.422,""client_unattributed_ms"":7.463}],""construct_total_samples"":[7244.422],""construct_unattributed_samples"":[7.463],""status"":""ok"",""status_evidence"":null,""c_warmup_signatures"":[],""measured_semantic_signature_sha256"":""0107392c62101a28758d824d2fa0be2a240316b750c111c9306e2fb6464d3983"",""measured_repetitions_consistent"":true,""cache_snapshot_ms"":61.919,""cache_snapshot_scope"":""first-measured-response; deferred until all runs succeeded"",""outside_cell_cache_write_ms"":156.557,""endpoint_lock"":{""wait_ms"":0.005,""lock_path"":""/tmp/sparqlcirc-r9-endpoint-locks-v7/e6d3d236675cf5aefb65ff5897cc6e142b08e2a2be9e4af928e482100bc8e0bd.lock""},""construction_requested"":""flat"",""construction_effective"":""flat"",""circuit_sha256"":""2f90cd70f75287781045d063ebb9c414a78c29415519b371647fb146b01055b0"",""circuit_triples"":25864,""circuit_bytes"":3406427,""circuit_path"":""/mnt/nfs/home/ac145595/workspace/rq3-artifacts/circuits/graphdb-100m/4e26d57d8fea5cd20a5edd26b3e286c7e2287bf17d8cbb9b1567590a068ac8f4-2f90cd70f75287781045d063ebb9c414a78c29415519b371647fb146b01055b0.nt"",""metadata_path"":""/mnt/nfs/home/ac145595/workspace/rq3-artifacts/circuits/graphdb-100m/4e26d57d8fea5cd20a5edd26b3e286c7e2287bf17d8cbb9b1567590a068ac8f4-2f90cd70f75287781045d063ebb9c414a78c29415519b371647fb146b01055b0.json"",""producer_observation_sha256"":""1272be4ad86ea091b7f16253253091c481a4b2b7c593a78fa1563381eacd5a30"",""sidecar_sha256"":""173e4074e257494f8ee11eb0a06b89f43b6951f7ee18cbc7eea9b2c4966cbc65"",""commit"":""9eb59b24e2f261a4a30b99e6a5aaf35df28df707"",""batch_id"":""32a7995cfbc4dc222fa8a8149bb1feffe24bd7657e3be399956d1af79ae5f68b"",""query_sha256"":""4e26d57d8fea5cd20a5edd26b3e286c7e2287bf17d8cbb9b1567590a068ac8f4"",""engine"":""graphdb"",""engine_version"":""GraphDB (RDF4J) [engines.json profile]"",""scale"":""100M"",""base_endpoint_sha256"":""e1e370c3c3e41897f966ee22e8c7c98840f6ecade4ccb1698265b03c62141a2f"",""reified_endpoint_sha256"":""2c97fc305990d2aa1e0f09f37216d4d5b1419027440c3151c422415f0c836db8"",""update_endpoint_sha256"":""f3c05af6c7aa3bbf0aae501a61efa32804f36e642d32f61fe21875892b248a8a"",""base_data_identity_sha256"":""8a988dc83f4082a4f27503ba2906dc6b8733b3c02be567635c726c67bbd48314"",""reified_data_identity_sha256"":""16162702ccec82b2a0e27063cd04bd756a27af1f003b4cef0da976d843ef4725"",""update_for"":""reified"",""access_mode"":""writable"",""base_data_name"":""exploratory-base"",""reified_data_name"":""exploratory-reified"",""update_canary_sha256"":""41997fb8640d9e765a0272879a63548eb9bd46bbf6e49da02b7c924e506b94f7"",""store_instance_sha256"":""e6d3d236675cf5aefb65ff5897cc6e142b08e2a2be9e4af928e482100bc8e0bd"",""store_discriminator_sha256"":""2e884d94ace185d62b1b91debf493ccd0a69b83d08e74cf5f1c2be4851b14215"",""tool_sha256"":""7b43c2342d7676aa65cc9ee233b2184c9eae88f2663874af7ab1b83282f94ab4"",""java_runtime_sha256"":""6ffd10b28ab050230cdc1137f0bd16155c3a7c587add7fbe921d985fa92879fe"",""run_identity_sha256"":""31b0b3385f460ed7c34aedd91f91ef8ef13561e75f9b2b37ef51a16edab34b55""}"
9eb59b24e2f261a4a30b99e6a5aaf35df28df707,graphdb,GraphDB (RDF4J) [engines.json profile],100M,S,S3,00,4e26d57d8fea5cd20a5edd26b3e286c7e2287bf17d8cbb9b1567590a068ac8f4,N,N_clean (NPCS reimplementation),ok,1346,843.8,843.8,843.8,843.8,0.0,0,1,3600.0,278441,0.0,,,,3189,175.971335,[843.839],[0.0],,[],,[],,[],r9.2-frozen-identity-v9,32a7995cfbc4dc222fa8a8149bb1feffe24bd7657e3be399956d1af79ae5f68b,csv-candidate-multiset-v1,1346,e2445be1b5ccfe411ec0470a98da5a44dc772032894f0af390cb36736f0f7fe1,,,,,,,,e1e370c3c3e41897f966ee22e8c7c98840f6ecade4ccb1698265b03c62141a2f,2c97fc305990d2aa1e0f09f37216d4d5b1419027440c3151c422415f0c836db8,f3c05af6c7aa3bbf0aae501a61efa32804f36e642d32f61fe21875892b248a8a,8a988dc83f4082a4f27503ba2906dc6b8733b3c02be567635c726c67bbd48314,16162702ccec82b2a0e27063cd04bd756a27af1f003b4cef0da976d843ef4725,reified,writable,exploratory-base,exploratory-reified,41997fb8640d9e765a0272879a63548eb9bd46bbf6e49da02b7c924e506b94f7,e6d3d236675cf5aefb65ff5897cc6e142b08e2a2be9e4af928e482100bc8e0bd,2e884d94ace185d62b1b91debf493ccd0a69b83d08e74cf5f1c2be4851b14215,7b43c2342d7676aa65cc9ee233b2184c9eae88f2663874af7ab1b83282f94ab4,6ffd10b28ab050230cdc1137f0bd16155c3a7c587add7fbe921d985fa92879fe,1346,0,14599,31b0b3385f460ed7c34aedd91f91ef8ef13561e75f9b2b37ef51a16edab34b55,"pcm-meta-v2:{""protocol"":""r9.2-frozen-identity-v9"",""message"":"""",""cell_wall_ms"":1052.335,""answer_kind"":""csv-candidate-multiset-v1"",""answer_key_count"":1346,""answer_fingerprint"":""e2445be1b5ccfe411ec0470a98da5a44dc772032894f0af390cb36736f0f7fe1"",""c_parse_samples"":[0.0],""c_protocol_samples"":[],""construct_total_samples"":[],""construct_unattributed_samples"":[],""status"":""ok"",""status_evidence"":null,""construction_requested"":null,""construction_effective"":null,""commit"":""9eb59b24e2f261a4a30b99e6a5aaf35df28df707"",""batch_id"":""32a7995cfbc4dc222fa8a8149bb1feffe24bd7657e3be399956d1af79ae5f68b"",""query_sha256"":""4e26d57d8fea5cd20a5edd26b3e286c7e2287bf17d8cbb9b1567590a068ac8f4"",""engine"":""graphdb"",""engine_version"":""GraphDB (RDF4J) [engines.json profile]"",""scale"":""100M"",""base_endpoint_sha256"":""e1e370c3c3e41897f966ee22e8c7c98840f6ecade4ccb1698265b03c62141a2f"",""reified_endpoint_sha256"":""2c97fc305990d2aa1e0f09f37216d4d5b1419027440c3151c422415f0c836db8"",""update_endpoint_sha256"":""f3c05af6c7aa3bbf0aae501a61efa32804f36e642d32f61fe21875892b248a8a"",""base_data_identity_sha256"":""8a988dc83f4082a4f27503ba2906dc6b8733b3c02be567635c726c67bbd48314"",""reified_data_identity_sha256"":""16162702ccec82b2a0e27063cd04bd756a27af1f003b4cef0da976d843ef4725"",""update_for"":""reified"",""access_mode"":""writable"",""base_data_name"":""exploratory-base"",""reified_data_name"":""exploratory-reified"",""update_canary_sha256"":""41997fb8640d9e765a0272879a63548eb9bd46bbf6e49da02b7c924e506b94f7"",""store_instance_sha256"":""e6d3d236675cf5aefb65ff5897cc6e142b08e2a2be9e4af928e482100bc8e0bd"",""store_discriminator_sha256"":""2e884d94ace185d62b1b91debf493ccd0a69b83d08e74cf5f1c2be4851b14215"",""tool_sha256"":""7b43c2342d7676aa65cc9ee233b2184c9eae88f2663874af7ab1b83282f94ab4"",""java_runtime_sha256"":""6ffd10b28ab050230cdc1137f0bd16155c3a7c587add7fbe921d985fa92879fe"",""run_identity_sha256"":""31b0b3385f460ed7c34aedd91f91ef8ef13561e75f9b2b37ef51a16edab34b55""}"
9eb59b24e2f261a4a30b99e6a5aaf35df28df707,graphdb,GraphDB (RDF4J) [engines.json profile],100M,S,S3,00,4e26d57d8fea5cd20a5edd26b3e286c7e2287bf17d8cbb9b1567590a068ac8f4,R,reification-only,ok,3189,1804.4,1804.4,1804.4,1804.4,0.0,0,1,3600.0,161277,0.0,,,,,161.205648,[1804.411],[0.0],,[],,[],,[],r9.2-frozen-identity-v9,32a7995cfbc4dc222fa8a8149bb1feffe24bd7657e3be399956d1af79ae5f68b,csv-binding-multiset-v1,3189,35984149227a2ed8b58d129bc6d8921efb843c6a851e5b1ec6f70b637d3bc416,,,,,,,,e1e370c3c3e41897f966ee22e8c7c98840f6ecade4ccb1698265b03c62141a2f,2c97fc305990d2aa1e0f09f37216d4d5b1419027440c3151c422415f0c836db8,f3c05af6c7aa3bbf0aae501a61efa32804f36e642d32f61fe21875892b248a8a,8a988dc83f4082a4f27503ba2906dc6b8733b3c02be567635c726c67bbd48314,16162702ccec82b2a0e27063cd04bd756a27af1f003b4cef0da976d843ef4725,reified,writable,exploratory-base,exploratory-reified,41997fb8640d9e765a0272879a63548eb9bd46bbf6e49da02b7c924e506b94f7,e6d3d236675cf5aefb65ff5897cc6e142b08e2a2be9e4af928e482100bc8e0bd,2e884d94ace185d62b1b91debf493ccd0a69b83d08e74cf5f1c2be4851b14215,7b43c2342d7676aa65cc9ee233b2184c9eae88f2663874af7ab1b83282f94ab4,6ffd10b28ab050230cdc1137f0bd16155c3a7c587add7fbe921d985fa92879fe,,,,31b0b3385f460ed7c34aedd91f91ef8ef13561e75f9b2b37ef51a16edab34b55,"pcm-meta-v2:{""protocol"":""r9.2-frozen-identity-v9"",""message"":"""",""cell_wall_ms"":1981.596,""answer_kind"":""csv-binding-multiset-v1"",""answer_key_count"":3189,""answer_fingerprint"":""35984149227a2ed8b58d129bc6d8921efb843c6a851e5b1ec6f70b637d3bc416"",""c_parse_samples"":[0.0],""c_protocol_samples"":[],""construct_total_samples"":[],""construct_unattributed_samples"":[],""status"":""ok"",""status_evidence"":null,""construction_requested"":null,""construction_effective"":null,""commit"":""9eb59b24e2f261a4a30b99e6a5aaf35df28df707"",""batch_id"":""32a7995cfbc4dc222fa8a8149bb1feffe24bd7657e3be399956d1af79ae5f68b"",""query_sha256"":""4e26d57d8fea5cd20a5edd26b3e286c7e2287bf17d8cbb9b1567590a068ac8f4"",""engine"":""graphdb"",""engine_version"":""GraphDB (RDF4J) [engines.json profile]"",""scale"":""100M"",""base_endpoint_sha256"":""e1e370c3c3e41897f966ee22e8c7c98840f6ecade4ccb1698265b03c62141a2f"",""reified_endpoint_sha256"":""2c97fc305990d2aa1e0f09f37216d4d5b1419027440c3151c422415f0c836db8"",""update_endpoint_sha256"":""f3c05af6c7aa3bbf0aae501a61efa32804f36e642d32f61fe21875892b248a8a"",""base_data_identity_sha256"":""8a988dc83f4082a4f27503ba2906dc6b8733b3c02be567635c726c67bbd48314"",""reified_data_identity_sha256"":""16162702ccec82b2a0e27063cd04bd756a27af1f003b4cef0da976d843ef4725"",""update_for"":""reified"",""access_mode"":""writable"",""base_data_name"":""exploratory-base"",""reified_data_name"":""exploratory-reified"",""update_canary_sha256"":""41997fb8640d9e765a0272879a63548eb9bd46bbf6e49da02b7c924e506b94f7"",""store_instance_sha256"":""e6d3d236675cf5aefb65ff5897cc6e142b08e2a2be9e4af928e482100bc8e0bd"",""store_discriminator_sha256"":""2e884d94ace185d62b1b91debf493ccd0a69b83d08e74cf5f1c2be4851b14215"",""tool_sha256"":""7b43c2342d7676aa65cc9ee233b2184c9eae88f2663874af7ab1b83282f94ab4"",""java_runtime_sha256"":""6ffd10b28ab050230cdc1137f0bd16155c3a7c587add7fbe921d985fa92879fe"",""run_identity_sha256"":""31b0b3385f460ed7c34aedd91f91ef8ef13561e75f9b2b37ef51a16edab34b55""}"
9eb59b24e2f261a4a30b99e6a5aaf35df28df707,graphdb,GraphDB (RDF4J) [engines.json profile],100M,S,S4,00,671868a81e6d66a398f91366390ceb3c4102f83d22f474a36fa5bf19079fedde,B,base-select,ok,2,39.3,39.3,39.3,39.3,0.0,0,1,3600.0,218,0.0,,,,,0.0076,[39.274],[0.0],,[],,[],,[],r9.2-frozen-identity-v9,32a7995cfbc4dc222fa8a8149bb1feffe24bd7657e3be399956d1af79ae5f68b,csv-binding-multiset-v1,2,289795ce7cf95571c5a8ae8526754c12283ef3185e71bcc78b69ed92bd6a9e79,,,,,,,,e1e370c3c3e41897f966ee22e8c7c98840f6ecade4ccb1698265b03c62141a2f,2c97fc305990d2aa1e0f09f37216d4d5b1419027440c3151c422415f0c836db8,f3c05af6c7aa3bbf0aae501a61efa32804f36e642d32f61fe21875892b248a8a,8a988dc83f4082a4f27503ba2906dc6b8733b3c02be567635c726c67bbd48314,16162702ccec82b2a0e27063cd04bd756a27af1f003b4cef0da976d843ef4725,reified,writable,exploratory-base,exploratory-reified,41997fb8640d9e765a0272879a63548eb9bd46bbf6e49da02b7c924e506b94f7,e6d3d236675cf5aefb65ff5897cc6e142b08e2a2be9e4af928e482100bc8e0bd,2e884d94ace185d62b1b91debf493ccd0a69b83d08e74cf5f1c2be4851b14215,7b43c2342d7676aa65cc9ee233b2184c9eae88f2663874af7ab1b83282f94ab4,6ffd10b28ab050230cdc1137f0bd16155c3a7c587add7fbe921d985fa92879fe,,,,92b52991866cf665298df9b1fb66b7862eb73636a5e15fab4ba7af1146c06a3c,"pcm-meta-v2:{""protocol"":""r9.2-frozen-identity-v9"",""message"":"""",""cell_wall_ms"":46.107,""answer_kind"":""csv-binding-multiset-v1"",""answer_key_count"":2,""answer_fingerprint"":""289795ce7cf95571c5a8ae8526754c12283ef3185e71bcc78b69ed92bd6a9e79"",""c_parse_samples"":[0.0],""c_protocol_samples"":[],""construct_total_samples"":[],""construct_unattributed_samples"":[],""status"":""ok"",""status_evidence"":null,""construction_requested"":null,""construction_effective"":null,""commit"":""9eb59b24e2f261a4a30b99e6a5aaf35df28df707"",""batch_id"":""32a7995cfbc4dc222fa8a8149bb1feffe24bd7657e3be399956d1af79ae5f68b"",""query_sha256"":""671868a81e6d66a398f91366390ceb3c4102f83d22f474a36fa5bf19079fedde"",""engine"":""graphdb"",""engine_version"":""GraphDB (RDF4J) [engines.json profile]"",""scale"":""100M"",""base_endpoint_sha256"":""e1e370c3c3e41897f966ee22e8c7c98840f6ecade4ccb1698265b03c62141a2f"",""reified_endpoint_sha256"":""2c97fc305990d2aa1e0f09f37216d4d5b1419027440c3151c422415f0c836db8"",""update_endpoint_sha256"":""f3c05af6c7aa3bbf0aae501a61efa32804f36e642d32f61fe21875892b248a8a"",""base_data_identity_sha256"":""8a988dc83f4082a4f27503ba2906dc6b8733b3c02be567635c726c67bbd48314"",""reified_data_identity_sha256"":""16162702ccec82b2a0e27063cd04bd756a27af1f003b4cef0da976d843ef4725"",""update_for"":""reified"",""access_mode"":""writable"",""base_data_name"":""exploratory-base"",""reified_data_name"":""exploratory-reified"",""update_canary_sha256"":""41997fb8640d9e765a0272879a63548eb9bd46bbf6e49da02b7c924e506b94f7"",""store_instance_sha256"":""e6d3d236675cf5aefb65ff5897cc6e142b08e2a2be9e4af928e482100bc8e0bd"",""store_discriminator_sha256"":""2e884d94ace185d62b1b91debf493ccd0a69b83d08e74cf5f1c2be4851b14215"",""tool_sha256"":""7b43c2342d7676aa65cc9ee233b2184c9eae88f2663874af7ab1b83282f94ab4"",""java_runtime_sha256"":""6ffd10b28ab050230cdc1137f0bd16155c3a7c587add7fbe921d985fa92879fe"",""run_identity_sha256"":""92b52991866cf665298df9b1fb66b7862eb73636a5e15fab4ba7af1146c06a3c""}"
9eb59b24e2f261a4a30b99e6a5aaf35df28df707,graphdb,GraphDB (RDF4J) [engines.json profile],100M,S,S4,00,671868a81e6d66a398f91366390ceb3c4102f83d22f474a36fa5bf19079fedde,C,SPARQLcirc CircuitRewriter,ok,2,11305.2,11305.2,11305.2,11305.2,0.0,0,1,3600.0,4730,0.7,4,10,2,,345.962358,[11305.183],[0.692],0.0,[0.0],11306.3,[11306.275],0.4,[0.401],r9.2-frozen-identity-v9,32a7995cfbc4dc222fa8a8149bb1feffe24bd7657e3be399956d1af79ae5f68b,term-aware-candidate-set-v1,2,00cb054d0def9a4da718414f63058bd6d4dc4bc098d52711332ec908685976bd,flat,flat,e1f3c8186d5d6df8a918e15d3a487be850e2245b62f59802e1c3582ccb632304,/mnt/nfs/home/ac145595/workspace/rq3-artifacts/circuits/graphdb-100m/671868a81e6d66a398f91366390ceb3c4102f83d22f474a36fa5bf19079fedde-e1f3c8186d5d6df8a918e15d3a487be850e2245b62f59802e1c3582ccb632304.nt,/mnt/nfs/home/ac145595/workspace/rq3-artifacts/circuits/graphdb-100m/671868a81e6d66a398f91366390ceb3c4102f83d22f474a36fa5bf19079fedde-e1f3c8186d5d6df8a918e15d3a487be850e2245b62f59802e1c3582ccb632304.json,0b0e73656c3ab07e1c34d718d23f0579295b20b931c9f888817139788095ff13,86f225935d07f1c5aab56092cae3e45f4183d6ff5b0a26c883790fb58783ea2c,e1e370c3c3e41897f966ee22e8c7c98840f6ecade4ccb1698265b03c62141a2f,2c97fc305990d2aa1e0f09f37216d4d5b1419027440c3151c422415f0c836db8,f3c05af6c7aa3bbf0aae501a61efa32804f36e642d32f61fe21875892b248a8a,8a988dc83f4082a4f27503ba2906dc6b8733b3c02be567635c726c67bbd48314,16162702ccec82b2a0e27063cd04bd756a27af1f003b4cef0da976d843ef4725,reified,writable,exploratory-base,exploratory-reified,41997fb8640d9e765a0272879a63548eb9bd46bbf6e49da02b7c924e506b94f7,e6d3d236675cf5aefb65ff5897cc6e142b08e2a2be9e4af928e482100bc8e0bd,2e884d94ace185d62b1b91debf493ccd0a69b83d08e74cf5f1c2be4851b14215,7b43c2342d7676aa65cc9ee233b2184c9eae88f2663874af7ab1b83282f94ab4,6ffd10b28ab050230cdc1137f0bd16155c3a7c587add7fbe921d985fa92879fe,,,,92b52991866cf665298df9b1fb66b7862eb73636a5e15fab4ba7af1146c06a3c,"pcm-meta-v2:{""protocol"":""r9.2-frozen-identity-v9"",""message"":""C requested=flat effective=flat; steps=1 feedback=0; network includes CONSTRUCT, feedback INSERT, and cleanup DELETE"",""cell_wall_ms"":11658.266,""answer_kind"":""term-aware-candidate-set-v1"",""answer_key_count"":2,""answer_fingerprint"":""00cb054d0def9a4da718414f63058bd6d4dc4bc098d52711332ec908685976bd"",""c_parse_samples"":[0.692],""c_protocol_samples"":[{""requested_mode"":""flat"",""effective_mode"":""flat"",""fallback_reason"":null,""plan_steps"":1,""feedback_steps"":0,""feedback_triples"":0,""construct_query_ms"":11305.183,""feedback_update_ms"":0.0,""cleanup_ms"":0.0,""client_protocol_ms"":0.0,""network_scope"":""construct+feedback+cleanup"",""circuit_sha256"":""e1f3c8186d5d6df8a918e15d3a487be850e2245b62f59802e1c3582ccb632304"",""answer_fingerprint"":""00cb054d0def9a4da718414f63058bd6d4dc4bc098d52711332ec908685976bd"",""semantic_signature_sha256"":""b90270bbc73fa0f44ea12e9989742fe04cb15d6c3df654e4bc989087e50b9e92"",""structure_signature"":{""gates"":4,""edges"":10,""answers"":2,""derivations"":2,""leaves"":8,""plus"":2,""minus"":0,""nodes"":12,""canonical_bytes"":4730},""construct_total_ms"":11306.275,""client_unattributed_ms"":0.401}],""construct_total_samples"":[11306.275],""construct_unattributed_samples"":[0.401],""status"":""ok"",""status_evidence"":null,""c_warmup_signatures"":[],""measured_semantic_signature_sha256"":""b90270bbc73fa0f44ea12e9989742fe04cb15d6c3df654e4bc989087e50b9e92"",""measured_repetitions_consistent"":true,""cache_snapshot_ms"":0.704,""cache_snapshot_scope"":""first-measured-response; deferred until all runs succeeded"",""outside_cell_cache_write_ms"":3.939,""endpoint_lock"":{""wait_ms"":0.005,""lock_path"":""/tmp/sparqlcirc-r9-endpoint-locks-v7/e6d3d236675cf5aefb65ff5897cc6e142b08e2a2be9e4af928e482100bc8e0bd.lock""},""construction_requested"":""flat"",""construction_effective"":""flat"",""circuit_sha256"":""e1f3c8186d5d6df8a918e15d3a487be850e2245b62f59802e1c3582ccb632304"",""circuit_triples"":34,""circuit_bytes"":4730,""circuit_path"":""/mnt/nfs/home/ac145595/workspace/rq3-artifacts/circuits/graphdb-100m/671868a81e6d66a398f91366390ceb3c4102f83d22f474a36fa5bf19079fedde-e1f3c8186d5d6df8a918e15d3a487be850e2245b62f59802e1c3582ccb632304.nt"",""metadata_path"":""/mnt/nfs/home/ac145595/workspace/rq3-artifacts/circuits/graphdb-100m/671868a81e6d66a398f91366390ceb3c4102f83d22f474a36fa5bf19079fedde-e1f3c8186d5d6df8a918e15d3a487be850e2245b62f59802e1c3582ccb632304.json"",""producer_observation_sha256"":""0b0e73656c3ab07e1c34d718d23f0579295b20b931c9f888817139788095ff13"",""sidecar_sha256"":""86f225935d07f1c5aab56092cae3e45f4183d6ff5b0a26c883790fb58783ea2c"",""commit"":""9eb59b24e2f261a4a30b99e6a5aaf35df28df707"",""batch_id"":""32a7995cfbc4dc222fa8a8149bb1feffe24bd7657e3be399956d1af79ae5f68b"",""query_sha256"":""671868a81e6d66a398f91366390ceb3c4102f83d22f474a36fa5bf19079fedde"",""engine"":""graphdb"",""engine_version"":""GraphDB (RDF4J) [engines.json profile]"",""scale"":""100M"",""base_endpoint_sha256"":""e1e370c3c3e41897f966ee22e8c7c98840f6ecade4ccb1698265b03c62141a2f"",""reified_endpoint_sha256"":""2c97fc305990d2aa1e0f09f37216d4d5b1419027440c3151c422415f0c836db8"",""update_endpoint_sha256"":""f3c05af6c7aa3bbf0aae501a61efa32804f36e642d32f61fe21875892b248a8a"",""base_data_identity_sha256"":""8a988dc83f4082a4f27503ba2906dc6b8733b3c02be567635c726c67bbd48314"",""reified_data_identity_sha256"":""16162702ccec82b2a0e27063cd04bd756a27af1f003b4cef0da976d843ef4725"",""update_for"":""reified"",""access_mode"":""writable"",""base_data_name"":""exploratory-base"",""reified_data_name"":""exploratory-reified"",""update_canary_sha256"":""41997fb8640d9e765a0272879a63548eb9bd46bbf6e49da02b7c924e506b94f7"",""store_instance_sha256"":""e6d3d236675cf5aefb65ff5897cc6e142b08e2a2be9e4af928e482100bc8e0bd"",""store_discriminator_sha256"":""2e884d94ace185d62b1b91debf493ccd0a69b83d08e74cf5f1c2be4851b14215"",""tool_sha256"":""7b43c2342d7676aa65cc9ee233b2184c9eae88f2663874af7ab1b83282f94ab4"",""java_runtime_sha256"":""6ffd10b28ab050230cdc1137f0bd16155c3a7c587add7fbe921d985fa92879fe"",""run_identity_sha256"":""92b52991866cf665298df9b1fb66b7862eb73636a5e15fab4ba7af1146c06a3c""}"
9eb59b24e2f261a4a30b99e6a5aaf35df28df707,graphdb,GraphDB (RDF4J) [engines.json profile],100M,S,S4,00,671868a81e6d66a398f91366390ceb3c4102f83d22f474a36fa5bf19079fedde,N,N_clean (NPCS reimplementation),ok,2,1337.5,1337.5,1337.5,1337.5,0.0,0,1,3600.0,386,0.0,,,,2,179.618221,[1337.466],[0.0],,[],,[],,[],r9.2-frozen-identity-v9,32a7995cfbc4dc222fa8a8149bb1feffe24bd7657e3be399956d1af79ae5f68b,csv-candidate-multiset-v1,2,289795ce7cf95571c5a8ae8526754c12283ef3185e71bcc78b69ed92bd6a9e79,,,,,,,,e1e370c3c3e41897f966ee22e8c7c98840f6ecade4ccb1698265b03c62141a2f,2c97fc305990d2aa1e0f09f37216d4d5b1419027440c3151c422415f0c836db8,f3c05af6c7aa3bbf0aae501a61efa32804f36e642d32f61fe21875892b248a8a,8a988dc83f4082a4f27503ba2906dc6b8733b3c02be567635c726c67bbd48314,16162702ccec82b2a0e27063cd04bd756a27af1f003b4cef0da976d843ef4725,reified,writable,exploratory-base,exploratory-reified,41997fb8640d9e765a0272879a63548eb9bd46bbf6e49da02b7c924e506b94f7,e6d3d236675cf5aefb65ff5897cc6e142b08e2a2be9e4af928e482100bc8e0bd,2e884d94ace185d62b1b91debf493ccd0a69b83d08e74cf5f1c2be4851b14215,7b43c2342d7676aa65cc9ee233b2184c9eae88f2663874af7ab1b83282f94ab4,6ffd10b28ab050230cdc1137f0bd16155c3a7c587add7fbe921d985fa92879fe,2,0,8,92b52991866cf665298df9b1fb66b7862eb73636a5e15fab4ba7af1146c06a3c,"pcm-meta-v2:{""protocol"":""r9.2-frozen-identity-v9"",""message"":"""",""cell_wall_ms"":1524.798,""answer_kind"":""csv-candidate-multiset-v1"",""answer_key_count"":2,""answer_fingerprint"":""289795ce7cf95571c5a8ae8526754c12283ef3185e71bcc78b69ed92bd6a9e79"",""c_parse_samples"":[0.0],""c_protocol_samples"":[],""construct_total_samples"":[],""construct_unattributed_samples"":[],""status"":""ok"",""status_evidence"":null,""construction_requested"":null,""construction_effective"":null,""commit"":""9eb59b24e2f261a4a30b99e6a5aaf35df28df707"",""batch_id"":""32a7995cfbc4dc222fa8a8149bb1feffe24bd7657e3be399956d1af79ae5f68b"",""query_sha256"":""671868a81e6d66a398f91366390ceb3c4102f83d22f474a36fa5bf19079fedde"",""engine"":""graphdb"",""engine_version"":""GraphDB (RDF4J) [engines.json profile]"",""scale"":""100M"",""base_endpoint_sha256"":""e1e370c3c3e41897f966ee22e8c7c98840f6ecade4ccb1698265b03c62141a2f"",""reified_endpoint_sha256"":""2c97fc305990d2aa1e0f09f37216d4d5b1419027440c3151c422415f0c836db8"",""update_endpoint_sha256"":""f3c05af6c7aa3bbf0aae501a61efa32804f36e642d32f61fe21875892b248a8a"",""base_data_identity_sha256"":""8a988dc83f4082a4f27503ba2906dc6b8733b3c02be567635c726c67bbd48314"",""reified_data_identity_sha256"":""16162702ccec82b2a0e27063cd04bd756a27af1f003b4cef0da976d843ef4725"",""update_for"":""reified"",""access_mode"":""writable"",""base_data_name"":""exploratory-base"",""reified_data_name"":""exploratory-reified"",""update_canary_sha256"":""41997fb8640d9e765a0272879a63548eb9bd46bbf6e49da02b7c924e506b94f7"",""store_instance_sha256"":""e6d3d236675cf5aefb65ff5897cc6e142b08e2a2be9e4af928e482100bc8e0bd"",""store_discriminator_sha256"":""2e884d94ace185d62b1b91debf493ccd0a69b83d08e74cf5f1c2be4851b14215"",""tool_sha256"":""7b43c2342d7676aa65cc9ee233b2184c9eae88f2663874af7ab1b83282f94ab4"",""java_runtime_sha256"":""6ffd10b28ab050230cdc1137f0bd16155c3a7c587add7fbe921d985fa92879fe"",""run_identity_sha256"":""92b52991866cf665298df9b1fb66b7862eb73636a5e15fab4ba7af1146c06a3c""}"
9eb59b24e2f261a4a30b99e6a5aaf35df28df707,graphdb,GraphDB (RDF4J) [engines.json profile],100M,S,S4,00,671868a81e6d66a398f91366390ceb3c4102f83d22f474a36fa5bf19079fedde,R,reification-only,ok,2,1150.8,1150.8,1150.8,1150.8,0.0,0,1,3600.0,218,0.0,,,,,131.551352,[1150.84],[0.0],,[],,[],,[],r9.2-frozen-identity-v9,32a7995cfbc4dc222fa8a8149bb1feffe24bd7657e3be399956d1af79ae5f68b,csv-binding-multiset-v1,2,289795ce7cf95571c5a8ae8526754c12283ef3185e71bcc78b69ed92bd6a9e79,,,,,,,,e1e370c3c3e41897f966ee22e8c7c98840f6ecade4ccb1698265b03c62141a2f,2c97fc305990d2aa1e0f09f37216d4d5b1419027440c3151c422415f0c836db8,f3c05af6c7aa3bbf0aae501a61efa32804f36e642d32f61fe21875892b248a8a,8a988dc83f4082a4f27503ba2906dc6b8733b3c02be567635c726c67bbd48314,16162702ccec82b2a0e27063cd04bd756a27af1f003b4cef0da976d843ef4725,reified,writable,exploratory-base,exploratory-reified,41997fb8640d9e765a0272879a63548eb9bd46bbf6e49da02b7c924e506b94f7,e6d3d236675cf5aefb65ff5897cc6e142b08e2a2be9e4af928e482100bc8e0bd,2e884d94ace185d62b1b91debf493ccd0a69b83d08e74cf5f1c2be4851b14215,7b43c2342d7676aa65cc9ee233b2184c9eae88f2663874af7ab1b83282f94ab4,6ffd10b28ab050230cdc1137f0bd16155c3a7c587add7fbe921d985fa92879fe,,,,92b52991866cf665298df9b1fb66b7862eb73636a5e15fab4ba7af1146c06a3c,"pcm-meta-v2:{""protocol"":""r9.2-frozen-identity-v9"",""message"":"""",""cell_wall_ms"":1289.912,""answer_kind"":""csv-binding-multiset-v1"",""answer_key_count"":2,""answer_fingerprint"":""289795ce7cf95571c5a8ae8526754c12283ef3185e71bcc78b69ed92bd6a9e79"",""c_parse_samples"":[0.0],""c_protocol_samples"":[],""construct_total_samples"":[],""construct_unattributed_samples"":[],""status"":""ok"",""status_evidence"":null,""construction_requested"":null,""construction_effective"":null,""commit"":""9eb59b24e2f261a4a30b99e6a5aaf35df28df707"",""batch_id"":""32a7995cfbc4dc222fa8a8149bb1feffe24bd7657e3be399956d1af79ae5f68b"",""query_sha256"":""671868a81e6d66a398f91366390ceb3c4102f83d22f474a36fa5bf19079fedde"",""engine"":""graphdb"",""engine_version"":""GraphDB (RDF4J) [engines.json profile]"",""scale"":""100M"",""base_endpoint_sha256"":""e1e370c3c3e41897f966ee22e8c7c98840f6ecade4ccb1698265b03c62141a2f"",""reified_endpoint_sha256"":""2c97fc305990d2aa1e0f09f37216d4d5b1419027440c3151c422415f0c836db8"",""update_endpoint_sha256"":""f3c05af6c7aa3bbf0aae501a61efa32804f36e642d32f61fe21875892b248a8a"",""base_data_identity_sha256"":""8a988dc83f4082a4f27503ba2906dc6b8733b3c02be567635c726c67bbd48314"",""reified_data_identity_sha256"":""16162702ccec82b2a0e27063cd04bd756a27af1f003b4cef0da976d843ef4725"",""update_for"":""reified"",""access_mode"":""writable"",""base_data_name"":""exploratory-base"",""reified_data_name"":""exploratory-reified"",""update_canary_sha256"":""41997fb8640d9e765a0272879a63548eb9bd46bbf6e49da02b7c924e506b94f7"",""store_instance_sha256"":""e6d3d236675cf5aefb65ff5897cc6e142b08e2a2be9e4af928e482100bc8e0bd"",""store_discriminator_sha256"":""2e884d94ace185d62b1b91debf493ccd0a69b83d08e74cf5f1c2be4851b14215"",""tool_sha256"":""7b43c2342d7676aa65cc9ee233b2184c9eae88f2663874af7ab1b83282f94ab4"",""java_runtime_sha256"":""6ffd10b28ab050230cdc1137f0bd16155c3a7c587add7fbe921d985fa92879fe"",""run_identity_sha256"":""92b52991866cf665298df9b1fb66b7862eb73636a5e15fab4ba7af1146c06a3c""}"
9eb59b24e2f261a4a30b99e6a5aaf35df28df707,graphdb,GraphDB (RDF4J) [engines.json profile],100M,S,S5,00,691e7a0abcd7232efe06742dc0cffd6f1c1bb58adb1206c47f9a3c8bb38753fb,B,base-select,ok,341,51.6,51.6,51.6,51.6,0.0,0,1,3600.0,17249,0.0,,,,,0.00661,[51.597],[0.0],,[],,[],,[],r9.2-frozen-identity-v9,32a7995cfbc4dc222fa8a8149bb1feffe24bd7657e3be399956d1af79ae5f68b,csv-binding-multiset-v1,341,d0f07be32ea2eaaad3692828e17808ed630ce7431b394198bd4e4cdbf258873d,,,,,,,,e1e370c3c3e41897f966ee22e8c7c98840f6ecade4ccb1698265b03c62141a2f,2c97fc305990d2aa1e0f09f37216d4d5b1419027440c3151c422415f0c836db8,f3c05af6c7aa3bbf0aae501a61efa32804f36e642d32f61fe21875892b248a8a,8a988dc83f4082a4f27503ba2906dc6b8733b3c02be567635c726c67bbd48314,16162702ccec82b2a0e27063cd04bd756a27af1f003b4cef0da976d843ef4725,reified,writable,exploratory-base,exploratory-reified,41997fb8640d9e765a0272879a63548eb9bd46bbf6e49da02b7c924e506b94f7,e6d3d236675cf5aefb65ff5897cc6e142b08e2a2be9e4af928e482100bc8e0bd,2e884d94ace185d62b1b91debf493ccd0a69b83d08e74cf5f1c2be4851b14215,7b43c2342d7676aa65cc9ee233b2184c9eae88f2663874af7ab1b83282f94ab4,6ffd10b28ab050230cdc1137f0bd16155c3a7c587add7fbe921d985fa92879fe,,,,19a9cef3ac05cb72ad71bd68c3ae7de7322bc9b2b4cc58312d2c9091983115ee,"pcm-meta-v2:{""protocol"":""r9.2-frozen-identity-v9"",""message"":"""",""cell_wall_ms"":59.413,""answer_kind"":""csv-binding-multiset-v1"",""answer_key_count"":341,""answer_fingerprint"":""d0f07be32ea2eaaad3692828e17808ed630ce7431b394198bd4e4cdbf258873d"",""c_parse_samples"":[0.0],""c_protocol_samples"":[],""construct_total_samples"":[],""construct_unattributed_samples"":[],""status"":""ok"",""status_evidence"":null,""construction_requested"":null,""construction_effective"":null,""commit"":""9eb59b24e2f261a4a30b99e6a5aaf35df28df707"",""batch_id"":""32a7995cfbc4dc222fa8a8149bb1feffe24bd7657e3be399956d1af79ae5f68b"",""query_sha256"":""691e7a0abcd7232efe06742dc0cffd6f1c1bb58adb1206c47f9a3c8bb38753fb"",""engine"":""graphdb"",""engine_version"":""GraphDB (RDF4J) [engines.json profile]"",""scale"":""100M"",""base_endpoint_sha256"":""e1e370c3c3e41897f966ee22e8c7c98840f6ecade4ccb1698265b03c62141a2f"",""reified_endpoint_sha256"":""2c97fc305990d2aa1e0f09f37216d4d5b1419027440c3151c422415f0c836db8"",""update_endpoint_sha256"":""f3c05af6c7aa3bbf0aae501a61efa32804f36e642d32f61fe21875892b248a8a"",""base_data_identity_sha256"":""8a988dc83f4082a4f27503ba2906dc6b8733b3c02be567635c726c67bbd48314"",""reified_data_identity_sha256"":""16162702ccec82b2a0e27063cd04bd756a27af1f003b4cef0da976d843ef4725"",""update_for"":""reified"",""access_mode"":""writable"",""base_data_name"":""exploratory-base"",""reified_data_name"":""exploratory-reified"",""update_canary_sha256"":""41997fb8640d9e765a0272879a63548eb9bd46bbf6e49da02b7c924e506b94f7"",""store_instance_sha256"":""e6d3d236675cf5aefb65ff5897cc6e142b08e2a2be9e4af928e482100bc8e0bd"",""store_discriminator_sha256"":""2e884d94ace185d62b1b91debf493ccd0a69b83d08e74cf5f1c2be4851b14215"",""tool_sha256"":""7b43c2342d7676aa65cc9ee233b2184c9eae88f2663874af7ab1b83282f94ab4"",""java_runtime_sha256"":""6ffd10b28ab050230cdc1137f0bd16155c3a7c587add7fbe921d985fa92879fe"",""run_identity_sha256"":""19a9cef3ac05cb72ad71bd68c3ae7de7322bc9b2b4cc58312d2c9091983115ee""}"
9eb59b24e2f261a4a30b99e6a5aaf35df28df707,graphdb,GraphDB (RDF4J) [engines.json profile],100M,S,S5,00,691e7a0abcd7232efe06742dc0cffd6f1c1bb58adb1206c47f9a3c8bb38753fb,C,SPARQLcirc CircuitRewriter,ok,341,3280.4,3280.4,3280.4,3280.4,0.0,0,1,3600.0,508110,44.8,682,1705,341,,346.419485,[3280.389],[44.8],0.0,[0.0],3326.4,[3326.399],1.2,[1.211],r9.2-frozen-identity-v9,32a7995cfbc4dc222fa8a8149bb1feffe24bd7657e3be399956d1af79ae5f68b,term-aware-candidate-set-v1,341,fcd8fad57cb3cefcd5f4206cd4e17f058b033fb7b5c60c91f5a5d21ff9fd3932,flat,flat,bf9aef5f163f0c6cf44c469c5350c5f0d3b0a1622cdb64326d109a8dbf548197,/mnt/nfs/home/ac145595/workspace/rq3-artifacts/circuits/graphdb-100m/691e7a0abcd7232efe06742dc0cffd6f1c1bb58adb1206c47f9a3c8bb38753fb-bf9aef5f163f0c6cf44c469c5350c5f0d3b0a1622cdb64326d109a8dbf548197.nt,/mnt/nfs/home/ac145595/workspace/rq3-artifacts/circuits/graphdb-100m/691e7a0abcd7232efe06742dc0cffd6f1c1bb58adb1206c47f9a3c8bb38753fb-bf9aef5f163f0c6cf44c469c5350c5f0d3b0a1622cdb64326d109a8dbf548197.json,c68787b5b0fb1a09cfa053ca271412612197cb8f82bb89b315520e15bd91bc49,feadb9c76c03155fc51cc41eea9d83ca6eea488e5e398d9c5e58f4ae297402d5,e1e370c3c3e41897f966ee22e8c7c98840f6ecade4ccb1698265b03c62141a2f,2c97fc305990d2aa1e0f09f37216d4d5b1419027440c3151c422415f0c836db8,f3c05af6c7aa3bbf0aae501a61efa32804f36e642d32f61fe21875892b248a8a,8a988dc83f4082a4f27503ba2906dc6b8733b3c02be567635c726c67bbd48314,16162702ccec82b2a0e27063cd04bd756a27af1f003b4cef0da976d843ef4725,reified,writable,exploratory-base,exploratory-reified,41997fb8640d9e765a0272879a63548eb9bd46bbf6e49da02b7c924e506b94f7,e6d3d236675cf5aefb65ff5897cc6e142b08e2a2be9e4af928e482100bc8e0bd,2e884d94ace185d62b1b91debf493ccd0a69b83d08e74cf5f1c2be4851b14215,7b43c2342d7676aa65cc9ee233b2184c9eae88f2663874af7ab1b83282f94ab4,6ffd10b28ab050230cdc1137f0bd16155c3a7c587add7fbe921d985fa92879fe,,,,19a9cef3ac05cb72ad71bd68c3ae7de7322bc9b2b4cc58312d2c9091983115ee,"pcm-meta-v2:{""protocol"":""r9.2-frozen-identity-v9"",""message"":""C requested=flat effective=flat; steps=1 feedback=0; network includes CONSTRUCT, feedback INSERT, and cleanup DELETE"",""cell_wall_ms"":3688.66,""answer_kind"":""term-aware-candidate-set-v1"",""answer_key_count"":341,""answer_fingerprint"":""fcd8fad57cb3cefcd5f4206cd4e17f058b033fb7b5c60c91f5a5d21ff9fd3932"",""c_parse_samples"":[44.8],""c_protocol_samples"":[{""requested_mode"":""flat"",""effective_mode"":""flat"",""fallback_reason"":null,""plan_steps"":1,""feedback_steps"":0,""feedback_triples"":0,""construct_query_ms"":3280.389,""feedback_update_ms"":0.0,""cleanup_ms"":0.0,""client_protocol_ms"":0.0,""network_scope"":""construct+feedback+cleanup"",""circuit_sha256"":""bf9aef5f163f0c6cf44c469c5350c5f0d3b0a1622cdb64326d109a8dbf548197"",""answer_fingerprint"":""fcd8fad57cb3cefcd5f4206cd4e17f058b033fb7b5c60c91f5a5d21ff9fd3932"",""semantic_signature_sha256"":""f5681d438f80df1bd03cc3212f541f88ab12a3b60d98fe93d8ecce240646cb6f"",""structure_signature"":{""gates"":682,""edges"":1705,""answers"":341,""derivations"":341,""leaves"":1364,""plus"":341,""minus"":0,""nodes"":2046,""canonical_bytes"":508110},""construct_total_ms"":3326.399,""client_unattributed_ms"":1.211}],""construct_total_samples"":[3326.399],""construct_unattributed_samples"":[1.211],""status"":""ok"",""status_evidence"":null,""c_warmup_signatures"":[],""measured_semantic_signature_sha256"":""f5681d438f80df1bd03cc3212f541f88ab12a3b60d98fe93d8ecce240646cb6f"",""measured_repetitions_consistent"":true,""cache_snapshot_ms"":9.636,""cache_snapshot_scope"":""first-measured-response; deferred until all runs succeeded"",""outside_cell_cache_write_ms"":24.387,""endpoint_lock"":{""wait_ms"":0.005,""lock_path"":""/tmp/sparqlcirc-r9-endpoint-locks-v7/e6d3d236675cf5aefb65ff5897cc6e142b08e2a2be9e4af928e482100bc8e0bd.lock""},""construction_requested"":""flat"",""construction_effective"":""flat"",""circuit_sha256"":""bf9aef5f163f0c6cf44c469c5350c5f0d3b0a1622cdb64326d109a8dbf548197"",""circuit_triples"":3751,""circuit_bytes"":508110,""circuit_path"":""/mnt/nfs/home/ac145595/workspace/rq3-artifacts/circuits/graphdb-100m/691e7a0abcd7232efe06742dc0cffd6f1c1bb58adb1206c47f9a3c8bb38753fb-bf9aef5f163f0c6cf44c469c5350c5f0d3b0a1622cdb64326d109a8dbf548197.nt"",""metadata_path"":""/mnt/nfs/home/ac145595/workspace/rq3-artifacts/circuits/graphdb-100m/691e7a0abcd7232efe06742dc0cffd6f1c1bb58adb1206c47f9a3c8bb38753fb-bf9aef5f163f0c6cf44c469c5350c5f0d3b0a1622cdb64326d109a8dbf548197.json"",""producer_observation_sha256"":""c68787b5b0fb1a09cfa053ca271412612197cb8f82bb89b315520e15bd91bc49"",""sidecar_sha256"":""feadb9c76c03155fc51cc41eea9d83ca6eea488e5e398d9c5e58f4ae297402d5"",""commit"":""9eb59b24e2f261a4a30b99e6a5aaf35df28df707"",""batch_id"":""32a7995cfbc4dc222fa8a8149bb1feffe24bd7657e3be399956d1af79ae5f68b"",""query_sha256"":""691e7a0abcd7232efe06742dc0cffd6f1c1bb58adb1206c47f9a3c8bb38753fb"",""engine"":""graphdb"",""engine_version"":""GraphDB (RDF4J) [engines.json profile]"",""scale"":""100M"",""base_endpoint_sha256"":""e1e370c3c3e41897f966ee22e8c7c98840f6ecade4ccb1698265b03c62141a2f"",""reified_endpoint_sha256"":""2c97fc305990d2aa1e0f09f37216d4d5b1419027440c3151c422415f0c836db8"",""update_endpoint_sha256"":""f3c05af6c7aa3bbf0aae501a61efa32804f36e642d32f61fe21875892b248a8a"",""base_data_identity_sha256"":""8a988dc83f4082a4f27503ba2906dc6b8733b3c02be567635c726c67bbd48314"",""reified_data_identity_sha256"":""16162702ccec82b2a0e27063cd04bd756a27af1f003b4cef0da976d843ef4725"",""update_for"":""reified"",""access_mode"":""writable"",""base_data_name"":""exploratory-base"",""reified_data_name"":""exploratory-reified"",""update_canary_sha256"":""41997fb8640d9e765a0272879a63548eb9bd46bbf6e49da02b7c924e506b94f7"",""store_instance_sha256"":""e6d3d236675cf5aefb65ff5897cc6e142b08e2a2be9e4af928e482100bc8e0bd"",""store_discriminator_sha256"":""2e884d94ace185d62b1b91debf493ccd0a69b83d08e74cf5f1c2be4851b14215"",""tool_sha256"":""7b43c2342d7676aa65cc9ee233b2184c9eae88f2663874af7ab1b83282f94ab4"",""java_runtime_sha256"":""6ffd10b28ab050230cdc1137f0bd16155c3a7c587add7fbe921d985fa92879fe"",""run_identity_sha256"":""19a9cef3ac05cb72ad71bd68c3ae7de7322bc9b2b4cc58312d2c9091983115ee""}"
9eb59b24e2f261a4a30b99e6a5aaf35df28df707,graphdb,GraphDB (RDF4J) [engines.json profile],100M,S,S5,00,691e7a0abcd7232efe06742dc0cffd6f1c1bb58adb1206c47f9a3c8bb38753fb,N,N_clean (NPCS reimplementation),ok,341,509.1,509.1,509.1,509.1,0.0,0,1,3600.0,41114,0.0,,,,341,178.414402,[509.082],[0.0],,[],,[],,[],r9.2-frozen-identity-v9,32a7995cfbc4dc222fa8a8149bb1feffe24bd7657e3be399956d1af79ae5f68b,csv-candidate-multiset-v1,341,d0f07be32ea2eaaad3692828e17808ed630ce7431b394198bd4e4cdbf258873d,,,,,,,,e1e370c3c3e41897f966ee22e8c7c98840f6ecade4ccb1698265b03c62141a2f,2c97fc305990d2aa1e0f09f37216d4d5b1419027440c3151c422415f0c836db8,f3c05af6c7aa3bbf0aae501a61efa32804f36e642d32f61fe21875892b248a8a,8a988dc83f4082a4f27503ba2906dc6b8733b3c02be567635c726c67bbd48314,16162702ccec82b2a0e27063cd04bd756a27af1f003b4cef0da976d843ef4725,reified,writable,exploratory-base,exploratory-reified,41997fb8640d9e765a0272879a63548eb9bd46bbf6e49da02b7c924e506b94f7,e6d3d236675cf5aefb65ff5897cc6e142b08e2a2be9e4af928e482100bc8e0bd,2e884d94ace185d62b1b91debf493ccd0a69b83d08e74cf5f1c2be4851b14215,7b43c2342d7676aa65cc9ee233b2184c9eae88f2663874af7ab1b83282f94ab4,6ffd10b28ab050230cdc1137f0bd16155c3a7c587add7fbe921d985fa92879fe,341,0,1364,19a9cef3ac05cb72ad71bd68c3ae7de7322bc9b2b4cc58312d2c9091983115ee,"pcm-meta-v2:{""protocol"":""r9.2-frozen-identity-v9"",""message"":"""",""cell_wall_ms"":698.839,""answer_kind"":""csv-candidate-multiset-v1"",""answer_key_count"":341,""answer_fingerprint"":""d0f07be32ea2eaaad3692828e17808ed630ce7431b394198bd4e4cdbf258873d"",""c_parse_samples"":[0.0],""c_protocol_samples"":[],""construct_total_samples"":[],""construct_unattributed_samples"":[],""status"":""ok"",""status_evidence"":null,""construction_requested"":null,""construction_effective"":null,""commit"":""9eb59b24e2f261a4a30b99e6a5aaf35df28df707"",""batch_id"":""32a7995cfbc4dc222fa8a8149bb1feffe24bd7657e3be399956d1af79ae5f68b"",""query_sha256"":""691e7a0abcd7232efe06742dc0cffd6f1c1bb58adb1206c47f9a3c8bb38753fb"",""engine"":""graphdb"",""engine_version"":""GraphDB (RDF4J) [engines.json profile]"",""scale"":""100M"",""base_endpoint_sha256"":""e1e370c3c3e41897f966ee22e8c7c98840f6ecade4ccb1698265b03c62141a2f"",""reified_endpoint_sha256"":""2c97fc305990d2aa1e0f09f37216d4d5b1419027440c3151c422415f0c836db8"",""update_endpoint_sha256"":""f3c05af6c7aa3bbf0aae501a61efa32804f36e642d32f61fe21875892b248a8a"",""base_data_identity_sha256"":""8a988dc83f4082a4f27503ba2906dc6b8733b3c02be567635c726c67bbd48314"",""reified_data_identity_sha256"":""16162702ccec82b2a0e27063cd04bd756a27af1f003b4cef0da976d843ef4725"",""update_for"":""reified"",""access_mode"":""writable"",""base_data_name"":""exploratory-base"",""reified_data_name"":""exploratory-reified"",""update_canary_sha256"":""41997fb8640d9e765a0272879a63548eb9bd46bbf6e49da02b7c924e506b94f7"",""store_instance_sha256"":""e6d3d236675cf5aefb65ff5897cc6e142b08e2a2be9e4af928e482100bc8e0bd"",""store_discriminator_sha256"":""2e884d94ace185d62b1b91debf493ccd0a69b83d08e74cf5f1c2be4851b14215"",""tool_sha256"":""7b43c2342d7676aa65cc9ee233b2184c9eae88f2663874af7ab1b83282f94ab4"",""java_runtime_sha256"":""6ffd10b28ab050230cdc1137f0bd16155c3a7c587add7fbe921d985fa92879fe"",""run_identity_sha256"":""19a9cef3ac05cb72ad71bd68c3ae7de7322bc9b2b4cc58312d2c9091983115ee""}"
9eb59b24e2f261a4a30b99e6a5aaf35df28df707,graphdb,GraphDB (RDF4J) [engines.json profile],100M,S,S5,00,691e7a0abcd7232efe06742dc0cffd6f1c1bb58adb1206c47f9a3c8bb38753fb,R,reification-only,ok,341,304.6,304.6,304.6,304.6,0.0,0,1,3600.0,17249,0.0,,,,,131.147836,[304.574],[0.0],,[],,[],,[],r9.2-frozen-identity-v9,32a7995cfbc4dc222fa8a8149bb1feffe24bd7657e3be399956d1af79ae5f68b,csv-binding-multiset-v1,341,d0f07be32ea2eaaad3692828e17808ed630ce7431b394198bd4e4cdbf258873d,,,,,,,,e1e370c3c3e41897f966ee22e8c7c98840f6ecade4ccb1698265b03c62141a2f,2c97fc305990d2aa1e0f09f37216d4d5b1419027440c3151c422415f0c836db8,f3c05af6c7aa3bbf0aae501a61efa32804f36e642d32f61fe21875892b248a8a,8a988dc83f4082a4f27503ba2906dc6b8733b3c02be567635c726c67bbd48314,16162702ccec82b2a0e27063cd04bd756a27af1f003b4cef0da976d843ef4725,reified,writable,exploratory-base,exploratory-reified,41997fb8640d9e765a0272879a63548eb9bd46bbf6e49da02b7c924e506b94f7,e6d3d236675cf5aefb65ff5897cc6e142b08e2a2be9e4af928e482100bc8e0bd,2e884d94ace185d62b1b91debf493ccd0a69b83d08e74cf5f1c2be4851b14215,7b43c2342d7676aa65cc9ee233b2184c9eae88f2663874af7ab1b83282f94ab4,6ffd10b28ab050230cdc1137f0bd16155c3a7c587add7fbe921d985fa92879fe,,,,19a9cef3ac05cb72ad71bd68c3ae7de7322bc9b2b4cc58312d2c9091983115ee,"pcm-meta-v2:{""protocol"":""r9.2-frozen-identity-v9"",""message"":"""",""cell_wall_ms"":444.587,""answer_kind"":""csv-binding-multiset-v1"",""answer_key_count"":341,""answer_fingerprint"":""d0f07be32ea2eaaad3692828e17808ed630ce7431b394198bd4e4cdbf258873d"",""c_parse_samples"":[0.0],""c_protocol_samples"":[],""construct_total_samples"":[],""construct_unattributed_samples"":[],""status"":""ok"",""status_evidence"":null,""construction_requested"":null,""construction_effective"":null,""commit"":""9eb59b24e2f261a4a30b99e6a5aaf35df28df707"",""batch_id"":""32a7995cfbc4dc222fa8a8149bb1feffe24bd7657e3be399956d1af79ae5f68b"",""query_sha256"":""691e7a0abcd7232efe06742dc0cffd6f1c1bb58adb1206c47f9a3c8bb38753fb"",""engine"":""graphdb"",""engine_version"":""GraphDB (RDF4J) [engines.json profile]"",""scale"":""100M"",""base_endpoint_sha256"":""e1e370c3c3e41897f966ee22e8c7c98840f6ecade4ccb1698265b03c62141a2f"",""reified_endpoint_sha256"":""2c97fc305990d2aa1e0f09f37216d4d5b1419027440c3151c422415f0c836db8"",""update_endpoint_sha256"":""f3c05af6c7aa3bbf0aae501a61efa32804f36e642d32f61fe21875892b248a8a"",""base_data_identity_sha256"":""8a988dc83f4082a4f27503ba2906dc6b8733b3c02be567635c726c67bbd48314"",""reified_data_identity_sha256"":""16162702ccec82b2a0e27063cd04bd756a27af1f003b4cef0da976d843ef4725"",""update_for"":""reified"",""access_mode"":""writable"",""base_data_name"":""exploratory-base"",""reified_data_name"":""exploratory-reified"",""update_canary_sha256"":""41997fb8640d9e765a0272879a63548eb9bd46bbf6e49da02b7c924e506b94f7"",""store_instance_sha256"":""e6d3d236675cf5aefb65ff5897cc6e142b08e2a2be9e4af928e482100bc8e0bd"",""store_discriminator_sha256"":""2e884d94ace185d62b1b91debf493ccd0a69b83d08e74cf5f1c2be4851b14215"",""tool_sha256"":""7b43c2342d7676aa65cc9ee233b2184c9eae88f2663874af7ab1b83282f94ab4"",""java_runtime_sha256"":""6ffd10b28ab050230cdc1137f0bd16155c3a7c587add7fbe921d985fa92879fe"",""run_identity_sha256"":""19a9cef3ac05cb72ad71bd68c3ae7de7322bc9b2b4cc58312d2c9091983115ee""}"
9eb59b24e2f261a4a30b99e6a5aaf35df28df707,graphdb,GraphDB (RDF4J) [engines.json profile],100M,S,S6,00,3a9de4be91a376d912945053f743c79042392d6a11ce089a2d71c37c156ec248,B,base-select,ok,13,7.9,7.9,7.9,7.9,0.0,0,1,3600.0,662,0.0,,,,,0.00784,[7.909],[0.0],,[],,[],,[],r9.2-frozen-identity-v9,32a7995cfbc4dc222fa8a8149bb1feffe24bd7657e3be399956d1af79ae5f68b,csv-binding-multiset-v1,13,e5ab6a6ce6eb81e4143eb16090f1de64eaa72a7b55a3ff095bbf8e6809c01103,,,,,,,,e1e370c3c3e41897f966ee22e8c7c98840f6ecade4ccb1698265b03c62141a2f,2c97fc305990d2aa1e0f09f37216d4d5b1419027440c3151c422415f0c836db8,f3c05af6c7aa3bbf0aae501a61efa32804f36e642d32f61fe21875892b248a8a,8a988dc83f4082a4f27503ba2906dc6b8733b3c02be567635c726c67bbd48314,16162702ccec82b2a0e27063cd04bd756a27af1f003b4cef0da976d843ef4725,reified,writable,exploratory-base,exploratory-reified,41997fb8640d9e765a0272879a63548eb9bd46bbf6e49da02b7c924e506b94f7,e6d3d236675cf5aefb65ff5897cc6e142b08e2a2be9e4af928e482100bc8e0bd,2e884d94ace185d62b1b91debf493ccd0a69b83d08e74cf5f1c2be4851b14215,7b43c2342d7676aa65cc9ee233b2184c9eae88f2663874af7ab1b83282f94ab4,6ffd10b28ab050230cdc1137f0bd16155c3a7c587add7fbe921d985fa92879fe,,,,241f4fb6597d16b849660f87fa80b9c75df5522e65dbc3054cb8170959112ead,"pcm-meta-v2:{""protocol"":""r9.2-frozen-identity-v9"",""message"":"""",""cell_wall_ms"":14.326,""answer_kind"":""csv-binding-multiset-v1"",""answer_key_count"":13,""answer_fingerprint"":""e5ab6a6ce6eb81e4143eb16090f1de64eaa72a7b55a3ff095bbf8e6809c01103"",""c_parse_samples"":[0.0],""c_protocol_samples"":[],""construct_total_samples"":[],""construct_unattributed_samples"":[],""status"":""ok"",""status_evidence"":null,""construction_requested"":null,""construction_effective"":null,""commit"":""9eb59b24e2f261a4a30b99e6a5aaf35df28df707"",""batch_id"":""32a7995cfbc4dc222fa8a8149bb1feffe24bd7657e3be399956d1af79ae5f68b"",""query_sha256"":""3a9de4be91a376d912945053f743c79042392d6a11ce089a2d71c37c156ec248"",""engine"":""graphdb"",""engine_version"":""GraphDB (RDF4J) [engines.json profile]"",""scale"":""100M"",""base_endpoint_sha256"":""e1e370c3c3e41897f966ee22e8c7c98840f6ecade4ccb1698265b03c62141a2f"",""reified_endpoint_sha256"":""2c97fc305990d2aa1e0f09f37216d4d5b1419027440c3151c422415f0c836db8"",""update_endpoint_sha256"":""f3c05af6c7aa3bbf0aae501a61efa32804f36e642d32f61fe21875892b248a8a"",""base_data_identity_sha256"":""8a988dc83f4082a4f27503ba2906dc6b8733b3c02be567635c726c67bbd48314"",""reified_data_identity_sha256"":""16162702ccec82b2a0e27063cd04bd756a27af1f003b4cef0da976d843ef4725"",""update_for"":""reified"",""access_mode"":""writable"",""base_data_name"":""exploratory-base"",""reified_data_name"":""exploratory-reified"",""update_canary_sha256"":""41997fb8640d9e765a0272879a63548eb9bd46bbf6e49da02b7c924e506b94f7"",""store_instance_sha256"":""e6d3d236675cf5aefb65ff5897cc6e142b08e2a2be9e4af928e482100bc8e0bd"",""store_discriminator_sha256"":""2e884d94ace185d62b1b91debf493ccd0a69b83d08e74cf5f1c2be4851b14215"",""tool_sha256"":""7b43c2342d7676aa65cc9ee233b2184c9eae88f2663874af7ab1b83282f94ab4"",""java_runtime_sha256"":""6ffd10b28ab050230cdc1137f0bd16155c3a7c587add7fbe921d985fa92879fe"",""run_identity_sha256"":""241f4fb6597d16b849660f87fa80b9c75df5522e65dbc3054cb8170959112ead""}"
9eb59b24e2f261a4a30b99e6a5aaf35df28df707,graphdb,GraphDB (RDF4J) [engines.json profile],100M,S,S6,00,3a9de4be91a376d912945053f743c79042392d6a11ce089a2d71c37c156ec248,C,SPARQLcirc CircuitRewriter,ok,13,200.8,200.8,200.8,200.8,0.0,0,1,3600.0,17939,2.0,26,52,13,,366.099588,[200.755],[1.959],0.0,[0.0],203.1,[203.148],0.4,[0.434],r9.2-frozen-identity-v9,32a7995cfbc4dc222fa8a8149bb1feffe24bd7657e3be399956d1af79ae5f68b,term-aware-candidate-set-v1,13,9945e755216f4f5038ec50a84a54418a000ed319cdca0d48d84e0b2579cf02a1,flat,flat,39265bab4519cfb34edf47aa66313d57d25b7443487cad10b7e7fa5c17b49f47,/mnt/nfs/home/ac145595/workspace/rq3-artifacts/circuits/graphdb-100m/3a9de4be91a376d912945053f743c79042392d6a11ce089a2d71c37c156ec248-39265bab4519cfb34edf47aa66313d57d25b7443487cad10b7e7fa5c17b49f47.nt,/mnt/nfs/home/ac145595/workspace/rq3-artifacts/circuits/graphdb-100m/3a9de4be91a376d912945053f743c79042392d6a11ce089a2d71c37c156ec248-39265bab4519cfb34edf47aa66313d57d25b7443487cad10b7e7fa5c17b49f47.json,50ceb6c9971db56c2c0431bdc934d4fed48fc9eb73a20080a958856f4e92948a,31b43af98ef1732392c7b2b319012fe86ff512f5e6697d79ec40f00496f3497f,e1e370c3c3e41897f966ee22e8c7c98840f6ecade4ccb1698265b03c62141a2f,2c97fc305990d2aa1e0f09f37216d4d5b1419027440c3151c422415f0c836db8,f3c05af6c7aa3bbf0aae501a61efa32804f36e642d32f61fe21875892b248a8a,8a988dc83f4082a4f27503ba2906dc6b8733b3c02be567635c726c67bbd48314,16162702ccec82b2a0e27063cd04bd756a27af1f003b4cef0da976d843ef4725,reified,writable,exploratory-base,exploratory-reified,41997fb8640d9e765a0272879a63548eb9bd46bbf6e49da02b7c924e506b94f7,e6d3d236675cf5aefb65ff5897cc6e142b08e2a2be9e4af928e482100bc8e0bd,2e884d94ace185d62b1b91debf493ccd0a69b83d08e74cf5f1c2be4851b14215,7b43c2342d7676aa65cc9ee233b2184c9eae88f2663874af7ab1b83282f94ab4,6ffd10b28ab050230cdc1137f0bd16155c3a7c587add7fbe921d985fa92879fe,,,,241f4fb6597d16b849660f87fa80b9c75df5522e65dbc3054cb8170959112ead,"pcm-meta-v2:{""protocol"":""r9.2-frozen-identity-v9"",""message"":""C requested=flat effective=flat; steps=1 feedback=0; network includes CONSTRUCT, feedback INSERT, and cleanup DELETE"",""cell_wall_ms"":576.071,""answer_kind"":""term-aware-candidate-set-v1"",""answer_key_count"":13,""answer_fingerprint"":""9945e755216f4f5038ec50a84a54418a000ed319cdca0d48d84e0b2579cf02a1"",""c_parse_samples"":[1.959],""c_protocol_samples"":[{""requested_mode"":""flat"",""effective_mode"":""flat"",""fallback_reason"":null,""plan_steps"":1,""feedback_steps"":0,""feedback_triples"":0,""construct_query_ms"":200.755,""feedback_update_ms"":0.0,""cleanup_ms"":0.0,""client_protocol_ms"":0.0,""network_scope"":""construct+feedback+cleanup"",""circuit_sha256"":""39265bab4519cfb34edf47aa66313d57d25b7443487cad10b7e7fa5c17b49f47"",""answer_fingerprint"":""9945e755216f4f5038ec50a84a54418a000ed319cdca0d48d84e0b2579cf02a1"",""semantic_signature_sha256"":""dae21f26ba53fcd8479b5700104072015369c3c70b571b1d88ac847ae56254c0"",""structure_signature"":{""gates"":26,""edges"":52,""answers"":13,""derivations"":13,""leaves"":39,""plus"":13,""minus"":0,""nodes"":65,""canonical_bytes"":17939},""construct_total_ms"":203.148,""client_unattributed_ms"":0.434}],""construct_total_samples"":[203.148],""construct_unattributed_samples"":[0.434],""status"":""ok"",""status_evidence"":null,""c_warmup_signatures"":[],""measured_semantic_signature_sha256"":""dae21f26ba53fcd8479b5700104072015369c3c70b571b1d88ac847ae56254c0"",""measured_repetitions_consistent"":true,""cache_snapshot_ms"":0.958,""cache_snapshot_scope"":""first-measured-response; deferred until all runs succeeded"",""outside_cell_cache_write_ms"":4.567,""endpoint_lock"":{""wait_ms"":0.006,""lock_path"":""/tmp/sparqlcirc-r9-endpoint-locks-v7/e6d3d236675cf5aefb65ff5897cc6e142b08e2a2be9e4af928e482100bc8e0bd.lock""},""construction_requested"":""flat"",""construction_effective"":""flat"",""circuit_sha256"":""39265bab4519cfb34edf47aa66313d57d25b7443487cad10b7e7fa5c17b49f47"",""circuit_triples"":130,""circuit_bytes"":17939,""circuit_path"":""/mnt/nfs/home/ac145595/workspace/rq3-artifacts/circuits/graphdb-100m/3a9de4be91a376d912945053f743c79042392d6a11ce089a2d71c37c156ec248-39265bab4519cfb34edf47aa66313d57d25b7443487cad10b7e7fa5c17b49f47.nt"",""metadata_path"":""/mnt/nfs/home/ac145595/workspace/rq3-artifacts/circuits/graphdb-100m/3a9de4be91a376d912945053f743c79042392d6a11ce089a2d71c37c156ec248-39265bab4519cfb34edf47aa66313d57d25b7443487cad10b7e7fa5c17b49f47.json"",""producer_observation_sha256"":""50ceb6c9971db56c2c0431bdc934d4fed48fc9eb73a20080a958856f4e92948a"",""sidecar_sha256"":""31b43af98ef1732392c7b2b319012fe86ff512f5e6697d79ec40f00496f3497f"",""commit"":""9eb59b24e2f261a4a30b99e6a5aaf35df28df707"",""batch_id"":""32a7995cfbc4dc222fa8a8149bb1feffe24bd7657e3be399956d1af79ae5f68b"",""query_sha256"":""3a9de4be91a376d912945053f743c79042392d6a11ce089a2d71c37c156ec248"",""engine"":""graphdb"",""engine_version"":""GraphDB (RDF4J) [engines.json profile]"",""scale"":""100M"",""base_endpoint_sha256"":""e1e370c3c3e41897f966ee22e8c7c98840f6ecade4ccb1698265b03c62141a2f"",""reified_endpoint_sha256"":""2c97fc305990d2aa1e0f09f37216d4d5b1419027440c3151c422415f0c836db8"",""update_endpoint_sha256"":""f3c05af6c7aa3bbf0aae501a61efa32804f36e642d32f61fe21875892b248a8a"",""base_data_identity_sha256"":""8a988dc83f4082a4f27503ba2906dc6b8733b3c02be567635c726c67bbd48314"",""reified_data_identity_sha256"":""16162702ccec82b2a0e27063cd04bd756a27af1f003b4cef0da976d843ef4725"",""update_for"":""reified"",""access_mode"":""writable"",""base_data_name"":""exploratory-base"",""reified_data_name"":""exploratory-reified"",""update_canary_sha256"":""41997fb8640d9e765a0272879a63548eb9bd46bbf6e49da02b7c924e506b94f7"",""store_instance_sha256"":""e6d3d236675cf5aefb65ff5897cc6e142b08e2a2be9e4af928e482100bc8e0bd"",""store_discriminator_sha256"":""2e884d94ace185d62b1b91debf493ccd0a69b83d08e74cf5f1c2be4851b14215"",""tool_sha256"":""7b43c2342d7676aa65cc9ee233b2184c9eae88f2663874af7ab1b83282f94ab4"",""java_runtime_sha256"":""6ffd10b28ab050230cdc1137f0bd16155c3a7c587add7fbe921d985fa92879fe"",""run_identity_sha256"":""241f4fb6597d16b849660f87fa80b9c75df5522e65dbc3054cb8170959112ead""}"
9eb59b24e2f261a4a30b99e6a5aaf35df28df707,graphdb,GraphDB (RDF4J) [engines.json profile],100M,S,S6,00,3a9de4be91a376d912945053f743c79042392d6a11ce089a2d71c37c156ec248,N,N_clean (NPCS reimplementation),ok,13,29.2,29.2,29.2,29.2,0.0,0,1,3600.0,1410,0.0,,,,13,179.078683,[29.157],[0.0],,[],,[],,[],r9.2-frozen-identity-v9,32a7995cfbc4dc222fa8a8149bb1feffe24bd7657e3be399956d1af79ae5f68b,csv-candidate-multiset-v1,13,e5ab6a6ce6eb81e4143eb16090f1de64eaa72a7b55a3ff095bbf8e6809c01103,,,,,,,,e1e370c3c3e41897f966ee22e8c7c98840f6ecade4ccb1698265b03c62141a2f,2c97fc305990d2aa1e0f09f37216d4d5b1419027440c3151c422415f0c836db8,f3c05af6c7aa3bbf0aae501a61efa32804f36e642d32f61fe21875892b248a8a,8a988dc83f4082a4f27503ba2906dc6b8733b3c02be567635c726c67bbd48314,16162702ccec82b2a0e27063cd04bd756a27af1f003b4cef0da976d843ef4725,reified,writable,exploratory-base,exploratory-reified,41997fb8640d9e765a0272879a63548eb9bd46bbf6e49da02b7c924e506b94f7,e6d3d236675cf5aefb65ff5897cc6e142b08e2a2be9e4af928e482100bc8e0bd,2e884d94ace185d62b1b91debf493ccd0a69b83d08e74cf5f1c2be4851b14215,7b43c2342d7676aa65cc9ee233b2184c9eae88f2663874af7ab1b83282f94ab4,6ffd10b28ab050230cdc1137f0bd16155c3a7c587add7fbe921d985fa92879fe,13,0,39,241f4fb6597d16b849660f87fa80b9c75df5522e65dbc3054cb8170959112ead,"pcm-meta-v2:{""protocol"":""r9.2-frozen-identity-v9"",""message"":"""",""cell_wall_ms"":215.861,""answer_kind"":""csv-candidate-multiset-v1"",""answer_key_count"":13,""answer_fingerprint"":""e5ab6a6ce6eb81e4143eb16090f1de64eaa72a7b55a3ff095bbf8e6809c01103"",""c_parse_samples"":[0.0],""c_protocol_samples"":[],""construct_total_samples"":[],""construct_unattributed_samples"":[],""status"":""ok"",""status_evidence"":null,""construction_requested"":null,""construction_effective"":null,""commit"":""9eb59b24e2f261a4a30b99e6a5aaf35df28df707"",""batch_id"":""32a7995cfbc4dc222fa8a8149bb1feffe24bd7657e3be399956d1af79ae5f68b"",""query_sha256"":""3a9de4be91a376d912945053f743c79042392d6a11ce089a2d71c37c156ec248"",""engine"":""graphdb"",""engine_version"":""GraphDB (RDF4J) [engines.json profile]"",""scale"":""100M"",""base_endpoint_sha256"":""e1e370c3c3e41897f966ee22e8c7c98840f6ecade4ccb1698265b03c62141a2f"",""reified_endpoint_sha256"":""2c97fc305990d2aa1e0f09f37216d4d5b1419027440c3151c422415f0c836db8"",""update_endpoint_sha256"":""f3c05af6c7aa3bbf0aae501a61efa32804f36e642d32f61fe21875892b248a8a"",""base_data_identity_sha256"":""8a988dc83f4082a4f27503ba2906dc6b8733b3c02be567635c726c67bbd48314"",""reified_data_identity_sha256"":""16162702ccec82b2a0e27063cd04bd756a27af1f003b4cef0da976d843ef4725"",""update_for"":""reified"",""access_mode"":""writable"",""base_data_name"":""exploratory-base"",""reified_data_name"":""exploratory-reified"",""update_canary_sha256"":""41997fb8640d9e765a0272879a63548eb9bd46bbf6e49da02b7c924e506b94f7"",""store_instance_sha256"":""e6d3d236675cf5aefb65ff5897cc6e142b08e2a2be9e4af928e482100bc8e0bd"",""store_discriminator_sha256"":""2e884d94ace185d62b1b91debf493ccd0a69b83d08e74cf5f1c2be4851b14215"",""tool_sha256"":""7b43c2342d7676aa65cc9ee233b2184c9eae88f2663874af7ab1b83282f94ab4"",""java_runtime_sha256"":""6ffd10b28ab050230cdc1137f0bd16155c3a7c587add7fbe921d985fa92879fe"",""run_identity_sha256"":""241f4fb6597d16b849660f87fa80b9c75df5522e65dbc3054cb8170959112ead""}"
9eb59b24e2f261a4a30b99e6a5aaf35df28df707,graphdb,GraphDB (RDF4J) [engines.json profile],100M,S,S6,00,3a9de4be91a376d912945053f743c79042392d6a11ce089a2d71c37c156ec248,R,reification-only,ok,13,31.2,31.2,31.2,31.2,0.0,0,1,3600.0,662,0.0,,,,,129.062984,[31.244],[0.0],,[],,[],,[],r9.2-frozen-identity-v9,32a7995cfbc4dc222fa8a8149bb1feffe24bd7657e3be399956d1af79ae5f68b,csv-binding-multiset-v1,13,e5ab6a6ce6eb81e4143eb16090f1de64eaa72a7b55a3ff095bbf8e6809c01103,,,,,,,,e1e370c3c3e41897f966ee22e8c7c98840f6ecade4ccb1698265b03c62141a2f,2c97fc305990d2aa1e0f09f37216d4d5b1419027440c3151c422415f0c836db8,f3c05af6c7aa3bbf0aae501a61efa32804f36e642d32f61fe21875892b248a8a,8a988dc83f4082a4f27503ba2906dc6b8733b3c02be567635c726c67bbd48314,16162702ccec82b2a0e27063cd04bd756a27af1f003b4cef0da976d843ef4725,reified,writable,exploratory-base,exploratory-reified,41997fb8640d9e765a0272879a63548eb9bd46bbf6e49da02b7c924e506b94f7,e6d3d236675cf5aefb65ff5897cc6e142b08e2a2be9e4af928e482100bc8e0bd,2e884d94ace185d62b1b91debf493ccd0a69b83d08e74cf5f1c2be4851b14215,7b43c2342d7676aa65cc9ee233b2184c9eae88f2663874af7ab1b83282f94ab4,6ffd10b28ab050230cdc1137f0bd16155c3a7c587add7fbe921d985fa92879fe,,,,241f4fb6597d16b849660f87fa80b9c75df5522e65dbc3054cb8170959112ead,"pcm-meta-v2:{""protocol"":""r9.2-frozen-identity-v9"",""message"":"""",""cell_wall_ms"":167.659,""answer_kind"":""csv-binding-multiset-v1"",""answer_key_count"":13,""answer_fingerprint"":""e5ab6a6ce6eb81e4143eb16090f1de64eaa72a7b55a3ff095bbf8e6809c01103"",""c_parse_samples"":[0.0],""c_protocol_samples"":[],""construct_total_samples"":[],""construct_unattributed_samples"":[],""status"":""ok"",""status_evidence"":null,""construction_requested"":null,""construction_effective"":null,""commit"":""9eb59b24e2f261a4a30b99e6a5aaf35df28df707"",""batch_id"":""32a7995cfbc4dc222fa8a8149bb1feffe24bd7657e3be399956d1af79ae5f68b"",""query_sha256"":""3a9de4be91a376d912945053f743c79042392d6a11ce089a2d71c37c156ec248"",""engine"":""graphdb"",""engine_version"":""GraphDB (RDF4J) [engines.json profile]"",""scale"":""100M"",""base_endpoint_sha256"":""e1e370c3c3e41897f966ee22e8c7c98840f6ecade4ccb1698265b03c62141a2f"",""reified_endpoint_sha256"":""2c97fc305990d2aa1e0f09f37216d4d5b1419027440c3151c422415f0c836db8"",""update_endpoint_sha256"":""f3c05af6c7aa3bbf0aae501a61efa32804f36e642d32f61fe21875892b248a8a"",""base_data_identity_sha256"":""8a988dc83f4082a4f27503ba2906dc6b8733b3c02be567635c726c67bbd48314"",""reified_data_identity_sha256"":""16162702ccec82b2a0e27063cd04bd756a27af1f003b4cef0da976d843ef4725"",""update_for"":""reified"",""access_mode"":""writable"",""base_data_name"":""exploratory-base"",""reified_data_name"":""exploratory-reified"",""update_canary_sha256"":""41997fb8640d9e765a0272879a63548eb9bd46bbf6e49da02b7c924e506b94f7"",""store_instance_sha256"":""e6d3d236675cf5aefb65ff5897cc6e142b08e2a2be9e4af928e482100bc8e0bd"",""store_discriminator_sha256"":""2e884d94ace185d62b1b91debf493ccd0a69b83d08e74cf5f1c2be4851b14215"",""tool_sha256"":""7b43c2342d7676aa65cc9ee233b2184c9eae88f2663874af7ab1b83282f94ab4"",""java_runtime_sha256"":""6ffd10b28ab050230cdc1137f0bd16155c3a7c587add7fbe921d985fa92879fe"",""run_identity_sha256"":""241f4fb6597d16b849660f87fa80b9c75df5522e65dbc3054cb8170959112ead""}"
9eb59b24e2f261a4a30b99e6a5aaf35df28df707,graphdb,GraphDB (RDF4J) [engines.json profile],100M,S,S7,00,6c8f2b502c6afedd00f5544bb49e027212b77b9a59795ef8c9b65d12c3234eb1,B,base-select,ok,2,6.6,6.6,6.6,6.6,0.0,0,1,3600.0,303,0.0,,,,,0.01001,[6.571],[0.0],,[],,[],,[],r9.2-frozen-identity-v9,32a7995cfbc4dc222fa8a8149bb1feffe24bd7657e3be399956d1af79ae5f68b,csv-binding-multiset-v1,2,23810c3f48832d9773a98a17314c04b2dc8de54b95256987561524b9446c0f04,,,,,,,,e1e370c3c3e41897f966ee22e8c7c98840f6ecade4ccb1698265b03c62141a2f,2c97fc305990d2aa1e0f09f37216d4d5b1419027440c3151c422415f0c836db8,f3c05af6c7aa3bbf0aae501a61efa32804f36e642d32f61fe21875892b248a8a,8a988dc83f4082a4f27503ba2906dc6b8733b3c02be567635c726c67bbd48314,16162702ccec82b2a0e27063cd04bd756a27af1f003b4cef0da976d843ef4725,reified,writable,exploratory-base,exploratory-reified,41997fb8640d9e765a0272879a63548eb9bd46bbf6e49da02b7c924e506b94f7,e6d3d236675cf5aefb65ff5897cc6e142b08e2a2be9e4af928e482100bc8e0bd,2e884d94ace185d62b1b91debf493ccd0a69b83d08e74cf5f1c2be4851b14215,7b43c2342d7676aa65cc9ee233b2184c9eae88f2663874af7ab1b83282f94ab4,6ffd10b28ab050230cdc1137f0bd16155c3a7c587add7fbe921d985fa92879fe,,,,855aeaae434dbd5663293be3fbb4100a091e213094d0342f3c6cbe8fe4058a7d,"pcm-meta-v2:{""protocol"":""r9.2-frozen-identity-v9"",""message"":"""",""cell_wall_ms"":13.217,""answer_kind"":""csv-binding-multiset-v1"",""answer_key_count"":2,""answer_fingerprint"":""23810c3f48832d9773a98a17314c04b2dc8de54b95256987561524b9446c0f04"",""c_parse_samples"":[0.0],""c_protocol_samples"":[],""construct_total_samples"":[],""construct_unattributed_samples"":[],""status"":""ok"",""status_evidence"":null,""construction_requested"":null,""construction_effective"":null,""commit"":""9eb59b24e2f261a4a30b99e6a5aaf35df28df707"",""batch_id"":""32a7995cfbc4dc222fa8a8149bb1feffe24bd7657e3be399956d1af79ae5f68b"",""query_sha256"":""6c8f2b502c6afedd00f5544bb49e027212b77b9a59795ef8c9b65d12c3234eb1"",""engine"":""graphdb"",""engine_version"":""GraphDB (RDF4J) [engines.json profile]"",""scale"":""100M"",""base_endpoint_sha256"":""e1e370c3c3e41897f966ee22e8c7c98840f6ecade4ccb1698265b03c62141a2f"",""reified_endpoint_sha256"":""2c97fc305990d2aa1e0f09f37216d4d5b1419027440c3151c422415f0c836db8"",""update_endpoint_sha256"":""f3c05af6c7aa3bbf0aae501a61efa32804f36e642d32f61fe21875892b248a8a"",""base_data_identity_sha256"":""8a988dc83f4082a4f27503ba2906dc6b8733b3c02be567635c726c67bbd48314"",""reified_data_identity_sha256"":""16162702ccec82b2a0e27063cd04bd756a27af1f003b4cef0da976d843ef4725"",""update_for"":""reified"",""access_mode"":""writable"",""base_data_name"":""exploratory-base"",""reified_data_name"":""exploratory-reified"",""update_canary_sha256"":""41997fb8640d9e765a0272879a63548eb9bd46bbf6e49da02b7c924e506b94f7"",""store_instance_sha256"":""e6d3d236675cf5aefb65ff5897cc6e142b08e2a2be9e4af928e482100bc8e0bd"",""store_discriminator_sha256"":""2e884d94ace185d62b1b91debf493ccd0a69b83d08e74cf5f1c2be4851b14215"",""tool_sha256"":""7b43c2342d7676aa65cc9ee233b2184c9eae88f2663874af7ab1b83282f94ab4"",""java_runtime_sha256"":""6ffd10b28ab050230cdc1137f0bd16155c3a7c587add7fbe921d985fa92879fe"",""run_identity_sha256"":""855aeaae434dbd5663293be3fbb4100a091e213094d0342f3c6cbe8fe4058a7d""}"
9eb59b24e2f261a4a30b99e6a5aaf35df28df707,graphdb,GraphDB (RDF4J) [engines.json profile],100M,S,S7,00,6c8f2b502c6afedd00f5544bb49e027212b77b9a59795ef8c9b65d12c3234eb1,C,SPARQLcirc CircuitRewriter,ok,2,11.3,11.3,11.3,11.3,0.0,0,1,3600.0,4676,0.7,4,8,2,,362.36732,[11.33],[0.697],0.0,[0.0],12.5,[12.458],0.4,[0.431],r9.2-frozen-identity-v9,32a7995cfbc4dc222fa8a8149bb1feffe24bd7657e3be399956d1af79ae5f68b,term-aware-candidate-set-v1,2,767e5b3df77b9e1bd24a1a9448f04c2d6e37147ee3a55f48af0d7da077568e8f,flat,flat,8425da70e1c9d730932bea9993e14383f7ccb9193996e9280ca42af45b367bba,/mnt/nfs/home/ac145595/workspace/rq3-artifacts/circuits/graphdb-100m/6c8f2b502c6afedd00f5544bb49e027212b77b9a59795ef8c9b65d12c3234eb1-8425da70e1c9d730932bea9993e14383f7ccb9193996e9280ca42af45b367bba.nt,/mnt/nfs/home/ac145595/workspace/rq3-artifacts/circuits/graphdb-100m/6c8f2b502c6afedd00f5544bb49e027212b77b9a59795ef8c9b65d12c3234eb1-8425da70e1c9d730932bea9993e14383f7ccb9193996e9280ca42af45b367bba.json,b6ce1cc5c8febc0ba02aaeadc1bbc124dfc6087fa07177c43e86c3fb5f36109b,dbf24502c87a8541a70daecd8484c4ab2783a4a9965575d4bdf6b57c4d0fbce4,e1e370c3c3e41897f966ee22e8c7c98840f6ecade4ccb1698265b03c62141a2f,2c97fc305990d2aa1e0f09f37216d4d5b1419027440c3151c422415f0c836db8,f3c05af6c7aa3bbf0aae501a61efa32804f36e642d32f61fe21875892b248a8a,8a988dc83f4082a4f27503ba2906dc6b8733b3c02be567635c726c67bbd48314,16162702ccec82b2a0e27063cd04bd756a27af1f003b4cef0da976d843ef4725,reified,writable,exploratory-base,exploratory-reified,41997fb8640d9e765a0272879a63548eb9bd46bbf6e49da02b7c924e506b94f7,e6d3d236675cf5aefb65ff5897cc6e142b08e2a2be9e4af928e482100bc8e0bd,2e884d94ace185d62b1b91debf493ccd0a69b83d08e74cf5f1c2be4851b14215,7b43c2342d7676aa65cc9ee233b2184c9eae88f2663874af7ab1b83282f94ab4,6ffd10b28ab050230cdc1137f0bd16155c3a7c587add7fbe921d985fa92879fe,,,,855aeaae434dbd5663293be3fbb4100a091e213094d0342f3c6cbe8fe4058a7d,"pcm-meta-v2:{""protocol"":""r9.2-frozen-identity-v9"",""message"":""C requested=flat effective=flat; steps=1 feedback=0; network includes CONSTRUCT, feedback INSERT, and cleanup DELETE"",""cell_wall_ms"":381.0,""answer_kind"":""term-aware-candidate-set-v1"",""answer_key_count"":2,""answer_fingerprint"":""767e5b3df77b9e1bd24a1a9448f04c2d6e37147ee3a55f48af0d7da077568e8f"",""c_parse_samples"":[0.697],""c_protocol_samples"":[{""requested_mode"":""flat"",""effective_mode"":""flat"",""fallback_reason"":null,""plan_steps"":1,""feedback_steps"":0,""feedback_triples"":0,""construct_query_ms"":11.33,""feedback_update_ms"":0.0,""cleanup_ms"":0.0,""client_protocol_ms"":0.0,""network_scope"":""construct+feedback+cleanup"",""circuit_sha256"":""8425da70e1c9d730932bea9993e14383f7ccb9193996e9280ca42af45b367bba"",""answer_fingerprint"":""767e5b3df77b9e1bd24a1a9448f04c2d6e37147ee3a55f48af0d7da077568e8f"",""semantic_signature_sha256"":""ca6b8e30dfc98cfe2104a04804244db3528ff88e62d49f6047f249f7ea6846dd"",""structure_signature"":{""gates"":4,""edges"":8,""answers"":2,""derivations"":2,""leaves"":6,""plus"":2,""minus"":0,""nodes"":10,""canonical_bytes"":4676},""construct_total_ms"":12.458,""client_unattributed_ms"":0.431}],""construct_total_samples"":[12.458],""construct_unattributed_samples"":[0.431],""status"":""ok"",""status_evidence"":null,""c_warmup_signatures"":[],""measured_semantic_signature_sha256"":""ca6b8e30dfc98cfe2104a04804244db3528ff88e62d49f6047f249f7ea6846dd"",""measured_repetitions_consistent"":true,""cache_snapshot_ms"":0.627,""cache_snapshot_scope"":""first-measured-response; deferred until all runs succeeded"",""outside_cell_cache_write_ms"":3.851,""endpoint_lock"":{""wait_ms"":0.007,""lock_path"":""/tmp/sparqlcirc-r9-endpoint-locks-v7/e6d3d236675cf5aefb65ff5897cc6e142b08e2a2be9e4af928e482100bc8e0bd.lock""},""construction_requested"":""flat"",""construction_effective"":""flat"",""circuit_sha256"":""8425da70e1c9d730932bea9993e14383f7ccb9193996e9280ca42af45b367bba"",""circuit_triples"":32,""circuit_bytes"":4676,""circuit_path"":""/mnt/nfs/home/ac145595/workspace/rq3-artifacts/circuits/graphdb-100m/6c8f2b502c6afedd00f5544bb49e027212b77b9a59795ef8c9b65d12c3234eb1-8425da70e1c9d730932bea9993e14383f7ccb9193996e9280ca42af45b367bba.nt"",""metadata_path"":""/mnt/nfs/home/ac145595/workspace/rq3-artifacts/circuits/graphdb-100m/6c8f2b502c6afedd00f5544bb49e027212b77b9a59795ef8c9b65d12c3234eb1-8425da70e1c9d730932bea9993e14383f7ccb9193996e9280ca42af45b367bba.json"",""producer_observation_sha256"":""b6ce1cc5c8febc0ba02aaeadc1bbc124dfc6087fa07177c43e86c3fb5f36109b"",""sidecar_sha256"":""dbf24502c87a8541a70daecd8484c4ab2783a4a9965575d4bdf6b57c4d0fbce4"",""commit"":""9eb59b24e2f261a4a30b99e6a5aaf35df28df707"",""batch_id"":""32a7995cfbc4dc222fa8a8149bb1feffe24bd7657e3be399956d1af79ae5f68b"",""query_sha256"":""6c8f2b502c6afedd00f5544bb49e027212b77b9a59795ef8c9b65d12c3234eb1"",""engine"":""graphdb"",""engine_version"":""GraphDB (RDF4J) [engines.json profile]"",""scale"":""100M"",""base_endpoint_sha256"":""e1e370c3c3e41897f966ee22e8c7c98840f6ecade4ccb1698265b03c62141a2f"",""reified_endpoint_sha256"":""2c97fc305990d2aa1e0f09f37216d4d5b1419027440c3151c422415f0c836db8"",""update_endpoint_sha256"":""f3c05af6c7aa3bbf0aae501a61efa32804f36e642d32f61fe21875892b248a8a"",""base_data_identity_sha256"":""8a988dc83f4082a4f27503ba2906dc6b8733b3c02be567635c726c67bbd48314"",""reified_data_identity_sha256"":""16162702ccec82b2a0e27063cd04bd756a27af1f003b4cef0da976d843ef4725"",""update_for"":""reified"",""access_mode"":""writable"",""base_data_name"":""exploratory-base"",""reified_data_name"":""exploratory-reified"",""update_canary_sha256"":""41997fb8640d9e765a0272879a63548eb9bd46bbf6e49da02b7c924e506b94f7"",""store_instance_sha256"":""e6d3d236675cf5aefb65ff5897cc6e142b08e2a2be9e4af928e482100bc8e0bd"",""store_discriminator_sha256"":""2e884d94ace185d62b1b91debf493ccd0a69b83d08e74cf5f1c2be4851b14215"",""tool_sha256"":""7b43c2342d7676aa65cc9ee233b2184c9eae88f2663874af7ab1b83282f94ab4"",""java_runtime_sha256"":""6ffd10b28ab050230cdc1137f0bd16155c3a7c587add7fbe921d985fa92879fe"",""run_identity_sha256"":""855aeaae434dbd5663293be3fbb4100a091e213094d0342f3c6cbe8fe4058a7d""}"
9eb59b24e2f261a4a30b99e6a5aaf35df28df707,graphdb,GraphDB (RDF4J) [engines.json profile],100M,S,S7,00,6c8f2b502c6afedd00f5544bb49e027212b77b9a59795ef8c9b65d12c3234eb1,N,N_clean (NPCS reimplementation),ok,2,7.1,7.1,7.1,7.1,0.0,0,1,3600.0,439,0.0,,,,2,190.747483,[7.124],[0.0],,[],,[],,[],r9.2-frozen-identity-v9,32a7995cfbc4dc222fa8a8149bb1feffe24bd7657e3be399956d1af79ae5f68b,csv-candidate-multiset-v1,2,23810c3f48832d9773a98a17314c04b2dc8de54b95256987561524b9446c0f04,,,,,,,,e1e370c3c3e41897f966ee22e8c7c98840f6ecade4ccb1698265b03c62141a2f,2c97fc305990d2aa1e0f09f37216d4d5b1419027440c3151c422415f0c836db8,f3c05af6c7aa3bbf0aae501a61efa32804f36e642d32f61fe21875892b248a8a,8a988dc83f4082a4f27503ba2906dc6b8733b3c02be567635c726c67bbd48314,16162702ccec82b2a0e27063cd04bd756a27af1f003b4cef0da976d843ef4725,reified,writable,exploratory-base,exploratory-reified,41997fb8640d9e765a0272879a63548eb9bd46bbf6e49da02b7c924e506b94f7,e6d3d236675cf5aefb65ff5897cc6e142b08e2a2be9e4af928e482100bc8e0bd,2e884d94ace185d62b1b91debf493ccd0a69b83d08e74cf5f1c2be4851b14215,7b43c2342d7676aa65cc9ee233b2184c9eae88f2663874af7ab1b83282f94ab4,6ffd10b28ab050230cdc1137f0bd16155c3a7c587add7fbe921d985fa92879fe,2,0,6,855aeaae434dbd5663293be3fbb4100a091e213094d0342f3c6cbe8fe4058a7d,"pcm-meta-v2:{""protocol"":""r9.2-frozen-identity-v9"",""message"":"""",""cell_wall_ms"":205.714,""answer_kind"":""csv-candidate-multiset-v1"",""answer_key_count"":2,""answer_fingerprint"":""23810c3f48832d9773a98a17314c04b2dc8de54b95256987561524b9446c0f04"",""c_parse_samples"":[0.0],""c_protocol_samples"":[],""construct_total_samples"":[],""construct_unattributed_samples"":[],""status"":""ok"",""status_evidence"":null,""construction_requested"":null,""construction_effective"":null,""commit"":""9eb59b24e2f261a4a30b99e6a5aaf35df28df707"",""batch_id"":""32a7995cfbc4dc222fa8a8149bb1feffe24bd7657e3be399956d1af79ae5f68b"",""query_sha256"":""6c8f2b502c6afedd00f5544bb49e027212b77b9a59795ef8c9b65d12c3234eb1"",""engine"":""graphdb"",""engine_version"":""GraphDB (RDF4J) [engines.json profile]"",""scale"":""100M"",""base_endpoint_sha256"":""e1e370c3c3e41897f966ee22e8c7c98840f6ecade4ccb1698265b03c62141a2f"",""reified_endpoint_sha256"":""2c97fc305990d2aa1e0f09f37216d4d5b1419027440c3151c422415f0c836db8"",""update_endpoint_sha256"":""f3c05af6c7aa3bbf0aae501a61efa32804f36e642d32f61fe21875892b248a8a"",""base_data_identity_sha256"":""8a988dc83f4082a4f27503ba2906dc6b8733b3c02be567635c726c67bbd48314"",""reified_data_identity_sha256"":""16162702ccec82b2a0e27063cd04bd756a27af1f003b4cef0da976d843ef4725"",""update_for"":""reified"",""access_mode"":""writable"",""base_data_name"":""exploratory-base"",""reified_data_name"":""exploratory-reified"",""update_canary_sha256"":""41997fb8640d9e765a0272879a63548eb9bd46bbf6e49da02b7c924e506b94f7"",""store_instance_sha256"":""e6d3d236675cf5aefb65ff5897cc6e142b08e2a2be9e4af928e482100bc8e0bd"",""store_discriminator_sha256"":""2e884d94ace185d62b1b91debf493ccd0a69b83d08e74cf5f1c2be4851b14215"",""tool_sha256"":""7b43c2342d7676aa65cc9ee233b2184c9eae88f2663874af7ab1b83282f94ab4"",""java_runtime_sha256"":""6ffd10b28ab050230cdc1137f0bd16155c3a7c587add7fbe921d985fa92879fe"",""run_identity_sha256"":""855aeaae434dbd5663293be3fbb4100a091e213094d0342f3c6cbe8fe4058a7d""}"
9eb59b24e2f261a4a30b99e6a5aaf35df28df707,graphdb,GraphDB (RDF4J) [engines.json profile],100M,S,S7,00,6c8f2b502c6afedd00f5544bb49e027212b77b9a59795ef8c9b65d12c3234eb1,R,reification-only,ok,2,6.6,6.6,6.6,6.6,0.0,0,1,3600.0,303,0.0,,,,,131.080665,[6.625],[0.0],,[],,[],,[],r9.2-frozen-identity-v9,32a7995cfbc4dc222fa8a8149bb1feffe24bd7657e3be399956d1af79ae5f68b,csv-binding-multiset-v1,2,23810c3f48832d9773a98a17314c04b2dc8de54b95256987561524b9446c0f04,,,,,,,,e1e370c3c3e41897f966ee22e8c7c98840f6ecade4ccb1698265b03c62141a2f,2c97fc305990d2aa1e0f09f37216d4d5b1419027440c3151c422415f0c836db8,f3c05af6c7aa3bbf0aae501a61efa32804f36e642d32f61fe21875892b248a8a,8a988dc83f4082a4f27503ba2906dc6b8733b3c02be567635c726c67bbd48314,16162702ccec82b2a0e27063cd04bd756a27af1f003b4cef0da976d843ef4725,reified,writable,exploratory-base,exploratory-reified,41997fb8640d9e765a0272879a63548eb9bd46bbf6e49da02b7c924e506b94f7,e6d3d236675cf5aefb65ff5897cc6e142b08e2a2be9e4af928e482100bc8e0bd,2e884d94ace185d62b1b91debf493ccd0a69b83d08e74cf5f1c2be4851b14215,7b43c2342d7676aa65cc9ee233b2184c9eae88f2663874af7ab1b83282f94ab4,6ffd10b28ab050230cdc1137f0bd16155c3a7c587add7fbe921d985fa92879fe,,,,855aeaae434dbd5663293be3fbb4100a091e213094d0342f3c6cbe8fe4058a7d,"pcm-meta-v2:{""protocol"":""r9.2-frozen-identity-v9"",""message"":"""",""cell_wall_ms"":146.202,""answer_kind"":""csv-binding-multiset-v1"",""answer_key_count"":2,""answer_fingerprint"":""23810c3f48832d9773a98a17314c04b2dc8de54b95256987561524b9446c0f04"",""c_parse_samples"":[0.0],""c_protocol_samples"":[],""construct_total_samples"":[],""construct_unattributed_samples"":[],""status"":""ok"",""status_evidence"":null,""construction_requested"":null,""construction_effective"":null,""commit"":""9eb59b24e2f261a4a30b99e6a5aaf35df28df707"",""batch_id"":""32a7995cfbc4dc222fa8a8149bb1feffe24bd7657e3be399956d1af79ae5f68b"",""query_sha256"":""6c8f2b502c6afedd00f5544bb49e027212b77b9a59795ef8c9b65d12c3234eb1"",""engine"":""graphdb"",""engine_version"":""GraphDB (RDF4J) [engines.json profile]"",""scale"":""100M"",""base_endpoint_sha256"":""e1e370c3c3e41897f966ee22e8c7c98840f6ecade4ccb1698265b03c62141a2f"",""reified_endpoint_sha256"":""2c97fc305990d2aa1e0f09f37216d4d5b1419027440c3151c422415f0c836db8"",""update_endpoint_sha256"":""f3c05af6c7aa3bbf0aae501a61efa32804f36e642d32f61fe21875892b248a8a"",""base_data_identity_sha256"":""8a988dc83f4082a4f27503ba2906dc6b8733b3c02be567635c726c67bbd48314"",""reified_data_identity_sha256"":""16162702ccec82b2a0e27063cd04bd756a27af1f003b4cef0da976d843ef4725"",""update_for"":""reified"",""access_mode"":""writable"",""base_data_name"":""exploratory-base"",""reified_data_name"":""exploratory-reified"",""update_canary_sha256"":""41997fb8640d9e765a0272879a63548eb9bd46bbf6e49da02b7c924e506b94f7"",""store_instance_sha256"":""e6d3d236675cf5aefb65ff5897cc6e142b08e2a2be9e4af928e482100bc8e0bd"",""store_discriminator_sha256"":""2e884d94ace185d62b1b91debf493ccd0a69b83d08e74cf5f1c2be4851b14215"",""tool_sha256"":""7b43c2342d7676aa65cc9ee233b2184c9eae88f2663874af7ab1b83282f94ab4"",""java_runtime_sha256"":""6ffd10b28ab050230cdc1137f0bd16155c3a7c587add7fbe921d985fa92879fe"",""run_identity_sha256"":""855aeaae434dbd5663293be3fbb4100a091e213094d0342f3c6cbe8fe4058a7d""}"
