commit,engine,engine_version,scale,class,template,instance,query_sha256,method,implementation,status,answers,median_ms,min_ms,max_ms,mean_ms,sd_ms,warmups,runs,timeout_s,response_bytes,c_parse_median_ms,gates,edges,derivations,npcs_token_occurrences,rewrite_ms,samples_json,c_parse_samples_json,c_protocol_median_ms,c_protocol_samples_json,construct_total_ms,construct_total_samples_json,construct_unattributed_median_ms,construct_unattributed_samples_json,protocol,batch_id,answer_kind,answer_key_count,answer_fingerprint,construction_requested,construction_effective,circuit_sha256,circuit_cache_path,circuit_cache_metadata_path,circuit_cache_observation_sha256,circuit_cache_sidecar_sha256,base_endpoint_sha256,reified_endpoint_sha256,update_endpoint_sha256,base_data_identity_sha256,reified_data_identity_sha256,update_for,access_mode,base_data_name,reified_data_name,update_canary_sha256,store_instance_sha256,store_discriminator_sha256,tool_sha256,java_runtime_sha256,npcs_oplus,npcs_ominus,npcs_leaves,run_identity_sha256,notes
966642a2961472c5f660f752648dc2693518e858,graphdb,GraphDB (RDF4J) [engines.json profile],100M,F,F1,00,dbdf1c8c5e356208a245642d65bdf739a745f5339663addadfdb6363c1aeab02,B,base-select,ok,11,1266.7,1266.7,1266.7,1266.7,0.0,0,1,3600.0,3318,0.0,,,,,0.00836,[1266.698],[0.0],,[],,[],,[],r9.2-frozen-identity-v9,dfac415b5a6cbd6bca05218077d4301d6a1fc0d7ceff3e33f6c2c4c2d61d0e66,csv-binding-multiset-v1,11,5ec75bba0c6279ff9e5e26e3868880defbf849430969721bcf089c6f50a62fe4,,,,,,,,e1e370c3c3e41897f966ee22e8c7c98840f6ecade4ccb1698265b03c62141a2f,2c97fc305990d2aa1e0f09f37216d4d5b1419027440c3151c422415f0c836db8,f3c05af6c7aa3bbf0aae501a61efa32804f36e642d32f61fe21875892b248a8a,8a988dc83f4082a4f27503ba2906dc6b8733b3c02be567635c726c67bbd48314,16162702ccec82b2a0e27063cd04bd756a27af1f003b4cef0da976d843ef4725,reified,writable,exploratory-base,exploratory-reified,41997fb8640d9e765a0272879a63548eb9bd46bbf6e49da02b7c924e506b94f7,e6d3d236675cf5aefb65ff5897cc6e142b08e2a2be9e4af928e482100bc8e0bd,2e884d94ace185d62b1b91debf493ccd0a69b83d08e74cf5f1c2be4851b14215,7b43c2342d7676aa65cc9ee233b2184c9eae88f2663874af7ab1b83282f94ab4,6ffd10b28ab050230cdc1137f0bd16155c3a7c587add7fbe921d985fa92879fe,,,,726f16353e9630db7e1d5cb785beb2b2cadd2a69cefbe423caeb3d92bda3ec8f,"pcm-meta-v2:{""protocol"":""r9.2-frozen-identity-v9"",""message"":"""",""cell_wall_ms"":1272.929,""answer_kind"":""csv-binding-multiset-v1"",""answer_key_count"":11,""answer_fingerprint"":""5ec75bba0c6279ff9e5e26e3868880defbf849430969721bcf089c6f50a62fe4"",""c_parse_samples"":[0.0],""c_protocol_samples"":[],""construct_total_samples"":[],""construct_unattributed_samples"":[],""status"":""ok"",""status_evidence"":null,""construction_requested"":null,""construction_effective"":null,""commit"":""966642a2961472c5f660f752648dc2693518e858"",""batch_id"":""dfac415b5a6cbd6bca05218077d4301d6a1fc0d7ceff3e33f6c2c4c2d61d0e66"",""query_sha256"":""dbdf1c8c5e356208a245642d65bdf739a745f5339663addadfdb6363c1aeab02"",""engine"":""graphdb"",""engine_version"":""GraphDB (RDF4J) [engines.json profile]"",""scale"":""100M"",""base_endpoint_sha256"":""e1e370c3c3e41897f966ee22e8c7c98840f6ecade4ccb1698265b03c62141a2f"",""reified_endpoint_sha256"":""2c97fc305990d2aa1e0f09f37216d4d5b1419027440c3151c422415f0c836db8"",""update_endpoint_sha256"":""f3c05af6c7aa3bbf0aae501a61efa32804f36e642d32f61fe21875892b248a8a"",""base_data_identity_sha256"":""8a988dc83f4082a4f27503ba2906dc6b8733b3c02be567635c726c67bbd48314"",""reified_data_identity_sha256"":""16162702ccec82b2a0e27063cd04bd756a27af1f003b4cef0da976d843ef4725"",""update_for"":""reified"",""access_mode"":""writable"",""base_data_name"":""exploratory-base"",""reified_data_name"":""exploratory-reified"",""update_canary_sha256"":""41997fb8640d9e765a0272879a63548eb9bd46bbf6e49da02b7c924e506b94f7"",""store_instance_sha256"":""e6d3d236675cf5aefb65ff5897cc6e142b08e2a2be9e4af928e482100bc8e0bd"",""store_discriminator_sha256"":""2e884d94ace185d62b1b91debf493ccd0a69b83d08e74cf5f1c2be4851b14215"",""tool_sha256"":""7b43c2342d7676aa65cc9ee233b2184c9eae88f2663874af7ab1b83282f94ab4"",""java_runtime_sha256"":""6ffd10b28ab050230cdc1137f0bd16155c3a7c587add7fbe921d985fa92879fe"",""run_identity_sha256"":""726f16353e9630db7e1d5cb785beb2b2cadd2a69cefbe423caeb3d92bda3ec8f""}"
966642a2961472c5f660f752648dc2693518e858,graphdb,GraphDB (RDF4J) [engines.json profile],100M,F,F1,00,dbdf1c8c5e356208a245642d65bdf739a745f5339663addadfdb6363c1aeab02,R,reification-only,ok,11,958.3,958.3,958.3,958.3,0.0,0,1,3600.0,3318,0.0,,,,,160.378638,[958.304],[0.0],,[],,[],,[],r9.2-frozen-identity-v9,dfac415b5a6cbd6bca05218077d4301d6a1fc0d7ceff3e33f6c2c4c2d61d0e66,csv-binding-multiset-v1,11,5ec75bba0c6279ff9e5e26e3868880defbf849430969721bcf089c6f50a62fe4,,,,,,,,e1e370c3c3e41897f966ee22e8c7c98840f6ecade4ccb1698265b03c62141a2f,2c97fc305990d2aa1e0f09f37216d4d5b1419027440c3151c422415f0c836db8,f3c05af6c7aa3bbf0aae501a61efa32804f36e642d32f61fe21875892b248a8a,8a988dc83f4082a4f27503ba2906dc6b8733b3c02be567635c726c67bbd48314,16162702ccec82b2a0e27063cd04bd756a27af1f003b4cef0da976d843ef4725,reified,writable,exploratory-base,exploratory-reified,41997fb8640d9e765a0272879a63548eb9bd46bbf6e49da02b7c924e506b94f7,e6d3d236675cf5aefb65ff5897cc6e142b08e2a2be9e4af928e482100bc8e0bd,2e884d94ace185d62b1b91debf493ccd0a69b83d08e74cf5f1c2be4851b14215,7b43c2342d7676aa65cc9ee233b2184c9eae88f2663874af7ab1b83282f94ab4,6ffd10b28ab050230cdc1137f0bd16155c3a7c587add7fbe921d985fa92879fe,,,,726f16353e9630db7e1d5cb785beb2b2cadd2a69cefbe423caeb3d92bda3ec8f,"pcm-meta-v2:{""protocol"":""r9.2-frozen-identity-v9"",""message"":"""",""cell_wall_ms"":1126.431,""answer_kind"":""csv-binding-multiset-v1"",""answer_key_count"":11,""answer_fingerprint"":""5ec75bba0c6279ff9e5e26e3868880defbf849430969721bcf089c6f50a62fe4"",""c_parse_samples"":[0.0],""c_protocol_samples"":[],""construct_total_samples"":[],""construct_unattributed_samples"":[],""status"":""ok"",""status_evidence"":null,""construction_requested"":null,""construction_effective"":null,""commit"":""966642a2961472c5f660f752648dc2693518e858"",""batch_id"":""dfac415b5a6cbd6bca05218077d4301d6a1fc0d7ceff3e33f6c2c4c2d61d0e66"",""query_sha256"":""dbdf1c8c5e356208a245642d65bdf739a745f5339663addadfdb6363c1aeab02"",""engine"":""graphdb"",""engine_version"":""GraphDB (RDF4J) [engines.json profile]"",""scale"":""100M"",""base_endpoint_sha256"":""e1e370c3c3e41897f966ee22e8c7c98840f6ecade4ccb1698265b03c62141a2f"",""reified_endpoint_sha256"":""2c97fc305990d2aa1e0f09f37216d4d5b1419027440c3151c422415f0c836db8"",""update_endpoint_sha256"":""f3c05af6c7aa3bbf0aae501a61efa32804f36e642d32f61fe21875892b248a8a"",""base_data_identity_sha256"":""8a988dc83f4082a4f27503ba2906dc6b8733b3c02be567635c726c67bbd48314"",""reified_data_identity_sha256"":""16162702ccec82b2a0e27063cd04bd756a27af1f003b4cef0da976d843ef4725"",""update_for"":""reified"",""access_mode"":""writable"",""base_data_name"":""exploratory-base"",""reified_data_name"":""exploratory-reified"",""update_canary_sha256"":""41997fb8640d9e765a0272879a63548eb9bd46bbf6e49da02b7c924e506b94f7"",""store_instance_sha256"":""e6d3d236675cf5aefb65ff5897cc6e142b08e2a2be9e4af928e482100bc8e0bd"",""store_discriminator_sha256"":""2e884d94ace185d62b1b91debf493ccd0a69b83d08e74cf5f1c2be4851b14215"",""tool_sha256"":""7b43c2342d7676aa65cc9ee233b2184c9eae88f2663874af7ab1b83282f94ab4"",""java_runtime_sha256"":""6ffd10b28ab050230cdc1137f0bd16155c3a7c587add7fbe921d985fa92879fe"",""run_identity_sha256"":""726f16353e9630db7e1d5cb785beb2b2cadd2a69cefbe423caeb3d92bda3ec8f""}"
966642a2961472c5f660f752648dc2693518e858,graphdb,GraphDB (RDF4J) [engines.json profile],100M,F,F1,00,dbdf1c8c5e356208a245642d65bdf739a745f5339663addadfdb6363c1aeab02,N,N_clean (NPCS reimplementation),ok,11,376.6,376.6,376.6,376.6,0.0,0,1,3600.0,4439,0.0,,,,11,181.483628,[376.638],[0.0],,[],,[],,[],r9.2-frozen-identity-v9,dfac415b5a6cbd6bca05218077d4301d6a1fc0d7ceff3e33f6c2c4c2d61d0e66,csv-candidate-multiset-v1,11,5ec75bba0c6279ff9e5e26e3868880defbf849430969721bcf089c6f50a62fe4,,,,,,,,e1e370c3c3e41897f966ee22e8c7c98840f6ecade4ccb1698265b03c62141a2f,2c97fc305990d2aa1e0f09f37216d4d5b1419027440c3151c422415f0c836db8,f3c05af6c7aa3bbf0aae501a61efa32804f36e642d32f61fe21875892b248a8a,8a988dc83f4082a4f27503ba2906dc6b8733b3c02be567635c726c67bbd48314,16162702ccec82b2a0e27063cd04bd756a27af1f003b4cef0da976d843ef4725,reified,writable,exploratory-base,exploratory-reified,41997fb8640d9e765a0272879a63548eb9bd46bbf6e49da02b7c924e506b94f7,e6d3d236675cf5aefb65ff5897cc6e142b08e2a2be9e4af928e482100bc8e0bd,2e884d94ace185d62b1b91debf493ccd0a69b83d08e74cf5f1c2be4851b14215,7b43c2342d7676aa65cc9ee233b2184c9eae88f2663874af7ab1b83282f94ab4,6ffd10b28ab050230cdc1137f0bd16155c3a7c587add7fbe921d985fa92879fe,11,0,66,726f16353e9630db7e1d5cb785beb2b2cadd2a69cefbe423caeb3d92bda3ec8f,"pcm-meta-v2:{""protocol"":""r9.2-frozen-identity-v9"",""message"":"""",""cell_wall_ms"":564.935,""answer_kind"":""csv-candidate-multiset-v1"",""answer_key_count"":11,""answer_fingerprint"":""5ec75bba0c6279ff9e5e26e3868880defbf849430969721bcf089c6f50a62fe4"",""c_parse_samples"":[0.0],""c_protocol_samples"":[],""construct_total_samples"":[],""construct_unattributed_samples"":[],""status"":""ok"",""status_evidence"":null,""construction_requested"":null,""construction_effective"":null,""commit"":""966642a2961472c5f660f752648dc2693518e858"",""batch_id"":""dfac415b5a6cbd6bca05218077d4301d6a1fc0d7ceff3e33f6c2c4c2d61d0e66"",""query_sha256"":""dbdf1c8c5e356208a245642d65bdf739a745f5339663addadfdb6363c1aeab02"",""engine"":""graphdb"",""engine_version"":""GraphDB (RDF4J) [engines.json profile]"",""scale"":""100M"",""base_endpoint_sha256"":""e1e370c3c3e41897f966ee22e8c7c98840f6ecade4ccb1698265b03c62141a2f"",""reified_endpoint_sha256"":""2c97fc305990d2aa1e0f09f37216d4d5b1419027440c3151c422415f0c836db8"",""update_endpoint_sha256"":""f3c05af6c7aa3bbf0aae501a61efa32804f36e642d32f61fe21875892b248a8a"",""base_data_identity_sha256"":""8a988dc83f4082a4f27503ba2906dc6b8733b3c02be567635c726c67bbd48314"",""reified_data_identity_sha256"":""16162702ccec82b2a0e27063cd04bd756a27af1f003b4cef0da976d843ef4725"",""update_for"":""reified"",""access_mode"":""writable"",""base_data_name"":""exploratory-base"",""reified_data_name"":""exploratory-reified"",""update_canary_sha256"":""41997fb8640d9e765a0272879a63548eb9bd46bbf6e49da02b7c924e506b94f7"",""store_instance_sha256"":""e6d3d236675cf5aefb65ff5897cc6e142b08e2a2be9e4af928e482100bc8e0bd"",""store_discriminator_sha256"":""2e884d94ace185d62b1b91debf493ccd0a69b83d08e74cf5f1c2be4851b14215"",""tool_sha256"":""7b43c2342d7676aa65cc9ee233b2184c9eae88f2663874af7ab1b83282f94ab4"",""java_runtime_sha256"":""6ffd10b28ab050230cdc1137f0bd16155c3a7c587add7fbe921d985fa92879fe"",""run_identity_sha256"":""726f16353e9630db7e1d5cb785beb2b2cadd2a69cefbe423caeb3d92bda3ec8f""}"
966642a2961472c5f660f752648dc2693518e858,graphdb,GraphDB (RDF4J) [engines.json profile],100M,F,F1,00,dbdf1c8c5e356208a245642d65bdf739a745f5339663addadfdb6363c1aeab02,C,SPARQLcirc CircuitRewriter,ok,11,5125.1,5125.1,5125.1,5125.1,0.0,0,1,3600.0,41174,3.7,22,77,11,,368.794306,[5125.1],[3.71],0.0,[0.0],5129.3,[5129.259],0.4,[0.449],r9.2-frozen-identity-v9,dfac415b5a6cbd6bca05218077d4301d6a1fc0d7ceff3e33f6c2c4c2d61d0e66,term-aware-candidate-set-v1,11,fad2b61b449efdd3efc1de1c7653c8155bb7ee4d1ae6e98f4ce271980b4a173a,flat,flat,57d0c632f5cd8e44e0f2a01d4a37e6cb88fe9737b31999c3d6e4a97cdd0aeab7,/mnt/nfs/home/ac145595/workspace/rq3-artifacts/circuits/graphdb-100m/dbdf1c8c5e356208a245642d65bdf739a745f5339663addadfdb6363c1aeab02-57d0c632f5cd8e44e0f2a01d4a37e6cb88fe9737b31999c3d6e4a97cdd0aeab7.nt,/mnt/nfs/home/ac145595/workspace/rq3-artifacts/circuits/graphdb-100m/dbdf1c8c5e356208a245642d65bdf739a745f5339663addadfdb6363c1aeab02-57d0c632f5cd8e44e0f2a01d4a37e6cb88fe9737b31999c3d6e4a97cdd0aeab7.json,d5ee058faf0946712866684cced73caed5108b004494c494c2351f67b2916e72,2522e0acc7ab873fc4fee06193f97bff99aa3d924de7efc35a6cfb07000e9ccf,e1e370c3c3e41897f966ee22e8c7c98840f6ecade4ccb1698265b03c62141a2f,2c97fc305990d2aa1e0f09f37216d4d5b1419027440c3151c422415f0c836db8,f3c05af6c7aa3bbf0aae501a61efa32804f36e642d32f61fe21875892b248a8a,8a988dc83f4082a4f27503ba2906dc6b8733b3c02be567635c726c67bbd48314,16162702ccec82b2a0e27063cd04bd756a27af1f003b4cef0da976d843ef4725,reified,writable,exploratory-base,exploratory-reified,41997fb8640d9e765a0272879a63548eb9bd46bbf6e49da02b7c924e506b94f7,e6d3d236675cf5aefb65ff5897cc6e142b08e2a2be9e4af928e482100bc8e0bd,2e884d94ace185d62b1b91debf493ccd0a69b83d08e74cf5f1c2be4851b14215,7b43c2342d7676aa65cc9ee233b2184c9eae88f2663874af7ab1b83282f94ab4,6ffd10b28ab050230cdc1137f0bd16155c3a7c587add7fbe921d985fa92879fe,,,,726f16353e9630db7e1d5cb785beb2b2cadd2a69cefbe423caeb3d92bda3ec8f,"pcm-meta-v2:{""protocol"":""r9.2-frozen-identity-v9"",""message"":""C requested=flat effective=flat; steps=1 feedback=0; network includes CONSTRUCT, feedback INSERT, and cleanup DELETE"",""cell_wall_ms"":5504.553,""answer_kind"":""term-aware-candidate-set-v1"",""answer_key_count"":11,""answer_fingerprint"":""fad2b61b449efdd3efc1de1c7653c8155bb7ee4d1ae6e98f4ce271980b4a173a"",""c_parse_samples"":[3.71],""c_protocol_samples"":[{""requested_mode"":""flat"",""effective_mode"":""flat"",""fallback_reason"":null,""plan_steps"":1,""feedback_steps"":0,""feedback_triples"":0,""construct_query_ms"":5125.1,""feedback_update_ms"":0.0,""cleanup_ms"":0.0,""client_protocol_ms"":0.0,""network_scope"":""construct+feedback+cleanup"",""circuit_sha256"":""57d0c632f5cd8e44e0f2a01d4a37e6cb88fe9737b31999c3d6e4a97cdd0aeab7"",""answer_fingerprint"":""fad2b61b449efdd3efc1de1c7653c8155bb7ee4d1ae6e98f4ce271980b4a173a"",""semantic_signature_sha256"":""33f0bab28613727d7e95542b1178a10e526424af6c0d32934df3ed8088e859e1"",""structure_signature"":{""gates"":22,""edges"":77,""answers"":11,""derivations"":11,""leaves"":28,""plus"":11,""minus"":0,""nodes"":50,""canonical_bytes"":41174},""construct_total_ms"":5129.259,""client_unattributed_ms"":0.449}],""construct_total_samples"":[5129.259],""construct_unattributed_samples"":[0.449],""status"":""ok"",""status_evidence"":null,""c_warmup_signatures"":[],""measured_semantic_signature_sha256"":""33f0bab28613727d7e95542b1178a10e526424af6c0d32934df3ed8088e859e1"",""measured_repetitions_consistent"":true,""cache_snapshot_ms"":1.648,""cache_snapshot_scope"":""first-measured-response; deferred until all runs succeeded"",""outside_cell_cache_write_ms"":5.691,""endpoint_lock"":{""wait_ms"":0.006,""lock_path"":""/tmp/sparqlcirc-r9-endpoint-locks-v7/e6d3d236675cf5aefb65ff5897cc6e142b08e2a2be9e4af928e482100bc8e0bd.lock""},""construction_requested"":""flat"",""construction_effective"":""flat"",""circuit_sha256"":""57d0c632f5cd8e44e0f2a01d4a37e6cb88fe9737b31999c3d6e4a97cdd0aeab7"",""circuit_triples"":275,""circuit_bytes"":41174,""circuit_path"":""/mnt/nfs/home/ac145595/workspace/rq3-artifacts/circuits/graphdb-100m/dbdf1c8c5e356208a245642d65bdf739a745f5339663addadfdb6363c1aeab02-57d0c632f5cd8e44e0f2a01d4a37e6cb88fe9737b31999c3d6e4a97cdd0aeab7.nt"",""metadata_path"":""/mnt/nfs/home/ac145595/workspace/rq3-artifacts/circuits/graphdb-100m/dbdf1c8c5e356208a245642d65bdf739a745f5339663addadfdb6363c1aeab02-57d0c632f5cd8e44e0f2a01d4a37e6cb88fe9737b31999c3d6e4a97cdd0aeab7.json"",""producer_observation_sha256"":""d5ee058faf0946712866684cced73caed5108b004494c494c2351f67b2916e72"",""sidecar_sha256"":""2522e0acc7ab873fc4fee06193f97bff99aa3d924de7efc35a6cfb07000e9ccf"",""commit"":""966642a2961472c5f660f752648dc2693518e858"",""batch_id"":""dfac415b5a6cbd6bca05218077d4301d6a1fc0d7ceff3e33f6c2c4c2d61d0e66"",""query_sha256"":""dbdf1c8c5e356208a245642d65bdf739a745f5339663addadfdb6363c1aeab02"",""engine"":""graphdb"",""engine_version"":""GraphDB (RDF4J) [engines.json profile]"",""scale"":""100M"",""base_endpoint_sha256"":""e1e370c3c3e41897f966ee22e8c7c98840f6ecade4ccb1698265b03c62141a2f"",""reified_endpoint_sha256"":""2c97fc305990d2aa1e0f09f37216d4d5b1419027440c3151c422415f0c836db8"",""update_endpoint_sha256"":""f3c05af6c7aa3bbf0aae501a61efa32804f36e642d32f61fe21875892b248a8a"",""base_data_identity_sha256"":""8a988dc83f4082a4f27503ba2906dc6b8733b3c02be567635c726c67bbd48314"",""reified_data_identity_sha256"":""16162702ccec82b2a0e27063cd04bd756a27af1f003b4cef0da976d843ef4725"",""update_for"":""reified"",""access_mode"":""writable"",""base_data_name"":""exploratory-base"",""reified_data_name"":""exploratory-reified"",""update_canary_sha256"":""41997fb8640d9e765a0272879a63548eb9bd46bbf6e49da02b7c924e506b94f7"",""store_instance_sha256"":""e6d3d236675cf5aefb65ff5897cc6e142b08e2a2be9e4af928e482100bc8e0bd"",""store_discriminator_sha256"":""2e884d94ace185d62b1b91debf493ccd0a69b83d08e74cf5f1c2be4851b14215"",""tool_sha256"":""7b43c2342d7676aa65cc9ee233b2184c9eae88f2663874af7ab1b83282f94ab4"",""java_runtime_sha256"":""6ffd10b28ab050230cdc1137f0bd16155c3a7c587add7fbe921d985fa92879fe"",""run_identity_sha256"":""726f16353e9630db7e1d5cb785beb2b2cadd2a69cefbe423caeb3d92bda3ec8f""}"
966642a2961472c5f660f752648dc2693518e858,graphdb,GraphDB (RDF4J) [engines.json profile],100M,F,F2,00,a2d067af87788371d0895c53af5536df3cc59090adda8fe35f6c9b1491962642,B,base-select,ok,13,46.5,46.5,46.5,46.5,0.0,0,1,3600.0,7366,0.0,,,,,0.00648,[46.474],[0.0],,[],,[],,[],r9.2-frozen-identity-v9,dfac415b5a6cbd6bca05218077d4301d6a1fc0d7ceff3e33f6c2c4c2d61d0e66,csv-binding-multiset-v1,13,3eb9b704133c2133f9251cb9f3cedc8f0da112569b5318be2942be1b0972c0a6,,,,,,,,e1e370c3c3e41897f966ee22e8c7c98840f6ecade4ccb1698265b03c62141a2f,2c97fc305990d2aa1e0f09f37216d4d5b1419027440c3151c422415f0c836db8,f3c05af6c7aa3bbf0aae501a61efa32804f36e642d32f61fe21875892b248a8a,8a988dc83f4082a4f27503ba2906dc6b8733b3c02be567635c726c67bbd48314,16162702ccec82b2a0e27063cd04bd756a27af1f003b4cef0da976d843ef4725,reified,writable,exploratory-base,exploratory-reified,41997fb8640d9e765a0272879a63548eb9bd46bbf6e49da02b7c924e506b94f7,e6d3d236675cf5aefb65ff5897cc6e142b08e2a2be9e4af928e482100bc8e0bd,2e884d94ace185d62b1b91debf493ccd0a69b83d08e74cf5f1c2be4851b14215,7b43c2342d7676aa65cc9ee233b2184c9eae88f2663874af7ab1b83282f94ab4,6ffd10b28ab050230cdc1137f0bd16155c3a7c587add7fbe921d985fa92879fe,,,,418c192e67b8c0319ab406fb606659f994581dbe107e101c1a50d6bf1a2f1bdb,"pcm-meta-v2:{""protocol"":""r9.2-frozen-identity-v9"",""message"":"""",""cell_wall_ms"":52.464,""answer_kind"":""csv-binding-multiset-v1"",""answer_key_count"":13,""answer_fingerprint"":""3eb9b704133c2133f9251cb9f3cedc8f0da112569b5318be2942be1b0972c0a6"",""c_parse_samples"":[0.0],""c_protocol_samples"":[],""construct_total_samples"":[],""construct_unattributed_samples"":[],""status"":""ok"",""status_evidence"":null,""construction_requested"":null,""construction_effective"":null,""commit"":""966642a2961472c5f660f752648dc2693518e858"",""batch_id"":""dfac415b5a6cbd6bca05218077d4301d6a1fc0d7ceff3e33f6c2c4c2d61d0e66"",""query_sha256"":""a2d067af87788371d0895c53af5536df3cc59090adda8fe35f6c9b1491962642"",""engine"":""graphdb"",""engine_version"":""GraphDB (RDF4J) [engines.json profile]"",""scale"":""100M"",""base_endpoint_sha256"":""e1e370c3c3e41897f966ee22e8c7c98840f6ecade4ccb1698265b03c62141a2f"",""reified_endpoint_sha256"":""2c97fc305990d2aa1e0f09f37216d4d5b1419027440c3151c422415f0c836db8"",""update_endpoint_sha256"":""f3c05af6c7aa3bbf0aae501a61efa32804f36e642d32f61fe21875892b248a8a"",""base_data_identity_sha256"":""8a988dc83f4082a4f27503ba2906dc6b8733b3c02be567635c726c67bbd48314"",""reified_data_identity_sha256"":""16162702ccec82b2a0e27063cd04bd756a27af1f003b4cef0da976d843ef4725"",""update_for"":""reified"",""access_mode"":""writable"",""base_data_name"":""exploratory-base"",""reified_data_name"":""exploratory-reified"",""update_canary_sha256"":""41997fb8640d9e765a0272879a63548eb9bd46bbf6e49da02b7c924e506b94f7"",""store_instance_sha256"":""e6d3d236675cf5aefb65ff5897cc6e142b08e2a2be9e4af928e482100bc8e0bd"",""store_discriminator_sha256"":""2e884d94ace185d62b1b91debf493ccd0a69b83d08e74cf5f1c2be4851b14215"",""tool_sha256"":""7b43c2342d7676aa65cc9ee233b2184c9eae88f2663874af7ab1b83282f94ab4"",""java_runtime_sha256"":""6ffd10b28ab050230cdc1137f0bd16155c3a7c587add7fbe921d985fa92879fe"",""run_identity_sha256"":""418c192e67b8c0319ab406fb606659f994581dbe107e101c1a50d6bf1a2f1bdb""}"
966642a2961472c5f660f752648dc2693518e858,graphdb,GraphDB (RDF4J) [engines.json profile],100M,F,F2,00,a2d067af87788371d0895c53af5536df3cc59090adda8fe35f6c9b1491962642,R,reification-only,ok,13,173.2,173.2,173.2,173.2,0.0,0,1,3600.0,7366,0.0,,,,,132.049849,[173.207],[0.0],,[],,[],,[],r9.2-frozen-identity-v9,dfac415b5a6cbd6bca05218077d4301d6a1fc0d7ceff3e33f6c2c4c2d61d0e66,csv-binding-multiset-v1,13,3eb9b704133c2133f9251cb9f3cedc8f0da112569b5318be2942be1b0972c0a6,,,,,,,,e1e370c3c3e41897f966ee22e8c7c98840f6ecade4ccb1698265b03c62141a2f,2c97fc305990d2aa1e0f09f37216d4d5b1419027440c3151c422415f0c836db8,f3c05af6c7aa3bbf0aae501a61efa32804f36e642d32f61fe21875892b248a8a,8a988dc83f4082a4f27503ba2906dc6b8733b3c02be567635c726c67bbd48314,16162702ccec82b2a0e27063cd04bd756a27af1f003b4cef0da976d843ef4725,reified,writable,exploratory-base,exploratory-reified,41997fb8640d9e765a0272879a63548eb9bd46bbf6e49da02b7c924e506b94f7,e6d3d236675cf5aefb65ff5897cc6e142b08e2a2be9e4af928e482100bc8e0bd,2e884d94ace185d62b1b91debf493ccd0a69b83d08e74cf5f1c2be4851b14215,7b43c2342d7676aa65cc9ee233b2184c9eae88f2663874af7ab1b83282f94ab4,6ffd10b28ab050230cdc1137f0bd16155c3a7c587add7fbe921d985fa92879fe,,,,418c192e67b8c0319ab406fb606659f994581dbe107e101c1a50d6bf1a2f1bdb,"pcm-meta-v2:{""protocol"":""r9.2-frozen-identity-v9"",""message"":"""",""cell_wall_ms"":312.634,""answer_kind"":""csv-binding-multiset-v1"",""answer_key_count"":13,""answer_fingerprint"":""3eb9b704133c2133f9251cb9f3cedc8f0da112569b5318be2942be1b0972c0a6"",""c_parse_samples"":[0.0],""c_protocol_samples"":[],""construct_total_samples"":[],""construct_unattributed_samples"":[],""status"":""ok"",""status_evidence"":null,""construction_requested"":null,""construction_effective"":null,""commit"":""966642a2961472c5f660f752648dc2693518e858"",""batch_id"":""dfac415b5a6cbd6bca05218077d4301d6a1fc0d7ceff3e33f6c2c4c2d61d0e66"",""query_sha256"":""a2d067af87788371d0895c53af5536df3cc59090adda8fe35f6c9b1491962642"",""engine"":""graphdb"",""engine_version"":""GraphDB (RDF4J) [engines.json profile]"",""scale"":""100M"",""base_endpoint_sha256"":""e1e370c3c3e41897f966ee22e8c7c98840f6ecade4ccb1698265b03c62141a2f"",""reified_endpoint_sha256"":""2c97fc305990d2aa1e0f09f37216d4d5b1419027440c3151c422415f0c836db8"",""update_endpoint_sha256"":""f3c05af6c7aa3bbf0aae501a61efa32804f36e642d32f61fe21875892b248a8a"",""base_data_identity_sha256"":""8a988dc83f4082a4f27503ba2906dc6b8733b3c02be567635c726c67bbd48314"",""reified_data_identity_sha256"":""16162702ccec82b2a0e27063cd04bd756a27af1f003b4cef0da976d843ef4725"",""update_for"":""reified"",""access_mode"":""writable"",""base_data_name"":""exploratory-base"",""reified_data_name"":""exploratory-reified"",""update_canary_sha256"":""41997fb8640d9e765a0272879a63548eb9bd46bbf6e49da02b7c924e506b94f7"",""store_instance_sha256"":""e6d3d236675cf5aefb65ff5897cc6e142b08e2a2be9e4af928e482100bc8e0bd"",""store_discriminator_sha256"":""2e884d94ace185d62b1b91debf493ccd0a69b83d08e74cf5f1c2be4851b14215"",""tool_sha256"":""7b43c2342d7676aa65cc9ee233b2184c9eae88f2663874af7ab1b83282f94ab4"",""java_runtime_sha256"":""6ffd10b28ab050230cdc1137f0bd16155c3a7c587add7fbe921d985fa92879fe"",""run_identity_sha256"":""418c192e67b8c0319ab406fb606659f994581dbe107e101c1a50d6bf1a2f1bdb""}"
966642a2961472c5f660f752648dc2693518e858,graphdb,GraphDB (RDF4J) [engines.json profile],100M,F,F2,00,a2d067af87788371d0895c53af5536df3cc59090adda8fe35f6c9b1491962642,N,N_clean (NPCS reimplementation),ok,13,52.7,52.7,52.7,52.7,0.0,0,1,3600.0,9091,0.0,,,,13,177.438728,[52.664],[0.0],,[],,[],,[],r9.2-frozen-identity-v9,dfac415b5a6cbd6bca05218077d4301d6a1fc0d7ceff3e33f6c2c4c2d61d0e66,csv-candidate-multiset-v1,13,3eb9b704133c2133f9251cb9f3cedc8f0da112569b5318be2942be1b0972c0a6,,,,,,,,e1e370c3c3e41897f966ee22e8c7c98840f6ecade4ccb1698265b03c62141a2f,2c97fc305990d2aa1e0f09f37216d4d5b1419027440c3151c422415f0c836db8,f3c05af6c7aa3bbf0aae501a61efa32804f36e642d32f61fe21875892b248a8a,8a988dc83f4082a4f27503ba2906dc6b8733b3c02be567635c726c67bbd48314,16162702ccec82b2a0e27063cd04bd756a27af1f003b4cef0da976d843ef4725,reified,writable,exploratory-base,exploratory-reified,41997fb8640d9e765a0272879a63548eb9bd46bbf6e49da02b7c924e506b94f7,e6d3d236675cf5aefb65ff5897cc6e142b08e2a2be9e4af928e482100bc8e0bd,2e884d94ace185d62b1b91debf493ccd0a69b83d08e74cf5f1c2be4851b14215,7b43c2342d7676aa65cc9ee233b2184c9eae88f2663874af7ab1b83282f94ab4,6ffd10b28ab050230cdc1137f0bd16155c3a7c587add7fbe921d985fa92879fe,13,0,104,418c192e67b8c0319ab406fb606659f994581dbe107e101c1a50d6bf1a2f1bdb,"pcm-meta-v2:{""protocol"":""r9.2-frozen-identity-v9"",""message"":"""",""cell_wall_ms"":237.023,""answer_kind"":""csv-candidate-multiset-v1"",""answer_key_count"":13,""answer_fingerprint"":""3eb9b704133c2133f9251cb9f3cedc8f0da112569b5318be2942be1b0972c0a6"",""c_parse_samples"":[0.0],""c_protocol_samples"":[],""construct_total_samples"":[],""construct_unattributed_samples"":[],""status"":""ok"",""status_evidence"":null,""construction_requested"":null,""construction_effective"":null,""commit"":""966642a2961472c5f660f752648dc2693518e858"",""batch_id"":""dfac415b5a6cbd6bca05218077d4301d6a1fc0d7ceff3e33f6c2c4c2d61d0e66"",""query_sha256"":""a2d067af87788371d0895c53af5536df3cc59090adda8fe35f6c9b1491962642"",""engine"":""graphdb"",""engine_version"":""GraphDB (RDF4J) [engines.json profile]"",""scale"":""100M"",""base_endpoint_sha256"":""e1e370c3c3e41897f966ee22e8c7c98840f6ecade4ccb1698265b03c62141a2f"",""reified_endpoint_sha256"":""2c97fc305990d2aa1e0f09f37216d4d5b1419027440c3151c422415f0c836db8"",""update_endpoint_sha256"":""f3c05af6c7aa3bbf0aae501a61efa32804f36e642d32f61fe21875892b248a8a"",""base_data_identity_sha256"":""8a988dc83f4082a4f27503ba2906dc6b8733b3c02be567635c726c67bbd48314"",""reified_data_identity_sha256"":""16162702ccec82b2a0e27063cd04bd756a27af1f003b4cef0da976d843ef4725"",""update_for"":""reified"",""access_mode"":""writable"",""base_data_name"":""exploratory-base"",""reified_data_name"":""exploratory-reified"",""update_canary_sha256"":""41997fb8640d9e765a0272879a63548eb9bd46bbf6e49da02b7c924e506b94f7"",""store_instance_sha256"":""e6d3d236675cf5aefb65ff5897cc6e142b08e2a2be9e4af928e482100bc8e0bd"",""store_discriminator_sha256"":""2e884d94ace185d62b1b91debf493ccd0a69b83d08e74cf5f1c2be4851b14215"",""tool_sha256"":""7b43c2342d7676aa65cc9ee233b2184c9eae88f2663874af7ab1b83282f94ab4"",""java_runtime_sha256"":""6ffd10b28ab050230cdc1137f0bd16155c3a7c587add7fbe921d985fa92879fe"",""run_identity_sha256"":""418c192e67b8c0319ab406fb606659f994581dbe107e101c1a50d6bf1a2f1bdb""}"
966642a2961472c5f660f752648dc2693518e858,graphdb,GraphDB (RDF4J) [engines.json profile],100M,F,F2,00,a2d067af87788371d0895c53af5536df3cc59090adda8fe35f6c9b1491962642,C,SPARQLcirc CircuitRewriter,ok,13,464.9,464.9,464.9,464.9,0.0,0,1,3600.0,68402,6.0,26,117,13,,386.755297,[464.934],[6.021],0.0,[0.0],471.5,[471.484],0.5,[0.529],r9.2-frozen-identity-v9,dfac415b5a6cbd6bca05218077d4301d6a1fc0d7ceff3e33f6c2c4c2d61d0e66,term-aware-candidate-set-v1,13,3c7f145fc6e01ba0de60e5752b5cdd2e01864b94b81ca59b2f2a856ed9928e4e,flat,flat,f26139cae7a9692a2838a20fd01905e3d0002d93269ae431521c1656fb25eb1c,/mnt/nfs/home/ac145595/workspace/rq3-artifacts/circuits/graphdb-100m/a2d067af87788371d0895c53af5536df3cc59090adda8fe35f6c9b1491962642-f26139cae7a9692a2838a20fd01905e3d0002d93269ae431521c1656fb25eb1c.nt,/mnt/nfs/home/ac145595/workspace/rq3-artifacts/circuits/graphdb-100m/a2d067af87788371d0895c53af5536df3cc59090adda8fe35f6c9b1491962642-f26139cae7a9692a2838a20fd01905e3d0002d93269ae431521c1656fb25eb1c.json,116d013fee0f38f143772858ccb47db6745bc00d3e58559e004faf5ff9b1e55b,c8a46e8468f8b13aaf743302036c3b1abd22fa34b143517c0d2e3b7d86439315,e1e370c3c3e41897f966ee22e8c7c98840f6ecade4ccb1698265b03c62141a2f,2c97fc305990d2aa1e0f09f37216d4d5b1419027440c3151c422415f0c836db8,f3c05af6c7aa3bbf0aae501a61efa32804f36e642d32f61fe21875892b248a8a,8a988dc83f4082a4f27503ba2906dc6b8733b3c02be567635c726c67bbd48314,16162702ccec82b2a0e27063cd04bd756a27af1f003b4cef0da976d843ef4725,reified,writable,exploratory-base,exploratory-reified,41997fb8640d9e765a0272879a63548eb9bd46bbf6e49da02b7c924e506b94f7,e6d3d236675cf5aefb65ff5897cc6e142b08e2a2be9e4af928e482100bc8e0bd,2e884d94ace185d62b1b91debf493ccd0a69b83d08e74cf5f1c2be4851b14215,7b43c2342d7676aa65cc9ee233b2184c9eae88f2663874af7ab1b83282f94ab4,6ffd10b28ab050230cdc1137f0bd16155c3a7c587add7fbe921d985fa92879fe,,,,418c192e67b8c0319ab406fb606659f994581dbe107e101c1a50d6bf1a2f1bdb,"pcm-meta-v2:{""protocol"":""r9.2-frozen-identity-v9"",""message"":""C requested=flat effective=flat; steps=1 feedback=0; network includes CONSTRUCT, feedback INSERT, and cleanup DELETE"",""cell_wall_ms"":864.491,""answer_kind"":""term-aware-candidate-set-v1"",""answer_key_count"":13,""answer_fingerprint"":""3c7f145fc6e01ba0de60e5752b5cdd2e01864b94b81ca59b2f2a856ed9928e4e"",""c_parse_samples"":[6.021],""c_protocol_samples"":[{""requested_mode"":""flat"",""effective_mode"":""flat"",""fallback_reason"":null,""plan_steps"":1,""feedback_steps"":0,""feedback_triples"":0,""construct_query_ms"":464.934,""feedback_update_ms"":0.0,""cleanup_ms"":0.0,""client_protocol_ms"":0.0,""network_scope"":""construct+feedback+cleanup"",""circuit_sha256"":""f26139cae7a9692a2838a20fd01905e3d0002d93269ae431521c1656fb25eb1c"",""answer_fingerprint"":""3c7f145fc6e01ba0de60e5752b5cdd2e01864b94b81ca59b2f2a856ed9928e4e"",""semantic_signature_sha256"":""a82ea35ee1b1ff54fbd71643643f91037900d62a4cb087fd55f70e0ffbfa757d"",""structure_signature"":{""gates"":26,""edges"":117,""answers"":13,""derivations"":13,""leaves"":104,""plus"":13,""minus"":0,""nodes"":130,""canonical_bytes"":68402},""construct_total_ms"":471.484,""client_unattributed_ms"":0.529}],""construct_total_samples"":[471.484],""construct_unattributed_samples"":[0.529],""status"":""ok"",""status_evidence"":null,""c_warmup_signatures"":[],""measured_semantic_signature_sha256"":""a82ea35ee1b1ff54fbd71643643f91037900d62a4cb087fd55f70e0ffbfa757d"",""measured_repetitions_consistent"":true,""cache_snapshot_ms"":1.619,""cache_snapshot_scope"":""first-measured-response; deferred until all runs succeeded"",""outside_cell_cache_write_ms"":7.301,""endpoint_lock"":{""wait_ms"":0.007,""lock_path"":""/tmp/sparqlcirc-r9-endpoint-locks-v7/e6d3d236675cf5aefb65ff5897cc6e142b08e2a2be9e4af928e482100bc8e0bd.lock""},""construction_requested"":""flat"",""construction_effective"":""flat"",""circuit_sha256"":""f26139cae7a9692a2838a20fd01905e3d0002d93269ae431521c1656fb25eb1c"",""circuit_triples"":429,""circuit_bytes"":68402,""circuit_path"":""/mnt/nfs/home/ac145595/workspace/rq3-artifacts/circuits/graphdb-100m/a2d067af87788371d0895c53af5536df3cc59090adda8fe35f6c9b1491962642-f26139cae7a9692a2838a20fd01905e3d0002d93269ae431521c1656fb25eb1c.nt"",""metadata_path"":""/mnt/nfs/home/ac145595/workspace/rq3-artifacts/circuits/graphdb-100m/a2d067af87788371d0895c53af5536df3cc59090adda8fe35f6c9b1491962642-f26139cae7a9692a2838a20fd01905e3d0002d93269ae431521c1656fb25eb1c.json"",""producer_observation_sha256"":""116d013fee0f38f143772858ccb47db6745bc00d3e58559e004faf5ff9b1e55b"",""sidecar_sha256"":""c8a46e8468f8b13aaf743302036c3b1abd22fa34b143517c0d2e3b7d86439315"",""commit"":""966642a2961472c5f660f752648dc2693518e858"",""batch_id"":""dfac415b5a6cbd6bca05218077d4301d6a1fc0d7ceff3e33f6c2c4c2d61d0e66"",""query_sha256"":""a2d067af87788371d0895c53af5536df3cc59090adda8fe35f6c9b1491962642"",""engine"":""graphdb"",""engine_version"":""GraphDB (RDF4J) [engines.json profile]"",""scale"":""100M"",""base_endpoint_sha256"":""e1e370c3c3e41897f966ee22e8c7c98840f6ecade4ccb1698265b03c62141a2f"",""reified_endpoint_sha256"":""2c97fc305990d2aa1e0f09f37216d4d5b1419027440c3151c422415f0c836db8"",""update_endpoint_sha256"":""f3c05af6c7aa3bbf0aae501a61efa32804f36e642d32f61fe21875892b248a8a"",""base_data_identity_sha256"":""8a988dc83f4082a4f27503ba2906dc6b8733b3c02be567635c726c67bbd48314"",""reified_data_identity_sha256"":""16162702ccec82b2a0e27063cd04bd756a27af1f003b4cef0da976d843ef4725"",""update_for"":""reified"",""access_mode"":""writable"",""base_data_name"":""exploratory-base"",""reified_data_name"":""exploratory-reified"",""update_canary_sha256"":""41997fb8640d9e765a0272879a63548eb9bd46bbf6e49da02b7c924e506b94f7"",""store_instance_sha256"":""e6d3d236675cf5aefb65ff5897cc6e142b08e2a2be9e4af928e482100bc8e0bd"",""store_discriminator_sha256"":""2e884d94ace185d62b1b91debf493ccd0a69b83d08e74cf5f1c2be4851b14215"",""tool_sha256"":""7b43c2342d7676aa65cc9ee233b2184c9eae88f2663874af7ab1b83282f94ab4"",""java_runtime_sha256"":""6ffd10b28ab050230cdc1137f0bd16155c3a7c587add7fbe921d985fa92879fe"",""run_identity_sha256"":""418c192e67b8c0319ab406fb606659f994581dbe107e101c1a50d6bf1a2f1bdb""}"
966642a2961472c5f660f752648dc2693518e858,graphdb,GraphDB (RDF4J) [engines.json profile],100M,F,F3,00,ab4a33937e9d2bc9b501268b85f184fcbc070f1c35d8b6f2a148df9d906de693,B,base-select,ok,19,67.9,67.9,67.9,67.9,0.0,0,1,3600.0,3180,0.0,,,,,0.00742,[67.865],[0.0],,[],,[],,[],r9.2-frozen-identity-v9,dfac415b5a6cbd6bca05218077d4301d6a1fc0d7ceff3e33f6c2c4c2d61d0e66,csv-binding-multiset-v1,19,eedc041263068708b3db8b909d5a7316390f1077617fa3a21e6aa69d4344096b,,,,,,,,e1e370c3c3e41897f966ee22e8c7c98840f6ecade4ccb1698265b03c62141a2f,2c97fc305990d2aa1e0f09f37216d4d5b1419027440c3151c422415f0c836db8,f3c05af6c7aa3bbf0aae501a61efa32804f36e642d32f61fe21875892b248a8a,8a988dc83f4082a4f27503ba2906dc6b8733b3c02be567635c726c67bbd48314,16162702ccec82b2a0e27063cd04bd756a27af1f003b4cef0da976d843ef4725,reified,writable,exploratory-base,exploratory-reified,41997fb8640d9e765a0272879a63548eb9bd46bbf6e49da02b7c924e506b94f7,e6d3d236675cf5aefb65ff5897cc6e142b08e2a2be9e4af928e482100bc8e0bd,2e884d94ace185d62b1b91debf493ccd0a69b83d08e74cf5f1c2be4851b14215,7b43c2342d7676aa65cc9ee233b2184c9eae88f2663874af7ab1b83282f94ab4,6ffd10b28ab050230cdc1137f0bd16155c3a7c587add7fbe921d985fa92879fe,,,,1e8362ee994f0480524b8a5593dc1fd0e0a9960e1a0672f52da76b3bcd501e95,"pcm-meta-v2:{""protocol"":""r9.2-frozen-identity-v9"",""message"":"""",""cell_wall_ms"":74.374,""answer_kind"":""csv-binding-multiset-v1"",""answer_key_count"":19,""answer_fingerprint"":""eedc041263068708b3db8b909d5a7316390f1077617fa3a21e6aa69d4344096b"",""c_parse_samples"":[0.0],""c_protocol_samples"":[],""construct_total_samples"":[],""construct_unattributed_samples"":[],""status"":""ok"",""status_evidence"":null,""construction_requested"":null,""construction_effective"":null,""commit"":""966642a2961472c5f660f752648dc2693518e858"",""batch_id"":""dfac415b5a6cbd6bca05218077d4301d6a1fc0d7ceff3e33f6c2c4c2d61d0e66"",""query_sha256"":""ab4a33937e9d2bc9b501268b85f184fcbc070f1c35d8b6f2a148df9d906de693"",""engine"":""graphdb"",""engine_version"":""GraphDB (RDF4J) [engines.json profile]"",""scale"":""100M"",""base_endpoint_sha256"":""e1e370c3c3e41897f966ee22e8c7c98840f6ecade4ccb1698265b03c62141a2f"",""reified_endpoint_sha256"":""2c97fc305990d2aa1e0f09f37216d4d5b1419027440c3151c422415f0c836db8"",""update_endpoint_sha256"":""f3c05af6c7aa3bbf0aae501a61efa32804f36e642d32f61fe21875892b248a8a"",""base_data_identity_sha256"":""8a988dc83f4082a4f27503ba2906dc6b8733b3c02be567635c726c67bbd48314"",""reified_data_identity_sha256"":""16162702ccec82b2a0e27063cd04bd756a27af1f003b4cef0da976d843ef4725"",""update_for"":""reified"",""access_mode"":""writable"",""base_data_name"":""exploratory-base"",""reified_data_name"":""exploratory-reified"",""update_canary_sha256"":""41997fb8640d9e765a0272879a63548eb9bd46bbf6e49da02b7c924e506b94f7"",""store_instance_sha256"":""e6d3d236675cf5aefb65ff5897cc6e142b08e2a2be9e4af928e482100bc8e0bd"",""store_discriminator_sha256"":""2e884d94ace185d62b1b91debf493ccd0a69b83d08e74cf5f1c2be4851b14215"",""tool_sha256"":""7b43c2342d7676aa65cc9ee233b2184c9eae88f2663874af7ab1b83282f94ab4"",""java_runtime_sha256"":""6ffd10b28ab050230cdc1137f0bd16155c3a7c587add7fbe921d985fa92879fe"",""run_identity_sha256"":""1e8362ee994f0480524b8a5593dc1fd0e0a9960e1a0672f52da76b3bcd501e95""}"
966642a2961472c5f660f752648dc2693518e858,graphdb,GraphDB (RDF4J) [engines.json profile],100M,F,F3,00,ab4a33937e9d2bc9b501268b85f184fcbc070f1c35d8b6f2a148df9d906de693,R,reification-only,ok,19,409.3,409.3,409.3,409.3,0.0,0,1,3600.0,3180,0.0,,,,,131.530102,[409.349],[0.0],,[],,[],,[],r9.2-frozen-identity-v9,dfac415b5a6cbd6bca05218077d4301d6a1fc0d7ceff3e33f6c2c4c2d61d0e66,csv-binding-multiset-v1,19,eedc041263068708b3db8b909d5a7316390f1077617fa3a21e6aa69d4344096b,,,,,,,,e1e370c3c3e41897f966ee22e8c7c98840f6ecade4ccb1698265b03c62141a2f,2c97fc305990d2aa1e0f09f37216d4d5b1419027440c3151c422415f0c836db8,f3c05af6c7aa3bbf0aae501a61efa32804f36e642d32f61fe21875892b248a8a,8a988dc83f4082a4f27503ba2906dc6b8733b3c02be567635c726c67bbd48314,16162702ccec82b2a0e27063cd04bd756a27af1f003b4cef0da976d843ef4725,reified,writable,exploratory-base,exploratory-reified,41997fb8640d9e765a0272879a63548eb9bd46bbf6e49da02b7c924e506b94f7,e6d3d236675cf5aefb65ff5897cc6e142b08e2a2be9e4af928e482100bc8e0bd,2e884d94ace185d62b1b91debf493ccd0a69b83d08e74cf5f1c2be4851b14215,7b43c2342d7676aa65cc9ee233b2184c9eae88f2663874af7ab1b83282f94ab4,6ffd10b28ab050230cdc1137f0bd16155c3a7c587add7fbe921d985fa92879fe,,,,1e8362ee994f0480524b8a5593dc1fd0e0a9960e1a0672f52da76b3bcd501e95,"pcm-meta-v2:{""protocol"":""r9.2-frozen-identity-v9"",""message"":"""",""cell_wall_ms"":548.413,""answer_kind"":""csv-binding-multiset-v1"",""answer_key_count"":19,""answer_fingerprint"":""eedc041263068708b3db8b909d5a7316390f1077617fa3a21e6aa69d4344096b"",""c_parse_samples"":[0.0],""c_protocol_samples"":[],""construct_total_samples"":[],""construct_unattributed_samples"":[],""status"":""ok"",""status_evidence"":null,""construction_requested"":null,""construction_effective"":null,""commit"":""966642a2961472c5f660f752648dc2693518e858"",""batch_id"":""dfac415b5a6cbd6bca05218077d4301d6a1fc0d7ceff3e33f6c2c4c2d61d0e66"",""query_sha256"":""ab4a33937e9d2bc9b501268b85f184fcbc070f1c35d8b6f2a148df9d906de693"",""engine"":""graphdb"",""engine_version"":""GraphDB (RDF4J) [engines.json profile]"",""scale"":""100M"",""base_endpoint_sha256"":""e1e370c3c3e41897f966ee22e8c7c98840f6ecade4ccb1698265b03c62141a2f"",""reified_endpoint_sha256"":""2c97fc305990d2aa1e0f09f37216d4d5b1419027440c3151c422415f0c836db8"",""update_endpoint_sha256"":""f3c05af6c7aa3bbf0aae501a61efa32804f36e642d32f61fe21875892b248a8a"",""base_data_identity_sha256"":""8a988dc83f4082a4f27503ba2906dc6b8733b3c02be567635c726c67bbd48314"",""reified_data_identity_sha256"":""16162702ccec82b2a0e27063cd04bd756a27af1f003b4cef0da976d843ef4725"",""update_for"":""reified"",""access_mode"":""writable"",""base_data_name"":""exploratory-base"",""reified_data_name"":""exploratory-reified"",""update_canary_sha256"":""41997fb8640d9e765a0272879a63548eb9bd46bbf6e49da02b7c924e506b94f7"",""store_instance_sha256"":""e6d3d236675cf5aefb65ff5897cc6e142b08e2a2be9e4af928e482100bc8e0bd"",""store_discriminator_sha256"":""2e884d94ace185d62b1b91debf493ccd0a69b83d08e74cf5f1c2be4851b14215"",""tool_sha256"":""7b43c2342d7676aa65cc9ee233b2184c9eae88f2663874af7ab1b83282f94ab4"",""java_runtime_sha256"":""6ffd10b28ab050230cdc1137f0bd16155c3a7c587add7fbe921d985fa92879fe"",""run_identity_sha256"":""1e8362ee994f0480524b8a5593dc1fd0e0a9960e1a0672f52da76b3bcd501e95""}"
966642a2961472c5f660f752648dc2693518e858,graphdb,GraphDB (RDF4J) [engines.json profile],100M,F,F3,00,ab4a33937e9d2bc9b501268b85f184fcbc070f1c35d8b6f2a148df9d906de693,N,N_clean (NPCS reimplementation),ok,19,217.8,217.8,217.8,217.8,0.0,0,1,3600.0,5143,0.0,,,,19,177.61705,[217.803],[0.0],,[],,[],,[],r9.2-frozen-identity-v9,dfac415b5a6cbd6bca05218077d4301d6a1fc0d7ceff3e33f6c2c4c2d61d0e66,csv-candidate-multiset-v1,19,eedc041263068708b3db8b909d5a7316390f1077617fa3a21e6aa69d4344096b,,,,,,,,e1e370c3c3e41897f966ee22e8c7c98840f6ecade4ccb1698265b03c62141a2f,2c97fc305990d2aa1e0f09f37216d4d5b1419027440c3151c422415f0c836db8,f3c05af6c7aa3bbf0aae501a61efa32804f36e642d32f61fe21875892b248a8a,8a988dc83f4082a4f27503ba2906dc6b8733b3c02be567635c726c67bbd48314,16162702ccec82b2a0e27063cd04bd756a27af1f003b4cef0da976d843ef4725,reified,writable,exploratory-base,exploratory-reified,41997fb8640d9e765a0272879a63548eb9bd46bbf6e49da02b7c924e506b94f7,e6d3d236675cf5aefb65ff5897cc6e142b08e2a2be9e4af928e482100bc8e0bd,2e884d94ace185d62b1b91debf493ccd0a69b83d08e74cf5f1c2be4851b14215,7b43c2342d7676aa65cc9ee233b2184c9eae88f2663874af7ab1b83282f94ab4,6ffd10b28ab050230cdc1137f0bd16155c3a7c587add7fbe921d985fa92879fe,19,0,114,1e8362ee994f0480524b8a5593dc1fd0e0a9960e1a0672f52da76b3bcd501e95,"pcm-meta-v2:{""protocol"":""r9.2-frozen-identity-v9"",""message"":"""",""cell_wall_ms"":402.871,""answer_kind"":""csv-candidate-multiset-v1"",""answer_key_count"":19,""answer_fingerprint"":""eedc041263068708b3db8b909d5a7316390f1077617fa3a21e6aa69d4344096b"",""c_parse_samples"":[0.0],""c_protocol_samples"":[],""construct_total_samples"":[],""construct_unattributed_samples"":[],""status"":""ok"",""status_evidence"":null,""construction_requested"":null,""construction_effective"":null,""commit"":""966642a2961472c5f660f752648dc2693518e858"",""batch_id"":""dfac415b5a6cbd6bca05218077d4301d6a1fc0d7ceff3e33f6c2c4c2d61d0e66"",""query_sha256"":""ab4a33937e9d2bc9b501268b85f184fcbc070f1c35d8b6f2a148df9d906de693"",""engine"":""graphdb"",""engine_version"":""GraphDB (RDF4J) [engines.json profile]"",""scale"":""100M"",""base_endpoint_sha256"":""e1e370c3c3e41897f966ee22e8c7c98840f6ecade4ccb1698265b03c62141a2f"",""reified_endpoint_sha256"":""2c97fc305990d2aa1e0f09f37216d4d5b1419027440c3151c422415f0c836db8"",""update_endpoint_sha256"":""f3c05af6c7aa3bbf0aae501a61efa32804f36e642d32f61fe21875892b248a8a"",""base_data_identity_sha256"":""8a988dc83f4082a4f27503ba2906dc6b8733b3c02be567635c726c67bbd48314"",""reified_data_identity_sha256"":""16162702ccec82b2a0e27063cd04bd756a27af1f003b4cef0da976d843ef4725"",""update_for"":""reified"",""access_mode"":""writable"",""base_data_name"":""exploratory-base"",""reified_data_name"":""exploratory-reified"",""update_canary_sha256"":""41997fb8640d9e765a0272879a63548eb9bd46bbf6e49da02b7c924e506b94f7"",""store_instance_sha256"":""e6d3d236675cf5aefb65ff5897cc6e142b08e2a2be9e4af928e482100bc8e0bd"",""store_discriminator_sha256"":""2e884d94ace185d62b1b91debf493ccd0a69b83d08e74cf5f1c2be4851b14215"",""tool_sha256"":""7b43c2342d7676aa65cc9ee233b2184c9eae88f2663874af7ab1b83282f94ab4"",""java_runtime_sha256"":""6ffd10b28ab050230cdc1137f0bd16155c3a7c587add7fbe921d985fa92879fe"",""run_identity_sha256"":""1e8362ee994f0480524b8a5593dc1fd0e0a9960e1a0672f52da76b3bcd501e95""}"
966642a2961472c5f660f752648dc2693518e858,graphdb,GraphDB (RDF4J) [engines.json profile],100M,F,F3,00,ab4a33937e9d2bc9b501268b85f184fcbc070f1c35d8b6f2a148df9d906de693,C,SPARQLcirc CircuitRewriter,ok,19,2168.2,2168.2,2168.2,2168.2,0.0,0,1,3600.0,73355,6.6,38,133,19,,374.219448,[2168.23],[6.634],0.0,[0.0],2175.4,[2175.389],0.5,[0.525],r9.2-frozen-identity-v9,dfac415b5a6cbd6bca05218077d4301d6a1fc0d7ceff3e33f6c2c4c2d61d0e66,term-aware-candidate-set-v1,19,0534132a29fa7ff4f486f7534400c9e1c41b56bfe995c8f4b2cdf2f88f4dc152,flat,flat,f207c0a00082018b703df0d83098bf5831c62941b46056d2dab0b67bee8f1cf7,/mnt/nfs/home/ac145595/workspace/rq3-artifacts/circuits/graphdb-100m/ab4a33937e9d2bc9b501268b85f184fcbc070f1c35d8b6f2a148df9d906de693-f207c0a00082018b703df0d83098bf5831c62941b46056d2dab0b67bee8f1cf7.nt,/mnt/nfs/home/ac145595/workspace/rq3-artifacts/circuits/graphdb-100m/ab4a33937e9d2bc9b501268b85f184fcbc070f1c35d8b6f2a148df9d906de693-f207c0a00082018b703df0d83098bf5831c62941b46056d2dab0b67bee8f1cf7.json,2bb0c5aae61a9471abf01f5706378b0983cb54abe312441dc477166d17cb816c,49852c15243f0a5dd78caf7a3eb07815c2bfb681fa662058a621d1845bd7c500,e1e370c3c3e41897f966ee22e8c7c98840f6ecade4ccb1698265b03c62141a2f,2c97fc305990d2aa1e0f09f37216d4d5b1419027440c3151c422415f0c836db8,f3c05af6c7aa3bbf0aae501a61efa32804f36e642d32f61fe21875892b248a8a,8a988dc83f4082a4f27503ba2906dc6b8733b3c02be567635c726c67bbd48314,16162702ccec82b2a0e27063cd04bd756a27af1f003b4cef0da976d843ef4725,reified,writable,exploratory-base,exploratory-reified,41997fb8640d9e765a0272879a63548eb9bd46bbf6e49da02b7c924e506b94f7,e6d3d236675cf5aefb65ff5897cc6e142b08e2a2be9e4af928e482100bc8e0bd,2e884d94ace185d62b1b91debf493ccd0a69b83d08e74cf5f1c2be4851b14215,7b43c2342d7676aa65cc9ee233b2184c9eae88f2663874af7ab1b83282f94ab4,6ffd10b28ab050230cdc1137f0bd16155c3a7c587add7fbe921d985fa92879fe,,,,1e8362ee994f0480524b8a5593dc1fd0e0a9960e1a0672f52da76b3bcd501e95,"pcm-meta-v2:{""protocol"":""r9.2-frozen-identity-v9"",""message"":""C requested=flat effective=flat; steps=1 feedback=0; network includes CONSTRUCT, feedback INSERT, and cleanup DELETE"",""cell_wall_ms"":2556.292,""answer_kind"":""term-aware-candidate-set-v1"",""answer_key_count"":19,""answer_fingerprint"":""0534132a29fa7ff4f486f7534400c9e1c41b56bfe995c8f4b2cdf2f88f4dc152"",""c_parse_samples"":[6.634],""c_protocol_samples"":[{""requested_mode"":""flat"",""effective_mode"":""flat"",""fallback_reason"":null,""plan_steps"":1,""feedback_steps"":0,""feedback_triples"":0,""construct_query_ms"":2168.23,""feedback_update_ms"":0.0,""cleanup_ms"":0.0,""client_protocol_ms"":0.0,""network_scope"":""construct+feedback+cleanup"",""circuit_sha256"":""f207c0a00082018b703df0d83098bf5831c62941b46056d2dab0b67bee8f1cf7"",""answer_fingerprint"":""0534132a29fa7ff4f486f7534400c9e1c41b56bfe995c8f4b2cdf2f88f4dc152"",""semantic_signature_sha256"":""ed2e8363804551a681603c5c100ebc2cc1706d647fbfd906fe38d875fb9b769d"",""structure_signature"":{""gates"":38,""edges"":133,""answers"":19,""derivations"":19,""leaves"":84,""plus"":19,""minus"":0,""nodes"":122,""canonical_bytes"":73355},""construct_total_ms"":2175.389,""client_unattributed_ms"":0.525}],""construct_total_samples"":[2175.389],""construct_unattributed_samples"":[0.525],""status"":""ok"",""status_evidence"":null,""c_warmup_signatures"":[],""measured_semantic_signature_sha256"":""ed2e8363804551a681603c5c100ebc2cc1706d647fbfd906fe38d875fb9b769d"",""measured_repetitions_consistent"":true,""cache_snapshot_ms"":2.128,""cache_snapshot_scope"":""first-measured-response; deferred until all runs succeeded"",""outside_cell_cache_write_ms"":7.247,""endpoint_lock"":{""wait_ms"":0.008,""lock_path"":""/tmp/sparqlcirc-r9-endpoint-locks-v7/e6d3d236675cf5aefb65ff5897cc6e142b08e2a2be9e4af928e482100bc8e0bd.lock""},""construction_requested"":""flat"",""construction_effective"":""flat"",""circuit_sha256"":""f207c0a00082018b703df0d83098bf5831c62941b46056d2dab0b67bee8f1cf7"",""circuit_triples"":532,""circuit_bytes"":73355,""circuit_path"":""/mnt/nfs/home/ac145595/workspace/rq3-artifacts/circuits/graphdb-100m/ab4a33937e9d2bc9b501268b85f184fcbc070f1c35d8b6f2a148df9d906de693-f207c0a00082018b703df0d83098bf5831c62941b46056d2dab0b67bee8f1cf7.nt"",""metadata_path"":""/mnt/nfs/home/ac145595/workspace/rq3-artifacts/circuits/graphdb-100m/ab4a33937e9d2bc9b501268b85f184fcbc070f1c35d8b6f2a148df9d906de693-f207c0a00082018b703df0d83098bf5831c62941b46056d2dab0b67bee8f1cf7.json"",""producer_observation_sha256"":""2bb0c5aae61a9471abf01f5706378b0983cb54abe312441dc477166d17cb816c"",""sidecar_sha256"":""49852c15243f0a5dd78caf7a3eb07815c2bfb681fa662058a621d1845bd7c500"",""commit"":""966642a2961472c5f660f752648dc2693518e858"",""batch_id"":""dfac415b5a6cbd6bca05218077d4301d6a1fc0d7ceff3e33f6c2c4c2d61d0e66"",""query_sha256"":""ab4a33937e9d2bc9b501268b85f184fcbc070f1c35d8b6f2a148df9d906de693"",""engine"":""graphdb"",""engine_version"":""GraphDB (RDF4J) [engines.json profile]"",""scale"":""100M"",""base_endpoint_sha256"":""e1e370c3c3e41897f966ee22e8c7c98840f6ecade4ccb1698265b03c62141a2f"",""reified_endpoint_sha256"":""2c97fc305990d2aa1e0f09f37216d4d5b1419027440c3151c422415f0c836db8"",""update_endpoint_sha256"":""f3c05af6c7aa3bbf0aae501a61efa32804f36e642d32f61fe21875892b248a8a"",""base_data_identity_sha256"":""8a988dc83f4082a4f27503ba2906dc6b8733b3c02be567635c726c67bbd48314"",""reified_data_identity_sha256"":""16162702ccec82b2a0e27063cd04bd756a27af1f003b4cef0da976d843ef4725"",""update_for"":""reified"",""access_mode"":""writable"",""base_data_name"":""exploratory-base"",""reified_data_name"":""exploratory-reified"",""update_canary_sha256"":""41997fb8640d9e765a0272879a63548eb9bd46bbf6e49da02b7c924e506b94f7"",""store_instance_sha256"":""e6d3d236675cf5aefb65ff5897cc6e142b08e2a2be9e4af928e482100bc8e0bd"",""store_discriminator_sha256"":""2e884d94ace185d62b1b91debf493ccd0a69b83d08e74cf5f1c2be4851b14215"",""tool_sha256"":""7b43c2342d7676aa65cc9ee233b2184c9eae88f2663874af7ab1b83282f94ab4"",""java_runtime_sha256"":""6ffd10b28ab050230cdc1137f0bd16155c3a7c587add7fbe921d985fa92879fe"",""run_identity_sha256"":""1e8362ee994f0480524b8a5593dc1fd0e0a9960e1a0672f52da76b3bcd501e95""}"
966642a2961472c5f660f752648dc2693518e858,graphdb,GraphDB (RDF4J) [engines.json profile],100M,F,F4,00,95e319658ada1f90ea7900df6e9a7608f72e06ecb2da9d8ad67afe7db54c5464,B,base-select,ok,103,35.4,35.4,35.4,35.4,0.0,0,1,3600.0,38124,0.0,,,,,0.0074,[35.38],[0.0],,[],,[],,[],r9.2-frozen-identity-v9,dfac415b5a6cbd6bca05218077d4301d6a1fc0d7ceff3e33f6c2c4c2d61d0e66,csv-binding-multiset-v1,103,b7d28a9d9f38eb7d5f4666e5febd4758a3b42875107db79635c70438547260c9,,,,,,,,e1e370c3c3e41897f966ee22e8c7c98840f6ecade4ccb1698265b03c62141a2f,2c97fc305990d2aa1e0f09f37216d4d5b1419027440c3151c422415f0c836db8,f3c05af6c7aa3bbf0aae501a61efa32804f36e642d32f61fe21875892b248a8a,8a988dc83f4082a4f27503ba2906dc6b8733b3c02be567635c726c67bbd48314,16162702ccec82b2a0e27063cd04bd756a27af1f003b4cef0da976d843ef4725,reified,writable,exploratory-base,exploratory-reified,41997fb8640d9e765a0272879a63548eb9bd46bbf6e49da02b7c924e506b94f7,e6d3d236675cf5aefb65ff5897cc6e142b08e2a2be9e4af928e482100bc8e0bd,2e884d94ace185d62b1b91debf493ccd0a69b83d08e74cf5f1c2be4851b14215,7b43c2342d7676aa65cc9ee233b2184c9eae88f2663874af7ab1b83282f94ab4,6ffd10b28ab050230cdc1137f0bd16155c3a7c587add7fbe921d985fa92879fe,,,,33b6b63c5c27a7d880f977f9c3203c5193881da7edf119ef1c96be1fc7b6cbbc,"pcm-meta-v2:{""protocol"":""r9.2-frozen-identity-v9"",""message"":"""",""cell_wall_ms"":43.244,""answer_kind"":""csv-binding-multiset-v1"",""answer_key_count"":103,""answer_fingerprint"":""b7d28a9d9f38eb7d5f4666e5febd4758a3b42875107db79635c70438547260c9"",""c_parse_samples"":[0.0],""c_protocol_samples"":[],""construct_total_samples"":[],""construct_unattributed_samples"":[],""status"":""ok"",""status_evidence"":null,""construction_requested"":null,""construction_effective"":null,""commit"":""966642a2961472c5f660f752648dc2693518e858"",""batch_id"":""dfac415b5a6cbd6bca05218077d4301d6a1fc0d7ceff3e33f6c2c4c2d61d0e66"",""query_sha256"":""95e319658ada1f90ea7900df6e9a7608f72e06ecb2da9d8ad67afe7db54c5464"",""engine"":""graphdb"",""engine_version"":""GraphDB (RDF4J) [engines.json profile]"",""scale"":""100M"",""base_endpoint_sha256"":""e1e370c3c3e41897f966ee22e8c7c98840f6ecade4ccb1698265b03c62141a2f"",""reified_endpoint_sha256"":""2c97fc305990d2aa1e0f09f37216d4d5b1419027440c3151c422415f0c836db8"",""update_endpoint_sha256"":""f3c05af6c7aa3bbf0aae501a61efa32804f36e642d32f61fe21875892b248a8a"",""base_data_identity_sha256"":""8a988dc83f4082a4f27503ba2906dc6b8733b3c02be567635c726c67bbd48314"",""reified_data_identity_sha256"":""16162702ccec82b2a0e27063cd04bd756a27af1f003b4cef0da976d843ef4725"",""update_for"":""reified"",""access_mode"":""writable"",""base_data_name"":""exploratory-base"",""reified_data_name"":""exploratory-reified"",""update_canary_sha256"":""41997fb8640d9e765a0272879a63548eb9bd46bbf6e49da02b7c924e506b94f7"",""store_instance_sha256"":""e6d3d236675cf5aefb65ff5897cc6e142b08e2a2be9e4af928e482100bc8e0bd"",""store_discriminator_sha256"":""2e884d94ace185d62b1b91debf493ccd0a69b83d08e74cf5f1c2be4851b14215"",""tool_sha256"":""7b43c2342d7676aa65cc9ee233b2184c9eae88f2663874af7ab1b83282f94ab4"",""java_runtime_sha256"":""6ffd10b28ab050230cdc1137f0bd16155c3a7c587add7fbe921d985fa92879fe"",""run_identity_sha256"":""33b6b63c5c27a7d880f977f9c3203c5193881da7edf119ef1c96be1fc7b6cbbc""}"
966642a2961472c5f660f752648dc2693518e858,graphdb,GraphDB (RDF4J) [engines.json profile],100M,F,F4,00,95e319658ada1f90ea7900df6e9a7608f72e06ecb2da9d8ad67afe7db54c5464,R,reification-only,ok,103,2260.1,2260.1,2260.1,2260.1,0.0,0,1,3600.0,38124,0.0,,,,,134.405925,[2260.143],[0.0],,[],,[],,[],r9.2-frozen-identity-v9,dfac415b5a6cbd6bca05218077d4301d6a1fc0d7ceff3e33f6c2c4c2d61d0e66,csv-binding-multiset-v1,103,b7d28a9d9f38eb7d5f4666e5febd4758a3b42875107db79635c70438547260c9,,,,,,,,e1e370c3c3e41897f966ee22e8c7c98840f6ecade4ccb1698265b03c62141a2f,2c97fc305990d2aa1e0f09f37216d4d5b1419027440c3151c422415f0c836db8,f3c05af6c7aa3bbf0aae501a61efa32804f36e642d32f61fe21875892b248a8a,8a988dc83f4082a4f27503ba2906dc6b8733b3c02be567635c726c67bbd48314,16162702ccec82b2a0e27063cd04bd756a27af1f003b4cef0da976d843ef4725,reified,writable,exploratory-base,exploratory-reified,41997fb8640d9e765a0272879a63548eb9bd46bbf6e49da02b7c924e506b94f7,e6d3d236675cf5aefb65ff5897cc6e142b08e2a2be9e4af928e482100bc8e0bd,2e884d94ace185d62b1b91debf493ccd0a69b83d08e74cf5f1c2be4851b14215,7b43c2342d7676aa65cc9ee233b2184c9eae88f2663874af7ab1b83282f94ab4,6ffd10b28ab050230cdc1137f0bd16155c3a7c587add7fbe921d985fa92879fe,,,,33b6b63c5c27a7d880f977f9c3203c5193881da7edf119ef1c96be1fc7b6cbbc,"pcm-meta-v2:{""protocol"":""r9.2-frozen-identity-v9"",""message"":"""",""cell_wall_ms"":2404.189,""answer_kind"":""csv-binding-multiset-v1"",""answer_key_count"":103,""answer_fingerprint"":""b7d28a9d9f38eb7d5f4666e5febd4758a3b42875107db79635c70438547260c9"",""c_parse_samples"":[0.0],""c_protocol_samples"":[],""construct_total_samples"":[],""construct_unattributed_samples"":[],""status"":""ok"",""status_evidence"":null,""construction_requested"":null,""construction_effective"":null,""commit"":""966642a2961472c5f660f752648dc2693518e858"",""batch_id"":""dfac415b5a6cbd6bca05218077d4301d6a1fc0d7ceff3e33f6c2c4c2d61d0e66"",""query_sha256"":""95e319658ada1f90ea7900df6e9a7608f72e06ecb2da9d8ad67afe7db54c5464"",""engine"":""graphdb"",""engine_version"":""GraphDB (RDF4J) [engines.json profile]"",""scale"":""100M"",""base_endpoint_sha256"":""e1e370c3c3e41897f966ee22e8c7c98840f6ecade4ccb1698265b03c62141a2f"",""reified_endpoint_sha256"":""2c97fc305990d2aa1e0f09f37216d4d5b1419027440c3151c422415f0c836db8"",""update_endpoint_sha256"":""f3c05af6c7aa3bbf0aae501a61efa32804f36e642d32f61fe21875892b248a8a"",""base_data_identity_sha256"":""8a988dc83f4082a4f27503ba2906dc6b8733b3c02be567635c726c67bbd48314"",""reified_data_identity_sha256"":""16162702ccec82b2a0e27063cd04bd756a27af1f003b4cef0da976d843ef4725"",""update_for"":""reified"",""access_mode"":""writable"",""base_data_name"":""exploratory-base"",""reified_data_name"":""exploratory-reified"",""update_canary_sha256"":""41997fb8640d9e765a0272879a63548eb9bd46bbf6e49da02b7c924e506b94f7"",""store_instance_sha256"":""e6d3d236675cf5aefb65ff5897cc6e142b08e2a2be9e4af928e482100bc8e0bd"",""store_discriminator_sha256"":""2e884d94ace185d62b1b91debf493ccd0a69b83d08e74cf5f1c2be4851b14215"",""tool_sha256"":""7b43c2342d7676aa65cc9ee233b2184c9eae88f2663874af7ab1b83282f94ab4"",""java_runtime_sha256"":""6ffd10b28ab050230cdc1137f0bd16155c3a7c587add7fbe921d985fa92879fe"",""run_identity_sha256"":""33b6b63c5c27a7d880f977f9c3203c5193881da7edf119ef1c96be1fc7b6cbbc""}"
966642a2961472c5f660f752648dc2693518e858,graphdb,GraphDB (RDF4J) [engines.json profile],100M,F,F4,00,95e319658ada1f90ea7900df6e9a7608f72e06ecb2da9d8ad67afe7db54c5464,N,N_clean (NPCS reimplementation),ok,103,2257.9,2257.9,2257.9,2257.9,0.0,0,1,3600.0,53300,0.0,,,,103,177.818042,[2257.939],[0.0],,[],,[],,[],r9.2-frozen-identity-v9,dfac415b5a6cbd6bca05218077d4301d6a1fc0d7ceff3e33f6c2c4c2d61d0e66,csv-candidate-multiset-v1,103,b7d28a9d9f38eb7d5f4666e5febd4758a3b42875107db79635c70438547260c9,,,,,,,,e1e370c3c3e41897f966ee22e8c7c98840f6ecade4ccb1698265b03c62141a2f,2c97fc305990d2aa1e0f09f37216d4d5b1419027440c3151c422415f0c836db8,f3c05af6c7aa3bbf0aae501a61efa32804f36e642d32f61fe21875892b248a8a,8a988dc83f4082a4f27503ba2906dc6b8733b3c02be567635c726c67bbd48314,16162702ccec82b2a0e27063cd04bd756a27af1f003b4cef0da976d843ef4725,reified,writable,exploratory-base,exploratory-reified,41997fb8640d9e765a0272879a63548eb9bd46bbf6e49da02b7c924e506b94f7,e6d3d236675cf5aefb65ff5897cc6e142b08e2a2be9e4af928e482100bc8e0bd,2e884d94ace185d62b1b91debf493ccd0a69b83d08e74cf5f1c2be4851b14215,7b43c2342d7676aa65cc9ee233b2184c9eae88f2663874af7ab1b83282f94ab4,6ffd10b28ab050230cdc1137f0bd16155c3a7c587add7fbe921d985fa92879fe,103,0,927,33b6b63c5c27a7d880f977f9c3203c5193881da7edf119ef1c96be1fc7b6cbbc,"pcm-meta-v2:{""protocol"":""r9.2-frozen-identity-v9"",""message"":"""",""cell_wall_ms"":2446.011,""answer_kind"":""csv-candidate-multiset-v1"",""answer_key_count"":103,""answer_fingerprint"":""b7d28a9d9f38eb7d5f4666e5febd4758a3b42875107db79635c70438547260c9"",""c_parse_samples"":[0.0],""c_protocol_samples"":[],""construct_total_samples"":[],""construct_unattributed_samples"":[],""status"":""ok"",""status_evidence"":null,""construction_requested"":null,""construction_effective"":null,""commit"":""966642a2961472c5f660f752648dc2693518e858"",""batch_id"":""dfac415b5a6cbd6bca05218077d4301d6a1fc0d7ceff3e33f6c2c4c2d61d0e66"",""query_sha256"":""95e319658ada1f90ea7900df6e9a7608f72e06ecb2da9d8ad67afe7db54c5464"",""engine"":""graphdb"",""engine_version"":""GraphDB (RDF4J) [engines.json profile]"",""scale"":""100M"",""base_endpoint_sha256"":""e1e370c3c3e41897f966ee22e8c7c98840f6ecade4ccb1698265b03c62141a2f"",""reified_endpoint_sha256"":""2c97fc305990d2aa1e0f09f37216d4d5b1419027440c3151c422415f0c836db8"",""update_endpoint_sha256"":""f3c05af6c7aa3bbf0aae501a61efa32804f36e642d32f61fe21875892b248a8a"",""base_data_identity_sha256"":""8a988dc83f4082a4f27503ba2906dc6b8733b3c02be567635c726c67bbd48314"",""reified_data_identity_sha256"":""16162702ccec82b2a0e27063cd04bd756a27af1f003b4cef0da976d843ef4725"",""update_for"":""reified"",""access_mode"":""writable"",""base_data_name"":""exploratory-base"",""reified_data_name"":""exploratory-reified"",""update_canary_sha256"":""41997fb8640d9e765a0272879a63548eb9bd46bbf6e49da02b7c924e506b94f7"",""store_instance_sha256"":""e6d3d236675cf5aefb65ff5897cc6e142b08e2a2be9e4af928e482100bc8e0bd"",""store_discriminator_sha256"":""2e884d94ace185d62b1b91debf493ccd0a69b83d08e74cf5f1c2be4851b14215"",""tool_sha256"":""7b43c2342d7676aa65cc9ee233b2184c9eae88f2663874af7ab1b83282f94ab4"",""java_runtime_sha256"":""6ffd10b28ab050230cdc1137f0bd16155c3a7c587add7fbe921d985fa92879fe"",""run_identity_sha256"":""33b6b63c5c27a7d880f977f9c3203c5193881da7edf119ef1c96be1fc7b6cbbc""}"
966642a2961472c5f660f752648dc2693518e858,graphdb,GraphDB (RDF4J) [engines.json profile],100M,F,F4,00,95e319658ada1f90ea7900df6e9a7608f72e06ecb2da9d8ad67afe7db54c5464,C,SPARQLcirc CircuitRewriter,ok,103,24615.9,24615.9,24615.9,24615.9,0.0,0,1,3600.0,552790,48.0,206,1030,103,,407.754125,[24615.945],[48.024],0.0,[0.0],24665.2,[24665.206],1.2,[1.237],r9.2-frozen-identity-v9,dfac415b5a6cbd6bca05218077d4301d6a1fc0d7ceff3e33f6c2c4c2d61d0e66,term-aware-candidate-set-v1,103,bbef6c305381618238502e9530a65a446d99dcf6dae49bf54ed45505efd7c0c6,flat,flat,4d1917acf6a8f4ba2cec030de209c95aab68a004524329bbe8d122d26fe551b3,/mnt/nfs/home/ac145595/workspace/rq3-artifacts/circuits/graphdb-100m/95e319658ada1f90ea7900df6e9a7608f72e06ecb2da9d8ad67afe7db54c5464-4d1917acf6a8f4ba2cec030de209c95aab68a004524329bbe8d122d26fe551b3.nt,/mnt/nfs/home/ac145595/workspace/rq3-artifacts/circuits/graphdb-100m/95e319658ada1f90ea7900df6e9a7608f72e06ecb2da9d8ad67afe7db54c5464-4d1917acf6a8f4ba2cec030de209c95aab68a004524329bbe8d122d26fe551b3.json,5d70891886dfac24490153f1830dbf7fabb608f5c5e64ef983aa7509f0b7dbf8,562d3f91d2e18bab86f471878aa4a19c1f584819dc4c6a64363410e5b2ab0c9e,e1e370c3c3e41897f966ee22e8c7c98840f6ecade4ccb1698265b03c62141a2f,2c97fc305990d2aa1e0f09f37216d4d5b1419027440c3151c422415f0c836db8,f3c05af6c7aa3bbf0aae501a61efa32804f36e642d32f61fe21875892b248a8a,8a988dc83f4082a4f27503ba2906dc6b8733b3c02be567635c726c67bbd48314,16162702ccec82b2a0e27063cd04bd756a27af1f003b4cef0da976d843ef4725,reified,writable,exploratory-base,exploratory-reified,41997fb8640d9e765a0272879a63548eb9bd46bbf6e49da02b7c924e506b94f7,e6d3d236675cf5aefb65ff5897cc6e142b08e2a2be9e4af928e482100bc8e0bd,2e884d94ace185d62b1b91debf493ccd0a69b83d08e74cf5f1c2be4851b14215,7b43c2342d7676aa65cc9ee233b2184c9eae88f2663874af7ab1b83282f94ab4,6ffd10b28ab050230cdc1137f0bd16155c3a7c587add7fbe921d985fa92879fe,,,,33b6b63c5c27a7d880f977f9c3203c5193881da7edf119ef1c96be1fc7b6cbbc,"pcm-meta-v2:{""protocol"":""r9.2-frozen-identity-v9"",""message"":""C requested=flat effective=flat; steps=1 feedback=0; network includes CONSTRUCT, feedback INSERT, and cleanup DELETE"",""cell_wall_ms"":25088.359,""answer_kind"":""term-aware-candidate-set-v1"",""answer_key_count"":103,""answer_fingerprint"":""bbef6c305381618238502e9530a65a446d99dcf6dae49bf54ed45505efd7c0c6"",""c_parse_samples"":[48.024],""c_protocol_samples"":[{""requested_mode"":""flat"",""effective_mode"":""flat"",""fallback_reason"":null,""plan_steps"":1,""feedback_steps"":0,""feedback_triples"":0,""construct_query_ms"":24615.945,""feedback_update_ms"":0.0,""cleanup_ms"":0.0,""client_protocol_ms"":0.0,""network_scope"":""construct+feedback+cleanup"",""circuit_sha256"":""4d1917acf6a8f4ba2cec030de209c95aab68a004524329bbe8d122d26fe551b3"",""answer_fingerprint"":""bbef6c305381618238502e9530a65a446d99dcf6dae49bf54ed45505efd7c0c6"",""semantic_signature_sha256"":""e09ab4445d318136e94dd075bd5c353173ec1558b83d09cdc22f14902a6b0444"",""structure_signature"":{""gates"":206,""edges"":1030,""answers"":103,""derivations"":103,""leaves"":93,""plus"":103,""minus"":0,""nodes"":299,""canonical_bytes"":552790},""construct_total_ms"":24665.206,""client_unattributed_ms"":1.237}],""construct_total_samples"":[24665.206],""construct_unattributed_samples"":[1.237],""status"":""ok"",""status_evidence"":null,""c_warmup_signatures"":[],""measured_semantic_signature_sha256"":""e09ab4445d318136e94dd075bd5c353173ec1558b83d09cdc22f14902a6b0444"",""measured_repetitions_consistent"":true,""cache_snapshot_ms"":10.01,""cache_snapshot_scope"":""first-measured-response; deferred until all runs succeeded"",""outside_cell_cache_write_ms"":27.056,""endpoint_lock"":{""wait_ms"":0.007,""lock_path"":""/tmp/sparqlcirc-r9-endpoint-locks-v7/e6d3d236675cf5aefb65ff5897cc6e142b08e2a2be9e4af928e482100bc8e0bd.lock""},""construction_requested"":""flat"",""construction_effective"":""flat"",""circuit_sha256"":""4d1917acf6a8f4ba2cec030de209c95aab68a004524329bbe8d122d26fe551b3"",""circuit_triples"":3811,""circuit_bytes"":552790,""circuit_path"":""/mnt/nfs/home/ac145595/workspace/rq3-artifacts/circuits/graphdb-100m/95e319658ada1f90ea7900df6e9a7608f72e06ecb2da9d8ad67afe7db54c5464-4d1917acf6a8f4ba2cec030de209c95aab68a004524329bbe8d122d26fe551b3.nt"",""metadata_path"":""/mnt/nfs/home/ac145595/workspace/rq3-artifacts/circuits/graphdb-100m/95e319658ada1f90ea7900df6e9a7608f72e06ecb2da9d8ad67afe7db54c5464-4d1917acf6a8f4ba2cec030de209c95aab68a004524329bbe8d122d26fe551b3.json"",""producer_observation_sha256"":""5d70891886dfac24490153f1830dbf7fabb608f5c5e64ef983aa7509f0b7dbf8"",""sidecar_sha256"":""562d3f91d2e18bab86f471878aa4a19c1f584819dc4c6a64363410e5b2ab0c9e"",""commit"":""966642a2961472c5f660f752648dc2693518e858"",""batch_id"":""dfac415b5a6cbd6bca05218077d4301d6a1fc0d7ceff3e33f6c2c4c2d61d0e66"",""query_sha256"":""95e319658ada1f90ea7900df6e9a7608f72e06ecb2da9d8ad67afe7db54c5464"",""engine"":""graphdb"",""engine_version"":""GraphDB (RDF4J) [engines.json profile]"",""scale"":""100M"",""base_endpoint_sha256"":""e1e370c3c3e41897f966ee22e8c7c98840f6ecade4ccb1698265b03c62141a2f"",""reified_endpoint_sha256"":""2c97fc305990d2aa1e0f09f37216d4d5b1419027440c3151c422415f0c836db8"",""update_endpoint_sha256"":""f3c05af6c7aa3bbf0aae501a61efa32804f36e642d32f61fe21875892b248a8a"",""base_data_identity_sha256"":""8a988dc83f4082a4f27503ba2906dc6b8733b3c02be567635c726c67bbd48314"",""reified_data_identity_sha256"":""16162702ccec82b2a0e27063cd04bd756a27af1f003b4cef0da976d843ef4725"",""update_for"":""reified"",""access_mode"":""writable"",""base_data_name"":""exploratory-base"",""reified_data_name"":""exploratory-reified"",""update_canary_sha256"":""41997fb8640d9e765a0272879a63548eb9bd46bbf6e49da02b7c924e506b94f7"",""store_instance_sha256"":""e6d3d236675cf5aefb65ff5897cc6e142b08e2a2be9e4af928e482100bc8e0bd"",""store_discriminator_sha256"":""2e884d94ace185d62b1b91debf493ccd0a69b83d08e74cf5f1c2be4851b14215"",""tool_sha256"":""7b43c2342d7676aa65cc9ee233b2184c9eae88f2663874af7ab1b83282f94ab4"",""java_runtime_sha256"":""6ffd10b28ab050230cdc1137f0bd16155c3a7c587add7fbe921d985fa92879fe"",""run_identity_sha256"":""33b6b63c5c27a7d880f977f9c3203c5193881da7edf119ef1c96be1fc7b6cbbc""}"
966642a2961472c5f660f752648dc2693518e858,graphdb,GraphDB (RDF4J) [engines.json profile],100M,F,F5,00,5ca90afb3951e0444bf3024c77058dedfd92664870dc85d282ed837b0894ed6f,B,base-select,ok,38,75.1,75.1,75.1,75.1,0.0,0,1,3600.0,10654,0.0,,,,,0.00638,[75.064],[0.0],,[],,[],,[],r9.2-frozen-identity-v9,dfac415b5a6cbd6bca05218077d4301d6a1fc0d7ceff3e33f6c2c4c2d61d0e66,csv-binding-multiset-v1,38,a2c925af9ef2a238ec6ae6150b0ad75f28d8e8919fd8aefd2fdf19f70c96ebd7,,,,,,,,e1e370c3c3e41897f966ee22e8c7c98840f6ecade4ccb1698265b03c62141a2f,2c97fc305990d2aa1e0f09f37216d4d5b1419027440c3151c422415f0c836db8,f3c05af6c7aa3bbf0aae501a61efa32804f36e642d32f61fe21875892b248a8a,8a988dc83f4082a4f27503ba2906dc6b8733b3c02be567635c726c67bbd48314,16162702ccec82b2a0e27063cd04bd756a27af1f003b4cef0da976d843ef4725,reified,writable,exploratory-base,exploratory-reified,41997fb8640d9e765a0272879a63548eb9bd46bbf6e49da02b7c924e506b94f7,e6d3d236675cf5aefb65ff5897cc6e142b08e2a2be9e4af928e482100bc8e0bd,2e884d94ace185d62b1b91debf493ccd0a69b83d08e74cf5f1c2be4851b14215,7b43c2342d7676aa65cc9ee233b2184c9eae88f2663874af7ab1b83282f94ab4,6ffd10b28ab050230cdc1137f0bd16155c3a7c587add7fbe921d985fa92879fe,,,,0e37cf07492471fd0bfbced3adb97e2cd2b7253185f6e8047a7c0878516024a9,"pcm-meta-v2:{""protocol"":""r9.2-frozen-identity-v9"",""message"":"""",""cell_wall_ms"":81.572,""answer_kind"":""csv-binding-multiset-v1"",""answer_key_count"":38,""answer_fingerprint"":""a2c925af9ef2a238ec6ae6150b0ad75f28d8e8919fd8aefd2fdf19f70c96ebd7"",""c_parse_samples"":[0.0],""c_protocol_samples"":[],""construct_total_samples"":[],""construct_unattributed_samples"":[],""status"":""ok"",""status_evidence"":null,""construction_requested"":null,""construction_effective"":null,""commit"":""966642a2961472c5f660f752648dc2693518e858"",""batch_id"":""dfac415b5a6cbd6bca05218077d4301d6a1fc0d7ceff3e33f6c2c4c2d61d0e66"",""query_sha256"":""5ca90afb3951e0444bf3024c77058dedfd92664870dc85d282ed837b0894ed6f"",""engine"":""graphdb"",""engine_version"":""GraphDB (RDF4J) [engines.json profile]"",""scale"":""100M"",""base_endpoint_sha256"":""e1e370c3c3e41897f966ee22e8c7c98840f6ecade4ccb1698265b03c62141a2f"",""reified_endpoint_sha256"":""2c97fc305990d2aa1e0f09f37216d4d5b1419027440c3151c422415f0c836db8"",""update_endpoint_sha256"":""f3c05af6c7aa3bbf0aae501a61efa32804f36e642d32f61fe21875892b248a8a"",""base_data_identity_sha256"":""8a988dc83f4082a4f27503ba2906dc6b8733b3c02be567635c726c67bbd48314"",""reified_data_identity_sha256"":""16162702ccec82b2a0e27063cd04bd756a27af1f003b4cef0da976d843ef4725"",""update_for"":""reified"",""access_mode"":""writable"",""base_data_name"":""exploratory-base"",""reified_data_name"":""exploratory-reified"",""update_canary_sha256"":""41997fb8640d9e765a0272879a63548eb9bd46bbf6e49da02b7c924e506b94f7"",""store_instance_sha256"":""e6d3d236675cf5aefb65ff5897cc6e142b08e2a2be9e4af928e482100bc8e0bd"",""store_discriminator_sha256"":""2e884d94ace185d62b1b91debf493ccd0a69b83d08e74cf5f1c2be4851b14215"",""tool_sha256"":""7b43c2342d7676aa65cc9ee233b2184c9eae88f2663874af7ab1b83282f94ab4"",""java_runtime_sha256"":""6ffd10b28ab050230cdc1137f0bd16155c3a7c587add7fbe921d985fa92879fe"",""run_identity_sha256"":""0e37cf07492471fd0bfbced3adb97e2cd2b7253185f6e8047a7c0878516024a9""}"
966642a2961472c5f660f752648dc2693518e858,graphdb,GraphDB (RDF4J) [engines.json profile],100M,F,F5,00,5ca90afb3951e0444bf3024c77058dedfd92664870dc85d282ed837b0894ed6f,R,reification-only,ok,38,41.3,41.3,41.3,41.3,0.0,0,1,3600.0,10654,0.0,,,,,132.950433,[41.311],[0.0],,[],,[],,[],r9.2-frozen-identity-v9,dfac415b5a6cbd6bca05218077d4301d6a1fc0d7ceff3e33f6c2c4c2d61d0e66,csv-binding-multiset-v1,38,a2c925af9ef2a238ec6ae6150b0ad75f28d8e8919fd8aefd2fdf19f70c96ebd7,,,,,,,,e1e370c3c3e41897f966ee22e8c7c98840f6ecade4ccb1698265b03c62141a2f,2c97fc305990d2aa1e0f09f37216d4d5b1419027440c3151c422415f0c836db8,f3c05af6c7aa3bbf0aae501a61efa32804f36e642d32f61fe21875892b248a8a,8a988dc83f4082a4f27503ba2906dc6b8733b3c02be567635c726c67bbd48314,16162702ccec82b2a0e27063cd04bd756a27af1f003b4cef0da976d843ef4725,reified,writable,exploratory-base,exploratory-reified,41997fb8640d9e765a0272879a63548eb9bd46bbf6e49da02b7c924e506b94f7,e6d3d236675cf5aefb65ff5897cc6e142b08e2a2be9e4af928e482100bc8e0bd,2e884d94ace185d62b1b91debf493ccd0a69b83d08e74cf5f1c2be4851b14215,7b43c2342d7676aa65cc9ee233b2184c9eae88f2663874af7ab1b83282f94ab4,6ffd10b28ab050230cdc1137f0bd16155c3a7c587add7fbe921d985fa92879fe,,,,0e37cf07492471fd0bfbced3adb97e2cd2b7253185f6e8047a7c0878516024a9,"pcm-meta-v2:{""protocol"":""r9.2-frozen-identity-v9"",""message"":"""",""cell_wall_ms"":181.548,""answer_kind"":""csv-binding-multiset-v1"",""answer_key_count"":38,""answer_fingerprint"":""a2c925af9ef2a238ec6ae6150b0ad75f28d8e8919fd8aefd2fdf19f70c96ebd7"",""c_parse_samples"":[0.0],""c_protocol_samples"":[],""construct_total_samples"":[],""construct_unattributed_samples"":[],""status"":""ok"",""status_evidence"":null,""construction_requested"":null,""construction_effective"":null,""commit"":""966642a2961472c5f660f752648dc2693518e858"",""batch_id"":""dfac415b5a6cbd6bca05218077d4301d6a1fc0d7ceff3e33f6c2c4c2d61d0e66"",""query_sha256"":""5ca90afb3951e0444bf3024c77058dedfd92664870dc85d282ed837b0894ed6f"",""engine"":""graphdb"",""engine_version"":""GraphDB (RDF4J) [engines.json profile]"",""scale"":""100M"",""base_endpoint_sha256"":""e1e370c3c3e41897f966ee22e8c7c98840f6ecade4ccb1698265b03c62141a2f"",""reified_endpoint_sha256"":""2c97fc305990d2aa1e0f09f37216d4d5b1419027440c3151c422415f0c836db8"",""update_endpoint_sha256"":""f3c05af6c7aa3bbf0aae501a61efa32804f36e642d32f61fe21875892b248a8a"",""base_data_identity_sha256"":""8a988dc83f4082a4f27503ba2906dc6b8733b3c02be567635c726c67bbd48314"",""reified_data_identity_sha256"":""16162702ccec82b2a0e27063cd04bd756a27af1f003b4cef0da976d843ef4725"",""update_for"":""reified"",""access_mode"":""writable"",""base_data_name"":""exploratory-base"",""reified_data_name"":""exploratory-reified"",""update_canary_sha256"":""41997fb8640d9e765a0272879a63548eb9bd46bbf6e49da02b7c924e506b94f7"",""store_instance_sha256"":""e6d3d236675cf5aefb65ff5897cc6e142b08e2a2be9e4af928e482100bc8e0bd"",""store_discriminator_sha256"":""2e884d94ace185d62b1b91debf493ccd0a69b83d08e74cf5f1c2be4851b14215"",""tool_sha256"":""7b43c2342d7676aa65cc9ee233b2184c9eae88f2663874af7ab1b83282f94ab4"",""java_runtime_sha256"":""6ffd10b28ab050230cdc1137f0bd16155c3a7c587add7fbe921d985fa92879fe"",""run_identity_sha256"":""0e37cf07492471fd0bfbced3adb97e2cd2b7253185f6e8047a7c0878516024a9""}"
966642a2961472c5f660f752648dc2693518e858,graphdb,GraphDB (RDF4J) [engines.json profile],100M,F,F5,00,5ca90afb3951e0444bf3024c77058dedfd92664870dc85d282ed837b0894ed6f,N,N_clean (NPCS reimplementation),ok,38,28.5,28.5,28.5,28.5,0.0,0,1,3600.0,14387,0.0,,,,38,177.538448,[28.535],[0.0],,[],,[],,[],r9.2-frozen-identity-v9,dfac415b5a6cbd6bca05218077d4301d6a1fc0d7ceff3e33f6c2c4c2d61d0e66,csv-candidate-multiset-v1,38,a2c925af9ef2a238ec6ae6150b0ad75f28d8e8919fd8aefd2fdf19f70c96ebd7,,,,,,,,e1e370c3c3e41897f966ee22e8c7c98840f6ecade4ccb1698265b03c62141a2f,2c97fc305990d2aa1e0f09f37216d4d5b1419027440c3151c422415f0c836db8,f3c05af6c7aa3bbf0aae501a61efa32804f36e642d32f61fe21875892b248a8a,8a988dc83f4082a4f27503ba2906dc6b8733b3c02be567635c726c67bbd48314,16162702ccec82b2a0e27063cd04bd756a27af1f003b4cef0da976d843ef4725,reified,writable,exploratory-base,exploratory-reified,41997fb8640d9e765a0272879a63548eb9bd46bbf6e49da02b7c924e506b94f7,e6d3d236675cf5aefb65ff5897cc6e142b08e2a2be9e4af928e482100bc8e0bd,2e884d94ace185d62b1b91debf493ccd0a69b83d08e74cf5f1c2be4851b14215,7b43c2342d7676aa65cc9ee233b2184c9eae88f2663874af7ab1b83282f94ab4,6ffd10b28ab050230cdc1137f0bd16155c3a7c587add7fbe921d985fa92879fe,38,0,228,0e37cf07492471fd0bfbced3adb97e2cd2b7253185f6e8047a7c0878516024a9,"pcm-meta-v2:{""protocol"":""r9.2-frozen-identity-v9"",""message"":"""",""cell_wall_ms"":214.494,""answer_kind"":""csv-candidate-multiset-v1"",""answer_key_count"":38,""answer_fingerprint"":""a2c925af9ef2a238ec6ae6150b0ad75f28d8e8919fd8aefd2fdf19f70c96ebd7"",""c_parse_samples"":[0.0],""c_protocol_samples"":[],""construct_total_samples"":[],""construct_unattributed_samples"":[],""status"":""ok"",""status_evidence"":null,""construction_requested"":null,""construction_effective"":null,""commit"":""966642a2961472c5f660f752648dc2693518e858"",""batch_id"":""dfac415b5a6cbd6bca05218077d4301d6a1fc0d7ceff3e33f6c2c4c2d61d0e66"",""query_sha256"":""5ca90afb3951e0444bf3024c77058dedfd92664870dc85d282ed837b0894ed6f"",""engine"":""graphdb"",""engine_version"":""GraphDB (RDF4J) [engines.json profile]"",""scale"":""100M"",""base_endpoint_sha256"":""e1e370c3c3e41897f966ee22e8c7c98840f6ecade4ccb1698265b03c62141a2f"",""reified_endpoint_sha256"":""2c97fc305990d2aa1e0f09f37216d4d5b1419027440c3151c422415f0c836db8"",""update_endpoint_sha256"":""f3c05af6c7aa3bbf0aae501a61efa32804f36e642d32f61fe21875892b248a8a"",""base_data_identity_sha256"":""8a988dc83f4082a4f27503ba2906dc6b8733b3c02be567635c726c67bbd48314"",""reified_data_identity_sha256"":""16162702ccec82b2a0e27063cd04bd756a27af1f003b4cef0da976d843ef4725"",""update_for"":""reified"",""access_mode"":""writable"",""base_data_name"":""exploratory-base"",""reified_data_name"":""exploratory-reified"",""update_canary_sha256"":""41997fb8640d9e765a0272879a63548eb9bd46bbf6e49da02b7c924e506b94f7"",""store_instance_sha256"":""e6d3d236675cf5aefb65ff5897cc6e142b08e2a2be9e4af928e482100bc8e0bd"",""store_discriminator_sha256"":""2e884d94ace185d62b1b91debf493ccd0a69b83d08e74cf5f1c2be4851b14215"",""tool_sha256"":""7b43c2342d7676aa65cc9ee233b2184c9eae88f2663874af7ab1b83282f94ab4"",""java_runtime_sha256"":""6ffd10b28ab050230cdc1137f0bd16155c3a7c587add7fbe921d985fa92879fe"",""run_identity_sha256"":""0e37cf07492471fd0bfbced3adb97e2cd2b7253185f6e8047a7c0878516024a9""}"
966642a2961472c5f660f752648dc2693518e858,graphdb,GraphDB (RDF4J) [engines.json profile],100M,F,F5,00,5ca90afb3951e0444bf3024c77058dedfd92664870dc85d282ed837b0894ed6f,C,SPARQLcirc CircuitRewriter,ok,38,96.1,96.1,96.1,96.1,0.0,0,1,3600.0,155167,14.1,76,266,38,,362.942067,[96.1],[14.055],0.0,[0.0],110.8,[110.766],0.6,[0.612],r9.2-frozen-identity-v9,dfac415b5a6cbd6bca05218077d4301d6a1fc0d7ceff3e33f6c2c4c2d61d0e66,term-aware-candidate-set-v1,38,7d8c24360d885c4e1c89572b649f555f04203d0aa9d852f3f621c7f1d59afeb3,flat,flat,76dcaf1041b8189fd188bbb42838ce63c4aa9375729aca0a7db8164110c20852,/mnt/nfs/home/ac145595/workspace/rq3-artifacts/circuits/graphdb-100m/5ca90afb3951e0444bf3024c77058dedfd92664870dc85d282ed837b0894ed6f-76dcaf1041b8189fd188bbb42838ce63c4aa9375729aca0a7db8164110c20852.nt,/mnt/nfs/home/ac145595/workspace/rq3-artifacts/circuits/graphdb-100m/5ca90afb3951e0444bf3024c77058dedfd92664870dc85d282ed837b0894ed6f-76dcaf1041b8189fd188bbb42838ce63c4aa9375729aca0a7db8164110c20852.json,97e270d5282c51a91dc042b83c9b40dcf59ac03062cc5dabacb38908c6f1975d,d1633bf3cf6deea878140ccf48d37045f11aa6948794ed69c3c07292d9b066e8,e1e370c3c3e41897f966ee22e8c7c98840f6ecade4ccb1698265b03c62141a2f,2c97fc305990d2aa1e0f09f37216d4d5b1419027440c3151c422415f0c836db8,f3c05af6c7aa3bbf0aae501a61efa32804f36e642d32f61fe21875892b248a8a,8a988dc83f4082a4f27503ba2906dc6b8733b3c02be567635c726c67bbd48314,16162702ccec82b2a0e27063cd04bd756a27af1f003b4cef0da976d843ef4725,reified,writable,exploratory-base,exploratory-reified,41997fb8640d9e765a0272879a63548eb9bd46bbf6e49da02b7c924e506b94f7,e6d3d236675cf5aefb65ff5897cc6e142b08e2a2be9e4af928e482100bc8e0bd,2e884d94ace185d62b1b91debf493ccd0a69b83d08e74cf5f1c2be4851b14215,7b43c2342d7676aa65cc9ee233b2184c9eae88f2663874af7ab1b83282f94ab4,6ffd10b28ab050230cdc1137f0bd16155c3a7c587add7fbe921d985fa92879fe,,,,0e37cf07492471fd0bfbced3adb97e2cd2b7253185f6e8047a7c0878516024a9,"pcm-meta-v2:{""protocol"":""r9.2-frozen-identity-v9"",""message"":""C requested=flat effective=flat; steps=1 feedback=0; network includes CONSTRUCT, feedback INSERT, and cleanup DELETE"",""cell_wall_ms"":481.775,""answer_kind"":""term-aware-candidate-set-v1"",""answer_key_count"":38,""answer_fingerprint"":""7d8c24360d885c4e1c89572b649f555f04203d0aa9d852f3f621c7f1d59afeb3"",""c_parse_samples"":[14.055],""c_protocol_samples"":[{""requested_mode"":""flat"",""effective_mode"":""flat"",""fallback_reason"":null,""plan_steps"":1,""feedback_steps"":0,""feedback_triples"":0,""construct_query_ms"":96.1,""feedback_update_ms"":0.0,""cleanup_ms"":0.0,""client_protocol_ms"":0.0,""network_scope"":""construct+feedback+cleanup"",""circuit_sha256"":""76dcaf1041b8189fd188bbb42838ce63c4aa9375729aca0a7db8164110c20852"",""answer_fingerprint"":""7d8c24360d885c4e1c89572b649f555f04203d0aa9d852f3f621c7f1d59afeb3"",""semantic_signature_sha256"":""f83123895b70b375c2c3b08f2b4f0da977e6aa900ce2ffa7240caefb2decedd4"",""structure_signature"":{""gates"":76,""edges"":266,""answers"":38,""derivations"":38,""leaves"":228,""plus"":38,""minus"":0,""nodes"":304,""canonical_bytes"":155167},""construct_total_ms"":110.766,""client_unattributed_ms"":0.612}],""construct_total_samples"":[110.766],""construct_unattributed_samples"":[0.612],""status"":""ok"",""status_evidence"":null,""c_warmup_signatures"":[],""measured_semantic_signature_sha256"":""f83123895b70b375c2c3b08f2b4f0da977e6aa900ce2ffa7240caefb2decedd4"",""measured_repetitions_consistent"":true,""cache_snapshot_ms"":3.057,""cache_snapshot_scope"":""first-measured-response; deferred until all runs succeeded"",""outside_cell_cache_write_ms"":10.565,""endpoint_lock"":{""wait_ms"":0.007,""lock_path"":""/tmp/sparqlcirc-r9-endpoint-locks-v7/e6d3d236675cf5aefb65ff5897cc6e142b08e2a2be9e4af928e482100bc8e0bd.lock""},""construction_requested"":""flat"",""construction_effective"":""flat"",""circuit_sha256"":""76dcaf1041b8189fd188bbb42838ce63c4aa9375729aca0a7db8164110c20852"",""circuit_triples"":1064,""circuit_bytes"":155167,""circuit_path"":""/mnt/nfs/home/ac145595/workspace/rq3-artifacts/circuits/graphdb-100m/5ca90afb3951e0444bf3024c77058dedfd92664870dc85d282ed837b0894ed6f-76dcaf1041b8189fd188bbb42838ce63c4aa9375729aca0a7db8164110c20852.nt"",""metadata_path"":""/mnt/nfs/home/ac145595/workspace/rq3-artifacts/circuits/graphdb-100m/5ca90afb3951e0444bf3024c77058dedfd92664870dc85d282ed837b0894ed6f-76dcaf1041b8189fd188bbb42838ce63c4aa9375729aca0a7db8164110c20852.json"",""producer_observation_sha256"":""97e270d5282c51a91dc042b83c9b40dcf59ac03062cc5dabacb38908c6f1975d"",""sidecar_sha256"":""d1633bf3cf6deea878140ccf48d37045f11aa6948794ed69c3c07292d9b066e8"",""commit"":""966642a2961472c5f660f752648dc2693518e858"",""batch_id"":""dfac415b5a6cbd6bca05218077d4301d6a1fc0d7ceff3e33f6c2c4c2d61d0e66"",""query_sha256"":""5ca90afb3951e0444bf3024c77058dedfd92664870dc85d282ed837b0894ed6f"",""engine"":""graphdb"",""engine_version"":""GraphDB (RDF4J) [engines.json profile]"",""scale"":""100M"",""base_endpoint_sha256"":""e1e370c3c3e41897f966ee22e8c7c98840f6ecade4ccb1698265b03c62141a2f"",""reified_endpoint_sha256"":""2c97fc305990d2aa1e0f09f37216d4d5b1419027440c3151c422415f0c836db8"",""update_endpoint_sha256"":""f3c05af6c7aa3bbf0aae501a61efa32804f36e642d32f61fe21875892b248a8a"",""base_data_identity_sha256"":""8a988dc83f4082a4f27503ba2906dc6b8733b3c02be567635c726c67bbd48314"",""reified_data_identity_sha256"":""16162702ccec82b2a0e27063cd04bd756a27af1f003b4cef0da976d843ef4725"",""update_for"":""reified"",""access_mode"":""writable"",""base_data_name"":""exploratory-base"",""reified_data_name"":""exploratory-reified"",""update_canary_sha256"":""41997fb8640d9e765a0272879a63548eb9bd46bbf6e49da02b7c924e506b94f7"",""store_instance_sha256"":""e6d3d236675cf5aefb65ff5897cc6e142b08e2a2be9e4af928e482100bc8e0bd"",""store_discriminator_sha256"":""2e884d94ace185d62b1b91debf493ccd0a69b83d08e74cf5f1c2be4851b14215"",""tool_sha256"":""7b43c2342d7676aa65cc9ee233b2184c9eae88f2663874af7ab1b83282f94ab4"",""java_runtime_sha256"":""6ffd10b28ab050230cdc1137f0bd16155c3a7c587add7fbe921d985fa92879fe"",""run_identity_sha256"":""0e37cf07492471fd0bfbced3adb97e2cd2b7253185f6e8047a7c0878516024a9""}"
966642a2961472c5f660f752648dc2693518e858,graphdb,GraphDB (RDF4J) [engines.json profile],100M,L,L1,00,600c6f736028ac1dca0fa84f800a5b3b4f74bedfd8244d599a7c9b4e07bd041b,B,base-select,ok,4,21.8,21.8,21.8,21.8,0.0,0,1,3600.0,864,0.0,,,,,0.007211,[21.802],[0.0],,[],,[],,[],r9.2-frozen-identity-v9,dfac415b5a6cbd6bca05218077d4301d6a1fc0d7ceff3e33f6c2c4c2d61d0e66,csv-binding-multiset-v1,4,7f21058717c667743871840501b4696d6ea47bec1c07c1fbc8fa0aab81f9430f,,,,,,,,e1e370c3c3e41897f966ee22e8c7c98840f6ecade4ccb1698265b03c62141a2f,2c97fc305990d2aa1e0f09f37216d4d5b1419027440c3151c422415f0c836db8,f3c05af6c7aa3bbf0aae501a61efa32804f36e642d32f61fe21875892b248a8a,8a988dc83f4082a4f27503ba2906dc6b8733b3c02be567635c726c67bbd48314,16162702ccec82b2a0e27063cd04bd756a27af1f003b4cef0da976d843ef4725,reified,writable,exploratory-base,exploratory-reified,41997fb8640d9e765a0272879a63548eb9bd46bbf6e49da02b7c924e506b94f7,e6d3d236675cf5aefb65ff5897cc6e142b08e2a2be9e4af928e482100bc8e0bd,2e884d94ace185d62b1b91debf493ccd0a69b83d08e74cf5f1c2be4851b14215,7b43c2342d7676aa65cc9ee233b2184c9eae88f2663874af7ab1b83282f94ab4,6ffd10b28ab050230cdc1137f0bd16155c3a7c587add7fbe921d985fa92879fe,,,,40eac8a43680421f706d757e5128f643776e7f55b996b7f2a8415c26f127f534,"pcm-meta-v2:{""protocol"":""r9.2-frozen-identity-v9"",""message"":"""",""cell_wall_ms"":27.502,""answer_kind"":""csv-binding-multiset-v1"",""answer_key_count"":4,""answer_fingerprint"":""7f21058717c667743871840501b4696d6ea47bec1c07c1fbc8fa0aab81f9430f"",""c_parse_samples"":[0.0],""c_protocol_samples"":[],""construct_total_samples"":[],""construct_unattributed_samples"":[],""status"":""ok"",""status_evidence"":null,""construction_requested"":null,""construction_effective"":null,""commit"":""966642a2961472c5f660f752648dc2693518e858"",""batch_id"":""dfac415b5a6cbd6bca05218077d4301d6a1fc0d7ceff3e33f6c2c4c2d61d0e66"",""query_sha256"":""600c6f736028ac1dca0fa84f800a5b3b4f74bedfd8244d599a7c9b4e07bd041b"",""engine"":""graphdb"",""engine_version"":""GraphDB (RDF4J) [engines.json profile]"",""scale"":""100M"",""base_endpoint_sha256"":""e1e370c3c3e41897f966ee22e8c7c98840f6ecade4ccb1698265b03c62141a2f"",""reified_endpoint_sha256"":""2c97fc305990d2aa1e0f09f37216d4d5b1419027440c3151c422415f0c836db8"",""update_endpoint_sha256"":""f3c05af6c7aa3bbf0aae501a61efa32804f36e642d32f61fe21875892b248a8a"",""base_data_identity_sha256"":""8a988dc83f4082a4f27503ba2906dc6b8733b3c02be567635c726c67bbd48314"",""reified_data_identity_sha256"":""16162702ccec82b2a0e27063cd04bd756a27af1f003b4cef0da976d843ef4725"",""update_for"":""reified"",""access_mode"":""writable"",""base_data_name"":""exploratory-base"",""reified_data_name"":""exploratory-reified"",""update_canary_sha256"":""41997fb8640d9e765a0272879a63548eb9bd46bbf6e49da02b7c924e506b94f7"",""store_instance_sha256"":""e6d3d236675cf5aefb65ff5897cc6e142b08e2a2be9e4af928e482100bc8e0bd"",""store_discriminator_sha256"":""2e884d94ace185d62b1b91debf493ccd0a69b83d08e74cf5f1c2be4851b14215"",""tool_sha256"":""7b43c2342d7676aa65cc9ee233b2184c9eae88f2663874af7ab1b83282f94ab4"",""java_runtime_sha256"":""6ffd10b28ab050230cdc1137f0bd16155c3a7c587add7fbe921d985fa92879fe"",""run_identity_sha256"":""40eac8a43680421f706d757e5128f643776e7f55b996b7f2a8415c26f127f534""}"
966642a2961472c5f660f752648dc2693518e858,graphdb,GraphDB (RDF4J) [engines.json profile],100M,L,L1,00,600c6f736028ac1dca0fa84f800a5b3b4f74bedfd8244d599a7c9b4e07bd041b,R,reification-only,ok,4,23.1,23.1,23.1,23.1,0.0,0,1,3600.0,864,0.0,,,,,130.11221,[23.082],[0.0],,[],,[],,[],r9.2-frozen-identity-v9,dfac415b5a6cbd6bca05218077d4301d6a1fc0d7ceff3e33f6c2c4c2d61d0e66,csv-binding-multiset-v1,4,7f21058717c667743871840501b4696d6ea47bec1c07c1fbc8fa0aab81f9430f,,,,,,,,e1e370c3c3e41897f966ee22e8c7c98840f6ecade4ccb1698265b03c62141a2f,2c97fc305990d2aa1e0f09f37216d4d5b1419027440c3151c422415f0c836db8,f3c05af6c7aa3bbf0aae501a61efa32804f36e642d32f61fe21875892b248a8a,8a988dc83f4082a4f27503ba2906dc6b8733b3c02be567635c726c67bbd48314,16162702ccec82b2a0e27063cd04bd756a27af1f003b4cef0da976d843ef4725,reified,writable,exploratory-base,exploratory-reified,41997fb8640d9e765a0272879a63548eb9bd46bbf6e49da02b7c924e506b94f7,e6d3d236675cf5aefb65ff5897cc6e142b08e2a2be9e4af928e482100bc8e0bd,2e884d94ace185d62b1b91debf493ccd0a69b83d08e74cf5f1c2be4851b14215,7b43c2342d7676aa65cc9ee233b2184c9eae88f2663874af7ab1b83282f94ab4,6ffd10b28ab050230cdc1137f0bd16155c3a7c587add7fbe921d985fa92879fe,,,,40eac8a43680421f706d757e5128f643776e7f55b996b7f2a8415c26f127f534,"pcm-meta-v2:{""protocol"":""r9.2-frozen-identity-v9"",""message"":"""",""cell_wall_ms"":159.903,""answer_kind"":""csv-binding-multiset-v1"",""answer_key_count"":4,""answer_fingerprint"":""7f21058717c667743871840501b4696d6ea47bec1c07c1fbc8fa0aab81f9430f"",""c_parse_samples"":[0.0],""c_protocol_samples"":[],""construct_total_samples"":[],""construct_unattributed_samples"":[],""status"":""ok"",""status_evidence"":null,""construction_requested"":null,""construction_effective"":null,""commit"":""966642a2961472c5f660f752648dc2693518e858"",""batch_id"":""dfac415b5a6cbd6bca05218077d4301d6a1fc0d7ceff3e33f6c2c4c2d61d0e66"",""query_sha256"":""600c6f736028ac1dca0fa84f800a5b3b4f74bedfd8244d599a7c9b4e07bd041b"",""engine"":""graphdb"",""engine_version"":""GraphDB (RDF4J) [engines.json profile]"",""scale"":""100M"",""base_endpoint_sha256"":""e1e370c3c3e41897f966ee22e8c7c98840f6ecade4ccb1698265b03c62141a2f"",""reified_endpoint_sha256"":""2c97fc305990d2aa1e0f09f37216d4d5b1419027440c3151c422415f0c836db8"",""update_endpoint_sha256"":""f3c05af6c7aa3bbf0aae501a61efa32804f36e642d32f61fe21875892b248a8a"",""base_data_identity_sha256"":""8a988dc83f4082a4f27503ba2906dc6b8733b3c02be567635c726c67bbd48314"",""reified_data_identity_sha256"":""16162702ccec82b2a0e27063cd04bd756a27af1f003b4cef0da976d843ef4725"",""update_for"":""reified"",""access_mode"":""writable"",""base_data_name"":""exploratory-base"",""reified_data_name"":""exploratory-reified"",""update_canary_sha256"":""41997fb8640d9e765a0272879a63548eb9bd46bbf6e49da02b7c924e506b94f7"",""store_instance_sha256"":""e6d3d236675cf5aefb65ff5897cc6e142b08e2a2be9e4af928e482100bc8e0bd"",""store_discriminator_sha256"":""2e884d94ace185d62b1b91debf493ccd0a69b83d08e74cf5f1c2be4851b14215"",""tool_sha256"":""7b43c2342d7676aa65cc9ee233b2184c9eae88f2663874af7ab1b83282f94ab4"",""java_runtime_sha256"":""6ffd10b28ab050230cdc1137f0bd16155c3a7c587add7fbe921d985fa92879fe"",""run_identity_sha256"":""40eac8a43680421f706d757e5128f643776e7f55b996b7f2a8415c26f127f534""}"
966642a2961472c5f660f752648dc2693518e858,graphdb,GraphDB (RDF4J) [engines.json profile],100M,L,L1,00,600c6f736028ac1dca0fa84f800a5b3b4f74bedfd8244d599a7c9b4e07bd041b,N,N_clean (NPCS reimplementation),ok,4,19.8,19.8,19.8,19.8,0.0,0,1,3600.0,1119,0.0,,,,4,177.160783,[19.844],[0.0],,[],,[],,[],r9.2-frozen-identity-v9,dfac415b5a6cbd6bca05218077d4301d6a1fc0d7ceff3e33f6c2c4c2d61d0e66,csv-candidate-multiset-v1,4,7f21058717c667743871840501b4696d6ea47bec1c07c1fbc8fa0aab81f9430f,,,,,,,,e1e370c3c3e41897f966ee22e8c7c98840f6ecade4ccb1698265b03c62141a2f,2c97fc305990d2aa1e0f09f37216d4d5b1419027440c3151c422415f0c836db8,f3c05af6c7aa3bbf0aae501a61efa32804f36e642d32f61fe21875892b248a8a,8a988dc83f4082a4f27503ba2906dc6b8733b3c02be567635c726c67bbd48314,16162702ccec82b2a0e27063cd04bd756a27af1f003b4cef0da976d843ef4725,reified,writable,exploratory-base,exploratory-reified,41997fb8640d9e765a0272879a63548eb9bd46bbf6e49da02b7c924e506b94f7,e6d3d236675cf5aefb65ff5897cc6e142b08e2a2be9e4af928e482100bc8e0bd,2e884d94ace185d62b1b91debf493ccd0a69b83d08e74cf5f1c2be4851b14215,7b43c2342d7676aa65cc9ee233b2184c9eae88f2663874af7ab1b83282f94ab4,6ffd10b28ab050230cdc1137f0bd16155c3a7c587add7fbe921d985fa92879fe,4,0,12,40eac8a43680421f706d757e5128f643776e7f55b996b7f2a8415c26f127f534,"pcm-meta-v2:{""protocol"":""r9.2-frozen-identity-v9"",""message"":"""",""cell_wall_ms"":203.9,""answer_kind"":""csv-candidate-multiset-v1"",""answer_key_count"":4,""answer_fingerprint"":""7f21058717c667743871840501b4696d6ea47bec1c07c1fbc8fa0aab81f9430f"",""c_parse_samples"":[0.0],""c_protocol_samples"":[],""construct_total_samples"":[],""construct_unattributed_samples"":[],""status"":""ok"",""status_evidence"":null,""construction_requested"":null,""construction_effective"":null,""commit"":""966642a2961472c5f660f752648dc2693518e858"",""batch_id"":""dfac415b5a6cbd6bca05218077d4301d6a1fc0d7ceff3e33f6c2c4c2d61d0e66"",""query_sha256"":""600c6f736028ac1dca0fa84f800a5b3b4f74bedfd8244d599a7c9b4e07bd041b"",""engine"":""graphdb"",""engine_version"":""GraphDB (RDF4J) [engines.json profile]"",""scale"":""100M"",""base_endpoint_sha256"":""e1e370c3c3e41897f966ee22e8c7c98840f6ecade4ccb1698265b03c62141a2f"",""reified_endpoint_sha256"":""2c97fc305990d2aa1e0f09f37216d4d5b1419027440c3151c422415f0c836db8"",""update_endpoint_sha256"":""f3c05af6c7aa3bbf0aae501a61efa32804f36e642d32f61fe21875892b248a8a"",""base_data_identity_sha256"":""8a988dc83f4082a4f27503ba2906dc6b8733b3c02be567635c726c67bbd48314"",""reified_data_identity_sha256"":""16162702ccec82b2a0e27063cd04bd756a27af1f003b4cef0da976d843ef4725"",""update_for"":""reified"",""access_mode"":""writable"",""base_data_name"":""exploratory-base"",""reified_data_name"":""exploratory-reified"",""update_canary_sha256"":""41997fb8640d9e765a0272879a63548eb9bd46bbf6e49da02b7c924e506b94f7"",""store_instance_sha256"":""e6d3d236675cf5aefb65ff5897cc6e142b08e2a2be9e4af928e482100bc8e0bd"",""store_discriminator_sha256"":""2e884d94ace185d62b1b91debf493ccd0a69b83d08e74cf5f1c2be4851b14215"",""tool_sha256"":""7b43c2342d7676aa65cc9ee233b2184c9eae88f2663874af7ab1b83282f94ab4"",""java_runtime_sha256"":""6ffd10b28ab050230cdc1137f0bd16155c3a7c587add7fbe921d985fa92879fe"",""run_identity_sha256"":""40eac8a43680421f706d757e5128f643776e7f55b996b7f2a8415c26f127f534""}"
966642a2961472c5f660f752648dc2693518e858,graphdb,GraphDB (RDF4J) [engines.json profile],100M,L,L1,00,600c6f736028ac1dca0fa84f800a5b3b4f74bedfd8244d599a7c9b4e07bd041b,C,SPARQLcirc CircuitRewriter,ok,4,54.6,54.6,54.6,54.6,0.0,0,1,3600.0,9895,1.1,8,16,4,,343.636864,[54.612],[1.085],0.0,[0.0],56.1,[56.104],0.4,[0.407],r9.2-frozen-identity-v9,dfac415b5a6cbd6bca05218077d4301d6a1fc0d7ceff3e33f6c2c4c2d61d0e66,term-aware-candidate-set-v1,4,2443b3385399061ef97f989b3d4b25ff19b7bfb3f5012078d5f8bf9ddd3fa7b5,flat,flat,4ef4d3922d50e7e0953b8afb472404981f2d2586f2156d938d8079c5e7597538,/mnt/nfs/home/ac145595/workspace/rq3-artifacts/circuits/graphdb-100m/600c6f736028ac1dca0fa84f800a5b3b4f74bedfd8244d599a7c9b4e07bd041b-4ef4d3922d50e7e0953b8afb472404981f2d2586f2156d938d8079c5e7597538.nt,/mnt/nfs/home/ac145595/workspace/rq3-artifacts/circuits/graphdb-100m/600c6f736028ac1dca0fa84f800a5b3b4f74bedfd8244d599a7c9b4e07bd041b-4ef4d3922d50e7e0953b8afb472404981f2d2586f2156d938d8079c5e7597538.json,ed2b586a2c87e24e97a66dd62e7d8b63c5d735c3a100d0ea8feb4e2b8849f48c,655fb91a5d0890de0fddc1b79ca7f17a1c2922bff6c20e3228db20a851ff9fe7,e1e370c3c3e41897f966ee22e8c7c98840f6ecade4ccb1698265b03c62141a2f,2c97fc305990d2aa1e0f09f37216d4d5b1419027440c3151c422415f0c836db8,f3c05af6c7aa3bbf0aae501a61efa32804f36e642d32f61fe21875892b248a8a,8a988dc83f4082a4f27503ba2906dc6b8733b3c02be567635c726c67bbd48314,16162702ccec82b2a0e27063cd04bd756a27af1f003b4cef0da976d843ef4725,reified,writable,exploratory-base,exploratory-reified,41997fb8640d9e765a0272879a63548eb9bd46bbf6e49da02b7c924e506b94f7,e6d3d236675cf5aefb65ff5897cc6e142b08e2a2be9e4af928e482100bc8e0bd,2e884d94ace185d62b1b91debf493ccd0a69b83d08e74cf5f1c2be4851b14215,7b43c2342d7676aa65cc9ee233b2184c9eae88f2663874af7ab1b83282f94ab4,6ffd10b28ab050230cdc1137f0bd16155c3a7c587add7fbe921d985fa92879fe,,,,40eac8a43680421f706d757e5128f643776e7f55b996b7f2a8415c26f127f534,"pcm-meta-v2:{""protocol"":""r9.2-frozen-identity-v9"",""message"":""C requested=flat effective=flat; steps=1 feedback=0; network includes CONSTRUCT, feedback INSERT, and cleanup DELETE"",""cell_wall_ms"":405.663,""answer_kind"":""term-aware-candidate-set-v1"",""answer_key_count"":4,""answer_fingerprint"":""2443b3385399061ef97f989b3d4b25ff19b7bfb3f5012078d5f8bf9ddd3fa7b5"",""c_parse_samples"":[1.085],""c_protocol_samples"":[{""requested_mode"":""flat"",""effective_mode"":""flat"",""fallback_reason"":null,""plan_steps"":1,""feedback_steps"":0,""feedback_triples"":0,""construct_query_ms"":54.612,""feedback_update_ms"":0.0,""cleanup_ms"":0.0,""client_protocol_ms"":0.0,""network_scope"":""construct+feedback+cleanup"",""circuit_sha256"":""4ef4d3922d50e7e0953b8afb472404981f2d2586f2156d938d8079c5e7597538"",""answer_fingerprint"":""2443b3385399061ef97f989b3d4b25ff19b7bfb3f5012078d5f8bf9ddd3fa7b5"",""semantic_signature_sha256"":""2e291cffc594f7912d85f7efb31e3789243bcc2365082712fabcb53216860f27"",""structure_signature"":{""gates"":8,""edges"":16,""answers"":4,""derivations"":4,""leaves"":12,""plus"":4,""minus"":0,""nodes"":20,""canonical_bytes"":9895},""construct_total_ms"":56.104,""client_unattributed_ms"":0.407}],""construct_total_samples"":[56.104],""construct_unattributed_samples"":[0.407],""status"":""ok"",""status_evidence"":null,""c_warmup_signatures"":[],""measured_semantic_signature_sha256"":""2e291cffc594f7912d85f7efb31e3789243bcc2365082712fabcb53216860f27"",""measured_repetitions_consistent"":true,""cache_snapshot_ms"":1.296,""cache_snapshot_scope"":""first-measured-response; deferred until all runs succeeded"",""outside_cell_cache_write_ms"":4.561,""endpoint_lock"":{""wait_ms"":0.006,""lock_path"":""/tmp/sparqlcirc-r9-endpoint-locks-v7/e6d3d236675cf5aefb65ff5897cc6e142b08e2a2be9e4af928e482100bc8e0bd.lock""},""construction_requested"":""flat"",""construction_effective"":""flat"",""circuit_sha256"":""4ef4d3922d50e7e0953b8afb472404981f2d2586f2156d938d8079c5e7597538"",""circuit_triples"":64,""circuit_bytes"":9895,""circuit_path"":""/mnt/nfs/home/ac145595/workspace/rq3-artifacts/circuits/graphdb-100m/600c6f736028ac1dca0fa84f800a5b3b4f74bedfd8244d599a7c9b4e07bd041b-4ef4d3922d50e7e0953b8afb472404981f2d2586f2156d938d8079c5e7597538.nt"",""metadata_path"":""/mnt/nfs/home/ac145595/workspace/rq3-artifacts/circuits/graphdb-100m/600c6f736028ac1dca0fa84f800a5b3b4f74bedfd8244d599a7c9b4e07bd041b-4ef4d3922d50e7e0953b8afb472404981f2d2586f2156d938d8079c5e7597538.json"",""producer_observation_sha256"":""ed2b586a2c87e24e97a66dd62e7d8b63c5d735c3a100d0ea8feb4e2b8849f48c"",""sidecar_sha256"":""655fb91a5d0890de0fddc1b79ca7f17a1c2922bff6c20e3228db20a851ff9fe7"",""commit"":""966642a2961472c5f660f752648dc2693518e858"",""batch_id"":""dfac415b5a6cbd6bca05218077d4301d6a1fc0d7ceff3e33f6c2c4c2d61d0e66"",""query_sha256"":""600c6f736028ac1dca0fa84f800a5b3b4f74bedfd8244d599a7c9b4e07bd041b"",""engine"":""graphdb"",""engine_version"":""GraphDB (RDF4J) [engines.json profile]"",""scale"":""100M"",""base_endpoint_sha256"":""e1e370c3c3e41897f966ee22e8c7c98840f6ecade4ccb1698265b03c62141a2f"",""reified_endpoint_sha256"":""2c97fc305990d2aa1e0f09f37216d4d5b1419027440c3151c422415f0c836db8"",""update_endpoint_sha256"":""f3c05af6c7aa3bbf0aae501a61efa32804f36e642d32f61fe21875892b248a8a"",""base_data_identity_sha256"":""8a988dc83f4082a4f27503ba2906dc6b8733b3c02be567635c726c67bbd48314"",""reified_data_identity_sha256"":""16162702ccec82b2a0e27063cd04bd756a27af1f003b4cef0da976d843ef4725"",""update_for"":""reified"",""access_mode"":""writable"",""base_data_name"":""exploratory-base"",""reified_data_name"":""exploratory-reified"",""update_canary_sha256"":""41997fb8640d9e765a0272879a63548eb9bd46bbf6e49da02b7c924e506b94f7"",""store_instance_sha256"":""e6d3d236675cf5aefb65ff5897cc6e142b08e2a2be9e4af928e482100bc8e0bd"",""store_discriminator_sha256"":""2e884d94ace185d62b1b91debf493ccd0a69b83d08e74cf5f1c2be4851b14215"",""tool_sha256"":""7b43c2342d7676aa65cc9ee233b2184c9eae88f2663874af7ab1b83282f94ab4"",""java_runtime_sha256"":""6ffd10b28ab050230cdc1137f0bd16155c3a7c587add7fbe921d985fa92879fe"",""run_identity_sha256"":""40eac8a43680421f706d757e5128f643776e7f55b996b7f2a8415c26f127f534""}"
966642a2961472c5f660f752648dc2693518e858,graphdb,GraphDB (RDF4J) [engines.json profile],100M,L,L2,00,64873fb3e0533f5e97269a846ba7be46358d4ae4e7b00ae160b34130e60e4ce6,B,base-select,ok,961,178.1,178.1,178.1,178.1,0.0,0,1,3600.0,89283,0.0,,,,,0.007091,[178.117],[0.0],,[],,[],,[],r9.2-frozen-identity-v9,dfac415b5a6cbd6bca05218077d4301d6a1fc0d7ceff3e33f6c2c4c2d61d0e66,csv-binding-multiset-v1,961,1957f2defcc20b911e7ba244cc4a5a46e2ade9d2495f6cae8d8409f2a0abec6a,,,,,,,,e1e370c3c3e41897f966ee22e8c7c98840f6ecade4ccb1698265b03c62141a2f,2c97fc305990d2aa1e0f09f37216d4d5b1419027440c3151c422415f0c836db8,f3c05af6c7aa3bbf0aae501a61efa32804f36e642d32f61fe21875892b248a8a,8a988dc83f4082a4f27503ba2906dc6b8733b3c02be567635c726c67bbd48314,16162702ccec82b2a0e27063cd04bd756a27af1f003b4cef0da976d843ef4725,reified,writable,exploratory-base,exploratory-reified,41997fb8640d9e765a0272879a63548eb9bd46bbf6e49da02b7c924e506b94f7,e6d3d236675cf5aefb65ff5897cc6e142b08e2a2be9e4af928e482100bc8e0bd,2e884d94ace185d62b1b91debf493ccd0a69b83d08e74cf5f1c2be4851b14215,7b43c2342d7676aa65cc9ee233b2184c9eae88f2663874af7ab1b83282f94ab4,6ffd10b28ab050230cdc1137f0bd16155c3a7c587add7fbe921d985fa92879fe,,,,2ec77e0131ceb18bcadf6caf7811a849b391ac98793ca9ed94014eb9161f6cd4,"pcm-meta-v2:{""protocol"":""r9.2-frozen-identity-v9"",""message"":"""",""cell_wall_ms"":190.114,""answer_kind"":""csv-binding-multiset-v1"",""answer_key_count"":961,""answer_fingerprint"":""1957f2defcc20b911e7ba244cc4a5a46e2ade9d2495f6cae8d8409f2a0abec6a"",""c_parse_samples"":[0.0],""c_protocol_samples"":[],""construct_total_samples"":[],""construct_unattributed_samples"":[],""status"":""ok"",""status_evidence"":null,""construction_requested"":null,""construction_effective"":null,""commit"":""966642a2961472c5f660f752648dc2693518e858"",""batch_id"":""dfac415b5a6cbd6bca05218077d4301d6a1fc0d7ceff3e33f6c2c4c2d61d0e66"",""query_sha256"":""64873fb3e0533f5e97269a846ba7be46358d4ae4e7b00ae160b34130e60e4ce6"",""engine"":""graphdb"",""engine_version"":""GraphDB (RDF4J) [engines.json profile]"",""scale"":""100M"",""base_endpoint_sha256"":""e1e370c3c3e41897f966ee22e8c7c98840f6ecade4ccb1698265b03c62141a2f"",""reified_endpoint_sha256"":""2c97fc305990d2aa1e0f09f37216d4d5b1419027440c3151c422415f0c836db8"",""update_endpoint_sha256"":""f3c05af6c7aa3bbf0aae501a61efa32804f36e642d32f61fe21875892b248a8a"",""base_data_identity_sha256"":""8a988dc83f4082a4f27503ba2906dc6b8733b3c02be567635c726c67bbd48314"",""reified_data_identity_sha256"":""16162702ccec82b2a0e27063cd04bd756a27af1f003b4cef0da976d843ef4725"",""update_for"":""reified"",""access_mode"":""writable"",""base_data_name"":""exploratory-base"",""reified_data_name"":""exploratory-reified"",""update_canary_sha256"":""41997fb8640d9e765a0272879a63548eb9bd46bbf6e49da02b7c924e506b94f7"",""store_instance_sha256"":""e6d3d236675cf5aefb65ff5897cc6e142b08e2a2be9e4af928e482100bc8e0bd"",""store_discriminator_sha256"":""2e884d94ace185d62b1b91debf493ccd0a69b83d08e74cf5f1c2be4851b14215"",""tool_sha256"":""7b43c2342d7676aa65cc9ee233b2184c9eae88f2663874af7ab1b83282f94ab4"",""java_runtime_sha256"":""6ffd10b28ab050230cdc1137f0bd16155c3a7c587add7fbe921d985fa92879fe"",""run_identity_sha256"":""2ec77e0131ceb18bcadf6caf7811a849b391ac98793ca9ed94014eb9161f6cd4""}"
966642a2961472c5f660f752648dc2693518e858,graphdb,GraphDB (RDF4J) [engines.json profile],100M,L,L2,00,64873fb3e0533f5e97269a846ba7be46358d4ae4e7b00ae160b34130e60e4ce6,R,reification-only,ok,961,6077.3,6077.3,6077.3,6077.3,0.0,0,1,3600.0,89283,0.0,,,,,129.243537,[6077.305],[0.0],,[],,[],,[],r9.2-frozen-identity-v9,dfac415b5a6cbd6bca05218077d4301d6a1fc0d7ceff3e33f6c2c4c2d61d0e66,csv-binding-multiset-v1,961,1957f2defcc20b911e7ba244cc4a5a46e2ade9d2495f6cae8d8409f2a0abec6a,,,,,,,,e1e370c3c3e41897f966ee22e8c7c98840f6ecade4ccb1698265b03c62141a2f,2c97fc305990d2aa1e0f09f37216d4d5b1419027440c3151c422415f0c836db8,f3c05af6c7aa3bbf0aae501a61efa32804f36e642d32f61fe21875892b248a8a,8a988dc83f4082a4f27503ba2906dc6b8733b3c02be567635c726c67bbd48314,16162702ccec82b2a0e27063cd04bd756a27af1f003b4cef0da976d843ef4725,reified,writable,exploratory-base,exploratory-reified,41997fb8640d9e765a0272879a63548eb9bd46bbf6e49da02b7c924e506b94f7,e6d3d236675cf5aefb65ff5897cc6e142b08e2a2be9e4af928e482100bc8e0bd,2e884d94ace185d62b1b91debf493ccd0a69b83d08e74cf5f1c2be4851b14215,7b43c2342d7676aa65cc9ee233b2184c9eae88f2663874af7ab1b83282f94ab4,6ffd10b28ab050230cdc1137f0bd16155c3a7c587add7fbe921d985fa92879fe,,,,2ec77e0131ceb18bcadf6caf7811a849b391ac98793ca9ed94014eb9161f6cd4,"pcm-meta-v2:{""protocol"":""r9.2-frozen-identity-v9"",""message"":"""",""cell_wall_ms"":6218.915,""answer_kind"":""csv-binding-multiset-v1"",""answer_key_count"":961,""answer_fingerprint"":""1957f2defcc20b911e7ba244cc4a5a46e2ade9d2495f6cae8d8409f2a0abec6a"",""c_parse_samples"":[0.0],""c_protocol_samples"":[],""construct_total_samples"":[],""construct_unattributed_samples"":[],""status"":""ok"",""status_evidence"":null,""construction_requested"":null,""construction_effective"":null,""commit"":""966642a2961472c5f660f752648dc2693518e858"",""batch_id"":""dfac415b5a6cbd6bca05218077d4301d6a1fc0d7ceff3e33f6c2c4c2d61d0e66"",""query_sha256"":""64873fb3e0533f5e97269a846ba7be46358d4ae4e7b00ae160b34130e60e4ce6"",""engine"":""graphdb"",""engine_version"":""GraphDB (RDF4J) [engines.json profile]"",""scale"":""100M"",""base_endpoint_sha256"":""e1e370c3c3e41897f966ee22e8c7c98840f6ecade4ccb1698265b03c62141a2f"",""reified_endpoint_sha256"":""2c97fc305990d2aa1e0f09f37216d4d5b1419027440c3151c422415f0c836db8"",""update_endpoint_sha256"":""f3c05af6c7aa3bbf0aae501a61efa32804f36e642d32f61fe21875892b248a8a"",""base_data_identity_sha256"":""8a988dc83f4082a4f27503ba2906dc6b8733b3c02be567635c726c67bbd48314"",""reified_data_identity_sha256"":""16162702ccec82b2a0e27063cd04bd756a27af1f003b4cef0da976d843ef4725"",""update_for"":""reified"",""access_mode"":""writable"",""base_data_name"":""exploratory-base"",""reified_data_name"":""exploratory-reified"",""update_canary_sha256"":""41997fb8640d9e765a0272879a63548eb9bd46bbf6e49da02b7c924e506b94f7"",""store_instance_sha256"":""e6d3d236675cf5aefb65ff5897cc6e142b08e2a2be9e4af928e482100bc8e0bd"",""store_discriminator_sha256"":""2e884d94ace185d62b1b91debf493ccd0a69b83d08e74cf5f1c2be4851b14215"",""tool_sha256"":""7b43c2342d7676aa65cc9ee233b2184c9eae88f2663874af7ab1b83282f94ab4"",""java_runtime_sha256"":""6ffd10b28ab050230cdc1137f0bd16155c3a7c587add7fbe921d985fa92879fe"",""run_identity_sha256"":""2ec77e0131ceb18bcadf6caf7811a849b391ac98793ca9ed94014eb9161f6cd4""}"
966642a2961472c5f660f752648dc2693518e858,graphdb,GraphDB (RDF4J) [engines.json profile],100M,L,L2,00,64873fb3e0533f5e97269a846ba7be46358d4ae4e7b00ae160b34130e60e4ce6,N,N_clean (NPCS reimplementation),ok,961,20777.2,20777.2,20777.2,20777.2,0.0,0,1,3600.0,138502,0.0,,,,961,177.63557,[20777.22],[0.0],,[],,[],,[],r9.2-frozen-identity-v9,dfac415b5a6cbd6bca05218077d4301d6a1fc0d7ceff3e33f6c2c4c2d61d0e66,csv-candidate-multiset-v1,961,1957f2defcc20b911e7ba244cc4a5a46e2ade9d2495f6cae8d8409f2a0abec6a,,,,,,,,e1e370c3c3e41897f966ee22e8c7c98840f6ecade4ccb1698265b03c62141a2f,2c97fc305990d2aa1e0f09f37216d4d5b1419027440c3151c422415f0c836db8,f3c05af6c7aa3bbf0aae501a61efa32804f36e642d32f61fe21875892b248a8a,8a988dc83f4082a4f27503ba2906dc6b8733b3c02be567635c726c67bbd48314,16162702ccec82b2a0e27063cd04bd756a27af1f003b4cef0da976d843ef4725,reified,writable,exploratory-base,exploratory-reified,41997fb8640d9e765a0272879a63548eb9bd46bbf6e49da02b7c924e506b94f7,e6d3d236675cf5aefb65ff5897cc6e142b08e2a2be9e4af928e482100bc8e0bd,2e884d94ace185d62b1b91debf493ccd0a69b83d08e74cf5f1c2be4851b14215,7b43c2342d7676aa65cc9ee233b2184c9eae88f2663874af7ab1b83282f94ab4,6ffd10b28ab050230cdc1137f0bd16155c3a7c587add7fbe921d985fa92879fe,961,0,2883,2ec77e0131ceb18bcadf6caf7811a849b391ac98793ca9ed94014eb9161f6cd4,"pcm-meta-v2:{""protocol"":""r9.2-frozen-identity-v9"",""message"":"""",""cell_wall_ms"":20974.25,""answer_kind"":""csv-candidate-multiset-v1"",""answer_key_count"":961,""answer_fingerprint"":""1957f2defcc20b911e7ba244cc4a5a46e2ade9d2495f6cae8d8409f2a0abec6a"",""c_parse_samples"":[0.0],""c_protocol_samples"":[],""construct_total_samples"":[],""construct_unattributed_samples"":[],""status"":""ok"",""status_evidence"":null,""construction_requested"":null,""construction_effective"":null,""commit"":""966642a2961472c5f660f752648dc2693518e858"",""batch_id"":""dfac415b5a6cbd6bca05218077d4301d6a1fc0d7ceff3e33f6c2c4c2d61d0e66"",""query_sha256"":""64873fb3e0533f5e97269a846ba7be46358d4ae4e7b00ae160b34130e60e4ce6"",""engine"":""graphdb"",""engine_version"":""GraphDB (RDF4J) [engines.json profile]"",""scale"":""100M"",""base_endpoint_sha256"":""e1e370c3c3e41897f966ee22e8c7c98840f6ecade4ccb1698265b03c62141a2f"",""reified_endpoint_sha256"":""2c97fc305990d2aa1e0f09f37216d4d5b1419027440c3151c422415f0c836db8"",""update_endpoint_sha256"":""f3c05af6c7aa3bbf0aae501a61efa32804f36e642d32f61fe21875892b248a8a"",""base_data_identity_sha256"":""8a988dc83f4082a4f27503ba2906dc6b8733b3c02be567635c726c67bbd48314"",""reified_data_identity_sha256"":""16162702ccec82b2a0e27063cd04bd756a27af1f003b4cef0da976d843ef4725"",""update_for"":""reified"",""access_mode"":""writable"",""base_data_name"":""exploratory-base"",""reified_data_name"":""exploratory-reified"",""update_canary_sha256"":""41997fb8640d9e765a0272879a63548eb9bd46bbf6e49da02b7c924e506b94f7"",""store_instance_sha256"":""e6d3d236675cf5aefb65ff5897cc6e142b08e2a2be9e4af928e482100bc8e0bd"",""store_discriminator_sha256"":""2e884d94ace185d62b1b91debf493ccd0a69b83d08e74cf5f1c2be4851b14215"",""tool_sha256"":""7b43c2342d7676aa65cc9ee233b2184c9eae88f2663874af7ab1b83282f94ab4"",""java_runtime_sha256"":""6ffd10b28ab050230cdc1137f0bd16155c3a7c587add7fbe921d985fa92879fe"",""run_identity_sha256"":""2ec77e0131ceb18bcadf6caf7811a849b391ac98793ca9ed94014eb9161f6cd4""}"
966642a2961472c5f660f752648dc2693518e858,graphdb,GraphDB (RDF4J) [engines.json profile],100M,L,L2,00,64873fb3e0533f5e97269a846ba7be46358d4ae4e7b00ae160b34130e60e4ce6,C,SPARQLcirc CircuitRewriter,ok,961,69347.7,69347.7,69347.7,69347.7,0.0,0,1,3600.0,1771113,155.8,1922,3844,961,,349.826318,[69347.732],[155.772],0.0,[0.0],69507.3,[69507.331],3.8,[3.827],r9.2-frozen-identity-v9,dfac415b5a6cbd6bca05218077d4301d6a1fc0d7ceff3e33f6c2c4c2d61d0e66,term-aware-candidate-set-v1,961,dcac67cd85a34c9c5c20983b5a0e919942fde689f80b34cb02f455c160edb559,flat,flat,35d15df64205e5280d0c1f070a238b2bede97fdf703ac1c42ee134863020abcc,/mnt/nfs/home/ac145595/workspace/rq3-artifacts/circuits/graphdb-100m/64873fb3e0533f5e97269a846ba7be46358d4ae4e7b00ae160b34130e60e4ce6-35d15df64205e5280d0c1f070a238b2bede97fdf703ac1c42ee134863020abcc.nt,/mnt/nfs/home/ac145595/workspace/rq3-artifacts/circuits/graphdb-100m/64873fb3e0533f5e97269a846ba7be46358d4ae4e7b00ae160b34130e60e4ce6-35d15df64205e5280d0c1f070a238b2bede97fdf703ac1c42ee134863020abcc.json,6480644cac0c101b4c71041b2244b2d7015a53f504c6c679529c1cc14d09a0a9,592c55533b148b3afb07719bd706ef112df9839ba245b01fd83feba56f9a97d3,e1e370c3c3e41897f966ee22e8c7c98840f6ecade4ccb1698265b03c62141a2f,2c97fc305990d2aa1e0f09f37216d4d5b1419027440c3151c422415f0c836db8,f3c05af6c7aa3bbf0aae501a61efa32804f36e642d32f61fe21875892b248a8a,8a988dc83f4082a4f27503ba2906dc6b8733b3c02be567635c726c67bbd48314,16162702ccec82b2a0e27063cd04bd756a27af1f003b4cef0da976d843ef4725,reified,writable,exploratory-base,exploratory-reified,41997fb8640d9e765a0272879a63548eb9bd46bbf6e49da02b7c924e506b94f7,e6d3d236675cf5aefb65ff5897cc6e142b08e2a2be9e4af928e482100bc8e0bd,2e884d94ace185d62b1b91debf493ccd0a69b83d08e74cf5f1c2be4851b14215,7b43c2342d7676aa65cc9ee233b2184c9eae88f2663874af7ab1b83282f94ab4,6ffd10b28ab050230cdc1137f0bd16155c3a7c587add7fbe921d985fa92879fe,,,,2ec77e0131ceb18bcadf6caf7811a849b391ac98793ca9ed94014eb9161f6cd4,"pcm-meta-v2:{""protocol"":""r9.2-frozen-identity-v9"",""message"":""C requested=flat effective=flat; steps=1 feedback=0; network includes CONSTRUCT, feedback INSERT, and cleanup DELETE"",""cell_wall_ms"":69896.074,""answer_kind"":""term-aware-candidate-set-v1"",""answer_key_count"":961,""answer_fingerprint"":""dcac67cd85a34c9c5c20983b5a0e919942fde689f80b34cb02f455c160edb559"",""c_parse_samples"":[155.772],""c_protocol_samples"":[{""requested_mode"":""flat"",""effective_mode"":""flat"",""fallback_reason"":null,""plan_steps"":1,""feedback_steps"":0,""feedback_triples"":0,""construct_query_ms"":69347.732,""feedback_update_ms"":0.0,""cleanup_ms"":0.0,""client_protocol_ms"":0.0,""network_scope"":""construct+feedback+cleanup"",""circuit_sha256"":""35d15df64205e5280d0c1f070a238b2bede97fdf703ac1c42ee134863020abcc"",""answer_fingerprint"":""dcac67cd85a34c9c5c20983b5a0e919942fde689f80b34cb02f455c160edb559"",""semantic_signature_sha256"":""6c2d0a92b3232bef5a604f8ac1eadbd7eed8bf0ca48a7b6b1968067889b19b00"",""structure_signature"":{""gates"":1922,""edges"":3844,""answers"":961,""derivations"":961,""leaves"":1923,""plus"":961,""minus"":0,""nodes"":3845,""canonical_bytes"":1771113},""construct_total_ms"":69507.331,""client_unattributed_ms"":3.827}],""construct_total_samples"":[69507.331],""construct_unattributed_samples"":[3.827],""status"":""ok"",""status_evidence"":null,""c_warmup_signatures"":[],""measured_semantic_signature_sha256"":""6c2d0a92b3232bef5a604f8ac1eadbd7eed8bf0ca48a7b6b1968067889b19b00"",""measured_repetitions_consistent"":true,""cache_snapshot_ms"":31.795,""cache_snapshot_scope"":""first-measured-response; deferred until all runs succeeded"",""outside_cell_cache_write_ms"":82.212,""endpoint_lock"":{""wait_ms"":0.007,""lock_path"":""/tmp/sparqlcirc-r9-endpoint-locks-v7/e6d3d236675cf5aefb65ff5897cc6e142b08e2a2be9e4af928e482100bc8e0bd.lock""},""construction_requested"":""flat"",""construction_effective"":""flat"",""circuit_sha256"":""35d15df64205e5280d0c1f070a238b2bede97fdf703ac1c42ee134863020abcc"",""circuit_triples"":12493,""circuit_bytes"":1771113,""circuit_path"":""/mnt/nfs/home/ac145595/workspace/rq3-artifacts/circuits/graphdb-100m/64873fb3e0533f5e97269a846ba7be46358d4ae4e7b00ae160b34130e60e4ce6-35d15df64205e5280d0c1f070a238b2bede97fdf703ac1c42ee134863020abcc.nt"",""metadata_path"":""/mnt/nfs/home/ac145595/workspace/rq3-artifacts/circuits/graphdb-100m/64873fb3e0533f5e97269a846ba7be46358d4ae4e7b00ae160b34130e60e4ce6-35d15df64205e5280d0c1f070a238b2bede97fdf703ac1c42ee134863020abcc.json"",""producer_observation_sha256"":""6480644cac0c101b4c71041b2244b2d7015a53f504c6c679529c1cc14d09a0a9"",""sidecar_sha256"":""592c55533b148b3afb07719bd706ef112df9839ba245b01fd83feba56f9a97d3"",""commit"":""966642a2961472c5f660f752648dc2693518e858"",""batch_id"":""dfac415b5a6cbd6bca05218077d4301d6a1fc0d7ceff3e33f6c2c4c2d61d0e66"",""query_sha256"":""64873fb3e0533f5e97269a846ba7be46358d4ae4e7b00ae160b34130e60e4ce6"",""engine"":""graphdb"",""engine_version"":""GraphDB (RDF4J) [engines.json profile]"",""scale"":""100M"",""base_endpoint_sha256"":""e1e370c3c3e41897f966ee22e8c7c98840f6ecade4ccb1698265b03c62141a2f"",""reified_endpoint_sha256"":""2c97fc305990d2aa1e0f09f37216d4d5b1419027440c3151c422415f0c836db8"",""update_endpoint_sha256"":""f3c05af6c7aa3bbf0aae501a61efa32804f36e642d32f61fe21875892b248a8a"",""base_data_identity_sha256"":""8a988dc83f4082a4f27503ba2906dc6b8733b3c02be567635c726c67bbd48314"",""reified_data_identity_sha256"":""16162702ccec82b2a0e27063cd04bd756a27af1f003b4cef0da976d843ef4725"",""update_for"":""reified"",""access_mode"":""writable"",""base_data_name"":""exploratory-base"",""reified_data_name"":""exploratory-reified"",""update_canary_sha256"":""41997fb8640d9e765a0272879a63548eb9bd46bbf6e49da02b7c924e506b94f7"",""store_instance_sha256"":""e6d3d236675cf5aefb65ff5897cc6e142b08e2a2be9e4af928e482100bc8e0bd"",""store_discriminator_sha256"":""2e884d94ace185d62b1b91debf493ccd0a69b83d08e74cf5f1c2be4851b14215"",""tool_sha256"":""7b43c2342d7676aa65cc9ee233b2184c9eae88f2663874af7ab1b83282f94ab4"",""java_runtime_sha256"":""6ffd10b28ab050230cdc1137f0bd16155c3a7c587add7fbe921d985fa92879fe"",""run_identity_sha256"":""2ec77e0131ceb18bcadf6caf7811a849b391ac98793ca9ed94014eb9161f6cd4""}"
966642a2961472c5f660f752648dc2693518e858,graphdb,GraphDB (RDF4J) [engines.json profile],100M,L,L3,00,6e68c33e9b346995ea7cedfa79c5123b2290df112a813135a2d0753aa4f34a04,B,base-select,ok,7,7.9,7.9,7.9,7.9,0.0,0,1,3600.0,340,0.0,,,,,0.00613,[7.933],[0.0],,[],,[],,[],r9.2-frozen-identity-v9,dfac415b5a6cbd6bca05218077d4301d6a1fc0d7ceff3e33f6c2c4c2d61d0e66,csv-binding-multiset-v1,7,2fb144573c1dcea3274c40845ca5aeeadd94a50b972bcef6bf90089fd37d5886,,,,,,,,e1e370c3c3e41897f966ee22e8c7c98840f6ecade4ccb1698265b03c62141a2f,2c97fc305990d2aa1e0f09f37216d4d5b1419027440c3151c422415f0c836db8,f3c05af6c7aa3bbf0aae501a61efa32804f36e642d32f61fe21875892b248a8a,8a988dc83f4082a4f27503ba2906dc6b8733b3c02be567635c726c67bbd48314,16162702ccec82b2a0e27063cd04bd756a27af1f003b4cef0da976d843ef4725,reified,writable,exploratory-base,exploratory-reified,41997fb8640d9e765a0272879a63548eb9bd46bbf6e49da02b7c924e506b94f7,e6d3d236675cf5aefb65ff5897cc6e142b08e2a2be9e4af928e482100bc8e0bd,2e884d94ace185d62b1b91debf493ccd0a69b83d08e74cf5f1c2be4851b14215,7b43c2342d7676aa65cc9ee233b2184c9eae88f2663874af7ab1b83282f94ab4,6ffd10b28ab050230cdc1137f0bd16155c3a7c587add7fbe921d985fa92879fe,,,,e2e23584eb78ff52996ca94b21f9cb987a07514d27914feaaaf67c96d9d45ff2,"pcm-meta-v2:{""protocol"":""r9.2-frozen-identity-v9"",""message"":"""",""cell_wall_ms"":14.087,""answer_kind"":""csv-binding-multiset-v1"",""answer_key_count"":7,""answer_fingerprint"":""2fb144573c1dcea3274c40845ca5aeeadd94a50b972bcef6bf90089fd37d5886"",""c_parse_samples"":[0.0],""c_protocol_samples"":[],""construct_total_samples"":[],""construct_unattributed_samples"":[],""status"":""ok"",""status_evidence"":null,""construction_requested"":null,""construction_effective"":null,""commit"":""966642a2961472c5f660f752648dc2693518e858"",""batch_id"":""dfac415b5a6cbd6bca05218077d4301d6a1fc0d7ceff3e33f6c2c4c2d61d0e66"",""query_sha256"":""6e68c33e9b346995ea7cedfa79c5123b2290df112a813135a2d0753aa4f34a04"",""engine"":""graphdb"",""engine_version"":""GraphDB (RDF4J) [engines.json profile]"",""scale"":""100M"",""base_endpoint_sha256"":""e1e370c3c3e41897f966ee22e8c7c98840f6ecade4ccb1698265b03c62141a2f"",""reified_endpoint_sha256"":""2c97fc305990d2aa1e0f09f37216d4d5b1419027440c3151c422415f0c836db8"",""update_endpoint_sha256"":""f3c05af6c7aa3bbf0aae501a61efa32804f36e642d32f61fe21875892b248a8a"",""base_data_identity_sha256"":""8a988dc83f4082a4f27503ba2906dc6b8733b3c02be567635c726c67bbd48314"",""reified_data_identity_sha256"":""16162702ccec82b2a0e27063cd04bd756a27af1f003b4cef0da976d843ef4725"",""update_for"":""reified"",""access_mode"":""writable"",""base_data_name"":""exploratory-base"",""reified_data_name"":""exploratory-reified"",""update_canary_sha256"":""41997fb8640d9e765a0272879a63548eb9bd46bbf6e49da02b7c924e506b94f7"",""store_instance_sha256"":""e6d3d236675cf5aefb65ff5897cc6e142b08e2a2be9e4af928e482100bc8e0bd"",""store_discriminator_sha256"":""2e884d94ace185d62b1b91debf493ccd0a69b83d08e74cf5f1c2be4851b14215"",""tool_sha256"":""7b43c2342d7676aa65cc9ee233b2184c9eae88f2663874af7ab1b83282f94ab4"",""java_runtime_sha256"":""6ffd10b28ab050230cdc1137f0bd16155c3a7c587add7fbe921d985fa92879fe"",""run_identity_sha256"":""e2e23584eb78ff52996ca94b21f9cb987a07514d27914feaaaf67c96d9d45ff2""}"
966642a2961472c5f660f752648dc2693518e858,graphdb,GraphDB (RDF4J) [engines.json profile],100M,L,L3,00,6e68c33e9b346995ea7cedfa79c5123b2290df112a813135a2d0753aa4f34a04,R,reification-only,ok,7,10.0,10.0,10.0,10.0,0.0,0,1,3600.0,340,0.0,,,,,138.689553,[10.036],[0.0],,[],,[],,[],r9.2-frozen-identity-v9,dfac415b5a6cbd6bca05218077d4301d6a1fc0d7ceff3e33f6c2c4c2d61d0e66,csv-binding-multiset-v1,7,2fb144573c1dcea3274c40845ca5aeeadd94a50b972bcef6bf90089fd37d5886,,,,,,,,e1e370c3c3e41897f966ee22e8c7c98840f6ecade4ccb1698265b03c62141a2f,2c97fc305990d2aa1e0f09f37216d4d5b1419027440c3151c422415f0c836db8,f3c05af6c7aa3bbf0aae501a61efa32804f36e642d32f61fe21875892b248a8a,8a988dc83f4082a4f27503ba2906dc6b8733b3c02be567635c726c67bbd48314,16162702ccec82b2a0e27063cd04bd756a27af1f003b4cef0da976d843ef4725,reified,writable,exploratory-base,exploratory-reified,41997fb8640d9e765a0272879a63548eb9bd46bbf6e49da02b7c924e506b94f7,e6d3d236675cf5aefb65ff5897cc6e142b08e2a2be9e4af928e482100bc8e0bd,2e884d94ace185d62b1b91debf493ccd0a69b83d08e74cf5f1c2be4851b14215,7b43c2342d7676aa65cc9ee233b2184c9eae88f2663874af7ab1b83282f94ab4,6ffd10b28ab050230cdc1137f0bd16155c3a7c587add7fbe921d985fa92879fe,,,,e2e23584eb78ff52996ca94b21f9cb987a07514d27914feaaaf67c96d9d45ff2,"pcm-meta-v2:{""protocol"":""r9.2-frozen-identity-v9"",""message"":"""",""cell_wall_ms"":155.542,""answer_kind"":""csv-binding-multiset-v1"",""answer_key_count"":7,""answer_fingerprint"":""2fb144573c1dcea3274c40845ca5aeeadd94a50b972bcef6bf90089fd37d5886"",""c_parse_samples"":[0.0],""c_protocol_samples"":[],""construct_total_samples"":[],""construct_unattributed_samples"":[],""status"":""ok"",""status_evidence"":null,""construction_requested"":null,""construction_effective"":null,""commit"":""966642a2961472c5f660f752648dc2693518e858"",""batch_id"":""dfac415b5a6cbd6bca05218077d4301d6a1fc0d7ceff3e33f6c2c4c2d61d0e66"",""query_sha256"":""6e68c33e9b346995ea7cedfa79c5123b2290df112a813135a2d0753aa4f34a04"",""engine"":""graphdb"",""engine_version"":""GraphDB (RDF4J) [engines.json profile]"",""scale"":""100M"",""base_endpoint_sha256"":""e1e370c3c3e41897f966ee22e8c7c98840f6ecade4ccb1698265b03c62141a2f"",""reified_endpoint_sha256"":""2c97fc305990d2aa1e0f09f37216d4d5b1419027440c3151c422415f0c836db8"",""update_endpoint_sha256"":""f3c05af6c7aa3bbf0aae501a61efa32804f36e642d32f61fe21875892b248a8a"",""base_data_identity_sha256"":""8a988dc83f4082a4f27503ba2906dc6b8733b3c02be567635c726c67bbd48314"",""reified_data_identity_sha256"":""16162702ccec82b2a0e27063cd04bd756a27af1f003b4cef0da976d843ef4725"",""update_for"":""reified"",""access_mode"":""writable"",""base_data_name"":""exploratory-base"",""reified_data_name"":""exploratory-reified"",""update_canary_sha256"":""41997fb8640d9e765a0272879a63548eb9bd46bbf6e49da02b7c924e506b94f7"",""store_instance_sha256"":""e6d3d236675cf5aefb65ff5897cc6e142b08e2a2be9e4af928e482100bc8e0bd"",""store_discriminator_sha256"":""2e884d94ace185d62b1b91debf493ccd0a69b83d08e74cf5f1c2be4851b14215"",""tool_sha256"":""7b43c2342d7676aa65cc9ee233b2184c9eae88f2663874af7ab1b83282f94ab4"",""java_runtime_sha256"":""6ffd10b28ab050230cdc1137f0bd16155c3a7c587add7fbe921d985fa92879fe"",""run_identity_sha256"":""e2e23584eb78ff52996ca94b21f9cb987a07514d27914feaaaf67c96d9d45ff2""}"
966642a2961472c5f660f752648dc2693518e858,graphdb,GraphDB (RDF4J) [engines.json profile],100M,L,L3,00,6e68c33e9b346995ea7cedfa79c5123b2290df112a813135a2d0753aa4f34a04,N,N_clean (NPCS reimplementation),ok,3,18.0,18.0,18.0,18.0,0.0,0,1,3600.0,445,0.0,,,,7,175.348728,[18.041],[0.0],,[],,[],,[],r9.2-frozen-identity-v9,dfac415b5a6cbd6bca05218077d4301d6a1fc0d7ceff3e33f6c2c4c2d61d0e66,csv-candidate-multiset-v1,3,8aca899e433ded26126c2216a00d24fe8747afaa577e5e21a4db7d3db532d2a0,,,,,,,,e1e370c3c3e41897f966ee22e8c7c98840f6ecade4ccb1698265b03c62141a2f,2c97fc305990d2aa1e0f09f37216d4d5b1419027440c3151c422415f0c836db8,f3c05af6c7aa3bbf0aae501a61efa32804f36e642d32f61fe21875892b248a8a,8a988dc83f4082a4f27503ba2906dc6b8733b3c02be567635c726c67bbd48314,16162702ccec82b2a0e27063cd04bd756a27af1f003b4cef0da976d843ef4725,reified,writable,exploratory-base,exploratory-reified,41997fb8640d9e765a0272879a63548eb9bd46bbf6e49da02b7c924e506b94f7,e6d3d236675cf5aefb65ff5897cc6e142b08e2a2be9e4af928e482100bc8e0bd,2e884d94ace185d62b1b91debf493ccd0a69b83d08e74cf5f1c2be4851b14215,7b43c2342d7676aa65cc9ee233b2184c9eae88f2663874af7ab1b83282f94ab4,6ffd10b28ab050230cdc1137f0bd16155c3a7c587add7fbe921d985fa92879fe,3,0,18,e2e23584eb78ff52996ca94b21f9cb987a07514d27914feaaaf67c96d9d45ff2,"pcm-meta-v2:{""protocol"":""r9.2-frozen-identity-v9"",""message"":"""",""cell_wall_ms"":200.017,""answer_kind"":""csv-candidate-multiset-v1"",""answer_key_count"":3,""answer_fingerprint"":""8aca899e433ded26126c2216a00d24fe8747afaa577e5e21a4db7d3db532d2a0"",""c_parse_samples"":[0.0],""c_protocol_samples"":[],""construct_total_samples"":[],""construct_unattributed_samples"":[],""status"":""ok"",""status_evidence"":null,""construction_requested"":null,""construction_effective"":null,""commit"":""966642a2961472c5f660f752648dc2693518e858"",""batch_id"":""dfac415b5a6cbd6bca05218077d4301d6a1fc0d7ceff3e33f6c2c4c2d61d0e66"",""query_sha256"":""6e68c33e9b346995ea7cedfa79c5123b2290df112a813135a2d0753aa4f34a04"",""engine"":""graphdb"",""engine_version"":""GraphDB (RDF4J) [engines.json profile]"",""scale"":""100M"",""base_endpoint_sha256"":""e1e370c3c3e41897f966ee22e8c7c98840f6ecade4ccb1698265b03c62141a2f"",""reified_endpoint_sha256"":""2c97fc305990d2aa1e0f09f37216d4d5b1419027440c3151c422415f0c836db8"",""update_endpoint_sha256"":""f3c05af6c7aa3bbf0aae501a61efa32804f36e642d32f61fe21875892b248a8a"",""base_data_identity_sha256"":""8a988dc83f4082a4f27503ba2906dc6b8733b3c02be567635c726c67bbd48314"",""reified_data_identity_sha256"":""16162702ccec82b2a0e27063cd04bd756a27af1f003b4cef0da976d843ef4725"",""update_for"":""reified"",""access_mode"":""writable"",""base_data_name"":""exploratory-base"",""reified_data_name"":""exploratory-reified"",""update_canary_sha256"":""41997fb8640d9e765a0272879a63548eb9bd46bbf6e49da02b7c924e506b94f7"",""store_instance_sha256"":""e6d3d236675cf5aefb65ff5897cc6e142b08e2a2be9e4af928e482100bc8e0bd"",""store_discriminator_sha256"":""2e884d94ace185d62b1b91debf493ccd0a69b83d08e74cf5f1c2be4851b14215"",""tool_sha256"":""7b43c2342d7676aa65cc9ee233b2184c9eae88f2663874af7ab1b83282f94ab4"",""java_runtime_sha256"":""6ffd10b28ab050230cdc1137f0bd16155c3a7c587add7fbe921d985fa92879fe"",""run_identity_sha256"":""e2e23584eb78ff52996ca94b21f9cb987a07514d27914feaaaf67c96d9d45ff2""}"
966642a2961472c5f660f752648dc2693518e858,graphdb,GraphDB (RDF4J) [engines.json profile],100M,L,L3,00,6e68c33e9b346995ea7cedfa79c5123b2290df112a813135a2d0753aa4f34a04,C,SPARQLcirc CircuitRewriter,ok,3,30.4,30.4,30.4,30.4,0.0,0,1,3600.0,5962,0.8,10,21,7,,344.059806,[30.414],[0.782],0.0,[0.0],31.7,[31.669],0.5,[0.473],r9.2-frozen-identity-v9,dfac415b5a6cbd6bca05218077d4301d6a1fc0d7ceff3e33f6c2c4c2d61d0e66,term-aware-candidate-set-v1,3,55d7e052c0b7a39d1722a1585a546fbdf07903f07bbe7450ff41f650eb3b1d61,flat,flat,859ad29edf5220d2f8a344caa1ae953cecb750e89138035deb581c7f755e7ab6,/mnt/nfs/home/ac145595/workspace/rq3-artifacts/circuits/graphdb-100m/6e68c33e9b346995ea7cedfa79c5123b2290df112a813135a2d0753aa4f34a04-859ad29edf5220d2f8a344caa1ae953cecb750e89138035deb581c7f755e7ab6.nt,/mnt/nfs/home/ac145595/workspace/rq3-artifacts/circuits/graphdb-100m/6e68c33e9b346995ea7cedfa79c5123b2290df112a813135a2d0753aa4f34a04-859ad29edf5220d2f8a344caa1ae953cecb750e89138035deb581c7f755e7ab6.json,c64833f0aa1c6ef9aa0043f61f01ea7ad4384125a4a81f845f6f58d67259e448,21c07b498289d4ca3cddc3ef80fcaedcf8c0d7c735f72b635e733957982b6e8f,e1e370c3c3e41897f966ee22e8c7c98840f6ecade4ccb1698265b03c62141a2f,2c97fc305990d2aa1e0f09f37216d4d5b1419027440c3151c422415f0c836db8,f3c05af6c7aa3bbf0aae501a61efa32804f36e642d32f61fe21875892b248a8a,8a988dc83f4082a4f27503ba2906dc6b8733b3c02be567635c726c67bbd48314,16162702ccec82b2a0e27063cd04bd756a27af1f003b4cef0da976d843ef4725,reified,writable,exploratory-base,exploratory-reified,41997fb8640d9e765a0272879a63548eb9bd46bbf6e49da02b7c924e506b94f7,e6d3d236675cf5aefb65ff5897cc6e142b08e2a2be9e4af928e482100bc8e0bd,2e884d94ace185d62b1b91debf493ccd0a69b83d08e74cf5f1c2be4851b14215,7b43c2342d7676aa65cc9ee233b2184c9eae88f2663874af7ab1b83282f94ab4,6ffd10b28ab050230cdc1137f0bd16155c3a7c587add7fbe921d985fa92879fe,,,,e2e23584eb78ff52996ca94b21f9cb987a07514d27914feaaaf67c96d9d45ff2,"pcm-meta-v2:{""protocol"":""r9.2-frozen-identity-v9"",""message"":""C requested=flat effective=flat; steps=1 feedback=0; network includes CONSTRUCT, feedback INSERT, and cleanup DELETE"",""cell_wall_ms"":381.224,""answer_kind"":""term-aware-candidate-set-v1"",""answer_key_count"":3,""answer_fingerprint"":""55d7e052c0b7a39d1722a1585a546fbdf07903f07bbe7450ff41f650eb3b1d61"",""c_parse_samples"":[0.782],""c_protocol_samples"":[{""requested_mode"":""flat"",""effective_mode"":""flat"",""fallback_reason"":null,""plan_steps"":1,""feedback_steps"":0,""feedback_triples"":0,""construct_query_ms"":30.414,""feedback_update_ms"":0.0,""cleanup_ms"":0.0,""client_protocol_ms"":0.0,""network_scope"":""construct+feedback+cleanup"",""circuit_sha256"":""859ad29edf5220d2f8a344caa1ae953cecb750e89138035deb581c7f755e7ab6"",""answer_fingerprint"":""55d7e052c0b7a39d1722a1585a546fbdf07903f07bbe7450ff41f650eb3b1d61"",""semantic_signature_sha256"":""dec0cb9b48d4c8d90bfb3cd426bbca75e760429d8d96a3857c07b90b8c623576"",""structure_signature"":{""gates"":10,""edges"":21,""answers"":3,""derivations"":7,""leaves"":10,""plus"":3,""minus"":0,""nodes"":20,""canonical_bytes"":5962},""construct_total_ms"":31.669,""client_unattributed_ms"":0.473}],""construct_total_samples"":[31.669],""construct_unattributed_samples"":[0.473],""status"":""ok"",""status_evidence"":null,""c_warmup_signatures"":[],""measured_semantic_signature_sha256"":""dec0cb9b48d4c8d90bfb3cd426bbca75e760429d8d96a3857c07b90b8c623576"",""measured_repetitions_consistent"":true,""cache_snapshot_ms"":0.614,""cache_snapshot_scope"":""first-measured-response; deferred until all runs succeeded"",""outside_cell_cache_write_ms"":4.628,""endpoint_lock"":{""wait_ms"":0.008,""lock_path"":""/tmp/sparqlcirc-r9-endpoint-locks-v7/e6d3d236675cf5aefb65ff5897cc6e142b08e2a2be9e4af928e482100bc8e0bd.lock""},""construction_requested"":""flat"",""construction_effective"":""flat"",""circuit_sha256"":""859ad29edf5220d2f8a344caa1ae953cecb750e89138035deb581c7f755e7ab6"",""circuit_triples"":43,""circuit_bytes"":5962,""circuit_path"":""/mnt/nfs/home/ac145595/workspace/rq3-artifacts/circuits/graphdb-100m/6e68c33e9b346995ea7cedfa79c5123b2290df112a813135a2d0753aa4f34a04-859ad29edf5220d2f8a344caa1ae953cecb750e89138035deb581c7f755e7ab6.nt"",""metadata_path"":""/mnt/nfs/home/ac145595/workspace/rq3-artifacts/circuits/graphdb-100m/6e68c33e9b346995ea7cedfa79c5123b2290df112a813135a2d0753aa4f34a04-859ad29edf5220d2f8a344caa1ae953cecb750e89138035deb581c7f755e7ab6.json"",""producer_observation_sha256"":""c64833f0aa1c6ef9aa0043f61f01ea7ad4384125a4a81f845f6f58d67259e448"",""sidecar_sha256"":""21c07b498289d4ca3cddc3ef80fcaedcf8c0d7c735f72b635e733957982b6e8f"",""commit"":""966642a2961472c5f660f752648dc2693518e858"",""batch_id"":""dfac415b5a6cbd6bca05218077d4301d6a1fc0d7ceff3e33f6c2c4c2d61d0e66"",""query_sha256"":""6e68c33e9b346995ea7cedfa79c5123b2290df112a813135a2d0753aa4f34a04"",""engine"":""graphdb"",""engine_version"":""GraphDB (RDF4J) [engines.json profile]"",""scale"":""100M"",""base_endpoint_sha256"":""e1e370c3c3e41897f966ee22e8c7c98840f6ecade4ccb1698265b03c62141a2f"",""reified_endpoint_sha256"":""2c97fc305990d2aa1e0f09f37216d4d5b1419027440c3151c422415f0c836db8"",""update_endpoint_sha256"":""f3c05af6c7aa3bbf0aae501a61efa32804f36e642d32f61fe21875892b248a8a"",""base_data_identity_sha256"":""8a988dc83f4082a4f27503ba2906dc6b8733b3c02be567635c726c67bbd48314"",""reified_data_identity_sha256"":""16162702ccec82b2a0e27063cd04bd756a27af1f003b4cef0da976d843ef4725"",""update_for"":""reified"",""access_mode"":""writable"",""base_data_name"":""exploratory-base"",""reified_data_name"":""exploratory-reified"",""update_canary_sha256"":""41997fb8640d9e765a0272879a63548eb9bd46bbf6e49da02b7c924e506b94f7"",""store_instance_sha256"":""e6d3d236675cf5aefb65ff5897cc6e142b08e2a2be9e4af928e482100bc8e0bd"",""store_discriminator_sha256"":""2e884d94ace185d62b1b91debf493ccd0a69b83d08e74cf5f1c2be4851b14215"",""tool_sha256"":""7b43c2342d7676aa65cc9ee233b2184c9eae88f2663874af7ab1b83282f94ab4"",""java_runtime_sha256"":""6ffd10b28ab050230cdc1137f0bd16155c3a7c587add7fbe921d985fa92879fe"",""run_identity_sha256"":""e2e23584eb78ff52996ca94b21f9cb987a07514d27914feaaaf67c96d9d45ff2""}"
966642a2961472c5f660f752648dc2693518e858,graphdb,GraphDB (RDF4J) [engines.json profile],100M,L,L4,00,6a5c40f28fc1efcf93f4f8de194ff48179bad43fdcace9ac6f264dd26c62dadf,B,base-select,ok,299,60.9,60.9,60.9,60.9,0.0,0,1,3600.0,51680,0.0,,,,,0.00735,[60.91],[0.0],,[],,[],,[],r9.2-frozen-identity-v9,dfac415b5a6cbd6bca05218077d4301d6a1fc0d7ceff3e33f6c2c4c2d61d0e66,csv-binding-multiset-v1,299,a283bcfcb52437b23457f97b14ee0b3c6cbb41572a24e8b3b6939f36104137d4,,,,,,,,e1e370c3c3e41897f966ee22e8c7c98840f6ecade4ccb1698265b03c62141a2f,2c97fc305990d2aa1e0f09f37216d4d5b1419027440c3151c422415f0c836db8,f3c05af6c7aa3bbf0aae501a61efa32804f36e642d32f61fe21875892b248a8a,8a988dc83f4082a4f27503ba2906dc6b8733b3c02be567635c726c67bbd48314,16162702ccec82b2a0e27063cd04bd756a27af1f003b4cef0da976d843ef4725,reified,writable,exploratory-base,exploratory-reified,41997fb8640d9e765a0272879a63548eb9bd46bbf6e49da02b7c924e506b94f7,e6d3d236675cf5aefb65ff5897cc6e142b08e2a2be9e4af928e482100bc8e0bd,2e884d94ace185d62b1b91debf493ccd0a69b83d08e74cf5f1c2be4851b14215,7b43c2342d7676aa65cc9ee233b2184c9eae88f2663874af7ab1b83282f94ab4,6ffd10b28ab050230cdc1137f0bd16155c3a7c587add7fbe921d985fa92879fe,,,,e6c54af2cd45dda320e8f94f10ecf7630bd2051f64f4a211fe90f2faab9289cf,"pcm-meta-v2:{""protocol"":""r9.2-frozen-identity-v9"",""message"":"""",""cell_wall_ms"":69.394,""answer_kind"":""csv-binding-multiset-v1"",""answer_key_count"":299,""answer_fingerprint"":""a283bcfcb52437b23457f97b14ee0b3c6cbb41572a24e8b3b6939f36104137d4"",""c_parse_samples"":[0.0],""c_protocol_samples"":[],""construct_total_samples"":[],""construct_unattributed_samples"":[],""status"":""ok"",""status_evidence"":null,""construction_requested"":null,""construction_effective"":null,""commit"":""966642a2961472c5f660f752648dc2693518e858"",""batch_id"":""dfac415b5a6cbd6bca05218077d4301d6a1fc0d7ceff3e33f6c2c4c2d61d0e66"",""query_sha256"":""6a5c40f28fc1efcf93f4f8de194ff48179bad43fdcace9ac6f264dd26c62dadf"",""engine"":""graphdb"",""engine_version"":""GraphDB (RDF4J) [engines.json profile]"",""scale"":""100M"",""base_endpoint_sha256"":""e1e370c3c3e41897f966ee22e8c7c98840f6ecade4ccb1698265b03c62141a2f"",""reified_endpoint_sha256"":""2c97fc305990d2aa1e0f09f37216d4d5b1419027440c3151c422415f0c836db8"",""update_endpoint_sha256"":""f3c05af6c7aa3bbf0aae501a61efa32804f36e642d32f61fe21875892b248a8a"",""base_data_identity_sha256"":""8a988dc83f4082a4f27503ba2906dc6b8733b3c02be567635c726c67bbd48314"",""reified_data_identity_sha256"":""16162702ccec82b2a0e27063cd04bd756a27af1f003b4cef0da976d843ef4725"",""update_for"":""reified"",""access_mode"":""writable"",""base_data_name"":""exploratory-base"",""reified_data_name"":""exploratory-reified"",""update_canary_sha256"":""41997fb8640d9e765a0272879a63548eb9bd46bbf6e49da02b7c924e506b94f7"",""store_instance_sha256"":""e6d3d236675cf5aefb65ff5897cc6e142b08e2a2be9e4af928e482100bc8e0bd"",""store_discriminator_sha256"":""2e884d94ace185d62b1b91debf493ccd0a69b83d08e74cf5f1c2be4851b14215"",""tool_sha256"":""7b43c2342d7676aa65cc9ee233b2184c9eae88f2663874af7ab1b83282f94ab4"",""java_runtime_sha256"":""6ffd10b28ab050230cdc1137f0bd16155c3a7c587add7fbe921d985fa92879fe"",""run_identity_sha256"":""e6c54af2cd45dda320e8f94f10ecf7630bd2051f64f4a211fe90f2faab9289cf""}"
966642a2961472c5f660f752648dc2693518e858,graphdb,GraphDB (RDF4J) [engines.json profile],100M,L,L4,00,6a5c40f28fc1efcf93f4f8de194ff48179bad43fdcace9ac6f264dd26c62dadf,R,reification-only,ok,299,124.8,124.8,124.8,124.8,0.0,0,1,3600.0,51680,0.0,,,,,129.98291,[124.761],[0.0],,[],,[],,[],r9.2-frozen-identity-v9,dfac415b5a6cbd6bca05218077d4301d6a1fc0d7ceff3e33f6c2c4c2d61d0e66,csv-binding-multiset-v1,299,a283bcfcb52437b23457f97b14ee0b3c6cbb41572a24e8b3b6939f36104137d4,,,,,,,,e1e370c3c3e41897f966ee22e8c7c98840f6ecade4ccb1698265b03c62141a2f,2c97fc305990d2aa1e0f09f37216d4d5b1419027440c3151c422415f0c836db8,f3c05af6c7aa3bbf0aae501a61efa32804f36e642d32f61fe21875892b248a8a,8a988dc83f4082a4f27503ba2906dc6b8733b3c02be567635c726c67bbd48314,16162702ccec82b2a0e27063cd04bd756a27af1f003b4cef0da976d843ef4725,reified,writable,exploratory-base,exploratory-reified,41997fb8640d9e765a0272879a63548eb9bd46bbf6e49da02b7c924e506b94f7,e6d3d236675cf5aefb65ff5897cc6e142b08e2a2be9e4af928e482100bc8e0bd,2e884d94ace185d62b1b91debf493ccd0a69b83d08e74cf5f1c2be4851b14215,7b43c2342d7676aa65cc9ee233b2184c9eae88f2663874af7ab1b83282f94ab4,6ffd10b28ab050230cdc1137f0bd16155c3a7c587add7fbe921d985fa92879fe,,,,e6c54af2cd45dda320e8f94f10ecf7630bd2051f64f4a211fe90f2faab9289cf,"pcm-meta-v2:{""protocol"":""r9.2-frozen-identity-v9"",""message"":"""",""cell_wall_ms"":264.285,""answer_kind"":""csv-binding-multiset-v1"",""answer_key_count"":299,""answer_fingerprint"":""a283bcfcb52437b23457f97b14ee0b3c6cbb41572a24e8b3b6939f36104137d4"",""c_parse_samples"":[0.0],""c_protocol_samples"":[],""construct_total_samples"":[],""construct_unattributed_samples"":[],""status"":""ok"",""status_evidence"":null,""construction_requested"":null,""construction_effective"":null,""commit"":""966642a2961472c5f660f752648dc2693518e858"",""batch_id"":""dfac415b5a6cbd6bca05218077d4301d6a1fc0d7ceff3e33f6c2c4c2d61d0e66"",""query_sha256"":""6a5c40f28fc1efcf93f4f8de194ff48179bad43fdcace9ac6f264dd26c62dadf"",""engine"":""graphdb"",""engine_version"":""GraphDB (RDF4J) [engines.json profile]"",""scale"":""100M"",""base_endpoint_sha256"":""e1e370c3c3e41897f966ee22e8c7c98840f6ecade4ccb1698265b03c62141a2f"",""reified_endpoint_sha256"":""2c97fc305990d2aa1e0f09f37216d4d5b1419027440c3151c422415f0c836db8"",""update_endpoint_sha256"":""f3c05af6c7aa3bbf0aae501a61efa32804f36e642d32f61fe21875892b248a8a"",""base_data_identity_sha256"":""8a988dc83f4082a4f27503ba2906dc6b8733b3c02be567635c726c67bbd48314"",""reified_data_identity_sha256"":""16162702ccec82b2a0e27063cd04bd756a27af1f003b4cef0da976d843ef4725"",""update_for"":""reified"",""access_mode"":""writable"",""base_data_name"":""exploratory-base"",""reified_data_name"":""exploratory-reified"",""update_canary_sha256"":""41997fb8640d9e765a0272879a63548eb9bd46bbf6e49da02b7c924e506b94f7"",""store_instance_sha256"":""e6d3d236675cf5aefb65ff5897cc6e142b08e2a2be9e4af928e482100bc8e0bd"",""store_discriminator_sha256"":""2e884d94ace185d62b1b91debf493ccd0a69b83d08e74cf5f1c2be4851b14215"",""tool_sha256"":""7b43c2342d7676aa65cc9ee233b2184c9eae88f2663874af7ab1b83282f94ab4"",""java_runtime_sha256"":""6ffd10b28ab050230cdc1137f0bd16155c3a7c587add7fbe921d985fa92879fe"",""run_identity_sha256"":""e6c54af2cd45dda320e8f94f10ecf7630bd2051f64f4a211fe90f2faab9289cf""}"
966642a2961472c5f660f752648dc2693518e858,graphdb,GraphDB (RDF4J) [engines.json profile],100M,L,L4,00,6a5c40f28fc1efcf93f4f8de194ff48179bad43fdcace9ac6f264dd26c62dadf,N,N_clean (NPCS reimplementation),ok,299,442.3,442.3,442.3,442.3,0.0,0,1,3600.0,64111,0.0,,,,299,172.707777,[442.279],[0.0],,[],,[],,[],r9.2-frozen-identity-v9,dfac415b5a6cbd6bca05218077d4301d6a1fc0d7ceff3e33f6c2c4c2d61d0e66,csv-candidate-multiset-v1,299,a283bcfcb52437b23457f97b14ee0b3c6cbb41572a24e8b3b6939f36104137d4,,,,,,,,e1e370c3c3e41897f966ee22e8c7c98840f6ecade4ccb1698265b03c62141a2f,2c97fc305990d2aa1e0f09f37216d4d5b1419027440c3151c422415f0c836db8,f3c05af6c7aa3bbf0aae501a61efa32804f36e642d32f61fe21875892b248a8a,8a988dc83f4082a4f27503ba2906dc6b8733b3c02be567635c726c67bbd48314,16162702ccec82b2a0e27063cd04bd756a27af1f003b4cef0da976d843ef4725,reified,writable,exploratory-base,exploratory-reified,41997fb8640d9e765a0272879a63548eb9bd46bbf6e49da02b7c924e506b94f7,e6d3d236675cf5aefb65ff5897cc6e142b08e2a2be9e4af928e482100bc8e0bd,2e884d94ace185d62b1b91debf493ccd0a69b83d08e74cf5f1c2be4851b14215,7b43c2342d7676aa65cc9ee233b2184c9eae88f2663874af7ab1b83282f94ab4,6ffd10b28ab050230cdc1137f0bd16155c3a7c587add7fbe921d985fa92879fe,299,0,598,e6c54af2cd45dda320e8f94f10ecf7630bd2051f64f4a211fe90f2faab9289cf,"pcm-meta-v2:{""protocol"":""r9.2-frozen-identity-v9"",""message"":"""",""cell_wall_ms"":626.3,""answer_kind"":""csv-candidate-multiset-v1"",""answer_key_count"":299,""answer_fingerprint"":""a283bcfcb52437b23457f97b14ee0b3c6cbb41572a24e8b3b6939f36104137d4"",""c_parse_samples"":[0.0],""c_protocol_samples"":[],""construct_total_samples"":[],""construct_unattributed_samples"":[],""status"":""ok"",""status_evidence"":null,""construction_requested"":null,""construction_effective"":null,""commit"":""966642a2961472c5f660f752648dc2693518e858"",""batch_id"":""dfac415b5a6cbd6bca05218077d4301d6a1fc0d7ceff3e33f6c2c4c2d61d0e66"",""query_sha256"":""6a5c40f28fc1efcf93f4f8de194ff48179bad43fdcace9ac6f264dd26c62dadf"",""engine"":""graphdb"",""engine_version"":""GraphDB (RDF4J) [engines.json profile]"",""scale"":""100M"",""base_endpoint_sha256"":""e1e370c3c3e41897f966ee22e8c7c98840f6ecade4ccb1698265b03c62141a2f"",""reified_endpoint_sha256"":""2c97fc305990d2aa1e0f09f37216d4d5b1419027440c3151c422415f0c836db8"",""update_endpoint_sha256"":""f3c05af6c7aa3bbf0aae501a61efa32804f36e642d32f61fe21875892b248a8a"",""base_data_identity_sha256"":""8a988dc83f4082a4f27503ba2906dc6b8733b3c02be567635c726c67bbd48314"",""reified_data_identity_sha256"":""16162702ccec82b2a0e27063cd04bd756a27af1f003b4cef0da976d843ef4725"",""update_for"":""reified"",""access_mode"":""writable"",""base_data_name"":""exploratory-base"",""reified_data_name"":""exploratory-reified"",""update_canary_sha256"":""41997fb8640d9e765a0272879a63548eb9bd46bbf6e49da02b7c924e506b94f7"",""store_instance_sha256"":""e6d3d236675cf5aefb65ff5897cc6e142b08e2a2be9e4af928e482100bc8e0bd"",""store_discriminator_sha256"":""2e884d94ace185d62b1b91debf493ccd0a69b83d08e74cf5f1c2be4851b14215"",""tool_sha256"":""7b43c2342d7676aa65cc9ee233b2184c9eae88f2663874af7ab1b83282f94ab4"",""java_runtime_sha256"":""6ffd10b28ab050230cdc1137f0bd16155c3a7c587add7fbe921d985fa92879fe"",""run_identity_sha256"":""e6c54af2cd45dda320e8f94f10ecf7630bd2051f64f4a211fe90f2faab9289cf""}"
966642a2961472c5f660f752648dc2693518e858,graphdb,GraphDB (RDF4J) [engines.json profile],100M,L,L4,00,6a5c40f28fc1efcf93f4f8de194ff48179bad43fdcace9ac6f264dd26c62dadf,C,SPARQLcirc CircuitRewriter,ok,299,1423.6,1423.6,1423.6,1423.6,0.0,0,1,3600.0,567243,48.3,598,897,299,,342.212127,[1423.578],[48.29],0.0,[0.0],1473.0,[1473.03],1.2,[1.163],r9.2-frozen-identity-v9,dfac415b5a6cbd6bca05218077d4301d6a1fc0d7ceff3e33f6c2c4c2d61d0e66,term-aware-candidate-set-v1,299,1c5b68e9c4068381c91795c60d03d29d4308f94771faf059041967bdb4047c6b,flat,flat,6e357be51063612b79512719e90439be040c2ea5516c08c6d1e1ee571c6bbc8c,/mnt/nfs/home/ac145595/workspace/rq3-artifacts/circuits/graphdb-100m/6a5c40f28fc1efcf93f4f8de194ff48179bad43fdcace9ac6f264dd26c62dadf-6e357be51063612b79512719e90439be040c2ea5516c08c6d1e1ee571c6bbc8c.nt,/mnt/nfs/home/ac145595/workspace/rq3-artifacts/circuits/graphdb-100m/6a5c40f28fc1efcf93f4f8de194ff48179bad43fdcace9ac6f264dd26c62dadf-6e357be51063612b79512719e90439be040c2ea5516c08c6d1e1ee571c6bbc8c.json,51f706cf4e70c4fe63c5d7f2740da11a65ec761d4c3494d9811cdb1b764a028e,414b0825e845a54c5054044b494a1f9a353b68531cef54b3aa92b7428565bf44,e1e370c3c3e41897f966ee22e8c7c98840f6ecade4ccb1698265b03c62141a2f,2c97fc305990d2aa1e0f09f37216d4d5b1419027440c3151c422415f0c836db8,f3c05af6c7aa3bbf0aae501a61efa32804f36e642d32f61fe21875892b248a8a,8a988dc83f4082a4f27503ba2906dc6b8733b3c02be567635c726c67bbd48314,16162702ccec82b2a0e27063cd04bd756a27af1f003b4cef0da976d843ef4725,reified,writable,exploratory-base,exploratory-reified,41997fb8640d9e765a0272879a63548eb9bd46bbf6e49da02b7c924e506b94f7,e6d3d236675cf5aefb65ff5897cc6e142b08e2a2be9e4af928e482100bc8e0bd,2e884d94ace185d62b1b91debf493ccd0a69b83d08e74cf5f1c2be4851b14215,7b43c2342d7676aa65cc9ee233b2184c9eae88f2663874af7ab1b83282f94ab4,6ffd10b28ab050230cdc1137f0bd16155c3a7c587add7fbe921d985fa92879fe,,,,e6c54af2cd45dda320e8f94f10ecf7630bd2051f64f4a211fe90f2faab9289cf,"pcm-meta-v2:{""protocol"":""r9.2-frozen-identity-v9"",""message"":""C requested=flat effective=flat; steps=1 feedback=0; network includes CONSTRUCT, feedback INSERT, and cleanup DELETE"",""cell_wall_ms"":1830.617,""answer_kind"":""term-aware-candidate-set-v1"",""answer_key_count"":299,""answer_fingerprint"":""1c5b68e9c4068381c91795c60d03d29d4308f94771faf059041967bdb4047c6b"",""c_parse_samples"":[48.29],""c_protocol_samples"":[{""requested_mode"":""flat"",""effective_mode"":""flat"",""fallback_reason"":null,""plan_steps"":1,""feedback_steps"":0,""feedback_triples"":0,""construct_query_ms"":1423.578,""feedback_update_ms"":0.0,""cleanup_ms"":0.0,""client_protocol_ms"":0.0,""network_scope"":""construct+feedback+cleanup"",""circuit_sha256"":""6e357be51063612b79512719e90439be040c2ea5516c08c6d1e1ee571c6bbc8c"",""answer_fingerprint"":""1c5b68e9c4068381c91795c60d03d29d4308f94771faf059041967bdb4047c6b"",""semantic_signature_sha256"":""919df2bece4edcfe1d892f93632d5900bdf40397eb01b895d40102763c35fafb"",""structure_signature"":{""gates"":598,""edges"":897,""answers"":299,""derivations"":299,""leaves"":598,""plus"":299,""minus"":0,""nodes"":1196,""canonical_bytes"":567243},""construct_total_ms"":1473.03,""client_unattributed_ms"":1.163}],""construct_total_samples"":[1473.03],""construct_unattributed_samples"":[1.163],""status"":""ok"",""status_evidence"":null,""c_warmup_signatures"":[],""measured_semantic_signature_sha256"":""919df2bece4edcfe1d892f93632d5900bdf40397eb01b895d40102763c35fafb"",""measured_repetitions_consistent"":true,""cache_snapshot_ms"":9.571,""cache_snapshot_scope"":""first-measured-response; deferred until all runs succeeded"",""outside_cell_cache_write_ms"":25.571,""endpoint_lock"":{""wait_ms"":0.006,""lock_path"":""/tmp/sparqlcirc-r9-endpoint-locks-v7/e6d3d236675cf5aefb65ff5897cc6e142b08e2a2be9e4af928e482100bc8e0bd.lock""},""construction_requested"":""flat"",""construction_effective"":""flat"",""circuit_sha256"":""6e357be51063612b79512719e90439be040c2ea5516c08c6d1e1ee571c6bbc8c"",""circuit_triples"":3588,""circuit_bytes"":567243,""circuit_path"":""/mnt/nfs/home/ac145595/workspace/rq3-artifacts/circuits/graphdb-100m/6a5c40f28fc1efcf93f4f8de194ff48179bad43fdcace9ac6f264dd26c62dadf-6e357be51063612b79512719e90439be040c2ea5516c08c6d1e1ee571c6bbc8c.nt"",""metadata_path"":""/mnt/nfs/home/ac145595/workspace/rq3-artifacts/circuits/graphdb-100m/6a5c40f28fc1efcf93f4f8de194ff48179bad43fdcace9ac6f264dd26c62dadf-6e357be51063612b79512719e90439be040c2ea5516c08c6d1e1ee571c6bbc8c.json"",""producer_observation_sha256"":""51f706cf4e70c4fe63c5d7f2740da11a65ec761d4c3494d9811cdb1b764a028e"",""sidecar_sha256"":""414b0825e845a54c5054044b494a1f9a353b68531cef54b3aa92b7428565bf44"",""commit"":""966642a2961472c5f660f752648dc2693518e858"",""batch_id"":""dfac415b5a6cbd6bca05218077d4301d6a1fc0d7ceff3e33f6c2c4c2d61d0e66"",""query_sha256"":""6a5c40f28fc1efcf93f4f8de194ff48179bad43fdcace9ac6f264dd26c62dadf"",""engine"":""graphdb"",""engine_version"":""GraphDB (RDF4J) [engines.json profile]"",""scale"":""100M"",""base_endpoint_sha256"":""e1e370c3c3e41897f966ee22e8c7c98840f6ecade4ccb1698265b03c62141a2f"",""reified_endpoint_sha256"":""2c97fc305990d2aa1e0f09f37216d4d5b1419027440c3151c422415f0c836db8"",""update_endpoint_sha256"":""f3c05af6c7aa3bbf0aae501a61efa32804f36e642d32f61fe21875892b248a8a"",""base_data_identity_sha256"":""8a988dc83f4082a4f27503ba2906dc6b8733b3c02be567635c726c67bbd48314"",""reified_data_identity_sha256"":""16162702ccec82b2a0e27063cd04bd756a27af1f003b4cef0da976d843ef4725"",""update_for"":""reified"",""access_mode"":""writable"",""base_data_name"":""exploratory-base"",""reified_data_name"":""exploratory-reified"",""update_canary_sha256"":""41997fb8640d9e765a0272879a63548eb9bd46bbf6e49da02b7c924e506b94f7"",""store_instance_sha256"":""e6d3d236675cf5aefb65ff5897cc6e142b08e2a2be9e4af928e482100bc8e0bd"",""store_discriminator_sha256"":""2e884d94ace185d62b1b91debf493ccd0a69b83d08e74cf5f1c2be4851b14215"",""tool_sha256"":""7b43c2342d7676aa65cc9ee233b2184c9eae88f2663874af7ab1b83282f94ab4"",""java_runtime_sha256"":""6ffd10b28ab050230cdc1137f0bd16155c3a7c587add7fbe921d985fa92879fe"",""run_identity_sha256"":""e6c54af2cd45dda320e8f94f10ecf7630bd2051f64f4a211fe90f2faab9289cf""}"
966642a2961472c5f660f752648dc2693518e858,graphdb,GraphDB (RDF4J) [engines.json profile],100M,L,L5,00,2e23cd396e2dd8542fcd6dc9541c69d45cb250a36faed0467b475b4adcca3ac6,B,base-select,ok,1310,279.8,279.8,279.8,279.8,0.0,0,1,3600.0,284419,0.0,,,,,0.0084,[279.77],[0.0],,[],,[],,[],r9.2-frozen-identity-v9,dfac415b5a6cbd6bca05218077d4301d6a1fc0d7ceff3e33f6c2c4c2d61d0e66,csv-binding-multiset-v1,1310,1d64250cdd7646ce9477b3645e763b168b7990ec166886a3c74313e13d2f36db,,,,,,,,e1e370c3c3e41897f966ee22e8c7c98840f6ecade4ccb1698265b03c62141a2f,2c97fc305990d2aa1e0f09f37216d4d5b1419027440c3151c422415f0c836db8,f3c05af6c7aa3bbf0aae501a61efa32804f36e642d32f61fe21875892b248a8a,8a988dc83f4082a4f27503ba2906dc6b8733b3c02be567635c726c67bbd48314,16162702ccec82b2a0e27063cd04bd756a27af1f003b4cef0da976d843ef4725,reified,writable,exploratory-base,exploratory-reified,41997fb8640d9e765a0272879a63548eb9bd46bbf6e49da02b7c924e506b94f7,e6d3d236675cf5aefb65ff5897cc6e142b08e2a2be9e4af928e482100bc8e0bd,2e884d94ace185d62b1b91debf493ccd0a69b83d08e74cf5f1c2be4851b14215,7b43c2342d7676aa65cc9ee233b2184c9eae88f2663874af7ab1b83282f94ab4,6ffd10b28ab050230cdc1137f0bd16155c3a7c587add7fbe921d985fa92879fe,,,,e34d45d052ec9ef2e6cfee06144e204b8de2d5d2e9cd2f32eaeb100c41c1cb36,"pcm-meta-v2:{""protocol"":""r9.2-frozen-identity-v9"",""message"":"""",""cell_wall_ms"":299.503,""answer_kind"":""csv-binding-multiset-v1"",""answer_key_count"":1310,""answer_fingerprint"":""1d64250cdd7646ce9477b3645e763b168b7990ec166886a3c74313e13d2f36db"",""c_parse_samples"":[0.0],""c_protocol_samples"":[],""construct_total_samples"":[],""construct_unattributed_samples"":[],""status"":""ok"",""status_evidence"":null,""construction_requested"":null,""construction_effective"":null,""commit"":""966642a2961472c5f660f752648dc2693518e858"",""batch_id"":""dfac415b5a6cbd6bca05218077d4301d6a1fc0d7ceff3e33f6c2c4c2d61d0e66"",""query_sha256"":""2e23cd396e2dd8542fcd6dc9541c69d45cb250a36faed0467b475b4adcca3ac6"",""engine"":""graphdb"",""engine_version"":""GraphDB (RDF4J) [engines.json profile]"",""scale"":""100M"",""base_endpoint_sha256"":""e1e370c3c3e41897f966ee22e8c7c98840f6ecade4ccb1698265b03c62141a2f"",""reified_endpoint_sha256"":""2c97fc305990d2aa1e0f09f37216d4d5b1419027440c3151c422415f0c836db8"",""update_endpoint_sha256"":""f3c05af6c7aa3bbf0aae501a61efa32804f36e642d32f61fe21875892b248a8a"",""base_data_identity_sha256"":""8a988dc83f4082a4f27503ba2906dc6b8733b3c02be567635c726c67bbd48314"",""reified_data_identity_sha256"":""16162702ccec82b2a0e27063cd04bd756a27af1f003b4cef0da976d843ef4725"",""update_for"":""reified"",""access_mode"":""writable"",""base_data_name"":""exploratory-base"",""reified_data_name"":""exploratory-reified"",""update_canary_sha256"":""41997fb8640d9e765a0272879a63548eb9bd46bbf6e49da02b7c924e506b94f7"",""store_instance_sha256"":""e6d3d236675cf5aefb65ff5897cc6e142b08e2a2be9e4af928e482100bc8e0bd"",""store_discriminator_sha256"":""2e884d94ace185d62b1b91debf493ccd0a69b83d08e74cf5f1c2be4851b14215"",""tool_sha256"":""7b43c2342d7676aa65cc9ee233b2184c9eae88f2663874af7ab1b83282f94ab4"",""java_runtime_sha256"":""6ffd10b28ab050230cdc1137f0bd16155c3a7c587add7fbe921d985fa92879fe"",""run_identity_sha256"":""e34d45d052ec9ef2e6cfee06144e204b8de2d5d2e9cd2f32eaeb100c41c1cb36""}"
966642a2961472c5f660f752648dc2693518e858,graphdb,GraphDB (RDF4J) [engines.json profile],100M,L,L5,00,2e23cd396e2dd8542fcd6dc9541c69d45cb250a36faed0467b475b4adcca3ac6,R,reification-only,ok,1310,2999.1,2999.1,2999.1,2999.1,0.0,0,1,3600.0,284419,0.0,,,,,129.764937,[2999.145],[0.0],,[],,[],,[],r9.2-frozen-identity-v9,dfac415b5a6cbd6bca05218077d4301d6a1fc0d7ceff3e33f6c2c4c2d61d0e66,csv-binding-multiset-v1,1310,1d64250cdd7646ce9477b3645e763b168b7990ec166886a3c74313e13d2f36db,,,,,,,,e1e370c3c3e41897f966ee22e8c7c98840f6ecade4ccb1698265b03c62141a2f,2c97fc305990d2aa1e0f09f37216d4d5b1419027440c3151c422415f0c836db8,f3c05af6c7aa3bbf0aae501a61efa32804f36e642d32f61fe21875892b248a8a,8a988dc83f4082a4f27503ba2906dc6b8733b3c02be567635c726c67bbd48314,16162702ccec82b2a0e27063cd04bd756a27af1f003b4cef0da976d843ef4725,reified,writable,exploratory-base,exploratory-reified,41997fb8640d9e765a0272879a63548eb9bd46bbf6e49da02b7c924e506b94f7,e6d3d236675cf5aefb65ff5897cc6e142b08e2a2be9e4af928e482100bc8e0bd,2e884d94ace185d62b1b91debf493ccd0a69b83d08e74cf5f1c2be4851b14215,7b43c2342d7676aa65cc9ee233b2184c9eae88f2663874af7ab1b83282f94ab4,6ffd10b28ab050230cdc1137f0bd16155c3a7c587add7fbe921d985fa92879fe,,,,e34d45d052ec9ef2e6cfee06144e204b8de2d5d2e9cd2f32eaeb100c41c1cb36,"pcm-meta-v2:{""protocol"":""r9.2-frozen-identity-v9"",""message"":"""",""cell_wall_ms"":3148.833,""answer_kind"":""csv-binding-multiset-v1"",""answer_key_count"":1310,""answer_fingerprint"":""1d64250cdd7646ce9477b3645e763b168b7990ec166886a3c74313e13d2f36db"",""c_parse_samples"":[0.0],""c_protocol_samples"":[],""construct_total_samples"":[],""construct_unattributed_samples"":[],""status"":""ok"",""status_evidence"":null,""construction_requested"":null,""construction_effective"":null,""commit"":""966642a2961472c5f660f752648dc2693518e858"",""batch_id"":""dfac415b5a6cbd6bca05218077d4301d6a1fc0d7ceff3e33f6c2c4c2d61d0e66"",""query_sha256"":""2e23cd396e2dd8542fcd6dc9541c69d45cb250a36faed0467b475b4adcca3ac6"",""engine"":""graphdb"",""engine_version"":""GraphDB (RDF4J) [engines.json profile]"",""scale"":""100M"",""base_endpoint_sha256"":""e1e370c3c3e41897f966ee22e8c7c98840f6ecade4ccb1698265b03c62141a2f"",""reified_endpoint_sha256"":""2c97fc305990d2aa1e0f09f37216d4d5b1419027440c3151c422415f0c836db8"",""update_endpoint_sha256"":""f3c05af6c7aa3bbf0aae501a61efa32804f36e642d32f61fe21875892b248a8a"",""base_data_identity_sha256"":""8a988dc83f4082a4f27503ba2906dc6b8733b3c02be567635c726c67bbd48314"",""reified_data_identity_sha256"":""16162702ccec82b2a0e27063cd04bd756a27af1f003b4cef0da976d843ef4725"",""update_for"":""reified"",""access_mode"":""writable"",""base_data_name"":""exploratory-base"",""reified_data_name"":""exploratory-reified"",""update_canary_sha256"":""41997fb8640d9e765a0272879a63548eb9bd46bbf6e49da02b7c924e506b94f7"",""store_instance_sha256"":""e6d3d236675cf5aefb65ff5897cc6e142b08e2a2be9e4af928e482100bc8e0bd"",""store_discriminator_sha256"":""2e884d94ace185d62b1b91debf493ccd0a69b83d08e74cf5f1c2be4851b14215"",""tool_sha256"":""7b43c2342d7676aa65cc9ee233b2184c9eae88f2663874af7ab1b83282f94ab4"",""java_runtime_sha256"":""6ffd10b28ab050230cdc1137f0bd16155c3a7c587add7fbe921d985fa92879fe"",""run_identity_sha256"":""e34d45d052ec9ef2e6cfee06144e204b8de2d5d2e9cd2f32eaeb100c41c1cb36""}"
966642a2961472c5f660f752648dc2693518e858,graphdb,GraphDB (RDF4J) [engines.json profile],100M,L,L5,00,2e23cd396e2dd8542fcd6dc9541c69d45cb250a36faed0467b475b4adcca3ac6,N,N_clean (NPCS reimplementation),ok,1310,14950.8,14950.8,14950.8,14950.8,0.0,0,1,3600.0,351549,0.0,,,,1310,177.866066,[14950.807],[0.0],,[],,[],,[],r9.2-frozen-identity-v9,dfac415b5a6cbd6bca05218077d4301d6a1fc0d7ceff3e33f6c2c4c2d61d0e66,csv-candidate-multiset-v1,1310,1d64250cdd7646ce9477b3645e763b168b7990ec166886a3c74313e13d2f36db,,,,,,,,e1e370c3c3e41897f966ee22e8c7c98840f6ecade4ccb1698265b03c62141a2f,2c97fc305990d2aa1e0f09f37216d4d5b1419027440c3151c422415f0c836db8,f3c05af6c7aa3bbf0aae501a61efa32804f36e642d32f61fe21875892b248a8a,8a988dc83f4082a4f27503ba2906dc6b8733b3c02be567635c726c67bbd48314,16162702ccec82b2a0e27063cd04bd756a27af1f003b4cef0da976d843ef4725,reified,writable,exploratory-base,exploratory-reified,41997fb8640d9e765a0272879a63548eb9bd46bbf6e49da02b7c924e506b94f7,e6d3d236675cf5aefb65ff5897cc6e142b08e2a2be9e4af928e482100bc8e0bd,2e884d94ace185d62b1b91debf493ccd0a69b83d08e74cf5f1c2be4851b14215,7b43c2342d7676aa65cc9ee233b2184c9eae88f2663874af7ab1b83282f94ab4,6ffd10b28ab050230cdc1137f0bd16155c3a7c587add7fbe921d985fa92879fe,1310,0,3930,e34d45d052ec9ef2e6cfee06144e204b8de2d5d2e9cd2f32eaeb100c41c1cb36,"pcm-meta-v2:{""protocol"":""r9.2-frozen-identity-v9"",""message"":"""",""cell_wall_ms"":15162.299,""answer_kind"":""csv-candidate-multiset-v1"",""answer_key_count"":1310,""answer_fingerprint"":""1d64250cdd7646ce9477b3645e763b168b7990ec166886a3c74313e13d2f36db"",""c_parse_samples"":[0.0],""c_protocol_samples"":[],""construct_total_samples"":[],""construct_unattributed_samples"":[],""status"":""ok"",""status_evidence"":null,""construction_requested"":null,""construction_effective"":null,""commit"":""966642a2961472c5f660f752648dc2693518e858"",""batch_id"":""dfac415b5a6cbd6bca05218077d4301d6a1fc0d7ceff3e33f6c2c4c2d61d0e66"",""query_sha256"":""2e23cd396e2dd8542fcd6dc9541c69d45cb250a36faed0467b475b4adcca3ac6"",""engine"":""graphdb"",""engine_version"":""GraphDB (RDF4J) [engines.json profile]"",""scale"":""100M"",""base_endpoint_sha256"":""e1e370c3c3e41897f966ee22e8c7c98840f6ecade4ccb1698265b03c62141a2f"",""reified_endpoint_sha256"":""2c97fc305990d2aa1e0f09f37216d4d5b1419027440c3151c422415f0c836db8"",""update_endpoint_sha256"":""f3c05af6c7aa3bbf0aae501a61efa32804f36e642d32f61fe21875892b248a8a"",""base_data_identity_sha256"":""8a988dc83f4082a4f27503ba2906dc6b8733b3c02be567635c726c67bbd48314"",""reified_data_identity_sha256"":""16162702ccec82b2a0e27063cd04bd756a27af1f003b4cef0da976d843ef4725"",""update_for"":""reified"",""access_mode"":""writable"",""base_data_name"":""exploratory-base"",""reified_data_name"":""exploratory-reified"",""update_canary_sha256"":""41997fb8640d9e765a0272879a63548eb9bd46bbf6e49da02b7c924e506b94f7"",""store_instance_sha256"":""e6d3d236675cf5aefb65ff5897cc6e142b08e2a2be9e4af928e482100bc8e0bd"",""store_discriminator_sha256"":""2e884d94ace185d62b1b91debf493ccd0a69b83d08e74cf5f1c2be4851b14215"",""tool_sha256"":""7b43c2342d7676aa65cc9ee233b2184c9eae88f2663874af7ab1b83282f94ab4"",""java_runtime_sha256"":""6ffd10b28ab050230cdc1137f0bd16155c3a7c587add7fbe921d985fa92879fe"",""run_identity_sha256"":""e34d45d052ec9ef2e6cfee06144e204b8de2d5d2e9cd2f32eaeb100c41c1cb36""}"
966642a2961472c5f660f752648dc2693518e858,graphdb,GraphDB (RDF4J) [engines.json profile],100M,L,L5,00,2e23cd396e2dd8542fcd6dc9541c69d45cb250a36faed0467b475b4adcca3ac6,C,SPARQLcirc CircuitRewriter,ok,1310,57117.0,57117.0,57117.0,57117.0,0.0,0,1,3600.0,3241514,281.4,2620,5240,1310,,348.462862,[57116.966],[281.447],0.0,[0.0],57405.7,[57405.686],7.3,[7.273],r9.2-frozen-identity-v9,dfac415b5a6cbd6bca05218077d4301d6a1fc0d7ceff3e33f6c2c4c2d61d0e66,term-aware-candidate-set-v1,1310,1ccae83939bdc398566e55ba52921d9776aafbeed8a4d68cc884d033346093f3,flat,flat,dcf33bc6b3e2ced5a674f23acdb5fc780d986686832dc3f8544270361c999646,/mnt/nfs/home/ac145595/workspace/rq3-artifacts/circuits/graphdb-100m/2e23cd396e2dd8542fcd6dc9541c69d45cb250a36faed0467b475b4adcca3ac6-dcf33bc6b3e2ced5a674f23acdb5fc780d986686832dc3f8544270361c999646.nt,/mnt/nfs/home/ac145595/workspace/rq3-artifacts/circuits/graphdb-100m/2e23cd396e2dd8542fcd6dc9541c69d45cb250a36faed0467b475b4adcca3ac6-dcf33bc6b3e2ced5a674f23acdb5fc780d986686832dc3f8544270361c999646.json,674cf88f530b8fbce3f17e7d631926e1aaeb20d1f8392672141cb5be5f39dc65,50c0c5ed534012bd13828b608b5bb1c29575f592bdbdfa0324184e3dc0bf5fdc,e1e370c3c3e41897f966ee22e8c7c98840f6ecade4ccb1698265b03c62141a2f,2c97fc305990d2aa1e0f09f37216d4d5b1419027440c3151c422415f0c836db8,f3c05af6c7aa3bbf0aae501a61efa32804f36e642d32f61fe21875892b248a8a,8a988dc83f4082a4f27503ba2906dc6b8733b3c02be567635c726c67bbd48314,16162702ccec82b2a0e27063cd04bd756a27af1f003b4cef0da976d843ef4725,reified,writable,exploratory-base,exploratory-reified,41997fb8640d9e765a0272879a63548eb9bd46bbf6e49da02b7c924e506b94f7,e6d3d236675cf5aefb65ff5897cc6e142b08e2a2be9e4af928e482100bc8e0bd,2e884d94ace185d62b1b91debf493ccd0a69b83d08e74cf5f1c2be4851b14215,7b43c2342d7676aa65cc9ee233b2184c9eae88f2663874af7ab1b83282f94ab4,6ffd10b28ab050230cdc1137f0bd16155c3a7c587add7fbe921d985fa92879fe,,,,e34d45d052ec9ef2e6cfee06144e204b8de2d5d2e9cd2f32eaeb100c41c1cb36,"pcm-meta-v2:{""protocol"":""r9.2-frozen-identity-v9"",""message"":""C requested=flat effective=flat; steps=1 feedback=0; network includes CONSTRUCT, feedback INSERT, and cleanup DELETE"",""cell_wall_ms"":57819.175,""answer_kind"":""term-aware-candidate-set-v1"",""answer_key_count"":1310,""answer_fingerprint"":""1ccae83939bdc398566e55ba52921d9776aafbeed8a4d68cc884d033346093f3"",""c_parse_samples"":[281.447],""c_protocol_samples"":[{""requested_mode"":""flat"",""effective_mode"":""flat"",""fallback_reason"":null,""plan_steps"":1,""feedback_steps"":0,""feedback_triples"":0,""construct_query_ms"":57116.966,""feedback_update_ms"":0.0,""cleanup_ms"":0.0,""client_protocol_ms"":0.0,""network_scope"":""construct+feedback+cleanup"",""circuit_sha256"":""dcf33bc6b3e2ced5a674f23acdb5fc780d986686832dc3f8544270361c999646"",""answer_fingerprint"":""1ccae83939bdc398566e55ba52921d9776aafbeed8a4d68cc884d033346093f3"",""semantic_signature_sha256"":""d30d07dfce0734e1c37d5f2dc26890bc4bcef25130aaf0fbfabce0951f06e470"",""structure_signature"":{""gates"":2620,""edges"":5240,""answers"":1310,""derivations"":1310,""leaves"":2621,""plus"":1310,""minus"":0,""nodes"":5241,""canonical_bytes"":3241514},""construct_total_ms"":57405.686,""client_unattributed_ms"":7.273}],""construct_total_samples"":[57405.686],""construct_unattributed_samples"":[7.273],""status"":""ok"",""status_evidence"":null,""c_warmup_signatures"":[],""measured_semantic_signature_sha256"":""d30d07dfce0734e1c37d5f2dc26890bc4bcef25130aaf0fbfabce0951f06e470"",""measured_repetitions_consistent"":true,""cache_snapshot_ms"":55.389,""cache_snapshot_scope"":""first-measured-response; deferred until all runs succeeded"",""outside_cell_cache_write_ms"":140.25,""endpoint_lock"":{""wait_ms"":0.009,""lock_path"":""/tmp/sparqlcirc-r9-endpoint-locks-v7/e6d3d236675cf5aefb65ff5897cc6e142b08e2a2be9e4af928e482100bc8e0bd.lock""},""construction_requested"":""flat"",""construction_effective"":""flat"",""circuit_sha256"":""dcf33bc6b3e2ced5a674f23acdb5fc780d986686832dc3f8544270361c999646"",""circuit_triples"":20960,""circuit_bytes"":3241514,""circuit_path"":""/mnt/nfs/home/ac145595/workspace/rq3-artifacts/circuits/graphdb-100m/2e23cd396e2dd8542fcd6dc9541c69d45cb250a36faed0467b475b4adcca3ac6-dcf33bc6b3e2ced5a674f23acdb5fc780d986686832dc3f8544270361c999646.nt"",""metadata_path"":""/mnt/nfs/home/ac145595/workspace/rq3-artifacts/circuits/graphdb-100m/2e23cd396e2dd8542fcd6dc9541c69d45cb250a36faed0467b475b4adcca3ac6-dcf33bc6b3e2ced5a674f23acdb5fc780d986686832dc3f8544270361c999646.json"",""producer_observation_sha256"":""674cf88f530b8fbce3f17e7d631926e1aaeb20d1f8392672141cb5be5f39dc65"",""sidecar_sha256"":""50c0c5ed534012bd13828b608b5bb1c29575f592bdbdfa0324184e3dc0bf5fdc"",""commit"":""966642a2961472c5f660f752648dc2693518e858"",""batch_id"":""dfac415b5a6cbd6bca05218077d4301d6a1fc0d7ceff3e33f6c2c4c2d61d0e66"",""query_sha256"":""2e23cd396e2dd8542fcd6dc9541c69d45cb250a36faed0467b475b4adcca3ac6"",""engine"":""graphdb"",""engine_version"":""GraphDB (RDF4J) [engines.json profile]"",""scale"":""100M"",""base_endpoint_sha256"":""e1e370c3c3e41897f966ee22e8c7c98840f6ecade4ccb1698265b03c62141a2f"",""reified_endpoint_sha256"":""2c97fc305990d2aa1e0f09f37216d4d5b1419027440c3151c422415f0c836db8"",""update_endpoint_sha256"":""f3c05af6c7aa3bbf0aae501a61efa32804f36e642d32f61fe21875892b248a8a"",""base_data_identity_sha256"":""8a988dc83f4082a4f27503ba2906dc6b8733b3c02be567635c726c67bbd48314"",""reified_data_identity_sha256"":""16162702ccec82b2a0e27063cd04bd756a27af1f003b4cef0da976d843ef4725"",""update_for"":""reified"",""access_mode"":""writable"",""base_data_name"":""exploratory-base"",""reified_data_name"":""exploratory-reified"",""update_canary_sha256"":""41997fb8640d9e765a0272879a63548eb9bd46bbf6e49da02b7c924e506b94f7"",""store_instance_sha256"":""e6d3d236675cf5aefb65ff5897cc6e142b08e2a2be9e4af928e482100bc8e0bd"",""store_discriminator_sha256"":""2e884d94ace185d62b1b91debf493ccd0a69b83d08e74cf5f1c2be4851b14215"",""tool_sha256"":""7b43c2342d7676aa65cc9ee233b2184c9eae88f2663874af7ab1b83282f94ab4"",""java_runtime_sha256"":""6ffd10b28ab050230cdc1137f0bd16155c3a7c587add7fbe921d985fa92879fe"",""run_identity_sha256"":""e34d45d052ec9ef2e6cfee06144e204b8de2d5d2e9cd2f32eaeb100c41c1cb36""}"
966642a2961472c5f660f752648dc2693518e858,graphdb,GraphDB (RDF4J) [engines.json profile],100M,M,M1,00,31cc3cc2a162131c645d8c00efac8198f154624658dbdf08952fdf2aa2fcc40f,B,base-select,ok,1113720,9924.7,9924.7,9924.7,9924.7,0.0,0,1,3600.0,107355309,0.0,,,,,0.00733,[9924.68],[0.0],,[],,[],,[],r9.2-frozen-identity-v9,dfac415b5a6cbd6bca05218077d4301d6a1fc0d7ceff3e33f6c2c4c2d61d0e66,csv-binding-multiset-v1,1113720,9a1a2189caa43ed743e2835d1882dc5bd940421a947fbdb4eafbb21b456609f2,,,,,,,,e1e370c3c3e41897f966ee22e8c7c98840f6ecade4ccb1698265b03c62141a2f,2c97fc305990d2aa1e0f09f37216d4d5b1419027440c3151c422415f0c836db8,f3c05af6c7aa3bbf0aae501a61efa32804f36e642d32f61fe21875892b248a8a,8a988dc83f4082a4f27503ba2906dc6b8733b3c02be567635c726c67bbd48314,16162702ccec82b2a0e27063cd04bd756a27af1f003b4cef0da976d843ef4725,reified,writable,exploratory-base,exploratory-reified,41997fb8640d9e765a0272879a63548eb9bd46bbf6e49da02b7c924e506b94f7,e6d3d236675cf5aefb65ff5897cc6e142b08e2a2be9e4af928e482100bc8e0bd,2e884d94ace185d62b1b91debf493ccd0a69b83d08e74cf5f1c2be4851b14215,7b43c2342d7676aa65cc9ee233b2184c9eae88f2663874af7ab1b83282f94ab4,6ffd10b28ab050230cdc1137f0bd16155c3a7c587add7fbe921d985fa92879fe,,,,3d30f8e5912d789eaef0e59200eba4a5e0c95f96e2387d409a088eee2307ab2e,"pcm-meta-v2:{""protocol"":""r9.2-frozen-identity-v9"",""message"":"""",""cell_wall_ms"":18490.361,""answer_kind"":""csv-binding-multiset-v1"",""answer_key_count"":1113720,""answer_fingerprint"":""9a1a2189caa43ed743e2835d1882dc5bd940421a947fbdb4eafbb21b456609f2"",""c_parse_samples"":[0.0],""c_protocol_samples"":[],""construct_total_samples"":[],""construct_unattributed_samples"":[],""status"":""ok"",""status_evidence"":null,""construction_requested"":null,""construction_effective"":null,""commit"":""966642a2961472c5f660f752648dc2693518e858"",""batch_id"":""dfac415b5a6cbd6bca05218077d4301d6a1fc0d7ceff3e33f6c2c4c2d61d0e66"",""query_sha256"":""31cc3cc2a162131c645d8c00efac8198f154624658dbdf08952fdf2aa2fcc40f"",""engine"":""graphdb"",""engine_version"":""GraphDB (RDF4J) [engines.json profile]"",""scale"":""100M"",""base_endpoint_sha256"":""e1e370c3c3e41897f966ee22e8c7c98840f6ecade4ccb1698265b03c62141a2f"",""reified_endpoint_sha256"":""2c97fc305990d2aa1e0f09f37216d4d5b1419027440c3151c422415f0c836db8"",""update_endpoint_sha256"":""f3c05af6c7aa3bbf0aae501a61efa32804f36e642d32f61fe21875892b248a8a"",""base_data_identity_sha256"":""8a988dc83f4082a4f27503ba2906dc6b8733b3c02be567635c726c67bbd48314"",""reified_data_identity_sha256"":""16162702ccec82b2a0e27063cd04bd756a27af1f003b4cef0da976d843ef4725"",""update_for"":""reified"",""access_mode"":""writable"",""base_data_name"":""exploratory-base"",""reified_data_name"":""exploratory-reified"",""update_canary_sha256"":""41997fb8640d9e765a0272879a63548eb9bd46bbf6e49da02b7c924e506b94f7"",""store_instance_sha256"":""e6d3d236675cf5aefb65ff5897cc6e142b08e2a2be9e4af928e482100bc8e0bd"",""store_discriminator_sha256"":""2e884d94ace185d62b1b91debf493ccd0a69b83d08e74cf5f1c2be4851b14215"",""tool_sha256"":""7b43c2342d7676aa65cc9ee233b2184c9eae88f2663874af7ab1b83282f94ab4"",""java_runtime_sha256"":""6ffd10b28ab050230cdc1137f0bd16155c3a7c587add7fbe921d985fa92879fe"",""run_identity_sha256"":""3d30f8e5912d789eaef0e59200eba4a5e0c95f96e2387d409a088eee2307ab2e""}"
966642a2961472c5f660f752648dc2693518e858,graphdb,GraphDB (RDF4J) [engines.json profile],100M,M,M1,00,31cc3cc2a162131c645d8c00efac8198f154624658dbdf08952fdf2aa2fcc40f,R,reification-only,ok,1113720,25422.0,25422.0,25422.0,25422.0,0.0,0,1,3600.0,107355309,0.0,,,,,155.093621,[25421.956],[0.0],,[],,[],,[],r9.2-frozen-identity-v9,dfac415b5a6cbd6bca05218077d4301d6a1fc0d7ceff3e33f6c2c4c2d61d0e66,csv-binding-multiset-v1,1113720,9a1a2189caa43ed743e2835d1882dc5bd940421a947fbdb4eafbb21b456609f2,,,,,,,,e1e370c3c3e41897f966ee22e8c7c98840f6ecade4ccb1698265b03c62141a2f,2c97fc305990d2aa1e0f09f37216d4d5b1419027440c3151c422415f0c836db8,f3c05af6c7aa3bbf0aae501a61efa32804f36e642d32f61fe21875892b248a8a,8a988dc83f4082a4f27503ba2906dc6b8733b3c02be567635c726c67bbd48314,16162702ccec82b2a0e27063cd04bd756a27af1f003b4cef0da976d843ef4725,reified,writable,exploratory-base,exploratory-reified,41997fb8640d9e765a0272879a63548eb9bd46bbf6e49da02b7c924e506b94f7,e6d3d236675cf5aefb65ff5897cc6e142b08e2a2be9e4af928e482100bc8e0bd,2e884d94ace185d62b1b91debf493ccd0a69b83d08e74cf5f1c2be4851b14215,7b43c2342d7676aa65cc9ee233b2184c9eae88f2663874af7ab1b83282f94ab4,6ffd10b28ab050230cdc1137f0bd16155c3a7c587add7fbe921d985fa92879fe,,,,3d30f8e5912d789eaef0e59200eba4a5e0c95f96e2387d409a088eee2307ab2e,"pcm-meta-v2:{""protocol"":""r9.2-frozen-identity-v9"",""message"":"""",""cell_wall_ms"":32941.919,""answer_kind"":""csv-binding-multiset-v1"",""answer_key_count"":1113720,""answer_fingerprint"":""9a1a2189caa43ed743e2835d1882dc5bd940421a947fbdb4eafbb21b456609f2"",""c_parse_samples"":[0.0],""c_protocol_samples"":[],""construct_total_samples"":[],""construct_unattributed_samples"":[],""status"":""ok"",""status_evidence"":null,""construction_requested"":null,""construction_effective"":null,""commit"":""966642a2961472c5f660f752648dc2693518e858"",""batch_id"":""dfac415b5a6cbd6bca05218077d4301d6a1fc0d7ceff3e33f6c2c4c2d61d0e66"",""query_sha256"":""31cc3cc2a162131c645d8c00efac8198f154624658dbdf08952fdf2aa2fcc40f"",""engine"":""graphdb"",""engine_version"":""GraphDB (RDF4J) [engines.json profile]"",""scale"":""100M"",""base_endpoint_sha256"":""e1e370c3c3e41897f966ee22e8c7c98840f6ecade4ccb1698265b03c62141a2f"",""reified_endpoint_sha256"":""2c97fc305990d2aa1e0f09f37216d4d5b1419027440c3151c422415f0c836db8"",""update_endpoint_sha256"":""f3c05af6c7aa3bbf0aae501a61efa32804f36e642d32f61fe21875892b248a8a"",""base_data_identity_sha256"":""8a988dc83f4082a4f27503ba2906dc6b8733b3c02be567635c726c67bbd48314"",""reified_data_identity_sha256"":""16162702ccec82b2a0e27063cd04bd756a27af1f003b4cef0da976d843ef4725"",""update_for"":""reified"",""access_mode"":""writable"",""base_data_name"":""exploratory-base"",""reified_data_name"":""exploratory-reified"",""update_canary_sha256"":""41997fb8640d9e765a0272879a63548eb9bd46bbf6e49da02b7c924e506b94f7"",""store_instance_sha256"":""e6d3d236675cf5aefb65ff5897cc6e142b08e2a2be9e4af928e482100bc8e0bd"",""store_discriminator_sha256"":""2e884d94ace185d62b1b91debf493ccd0a69b83d08e74cf5f1c2be4851b14215"",""tool_sha256"":""7b43c2342d7676aa65cc9ee233b2184c9eae88f2663874af7ab1b83282f94ab4"",""java_runtime_sha256"":""6ffd10b28ab050230cdc1137f0bd16155c3a7c587add7fbe921d985fa92879fe"",""run_identity_sha256"":""3d30f8e5912d789eaef0e59200eba4a5e0c95f96e2387d409a088eee2307ab2e""}"
966642a2961472c5f660f752648dc2693518e858,graphdb,GraphDB (RDF4J) [engines.json profile],100M,M,M1,00,31cc3cc2a162131c645d8c00efac8198f154624658dbdf08952fdf2aa2fcc40f,N,N_clean (NPCS reimplementation),ok,1119055,89316.2,89316.2,89316.2,89316.2,0.0,0,1,3600.0,152996167,0.0,,,,1125917,191.257679,[89316.246],[0.0],,[],,[],,[],r9.2-frozen-identity-v9,dfac415b5a6cbd6bca05218077d4301d6a1fc0d7ceff3e33f6c2c4c2d61d0e66,csv-candidate-multiset-v1,1119055,8e4295537bcbdf470fab2e89acc3e3ca942d69b74986cf10da14fa86faeb71c5,,,,,,,,e1e370c3c3e41897f966ee22e8c7c98840f6ecade4ccb1698265b03c62141a2f,2c97fc305990d2aa1e0f09f37216d4d5b1419027440c3151c422415f0c836db8,f3c05af6c7aa3bbf0aae501a61efa32804f36e642d32f61fe21875892b248a8a,8a988dc83f4082a4f27503ba2906dc6b8733b3c02be567635c726c67bbd48314,16162702ccec82b2a0e27063cd04bd756a27af1f003b4cef0da976d843ef4725,reified,writable,exploratory-base,exploratory-reified,41997fb8640d9e765a0272879a63548eb9bd46bbf6e49da02b7c924e506b94f7,e6d3d236675cf5aefb65ff5897cc6e142b08e2a2be9e4af928e482100bc8e0bd,2e884d94ace185d62b1b91debf493ccd0a69b83d08e74cf5f1c2be4851b14215,7b43c2342d7676aa65cc9ee233b2184c9eae88f2663874af7ab1b83282f94ab4,6ffd10b28ab050230cdc1137f0bd16155c3a7c587add7fbe921d985fa92879fe,2243445,1119055,1134306,3d30f8e5912d789eaef0e59200eba4a5e0c95f96e2387d409a088eee2307ab2e,"pcm-meta-v2:{""protocol"":""r9.2-frozen-identity-v9"",""message"":"""",""cell_wall_ms"":108148.112,""answer_kind"":""csv-candidate-multiset-v1"",""answer_key_count"":1119055,""answer_fingerprint"":""8e4295537bcbdf470fab2e89acc3e3ca942d69b74986cf10da14fa86faeb71c5"",""c_parse_samples"":[0.0],""c_protocol_samples"":[],""construct_total_samples"":[],""construct_unattributed_samples"":[],""status"":""ok"",""status_evidence"":null,""construction_requested"":null,""construction_effective"":null,""commit"":""966642a2961472c5f660f752648dc2693518e858"",""batch_id"":""dfac415b5a6cbd6bca05218077d4301d6a1fc0d7ceff3e33f6c2c4c2d61d0e66"",""query_sha256"":""31cc3cc2a162131c645d8c00efac8198f154624658dbdf08952fdf2aa2fcc40f"",""engine"":""graphdb"",""engine_version"":""GraphDB (RDF4J) [engines.json profile]"",""scale"":""100M"",""base_endpoint_sha256"":""e1e370c3c3e41897f966ee22e8c7c98840f6ecade4ccb1698265b03c62141a2f"",""reified_endpoint_sha256"":""2c97fc305990d2aa1e0f09f37216d4d5b1419027440c3151c422415f0c836db8"",""update_endpoint_sha256"":""f3c05af6c7aa3bbf0aae501a61efa32804f36e642d32f61fe21875892b248a8a"",""base_data_identity_sha256"":""8a988dc83f4082a4f27503ba2906dc6b8733b3c02be567635c726c67bbd48314"",""reified_data_identity_sha256"":""16162702ccec82b2a0e27063cd04bd756a27af1f003b4cef0da976d843ef4725"",""update_for"":""reified"",""access_mode"":""writable"",""base_data_name"":""exploratory-base"",""reified_data_name"":""exploratory-reified"",""update_canary_sha256"":""41997fb8640d9e765a0272879a63548eb9bd46bbf6e49da02b7c924e506b94f7"",""store_instance_sha256"":""e6d3d236675cf5aefb65ff5897cc6e142b08e2a2be9e4af928e482100bc8e0bd"",""store_discriminator_sha256"":""2e884d94ace185d62b1b91debf493ccd0a69b83d08e74cf5f1c2be4851b14215"",""tool_sha256"":""7b43c2342d7676aa65cc9ee233b2184c9eae88f2663874af7ab1b83282f94ab4"",""java_runtime_sha256"":""6ffd10b28ab050230cdc1137f0bd16155c3a7c587add7fbe921d985fa92879fe"",""run_identity_sha256"":""3d30f8e5912d789eaef0e59200eba4a5e0c95f96e2387d409a088eee2307ab2e""}"
966642a2961472c5f660f752648dc2693518e858,graphdb,GraphDB (RDF4J) [engines.json profile],100M,M,M1,00,31cc3cc2a162131c645d8c00efac8198f154624658dbdf08952fdf2aa2fcc40f,C,SPARQLcirc CircuitRewriter,timeout,,,,,,,0,1,3600.0,,,,,,,378.251691,[],[],,[],,[],,[],r9.2-frozen-identity-v9,dfac415b5a6cbd6bca05218077d4301d6a1fc0d7ceff3e33f6c2c4c2d61d0e66,,,,,,,,,,,e1e370c3c3e41897f966ee22e8c7c98840f6ecade4ccb1698265b03c62141a2f,2c97fc305990d2aa1e0f09f37216d4d5b1419027440c3151c422415f0c836db8,f3c05af6c7aa3bbf0aae501a61efa32804f36e642d32f61fe21875892b248a8a,8a988dc83f4082a4f27503ba2906dc6b8733b3c02be567635c726c67bbd48314,16162702ccec82b2a0e27063cd04bd756a27af1f003b4cef0da976d843ef4725,reified,writable,exploratory-base,exploratory-reified,41997fb8640d9e765a0272879a63548eb9bd46bbf6e49da02b7c924e506b94f7,e6d3d236675cf5aefb65ff5897cc6e142b08e2a2be9e4af928e482100bc8e0bd,2e884d94ace185d62b1b91debf493ccd0a69b83d08e74cf5f1c2be4851b14215,7b43c2342d7676aa65cc9ee233b2184c9eae88f2663874af7ab1b83282f94ab4,6ffd10b28ab050230cdc1137f0bd16155c3a7c587add7fbe921d985fa92879fe,,,,3d30f8e5912d789eaef0e59200eba4a5e0c95f96e2387d409a088eee2307ab2e,"pcm-meta-v2:{""protocol"":""r9.2-frozen-identity-v9"",""message"":""whole cell exceeded 3600s hard deadline; worker reaped"",""cell_wall_ms"":3600000.0,""c_parse_samples"":[],""c_protocol_samples"":[],""construct_total_samples"":[],""construct_unattributed_samples"":[],""status"":""timeout"",""status_evidence"":{""kind"":""hard-wall-deadline"",""message"":""whole cell exceeded 3600s hard deadline; worker reaped""},""endpoint_lock"":{""wait_ms"":0.006,""lock_path"":""/tmp/sparqlcirc-r9-endpoint-locks-v7/e6d3d236675cf5aefb65ff5897cc6e142b08e2a2be9e4af928e482100bc8e0bd.lock""},""construction_requested"":null,""construction_effective"":null,""commit"":""966642a2961472c5f660f752648dc2693518e858"",""batch_id"":""dfac415b5a6cbd6bca05218077d4301d6a1fc0d7ceff3e33f6c2c4c2d61d0e66"",""query_sha256"":""31cc3cc2a162131c645d8c00efac8198f154624658dbdf08952fdf2aa2fcc40f"",""engine"":""graphdb"",""engine_version"":""GraphDB (RDF4J) [engines.json profile]"",""scale"":""100M"",""base_endpoint_sha256"":""e1e370c3c3e41897f966ee22e8c7c98840f6ecade4ccb1698265b03c62141a2f"",""reified_endpoint_sha256"":""2c97fc305990d2aa1e0f09f37216d4d5b1419027440c3151c422415f0c836db8"",""update_endpoint_sha256"":""f3c05af6c7aa3bbf0aae501a61efa32804f36e642d32f61fe21875892b248a8a"",""base_data_identity_sha256"":""8a988dc83f4082a4f27503ba2906dc6b8733b3c02be567635c726c67bbd48314"",""reified_data_identity_sha256"":""16162702ccec82b2a0e27063cd04bd756a27af1f003b4cef0da976d843ef4725"",""update_for"":""reified"",""access_mode"":""writable"",""base_data_name"":""exploratory-base"",""reified_data_name"":""exploratory-reified"",""update_canary_sha256"":""41997fb8640d9e765a0272879a63548eb9bd46bbf6e49da02b7c924e506b94f7"",""store_instance_sha256"":""e6d3d236675cf5aefb65ff5897cc6e142b08e2a2be9e4af928e482100bc8e0bd"",""store_discriminator_sha256"":""2e884d94ace185d62b1b91debf493ccd0a69b83d08e74cf5f1c2be4851b14215"",""tool_sha256"":""7b43c2342d7676aa65cc9ee233b2184c9eae88f2663874af7ab1b83282f94ab4"",""java_runtime_sha256"":""6ffd10b28ab050230cdc1137f0bd16155c3a7c587add7fbe921d985fa92879fe"",""run_identity_sha256"":""3d30f8e5912d789eaef0e59200eba4a5e0c95f96e2387d409a088eee2307ab2e""}"
966642a2961472c5f660f752648dc2693518e858,graphdb,GraphDB (RDF4J) [engines.json profile],100M,M,M2,00,57dabb9eb81d64dbc3cc422093691dfbcd45c8bc0072a0480b32c507db250930,B,base-select,timeout,,,,,,,0,1,3600.0,,,,,,,0.188863,[],[],,[],,[],,[],r9.2-frozen-identity-v9,dfac415b5a6cbd6bca05218077d4301d6a1fc0d7ceff3e33f6c2c4c2d61d0e66,,,,,,,,,,,e1e370c3c3e41897f966ee22e8c7c98840f6ecade4ccb1698265b03c62141a2f,2c97fc305990d2aa1e0f09f37216d4d5b1419027440c3151c422415f0c836db8,f3c05af6c7aa3bbf0aae501a61efa32804f36e642d32f61fe21875892b248a8a,8a988dc83f4082a4f27503ba2906dc6b8733b3c02be567635c726c67bbd48314,16162702ccec82b2a0e27063cd04bd756a27af1f003b4cef0da976d843ef4725,reified,writable,exploratory-base,exploratory-reified,41997fb8640d9e765a0272879a63548eb9bd46bbf6e49da02b7c924e506b94f7,e6d3d236675cf5aefb65ff5897cc6e142b08e2a2be9e4af928e482100bc8e0bd,2e884d94ace185d62b1b91debf493ccd0a69b83d08e74cf5f1c2be4851b14215,7b43c2342d7676aa65cc9ee233b2184c9eae88f2663874af7ab1b83282f94ab4,6ffd10b28ab050230cdc1137f0bd16155c3a7c587add7fbe921d985fa92879fe,,,,e256da14fe00d03dc8c9f289edb97a91c8cff3a4d38e267fb5690598f54b404d,"pcm-meta-v2:{""protocol"":""r9.2-frozen-identity-v9"",""message"":""whole cell exceeded 3600s hard deadline; worker reaped"",""cell_wall_ms"":3600000.0,""c_parse_samples"":[],""c_protocol_samples"":[],""construct_total_samples"":[],""construct_unattributed_samples"":[],""status"":""timeout"",""status_evidence"":{""kind"":""hard-wall-deadline"",""message"":""whole cell exceeded 3600s hard deadline; worker reaped""},""construction_requested"":null,""construction_effective"":null,""commit"":""966642a2961472c5f660f752648dc2693518e858"",""batch_id"":""dfac415b5a6cbd6bca05218077d4301d6a1fc0d7ceff3e33f6c2c4c2d61d0e66"",""query_sha256"":""57dabb9eb81d64dbc3cc422093691dfbcd45c8bc0072a0480b32c507db250930"",""engine"":""graphdb"",""engine_version"":""GraphDB (RDF4J) [engines.json profile]"",""scale"":""100M"",""base_endpoint_sha256"":""e1e370c3c3e41897f966ee22e8c7c98840f6ecade4ccb1698265b03c62141a2f"",""reified_endpoint_sha256"":""2c97fc305990d2aa1e0f09f37216d4d5b1419027440c3151c422415f0c836db8"",""update_endpoint_sha256"":""f3c05af6c7aa3bbf0aae501a61efa32804f36e642d32f61fe21875892b248a8a"",""base_data_identity_sha256"":""8a988dc83f4082a4f27503ba2906dc6b8733b3c02be567635c726c67bbd48314"",""reified_data_identity_sha256"":""16162702ccec82b2a0e27063cd04bd756a27af1f003b4cef0da976d843ef4725"",""update_for"":""reified"",""access_mode"":""writable"",""base_data_name"":""exploratory-base"",""reified_data_name"":""exploratory-reified"",""update_canary_sha256"":""41997fb8640d9e765a0272879a63548eb9bd46bbf6e49da02b7c924e506b94f7"",""store_instance_sha256"":""e6d3d236675cf5aefb65ff5897cc6e142b08e2a2be9e4af928e482100bc8e0bd"",""store_discriminator_sha256"":""2e884d94ace185d62b1b91debf493ccd0a69b83d08e74cf5f1c2be4851b14215"",""tool_sha256"":""7b43c2342d7676aa65cc9ee233b2184c9eae88f2663874af7ab1b83282f94ab4"",""java_runtime_sha256"":""6ffd10b28ab050230cdc1137f0bd16155c3a7c587add7fbe921d985fa92879fe"",""run_identity_sha256"":""e256da14fe00d03dc8c9f289edb97a91c8cff3a4d38e267fb5690598f54b404d""}"
966642a2961472c5f660f752648dc2693518e858,graphdb,GraphDB (RDF4J) [engines.json profile],100M,M,M2,00,57dabb9eb81d64dbc3cc422093691dfbcd45c8bc0072a0480b32c507db250930,R,reification-only,ok,1143538,250907.2,250907.2,250907.2,250907.2,0.0,0,1,3600.0,110542423,0.0,,,,,777.540338,[250907.201],[0.0],,[],,[],,[],r9.2-frozen-identity-v9,dfac415b5a6cbd6bca05218077d4301d6a1fc0d7ceff3e33f6c2c4c2d61d0e66,csv-binding-multiset-v1,1143538,dc7b5db527e0268afb72d2bf9b38450f6c1ff66f5a74cfa7501a1b8de239913d,,,,,,,,e1e370c3c3e41897f966ee22e8c7c98840f6ecade4ccb1698265b03c62141a2f,2c97fc305990d2aa1e0f09f37216d4d5b1419027440c3151c422415f0c836db8,f3c05af6c7aa3bbf0aae501a61efa32804f36e642d32f61fe21875892b248a8a,8a988dc83f4082a4f27503ba2906dc6b8733b3c02be567635c726c67bbd48314,16162702ccec82b2a0e27063cd04bd756a27af1f003b4cef0da976d843ef4725,reified,writable,exploratory-base,exploratory-reified,41997fb8640d9e765a0272879a63548eb9bd46bbf6e49da02b7c924e506b94f7,e6d3d236675cf5aefb65ff5897cc6e142b08e2a2be9e4af928e482100bc8e0bd,2e884d94ace185d62b1b91debf493ccd0a69b83d08e74cf5f1c2be4851b14215,7b43c2342d7676aa65cc9ee233b2184c9eae88f2663874af7ab1b83282f94ab4,6ffd10b28ab050230cdc1137f0bd16155c3a7c587add7fbe921d985fa92879fe,,,,e256da14fe00d03dc8c9f289edb97a91c8cff3a4d38e267fb5690598f54b404d,"pcm-meta-v2:{""protocol"":""r9.2-frozen-identity-v9"",""message"":"""",""cell_wall_ms"":260980.583,""answer_kind"":""csv-binding-multiset-v1"",""answer_key_count"":1143538,""answer_fingerprint"":""dc7b5db527e0268afb72d2bf9b38450f6c1ff66f5a74cfa7501a1b8de239913d"",""c_parse_samples"":[0.0],""c_protocol_samples"":[],""construct_total_samples"":[],""construct_unattributed_samples"":[],""status"":""ok"",""status_evidence"":null,""construction_requested"":null,""construction_effective"":null,""commit"":""966642a2961472c5f660f752648dc2693518e858"",""batch_id"":""dfac415b5a6cbd6bca05218077d4301d6a1fc0d7ceff3e33f6c2c4c2d61d0e66"",""query_sha256"":""57dabb9eb81d64dbc3cc422093691dfbcd45c8bc0072a0480b32c507db250930"",""engine"":""graphdb"",""engine_version"":""GraphDB (RDF4J) [engines.json profile]"",""scale"":""100M"",""base_endpoint_sha256"":""e1e370c3c3e41897f966ee22e8c7c98840f6ecade4ccb1698265b03c62141a2f"",""reified_endpoint_sha256"":""2c97fc305990d2aa1e0f09f37216d4d5b1419027440c3151c422415f0c836db8"",""update_endpoint_sha256"":""f3c05af6c7aa3bbf0aae501a61efa32804f36e642d32f61fe21875892b248a8a"",""base_data_identity_sha256"":""8a988dc83f4082a4f27503ba2906dc6b8733b3c02be567635c726c67bbd48314"",""reified_data_identity_sha256"":""16162702ccec82b2a0e27063cd04bd756a27af1f003b4cef0da976d843ef4725"",""update_for"":""reified"",""access_mode"":""writable"",""base_data_name"":""exploratory-base"",""reified_data_name"":""exploratory-reified"",""update_canary_sha256"":""41997fb8640d9e765a0272879a63548eb9bd46bbf6e49da02b7c924e506b94f7"",""store_instance_sha256"":""e6d3d236675cf5aefb65ff5897cc6e142b08e2a2be9e4af928e482100bc8e0bd"",""store_discriminator_sha256"":""2e884d94ace185d62b1b91debf493ccd0a69b83d08e74cf5f1c2be4851b14215"",""tool_sha256"":""7b43c2342d7676aa65cc9ee233b2184c9eae88f2663874af7ab1b83282f94ab4"",""java_runtime_sha256"":""6ffd10b28ab050230cdc1137f0bd16155c3a7c587add7fbe921d985fa92879fe"",""run_identity_sha256"":""e256da14fe00d03dc8c9f289edb97a91c8cff3a4d38e267fb5690598f54b404d""}"
966642a2961472c5f660f752648dc2693518e858,graphdb,GraphDB (RDF4J) [engines.json profile],100M,M,M2,00,57dabb9eb81d64dbc3cc422093691dfbcd45c8bc0072a0480b32c507db250930,N,N_clean (NPCS reimplementation),ok,1499014,72403.7,72403.7,72403.7,72403.7,0.0,0,1,3600.0,241662481,0.0,,,,3168066,245.743533,[72403.746],[0.0],,[],,[],,[],r9.2-frozen-identity-v9,dfac415b5a6cbd6bca05218077d4301d6a1fc0d7ceff3e33f6c2c4c2d61d0e66,csv-candidate-multiset-v1,1499014,e9c8636e24fcb235fcb1e10f0d913badd77d159e7364f43a49ab93655bbb4eb6,,,,,,,,e1e370c3c3e41897f966ee22e8c7c98840f6ecade4ccb1698265b03c62141a2f,2c97fc305990d2aa1e0f09f37216d4d5b1419027440c3151c422415f0c836db8,f3c05af6c7aa3bbf0aae501a61efa32804f36e642d32f61fe21875892b248a8a,8a988dc83f4082a4f27503ba2906dc6b8733b3c02be567635c726c67bbd48314,16162702ccec82b2a0e27063cd04bd756a27af1f003b4cef0da976d843ef4725,reified,writable,exploratory-base,exploratory-reified,41997fb8640d9e765a0272879a63548eb9bd46bbf6e49da02b7c924e506b94f7,e6d3d236675cf5aefb65ff5897cc6e142b08e2a2be9e4af928e482100bc8e0bd,2e884d94ace185d62b1b91debf493ccd0a69b83d08e74cf5f1c2be4851b14215,7b43c2342d7676aa65cc9ee233b2184c9eae88f2663874af7ab1b83282f94ab4,6ffd10b28ab050230cdc1137f0bd16155c3a7c587add7fbe921d985fa92879fe,3353504,1499014,4481642,e256da14fe00d03dc8c9f289edb97a91c8cff3a4d38e267fb5690598f54b404d,"pcm-meta-v2:{""protocol"":""r9.2-frozen-identity-v9"",""message"":"""",""cell_wall_ms"":103002.524,""answer_kind"":""csv-candidate-multiset-v1"",""answer_key_count"":1499014,""answer_fingerprint"":""e9c8636e24fcb235fcb1e10f0d913badd77d159e7364f43a49ab93655bbb4eb6"",""c_parse_samples"":[0.0],""c_protocol_samples"":[],""construct_total_samples"":[],""construct_unattributed_samples"":[],""status"":""ok"",""status_evidence"":null,""construction_requested"":null,""construction_effective"":null,""commit"":""966642a2961472c5f660f752648dc2693518e858"",""batch_id"":""dfac415b5a6cbd6bca05218077d4301d6a1fc0d7ceff3e33f6c2c4c2d61d0e66"",""query_sha256"":""57dabb9eb81d64dbc3cc422093691dfbcd45c8bc0072a0480b32c507db250930"",""engine"":""graphdb"",""engine_version"":""GraphDB (RDF4J) [engines.json profile]"",""scale"":""100M"",""base_endpoint_sha256"":""e1e370c3c3e41897f966ee22e8c7c98840f6ecade4ccb1698265b03c62141a2f"",""reified_endpoint_sha256"":""2c97fc305990d2aa1e0f09f37216d4d5b1419027440c3151c422415f0c836db8"",""update_endpoint_sha256"":""f3c05af6c7aa3bbf0aae501a61efa32804f36e642d32f61fe21875892b248a8a"",""base_data_identity_sha256"":""8a988dc83f4082a4f27503ba2906dc6b8733b3c02be567635c726c67bbd48314"",""reified_data_identity_sha256"":""16162702ccec82b2a0e27063cd04bd756a27af1f003b4cef0da976d843ef4725"",""update_for"":""reified"",""access_mode"":""writable"",""base_data_name"":""exploratory-base"",""reified_data_name"":""exploratory-reified"",""update_canary_sha256"":""41997fb8640d9e765a0272879a63548eb9bd46bbf6e49da02b7c924e506b94f7"",""store_instance_sha256"":""e6d3d236675cf5aefb65ff5897cc6e142b08e2a2be9e4af928e482100bc8e0bd"",""store_discriminator_sha256"":""2e884d94ace185d62b1b91debf493ccd0a69b83d08e74cf5f1c2be4851b14215"",""tool_sha256"":""7b43c2342d7676aa65cc9ee233b2184c9eae88f2663874af7ab1b83282f94ab4"",""java_runtime_sha256"":""6ffd10b28ab050230cdc1137f0bd16155c3a7c587add7fbe921d985fa92879fe"",""run_identity_sha256"":""e256da14fe00d03dc8c9f289edb97a91c8cff3a4d38e267fb5690598f54b404d""}"
966642a2961472c5f660f752648dc2693518e858,graphdb,GraphDB (RDF4J) [engines.json profile],100M,M,M2,00,57dabb9eb81d64dbc3cc422093691dfbcd45c8bc0072a0480b32c507db250930,C,SPARQLcirc CircuitRewriter,ok,1499014,827442.3,827442.3,827442.3,827442.3,0.0,0,1,3600.0,4843098850,754834.3,9733180,8404204,2618069,,413.269578,[827442.298],[754834.309],0.0,[0.0],1639842.6,[1639842.572],57566.0,[57565.965],r9.2-frozen-identity-v9,dfac415b5a6cbd6bca05218077d4301d6a1fc0d7ceff3e33f6c2c4c2d61d0e66,term-aware-candidate-set-v1,1499014,5455599daeb90069767eff2a1968362e1ee56f7e1f27539e57cb913b53471cb3,flat,flat,8520397401e380d7251a5b413ddbb1d6ef1e660b09408ac971622548e7fc88b8,/mnt/nfs/home/ac145595/workspace/rq3-artifacts/circuits/graphdb-100m/57dabb9eb81d64dbc3cc422093691dfbcd45c8bc0072a0480b32c507db250930-8520397401e380d7251a5b413ddbb1d6ef1e660b09408ac971622548e7fc88b8.nt,/mnt/nfs/home/ac145595/workspace/rq3-artifacts/circuits/graphdb-100m/57dabb9eb81d64dbc3cc422093691dfbcd45c8bc0072a0480b32c507db250930-8520397401e380d7251a5b413ddbb1d6ef1e660b09408ac971622548e7fc88b8.json,f89ca0175608dd7e20e2ac0ecc7c4acb008e7f67a010fc2418811137498907f6,cfb19cb1e9e087263cffcd39c4b6bb7c9f91f1640d7ab18ea7c6608a68966faa,e1e370c3c3e41897f966ee22e8c7c98840f6ecade4ccb1698265b03c62141a2f,2c97fc305990d2aa1e0f09f37216d4d5b1419027440c3151c422415f0c836db8,f3c05af6c7aa3bbf0aae501a61efa32804f36e642d32f61fe21875892b248a8a,8a988dc83f4082a4f27503ba2906dc6b8733b3c02be567635c726c67bbd48314,16162702ccec82b2a0e27063cd04bd756a27af1f003b4cef0da976d843ef4725,reified,writable,exploratory-base,exploratory-reified,41997fb8640d9e765a0272879a63548eb9bd46bbf6e49da02b7c924e506b94f7,e6d3d236675cf5aefb65ff5897cc6e142b08e2a2be9e4af928e482100bc8e0bd,2e884d94ace185d62b1b91debf493ccd0a69b83d08e74cf5f1c2be4851b14215,7b43c2342d7676aa65cc9ee233b2184c9eae88f2663874af7ab1b83282f94ab4,6ffd10b28ab050230cdc1137f0bd16155c3a7c587add7fbe921d985fa92879fe,,,,e256da14fe00d03dc8c9f289edb97a91c8cff3a4d38e267fb5690598f54b404d,"pcm-meta-v2:{""protocol"":""r9.2-frozen-identity-v9"",""message"":""C requested=flat effective=flat; steps=4 feedback=0; network includes CONSTRUCT, feedback INSERT, and cleanup DELETE"",""cell_wall_ms"":1789010.845,""answer_kind"":""term-aware-candidate-set-v1"",""answer_key_count"":1499014,""answer_fingerprint"":""5455599daeb90069767eff2a1968362e1ee56f7e1f27539e57cb913b53471cb3"",""c_parse_samples"":[754834.309],""c_protocol_samples"":[{""requested_mode"":""flat"",""effective_mode"":""flat"",""fallback_reason"":null,""plan_steps"":4,""feedback_steps"":0,""feedback_triples"":0,""construct_query_ms"":827442.298,""feedback_update_ms"":0.0,""cleanup_ms"":0.0,""client_protocol_ms"":0.0,""network_scope"":""construct+feedback+cleanup"",""circuit_sha256"":""8520397401e380d7251a5b413ddbb1d6ef1e660b09408ac971622548e7fc88b8"",""answer_fingerprint"":""5455599daeb90069767eff2a1968362e1ee56f7e1f27539e57cb913b53471cb3"",""semantic_signature_sha256"":""95b59a5bf9b51f842f7adfd41f2b2c1f8ef16904c530ebfc2747395d8a5c9902"",""structure_signature"":{""gates"":9733180,""edges"":8404204,""answers"":1499014,""derivations"":2618069,""leaves"":2618069,""plus"":5616097,""minus"":1499014,""nodes"":12351249,""canonical_bytes"":4843098850},""construct_total_ms"":1639842.572,""client_unattributed_ms"":57565.965}],""construct_total_samples"":[1639842.572],""construct_unattributed_samples"":[57565.965],""status"":""ok"",""status_evidence"":null,""c_warmup_signatures"":[],""measured_semantic_signature_sha256"":""95b59a5bf9b51f842f7adfd41f2b2c1f8ef16904c530ebfc2747395d8a5c9902"",""measured_repetitions_consistent"":true,""cache_snapshot_ms"":141542.713,""cache_snapshot_scope"":""first-measured-response; deferred until all runs succeeded"",""outside_cell_cache_write_ms"":318840.331,""endpoint_lock"":{""wait_ms"":0.374,""lock_path"":""/tmp/sparqlcirc-r9-endpoint-locks-v7/e6d3d236675cf5aefb65ff5897cc6e142b08e2a2be9e4af928e482100bc8e0bd.lock""},""construction_requested"":""flat"",""construction_effective"":""flat"",""circuit_sha256"":""8520397401e380d7251a5b413ddbb1d6ef1e660b09408ac971622548e7fc88b8"",""circuit_triples"":31628510,""circuit_bytes"":4843098850,""circuit_path"":""/mnt/nfs/home/ac145595/workspace/rq3-artifacts/circuits/graphdb-100m/57dabb9eb81d64dbc3cc422093691dfbcd45c8bc0072a0480b32c507db250930-8520397401e380d7251a5b413ddbb1d6ef1e660b09408ac971622548e7fc88b8.nt"",""metadata_path"":""/mnt/nfs/home/ac145595/workspace/rq3-artifacts/circuits/graphdb-100m/57dabb9eb81d64dbc3cc422093691dfbcd45c8bc0072a0480b32c507db250930-8520397401e380d7251a5b413ddbb1d6ef1e660b09408ac971622548e7fc88b8.json"",""producer_observation_sha256"":""f89ca0175608dd7e20e2ac0ecc7c4acb008e7f67a010fc2418811137498907f6"",""sidecar_sha256"":""cfb19cb1e9e087263cffcd39c4b6bb7c9f91f1640d7ab18ea7c6608a68966faa"",""commit"":""966642a2961472c5f660f752648dc2693518e858"",""batch_id"":""dfac415b5a6cbd6bca05218077d4301d6a1fc0d7ceff3e33f6c2c4c2d61d0e66"",""query_sha256"":""57dabb9eb81d64dbc3cc422093691dfbcd45c8bc0072a0480b32c507db250930"",""engine"":""graphdb"",""engine_version"":""GraphDB (RDF4J) [engines.json profile]"",""scale"":""100M"",""base_endpoint_sha256"":""e1e370c3c3e41897f966ee22e8c7c98840f6ecade4ccb1698265b03c62141a2f"",""reified_endpoint_sha256"":""2c97fc305990d2aa1e0f09f37216d4d5b1419027440c3151c422415f0c836db8"",""update_endpoint_sha256"":""f3c05af6c7aa3bbf0aae501a61efa32804f36e642d32f61fe21875892b248a8a"",""base_data_identity_sha256"":""8a988dc83f4082a4f27503ba2906dc6b8733b3c02be567635c726c67bbd48314"",""reified_data_identity_sha256"":""16162702ccec82b2a0e27063cd04bd756a27af1f003b4cef0da976d843ef4725"",""update_for"":""reified"",""access_mode"":""writable"",""base_data_name"":""exploratory-base"",""reified_data_name"":""exploratory-reified"",""update_canary_sha256"":""41997fb8640d9e765a0272879a63548eb9bd46bbf6e49da02b7c924e506b94f7"",""store_instance_sha256"":""e6d3d236675cf5aefb65ff5897cc6e142b08e2a2be9e4af928e482100bc8e0bd"",""store_discriminator_sha256"":""2e884d94ace185d62b1b91debf493ccd0a69b83d08e74cf5f1c2be4851b14215"",""tool_sha256"":""7b43c2342d7676aa65cc9ee233b2184c9eae88f2663874af7ab1b83282f94ab4"",""java_runtime_sha256"":""6ffd10b28ab050230cdc1137f0bd16155c3a7c587add7fbe921d985fa92879fe"",""run_identity_sha256"":""e256da14fe00d03dc8c9f289edb97a91c8cff3a4d38e267fb5690598f54b404d""}"
966642a2961472c5f660f752648dc2693518e858,graphdb,GraphDB (RDF4J) [engines.json profile],100M,M,M3,00,143c016ebb5bf4d918995fb8a8437257e0f177fb04bcef9184c9058f18f3eefa,B,base-select,ok,511051,4219.4,4219.4,4219.4,4219.4,0.0,0,1,3600.0,51164568,0.0,,,,,0.175833,[4219.442],[0.0],,[],,[],,[],r9.2-frozen-identity-v9,dfac415b5a6cbd6bca05218077d4301d6a1fc0d7ceff3e33f6c2c4c2d61d0e66,csv-binding-multiset-v1,511051,7ff49f4b16b293719220d26b0656c751cb216c2b9d6a67b815028e0af8d111b1,,,,,,,,e1e370c3c3e41897f966ee22e8c7c98840f6ecade4ccb1698265b03c62141a2f,2c97fc305990d2aa1e0f09f37216d4d5b1419027440c3151c422415f0c836db8,f3c05af6c7aa3bbf0aae501a61efa32804f36e642d32f61fe21875892b248a8a,8a988dc83f4082a4f27503ba2906dc6b8733b3c02be567635c726c67bbd48314,16162702ccec82b2a0e27063cd04bd756a27af1f003b4cef0da976d843ef4725,reified,writable,exploratory-base,exploratory-reified,41997fb8640d9e765a0272879a63548eb9bd46bbf6e49da02b7c924e506b94f7,e6d3d236675cf5aefb65ff5897cc6e142b08e2a2be9e4af928e482100bc8e0bd,2e884d94ace185d62b1b91debf493ccd0a69b83d08e74cf5f1c2be4851b14215,7b43c2342d7676aa65cc9ee233b2184c9eae88f2663874af7ab1b83282f94ab4,6ffd10b28ab050230cdc1137f0bd16155c3a7c587add7fbe921d985fa92879fe,,,,a7a39c866f9d53ff500f2ad95df839cb8d540ce64568fd8926111ea472b23718,"pcm-meta-v2:{""protocol"":""r9.2-frozen-identity-v9"",""message"":"""",""cell_wall_ms"":7653.03,""answer_kind"":""csv-binding-multiset-v1"",""answer_key_count"":511051,""answer_fingerprint"":""7ff49f4b16b293719220d26b0656c751cb216c2b9d6a67b815028e0af8d111b1"",""c_parse_samples"":[0.0],""c_protocol_samples"":[],""construct_total_samples"":[],""construct_unattributed_samples"":[],""status"":""ok"",""status_evidence"":null,""construction_requested"":null,""construction_effective"":null,""commit"":""966642a2961472c5f660f752648dc2693518e858"",""batch_id"":""dfac415b5a6cbd6bca05218077d4301d6a1fc0d7ceff3e33f6c2c4c2d61d0e66"",""query_sha256"":""143c016ebb5bf4d918995fb8a8437257e0f177fb04bcef9184c9058f18f3eefa"",""engine"":""graphdb"",""engine_version"":""GraphDB (RDF4J) [engines.json profile]"",""scale"":""100M"",""base_endpoint_sha256"":""e1e370c3c3e41897f966ee22e8c7c98840f6ecade4ccb1698265b03c62141a2f"",""reified_endpoint_sha256"":""2c97fc305990d2aa1e0f09f37216d4d5b1419027440c3151c422415f0c836db8"",""update_endpoint_sha256"":""f3c05af6c7aa3bbf0aae501a61efa32804f36e642d32f61fe21875892b248a8a"",""base_data_identity_sha256"":""8a988dc83f4082a4f27503ba2906dc6b8733b3c02be567635c726c67bbd48314"",""reified_data_identity_sha256"":""16162702ccec82b2a0e27063cd04bd756a27af1f003b4cef0da976d843ef4725"",""update_for"":""reified"",""access_mode"":""writable"",""base_data_name"":""exploratory-base"",""reified_data_name"":""exploratory-reified"",""update_canary_sha256"":""41997fb8640d9e765a0272879a63548eb9bd46bbf6e49da02b7c924e506b94f7"",""store_instance_sha256"":""e6d3d236675cf5aefb65ff5897cc6e142b08e2a2be9e4af928e482100bc8e0bd"",""store_discriminator_sha256"":""2e884d94ace185d62b1b91debf493ccd0a69b83d08e74cf5f1c2be4851b14215"",""tool_sha256"":""7b43c2342d7676aa65cc9ee233b2184c9eae88f2663874af7ab1b83282f94ab4"",""java_runtime_sha256"":""6ffd10b28ab050230cdc1137f0bd16155c3a7c587add7fbe921d985fa92879fe"",""run_identity_sha256"":""a7a39c866f9d53ff500f2ad95df839cb8d540ce64568fd8926111ea472b23718""}"
966642a2961472c5f660f752648dc2693518e858,graphdb,GraphDB (RDF4J) [engines.json profile],100M,M,M3,00,143c016ebb5bf4d918995fb8a8437257e0f177fb04bcef9184c9058f18f3eefa,R,reification-only,ok,511051,10191.2,10191.2,10191.2,10191.2,0.0,0,1,3600.0,51164568,0.0,,,,,183.579224,[10191.16],[0.0],,[],,[],,[],r9.2-frozen-identity-v9,dfac415b5a6cbd6bca05218077d4301d6a1fc0d7ceff3e33f6c2c4c2d61d0e66,csv-binding-multiset-v1,511051,7ff49f4b16b293719220d26b0656c751cb216c2b9d6a67b815028e0af8d111b1,,,,,,,,e1e370c3c3e41897f966ee22e8c7c98840f6ecade4ccb1698265b03c62141a2f,2c97fc305990d2aa1e0f09f37216d4d5b1419027440c3151c422415f0c836db8,f3c05af6c7aa3bbf0aae501a61efa32804f36e642d32f61fe21875892b248a8a,8a988dc83f4082a4f27503ba2906dc6b8733b3c02be567635c726c67bbd48314,16162702ccec82b2a0e27063cd04bd756a27af1f003b4cef0da976d843ef4725,reified,writable,exploratory-base,exploratory-reified,41997fb8640d9e765a0272879a63548eb9bd46bbf6e49da02b7c924e506b94f7,e6d3d236675cf5aefb65ff5897cc6e142b08e2a2be9e4af928e482100bc8e0bd,2e884d94ace185d62b1b91debf493ccd0a69b83d08e74cf5f1c2be4851b14215,7b43c2342d7676aa65cc9ee233b2184c9eae88f2663874af7ab1b83282f94ab4,6ffd10b28ab050230cdc1137f0bd16155c3a7c587add7fbe921d985fa92879fe,,,,a7a39c866f9d53ff500f2ad95df839cb8d540ce64568fd8926111ea472b23718,"pcm-meta-v2:{""protocol"":""r9.2-frozen-identity-v9"",""message"":"""",""cell_wall_ms"":13649.4,""answer_kind"":""csv-binding-multiset-v1"",""answer_key_count"":511051,""answer_fingerprint"":""7ff49f4b16b293719220d26b0656c751cb216c2b9d6a67b815028e0af8d111b1"",""c_parse_samples"":[0.0],""c_protocol_samples"":[],""construct_total_samples"":[],""construct_unattributed_samples"":[],""status"":""ok"",""status_evidence"":null,""construction_requested"":null,""construction_effective"":null,""commit"":""966642a2961472c5f660f752648dc2693518e858"",""batch_id"":""dfac415b5a6cbd6bca05218077d4301d6a1fc0d7ceff3e33f6c2c4c2d61d0e66"",""query_sha256"":""143c016ebb5bf4d918995fb8a8437257e0f177fb04bcef9184c9058f18f3eefa"",""engine"":""graphdb"",""engine_version"":""GraphDB (RDF4J) [engines.json profile]"",""scale"":""100M"",""base_endpoint_sha256"":""e1e370c3c3e41897f966ee22e8c7c98840f6ecade4ccb1698265b03c62141a2f"",""reified_endpoint_sha256"":""2c97fc305990d2aa1e0f09f37216d4d5b1419027440c3151c422415f0c836db8"",""update_endpoint_sha256"":""f3c05af6c7aa3bbf0aae501a61efa32804f36e642d32f61fe21875892b248a8a"",""base_data_identity_sha256"":""8a988dc83f4082a4f27503ba2906dc6b8733b3c02be567635c726c67bbd48314"",""reified_data_identity_sha256"":""16162702ccec82b2a0e27063cd04bd756a27af1f003b4cef0da976d843ef4725"",""update_for"":""reified"",""access_mode"":""writable"",""base_data_name"":""exploratory-base"",""reified_data_name"":""exploratory-reified"",""update_canary_sha256"":""41997fb8640d9e765a0272879a63548eb9bd46bbf6e49da02b7c924e506b94f7"",""store_instance_sha256"":""e6d3d236675cf5aefb65ff5897cc6e142b08e2a2be9e4af928e482100bc8e0bd"",""store_discriminator_sha256"":""2e884d94ace185d62b1b91debf493ccd0a69b83d08e74cf5f1c2be4851b14215"",""tool_sha256"":""7b43c2342d7676aa65cc9ee233b2184c9eae88f2663874af7ab1b83282f94ab4"",""java_runtime_sha256"":""6ffd10b28ab050230cdc1137f0bd16155c3a7c587add7fbe921d985fa92879fe"",""run_identity_sha256"":""a7a39c866f9d53ff500f2ad95df839cb8d540ce64568fd8926111ea472b23718""}"
966642a2961472c5f660f752648dc2693518e858,graphdb,GraphDB (RDF4J) [engines.json profile],100M,M,M3,00,143c016ebb5bf4d918995fb8a8437257e0f177fb04bcef9184c9058f18f3eefa,N,N_clean (NPCS reimplementation),err:Error,,,,,,,0,1,3600.0,,,,,,,230.78830097801983,[],[],,[],,[],,[],r9.2-frozen-identity-v9,dfac415b5a6cbd6bca05218077d4301d6a1fc0d7ceff3e33f6c2c4c2d61d0e66,,,,,,,,,,,e1e370c3c3e41897f966ee22e8c7c98840f6ecade4ccb1698265b03c62141a2f,2c97fc305990d2aa1e0f09f37216d4d5b1419027440c3151c422415f0c836db8,f3c05af6c7aa3bbf0aae501a61efa32804f36e642d32f61fe21875892b248a8a,8a988dc83f4082a4f27503ba2906dc6b8733b3c02be567635c726c67bbd48314,16162702ccec82b2a0e27063cd04bd756a27af1f003b4cef0da976d843ef4725,reified,writable,exploratory-base,exploratory-reified,41997fb8640d9e765a0272879a63548eb9bd46bbf6e49da02b7c924e506b94f7,e6d3d236675cf5aefb65ff5897cc6e142b08e2a2be9e4af928e482100bc8e0bd,2e884d94ace185d62b1b91debf493ccd0a69b83d08e74cf5f1c2be4851b14215,7b43c2342d7676aa65cc9ee233b2184c9eae88f2663874af7ab1b83282f94ab4,6ffd10b28ab050230cdc1137f0bd16155c3a7c587add7fbe921d985fa92879fe,,,,a7a39c866f9d53ff500f2ad95df839cb8d540ce64568fd8926111ea472b23718,"pcm-meta-v2:{""protocol"":""r9.2-frozen-identity-v9"",""message"":""field larger than field limit (131072)"",""cell_wall_ms"":98379.081,""c_parse_samples"":[],""c_protocol_samples"":[],""construct_total_samples"":[],""construct_unattributed_samples"":[],""status"":""err:Error"",""status_evidence"":{""kind"":""unspecified"",""message"":""field larger than field limit (131072)""},""construction_requested"":null,""construction_effective"":null,""commit"":""966642a2961472c5f660f752648dc2693518e858"",""batch_id"":""dfac415b5a6cbd6bca05218077d4301d6a1fc0d7ceff3e33f6c2c4c2d61d0e66"",""query_sha256"":""143c016ebb5bf4d918995fb8a8437257e0f177fb04bcef9184c9058f18f3eefa"",""engine"":""graphdb"",""engine_version"":""GraphDB (RDF4J) [engines.json profile]"",""scale"":""100M"",""base_endpoint_sha256"":""e1e370c3c3e41897f966ee22e8c7c98840f6ecade4ccb1698265b03c62141a2f"",""reified_endpoint_sha256"":""2c97fc305990d2aa1e0f09f37216d4d5b1419027440c3151c422415f0c836db8"",""update_endpoint_sha256"":""f3c05af6c7aa3bbf0aae501a61efa32804f36e642d32f61fe21875892b248a8a"",""base_data_identity_sha256"":""8a988dc83f4082a4f27503ba2906dc6b8733b3c02be567635c726c67bbd48314"",""reified_data_identity_sha256"":""16162702ccec82b2a0e27063cd04bd756a27af1f003b4cef0da976d843ef4725"",""update_for"":""reified"",""access_mode"":""writable"",""base_data_name"":""exploratory-base"",""reified_data_name"":""exploratory-reified"",""update_canary_sha256"":""41997fb8640d9e765a0272879a63548eb9bd46bbf6e49da02b7c924e506b94f7"",""store_instance_sha256"":""e6d3d236675cf5aefb65ff5897cc6e142b08e2a2be9e4af928e482100bc8e0bd"",""store_discriminator_sha256"":""2e884d94ace185d62b1b91debf493ccd0a69b83d08e74cf5f1c2be4851b14215"",""tool_sha256"":""7b43c2342d7676aa65cc9ee233b2184c9eae88f2663874af7ab1b83282f94ab4"",""java_runtime_sha256"":""6ffd10b28ab050230cdc1137f0bd16155c3a7c587add7fbe921d985fa92879fe"",""run_identity_sha256"":""a7a39c866f9d53ff500f2ad95df839cb8d540ce64568fd8926111ea472b23718""}"
966642a2961472c5f660f752648dc2693518e858,graphdb,GraphDB (RDF4J) [engines.json profile],100M,M,M3,00,143c016ebb5bf4d918995fb8a8437257e0f177fb04bcef9184c9058f18f3eefa,C,SPARQLcirc CircuitRewriter,ok,1480510,1180691.9,1180691.9,1180691.9,1180691.9,0.0,0,1,3600.0,6209801781,951007.3,10402550,15892137,2980510,,398.354419,[1180691.925],[951007.284],0.0,[0.0],2207254.4,[2207254.425],75555.2,[75555.216],r9.2-frozen-identity-v9,dfac415b5a6cbd6bca05218077d4301d6a1fc0d7ceff3e33f6c2c4c2d61d0e66,term-aware-candidate-set-v1,1480510,b89d4ab88f61875f35efd4d12f87927487a4106976b0edb1727dfdfa349e3e15,flat,flat,fc9fff6ddab7407e54d82a90d4f09683b3b86712135b9dfc414f68b2da746147,/mnt/nfs/home/ac145595/workspace/rq3-artifacts/circuits/graphdb-100m/143c016ebb5bf4d918995fb8a8437257e0f177fb04bcef9184c9058f18f3eefa-fc9fff6ddab7407e54d82a90d4f09683b3b86712135b9dfc414f68b2da746147.nt,/mnt/nfs/home/ac145595/workspace/rq3-artifacts/circuits/graphdb-100m/143c016ebb5bf4d918995fb8a8437257e0f177fb04bcef9184c9058f18f3eefa-fc9fff6ddab7407e54d82a90d4f09683b3b86712135b9dfc414f68b2da746147.json,54e652d772edb5f0ff04cb9a03e200803d71d7eccd2198641a672254431d20ca,7ac01a54d02d4c8ecfe1a6cad10577d3cdd4201324e79ddd8190247e219a25dc,e1e370c3c3e41897f966ee22e8c7c98840f6ecade4ccb1698265b03c62141a2f,2c97fc305990d2aa1e0f09f37216d4d5b1419027440c3151c422415f0c836db8,f3c05af6c7aa3bbf0aae501a61efa32804f36e642d32f61fe21875892b248a8a,8a988dc83f4082a4f27503ba2906dc6b8733b3c02be567635c726c67bbd48314,16162702ccec82b2a0e27063cd04bd756a27af1f003b4cef0da976d843ef4725,reified,writable,exploratory-base,exploratory-reified,41997fb8640d9e765a0272879a63548eb9bd46bbf6e49da02b7c924e506b94f7,e6d3d236675cf5aefb65ff5897cc6e142b08e2a2be9e4af928e482100bc8e0bd,2e884d94ace185d62b1b91debf493ccd0a69b83d08e74cf5f1c2be4851b14215,7b43c2342d7676aa65cc9ee233b2184c9eae88f2663874af7ab1b83282f94ab4,6ffd10b28ab050230cdc1137f0bd16155c3a7c587add7fbe921d985fa92879fe,,,,a7a39c866f9d53ff500f2ad95df839cb8d540ce64568fd8926111ea472b23718,"pcm-meta-v2:{""protocol"":""r9.2-frozen-identity-v9"",""message"":""C requested=flat effective=flat; steps=4 feedback=0; network includes CONSTRUCT, feedback INSERT, and cleanup DELETE"",""cell_wall_ms"":2402576.644,""answer_kind"":""term-aware-candidate-set-v1"",""answer_key_count"":1480510,""answer_fingerprint"":""b89d4ab88f61875f35efd4d12f87927487a4106976b0edb1727dfdfa349e3e15"",""c_parse_samples"":[951007.284],""c_protocol_samples"":[{""requested_mode"":""flat"",""effective_mode"":""flat"",""fallback_reason"":null,""plan_steps"":4,""feedback_steps"":0,""feedback_triples"":0,""construct_query_ms"":1180691.925,""feedback_update_ms"":0.0,""cleanup_ms"":0.0,""client_protocol_ms"":0.0,""network_scope"":""construct+feedback+cleanup"",""circuit_sha256"":""fc9fff6ddab7407e54d82a90d4f09683b3b86712135b9dfc414f68b2da746147"",""answer_fingerprint"":""b89d4ab88f61875f35efd4d12f87927487a4106976b0edb1727dfdfa349e3e15"",""semantic_signature_sha256"":""0313e03fdc2fc88ca9dd0807fb43ded3a247dbfde19c93dfc0270e0032284b0b"",""structure_signature"":{""gates"":10402550,""edges"":15892137,""answers"":1480510,""derivations"":2980510,""leaves"":2980510,""plus"":5941530,""minus"":1480510,""nodes"":13383060,""canonical_bytes"":6209801781},""construct_total_ms"":2207254.425,""client_unattributed_ms"":75555.216}],""construct_total_samples"":[2207254.425],""construct_unattributed_samples"":[75555.216],""status"":""ok"",""status_evidence"":null,""c_warmup_signatures"":[],""measured_semantic_signature_sha256"":""0313e03fdc2fc88ca9dd0807fb43ded3a247dbfde19c93dfc0270e0032284b0b"",""measured_repetitions_consistent"":true,""cache_snapshot_ms"":185516.931,""cache_snapshot_scope"":""first-measured-response; deferred until all runs succeeded"",""outside_cell_cache_write_ms"":418611.02,""endpoint_lock"":{""wait_ms"":0.006,""lock_path"":""/tmp/sparqlcirc-r9-endpoint-locks-v7/e6d3d236675cf5aefb65ff5897cc6e142b08e2a2be9e4af928e482100bc8e0bd.lock""},""construction_requested"":""flat"",""construction_effective"":""flat"",""circuit_sha256"":""fc9fff6ddab7407e54d82a90d4f09683b3b86712135b9dfc414f68b2da746147"",""circuit_triples"":39619277,""circuit_bytes"":6209801781,""circuit_path"":""/mnt/nfs/home/ac145595/workspace/rq3-artifacts/circuits/graphdb-100m/143c016ebb5bf4d918995fb8a8437257e0f177fb04bcef9184c9058f18f3eefa-fc9fff6ddab7407e54d82a90d4f09683b3b86712135b9dfc414f68b2da746147.nt"",""metadata_path"":""/mnt/nfs/home/ac145595/workspace/rq3-artifacts/circuits/graphdb-100m/143c016ebb5bf4d918995fb8a8437257e0f177fb04bcef9184c9058f18f3eefa-fc9fff6ddab7407e54d82a90d4f09683b3b86712135b9dfc414f68b2da746147.json"",""producer_observation_sha256"":""54e652d772edb5f0ff04cb9a03e200803d71d7eccd2198641a672254431d20ca"",""sidecar_sha256"":""7ac01a54d02d4c8ecfe1a6cad10577d3cdd4201324e79ddd8190247e219a25dc"",""commit"":""966642a2961472c5f660f752648dc2693518e858"",""batch_id"":""dfac415b5a6cbd6bca05218077d4301d6a1fc0d7ceff3e33f6c2c4c2d61d0e66"",""query_sha256"":""143c016ebb5bf4d918995fb8a8437257e0f177fb04bcef9184c9058f18f3eefa"",""engine"":""graphdb"",""engine_version"":""GraphDB (RDF4J) [engines.json profile]"",""scale"":""100M"",""base_endpoint_sha256"":""e1e370c3c3e41897f966ee22e8c7c98840f6ecade4ccb1698265b03c62141a2f"",""reified_endpoint_sha256"":""2c97fc305990d2aa1e0f09f37216d4d5b1419027440c3151c422415f0c836db8"",""update_endpoint_sha256"":""f3c05af6c7aa3bbf0aae501a61efa32804f36e642d32f61fe21875892b248a8a"",""base_data_identity_sha256"":""8a988dc83f4082a4f27503ba2906dc6b8733b3c02be567635c726c67bbd48314"",""reified_data_identity_sha256"":""16162702ccec82b2a0e27063cd04bd756a27af1f003b4cef0da976d843ef4725"",""update_for"":""reified"",""access_mode"":""writable"",""base_data_name"":""exploratory-base"",""reified_data_name"":""exploratory-reified"",""update_canary_sha256"":""41997fb8640d9e765a0272879a63548eb9bd46bbf6e49da02b7c924e506b94f7"",""store_instance_sha256"":""e6d3d236675cf5aefb65ff5897cc6e142b08e2a2be9e4af928e482100bc8e0bd"",""store_discriminator_sha256"":""2e884d94ace185d62b1b91debf493ccd0a69b83d08e74cf5f1c2be4851b14215"",""tool_sha256"":""7b43c2342d7676aa65cc9ee233b2184c9eae88f2663874af7ab1b83282f94ab4"",""java_runtime_sha256"":""6ffd10b28ab050230cdc1137f0bd16155c3a7c587add7fbe921d985fa92879fe"",""run_identity_sha256"":""a7a39c866f9d53ff500f2ad95df839cb8d540ce64568fd8926111ea472b23718""}"
966642a2961472c5f660f752648dc2693518e858,graphdb,GraphDB (RDF4J) [engines.json profile],100M,M,M4,00,3fb5f004cde33422716d95d5c5cbacb234aca04af540babdfc6cd8420a43d11d,B,base-select,err:network,,,,,,,0,1,3600.0,,,,,,,0.09137101005762815,[],[],,[],,[],,[],r9.2-frozen-identity-v9,dfac415b5a6cbd6bca05218077d4301d6a1fc0d7ceff3e33f6c2c4c2d61d0e66,,,,,,,,,,,e1e370c3c3e41897f966ee22e8c7c98840f6ecade4ccb1698265b03c62141a2f,2c97fc305990d2aa1e0f09f37216d4d5b1419027440c3151c422415f0c836db8,f3c05af6c7aa3bbf0aae501a61efa32804f36e642d32f61fe21875892b248a8a,8a988dc83f4082a4f27503ba2906dc6b8733b3c02be567635c726c67bbd48314,16162702ccec82b2a0e27063cd04bd756a27af1f003b4cef0da976d843ef4725,reified,writable,exploratory-base,exploratory-reified,41997fb8640d9e765a0272879a63548eb9bd46bbf6e49da02b7c924e506b94f7,e6d3d236675cf5aefb65ff5897cc6e142b08e2a2be9e4af928e482100bc8e0bd,2e884d94ace185d62b1b91debf493ccd0a69b83d08e74cf5f1c2be4851b14215,7b43c2342d7676aa65cc9ee233b2184c9eae88f2663874af7ab1b83282f94ab4,6ffd10b28ab050230cdc1137f0bd16155c3a7c587add7fbe921d985fa92879fe,,,,4a2a48cb9b32d4c37d414ec8ee83c0da3152ffcbfc0e10fbe09465d497eb2a78,"pcm-meta-v2:{""protocol"":""r9.2-frozen-identity-v9"",""message"":""[Errno 111] Connection refused"",""cell_wall_ms"":38.224,""c_parse_samples"":[],""c_protocol_samples"":[],""construct_total_samples"":[],""construct_unattributed_samples"":[],""status"":""err:network"",""status_evidence"":{""kind"":""retryable-transport"",""message"":""[Errno 111] Connection refused""},""construction_requested"":null,""construction_effective"":null,""commit"":""966642a2961472c5f660f752648dc2693518e858"",""batch_id"":""dfac415b5a6cbd6bca05218077d4301d6a1fc0d7ceff3e33f6c2c4c2d61d0e66"",""query_sha256"":""3fb5f004cde33422716d95d5c5cbacb234aca04af540babdfc6cd8420a43d11d"",""engine"":""graphdb"",""engine_version"":""GraphDB (RDF4J) [engines.json profile]"",""scale"":""100M"",""base_endpoint_sha256"":""e1e370c3c3e41897f966ee22e8c7c98840f6ecade4ccb1698265b03c62141a2f"",""reified_endpoint_sha256"":""2c97fc305990d2aa1e0f09f37216d4d5b1419027440c3151c422415f0c836db8"",""update_endpoint_sha256"":""f3c05af6c7aa3bbf0aae501a61efa32804f36e642d32f61fe21875892b248a8a"",""base_data_identity_sha256"":""8a988dc83f4082a4f27503ba2906dc6b8733b3c02be567635c726c67bbd48314"",""reified_data_identity_sha256"":""16162702ccec82b2a0e27063cd04bd756a27af1f003b4cef0da976d843ef4725"",""update_for"":""reified"",""access_mode"":""writable"",""base_data_name"":""exploratory-base"",""reified_data_name"":""exploratory-reified"",""update_canary_sha256"":""41997fb8640d9e765a0272879a63548eb9bd46bbf6e49da02b7c924e506b94f7"",""store_instance_sha256"":""e6d3d236675cf5aefb65ff5897cc6e142b08e2a2be9e4af928e482100bc8e0bd"",""store_discriminator_sha256"":""2e884d94ace185d62b1b91debf493ccd0a69b83d08e74cf5f1c2be4851b14215"",""tool_sha256"":""7b43c2342d7676aa65cc9ee233b2184c9eae88f2663874af7ab1b83282f94ab4"",""java_runtime_sha256"":""6ffd10b28ab050230cdc1137f0bd16155c3a7c587add7fbe921d985fa92879fe"",""run_identity_sha256"":""4a2a48cb9b32d4c37d414ec8ee83c0da3152ffcbfc0e10fbe09465d497eb2a78""}"
966642a2961472c5f660f752648dc2693518e858,graphdb,GraphDB (RDF4J) [engines.json profile],100M,M,M4,00,3fb5f004cde33422716d95d5c5cbacb234aca04af540babdfc6cd8420a43d11d,R,reification-only,err:network,,,,,,,0,1,3600.0,,,,,,,235.31146289315075,[],[],,[],,[],,[],r9.2-frozen-identity-v9,dfac415b5a6cbd6bca05218077d4301d6a1fc0d7ceff3e33f6c2c4c2d61d0e66,,,,,,,,,,,e1e370c3c3e41897f966ee22e8c7c98840f6ecade4ccb1698265b03c62141a2f,2c97fc305990d2aa1e0f09f37216d4d5b1419027440c3151c422415f0c836db8,f3c05af6c7aa3bbf0aae501a61efa32804f36e642d32f61fe21875892b248a8a,8a988dc83f4082a4f27503ba2906dc6b8733b3c02be567635c726c67bbd48314,16162702ccec82b2a0e27063cd04bd756a27af1f003b4cef0da976d843ef4725,reified,writable,exploratory-base,exploratory-reified,41997fb8640d9e765a0272879a63548eb9bd46bbf6e49da02b7c924e506b94f7,e6d3d236675cf5aefb65ff5897cc6e142b08e2a2be9e4af928e482100bc8e0bd,2e884d94ace185d62b1b91debf493ccd0a69b83d08e74cf5f1c2be4851b14215,7b43c2342d7676aa65cc9ee233b2184c9eae88f2663874af7ab1b83282f94ab4,6ffd10b28ab050230cdc1137f0bd16155c3a7c587add7fbe921d985fa92879fe,,,,4a2a48cb9b32d4c37d414ec8ee83c0da3152ffcbfc0e10fbe09465d497eb2a78,"pcm-meta-v2:{""protocol"":""r9.2-frozen-identity-v9"",""message"":""[Errno 111] Connection refused"",""cell_wall_ms"":246.318,""c_parse_samples"":[],""c_protocol_samples"":[],""construct_total_samples"":[],""construct_unattributed_samples"":[],""status"":""err:network"",""status_evidence"":{""kind"":""retryable-transport"",""message"":""[Errno 111] Connection refused""},""construction_requested"":null,""construction_effective"":null,""commit"":""966642a2961472c5f660f752648dc2693518e858"",""batch_id"":""dfac415b5a6cbd6bca05218077d4301d6a1fc0d7ceff3e33f6c2c4c2d61d0e66"",""query_sha256"":""3fb5f004cde33422716d95d5c5cbacb234aca04af540babdfc6cd8420a43d11d"",""engine"":""graphdb"",""engine_version"":""GraphDB (RDF4J) [engines.json profile]"",""scale"":""100M"",""base_endpoint_sha256"":""e1e370c3c3e41897f966ee22e8c7c98840f6ecade4ccb1698265b03c62141a2f"",""reified_endpoint_sha256"":""2c97fc305990d2aa1e0f09f37216d4d5b1419027440c3151c422415f0c836db8"",""update_endpoint_sha256"":""f3c05af6c7aa3bbf0aae501a61efa32804f36e642d32f61fe21875892b248a8a"",""base_data_identity_sha256"":""8a988dc83f4082a4f27503ba2906dc6b8733b3c02be567635c726c67bbd48314"",""reified_data_identity_sha256"":""16162702ccec82b2a0e27063cd04bd756a27af1f003b4cef0da976d843ef4725"",""update_for"":""reified"",""access_mode"":""writable"",""base_data_name"":""exploratory-base"",""reified_data_name"":""exploratory-reified"",""update_canary_sha256"":""41997fb8640d9e765a0272879a63548eb9bd46bbf6e49da02b7c924e506b94f7"",""store_instance_sha256"":""e6d3d236675cf5aefb65ff5897cc6e142b08e2a2be9e4af928e482100bc8e0bd"",""store_discriminator_sha256"":""2e884d94ace185d62b1b91debf493ccd0a69b83d08e74cf5f1c2be4851b14215"",""tool_sha256"":""7b43c2342d7676aa65cc9ee233b2184c9eae88f2663874af7ab1b83282f94ab4"",""java_runtime_sha256"":""6ffd10b28ab050230cdc1137f0bd16155c3a7c587add7fbe921d985fa92879fe"",""run_identity_sha256"":""4a2a48cb9b32d4c37d414ec8ee83c0da3152ffcbfc0e10fbe09465d497eb2a78""}"
966642a2961472c5f660f752648dc2693518e858,graphdb,GraphDB (RDF4J) [engines.json profile],100M,M,M4,00,3fb5f004cde33422716d95d5c5cbacb234aca04af540babdfc6cd8420a43d11d,N,N_clean (NPCS reimplementation),err:network,,,,,,,0,1,3600.0,,,,,,,245.4692079918459,[],[],,[],,[],,[],r9.2-frozen-identity-v9,dfac415b5a6cbd6bca05218077d4301d6a1fc0d7ceff3e33f6c2c4c2d61d0e66,,,,,,,,,,,e1e370c3c3e41897f966ee22e8c7c98840f6ecade4ccb1698265b03c62141a2f,2c97fc305990d2aa1e0f09f37216d4d5b1419027440c3151c422415f0c836db8,f3c05af6c7aa3bbf0aae501a61efa32804f36e642d32f61fe21875892b248a8a,8a988dc83f4082a4f27503ba2906dc6b8733b3c02be567635c726c67bbd48314,16162702ccec82b2a0e27063cd04bd756a27af1f003b4cef0da976d843ef4725,reified,writable,exploratory-base,exploratory-reified,41997fb8640d9e765a0272879a63548eb9bd46bbf6e49da02b7c924e506b94f7,e6d3d236675cf5aefb65ff5897cc6e142b08e2a2be9e4af928e482100bc8e0bd,2e884d94ace185d62b1b91debf493ccd0a69b83d08e74cf5f1c2be4851b14215,7b43c2342d7676aa65cc9ee233b2184c9eae88f2663874af7ab1b83282f94ab4,6ffd10b28ab050230cdc1137f0bd16155c3a7c587add7fbe921d985fa92879fe,,,,4a2a48cb9b32d4c37d414ec8ee83c0da3152ffcbfc0e10fbe09465d497eb2a78,"pcm-meta-v2:{""protocol"":""r9.2-frozen-identity-v9"",""message"":""[Errno 111] Connection refused"",""cell_wall_ms"":255.351,""c_parse_samples"":[],""c_protocol_samples"":[],""construct_total_samples"":[],""construct_unattributed_samples"":[],""status"":""err:network"",""status_evidence"":{""kind"":""retryable-transport"",""message"":""[Errno 111] Connection refused""},""construction_requested"":null,""construction_effective"":null,""commit"":""966642a2961472c5f660f752648dc2693518e858"",""batch_id"":""dfac415b5a6cbd6bca05218077d4301d6a1fc0d7ceff3e33f6c2c4c2d61d0e66"",""query_sha256"":""3fb5f004cde33422716d95d5c5cbacb234aca04af540babdfc6cd8420a43d11d"",""engine"":""graphdb"",""engine_version"":""GraphDB (RDF4J) [engines.json profile]"",""scale"":""100M"",""base_endpoint_sha256"":""e1e370c3c3e41897f966ee22e8c7c98840f6ecade4ccb1698265b03c62141a2f"",""reified_endpoint_sha256"":""2c97fc305990d2aa1e0f09f37216d4d5b1419027440c3151c422415f0c836db8"",""update_endpoint_sha256"":""f3c05af6c7aa3bbf0aae501a61efa32804f36e642d32f61fe21875892b248a8a"",""base_data_identity_sha256"":""8a988dc83f4082a4f27503ba2906dc6b8733b3c02be567635c726c67bbd48314"",""reified_data_identity_sha256"":""16162702ccec82b2a0e27063cd04bd756a27af1f003b4cef0da976d843ef4725"",""update_for"":""reified"",""access_mode"":""writable"",""base_data_name"":""exploratory-base"",""reified_data_name"":""exploratory-reified"",""update_canary_sha256"":""41997fb8640d9e765a0272879a63548eb9bd46bbf6e49da02b7c924e506b94f7"",""store_instance_sha256"":""e6d3d236675cf5aefb65ff5897cc6e142b08e2a2be9e4af928e482100bc8e0bd"",""store_discriminator_sha256"":""2e884d94ace185d62b1b91debf493ccd0a69b83d08e74cf5f1c2be4851b14215"",""tool_sha256"":""7b43c2342d7676aa65cc9ee233b2184c9eae88f2663874af7ab1b83282f94ab4"",""java_runtime_sha256"":""6ffd10b28ab050230cdc1137f0bd16155c3a7c587add7fbe921d985fa92879fe"",""run_identity_sha256"":""4a2a48cb9b32d4c37d414ec8ee83c0da3152ffcbfc0e10fbe09465d497eb2a78""}"
966642a2961472c5f660f752648dc2693518e858,graphdb,GraphDB (RDF4J) [engines.json profile],100M,M,M4,00,3fb5f004cde33422716d95d5c5cbacb234aca04af540babdfc6cd8420a43d11d,C,SPARQLcirc CircuitRewriter,err:network,,,,,,,0,1,3600.0,,,,,,,399.9981579836458,[],[],,[],,[],,[],r9.2-frozen-identity-v9,dfac415b5a6cbd6bca05218077d4301d6a1fc0d7ceff3e33f6c2c4c2d61d0e66,,,,,,,,,,,e1e370c3c3e41897f966ee22e8c7c98840f6ecade4ccb1698265b03c62141a2f,2c97fc305990d2aa1e0f09f37216d4d5b1419027440c3151c422415f0c836db8,f3c05af6c7aa3bbf0aae501a61efa32804f36e642d32f61fe21875892b248a8a,8a988dc83f4082a4f27503ba2906dc6b8733b3c02be567635c726c67bbd48314,16162702ccec82b2a0e27063cd04bd756a27af1f003b4cef0da976d843ef4725,reified,writable,exploratory-base,exploratory-reified,41997fb8640d9e765a0272879a63548eb9bd46bbf6e49da02b7c924e506b94f7,e6d3d236675cf5aefb65ff5897cc6e142b08e2a2be9e4af928e482100bc8e0bd,2e884d94ace185d62b1b91debf493ccd0a69b83d08e74cf5f1c2be4851b14215,7b43c2342d7676aa65cc9ee233b2184c9eae88f2663874af7ab1b83282f94ab4,6ffd10b28ab050230cdc1137f0bd16155c3a7c587add7fbe921d985fa92879fe,,,,4a2a48cb9b32d4c37d414ec8ee83c0da3152ffcbfc0e10fbe09465d497eb2a78,"pcm-meta-v2:{""protocol"":""r9.2-frozen-identity-v9"",""message"":""[Errno 111] Connection refused"",""cell_wall_ms"":409.58,""c_parse_samples"":[],""c_protocol_samples"":[],""construct_total_samples"":[],""construct_unattributed_samples"":[],""status"":""err:network"",""status_evidence"":{""kind"":""retryable-transport"",""message"":""[Errno 111] Connection refused""},""endpoint_lock"":{""wait_ms"":0.009,""lock_path"":""/tmp/sparqlcirc-r9-endpoint-locks-v7/e6d3d236675cf5aefb65ff5897cc6e142b08e2a2be9e4af928e482100bc8e0bd.lock""},""construction_requested"":null,""construction_effective"":null,""commit"":""966642a2961472c5f660f752648dc2693518e858"",""batch_id"":""dfac415b5a6cbd6bca05218077d4301d6a1fc0d7ceff3e33f6c2c4c2d61d0e66"",""query_sha256"":""3fb5f004cde33422716d95d5c5cbacb234aca04af540babdfc6cd8420a43d11d"",""engine"":""graphdb"",""engine_version"":""GraphDB (RDF4J) [engines.json profile]"",""scale"":""100M"",""base_endpoint_sha256"":""e1e370c3c3e41897f966ee22e8c7c98840f6ecade4ccb1698265b03c62141a2f"",""reified_endpoint_sha256"":""2c97fc305990d2aa1e0f09f37216d4d5b1419027440c3151c422415f0c836db8"",""update_endpoint_sha256"":""f3c05af6c7aa3bbf0aae501a61efa32804f36e642d32f61fe21875892b248a8a"",""base_data_identity_sha256"":""8a988dc83f4082a4f27503ba2906dc6b8733b3c02be567635c726c67bbd48314"",""reified_data_identity_sha256"":""16162702ccec82b2a0e27063cd04bd756a27af1f003b4cef0da976d843ef4725"",""update_for"":""reified"",""access_mode"":""writable"",""base_data_name"":""exploratory-base"",""reified_data_name"":""exploratory-reified"",""update_canary_sha256"":""41997fb8640d9e765a0272879a63548eb9bd46bbf6e49da02b7c924e506b94f7"",""store_instance_sha256"":""e6d3d236675cf5aefb65ff5897cc6e142b08e2a2be9e4af928e482100bc8e0bd"",""store_discriminator_sha256"":""2e884d94ace185d62b1b91debf493ccd0a69b83d08e74cf5f1c2be4851b14215"",""tool_sha256"":""7b43c2342d7676aa65cc9ee233b2184c9eae88f2663874af7ab1b83282f94ab4"",""java_runtime_sha256"":""6ffd10b28ab050230cdc1137f0bd16155c3a7c587add7fbe921d985fa92879fe"",""run_identity_sha256"":""4a2a48cb9b32d4c37d414ec8ee83c0da3152ffcbfc0e10fbe09465d497eb2a78""}"
966642a2961472c5f660f752648dc2693518e858,graphdb,GraphDB (RDF4J) [engines.json profile],100M,M,M5,00,dbc6ab431c394a25feca14ac948b1ff1ee2c7bd219d3350f64cbec9447ef0e16,B,base-select,err:network,,,,,,,0,1,3600.0,,,,,,,0.011509982869029045,[],[],,[],,[],,[],r9.2-frozen-identity-v9,dfac415b5a6cbd6bca05218077d4301d6a1fc0d7ceff3e33f6c2c4c2d61d0e66,,,,,,,,,,,e1e370c3c3e41897f966ee22e8c7c98840f6ecade4ccb1698265b03c62141a2f,2c97fc305990d2aa1e0f09f37216d4d5b1419027440c3151c422415f0c836db8,f3c05af6c7aa3bbf0aae501a61efa32804f36e642d32f61fe21875892b248a8a,8a988dc83f4082a4f27503ba2906dc6b8733b3c02be567635c726c67bbd48314,16162702ccec82b2a0e27063cd04bd756a27af1f003b4cef0da976d843ef4725,reified,writable,exploratory-base,exploratory-reified,41997fb8640d9e765a0272879a63548eb9bd46bbf6e49da02b7c924e506b94f7,e6d3d236675cf5aefb65ff5897cc6e142b08e2a2be9e4af928e482100bc8e0bd,2e884d94ace185d62b1b91debf493ccd0a69b83d08e74cf5f1c2be4851b14215,7b43c2342d7676aa65cc9ee233b2184c9eae88f2663874af7ab1b83282f94ab4,6ffd10b28ab050230cdc1137f0bd16155c3a7c587add7fbe921d985fa92879fe,,,,a685abd4675cb8679005f8e53df4e013ed39e4fc2eaa3ac018653447405c8729,"pcm-meta-v2:{""protocol"":""r9.2-frozen-identity-v9"",""message"":""[Errno 111] Connection refused"",""cell_wall_ms"":10.55,""c_parse_samples"":[],""c_protocol_samples"":[],""construct_total_samples"":[],""construct_unattributed_samples"":[],""status"":""err:network"",""status_evidence"":{""kind"":""retryable-transport"",""message"":""[Errno 111] Connection refused""},""construction_requested"":null,""construction_effective"":null,""commit"":""966642a2961472c5f660f752648dc2693518e858"",""batch_id"":""dfac415b5a6cbd6bca05218077d4301d6a1fc0d7ceff3e33f6c2c4c2d61d0e66"",""query_sha256"":""dbc6ab431c394a25feca14ac948b1ff1ee2c7bd219d3350f64cbec9447ef0e16"",""engine"":""graphdb"",""engine_version"":""GraphDB (RDF4J) [engines.json profile]"",""scale"":""100M"",""base_endpoint_sha256"":""e1e370c3c3e41897f966ee22e8c7c98840f6ecade4ccb1698265b03c62141a2f"",""reified_endpoint_sha256"":""2c97fc305990d2aa1e0f09f37216d4d5b1419027440c3151c422415f0c836db8"",""update_endpoint_sha256"":""f3c05af6c7aa3bbf0aae501a61efa32804f36e642d32f61fe21875892b248a8a"",""base_data_identity_sha256"":""8a988dc83f4082a4f27503ba2906dc6b8733b3c02be567635c726c67bbd48314"",""reified_data_identity_sha256"":""16162702ccec82b2a0e27063cd04bd756a27af1f003b4cef0da976d843ef4725"",""update_for"":""reified"",""access_mode"":""writable"",""base_data_name"":""exploratory-base"",""reified_data_name"":""exploratory-reified"",""update_canary_sha256"":""41997fb8640d9e765a0272879a63548eb9bd46bbf6e49da02b7c924e506b94f7"",""store_instance_sha256"":""e6d3d236675cf5aefb65ff5897cc6e142b08e2a2be9e4af928e482100bc8e0bd"",""store_discriminator_sha256"":""2e884d94ace185d62b1b91debf493ccd0a69b83d08e74cf5f1c2be4851b14215"",""tool_sha256"":""7b43c2342d7676aa65cc9ee233b2184c9eae88f2663874af7ab1b83282f94ab4"",""java_runtime_sha256"":""6ffd10b28ab050230cdc1137f0bd16155c3a7c587add7fbe921d985fa92879fe"",""run_identity_sha256"":""a685abd4675cb8679005f8e53df4e013ed39e4fc2eaa3ac018653447405c8729""}"
966642a2961472c5f660f752648dc2693518e858,graphdb,GraphDB (RDF4J) [engines.json profile],100M,M,M5,00,dbc6ab431c394a25feca14ac948b1ff1ee2c7bd219d3350f64cbec9447ef0e16,R,reification-only,err:network,,,,,,,0,1,3600.0,,,,,,,144.17139207944274,[],[],,[],,[],,[],r9.2-frozen-identity-v9,dfac415b5a6cbd6bca05218077d4301d6a1fc0d7ceff3e33f6c2c4c2d61d0e66,,,,,,,,,,,e1e370c3c3e41897f966ee22e8c7c98840f6ecade4ccb1698265b03c62141a2f,2c97fc305990d2aa1e0f09f37216d4d5b1419027440c3151c422415f0c836db8,f3c05af6c7aa3bbf0aae501a61efa32804f36e642d32f61fe21875892b248a8a,8a988dc83f4082a4f27503ba2906dc6b8733b3c02be567635c726c67bbd48314,16162702ccec82b2a0e27063cd04bd756a27af1f003b4cef0da976d843ef4725,reified,writable,exploratory-base,exploratory-reified,41997fb8640d9e765a0272879a63548eb9bd46bbf6e49da02b7c924e506b94f7,e6d3d236675cf5aefb65ff5897cc6e142b08e2a2be9e4af928e482100bc8e0bd,2e884d94ace185d62b1b91debf493ccd0a69b83d08e74cf5f1c2be4851b14215,7b43c2342d7676aa65cc9ee233b2184c9eae88f2663874af7ab1b83282f94ab4,6ffd10b28ab050230cdc1137f0bd16155c3a7c587add7fbe921d985fa92879fe,,,,a685abd4675cb8679005f8e53df4e013ed39e4fc2eaa3ac018653447405c8729,"pcm-meta-v2:{""protocol"":""r9.2-frozen-identity-v9"",""message"":""[Errno 111] Connection refused"",""cell_wall_ms"":155.399,""c_parse_samples"":[],""c_protocol_samples"":[],""construct_total_samples"":[],""construct_unattributed_samples"":[],""status"":""err:network"",""status_evidence"":{""kind"":""retryable-transport"",""message"":""[Errno 111] Connection refused""},""construction_requested"":null,""construction_effective"":null,""commit"":""966642a2961472c5f660f752648dc2693518e858"",""batch_id"":""dfac415b5a6cbd6bca05218077d4301d6a1fc0d7ceff3e33f6c2c4c2d61d0e66"",""query_sha256"":""dbc6ab431c394a25feca14ac948b1ff1ee2c7bd219d3350f64cbec9447ef0e16"",""engine"":""graphdb"",""engine_version"":""GraphDB (RDF4J) [engines.json profile]"",""scale"":""100M"",""base_endpoint_sha256"":""e1e370c3c3e41897f966ee22e8c7c98840f6ecade4ccb1698265b03c62141a2f"",""reified_endpoint_sha256"":""2c97fc305990d2aa1e0f09f37216d4d5b1419027440c3151c422415f0c836db8"",""update_endpoint_sha256"":""f3c05af6c7aa3bbf0aae501a61efa32804f36e642d32f61fe21875892b248a8a"",""base_data_identity_sha256"":""8a988dc83f4082a4f27503ba2906dc6b8733b3c02be567635c726c67bbd48314"",""reified_data_identity_sha256"":""16162702ccec82b2a0e27063cd04bd756a27af1f003b4cef0da976d843ef4725"",""update_for"":""reified"",""access_mode"":""writable"",""base_data_name"":""exploratory-base"",""reified_data_name"":""exploratory-reified"",""update_canary_sha256"":""41997fb8640d9e765a0272879a63548eb9bd46bbf6e49da02b7c924e506b94f7"",""store_instance_sha256"":""e6d3d236675cf5aefb65ff5897cc6e142b08e2a2be9e4af928e482100bc8e0bd"",""store_discriminator_sha256"":""2e884d94ace185d62b1b91debf493ccd0a69b83d08e74cf5f1c2be4851b14215"",""tool_sha256"":""7b43c2342d7676aa65cc9ee233b2184c9eae88f2663874af7ab1b83282f94ab4"",""java_runtime_sha256"":""6ffd10b28ab050230cdc1137f0bd16155c3a7c587add7fbe921d985fa92879fe"",""run_identity_sha256"":""a685abd4675cb8679005f8e53df4e013ed39e4fc2eaa3ac018653447405c8729""}"
966642a2961472c5f660f752648dc2693518e858,graphdb,GraphDB (RDF4J) [engines.json profile],100M,M,M5,00,dbc6ab431c394a25feca14ac948b1ff1ee2c7bd219d3350f64cbec9447ef0e16,N,N_clean (NPCS reimplementation),err:network,,,,,,,0,1,3600.0,,,,,,,183.29975905362517,[],[],,[],,[],,[],r9.2-frozen-identity-v9,dfac415b5a6cbd6bca05218077d4301d6a1fc0d7ceff3e33f6c2c4c2d61d0e66,,,,,,,,,,,e1e370c3c3e41897f966ee22e8c7c98840f6ecade4ccb1698265b03c62141a2f,2c97fc305990d2aa1e0f09f37216d4d5b1419027440c3151c422415f0c836db8,f3c05af6c7aa3bbf0aae501a61efa32804f36e642d32f61fe21875892b248a8a,8a988dc83f4082a4f27503ba2906dc6b8733b3c02be567635c726c67bbd48314,16162702ccec82b2a0e27063cd04bd756a27af1f003b4cef0da976d843ef4725,reified,writable,exploratory-base,exploratory-reified,41997fb8640d9e765a0272879a63548eb9bd46bbf6e49da02b7c924e506b94f7,e6d3d236675cf5aefb65ff5897cc6e142b08e2a2be9e4af928e482100bc8e0bd,2e884d94ace185d62b1b91debf493ccd0a69b83d08e74cf5f1c2be4851b14215,7b43c2342d7676aa65cc9ee233b2184c9eae88f2663874af7ab1b83282f94ab4,6ffd10b28ab050230cdc1137f0bd16155c3a7c587add7fbe921d985fa92879fe,,,,a685abd4675cb8679005f8e53df4e013ed39e4fc2eaa3ac018653447405c8729,"pcm-meta-v2:{""protocol"":""r9.2-frozen-identity-v9"",""message"":""[Errno 111] Connection refused"",""cell_wall_ms"":193.743,""c_parse_samples"":[],""c_protocol_samples"":[],""construct_total_samples"":[],""construct_unattributed_samples"":[],""status"":""err:network"",""status_evidence"":{""kind"":""retryable-transport"",""message"":""[Errno 111] Connection refused""},""construction_requested"":null,""construction_effective"":null,""commit"":""966642a2961472c5f660f752648dc2693518e858"",""batch_id"":""dfac415b5a6cbd6bca05218077d4301d6a1fc0d7ceff3e33f6c2c4c2d61d0e66"",""query_sha256"":""dbc6ab431c394a25feca14ac948b1ff1ee2c7bd219d3350f64cbec9447ef0e16"",""engine"":""graphdb"",""engine_version"":""GraphDB (RDF4J) [engines.json profile]"",""scale"":""100M"",""base_endpoint_sha256"":""e1e370c3c3e41897f966ee22e8c7c98840f6ecade4ccb1698265b03c62141a2f"",""reified_endpoint_sha256"":""2c97fc305990d2aa1e0f09f37216d4d5b1419027440c3151c422415f0c836db8"",""update_endpoint_sha256"":""f3c05af6c7aa3bbf0aae501a61efa32804f36e642d32f61fe21875892b248a8a"",""base_data_identity_sha256"":""8a988dc83f4082a4f27503ba2906dc6b8733b3c02be567635c726c67bbd48314"",""reified_data_identity_sha256"":""16162702ccec82b2a0e27063cd04bd756a27af1f003b4cef0da976d843ef4725"",""update_for"":""reified"",""access_mode"":""writable"",""base_data_name"":""exploratory-base"",""reified_data_name"":""exploratory-reified"",""update_canary_sha256"":""41997fb8640d9e765a0272879a63548eb9bd46bbf6e49da02b7c924e506b94f7"",""store_instance_sha256"":""e6d3d236675cf5aefb65ff5897cc6e142b08e2a2be9e4af928e482100bc8e0bd"",""store_discriminator_sha256"":""2e884d94ace185d62b1b91debf493ccd0a69b83d08e74cf5f1c2be4851b14215"",""tool_sha256"":""7b43c2342d7676aa65cc9ee233b2184c9eae88f2663874af7ab1b83282f94ab4"",""java_runtime_sha256"":""6ffd10b28ab050230cdc1137f0bd16155c3a7c587add7fbe921d985fa92879fe"",""run_identity_sha256"":""a685abd4675cb8679005f8e53df4e013ed39e4fc2eaa3ac018653447405c8729""}"
966642a2961472c5f660f752648dc2693518e858,graphdb,GraphDB (RDF4J) [engines.json profile],100M,M,M5,00,dbc6ab431c394a25feca14ac948b1ff1ee2c7bd219d3350f64cbec9447ef0e16,C,SPARQLcirc CircuitRewriter,err:network,,,,,,,0,1,3600.0,,,,,,,373.0304269120097,[],[],,[],,[],,[],r9.2-frozen-identity-v9,dfac415b5a6cbd6bca05218077d4301d6a1fc0d7ceff3e33f6c2c4c2d61d0e66,,,,,,,,,,,e1e370c3c3e41897f966ee22e8c7c98840f6ecade4ccb1698265b03c62141a2f,2c97fc305990d2aa1e0f09f37216d4d5b1419027440c3151c422415f0c836db8,f3c05af6c7aa3bbf0aae501a61efa32804f36e642d32f61fe21875892b248a8a,8a988dc83f4082a4f27503ba2906dc6b8733b3c02be567635c726c67bbd48314,16162702ccec82b2a0e27063cd04bd756a27af1f003b4cef0da976d843ef4725,reified,writable,exploratory-base,exploratory-reified,41997fb8640d9e765a0272879a63548eb9bd46bbf6e49da02b7c924e506b94f7,e6d3d236675cf5aefb65ff5897cc6e142b08e2a2be9e4af928e482100bc8e0bd,2e884d94ace185d62b1b91debf493ccd0a69b83d08e74cf5f1c2be4851b14215,7b43c2342d7676aa65cc9ee233b2184c9eae88f2663874af7ab1b83282f94ab4,6ffd10b28ab050230cdc1137f0bd16155c3a7c587add7fbe921d985fa92879fe,,,,a685abd4675cb8679005f8e53df4e013ed39e4fc2eaa3ac018653447405c8729,"pcm-meta-v2:{""protocol"":""r9.2-frozen-identity-v9"",""message"":""[Errno 111] Connection refused"",""cell_wall_ms"":382.11,""c_parse_samples"":[],""c_protocol_samples"":[],""construct_total_samples"":[],""construct_unattributed_samples"":[],""status"":""err:network"",""status_evidence"":{""kind"":""retryable-transport"",""message"":""[Errno 111] Connection refused""},""endpoint_lock"":{""wait_ms"":0.009,""lock_path"":""/tmp/sparqlcirc-r9-endpoint-locks-v7/e6d3d236675cf5aefb65ff5897cc6e142b08e2a2be9e4af928e482100bc8e0bd.lock""},""construction_requested"":null,""construction_effective"":null,""commit"":""966642a2961472c5f660f752648dc2693518e858"",""batch_id"":""dfac415b5a6cbd6bca05218077d4301d6a1fc0d7ceff3e33f6c2c4c2d61d0e66"",""query_sha256"":""dbc6ab431c394a25feca14ac948b1ff1ee2c7bd219d3350f64cbec9447ef0e16"",""engine"":""graphdb"",""engine_version"":""GraphDB (RDF4J) [engines.json profile]"",""scale"":""100M"",""base_endpoint_sha256"":""e1e370c3c3e41897f966ee22e8c7c98840f6ecade4ccb1698265b03c62141a2f"",""reified_endpoint_sha256"":""2c97fc305990d2aa1e0f09f37216d4d5b1419027440c3151c422415f0c836db8"",""update_endpoint_sha256"":""f3c05af6c7aa3bbf0aae501a61efa32804f36e642d32f61fe21875892b248a8a"",""base_data_identity_sha256"":""8a988dc83f4082a4f27503ba2906dc6b8733b3c02be567635c726c67bbd48314"",""reified_data_identity_sha256"":""16162702ccec82b2a0e27063cd04bd756a27af1f003b4cef0da976d843ef4725"",""update_for"":""reified"",""access_mode"":""writable"",""base_data_name"":""exploratory-base"",""reified_data_name"":""exploratory-reified"",""update_canary_sha256"":""41997fb8640d9e765a0272879a63548eb9bd46bbf6e49da02b7c924e506b94f7"",""store_instance_sha256"":""e6d3d236675cf5aefb65ff5897cc6e142b08e2a2be9e4af928e482100bc8e0bd"",""store_discriminator_sha256"":""2e884d94ace185d62b1b91debf493ccd0a69b83d08e74cf5f1c2be4851b14215"",""tool_sha256"":""7b43c2342d7676aa65cc9ee233b2184c9eae88f2663874af7ab1b83282f94ab4"",""java_runtime_sha256"":""6ffd10b28ab050230cdc1137f0bd16155c3a7c587add7fbe921d985fa92879fe"",""run_identity_sha256"":""a685abd4675cb8679005f8e53df4e013ed39e4fc2eaa3ac018653447405c8729""}"
966642a2961472c5f660f752648dc2693518e858,graphdb,GraphDB (RDF4J) [engines.json profile],100M,O,O1,00,0f31130653f6c7f7dad353eb0c056676430f43d831aa1c986bb0e5cfe3f2b72c,B,base-select,err:network,,,,,,,0,1,3600.0,,,,,,,0.011050025932490826,[],[],,[],,[],,[],r9.2-frozen-identity-v9,dfac415b5a6cbd6bca05218077d4301d6a1fc0d7ceff3e33f6c2c4c2d61d0e66,,,,,,,,,,,e1e370c3c3e41897f966ee22e8c7c98840f6ecade4ccb1698265b03c62141a2f,2c97fc305990d2aa1e0f09f37216d4d5b1419027440c3151c422415f0c836db8,f3c05af6c7aa3bbf0aae501a61efa32804f36e642d32f61fe21875892b248a8a,8a988dc83f4082a4f27503ba2906dc6b8733b3c02be567635c726c67bbd48314,16162702ccec82b2a0e27063cd04bd756a27af1f003b4cef0da976d843ef4725,reified,writable,exploratory-base,exploratory-reified,41997fb8640d9e765a0272879a63548eb9bd46bbf6e49da02b7c924e506b94f7,e6d3d236675cf5aefb65ff5897cc6e142b08e2a2be9e4af928e482100bc8e0bd,2e884d94ace185d62b1b91debf493ccd0a69b83d08e74cf5f1c2be4851b14215,7b43c2342d7676aa65cc9ee233b2184c9eae88f2663874af7ab1b83282f94ab4,6ffd10b28ab050230cdc1137f0bd16155c3a7c587add7fbe921d985fa92879fe,,,,aa91c0f82d645ee49e12e762aa585314aedd033ae098565d2f5418274b705315,"pcm-meta-v2:{""protocol"":""r9.2-frozen-identity-v9"",""message"":""[Errno 111] Connection refused"",""cell_wall_ms"":10.618,""c_parse_samples"":[],""c_protocol_samples"":[],""construct_total_samples"":[],""construct_unattributed_samples"":[],""status"":""err:network"",""status_evidence"":{""kind"":""retryable-transport"",""message"":""[Errno 111] Connection refused""},""construction_requested"":null,""construction_effective"":null,""commit"":""966642a2961472c5f660f752648dc2693518e858"",""batch_id"":""dfac415b5a6cbd6bca05218077d4301d6a1fc0d7ceff3e33f6c2c4c2d61d0e66"",""query_sha256"":""0f31130653f6c7f7dad353eb0c056676430f43d831aa1c986bb0e5cfe3f2b72c"",""engine"":""graphdb"",""engine_version"":""GraphDB (RDF4J) [engines.json profile]"",""scale"":""100M"",""base_endpoint_sha256"":""e1e370c3c3e41897f966ee22e8c7c98840f6ecade4ccb1698265b03c62141a2f"",""reified_endpoint_sha256"":""2c97fc305990d2aa1e0f09f37216d4d5b1419027440c3151c422415f0c836db8"",""update_endpoint_sha256"":""f3c05af6c7aa3bbf0aae501a61efa32804f36e642d32f61fe21875892b248a8a"",""base_data_identity_sha256"":""8a988dc83f4082a4f27503ba2906dc6b8733b3c02be567635c726c67bbd48314"",""reified_data_identity_sha256"":""16162702ccec82b2a0e27063cd04bd756a27af1f003b4cef0da976d843ef4725"",""update_for"":""reified"",""access_mode"":""writable"",""base_data_name"":""exploratory-base"",""reified_data_name"":""exploratory-reified"",""update_canary_sha256"":""41997fb8640d9e765a0272879a63548eb9bd46bbf6e49da02b7c924e506b94f7"",""store_instance_sha256"":""e6d3d236675cf5aefb65ff5897cc6e142b08e2a2be9e4af928e482100bc8e0bd"",""store_discriminator_sha256"":""2e884d94ace185d62b1b91debf493ccd0a69b83d08e74cf5f1c2be4851b14215"",""tool_sha256"":""7b43c2342d7676aa65cc9ee233b2184c9eae88f2663874af7ab1b83282f94ab4"",""java_runtime_sha256"":""6ffd10b28ab050230cdc1137f0bd16155c3a7c587add7fbe921d985fa92879fe"",""run_identity_sha256"":""aa91c0f82d645ee49e12e762aa585314aedd033ae098565d2f5418274b705315""}"
966642a2961472c5f660f752648dc2693518e858,graphdb,GraphDB (RDF4J) [engines.json profile],100M,O,O1,00,0f31130653f6c7f7dad353eb0c056676430f43d831aa1c986bb0e5cfe3f2b72c,R,reification-only,err:network,,,,,,,0,1,3600.0,,,,,,,135.8181938994676,[],[],,[],,[],,[],r9.2-frozen-identity-v9,dfac415b5a6cbd6bca05218077d4301d6a1fc0d7ceff3e33f6c2c4c2d61d0e66,,,,,,,,,,,e1e370c3c3e41897f966ee22e8c7c98840f6ecade4ccb1698265b03c62141a2f,2c97fc305990d2aa1e0f09f37216d4d5b1419027440c3151c422415f0c836db8,f3c05af6c7aa3bbf0aae501a61efa32804f36e642d32f61fe21875892b248a8a,8a988dc83f4082a4f27503ba2906dc6b8733b3c02be567635c726c67bbd48314,16162702ccec82b2a0e27063cd04bd756a27af1f003b4cef0da976d843ef4725,reified,writable,exploratory-base,exploratory-reified,41997fb8640d9e765a0272879a63548eb9bd46bbf6e49da02b7c924e506b94f7,e6d3d236675cf5aefb65ff5897cc6e142b08e2a2be9e4af928e482100bc8e0bd,2e884d94ace185d62b1b91debf493ccd0a69b83d08e74cf5f1c2be4851b14215,7b43c2342d7676aa65cc9ee233b2184c9eae88f2663874af7ab1b83282f94ab4,6ffd10b28ab050230cdc1137f0bd16155c3a7c587add7fbe921d985fa92879fe,,,,aa91c0f82d645ee49e12e762aa585314aedd033ae098565d2f5418274b705315,"pcm-meta-v2:{""protocol"":""r9.2-frozen-identity-v9"",""message"":""[Errno 111] Connection refused"",""cell_wall_ms"":146.74,""c_parse_samples"":[],""c_protocol_samples"":[],""construct_total_samples"":[],""construct_unattributed_samples"":[],""status"":""err:network"",""status_evidence"":{""kind"":""retryable-transport"",""message"":""[Errno 111] Connection refused""},""construction_requested"":null,""construction_effective"":null,""commit"":""966642a2961472c5f660f752648dc2693518e858"",""batch_id"":""dfac415b5a6cbd6bca05218077d4301d6a1fc0d7ceff3e33f6c2c4c2d61d0e66"",""query_sha256"":""0f31130653f6c7f7dad353eb0c056676430f43d831aa1c986bb0e5cfe3f2b72c"",""engine"":""graphdb"",""engine_version"":""GraphDB (RDF4J) [engines.json profile]"",""scale"":""100M"",""base_endpoint_sha256"":""e1e370c3c3e41897f966ee22e8c7c98840f6ecade4ccb1698265b03c62141a2f"",""reified_endpoint_sha256"":""2c97fc305990d2aa1e0f09f37216d4d5b1419027440c3151c422415f0c836db8"",""update_endpoint_sha256"":""f3c05af6c7aa3bbf0aae501a61efa32804f36e642d32f61fe21875892b248a8a"",""base_data_identity_sha256"":""8a988dc83f4082a4f27503ba2906dc6b8733b3c02be567635c726c67bbd48314"",""reified_data_identity_sha256"":""16162702ccec82b2a0e27063cd04bd756a27af1f003b4cef0da976d843ef4725"",""update_for"":""reified"",""access_mode"":""writable"",""base_data_name"":""exploratory-base"",""reified_data_name"":""exploratory-reified"",""update_canary_sha256"":""41997fb8640d9e765a0272879a63548eb9bd46bbf6e49da02b7c924e506b94f7"",""store_instance_sha256"":""e6d3d236675cf5aefb65ff5897cc6e142b08e2a2be9e4af928e482100bc8e0bd"",""store_discriminator_sha256"":""2e884d94ace185d62b1b91debf493ccd0a69b83d08e74cf5f1c2be4851b14215"",""tool_sha256"":""7b43c2342d7676aa65cc9ee233b2184c9eae88f2663874af7ab1b83282f94ab4"",""java_runtime_sha256"":""6ffd10b28ab050230cdc1137f0bd16155c3a7c587add7fbe921d985fa92879fe"",""run_identity_sha256"":""aa91c0f82d645ee49e12e762aa585314aedd033ae098565d2f5418274b705315""}"
966642a2961472c5f660f752648dc2693518e858,graphdb,GraphDB (RDF4J) [engines.json profile],100M,O,O1,00,0f31130653f6c7f7dad353eb0c056676430f43d831aa1c986bb0e5cfe3f2b72c,N,N_clean (NPCS reimplementation),err:network,,,,,,,0,1,3600.0,,,,,,,184.52534801326692,[],[],,[],,[],,[],r9.2-frozen-identity-v9,dfac415b5a6cbd6bca05218077d4301d6a1fc0d7ceff3e33f6c2c4c2d61d0e66,,,,,,,,,,,e1e370c3c3e41897f966ee22e8c7c98840f6ecade4ccb1698265b03c62141a2f,2c97fc305990d2aa1e0f09f37216d4d5b1419027440c3151c422415f0c836db8,f3c05af6c7aa3bbf0aae501a61efa32804f36e642d32f61fe21875892b248a8a,8a988dc83f4082a4f27503ba2906dc6b8733b3c02be567635c726c67bbd48314,16162702ccec82b2a0e27063cd04bd756a27af1f003b4cef0da976d843ef4725,reified,writable,exploratory-base,exploratory-reified,41997fb8640d9e765a0272879a63548eb9bd46bbf6e49da02b7c924e506b94f7,e6d3d236675cf5aefb65ff5897cc6e142b08e2a2be9e4af928e482100bc8e0bd,2e884d94ace185d62b1b91debf493ccd0a69b83d08e74cf5f1c2be4851b14215,7b43c2342d7676aa65cc9ee233b2184c9eae88f2663874af7ab1b83282f94ab4,6ffd10b28ab050230cdc1137f0bd16155c3a7c587add7fbe921d985fa92879fe,,,,aa91c0f82d645ee49e12e762aa585314aedd033ae098565d2f5418274b705315,"pcm-meta-v2:{""protocol"":""r9.2-frozen-identity-v9"",""message"":""[Errno 111] Connection refused"",""cell_wall_ms"":194.354,""c_parse_samples"":[],""c_protocol_samples"":[],""construct_total_samples"":[],""construct_unattributed_samples"":[],""status"":""err:network"",""status_evidence"":{""kind"":""retryable-transport"",""message"":""[Errno 111] Connection refused""},""construction_requested"":null,""construction_effective"":null,""commit"":""966642a2961472c5f660f752648dc2693518e858"",""batch_id"":""dfac415b5a6cbd6bca05218077d4301d6a1fc0d7ceff3e33f6c2c4c2d61d0e66"",""query_sha256"":""0f31130653f6c7f7dad353eb0c056676430f43d831aa1c986bb0e5cfe3f2b72c"",""engine"":""graphdb"",""engine_version"":""GraphDB (RDF4J) [engines.json profile]"",""scale"":""100M"",""base_endpoint_sha256"":""e1e370c3c3e41897f966ee22e8c7c98840f6ecade4ccb1698265b03c62141a2f"",""reified_endpoint_sha256"":""2c97fc305990d2aa1e0f09f37216d4d5b1419027440c3151c422415f0c836db8"",""update_endpoint_sha256"":""f3c05af6c7aa3bbf0aae501a61efa32804f36e642d32f61fe21875892b248a8a"",""base_data_identity_sha256"":""8a988dc83f4082a4f27503ba2906dc6b8733b3c02be567635c726c67bbd48314"",""reified_data_identity_sha256"":""16162702ccec82b2a0e27063cd04bd756a27af1f003b4cef0da976d843ef4725"",""update_for"":""reified"",""access_mode"":""writable"",""base_data_name"":""exploratory-base"",""reified_data_name"":""exploratory-reified"",""update_canary_sha256"":""41997fb8640d9e765a0272879a63548eb9bd46bbf6e49da02b7c924e506b94f7"",""store_instance_sha256"":""e6d3d236675cf5aefb65ff5897cc6e142b08e2a2be9e4af928e482100bc8e0bd"",""store_discriminator_sha256"":""2e884d94ace185d62b1b91debf493ccd0a69b83d08e74cf5f1c2be4851b14215"",""tool_sha256"":""7b43c2342d7676aa65cc9ee233b2184c9eae88f2663874af7ab1b83282f94ab4"",""java_runtime_sha256"":""6ffd10b28ab050230cdc1137f0bd16155c3a7c587add7fbe921d985fa92879fe"",""run_identity_sha256"":""aa91c0f82d645ee49e12e762aa585314aedd033ae098565d2f5418274b705315""}"
966642a2961472c5f660f752648dc2693518e858,graphdb,GraphDB (RDF4J) [engines.json profile],100M,O,O1,00,0f31130653f6c7f7dad353eb0c056676430f43d831aa1c986bb0e5cfe3f2b72c,C,SPARQLcirc CircuitRewriter,err:network,,,,,,,0,1,3600.0,,,,,,,387.6253990456462,[],[],,[],,[],,[],r9.2-frozen-identity-v9,dfac415b5a6cbd6bca05218077d4301d6a1fc0d7ceff3e33f6c2c4c2d61d0e66,,,,,,,,,,,e1e370c3c3e41897f966ee22e8c7c98840f6ecade4ccb1698265b03c62141a2f,2c97fc305990d2aa1e0f09f37216d4d5b1419027440c3151c422415f0c836db8,f3c05af6c7aa3bbf0aae501a61efa32804f36e642d32f61fe21875892b248a8a,8a988dc83f4082a4f27503ba2906dc6b8733b3c02be567635c726c67bbd48314,16162702ccec82b2a0e27063cd04bd756a27af1f003b4cef0da976d843ef4725,reified,writable,exploratory-base,exploratory-reified,41997fb8640d9e765a0272879a63548eb9bd46bbf6e49da02b7c924e506b94f7,e6d3d236675cf5aefb65ff5897cc6e142b08e2a2be9e4af928e482100bc8e0bd,2e884d94ace185d62b1b91debf493ccd0a69b83d08e74cf5f1c2be4851b14215,7b43c2342d7676aa65cc9ee233b2184c9eae88f2663874af7ab1b83282f94ab4,6ffd10b28ab050230cdc1137f0bd16155c3a7c587add7fbe921d985fa92879fe,,,,aa91c0f82d645ee49e12e762aa585314aedd033ae098565d2f5418274b705315,"pcm-meta-v2:{""protocol"":""r9.2-frozen-identity-v9"",""message"":""[Errno 111] Connection refused"",""cell_wall_ms"":396.648,""c_parse_samples"":[],""c_protocol_samples"":[],""construct_total_samples"":[],""construct_unattributed_samples"":[],""status"":""err:network"",""status_evidence"":{""kind"":""retryable-transport"",""message"":""[Errno 111] Connection refused""},""endpoint_lock"":{""wait_ms"":0.009,""lock_path"":""/tmp/sparqlcirc-r9-endpoint-locks-v7/e6d3d236675cf5aefb65ff5897cc6e142b08e2a2be9e4af928e482100bc8e0bd.lock""},""construction_requested"":null,""construction_effective"":null,""commit"":""966642a2961472c5f660f752648dc2693518e858"",""batch_id"":""dfac415b5a6cbd6bca05218077d4301d6a1fc0d7ceff3e33f6c2c4c2d61d0e66"",""query_sha256"":""0f31130653f6c7f7dad353eb0c056676430f43d831aa1c986bb0e5cfe3f2b72c"",""engine"":""graphdb"",""engine_version"":""GraphDB (RDF4J) [engines.json profile]"",""scale"":""100M"",""base_endpoint_sha256"":""e1e370c3c3e41897f966ee22e8c7c98840f6ecade4ccb1698265b03c62141a2f"",""reified_endpoint_sha256"":""2c97fc305990d2aa1e0f09f37216d4d5b1419027440c3151c422415f0c836db8"",""update_endpoint_sha256"":""f3c05af6c7aa3bbf0aae501a61efa32804f36e642d32f61fe21875892b248a8a"",""base_data_identity_sha256"":""8a988dc83f4082a4f27503ba2906dc6b8733b3c02be567635c726c67bbd48314"",""reified_data_identity_sha256"":""16162702ccec82b2a0e27063cd04bd756a27af1f003b4cef0da976d843ef4725"",""update_for"":""reified"",""access_mode"":""writable"",""base_data_name"":""exploratory-base"",""reified_data_name"":""exploratory-reified"",""update_canary_sha256"":""41997fb8640d9e765a0272879a63548eb9bd46bbf6e49da02b7c924e506b94f7"",""store_instance_sha256"":""e6d3d236675cf5aefb65ff5897cc6e142b08e2a2be9e4af928e482100bc8e0bd"",""store_discriminator_sha256"":""2e884d94ace185d62b1b91debf493ccd0a69b83d08e74cf5f1c2be4851b14215"",""tool_sha256"":""7b43c2342d7676aa65cc9ee233b2184c9eae88f2663874af7ab1b83282f94ab4"",""java_runtime_sha256"":""6ffd10b28ab050230cdc1137f0bd16155c3a7c587add7fbe921d985fa92879fe"",""run_identity_sha256"":""aa91c0f82d645ee49e12e762aa585314aedd033ae098565d2f5418274b705315""}"
966642a2961472c5f660f752648dc2693518e858,graphdb,GraphDB (RDF4J) [engines.json profile],100M,O,O2,00,e2353d138cc41a9c8013909b8e8b380cf7ba04e2544b8ca784e13ce0c7009eb6,B,base-select,err:network,,,,,,,0,1,3600.0,,,,,,,0.010329997166991234,[],[],,[],,[],,[],r9.2-frozen-identity-v9,dfac415b5a6cbd6bca05218077d4301d6a1fc0d7ceff3e33f6c2c4c2d61d0e66,,,,,,,,,,,e1e370c3c3e41897f966ee22e8c7c98840f6ecade4ccb1698265b03c62141a2f,2c97fc305990d2aa1e0f09f37216d4d5b1419027440c3151c422415f0c836db8,f3c05af6c7aa3bbf0aae501a61efa32804f36e642d32f61fe21875892b248a8a,8a988dc83f4082a4f27503ba2906dc6b8733b3c02be567635c726c67bbd48314,16162702ccec82b2a0e27063cd04bd756a27af1f003b4cef0da976d843ef4725,reified,writable,exploratory-base,exploratory-reified,41997fb8640d9e765a0272879a63548eb9bd46bbf6e49da02b7c924e506b94f7,e6d3d236675cf5aefb65ff5897cc6e142b08e2a2be9e4af928e482100bc8e0bd,2e884d94ace185d62b1b91debf493ccd0a69b83d08e74cf5f1c2be4851b14215,7b43c2342d7676aa65cc9ee233b2184c9eae88f2663874af7ab1b83282f94ab4,6ffd10b28ab050230cdc1137f0bd16155c3a7c587add7fbe921d985fa92879fe,,,,9e074747e182e0bd8de88ca361debba55523425244de000f961e22e18493b66a,"pcm-meta-v2:{""protocol"":""r9.2-frozen-identity-v9"",""message"":""[Errno 111] Connection refused"",""cell_wall_ms"":10.218,""c_parse_samples"":[],""c_protocol_samples"":[],""construct_total_samples"":[],""construct_unattributed_samples"":[],""status"":""err:network"",""status_evidence"":{""kind"":""retryable-transport"",""message"":""[Errno 111] Connection refused""},""construction_requested"":null,""construction_effective"":null,""commit"":""966642a2961472c5f660f752648dc2693518e858"",""batch_id"":""dfac415b5a6cbd6bca05218077d4301d6a1fc0d7ceff3e33f6c2c4c2d61d0e66"",""query_sha256"":""e2353d138cc41a9c8013909b8e8b380cf7ba04e2544b8ca784e13ce0c7009eb6"",""engine"":""graphdb"",""engine_version"":""GraphDB (RDF4J) [engines.json profile]"",""scale"":""100M"",""base_endpoint_sha256"":""e1e370c3c3e41897f966ee22e8c7c98840f6ecade4ccb1698265b03c62141a2f"",""reified_endpoint_sha256"":""2c97fc305990d2aa1e0f09f37216d4d5b1419027440c3151c422415f0c836db8"",""update_endpoint_sha256"":""f3c05af6c7aa3bbf0aae501a61efa32804f36e642d32f61fe21875892b248a8a"",""base_data_identity_sha256"":""8a988dc83f4082a4f27503ba2906dc6b8733b3c02be567635c726c67bbd48314"",""reified_data_identity_sha256"":""16162702ccec82b2a0e27063cd04bd756a27af1f003b4cef0da976d843ef4725"",""update_for"":""reified"",""access_mode"":""writable"",""base_data_name"":""exploratory-base"",""reified_data_name"":""exploratory-reified"",""update_canary_sha256"":""41997fb8640d9e765a0272879a63548eb9bd46bbf6e49da02b7c924e506b94f7"",""store_instance_sha256"":""e6d3d236675cf5aefb65ff5897cc6e142b08e2a2be9e4af928e482100bc8e0bd"",""store_discriminator_sha256"":""2e884d94ace185d62b1b91debf493ccd0a69b83d08e74cf5f1c2be4851b14215"",""tool_sha256"":""7b43c2342d7676aa65cc9ee233b2184c9eae88f2663874af7ab1b83282f94ab4"",""java_runtime_sha256"":""6ffd10b28ab050230cdc1137f0bd16155c3a7c587add7fbe921d985fa92879fe"",""run_identity_sha256"":""9e074747e182e0bd8de88ca361debba55523425244de000f961e22e18493b66a""}"
966642a2961472c5f660f752648dc2693518e858,graphdb,GraphDB (RDF4J) [engines.json profile],100M,O,O2,00,e2353d138cc41a9c8013909b8e8b380cf7ba04e2544b8ca784e13ce0c7009eb6,R,reification-only,err:network,,,,,,,0,1,3600.0,,,,,,,134.93009004741907,[],[],,[],,[],,[],r9.2-frozen-identity-v9,dfac415b5a6cbd6bca05218077d4301d6a1fc0d7ceff3e33f6c2c4c2d61d0e66,,,,,,,,,,,e1e370c3c3e41897f966ee22e8c7c98840f6ecade4ccb1698265b03c62141a2f,2c97fc305990d2aa1e0f09f37216d4d5b1419027440c3151c422415f0c836db8,f3c05af6c7aa3bbf0aae501a61efa32804f36e642d32f61fe21875892b248a8a,8a988dc83f4082a4f27503ba2906dc6b8733b3c02be567635c726c67bbd48314,16162702ccec82b2a0e27063cd04bd756a27af1f003b4cef0da976d843ef4725,reified,writable,exploratory-base,exploratory-reified,41997fb8640d9e765a0272879a63548eb9bd46bbf6e49da02b7c924e506b94f7,e6d3d236675cf5aefb65ff5897cc6e142b08e2a2be9e4af928e482100bc8e0bd,2e884d94ace185d62b1b91debf493ccd0a69b83d08e74cf5f1c2be4851b14215,7b43c2342d7676aa65cc9ee233b2184c9eae88f2663874af7ab1b83282f94ab4,6ffd10b28ab050230cdc1137f0bd16155c3a7c587add7fbe921d985fa92879fe,,,,9e074747e182e0bd8de88ca361debba55523425244de000f961e22e18493b66a,"pcm-meta-v2:{""protocol"":""r9.2-frozen-identity-v9"",""message"":""[Errno 111] Connection refused"",""cell_wall_ms"":145.976,""c_parse_samples"":[],""c_protocol_samples"":[],""construct_total_samples"":[],""construct_unattributed_samples"":[],""status"":""err:network"",""status_evidence"":{""kind"":""retryable-transport"",""message"":""[Errno 111] Connection refused""},""construction_requested"":null,""construction_effective"":null,""commit"":""966642a2961472c5f660f752648dc2693518e858"",""batch_id"":""dfac415b5a6cbd6bca05218077d4301d6a1fc0d7ceff3e33f6c2c4c2d61d0e66"",""query_sha256"":""e2353d138cc41a9c8013909b8e8b380cf7ba04e2544b8ca784e13ce0c7009eb6"",""engine"":""graphdb"",""engine_version"":""GraphDB (RDF4J) [engines.json profile]"",""scale"":""100M"",""base_endpoint_sha256"":""e1e370c3c3e41897f966ee22e8c7c98840f6ecade4ccb1698265b03c62141a2f"",""reified_endpoint_sha256"":""2c97fc305990d2aa1e0f09f37216d4d5b1419027440c3151c422415f0c836db8"",""update_endpoint_sha256"":""f3c05af6c7aa3bbf0aae501a61efa32804f36e642d32f61fe21875892b248a8a"",""base_data_identity_sha256"":""8a988dc83f4082a4f27503ba2906dc6b8733b3c02be567635c726c67bbd48314"",""reified_data_identity_sha256"":""16162702ccec82b2a0e27063cd04bd756a27af1f003b4cef0da976d843ef4725"",""update_for"":""reified"",""access_mode"":""writable"",""base_data_name"":""exploratory-base"",""reified_data_name"":""exploratory-reified"",""update_canary_sha256"":""41997fb8640d9e765a0272879a63548eb9bd46bbf6e49da02b7c924e506b94f7"",""store_instance_sha256"":""e6d3d236675cf5aefb65ff5897cc6e142b08e2a2be9e4af928e482100bc8e0bd"",""store_discriminator_sha256"":""2e884d94ace185d62b1b91debf493ccd0a69b83d08e74cf5f1c2be4851b14215"",""tool_sha256"":""7b43c2342d7676aa65cc9ee233b2184c9eae88f2663874af7ab1b83282f94ab4"",""java_runtime_sha256"":""6ffd10b28ab050230cdc1137f0bd16155c3a7c587add7fbe921d985fa92879fe"",""run_identity_sha256"":""9e074747e182e0bd8de88ca361debba55523425244de000f961e22e18493b66a""}"
966642a2961472c5f660f752648dc2693518e858,graphdb,GraphDB (RDF4J) [engines.json profile],100M,O,O2,00,e2353d138cc41a9c8013909b8e8b380cf7ba04e2544b8ca784e13ce0c7009eb6,N,N_clean (NPCS reimplementation),err:network,,,,,,,0,1,3600.0,,,,,,,184.02864993549883,[],[],,[],,[],,[],r9.2-frozen-identity-v9,dfac415b5a6cbd6bca05218077d4301d6a1fc0d7ceff3e33f6c2c4c2d61d0e66,,,,,,,,,,,e1e370c3c3e41897f966ee22e8c7c98840f6ecade4ccb1698265b03c62141a2f,2c97fc305990d2aa1e0f09f37216d4d5b1419027440c3151c422415f0c836db8,f3c05af6c7aa3bbf0aae501a61efa32804f36e642d32f61fe21875892b248a8a,8a988dc83f4082a4f27503ba2906dc6b8733b3c02be567635c726c67bbd48314,16162702ccec82b2a0e27063cd04bd756a27af1f003b4cef0da976d843ef4725,reified,writable,exploratory-base,exploratory-reified,41997fb8640d9e765a0272879a63548eb9bd46bbf6e49da02b7c924e506b94f7,e6d3d236675cf5aefb65ff5897cc6e142b08e2a2be9e4af928e482100bc8e0bd,2e884d94ace185d62b1b91debf493ccd0a69b83d08e74cf5f1c2be4851b14215,7b43c2342d7676aa65cc9ee233b2184c9eae88f2663874af7ab1b83282f94ab4,6ffd10b28ab050230cdc1137f0bd16155c3a7c587add7fbe921d985fa92879fe,,,,9e074747e182e0bd8de88ca361debba55523425244de000f961e22e18493b66a,"pcm-meta-v2:{""protocol"":""r9.2-frozen-identity-v9"",""message"":""[Errno 111] Connection refused"",""cell_wall_ms"":194.275,""c_parse_samples"":[],""c_protocol_samples"":[],""construct_total_samples"":[],""construct_unattributed_samples"":[],""status"":""err:network"",""status_evidence"":{""kind"":""retryable-transport"",""message"":""[Errno 111] Connection refused""},""construction_requested"":null,""construction_effective"":null,""commit"":""966642a2961472c5f660f752648dc2693518e858"",""batch_id"":""dfac415b5a6cbd6bca05218077d4301d6a1fc0d7ceff3e33f6c2c4c2d61d0e66"",""query_sha256"":""e2353d138cc41a9c8013909b8e8b380cf7ba04e2544b8ca784e13ce0c7009eb6"",""engine"":""graphdb"",""engine_version"":""GraphDB (RDF4J) [engines.json profile]"",""scale"":""100M"",""base_endpoint_sha256"":""e1e370c3c3e41897f966ee22e8c7c98840f6ecade4ccb1698265b03c62141a2f"",""reified_endpoint_sha256"":""2c97fc305990d2aa1e0f09f37216d4d5b1419027440c3151c422415f0c836db8"",""update_endpoint_sha256"":""f3c05af6c7aa3bbf0aae501a61efa32804f36e642d32f61fe21875892b248a8a"",""base_data_identity_sha256"":""8a988dc83f4082a4f27503ba2906dc6b8733b3c02be567635c726c67bbd48314"",""reified_data_identity_sha256"":""16162702ccec82b2a0e27063cd04bd756a27af1f003b4cef0da976d843ef4725"",""update_for"":""reified"",""access_mode"":""writable"",""base_data_name"":""exploratory-base"",""reified_data_name"":""exploratory-reified"",""update_canary_sha256"":""41997fb8640d9e765a0272879a63548eb9bd46bbf6e49da02b7c924e506b94f7"",""store_instance_sha256"":""e6d3d236675cf5aefb65ff5897cc6e142b08e2a2be9e4af928e482100bc8e0bd"",""store_discriminator_sha256"":""2e884d94ace185d62b1b91debf493ccd0a69b83d08e74cf5f1c2be4851b14215"",""tool_sha256"":""7b43c2342d7676aa65cc9ee233b2184c9eae88f2663874af7ab1b83282f94ab4"",""java_runtime_sha256"":""6ffd10b28ab050230cdc1137f0bd16155c3a7c587add7fbe921d985fa92879fe"",""run_identity_sha256"":""9e074747e182e0bd8de88ca361debba55523425244de000f961e22e18493b66a""}"
966642a2961472c5f660f752648dc2693518e858,graphdb,GraphDB (RDF4J) [engines.json profile],100M,O,O2,00,e2353d138cc41a9c8013909b8e8b380cf7ba04e2544b8ca784e13ce0c7009eb6,C,SPARQLcirc CircuitRewriter,err:network,,,,,,,0,1,3600.0,,,,,,,367.7679260727018,[],[],,[],,[],,[],r9.2-frozen-identity-v9,dfac415b5a6cbd6bca05218077d4301d6a1fc0d7ceff3e33f6c2c4c2d61d0e66,,,,,,,,,,,e1e370c3c3e41897f966ee22e8c7c98840f6ecade4ccb1698265b03c62141a2f,2c97fc305990d2aa1e0f09f37216d4d5b1419027440c3151c422415f0c836db8,f3c05af6c7aa3bbf0aae501a61efa32804f36e642d32f61fe21875892b248a8a,8a988dc83f4082a4f27503ba2906dc6b8733b3c02be567635c726c67bbd48314,16162702ccec82b2a0e27063cd04bd756a27af1f003b4cef0da976d843ef4725,reified,writable,exploratory-base,exploratory-reified,41997fb8640d9e765a0272879a63548eb9bd46bbf6e49da02b7c924e506b94f7,e6d3d236675cf5aefb65ff5897cc6e142b08e2a2be9e4af928e482100bc8e0bd,2e884d94ace185d62b1b91debf493ccd0a69b83d08e74cf5f1c2be4851b14215,7b43c2342d7676aa65cc9ee233b2184c9eae88f2663874af7ab1b83282f94ab4,6ffd10b28ab050230cdc1137f0bd16155c3a7c587add7fbe921d985fa92879fe,,,,9e074747e182e0bd8de88ca361debba55523425244de000f961e22e18493b66a,"pcm-meta-v2:{""protocol"":""r9.2-frozen-identity-v9"",""message"":""[Errno 111] Connection refused"",""cell_wall_ms"":376.857,""c_parse_samples"":[],""c_protocol_samples"":[],""construct_total_samples"":[],""construct_unattributed_samples"":[],""status"":""err:network"",""status_evidence"":{""kind"":""retryable-transport"",""message"":""[Errno 111] Connection refused""},""endpoint_lock"":{""wait_ms"":0.01,""lock_path"":""/tmp/sparqlcirc-r9-endpoint-locks-v7/e6d3d236675cf5aefb65ff5897cc6e142b08e2a2be9e4af928e482100bc8e0bd.lock""},""construction_requested"":null,""construction_effective"":null,""commit"":""966642a2961472c5f660f752648dc2693518e858"",""batch_id"":""dfac415b5a6cbd6bca05218077d4301d6a1fc0d7ceff3e33f6c2c4c2d61d0e66"",""query_sha256"":""e2353d138cc41a9c8013909b8e8b380cf7ba04e2544b8ca784e13ce0c7009eb6"",""engine"":""graphdb"",""engine_version"":""GraphDB (RDF4J) [engines.json profile]"",""scale"":""100M"",""base_endpoint_sha256"":""e1e370c3c3e41897f966ee22e8c7c98840f6ecade4ccb1698265b03c62141a2f"",""reified_endpoint_sha256"":""2c97fc305990d2aa1e0f09f37216d4d5b1419027440c3151c422415f0c836db8"",""update_endpoint_sha256"":""f3c05af6c7aa3bbf0aae501a61efa32804f36e642d32f61fe21875892b248a8a"",""base_data_identity_sha256"":""8a988dc83f4082a4f27503ba2906dc6b8733b3c02be567635c726c67bbd48314"",""reified_data_identity_sha256"":""16162702ccec82b2a0e27063cd04bd756a27af1f003b4cef0da976d843ef4725"",""update_for"":""reified"",""access_mode"":""writable"",""base_data_name"":""exploratory-base"",""reified_data_name"":""exploratory-reified"",""update_canary_sha256"":""41997fb8640d9e765a0272879a63548eb9bd46bbf6e49da02b7c924e506b94f7"",""store_instance_sha256"":""e6d3d236675cf5aefb65ff5897cc6e142b08e2a2be9e4af928e482100bc8e0bd"",""store_discriminator_sha256"":""2e884d94ace185d62b1b91debf493ccd0a69b83d08e74cf5f1c2be4851b14215"",""tool_sha256"":""7b43c2342d7676aa65cc9ee233b2184c9eae88f2663874af7ab1b83282f94ab4"",""java_runtime_sha256"":""6ffd10b28ab050230cdc1137f0bd16155c3a7c587add7fbe921d985fa92879fe"",""run_identity_sha256"":""9e074747e182e0bd8de88ca361debba55523425244de000f961e22e18493b66a""}"
966642a2961472c5f660f752648dc2693518e858,graphdb,GraphDB (RDF4J) [engines.json profile],100M,O,O3,00,8600634422cefcb5ad7bc23d2acb693e5f8bf0686ad4714d2eba90a935b2f2b3,B,base-select,err:network,,,,,,,0,1,3600.0,,,,,,,0.011319993063807487,[],[],,[],,[],,[],r9.2-frozen-identity-v9,dfac415b5a6cbd6bca05218077d4301d6a1fc0d7ceff3e33f6c2c4c2d61d0e66,,,,,,,,,,,e1e370c3c3e41897f966ee22e8c7c98840f6ecade4ccb1698265b03c62141a2f,2c97fc305990d2aa1e0f09f37216d4d5b1419027440c3151c422415f0c836db8,f3c05af6c7aa3bbf0aae501a61efa32804f36e642d32f61fe21875892b248a8a,8a988dc83f4082a4f27503ba2906dc6b8733b3c02be567635c726c67bbd48314,16162702ccec82b2a0e27063cd04bd756a27af1f003b4cef0da976d843ef4725,reified,writable,exploratory-base,exploratory-reified,41997fb8640d9e765a0272879a63548eb9bd46bbf6e49da02b7c924e506b94f7,e6d3d236675cf5aefb65ff5897cc6e142b08e2a2be9e4af928e482100bc8e0bd,2e884d94ace185d62b1b91debf493ccd0a69b83d08e74cf5f1c2be4851b14215,7b43c2342d7676aa65cc9ee233b2184c9eae88f2663874af7ab1b83282f94ab4,6ffd10b28ab050230cdc1137f0bd16155c3a7c587add7fbe921d985fa92879fe,,,,3c637ea4fa4518c6c5889b6b3fa1facce372689c30fb8395cd8723661fac07ee,"pcm-meta-v2:{""protocol"":""r9.2-frozen-identity-v9"",""message"":""[Errno 111] Connection refused"",""cell_wall_ms"":10.368,""c_parse_samples"":[],""c_protocol_samples"":[],""construct_total_samples"":[],""construct_unattributed_samples"":[],""status"":""err:network"",""status_evidence"":{""kind"":""retryable-transport"",""message"":""[Errno 111] Connection refused""},""construction_requested"":null,""construction_effective"":null,""commit"":""966642a2961472c5f660f752648dc2693518e858"",""batch_id"":""dfac415b5a6cbd6bca05218077d4301d6a1fc0d7ceff3e33f6c2c4c2d61d0e66"",""query_sha256"":""8600634422cefcb5ad7bc23d2acb693e5f8bf0686ad4714d2eba90a935b2f2b3"",""engine"":""graphdb"",""engine_version"":""GraphDB (RDF4J) [engines.json profile]"",""scale"":""100M"",""base_endpoint_sha256"":""e1e370c3c3e41897f966ee22e8c7c98840f6ecade4ccb1698265b03c62141a2f"",""reified_endpoint_sha256"":""2c97fc305990d2aa1e0f09f37216d4d5b1419027440c3151c422415f0c836db8"",""update_endpoint_sha256"":""f3c05af6c7aa3bbf0aae501a61efa32804f36e642d32f61fe21875892b248a8a"",""base_data_identity_sha256"":""8a988dc83f4082a4f27503ba2906dc6b8733b3c02be567635c726c67bbd48314"",""reified_data_identity_sha256"":""16162702ccec82b2a0e27063cd04bd756a27af1f003b4cef0da976d843ef4725"",""update_for"":""reified"",""access_mode"":""writable"",""base_data_name"":""exploratory-base"",""reified_data_name"":""exploratory-reified"",""update_canary_sha256"":""41997fb8640d9e765a0272879a63548eb9bd46bbf6e49da02b7c924e506b94f7"",""store_instance_sha256"":""e6d3d236675cf5aefb65ff5897cc6e142b08e2a2be9e4af928e482100bc8e0bd"",""store_discriminator_sha256"":""2e884d94ace185d62b1b91debf493ccd0a69b83d08e74cf5f1c2be4851b14215"",""tool_sha256"":""7b43c2342d7676aa65cc9ee233b2184c9eae88f2663874af7ab1b83282f94ab4"",""java_runtime_sha256"":""6ffd10b28ab050230cdc1137f0bd16155c3a7c587add7fbe921d985fa92879fe"",""run_identity_sha256"":""3c637ea4fa4518c6c5889b6b3fa1facce372689c30fb8395cd8723661fac07ee""}"
966642a2961472c5f660f752648dc2693518e858,graphdb,GraphDB (RDF4J) [engines.json profile],100M,O,O3,00,8600634422cefcb5ad7bc23d2acb693e5f8bf0686ad4714d2eba90a935b2f2b3,R,reification-only,err:network,,,,,,,0,1,3600.0,,,,,,,132.5704240007326,[],[],,[],,[],,[],r9.2-frozen-identity-v9,dfac415b5a6cbd6bca05218077d4301d6a1fc0d7ceff3e33f6c2c4c2d61d0e66,,,,,,,,,,,e1e370c3c3e41897f966ee22e8c7c98840f6ecade4ccb1698265b03c62141a2f,2c97fc305990d2aa1e0f09f37216d4d5b1419027440c3151c422415f0c836db8,f3c05af6c7aa3bbf0aae501a61efa32804f36e642d32f61fe21875892b248a8a,8a988dc83f4082a4f27503ba2906dc6b8733b3c02be567635c726c67bbd48314,16162702ccec82b2a0e27063cd04bd756a27af1f003b4cef0da976d843ef4725,reified,writable,exploratory-base,exploratory-reified,41997fb8640d9e765a0272879a63548eb9bd46bbf6e49da02b7c924e506b94f7,e6d3d236675cf5aefb65ff5897cc6e142b08e2a2be9e4af928e482100bc8e0bd,2e884d94ace185d62b1b91debf493ccd0a69b83d08e74cf5f1c2be4851b14215,7b43c2342d7676aa65cc9ee233b2184c9eae88f2663874af7ab1b83282f94ab4,6ffd10b28ab050230cdc1137f0bd16155c3a7c587add7fbe921d985fa92879fe,,,,3c637ea4fa4518c6c5889b6b3fa1facce372689c30fb8395cd8723661fac07ee,"pcm-meta-v2:{""protocol"":""r9.2-frozen-identity-v9"",""message"":""[Errno 111] Connection refused"",""cell_wall_ms"":143.197,""c_parse_samples"":[],""c_protocol_samples"":[],""construct_total_samples"":[],""construct_unattributed_samples"":[],""status"":""err:network"",""status_evidence"":{""kind"":""retryable-transport"",""message"":""[Errno 111] Connection refused""},""construction_requested"":null,""construction_effective"":null,""commit"":""966642a2961472c5f660f752648dc2693518e858"",""batch_id"":""dfac415b5a6cbd6bca05218077d4301d6a1fc0d7ceff3e33f6c2c4c2d61d0e66"",""query_sha256"":""8600634422cefcb5ad7bc23d2acb693e5f8bf0686ad4714d2eba90a935b2f2b3"",""engine"":""graphdb"",""engine_version"":""GraphDB (RDF4J) [engines.json profile]"",""scale"":""100M"",""base_endpoint_sha256"":""e1e370c3c3e41897f966ee22e8c7c98840f6ecade4ccb1698265b03c62141a2f"",""reified_endpoint_sha256"":""2c97fc305990d2aa1e0f09f37216d4d5b1419027440c3151c422415f0c836db8"",""update_endpoint_sha256"":""f3c05af6c7aa3bbf0aae501a61efa32804f36e642d32f61fe21875892b248a8a"",""base_data_identity_sha256"":""8a988dc83f4082a4f27503ba2906dc6b8733b3c02be567635c726c67bbd48314"",""reified_data_identity_sha256"":""16162702ccec82b2a0e27063cd04bd756a27af1f003b4cef0da976d843ef4725"",""update_for"":""reified"",""access_mode"":""writable"",""base_data_name"":""exploratory-base"",""reified_data_name"":""exploratory-reified"",""update_canary_sha256"":""41997fb8640d9e765a0272879a63548eb9bd46bbf6e49da02b7c924e506b94f7"",""store_instance_sha256"":""e6d3d236675cf5aefb65ff5897cc6e142b08e2a2be9e4af928e482100bc8e0bd"",""store_discriminator_sha256"":""2e884d94ace185d62b1b91debf493ccd0a69b83d08e74cf5f1c2be4851b14215"",""tool_sha256"":""7b43c2342d7676aa65cc9ee233b2184c9eae88f2663874af7ab1b83282f94ab4"",""java_runtime_sha256"":""6ffd10b28ab050230cdc1137f0bd16155c3a7c587add7fbe921d985fa92879fe"",""run_identity_sha256"":""3c637ea4fa4518c6c5889b6b3fa1facce372689c30fb8395cd8723661fac07ee""}"
966642a2961472c5f660f752648dc2693518e858,graphdb,GraphDB (RDF4J) [engines.json profile],100M,O,O3,00,8600634422cefcb5ad7bc23d2acb693e5f8bf0686ad4714d2eba90a935b2f2b3,N,N_clean (NPCS reimplementation),err:network,,,,,,,0,1,3600.0,,,,,,,189.45769302081317,[],[],,[],,[],,[],r9.2-frozen-identity-v9,dfac415b5a6cbd6bca05218077d4301d6a1fc0d7ceff3e33f6c2c4c2d61d0e66,,,,,,,,,,,e1e370c3c3e41897f966ee22e8c7c98840f6ecade4ccb1698265b03c62141a2f,2c97fc305990d2aa1e0f09f37216d4d5b1419027440c3151c422415f0c836db8,f3c05af6c7aa3bbf0aae501a61efa32804f36e642d32f61fe21875892b248a8a,8a988dc83f4082a4f27503ba2906dc6b8733b3c02be567635c726c67bbd48314,16162702ccec82b2a0e27063cd04bd756a27af1f003b4cef0da976d843ef4725,reified,writable,exploratory-base,exploratory-reified,41997fb8640d9e765a0272879a63548eb9bd46bbf6e49da02b7c924e506b94f7,e6d3d236675cf5aefb65ff5897cc6e142b08e2a2be9e4af928e482100bc8e0bd,2e884d94ace185d62b1b91debf493ccd0a69b83d08e74cf5f1c2be4851b14215,7b43c2342d7676aa65cc9ee233b2184c9eae88f2663874af7ab1b83282f94ab4,6ffd10b28ab050230cdc1137f0bd16155c3a7c587add7fbe921d985fa92879fe,,,,3c637ea4fa4518c6c5889b6b3fa1facce372689c30fb8395cd8723661fac07ee,"pcm-meta-v2:{""protocol"":""r9.2-frozen-identity-v9"",""message"":""[Errno 111] Connection refused"",""cell_wall_ms"":199.792,""c_parse_samples"":[],""c_protocol_samples"":[],""construct_total_samples"":[],""construct_unattributed_samples"":[],""status"":""err:network"",""status_evidence"":{""kind"":""retryable-transport"",""message"":""[Errno 111] Connection refused""},""construction_requested"":null,""construction_effective"":null,""commit"":""966642a2961472c5f660f752648dc2693518e858"",""batch_id"":""dfac415b5a6cbd6bca05218077d4301d6a1fc0d7ceff3e33f6c2c4c2d61d0e66"",""query_sha256"":""8600634422cefcb5ad7bc23d2acb693e5f8bf0686ad4714d2eba90a935b2f2b3"",""engine"":""graphdb"",""engine_version"":""GraphDB (RDF4J) [engines.json profile]"",""scale"":""100M"",""base_endpoint_sha256"":""e1e370c3c3e41897f966ee22e8c7c98840f6ecade4ccb1698265b03c62141a2f"",""reified_endpoint_sha256"":""2c97fc305990d2aa1e0f09f37216d4d5b1419027440c3151c422415f0c836db8"",""update_endpoint_sha256"":""f3c05af6c7aa3bbf0aae501a61efa32804f36e642d32f61fe21875892b248a8a"",""base_data_identity_sha256"":""8a988dc83f4082a4f27503ba2906dc6b8733b3c02be567635c726c67bbd48314"",""reified_data_identity_sha256"":""16162702ccec82b2a0e27063cd04bd756a27af1f003b4cef0da976d843ef4725"",""update_for"":""reified"",""access_mode"":""writable"",""base_data_name"":""exploratory-base"",""reified_data_name"":""exploratory-reified"",""update_canary_sha256"":""41997fb8640d9e765a0272879a63548eb9bd46bbf6e49da02b7c924e506b94f7"",""store_instance_sha256"":""e6d3d236675cf5aefb65ff5897cc6e142b08e2a2be9e4af928e482100bc8e0bd"",""store_discriminator_sha256"":""2e884d94ace185d62b1b91debf493ccd0a69b83d08e74cf5f1c2be4851b14215"",""tool_sha256"":""7b43c2342d7676aa65cc9ee233b2184c9eae88f2663874af7ab1b83282f94ab4"",""java_runtime_sha256"":""6ffd10b28ab050230cdc1137f0bd16155c3a7c587add7fbe921d985fa92879fe"",""run_identity_sha256"":""3c637ea4fa4518c6c5889b6b3fa1facce372689c30fb8395cd8723661fac07ee""}"
966642a2961472c5f660f752648dc2693518e858,graphdb,GraphDB (RDF4J) [engines.json profile],100M,O,O3,00,8600634422cefcb5ad7bc23d2acb693e5f8bf0686ad4714d2eba90a935b2f2b3,C,SPARQLcirc CircuitRewriter,err:network,,,,,,,0,1,3600.0,,,,,,,368.7631409848109,[],[],,[],,[],,[],r9.2-frozen-identity-v9,dfac415b5a6cbd6bca05218077d4301d6a1fc0d7ceff3e33f6c2c4c2d61d0e66,,,,,,,,,,,e1e370c3c3e41897f966ee22e8c7c98840f6ecade4ccb1698265b03c62141a2f,2c97fc305990d2aa1e0f09f37216d4d5b1419027440c3151c422415f0c836db8,f3c05af6c7aa3bbf0aae501a61efa32804f36e642d32f61fe21875892b248a8a,8a988dc83f4082a4f27503ba2906dc6b8733b3c02be567635c726c67bbd48314,16162702ccec82b2a0e27063cd04bd756a27af1f003b4cef0da976d843ef4725,reified,writable,exploratory-base,exploratory-reified,41997fb8640d9e765a0272879a63548eb9bd46bbf6e49da02b7c924e506b94f7,e6d3d236675cf5aefb65ff5897cc6e142b08e2a2be9e4af928e482100bc8e0bd,2e884d94ace185d62b1b91debf493ccd0a69b83d08e74cf5f1c2be4851b14215,7b43c2342d7676aa65cc9ee233b2184c9eae88f2663874af7ab1b83282f94ab4,6ffd10b28ab050230cdc1137f0bd16155c3a7c587add7fbe921d985fa92879fe,,,,3c637ea4fa4518c6c5889b6b3fa1facce372689c30fb8395cd8723661fac07ee,"pcm-meta-v2:{""protocol"":""r9.2-frozen-identity-v9"",""message"":""[Errno 111] Connection refused"",""cell_wall_ms"":377.715,""c_parse_samples"":[],""c_protocol_samples"":[],""construct_total_samples"":[],""construct_unattributed_samples"":[],""status"":""err:network"",""status_evidence"":{""kind"":""retryable-transport"",""message"":""[Errno 111] Connection refused""},""endpoint_lock"":{""wait_ms"":0.009,""lock_path"":""/tmp/sparqlcirc-r9-endpoint-locks-v7/e6d3d236675cf5aefb65ff5897cc6e142b08e2a2be9e4af928e482100bc8e0bd.lock""},""construction_requested"":null,""construction_effective"":null,""commit"":""966642a2961472c5f660f752648dc2693518e858"",""batch_id"":""dfac415b5a6cbd6bca05218077d4301d6a1fc0d7ceff3e33f6c2c4c2d61d0e66"",""query_sha256"":""8600634422cefcb5ad7bc23d2acb693e5f8bf0686ad4714d2eba90a935b2f2b3"",""engine"":""graphdb"",""engine_version"":""GraphDB (RDF4J) [engines.json profile]"",""scale"":""100M"",""base_endpoint_sha256"":""e1e370c3c3e41897f966ee22e8c7c98840f6ecade4ccb1698265b03c62141a2f"",""reified_endpoint_sha256"":""2c97fc305990d2aa1e0f09f37216d4d5b1419027440c3151c422415f0c836db8"",""update_endpoint_sha256"":""f3c05af6c7aa3bbf0aae501a61efa32804f36e642d32f61fe21875892b248a8a"",""base_data_identity_sha256"":""8a988dc83f4082a4f27503ba2906dc6b8733b3c02be567635c726c67bbd48314"",""reified_data_identity_sha256"":""16162702ccec82b2a0e27063cd04bd756a27af1f003b4cef0da976d843ef4725"",""update_for"":""reified"",""access_mode"":""writable"",""base_data_name"":""exploratory-base"",""reified_data_name"":""exploratory-reified"",""update_canary_sha256"":""41997fb8640d9e765a0272879a63548eb9bd46bbf6e49da02b7c924e506b94f7"",""store_instance_sha256"":""e6d3d236675cf5aefb65ff5897cc6e142b08e2a2be9e4af928e482100bc8e0bd"",""store_discriminator_sha256"":""2e884d94ace185d62b1b91debf493ccd0a69b83d08e74cf5f1c2be4851b14215"",""tool_sha256"":""7b43c2342d7676aa65cc9ee233b2184c9eae88f2663874af7ab1b83282f94ab4"",""java_runtime_sha256"":""6ffd10b28ab050230cdc1137f0bd16155c3a7c587add7fbe921d985fa92879fe"",""run_identity_sha256"":""3c637ea4fa4518c6c5889b6b3fa1facce372689c30fb8395cd8723661fac07ee""}"
966642a2961472c5f660f752648dc2693518e858,graphdb,GraphDB (RDF4J) [engines.json profile],100M,O,O4,00,c2e7f8e7377b1ac6cc1c202c8233c4b4c10a2b85eae74cbb49844b3515dd26f8,B,base-select,err:network,,,,,,,0,1,3600.0,,,,,,,0.010599964298307896,[],[],,[],,[],,[],r9.2-frozen-identity-v9,dfac415b5a6cbd6bca05218077d4301d6a1fc0d7ceff3e33f6c2c4c2d61d0e66,,,,,,,,,,,e1e370c3c3e41897f966ee22e8c7c98840f6ecade4ccb1698265b03c62141a2f,2c97fc305990d2aa1e0f09f37216d4d5b1419027440c3151c422415f0c836db8,f3c05af6c7aa3bbf0aae501a61efa32804f36e642d32f61fe21875892b248a8a,8a988dc83f4082a4f27503ba2906dc6b8733b3c02be567635c726c67bbd48314,16162702ccec82b2a0e27063cd04bd756a27af1f003b4cef0da976d843ef4725,reified,writable,exploratory-base,exploratory-reified,41997fb8640d9e765a0272879a63548eb9bd46bbf6e49da02b7c924e506b94f7,e6d3d236675cf5aefb65ff5897cc6e142b08e2a2be9e4af928e482100bc8e0bd,2e884d94ace185d62b1b91debf493ccd0a69b83d08e74cf5f1c2be4851b14215,7b43c2342d7676aa65cc9ee233b2184c9eae88f2663874af7ab1b83282f94ab4,6ffd10b28ab050230cdc1137f0bd16155c3a7c587add7fbe921d985fa92879fe,,,,8dfd4a289333ea79159557055fbba630565f52fa044b4017867f885c823f761e,"pcm-meta-v2:{""protocol"":""r9.2-frozen-identity-v9"",""message"":""[Errno 111] Connection refused"",""cell_wall_ms"":10.118,""c_parse_samples"":[],""c_protocol_samples"":[],""construct_total_samples"":[],""construct_unattributed_samples"":[],""status"":""err:network"",""status_evidence"":{""kind"":""retryable-transport"",""message"":""[Errno 111] Connection refused""},""construction_requested"":null,""construction_effective"":null,""commit"":""966642a2961472c5f660f752648dc2693518e858"",""batch_id"":""dfac415b5a6cbd6bca05218077d4301d6a1fc0d7ceff3e33f6c2c4c2d61d0e66"",""query_sha256"":""c2e7f8e7377b1ac6cc1c202c8233c4b4c10a2b85eae74cbb49844b3515dd26f8"",""engine"":""graphdb"",""engine_version"":""GraphDB (RDF4J) [engines.json profile]"",""scale"":""100M"",""base_endpoint_sha256"":""e1e370c3c3e41897f966ee22e8c7c98840f6ecade4ccb1698265b03c62141a2f"",""reified_endpoint_sha256"":""2c97fc305990d2aa1e0f09f37216d4d5b1419027440c3151c422415f0c836db8"",""update_endpoint_sha256"":""f3c05af6c7aa3bbf0aae501a61efa32804f36e642d32f61fe21875892b248a8a"",""base_data_identity_sha256"":""8a988dc83f4082a4f27503ba2906dc6b8733b3c02be567635c726c67bbd48314"",""reified_data_identity_sha256"":""16162702ccec82b2a0e27063cd04bd756a27af1f003b4cef0da976d843ef4725"",""update_for"":""reified"",""access_mode"":""writable"",""base_data_name"":""exploratory-base"",""reified_data_name"":""exploratory-reified"",""update_canary_sha256"":""41997fb8640d9e765a0272879a63548eb9bd46bbf6e49da02b7c924e506b94f7"",""store_instance_sha256"":""e6d3d236675cf5aefb65ff5897cc6e142b08e2a2be9e4af928e482100bc8e0bd"",""store_discriminator_sha256"":""2e884d94ace185d62b1b91debf493ccd0a69b83d08e74cf5f1c2be4851b14215"",""tool_sha256"":""7b43c2342d7676aa65cc9ee233b2184c9eae88f2663874af7ab1b83282f94ab4"",""java_runtime_sha256"":""6ffd10b28ab050230cdc1137f0bd16155c3a7c587add7fbe921d985fa92879fe"",""run_identity_sha256"":""8dfd4a289333ea79159557055fbba630565f52fa044b4017867f885c823f761e""}"
966642a2961472c5f660f752648dc2693518e858,graphdb,GraphDB (RDF4J) [engines.json profile],100M,O,O4,00,c2e7f8e7377b1ac6cc1c202c8233c4b4c10a2b85eae74cbb49844b3515dd26f8,R,reification-only,err:network,,,,,,,0,1,3600.0,,,,,,,132.49950297176838,[],[],,[],,[],,[],r9.2-frozen-identity-v9,dfac415b5a6cbd6bca05218077d4301d6a1fc0d7ceff3e33f6c2c4c2d61d0e66,,,,,,,,,,,e1e370c3c3e41897f966ee22e8c7c98840f6ecade4ccb1698265b03c62141a2f,2c97fc305990d2aa1e0f09f37216d4d5b1419027440c3151c422415f0c836db8,f3c05af6c7aa3bbf0aae501a61efa32804f36e642d32f61fe21875892b248a8a,8a988dc83f4082a4f27503ba2906dc6b8733b3c02be567635c726c67bbd48314,16162702ccec82b2a0e27063cd04bd756a27af1f003b4cef0da976d843ef4725,reified,writable,exploratory-base,exploratory-reified,41997fb8640d9e765a0272879a63548eb9bd46bbf6e49da02b7c924e506b94f7,e6d3d236675cf5aefb65ff5897cc6e142b08e2a2be9e4af928e482100bc8e0bd,2e884d94ace185d62b1b91debf493ccd0a69b83d08e74cf5f1c2be4851b14215,7b43c2342d7676aa65cc9ee233b2184c9eae88f2663874af7ab1b83282f94ab4,6ffd10b28ab050230cdc1137f0bd16155c3a7c587add7fbe921d985fa92879fe,,,,8dfd4a289333ea79159557055fbba630565f52fa044b4017867f885c823f761e,"pcm-meta-v2:{""protocol"":""r9.2-frozen-identity-v9"",""message"":""[Errno 111] Connection refused"",""cell_wall_ms"":143.851,""c_parse_samples"":[],""c_protocol_samples"":[],""construct_total_samples"":[],""construct_unattributed_samples"":[],""status"":""err:network"",""status_evidence"":{""kind"":""retryable-transport"",""message"":""[Errno 111] Connection refused""},""construction_requested"":null,""construction_effective"":null,""commit"":""966642a2961472c5f660f752648dc2693518e858"",""batch_id"":""dfac415b5a6cbd6bca05218077d4301d6a1fc0d7ceff3e33f6c2c4c2d61d0e66"",""query_sha256"":""c2e7f8e7377b1ac6cc1c202c8233c4b4c10a2b85eae74cbb49844b3515dd26f8"",""engine"":""graphdb"",""engine_version"":""GraphDB (RDF4J) [engines.json profile]"",""scale"":""100M"",""base_endpoint_sha256"":""e1e370c3c3e41897f966ee22e8c7c98840f6ecade4ccb1698265b03c62141a2f"",""reified_endpoint_sha256"":""2c97fc305990d2aa1e0f09f37216d4d5b1419027440c3151c422415f0c836db8"",""update_endpoint_sha256"":""f3c05af6c7aa3bbf0aae501a61efa32804f36e642d32f61fe21875892b248a8a"",""base_data_identity_sha256"":""8a988dc83f4082a4f27503ba2906dc6b8733b3c02be567635c726c67bbd48314"",""reified_data_identity_sha256"":""16162702ccec82b2a0e27063cd04bd756a27af1f003b4cef0da976d843ef4725"",""update_for"":""reified"",""access_mode"":""writable"",""base_data_name"":""exploratory-base"",""reified_data_name"":""exploratory-reified"",""update_canary_sha256"":""41997fb8640d9e765a0272879a63548eb9bd46bbf6e49da02b7c924e506b94f7"",""store_instance_sha256"":""e6d3d236675cf5aefb65ff5897cc6e142b08e2a2be9e4af928e482100bc8e0bd"",""store_discriminator_sha256"":""2e884d94ace185d62b1b91debf493ccd0a69b83d08e74cf5f1c2be4851b14215"",""tool_sha256"":""7b43c2342d7676aa65cc9ee233b2184c9eae88f2663874af7ab1b83282f94ab4"",""java_runtime_sha256"":""6ffd10b28ab050230cdc1137f0bd16155c3a7c587add7fbe921d985fa92879fe"",""run_identity_sha256"":""8dfd4a289333ea79159557055fbba630565f52fa044b4017867f885c823f761e""}"
966642a2961472c5f660f752648dc2693518e858,graphdb,GraphDB (RDF4J) [engines.json profile],100M,O,O4,00,c2e7f8e7377b1ac6cc1c202c8233c4b4c10a2b85eae74cbb49844b3515dd26f8,N,N_clean (NPCS reimplementation),err:network,,,,,,,0,1,3600.0,,,,,,,180.66425796132535,[],[],,[],,[],,[],r9.2-frozen-identity-v9,dfac415b5a6cbd6bca05218077d4301d6a1fc0d7ceff3e33f6c2c4c2d61d0e66,,,,,,,,,,,e1e370c3c3e41897f966ee22e8c7c98840f6ecade4ccb1698265b03c62141a2f,2c97fc305990d2aa1e0f09f37216d4d5b1419027440c3151c422415f0c836db8,f3c05af6c7aa3bbf0aae501a61efa32804f36e642d32f61fe21875892b248a8a,8a988dc83f4082a4f27503ba2906dc6b8733b3c02be567635c726c67bbd48314,16162702ccec82b2a0e27063cd04bd756a27af1f003b4cef0da976d843ef4725,reified,writable,exploratory-base,exploratory-reified,41997fb8640d9e765a0272879a63548eb9bd46bbf6e49da02b7c924e506b94f7,e6d3d236675cf5aefb65ff5897cc6e142b08e2a2be9e4af928e482100bc8e0bd,2e884d94ace185d62b1b91debf493ccd0a69b83d08e74cf5f1c2be4851b14215,7b43c2342d7676aa65cc9ee233b2184c9eae88f2663874af7ab1b83282f94ab4,6ffd10b28ab050230cdc1137f0bd16155c3a7c587add7fbe921d985fa92879fe,,,,8dfd4a289333ea79159557055fbba630565f52fa044b4017867f885c823f761e,"pcm-meta-v2:{""protocol"":""r9.2-frozen-identity-v9"",""message"":""[Errno 111] Connection refused"",""cell_wall_ms"":190.4,""c_parse_samples"":[],""c_protocol_samples"":[],""construct_total_samples"":[],""construct_unattributed_samples"":[],""status"":""err:network"",""status_evidence"":{""kind"":""retryable-transport"",""message"":""[Errno 111] Connection refused""},""construction_requested"":null,""construction_effective"":null,""commit"":""966642a2961472c5f660f752648dc2693518e858"",""batch_id"":""dfac415b5a6cbd6bca05218077d4301d6a1fc0d7ceff3e33f6c2c4c2d61d0e66"",""query_sha256"":""c2e7f8e7377b1ac6cc1c202c8233c4b4c10a2b85eae74cbb49844b3515dd26f8"",""engine"":""graphdb"",""engine_version"":""GraphDB (RDF4J) [engines.json profile]"",""scale"":""100M"",""base_endpoint_sha256"":""e1e370c3c3e41897f966ee22e8c7c98840f6ecade4ccb1698265b03c62141a2f"",""reified_endpoint_sha256"":""2c97fc305990d2aa1e0f09f37216d4d5b1419027440c3151c422415f0c836db8"",""update_endpoint_sha256"":""f3c05af6c7aa3bbf0aae501a61efa32804f36e642d32f61fe21875892b248a8a"",""base_data_identity_sha256"":""8a988dc83f4082a4f27503ba2906dc6b8733b3c02be567635c726c67bbd48314"",""reified_data_identity_sha256"":""16162702ccec82b2a0e27063cd04bd756a27af1f003b4cef0da976d843ef4725"",""update_for"":""reified"",""access_mode"":""writable"",""base_data_name"":""exploratory-base"",""reified_data_name"":""exploratory-reified"",""update_canary_sha256"":""41997fb8640d9e765a0272879a63548eb9bd46bbf6e49da02b7c924e506b94f7"",""store_instance_sha256"":""e6d3d236675cf5aefb65ff5897cc6e142b08e2a2be9e4af928e482100bc8e0bd"",""store_discriminator_sha256"":""2e884d94ace185d62b1b91debf493ccd0a69b83d08e74cf5f1c2be4851b14215"",""tool_sha256"":""7b43c2342d7676aa65cc9ee233b2184c9eae88f2663874af7ab1b83282f94ab4"",""java_runtime_sha256"":""6ffd10b28ab050230cdc1137f0bd16155c3a7c587add7fbe921d985fa92879fe"",""run_identity_sha256"":""8dfd4a289333ea79159557055fbba630565f52fa044b4017867f885c823f761e""}"
966642a2961472c5f660f752648dc2693518e858,graphdb,GraphDB (RDF4J) [engines.json profile],100M,O,O4,00,c2e7f8e7377b1ac6cc1c202c8233c4b4c10a2b85eae74cbb49844b3515dd26f8,C,SPARQLcirc CircuitRewriter,err:network,,,,,,,0,1,3600.0,,,,,,,384.2110870173201,[],[],,[],,[],,[],r9.2-frozen-identity-v9,dfac415b5a6cbd6bca05218077d4301d6a1fc0d7ceff3e33f6c2c4c2d61d0e66,,,,,,,,,,,e1e370c3c3e41897f966ee22e8c7c98840f6ecade4ccb1698265b03c62141a2f,2c97fc305990d2aa1e0f09f37216d4d5b1419027440c3151c422415f0c836db8,f3c05af6c7aa3bbf0aae501a61efa32804f36e642d32f61fe21875892b248a8a,8a988dc83f4082a4f27503ba2906dc6b8733b3c02be567635c726c67bbd48314,16162702ccec82b2a0e27063cd04bd756a27af1f003b4cef0da976d843ef4725,reified,writable,exploratory-base,exploratory-reified,41997fb8640d9e765a0272879a63548eb9bd46bbf6e49da02b7c924e506b94f7,e6d3d236675cf5aefb65ff5897cc6e142b08e2a2be9e4af928e482100bc8e0bd,2e884d94ace185d62b1b91debf493ccd0a69b83d08e74cf5f1c2be4851b14215,7b43c2342d7676aa65cc9ee233b2184c9eae88f2663874af7ab1b83282f94ab4,6ffd10b28ab050230cdc1137f0bd16155c3a7c587add7fbe921d985fa92879fe,,,,8dfd4a289333ea79159557055fbba630565f52fa044b4017867f885c823f761e,"pcm-meta-v2:{""protocol"":""r9.2-frozen-identity-v9"",""message"":""[Errno 111] Connection refused"",""cell_wall_ms"":393.435,""c_parse_samples"":[],""c_protocol_samples"":[],""construct_total_samples"":[],""construct_unattributed_samples"":[],""status"":""err:network"",""status_evidence"":{""kind"":""retryable-transport"",""message"":""[Errno 111] Connection refused""},""endpoint_lock"":{""wait_ms"":0.009,""lock_path"":""/tmp/sparqlcirc-r9-endpoint-locks-v7/e6d3d236675cf5aefb65ff5897cc6e142b08e2a2be9e4af928e482100bc8e0bd.lock""},""construction_requested"":null,""construction_effective"":null,""commit"":""966642a2961472c5f660f752648dc2693518e858"",""batch_id"":""dfac415b5a6cbd6bca05218077d4301d6a1fc0d7ceff3e33f6c2c4c2d61d0e66"",""query_sha256"":""c2e7f8e7377b1ac6cc1c202c8233c4b4c10a2b85eae74cbb49844b3515dd26f8"",""engine"":""graphdb"",""engine_version"":""GraphDB (RDF4J) [engines.json profile]"",""scale"":""100M"",""base_endpoint_sha256"":""e1e370c3c3e41897f966ee22e8c7c98840f6ecade4ccb1698265b03c62141a2f"",""reified_endpoint_sha256"":""2c97fc305990d2aa1e0f09f37216d4d5b1419027440c3151c422415f0c836db8"",""update_endpoint_sha256"":""f3c05af6c7aa3bbf0aae501a61efa32804f36e642d32f61fe21875892b248a8a"",""base_data_identity_sha256"":""8a988dc83f4082a4f27503ba2906dc6b8733b3c02be567635c726c67bbd48314"",""reified_data_identity_sha256"":""16162702ccec82b2a0e27063cd04bd756a27af1f003b4cef0da976d843ef4725"",""update_for"":""reified"",""access_mode"":""writable"",""base_data_name"":""exploratory-base"",""reified_data_name"":""exploratory-reified"",""update_canary_sha256"":""41997fb8640d9e765a0272879a63548eb9bd46bbf6e49da02b7c924e506b94f7"",""store_instance_sha256"":""e6d3d236675cf5aefb65ff5897cc6e142b08e2a2be9e4af928e482100bc8e0bd"",""store_discriminator_sha256"":""2e884d94ace185d62b1b91debf493ccd0a69b83d08e74cf5f1c2be4851b14215"",""tool_sha256"":""7b43c2342d7676aa65cc9ee233b2184c9eae88f2663874af7ab1b83282f94ab4"",""java_runtime_sha256"":""6ffd10b28ab050230cdc1137f0bd16155c3a7c587add7fbe921d985fa92879fe"",""run_identity_sha256"":""8dfd4a289333ea79159557055fbba630565f52fa044b4017867f885c823f761e""}"
966642a2961472c5f660f752648dc2693518e858,graphdb,GraphDB (RDF4J) [engines.json profile],100M,O,O5,00,ec9af3cffe6976bcc27a5ca3ba0732c80fe7716160af6d25aa1d6b447b6300e2,B,base-select,err:network,,,,,,,0,1,3600.0,,,,,,,0.010479940101504326,[],[],,[],,[],,[],r9.2-frozen-identity-v9,dfac415b5a6cbd6bca05218077d4301d6a1fc0d7ceff3e33f6c2c4c2d61d0e66,,,,,,,,,,,e1e370c3c3e41897f966ee22e8c7c98840f6ecade4ccb1698265b03c62141a2f,2c97fc305990d2aa1e0f09f37216d4d5b1419027440c3151c422415f0c836db8,f3c05af6c7aa3bbf0aae501a61efa32804f36e642d32f61fe21875892b248a8a,8a988dc83f4082a4f27503ba2906dc6b8733b3c02be567635c726c67bbd48314,16162702ccec82b2a0e27063cd04bd756a27af1f003b4cef0da976d843ef4725,reified,writable,exploratory-base,exploratory-reified,41997fb8640d9e765a0272879a63548eb9bd46bbf6e49da02b7c924e506b94f7,e6d3d236675cf5aefb65ff5897cc6e142b08e2a2be9e4af928e482100bc8e0bd,2e884d94ace185d62b1b91debf493ccd0a69b83d08e74cf5f1c2be4851b14215,7b43c2342d7676aa65cc9ee233b2184c9eae88f2663874af7ab1b83282f94ab4,6ffd10b28ab050230cdc1137f0bd16155c3a7c587add7fbe921d985fa92879fe,,,,f1b87c25a14b28c83f45cf834fb8f8008bee14ea600185d629d27ff444597e72,"pcm-meta-v2:{""protocol"":""r9.2-frozen-identity-v9"",""message"":""[Errno 111] Connection refused"",""cell_wall_ms"":10.157,""c_parse_samples"":[],""c_protocol_samples"":[],""construct_total_samples"":[],""construct_unattributed_samples"":[],""status"":""err:network"",""status_evidence"":{""kind"":""retryable-transport"",""message"":""[Errno 111] Connection refused""},""construction_requested"":null,""construction_effective"":null,""commit"":""966642a2961472c5f660f752648dc2693518e858"",""batch_id"":""dfac415b5a6cbd6bca05218077d4301d6a1fc0d7ceff3e33f6c2c4c2d61d0e66"",""query_sha256"":""ec9af3cffe6976bcc27a5ca3ba0732c80fe7716160af6d25aa1d6b447b6300e2"",""engine"":""graphdb"",""engine_version"":""GraphDB (RDF4J) [engines.json profile]"",""scale"":""100M"",""base_endpoint_sha256"":""e1e370c3c3e41897f966ee22e8c7c98840f6ecade4ccb1698265b03c62141a2f"",""reified_endpoint_sha256"":""2c97fc305990d2aa1e0f09f37216d4d5b1419027440c3151c422415f0c836db8"",""update_endpoint_sha256"":""f3c05af6c7aa3bbf0aae501a61efa32804f36e642d32f61fe21875892b248a8a"",""base_data_identity_sha256"":""8a988dc83f4082a4f27503ba2906dc6b8733b3c02be567635c726c67bbd48314"",""reified_data_identity_sha256"":""16162702ccec82b2a0e27063cd04bd756a27af1f003b4cef0da976d843ef4725"",""update_for"":""reified"",""access_mode"":""writable"",""base_data_name"":""exploratory-base"",""reified_data_name"":""exploratory-reified"",""update_canary_sha256"":""41997fb8640d9e765a0272879a63548eb9bd46bbf6e49da02b7c924e506b94f7"",""store_instance_sha256"":""e6d3d236675cf5aefb65ff5897cc6e142b08e2a2be9e4af928e482100bc8e0bd"",""store_discriminator_sha256"":""2e884d94ace185d62b1b91debf493ccd0a69b83d08e74cf5f1c2be4851b14215"",""tool_sha256"":""7b43c2342d7676aa65cc9ee233b2184c9eae88f2663874af7ab1b83282f94ab4"",""java_runtime_sha256"":""6ffd10b28ab050230cdc1137f0bd16155c3a7c587add7fbe921d985fa92879fe"",""run_identity_sha256"":""f1b87c25a14b28c83f45cf834fb8f8008bee14ea600185d629d27ff444597e72""}"
966642a2961472c5f660f752648dc2693518e858,graphdb,GraphDB (RDF4J) [engines.json profile],100M,O,O5,00,ec9af3cffe6976bcc27a5ca3ba0732c80fe7716160af6d25aa1d6b447b6300e2,R,reification-only,err:network,,,,,,,0,1,3600.0,,,,,,,132.29986000806093,[],[],,[],,[],,[],r9.2-frozen-identity-v9,dfac415b5a6cbd6bca05218077d4301d6a1fc0d7ceff3e33f6c2c4c2d61d0e66,,,,,,,,,,,e1e370c3c3e41897f966ee22e8c7c98840f6ecade4ccb1698265b03c62141a2f,2c97fc305990d2aa1e0f09f37216d4d5b1419027440c3151c422415f0c836db8,f3c05af6c7aa3bbf0aae501a61efa32804f36e642d32f61fe21875892b248a8a,8a988dc83f4082a4f27503ba2906dc6b8733b3c02be567635c726c67bbd48314,16162702ccec82b2a0e27063cd04bd756a27af1f003b4cef0da976d843ef4725,reified,writable,exploratory-base,exploratory-reified,41997fb8640d9e765a0272879a63548eb9bd46bbf6e49da02b7c924e506b94f7,e6d3d236675cf5aefb65ff5897cc6e142b08e2a2be9e4af928e482100bc8e0bd,2e884d94ace185d62b1b91debf493ccd0a69b83d08e74cf5f1c2be4851b14215,7b43c2342d7676aa65cc9ee233b2184c9eae88f2663874af7ab1b83282f94ab4,6ffd10b28ab050230cdc1137f0bd16155c3a7c587add7fbe921d985fa92879fe,,,,f1b87c25a14b28c83f45cf834fb8f8008bee14ea600185d629d27ff444597e72,"pcm-meta-v2:{""protocol"":""r9.2-frozen-identity-v9"",""message"":""[Errno 111] Connection refused"",""cell_wall_ms"":143.114,""c_parse_samples"":[],""c_protocol_samples"":[],""construct_total_samples"":[],""construct_unattributed_samples"":[],""status"":""err:network"",""status_evidence"":{""kind"":""retryable-transport"",""message"":""[Errno 111] Connection refused""},""construction_requested"":null,""construction_effective"":null,""commit"":""966642a2961472c5f660f752648dc2693518e858"",""batch_id"":""dfac415b5a6cbd6bca05218077d4301d6a1fc0d7ceff3e33f6c2c4c2d61d0e66"",""query_sha256"":""ec9af3cffe6976bcc27a5ca3ba0732c80fe7716160af6d25aa1d6b447b6300e2"",""engine"":""graphdb"",""engine_version"":""GraphDB (RDF4J) [engines.json profile]"",""scale"":""100M"",""base_endpoint_sha256"":""e1e370c3c3e41897f966ee22e8c7c98840f6ecade4ccb1698265b03c62141a2f"",""reified_endpoint_sha256"":""2c97fc305990d2aa1e0f09f37216d4d5b1419027440c3151c422415f0c836db8"",""update_endpoint_sha256"":""f3c05af6c7aa3bbf0aae501a61efa32804f36e642d32f61fe21875892b248a8a"",""base_data_identity_sha256"":""8a988dc83f4082a4f27503ba2906dc6b8733b3c02be567635c726c67bbd48314"",""reified_data_identity_sha256"":""16162702ccec82b2a0e27063cd04bd756a27af1f003b4cef0da976d843ef4725"",""update_for"":""reified"",""access_mode"":""writable"",""base_data_name"":""exploratory-base"",""reified_data_name"":""exploratory-reified"",""update_canary_sha256"":""41997fb8640d9e765a0272879a63548eb9bd46bbf6e49da02b7c924e506b94f7"",""store_instance_sha256"":""e6d3d236675cf5aefb65ff5897cc6e142b08e2a2be9e4af928e482100bc8e0bd"",""store_discriminator_sha256"":""2e884d94ace185d62b1b91debf493ccd0a69b83d08e74cf5f1c2be4851b14215"",""tool_sha256"":""7b43c2342d7676aa65cc9ee233b2184c9eae88f2663874af7ab1b83282f94ab4"",""java_runtime_sha256"":""6ffd10b28ab050230cdc1137f0bd16155c3a7c587add7fbe921d985fa92879fe"",""run_identity_sha256"":""f1b87c25a14b28c83f45cf834fb8f8008bee14ea600185d629d27ff444597e72""}"
966642a2961472c5f660f752648dc2693518e858,graphdb,GraphDB (RDF4J) [engines.json profile],100M,O,O5,00,ec9af3cffe6976bcc27a5ca3ba0732c80fe7716160af6d25aa1d6b447b6300e2,N,N_clean (NPCS reimplementation),err:network,,,,,,,0,1,3600.0,,,,,,,180.61481800395995,[],[],,[],,[],,[],r9.2-frozen-identity-v9,dfac415b5a6cbd6bca05218077d4301d6a1fc0d7ceff3e33f6c2c4c2d61d0e66,,,,,,,,,,,e1e370c3c3e41897f966ee22e8c7c98840f6ecade4ccb1698265b03c62141a2f,2c97fc305990d2aa1e0f09f37216d4d5b1419027440c3151c422415f0c836db8,f3c05af6c7aa3bbf0aae501a61efa32804f36e642d32f61fe21875892b248a8a,8a988dc83f4082a4f27503ba2906dc6b8733b3c02be567635c726c67bbd48314,16162702ccec82b2a0e27063cd04bd756a27af1f003b4cef0da976d843ef4725,reified,writable,exploratory-base,exploratory-reified,41997fb8640d9e765a0272879a63548eb9bd46bbf6e49da02b7c924e506b94f7,e6d3d236675cf5aefb65ff5897cc6e142b08e2a2be9e4af928e482100bc8e0bd,2e884d94ace185d62b1b91debf493ccd0a69b83d08e74cf5f1c2be4851b14215,7b43c2342d7676aa65cc9ee233b2184c9eae88f2663874af7ab1b83282f94ab4,6ffd10b28ab050230cdc1137f0bd16155c3a7c587add7fbe921d985fa92879fe,,,,f1b87c25a14b28c83f45cf834fb8f8008bee14ea600185d629d27ff444597e72,"pcm-meta-v2:{""protocol"":""r9.2-frozen-identity-v9"",""message"":""[Errno 111] Connection refused"",""cell_wall_ms"":190.535,""c_parse_samples"":[],""c_protocol_samples"":[],""construct_total_samples"":[],""construct_unattributed_samples"":[],""status"":""err:network"",""status_evidence"":{""kind"":""retryable-transport"",""message"":""[Errno 111] Connection refused""},""construction_requested"":null,""construction_effective"":null,""commit"":""966642a2961472c5f660f752648dc2693518e858"",""batch_id"":""dfac415b5a6cbd6bca05218077d4301d6a1fc0d7ceff3e33f6c2c4c2d61d0e66"",""query_sha256"":""ec9af3cffe6976bcc27a5ca3ba0732c80fe7716160af6d25aa1d6b447b6300e2"",""engine"":""graphdb"",""engine_version"":""GraphDB (RDF4J) [engines.json profile]"",""scale"":""100M"",""base_endpoint_sha256"":""e1e370c3c3e41897f966ee22e8c7c98840f6ecade4ccb1698265b03c62141a2f"",""reified_endpoint_sha256"":""2c97fc305990d2aa1e0f09f37216d4d5b1419027440c3151c422415f0c836db8"",""update_endpoint_sha256"":""f3c05af6c7aa3bbf0aae501a61efa32804f36e642d32f61fe21875892b248a8a"",""base_data_identity_sha256"":""8a988dc83f4082a4f27503ba2906dc6b8733b3c02be567635c726c67bbd48314"",""reified_data_identity_sha256"":""16162702ccec82b2a0e27063cd04bd756a27af1f003b4cef0da976d843ef4725"",""update_for"":""reified"",""access_mode"":""writable"",""base_data_name"":""exploratory-base"",""reified_data_name"":""exploratory-reified"",""update_canary_sha256"":""41997fb8640d9e765a0272879a63548eb9bd46bbf6e49da02b7c924e506b94f7"",""store_instance_sha256"":""e6d3d236675cf5aefb65ff5897cc6e142b08e2a2be9e4af928e482100bc8e0bd"",""store_discriminator_sha256"":""2e884d94ace185d62b1b91debf493ccd0a69b83d08e74cf5f1c2be4851b14215"",""tool_sha256"":""7b43c2342d7676aa65cc9ee233b2184c9eae88f2663874af7ab1b83282f94ab4"",""java_runtime_sha256"":""6ffd10b28ab050230cdc1137f0bd16155c3a7c587add7fbe921d985fa92879fe"",""run_identity_sha256"":""f1b87c25a14b28c83f45cf834fb8f8008bee14ea600185d629d27ff444597e72""}"
966642a2961472c5f660f752648dc2693518e858,graphdb,GraphDB (RDF4J) [engines.json profile],100M,O,O5,00,ec9af3cffe6976bcc27a5ca3ba0732c80fe7716160af6d25aa1d6b447b6300e2,C,SPARQLcirc CircuitRewriter,err:network,,,,,,,0,1,3600.0,,,,,,,371.17846799083054,[],[],,[],,[],,[],r9.2-frozen-identity-v9,dfac415b5a6cbd6bca05218077d4301d6a1fc0d7ceff3e33f6c2c4c2d61d0e66,,,,,,,,,,,e1e370c3c3e41897f966ee22e8c7c98840f6ecade4ccb1698265b03c62141a2f,2c97fc305990d2aa1e0f09f37216d4d5b1419027440c3151c422415f0c836db8,f3c05af6c7aa3bbf0aae501a61efa32804f36e642d32f61fe21875892b248a8a,8a988dc83f4082a4f27503ba2906dc6b8733b3c02be567635c726c67bbd48314,16162702ccec82b2a0e27063cd04bd756a27af1f003b4cef0da976d843ef4725,reified,writable,exploratory-base,exploratory-reified,41997fb8640d9e765a0272879a63548eb9bd46bbf6e49da02b7c924e506b94f7,e6d3d236675cf5aefb65ff5897cc6e142b08e2a2be9e4af928e482100bc8e0bd,2e884d94ace185d62b1b91debf493ccd0a69b83d08e74cf5f1c2be4851b14215,7b43c2342d7676aa65cc9ee233b2184c9eae88f2663874af7ab1b83282f94ab4,6ffd10b28ab050230cdc1137f0bd16155c3a7c587add7fbe921d985fa92879fe,,,,f1b87c25a14b28c83f45cf834fb8f8008bee14ea600185d629d27ff444597e72,"pcm-meta-v2:{""protocol"":""r9.2-frozen-identity-v9"",""message"":""[Errno 111] Connection refused"",""cell_wall_ms"":380.156,""c_parse_samples"":[],""c_protocol_samples"":[],""construct_total_samples"":[],""construct_unattributed_samples"":[],""status"":""err:network"",""status_evidence"":{""kind"":""retryable-transport"",""message"":""[Errno 111] Connection refused""},""endpoint_lock"":{""wait_ms"":0.007,""lock_path"":""/tmp/sparqlcirc-r9-endpoint-locks-v7/e6d3d236675cf5aefb65ff5897cc6e142b08e2a2be9e4af928e482100bc8e0bd.lock""},""construction_requested"":null,""construction_effective"":null,""commit"":""966642a2961472c5f660f752648dc2693518e858"",""batch_id"":""dfac415b5a6cbd6bca05218077d4301d6a1fc0d7ceff3e33f6c2c4c2d61d0e66"",""query_sha256"":""ec9af3cffe6976bcc27a5ca3ba0732c80fe7716160af6d25aa1d6b447b6300e2"",""engine"":""graphdb"",""engine_version"":""GraphDB (RDF4J) [engines.json profile]"",""scale"":""100M"",""base_endpoint_sha256"":""e1e370c3c3e41897f966ee22e8c7c98840f6ecade4ccb1698265b03c62141a2f"",""reified_endpoint_sha256"":""2c97fc305990d2aa1e0f09f37216d4d5b1419027440c3151c422415f0c836db8"",""update_endpoint_sha256"":""f3c05af6c7aa3bbf0aae501a61efa32804f36e642d32f61fe21875892b248a8a"",""base_data_identity_sha256"":""8a988dc83f4082a4f27503ba2906dc6b8733b3c02be567635c726c67bbd48314"",""reified_data_identity_sha256"":""16162702ccec82b2a0e27063cd04bd756a27af1f003b4cef0da976d843ef4725"",""update_for"":""reified"",""access_mode"":""writable"",""base_data_name"":""exploratory-base"",""reified_data_name"":""exploratory-reified"",""update_canary_sha256"":""41997fb8640d9e765a0272879a63548eb9bd46bbf6e49da02b7c924e506b94f7"",""store_instance_sha256"":""e6d3d236675cf5aefb65ff5897cc6e142b08e2a2be9e4af928e482100bc8e0bd"",""store_discriminator_sha256"":""2e884d94ace185d62b1b91debf493ccd0a69b83d08e74cf5f1c2be4851b14215"",""tool_sha256"":""7b43c2342d7676aa65cc9ee233b2184c9eae88f2663874af7ab1b83282f94ab4"",""java_runtime_sha256"":""6ffd10b28ab050230cdc1137f0bd16155c3a7c587add7fbe921d985fa92879fe"",""run_identity_sha256"":""f1b87c25a14b28c83f45cf834fb8f8008bee14ea600185d629d27ff444597e72""}"
966642a2961472c5f660f752648dc2693518e858,graphdb,GraphDB (RDF4J) [engines.json profile],100M,S,S1,00,11a13df922fdbee8f9776eaed6af62ffda103b2b406da774b3f49300860168da,B,base-select,err:network,,,,,,,0,1,3600.0,,,,,,,0.009459909051656723,[],[],,[],,[],,[],r9.2-frozen-identity-v9,dfac415b5a6cbd6bca05218077d4301d6a1fc0d7ceff3e33f6c2c4c2d61d0e66,,,,,,,,,,,e1e370c3c3e41897f966ee22e8c7c98840f6ecade4ccb1698265b03c62141a2f,2c97fc305990d2aa1e0f09f37216d4d5b1419027440c3151c422415f0c836db8,f3c05af6c7aa3bbf0aae501a61efa32804f36e642d32f61fe21875892b248a8a,8a988dc83f4082a4f27503ba2906dc6b8733b3c02be567635c726c67bbd48314,16162702ccec82b2a0e27063cd04bd756a27af1f003b4cef0da976d843ef4725,reified,writable,exploratory-base,exploratory-reified,41997fb8640d9e765a0272879a63548eb9bd46bbf6e49da02b7c924e506b94f7,e6d3d236675cf5aefb65ff5897cc6e142b08e2a2be9e4af928e482100bc8e0bd,2e884d94ace185d62b1b91debf493ccd0a69b83d08e74cf5f1c2be4851b14215,7b43c2342d7676aa65cc9ee233b2184c9eae88f2663874af7ab1b83282f94ab4,6ffd10b28ab050230cdc1137f0bd16155c3a7c587add7fbe921d985fa92879fe,,,,10bf1149fb42bad85ae6e8279fa661f5470ee4a1010547f79ac531e89073a53b,"pcm-meta-v2:{""protocol"":""r9.2-frozen-identity-v9"",""message"":""[Errno 111] Connection refused"",""cell_wall_ms"":10.295,""c_parse_samples"":[],""c_protocol_samples"":[],""construct_total_samples"":[],""construct_unattributed_samples"":[],""status"":""err:network"",""status_evidence"":{""kind"":""retryable-transport"",""message"":""[Errno 111] Connection refused""},""construction_requested"":null,""construction_effective"":null,""commit"":""966642a2961472c5f660f752648dc2693518e858"",""batch_id"":""dfac415b5a6cbd6bca05218077d4301d6a1fc0d7ceff3e33f6c2c4c2d61d0e66"",""query_sha256"":""11a13df922fdbee8f9776eaed6af62ffda103b2b406da774b3f49300860168da"",""engine"":""graphdb"",""engine_version"":""GraphDB (RDF4J) [engines.json profile]"",""scale"":""100M"",""base_endpoint_sha256"":""e1e370c3c3e41897f966ee22e8c7c98840f6ecade4ccb1698265b03c62141a2f"",""reified_endpoint_sha256"":""2c97fc305990d2aa1e0f09f37216d4d5b1419027440c3151c422415f0c836db8"",""update_endpoint_sha256"":""f3c05af6c7aa3bbf0aae501a61efa32804f36e642d32f61fe21875892b248a8a"",""base_data_identity_sha256"":""8a988dc83f4082a4f27503ba2906dc6b8733b3c02be567635c726c67bbd48314"",""reified_data_identity_sha256"":""16162702ccec82b2a0e27063cd04bd756a27af1f003b4cef0da976d843ef4725"",""update_for"":""reified"",""access_mode"":""writable"",""base_data_name"":""exploratory-base"",""reified_data_name"":""exploratory-reified"",""update_canary_sha256"":""41997fb8640d9e765a0272879a63548eb9bd46bbf6e49da02b7c924e506b94f7"",""store_instance_sha256"":""e6d3d236675cf5aefb65ff5897cc6e142b08e2a2be9e4af928e482100bc8e0bd"",""store_discriminator_sha256"":""2e884d94ace185d62b1b91debf493ccd0a69b83d08e74cf5f1c2be4851b14215"",""tool_sha256"":""7b43c2342d7676aa65cc9ee233b2184c9eae88f2663874af7ab1b83282f94ab4"",""java_runtime_sha256"":""6ffd10b28ab050230cdc1137f0bd16155c3a7c587add7fbe921d985fa92879fe"",""run_identity_sha256"":""10bf1149fb42bad85ae6e8279fa661f5470ee4a1010547f79ac531e89073a53b""}"
966642a2961472c5f660f752648dc2693518e858,graphdb,GraphDB (RDF4J) [engines.json profile],100M,S,S1,00,11a13df922fdbee8f9776eaed6af62ffda103b2b406da774b3f49300860168da,R,reification-only,err:network,,,,,,,0,1,3600.0,,,,,,,133.5083789890632,[],[],,[],,[],,[],r9.2-frozen-identity-v9,dfac415b5a6cbd6bca05218077d4301d6a1fc0d7ceff3e33f6c2c4c2d61d0e66,,,,,,,,,,,e1e370c3c3e41897f966ee22e8c7c98840f6ecade4ccb1698265b03c62141a2f,2c97fc305990d2aa1e0f09f37216d4d5b1419027440c3151c422415f0c836db8,f3c05af6c7aa3bbf0aae501a61efa32804f36e642d32f61fe21875892b248a8a,8a988dc83f4082a4f27503ba2906dc6b8733b3c02be567635c726c67bbd48314,16162702ccec82b2a0e27063cd04bd756a27af1f003b4cef0da976d843ef4725,reified,writable,exploratory-base,exploratory-reified,41997fb8640d9e765a0272879a63548eb9bd46bbf6e49da02b7c924e506b94f7,e6d3d236675cf5aefb65ff5897cc6e142b08e2a2be9e4af928e482100bc8e0bd,2e884d94ace185d62b1b91debf493ccd0a69b83d08e74cf5f1c2be4851b14215,7b43c2342d7676aa65cc9ee233b2184c9eae88f2663874af7ab1b83282f94ab4,6ffd10b28ab050230cdc1137f0bd16155c3a7c587add7fbe921d985fa92879fe,,,,10bf1149fb42bad85ae6e8279fa661f5470ee4a1010547f79ac531e89073a53b,"pcm-meta-v2:{""protocol"":""r9.2-frozen-identity-v9"",""message"":""[Errno 111] Connection refused"",""cell_wall_ms"":144.935,""c_parse_samples"":[],""c_protocol_samples"":[],""construct_total_samples"":[],""construct_unattributed_samples"":[],""status"":""err:network"",""status_evidence"":{""kind"":""retryable-transport"",""message"":""[Errno 111] Connection refused""},""construction_requested"":null,""construction_effective"":null,""commit"":""966642a2961472c5f660f752648dc2693518e858"",""batch_id"":""dfac415b5a6cbd6bca05218077d4301d6a1fc0d7ceff3e33f6c2c4c2d61d0e66"",""query_sha256"":""11a13df922fdbee8f9776eaed6af62ffda103b2b406da774b3f49300860168da"",""engine"":""graphdb"",""engine_version"":""GraphDB (RDF4J) [engines.json profile]"",""scale"":""100M"",""base_endpoint_sha256"":""e1e370c3c3e41897f966ee22e8c7c98840f6ecade4ccb1698265b03c62141a2f"",""reified_endpoint_sha256"":""2c97fc305990d2aa1e0f09f37216d4d5b1419027440c3151c422415f0c836db8"",""update_endpoint_sha256"":""f3c05af6c7aa3bbf0aae501a61efa32804f36e642d32f61fe21875892b248a8a"",""base_data_identity_sha256"":""8a988dc83f4082a4f27503ba2906dc6b8733b3c02be567635c726c67bbd48314"",""reified_data_identity_sha256"":""16162702ccec82b2a0e27063cd04bd756a27af1f003b4cef0da976d843ef4725"",""update_for"":""reified"",""access_mode"":""writable"",""base_data_name"":""exploratory-base"",""reified_data_name"":""exploratory-reified"",""update_canary_sha256"":""41997fb8640d9e765a0272879a63548eb9bd46bbf6e49da02b7c924e506b94f7"",""store_instance_sha256"":""e6d3d236675cf5aefb65ff5897cc6e142b08e2a2be9e4af928e482100bc8e0bd"",""store_discriminator_sha256"":""2e884d94ace185d62b1b91debf493ccd0a69b83d08e74cf5f1c2be4851b14215"",""tool_sha256"":""7b43c2342d7676aa65cc9ee233b2184c9eae88f2663874af7ab1b83282f94ab4"",""java_runtime_sha256"":""6ffd10b28ab050230cdc1137f0bd16155c3a7c587add7fbe921d985fa92879fe"",""run_identity_sha256"":""10bf1149fb42bad85ae6e8279fa661f5470ee4a1010547f79ac531e89073a53b""}"
966642a2961472c5f660f752648dc2693518e858,graphdb,GraphDB (RDF4J) [engines.json profile],100M,S,S1,00,11a13df922fdbee8f9776eaed6af62ffda103b2b406da774b3f49300860168da,N,N_clean (NPCS reimplementation),err:network,,,,,,,0,1,3600.0,,,,,,,182.50385695137084,[],[],,[],,[],,[],r9.2-frozen-identity-v9,dfac415b5a6cbd6bca05218077d4301d6a1fc0d7ceff3e33f6c2c4c2d61d0e66,,,,,,,,,,,e1e370c3c3e41897f966ee22e8c7c98840f6ecade4ccb1698265b03c62141a2f,2c97fc305990d2aa1e0f09f37216d4d5b1419027440c3151c422415f0c836db8,f3c05af6c7aa3bbf0aae501a61efa32804f36e642d32f61fe21875892b248a8a,8a988dc83f4082a4f27503ba2906dc6b8733b3c02be567635c726c67bbd48314,16162702ccec82b2a0e27063cd04bd756a27af1f003b4cef0da976d843ef4725,reified,writable,exploratory-base,exploratory-reified,41997fb8640d9e765a0272879a63548eb9bd46bbf6e49da02b7c924e506b94f7,e6d3d236675cf5aefb65ff5897cc6e142b08e2a2be9e4af928e482100bc8e0bd,2e884d94ace185d62b1b91debf493ccd0a69b83d08e74cf5f1c2be4851b14215,7b43c2342d7676aa65cc9ee233b2184c9eae88f2663874af7ab1b83282f94ab4,6ffd10b28ab050230cdc1137f0bd16155c3a7c587add7fbe921d985fa92879fe,,,,10bf1149fb42bad85ae6e8279fa661f5470ee4a1010547f79ac531e89073a53b,"pcm-meta-v2:{""protocol"":""r9.2-frozen-identity-v9"",""message"":""[Errno 111] Connection refused"",""cell_wall_ms"":192.115,""c_parse_samples"":[],""c_protocol_samples"":[],""construct_total_samples"":[],""construct_unattributed_samples"":[],""status"":""err:network"",""status_evidence"":{""kind"":""retryable-transport"",""message"":""[Errno 111] Connection refused""},""construction_requested"":null,""construction_effective"":null,""commit"":""966642a2961472c5f660f752648dc2693518e858"",""batch_id"":""dfac415b5a6cbd6bca05218077d4301d6a1fc0d7ceff3e33f6c2c4c2d61d0e66"",""query_sha256"":""11a13df922fdbee8f9776eaed6af62ffda103b2b406da774b3f49300860168da"",""engine"":""graphdb"",""engine_version"":""GraphDB (RDF4J) [engines.json profile]"",""scale"":""100M"",""base_endpoint_sha256"":""e1e370c3c3e41897f966ee22e8c7c98840f6ecade4ccb1698265b03c62141a2f"",""reified_endpoint_sha256"":""2c97fc305990d2aa1e0f09f37216d4d5b1419027440c3151c422415f0c836db8"",""update_endpoint_sha256"":""f3c05af6c7aa3bbf0aae501a61efa32804f36e642d32f61fe21875892b248a8a"",""base_data_identity_sha256"":""8a988dc83f4082a4f27503ba2906dc6b8733b3c02be567635c726c67bbd48314"",""reified_data_identity_sha256"":""16162702ccec82b2a0e27063cd04bd756a27af1f003b4cef0da976d843ef4725"",""update_for"":""reified"",""access_mode"":""writable"",""base_data_name"":""exploratory-base"",""reified_data_name"":""exploratory-reified"",""update_canary_sha256"":""41997fb8640d9e765a0272879a63548eb9bd46bbf6e49da02b7c924e506b94f7"",""store_instance_sha256"":""e6d3d236675cf5aefb65ff5897cc6e142b08e2a2be9e4af928e482100bc8e0bd"",""store_discriminator_sha256"":""2e884d94ace185d62b1b91debf493ccd0a69b83d08e74cf5f1c2be4851b14215"",""tool_sha256"":""7b43c2342d7676aa65cc9ee233b2184c9eae88f2663874af7ab1b83282f94ab4"",""java_runtime_sha256"":""6ffd10b28ab050230cdc1137f0bd16155c3a7c587add7fbe921d985fa92879fe"",""run_identity_sha256"":""10bf1149fb42bad85ae6e8279fa661f5470ee4a1010547f79ac531e89073a53b""}"
966642a2961472c5f660f752648dc2693518e858,graphdb,GraphDB (RDF4J) [engines.json profile],100M,S,S1,00,11a13df922fdbee8f9776eaed6af62ffda103b2b406da774b3f49300860168da,C,SPARQLcirc CircuitRewriter,err:network,,,,,,,0,1,3600.0,,,,,,,411.80819901637733,[],[],,[],,[],,[],r9.2-frozen-identity-v9,dfac415b5a6cbd6bca05218077d4301d6a1fc0d7ceff3e33f6c2c4c2d61d0e66,,,,,,,,,,,e1e370c3c3e41897f966ee22e8c7c98840f6ecade4ccb1698265b03c62141a2f,2c97fc305990d2aa1e0f09f37216d4d5b1419027440c3151c422415f0c836db8,f3c05af6c7aa3bbf0aae501a61efa32804f36e642d32f61fe21875892b248a8a,8a988dc83f4082a4f27503ba2906dc6b8733b3c02be567635c726c67bbd48314,16162702ccec82b2a0e27063cd04bd756a27af1f003b4cef0da976d843ef4725,reified,writable,exploratory-base,exploratory-reified,41997fb8640d9e765a0272879a63548eb9bd46bbf6e49da02b7c924e506b94f7,e6d3d236675cf5aefb65ff5897cc6e142b08e2a2be9e4af928e482100bc8e0bd,2e884d94ace185d62b1b91debf493ccd0a69b83d08e74cf5f1c2be4851b14215,7b43c2342d7676aa65cc9ee233b2184c9eae88f2663874af7ab1b83282f94ab4,6ffd10b28ab050230cdc1137f0bd16155c3a7c587add7fbe921d985fa92879fe,,,,10bf1149fb42bad85ae6e8279fa661f5470ee4a1010547f79ac531e89073a53b,"pcm-meta-v2:{""protocol"":""r9.2-frozen-identity-v9"",""message"":""[Errno 111] Connection refused"",""cell_wall_ms"":421.211,""c_parse_samples"":[],""c_protocol_samples"":[],""construct_total_samples"":[],""construct_unattributed_samples"":[],""status"":""err:network"",""status_evidence"":{""kind"":""retryable-transport"",""message"":""[Errno 111] Connection refused""},""endpoint_lock"":{""wait_ms"":0.007,""lock_path"":""/tmp/sparqlcirc-r9-endpoint-locks-v7/e6d3d236675cf5aefb65ff5897cc6e142b08e2a2be9e4af928e482100bc8e0bd.lock""},""construction_requested"":null,""construction_effective"":null,""commit"":""966642a2961472c5f660f752648dc2693518e858"",""batch_id"":""dfac415b5a6cbd6bca05218077d4301d6a1fc0d7ceff3e33f6c2c4c2d61d0e66"",""query_sha256"":""11a13df922fdbee8f9776eaed6af62ffda103b2b406da774b3f49300860168da"",""engine"":""graphdb"",""engine_version"":""GraphDB (RDF4J) [engines.json profile]"",""scale"":""100M"",""base_endpoint_sha256"":""e1e370c3c3e41897f966ee22e8c7c98840f6ecade4ccb1698265b03c62141a2f"",""reified_endpoint_sha256"":""2c97fc305990d2aa1e0f09f37216d4d5b1419027440c3151c422415f0c836db8"",""update_endpoint_sha256"":""f3c05af6c7aa3bbf0aae501a61efa32804f36e642d32f61fe21875892b248a8a"",""base_data_identity_sha256"":""8a988dc83f4082a4f27503ba2906dc6b8733b3c02be567635c726c67bbd48314"",""reified_data_identity_sha256"":""16162702ccec82b2a0e27063cd04bd756a27af1f003b4cef0da976d843ef4725"",""update_for"":""reified"",""access_mode"":""writable"",""base_data_name"":""exploratory-base"",""reified_data_name"":""exploratory-reified"",""update_canary_sha256"":""41997fb8640d9e765a0272879a63548eb9bd46bbf6e49da02b7c924e506b94f7"",""store_instance_sha256"":""e6d3d236675cf5aefb65ff5897cc6e142b08e2a2be9e4af928e482100bc8e0bd"",""store_discriminator_sha256"":""2e884d94ace185d62b1b91debf493ccd0a69b83d08e74cf5f1c2be4851b14215"",""tool_sha256"":""7b43c2342d7676aa65cc9ee233b2184c9eae88f2663874af7ab1b83282f94ab4"",""java_runtime_sha256"":""6ffd10b28ab050230cdc1137f0bd16155c3a7c587add7fbe921d985fa92879fe"",""run_identity_sha256"":""10bf1149fb42bad85ae6e8279fa661f5470ee4a1010547f79ac531e89073a53b""}"
966642a2961472c5f660f752648dc2693518e858,graphdb,GraphDB (RDF4J) [engines.json profile],100M,S,S2,00,e634c02fe199569fe27370dfeca74deef380542216b43766499daf6e48f0b7a5,B,base-select,err:network,,,,,,,0,1,3600.0,,,,,,,0.008809962309896946,[],[],,[],,[],,[],r9.2-frozen-identity-v9,dfac415b5a6cbd6bca05218077d4301d6a1fc0d7ceff3e33f6c2c4c2d61d0e66,,,,,,,,,,,e1e370c3c3e41897f966ee22e8c7c98840f6ecade4ccb1698265b03c62141a2f,2c97fc305990d2aa1e0f09f37216d4d5b1419027440c3151c422415f0c836db8,f3c05af6c7aa3bbf0aae501a61efa32804f36e642d32f61fe21875892b248a8a,8a988dc83f4082a4f27503ba2906dc6b8733b3c02be567635c726c67bbd48314,16162702ccec82b2a0e27063cd04bd756a27af1f003b4cef0da976d843ef4725,reified,writable,exploratory-base,exploratory-reified,41997fb8640d9e765a0272879a63548eb9bd46bbf6e49da02b7c924e506b94f7,e6d3d236675cf5aefb65ff5897cc6e142b08e2a2be9e4af928e482100bc8e0bd,2e884d94ace185d62b1b91debf493ccd0a69b83d08e74cf5f1c2be4851b14215,7b43c2342d7676aa65cc9ee233b2184c9eae88f2663874af7ab1b83282f94ab4,6ffd10b28ab050230cdc1137f0bd16155c3a7c587add7fbe921d985fa92879fe,,,,7a992c61f1aeda5638123f1a748c83baa986d7a4451807237c149b69ab28b0bb,"pcm-meta-v2:{""protocol"":""r9.2-frozen-identity-v9"",""message"":""[Errno 111] Connection refused"",""cell_wall_ms"":9.608,""c_parse_samples"":[],""c_protocol_samples"":[],""construct_total_samples"":[],""construct_unattributed_samples"":[],""status"":""err:network"",""status_evidence"":{""kind"":""retryable-transport"",""message"":""[Errno 111] Connection refused""},""construction_requested"":null,""construction_effective"":null,""commit"":""966642a2961472c5f660f752648dc2693518e858"",""batch_id"":""dfac415b5a6cbd6bca05218077d4301d6a1fc0d7ceff3e33f6c2c4c2d61d0e66"",""query_sha256"":""e634c02fe199569fe27370dfeca74deef380542216b43766499daf6e48f0b7a5"",""engine"":""graphdb"",""engine_version"":""GraphDB (RDF4J) [engines.json profile]"",""scale"":""100M"",""base_endpoint_sha256"":""e1e370c3c3e41897f966ee22e8c7c98840f6ecade4ccb1698265b03c62141a2f"",""reified_endpoint_sha256"":""2c97fc305990d2aa1e0f09f37216d4d5b1419027440c3151c422415f0c836db8"",""update_endpoint_sha256"":""f3c05af6c7aa3bbf0aae501a61efa32804f36e642d32f61fe21875892b248a8a"",""base_data_identity_sha256"":""8a988dc83f4082a4f27503ba2906dc6b8733b3c02be567635c726c67bbd48314"",""reified_data_identity_sha256"":""16162702ccec82b2a0e27063cd04bd756a27af1f003b4cef0da976d843ef4725"",""update_for"":""reified"",""access_mode"":""writable"",""base_data_name"":""exploratory-base"",""reified_data_name"":""exploratory-reified"",""update_canary_sha256"":""41997fb8640d9e765a0272879a63548eb9bd46bbf6e49da02b7c924e506b94f7"",""store_instance_sha256"":""e6d3d236675cf5aefb65ff5897cc6e142b08e2a2be9e4af928e482100bc8e0bd"",""store_discriminator_sha256"":""2e884d94ace185d62b1b91debf493ccd0a69b83d08e74cf5f1c2be4851b14215"",""tool_sha256"":""7b43c2342d7676aa65cc9ee233b2184c9eae88f2663874af7ab1b83282f94ab4"",""java_runtime_sha256"":""6ffd10b28ab050230cdc1137f0bd16155c3a7c587add7fbe921d985fa92879fe"",""run_identity_sha256"":""7a992c61f1aeda5638123f1a748c83baa986d7a4451807237c149b69ab28b0bb""}"
966642a2961472c5f660f752648dc2693518e858,graphdb,GraphDB (RDF4J) [engines.json profile],100M,S,S2,00,e634c02fe199569fe27370dfeca74deef380542216b43766499daf6e48f0b7a5,R,reification-only,err:network,,,,,,,0,1,3600.0,,,,,,,131.5972990123555,[],[],,[],,[],,[],r9.2-frozen-identity-v9,dfac415b5a6cbd6bca05218077d4301d6a1fc0d7ceff3e33f6c2c4c2d61d0e66,,,,,,,,,,,e1e370c3c3e41897f966ee22e8c7c98840f6ecade4ccb1698265b03c62141a2f,2c97fc305990d2aa1e0f09f37216d4d5b1419027440c3151c422415f0c836db8,f3c05af6c7aa3bbf0aae501a61efa32804f36e642d32f61fe21875892b248a8a,8a988dc83f4082a4f27503ba2906dc6b8733b3c02be567635c726c67bbd48314,16162702ccec82b2a0e27063cd04bd756a27af1f003b4cef0da976d843ef4725,reified,writable,exploratory-base,exploratory-reified,41997fb8640d9e765a0272879a63548eb9bd46bbf6e49da02b7c924e506b94f7,e6d3d236675cf5aefb65ff5897cc6e142b08e2a2be9e4af928e482100bc8e0bd,2e884d94ace185d62b1b91debf493ccd0a69b83d08e74cf5f1c2be4851b14215,7b43c2342d7676aa65cc9ee233b2184c9eae88f2663874af7ab1b83282f94ab4,6ffd10b28ab050230cdc1137f0bd16155c3a7c587add7fbe921d985fa92879fe,,,,7a992c61f1aeda5638123f1a748c83baa986d7a4451807237c149b69ab28b0bb,"pcm-meta-v2:{""protocol"":""r9.2-frozen-identity-v9"",""message"":""[Errno 111] Connection refused"",""cell_wall_ms"":142.716,""c_parse_samples"":[],""c_protocol_samples"":[],""construct_total_samples"":[],""construct_unattributed_samples"":[],""status"":""err:network"",""status_evidence"":{""kind"":""retryable-transport"",""message"":""[Errno 111] Connection refused""},""construction_requested"":null,""construction_effective"":null,""commit"":""966642a2961472c5f660f752648dc2693518e858"",""batch_id"":""dfac415b5a6cbd6bca05218077d4301d6a1fc0d7ceff3e33f6c2c4c2d61d0e66"",""query_sha256"":""e634c02fe199569fe27370dfeca74deef380542216b43766499daf6e48f0b7a5"",""engine"":""graphdb"",""engine_version"":""GraphDB (RDF4J) [engines.json profile]"",""scale"":""100M"",""base_endpoint_sha256"":""e1e370c3c3e41897f966ee22e8c7c98840f6ecade4ccb1698265b03c62141a2f"",""reified_endpoint_sha256"":""2c97fc305990d2aa1e0f09f37216d4d5b1419027440c3151c422415f0c836db8"",""update_endpoint_sha256"":""f3c05af6c7aa3bbf0aae501a61efa32804f36e642d32f61fe21875892b248a8a"",""base_data_identity_sha256"":""8a988dc83f4082a4f27503ba2906dc6b8733b3c02be567635c726c67bbd48314"",""reified_data_identity_sha256"":""16162702ccec82b2a0e27063cd04bd756a27af1f003b4cef0da976d843ef4725"",""update_for"":""reified"",""access_mode"":""writable"",""base_data_name"":""exploratory-base"",""reified_data_name"":""exploratory-reified"",""update_canary_sha256"":""41997fb8640d9e765a0272879a63548eb9bd46bbf6e49da02b7c924e506b94f7"",""store_instance_sha256"":""e6d3d236675cf5aefb65ff5897cc6e142b08e2a2be9e4af928e482100bc8e0bd"",""store_discriminator_sha256"":""2e884d94ace185d62b1b91debf493ccd0a69b83d08e74cf5f1c2be4851b14215"",""tool_sha256"":""7b43c2342d7676aa65cc9ee233b2184c9eae88f2663874af7ab1b83282f94ab4"",""java_runtime_sha256"":""6ffd10b28ab050230cdc1137f0bd16155c3a7c587add7fbe921d985fa92879fe"",""run_identity_sha256"":""7a992c61f1aeda5638123f1a748c83baa986d7a4451807237c149b69ab28b0bb""}"
966642a2961472c5f660f752648dc2693518e858,graphdb,GraphDB (RDF4J) [engines.json profile],100M,S,S2,00,e634c02fe199569fe27370dfeca74deef380542216b43766499daf6e48f0b7a5,N,N_clean (NPCS reimplementation),err:network,,,,,,,0,1,3600.0,,,,,,,193.44569405075163,[],[],,[],,[],,[],r9.2-frozen-identity-v9,dfac415b5a6cbd6bca05218077d4301d6a1fc0d7ceff3e33f6c2c4c2d61d0e66,,,,,,,,,,,e1e370c3c3e41897f966ee22e8c7c98840f6ecade4ccb1698265b03c62141a2f,2c97fc305990d2aa1e0f09f37216d4d5b1419027440c3151c422415f0c836db8,f3c05af6c7aa3bbf0aae501a61efa32804f36e642d32f61fe21875892b248a8a,8a988dc83f4082a4f27503ba2906dc6b8733b3c02be567635c726c67bbd48314,16162702ccec82b2a0e27063cd04bd756a27af1f003b4cef0da976d843ef4725,reified,writable,exploratory-base,exploratory-reified,41997fb8640d9e765a0272879a63548eb9bd46bbf6e49da02b7c924e506b94f7,e6d3d236675cf5aefb65ff5897cc6e142b08e2a2be9e4af928e482100bc8e0bd,2e884d94ace185d62b1b91debf493ccd0a69b83d08e74cf5f1c2be4851b14215,7b43c2342d7676aa65cc9ee233b2184c9eae88f2663874af7ab1b83282f94ab4,6ffd10b28ab050230cdc1137f0bd16155c3a7c587add7fbe921d985fa92879fe,,,,7a992c61f1aeda5638123f1a748c83baa986d7a4451807237c149b69ab28b0bb,"pcm-meta-v2:{""protocol"":""r9.2-frozen-identity-v9"",""message"":""[Errno 111] Connection refused"",""cell_wall_ms"":203.443,""c_parse_samples"":[],""c_protocol_samples"":[],""construct_total_samples"":[],""construct_unattributed_samples"":[],""status"":""err:network"",""status_evidence"":{""kind"":""retryable-transport"",""message"":""[Errno 111] Connection refused""},""construction_requested"":null,""construction_effective"":null,""commit"":""966642a2961472c5f660f752648dc2693518e858"",""batch_id"":""dfac415b5a6cbd6bca05218077d4301d6a1fc0d7ceff3e33f6c2c4c2d61d0e66"",""query_sha256"":""e634c02fe199569fe27370dfeca74deef380542216b43766499daf6e48f0b7a5"",""engine"":""graphdb"",""engine_version"":""GraphDB (RDF4J) [engines.json profile]"",""scale"":""100M"",""base_endpoint_sha256"":""e1e370c3c3e41897f966ee22e8c7c98840f6ecade4ccb1698265b03c62141a2f"",""reified_endpoint_sha256"":""2c97fc305990d2aa1e0f09f37216d4d5b1419027440c3151c422415f0c836db8"",""update_endpoint_sha256"":""f3c05af6c7aa3bbf0aae501a61efa32804f36e642d32f61fe21875892b248a8a"",""base_data_identity_sha256"":""8a988dc83f4082a4f27503ba2906dc6b8733b3c02be567635c726c67bbd48314"",""reified_data_identity_sha256"":""16162702ccec82b2a0e27063cd04bd756a27af1f003b4cef0da976d843ef4725"",""update_for"":""reified"",""access_mode"":""writable"",""base_data_name"":""exploratory-base"",""reified_data_name"":""exploratory-reified"",""update_canary_sha256"":""41997fb8640d9e765a0272879a63548eb9bd46bbf6e49da02b7c924e506b94f7"",""store_instance_sha256"":""e6d3d236675cf5aefb65ff5897cc6e142b08e2a2be9e4af928e482100bc8e0bd"",""store_discriminator_sha256"":""2e884d94ace185d62b1b91debf493ccd0a69b83d08e74cf5f1c2be4851b14215"",""tool_sha256"":""7b43c2342d7676aa65cc9ee233b2184c9eae88f2663874af7ab1b83282f94ab4"",""java_runtime_sha256"":""6ffd10b28ab050230cdc1137f0bd16155c3a7c587add7fbe921d985fa92879fe"",""run_identity_sha256"":""7a992c61f1aeda5638123f1a748c83baa986d7a4451807237c149b69ab28b0bb""}"
966642a2961472c5f660f752648dc2693518e858,graphdb,GraphDB (RDF4J) [engines.json profile],100M,S,S2,00,e634c02fe199569fe27370dfeca74deef380542216b43766499daf6e48f0b7a5,C,SPARQLcirc CircuitRewriter,err:network,,,,,,,0,1,3600.0,,,,,,,350.0564550049603,[],[],,[],,[],,[],r9.2-frozen-identity-v9,dfac415b5a6cbd6bca05218077d4301d6a1fc0d7ceff3e33f6c2c4c2d61d0e66,,,,,,,,,,,e1e370c3c3e41897f966ee22e8c7c98840f6ecade4ccb1698265b03c62141a2f,2c97fc305990d2aa1e0f09f37216d4d5b1419027440c3151c422415f0c836db8,f3c05af6c7aa3bbf0aae501a61efa32804f36e642d32f61fe21875892b248a8a,8a988dc83f4082a4f27503ba2906dc6b8733b3c02be567635c726c67bbd48314,16162702ccec82b2a0e27063cd04bd756a27af1f003b4cef0da976d843ef4725,reified,writable,exploratory-base,exploratory-reified,41997fb8640d9e765a0272879a63548eb9bd46bbf6e49da02b7c924e506b94f7,e6d3d236675cf5aefb65ff5897cc6e142b08e2a2be9e4af928e482100bc8e0bd,2e884d94ace185d62b1b91debf493ccd0a69b83d08e74cf5f1c2be4851b14215,7b43c2342d7676aa65cc9ee233b2184c9eae88f2663874af7ab1b83282f94ab4,6ffd10b28ab050230cdc1137f0bd16155c3a7c587add7fbe921d985fa92879fe,,,,7a992c61f1aeda5638123f1a748c83baa986d7a4451807237c149b69ab28b0bb,"pcm-meta-v2:{""protocol"":""r9.2-frozen-identity-v9"",""message"":""[Errno 111] Connection refused"",""cell_wall_ms"":359.526,""c_parse_samples"":[],""c_protocol_samples"":[],""construct_total_samples"":[],""construct_unattributed_samples"":[],""status"":""err:network"",""status_evidence"":{""kind"":""retryable-transport"",""message"":""[Errno 111] Connection refused""},""endpoint_lock"":{""wait_ms"":0.007,""lock_path"":""/tmp/sparqlcirc-r9-endpoint-locks-v7/e6d3d236675cf5aefb65ff5897cc6e142b08e2a2be9e4af928e482100bc8e0bd.lock""},""construction_requested"":null,""construction_effective"":null,""commit"":""966642a2961472c5f660f752648dc2693518e858"",""batch_id"":""dfac415b5a6cbd6bca05218077d4301d6a1fc0d7ceff3e33f6c2c4c2d61d0e66"",""query_sha256"":""e634c02fe199569fe27370dfeca74deef380542216b43766499daf6e48f0b7a5"",""engine"":""graphdb"",""engine_version"":""GraphDB (RDF4J) [engines.json profile]"",""scale"":""100M"",""base_endpoint_sha256"":""e1e370c3c3e41897f966ee22e8c7c98840f6ecade4ccb1698265b03c62141a2f"",""reified_endpoint_sha256"":""2c97fc305990d2aa1e0f09f37216d4d5b1419027440c3151c422415f0c836db8"",""update_endpoint_sha256"":""f3c05af6c7aa3bbf0aae501a61efa32804f36e642d32f61fe21875892b248a8a"",""base_data_identity_sha256"":""8a988dc83f4082a4f27503ba2906dc6b8733b3c02be567635c726c67bbd48314"",""reified_data_identity_sha256"":""16162702ccec82b2a0e27063cd04bd756a27af1f003b4cef0da976d843ef4725"",""update_for"":""reified"",""access_mode"":""writable"",""base_data_name"":""exploratory-base"",""reified_data_name"":""exploratory-reified"",""update_canary_sha256"":""41997fb8640d9e765a0272879a63548eb9bd46bbf6e49da02b7c924e506b94f7"",""store_instance_sha256"":""e6d3d236675cf5aefb65ff5897cc6e142b08e2a2be9e4af928e482100bc8e0bd"",""store_discriminator_sha256"":""2e884d94ace185d62b1b91debf493ccd0a69b83d08e74cf5f1c2be4851b14215"",""tool_sha256"":""7b43c2342d7676aa65cc9ee233b2184c9eae88f2663874af7ab1b83282f94ab4"",""java_runtime_sha256"":""6ffd10b28ab050230cdc1137f0bd16155c3a7c587add7fbe921d985fa92879fe"",""run_identity_sha256"":""7a992c61f1aeda5638123f1a748c83baa986d7a4451807237c149b69ab28b0bb""}"
966642a2961472c5f660f752648dc2693518e858,graphdb,GraphDB (RDF4J) [engines.json profile],100M,S,S3,00,4e26d57d8fea5cd20a5edd26b3e286c7e2287bf17d8cbb9b1567590a068ac8f4,B,base-select,err:network,,,,,,,0,1,3600.0,,,,,,,0.011019990779459476,[],[],,[],,[],,[],r9.2-frozen-identity-v9,dfac415b5a6cbd6bca05218077d4301d6a1fc0d7ceff3e33f6c2c4c2d61d0e66,,,,,,,,,,,e1e370c3c3e41897f966ee22e8c7c98840f6ecade4ccb1698265b03c62141a2f,2c97fc305990d2aa1e0f09f37216d4d5b1419027440c3151c422415f0c836db8,f3c05af6c7aa3bbf0aae501a61efa32804f36e642d32f61fe21875892b248a8a,8a988dc83f4082a4f27503ba2906dc6b8733b3c02be567635c726c67bbd48314,16162702ccec82b2a0e27063cd04bd756a27af1f003b4cef0da976d843ef4725,reified,writable,exploratory-base,exploratory-reified,41997fb8640d9e765a0272879a63548eb9bd46bbf6e49da02b7c924e506b94f7,e6d3d236675cf5aefb65ff5897cc6e142b08e2a2be9e4af928e482100bc8e0bd,2e884d94ace185d62b1b91debf493ccd0a69b83d08e74cf5f1c2be4851b14215,7b43c2342d7676aa65cc9ee233b2184c9eae88f2663874af7ab1b83282f94ab4,6ffd10b28ab050230cdc1137f0bd16155c3a7c587add7fbe921d985fa92879fe,,,,dc6f82697bc98ebeb24ecde9fea4ff072340c4b200d41428cf506ae1181e5898,"pcm-meta-v2:{""protocol"":""r9.2-frozen-identity-v9"",""message"":""[Errno 111] Connection refused"",""cell_wall_ms"":10.452,""c_parse_samples"":[],""c_protocol_samples"":[],""construct_total_samples"":[],""construct_unattributed_samples"":[],""status"":""err:network"",""status_evidence"":{""kind"":""retryable-transport"",""message"":""[Errno 111] Connection refused""},""construction_requested"":null,""construction_effective"":null,""commit"":""966642a2961472c5f660f752648dc2693518e858"",""batch_id"":""dfac415b5a6cbd6bca05218077d4301d6a1fc0d7ceff3e33f6c2c4c2d61d0e66"",""query_sha256"":""4e26d57d8fea5cd20a5edd26b3e286c7e2287bf17d8cbb9b1567590a068ac8f4"",""engine"":""graphdb"",""engine_version"":""GraphDB (RDF4J) [engines.json profile]"",""scale"":""100M"",""base_endpoint_sha256"":""e1e370c3c3e41897f966ee22e8c7c98840f6ecade4ccb1698265b03c62141a2f"",""reified_endpoint_sha256"":""2c97fc305990d2aa1e0f09f37216d4d5b1419027440c3151c422415f0c836db8"",""update_endpoint_sha256"":""f3c05af6c7aa3bbf0aae501a61efa32804f36e642d32f61fe21875892b248a8a"",""base_data_identity_sha256"":""8a988dc83f4082a4f27503ba2906dc6b8733b3c02be567635c726c67bbd48314"",""reified_data_identity_sha256"":""16162702ccec82b2a0e27063cd04bd756a27af1f003b4cef0da976d843ef4725"",""update_for"":""reified"",""access_mode"":""writable"",""base_data_name"":""exploratory-base"",""reified_data_name"":""exploratory-reified"",""update_canary_sha256"":""41997fb8640d9e765a0272879a63548eb9bd46bbf6e49da02b7c924e506b94f7"",""store_instance_sha256"":""e6d3d236675cf5aefb65ff5897cc6e142b08e2a2be9e4af928e482100bc8e0bd"",""store_discriminator_sha256"":""2e884d94ace185d62b1b91debf493ccd0a69b83d08e74cf5f1c2be4851b14215"",""tool_sha256"":""7b43c2342d7676aa65cc9ee233b2184c9eae88f2663874af7ab1b83282f94ab4"",""java_runtime_sha256"":""6ffd10b28ab050230cdc1137f0bd16155c3a7c587add7fbe921d985fa92879fe"",""run_identity_sha256"":""dc6f82697bc98ebeb24ecde9fea4ff072340c4b200d41428cf506ae1181e5898""}"
966642a2961472c5f660f752648dc2693518e858,graphdb,GraphDB (RDF4J) [engines.json profile],100M,S,S3,00,4e26d57d8fea5cd20a5edd26b3e286c7e2287bf17d8cbb9b1567590a068ac8f4,R,reification-only,err:network,,,,,,,0,1,3600.0,,,,,,,129.86105307936668,[],[],,[],,[],,[],r9.2-frozen-identity-v9,dfac415b5a6cbd6bca05218077d4301d6a1fc0d7ceff3e33f6c2c4c2d61d0e66,,,,,,,,,,,e1e370c3c3e41897f966ee22e8c7c98840f6ecade4ccb1698265b03c62141a2f,2c97fc305990d2aa1e0f09f37216d4d5b1419027440c3151c422415f0c836db8,f3c05af6c7aa3bbf0aae501a61efa32804f36e642d32f61fe21875892b248a8a,8a988dc83f4082a4f27503ba2906dc6b8733b3c02be567635c726c67bbd48314,16162702ccec82b2a0e27063cd04bd756a27af1f003b4cef0da976d843ef4725,reified,writable,exploratory-base,exploratory-reified,41997fb8640d9e765a0272879a63548eb9bd46bbf6e49da02b7c924e506b94f7,e6d3d236675cf5aefb65ff5897cc6e142b08e2a2be9e4af928e482100bc8e0bd,2e884d94ace185d62b1b91debf493ccd0a69b83d08e74cf5f1c2be4851b14215,7b43c2342d7676aa65cc9ee233b2184c9eae88f2663874af7ab1b83282f94ab4,6ffd10b28ab050230cdc1137f0bd16155c3a7c587add7fbe921d985fa92879fe,,,,dc6f82697bc98ebeb24ecde9fea4ff072340c4b200d41428cf506ae1181e5898,"pcm-meta-v2:{""protocol"":""r9.2-frozen-identity-v9"",""message"":""[Errno 111] Connection refused"",""cell_wall_ms"":140.933,""c_parse_samples"":[],""c_protocol_samples"":[],""construct_total_samples"":[],""construct_unattributed_samples"":[],""status"":""err:network"",""status_evidence"":{""kind"":""retryable-transport"",""message"":""[Errno 111] Connection refused""},""construction_requested"":null,""construction_effective"":null,""commit"":""966642a2961472c5f660f752648dc2693518e858"",""batch_id"":""dfac415b5a6cbd6bca05218077d4301d6a1fc0d7ceff3e33f6c2c4c2d61d0e66"",""query_sha256"":""4e26d57d8fea5cd20a5edd26b3e286c7e2287bf17d8cbb9b1567590a068ac8f4"",""engine"":""graphdb"",""engine_version"":""GraphDB (RDF4J) [engines.json profile]"",""scale"":""100M"",""base_endpoint_sha256"":""e1e370c3c3e41897f966ee22e8c7c98840f6ecade4ccb1698265b03c62141a2f"",""reified_endpoint_sha256"":""2c97fc305990d2aa1e0f09f37216d4d5b1419027440c3151c422415f0c836db8"",""update_endpoint_sha256"":""f3c05af6c7aa3bbf0aae501a61efa32804f36e642d32f61fe21875892b248a8a"",""base_data_identity_sha256"":""8a988dc83f4082a4f27503ba2906dc6b8733b3c02be567635c726c67bbd48314"",""reified_data_identity_sha256"":""16162702ccec82b2a0e27063cd04bd756a27af1f003b4cef0da976d843ef4725"",""update_for"":""reified"",""access_mode"":""writable"",""base_data_name"":""exploratory-base"",""reified_data_name"":""exploratory-reified"",""update_canary_sha256"":""41997fb8640d9e765a0272879a63548eb9bd46bbf6e49da02b7c924e506b94f7"",""store_instance_sha256"":""e6d3d236675cf5aefb65ff5897cc6e142b08e2a2be9e4af928e482100bc8e0bd"",""store_discriminator_sha256"":""2e884d94ace185d62b1b91debf493ccd0a69b83d08e74cf5f1c2be4851b14215"",""tool_sha256"":""7b43c2342d7676aa65cc9ee233b2184c9eae88f2663874af7ab1b83282f94ab4"",""java_runtime_sha256"":""6ffd10b28ab050230cdc1137f0bd16155c3a7c587add7fbe921d985fa92879fe"",""run_identity_sha256"":""dc6f82697bc98ebeb24ecde9fea4ff072340c4b200d41428cf506ae1181e5898""}"
966642a2961472c5f660f752648dc2693518e858,graphdb,GraphDB (RDF4J) [engines.json profile],100M,S,S3,00,4e26d57d8fea5cd20a5edd26b3e286c7e2287bf17d8cbb9b1567590a068ac8f4,N,N_clean (NPCS reimplementation),err:network,,,,,,,0,1,3600.0,,,,,,,175.45600899029523,[],[],,[],,[],,[],r9.2-frozen-identity-v9,dfac415b5a6cbd6bca05218077d4301d6a1fc0d7ceff3e33f6c2c4c2d61d0e66,,,,,,,,,,,e1e370c3c3e41897f966ee22e8c7c98840f6ecade4ccb1698265b03c62141a2f,2c97fc305990d2aa1e0f09f37216d4d5b1419027440c3151c422415f0c836db8,f3c05af6c7aa3bbf0aae501a61efa32804f36e642d32f61fe21875892b248a8a,8a988dc83f4082a4f27503ba2906dc6b8733b3c02be567635c726c67bbd48314,16162702ccec82b2a0e27063cd04bd756a27af1f003b4cef0da976d843ef4725,reified,writable,exploratory-base,exploratory-reified,41997fb8640d9e765a0272879a63548eb9bd46bbf6e49da02b7c924e506b94f7,e6d3d236675cf5aefb65ff5897cc6e142b08e2a2be9e4af928e482100bc8e0bd,2e884d94ace185d62b1b91debf493ccd0a69b83d08e74cf5f1c2be4851b14215,7b43c2342d7676aa65cc9ee233b2184c9eae88f2663874af7ab1b83282f94ab4,6ffd10b28ab050230cdc1137f0bd16155c3a7c587add7fbe921d985fa92879fe,,,,dc6f82697bc98ebeb24ecde9fea4ff072340c4b200d41428cf506ae1181e5898,"pcm-meta-v2:{""protocol"":""r9.2-frozen-identity-v9"",""message"":""[Errno 111] Connection refused"",""cell_wall_ms"":185.611,""c_parse_samples"":[],""c_protocol_samples"":[],""construct_total_samples"":[],""construct_unattributed_samples"":[],""status"":""err:network"",""status_evidence"":{""kind"":""retryable-transport"",""message"":""[Errno 111] Connection refused""},""construction_requested"":null,""construction_effective"":null,""commit"":""966642a2961472c5f660f752648dc2693518e858"",""batch_id"":""dfac415b5a6cbd6bca05218077d4301d6a1fc0d7ceff3e33f6c2c4c2d61d0e66"",""query_sha256"":""4e26d57d8fea5cd20a5edd26b3e286c7e2287bf17d8cbb9b1567590a068ac8f4"",""engine"":""graphdb"",""engine_version"":""GraphDB (RDF4J) [engines.json profile]"",""scale"":""100M"",""base_endpoint_sha256"":""e1e370c3c3e41897f966ee22e8c7c98840f6ecade4ccb1698265b03c62141a2f"",""reified_endpoint_sha256"":""2c97fc305990d2aa1e0f09f37216d4d5b1419027440c3151c422415f0c836db8"",""update_endpoint_sha256"":""f3c05af6c7aa3bbf0aae501a61efa32804f36e642d32f61fe21875892b248a8a"",""base_data_identity_sha256"":""8a988dc83f4082a4f27503ba2906dc6b8733b3c02be567635c726c67bbd48314"",""reified_data_identity_sha256"":""16162702ccec82b2a0e27063cd04bd756a27af1f003b4cef0da976d843ef4725"",""update_for"":""reified"",""access_mode"":""writable"",""base_data_name"":""exploratory-base"",""reified_data_name"":""exploratory-reified"",""update_canary_sha256"":""41997fb8640d9e765a0272879a63548eb9bd46bbf6e49da02b7c924e506b94f7"",""store_instance_sha256"":""e6d3d236675cf5aefb65ff5897cc6e142b08e2a2be9e4af928e482100bc8e0bd"",""store_discriminator_sha256"":""2e884d94ace185d62b1b91debf493ccd0a69b83d08e74cf5f1c2be4851b14215"",""tool_sha256"":""7b43c2342d7676aa65cc9ee233b2184c9eae88f2663874af7ab1b83282f94ab4"",""java_runtime_sha256"":""6ffd10b28ab050230cdc1137f0bd16155c3a7c587add7fbe921d985fa92879fe"",""run_identity_sha256"":""dc6f82697bc98ebeb24ecde9fea4ff072340c4b200d41428cf506ae1181e5898""}"
966642a2961472c5f660f752648dc2693518e858,graphdb,GraphDB (RDF4J) [engines.json profile],100M,S,S3,00,4e26d57d8fea5cd20a5edd26b3e286c7e2287bf17d8cbb9b1567590a068ac8f4,C,SPARQLcirc CircuitRewriter,err:network,,,,,,,0,1,3600.0,,,,,,,355.2409450057894,[],[],,[],,[],,[],r9.2-frozen-identity-v9,dfac415b5a6cbd6bca05218077d4301d6a1fc0d7ceff3e33f6c2c4c2d61d0e66,,,,,,,,,,,e1e370c3c3e41897f966ee22e8c7c98840f6ecade4ccb1698265b03c62141a2f,2c97fc305990d2aa1e0f09f37216d4d5b1419027440c3151c422415f0c836db8,f3c05af6c7aa3bbf0aae501a61efa32804f36e642d32f61fe21875892b248a8a,8a988dc83f4082a4f27503ba2906dc6b8733b3c02be567635c726c67bbd48314,16162702ccec82b2a0e27063cd04bd756a27af1f003b4cef0da976d843ef4725,reified,writable,exploratory-base,exploratory-reified,41997fb8640d9e765a0272879a63548eb9bd46bbf6e49da02b7c924e506b94f7,e6d3d236675cf5aefb65ff5897cc6e142b08e2a2be9e4af928e482100bc8e0bd,2e884d94ace185d62b1b91debf493ccd0a69b83d08e74cf5f1c2be4851b14215,7b43c2342d7676aa65cc9ee233b2184c9eae88f2663874af7ab1b83282f94ab4,6ffd10b28ab050230cdc1137f0bd16155c3a7c587add7fbe921d985fa92879fe,,,,dc6f82697bc98ebeb24ecde9fea4ff072340c4b200d41428cf506ae1181e5898,"pcm-meta-v2:{""protocol"":""r9.2-frozen-identity-v9"",""message"":""[Errno 111] Connection refused"",""cell_wall_ms"":364.211,""c_parse_samples"":[],""c_protocol_samples"":[],""construct_total_samples"":[],""construct_unattributed_samples"":[],""status"":""err:network"",""status_evidence"":{""kind"":""retryable-transport"",""message"":""[Errno 111] Connection refused""},""endpoint_lock"":{""wait_ms"":0.007,""lock_path"":""/tmp/sparqlcirc-r9-endpoint-locks-v7/e6d3d236675cf5aefb65ff5897cc6e142b08e2a2be9e4af928e482100bc8e0bd.lock""},""construction_requested"":null,""construction_effective"":null,""commit"":""966642a2961472c5f660f752648dc2693518e858"",""batch_id"":""dfac415b5a6cbd6bca05218077d4301d6a1fc0d7ceff3e33f6c2c4c2d61d0e66"",""query_sha256"":""4e26d57d8fea5cd20a5edd26b3e286c7e2287bf17d8cbb9b1567590a068ac8f4"",""engine"":""graphdb"",""engine_version"":""GraphDB (RDF4J) [engines.json profile]"",""scale"":""100M"",""base_endpoint_sha256"":""e1e370c3c3e41897f966ee22e8c7c98840f6ecade4ccb1698265b03c62141a2f"",""reified_endpoint_sha256"":""2c97fc305990d2aa1e0f09f37216d4d5b1419027440c3151c422415f0c836db8"",""update_endpoint_sha256"":""f3c05af6c7aa3bbf0aae501a61efa32804f36e642d32f61fe21875892b248a8a"",""base_data_identity_sha256"":""8a988dc83f4082a4f27503ba2906dc6b8733b3c02be567635c726c67bbd48314"",""reified_data_identity_sha256"":""16162702ccec82b2a0e27063cd04bd756a27af1f003b4cef0da976d843ef4725"",""update_for"":""reified"",""access_mode"":""writable"",""base_data_name"":""exploratory-base"",""reified_data_name"":""exploratory-reified"",""update_canary_sha256"":""41997fb8640d9e765a0272879a63548eb9bd46bbf6e49da02b7c924e506b94f7"",""store_instance_sha256"":""e6d3d236675cf5aefb65ff5897cc6e142b08e2a2be9e4af928e482100bc8e0bd"",""store_discriminator_sha256"":""2e884d94ace185d62b1b91debf493ccd0a69b83d08e74cf5f1c2be4851b14215"",""tool_sha256"":""7b43c2342d7676aa65cc9ee233b2184c9eae88f2663874af7ab1b83282f94ab4"",""java_runtime_sha256"":""6ffd10b28ab050230cdc1137f0bd16155c3a7c587add7fbe921d985fa92879fe"",""run_identity_sha256"":""dc6f82697bc98ebeb24ecde9fea4ff072340c4b200d41428cf506ae1181e5898""}"
966642a2961472c5f660f752648dc2693518e858,graphdb,GraphDB (RDF4J) [engines.json profile],100M,S,S4,00,671868a81e6d66a398f91366390ceb3c4102f83d22f474a36fa5bf19079fedde,B,base-select,err:network,,,,,,,0,1,3600.0,,,,,,,0.010879943147301674,[],[],,[],,[],,[],r9.2-frozen-identity-v9,dfac415b5a6cbd6bca05218077d4301d6a1fc0d7ceff3e33f6c2c4c2d61d0e66,,,,,,,,,,,e1e370c3c3e41897f966ee22e8c7c98840f6ecade4ccb1698265b03c62141a2f,2c97fc305990d2aa1e0f09f37216d4d5b1419027440c3151c422415f0c836db8,f3c05af6c7aa3bbf0aae501a61efa32804f36e642d32f61fe21875892b248a8a,8a988dc83f4082a4f27503ba2906dc6b8733b3c02be567635c726c67bbd48314,16162702ccec82b2a0e27063cd04bd756a27af1f003b4cef0da976d843ef4725,reified,writable,exploratory-base,exploratory-reified,41997fb8640d9e765a0272879a63548eb9bd46bbf6e49da02b7c924e506b94f7,e6d3d236675cf5aefb65ff5897cc6e142b08e2a2be9e4af928e482100bc8e0bd,2e884d94ace185d62b1b91debf493ccd0a69b83d08e74cf5f1c2be4851b14215,7b43c2342d7676aa65cc9ee233b2184c9eae88f2663874af7ab1b83282f94ab4,6ffd10b28ab050230cdc1137f0bd16155c3a7c587add7fbe921d985fa92879fe,,,,78cbb9b8eddd8c0ae9609ac6d85ed516fc004b64596964a19187da7cec4384e2,"pcm-meta-v2:{""protocol"":""r9.2-frozen-identity-v9"",""message"":""[Errno 111] Connection refused"",""cell_wall_ms"":10.271,""c_parse_samples"":[],""c_protocol_samples"":[],""construct_total_samples"":[],""construct_unattributed_samples"":[],""status"":""err:network"",""status_evidence"":{""kind"":""retryable-transport"",""message"":""[Errno 111] Connection refused""},""construction_requested"":null,""construction_effective"":null,""commit"":""966642a2961472c5f660f752648dc2693518e858"",""batch_id"":""dfac415b5a6cbd6bca05218077d4301d6a1fc0d7ceff3e33f6c2c4c2d61d0e66"",""query_sha256"":""671868a81e6d66a398f91366390ceb3c4102f83d22f474a36fa5bf19079fedde"",""engine"":""graphdb"",""engine_version"":""GraphDB (RDF4J) [engines.json profile]"",""scale"":""100M"",""base_endpoint_sha256"":""e1e370c3c3e41897f966ee22e8c7c98840f6ecade4ccb1698265b03c62141a2f"",""reified_endpoint_sha256"":""2c97fc305990d2aa1e0f09f37216d4d5b1419027440c3151c422415f0c836db8"",""update_endpoint_sha256"":""f3c05af6c7aa3bbf0aae501a61efa32804f36e642d32f61fe21875892b248a8a"",""base_data_identity_sha256"":""8a988dc83f4082a4f27503ba2906dc6b8733b3c02be567635c726c67bbd48314"",""reified_data_identity_sha256"":""16162702ccec82b2a0e27063cd04bd756a27af1f003b4cef0da976d843ef4725"",""update_for"":""reified"",""access_mode"":""writable"",""base_data_name"":""exploratory-base"",""reified_data_name"":""exploratory-reified"",""update_canary_sha256"":""41997fb8640d9e765a0272879a63548eb9bd46bbf6e49da02b7c924e506b94f7"",""store_instance_sha256"":""e6d3d236675cf5aefb65ff5897cc6e142b08e2a2be9e4af928e482100bc8e0bd"",""store_discriminator_sha256"":""2e884d94ace185d62b1b91debf493ccd0a69b83d08e74cf5f1c2be4851b14215"",""tool_sha256"":""7b43c2342d7676aa65cc9ee233b2184c9eae88f2663874af7ab1b83282f94ab4"",""java_runtime_sha256"":""6ffd10b28ab050230cdc1137f0bd16155c3a7c587add7fbe921d985fa92879fe"",""run_identity_sha256"":""78cbb9b8eddd8c0ae9609ac6d85ed516fc004b64596964a19187da7cec4384e2""}"
966642a2961472c5f660f752648dc2693518e858,graphdb,GraphDB (RDF4J) [engines.json profile],100M,S,S4,00,671868a81e6d66a398f91366390ceb3c4102f83d22f474a36fa5bf19079fedde,R,reification-only,err:network,,,,,,,0,1,3600.0,,,,,,,136.33392099291086,[],[],,[],,[],,[],r9.2-frozen-identity-v9,dfac415b5a6cbd6bca05218077d4301d6a1fc0d7ceff3e33f6c2c4c2d61d0e66,,,,,,,,,,,e1e370c3c3e41897f966ee22e8c7c98840f6ecade4ccb1698265b03c62141a2f,2c97fc305990d2aa1e0f09f37216d4d5b1419027440c3151c422415f0c836db8,f3c05af6c7aa3bbf0aae501a61efa32804f36e642d32f61fe21875892b248a8a,8a988dc83f4082a4f27503ba2906dc6b8733b3c02be567635c726c67bbd48314,16162702ccec82b2a0e27063cd04bd756a27af1f003b4cef0da976d843ef4725,reified,writable,exploratory-base,exploratory-reified,41997fb8640d9e765a0272879a63548eb9bd46bbf6e49da02b7c924e506b94f7,e6d3d236675cf5aefb65ff5897cc6e142b08e2a2be9e4af928e482100bc8e0bd,2e884d94ace185d62b1b91debf493ccd0a69b83d08e74cf5f1c2be4851b14215,7b43c2342d7676aa65cc9ee233b2184c9eae88f2663874af7ab1b83282f94ab4,6ffd10b28ab050230cdc1137f0bd16155c3a7c587add7fbe921d985fa92879fe,,,,78cbb9b8eddd8c0ae9609ac6d85ed516fc004b64596964a19187da7cec4384e2,"pcm-meta-v2:{""protocol"":""r9.2-frozen-identity-v9"",""message"":""[Errno 111] Connection refused"",""cell_wall_ms"":147.702,""c_parse_samples"":[],""c_protocol_samples"":[],""construct_total_samples"":[],""construct_unattributed_samples"":[],""status"":""err:network"",""status_evidence"":{""kind"":""retryable-transport"",""message"":""[Errno 111] Connection refused""},""construction_requested"":null,""construction_effective"":null,""commit"":""966642a2961472c5f660f752648dc2693518e858"",""batch_id"":""dfac415b5a6cbd6bca05218077d4301d6a1fc0d7ceff3e33f6c2c4c2d61d0e66"",""query_sha256"":""671868a81e6d66a398f91366390ceb3c4102f83d22f474a36fa5bf19079fedde"",""engine"":""graphdb"",""engine_version"":""GraphDB (RDF4J) [engines.json profile]"",""scale"":""100M"",""base_endpoint_sha256"":""e1e370c3c3e41897f966ee22e8c7c98840f6ecade4ccb1698265b03c62141a2f"",""reified_endpoint_sha256"":""2c97fc305990d2aa1e0f09f37216d4d5b1419027440c3151c422415f0c836db8"",""update_endpoint_sha256"":""f3c05af6c7aa3bbf0aae501a61efa32804f36e642d32f61fe21875892b248a8a"",""base_data_identity_sha256"":""8a988dc83f4082a4f27503ba2906dc6b8733b3c02be567635c726c67bbd48314"",""reified_data_identity_sha256"":""16162702ccec82b2a0e27063cd04bd756a27af1f003b4cef0da976d843ef4725"",""update_for"":""reified"",""access_mode"":""writable"",""base_data_name"":""exploratory-base"",""reified_data_name"":""exploratory-reified"",""update_canary_sha256"":""41997fb8640d9e765a0272879a63548eb9bd46bbf6e49da02b7c924e506b94f7"",""store_instance_sha256"":""e6d3d236675cf5aefb65ff5897cc6e142b08e2a2be9e4af928e482100bc8e0bd"",""store_discriminator_sha256"":""2e884d94ace185d62b1b91debf493ccd0a69b83d08e74cf5f1c2be4851b14215"",""tool_sha256"":""7b43c2342d7676aa65cc9ee233b2184c9eae88f2663874af7ab1b83282f94ab4"",""java_runtime_sha256"":""6ffd10b28ab050230cdc1137f0bd16155c3a7c587add7fbe921d985fa92879fe"",""run_identity_sha256"":""78cbb9b8eddd8c0ae9609ac6d85ed516fc004b64596964a19187da7cec4384e2""}"
966642a2961472c5f660f752648dc2693518e858,graphdb,GraphDB (RDF4J) [engines.json profile],100M,S,S4,00,671868a81e6d66a398f91366390ceb3c4102f83d22f474a36fa5bf19079fedde,N,N_clean (NPCS reimplementation),err:network,,,,,,,0,1,3600.0,,,,,,,188.38308693375438,[],[],,[],,[],,[],r9.2-frozen-identity-v9,dfac415b5a6cbd6bca05218077d4301d6a1fc0d7ceff3e33f6c2c4c2d61d0e66,,,,,,,,,,,e1e370c3c3e41897f966ee22e8c7c98840f6ecade4ccb1698265b03c62141a2f,2c97fc305990d2aa1e0f09f37216d4d5b1419027440c3151c422415f0c836db8,f3c05af6c7aa3bbf0aae501a61efa32804f36e642d32f61fe21875892b248a8a,8a988dc83f4082a4f27503ba2906dc6b8733b3c02be567635c726c67bbd48314,16162702ccec82b2a0e27063cd04bd756a27af1f003b4cef0da976d843ef4725,reified,writable,exploratory-base,exploratory-reified,41997fb8640d9e765a0272879a63548eb9bd46bbf6e49da02b7c924e506b94f7,e6d3d236675cf5aefb65ff5897cc6e142b08e2a2be9e4af928e482100bc8e0bd,2e884d94ace185d62b1b91debf493ccd0a69b83d08e74cf5f1c2be4851b14215,7b43c2342d7676aa65cc9ee233b2184c9eae88f2663874af7ab1b83282f94ab4,6ffd10b28ab050230cdc1137f0bd16155c3a7c587add7fbe921d985fa92879fe,,,,78cbb9b8eddd8c0ae9609ac6d85ed516fc004b64596964a19187da7cec4384e2,"pcm-meta-v2:{""protocol"":""r9.2-frozen-identity-v9"",""message"":""[Errno 111] Connection refused"",""cell_wall_ms"":198.37,""c_parse_samples"":[],""c_protocol_samples"":[],""construct_total_samples"":[],""construct_unattributed_samples"":[],""status"":""err:network"",""status_evidence"":{""kind"":""retryable-transport"",""message"":""[Errno 111] Connection refused""},""construction_requested"":null,""construction_effective"":null,""commit"":""966642a2961472c5f660f752648dc2693518e858"",""batch_id"":""dfac415b5a6cbd6bca05218077d4301d6a1fc0d7ceff3e33f6c2c4c2d61d0e66"",""query_sha256"":""671868a81e6d66a398f91366390ceb3c4102f83d22f474a36fa5bf19079fedde"",""engine"":""graphdb"",""engine_version"":""GraphDB (RDF4J) [engines.json profile]"",""scale"":""100M"",""base_endpoint_sha256"":""e1e370c3c3e41897f966ee22e8c7c98840f6ecade4ccb1698265b03c62141a2f"",""reified_endpoint_sha256"":""2c97fc305990d2aa1e0f09f37216d4d5b1419027440c3151c422415f0c836db8"",""update_endpoint_sha256"":""f3c05af6c7aa3bbf0aae501a61efa32804f36e642d32f61fe21875892b248a8a"",""base_data_identity_sha256"":""8a988dc83f4082a4f27503ba2906dc6b8733b3c02be567635c726c67bbd48314"",""reified_data_identity_sha256"":""16162702ccec82b2a0e27063cd04bd756a27af1f003b4cef0da976d843ef4725"",""update_for"":""reified"",""access_mode"":""writable"",""base_data_name"":""exploratory-base"",""reified_data_name"":""exploratory-reified"",""update_canary_sha256"":""41997fb8640d9e765a0272879a63548eb9bd46bbf6e49da02b7c924e506b94f7"",""store_instance_sha256"":""e6d3d236675cf5aefb65ff5897cc6e142b08e2a2be9e4af928e482100bc8e0bd"",""store_discriminator_sha256"":""2e884d94ace185d62b1b91debf493ccd0a69b83d08e74cf5f1c2be4851b14215"",""tool_sha256"":""7b43c2342d7676aa65cc9ee233b2184c9eae88f2663874af7ab1b83282f94ab4"",""java_runtime_sha256"":""6ffd10b28ab050230cdc1137f0bd16155c3a7c587add7fbe921d985fa92879fe"",""run_identity_sha256"":""78cbb9b8eddd8c0ae9609ac6d85ed516fc004b64596964a19187da7cec4384e2""}"
966642a2961472c5f660f752648dc2693518e858,graphdb,GraphDB (RDF4J) [engines.json profile],100M,S,S4,00,671868a81e6d66a398f91366390ceb3c4102f83d22f474a36fa5bf19079fedde,C,SPARQLcirc CircuitRewriter,err:network,,,,,,,0,1,3600.0,,,,,,,358.0264369957149,[],[],,[],,[],,[],r9.2-frozen-identity-v9,dfac415b5a6cbd6bca05218077d4301d6a1fc0d7ceff3e33f6c2c4c2d61d0e66,,,,,,,,,,,e1e370c3c3e41897f966ee22e8c7c98840f6ecade4ccb1698265b03c62141a2f,2c97fc305990d2aa1e0f09f37216d4d5b1419027440c3151c422415f0c836db8,f3c05af6c7aa3bbf0aae501a61efa32804f36e642d32f61fe21875892b248a8a,8a988dc83f4082a4f27503ba2906dc6b8733b3c02be567635c726c67bbd48314,16162702ccec82b2a0e27063cd04bd756a27af1f003b4cef0da976d843ef4725,reified,writable,exploratory-base,exploratory-reified,41997fb8640d9e765a0272879a63548eb9bd46bbf6e49da02b7c924e506b94f7,e6d3d236675cf5aefb65ff5897cc6e142b08e2a2be9e4af928e482100bc8e0bd,2e884d94ace185d62b1b91debf493ccd0a69b83d08e74cf5f1c2be4851b14215,7b43c2342d7676aa65cc9ee233b2184c9eae88f2663874af7ab1b83282f94ab4,6ffd10b28ab050230cdc1137f0bd16155c3a7c587add7fbe921d985fa92879fe,,,,78cbb9b8eddd8c0ae9609ac6d85ed516fc004b64596964a19187da7cec4384e2,"pcm-meta-v2:{""protocol"":""r9.2-frozen-identity-v9"",""message"":""[Errno 111] Connection refused"",""cell_wall_ms"":367.031,""c_parse_samples"":[],""c_protocol_samples"":[],""construct_total_samples"":[],""construct_unattributed_samples"":[],""status"":""err:network"",""status_evidence"":{""kind"":""retryable-transport"",""message"":""[Errno 111] Connection refused""},""endpoint_lock"":{""wait_ms"":0.009,""lock_path"":""/tmp/sparqlcirc-r9-endpoint-locks-v7/e6d3d236675cf5aefb65ff5897cc6e142b08e2a2be9e4af928e482100bc8e0bd.lock""},""construction_requested"":null,""construction_effective"":null,""commit"":""966642a2961472c5f660f752648dc2693518e858"",""batch_id"":""dfac415b5a6cbd6bca05218077d4301d6a1fc0d7ceff3e33f6c2c4c2d61d0e66"",""query_sha256"":""671868a81e6d66a398f91366390ceb3c4102f83d22f474a36fa5bf19079fedde"",""engine"":""graphdb"",""engine_version"":""GraphDB (RDF4J) [engines.json profile]"",""scale"":""100M"",""base_endpoint_sha256"":""e1e370c3c3e41897f966ee22e8c7c98840f6ecade4ccb1698265b03c62141a2f"",""reified_endpoint_sha256"":""2c97fc305990d2aa1e0f09f37216d4d5b1419027440c3151c422415f0c836db8"",""update_endpoint_sha256"":""f3c05af6c7aa3bbf0aae501a61efa32804f36e642d32f61fe21875892b248a8a"",""base_data_identity_sha256"":""8a988dc83f4082a4f27503ba2906dc6b8733b3c02be567635c726c67bbd48314"",""reified_data_identity_sha256"":""16162702ccec82b2a0e27063cd04bd756a27af1f003b4cef0da976d843ef4725"",""update_for"":""reified"",""access_mode"":""writable"",""base_data_name"":""exploratory-base"",""reified_data_name"":""exploratory-reified"",""update_canary_sha256"":""41997fb8640d9e765a0272879a63548eb9bd46bbf6e49da02b7c924e506b94f7"",""store_instance_sha256"":""e6d3d236675cf5aefb65ff5897cc6e142b08e2a2be9e4af928e482100bc8e0bd"",""store_discriminator_sha256"":""2e884d94ace185d62b1b91debf493ccd0a69b83d08e74cf5f1c2be4851b14215"",""tool_sha256"":""7b43c2342d7676aa65cc9ee233b2184c9eae88f2663874af7ab1b83282f94ab4"",""java_runtime_sha256"":""6ffd10b28ab050230cdc1137f0bd16155c3a7c587add7fbe921d985fa92879fe"",""run_identity_sha256"":""78cbb9b8eddd8c0ae9609ac6d85ed516fc004b64596964a19187da7cec4384e2""}"
966642a2961472c5f660f752648dc2693518e858,graphdb,GraphDB (RDF4J) [engines.json profile],100M,S,S5,00,691e7a0abcd7232efe06742dc0cffd6f1c1bb58adb1206c47f9a3c8bb38753fb,B,base-select,err:network,,,,,,,0,1,3600.0,,,,,,,0.010800082236528397,[],[],,[],,[],,[],r9.2-frozen-identity-v9,dfac415b5a6cbd6bca05218077d4301d6a1fc0d7ceff3e33f6c2c4c2d61d0e66,,,,,,,,,,,e1e370c3c3e41897f966ee22e8c7c98840f6ecade4ccb1698265b03c62141a2f,2c97fc305990d2aa1e0f09f37216d4d5b1419027440c3151c422415f0c836db8,f3c05af6c7aa3bbf0aae501a61efa32804f36e642d32f61fe21875892b248a8a,8a988dc83f4082a4f27503ba2906dc6b8733b3c02be567635c726c67bbd48314,16162702ccec82b2a0e27063cd04bd756a27af1f003b4cef0da976d843ef4725,reified,writable,exploratory-base,exploratory-reified,41997fb8640d9e765a0272879a63548eb9bd46bbf6e49da02b7c924e506b94f7,e6d3d236675cf5aefb65ff5897cc6e142b08e2a2be9e4af928e482100bc8e0bd,2e884d94ace185d62b1b91debf493ccd0a69b83d08e74cf5f1c2be4851b14215,7b43c2342d7676aa65cc9ee233b2184c9eae88f2663874af7ab1b83282f94ab4,6ffd10b28ab050230cdc1137f0bd16155c3a7c587add7fbe921d985fa92879fe,,,,e79ffbfe57b1c3edae7042f909548875300b04c01fa27a3b29c1bb65370a25bd,"pcm-meta-v2:{""protocol"":""r9.2-frozen-identity-v9"",""message"":""[Errno 111] Connection refused"",""cell_wall_ms"":10.625,""c_parse_samples"":[],""c_protocol_samples"":[],""construct_total_samples"":[],""construct_unattributed_samples"":[],""status"":""err:network"",""status_evidence"":{""kind"":""retryable-transport"",""message"":""[Errno 111] Connection refused""},""construction_requested"":null,""construction_effective"":null,""commit"":""966642a2961472c5f660f752648dc2693518e858"",""batch_id"":""dfac415b5a6cbd6bca05218077d4301d6a1fc0d7ceff3e33f6c2c4c2d61d0e66"",""query_sha256"":""691e7a0abcd7232efe06742dc0cffd6f1c1bb58adb1206c47f9a3c8bb38753fb"",""engine"":""graphdb"",""engine_version"":""GraphDB (RDF4J) [engines.json profile]"",""scale"":""100M"",""base_endpoint_sha256"":""e1e370c3c3e41897f966ee22e8c7c98840f6ecade4ccb1698265b03c62141a2f"",""reified_endpoint_sha256"":""2c97fc305990d2aa1e0f09f37216d4d5b1419027440c3151c422415f0c836db8"",""update_endpoint_sha256"":""f3c05af6c7aa3bbf0aae501a61efa32804f36e642d32f61fe21875892b248a8a"",""base_data_identity_sha256"":""8a988dc83f4082a4f27503ba2906dc6b8733b3c02be567635c726c67bbd48314"",""reified_data_identity_sha256"":""16162702ccec82b2a0e27063cd04bd756a27af1f003b4cef0da976d843ef4725"",""update_for"":""reified"",""access_mode"":""writable"",""base_data_name"":""exploratory-base"",""reified_data_name"":""exploratory-reified"",""update_canary_sha256"":""41997fb8640d9e765a0272879a63548eb9bd46bbf6e49da02b7c924e506b94f7"",""store_instance_sha256"":""e6d3d236675cf5aefb65ff5897cc6e142b08e2a2be9e4af928e482100bc8e0bd"",""store_discriminator_sha256"":""2e884d94ace185d62b1b91debf493ccd0a69b83d08e74cf5f1c2be4851b14215"",""tool_sha256"":""7b43c2342d7676aa65cc9ee233b2184c9eae88f2663874af7ab1b83282f94ab4"",""java_runtime_sha256"":""6ffd10b28ab050230cdc1137f0bd16155c3a7c587add7fbe921d985fa92879fe"",""run_identity_sha256"":""e79ffbfe57b1c3edae7042f909548875300b04c01fa27a3b29c1bb65370a25bd""}"
966642a2961472c5f660f752648dc2693518e858,graphdb,GraphDB (RDF4J) [engines.json profile],100M,S,S5,00,691e7a0abcd7232efe06742dc0cffd6f1c1bb58adb1206c47f9a3c8bb38753fb,R,reification-only,err:network,,,,,,,0,1,3600.0,,,,,,,130.7505670702085,[],[],,[],,[],,[],r9.2-frozen-identity-v9,dfac415b5a6cbd6bca05218077d4301d6a1fc0d7ceff3e33f6c2c4c2d61d0e66,,,,,,,,,,,e1e370c3c3e41897f966ee22e8c7c98840f6ecade4ccb1698265b03c62141a2f,2c97fc305990d2aa1e0f09f37216d4d5b1419027440c3151c422415f0c836db8,f3c05af6c7aa3bbf0aae501a61efa32804f36e642d32f61fe21875892b248a8a,8a988dc83f4082a4f27503ba2906dc6b8733b3c02be567635c726c67bbd48314,16162702ccec82b2a0e27063cd04bd756a27af1f003b4cef0da976d843ef4725,reified,writable,exploratory-base,exploratory-reified,41997fb8640d9e765a0272879a63548eb9bd46bbf6e49da02b7c924e506b94f7,e6d3d236675cf5aefb65ff5897cc6e142b08e2a2be9e4af928e482100bc8e0bd,2e884d94ace185d62b1b91debf493ccd0a69b83d08e74cf5f1c2be4851b14215,7b43c2342d7676aa65cc9ee233b2184c9eae88f2663874af7ab1b83282f94ab4,6ffd10b28ab050230cdc1137f0bd16155c3a7c587add7fbe921d985fa92879fe,,,,e79ffbfe57b1c3edae7042f909548875300b04c01fa27a3b29c1bb65370a25bd,"pcm-meta-v2:{""protocol"":""r9.2-frozen-identity-v9"",""message"":""[Errno 111] Connection refused"",""cell_wall_ms"":141.675,""c_parse_samples"":[],""c_protocol_samples"":[],""construct_total_samples"":[],""construct_unattributed_samples"":[],""status"":""err:network"",""status_evidence"":{""kind"":""retryable-transport"",""message"":""[Errno 111] Connection refused""},""construction_requested"":null,""construction_effective"":null,""commit"":""966642a2961472c5f660f752648dc2693518e858"",""batch_id"":""dfac415b5a6cbd6bca05218077d4301d6a1fc0d7ceff3e33f6c2c4c2d61d0e66"",""query_sha256"":""691e7a0abcd7232efe06742dc0cffd6f1c1bb58adb1206c47f9a3c8bb38753fb"",""engine"":""graphdb"",""engine_version"":""GraphDB (RDF4J) [engines.json profile]"",""scale"":""100M"",""base_endpoint_sha256"":""e1e370c3c3e41897f966ee22e8c7c98840f6ecade4ccb1698265b03c62141a2f"",""reified_endpoint_sha256"":""2c97fc305990d2aa1e0f09f37216d4d5b1419027440c3151c422415f0c836db8"",""update_endpoint_sha256"":""f3c05af6c7aa3bbf0aae501a61efa32804f36e642d32f61fe21875892b248a8a"",""base_data_identity_sha256"":""8a988dc83f4082a4f27503ba2906dc6b8733b3c02be567635c726c67bbd48314"",""reified_data_identity_sha256"":""16162702ccec82b2a0e27063cd04bd756a27af1f003b4cef0da976d843ef4725"",""update_for"":""reified"",""access_mode"":""writable"",""base_data_name"":""exploratory-base"",""reified_data_name"":""exploratory-reified"",""update_canary_sha256"":""41997fb8640d9e765a0272879a63548eb9bd46bbf6e49da02b7c924e506b94f7"",""store_instance_sha256"":""e6d3d236675cf5aefb65ff5897cc6e142b08e2a2be9e4af928e482100bc8e0bd"",""store_discriminator_sha256"":""2e884d94ace185d62b1b91debf493ccd0a69b83d08e74cf5f1c2be4851b14215"",""tool_sha256"":""7b43c2342d7676aa65cc9ee233b2184c9eae88f2663874af7ab1b83282f94ab4"",""java_runtime_sha256"":""6ffd10b28ab050230cdc1137f0bd16155c3a7c587add7fbe921d985fa92879fe"",""run_identity_sha256"":""e79ffbfe57b1c3edae7042f909548875300b04c01fa27a3b29c1bb65370a25bd""}"
966642a2961472c5f660f752648dc2693518e858,graphdb,GraphDB (RDF4J) [engines.json profile],100M,S,S5,00,691e7a0abcd7232efe06742dc0cffd6f1c1bb58adb1206c47f9a3c8bb38753fb,N,N_clean (NPCS reimplementation),err:network,,,,,,,0,1,3600.0,,,,,,,175.75291392859071,[],[],,[],,[],,[],r9.2-frozen-identity-v9,dfac415b5a6cbd6bca05218077d4301d6a1fc0d7ceff3e33f6c2c4c2d61d0e66,,,,,,,,,,,e1e370c3c3e41897f966ee22e8c7c98840f6ecade4ccb1698265b03c62141a2f,2c97fc305990d2aa1e0f09f37216d4d5b1419027440c3151c422415f0c836db8,f3c05af6c7aa3bbf0aae501a61efa32804f36e642d32f61fe21875892b248a8a,8a988dc83f4082a4f27503ba2906dc6b8733b3c02be567635c726c67bbd48314,16162702ccec82b2a0e27063cd04bd756a27af1f003b4cef0da976d843ef4725,reified,writable,exploratory-base,exploratory-reified,41997fb8640d9e765a0272879a63548eb9bd46bbf6e49da02b7c924e506b94f7,e6d3d236675cf5aefb65ff5897cc6e142b08e2a2be9e4af928e482100bc8e0bd,2e884d94ace185d62b1b91debf493ccd0a69b83d08e74cf5f1c2be4851b14215,7b43c2342d7676aa65cc9ee233b2184c9eae88f2663874af7ab1b83282f94ab4,6ffd10b28ab050230cdc1137f0bd16155c3a7c587add7fbe921d985fa92879fe,,,,e79ffbfe57b1c3edae7042f909548875300b04c01fa27a3b29c1bb65370a25bd,"pcm-meta-v2:{""protocol"":""r9.2-frozen-identity-v9"",""message"":""[Errno 111] Connection refused"",""cell_wall_ms"":185.616,""c_parse_samples"":[],""c_protocol_samples"":[],""construct_total_samples"":[],""construct_unattributed_samples"":[],""status"":""err:network"",""status_evidence"":{""kind"":""retryable-transport"",""message"":""[Errno 111] Connection refused""},""construction_requested"":null,""construction_effective"":null,""commit"":""966642a2961472c5f660f752648dc2693518e858"",""batch_id"":""dfac415b5a6cbd6bca05218077d4301d6a1fc0d7ceff3e33f6c2c4c2d61d0e66"",""query_sha256"":""691e7a0abcd7232efe06742dc0cffd6f1c1bb58adb1206c47f9a3c8bb38753fb"",""engine"":""graphdb"",""engine_version"":""GraphDB (RDF4J) [engines.json profile]"",""scale"":""100M"",""base_endpoint_sha256"":""e1e370c3c3e41897f966ee22e8c7c98840f6ecade4ccb1698265b03c62141a2f"",""reified_endpoint_sha256"":""2c97fc305990d2aa1e0f09f37216d4d5b1419027440c3151c422415f0c836db8"",""update_endpoint_sha256"":""f3c05af6c7aa3bbf0aae501a61efa32804f36e642d32f61fe21875892b248a8a"",""base_data_identity_sha256"":""8a988dc83f4082a4f27503ba2906dc6b8733b3c02be567635c726c67bbd48314"",""reified_data_identity_sha256"":""16162702ccec82b2a0e27063cd04bd756a27af1f003b4cef0da976d843ef4725"",""update_for"":""reified"",""access_mode"":""writable"",""base_data_name"":""exploratory-base"",""reified_data_name"":""exploratory-reified"",""update_canary_sha256"":""41997fb8640d9e765a0272879a63548eb9bd46bbf6e49da02b7c924e506b94f7"",""store_instance_sha256"":""e6d3d236675cf5aefb65ff5897cc6e142b08e2a2be9e4af928e482100bc8e0bd"",""store_discriminator_sha256"":""2e884d94ace185d62b1b91debf493ccd0a69b83d08e74cf5f1c2be4851b14215"",""tool_sha256"":""7b43c2342d7676aa65cc9ee233b2184c9eae88f2663874af7ab1b83282f94ab4"",""java_runtime_sha256"":""6ffd10b28ab050230cdc1137f0bd16155c3a7c587add7fbe921d985fa92879fe"",""run_identity_sha256"":""e79ffbfe57b1c3edae7042f909548875300b04c01fa27a3b29c1bb65370a25bd""}"
966642a2961472c5f660f752648dc2693518e858,graphdb,GraphDB (RDF4J) [engines.json profile],100M,S,S5,00,691e7a0abcd7232efe06742dc0cffd6f1c1bb58adb1206c47f9a3c8bb38753fb,C,SPARQLcirc CircuitRewriter,err:network,,,,,,,0,1,3600.0,,,,,,,347.9917040094733,[],[],,[],,[],,[],r9.2-frozen-identity-v9,dfac415b5a6cbd6bca05218077d4301d6a1fc0d7ceff3e33f6c2c4c2d61d0e66,,,,,,,,,,,e1e370c3c3e41897f966ee22e8c7c98840f6ecade4ccb1698265b03c62141a2f,2c97fc305990d2aa1e0f09f37216d4d5b1419027440c3151c422415f0c836db8,f3c05af6c7aa3bbf0aae501a61efa32804f36e642d32f61fe21875892b248a8a,8a988dc83f4082a4f27503ba2906dc6b8733b3c02be567635c726c67bbd48314,16162702ccec82b2a0e27063cd04bd756a27af1f003b4cef0da976d843ef4725,reified,writable,exploratory-base,exploratory-reified,41997fb8640d9e765a0272879a63548eb9bd46bbf6e49da02b7c924e506b94f7,e6d3d236675cf5aefb65ff5897cc6e142b08e2a2be9e4af928e482100bc8e0bd,2e884d94ace185d62b1b91debf493ccd0a69b83d08e74cf5f1c2be4851b14215,7b43c2342d7676aa65cc9ee233b2184c9eae88f2663874af7ab1b83282f94ab4,6ffd10b28ab050230cdc1137f0bd16155c3a7c587add7fbe921d985fa92879fe,,,,e79ffbfe57b1c3edae7042f909548875300b04c01fa27a3b29c1bb65370a25bd,"pcm-meta-v2:{""protocol"":""r9.2-frozen-identity-v9"",""message"":""[Errno 111] Connection refused"",""cell_wall_ms"":356.83,""c_parse_samples"":[],""c_protocol_samples"":[],""construct_total_samples"":[],""construct_unattributed_samples"":[],""status"":""err:network"",""status_evidence"":{""kind"":""retryable-transport"",""message"":""[Errno 111] Connection refused""},""endpoint_lock"":{""wait_ms"":0.009,""lock_path"":""/tmp/sparqlcirc-r9-endpoint-locks-v7/e6d3d236675cf5aefb65ff5897cc6e142b08e2a2be9e4af928e482100bc8e0bd.lock""},""construction_requested"":null,""construction_effective"":null,""commit"":""966642a2961472c5f660f752648dc2693518e858"",""batch_id"":""dfac415b5a6cbd6bca05218077d4301d6a1fc0d7ceff3e33f6c2c4c2d61d0e66"",""query_sha256"":""691e7a0abcd7232efe06742dc0cffd6f1c1bb58adb1206c47f9a3c8bb38753fb"",""engine"":""graphdb"",""engine_version"":""GraphDB (RDF4J) [engines.json profile]"",""scale"":""100M"",""base_endpoint_sha256"":""e1e370c3c3e41897f966ee22e8c7c98840f6ecade4ccb1698265b03c62141a2f"",""reified_endpoint_sha256"":""2c97fc305990d2aa1e0f09f37216d4d5b1419027440c3151c422415f0c836db8"",""update_endpoint_sha256"":""f3c05af6c7aa3bbf0aae501a61efa32804f36e642d32f61fe21875892b248a8a"",""base_data_identity_sha256"":""8a988dc83f4082a4f27503ba2906dc6b8733b3c02be567635c726c67bbd48314"",""reified_data_identity_sha256"":""16162702ccec82b2a0e27063cd04bd756a27af1f003b4cef0da976d843ef4725"",""update_for"":""reified"",""access_mode"":""writable"",""base_data_name"":""exploratory-base"",""reified_data_name"":""exploratory-reified"",""update_canary_sha256"":""41997fb8640d9e765a0272879a63548eb9bd46bbf6e49da02b7c924e506b94f7"",""store_instance_sha256"":""e6d3d236675cf5aefb65ff5897cc6e142b08e2a2be9e4af928e482100bc8e0bd"",""store_discriminator_sha256"":""2e884d94ace185d62b1b91debf493ccd0a69b83d08e74cf5f1c2be4851b14215"",""tool_sha256"":""7b43c2342d7676aa65cc9ee233b2184c9eae88f2663874af7ab1b83282f94ab4"",""java_runtime_sha256"":""6ffd10b28ab050230cdc1137f0bd16155c3a7c587add7fbe921d985fa92879fe"",""run_identity_sha256"":""e79ffbfe57b1c3edae7042f909548875300b04c01fa27a3b29c1bb65370a25bd""}"
966642a2961472c5f660f752648dc2693518e858,graphdb,GraphDB (RDF4J) [engines.json profile],100M,S,S6,00,3a9de4be91a376d912945053f743c79042392d6a11ce089a2d71c37c156ec248,B,base-select,err:network,,,,,,,0,1,3600.0,,,,,,,0.01009996049106121,[],[],,[],,[],,[],r9.2-frozen-identity-v9,dfac415b5a6cbd6bca05218077d4301d6a1fc0d7ceff3e33f6c2c4c2d61d0e66,,,,,,,,,,,e1e370c3c3e41897f966ee22e8c7c98840f6ecade4ccb1698265b03c62141a2f,2c97fc305990d2aa1e0f09f37216d4d5b1419027440c3151c422415f0c836db8,f3c05af6c7aa3bbf0aae501a61efa32804f36e642d32f61fe21875892b248a8a,8a988dc83f4082a4f27503ba2906dc6b8733b3c02be567635c726c67bbd48314,16162702ccec82b2a0e27063cd04bd756a27af1f003b4cef0da976d843ef4725,reified,writable,exploratory-base,exploratory-reified,41997fb8640d9e765a0272879a63548eb9bd46bbf6e49da02b7c924e506b94f7,e6d3d236675cf5aefb65ff5897cc6e142b08e2a2be9e4af928e482100bc8e0bd,2e884d94ace185d62b1b91debf493ccd0a69b83d08e74cf5f1c2be4851b14215,7b43c2342d7676aa65cc9ee233b2184c9eae88f2663874af7ab1b83282f94ab4,6ffd10b28ab050230cdc1137f0bd16155c3a7c587add7fbe921d985fa92879fe,,,,07570a2f33742b2934a74d84cc475ae340616597b6bac526cd6ed276112e537d,"pcm-meta-v2:{""protocol"":""r9.2-frozen-identity-v9"",""message"":""[Errno 111] Connection refused"",""cell_wall_ms"":9.871,""c_parse_samples"":[],""c_protocol_samples"":[],""construct_total_samples"":[],""construct_unattributed_samples"":[],""status"":""err:network"",""status_evidence"":{""kind"":""retryable-transport"",""message"":""[Errno 111] Connection refused""},""construction_requested"":null,""construction_effective"":null,""commit"":""966642a2961472c5f660f752648dc2693518e858"",""batch_id"":""dfac415b5a6cbd6bca05218077d4301d6a1fc0d7ceff3e33f6c2c4c2d61d0e66"",""query_sha256"":""3a9de4be91a376d912945053f743c79042392d6a11ce089a2d71c37c156ec248"",""engine"":""graphdb"",""engine_version"":""GraphDB (RDF4J) [engines.json profile]"",""scale"":""100M"",""base_endpoint_sha256"":""e1e370c3c3e41897f966ee22e8c7c98840f6ecade4ccb1698265b03c62141a2f"",""reified_endpoint_sha256"":""2c97fc305990d2aa1e0f09f37216d4d5b1419027440c3151c422415f0c836db8"",""update_endpoint_sha256"":""f3c05af6c7aa3bbf0aae501a61efa32804f36e642d32f61fe21875892b248a8a"",""base_data_identity_sha256"":""8a988dc83f4082a4f27503ba2906dc6b8733b3c02be567635c726c67bbd48314"",""reified_data_identity_sha256"":""16162702ccec82b2a0e27063cd04bd756a27af1f003b4cef0da976d843ef4725"",""update_for"":""reified"",""access_mode"":""writable"",""base_data_name"":""exploratory-base"",""reified_data_name"":""exploratory-reified"",""update_canary_sha256"":""41997fb8640d9e765a0272879a63548eb9bd46bbf6e49da02b7c924e506b94f7"",""store_instance_sha256"":""e6d3d236675cf5aefb65ff5897cc6e142b08e2a2be9e4af928e482100bc8e0bd"",""store_discriminator_sha256"":""2e884d94ace185d62b1b91debf493ccd0a69b83d08e74cf5f1c2be4851b14215"",""tool_sha256"":""7b43c2342d7676aa65cc9ee233b2184c9eae88f2663874af7ab1b83282f94ab4"",""java_runtime_sha256"":""6ffd10b28ab050230cdc1137f0bd16155c3a7c587add7fbe921d985fa92879fe"",""run_identity_sha256"":""07570a2f33742b2934a74d84cc475ae340616597b6bac526cd6ed276112e537d""}"
966642a2961472c5f660f752648dc2693518e858,graphdb,GraphDB (RDF4J) [engines.json profile],100M,S,S6,00,3a9de4be91a376d912945053f743c79042392d6a11ce089a2d71c37c156ec248,R,reification-only,err:network,,,,,,,0,1,3600.0,,,,,,,129.9540150212124,[],[],,[],,[],,[],r9.2-frozen-identity-v9,dfac415b5a6cbd6bca05218077d4301d6a1fc0d7ceff3e33f6c2c4c2d61d0e66,,,,,,,,,,,e1e370c3c3e41897f966ee22e8c7c98840f6ecade4ccb1698265b03c62141a2f,2c97fc305990d2aa1e0f09f37216d4d5b1419027440c3151c422415f0c836db8,f3c05af6c7aa3bbf0aae501a61efa32804f36e642d32f61fe21875892b248a8a,8a988dc83f4082a4f27503ba2906dc6b8733b3c02be567635c726c67bbd48314,16162702ccec82b2a0e27063cd04bd756a27af1f003b4cef0da976d843ef4725,reified,writable,exploratory-base,exploratory-reified,41997fb8640d9e765a0272879a63548eb9bd46bbf6e49da02b7c924e506b94f7,e6d3d236675cf5aefb65ff5897cc6e142b08e2a2be9e4af928e482100bc8e0bd,2e884d94ace185d62b1b91debf493ccd0a69b83d08e74cf5f1c2be4851b14215,7b43c2342d7676aa65cc9ee233b2184c9eae88f2663874af7ab1b83282f94ab4,6ffd10b28ab050230cdc1137f0bd16155c3a7c587add7fbe921d985fa92879fe,,,,07570a2f33742b2934a74d84cc475ae340616597b6bac526cd6ed276112e537d,"pcm-meta-v2:{""protocol"":""r9.2-frozen-identity-v9"",""message"":""[Errno 111] Connection refused"",""cell_wall_ms"":140.535,""c_parse_samples"":[],""c_protocol_samples"":[],""construct_total_samples"":[],""construct_unattributed_samples"":[],""status"":""err:network"",""status_evidence"":{""kind"":""retryable-transport"",""message"":""[Errno 111] Connection refused""},""construction_requested"":null,""construction_effective"":null,""commit"":""966642a2961472c5f660f752648dc2693518e858"",""batch_id"":""dfac415b5a6cbd6bca05218077d4301d6a1fc0d7ceff3e33f6c2c4c2d61d0e66"",""query_sha256"":""3a9de4be91a376d912945053f743c79042392d6a11ce089a2d71c37c156ec248"",""engine"":""graphdb"",""engine_version"":""GraphDB (RDF4J) [engines.json profile]"",""scale"":""100M"",""base_endpoint_sha256"":""e1e370c3c3e41897f966ee22e8c7c98840f6ecade4ccb1698265b03c62141a2f"",""reified_endpoint_sha256"":""2c97fc305990d2aa1e0f09f37216d4d5b1419027440c3151c422415f0c836db8"",""update_endpoint_sha256"":""f3c05af6c7aa3bbf0aae501a61efa32804f36e642d32f61fe21875892b248a8a"",""base_data_identity_sha256"":""8a988dc83f4082a4f27503ba2906dc6b8733b3c02be567635c726c67bbd48314"",""reified_data_identity_sha256"":""16162702ccec82b2a0e27063cd04bd756a27af1f003b4cef0da976d843ef4725"",""update_for"":""reified"",""access_mode"":""writable"",""base_data_name"":""exploratory-base"",""reified_data_name"":""exploratory-reified"",""update_canary_sha256"":""41997fb8640d9e765a0272879a63548eb9bd46bbf6e49da02b7c924e506b94f7"",""store_instance_sha256"":""e6d3d236675cf5aefb65ff5897cc6e142b08e2a2be9e4af928e482100bc8e0bd"",""store_discriminator_sha256"":""2e884d94ace185d62b1b91debf493ccd0a69b83d08e74cf5f1c2be4851b14215"",""tool_sha256"":""7b43c2342d7676aa65cc9ee233b2184c9eae88f2663874af7ab1b83282f94ab4"",""java_runtime_sha256"":""6ffd10b28ab050230cdc1137f0bd16155c3a7c587add7fbe921d985fa92879fe"",""run_identity_sha256"":""07570a2f33742b2934a74d84cc475ae340616597b6bac526cd6ed276112e537d""}"
966642a2961472c5f660f752648dc2693518e858,graphdb,GraphDB (RDF4J) [engines.json profile],100M,S,S6,00,3a9de4be91a376d912945053f743c79042392d6a11ce089a2d71c37c156ec248,N,N_clean (NPCS reimplementation),err:network,,,,,,,0,1,3600.0,,,,,,,185.14805706217885,[],[],,[],,[],,[],r9.2-frozen-identity-v9,dfac415b5a6cbd6bca05218077d4301d6a1fc0d7ceff3e33f6c2c4c2d61d0e66,,,,,,,,,,,e1e370c3c3e41897f966ee22e8c7c98840f6ecade4ccb1698265b03c62141a2f,2c97fc305990d2aa1e0f09f37216d4d5b1419027440c3151c422415f0c836db8,f3c05af6c7aa3bbf0aae501a61efa32804f36e642d32f61fe21875892b248a8a,8a988dc83f4082a4f27503ba2906dc6b8733b3c02be567635c726c67bbd48314,16162702ccec82b2a0e27063cd04bd756a27af1f003b4cef0da976d843ef4725,reified,writable,exploratory-base,exploratory-reified,41997fb8640d9e765a0272879a63548eb9bd46bbf6e49da02b7c924e506b94f7,e6d3d236675cf5aefb65ff5897cc6e142b08e2a2be9e4af928e482100bc8e0bd,2e884d94ace185d62b1b91debf493ccd0a69b83d08e74cf5f1c2be4851b14215,7b43c2342d7676aa65cc9ee233b2184c9eae88f2663874af7ab1b83282f94ab4,6ffd10b28ab050230cdc1137f0bd16155c3a7c587add7fbe921d985fa92879fe,,,,07570a2f33742b2934a74d84cc475ae340616597b6bac526cd6ed276112e537d,"pcm-meta-v2:{""protocol"":""r9.2-frozen-identity-v9"",""message"":""[Errno 111] Connection refused"",""cell_wall_ms"":195.115,""c_parse_samples"":[],""c_protocol_samples"":[],""construct_total_samples"":[],""construct_unattributed_samples"":[],""status"":""err:network"",""status_evidence"":{""kind"":""retryable-transport"",""message"":""[Errno 111] Connection refused""},""construction_requested"":null,""construction_effective"":null,""commit"":""966642a2961472c5f660f752648dc2693518e858"",""batch_id"":""dfac415b5a6cbd6bca05218077d4301d6a1fc0d7ceff3e33f6c2c4c2d61d0e66"",""query_sha256"":""3a9de4be91a376d912945053f743c79042392d6a11ce089a2d71c37c156ec248"",""engine"":""graphdb"",""engine_version"":""GraphDB (RDF4J) [engines.json profile]"",""scale"":""100M"",""base_endpoint_sha256"":""e1e370c3c3e41897f966ee22e8c7c98840f6ecade4ccb1698265b03c62141a2f"",""reified_endpoint_sha256"":""2c97fc305990d2aa1e0f09f37216d4d5b1419027440c3151c422415f0c836db8"",""update_endpoint_sha256"":""f3c05af6c7aa3bbf0aae501a61efa32804f36e642d32f61fe21875892b248a8a"",""base_data_identity_sha256"":""8a988dc83f4082a4f27503ba2906dc6b8733b3c02be567635c726c67bbd48314"",""reified_data_identity_sha256"":""16162702ccec82b2a0e27063cd04bd756a27af1f003b4cef0da976d843ef4725"",""update_for"":""reified"",""access_mode"":""writable"",""base_data_name"":""exploratory-base"",""reified_data_name"":""exploratory-reified"",""update_canary_sha256"":""41997fb8640d9e765a0272879a63548eb9bd46bbf6e49da02b7c924e506b94f7"",""store_instance_sha256"":""e6d3d236675cf5aefb65ff5897cc6e142b08e2a2be9e4af928e482100bc8e0bd"",""store_discriminator_sha256"":""2e884d94ace185d62b1b91debf493ccd0a69b83d08e74cf5f1c2be4851b14215"",""tool_sha256"":""7b43c2342d7676aa65cc9ee233b2184c9eae88f2663874af7ab1b83282f94ab4"",""java_runtime_sha256"":""6ffd10b28ab050230cdc1137f0bd16155c3a7c587add7fbe921d985fa92879fe"",""run_identity_sha256"":""07570a2f33742b2934a74d84cc475ae340616597b6bac526cd6ed276112e537d""}"
966642a2961472c5f660f752648dc2693518e858,graphdb,GraphDB (RDF4J) [engines.json profile],100M,S,S6,00,3a9de4be91a376d912945053f743c79042392d6a11ce089a2d71c37c156ec248,C,SPARQLcirc CircuitRewriter,err:network,,,,,,,0,1,3600.0,,,,,,,354.29878102149814,[],[],,[],,[],,[],r9.2-frozen-identity-v9,dfac415b5a6cbd6bca05218077d4301d6a1fc0d7ceff3e33f6c2c4c2d61d0e66,,,,,,,,,,,e1e370c3c3e41897f966ee22e8c7c98840f6ecade4ccb1698265b03c62141a2f,2c97fc305990d2aa1e0f09f37216d4d5b1419027440c3151c422415f0c836db8,f3c05af6c7aa3bbf0aae501a61efa32804f36e642d32f61fe21875892b248a8a,8a988dc83f4082a4f27503ba2906dc6b8733b3c02be567635c726c67bbd48314,16162702ccec82b2a0e27063cd04bd756a27af1f003b4cef0da976d843ef4725,reified,writable,exploratory-base,exploratory-reified,41997fb8640d9e765a0272879a63548eb9bd46bbf6e49da02b7c924e506b94f7,e6d3d236675cf5aefb65ff5897cc6e142b08e2a2be9e4af928e482100bc8e0bd,2e884d94ace185d62b1b91debf493ccd0a69b83d08e74cf5f1c2be4851b14215,7b43c2342d7676aa65cc9ee233b2184c9eae88f2663874af7ab1b83282f94ab4,6ffd10b28ab050230cdc1137f0bd16155c3a7c587add7fbe921d985fa92879fe,,,,07570a2f33742b2934a74d84cc475ae340616597b6bac526cd6ed276112e537d,"pcm-meta-v2:{""protocol"":""r9.2-frozen-identity-v9"",""message"":""[Errno 111] Connection refused"",""cell_wall_ms"":363.813,""c_parse_samples"":[],""c_protocol_samples"":[],""construct_total_samples"":[],""construct_unattributed_samples"":[],""status"":""err:network"",""status_evidence"":{""kind"":""retryable-transport"",""message"":""[Errno 111] Connection refused""},""endpoint_lock"":{""wait_ms"":0.009,""lock_path"":""/tmp/sparqlcirc-r9-endpoint-locks-v7/e6d3d236675cf5aefb65ff5897cc6e142b08e2a2be9e4af928e482100bc8e0bd.lock""},""construction_requested"":null,""construction_effective"":null,""commit"":""966642a2961472c5f660f752648dc2693518e858"",""batch_id"":""dfac415b5a6cbd6bca05218077d4301d6a1fc0d7ceff3e33f6c2c4c2d61d0e66"",""query_sha256"":""3a9de4be91a376d912945053f743c79042392d6a11ce089a2d71c37c156ec248"",""engine"":""graphdb"",""engine_version"":""GraphDB (RDF4J) [engines.json profile]"",""scale"":""100M"",""base_endpoint_sha256"":""e1e370c3c3e41897f966ee22e8c7c98840f6ecade4ccb1698265b03c62141a2f"",""reified_endpoint_sha256"":""2c97fc305990d2aa1e0f09f37216d4d5b1419027440c3151c422415f0c836db8"",""update_endpoint_sha256"":""f3c05af6c7aa3bbf0aae501a61efa32804f36e642d32f61fe21875892b248a8a"",""base_data_identity_sha256"":""8a988dc83f4082a4f27503ba2906dc6b8733b3c02be567635c726c67bbd48314"",""reified_data_identity_sha256"":""16162702ccec82b2a0e27063cd04bd756a27af1f003b4cef0da976d843ef4725"",""update_for"":""reified"",""access_mode"":""writable"",""base_data_name"":""exploratory-base"",""reified_data_name"":""exploratory-reified"",""update_canary_sha256"":""41997fb8640d9e765a0272879a63548eb9bd46bbf6e49da02b7c924e506b94f7"",""store_instance_sha256"":""e6d3d236675cf5aefb65ff5897cc6e142b08e2a2be9e4af928e482100bc8e0bd"",""store_discriminator_sha256"":""2e884d94ace185d62b1b91debf493ccd0a69b83d08e74cf5f1c2be4851b14215"",""tool_sha256"":""7b43c2342d7676aa65cc9ee233b2184c9eae88f2663874af7ab1b83282f94ab4"",""java_runtime_sha256"":""6ffd10b28ab050230cdc1137f0bd16155c3a7c587add7fbe921d985fa92879fe"",""run_identity_sha256"":""07570a2f33742b2934a74d84cc475ae340616597b6bac526cd6ed276112e537d""}"
966642a2961472c5f660f752648dc2693518e858,graphdb,GraphDB (RDF4J) [engines.json profile],100M,S,S7,00,6c8f2b502c6afedd00f5544bb49e027212b77b9a59795ef8c9b65d12c3234eb1,B,base-select,err:network,,,,,,,0,1,3600.0,,,,,,,0.010239891707897186,[],[],,[],,[],,[],r9.2-frozen-identity-v9,dfac415b5a6cbd6bca05218077d4301d6a1fc0d7ceff3e33f6c2c4c2d61d0e66,,,,,,,,,,,e1e370c3c3e41897f966ee22e8c7c98840f6ecade4ccb1698265b03c62141a2f,2c97fc305990d2aa1e0f09f37216d4d5b1419027440c3151c422415f0c836db8,f3c05af6c7aa3bbf0aae501a61efa32804f36e642d32f61fe21875892b248a8a,8a988dc83f4082a4f27503ba2906dc6b8733b3c02be567635c726c67bbd48314,16162702ccec82b2a0e27063cd04bd756a27af1f003b4cef0da976d843ef4725,reified,writable,exploratory-base,exploratory-reified,41997fb8640d9e765a0272879a63548eb9bd46bbf6e49da02b7c924e506b94f7,e6d3d236675cf5aefb65ff5897cc6e142b08e2a2be9e4af928e482100bc8e0bd,2e884d94ace185d62b1b91debf493ccd0a69b83d08e74cf5f1c2be4851b14215,7b43c2342d7676aa65cc9ee233b2184c9eae88f2663874af7ab1b83282f94ab4,6ffd10b28ab050230cdc1137f0bd16155c3a7c587add7fbe921d985fa92879fe,,,,d2e4fa21f6102468c269a5bb6908a11bc488b54b020521b631d2f47e4468ff21,"pcm-meta-v2:{""protocol"":""r9.2-frozen-identity-v9"",""message"":""[Errno 111] Connection refused"",""cell_wall_ms"":10.02,""c_parse_samples"":[],""c_protocol_samples"":[],""construct_total_samples"":[],""construct_unattributed_samples"":[],""status"":""err:network"",""status_evidence"":{""kind"":""retryable-transport"",""message"":""[Errno 111] Connection refused""},""construction_requested"":null,""construction_effective"":null,""commit"":""966642a2961472c5f660f752648dc2693518e858"",""batch_id"":""dfac415b5a6cbd6bca05218077d4301d6a1fc0d7ceff3e33f6c2c4c2d61d0e66"",""query_sha256"":""6c8f2b502c6afedd00f5544bb49e027212b77b9a59795ef8c9b65d12c3234eb1"",""engine"":""graphdb"",""engine_version"":""GraphDB (RDF4J) [engines.json profile]"",""scale"":""100M"",""base_endpoint_sha256"":""e1e370c3c3e41897f966ee22e8c7c98840f6ecade4ccb1698265b03c62141a2f"",""reified_endpoint_sha256"":""2c97fc305990d2aa1e0f09f37216d4d5b1419027440c3151c422415f0c836db8"",""update_endpoint_sha256"":""f3c05af6c7aa3bbf0aae501a61efa32804f36e642d32f61fe21875892b248a8a"",""base_data_identity_sha256"":""8a988dc83f4082a4f27503ba2906dc6b8733b3c02be567635c726c67bbd48314"",""reified_data_identity_sha256"":""16162702ccec82b2a0e27063cd04bd756a27af1f003b4cef0da976d843ef4725"",""update_for"":""reified"",""access_mode"":""writable"",""base_data_name"":""exploratory-base"",""reified_data_name"":""exploratory-reified"",""update_canary_sha256"":""41997fb8640d9e765a0272879a63548eb9bd46bbf6e49da02b7c924e506b94f7"",""store_instance_sha256"":""e6d3d236675cf5aefb65ff5897cc6e142b08e2a2be9e4af928e482100bc8e0bd"",""store_discriminator_sha256"":""2e884d94ace185d62b1b91debf493ccd0a69b83d08e74cf5f1c2be4851b14215"",""tool_sha256"":""7b43c2342d7676aa65cc9ee233b2184c9eae88f2663874af7ab1b83282f94ab4"",""java_runtime_sha256"":""6ffd10b28ab050230cdc1137f0bd16155c3a7c587add7fbe921d985fa92879fe"",""run_identity_sha256"":""d2e4fa21f6102468c269a5bb6908a11bc488b54b020521b631d2f47e4468ff21""}"
966642a2961472c5f660f752648dc2693518e858,graphdb,GraphDB (RDF4J) [engines.json profile],100M,S,S7,00,6c8f2b502c6afedd00f5544bb49e027212b77b9a59795ef8c9b65d12c3234eb1,R,reification-only,err:network,,,,,,,0,1,3600.0,,,,,,,131.4619070617482,[],[],,[],,[],,[],r9.2-frozen-identity-v9,dfac415b5a6cbd6bca05218077d4301d6a1fc0d7ceff3e33f6c2c4c2d61d0e66,,,,,,,,,,,e1e370c3c3e41897f966ee22e8c7c98840f6ecade4ccb1698265b03c62141a2f,2c97fc305990d2aa1e0f09f37216d4d5b1419027440c3151c422415f0c836db8,f3c05af6c7aa3bbf0aae501a61efa32804f36e642d32f61fe21875892b248a8a,8a988dc83f4082a4f27503ba2906dc6b8733b3c02be567635c726c67bbd48314,16162702ccec82b2a0e27063cd04bd756a27af1f003b4cef0da976d843ef4725,reified,writable,exploratory-base,exploratory-reified,41997fb8640d9e765a0272879a63548eb9bd46bbf6e49da02b7c924e506b94f7,e6d3d236675cf5aefb65ff5897cc6e142b08e2a2be9e4af928e482100bc8e0bd,2e884d94ace185d62b1b91debf493ccd0a69b83d08e74cf5f1c2be4851b14215,7b43c2342d7676aa65cc9ee233b2184c9eae88f2663874af7ab1b83282f94ab4,6ffd10b28ab050230cdc1137f0bd16155c3a7c587add7fbe921d985fa92879fe,,,,d2e4fa21f6102468c269a5bb6908a11bc488b54b020521b631d2f47e4468ff21,"pcm-meta-v2:{""protocol"":""r9.2-frozen-identity-v9"",""message"":""[Errno 111] Connection refused"",""cell_wall_ms"":141.785,""c_parse_samples"":[],""c_protocol_samples"":[],""construct_total_samples"":[],""construct_unattributed_samples"":[],""status"":""err:network"",""status_evidence"":{""kind"":""retryable-transport"",""message"":""[Errno 111] Connection refused""},""construction_requested"":null,""construction_effective"":null,""commit"":""966642a2961472c5f660f752648dc2693518e858"",""batch_id"":""dfac415b5a6cbd6bca05218077d4301d6a1fc0d7ceff3e33f6c2c4c2d61d0e66"",""query_sha256"":""6c8f2b502c6afedd00f5544bb49e027212b77b9a59795ef8c9b65d12c3234eb1"",""engine"":""graphdb"",""engine_version"":""GraphDB (RDF4J) [engines.json profile]"",""scale"":""100M"",""base_endpoint_sha256"":""e1e370c3c3e41897f966ee22e8c7c98840f6ecade4ccb1698265b03c62141a2f"",""reified_endpoint_sha256"":""2c97fc305990d2aa1e0f09f37216d4d5b1419027440c3151c422415f0c836db8"",""update_endpoint_sha256"":""f3c05af6c7aa3bbf0aae501a61efa32804f36e642d32f61fe21875892b248a8a"",""base_data_identity_sha256"":""8a988dc83f4082a4f27503ba2906dc6b8733b3c02be567635c726c67bbd48314"",""reified_data_identity_sha256"":""16162702ccec82b2a0e27063cd04bd756a27af1f003b4cef0da976d843ef4725"",""update_for"":""reified"",""access_mode"":""writable"",""base_data_name"":""exploratory-base"",""reified_data_name"":""exploratory-reified"",""update_canary_sha256"":""41997fb8640d9e765a0272879a63548eb9bd46bbf6e49da02b7c924e506b94f7"",""store_instance_sha256"":""e6d3d236675cf5aefb65ff5897cc6e142b08e2a2be9e4af928e482100bc8e0bd"",""store_discriminator_sha256"":""2e884d94ace185d62b1b91debf493ccd0a69b83d08e74cf5f1c2be4851b14215"",""tool_sha256"":""7b43c2342d7676aa65cc9ee233b2184c9eae88f2663874af7ab1b83282f94ab4"",""java_runtime_sha256"":""6ffd10b28ab050230cdc1137f0bd16155c3a7c587add7fbe921d985fa92879fe"",""run_identity_sha256"":""d2e4fa21f6102468c269a5bb6908a11bc488b54b020521b631d2f47e4468ff21""}"
966642a2961472c5f660f752648dc2693518e858,graphdb,GraphDB (RDF4J) [engines.json profile],100M,S,S7,00,6c8f2b502c6afedd00f5544bb49e027212b77b9a59795ef8c9b65d12c3234eb1,N,N_clean (NPCS reimplementation),err:network,,,,,,,0,1,3600.0,,,,,,,178.18293091841042,[],[],,[],,[],,[],r9.2-frozen-identity-v9,dfac415b5a6cbd6bca05218077d4301d6a1fc0d7ceff3e33f6c2c4c2d61d0e66,,,,,,,,,,,e1e370c3c3e41897f966ee22e8c7c98840f6ecade4ccb1698265b03c62141a2f,2c97fc305990d2aa1e0f09f37216d4d5b1419027440c3151c422415f0c836db8,f3c05af6c7aa3bbf0aae501a61efa32804f36e642d32f61fe21875892b248a8a,8a988dc83f4082a4f27503ba2906dc6b8733b3c02be567635c726c67bbd48314,16162702ccec82b2a0e27063cd04bd756a27af1f003b4cef0da976d843ef4725,reified,writable,exploratory-base,exploratory-reified,41997fb8640d9e765a0272879a63548eb9bd46bbf6e49da02b7c924e506b94f7,e6d3d236675cf5aefb65ff5897cc6e142b08e2a2be9e4af928e482100bc8e0bd,2e884d94ace185d62b1b91debf493ccd0a69b83d08e74cf5f1c2be4851b14215,7b43c2342d7676aa65cc9ee233b2184c9eae88f2663874af7ab1b83282f94ab4,6ffd10b28ab050230cdc1137f0bd16155c3a7c587add7fbe921d985fa92879fe,,,,d2e4fa21f6102468c269a5bb6908a11bc488b54b020521b631d2f47e4468ff21,"pcm-meta-v2:{""protocol"":""r9.2-frozen-identity-v9"",""message"":""[Errno 111] Connection refused"",""cell_wall_ms"":187.863,""c_parse_samples"":[],""c_protocol_samples"":[],""construct_total_samples"":[],""construct_unattributed_samples"":[],""status"":""err:network"",""status_evidence"":{""kind"":""retryable-transport"",""message"":""[Errno 111] Connection refused""},""construction_requested"":null,""construction_effective"":null,""commit"":""966642a2961472c5f660f752648dc2693518e858"",""batch_id"":""dfac415b5a6cbd6bca05218077d4301d6a1fc0d7ceff3e33f6c2c4c2d61d0e66"",""query_sha256"":""6c8f2b502c6afedd00f5544bb49e027212b77b9a59795ef8c9b65d12c3234eb1"",""engine"":""graphdb"",""engine_version"":""GraphDB (RDF4J) [engines.json profile]"",""scale"":""100M"",""base_endpoint_sha256"":""e1e370c3c3e41897f966ee22e8c7c98840f6ecade4ccb1698265b03c62141a2f"",""reified_endpoint_sha256"":""2c97fc305990d2aa1e0f09f37216d4d5b1419027440c3151c422415f0c836db8"",""update_endpoint_sha256"":""f3c05af6c7aa3bbf0aae501a61efa32804f36e642d32f61fe21875892b248a8a"",""base_data_identity_sha256"":""8a988dc83f4082a4f27503ba2906dc6b8733b3c02be567635c726c67bbd48314"",""reified_data_identity_sha256"":""16162702ccec82b2a0e27063cd04bd756a27af1f003b4cef0da976d843ef4725"",""update_for"":""reified"",""access_mode"":""writable"",""base_data_name"":""exploratory-base"",""reified_data_name"":""exploratory-reified"",""update_canary_sha256"":""41997fb8640d9e765a0272879a63548eb9bd46bbf6e49da02b7c924e506b94f7"",""store_instance_sha256"":""e6d3d236675cf5aefb65ff5897cc6e142b08e2a2be9e4af928e482100bc8e0bd"",""store_discriminator_sha256"":""2e884d94ace185d62b1b91debf493ccd0a69b83d08e74cf5f1c2be4851b14215"",""tool_sha256"":""7b43c2342d7676aa65cc9ee233b2184c9eae88f2663874af7ab1b83282f94ab4"",""java_runtime_sha256"":""6ffd10b28ab050230cdc1137f0bd16155c3a7c587add7fbe921d985fa92879fe"",""run_identity_sha256"":""d2e4fa21f6102468c269a5bb6908a11bc488b54b020521b631d2f47e4468ff21""}"
966642a2961472c5f660f752648dc2693518e858,graphdb,GraphDB (RDF4J) [engines.json profile],100M,S,S7,00,6c8f2b502c6afedd00f5544bb49e027212b77b9a59795ef8c9b65d12c3234eb1,C,SPARQLcirc CircuitRewriter,err:network,,,,,,,0,1,3600.0,,,,,,,364.4828060641885,[],[],,[],,[],,[],r9.2-frozen-identity-v9,dfac415b5a6cbd6bca05218077d4301d6a1fc0d7ceff3e33f6c2c4c2d61d0e66,,,,,,,,,,,e1e370c3c3e41897f966ee22e8c7c98840f6ecade4ccb1698265b03c62141a2f,2c97fc305990d2aa1e0f09f37216d4d5b1419027440c3151c422415f0c836db8,f3c05af6c7aa3bbf0aae501a61efa32804f36e642d32f61fe21875892b248a8a,8a988dc83f4082a4f27503ba2906dc6b8733b3c02be567635c726c67bbd48314,16162702ccec82b2a0e27063cd04bd756a27af1f003b4cef0da976d843ef4725,reified,writable,exploratory-base,exploratory-reified,41997fb8640d9e765a0272879a63548eb9bd46bbf6e49da02b7c924e506b94f7,e6d3d236675cf5aefb65ff5897cc6e142b08e2a2be9e4af928e482100bc8e0bd,2e884d94ace185d62b1b91debf493ccd0a69b83d08e74cf5f1c2be4851b14215,7b43c2342d7676aa65cc9ee233b2184c9eae88f2663874af7ab1b83282f94ab4,6ffd10b28ab050230cdc1137f0bd16155c3a7c587add7fbe921d985fa92879fe,,,,d2e4fa21f6102468c269a5bb6908a11bc488b54b020521b631d2f47e4468ff21,"pcm-meta-v2:{""protocol"":""r9.2-frozen-identity-v9"",""message"":""[Errno 111] Connection refused"",""cell_wall_ms"":373.747,""c_parse_samples"":[],""c_protocol_samples"":[],""construct_total_samples"":[],""construct_unattributed_samples"":[],""status"":""err:network"",""status_evidence"":{""kind"":""retryable-transport"",""message"":""[Errno 111] Connection refused""},""endpoint_lock"":{""wait_ms"":0.007,""lock_path"":""/tmp/sparqlcirc-r9-endpoint-locks-v7/e6d3d236675cf5aefb65ff5897cc6e142b08e2a2be9e4af928e482100bc8e0bd.lock""},""construction_requested"":null,""construction_effective"":null,""commit"":""966642a2961472c5f660f752648dc2693518e858"",""batch_id"":""dfac415b5a6cbd6bca05218077d4301d6a1fc0d7ceff3e33f6c2c4c2d61d0e66"",""query_sha256"":""6c8f2b502c6afedd00f5544bb49e027212b77b9a59795ef8c9b65d12c3234eb1"",""engine"":""graphdb"",""engine_version"":""GraphDB (RDF4J) [engines.json profile]"",""scale"":""100M"",""base_endpoint_sha256"":""e1e370c3c3e41897f966ee22e8c7c98840f6ecade4ccb1698265b03c62141a2f"",""reified_endpoint_sha256"":""2c97fc305990d2aa1e0f09f37216d4d5b1419027440c3151c422415f0c836db8"",""update_endpoint_sha256"":""f3c05af6c7aa3bbf0aae501a61efa32804f36e642d32f61fe21875892b248a8a"",""base_data_identity_sha256"":""8a988dc83f4082a4f27503ba2906dc6b8733b3c02be567635c726c67bbd48314"",""reified_data_identity_sha256"":""16162702ccec82b2a0e27063cd04bd756a27af1f003b4cef0da976d843ef4725"",""update_for"":""reified"",""access_mode"":""writable"",""base_data_name"":""exploratory-base"",""reified_data_name"":""exploratory-reified"",""update_canary_sha256"":""41997fb8640d9e765a0272879a63548eb9bd46bbf6e49da02b7c924e506b94f7"",""store_instance_sha256"":""e6d3d236675cf5aefb65ff5897cc6e142b08e2a2be9e4af928e482100bc8e0bd"",""store_discriminator_sha256"":""2e884d94ace185d62b1b91debf493ccd0a69b83d08e74cf5f1c2be4851b14215"",""tool_sha256"":""7b43c2342d7676aa65cc9ee233b2184c9eae88f2663874af7ab1b83282f94ab4"",""java_runtime_sha256"":""6ffd10b28ab050230cdc1137f0bd16155c3a7c587add7fbe921d985fa92879fe"",""run_identity_sha256"":""d2e4fa21f6102468c269a5bb6908a11bc488b54b020521b631d2f47e4468ff21""}"
