commit,engine,engine_version,scale,class,template,instance,query_sha256,method,implementation,status,answers,median_ms,min_ms,max_ms,mean_ms,sd_ms,warmups,runs,timeout_s,response_bytes,c_parse_median_ms,gates,edges,derivations,npcs_token_occurrences,rewrite_ms,samples_json,c_parse_samples_json,c_protocol_median_ms,c_protocol_samples_json,construct_total_ms,construct_total_samples_json,construct_unattributed_median_ms,construct_unattributed_samples_json,protocol,batch_id,answer_kind,answer_key_count,answer_fingerprint,construction_requested,construction_effective,circuit_sha256,circuit_cache_path,circuit_cache_metadata_path,circuit_cache_observation_sha256,circuit_cache_sidecar_sha256,base_endpoint_sha256,reified_endpoint_sha256,update_endpoint_sha256,base_data_identity_sha256,reified_data_identity_sha256,update_for,access_mode,base_data_name,reified_data_name,update_canary_sha256,store_instance_sha256,store_discriminator_sha256,tool_sha256,java_runtime_sha256,run_identity_sha256,notes
30927b7b5d3bb9c394df57f9454162ec0b8818e4,qlever,QLever [engines.json profile],10M,F,F1,00,ea28abd7edab939c7b50a1796279891f1fac09bdf37f31eb5fdf3df64891eaf4,B,base-select,ok,2,34.0,34.0,34.0,34.0,0.0,0,1,900.0,782,0.0,,,,,0.00898,[34.04],[0.0],,[],,[],,[],r9.2-frozen-identity-v8,c1805e4548b9e6b1e4c35d07987d3339d3f47ec38ce57e889cf043d8365e6e34,csv-binding-multiset-v1,2,77e7a5ccf2c6cde8ebbebf5c9f70f6a39b63decac6384090b65cccdf96fa51a8,,,,,,,,de27bc9b5795f339824b9ba281db7ca210725e43627cd5dfc25b8166ca98b6b8,f188c79557444ad5deb4e733829ad5b89a290050ab46caa399491fa4555710ea,8a607274f1b3d176dd6acfdc7381c25676b642e78d334a9664e45a2bdf3d52a0,59fb59a04cd20e6dec9ee47cf1de02734068a3328cade998a3fc44a746054ea8,a42a308bd2c5294f3aa79a1a3b15804d4137fd68d7677d9adc037e257a217e76,none,read-only,exploratory-base,exploratory-reified,2b9b44b25cd1c568cd57c6c5df25ae260b68229044617821fb33f542dab77648,603cfbcfaa789b9594f9f90c9f9a5d475d891c57ec09512df1a8db40abab27c6,f9ff8d30db2db1840ca1585b5598b1cf4d1d06ac2adb86a55b430669507fabff,7b43c2342d7676aa65cc9ee233b2184c9eae88f2663874af7ab1b83282f94ab4,6ffd10b28ab050230cdc1137f0bd16155c3a7c587add7fbe921d985fa92879fe,b1db34f2f24d7d4c73d6608df84f87a1841975fd896f3cbb233d7766dde5f20a,"pcm-meta-v2:{""protocol"":""r9.2-frozen-identity-v8"",""message"":"""",""cell_wall_ms"":39.851,""answer_kind"":""csv-binding-multiset-v1"",""answer_key_count"":2,""answer_fingerprint"":""77e7a5ccf2c6cde8ebbebf5c9f70f6a39b63decac6384090b65cccdf96fa51a8"",""c_parse_samples"":[0.0],""c_protocol_samples"":[],""construct_total_samples"":[],""construct_unattributed_samples"":[],""status"":""ok"",""status_evidence"":null,""construction_requested"":null,""construction_effective"":null,""commit"":""30927b7b5d3bb9c394df57f9454162ec0b8818e4"",""batch_id"":""c1805e4548b9e6b1e4c35d07987d3339d3f47ec38ce57e889cf043d8365e6e34"",""query_sha256"":""ea28abd7edab939c7b50a1796279891f1fac09bdf37f31eb5fdf3df64891eaf4"",""engine"":""qlever"",""engine_version"":""QLever [engines.json profile]"",""scale"":""10M"",""base_endpoint_sha256"":""de27bc9b5795f339824b9ba281db7ca210725e43627cd5dfc25b8166ca98b6b8"",""reified_endpoint_sha256"":""f188c79557444ad5deb4e733829ad5b89a290050ab46caa399491fa4555710ea"",""update_endpoint_sha256"":""8a607274f1b3d176dd6acfdc7381c25676b642e78d334a9664e45a2bdf3d52a0"",""base_data_identity_sha256"":""59fb59a04cd20e6dec9ee47cf1de02734068a3328cade998a3fc44a746054ea8"",""reified_data_identity_sha256"":""a42a308bd2c5294f3aa79a1a3b15804d4137fd68d7677d9adc037e257a217e76"",""update_for"":""none"",""access_mode"":""read-only"",""base_data_name"":""exploratory-base"",""reified_data_name"":""exploratory-reified"",""update_canary_sha256"":""2b9b44b25cd1c568cd57c6c5df25ae260b68229044617821fb33f542dab77648"",""store_instance_sha256"":""603cfbcfaa789b9594f9f90c9f9a5d475d891c57ec09512df1a8db40abab27c6"",""store_discriminator_sha256"":""f9ff8d30db2db1840ca1585b5598b1cf4d1d06ac2adb86a55b430669507fabff"",""tool_sha256"":""7b43c2342d7676aa65cc9ee233b2184c9eae88f2663874af7ab1b83282f94ab4"",""java_runtime_sha256"":""6ffd10b28ab050230cdc1137f0bd16155c3a7c587add7fbe921d985fa92879fe"",""run_identity_sha256"":""b1db34f2f24d7d4c73d6608df84f87a1841975fd896f3cbb233d7766dde5f20a""}"
30927b7b5d3bb9c394df57f9454162ec0b8818e4,qlever,QLever [engines.json profile],10M,F,F1,00,ea28abd7edab939c7b50a1796279891f1fac09bdf37f31eb5fdf3df64891eaf4,R,reification-only,ok,2,205.1,205.1,205.1,205.1,0.0,0,1,900.0,782,0.0,,,,,156.042117,[205.111],[0.0],,[],,[],,[],r9.2-frozen-identity-v8,c1805e4548b9e6b1e4c35d07987d3339d3f47ec38ce57e889cf043d8365e6e34,csv-binding-multiset-v1,2,77e7a5ccf2c6cde8ebbebf5c9f70f6a39b63decac6384090b65cccdf96fa51a8,,,,,,,,de27bc9b5795f339824b9ba281db7ca210725e43627cd5dfc25b8166ca98b6b8,f188c79557444ad5deb4e733829ad5b89a290050ab46caa399491fa4555710ea,8a607274f1b3d176dd6acfdc7381c25676b642e78d334a9664e45a2bdf3d52a0,59fb59a04cd20e6dec9ee47cf1de02734068a3328cade998a3fc44a746054ea8,a42a308bd2c5294f3aa79a1a3b15804d4137fd68d7677d9adc037e257a217e76,none,read-only,exploratory-base,exploratory-reified,2b9b44b25cd1c568cd57c6c5df25ae260b68229044617821fb33f542dab77648,603cfbcfaa789b9594f9f90c9f9a5d475d891c57ec09512df1a8db40abab27c6,f9ff8d30db2db1840ca1585b5598b1cf4d1d06ac2adb86a55b430669507fabff,7b43c2342d7676aa65cc9ee233b2184c9eae88f2663874af7ab1b83282f94ab4,6ffd10b28ab050230cdc1137f0bd16155c3a7c587add7fbe921d985fa92879fe,b1db34f2f24d7d4c73d6608df84f87a1841975fd896f3cbb233d7766dde5f20a,"pcm-meta-v2:{""protocol"":""r9.2-frozen-identity-v8"",""message"":"""",""cell_wall_ms"":368.252,""answer_kind"":""csv-binding-multiset-v1"",""answer_key_count"":2,""answer_fingerprint"":""77e7a5ccf2c6cde8ebbebf5c9f70f6a39b63decac6384090b65cccdf96fa51a8"",""c_parse_samples"":[0.0],""c_protocol_samples"":[],""construct_total_samples"":[],""construct_unattributed_samples"":[],""status"":""ok"",""status_evidence"":null,""construction_requested"":null,""construction_effective"":null,""commit"":""30927b7b5d3bb9c394df57f9454162ec0b8818e4"",""batch_id"":""c1805e4548b9e6b1e4c35d07987d3339d3f47ec38ce57e889cf043d8365e6e34"",""query_sha256"":""ea28abd7edab939c7b50a1796279891f1fac09bdf37f31eb5fdf3df64891eaf4"",""engine"":""qlever"",""engine_version"":""QLever [engines.json profile]"",""scale"":""10M"",""base_endpoint_sha256"":""de27bc9b5795f339824b9ba281db7ca210725e43627cd5dfc25b8166ca98b6b8"",""reified_endpoint_sha256"":""f188c79557444ad5deb4e733829ad5b89a290050ab46caa399491fa4555710ea"",""update_endpoint_sha256"":""8a607274f1b3d176dd6acfdc7381c25676b642e78d334a9664e45a2bdf3d52a0"",""base_data_identity_sha256"":""59fb59a04cd20e6dec9ee47cf1de02734068a3328cade998a3fc44a746054ea8"",""reified_data_identity_sha256"":""a42a308bd2c5294f3aa79a1a3b15804d4137fd68d7677d9adc037e257a217e76"",""update_for"":""none"",""access_mode"":""read-only"",""base_data_name"":""exploratory-base"",""reified_data_name"":""exploratory-reified"",""update_canary_sha256"":""2b9b44b25cd1c568cd57c6c5df25ae260b68229044617821fb33f542dab77648"",""store_instance_sha256"":""603cfbcfaa789b9594f9f90c9f9a5d475d891c57ec09512df1a8db40abab27c6"",""store_discriminator_sha256"":""f9ff8d30db2db1840ca1585b5598b1cf4d1d06ac2adb86a55b430669507fabff"",""tool_sha256"":""7b43c2342d7676aa65cc9ee233b2184c9eae88f2663874af7ab1b83282f94ab4"",""java_runtime_sha256"":""6ffd10b28ab050230cdc1137f0bd16155c3a7c587add7fbe921d985fa92879fe"",""run_identity_sha256"":""b1db34f2f24d7d4c73d6608df84f87a1841975fd896f3cbb233d7766dde5f20a""}"
30927b7b5d3bb9c394df57f9454162ec0b8818e4,qlever,QLever [engines.json profile],10M,F,F1,00,ea28abd7edab939c7b50a1796279891f1fac09bdf37f31eb5fdf3df64891eaf4,N,N_clean (NPCS reimplementation),ok,2,152.6,152.6,152.6,152.6,0.0,0,1,900.0,992,0.0,,,,2,181.359903,[152.646],[0.0],,[],,[],,[],r9.2-frozen-identity-v8,c1805e4548b9e6b1e4c35d07987d3339d3f47ec38ce57e889cf043d8365e6e34,csv-candidate-multiset-v1,2,77e7a5ccf2c6cde8ebbebf5c9f70f6a39b63decac6384090b65cccdf96fa51a8,,,,,,,,de27bc9b5795f339824b9ba281db7ca210725e43627cd5dfc25b8166ca98b6b8,f188c79557444ad5deb4e733829ad5b89a290050ab46caa399491fa4555710ea,8a607274f1b3d176dd6acfdc7381c25676b642e78d334a9664e45a2bdf3d52a0,59fb59a04cd20e6dec9ee47cf1de02734068a3328cade998a3fc44a746054ea8,a42a308bd2c5294f3aa79a1a3b15804d4137fd68d7677d9adc037e257a217e76,none,read-only,exploratory-base,exploratory-reified,2b9b44b25cd1c568cd57c6c5df25ae260b68229044617821fb33f542dab77648,603cfbcfaa789b9594f9f90c9f9a5d475d891c57ec09512df1a8db40abab27c6,f9ff8d30db2db1840ca1585b5598b1cf4d1d06ac2adb86a55b430669507fabff,7b43c2342d7676aa65cc9ee233b2184c9eae88f2663874af7ab1b83282f94ab4,6ffd10b28ab050230cdc1137f0bd16155c3a7c587add7fbe921d985fa92879fe,b1db34f2f24d7d4c73d6608df84f87a1841975fd896f3cbb233d7766dde5f20a,"pcm-meta-v2:{""protocol"":""r9.2-frozen-identity-v8"",""message"":"""",""cell_wall_ms"":340.226,""answer_kind"":""csv-candidate-multiset-v1"",""answer_key_count"":2,""answer_fingerprint"":""77e7a5ccf2c6cde8ebbebf5c9f70f6a39b63decac6384090b65cccdf96fa51a8"",""c_parse_samples"":[0.0],""c_protocol_samples"":[],""construct_total_samples"":[],""construct_unattributed_samples"":[],""status"":""ok"",""status_evidence"":null,""construction_requested"":null,""construction_effective"":null,""commit"":""30927b7b5d3bb9c394df57f9454162ec0b8818e4"",""batch_id"":""c1805e4548b9e6b1e4c35d07987d3339d3f47ec38ce57e889cf043d8365e6e34"",""query_sha256"":""ea28abd7edab939c7b50a1796279891f1fac09bdf37f31eb5fdf3df64891eaf4"",""engine"":""qlever"",""engine_version"":""QLever [engines.json profile]"",""scale"":""10M"",""base_endpoint_sha256"":""de27bc9b5795f339824b9ba281db7ca210725e43627cd5dfc25b8166ca98b6b8"",""reified_endpoint_sha256"":""f188c79557444ad5deb4e733829ad5b89a290050ab46caa399491fa4555710ea"",""update_endpoint_sha256"":""8a607274f1b3d176dd6acfdc7381c25676b642e78d334a9664e45a2bdf3d52a0"",""base_data_identity_sha256"":""59fb59a04cd20e6dec9ee47cf1de02734068a3328cade998a3fc44a746054ea8"",""reified_data_identity_sha256"":""a42a308bd2c5294f3aa79a1a3b15804d4137fd68d7677d9adc037e257a217e76"",""update_for"":""none"",""access_mode"":""read-only"",""base_data_name"":""exploratory-base"",""reified_data_name"":""exploratory-reified"",""update_canary_sha256"":""2b9b44b25cd1c568cd57c6c5df25ae260b68229044617821fb33f542dab77648"",""store_instance_sha256"":""603cfbcfaa789b9594f9f90c9f9a5d475d891c57ec09512df1a8db40abab27c6"",""store_discriminator_sha256"":""f9ff8d30db2db1840ca1585b5598b1cf4d1d06ac2adb86a55b430669507fabff"",""tool_sha256"":""7b43c2342d7676aa65cc9ee233b2184c9eae88f2663874af7ab1b83282f94ab4"",""java_runtime_sha256"":""6ffd10b28ab050230cdc1137f0bd16155c3a7c587add7fbe921d985fa92879fe"",""run_identity_sha256"":""b1db34f2f24d7d4c73d6608df84f87a1841975fd896f3cbb233d7766dde5f20a""}"
30927b7b5d3bb9c394df57f9454162ec0b8818e4,qlever,QLever [engines.json profile],10M,F,F1,00,ea28abd7edab939c7b50a1796279891f1fac09bdf37f31eb5fdf3df64891eaf4,C,SPARQLcirc CircuitRewriter,ok,2,250.7,250.7,250.7,250.7,0.0,0,1,900.0,7810,0.9,4,14,2,,364.578913,[250.7],[0.897],0.0,[0.0],252.1,[252.055],0.5,[0.458],r9.2-frozen-identity-v8,c1805e4548b9e6b1e4c35d07987d3339d3f47ec38ce57e889cf043d8365e6e34,term-aware-candidate-set-v1,2,3a2e5be01fe09c3b9e3b1d93b8cbf11fb39a0835341a9b6067e9dac85f0b138d,flat,flat,09e7c60156880f2357369b964df9a1cb366ddb8b8ba7b4de03f6c4c7a2fbb0b1,/mnt/nfs/home/ac145595/workspace/rq3-artifacts/circuits/qlever-10m/ea28abd7edab939c7b50a1796279891f1fac09bdf37f31eb5fdf3df64891eaf4-09e7c60156880f2357369b964df9a1cb366ddb8b8ba7b4de03f6c4c7a2fbb0b1.nt,/mnt/nfs/home/ac145595/workspace/rq3-artifacts/circuits/qlever-10m/ea28abd7edab939c7b50a1796279891f1fac09bdf37f31eb5fdf3df64891eaf4-09e7c60156880f2357369b964df9a1cb366ddb8b8ba7b4de03f6c4c7a2fbb0b1.json,73fc6eeb376bf91681b85c8cd522fe893443cc584f165e495f2722f1aded0fd6,f8d003c8dbb8d4c6946c1a8a8e46d264a9ecae16f4fed8f53481d97ee7ce4ecf,de27bc9b5795f339824b9ba281db7ca210725e43627cd5dfc25b8166ca98b6b8,f188c79557444ad5deb4e733829ad5b89a290050ab46caa399491fa4555710ea,8a607274f1b3d176dd6acfdc7381c25676b642e78d334a9664e45a2bdf3d52a0,59fb59a04cd20e6dec9ee47cf1de02734068a3328cade998a3fc44a746054ea8,a42a308bd2c5294f3aa79a1a3b15804d4137fd68d7677d9adc037e257a217e76,none,read-only,exploratory-base,exploratory-reified,2b9b44b25cd1c568cd57c6c5df25ae260b68229044617821fb33f542dab77648,603cfbcfaa789b9594f9f90c9f9a5d475d891c57ec09512df1a8db40abab27c6,f9ff8d30db2db1840ca1585b5598b1cf4d1d06ac2adb86a55b430669507fabff,7b43c2342d7676aa65cc9ee233b2184c9eae88f2663874af7ab1b83282f94ab4,6ffd10b28ab050230cdc1137f0bd16155c3a7c587add7fbe921d985fa92879fe,b1db34f2f24d7d4c73d6608df84f87a1841975fd896f3cbb233d7766dde5f20a,"pcm-meta-v2:{""protocol"":""r9.2-frozen-identity-v8"",""message"":""C requested=flat effective=flat; steps=1 feedback=0; network includes CONSTRUCT, feedback INSERT, and cleanup DELETE"",""cell_wall_ms"":621.577,""answer_kind"":""term-aware-candidate-set-v1"",""answer_key_count"":2,""answer_fingerprint"":""3a2e5be01fe09c3b9e3b1d93b8cbf11fb39a0835341a9b6067e9dac85f0b138d"",""c_parse_samples"":[0.897],""c_protocol_samples"":[{""requested_mode"":""flat"",""effective_mode"":""flat"",""fallback_reason"":null,""plan_steps"":1,""feedback_steps"":0,""feedback_triples"":0,""construct_query_ms"":250.7,""feedback_update_ms"":0.0,""cleanup_ms"":0.0,""client_protocol_ms"":0.0,""network_scope"":""construct+feedback+cleanup"",""circuit_sha256"":""09e7c60156880f2357369b964df9a1cb366ddb8b8ba7b4de03f6c4c7a2fbb0b1"",""answer_fingerprint"":""3a2e5be01fe09c3b9e3b1d93b8cbf11fb39a0835341a9b6067e9dac85f0b138d"",""semantic_signature_sha256"":""5604a417a066f26048e9519c8a3f3da53db216daf2db81fc6cc623224b8a588b"",""structure_signature"":{""gates"":4,""edges"":14,""answers"":2,""derivations"":2,""canonical_bytes"":7810},""construct_total_ms"":252.055,""client_unattributed_ms"":0.458}],""construct_total_samples"":[252.055],""construct_unattributed_samples"":[0.458],""status"":""ok"",""status_evidence"":null,""c_warmup_signatures"":[],""measured_semantic_signature_sha256"":""5604a417a066f26048e9519c8a3f3da53db216daf2db81fc6cc623224b8a588b"",""measured_repetitions_consistent"":true,""cache_snapshot_ms"":0.55,""cache_snapshot_scope"":""first-measured-response; deferred until all runs succeeded"",""outside_cell_cache_write_ms"":4.645,""construction_requested"":""flat"",""construction_effective"":""flat"",""circuit_sha256"":""09e7c60156880f2357369b964df9a1cb366ddb8b8ba7b4de03f6c4c7a2fbb0b1"",""circuit_triples"":50,""circuit_bytes"":7810,""circuit_path"":""/mnt/nfs/home/ac145595/workspace/rq3-artifacts/circuits/qlever-10m/ea28abd7edab939c7b50a1796279891f1fac09bdf37f31eb5fdf3df64891eaf4-09e7c60156880f2357369b964df9a1cb366ddb8b8ba7b4de03f6c4c7a2fbb0b1.nt"",""metadata_path"":""/mnt/nfs/home/ac145595/workspace/rq3-artifacts/circuits/qlever-10m/ea28abd7edab939c7b50a1796279891f1fac09bdf37f31eb5fdf3df64891eaf4-09e7c60156880f2357369b964df9a1cb366ddb8b8ba7b4de03f6c4c7a2fbb0b1.json"",""producer_observation_sha256"":""73fc6eeb376bf91681b85c8cd522fe893443cc584f165e495f2722f1aded0fd6"",""sidecar_sha256"":""f8d003c8dbb8d4c6946c1a8a8e46d264a9ecae16f4fed8f53481d97ee7ce4ecf"",""commit"":""30927b7b5d3bb9c394df57f9454162ec0b8818e4"",""batch_id"":""c1805e4548b9e6b1e4c35d07987d3339d3f47ec38ce57e889cf043d8365e6e34"",""query_sha256"":""ea28abd7edab939c7b50a1796279891f1fac09bdf37f31eb5fdf3df64891eaf4"",""engine"":""qlever"",""engine_version"":""QLever [engines.json profile]"",""scale"":""10M"",""base_endpoint_sha256"":""de27bc9b5795f339824b9ba281db7ca210725e43627cd5dfc25b8166ca98b6b8"",""reified_endpoint_sha256"":""f188c79557444ad5deb4e733829ad5b89a290050ab46caa399491fa4555710ea"",""update_endpoint_sha256"":""8a607274f1b3d176dd6acfdc7381c25676b642e78d334a9664e45a2bdf3d52a0"",""base_data_identity_sha256"":""59fb59a04cd20e6dec9ee47cf1de02734068a3328cade998a3fc44a746054ea8"",""reified_data_identity_sha256"":""a42a308bd2c5294f3aa79a1a3b15804d4137fd68d7677d9adc037e257a217e76"",""update_for"":""none"",""access_mode"":""read-only"",""base_data_name"":""exploratory-base"",""reified_data_name"":""exploratory-reified"",""update_canary_sha256"":""2b9b44b25cd1c568cd57c6c5df25ae260b68229044617821fb33f542dab77648"",""store_instance_sha256"":""603cfbcfaa789b9594f9f90c9f9a5d475d891c57ec09512df1a8db40abab27c6"",""store_discriminator_sha256"":""f9ff8d30db2db1840ca1585b5598b1cf4d1d06ac2adb86a55b430669507fabff"",""tool_sha256"":""7b43c2342d7676aa65cc9ee233b2184c9eae88f2663874af7ab1b83282f94ab4"",""java_runtime_sha256"":""6ffd10b28ab050230cdc1137f0bd16155c3a7c587add7fbe921d985fa92879fe"",""run_identity_sha256"":""b1db34f2f24d7d4c73d6608df84f87a1841975fd896f3cbb233d7766dde5f20a""}"
30927b7b5d3bb9c394df57f9454162ec0b8818e4,qlever,QLever [engines.json profile],10M,F,F2,00,a2d067af87788371d0895c53af5536df3cc59090adda8fe35f6c9b1491962642,B,base-select,ok,1,59.7,59.7,59.7,59.7,0.0,0,1,900.0,602,0.0,,,,,0.00632,[59.66],[0.0],,[],,[],,[],r9.2-frozen-identity-v8,c1805e4548b9e6b1e4c35d07987d3339d3f47ec38ce57e889cf043d8365e6e34,csv-binding-multiset-v1,1,10b9ad637f4f149333d27fb8ee82859266bf90afe18da9b5f14770c77a27b07e,,,,,,,,de27bc9b5795f339824b9ba281db7ca210725e43627cd5dfc25b8166ca98b6b8,f188c79557444ad5deb4e733829ad5b89a290050ab46caa399491fa4555710ea,8a607274f1b3d176dd6acfdc7381c25676b642e78d334a9664e45a2bdf3d52a0,59fb59a04cd20e6dec9ee47cf1de02734068a3328cade998a3fc44a746054ea8,a42a308bd2c5294f3aa79a1a3b15804d4137fd68d7677d9adc037e257a217e76,none,read-only,exploratory-base,exploratory-reified,2b9b44b25cd1c568cd57c6c5df25ae260b68229044617821fb33f542dab77648,603cfbcfaa789b9594f9f90c9f9a5d475d891c57ec09512df1a8db40abab27c6,f9ff8d30db2db1840ca1585b5598b1cf4d1d06ac2adb86a55b430669507fabff,7b43c2342d7676aa65cc9ee233b2184c9eae88f2663874af7ab1b83282f94ab4,6ffd10b28ab050230cdc1137f0bd16155c3a7c587add7fbe921d985fa92879fe,7a3d2787f9bb332ca02860fc1a84856ff5296c757eb9eb202f2b440aa9090be0,"pcm-meta-v2:{""protocol"":""r9.2-frozen-identity-v8"",""message"":"""",""cell_wall_ms"":65.647,""answer_kind"":""csv-binding-multiset-v1"",""answer_key_count"":1,""answer_fingerprint"":""10b9ad637f4f149333d27fb8ee82859266bf90afe18da9b5f14770c77a27b07e"",""c_parse_samples"":[0.0],""c_protocol_samples"":[],""construct_total_samples"":[],""construct_unattributed_samples"":[],""status"":""ok"",""status_evidence"":null,""construction_requested"":null,""construction_effective"":null,""commit"":""30927b7b5d3bb9c394df57f9454162ec0b8818e4"",""batch_id"":""c1805e4548b9e6b1e4c35d07987d3339d3f47ec38ce57e889cf043d8365e6e34"",""query_sha256"":""a2d067af87788371d0895c53af5536df3cc59090adda8fe35f6c9b1491962642"",""engine"":""qlever"",""engine_version"":""QLever [engines.json profile]"",""scale"":""10M"",""base_endpoint_sha256"":""de27bc9b5795f339824b9ba281db7ca210725e43627cd5dfc25b8166ca98b6b8"",""reified_endpoint_sha256"":""f188c79557444ad5deb4e733829ad5b89a290050ab46caa399491fa4555710ea"",""update_endpoint_sha256"":""8a607274f1b3d176dd6acfdc7381c25676b642e78d334a9664e45a2bdf3d52a0"",""base_data_identity_sha256"":""59fb59a04cd20e6dec9ee47cf1de02734068a3328cade998a3fc44a746054ea8"",""reified_data_identity_sha256"":""a42a308bd2c5294f3aa79a1a3b15804d4137fd68d7677d9adc037e257a217e76"",""update_for"":""none"",""access_mode"":""read-only"",""base_data_name"":""exploratory-base"",""reified_data_name"":""exploratory-reified"",""update_canary_sha256"":""2b9b44b25cd1c568cd57c6c5df25ae260b68229044617821fb33f542dab77648"",""store_instance_sha256"":""603cfbcfaa789b9594f9f90c9f9a5d475d891c57ec09512df1a8db40abab27c6"",""store_discriminator_sha256"":""f9ff8d30db2db1840ca1585b5598b1cf4d1d06ac2adb86a55b430669507fabff"",""tool_sha256"":""7b43c2342d7676aa65cc9ee233b2184c9eae88f2663874af7ab1b83282f94ab4"",""java_runtime_sha256"":""6ffd10b28ab050230cdc1137f0bd16155c3a7c587add7fbe921d985fa92879fe"",""run_identity_sha256"":""7a3d2787f9bb332ca02860fc1a84856ff5296c757eb9eb202f2b440aa9090be0""}"
30927b7b5d3bb9c394df57f9454162ec0b8818e4,qlever,QLever [engines.json profile],10M,F,F2,00,a2d067af87788371d0895c53af5536df3cc59090adda8fe35f6c9b1491962642,R,reification-only,ok,1,186.4,186.4,186.4,186.4,0.0,0,1,900.0,602,0.0,,,,,138.052273,[186.372],[0.0],,[],,[],,[],r9.2-frozen-identity-v8,c1805e4548b9e6b1e4c35d07987d3339d3f47ec38ce57e889cf043d8365e6e34,csv-binding-multiset-v1,1,10b9ad637f4f149333d27fb8ee82859266bf90afe18da9b5f14770c77a27b07e,,,,,,,,de27bc9b5795f339824b9ba281db7ca210725e43627cd5dfc25b8166ca98b6b8,f188c79557444ad5deb4e733829ad5b89a290050ab46caa399491fa4555710ea,8a607274f1b3d176dd6acfdc7381c25676b642e78d334a9664e45a2bdf3d52a0,59fb59a04cd20e6dec9ee47cf1de02734068a3328cade998a3fc44a746054ea8,a42a308bd2c5294f3aa79a1a3b15804d4137fd68d7677d9adc037e257a217e76,none,read-only,exploratory-base,exploratory-reified,2b9b44b25cd1c568cd57c6c5df25ae260b68229044617821fb33f542dab77648,603cfbcfaa789b9594f9f90c9f9a5d475d891c57ec09512df1a8db40abab27c6,f9ff8d30db2db1840ca1585b5598b1cf4d1d06ac2adb86a55b430669507fabff,7b43c2342d7676aa65cc9ee233b2184c9eae88f2663874af7ab1b83282f94ab4,6ffd10b28ab050230cdc1137f0bd16155c3a7c587add7fbe921d985fa92879fe,7a3d2787f9bb332ca02860fc1a84856ff5296c757eb9eb202f2b440aa9090be0,"pcm-meta-v2:{""protocol"":""r9.2-frozen-identity-v8"",""message"":"""",""cell_wall_ms"":331.102,""answer_kind"":""csv-binding-multiset-v1"",""answer_key_count"":1,""answer_fingerprint"":""10b9ad637f4f149333d27fb8ee82859266bf90afe18da9b5f14770c77a27b07e"",""c_parse_samples"":[0.0],""c_protocol_samples"":[],""construct_total_samples"":[],""construct_unattributed_samples"":[],""status"":""ok"",""status_evidence"":null,""construction_requested"":null,""construction_effective"":null,""commit"":""30927b7b5d3bb9c394df57f9454162ec0b8818e4"",""batch_id"":""c1805e4548b9e6b1e4c35d07987d3339d3f47ec38ce57e889cf043d8365e6e34"",""query_sha256"":""a2d067af87788371d0895c53af5536df3cc59090adda8fe35f6c9b1491962642"",""engine"":""qlever"",""engine_version"":""QLever [engines.json profile]"",""scale"":""10M"",""base_endpoint_sha256"":""de27bc9b5795f339824b9ba281db7ca210725e43627cd5dfc25b8166ca98b6b8"",""reified_endpoint_sha256"":""f188c79557444ad5deb4e733829ad5b89a290050ab46caa399491fa4555710ea"",""update_endpoint_sha256"":""8a607274f1b3d176dd6acfdc7381c25676b642e78d334a9664e45a2bdf3d52a0"",""base_data_identity_sha256"":""59fb59a04cd20e6dec9ee47cf1de02734068a3328cade998a3fc44a746054ea8"",""reified_data_identity_sha256"":""a42a308bd2c5294f3aa79a1a3b15804d4137fd68d7677d9adc037e257a217e76"",""update_for"":""none"",""access_mode"":""read-only"",""base_data_name"":""exploratory-base"",""reified_data_name"":""exploratory-reified"",""update_canary_sha256"":""2b9b44b25cd1c568cd57c6c5df25ae260b68229044617821fb33f542dab77648"",""store_instance_sha256"":""603cfbcfaa789b9594f9f90c9f9a5d475d891c57ec09512df1a8db40abab27c6"",""store_discriminator_sha256"":""f9ff8d30db2db1840ca1585b5598b1cf4d1d06ac2adb86a55b430669507fabff"",""tool_sha256"":""7b43c2342d7676aa65cc9ee233b2184c9eae88f2663874af7ab1b83282f94ab4"",""java_runtime_sha256"":""6ffd10b28ab050230cdc1137f0bd16155c3a7c587add7fbe921d985fa92879fe"",""run_identity_sha256"":""7a3d2787f9bb332ca02860fc1a84856ff5296c757eb9eb202f2b440aa9090be0""}"
30927b7b5d3bb9c394df57f9454162ec0b8818e4,qlever,QLever [engines.json profile],10M,F,F2,00,a2d067af87788371d0895c53af5536df3cc59090adda8fe35f6c9b1491962642,N,N_clean (NPCS reimplementation),ok,1,160.4,160.4,160.4,160.4,0.0,0,1,900.0,747,0.0,,,,1,177.141458,[160.352],[0.0],,[],,[],,[],r9.2-frozen-identity-v8,c1805e4548b9e6b1e4c35d07987d3339d3f47ec38ce57e889cf043d8365e6e34,csv-candidate-multiset-v1,1,10b9ad637f4f149333d27fb8ee82859266bf90afe18da9b5f14770c77a27b07e,,,,,,,,de27bc9b5795f339824b9ba281db7ca210725e43627cd5dfc25b8166ca98b6b8,f188c79557444ad5deb4e733829ad5b89a290050ab46caa399491fa4555710ea,8a607274f1b3d176dd6acfdc7381c25676b642e78d334a9664e45a2bdf3d52a0,59fb59a04cd20e6dec9ee47cf1de02734068a3328cade998a3fc44a746054ea8,a42a308bd2c5294f3aa79a1a3b15804d4137fd68d7677d9adc037e257a217e76,none,read-only,exploratory-base,exploratory-reified,2b9b44b25cd1c568cd57c6c5df25ae260b68229044617821fb33f542dab77648,603cfbcfaa789b9594f9f90c9f9a5d475d891c57ec09512df1a8db40abab27c6,f9ff8d30db2db1840ca1585b5598b1cf4d1d06ac2adb86a55b430669507fabff,7b43c2342d7676aa65cc9ee233b2184c9eae88f2663874af7ab1b83282f94ab4,6ffd10b28ab050230cdc1137f0bd16155c3a7c587add7fbe921d985fa92879fe,7a3d2787f9bb332ca02860fc1a84856ff5296c757eb9eb202f2b440aa9090be0,"pcm-meta-v2:{""protocol"":""r9.2-frozen-identity-v8"",""message"":"""",""cell_wall_ms"":343.664,""answer_kind"":""csv-candidate-multiset-v1"",""answer_key_count"":1,""answer_fingerprint"":""10b9ad637f4f149333d27fb8ee82859266bf90afe18da9b5f14770c77a27b07e"",""c_parse_samples"":[0.0],""c_protocol_samples"":[],""construct_total_samples"":[],""construct_unattributed_samples"":[],""status"":""ok"",""status_evidence"":null,""construction_requested"":null,""construction_effective"":null,""commit"":""30927b7b5d3bb9c394df57f9454162ec0b8818e4"",""batch_id"":""c1805e4548b9e6b1e4c35d07987d3339d3f47ec38ce57e889cf043d8365e6e34"",""query_sha256"":""a2d067af87788371d0895c53af5536df3cc59090adda8fe35f6c9b1491962642"",""engine"":""qlever"",""engine_version"":""QLever [engines.json profile]"",""scale"":""10M"",""base_endpoint_sha256"":""de27bc9b5795f339824b9ba281db7ca210725e43627cd5dfc25b8166ca98b6b8"",""reified_endpoint_sha256"":""f188c79557444ad5deb4e733829ad5b89a290050ab46caa399491fa4555710ea"",""update_endpoint_sha256"":""8a607274f1b3d176dd6acfdc7381c25676b642e78d334a9664e45a2bdf3d52a0"",""base_data_identity_sha256"":""59fb59a04cd20e6dec9ee47cf1de02734068a3328cade998a3fc44a746054ea8"",""reified_data_identity_sha256"":""a42a308bd2c5294f3aa79a1a3b15804d4137fd68d7677d9adc037e257a217e76"",""update_for"":""none"",""access_mode"":""read-only"",""base_data_name"":""exploratory-base"",""reified_data_name"":""exploratory-reified"",""update_canary_sha256"":""2b9b44b25cd1c568cd57c6c5df25ae260b68229044617821fb33f542dab77648"",""store_instance_sha256"":""603cfbcfaa789b9594f9f90c9f9a5d475d891c57ec09512df1a8db40abab27c6"",""store_discriminator_sha256"":""f9ff8d30db2db1840ca1585b5598b1cf4d1d06ac2adb86a55b430669507fabff"",""tool_sha256"":""7b43c2342d7676aa65cc9ee233b2184c9eae88f2663874af7ab1b83282f94ab4"",""java_runtime_sha256"":""6ffd10b28ab050230cdc1137f0bd16155c3a7c587add7fbe921d985fa92879fe"",""run_identity_sha256"":""7a3d2787f9bb332ca02860fc1a84856ff5296c757eb9eb202f2b440aa9090be0""}"
30927b7b5d3bb9c394df57f9454162ec0b8818e4,qlever,QLever [engines.json profile],10M,F,F2,00,a2d067af87788371d0895c53af5536df3cc59090adda8fe35f6c9b1491962642,C,SPARQLcirc CircuitRewriter,ok,1,767.2,767.2,767.2,767.2,0.0,0,1,900.0,5286,0.7,2,9,1,,392.104772,[767.209],[0.694],0.0,[0.0],768.3,[768.335],0.4,[0.432],r9.2-frozen-identity-v8,c1805e4548b9e6b1e4c35d07987d3339d3f47ec38ce57e889cf043d8365e6e34,term-aware-candidate-set-v1,1,e18a32fbf3454210ede20c509c778e5826aeaeb74c5f3c679c785df382e8d072,flat,flat,971544a4c505a677b7c8d8607f1e4ccebb425f67058a0ef09b9f091030fd2cd9,/mnt/nfs/home/ac145595/workspace/rq3-artifacts/circuits/qlever-10m/a2d067af87788371d0895c53af5536df3cc59090adda8fe35f6c9b1491962642-971544a4c505a677b7c8d8607f1e4ccebb425f67058a0ef09b9f091030fd2cd9.nt,/mnt/nfs/home/ac145595/workspace/rq3-artifacts/circuits/qlever-10m/a2d067af87788371d0895c53af5536df3cc59090adda8fe35f6c9b1491962642-971544a4c505a677b7c8d8607f1e4ccebb425f67058a0ef09b9f091030fd2cd9.json,87598111bc17d05b94ee4c3d2f88213c2a3d35a622c4905ae9691a1077b01f40,ccfc574b5ecf5d5e77f693effb8b2141ac453489533891f669f91ab8277b1332,de27bc9b5795f339824b9ba281db7ca210725e43627cd5dfc25b8166ca98b6b8,f188c79557444ad5deb4e733829ad5b89a290050ab46caa399491fa4555710ea,8a607274f1b3d176dd6acfdc7381c25676b642e78d334a9664e45a2bdf3d52a0,59fb59a04cd20e6dec9ee47cf1de02734068a3328cade998a3fc44a746054ea8,a42a308bd2c5294f3aa79a1a3b15804d4137fd68d7677d9adc037e257a217e76,none,read-only,exploratory-base,exploratory-reified,2b9b44b25cd1c568cd57c6c5df25ae260b68229044617821fb33f542dab77648,603cfbcfaa789b9594f9f90c9f9a5d475d891c57ec09512df1a8db40abab27c6,f9ff8d30db2db1840ca1585b5598b1cf4d1d06ac2adb86a55b430669507fabff,7b43c2342d7676aa65cc9ee233b2184c9eae88f2663874af7ab1b83282f94ab4,6ffd10b28ab050230cdc1137f0bd16155c3a7c587add7fbe921d985fa92879fe,7a3d2787f9bb332ca02860fc1a84856ff5296c757eb9eb202f2b440aa9090be0,"pcm-meta-v2:{""protocol"":""r9.2-frozen-identity-v8"",""message"":""C requested=flat effective=flat; steps=1 feedback=0; network includes CONSTRUCT, feedback INSERT, and cleanup DELETE"",""cell_wall_ms"":1165.55,""answer_kind"":""term-aware-candidate-set-v1"",""answer_key_count"":1,""answer_fingerprint"":""e18a32fbf3454210ede20c509c778e5826aeaeb74c5f3c679c785df382e8d072"",""c_parse_samples"":[0.694],""c_protocol_samples"":[{""requested_mode"":""flat"",""effective_mode"":""flat"",""fallback_reason"":null,""plan_steps"":1,""feedback_steps"":0,""feedback_triples"":0,""construct_query_ms"":767.209,""feedback_update_ms"":0.0,""cleanup_ms"":0.0,""client_protocol_ms"":0.0,""network_scope"":""construct+feedback+cleanup"",""circuit_sha256"":""971544a4c505a677b7c8d8607f1e4ccebb425f67058a0ef09b9f091030fd2cd9"",""answer_fingerprint"":""e18a32fbf3454210ede20c509c778e5826aeaeb74c5f3c679c785df382e8d072"",""semantic_signature_sha256"":""4d37765085e081bbf89d914788006ac2255747bf966d4d293db59428a838168b"",""structure_signature"":{""gates"":2,""edges"":9,""answers"":1,""derivations"":1,""canonical_bytes"":5286},""construct_total_ms"":768.335,""client_unattributed_ms"":0.432}],""construct_total_samples"":[768.335],""construct_unattributed_samples"":[0.432],""status"":""ok"",""status_evidence"":null,""c_warmup_signatures"":[],""measured_semantic_signature_sha256"":""4d37765085e081bbf89d914788006ac2255747bf966d4d293db59428a838168b"",""measured_repetitions_consistent"":true,""cache_snapshot_ms"":0.61,""cache_snapshot_scope"":""first-measured-response; deferred until all runs succeeded"",""outside_cell_cache_write_ms"":4.006,""construction_requested"":""flat"",""construction_effective"":""flat"",""circuit_sha256"":""971544a4c505a677b7c8d8607f1e4ccebb425f67058a0ef09b9f091030fd2cd9"",""circuit_triples"":33,""circuit_bytes"":5286,""circuit_path"":""/mnt/nfs/home/ac145595/workspace/rq3-artifacts/circuits/qlever-10m/a2d067af87788371d0895c53af5536df3cc59090adda8fe35f6c9b1491962642-971544a4c505a677b7c8d8607f1e4ccebb425f67058a0ef09b9f091030fd2cd9.nt"",""metadata_path"":""/mnt/nfs/home/ac145595/workspace/rq3-artifacts/circuits/qlever-10m/a2d067af87788371d0895c53af5536df3cc59090adda8fe35f6c9b1491962642-971544a4c505a677b7c8d8607f1e4ccebb425f67058a0ef09b9f091030fd2cd9.json"",""producer_observation_sha256"":""87598111bc17d05b94ee4c3d2f88213c2a3d35a622c4905ae9691a1077b01f40"",""sidecar_sha256"":""ccfc574b5ecf5d5e77f693effb8b2141ac453489533891f669f91ab8277b1332"",""commit"":""30927b7b5d3bb9c394df57f9454162ec0b8818e4"",""batch_id"":""c1805e4548b9e6b1e4c35d07987d3339d3f47ec38ce57e889cf043d8365e6e34"",""query_sha256"":""a2d067af87788371d0895c53af5536df3cc59090adda8fe35f6c9b1491962642"",""engine"":""qlever"",""engine_version"":""QLever [engines.json profile]"",""scale"":""10M"",""base_endpoint_sha256"":""de27bc9b5795f339824b9ba281db7ca210725e43627cd5dfc25b8166ca98b6b8"",""reified_endpoint_sha256"":""f188c79557444ad5deb4e733829ad5b89a290050ab46caa399491fa4555710ea"",""update_endpoint_sha256"":""8a607274f1b3d176dd6acfdc7381c25676b642e78d334a9664e45a2bdf3d52a0"",""base_data_identity_sha256"":""59fb59a04cd20e6dec9ee47cf1de02734068a3328cade998a3fc44a746054ea8"",""reified_data_identity_sha256"":""a42a308bd2c5294f3aa79a1a3b15804d4137fd68d7677d9adc037e257a217e76"",""update_for"":""none"",""access_mode"":""read-only"",""base_data_name"":""exploratory-base"",""reified_data_name"":""exploratory-reified"",""update_canary_sha256"":""2b9b44b25cd1c568cd57c6c5df25ae260b68229044617821fb33f542dab77648"",""store_instance_sha256"":""603cfbcfaa789b9594f9f90c9f9a5d475d891c57ec09512df1a8db40abab27c6"",""store_discriminator_sha256"":""f9ff8d30db2db1840ca1585b5598b1cf4d1d06ac2adb86a55b430669507fabff"",""tool_sha256"":""7b43c2342d7676aa65cc9ee233b2184c9eae88f2663874af7ab1b83282f94ab4"",""java_runtime_sha256"":""6ffd10b28ab050230cdc1137f0bd16155c3a7c587add7fbe921d985fa92879fe"",""run_identity_sha256"":""7a3d2787f9bb332ca02860fc1a84856ff5296c757eb9eb202f2b440aa9090be0""}"
30927b7b5d3bb9c394df57f9454162ec0b8818e4,qlever,QLever [engines.json profile],10M,F,F3,00,ab4a33937e9d2bc9b501268b85f184fcbc070f1c35d8b6f2a148df9d906de693,B,base-select,ok,3,36.9,36.9,36.9,36.9,0.0,0,1,900.0,507,0.0,,,,,0.01016,[36.896],[0.0],,[],,[],,[],r9.2-frozen-identity-v8,c1805e4548b9e6b1e4c35d07987d3339d3f47ec38ce57e889cf043d8365e6e34,csv-binding-multiset-v1,3,7236913871dd8411f613d4202ff19330c011e8178270c515215e83355fad85f7,,,,,,,,de27bc9b5795f339824b9ba281db7ca210725e43627cd5dfc25b8166ca98b6b8,f188c79557444ad5deb4e733829ad5b89a290050ab46caa399491fa4555710ea,8a607274f1b3d176dd6acfdc7381c25676b642e78d334a9664e45a2bdf3d52a0,59fb59a04cd20e6dec9ee47cf1de02734068a3328cade998a3fc44a746054ea8,a42a308bd2c5294f3aa79a1a3b15804d4137fd68d7677d9adc037e257a217e76,none,read-only,exploratory-base,exploratory-reified,2b9b44b25cd1c568cd57c6c5df25ae260b68229044617821fb33f542dab77648,603cfbcfaa789b9594f9f90c9f9a5d475d891c57ec09512df1a8db40abab27c6,f9ff8d30db2db1840ca1585b5598b1cf4d1d06ac2adb86a55b430669507fabff,7b43c2342d7676aa65cc9ee233b2184c9eae88f2663874af7ab1b83282f94ab4,6ffd10b28ab050230cdc1137f0bd16155c3a7c587add7fbe921d985fa92879fe,4042d7f10e68ff809462627ece94016f1c1e374ad3248f5d11a23dc69ab3afa6,"pcm-meta-v2:{""protocol"":""r9.2-frozen-identity-v8"",""message"":"""",""cell_wall_ms"":42.324,""answer_kind"":""csv-binding-multiset-v1"",""answer_key_count"":3,""answer_fingerprint"":""7236913871dd8411f613d4202ff19330c011e8178270c515215e83355fad85f7"",""c_parse_samples"":[0.0],""c_protocol_samples"":[],""construct_total_samples"":[],""construct_unattributed_samples"":[],""status"":""ok"",""status_evidence"":null,""construction_requested"":null,""construction_effective"":null,""commit"":""30927b7b5d3bb9c394df57f9454162ec0b8818e4"",""batch_id"":""c1805e4548b9e6b1e4c35d07987d3339d3f47ec38ce57e889cf043d8365e6e34"",""query_sha256"":""ab4a33937e9d2bc9b501268b85f184fcbc070f1c35d8b6f2a148df9d906de693"",""engine"":""qlever"",""engine_version"":""QLever [engines.json profile]"",""scale"":""10M"",""base_endpoint_sha256"":""de27bc9b5795f339824b9ba281db7ca210725e43627cd5dfc25b8166ca98b6b8"",""reified_endpoint_sha256"":""f188c79557444ad5deb4e733829ad5b89a290050ab46caa399491fa4555710ea"",""update_endpoint_sha256"":""8a607274f1b3d176dd6acfdc7381c25676b642e78d334a9664e45a2bdf3d52a0"",""base_data_identity_sha256"":""59fb59a04cd20e6dec9ee47cf1de02734068a3328cade998a3fc44a746054ea8"",""reified_data_identity_sha256"":""a42a308bd2c5294f3aa79a1a3b15804d4137fd68d7677d9adc037e257a217e76"",""update_for"":""none"",""access_mode"":""read-only"",""base_data_name"":""exploratory-base"",""reified_data_name"":""exploratory-reified"",""update_canary_sha256"":""2b9b44b25cd1c568cd57c6c5df25ae260b68229044617821fb33f542dab77648"",""store_instance_sha256"":""603cfbcfaa789b9594f9f90c9f9a5d475d891c57ec09512df1a8db40abab27c6"",""store_discriminator_sha256"":""f9ff8d30db2db1840ca1585b5598b1cf4d1d06ac2adb86a55b430669507fabff"",""tool_sha256"":""7b43c2342d7676aa65cc9ee233b2184c9eae88f2663874af7ab1b83282f94ab4"",""java_runtime_sha256"":""6ffd10b28ab050230cdc1137f0bd16155c3a7c587add7fbe921d985fa92879fe"",""run_identity_sha256"":""4042d7f10e68ff809462627ece94016f1c1e374ad3248f5d11a23dc69ab3afa6""}"
30927b7b5d3bb9c394df57f9454162ec0b8818e4,qlever,QLever [engines.json profile],10M,F,F3,00,ab4a33937e9d2bc9b501268b85f184fcbc070f1c35d8b6f2a148df9d906de693,R,reification-only,ok,3,178.3,178.3,178.3,178.3,0.0,0,1,900.0,507,0.0,,,,,132.984805,[178.258],[0.0],,[],,[],,[],r9.2-frozen-identity-v8,c1805e4548b9e6b1e4c35d07987d3339d3f47ec38ce57e889cf043d8365e6e34,csv-binding-multiset-v1,3,7236913871dd8411f613d4202ff19330c011e8178270c515215e83355fad85f7,,,,,,,,de27bc9b5795f339824b9ba281db7ca210725e43627cd5dfc25b8166ca98b6b8,f188c79557444ad5deb4e733829ad5b89a290050ab46caa399491fa4555710ea,8a607274f1b3d176dd6acfdc7381c25676b642e78d334a9664e45a2bdf3d52a0,59fb59a04cd20e6dec9ee47cf1de02734068a3328cade998a3fc44a746054ea8,a42a308bd2c5294f3aa79a1a3b15804d4137fd68d7677d9adc037e257a217e76,none,read-only,exploratory-base,exploratory-reified,2b9b44b25cd1c568cd57c6c5df25ae260b68229044617821fb33f542dab77648,603cfbcfaa789b9594f9f90c9f9a5d475d891c57ec09512df1a8db40abab27c6,f9ff8d30db2db1840ca1585b5598b1cf4d1d06ac2adb86a55b430669507fabff,7b43c2342d7676aa65cc9ee233b2184c9eae88f2663874af7ab1b83282f94ab4,6ffd10b28ab050230cdc1137f0bd16155c3a7c587add7fbe921d985fa92879fe,4042d7f10e68ff809462627ece94016f1c1e374ad3248f5d11a23dc69ab3afa6,"pcm-meta-v2:{""protocol"":""r9.2-frozen-identity-v8"",""message"":"""",""cell_wall_ms"":318.187,""answer_kind"":""csv-binding-multiset-v1"",""answer_key_count"":3,""answer_fingerprint"":""7236913871dd8411f613d4202ff19330c011e8178270c515215e83355fad85f7"",""c_parse_samples"":[0.0],""c_protocol_samples"":[],""construct_total_samples"":[],""construct_unattributed_samples"":[],""status"":""ok"",""status_evidence"":null,""construction_requested"":null,""construction_effective"":null,""commit"":""30927b7b5d3bb9c394df57f9454162ec0b8818e4"",""batch_id"":""c1805e4548b9e6b1e4c35d07987d3339d3f47ec38ce57e889cf043d8365e6e34"",""query_sha256"":""ab4a33937e9d2bc9b501268b85f184fcbc070f1c35d8b6f2a148df9d906de693"",""engine"":""qlever"",""engine_version"":""QLever [engines.json profile]"",""scale"":""10M"",""base_endpoint_sha256"":""de27bc9b5795f339824b9ba281db7ca210725e43627cd5dfc25b8166ca98b6b8"",""reified_endpoint_sha256"":""f188c79557444ad5deb4e733829ad5b89a290050ab46caa399491fa4555710ea"",""update_endpoint_sha256"":""8a607274f1b3d176dd6acfdc7381c25676b642e78d334a9664e45a2bdf3d52a0"",""base_data_identity_sha256"":""59fb59a04cd20e6dec9ee47cf1de02734068a3328cade998a3fc44a746054ea8"",""reified_data_identity_sha256"":""a42a308bd2c5294f3aa79a1a3b15804d4137fd68d7677d9adc037e257a217e76"",""update_for"":""none"",""access_mode"":""read-only"",""base_data_name"":""exploratory-base"",""reified_data_name"":""exploratory-reified"",""update_canary_sha256"":""2b9b44b25cd1c568cd57c6c5df25ae260b68229044617821fb33f542dab77648"",""store_instance_sha256"":""603cfbcfaa789b9594f9f90c9f9a5d475d891c57ec09512df1a8db40abab27c6"",""store_discriminator_sha256"":""f9ff8d30db2db1840ca1585b5598b1cf4d1d06ac2adb86a55b430669507fabff"",""tool_sha256"":""7b43c2342d7676aa65cc9ee233b2184c9eae88f2663874af7ab1b83282f94ab4"",""java_runtime_sha256"":""6ffd10b28ab050230cdc1137f0bd16155c3a7c587add7fbe921d985fa92879fe"",""run_identity_sha256"":""4042d7f10e68ff809462627ece94016f1c1e374ad3248f5d11a23dc69ab3afa6""}"
30927b7b5d3bb9c394df57f9454162ec0b8818e4,qlever,QLever [engines.json profile],10M,F,F3,00,ab4a33937e9d2bc9b501268b85f184fcbc070f1c35d8b6f2a148df9d906de693,N,N_clean (NPCS reimplementation),ok,3,73.3,73.3,73.3,73.3,0.0,0,1,900.0,819,0.0,,,,3,181.830589,[73.26],[0.0],,[],,[],,[],r9.2-frozen-identity-v8,c1805e4548b9e6b1e4c35d07987d3339d3f47ec38ce57e889cf043d8365e6e34,csv-candidate-multiset-v1,3,7236913871dd8411f613d4202ff19330c011e8178270c515215e83355fad85f7,,,,,,,,de27bc9b5795f339824b9ba281db7ca210725e43627cd5dfc25b8166ca98b6b8,f188c79557444ad5deb4e733829ad5b89a290050ab46caa399491fa4555710ea,8a607274f1b3d176dd6acfdc7381c25676b642e78d334a9664e45a2bdf3d52a0,59fb59a04cd20e6dec9ee47cf1de02734068a3328cade998a3fc44a746054ea8,a42a308bd2c5294f3aa79a1a3b15804d4137fd68d7677d9adc037e257a217e76,none,read-only,exploratory-base,exploratory-reified,2b9b44b25cd1c568cd57c6c5df25ae260b68229044617821fb33f542dab77648,603cfbcfaa789b9594f9f90c9f9a5d475d891c57ec09512df1a8db40abab27c6,f9ff8d30db2db1840ca1585b5598b1cf4d1d06ac2adb86a55b430669507fabff,7b43c2342d7676aa65cc9ee233b2184c9eae88f2663874af7ab1b83282f94ab4,6ffd10b28ab050230cdc1137f0bd16155c3a7c587add7fbe921d985fa92879fe,4042d7f10e68ff809462627ece94016f1c1e374ad3248f5d11a23dc69ab3afa6,"pcm-meta-v2:{""protocol"":""r9.2-frozen-identity-v8"",""message"":"""",""cell_wall_ms"":261.204,""answer_kind"":""csv-candidate-multiset-v1"",""answer_key_count"":3,""answer_fingerprint"":""7236913871dd8411f613d4202ff19330c011e8178270c515215e83355fad85f7"",""c_parse_samples"":[0.0],""c_protocol_samples"":[],""construct_total_samples"":[],""construct_unattributed_samples"":[],""status"":""ok"",""status_evidence"":null,""construction_requested"":null,""construction_effective"":null,""commit"":""30927b7b5d3bb9c394df57f9454162ec0b8818e4"",""batch_id"":""c1805e4548b9e6b1e4c35d07987d3339d3f47ec38ce57e889cf043d8365e6e34"",""query_sha256"":""ab4a33937e9d2bc9b501268b85f184fcbc070f1c35d8b6f2a148df9d906de693"",""engine"":""qlever"",""engine_version"":""QLever [engines.json profile]"",""scale"":""10M"",""base_endpoint_sha256"":""de27bc9b5795f339824b9ba281db7ca210725e43627cd5dfc25b8166ca98b6b8"",""reified_endpoint_sha256"":""f188c79557444ad5deb4e733829ad5b89a290050ab46caa399491fa4555710ea"",""update_endpoint_sha256"":""8a607274f1b3d176dd6acfdc7381c25676b642e78d334a9664e45a2bdf3d52a0"",""base_data_identity_sha256"":""59fb59a04cd20e6dec9ee47cf1de02734068a3328cade998a3fc44a746054ea8"",""reified_data_identity_sha256"":""a42a308bd2c5294f3aa79a1a3b15804d4137fd68d7677d9adc037e257a217e76"",""update_for"":""none"",""access_mode"":""read-only"",""base_data_name"":""exploratory-base"",""reified_data_name"":""exploratory-reified"",""update_canary_sha256"":""2b9b44b25cd1c568cd57c6c5df25ae260b68229044617821fb33f542dab77648"",""store_instance_sha256"":""603cfbcfaa789b9594f9f90c9f9a5d475d891c57ec09512df1a8db40abab27c6"",""store_discriminator_sha256"":""f9ff8d30db2db1840ca1585b5598b1cf4d1d06ac2adb86a55b430669507fabff"",""tool_sha256"":""7b43c2342d7676aa65cc9ee233b2184c9eae88f2663874af7ab1b83282f94ab4"",""java_runtime_sha256"":""6ffd10b28ab050230cdc1137f0bd16155c3a7c587add7fbe921d985fa92879fe"",""run_identity_sha256"":""4042d7f10e68ff809462627ece94016f1c1e374ad3248f5d11a23dc69ab3afa6""}"
30927b7b5d3bb9c394df57f9454162ec0b8818e4,qlever,QLever [engines.json profile],10M,F,F3,00,ab4a33937e9d2bc9b501268b85f184fcbc070f1c35d8b6f2a148df9d906de693,C,SPARQLcirc CircuitRewriter,ok,3,267.7,267.7,267.7,267.7,0.0,0,1,900.0,11550,1.3,6,21,3,,365.973114,[267.685],[1.292],0.0,[0.0],269.5,[269.496],0.5,[0.52],r9.2-frozen-identity-v8,c1805e4548b9e6b1e4c35d07987d3339d3f47ec38ce57e889cf043d8365e6e34,term-aware-candidate-set-v1,3,d5e8076027f8a1ac554fbd76a9c91a7f3228e45dbf5c55c26165ba3f8e9d9fc7,flat,flat,baa051461f24fc29206538cab376b7a4bfac00bedf725c45c44765ff7a8e6d46,/mnt/nfs/home/ac145595/workspace/rq3-artifacts/circuits/qlever-10m/ab4a33937e9d2bc9b501268b85f184fcbc070f1c35d8b6f2a148df9d906de693-baa051461f24fc29206538cab376b7a4bfac00bedf725c45c44765ff7a8e6d46.nt,/mnt/nfs/home/ac145595/workspace/rq3-artifacts/circuits/qlever-10m/ab4a33937e9d2bc9b501268b85f184fcbc070f1c35d8b6f2a148df9d906de693-baa051461f24fc29206538cab376b7a4bfac00bedf725c45c44765ff7a8e6d46.json,842447437afa593bf49566388acedad2bf7d986a3e6ad6d0e678a478c9444dab,85ad7d0d87c0fa06d188cab561f15bcd576ef71333b6c67899f0f8402c84d9a9,de27bc9b5795f339824b9ba281db7ca210725e43627cd5dfc25b8166ca98b6b8,f188c79557444ad5deb4e733829ad5b89a290050ab46caa399491fa4555710ea,8a607274f1b3d176dd6acfdc7381c25676b642e78d334a9664e45a2bdf3d52a0,59fb59a04cd20e6dec9ee47cf1de02734068a3328cade998a3fc44a746054ea8,a42a308bd2c5294f3aa79a1a3b15804d4137fd68d7677d9adc037e257a217e76,none,read-only,exploratory-base,exploratory-reified,2b9b44b25cd1c568cd57c6c5df25ae260b68229044617821fb33f542dab77648,603cfbcfaa789b9594f9f90c9f9a5d475d891c57ec09512df1a8db40abab27c6,f9ff8d30db2db1840ca1585b5598b1cf4d1d06ac2adb86a55b430669507fabff,7b43c2342d7676aa65cc9ee233b2184c9eae88f2663874af7ab1b83282f94ab4,6ffd10b28ab050230cdc1137f0bd16155c3a7c587add7fbe921d985fa92879fe,4042d7f10e68ff809462627ece94016f1c1e374ad3248f5d11a23dc69ab3afa6,"pcm-meta-v2:{""protocol"":""r9.2-frozen-identity-v8"",""message"":""C requested=flat effective=flat; steps=1 feedback=0; network includes CONSTRUCT, feedback INSERT, and cleanup DELETE"",""cell_wall_ms"":641.162,""answer_kind"":""term-aware-candidate-set-v1"",""answer_key_count"":3,""answer_fingerprint"":""d5e8076027f8a1ac554fbd76a9c91a7f3228e45dbf5c55c26165ba3f8e9d9fc7"",""c_parse_samples"":[1.292],""c_protocol_samples"":[{""requested_mode"":""flat"",""effective_mode"":""flat"",""fallback_reason"":null,""plan_steps"":1,""feedback_steps"":0,""feedback_triples"":0,""construct_query_ms"":267.685,""feedback_update_ms"":0.0,""cleanup_ms"":0.0,""client_protocol_ms"":0.0,""network_scope"":""construct+feedback+cleanup"",""circuit_sha256"":""baa051461f24fc29206538cab376b7a4bfac00bedf725c45c44765ff7a8e6d46"",""answer_fingerprint"":""d5e8076027f8a1ac554fbd76a9c91a7f3228e45dbf5c55c26165ba3f8e9d9fc7"",""semantic_signature_sha256"":""c7c432796ded40ee4393cd70cec9d8411de085786dee1c0b5adbbbde80c5b120"",""structure_signature"":{""gates"":6,""edges"":21,""answers"":3,""derivations"":3,""canonical_bytes"":11550},""construct_total_ms"":269.496,""client_unattributed_ms"":0.52}],""construct_total_samples"":[269.496],""construct_unattributed_samples"":[0.52],""status"":""ok"",""status_evidence"":null,""c_warmup_signatures"":[],""measured_semantic_signature_sha256"":""c7c432796ded40ee4393cd70cec9d8411de085786dee1c0b5adbbbde80c5b120"",""measured_repetitions_consistent"":true,""cache_snapshot_ms"":1.098,""cache_snapshot_scope"":""first-measured-response; deferred until all runs succeeded"",""outside_cell_cache_write_ms"":5.257,""construction_requested"":""flat"",""construction_effective"":""flat"",""circuit_sha256"":""baa051461f24fc29206538cab376b7a4bfac00bedf725c45c44765ff7a8e6d46"",""circuit_triples"":84,""circuit_bytes"":11550,""circuit_path"":""/mnt/nfs/home/ac145595/workspace/rq3-artifacts/circuits/qlever-10m/ab4a33937e9d2bc9b501268b85f184fcbc070f1c35d8b6f2a148df9d906de693-baa051461f24fc29206538cab376b7a4bfac00bedf725c45c44765ff7a8e6d46.nt"",""metadata_path"":""/mnt/nfs/home/ac145595/workspace/rq3-artifacts/circuits/qlever-10m/ab4a33937e9d2bc9b501268b85f184fcbc070f1c35d8b6f2a148df9d906de693-baa051461f24fc29206538cab376b7a4bfac00bedf725c45c44765ff7a8e6d46.json"",""producer_observation_sha256"":""842447437afa593bf49566388acedad2bf7d986a3e6ad6d0e678a478c9444dab"",""sidecar_sha256"":""85ad7d0d87c0fa06d188cab561f15bcd576ef71333b6c67899f0f8402c84d9a9"",""commit"":""30927b7b5d3bb9c394df57f9454162ec0b8818e4"",""batch_id"":""c1805e4548b9e6b1e4c35d07987d3339d3f47ec38ce57e889cf043d8365e6e34"",""query_sha256"":""ab4a33937e9d2bc9b501268b85f184fcbc070f1c35d8b6f2a148df9d906de693"",""engine"":""qlever"",""engine_version"":""QLever [engines.json profile]"",""scale"":""10M"",""base_endpoint_sha256"":""de27bc9b5795f339824b9ba281db7ca210725e43627cd5dfc25b8166ca98b6b8"",""reified_endpoint_sha256"":""f188c79557444ad5deb4e733829ad5b89a290050ab46caa399491fa4555710ea"",""update_endpoint_sha256"":""8a607274f1b3d176dd6acfdc7381c25676b642e78d334a9664e45a2bdf3d52a0"",""base_data_identity_sha256"":""59fb59a04cd20e6dec9ee47cf1de02734068a3328cade998a3fc44a746054ea8"",""reified_data_identity_sha256"":""a42a308bd2c5294f3aa79a1a3b15804d4137fd68d7677d9adc037e257a217e76"",""update_for"":""none"",""access_mode"":""read-only"",""base_data_name"":""exploratory-base"",""reified_data_name"":""exploratory-reified"",""update_canary_sha256"":""2b9b44b25cd1c568cd57c6c5df25ae260b68229044617821fb33f542dab77648"",""store_instance_sha256"":""603cfbcfaa789b9594f9f90c9f9a5d475d891c57ec09512df1a8db40abab27c6"",""store_discriminator_sha256"":""f9ff8d30db2db1840ca1585b5598b1cf4d1d06ac2adb86a55b430669507fabff"",""tool_sha256"":""7b43c2342d7676aa65cc9ee233b2184c9eae88f2663874af7ab1b83282f94ab4"",""java_runtime_sha256"":""6ffd10b28ab050230cdc1137f0bd16155c3a7c587add7fbe921d985fa92879fe"",""run_identity_sha256"":""4042d7f10e68ff809462627ece94016f1c1e374ad3248f5d11a23dc69ab3afa6""}"
30927b7b5d3bb9c394df57f9454162ec0b8818e4,qlever,QLever [engines.json profile],10M,F,F4,00,95e319658ada1f90ea7900df6e9a7608f72e06ecb2da9d8ad67afe7db54c5464,B,base-select,ok,68,110.9,110.9,110.9,110.9,0.0,0,1,900.0,29580,0.0,,,,,0.00855,[110.932],[0.0],,[],,[],,[],r9.2-frozen-identity-v8,c1805e4548b9e6b1e4c35d07987d3339d3f47ec38ce57e889cf043d8365e6e34,csv-binding-multiset-v1,68,4525d3b1270865106a2b3a4addc70b3387788b3158983dcb7febc00a9c92d57c,,,,,,,,de27bc9b5795f339824b9ba281db7ca210725e43627cd5dfc25b8166ca98b6b8,f188c79557444ad5deb4e733829ad5b89a290050ab46caa399491fa4555710ea,8a607274f1b3d176dd6acfdc7381c25676b642e78d334a9664e45a2bdf3d52a0,59fb59a04cd20e6dec9ee47cf1de02734068a3328cade998a3fc44a746054ea8,a42a308bd2c5294f3aa79a1a3b15804d4137fd68d7677d9adc037e257a217e76,none,read-only,exploratory-base,exploratory-reified,2b9b44b25cd1c568cd57c6c5df25ae260b68229044617821fb33f542dab77648,603cfbcfaa789b9594f9f90c9f9a5d475d891c57ec09512df1a8db40abab27c6,f9ff8d30db2db1840ca1585b5598b1cf4d1d06ac2adb86a55b430669507fabff,7b43c2342d7676aa65cc9ee233b2184c9eae88f2663874af7ab1b83282f94ab4,6ffd10b28ab050230cdc1137f0bd16155c3a7c587add7fbe921d985fa92879fe,23734312fc47b7a8271248b05d783176afe793f7fb06429bd3c44262bc4f4c0b,"pcm-meta-v2:{""protocol"":""r9.2-frozen-identity-v8"",""message"":"""",""cell_wall_ms"":118.166,""answer_kind"":""csv-binding-multiset-v1"",""answer_key_count"":68,""answer_fingerprint"":""4525d3b1270865106a2b3a4addc70b3387788b3158983dcb7febc00a9c92d57c"",""c_parse_samples"":[0.0],""c_protocol_samples"":[],""construct_total_samples"":[],""construct_unattributed_samples"":[],""status"":""ok"",""status_evidence"":null,""construction_requested"":null,""construction_effective"":null,""commit"":""30927b7b5d3bb9c394df57f9454162ec0b8818e4"",""batch_id"":""c1805e4548b9e6b1e4c35d07987d3339d3f47ec38ce57e889cf043d8365e6e34"",""query_sha256"":""95e319658ada1f90ea7900df6e9a7608f72e06ecb2da9d8ad67afe7db54c5464"",""engine"":""qlever"",""engine_version"":""QLever [engines.json profile]"",""scale"":""10M"",""base_endpoint_sha256"":""de27bc9b5795f339824b9ba281db7ca210725e43627cd5dfc25b8166ca98b6b8"",""reified_endpoint_sha256"":""f188c79557444ad5deb4e733829ad5b89a290050ab46caa399491fa4555710ea"",""update_endpoint_sha256"":""8a607274f1b3d176dd6acfdc7381c25676b642e78d334a9664e45a2bdf3d52a0"",""base_data_identity_sha256"":""59fb59a04cd20e6dec9ee47cf1de02734068a3328cade998a3fc44a746054ea8"",""reified_data_identity_sha256"":""a42a308bd2c5294f3aa79a1a3b15804d4137fd68d7677d9adc037e257a217e76"",""update_for"":""none"",""access_mode"":""read-only"",""base_data_name"":""exploratory-base"",""reified_data_name"":""exploratory-reified"",""update_canary_sha256"":""2b9b44b25cd1c568cd57c6c5df25ae260b68229044617821fb33f542dab77648"",""store_instance_sha256"":""603cfbcfaa789b9594f9f90c9f9a5d475d891c57ec09512df1a8db40abab27c6"",""store_discriminator_sha256"":""f9ff8d30db2db1840ca1585b5598b1cf4d1d06ac2adb86a55b430669507fabff"",""tool_sha256"":""7b43c2342d7676aa65cc9ee233b2184c9eae88f2663874af7ab1b83282f94ab4"",""java_runtime_sha256"":""6ffd10b28ab050230cdc1137f0bd16155c3a7c587add7fbe921d985fa92879fe"",""run_identity_sha256"":""23734312fc47b7a8271248b05d783176afe793f7fb06429bd3c44262bc4f4c0b""}"
30927b7b5d3bb9c394df57f9454162ec0b8818e4,qlever,QLever [engines.json profile],10M,F,F4,00,95e319658ada1f90ea7900df6e9a7608f72e06ecb2da9d8ad67afe7db54c5464,R,reification-only,ok,68,289.2,289.2,289.2,289.2,0.0,0,1,900.0,29580,0.0,,,,,132.023351,[289.209],[0.0],,[],,[],,[],r9.2-frozen-identity-v8,c1805e4548b9e6b1e4c35d07987d3339d3f47ec38ce57e889cf043d8365e6e34,csv-binding-multiset-v1,68,4525d3b1270865106a2b3a4addc70b3387788b3158983dcb7febc00a9c92d57c,,,,,,,,de27bc9b5795f339824b9ba281db7ca210725e43627cd5dfc25b8166ca98b6b8,f188c79557444ad5deb4e733829ad5b89a290050ab46caa399491fa4555710ea,8a607274f1b3d176dd6acfdc7381c25676b642e78d334a9664e45a2bdf3d52a0,59fb59a04cd20e6dec9ee47cf1de02734068a3328cade998a3fc44a746054ea8,a42a308bd2c5294f3aa79a1a3b15804d4137fd68d7677d9adc037e257a217e76,none,read-only,exploratory-base,exploratory-reified,2b9b44b25cd1c568cd57c6c5df25ae260b68229044617821fb33f542dab77648,603cfbcfaa789b9594f9f90c9f9a5d475d891c57ec09512df1a8db40abab27c6,f9ff8d30db2db1840ca1585b5598b1cf4d1d06ac2adb86a55b430669507fabff,7b43c2342d7676aa65cc9ee233b2184c9eae88f2663874af7ab1b83282f94ab4,6ffd10b28ab050230cdc1137f0bd16155c3a7c587add7fbe921d985fa92879fe,23734312fc47b7a8271248b05d783176afe793f7fb06429bd3c44262bc4f4c0b,"pcm-meta-v2:{""protocol"":""r9.2-frozen-identity-v8"",""message"":"""",""cell_wall_ms"":429.176,""answer_kind"":""csv-binding-multiset-v1"",""answer_key_count"":68,""answer_fingerprint"":""4525d3b1270865106a2b3a4addc70b3387788b3158983dcb7febc00a9c92d57c"",""c_parse_samples"":[0.0],""c_protocol_samples"":[],""construct_total_samples"":[],""construct_unattributed_samples"":[],""status"":""ok"",""status_evidence"":null,""construction_requested"":null,""construction_effective"":null,""commit"":""30927b7b5d3bb9c394df57f9454162ec0b8818e4"",""batch_id"":""c1805e4548b9e6b1e4c35d07987d3339d3f47ec38ce57e889cf043d8365e6e34"",""query_sha256"":""95e319658ada1f90ea7900df6e9a7608f72e06ecb2da9d8ad67afe7db54c5464"",""engine"":""qlever"",""engine_version"":""QLever [engines.json profile]"",""scale"":""10M"",""base_endpoint_sha256"":""de27bc9b5795f339824b9ba281db7ca210725e43627cd5dfc25b8166ca98b6b8"",""reified_endpoint_sha256"":""f188c79557444ad5deb4e733829ad5b89a290050ab46caa399491fa4555710ea"",""update_endpoint_sha256"":""8a607274f1b3d176dd6acfdc7381c25676b642e78d334a9664e45a2bdf3d52a0"",""base_data_identity_sha256"":""59fb59a04cd20e6dec9ee47cf1de02734068a3328cade998a3fc44a746054ea8"",""reified_data_identity_sha256"":""a42a308bd2c5294f3aa79a1a3b15804d4137fd68d7677d9adc037e257a217e76"",""update_for"":""none"",""access_mode"":""read-only"",""base_data_name"":""exploratory-base"",""reified_data_name"":""exploratory-reified"",""update_canary_sha256"":""2b9b44b25cd1c568cd57c6c5df25ae260b68229044617821fb33f542dab77648"",""store_instance_sha256"":""603cfbcfaa789b9594f9f90c9f9a5d475d891c57ec09512df1a8db40abab27c6"",""store_discriminator_sha256"":""f9ff8d30db2db1840ca1585b5598b1cf4d1d06ac2adb86a55b430669507fabff"",""tool_sha256"":""7b43c2342d7676aa65cc9ee233b2184c9eae88f2663874af7ab1b83282f94ab4"",""java_runtime_sha256"":""6ffd10b28ab050230cdc1137f0bd16155c3a7c587add7fbe921d985fa92879fe"",""run_identity_sha256"":""23734312fc47b7a8271248b05d783176afe793f7fb06429bd3c44262bc4f4c0b""}"
30927b7b5d3bb9c394df57f9454162ec0b8818e4,qlever,QLever [engines.json profile],10M,F,F4,00,95e319658ada1f90ea7900df6e9a7608f72e06ecb2da9d8ad67afe7db54c5464,N,N_clean (NPCS reimplementation),ok,68,337.4,337.4,337.4,337.4,0.0,0,1,900.0,38914,0.0,,,,68,178.250015,[337.443],[0.0],,[],,[],,[],r9.2-frozen-identity-v8,c1805e4548b9e6b1e4c35d07987d3339d3f47ec38ce57e889cf043d8365e6e34,csv-candidate-multiset-v1,68,4525d3b1270865106a2b3a4addc70b3387788b3158983dcb7febc00a9c92d57c,,,,,,,,de27bc9b5795f339824b9ba281db7ca210725e43627cd5dfc25b8166ca98b6b8,f188c79557444ad5deb4e733829ad5b89a290050ab46caa399491fa4555710ea,8a607274f1b3d176dd6acfdc7381c25676b642e78d334a9664e45a2bdf3d52a0,59fb59a04cd20e6dec9ee47cf1de02734068a3328cade998a3fc44a746054ea8,a42a308bd2c5294f3aa79a1a3b15804d4137fd68d7677d9adc037e257a217e76,none,read-only,exploratory-base,exploratory-reified,2b9b44b25cd1c568cd57c6c5df25ae260b68229044617821fb33f542dab77648,603cfbcfaa789b9594f9f90c9f9a5d475d891c57ec09512df1a8db40abab27c6,f9ff8d30db2db1840ca1585b5598b1cf4d1d06ac2adb86a55b430669507fabff,7b43c2342d7676aa65cc9ee233b2184c9eae88f2663874af7ab1b83282f94ab4,6ffd10b28ab050230cdc1137f0bd16155c3a7c587add7fbe921d985fa92879fe,23734312fc47b7a8271248b05d783176afe793f7fb06429bd3c44262bc4f4c0b,"pcm-meta-v2:{""protocol"":""r9.2-frozen-identity-v8"",""message"":"""",""cell_wall_ms"":523.778,""answer_kind"":""csv-candidate-multiset-v1"",""answer_key_count"":68,""answer_fingerprint"":""4525d3b1270865106a2b3a4addc70b3387788b3158983dcb7febc00a9c92d57c"",""c_parse_samples"":[0.0],""c_protocol_samples"":[],""construct_total_samples"":[],""construct_unattributed_samples"":[],""status"":""ok"",""status_evidence"":null,""construction_requested"":null,""construction_effective"":null,""commit"":""30927b7b5d3bb9c394df57f9454162ec0b8818e4"",""batch_id"":""c1805e4548b9e6b1e4c35d07987d3339d3f47ec38ce57e889cf043d8365e6e34"",""query_sha256"":""95e319658ada1f90ea7900df6e9a7608f72e06ecb2da9d8ad67afe7db54c5464"",""engine"":""qlever"",""engine_version"":""QLever [engines.json profile]"",""scale"":""10M"",""base_endpoint_sha256"":""de27bc9b5795f339824b9ba281db7ca210725e43627cd5dfc25b8166ca98b6b8"",""reified_endpoint_sha256"":""f188c79557444ad5deb4e733829ad5b89a290050ab46caa399491fa4555710ea"",""update_endpoint_sha256"":""8a607274f1b3d176dd6acfdc7381c25676b642e78d334a9664e45a2bdf3d52a0"",""base_data_identity_sha256"":""59fb59a04cd20e6dec9ee47cf1de02734068a3328cade998a3fc44a746054ea8"",""reified_data_identity_sha256"":""a42a308bd2c5294f3aa79a1a3b15804d4137fd68d7677d9adc037e257a217e76"",""update_for"":""none"",""access_mode"":""read-only"",""base_data_name"":""exploratory-base"",""reified_data_name"":""exploratory-reified"",""update_canary_sha256"":""2b9b44b25cd1c568cd57c6c5df25ae260b68229044617821fb33f542dab77648"",""store_instance_sha256"":""603cfbcfaa789b9594f9f90c9f9a5d475d891c57ec09512df1a8db40abab27c6"",""store_discriminator_sha256"":""f9ff8d30db2db1840ca1585b5598b1cf4d1d06ac2adb86a55b430669507fabff"",""tool_sha256"":""7b43c2342d7676aa65cc9ee233b2184c9eae88f2663874af7ab1b83282f94ab4"",""java_runtime_sha256"":""6ffd10b28ab050230cdc1137f0bd16155c3a7c587add7fbe921d985fa92879fe"",""run_identity_sha256"":""23734312fc47b7a8271248b05d783176afe793f7fb06429bd3c44262bc4f4c0b""}"
30927b7b5d3bb9c394df57f9454162ec0b8818e4,qlever,QLever [engines.json profile],10M,F,F4,00,95e319658ada1f90ea7900df6e9a7608f72e06ecb2da9d8ad67afe7db54c5464,C,SPARQLcirc CircuitRewriter,ok,68,6579.7,6579.7,6579.7,6579.7,0.0,0,1,900.0,373198,30.7,136,680,68,,402.41865,[6579.652],[30.719],0.0,[0.0],6611.4,[6611.408],1.0,[1.037],r9.2-frozen-identity-v8,c1805e4548b9e6b1e4c35d07987d3339d3f47ec38ce57e889cf043d8365e6e34,term-aware-candidate-set-v1,68,019963896ad02fca32d6233f27f02efb35f56f8b7e6f4a2fdc4f3e0d6f804ae3,flat,flat,8cb65e940d8665bbc1823a06f6bfdf00a7880d3f882e4889ad958908c65c08fe,/mnt/nfs/home/ac145595/workspace/rq3-artifacts/circuits/qlever-10m/95e319658ada1f90ea7900df6e9a7608f72e06ecb2da9d8ad67afe7db54c5464-8cb65e940d8665bbc1823a06f6bfdf00a7880d3f882e4889ad958908c65c08fe.nt,/mnt/nfs/home/ac145595/workspace/rq3-artifacts/circuits/qlever-10m/95e319658ada1f90ea7900df6e9a7608f72e06ecb2da9d8ad67afe7db54c5464-8cb65e940d8665bbc1823a06f6bfdf00a7880d3f882e4889ad958908c65c08fe.json,4c4c1946f8344c05ab59e06869b950770d12453f6e88d4ecf05551f7b91a037a,eeb684a982a0fdeb74914251e52319dfdb6a4e4244bc043f258d8b94237d2165,de27bc9b5795f339824b9ba281db7ca210725e43627cd5dfc25b8166ca98b6b8,f188c79557444ad5deb4e733829ad5b89a290050ab46caa399491fa4555710ea,8a607274f1b3d176dd6acfdc7381c25676b642e78d334a9664e45a2bdf3d52a0,59fb59a04cd20e6dec9ee47cf1de02734068a3328cade998a3fc44a746054ea8,a42a308bd2c5294f3aa79a1a3b15804d4137fd68d7677d9adc037e257a217e76,none,read-only,exploratory-base,exploratory-reified,2b9b44b25cd1c568cd57c6c5df25ae260b68229044617821fb33f542dab77648,603cfbcfaa789b9594f9f90c9f9a5d475d891c57ec09512df1a8db40abab27c6,f9ff8d30db2db1840ca1585b5598b1cf4d1d06ac2adb86a55b430669507fabff,7b43c2342d7676aa65cc9ee233b2184c9eae88f2663874af7ab1b83282f94ab4,6ffd10b28ab050230cdc1137f0bd16155c3a7c587add7fbe921d985fa92879fe,23734312fc47b7a8271248b05d783176afe793f7fb06429bd3c44262bc4f4c0b,"pcm-meta-v2:{""protocol"":""r9.2-frozen-identity-v8"",""message"":""C requested=flat effective=flat; steps=1 feedback=0; network includes CONSTRUCT, feedback INSERT, and cleanup DELETE"",""cell_wall_ms"":7026.04,""answer_kind"":""term-aware-candidate-set-v1"",""answer_key_count"":68,""answer_fingerprint"":""019963896ad02fca32d6233f27f02efb35f56f8b7e6f4a2fdc4f3e0d6f804ae3"",""c_parse_samples"":[30.719],""c_protocol_samples"":[{""requested_mode"":""flat"",""effective_mode"":""flat"",""fallback_reason"":null,""plan_steps"":1,""feedback_steps"":0,""feedback_triples"":0,""construct_query_ms"":6579.652,""feedback_update_ms"":0.0,""cleanup_ms"":0.0,""client_protocol_ms"":0.0,""network_scope"":""construct+feedback+cleanup"",""circuit_sha256"":""8cb65e940d8665bbc1823a06f6bfdf00a7880d3f882e4889ad958908c65c08fe"",""answer_fingerprint"":""019963896ad02fca32d6233f27f02efb35f56f8b7e6f4a2fdc4f3e0d6f804ae3"",""semantic_signature_sha256"":""e7d42b1b0b4e28eb67083ea98c8c2eae9b58cf999c8de75712230cc06d794192"",""structure_signature"":{""gates"":136,""edges"":680,""answers"":68,""derivations"":68,""canonical_bytes"":373198},""construct_total_ms"":6611.408,""client_unattributed_ms"":1.037}],""construct_total_samples"":[6611.408],""construct_unattributed_samples"":[1.037],""status"":""ok"",""status_evidence"":null,""c_warmup_signatures"":[],""measured_semantic_signature_sha256"":""e7d42b1b0b4e28eb67083ea98c8c2eae9b58cf999c8de75712230cc06d794192"",""measured_repetitions_consistent"":true,""cache_snapshot_ms"":6.658,""cache_snapshot_scope"":""first-measured-response; deferred until all runs succeeded"",""outside_cell_cache_write_ms"":19.751,""construction_requested"":""flat"",""construction_effective"":""flat"",""circuit_sha256"":""8cb65e940d8665bbc1823a06f6bfdf00a7880d3f882e4889ad958908c65c08fe"",""circuit_triples"":2516,""circuit_bytes"":373198,""circuit_path"":""/mnt/nfs/home/ac145595/workspace/rq3-artifacts/circuits/qlever-10m/95e319658ada1f90ea7900df6e9a7608f72e06ecb2da9d8ad67afe7db54c5464-8cb65e940d8665bbc1823a06f6bfdf00a7880d3f882e4889ad958908c65c08fe.nt"",""metadata_path"":""/mnt/nfs/home/ac145595/workspace/rq3-artifacts/circuits/qlever-10m/95e319658ada1f90ea7900df6e9a7608f72e06ecb2da9d8ad67afe7db54c5464-8cb65e940d8665bbc1823a06f6bfdf00a7880d3f882e4889ad958908c65c08fe.json"",""producer_observation_sha256"":""4c4c1946f8344c05ab59e06869b950770d12453f6e88d4ecf05551f7b91a037a"",""sidecar_sha256"":""eeb684a982a0fdeb74914251e52319dfdb6a4e4244bc043f258d8b94237d2165"",""commit"":""30927b7b5d3bb9c394df57f9454162ec0b8818e4"",""batch_id"":""c1805e4548b9e6b1e4c35d07987d3339d3f47ec38ce57e889cf043d8365e6e34"",""query_sha256"":""95e319658ada1f90ea7900df6e9a7608f72e06ecb2da9d8ad67afe7db54c5464"",""engine"":""qlever"",""engine_version"":""QLever [engines.json profile]"",""scale"":""10M"",""base_endpoint_sha256"":""de27bc9b5795f339824b9ba281db7ca210725e43627cd5dfc25b8166ca98b6b8"",""reified_endpoint_sha256"":""f188c79557444ad5deb4e733829ad5b89a290050ab46caa399491fa4555710ea"",""update_endpoint_sha256"":""8a607274f1b3d176dd6acfdc7381c25676b642e78d334a9664e45a2bdf3d52a0"",""base_data_identity_sha256"":""59fb59a04cd20e6dec9ee47cf1de02734068a3328cade998a3fc44a746054ea8"",""reified_data_identity_sha256"":""a42a308bd2c5294f3aa79a1a3b15804d4137fd68d7677d9adc037e257a217e76"",""update_for"":""none"",""access_mode"":""read-only"",""base_data_name"":""exploratory-base"",""reified_data_name"":""exploratory-reified"",""update_canary_sha256"":""2b9b44b25cd1c568cd57c6c5df25ae260b68229044617821fb33f542dab77648"",""store_instance_sha256"":""603cfbcfaa789b9594f9f90c9f9a5d475d891c57ec09512df1a8db40abab27c6"",""store_discriminator_sha256"":""f9ff8d30db2db1840ca1585b5598b1cf4d1d06ac2adb86a55b430669507fabff"",""tool_sha256"":""7b43c2342d7676aa65cc9ee233b2184c9eae88f2663874af7ab1b83282f94ab4"",""java_runtime_sha256"":""6ffd10b28ab050230cdc1137f0bd16155c3a7c587add7fbe921d985fa92879fe"",""run_identity_sha256"":""23734312fc47b7a8271248b05d783176afe793f7fb06429bd3c44262bc4f4c0b""}"
30927b7b5d3bb9c394df57f9454162ec0b8818e4,qlever,QLever [engines.json profile],10M,F,F5,00,5ca90afb3951e0444bf3024c77058dedfd92664870dc85d282ed837b0894ed6f,B,base-select,ok,29,57.4,57.4,57.4,57.4,0.0,0,1,900.0,8214,0.0,,,,,0.00753,[57.443],[0.0],,[],,[],,[],r9.2-frozen-identity-v8,c1805e4548b9e6b1e4c35d07987d3339d3f47ec38ce57e889cf043d8365e6e34,csv-binding-multiset-v1,29,c860978c6471dcf337015953699bece7aca86eaf9d7edc34ac69fa27f387e4d4,,,,,,,,de27bc9b5795f339824b9ba281db7ca210725e43627cd5dfc25b8166ca98b6b8,f188c79557444ad5deb4e733829ad5b89a290050ab46caa399491fa4555710ea,8a607274f1b3d176dd6acfdc7381c25676b642e78d334a9664e45a2bdf3d52a0,59fb59a04cd20e6dec9ee47cf1de02734068a3328cade998a3fc44a746054ea8,a42a308bd2c5294f3aa79a1a3b15804d4137fd68d7677d9adc037e257a217e76,none,read-only,exploratory-base,exploratory-reified,2b9b44b25cd1c568cd57c6c5df25ae260b68229044617821fb33f542dab77648,603cfbcfaa789b9594f9f90c9f9a5d475d891c57ec09512df1a8db40abab27c6,f9ff8d30db2db1840ca1585b5598b1cf4d1d06ac2adb86a55b430669507fabff,7b43c2342d7676aa65cc9ee233b2184c9eae88f2663874af7ab1b83282f94ab4,6ffd10b28ab050230cdc1137f0bd16155c3a7c587add7fbe921d985fa92879fe,19d97cde84688fc30952ff03f54b24bb5ba3361ab290140844f98302c83b442f,"pcm-meta-v2:{""protocol"":""r9.2-frozen-identity-v8"",""message"":"""",""cell_wall_ms"":64.732,""answer_kind"":""csv-binding-multiset-v1"",""answer_key_count"":29,""answer_fingerprint"":""c860978c6471dcf337015953699bece7aca86eaf9d7edc34ac69fa27f387e4d4"",""c_parse_samples"":[0.0],""c_protocol_samples"":[],""construct_total_samples"":[],""construct_unattributed_samples"":[],""status"":""ok"",""status_evidence"":null,""construction_requested"":null,""construction_effective"":null,""commit"":""30927b7b5d3bb9c394df57f9454162ec0b8818e4"",""batch_id"":""c1805e4548b9e6b1e4c35d07987d3339d3f47ec38ce57e889cf043d8365e6e34"",""query_sha256"":""5ca90afb3951e0444bf3024c77058dedfd92664870dc85d282ed837b0894ed6f"",""engine"":""qlever"",""engine_version"":""QLever [engines.json profile]"",""scale"":""10M"",""base_endpoint_sha256"":""de27bc9b5795f339824b9ba281db7ca210725e43627cd5dfc25b8166ca98b6b8"",""reified_endpoint_sha256"":""f188c79557444ad5deb4e733829ad5b89a290050ab46caa399491fa4555710ea"",""update_endpoint_sha256"":""8a607274f1b3d176dd6acfdc7381c25676b642e78d334a9664e45a2bdf3d52a0"",""base_data_identity_sha256"":""59fb59a04cd20e6dec9ee47cf1de02734068a3328cade998a3fc44a746054ea8"",""reified_data_identity_sha256"":""a42a308bd2c5294f3aa79a1a3b15804d4137fd68d7677d9adc037e257a217e76"",""update_for"":""none"",""access_mode"":""read-only"",""base_data_name"":""exploratory-base"",""reified_data_name"":""exploratory-reified"",""update_canary_sha256"":""2b9b44b25cd1c568cd57c6c5df25ae260b68229044617821fb33f542dab77648"",""store_instance_sha256"":""603cfbcfaa789b9594f9f90c9f9a5d475d891c57ec09512df1a8db40abab27c6"",""store_discriminator_sha256"":""f9ff8d30db2db1840ca1585b5598b1cf4d1d06ac2adb86a55b430669507fabff"",""tool_sha256"":""7b43c2342d7676aa65cc9ee233b2184c9eae88f2663874af7ab1b83282f94ab4"",""java_runtime_sha256"":""6ffd10b28ab050230cdc1137f0bd16155c3a7c587add7fbe921d985fa92879fe"",""run_identity_sha256"":""19d97cde84688fc30952ff03f54b24bb5ba3361ab290140844f98302c83b442f""}"
30927b7b5d3bb9c394df57f9454162ec0b8818e4,qlever,QLever [engines.json profile],10M,F,F5,00,5ca90afb3951e0444bf3024c77058dedfd92664870dc85d282ed837b0894ed6f,R,reification-only,ok,29,347.9,347.9,347.9,347.9,0.0,0,1,900.0,8214,0.0,,,,,129.720676,[347.906],[0.0],,[],,[],,[],r9.2-frozen-identity-v8,c1805e4548b9e6b1e4c35d07987d3339d3f47ec38ce57e889cf043d8365e6e34,csv-binding-multiset-v1,29,c860978c6471dcf337015953699bece7aca86eaf9d7edc34ac69fa27f387e4d4,,,,,,,,de27bc9b5795f339824b9ba281db7ca210725e43627cd5dfc25b8166ca98b6b8,f188c79557444ad5deb4e733829ad5b89a290050ab46caa399491fa4555710ea,8a607274f1b3d176dd6acfdc7381c25676b642e78d334a9664e45a2bdf3d52a0,59fb59a04cd20e6dec9ee47cf1de02734068a3328cade998a3fc44a746054ea8,a42a308bd2c5294f3aa79a1a3b15804d4137fd68d7677d9adc037e257a217e76,none,read-only,exploratory-base,exploratory-reified,2b9b44b25cd1c568cd57c6c5df25ae260b68229044617821fb33f542dab77648,603cfbcfaa789b9594f9f90c9f9a5d475d891c57ec09512df1a8db40abab27c6,f9ff8d30db2db1840ca1585b5598b1cf4d1d06ac2adb86a55b430669507fabff,7b43c2342d7676aa65cc9ee233b2184c9eae88f2663874af7ab1b83282f94ab4,6ffd10b28ab050230cdc1137f0bd16155c3a7c587add7fbe921d985fa92879fe,19d97cde84688fc30952ff03f54b24bb5ba3361ab290140844f98302c83b442f,"pcm-meta-v2:{""protocol"":""r9.2-frozen-identity-v8"",""message"":"""",""cell_wall_ms"":484.861,""answer_kind"":""csv-binding-multiset-v1"",""answer_key_count"":29,""answer_fingerprint"":""c860978c6471dcf337015953699bece7aca86eaf9d7edc34ac69fa27f387e4d4"",""c_parse_samples"":[0.0],""c_protocol_samples"":[],""construct_total_samples"":[],""construct_unattributed_samples"":[],""status"":""ok"",""status_evidence"":null,""construction_requested"":null,""construction_effective"":null,""commit"":""30927b7b5d3bb9c394df57f9454162ec0b8818e4"",""batch_id"":""c1805e4548b9e6b1e4c35d07987d3339d3f47ec38ce57e889cf043d8365e6e34"",""query_sha256"":""5ca90afb3951e0444bf3024c77058dedfd92664870dc85d282ed837b0894ed6f"",""engine"":""qlever"",""engine_version"":""QLever [engines.json profile]"",""scale"":""10M"",""base_endpoint_sha256"":""de27bc9b5795f339824b9ba281db7ca210725e43627cd5dfc25b8166ca98b6b8"",""reified_endpoint_sha256"":""f188c79557444ad5deb4e733829ad5b89a290050ab46caa399491fa4555710ea"",""update_endpoint_sha256"":""8a607274f1b3d176dd6acfdc7381c25676b642e78d334a9664e45a2bdf3d52a0"",""base_data_identity_sha256"":""59fb59a04cd20e6dec9ee47cf1de02734068a3328cade998a3fc44a746054ea8"",""reified_data_identity_sha256"":""a42a308bd2c5294f3aa79a1a3b15804d4137fd68d7677d9adc037e257a217e76"",""update_for"":""none"",""access_mode"":""read-only"",""base_data_name"":""exploratory-base"",""reified_data_name"":""exploratory-reified"",""update_canary_sha256"":""2b9b44b25cd1c568cd57c6c5df25ae260b68229044617821fb33f542dab77648"",""store_instance_sha256"":""603cfbcfaa789b9594f9f90c9f9a5d475d891c57ec09512df1a8db40abab27c6"",""store_discriminator_sha256"":""f9ff8d30db2db1840ca1585b5598b1cf4d1d06ac2adb86a55b430669507fabff"",""tool_sha256"":""7b43c2342d7676aa65cc9ee233b2184c9eae88f2663874af7ab1b83282f94ab4"",""java_runtime_sha256"":""6ffd10b28ab050230cdc1137f0bd16155c3a7c587add7fbe921d985fa92879fe"",""run_identity_sha256"":""19d97cde84688fc30952ff03f54b24bb5ba3361ab290140844f98302c83b442f""}"
30927b7b5d3bb9c394df57f9454162ec0b8818e4,qlever,QLever [engines.json profile],10M,F,F5,00,5ca90afb3951e0444bf3024c77058dedfd92664870dc85d282ed837b0894ed6f,N,N_clean (NPCS reimplementation),ok,29,253.0,253.0,253.0,253.0,0.0,0,1,900.0,10909,0.0,,,,29,181.355852,[253.024],[0.0],,[],,[],,[],r9.2-frozen-identity-v8,c1805e4548b9e6b1e4c35d07987d3339d3f47ec38ce57e889cf043d8365e6e34,csv-candidate-multiset-v1,29,c860978c6471dcf337015953699bece7aca86eaf9d7edc34ac69fa27f387e4d4,,,,,,,,de27bc9b5795f339824b9ba281db7ca210725e43627cd5dfc25b8166ca98b6b8,f188c79557444ad5deb4e733829ad5b89a290050ab46caa399491fa4555710ea,8a607274f1b3d176dd6acfdc7381c25676b642e78d334a9664e45a2bdf3d52a0,59fb59a04cd20e6dec9ee47cf1de02734068a3328cade998a3fc44a746054ea8,a42a308bd2c5294f3aa79a1a3b15804d4137fd68d7677d9adc037e257a217e76,none,read-only,exploratory-base,exploratory-reified,2b9b44b25cd1c568cd57c6c5df25ae260b68229044617821fb33f542dab77648,603cfbcfaa789b9594f9f90c9f9a5d475d891c57ec09512df1a8db40abab27c6,f9ff8d30db2db1840ca1585b5598b1cf4d1d06ac2adb86a55b430669507fabff,7b43c2342d7676aa65cc9ee233b2184c9eae88f2663874af7ab1b83282f94ab4,6ffd10b28ab050230cdc1137f0bd16155c3a7c587add7fbe921d985fa92879fe,19d97cde84688fc30952ff03f54b24bb5ba3361ab290140844f98302c83b442f,"pcm-meta-v2:{""protocol"":""r9.2-frozen-identity-v8"",""message"":"""",""cell_wall_ms"":440.999,""answer_kind"":""csv-candidate-multiset-v1"",""answer_key_count"":29,""answer_fingerprint"":""c860978c6471dcf337015953699bece7aca86eaf9d7edc34ac69fa27f387e4d4"",""c_parse_samples"":[0.0],""c_protocol_samples"":[],""construct_total_samples"":[],""construct_unattributed_samples"":[],""status"":""ok"",""status_evidence"":null,""construction_requested"":null,""construction_effective"":null,""commit"":""30927b7b5d3bb9c394df57f9454162ec0b8818e4"",""batch_id"":""c1805e4548b9e6b1e4c35d07987d3339d3f47ec38ce57e889cf043d8365e6e34"",""query_sha256"":""5ca90afb3951e0444bf3024c77058dedfd92664870dc85d282ed837b0894ed6f"",""engine"":""qlever"",""engine_version"":""QLever [engines.json profile]"",""scale"":""10M"",""base_endpoint_sha256"":""de27bc9b5795f339824b9ba281db7ca210725e43627cd5dfc25b8166ca98b6b8"",""reified_endpoint_sha256"":""f188c79557444ad5deb4e733829ad5b89a290050ab46caa399491fa4555710ea"",""update_endpoint_sha256"":""8a607274f1b3d176dd6acfdc7381c25676b642e78d334a9664e45a2bdf3d52a0"",""base_data_identity_sha256"":""59fb59a04cd20e6dec9ee47cf1de02734068a3328cade998a3fc44a746054ea8"",""reified_data_identity_sha256"":""a42a308bd2c5294f3aa79a1a3b15804d4137fd68d7677d9adc037e257a217e76"",""update_for"":""none"",""access_mode"":""read-only"",""base_data_name"":""exploratory-base"",""reified_data_name"":""exploratory-reified"",""update_canary_sha256"":""2b9b44b25cd1c568cd57c6c5df25ae260b68229044617821fb33f542dab77648"",""store_instance_sha256"":""603cfbcfaa789b9594f9f90c9f9a5d475d891c57ec09512df1a8db40abab27c6"",""store_discriminator_sha256"":""f9ff8d30db2db1840ca1585b5598b1cf4d1d06ac2adb86a55b430669507fabff"",""tool_sha256"":""7b43c2342d7676aa65cc9ee233b2184c9eae88f2663874af7ab1b83282f94ab4"",""java_runtime_sha256"":""6ffd10b28ab050230cdc1137f0bd16155c3a7c587add7fbe921d985fa92879fe"",""run_identity_sha256"":""19d97cde84688fc30952ff03f54b24bb5ba3361ab290140844f98302c83b442f""}"
30927b7b5d3bb9c394df57f9454162ec0b8818e4,qlever,QLever [engines.json profile],10M,F,F5,00,5ca90afb3951e0444bf3024c77058dedfd92664870dc85d282ed837b0894ed6f,C,SPARQLcirc CircuitRewriter,ok,29,292.6,292.6,292.6,292.6,0.0,0,1,900.0,118475,10.4,58,203,29,,376.749688,[292.552],[10.377],0.0,[0.0],303.5,[303.49],0.6,[0.561],r9.2-frozen-identity-v8,c1805e4548b9e6b1e4c35d07987d3339d3f47ec38ce57e889cf043d8365e6e34,term-aware-candidate-set-v1,29,e278850a333f115023e904b39febe2935da715084988b437547b6157feedbdd8,flat,flat,16a718a71cd7d185db76ea25b6f6db428f4e1b153b8874beb271b5759a44e33a,/mnt/nfs/home/ac145595/workspace/rq3-artifacts/circuits/qlever-10m/5ca90afb3951e0444bf3024c77058dedfd92664870dc85d282ed837b0894ed6f-16a718a71cd7d185db76ea25b6f6db428f4e1b153b8874beb271b5759a44e33a.nt,/mnt/nfs/home/ac145595/workspace/rq3-artifacts/circuits/qlever-10m/5ca90afb3951e0444bf3024c77058dedfd92664870dc85d282ed837b0894ed6f-16a718a71cd7d185db76ea25b6f6db428f4e1b153b8874beb271b5759a44e33a.json,624246ed30989c21e41350d33b14b92cef8c8c4a02bddd5f1c1a84cd285899d2,01e96898ac0ae406264eadad48a410da4e7612038357a6b4c1eb54eed96125fd,de27bc9b5795f339824b9ba281db7ca210725e43627cd5dfc25b8166ca98b6b8,f188c79557444ad5deb4e733829ad5b89a290050ab46caa399491fa4555710ea,8a607274f1b3d176dd6acfdc7381c25676b642e78d334a9664e45a2bdf3d52a0,59fb59a04cd20e6dec9ee47cf1de02734068a3328cade998a3fc44a746054ea8,a42a308bd2c5294f3aa79a1a3b15804d4137fd68d7677d9adc037e257a217e76,none,read-only,exploratory-base,exploratory-reified,2b9b44b25cd1c568cd57c6c5df25ae260b68229044617821fb33f542dab77648,603cfbcfaa789b9594f9f90c9f9a5d475d891c57ec09512df1a8db40abab27c6,f9ff8d30db2db1840ca1585b5598b1cf4d1d06ac2adb86a55b430669507fabff,7b43c2342d7676aa65cc9ee233b2184c9eae88f2663874af7ab1b83282f94ab4,6ffd10b28ab050230cdc1137f0bd16155c3a7c587add7fbe921d985fa92879fe,19d97cde84688fc30952ff03f54b24bb5ba3361ab290140844f98302c83b442f,"pcm-meta-v2:{""protocol"":""r9.2-frozen-identity-v8"",""message"":""C requested=flat effective=flat; steps=1 feedback=0; network includes CONSTRUCT, feedback INSERT, and cleanup DELETE"",""cell_wall_ms"":687.259,""answer_kind"":""term-aware-candidate-set-v1"",""answer_key_count"":29,""answer_fingerprint"":""e278850a333f115023e904b39febe2935da715084988b437547b6157feedbdd8"",""c_parse_samples"":[10.377],""c_protocol_samples"":[{""requested_mode"":""flat"",""effective_mode"":""flat"",""fallback_reason"":null,""plan_steps"":1,""feedback_steps"":0,""feedback_triples"":0,""construct_query_ms"":292.552,""feedback_update_ms"":0.0,""cleanup_ms"":0.0,""client_protocol_ms"":0.0,""network_scope"":""construct+feedback+cleanup"",""circuit_sha256"":""16a718a71cd7d185db76ea25b6f6db428f4e1b153b8874beb271b5759a44e33a"",""answer_fingerprint"":""e278850a333f115023e904b39febe2935da715084988b437547b6157feedbdd8"",""semantic_signature_sha256"":""978e64bb497f243559416192ae49d4ef4bfae25ed6e7eb15092234e3dc1b9c19"",""structure_signature"":{""gates"":58,""edges"":203,""answers"":29,""derivations"":29,""canonical_bytes"":118475},""construct_total_ms"":303.49,""client_unattributed_ms"":0.561}],""construct_total_samples"":[303.49],""construct_unattributed_samples"":[0.561],""status"":""ok"",""status_evidence"":null,""c_warmup_signatures"":[],""measured_semantic_signature_sha256"":""978e64bb497f243559416192ae49d4ef4bfae25ed6e7eb15092234e3dc1b9c19"",""measured_repetitions_consistent"":true,""cache_snapshot_ms"":2.3,""cache_snapshot_scope"":""first-measured-response; deferred until all runs succeeded"",""outside_cell_cache_write_ms"":8.531,""construction_requested"":""flat"",""construction_effective"":""flat"",""circuit_sha256"":""16a718a71cd7d185db76ea25b6f6db428f4e1b153b8874beb271b5759a44e33a"",""circuit_triples"":812,""circuit_bytes"":118475,""circuit_path"":""/mnt/nfs/home/ac145595/workspace/rq3-artifacts/circuits/qlever-10m/5ca90afb3951e0444bf3024c77058dedfd92664870dc85d282ed837b0894ed6f-16a718a71cd7d185db76ea25b6f6db428f4e1b153b8874beb271b5759a44e33a.nt"",""metadata_path"":""/mnt/nfs/home/ac145595/workspace/rq3-artifacts/circuits/qlever-10m/5ca90afb3951e0444bf3024c77058dedfd92664870dc85d282ed837b0894ed6f-16a718a71cd7d185db76ea25b6f6db428f4e1b153b8874beb271b5759a44e33a.json"",""producer_observation_sha256"":""624246ed30989c21e41350d33b14b92cef8c8c4a02bddd5f1c1a84cd285899d2"",""sidecar_sha256"":""01e96898ac0ae406264eadad48a410da4e7612038357a6b4c1eb54eed96125fd"",""commit"":""30927b7b5d3bb9c394df57f9454162ec0b8818e4"",""batch_id"":""c1805e4548b9e6b1e4c35d07987d3339d3f47ec38ce57e889cf043d8365e6e34"",""query_sha256"":""5ca90afb3951e0444bf3024c77058dedfd92664870dc85d282ed837b0894ed6f"",""engine"":""qlever"",""engine_version"":""QLever [engines.json profile]"",""scale"":""10M"",""base_endpoint_sha256"":""de27bc9b5795f339824b9ba281db7ca210725e43627cd5dfc25b8166ca98b6b8"",""reified_endpoint_sha256"":""f188c79557444ad5deb4e733829ad5b89a290050ab46caa399491fa4555710ea"",""update_endpoint_sha256"":""8a607274f1b3d176dd6acfdc7381c25676b642e78d334a9664e45a2bdf3d52a0"",""base_data_identity_sha256"":""59fb59a04cd20e6dec9ee47cf1de02734068a3328cade998a3fc44a746054ea8"",""reified_data_identity_sha256"":""a42a308bd2c5294f3aa79a1a3b15804d4137fd68d7677d9adc037e257a217e76"",""update_for"":""none"",""access_mode"":""read-only"",""base_data_name"":""exploratory-base"",""reified_data_name"":""exploratory-reified"",""update_canary_sha256"":""2b9b44b25cd1c568cd57c6c5df25ae260b68229044617821fb33f542dab77648"",""store_instance_sha256"":""603cfbcfaa789b9594f9f90c9f9a5d475d891c57ec09512df1a8db40abab27c6"",""store_discriminator_sha256"":""f9ff8d30db2db1840ca1585b5598b1cf4d1d06ac2adb86a55b430669507fabff"",""tool_sha256"":""7b43c2342d7676aa65cc9ee233b2184c9eae88f2663874af7ab1b83282f94ab4"",""java_runtime_sha256"":""6ffd10b28ab050230cdc1137f0bd16155c3a7c587add7fbe921d985fa92879fe"",""run_identity_sha256"":""19d97cde84688fc30952ff03f54b24bb5ba3361ab290140844f98302c83b442f""}"
30927b7b5d3bb9c394df57f9454162ec0b8818e4,qlever,QLever [engines.json profile],10M,L,L1,00,98fe99bb2a8bc2b3e41d8cc31e774d8a405b22eb745fbaefad8963b8e59922f4,B,base-select,ok,2,15.1,15.1,15.1,15.1,0.0,0,1,900.0,314,0.0,,,,,0.00692,[15.073],[0.0],,[],,[],,[],r9.2-frozen-identity-v8,c1805e4548b9e6b1e4c35d07987d3339d3f47ec38ce57e889cf043d8365e6e34,csv-binding-multiset-v1,2,160639e00d70ae26f536153ab8ab763e8416f759616deaa3c9354dca2793628c,,,,,,,,de27bc9b5795f339824b9ba281db7ca210725e43627cd5dfc25b8166ca98b6b8,f188c79557444ad5deb4e733829ad5b89a290050ab46caa399491fa4555710ea,8a607274f1b3d176dd6acfdc7381c25676b642e78d334a9664e45a2bdf3d52a0,59fb59a04cd20e6dec9ee47cf1de02734068a3328cade998a3fc44a746054ea8,a42a308bd2c5294f3aa79a1a3b15804d4137fd68d7677d9adc037e257a217e76,none,read-only,exploratory-base,exploratory-reified,2b9b44b25cd1c568cd57c6c5df25ae260b68229044617821fb33f542dab77648,603cfbcfaa789b9594f9f90c9f9a5d475d891c57ec09512df1a8db40abab27c6,f9ff8d30db2db1840ca1585b5598b1cf4d1d06ac2adb86a55b430669507fabff,7b43c2342d7676aa65cc9ee233b2184c9eae88f2663874af7ab1b83282f94ab4,6ffd10b28ab050230cdc1137f0bd16155c3a7c587add7fbe921d985fa92879fe,a51158f3344307c3aaf8fb520b4cfd446f57f7ae1fb7bdcc4fea8a5a06539207,"pcm-meta-v2:{""protocol"":""r9.2-frozen-identity-v8"",""message"":"""",""cell_wall_ms"":21.068,""answer_kind"":""csv-binding-multiset-v1"",""answer_key_count"":2,""answer_fingerprint"":""160639e00d70ae26f536153ab8ab763e8416f759616deaa3c9354dca2793628c"",""c_parse_samples"":[0.0],""c_protocol_samples"":[],""construct_total_samples"":[],""construct_unattributed_samples"":[],""status"":""ok"",""status_evidence"":null,""construction_requested"":null,""construction_effective"":null,""commit"":""30927b7b5d3bb9c394df57f9454162ec0b8818e4"",""batch_id"":""c1805e4548b9e6b1e4c35d07987d3339d3f47ec38ce57e889cf043d8365e6e34"",""query_sha256"":""98fe99bb2a8bc2b3e41d8cc31e774d8a405b22eb745fbaefad8963b8e59922f4"",""engine"":""qlever"",""engine_version"":""QLever [engines.json profile]"",""scale"":""10M"",""base_endpoint_sha256"":""de27bc9b5795f339824b9ba281db7ca210725e43627cd5dfc25b8166ca98b6b8"",""reified_endpoint_sha256"":""f188c79557444ad5deb4e733829ad5b89a290050ab46caa399491fa4555710ea"",""update_endpoint_sha256"":""8a607274f1b3d176dd6acfdc7381c25676b642e78d334a9664e45a2bdf3d52a0"",""base_data_identity_sha256"":""59fb59a04cd20e6dec9ee47cf1de02734068a3328cade998a3fc44a746054ea8"",""reified_data_identity_sha256"":""a42a308bd2c5294f3aa79a1a3b15804d4137fd68d7677d9adc037e257a217e76"",""update_for"":""none"",""access_mode"":""read-only"",""base_data_name"":""exploratory-base"",""reified_data_name"":""exploratory-reified"",""update_canary_sha256"":""2b9b44b25cd1c568cd57c6c5df25ae260b68229044617821fb33f542dab77648"",""store_instance_sha256"":""603cfbcfaa789b9594f9f90c9f9a5d475d891c57ec09512df1a8db40abab27c6"",""store_discriminator_sha256"":""f9ff8d30db2db1840ca1585b5598b1cf4d1d06ac2adb86a55b430669507fabff"",""tool_sha256"":""7b43c2342d7676aa65cc9ee233b2184c9eae88f2663874af7ab1b83282f94ab4"",""java_runtime_sha256"":""6ffd10b28ab050230cdc1137f0bd16155c3a7c587add7fbe921d985fa92879fe"",""run_identity_sha256"":""a51158f3344307c3aaf8fb520b4cfd446f57f7ae1fb7bdcc4fea8a5a06539207""}"
30927b7b5d3bb9c394df57f9454162ec0b8818e4,qlever,QLever [engines.json profile],10M,L,L1,00,98fe99bb2a8bc2b3e41d8cc31e774d8a405b22eb745fbaefad8963b8e59922f4,R,reification-only,ok,2,130.8,130.8,130.8,130.8,0.0,0,1,900.0,314,0.0,,,,,129.892308,[130.843],[0.0],,[],,[],,[],r9.2-frozen-identity-v8,c1805e4548b9e6b1e4c35d07987d3339d3f47ec38ce57e889cf043d8365e6e34,csv-binding-multiset-v1,2,160639e00d70ae26f536153ab8ab763e8416f759616deaa3c9354dca2793628c,,,,,,,,de27bc9b5795f339824b9ba281db7ca210725e43627cd5dfc25b8166ca98b6b8,f188c79557444ad5deb4e733829ad5b89a290050ab46caa399491fa4555710ea,8a607274f1b3d176dd6acfdc7381c25676b642e78d334a9664e45a2bdf3d52a0,59fb59a04cd20e6dec9ee47cf1de02734068a3328cade998a3fc44a746054ea8,a42a308bd2c5294f3aa79a1a3b15804d4137fd68d7677d9adc037e257a217e76,none,read-only,exploratory-base,exploratory-reified,2b9b44b25cd1c568cd57c6c5df25ae260b68229044617821fb33f542dab77648,603cfbcfaa789b9594f9f90c9f9a5d475d891c57ec09512df1a8db40abab27c6,f9ff8d30db2db1840ca1585b5598b1cf4d1d06ac2adb86a55b430669507fabff,7b43c2342d7676aa65cc9ee233b2184c9eae88f2663874af7ab1b83282f94ab4,6ffd10b28ab050230cdc1137f0bd16155c3a7c587add7fbe921d985fa92879fe,a51158f3344307c3aaf8fb520b4cfd446f57f7ae1fb7bdcc4fea8a5a06539207,"pcm-meta-v2:{""protocol"":""r9.2-frozen-identity-v8"",""message"":"""",""cell_wall_ms"":267.813,""answer_kind"":""csv-binding-multiset-v1"",""answer_key_count"":2,""answer_fingerprint"":""160639e00d70ae26f536153ab8ab763e8416f759616deaa3c9354dca2793628c"",""c_parse_samples"":[0.0],""c_protocol_samples"":[],""construct_total_samples"":[],""construct_unattributed_samples"":[],""status"":""ok"",""status_evidence"":null,""construction_requested"":null,""construction_effective"":null,""commit"":""30927b7b5d3bb9c394df57f9454162ec0b8818e4"",""batch_id"":""c1805e4548b9e6b1e4c35d07987d3339d3f47ec38ce57e889cf043d8365e6e34"",""query_sha256"":""98fe99bb2a8bc2b3e41d8cc31e774d8a405b22eb745fbaefad8963b8e59922f4"",""engine"":""qlever"",""engine_version"":""QLever [engines.json profile]"",""scale"":""10M"",""base_endpoint_sha256"":""de27bc9b5795f339824b9ba281db7ca210725e43627cd5dfc25b8166ca98b6b8"",""reified_endpoint_sha256"":""f188c79557444ad5deb4e733829ad5b89a290050ab46caa399491fa4555710ea"",""update_endpoint_sha256"":""8a607274f1b3d176dd6acfdc7381c25676b642e78d334a9664e45a2bdf3d52a0"",""base_data_identity_sha256"":""59fb59a04cd20e6dec9ee47cf1de02734068a3328cade998a3fc44a746054ea8"",""reified_data_identity_sha256"":""a42a308bd2c5294f3aa79a1a3b15804d4137fd68d7677d9adc037e257a217e76"",""update_for"":""none"",""access_mode"":""read-only"",""base_data_name"":""exploratory-base"",""reified_data_name"":""exploratory-reified"",""update_canary_sha256"":""2b9b44b25cd1c568cd57c6c5df25ae260b68229044617821fb33f542dab77648"",""store_instance_sha256"":""603cfbcfaa789b9594f9f90c9f9a5d475d891c57ec09512df1a8db40abab27c6"",""store_discriminator_sha256"":""f9ff8d30db2db1840ca1585b5598b1cf4d1d06ac2adb86a55b430669507fabff"",""tool_sha256"":""7b43c2342d7676aa65cc9ee233b2184c9eae88f2663874af7ab1b83282f94ab4"",""java_runtime_sha256"":""6ffd10b28ab050230cdc1137f0bd16155c3a7c587add7fbe921d985fa92879fe"",""run_identity_sha256"":""a51158f3344307c3aaf8fb520b4cfd446f57f7ae1fb7bdcc4fea8a5a06539207""}"
30927b7b5d3bb9c394df57f9454162ec0b8818e4,qlever,QLever [engines.json profile],10M,L,L1,00,98fe99bb2a8bc2b3e41d8cc31e774d8a405b22eb745fbaefad8963b8e59922f4,N,N_clean (NPCS reimplementation),ok,2,20.0,20.0,20.0,20.0,0.0,0,1,900.0,446,0.0,,,,2,176.466847,[19.986],[0.0],,[],,[],,[],r9.2-frozen-identity-v8,c1805e4548b9e6b1e4c35d07987d3339d3f47ec38ce57e889cf043d8365e6e34,csv-candidate-multiset-v1,2,160639e00d70ae26f536153ab8ab763e8416f759616deaa3c9354dca2793628c,,,,,,,,de27bc9b5795f339824b9ba281db7ca210725e43627cd5dfc25b8166ca98b6b8,f188c79557444ad5deb4e733829ad5b89a290050ab46caa399491fa4555710ea,8a607274f1b3d176dd6acfdc7381c25676b642e78d334a9664e45a2bdf3d52a0,59fb59a04cd20e6dec9ee47cf1de02734068a3328cade998a3fc44a746054ea8,a42a308bd2c5294f3aa79a1a3b15804d4137fd68d7677d9adc037e257a217e76,none,read-only,exploratory-base,exploratory-reified,2b9b44b25cd1c568cd57c6c5df25ae260b68229044617821fb33f542dab77648,603cfbcfaa789b9594f9f90c9f9a5d475d891c57ec09512df1a8db40abab27c6,f9ff8d30db2db1840ca1585b5598b1cf4d1d06ac2adb86a55b430669507fabff,7b43c2342d7676aa65cc9ee233b2184c9eae88f2663874af7ab1b83282f94ab4,6ffd10b28ab050230cdc1137f0bd16155c3a7c587add7fbe921d985fa92879fe,a51158f3344307c3aaf8fb520b4cfd446f57f7ae1fb7bdcc4fea8a5a06539207,"pcm-meta-v2:{""protocol"":""r9.2-frozen-identity-v8"",""message"":"""",""cell_wall_ms"":202.896,""answer_kind"":""csv-candidate-multiset-v1"",""answer_key_count"":2,""answer_fingerprint"":""160639e00d70ae26f536153ab8ab763e8416f759616deaa3c9354dca2793628c"",""c_parse_samples"":[0.0],""c_protocol_samples"":[],""construct_total_samples"":[],""construct_unattributed_samples"":[],""status"":""ok"",""status_evidence"":null,""construction_requested"":null,""construction_effective"":null,""commit"":""30927b7b5d3bb9c394df57f9454162ec0b8818e4"",""batch_id"":""c1805e4548b9e6b1e4c35d07987d3339d3f47ec38ce57e889cf043d8365e6e34"",""query_sha256"":""98fe99bb2a8bc2b3e41d8cc31e774d8a405b22eb745fbaefad8963b8e59922f4"",""engine"":""qlever"",""engine_version"":""QLever [engines.json profile]"",""scale"":""10M"",""base_endpoint_sha256"":""de27bc9b5795f339824b9ba281db7ca210725e43627cd5dfc25b8166ca98b6b8"",""reified_endpoint_sha256"":""f188c79557444ad5deb4e733829ad5b89a290050ab46caa399491fa4555710ea"",""update_endpoint_sha256"":""8a607274f1b3d176dd6acfdc7381c25676b642e78d334a9664e45a2bdf3d52a0"",""base_data_identity_sha256"":""59fb59a04cd20e6dec9ee47cf1de02734068a3328cade998a3fc44a746054ea8"",""reified_data_identity_sha256"":""a42a308bd2c5294f3aa79a1a3b15804d4137fd68d7677d9adc037e257a217e76"",""update_for"":""none"",""access_mode"":""read-only"",""base_data_name"":""exploratory-base"",""reified_data_name"":""exploratory-reified"",""update_canary_sha256"":""2b9b44b25cd1c568cd57c6c5df25ae260b68229044617821fb33f542dab77648"",""store_instance_sha256"":""603cfbcfaa789b9594f9f90c9f9a5d475d891c57ec09512df1a8db40abab27c6"",""store_discriminator_sha256"":""f9ff8d30db2db1840ca1585b5598b1cf4d1d06ac2adb86a55b430669507fabff"",""tool_sha256"":""7b43c2342d7676aa65cc9ee233b2184c9eae88f2663874af7ab1b83282f94ab4"",""java_runtime_sha256"":""6ffd10b28ab050230cdc1137f0bd16155c3a7c587add7fbe921d985fa92879fe"",""run_identity_sha256"":""a51158f3344307c3aaf8fb520b4cfd446f57f7ae1fb7bdcc4fea8a5a06539207""}"
30927b7b5d3bb9c394df57f9454162ec0b8818e4,qlever,QLever [engines.json profile],10M,L,L1,00,98fe99bb2a8bc2b3e41d8cc31e774d8a405b22eb745fbaefad8963b8e59922f4,C,SPARQLcirc CircuitRewriter,ok,2,57.1,57.1,57.1,57.1,0.0,0,1,900.0,4700,0.7,4,8,2,,356.725733,[57.092],[0.728],0.0,[0.0],58.2,[58.238],0.4,[0.419],r9.2-frozen-identity-v8,c1805e4548b9e6b1e4c35d07987d3339d3f47ec38ce57e889cf043d8365e6e34,term-aware-candidate-set-v1,2,42ef01f7735339eac83ab7a48e7a34b16c4a162f17ab40998ffea7ba91a168ea,flat,flat,7353d7cf442ebb45156a47008f96753dd2804b35ccf9260eb5032dd5d8954f3f,/mnt/nfs/home/ac145595/workspace/rq3-artifacts/circuits/qlever-10m/98fe99bb2a8bc2b3e41d8cc31e774d8a405b22eb745fbaefad8963b8e59922f4-7353d7cf442ebb45156a47008f96753dd2804b35ccf9260eb5032dd5d8954f3f.nt,/mnt/nfs/home/ac145595/workspace/rq3-artifacts/circuits/qlever-10m/98fe99bb2a8bc2b3e41d8cc31e774d8a405b22eb745fbaefad8963b8e59922f4-7353d7cf442ebb45156a47008f96753dd2804b35ccf9260eb5032dd5d8954f3f.json,3aab8285a87cd83c370d394f768e5b0a9f08607497d44e2969278aa5c60ca6a0,3feb8c86297ffb83015e8a99a00a4f945effe66845e4073e3aae98ed3dc5f916,de27bc9b5795f339824b9ba281db7ca210725e43627cd5dfc25b8166ca98b6b8,f188c79557444ad5deb4e733829ad5b89a290050ab46caa399491fa4555710ea,8a607274f1b3d176dd6acfdc7381c25676b642e78d334a9664e45a2bdf3d52a0,59fb59a04cd20e6dec9ee47cf1de02734068a3328cade998a3fc44a746054ea8,a42a308bd2c5294f3aa79a1a3b15804d4137fd68d7677d9adc037e257a217e76,none,read-only,exploratory-base,exploratory-reified,2b9b44b25cd1c568cd57c6c5df25ae260b68229044617821fb33f542dab77648,603cfbcfaa789b9594f9f90c9f9a5d475d891c57ec09512df1a8db40abab27c6,f9ff8d30db2db1840ca1585b5598b1cf4d1d06ac2adb86a55b430669507fabff,7b43c2342d7676aa65cc9ee233b2184c9eae88f2663874af7ab1b83282f94ab4,6ffd10b28ab050230cdc1137f0bd16155c3a7c587add7fbe921d985fa92879fe,a51158f3344307c3aaf8fb520b4cfd446f57f7ae1fb7bdcc4fea8a5a06539207,"pcm-meta-v2:{""protocol"":""r9.2-frozen-identity-v8"",""message"":""C requested=flat effective=flat; steps=1 feedback=0; network includes CONSTRUCT, feedback INSERT, and cleanup DELETE"",""cell_wall_ms"":420.6,""answer_kind"":""term-aware-candidate-set-v1"",""answer_key_count"":2,""answer_fingerprint"":""42ef01f7735339eac83ab7a48e7a34b16c4a162f17ab40998ffea7ba91a168ea"",""c_parse_samples"":[0.728],""c_protocol_samples"":[{""requested_mode"":""flat"",""effective_mode"":""flat"",""fallback_reason"":null,""plan_steps"":1,""feedback_steps"":0,""feedback_triples"":0,""construct_query_ms"":57.092,""feedback_update_ms"":0.0,""cleanup_ms"":0.0,""client_protocol_ms"":0.0,""network_scope"":""construct+feedback+cleanup"",""circuit_sha256"":""7353d7cf442ebb45156a47008f96753dd2804b35ccf9260eb5032dd5d8954f3f"",""answer_fingerprint"":""42ef01f7735339eac83ab7a48e7a34b16c4a162f17ab40998ffea7ba91a168ea"",""semantic_signature_sha256"":""53d1dc2d6c72fd8564ca5f55bf3546285af99fd5faa2def9abeb1b9827f1c42e"",""structure_signature"":{""gates"":4,""edges"":8,""answers"":2,""derivations"":2,""canonical_bytes"":4700},""construct_total_ms"":58.238,""client_unattributed_ms"":0.419}],""construct_total_samples"":[58.238],""construct_unattributed_samples"":[0.419],""status"":""ok"",""status_evidence"":null,""c_warmup_signatures"":[],""measured_semantic_signature_sha256"":""53d1dc2d6c72fd8564ca5f55bf3546285af99fd5faa2def9abeb1b9827f1c42e"",""measured_repetitions_consistent"":true,""cache_snapshot_ms"":0.553,""cache_snapshot_scope"":""first-measured-response; deferred until all runs succeeded"",""outside_cell_cache_write_ms"":4.707,""construction_requested"":""flat"",""construction_effective"":""flat"",""circuit_sha256"":""7353d7cf442ebb45156a47008f96753dd2804b35ccf9260eb5032dd5d8954f3f"",""circuit_triples"":32,""circuit_bytes"":4700,""circuit_path"":""/mnt/nfs/home/ac145595/workspace/rq3-artifacts/circuits/qlever-10m/98fe99bb2a8bc2b3e41d8cc31e774d8a405b22eb745fbaefad8963b8e59922f4-7353d7cf442ebb45156a47008f96753dd2804b35ccf9260eb5032dd5d8954f3f.nt"",""metadata_path"":""/mnt/nfs/home/ac145595/workspace/rq3-artifacts/circuits/qlever-10m/98fe99bb2a8bc2b3e41d8cc31e774d8a405b22eb745fbaefad8963b8e59922f4-7353d7cf442ebb45156a47008f96753dd2804b35ccf9260eb5032dd5d8954f3f.json"",""producer_observation_sha256"":""3aab8285a87cd83c370d394f768e5b0a9f08607497d44e2969278aa5c60ca6a0"",""sidecar_sha256"":""3feb8c86297ffb83015e8a99a00a4f945effe66845e4073e3aae98ed3dc5f916"",""commit"":""30927b7b5d3bb9c394df57f9454162ec0b8818e4"",""batch_id"":""c1805e4548b9e6b1e4c35d07987d3339d3f47ec38ce57e889cf043d8365e6e34"",""query_sha256"":""98fe99bb2a8bc2b3e41d8cc31e774d8a405b22eb745fbaefad8963b8e59922f4"",""engine"":""qlever"",""engine_version"":""QLever [engines.json profile]"",""scale"":""10M"",""base_endpoint_sha256"":""de27bc9b5795f339824b9ba281db7ca210725e43627cd5dfc25b8166ca98b6b8"",""reified_endpoint_sha256"":""f188c79557444ad5deb4e733829ad5b89a290050ab46caa399491fa4555710ea"",""update_endpoint_sha256"":""8a607274f1b3d176dd6acfdc7381c25676b642e78d334a9664e45a2bdf3d52a0"",""base_data_identity_sha256"":""59fb59a04cd20e6dec9ee47cf1de02734068a3328cade998a3fc44a746054ea8"",""reified_data_identity_sha256"":""a42a308bd2c5294f3aa79a1a3b15804d4137fd68d7677d9adc037e257a217e76"",""update_for"":""none"",""access_mode"":""read-only"",""base_data_name"":""exploratory-base"",""reified_data_name"":""exploratory-reified"",""update_canary_sha256"":""2b9b44b25cd1c568cd57c6c5df25ae260b68229044617821fb33f542dab77648"",""store_instance_sha256"":""603cfbcfaa789b9594f9f90c9f9a5d475d891c57ec09512df1a8db40abab27c6"",""store_discriminator_sha256"":""f9ff8d30db2db1840ca1585b5598b1cf4d1d06ac2adb86a55b430669507fabff"",""tool_sha256"":""7b43c2342d7676aa65cc9ee233b2184c9eae88f2663874af7ab1b83282f94ab4"",""java_runtime_sha256"":""6ffd10b28ab050230cdc1137f0bd16155c3a7c587add7fbe921d985fa92879fe"",""run_identity_sha256"":""a51158f3344307c3aaf8fb520b4cfd446f57f7ae1fb7bdcc4fea8a5a06539207""}"
30927b7b5d3bb9c394df57f9454162ec0b8818e4,qlever,QLever [engines.json profile],10M,L,L2,00,64873fb3e0533f5e97269a846ba7be46358d4ae4e7b00ae160b34130e60e4ce6,B,base-select,ok,36,22.1,22.1,22.1,22.1,0.0,0,1,900.0,3279,0.0,,,,,0.00767,[22.115],[0.0],,[],,[],,[],r9.2-frozen-identity-v8,c1805e4548b9e6b1e4c35d07987d3339d3f47ec38ce57e889cf043d8365e6e34,csv-binding-multiset-v1,36,801baee3d130dc6c721d07184d87923c627ef792708c9f03278ed1cfde1b43c9,,,,,,,,de27bc9b5795f339824b9ba281db7ca210725e43627cd5dfc25b8166ca98b6b8,f188c79557444ad5deb4e733829ad5b89a290050ab46caa399491fa4555710ea,8a607274f1b3d176dd6acfdc7381c25676b642e78d334a9664e45a2bdf3d52a0,59fb59a04cd20e6dec9ee47cf1de02734068a3328cade998a3fc44a746054ea8,a42a308bd2c5294f3aa79a1a3b15804d4137fd68d7677d9adc037e257a217e76,none,read-only,exploratory-base,exploratory-reified,2b9b44b25cd1c568cd57c6c5df25ae260b68229044617821fb33f542dab77648,603cfbcfaa789b9594f9f90c9f9a5d475d891c57ec09512df1a8db40abab27c6,f9ff8d30db2db1840ca1585b5598b1cf4d1d06ac2adb86a55b430669507fabff,7b43c2342d7676aa65cc9ee233b2184c9eae88f2663874af7ab1b83282f94ab4,6ffd10b28ab050230cdc1137f0bd16155c3a7c587add7fbe921d985fa92879fe,3f9b2d74f3c8f30eae0b9c0a773ef664b90f79327f8bfbb6bcc33a351d144733,"pcm-meta-v2:{""protocol"":""r9.2-frozen-identity-v8"",""message"":"""",""cell_wall_ms"":28.252,""answer_kind"":""csv-binding-multiset-v1"",""answer_key_count"":36,""answer_fingerprint"":""801baee3d130dc6c721d07184d87923c627ef792708c9f03278ed1cfde1b43c9"",""c_parse_samples"":[0.0],""c_protocol_samples"":[],""construct_total_samples"":[],""construct_unattributed_samples"":[],""status"":""ok"",""status_evidence"":null,""construction_requested"":null,""construction_effective"":null,""commit"":""30927b7b5d3bb9c394df57f9454162ec0b8818e4"",""batch_id"":""c1805e4548b9e6b1e4c35d07987d3339d3f47ec38ce57e889cf043d8365e6e34"",""query_sha256"":""64873fb3e0533f5e97269a846ba7be46358d4ae4e7b00ae160b34130e60e4ce6"",""engine"":""qlever"",""engine_version"":""QLever [engines.json profile]"",""scale"":""10M"",""base_endpoint_sha256"":""de27bc9b5795f339824b9ba281db7ca210725e43627cd5dfc25b8166ca98b6b8"",""reified_endpoint_sha256"":""f188c79557444ad5deb4e733829ad5b89a290050ab46caa399491fa4555710ea"",""update_endpoint_sha256"":""8a607274f1b3d176dd6acfdc7381c25676b642e78d334a9664e45a2bdf3d52a0"",""base_data_identity_sha256"":""59fb59a04cd20e6dec9ee47cf1de02734068a3328cade998a3fc44a746054ea8"",""reified_data_identity_sha256"":""a42a308bd2c5294f3aa79a1a3b15804d4137fd68d7677d9adc037e257a217e76"",""update_for"":""none"",""access_mode"":""read-only"",""base_data_name"":""exploratory-base"",""reified_data_name"":""exploratory-reified"",""update_canary_sha256"":""2b9b44b25cd1c568cd57c6c5df25ae260b68229044617821fb33f542dab77648"",""store_instance_sha256"":""603cfbcfaa789b9594f9f90c9f9a5d475d891c57ec09512df1a8db40abab27c6"",""store_discriminator_sha256"":""f9ff8d30db2db1840ca1585b5598b1cf4d1d06ac2adb86a55b430669507fabff"",""tool_sha256"":""7b43c2342d7676aa65cc9ee233b2184c9eae88f2663874af7ab1b83282f94ab4"",""java_runtime_sha256"":""6ffd10b28ab050230cdc1137f0bd16155c3a7c587add7fbe921d985fa92879fe"",""run_identity_sha256"":""3f9b2d74f3c8f30eae0b9c0a773ef664b90f79327f8bfbb6bcc33a351d144733""}"
30927b7b5d3bb9c394df57f9454162ec0b8818e4,qlever,QLever [engines.json profile],10M,L,L2,00,64873fb3e0533f5e97269a846ba7be46358d4ae4e7b00ae160b34130e60e4ce6,R,reification-only,ok,36,185.7,185.7,185.7,185.7,0.0,0,1,900.0,3279,0.0,,,,,128.599969,[185.676],[0.0],,[],,[],,[],r9.2-frozen-identity-v8,c1805e4548b9e6b1e4c35d07987d3339d3f47ec38ce57e889cf043d8365e6e34,csv-binding-multiset-v1,36,801baee3d130dc6c721d07184d87923c627ef792708c9f03278ed1cfde1b43c9,,,,,,,,de27bc9b5795f339824b9ba281db7ca210725e43627cd5dfc25b8166ca98b6b8,f188c79557444ad5deb4e733829ad5b89a290050ab46caa399491fa4555710ea,8a607274f1b3d176dd6acfdc7381c25676b642e78d334a9664e45a2bdf3d52a0,59fb59a04cd20e6dec9ee47cf1de02734068a3328cade998a3fc44a746054ea8,a42a308bd2c5294f3aa79a1a3b15804d4137fd68d7677d9adc037e257a217e76,none,read-only,exploratory-base,exploratory-reified,2b9b44b25cd1c568cd57c6c5df25ae260b68229044617821fb33f542dab77648,603cfbcfaa789b9594f9f90c9f9a5d475d891c57ec09512df1a8db40abab27c6,f9ff8d30db2db1840ca1585b5598b1cf4d1d06ac2adb86a55b430669507fabff,7b43c2342d7676aa65cc9ee233b2184c9eae88f2663874af7ab1b83282f94ab4,6ffd10b28ab050230cdc1137f0bd16155c3a7c587add7fbe921d985fa92879fe,3f9b2d74f3c8f30eae0b9c0a773ef664b90f79327f8bfbb6bcc33a351d144733,"pcm-meta-v2:{""protocol"":""r9.2-frozen-identity-v8"",""message"":"""",""cell_wall_ms"":321.245,""answer_kind"":""csv-binding-multiset-v1"",""answer_key_count"":36,""answer_fingerprint"":""801baee3d130dc6c721d07184d87923c627ef792708c9f03278ed1cfde1b43c9"",""c_parse_samples"":[0.0],""c_protocol_samples"":[],""construct_total_samples"":[],""construct_unattributed_samples"":[],""status"":""ok"",""status_evidence"":null,""construction_requested"":null,""construction_effective"":null,""commit"":""30927b7b5d3bb9c394df57f9454162ec0b8818e4"",""batch_id"":""c1805e4548b9e6b1e4c35d07987d3339d3f47ec38ce57e889cf043d8365e6e34"",""query_sha256"":""64873fb3e0533f5e97269a846ba7be46358d4ae4e7b00ae160b34130e60e4ce6"",""engine"":""qlever"",""engine_version"":""QLever [engines.json profile]"",""scale"":""10M"",""base_endpoint_sha256"":""de27bc9b5795f339824b9ba281db7ca210725e43627cd5dfc25b8166ca98b6b8"",""reified_endpoint_sha256"":""f188c79557444ad5deb4e733829ad5b89a290050ab46caa399491fa4555710ea"",""update_endpoint_sha256"":""8a607274f1b3d176dd6acfdc7381c25676b642e78d334a9664e45a2bdf3d52a0"",""base_data_identity_sha256"":""59fb59a04cd20e6dec9ee47cf1de02734068a3328cade998a3fc44a746054ea8"",""reified_data_identity_sha256"":""a42a308bd2c5294f3aa79a1a3b15804d4137fd68d7677d9adc037e257a217e76"",""update_for"":""none"",""access_mode"":""read-only"",""base_data_name"":""exploratory-base"",""reified_data_name"":""exploratory-reified"",""update_canary_sha256"":""2b9b44b25cd1c568cd57c6c5df25ae260b68229044617821fb33f542dab77648"",""store_instance_sha256"":""603cfbcfaa789b9594f9f90c9f9a5d475d891c57ec09512df1a8db40abab27c6"",""store_discriminator_sha256"":""f9ff8d30db2db1840ca1585b5598b1cf4d1d06ac2adb86a55b430669507fabff"",""tool_sha256"":""7b43c2342d7676aa65cc9ee233b2184c9eae88f2663874af7ab1b83282f94ab4"",""java_runtime_sha256"":""6ffd10b28ab050230cdc1137f0bd16155c3a7c587add7fbe921d985fa92879fe"",""run_identity_sha256"":""3f9b2d74f3c8f30eae0b9c0a773ef664b90f79327f8bfbb6bcc33a351d144733""}"
30927b7b5d3bb9c394df57f9454162ec0b8818e4,qlever,QLever [engines.json profile],10M,L,L2,00,64873fb3e0533f5e97269a846ba7be46358d4ae4e7b00ae160b34130e60e4ce6,N,N_clean (NPCS reimplementation),ok,36,29.5,29.5,29.5,29.5,0.0,0,1,900.0,5071,0.0,,,,36,176.60813,[29.548],[0.0],,[],,[],,[],r9.2-frozen-identity-v8,c1805e4548b9e6b1e4c35d07987d3339d3f47ec38ce57e889cf043d8365e6e34,csv-candidate-multiset-v1,36,801baee3d130dc6c721d07184d87923c627ef792708c9f03278ed1cfde1b43c9,,,,,,,,de27bc9b5795f339824b9ba281db7ca210725e43627cd5dfc25b8166ca98b6b8,f188c79557444ad5deb4e733829ad5b89a290050ab46caa399491fa4555710ea,8a607274f1b3d176dd6acfdc7381c25676b642e78d334a9664e45a2bdf3d52a0,59fb59a04cd20e6dec9ee47cf1de02734068a3328cade998a3fc44a746054ea8,a42a308bd2c5294f3aa79a1a3b15804d4137fd68d7677d9adc037e257a217e76,none,read-only,exploratory-base,exploratory-reified,2b9b44b25cd1c568cd57c6c5df25ae260b68229044617821fb33f542dab77648,603cfbcfaa789b9594f9f90c9f9a5d475d891c57ec09512df1a8db40abab27c6,f9ff8d30db2db1840ca1585b5598b1cf4d1d06ac2adb86a55b430669507fabff,7b43c2342d7676aa65cc9ee233b2184c9eae88f2663874af7ab1b83282f94ab4,6ffd10b28ab050230cdc1137f0bd16155c3a7c587add7fbe921d985fa92879fe,3f9b2d74f3c8f30eae0b9c0a773ef664b90f79327f8bfbb6bcc33a351d144733,"pcm-meta-v2:{""protocol"":""r9.2-frozen-identity-v8"",""message"":"""",""cell_wall_ms"":213.108,""answer_kind"":""csv-candidate-multiset-v1"",""answer_key_count"":36,""answer_fingerprint"":""801baee3d130dc6c721d07184d87923c627ef792708c9f03278ed1cfde1b43c9"",""c_parse_samples"":[0.0],""c_protocol_samples"":[],""construct_total_samples"":[],""construct_unattributed_samples"":[],""status"":""ok"",""status_evidence"":null,""construction_requested"":null,""construction_effective"":null,""commit"":""30927b7b5d3bb9c394df57f9454162ec0b8818e4"",""batch_id"":""c1805e4548b9e6b1e4c35d07987d3339d3f47ec38ce57e889cf043d8365e6e34"",""query_sha256"":""64873fb3e0533f5e97269a846ba7be46358d4ae4e7b00ae160b34130e60e4ce6"",""engine"":""qlever"",""engine_version"":""QLever [engines.json profile]"",""scale"":""10M"",""base_endpoint_sha256"":""de27bc9b5795f339824b9ba281db7ca210725e43627cd5dfc25b8166ca98b6b8"",""reified_endpoint_sha256"":""f188c79557444ad5deb4e733829ad5b89a290050ab46caa399491fa4555710ea"",""update_endpoint_sha256"":""8a607274f1b3d176dd6acfdc7381c25676b642e78d334a9664e45a2bdf3d52a0"",""base_data_identity_sha256"":""59fb59a04cd20e6dec9ee47cf1de02734068a3328cade998a3fc44a746054ea8"",""reified_data_identity_sha256"":""a42a308bd2c5294f3aa79a1a3b15804d4137fd68d7677d9adc037e257a217e76"",""update_for"":""none"",""access_mode"":""read-only"",""base_data_name"":""exploratory-base"",""reified_data_name"":""exploratory-reified"",""update_canary_sha256"":""2b9b44b25cd1c568cd57c6c5df25ae260b68229044617821fb33f542dab77648"",""store_instance_sha256"":""603cfbcfaa789b9594f9f90c9f9a5d475d891c57ec09512df1a8db40abab27c6"",""store_discriminator_sha256"":""f9ff8d30db2db1840ca1585b5598b1cf4d1d06ac2adb86a55b430669507fabff"",""tool_sha256"":""7b43c2342d7676aa65cc9ee233b2184c9eae88f2663874af7ab1b83282f94ab4"",""java_runtime_sha256"":""6ffd10b28ab050230cdc1137f0bd16155c3a7c587add7fbe921d985fa92879fe"",""run_identity_sha256"":""3f9b2d74f3c8f30eae0b9c0a773ef664b90f79327f8bfbb6bcc33a351d144733""}"
30927b7b5d3bb9c394df57f9454162ec0b8818e4,qlever,QLever [engines.json profile],10M,L,L2,00,64873fb3e0533f5e97269a846ba7be46358d4ae4e7b00ae160b34130e60e4ce6,C,SPARQLcirc CircuitRewriter,ok,36,50.5,50.5,50.5,50.5,0.0,0,1,900.0,66202,5.9,72,144,36,,345.160867,[50.521],[5.853],0.0,[0.0],56.9,[56.872],0.5,[0.498],r9.2-frozen-identity-v8,c1805e4548b9e6b1e4c35d07987d3339d3f47ec38ce57e889cf043d8365e6e34,term-aware-candidate-set-v1,36,edb7dc69f50cbbff114ed0c0b032df84ebecc8f4a58267a6721dbc57d2e36004,flat,flat,3030a8f99499e464097645a47e5d2f1f934e35ca0b981bca5e89fb8c3ce43bca,/mnt/nfs/home/ac145595/workspace/rq3-artifacts/circuits/qlever-10m/64873fb3e0533f5e97269a846ba7be46358d4ae4e7b00ae160b34130e60e4ce6-3030a8f99499e464097645a47e5d2f1f934e35ca0b981bca5e89fb8c3ce43bca.nt,/mnt/nfs/home/ac145595/workspace/rq3-artifacts/circuits/qlever-10m/64873fb3e0533f5e97269a846ba7be46358d4ae4e7b00ae160b34130e60e4ce6-3030a8f99499e464097645a47e5d2f1f934e35ca0b981bca5e89fb8c3ce43bca.json,8ac11ebd267a906cddb039e2f85e74b9bf65b7f485588f5ddde6300fe51d4ab8,52cf18192fac016a4a4c0a8a8ac69f1f58fcc6d0d844492c66b60cb926fd5e84,de27bc9b5795f339824b9ba281db7ca210725e43627cd5dfc25b8166ca98b6b8,f188c79557444ad5deb4e733829ad5b89a290050ab46caa399491fa4555710ea,8a607274f1b3d176dd6acfdc7381c25676b642e78d334a9664e45a2bdf3d52a0,59fb59a04cd20e6dec9ee47cf1de02734068a3328cade998a3fc44a746054ea8,a42a308bd2c5294f3aa79a1a3b15804d4137fd68d7677d9adc037e257a217e76,none,read-only,exploratory-base,exploratory-reified,2b9b44b25cd1c568cd57c6c5df25ae260b68229044617821fb33f542dab77648,603cfbcfaa789b9594f9f90c9f9a5d475d891c57ec09512df1a8db40abab27c6,f9ff8d30db2db1840ca1585b5598b1cf4d1d06ac2adb86a55b430669507fabff,7b43c2342d7676aa65cc9ee233b2184c9eae88f2663874af7ab1b83282f94ab4,6ffd10b28ab050230cdc1137f0bd16155c3a7c587add7fbe921d985fa92879fe,3f9b2d74f3c8f30eae0b9c0a773ef664b90f79327f8bfbb6bcc33a351d144733,"pcm-meta-v2:{""protocol"":""r9.2-frozen-identity-v8"",""message"":""C requested=flat effective=flat; steps=1 feedback=0; network includes CONSTRUCT, feedback INSERT, and cleanup DELETE"",""cell_wall_ms"":408.601,""answer_kind"":""term-aware-candidate-set-v1"",""answer_key_count"":36,""answer_fingerprint"":""edb7dc69f50cbbff114ed0c0b032df84ebecc8f4a58267a6721dbc57d2e36004"",""c_parse_samples"":[5.853],""c_protocol_samples"":[{""requested_mode"":""flat"",""effective_mode"":""flat"",""fallback_reason"":null,""plan_steps"":1,""feedback_steps"":0,""feedback_triples"":0,""construct_query_ms"":50.521,""feedback_update_ms"":0.0,""cleanup_ms"":0.0,""client_protocol_ms"":0.0,""network_scope"":""construct+feedback+cleanup"",""circuit_sha256"":""3030a8f99499e464097645a47e5d2f1f934e35ca0b981bca5e89fb8c3ce43bca"",""answer_fingerprint"":""edb7dc69f50cbbff114ed0c0b032df84ebecc8f4a58267a6721dbc57d2e36004"",""semantic_signature_sha256"":""3e732b119edd8bc7e50e993d356cb94ff1ea890319ffd82758a33fd2be105a69"",""structure_signature"":{""gates"":72,""edges"":144,""answers"":36,""derivations"":36,""canonical_bytes"":66202},""construct_total_ms"":56.872,""client_unattributed_ms"":0.498}],""construct_total_samples"":[56.872],""construct_unattributed_samples"":[0.498],""status"":""ok"",""status_evidence"":null,""c_warmup_signatures"":[],""measured_semantic_signature_sha256"":""3e732b119edd8bc7e50e993d356cb94ff1ea890319ffd82758a33fd2be105a69"",""measured_repetitions_consistent"":true,""cache_snapshot_ms"":1.658,""cache_snapshot_scope"":""first-measured-response; deferred until all runs succeeded"",""outside_cell_cache_write_ms"":6.781,""construction_requested"":""flat"",""construction_effective"":""flat"",""circuit_sha256"":""3030a8f99499e464097645a47e5d2f1f934e35ca0b981bca5e89fb8c3ce43bca"",""circuit_triples"":468,""circuit_bytes"":66202,""circuit_path"":""/mnt/nfs/home/ac145595/workspace/rq3-artifacts/circuits/qlever-10m/64873fb3e0533f5e97269a846ba7be46358d4ae4e7b00ae160b34130e60e4ce6-3030a8f99499e464097645a47e5d2f1f934e35ca0b981bca5e89fb8c3ce43bca.nt"",""metadata_path"":""/mnt/nfs/home/ac145595/workspace/rq3-artifacts/circuits/qlever-10m/64873fb3e0533f5e97269a846ba7be46358d4ae4e7b00ae160b34130e60e4ce6-3030a8f99499e464097645a47e5d2f1f934e35ca0b981bca5e89fb8c3ce43bca.json"",""producer_observation_sha256"":""8ac11ebd267a906cddb039e2f85e74b9bf65b7f485588f5ddde6300fe51d4ab8"",""sidecar_sha256"":""52cf18192fac016a4a4c0a8a8ac69f1f58fcc6d0d844492c66b60cb926fd5e84"",""commit"":""30927b7b5d3bb9c394df57f9454162ec0b8818e4"",""batch_id"":""c1805e4548b9e6b1e4c35d07987d3339d3f47ec38ce57e889cf043d8365e6e34"",""query_sha256"":""64873fb3e0533f5e97269a846ba7be46358d4ae4e7b00ae160b34130e60e4ce6"",""engine"":""qlever"",""engine_version"":""QLever [engines.json profile]"",""scale"":""10M"",""base_endpoint_sha256"":""de27bc9b5795f339824b9ba281db7ca210725e43627cd5dfc25b8166ca98b6b8"",""reified_endpoint_sha256"":""f188c79557444ad5deb4e733829ad5b89a290050ab46caa399491fa4555710ea"",""update_endpoint_sha256"":""8a607274f1b3d176dd6acfdc7381c25676b642e78d334a9664e45a2bdf3d52a0"",""base_data_identity_sha256"":""59fb59a04cd20e6dec9ee47cf1de02734068a3328cade998a3fc44a746054ea8"",""reified_data_identity_sha256"":""a42a308bd2c5294f3aa79a1a3b15804d4137fd68d7677d9adc037e257a217e76"",""update_for"":""none"",""access_mode"":""read-only"",""base_data_name"":""exploratory-base"",""reified_data_name"":""exploratory-reified"",""update_canary_sha256"":""2b9b44b25cd1c568cd57c6c5df25ae260b68229044617821fb33f542dab77648"",""store_instance_sha256"":""603cfbcfaa789b9594f9f90c9f9a5d475d891c57ec09512df1a8db40abab27c6"",""store_discriminator_sha256"":""f9ff8d30db2db1840ca1585b5598b1cf4d1d06ac2adb86a55b430669507fabff"",""tool_sha256"":""7b43c2342d7676aa65cc9ee233b2184c9eae88f2663874af7ab1b83282f94ab4"",""java_runtime_sha256"":""6ffd10b28ab050230cdc1137f0bd16155c3a7c587add7fbe921d985fa92879fe"",""run_identity_sha256"":""3f9b2d74f3c8f30eae0b9c0a773ef664b90f79327f8bfbb6bcc33a351d144733""}"
30927b7b5d3bb9c394df57f9454162ec0b8818e4,qlever,QLever [engines.json profile],10M,L,L3,00,6e68c33e9b346995ea7cedfa79c5123b2290df112a813135a2d0753aa4f34a04,B,base-select,ok,49,3.5,3.5,3.5,3.5,0.0,0,1,900.0,2257,0.0,,,,,0.00748,[3.498],[0.0],,[],,[],,[],r9.2-frozen-identity-v8,c1805e4548b9e6b1e4c35d07987d3339d3f47ec38ce57e889cf043d8365e6e34,csv-binding-multiset-v1,49,79e5f43d3a0dc693468abb25a79bc8c5ebba0bf956852d5b7e229d13ca46c7e7,,,,,,,,de27bc9b5795f339824b9ba281db7ca210725e43627cd5dfc25b8166ca98b6b8,f188c79557444ad5deb4e733829ad5b89a290050ab46caa399491fa4555710ea,8a607274f1b3d176dd6acfdc7381c25676b642e78d334a9664e45a2bdf3d52a0,59fb59a04cd20e6dec9ee47cf1de02734068a3328cade998a3fc44a746054ea8,a42a308bd2c5294f3aa79a1a3b15804d4137fd68d7677d9adc037e257a217e76,none,read-only,exploratory-base,exploratory-reified,2b9b44b25cd1c568cd57c6c5df25ae260b68229044617821fb33f542dab77648,603cfbcfaa789b9594f9f90c9f9a5d475d891c57ec09512df1a8db40abab27c6,f9ff8d30db2db1840ca1585b5598b1cf4d1d06ac2adb86a55b430669507fabff,7b43c2342d7676aa65cc9ee233b2184c9eae88f2663874af7ab1b83282f94ab4,6ffd10b28ab050230cdc1137f0bd16155c3a7c587add7fbe921d985fa92879fe,7abe5ce5ac188869eff3d989086021bbf56a52f1d665e74ed520b2d44fa6990c,"pcm-meta-v2:{""protocol"":""r9.2-frozen-identity-v8"",""message"":"""",""cell_wall_ms"":9.248,""answer_kind"":""csv-binding-multiset-v1"",""answer_key_count"":49,""answer_fingerprint"":""79e5f43d3a0dc693468abb25a79bc8c5ebba0bf956852d5b7e229d13ca46c7e7"",""c_parse_samples"":[0.0],""c_protocol_samples"":[],""construct_total_samples"":[],""construct_unattributed_samples"":[],""status"":""ok"",""status_evidence"":null,""construction_requested"":null,""construction_effective"":null,""commit"":""30927b7b5d3bb9c394df57f9454162ec0b8818e4"",""batch_id"":""c1805e4548b9e6b1e4c35d07987d3339d3f47ec38ce57e889cf043d8365e6e34"",""query_sha256"":""6e68c33e9b346995ea7cedfa79c5123b2290df112a813135a2d0753aa4f34a04"",""engine"":""qlever"",""engine_version"":""QLever [engines.json profile]"",""scale"":""10M"",""base_endpoint_sha256"":""de27bc9b5795f339824b9ba281db7ca210725e43627cd5dfc25b8166ca98b6b8"",""reified_endpoint_sha256"":""f188c79557444ad5deb4e733829ad5b89a290050ab46caa399491fa4555710ea"",""update_endpoint_sha256"":""8a607274f1b3d176dd6acfdc7381c25676b642e78d334a9664e45a2bdf3d52a0"",""base_data_identity_sha256"":""59fb59a04cd20e6dec9ee47cf1de02734068a3328cade998a3fc44a746054ea8"",""reified_data_identity_sha256"":""a42a308bd2c5294f3aa79a1a3b15804d4137fd68d7677d9adc037e257a217e76"",""update_for"":""none"",""access_mode"":""read-only"",""base_data_name"":""exploratory-base"",""reified_data_name"":""exploratory-reified"",""update_canary_sha256"":""2b9b44b25cd1c568cd57c6c5df25ae260b68229044617821fb33f542dab77648"",""store_instance_sha256"":""603cfbcfaa789b9594f9f90c9f9a5d475d891c57ec09512df1a8db40abab27c6"",""store_discriminator_sha256"":""f9ff8d30db2db1840ca1585b5598b1cf4d1d06ac2adb86a55b430669507fabff"",""tool_sha256"":""7b43c2342d7676aa65cc9ee233b2184c9eae88f2663874af7ab1b83282f94ab4"",""java_runtime_sha256"":""6ffd10b28ab050230cdc1137f0bd16155c3a7c587add7fbe921d985fa92879fe"",""run_identity_sha256"":""7abe5ce5ac188869eff3d989086021bbf56a52f1d665e74ed520b2d44fa6990c""}"
30927b7b5d3bb9c394df57f9454162ec0b8818e4,qlever,QLever [engines.json profile],10M,L,L3,00,6e68c33e9b346995ea7cedfa79c5123b2290df112a813135a2d0753aa4f34a04,R,reification-only,ok,49,23.0,23.0,23.0,23.0,0.0,0,1,900.0,2257,0.0,,,,,128.761361,[23.011],[0.0],,[],,[],,[],r9.2-frozen-identity-v8,c1805e4548b9e6b1e4c35d07987d3339d3f47ec38ce57e889cf043d8365e6e34,csv-binding-multiset-v1,49,79e5f43d3a0dc693468abb25a79bc8c5ebba0bf956852d5b7e229d13ca46c7e7,,,,,,,,de27bc9b5795f339824b9ba281db7ca210725e43627cd5dfc25b8166ca98b6b8,f188c79557444ad5deb4e733829ad5b89a290050ab46caa399491fa4555710ea,8a607274f1b3d176dd6acfdc7381c25676b642e78d334a9664e45a2bdf3d52a0,59fb59a04cd20e6dec9ee47cf1de02734068a3328cade998a3fc44a746054ea8,a42a308bd2c5294f3aa79a1a3b15804d4137fd68d7677d9adc037e257a217e76,none,read-only,exploratory-base,exploratory-reified,2b9b44b25cd1c568cd57c6c5df25ae260b68229044617821fb33f542dab77648,603cfbcfaa789b9594f9f90c9f9a5d475d891c57ec09512df1a8db40abab27c6,f9ff8d30db2db1840ca1585b5598b1cf4d1d06ac2adb86a55b430669507fabff,7b43c2342d7676aa65cc9ee233b2184c9eae88f2663874af7ab1b83282f94ab4,6ffd10b28ab050230cdc1137f0bd16155c3a7c587add7fbe921d985fa92879fe,7abe5ce5ac188869eff3d989086021bbf56a52f1d665e74ed520b2d44fa6990c,"pcm-meta-v2:{""protocol"":""r9.2-frozen-identity-v8"",""message"":"""",""cell_wall_ms"":159.623,""answer_kind"":""csv-binding-multiset-v1"",""answer_key_count"":49,""answer_fingerprint"":""79e5f43d3a0dc693468abb25a79bc8c5ebba0bf956852d5b7e229d13ca46c7e7"",""c_parse_samples"":[0.0],""c_protocol_samples"":[],""construct_total_samples"":[],""construct_unattributed_samples"":[],""status"":""ok"",""status_evidence"":null,""construction_requested"":null,""construction_effective"":null,""commit"":""30927b7b5d3bb9c394df57f9454162ec0b8818e4"",""batch_id"":""c1805e4548b9e6b1e4c35d07987d3339d3f47ec38ce57e889cf043d8365e6e34"",""query_sha256"":""6e68c33e9b346995ea7cedfa79c5123b2290df112a813135a2d0753aa4f34a04"",""engine"":""qlever"",""engine_version"":""QLever [engines.json profile]"",""scale"":""10M"",""base_endpoint_sha256"":""de27bc9b5795f339824b9ba281db7ca210725e43627cd5dfc25b8166ca98b6b8"",""reified_endpoint_sha256"":""f188c79557444ad5deb4e733829ad5b89a290050ab46caa399491fa4555710ea"",""update_endpoint_sha256"":""8a607274f1b3d176dd6acfdc7381c25676b642e78d334a9664e45a2bdf3d52a0"",""base_data_identity_sha256"":""59fb59a04cd20e6dec9ee47cf1de02734068a3328cade998a3fc44a746054ea8"",""reified_data_identity_sha256"":""a42a308bd2c5294f3aa79a1a3b15804d4137fd68d7677d9adc037e257a217e76"",""update_for"":""none"",""access_mode"":""read-only"",""base_data_name"":""exploratory-base"",""reified_data_name"":""exploratory-reified"",""update_canary_sha256"":""2b9b44b25cd1c568cd57c6c5df25ae260b68229044617821fb33f542dab77648"",""store_instance_sha256"":""603cfbcfaa789b9594f9f90c9f9a5d475d891c57ec09512df1a8db40abab27c6"",""store_discriminator_sha256"":""f9ff8d30db2db1840ca1585b5598b1cf4d1d06ac2adb86a55b430669507fabff"",""tool_sha256"":""7b43c2342d7676aa65cc9ee233b2184c9eae88f2663874af7ab1b83282f94ab4"",""java_runtime_sha256"":""6ffd10b28ab050230cdc1137f0bd16155c3a7c587add7fbe921d985fa92879fe"",""run_identity_sha256"":""7abe5ce5ac188869eff3d989086021bbf56a52f1d665e74ed520b2d44fa6990c""}"
30927b7b5d3bb9c394df57f9454162ec0b8818e4,qlever,QLever [engines.json profile],10M,L,L3,00,6e68c33e9b346995ea7cedfa79c5123b2290df112a813135a2d0753aa4f34a04,N,N_clean (NPCS reimplementation),ok,5,106.1,106.1,106.1,106.1,0.0,0,1,900.0,1958,0.0,,,,49,176.961256,[106.068],[0.0],,[],,[],,[],r9.2-frozen-identity-v8,c1805e4548b9e6b1e4c35d07987d3339d3f47ec38ce57e889cf043d8365e6e34,csv-candidate-multiset-v1,5,a2d4be24eb7c67a51b4767b6353a60fd94a3880a83d70b9b3dd571cd636a733a,,,,,,,,de27bc9b5795f339824b9ba281db7ca210725e43627cd5dfc25b8166ca98b6b8,f188c79557444ad5deb4e733829ad5b89a290050ab46caa399491fa4555710ea,8a607274f1b3d176dd6acfdc7381c25676b642e78d334a9664e45a2bdf3d52a0,59fb59a04cd20e6dec9ee47cf1de02734068a3328cade998a3fc44a746054ea8,a42a308bd2c5294f3aa79a1a3b15804d4137fd68d7677d9adc037e257a217e76,none,read-only,exploratory-base,exploratory-reified,2b9b44b25cd1c568cd57c6c5df25ae260b68229044617821fb33f542dab77648,603cfbcfaa789b9594f9f90c9f9a5d475d891c57ec09512df1a8db40abab27c6,f9ff8d30db2db1840ca1585b5598b1cf4d1d06ac2adb86a55b430669507fabff,7b43c2342d7676aa65cc9ee233b2184c9eae88f2663874af7ab1b83282f94ab4,6ffd10b28ab050230cdc1137f0bd16155c3a7c587add7fbe921d985fa92879fe,7abe5ce5ac188869eff3d989086021bbf56a52f1d665e74ed520b2d44fa6990c,"pcm-meta-v2:{""protocol"":""r9.2-frozen-identity-v8"",""message"":"""",""cell_wall_ms"":289.501,""answer_kind"":""csv-candidate-multiset-v1"",""answer_key_count"":5,""answer_fingerprint"":""a2d4be24eb7c67a51b4767b6353a60fd94a3880a83d70b9b3dd571cd636a733a"",""c_parse_samples"":[0.0],""c_protocol_samples"":[],""construct_total_samples"":[],""construct_unattributed_samples"":[],""status"":""ok"",""status_evidence"":null,""construction_requested"":null,""construction_effective"":null,""commit"":""30927b7b5d3bb9c394df57f9454162ec0b8818e4"",""batch_id"":""c1805e4548b9e6b1e4c35d07987d3339d3f47ec38ce57e889cf043d8365e6e34"",""query_sha256"":""6e68c33e9b346995ea7cedfa79c5123b2290df112a813135a2d0753aa4f34a04"",""engine"":""qlever"",""engine_version"":""QLever [engines.json profile]"",""scale"":""10M"",""base_endpoint_sha256"":""de27bc9b5795f339824b9ba281db7ca210725e43627cd5dfc25b8166ca98b6b8"",""reified_endpoint_sha256"":""f188c79557444ad5deb4e733829ad5b89a290050ab46caa399491fa4555710ea"",""update_endpoint_sha256"":""8a607274f1b3d176dd6acfdc7381c25676b642e78d334a9664e45a2bdf3d52a0"",""base_data_identity_sha256"":""59fb59a04cd20e6dec9ee47cf1de02734068a3328cade998a3fc44a746054ea8"",""reified_data_identity_sha256"":""a42a308bd2c5294f3aa79a1a3b15804d4137fd68d7677d9adc037e257a217e76"",""update_for"":""none"",""access_mode"":""read-only"",""base_data_name"":""exploratory-base"",""reified_data_name"":""exploratory-reified"",""update_canary_sha256"":""2b9b44b25cd1c568cd57c6c5df25ae260b68229044617821fb33f542dab77648"",""store_instance_sha256"":""603cfbcfaa789b9594f9f90c9f9a5d475d891c57ec09512df1a8db40abab27c6"",""store_discriminator_sha256"":""f9ff8d30db2db1840ca1585b5598b1cf4d1d06ac2adb86a55b430669507fabff"",""tool_sha256"":""7b43c2342d7676aa65cc9ee233b2184c9eae88f2663874af7ab1b83282f94ab4"",""java_runtime_sha256"":""6ffd10b28ab050230cdc1137f0bd16155c3a7c587add7fbe921d985fa92879fe"",""run_identity_sha256"":""7abe5ce5ac188869eff3d989086021bbf56a52f1d665e74ed520b2d44fa6990c""}"
30927b7b5d3bb9c394df57f9454162ec0b8818e4,qlever,QLever [engines.json profile],10M,L,L3,00,6e68c33e9b346995ea7cedfa79c5123b2290df112a813135a2d0753aa4f34a04,C,SPARQLcirc CircuitRewriter,ok,5,19.4,19.4,19.4,19.4,0.0,0,1,900.0,30026,4.6,54,147,49,,350.400817,[19.358],[4.562],0.0,[0.0],24.4,[24.371],0.5,[0.452],r9.2-frozen-identity-v8,c1805e4548b9e6b1e4c35d07987d3339d3f47ec38ce57e889cf043d8365e6e34,term-aware-candidate-set-v1,5,a587c3b8ef3ba4a8fadbbb1b70c19208446bdfed53a0f375006b0356dcab6a4f,flat,flat,f094b1f05bddea2aba94f061ace2fa9358f555b60b754ad078c3dfc0a51edecc,/mnt/nfs/home/ac145595/workspace/rq3-artifacts/circuits/qlever-10m/6e68c33e9b346995ea7cedfa79c5123b2290df112a813135a2d0753aa4f34a04-f094b1f05bddea2aba94f061ace2fa9358f555b60b754ad078c3dfc0a51edecc.nt,/mnt/nfs/home/ac145595/workspace/rq3-artifacts/circuits/qlever-10m/6e68c33e9b346995ea7cedfa79c5123b2290df112a813135a2d0753aa4f34a04-f094b1f05bddea2aba94f061ace2fa9358f555b60b754ad078c3dfc0a51edecc.json,a12ca51f7adac8bd365a8635f65a69d3632973bf9721c48f2925f103bcb41ebf,b281246610c459fc6735067738409071f22ce892293b5100afbfdfa7b646ace9,de27bc9b5795f339824b9ba281db7ca210725e43627cd5dfc25b8166ca98b6b8,f188c79557444ad5deb4e733829ad5b89a290050ab46caa399491fa4555710ea,8a607274f1b3d176dd6acfdc7381c25676b642e78d334a9664e45a2bdf3d52a0,59fb59a04cd20e6dec9ee47cf1de02734068a3328cade998a3fc44a746054ea8,a42a308bd2c5294f3aa79a1a3b15804d4137fd68d7677d9adc037e257a217e76,none,read-only,exploratory-base,exploratory-reified,2b9b44b25cd1c568cd57c6c5df25ae260b68229044617821fb33f542dab77648,603cfbcfaa789b9594f9f90c9f9a5d475d891c57ec09512df1a8db40abab27c6,f9ff8d30db2db1840ca1585b5598b1cf4d1d06ac2adb86a55b430669507fabff,7b43c2342d7676aa65cc9ee233b2184c9eae88f2663874af7ab1b83282f94ab4,6ffd10b28ab050230cdc1137f0bd16155c3a7c587add7fbe921d985fa92879fe,7abe5ce5ac188869eff3d989086021bbf56a52f1d665e74ed520b2d44fa6990c,"pcm-meta-v2:{""protocol"":""r9.2-frozen-identity-v8"",""message"":""C requested=flat effective=flat; steps=1 feedback=0; network includes CONSTRUCT, feedback INSERT, and cleanup DELETE"",""cell_wall_ms"":380.483,""answer_kind"":""term-aware-candidate-set-v1"",""answer_key_count"":5,""answer_fingerprint"":""a587c3b8ef3ba4a8fadbbb1b70c19208446bdfed53a0f375006b0356dcab6a4f"",""c_parse_samples"":[4.562],""c_protocol_samples"":[{""requested_mode"":""flat"",""effective_mode"":""flat"",""fallback_reason"":null,""plan_steps"":1,""feedback_steps"":0,""feedback_triples"":0,""construct_query_ms"":19.358,""feedback_update_ms"":0.0,""cleanup_ms"":0.0,""client_protocol_ms"":0.0,""network_scope"":""construct+feedback+cleanup"",""circuit_sha256"":""f094b1f05bddea2aba94f061ace2fa9358f555b60b754ad078c3dfc0a51edecc"",""answer_fingerprint"":""a587c3b8ef3ba4a8fadbbb1b70c19208446bdfed53a0f375006b0356dcab6a4f"",""semantic_signature_sha256"":""04f9f926b94c16df3c483e5577ec1f2b4fd27f087d5cb74cc667bacc56d119e0"",""structure_signature"":{""gates"":54,""edges"":147,""answers"":5,""derivations"":49,""canonical_bytes"":30026},""construct_total_ms"":24.371,""client_unattributed_ms"":0.452}],""construct_total_samples"":[24.371],""construct_unattributed_samples"":[0.452],""status"":""ok"",""status_evidence"":null,""c_warmup_signatures"":[],""measured_semantic_signature_sha256"":""04f9f926b94c16df3c483e5577ec1f2b4fd27f087d5cb74cc667bacc56d119e0"",""measured_repetitions_consistent"":true,""cache_snapshot_ms"":1.048,""cache_snapshot_scope"":""first-measured-response; deferred until all runs succeeded"",""outside_cell_cache_write_ms"":5.742,""construction_requested"":""flat"",""construction_effective"":""flat"",""circuit_sha256"":""f094b1f05bddea2aba94f061ace2fa9358f555b60b754ad078c3dfc0a51edecc"",""circuit_triples"":221,""circuit_bytes"":30026,""circuit_path"":""/mnt/nfs/home/ac145595/workspace/rq3-artifacts/circuits/qlever-10m/6e68c33e9b346995ea7cedfa79c5123b2290df112a813135a2d0753aa4f34a04-f094b1f05bddea2aba94f061ace2fa9358f555b60b754ad078c3dfc0a51edecc.nt"",""metadata_path"":""/mnt/nfs/home/ac145595/workspace/rq3-artifacts/circuits/qlever-10m/6e68c33e9b346995ea7cedfa79c5123b2290df112a813135a2d0753aa4f34a04-f094b1f05bddea2aba94f061ace2fa9358f555b60b754ad078c3dfc0a51edecc.json"",""producer_observation_sha256"":""a12ca51f7adac8bd365a8635f65a69d3632973bf9721c48f2925f103bcb41ebf"",""sidecar_sha256"":""b281246610c459fc6735067738409071f22ce892293b5100afbfdfa7b646ace9"",""commit"":""30927b7b5d3bb9c394df57f9454162ec0b8818e4"",""batch_id"":""c1805e4548b9e6b1e4c35d07987d3339d3f47ec38ce57e889cf043d8365e6e34"",""query_sha256"":""6e68c33e9b346995ea7cedfa79c5123b2290df112a813135a2d0753aa4f34a04"",""engine"":""qlever"",""engine_version"":""QLever [engines.json profile]"",""scale"":""10M"",""base_endpoint_sha256"":""de27bc9b5795f339824b9ba281db7ca210725e43627cd5dfc25b8166ca98b6b8"",""reified_endpoint_sha256"":""f188c79557444ad5deb4e733829ad5b89a290050ab46caa399491fa4555710ea"",""update_endpoint_sha256"":""8a607274f1b3d176dd6acfdc7381c25676b642e78d334a9664e45a2bdf3d52a0"",""base_data_identity_sha256"":""59fb59a04cd20e6dec9ee47cf1de02734068a3328cade998a3fc44a746054ea8"",""reified_data_identity_sha256"":""a42a308bd2c5294f3aa79a1a3b15804d4137fd68d7677d9adc037e257a217e76"",""update_for"":""none"",""access_mode"":""read-only"",""base_data_name"":""exploratory-base"",""reified_data_name"":""exploratory-reified"",""update_canary_sha256"":""2b9b44b25cd1c568cd57c6c5df25ae260b68229044617821fb33f542dab77648"",""store_instance_sha256"":""603cfbcfaa789b9594f9f90c9f9a5d475d891c57ec09512df1a8db40abab27c6"",""store_discriminator_sha256"":""f9ff8d30db2db1840ca1585b5598b1cf4d1d06ac2adb86a55b430669507fabff"",""tool_sha256"":""7b43c2342d7676aa65cc9ee233b2184c9eae88f2663874af7ab1b83282f94ab4"",""java_runtime_sha256"":""6ffd10b28ab050230cdc1137f0bd16155c3a7c587add7fbe921d985fa92879fe"",""run_identity_sha256"":""7abe5ce5ac188869eff3d989086021bbf56a52f1d665e74ed520b2d44fa6990c""}"
30927b7b5d3bb9c394df57f9454162ec0b8818e4,qlever,QLever [engines.json profile],10M,L,L4,00,6a5c40f28fc1efcf93f4f8de194ff48179bad43fdcace9ac6f264dd26c62dadf,B,base-select,ok,29,18.7,18.7,18.7,18.7,0.0,0,1,900.0,4775,0.0,,,,,0.006511,[18.74],[0.0],,[],,[],,[],r9.2-frozen-identity-v8,c1805e4548b9e6b1e4c35d07987d3339d3f47ec38ce57e889cf043d8365e6e34,csv-binding-multiset-v1,29,8e314f95a3a1da4fdf0e29bac225a8c70a1b3b4597ad613c768c9024d0198a8e,,,,,,,,de27bc9b5795f339824b9ba281db7ca210725e43627cd5dfc25b8166ca98b6b8,f188c79557444ad5deb4e733829ad5b89a290050ab46caa399491fa4555710ea,8a607274f1b3d176dd6acfdc7381c25676b642e78d334a9664e45a2bdf3d52a0,59fb59a04cd20e6dec9ee47cf1de02734068a3328cade998a3fc44a746054ea8,a42a308bd2c5294f3aa79a1a3b15804d4137fd68d7677d9adc037e257a217e76,none,read-only,exploratory-base,exploratory-reified,2b9b44b25cd1c568cd57c6c5df25ae260b68229044617821fb33f542dab77648,603cfbcfaa789b9594f9f90c9f9a5d475d891c57ec09512df1a8db40abab27c6,f9ff8d30db2db1840ca1585b5598b1cf4d1d06ac2adb86a55b430669507fabff,7b43c2342d7676aa65cc9ee233b2184c9eae88f2663874af7ab1b83282f94ab4,6ffd10b28ab050230cdc1137f0bd16155c3a7c587add7fbe921d985fa92879fe,319bbc40750b9dc27b6e97bb037ad3d9b2d095464e43bbce3343fefabb954bdf,"pcm-meta-v2:{""protocol"":""r9.2-frozen-identity-v8"",""message"":"""",""cell_wall_ms"":26.346,""answer_kind"":""csv-binding-multiset-v1"",""answer_key_count"":29,""answer_fingerprint"":""8e314f95a3a1da4fdf0e29bac225a8c70a1b3b4597ad613c768c9024d0198a8e"",""c_parse_samples"":[0.0],""c_protocol_samples"":[],""construct_total_samples"":[],""construct_unattributed_samples"":[],""status"":""ok"",""status_evidence"":null,""construction_requested"":null,""construction_effective"":null,""commit"":""30927b7b5d3bb9c394df57f9454162ec0b8818e4"",""batch_id"":""c1805e4548b9e6b1e4c35d07987d3339d3f47ec38ce57e889cf043d8365e6e34"",""query_sha256"":""6a5c40f28fc1efcf93f4f8de194ff48179bad43fdcace9ac6f264dd26c62dadf"",""engine"":""qlever"",""engine_version"":""QLever [engines.json profile]"",""scale"":""10M"",""base_endpoint_sha256"":""de27bc9b5795f339824b9ba281db7ca210725e43627cd5dfc25b8166ca98b6b8"",""reified_endpoint_sha256"":""f188c79557444ad5deb4e733829ad5b89a290050ab46caa399491fa4555710ea"",""update_endpoint_sha256"":""8a607274f1b3d176dd6acfdc7381c25676b642e78d334a9664e45a2bdf3d52a0"",""base_data_identity_sha256"":""59fb59a04cd20e6dec9ee47cf1de02734068a3328cade998a3fc44a746054ea8"",""reified_data_identity_sha256"":""a42a308bd2c5294f3aa79a1a3b15804d4137fd68d7677d9adc037e257a217e76"",""update_for"":""none"",""access_mode"":""read-only"",""base_data_name"":""exploratory-base"",""reified_data_name"":""exploratory-reified"",""update_canary_sha256"":""2b9b44b25cd1c568cd57c6c5df25ae260b68229044617821fb33f542dab77648"",""store_instance_sha256"":""603cfbcfaa789b9594f9f90c9f9a5d475d891c57ec09512df1a8db40abab27c6"",""store_discriminator_sha256"":""f9ff8d30db2db1840ca1585b5598b1cf4d1d06ac2adb86a55b430669507fabff"",""tool_sha256"":""7b43c2342d7676aa65cc9ee233b2184c9eae88f2663874af7ab1b83282f94ab4"",""java_runtime_sha256"":""6ffd10b28ab050230cdc1137f0bd16155c3a7c587add7fbe921d985fa92879fe"",""run_identity_sha256"":""319bbc40750b9dc27b6e97bb037ad3d9b2d095464e43bbce3343fefabb954bdf""}"
30927b7b5d3bb9c394df57f9454162ec0b8818e4,qlever,QLever [engines.json profile],10M,L,L4,00,6a5c40f28fc1efcf93f4f8de194ff48179bad43fdcace9ac6f264dd26c62dadf,R,reification-only,ok,29,15.8,15.8,15.8,15.8,0.0,0,1,900.0,4775,0.0,,,,,146.114326,[15.842],[0.0],,[],,[],,[],r9.2-frozen-identity-v8,c1805e4548b9e6b1e4c35d07987d3339d3f47ec38ce57e889cf043d8365e6e34,csv-binding-multiset-v1,29,8e314f95a3a1da4fdf0e29bac225a8c70a1b3b4597ad613c768c9024d0198a8e,,,,,,,,de27bc9b5795f339824b9ba281db7ca210725e43627cd5dfc25b8166ca98b6b8,f188c79557444ad5deb4e733829ad5b89a290050ab46caa399491fa4555710ea,8a607274f1b3d176dd6acfdc7381c25676b642e78d334a9664e45a2bdf3d52a0,59fb59a04cd20e6dec9ee47cf1de02734068a3328cade998a3fc44a746054ea8,a42a308bd2c5294f3aa79a1a3b15804d4137fd68d7677d9adc037e257a217e76,none,read-only,exploratory-base,exploratory-reified,2b9b44b25cd1c568cd57c6c5df25ae260b68229044617821fb33f542dab77648,603cfbcfaa789b9594f9f90c9f9a5d475d891c57ec09512df1a8db40abab27c6,f9ff8d30db2db1840ca1585b5598b1cf4d1d06ac2adb86a55b430669507fabff,7b43c2342d7676aa65cc9ee233b2184c9eae88f2663874af7ab1b83282f94ab4,6ffd10b28ab050230cdc1137f0bd16155c3a7c587add7fbe921d985fa92879fe,319bbc40750b9dc27b6e97bb037ad3d9b2d095464e43bbce3343fefabb954bdf,"pcm-meta-v2:{""protocol"":""r9.2-frozen-identity-v8"",""message"":"""",""cell_wall_ms"":169.42,""answer_kind"":""csv-binding-multiset-v1"",""answer_key_count"":29,""answer_fingerprint"":""8e314f95a3a1da4fdf0e29bac225a8c70a1b3b4597ad613c768c9024d0198a8e"",""c_parse_samples"":[0.0],""c_protocol_samples"":[],""construct_total_samples"":[],""construct_unattributed_samples"":[],""status"":""ok"",""status_evidence"":null,""construction_requested"":null,""construction_effective"":null,""commit"":""30927b7b5d3bb9c394df57f9454162ec0b8818e4"",""batch_id"":""c1805e4548b9e6b1e4c35d07987d3339d3f47ec38ce57e889cf043d8365e6e34"",""query_sha256"":""6a5c40f28fc1efcf93f4f8de194ff48179bad43fdcace9ac6f264dd26c62dadf"",""engine"":""qlever"",""engine_version"":""QLever [engines.json profile]"",""scale"":""10M"",""base_endpoint_sha256"":""de27bc9b5795f339824b9ba281db7ca210725e43627cd5dfc25b8166ca98b6b8"",""reified_endpoint_sha256"":""f188c79557444ad5deb4e733829ad5b89a290050ab46caa399491fa4555710ea"",""update_endpoint_sha256"":""8a607274f1b3d176dd6acfdc7381c25676b642e78d334a9664e45a2bdf3d52a0"",""base_data_identity_sha256"":""59fb59a04cd20e6dec9ee47cf1de02734068a3328cade998a3fc44a746054ea8"",""reified_data_identity_sha256"":""a42a308bd2c5294f3aa79a1a3b15804d4137fd68d7677d9adc037e257a217e76"",""update_for"":""none"",""access_mode"":""read-only"",""base_data_name"":""exploratory-base"",""reified_data_name"":""exploratory-reified"",""update_canary_sha256"":""2b9b44b25cd1c568cd57c6c5df25ae260b68229044617821fb33f542dab77648"",""store_instance_sha256"":""603cfbcfaa789b9594f9f90c9f9a5d475d891c57ec09512df1a8db40abab27c6"",""store_discriminator_sha256"":""f9ff8d30db2db1840ca1585b5598b1cf4d1d06ac2adb86a55b430669507fabff"",""tool_sha256"":""7b43c2342d7676aa65cc9ee233b2184c9eae88f2663874af7ab1b83282f94ab4"",""java_runtime_sha256"":""6ffd10b28ab050230cdc1137f0bd16155c3a7c587add7fbe921d985fa92879fe"",""run_identity_sha256"":""319bbc40750b9dc27b6e97bb037ad3d9b2d095464e43bbce3343fefabb954bdf""}"
30927b7b5d3bb9c394df57f9454162ec0b8818e4,qlever,QLever [engines.json profile],10M,L,L4,00,6a5c40f28fc1efcf93f4f8de194ff48179bad43fdcace9ac6f264dd26c62dadf,N,N_clean (NPCS reimplementation),ok,29,19.2,19.2,19.2,19.2,0.0,0,1,900.0,5944,0.0,,,,29,179.673217,[19.17],[0.0],,[],,[],,[],r9.2-frozen-identity-v8,c1805e4548b9e6b1e4c35d07987d3339d3f47ec38ce57e889cf043d8365e6e34,csv-candidate-multiset-v1,29,8e314f95a3a1da4fdf0e29bac225a8c70a1b3b4597ad613c768c9024d0198a8e,,,,,,,,de27bc9b5795f339824b9ba281db7ca210725e43627cd5dfc25b8166ca98b6b8,f188c79557444ad5deb4e733829ad5b89a290050ab46caa399491fa4555710ea,8a607274f1b3d176dd6acfdc7381c25676b642e78d334a9664e45a2bdf3d52a0,59fb59a04cd20e6dec9ee47cf1de02734068a3328cade998a3fc44a746054ea8,a42a308bd2c5294f3aa79a1a3b15804d4137fd68d7677d9adc037e257a217e76,none,read-only,exploratory-base,exploratory-reified,2b9b44b25cd1c568cd57c6c5df25ae260b68229044617821fb33f542dab77648,603cfbcfaa789b9594f9f90c9f9a5d475d891c57ec09512df1a8db40abab27c6,f9ff8d30db2db1840ca1585b5598b1cf4d1d06ac2adb86a55b430669507fabff,7b43c2342d7676aa65cc9ee233b2184c9eae88f2663874af7ab1b83282f94ab4,6ffd10b28ab050230cdc1137f0bd16155c3a7c587add7fbe921d985fa92879fe,319bbc40750b9dc27b6e97bb037ad3d9b2d095464e43bbce3343fefabb954bdf,"pcm-meta-v2:{""protocol"":""r9.2-frozen-identity-v8"",""message"":"""",""cell_wall_ms"":205.979,""answer_kind"":""csv-candidate-multiset-v1"",""answer_key_count"":29,""answer_fingerprint"":""8e314f95a3a1da4fdf0e29bac225a8c70a1b3b4597ad613c768c9024d0198a8e"",""c_parse_samples"":[0.0],""c_protocol_samples"":[],""construct_total_samples"":[],""construct_unattributed_samples"":[],""status"":""ok"",""status_evidence"":null,""construction_requested"":null,""construction_effective"":null,""commit"":""30927b7b5d3bb9c394df57f9454162ec0b8818e4"",""batch_id"":""c1805e4548b9e6b1e4c35d07987d3339d3f47ec38ce57e889cf043d8365e6e34"",""query_sha256"":""6a5c40f28fc1efcf93f4f8de194ff48179bad43fdcace9ac6f264dd26c62dadf"",""engine"":""qlever"",""engine_version"":""QLever [engines.json profile]"",""scale"":""10M"",""base_endpoint_sha256"":""de27bc9b5795f339824b9ba281db7ca210725e43627cd5dfc25b8166ca98b6b8"",""reified_endpoint_sha256"":""f188c79557444ad5deb4e733829ad5b89a290050ab46caa399491fa4555710ea"",""update_endpoint_sha256"":""8a607274f1b3d176dd6acfdc7381c25676b642e78d334a9664e45a2bdf3d52a0"",""base_data_identity_sha256"":""59fb59a04cd20e6dec9ee47cf1de02734068a3328cade998a3fc44a746054ea8"",""reified_data_identity_sha256"":""a42a308bd2c5294f3aa79a1a3b15804d4137fd68d7677d9adc037e257a217e76"",""update_for"":""none"",""access_mode"":""read-only"",""base_data_name"":""exploratory-base"",""reified_data_name"":""exploratory-reified"",""update_canary_sha256"":""2b9b44b25cd1c568cd57c6c5df25ae260b68229044617821fb33f542dab77648"",""store_instance_sha256"":""603cfbcfaa789b9594f9f90c9f9a5d475d891c57ec09512df1a8db40abab27c6"",""store_discriminator_sha256"":""f9ff8d30db2db1840ca1585b5598b1cf4d1d06ac2adb86a55b430669507fabff"",""tool_sha256"":""7b43c2342d7676aa65cc9ee233b2184c9eae88f2663874af7ab1b83282f94ab4"",""java_runtime_sha256"":""6ffd10b28ab050230cdc1137f0bd16155c3a7c587add7fbe921d985fa92879fe"",""run_identity_sha256"":""319bbc40750b9dc27b6e97bb037ad3d9b2d095464e43bbce3343fefabb954bdf""}"
30927b7b5d3bb9c394df57f9454162ec0b8818e4,qlever,QLever [engines.json profile],10M,L,L4,00,6a5c40f28fc1efcf93f4f8de194ff48179bad43fdcace9ac6f264dd26c62dadf,C,SPARQLcirc CircuitRewriter,ok,29,27.0,27.0,27.0,27.0,0.0,0,1,900.0,54531,4.9,58,87,29,,353.305021,[27.032],[4.884],0.0,[0.0],32.4,[32.353],0.4,[0.437],r9.2-frozen-identity-v8,c1805e4548b9e6b1e4c35d07987d3339d3f47ec38ce57e889cf043d8365e6e34,term-aware-candidate-set-v1,29,83e6802522ac81e6f6bd1117188c9b5a244507ef0829840c5066c9ce37fb3257,flat,flat,e4151634c891810c23ae18b5bf98a39442ae6058422268a3e91f51ae679a0392,/mnt/nfs/home/ac145595/workspace/rq3-artifacts/circuits/qlever-10m/6a5c40f28fc1efcf93f4f8de194ff48179bad43fdcace9ac6f264dd26c62dadf-e4151634c891810c23ae18b5bf98a39442ae6058422268a3e91f51ae679a0392.nt,/mnt/nfs/home/ac145595/workspace/rq3-artifacts/circuits/qlever-10m/6a5c40f28fc1efcf93f4f8de194ff48179bad43fdcace9ac6f264dd26c62dadf-e4151634c891810c23ae18b5bf98a39442ae6058422268a3e91f51ae679a0392.json,3d87fb9dd582d2b5c9e3ac40c84f6860851b047ae914f4da7a96c8c7d2af50f5,4b60754cd5d0f3af9b59f51766b96aeb5fb4e17256fe272b540ee3affc5a0d57,de27bc9b5795f339824b9ba281db7ca210725e43627cd5dfc25b8166ca98b6b8,f188c79557444ad5deb4e733829ad5b89a290050ab46caa399491fa4555710ea,8a607274f1b3d176dd6acfdc7381c25676b642e78d334a9664e45a2bdf3d52a0,59fb59a04cd20e6dec9ee47cf1de02734068a3328cade998a3fc44a746054ea8,a42a308bd2c5294f3aa79a1a3b15804d4137fd68d7677d9adc037e257a217e76,none,read-only,exploratory-base,exploratory-reified,2b9b44b25cd1c568cd57c6c5df25ae260b68229044617821fb33f542dab77648,603cfbcfaa789b9594f9f90c9f9a5d475d891c57ec09512df1a8db40abab27c6,f9ff8d30db2db1840ca1585b5598b1cf4d1d06ac2adb86a55b430669507fabff,7b43c2342d7676aa65cc9ee233b2184c9eae88f2663874af7ab1b83282f94ab4,6ffd10b28ab050230cdc1137f0bd16155c3a7c587add7fbe921d985fa92879fe,319bbc40750b9dc27b6e97bb037ad3d9b2d095464e43bbce3343fefabb954bdf,"pcm-meta-v2:{""protocol"":""r9.2-frozen-identity-v8"",""message"":""C requested=flat effective=flat; steps=1 feedback=0; network includes CONSTRUCT, feedback INSERT, and cleanup DELETE"",""cell_wall_ms"":392.002,""answer_kind"":""term-aware-candidate-set-v1"",""answer_key_count"":29,""answer_fingerprint"":""83e6802522ac81e6f6bd1117188c9b5a244507ef0829840c5066c9ce37fb3257"",""c_parse_samples"":[4.884],""c_protocol_samples"":[{""requested_mode"":""flat"",""effective_mode"":""flat"",""fallback_reason"":null,""plan_steps"":1,""feedback_steps"":0,""feedback_triples"":0,""construct_query_ms"":27.032,""feedback_update_ms"":0.0,""cleanup_ms"":0.0,""client_protocol_ms"":0.0,""network_scope"":""construct+feedback+cleanup"",""circuit_sha256"":""e4151634c891810c23ae18b5bf98a39442ae6058422268a3e91f51ae679a0392"",""answer_fingerprint"":""83e6802522ac81e6f6bd1117188c9b5a244507ef0829840c5066c9ce37fb3257"",""semantic_signature_sha256"":""42e54cdd2c1f4cfa8a7c9784e3e89d9fffe0fa52082d7d672fd809996698e4d5"",""structure_signature"":{""gates"":58,""edges"":87,""answers"":29,""derivations"":29,""canonical_bytes"":54531},""construct_total_ms"":32.353,""client_unattributed_ms"":0.437}],""construct_total_samples"":[32.353],""construct_unattributed_samples"":[0.437],""status"":""ok"",""status_evidence"":null,""c_warmup_signatures"":[],""measured_semantic_signature_sha256"":""42e54cdd2c1f4cfa8a7c9784e3e89d9fffe0fa52082d7d672fd809996698e4d5"",""measured_repetitions_consistent"":true,""cache_snapshot_ms"":1.257,""cache_snapshot_scope"":""first-measured-response; deferred until all runs succeeded"",""outside_cell_cache_write_ms"":8.124,""construction_requested"":""flat"",""construction_effective"":""flat"",""circuit_sha256"":""e4151634c891810c23ae18b5bf98a39442ae6058422268a3e91f51ae679a0392"",""circuit_triples"":348,""circuit_bytes"":54531,""circuit_path"":""/mnt/nfs/home/ac145595/workspace/rq3-artifacts/circuits/qlever-10m/6a5c40f28fc1efcf93f4f8de194ff48179bad43fdcace9ac6f264dd26c62dadf-e4151634c891810c23ae18b5bf98a39442ae6058422268a3e91f51ae679a0392.nt"",""metadata_path"":""/mnt/nfs/home/ac145595/workspace/rq3-artifacts/circuits/qlever-10m/6a5c40f28fc1efcf93f4f8de194ff48179bad43fdcace9ac6f264dd26c62dadf-e4151634c891810c23ae18b5bf98a39442ae6058422268a3e91f51ae679a0392.json"",""producer_observation_sha256"":""3d87fb9dd582d2b5c9e3ac40c84f6860851b047ae914f4da7a96c8c7d2af50f5"",""sidecar_sha256"":""4b60754cd5d0f3af9b59f51766b96aeb5fb4e17256fe272b540ee3affc5a0d57"",""commit"":""30927b7b5d3bb9c394df57f9454162ec0b8818e4"",""batch_id"":""c1805e4548b9e6b1e4c35d07987d3339d3f47ec38ce57e889cf043d8365e6e34"",""query_sha256"":""6a5c40f28fc1efcf93f4f8de194ff48179bad43fdcace9ac6f264dd26c62dadf"",""engine"":""qlever"",""engine_version"":""QLever [engines.json profile]"",""scale"":""10M"",""base_endpoint_sha256"":""de27bc9b5795f339824b9ba281db7ca210725e43627cd5dfc25b8166ca98b6b8"",""reified_endpoint_sha256"":""f188c79557444ad5deb4e733829ad5b89a290050ab46caa399491fa4555710ea"",""update_endpoint_sha256"":""8a607274f1b3d176dd6acfdc7381c25676b642e78d334a9664e45a2bdf3d52a0"",""base_data_identity_sha256"":""59fb59a04cd20e6dec9ee47cf1de02734068a3328cade998a3fc44a746054ea8"",""reified_data_identity_sha256"":""a42a308bd2c5294f3aa79a1a3b15804d4137fd68d7677d9adc037e257a217e76"",""update_for"":""none"",""access_mode"":""read-only"",""base_data_name"":""exploratory-base"",""reified_data_name"":""exploratory-reified"",""update_canary_sha256"":""2b9b44b25cd1c568cd57c6c5df25ae260b68229044617821fb33f542dab77648"",""store_instance_sha256"":""603cfbcfaa789b9594f9f90c9f9a5d475d891c57ec09512df1a8db40abab27c6"",""store_discriminator_sha256"":""f9ff8d30db2db1840ca1585b5598b1cf4d1d06ac2adb86a55b430669507fabff"",""tool_sha256"":""7b43c2342d7676aa65cc9ee233b2184c9eae88f2663874af7ab1b83282f94ab4"",""java_runtime_sha256"":""6ffd10b28ab050230cdc1137f0bd16155c3a7c587add7fbe921d985fa92879fe"",""run_identity_sha256"":""319bbc40750b9dc27b6e97bb037ad3d9b2d095464e43bbce3343fefabb954bdf""}"
30927b7b5d3bb9c394df57f9454162ec0b8818e4,qlever,QLever [engines.json profile],10M,L,L5,00,2e23cd396e2dd8542fcd6dc9541c69d45cb250a36faed0467b475b4adcca3ac6,B,base-select,ok,38,31.9,31.9,31.9,31.9,0.0,0,1,900.0,8308,0.0,,,,,0.007761,[31.948],[0.0],,[],,[],,[],r9.2-frozen-identity-v8,c1805e4548b9e6b1e4c35d07987d3339d3f47ec38ce57e889cf043d8365e6e34,csv-binding-multiset-v1,38,5ba1192da9e86dd517c6063a27ee9f1d334b60ea48a790a092dbde043e1409a8,,,,,,,,de27bc9b5795f339824b9ba281db7ca210725e43627cd5dfc25b8166ca98b6b8,f188c79557444ad5deb4e733829ad5b89a290050ab46caa399491fa4555710ea,8a607274f1b3d176dd6acfdc7381c25676b642e78d334a9664e45a2bdf3d52a0,59fb59a04cd20e6dec9ee47cf1de02734068a3328cade998a3fc44a746054ea8,a42a308bd2c5294f3aa79a1a3b15804d4137fd68d7677d9adc037e257a217e76,none,read-only,exploratory-base,exploratory-reified,2b9b44b25cd1c568cd57c6c5df25ae260b68229044617821fb33f542dab77648,603cfbcfaa789b9594f9f90c9f9a5d475d891c57ec09512df1a8db40abab27c6,f9ff8d30db2db1840ca1585b5598b1cf4d1d06ac2adb86a55b430669507fabff,7b43c2342d7676aa65cc9ee233b2184c9eae88f2663874af7ab1b83282f94ab4,6ffd10b28ab050230cdc1137f0bd16155c3a7c587add7fbe921d985fa92879fe,3857ce2ea90d87fd62ba002b2afa1b1e0e620b2da04eed852eaaf0c1c9f7a688,"pcm-meta-v2:{""protocol"":""r9.2-frozen-identity-v8"",""message"":"""",""cell_wall_ms"":38.288,""answer_kind"":""csv-binding-multiset-v1"",""answer_key_count"":38,""answer_fingerprint"":""5ba1192da9e86dd517c6063a27ee9f1d334b60ea48a790a092dbde043e1409a8"",""c_parse_samples"":[0.0],""c_protocol_samples"":[],""construct_total_samples"":[],""construct_unattributed_samples"":[],""status"":""ok"",""status_evidence"":null,""construction_requested"":null,""construction_effective"":null,""commit"":""30927b7b5d3bb9c394df57f9454162ec0b8818e4"",""batch_id"":""c1805e4548b9e6b1e4c35d07987d3339d3f47ec38ce57e889cf043d8365e6e34"",""query_sha256"":""2e23cd396e2dd8542fcd6dc9541c69d45cb250a36faed0467b475b4adcca3ac6"",""engine"":""qlever"",""engine_version"":""QLever [engines.json profile]"",""scale"":""10M"",""base_endpoint_sha256"":""de27bc9b5795f339824b9ba281db7ca210725e43627cd5dfc25b8166ca98b6b8"",""reified_endpoint_sha256"":""f188c79557444ad5deb4e733829ad5b89a290050ab46caa399491fa4555710ea"",""update_endpoint_sha256"":""8a607274f1b3d176dd6acfdc7381c25676b642e78d334a9664e45a2bdf3d52a0"",""base_data_identity_sha256"":""59fb59a04cd20e6dec9ee47cf1de02734068a3328cade998a3fc44a746054ea8"",""reified_data_identity_sha256"":""a42a308bd2c5294f3aa79a1a3b15804d4137fd68d7677d9adc037e257a217e76"",""update_for"":""none"",""access_mode"":""read-only"",""base_data_name"":""exploratory-base"",""reified_data_name"":""exploratory-reified"",""update_canary_sha256"":""2b9b44b25cd1c568cd57c6c5df25ae260b68229044617821fb33f542dab77648"",""store_instance_sha256"":""603cfbcfaa789b9594f9f90c9f9a5d475d891c57ec09512df1a8db40abab27c6"",""store_discriminator_sha256"":""f9ff8d30db2db1840ca1585b5598b1cf4d1d06ac2adb86a55b430669507fabff"",""tool_sha256"":""7b43c2342d7676aa65cc9ee233b2184c9eae88f2663874af7ab1b83282f94ab4"",""java_runtime_sha256"":""6ffd10b28ab050230cdc1137f0bd16155c3a7c587add7fbe921d985fa92879fe"",""run_identity_sha256"":""3857ce2ea90d87fd62ba002b2afa1b1e0e620b2da04eed852eaaf0c1c9f7a688""}"
30927b7b5d3bb9c394df57f9454162ec0b8818e4,qlever,QLever [engines.json profile],10M,L,L5,00,2e23cd396e2dd8542fcd6dc9541c69d45cb250a36faed0467b475b4adcca3ac6,R,reification-only,ok,38,124.2,124.2,124.2,124.2,0.0,0,1,900.0,8308,0.0,,,,,128.586268,[124.239],[0.0],,[],,[],,[],r9.2-frozen-identity-v8,c1805e4548b9e6b1e4c35d07987d3339d3f47ec38ce57e889cf043d8365e6e34,csv-binding-multiset-v1,38,5ba1192da9e86dd517c6063a27ee9f1d334b60ea48a790a092dbde043e1409a8,,,,,,,,de27bc9b5795f339824b9ba281db7ca210725e43627cd5dfc25b8166ca98b6b8,f188c79557444ad5deb4e733829ad5b89a290050ab46caa399491fa4555710ea,8a607274f1b3d176dd6acfdc7381c25676b642e78d334a9664e45a2bdf3d52a0,59fb59a04cd20e6dec9ee47cf1de02734068a3328cade998a3fc44a746054ea8,a42a308bd2c5294f3aa79a1a3b15804d4137fd68d7677d9adc037e257a217e76,none,read-only,exploratory-base,exploratory-reified,2b9b44b25cd1c568cd57c6c5df25ae260b68229044617821fb33f542dab77648,603cfbcfaa789b9594f9f90c9f9a5d475d891c57ec09512df1a8db40abab27c6,f9ff8d30db2db1840ca1585b5598b1cf4d1d06ac2adb86a55b430669507fabff,7b43c2342d7676aa65cc9ee233b2184c9eae88f2663874af7ab1b83282f94ab4,6ffd10b28ab050230cdc1137f0bd16155c3a7c587add7fbe921d985fa92879fe,3857ce2ea90d87fd62ba002b2afa1b1e0e620b2da04eed852eaaf0c1c9f7a688,"pcm-meta-v2:{""protocol"":""r9.2-frozen-identity-v8"",""message"":"""",""cell_wall_ms"":260.569,""answer_kind"":""csv-binding-multiset-v1"",""answer_key_count"":38,""answer_fingerprint"":""5ba1192da9e86dd517c6063a27ee9f1d334b60ea48a790a092dbde043e1409a8"",""c_parse_samples"":[0.0],""c_protocol_samples"":[],""construct_total_samples"":[],""construct_unattributed_samples"":[],""status"":""ok"",""status_evidence"":null,""construction_requested"":null,""construction_effective"":null,""commit"":""30927b7b5d3bb9c394df57f9454162ec0b8818e4"",""batch_id"":""c1805e4548b9e6b1e4c35d07987d3339d3f47ec38ce57e889cf043d8365e6e34"",""query_sha256"":""2e23cd396e2dd8542fcd6dc9541c69d45cb250a36faed0467b475b4adcca3ac6"",""engine"":""qlever"",""engine_version"":""QLever [engines.json profile]"",""scale"":""10M"",""base_endpoint_sha256"":""de27bc9b5795f339824b9ba281db7ca210725e43627cd5dfc25b8166ca98b6b8"",""reified_endpoint_sha256"":""f188c79557444ad5deb4e733829ad5b89a290050ab46caa399491fa4555710ea"",""update_endpoint_sha256"":""8a607274f1b3d176dd6acfdc7381c25676b642e78d334a9664e45a2bdf3d52a0"",""base_data_identity_sha256"":""59fb59a04cd20e6dec9ee47cf1de02734068a3328cade998a3fc44a746054ea8"",""reified_data_identity_sha256"":""a42a308bd2c5294f3aa79a1a3b15804d4137fd68d7677d9adc037e257a217e76"",""update_for"":""none"",""access_mode"":""read-only"",""base_data_name"":""exploratory-base"",""reified_data_name"":""exploratory-reified"",""update_canary_sha256"":""2b9b44b25cd1c568cd57c6c5df25ae260b68229044617821fb33f542dab77648"",""store_instance_sha256"":""603cfbcfaa789b9594f9f90c9f9a5d475d891c57ec09512df1a8db40abab27c6"",""store_discriminator_sha256"":""f9ff8d30db2db1840ca1585b5598b1cf4d1d06ac2adb86a55b430669507fabff"",""tool_sha256"":""7b43c2342d7676aa65cc9ee233b2184c9eae88f2663874af7ab1b83282f94ab4"",""java_runtime_sha256"":""6ffd10b28ab050230cdc1137f0bd16155c3a7c587add7fbe921d985fa92879fe"",""run_identity_sha256"":""3857ce2ea90d87fd62ba002b2afa1b1e0e620b2da04eed852eaaf0c1c9f7a688""}"
30927b7b5d3bb9c394df57f9454162ec0b8818e4,qlever,QLever [engines.json profile],10M,L,L5,00,2e23cd396e2dd8542fcd6dc9541c69d45cb250a36faed0467b475b4adcca3ac6,N,N_clean (NPCS reimplementation),ok,38,28.7,28.7,28.7,28.7,0.0,0,1,900.0,10204,0.0,,,,38,175.869519,[28.697],[0.0],,[],,[],,[],r9.2-frozen-identity-v8,c1805e4548b9e6b1e4c35d07987d3339d3f47ec38ce57e889cf043d8365e6e34,csv-candidate-multiset-v1,38,5ba1192da9e86dd517c6063a27ee9f1d334b60ea48a790a092dbde043e1409a8,,,,,,,,de27bc9b5795f339824b9ba281db7ca210725e43627cd5dfc25b8166ca98b6b8,f188c79557444ad5deb4e733829ad5b89a290050ab46caa399491fa4555710ea,8a607274f1b3d176dd6acfdc7381c25676b642e78d334a9664e45a2bdf3d52a0,59fb59a04cd20e6dec9ee47cf1de02734068a3328cade998a3fc44a746054ea8,a42a308bd2c5294f3aa79a1a3b15804d4137fd68d7677d9adc037e257a217e76,none,read-only,exploratory-base,exploratory-reified,2b9b44b25cd1c568cd57c6c5df25ae260b68229044617821fb33f542dab77648,603cfbcfaa789b9594f9f90c9f9a5d475d891c57ec09512df1a8db40abab27c6,f9ff8d30db2db1840ca1585b5598b1cf4d1d06ac2adb86a55b430669507fabff,7b43c2342d7676aa65cc9ee233b2184c9eae88f2663874af7ab1b83282f94ab4,6ffd10b28ab050230cdc1137f0bd16155c3a7c587add7fbe921d985fa92879fe,3857ce2ea90d87fd62ba002b2afa1b1e0e620b2da04eed852eaaf0c1c9f7a688,"pcm-meta-v2:{""protocol"":""r9.2-frozen-identity-v8"",""message"":"""",""cell_wall_ms"":211.476,""answer_kind"":""csv-candidate-multiset-v1"",""answer_key_count"":38,""answer_fingerprint"":""5ba1192da9e86dd517c6063a27ee9f1d334b60ea48a790a092dbde043e1409a8"",""c_parse_samples"":[0.0],""c_protocol_samples"":[],""construct_total_samples"":[],""construct_unattributed_samples"":[],""status"":""ok"",""status_evidence"":null,""construction_requested"":null,""construction_effective"":null,""commit"":""30927b7b5d3bb9c394df57f9454162ec0b8818e4"",""batch_id"":""c1805e4548b9e6b1e4c35d07987d3339d3f47ec38ce57e889cf043d8365e6e34"",""query_sha256"":""2e23cd396e2dd8542fcd6dc9541c69d45cb250a36faed0467b475b4adcca3ac6"",""engine"":""qlever"",""engine_version"":""QLever [engines.json profile]"",""scale"":""10M"",""base_endpoint_sha256"":""de27bc9b5795f339824b9ba281db7ca210725e43627cd5dfc25b8166ca98b6b8"",""reified_endpoint_sha256"":""f188c79557444ad5deb4e733829ad5b89a290050ab46caa399491fa4555710ea"",""update_endpoint_sha256"":""8a607274f1b3d176dd6acfdc7381c25676b642e78d334a9664e45a2bdf3d52a0"",""base_data_identity_sha256"":""59fb59a04cd20e6dec9ee47cf1de02734068a3328cade998a3fc44a746054ea8"",""reified_data_identity_sha256"":""a42a308bd2c5294f3aa79a1a3b15804d4137fd68d7677d9adc037e257a217e76"",""update_for"":""none"",""access_mode"":""read-only"",""base_data_name"":""exploratory-base"",""reified_data_name"":""exploratory-reified"",""update_canary_sha256"":""2b9b44b25cd1c568cd57c6c5df25ae260b68229044617821fb33f542dab77648"",""store_instance_sha256"":""603cfbcfaa789b9594f9f90c9f9a5d475d891c57ec09512df1a8db40abab27c6"",""store_discriminator_sha256"":""f9ff8d30db2db1840ca1585b5598b1cf4d1d06ac2adb86a55b430669507fabff"",""tool_sha256"":""7b43c2342d7676aa65cc9ee233b2184c9eae88f2663874af7ab1b83282f94ab4"",""java_runtime_sha256"":""6ffd10b28ab050230cdc1137f0bd16155c3a7c587add7fbe921d985fa92879fe"",""run_identity_sha256"":""3857ce2ea90d87fd62ba002b2afa1b1e0e620b2da04eed852eaaf0c1c9f7a688""}"
30927b7b5d3bb9c394df57f9454162ec0b8818e4,qlever,QLever [engines.json profile],10M,L,L5,00,2e23cd396e2dd8542fcd6dc9541c69d45cb250a36faed0467b475b4adcca3ac6,C,SPARQLcirc CircuitRewriter,ok,38,64.2,64.2,64.2,64.2,0.0,0,1,900.0,94128,8.0,76,152,38,,355.104068,[64.187],[7.965],0.0,[0.0],72.7,[72.692],0.5,[0.54],r9.2-frozen-identity-v8,c1805e4548b9e6b1e4c35d07987d3339d3f47ec38ce57e889cf043d8365e6e34,term-aware-candidate-set-v1,38,e35d1fc84127bb38d0fba2002b6d9131026fe663b375fecf61faf026eeb54a50,flat,flat,59118a5d14c1207c1c3d9f4e102b9d94ae1e25f76bd35fce7d12e0a9507c2206,/mnt/nfs/home/ac145595/workspace/rq3-artifacts/circuits/qlever-10m/2e23cd396e2dd8542fcd6dc9541c69d45cb250a36faed0467b475b4adcca3ac6-59118a5d14c1207c1c3d9f4e102b9d94ae1e25f76bd35fce7d12e0a9507c2206.nt,/mnt/nfs/home/ac145595/workspace/rq3-artifacts/circuits/qlever-10m/2e23cd396e2dd8542fcd6dc9541c69d45cb250a36faed0467b475b4adcca3ac6-59118a5d14c1207c1c3d9f4e102b9d94ae1e25f76bd35fce7d12e0a9507c2206.json,64ed5156222db55e298dfdcfbd8331f700f4a9c74135102fa9e349dd806270c4,c0f5d6082d466dd844f368fd9bc0f1c39b63c39149573cd12aef09d612ccddbf,de27bc9b5795f339824b9ba281db7ca210725e43627cd5dfc25b8166ca98b6b8,f188c79557444ad5deb4e733829ad5b89a290050ab46caa399491fa4555710ea,8a607274f1b3d176dd6acfdc7381c25676b642e78d334a9664e45a2bdf3d52a0,59fb59a04cd20e6dec9ee47cf1de02734068a3328cade998a3fc44a746054ea8,a42a308bd2c5294f3aa79a1a3b15804d4137fd68d7677d9adc037e257a217e76,none,read-only,exploratory-base,exploratory-reified,2b9b44b25cd1c568cd57c6c5df25ae260b68229044617821fb33f542dab77648,603cfbcfaa789b9594f9f90c9f9a5d475d891c57ec09512df1a8db40abab27c6,f9ff8d30db2db1840ca1585b5598b1cf4d1d06ac2adb86a55b430669507fabff,7b43c2342d7676aa65cc9ee233b2184c9eae88f2663874af7ab1b83282f94ab4,6ffd10b28ab050230cdc1137f0bd16155c3a7c587add7fbe921d985fa92879fe,3857ce2ea90d87fd62ba002b2afa1b1e0e620b2da04eed852eaaf0c1c9f7a688,"pcm-meta-v2:{""protocol"":""r9.2-frozen-identity-v8"",""message"":""C requested=flat effective=flat; steps=1 feedback=0; network includes CONSTRUCT, feedback INSERT, and cleanup DELETE"",""cell_wall_ms"":434.985,""answer_kind"":""term-aware-candidate-set-v1"",""answer_key_count"":38,""answer_fingerprint"":""e35d1fc84127bb38d0fba2002b6d9131026fe663b375fecf61faf026eeb54a50"",""c_parse_samples"":[7.965],""c_protocol_samples"":[{""requested_mode"":""flat"",""effective_mode"":""flat"",""fallback_reason"":null,""plan_steps"":1,""feedback_steps"":0,""feedback_triples"":0,""construct_query_ms"":64.187,""feedback_update_ms"":0.0,""cleanup_ms"":0.0,""client_protocol_ms"":0.0,""network_scope"":""construct+feedback+cleanup"",""circuit_sha256"":""59118a5d14c1207c1c3d9f4e102b9d94ae1e25f76bd35fce7d12e0a9507c2206"",""answer_fingerprint"":""e35d1fc84127bb38d0fba2002b6d9131026fe663b375fecf61faf026eeb54a50"",""semantic_signature_sha256"":""0962b6218ab8fa6b1d05f78adf2b83dc29d346b284bf57889def5bb4c44f04b7"",""structure_signature"":{""gates"":76,""edges"":152,""answers"":38,""derivations"":38,""canonical_bytes"":94128},""construct_total_ms"":72.692,""client_unattributed_ms"":0.54}],""construct_total_samples"":[72.692],""construct_unattributed_samples"":[0.54],""status"":""ok"",""status_evidence"":null,""c_warmup_signatures"":[],""measured_semantic_signature_sha256"":""0962b6218ab8fa6b1d05f78adf2b83dc29d346b284bf57889def5bb4c44f04b7"",""measured_repetitions_consistent"":true,""cache_snapshot_ms"":2.087,""cache_snapshot_scope"":""first-measured-response; deferred until all runs succeeded"",""outside_cell_cache_write_ms"":8.155,""construction_requested"":""flat"",""construction_effective"":""flat"",""circuit_sha256"":""59118a5d14c1207c1c3d9f4e102b9d94ae1e25f76bd35fce7d12e0a9507c2206"",""circuit_triples"":608,""circuit_bytes"":94128,""circuit_path"":""/mnt/nfs/home/ac145595/workspace/rq3-artifacts/circuits/qlever-10m/2e23cd396e2dd8542fcd6dc9541c69d45cb250a36faed0467b475b4adcca3ac6-59118a5d14c1207c1c3d9f4e102b9d94ae1e25f76bd35fce7d12e0a9507c2206.nt"",""metadata_path"":""/mnt/nfs/home/ac145595/workspace/rq3-artifacts/circuits/qlever-10m/2e23cd396e2dd8542fcd6dc9541c69d45cb250a36faed0467b475b4adcca3ac6-59118a5d14c1207c1c3d9f4e102b9d94ae1e25f76bd35fce7d12e0a9507c2206.json"",""producer_observation_sha256"":""64ed5156222db55e298dfdcfbd8331f700f4a9c74135102fa9e349dd806270c4"",""sidecar_sha256"":""c0f5d6082d466dd844f368fd9bc0f1c39b63c39149573cd12aef09d612ccddbf"",""commit"":""30927b7b5d3bb9c394df57f9454162ec0b8818e4"",""batch_id"":""c1805e4548b9e6b1e4c35d07987d3339d3f47ec38ce57e889cf043d8365e6e34"",""query_sha256"":""2e23cd396e2dd8542fcd6dc9541c69d45cb250a36faed0467b475b4adcca3ac6"",""engine"":""qlever"",""engine_version"":""QLever [engines.json profile]"",""scale"":""10M"",""base_endpoint_sha256"":""de27bc9b5795f339824b9ba281db7ca210725e43627cd5dfc25b8166ca98b6b8"",""reified_endpoint_sha256"":""f188c79557444ad5deb4e733829ad5b89a290050ab46caa399491fa4555710ea"",""update_endpoint_sha256"":""8a607274f1b3d176dd6acfdc7381c25676b642e78d334a9664e45a2bdf3d52a0"",""base_data_identity_sha256"":""59fb59a04cd20e6dec9ee47cf1de02734068a3328cade998a3fc44a746054ea8"",""reified_data_identity_sha256"":""a42a308bd2c5294f3aa79a1a3b15804d4137fd68d7677d9adc037e257a217e76"",""update_for"":""none"",""access_mode"":""read-only"",""base_data_name"":""exploratory-base"",""reified_data_name"":""exploratory-reified"",""update_canary_sha256"":""2b9b44b25cd1c568cd57c6c5df25ae260b68229044617821fb33f542dab77648"",""store_instance_sha256"":""603cfbcfaa789b9594f9f90c9f9a5d475d891c57ec09512df1a8db40abab27c6"",""store_discriminator_sha256"":""f9ff8d30db2db1840ca1585b5598b1cf4d1d06ac2adb86a55b430669507fabff"",""tool_sha256"":""7b43c2342d7676aa65cc9ee233b2184c9eae88f2663874af7ab1b83282f94ab4"",""java_runtime_sha256"":""6ffd10b28ab050230cdc1137f0bd16155c3a7c587add7fbe921d985fa92879fe"",""run_identity_sha256"":""3857ce2ea90d87fd62ba002b2afa1b1e0e620b2da04eed852eaaf0c1c9f7a688""}"
30927b7b5d3bb9c394df57f9454162ec0b8818e4,qlever,QLever [engines.json profile],10M,M,M1,00,31cc3cc2a162131c645d8c00efac8198f154624658dbdf08952fdf2aa2fcc40f,B,base-select,ok,111614,515.8,515.8,515.8,515.8,0.0,0,1,900.0,10448099,0.0,,,,,0.00786,[515.798],[0.0],,[],,[],,[],r9.2-frozen-identity-v8,c1805e4548b9e6b1e4c35d07987d3339d3f47ec38ce57e889cf043d8365e6e34,csv-binding-multiset-v1,111614,f59e16bbfae609ad5de0c7226c0a2a92c59168b82e503440b3b29cea937b4c34,,,,,,,,de27bc9b5795f339824b9ba281db7ca210725e43627cd5dfc25b8166ca98b6b8,f188c79557444ad5deb4e733829ad5b89a290050ab46caa399491fa4555710ea,8a607274f1b3d176dd6acfdc7381c25676b642e78d334a9664e45a2bdf3d52a0,59fb59a04cd20e6dec9ee47cf1de02734068a3328cade998a3fc44a746054ea8,a42a308bd2c5294f3aa79a1a3b15804d4137fd68d7677d9adc037e257a217e76,none,read-only,exploratory-base,exploratory-reified,2b9b44b25cd1c568cd57c6c5df25ae260b68229044617821fb33f542dab77648,603cfbcfaa789b9594f9f90c9f9a5d475d891c57ec09512df1a8db40abab27c6,f9ff8d30db2db1840ca1585b5598b1cf4d1d06ac2adb86a55b430669507fabff,7b43c2342d7676aa65cc9ee233b2184c9eae88f2663874af7ab1b83282f94ab4,6ffd10b28ab050230cdc1137f0bd16155c3a7c587add7fbe921d985fa92879fe,a79789c2e3a29215d6e8da3df6b848050eb759f1d4705b7c1f7ad0afa3399ac6,"pcm-meta-v2:{""protocol"":""r9.2-frozen-identity-v8"",""message"":"""",""cell_wall_ms"":1149.675,""answer_kind"":""csv-binding-multiset-v1"",""answer_key_count"":111614,""answer_fingerprint"":""f59e16bbfae609ad5de0c7226c0a2a92c59168b82e503440b3b29cea937b4c34"",""c_parse_samples"":[0.0],""c_protocol_samples"":[],""construct_total_samples"":[],""construct_unattributed_samples"":[],""status"":""ok"",""status_evidence"":null,""construction_requested"":null,""construction_effective"":null,""commit"":""30927b7b5d3bb9c394df57f9454162ec0b8818e4"",""batch_id"":""c1805e4548b9e6b1e4c35d07987d3339d3f47ec38ce57e889cf043d8365e6e34"",""query_sha256"":""31cc3cc2a162131c645d8c00efac8198f154624658dbdf08952fdf2aa2fcc40f"",""engine"":""qlever"",""engine_version"":""QLever [engines.json profile]"",""scale"":""10M"",""base_endpoint_sha256"":""de27bc9b5795f339824b9ba281db7ca210725e43627cd5dfc25b8166ca98b6b8"",""reified_endpoint_sha256"":""f188c79557444ad5deb4e733829ad5b89a290050ab46caa399491fa4555710ea"",""update_endpoint_sha256"":""8a607274f1b3d176dd6acfdc7381c25676b642e78d334a9664e45a2bdf3d52a0"",""base_data_identity_sha256"":""59fb59a04cd20e6dec9ee47cf1de02734068a3328cade998a3fc44a746054ea8"",""reified_data_identity_sha256"":""a42a308bd2c5294f3aa79a1a3b15804d4137fd68d7677d9adc037e257a217e76"",""update_for"":""none"",""access_mode"":""read-only"",""base_data_name"":""exploratory-base"",""reified_data_name"":""exploratory-reified"",""update_canary_sha256"":""2b9b44b25cd1c568cd57c6c5df25ae260b68229044617821fb33f542dab77648"",""store_instance_sha256"":""603cfbcfaa789b9594f9f90c9f9a5d475d891c57ec09512df1a8db40abab27c6"",""store_discriminator_sha256"":""f9ff8d30db2db1840ca1585b5598b1cf4d1d06ac2adb86a55b430669507fabff"",""tool_sha256"":""7b43c2342d7676aa65cc9ee233b2184c9eae88f2663874af7ab1b83282f94ab4"",""java_runtime_sha256"":""6ffd10b28ab050230cdc1137f0bd16155c3a7c587add7fbe921d985fa92879fe"",""run_identity_sha256"":""a79789c2e3a29215d6e8da3df6b848050eb759f1d4705b7c1f7ad0afa3399ac6""}"
30927b7b5d3bb9c394df57f9454162ec0b8818e4,qlever,QLever [engines.json profile],10M,M,M1,00,31cc3cc2a162131c645d8c00efac8198f154624658dbdf08952fdf2aa2fcc40f,R,reification-only,ok,111614,663.0,663.0,663.0,663.0,0.0,0,1,900.0,10448099,0.0,,,,,130.955105,[662.956],[0.0],,[],,[],,[],r9.2-frozen-identity-v8,c1805e4548b9e6b1e4c35d07987d3339d3f47ec38ce57e889cf043d8365e6e34,csv-binding-multiset-v1,111614,f59e16bbfae609ad5de0c7226c0a2a92c59168b82e503440b3b29cea937b4c34,,,,,,,,de27bc9b5795f339824b9ba281db7ca210725e43627cd5dfc25b8166ca98b6b8,f188c79557444ad5deb4e733829ad5b89a290050ab46caa399491fa4555710ea,8a607274f1b3d176dd6acfdc7381c25676b642e78d334a9664e45a2bdf3d52a0,59fb59a04cd20e6dec9ee47cf1de02734068a3328cade998a3fc44a746054ea8,a42a308bd2c5294f3aa79a1a3b15804d4137fd68d7677d9adc037e257a217e76,none,read-only,exploratory-base,exploratory-reified,2b9b44b25cd1c568cd57c6c5df25ae260b68229044617821fb33f542dab77648,603cfbcfaa789b9594f9f90c9f9a5d475d891c57ec09512df1a8db40abab27c6,f9ff8d30db2db1840ca1585b5598b1cf4d1d06ac2adb86a55b430669507fabff,7b43c2342d7676aa65cc9ee233b2184c9eae88f2663874af7ab1b83282f94ab4,6ffd10b28ab050230cdc1137f0bd16155c3a7c587add7fbe921d985fa92879fe,a79789c2e3a29215d6e8da3df6b848050eb759f1d4705b7c1f7ad0afa3399ac6,"pcm-meta-v2:{""protocol"":""r9.2-frozen-identity-v8"",""message"":"""",""cell_wall_ms"":1431.856,""answer_kind"":""csv-binding-multiset-v1"",""answer_key_count"":111614,""answer_fingerprint"":""f59e16bbfae609ad5de0c7226c0a2a92c59168b82e503440b3b29cea937b4c34"",""c_parse_samples"":[0.0],""c_protocol_samples"":[],""construct_total_samples"":[],""construct_unattributed_samples"":[],""status"":""ok"",""status_evidence"":null,""construction_requested"":null,""construction_effective"":null,""commit"":""30927b7b5d3bb9c394df57f9454162ec0b8818e4"",""batch_id"":""c1805e4548b9e6b1e4c35d07987d3339d3f47ec38ce57e889cf043d8365e6e34"",""query_sha256"":""31cc3cc2a162131c645d8c00efac8198f154624658dbdf08952fdf2aa2fcc40f"",""engine"":""qlever"",""engine_version"":""QLever [engines.json profile]"",""scale"":""10M"",""base_endpoint_sha256"":""de27bc9b5795f339824b9ba281db7ca210725e43627cd5dfc25b8166ca98b6b8"",""reified_endpoint_sha256"":""f188c79557444ad5deb4e733829ad5b89a290050ab46caa399491fa4555710ea"",""update_endpoint_sha256"":""8a607274f1b3d176dd6acfdc7381c25676b642e78d334a9664e45a2bdf3d52a0"",""base_data_identity_sha256"":""59fb59a04cd20e6dec9ee47cf1de02734068a3328cade998a3fc44a746054ea8"",""reified_data_identity_sha256"":""a42a308bd2c5294f3aa79a1a3b15804d4137fd68d7677d9adc037e257a217e76"",""update_for"":""none"",""access_mode"":""read-only"",""base_data_name"":""exploratory-base"",""reified_data_name"":""exploratory-reified"",""update_canary_sha256"":""2b9b44b25cd1c568cd57c6c5df25ae260b68229044617821fb33f542dab77648"",""store_instance_sha256"":""603cfbcfaa789b9594f9f90c9f9a5d475d891c57ec09512df1a8db40abab27c6"",""store_discriminator_sha256"":""f9ff8d30db2db1840ca1585b5598b1cf4d1d06ac2adb86a55b430669507fabff"",""tool_sha256"":""7b43c2342d7676aa65cc9ee233b2184c9eae88f2663874af7ab1b83282f94ab4"",""java_runtime_sha256"":""6ffd10b28ab050230cdc1137f0bd16155c3a7c587add7fbe921d985fa92879fe"",""run_identity_sha256"":""a79789c2e3a29215d6e8da3df6b848050eb759f1d4705b7c1f7ad0afa3399ac6""}"
30927b7b5d3bb9c394df57f9454162ec0b8818e4,qlever,QLever [engines.json profile],10M,M,M1,00,31cc3cc2a162131c645d8c00efac8198f154624658dbdf08952fdf2aa2fcc40f,N,N_clean (NPCS reimplementation),ok,112401,2321.0,2321.0,2321.0,2321.0,0.0,0,1,900.0,10701909,0.0,,,,1866,182.188885,[2321.039],[0.0],,[],,[],,[],r9.2-frozen-identity-v8,c1805e4548b9e6b1e4c35d07987d3339d3f47ec38ce57e889cf043d8365e6e34,csv-candidate-multiset-v1,112401,c9ca842bef22673e1dfbb7fce75ea900f63d4ddf80f3fe7a9d7c67a58310814b,,,,,,,,de27bc9b5795f339824b9ba281db7ca210725e43627cd5dfc25b8166ca98b6b8,f188c79557444ad5deb4e733829ad5b89a290050ab46caa399491fa4555710ea,8a607274f1b3d176dd6acfdc7381c25676b642e78d334a9664e45a2bdf3d52a0,59fb59a04cd20e6dec9ee47cf1de02734068a3328cade998a3fc44a746054ea8,a42a308bd2c5294f3aa79a1a3b15804d4137fd68d7677d9adc037e257a217e76,none,read-only,exploratory-base,exploratory-reified,2b9b44b25cd1c568cd57c6c5df25ae260b68229044617821fb33f542dab77648,603cfbcfaa789b9594f9f90c9f9a5d475d891c57ec09512df1a8db40abab27c6,f9ff8d30db2db1840ca1585b5598b1cf4d1d06ac2adb86a55b430669507fabff,7b43c2342d7676aa65cc9ee233b2184c9eae88f2663874af7ab1b83282f94ab4,6ffd10b28ab050230cdc1137f0bd16155c3a7c587add7fbe921d985fa92879fe,a79789c2e3a29215d6e8da3df6b848050eb759f1d4705b7c1f7ad0afa3399ac6,"pcm-meta-v2:{""protocol"":""r9.2-frozen-identity-v8"",""message"":"""",""cell_wall_ms"":3493.978,""answer_kind"":""csv-candidate-multiset-v1"",""answer_key_count"":112401,""answer_fingerprint"":""c9ca842bef22673e1dfbb7fce75ea900f63d4ddf80f3fe7a9d7c67a58310814b"",""c_parse_samples"":[0.0],""c_protocol_samples"":[],""construct_total_samples"":[],""construct_unattributed_samples"":[],""status"":""ok"",""status_evidence"":null,""construction_requested"":null,""construction_effective"":null,""commit"":""30927b7b5d3bb9c394df57f9454162ec0b8818e4"",""batch_id"":""c1805e4548b9e6b1e4c35d07987d3339d3f47ec38ce57e889cf043d8365e6e34"",""query_sha256"":""31cc3cc2a162131c645d8c00efac8198f154624658dbdf08952fdf2aa2fcc40f"",""engine"":""qlever"",""engine_version"":""QLever [engines.json profile]"",""scale"":""10M"",""base_endpoint_sha256"":""de27bc9b5795f339824b9ba281db7ca210725e43627cd5dfc25b8166ca98b6b8"",""reified_endpoint_sha256"":""f188c79557444ad5deb4e733829ad5b89a290050ab46caa399491fa4555710ea"",""update_endpoint_sha256"":""8a607274f1b3d176dd6acfdc7381c25676b642e78d334a9664e45a2bdf3d52a0"",""base_data_identity_sha256"":""59fb59a04cd20e6dec9ee47cf1de02734068a3328cade998a3fc44a746054ea8"",""reified_data_identity_sha256"":""a42a308bd2c5294f3aa79a1a3b15804d4137fd68d7677d9adc037e257a217e76"",""update_for"":""none"",""access_mode"":""read-only"",""base_data_name"":""exploratory-base"",""reified_data_name"":""exploratory-reified"",""update_canary_sha256"":""2b9b44b25cd1c568cd57c6c5df25ae260b68229044617821fb33f542dab77648"",""store_instance_sha256"":""603cfbcfaa789b9594f9f90c9f9a5d475d891c57ec09512df1a8db40abab27c6"",""store_discriminator_sha256"":""f9ff8d30db2db1840ca1585b5598b1cf4d1d06ac2adb86a55b430669507fabff"",""tool_sha256"":""7b43c2342d7676aa65cc9ee233b2184c9eae88f2663874af7ab1b83282f94ab4"",""java_runtime_sha256"":""6ffd10b28ab050230cdc1137f0bd16155c3a7c587add7fbe921d985fa92879fe"",""run_identity_sha256"":""a79789c2e3a29215d6e8da3df6b848050eb759f1d4705b7c1f7ad0afa3399ac6""}"
30927b7b5d3bb9c394df57f9454162ec0b8818e4,qlever,QLever [engines.json profile],10M,M,M1,00,31cc3cc2a162131c645d8c00efac8198f154624658dbdf08952fdf2aa2fcc40f,C,SPARQLcirc CircuitRewriter,err:ValueError,,,,,,,0,1,900.0,,,,,,,389.8102870443836,[],[],,[],,[],,[],r9.2-frozen-identity-v8,c1805e4548b9e6b1e4c35d07987d3339d3f47ec38ce57e889cf043d8365e6e34,,,,,,,,,,,de27bc9b5795f339824b9ba281db7ca210725e43627cd5dfc25b8166ca98b6b8,f188c79557444ad5deb4e733829ad5b89a290050ab46caa399491fa4555710ea,8a607274f1b3d176dd6acfdc7381c25676b642e78d334a9664e45a2bdf3d52a0,59fb59a04cd20e6dec9ee47cf1de02734068a3328cade998a3fc44a746054ea8,a42a308bd2c5294f3aa79a1a3b15804d4137fd68d7677d9adc037e257a217e76,none,read-only,exploratory-base,exploratory-reified,2b9b44b25cd1c568cd57c6c5df25ae260b68229044617821fb33f542dab77648,603cfbcfaa789b9594f9f90c9f9a5d475d891c57ec09512df1a8db40abab27c6,f9ff8d30db2db1840ca1585b5598b1cf4d1d06ac2adb86a55b430669507fabff,7b43c2342d7676aa65cc9ee233b2184c9eae88f2663874af7ab1b83282f94ab4,6ffd10b28ab050230cdc1137f0bd16155c3a7c587add7fbe921d985fa92879fe,a79789c2e3a29215d6e8da3df6b848050eb759f1d4705b7c1f7ad0afa3399ac6,"pcm-meta-v2:{""protocol"":""r9.2-frozen-identity-v8"",""message"":""invalid N-Triples response line 1125744"",""cell_wall_ms"":79028.949,""c_parse_samples"":[],""c_protocol_samples"":[],""construct_total_samples"":[],""construct_unattributed_samples"":[],""status"":""err:ValueError"",""status_evidence"":{""kind"":""unspecified"",""message"":""invalid N-Triples response line 1125744""},""construction_requested"":null,""construction_effective"":null,""commit"":""30927b7b5d3bb9c394df57f9454162ec0b8818e4"",""batch_id"":""c1805e4548b9e6b1e4c35d07987d3339d3f47ec38ce57e889cf043d8365e6e34"",""query_sha256"":""31cc3cc2a162131c645d8c00efac8198f154624658dbdf08952fdf2aa2fcc40f"",""engine"":""qlever"",""engine_version"":""QLever [engines.json profile]"",""scale"":""10M"",""base_endpoint_sha256"":""de27bc9b5795f339824b9ba281db7ca210725e43627cd5dfc25b8166ca98b6b8"",""reified_endpoint_sha256"":""f188c79557444ad5deb4e733829ad5b89a290050ab46caa399491fa4555710ea"",""update_endpoint_sha256"":""8a607274f1b3d176dd6acfdc7381c25676b642e78d334a9664e45a2bdf3d52a0"",""base_data_identity_sha256"":""59fb59a04cd20e6dec9ee47cf1de02734068a3328cade998a3fc44a746054ea8"",""reified_data_identity_sha256"":""a42a308bd2c5294f3aa79a1a3b15804d4137fd68d7677d9adc037e257a217e76"",""update_for"":""none"",""access_mode"":""read-only"",""base_data_name"":""exploratory-base"",""reified_data_name"":""exploratory-reified"",""update_canary_sha256"":""2b9b44b25cd1c568cd57c6c5df25ae260b68229044617821fb33f542dab77648"",""store_instance_sha256"":""603cfbcfaa789b9594f9f90c9f9a5d475d891c57ec09512df1a8db40abab27c6"",""store_discriminator_sha256"":""f9ff8d30db2db1840ca1585b5598b1cf4d1d06ac2adb86a55b430669507fabff"",""tool_sha256"":""7b43c2342d7676aa65cc9ee233b2184c9eae88f2663874af7ab1b83282f94ab4"",""java_runtime_sha256"":""6ffd10b28ab050230cdc1137f0bd16155c3a7c587add7fbe921d985fa92879fe"",""run_identity_sha256"":""a79789c2e3a29215d6e8da3df6b848050eb759f1d4705b7c1f7ad0afa3399ac6""}"
30927b7b5d3bb9c394df57f9454162ec0b8818e4,qlever,QLever [engines.json profile],10M,M,M2,00,57dabb9eb81d64dbc3cc422093691dfbcd45c8bc0072a0480b32c507db250930,B,base-select,ok,115865,507.3,507.3,507.3,507.3,0.0,0,1,900.0,10853068,0.0,,,,,0.007661,[507.276],[0.0],,[],,[],,[],r9.2-frozen-identity-v8,c1805e4548b9e6b1e4c35d07987d3339d3f47ec38ce57e889cf043d8365e6e34,csv-binding-multiset-v1,115865,c3c6af70e819152ed77332e1bc89b9167c19791df298263e2d4e79e506a89b43,,,,,,,,de27bc9b5795f339824b9ba281db7ca210725e43627cd5dfc25b8166ca98b6b8,f188c79557444ad5deb4e733829ad5b89a290050ab46caa399491fa4555710ea,8a607274f1b3d176dd6acfdc7381c25676b642e78d334a9664e45a2bdf3d52a0,59fb59a04cd20e6dec9ee47cf1de02734068a3328cade998a3fc44a746054ea8,a42a308bd2c5294f3aa79a1a3b15804d4137fd68d7677d9adc037e257a217e76,none,read-only,exploratory-base,exploratory-reified,2b9b44b25cd1c568cd57c6c5df25ae260b68229044617821fb33f542dab77648,603cfbcfaa789b9594f9f90c9f9a5d475d891c57ec09512df1a8db40abab27c6,f9ff8d30db2db1840ca1585b5598b1cf4d1d06ac2adb86a55b430669507fabff,7b43c2342d7676aa65cc9ee233b2184c9eae88f2663874af7ab1b83282f94ab4,6ffd10b28ab050230cdc1137f0bd16155c3a7c587add7fbe921d985fa92879fe,3dc5d7c505499f1bfc204fe3604dca78e4919b839c3b0fcfc0ef1f46252fd9cc,"pcm-meta-v2:{""protocol"":""r9.2-frozen-identity-v8"",""message"":"""",""cell_wall_ms"":1146.975,""answer_kind"":""csv-binding-multiset-v1"",""answer_key_count"":115865,""answer_fingerprint"":""c3c6af70e819152ed77332e1bc89b9167c19791df298263e2d4e79e506a89b43"",""c_parse_samples"":[0.0],""c_protocol_samples"":[],""construct_total_samples"":[],""construct_unattributed_samples"":[],""status"":""ok"",""status_evidence"":null,""construction_requested"":null,""construction_effective"":null,""commit"":""30927b7b5d3bb9c394df57f9454162ec0b8818e4"",""batch_id"":""c1805e4548b9e6b1e4c35d07987d3339d3f47ec38ce57e889cf043d8365e6e34"",""query_sha256"":""57dabb9eb81d64dbc3cc422093691dfbcd45c8bc0072a0480b32c507db250930"",""engine"":""qlever"",""engine_version"":""QLever [engines.json profile]"",""scale"":""10M"",""base_endpoint_sha256"":""de27bc9b5795f339824b9ba281db7ca210725e43627cd5dfc25b8166ca98b6b8"",""reified_endpoint_sha256"":""f188c79557444ad5deb4e733829ad5b89a290050ab46caa399491fa4555710ea"",""update_endpoint_sha256"":""8a607274f1b3d176dd6acfdc7381c25676b642e78d334a9664e45a2bdf3d52a0"",""base_data_identity_sha256"":""59fb59a04cd20e6dec9ee47cf1de02734068a3328cade998a3fc44a746054ea8"",""reified_data_identity_sha256"":""a42a308bd2c5294f3aa79a1a3b15804d4137fd68d7677d9adc037e257a217e76"",""update_for"":""none"",""access_mode"":""read-only"",""base_data_name"":""exploratory-base"",""reified_data_name"":""exploratory-reified"",""update_canary_sha256"":""2b9b44b25cd1c568cd57c6c5df25ae260b68229044617821fb33f542dab77648"",""store_instance_sha256"":""603cfbcfaa789b9594f9f90c9f9a5d475d891c57ec09512df1a8db40abab27c6"",""store_discriminator_sha256"":""f9ff8d30db2db1840ca1585b5598b1cf4d1d06ac2adb86a55b430669507fabff"",""tool_sha256"":""7b43c2342d7676aa65cc9ee233b2184c9eae88f2663874af7ab1b83282f94ab4"",""java_runtime_sha256"":""6ffd10b28ab050230cdc1137f0bd16155c3a7c587add7fbe921d985fa92879fe"",""run_identity_sha256"":""3dc5d7c505499f1bfc204fe3604dca78e4919b839c3b0fcfc0ef1f46252fd9cc""}"
30927b7b5d3bb9c394df57f9454162ec0b8818e4,qlever,QLever [engines.json profile],10M,M,M2,00,57dabb9eb81d64dbc3cc422093691dfbcd45c8bc0072a0480b32c507db250930,R,reification-only,ok,115865,625.0,625.0,625.0,625.0,0.0,0,1,900.0,10853068,0.0,,,,,155.923165,[625.022],[0.0],,[],,[],,[],r9.2-frozen-identity-v8,c1805e4548b9e6b1e4c35d07987d3339d3f47ec38ce57e889cf043d8365e6e34,csv-binding-multiset-v1,115865,c3c6af70e819152ed77332e1bc89b9167c19791df298263e2d4e79e506a89b43,,,,,,,,de27bc9b5795f339824b9ba281db7ca210725e43627cd5dfc25b8166ca98b6b8,f188c79557444ad5deb4e733829ad5b89a290050ab46caa399491fa4555710ea,8a607274f1b3d176dd6acfdc7381c25676b642e78d334a9664e45a2bdf3d52a0,59fb59a04cd20e6dec9ee47cf1de02734068a3328cade998a3fc44a746054ea8,a42a308bd2c5294f3aa79a1a3b15804d4137fd68d7677d9adc037e257a217e76,none,read-only,exploratory-base,exploratory-reified,2b9b44b25cd1c568cd57c6c5df25ae260b68229044617821fb33f542dab77648,603cfbcfaa789b9594f9f90c9f9a5d475d891c57ec09512df1a8db40abab27c6,f9ff8d30db2db1840ca1585b5598b1cf4d1d06ac2adb86a55b430669507fabff,7b43c2342d7676aa65cc9ee233b2184c9eae88f2663874af7ab1b83282f94ab4,6ffd10b28ab050230cdc1137f0bd16155c3a7c587add7fbe921d985fa92879fe,3dc5d7c505499f1bfc204fe3604dca78e4919b839c3b0fcfc0ef1f46252fd9cc,"pcm-meta-v2:{""protocol"":""r9.2-frozen-identity-v8"",""message"":"""",""cell_wall_ms"":1460.289,""answer_kind"":""csv-binding-multiset-v1"",""answer_key_count"":115865,""answer_fingerprint"":""c3c6af70e819152ed77332e1bc89b9167c19791df298263e2d4e79e506a89b43"",""c_parse_samples"":[0.0],""c_protocol_samples"":[],""construct_total_samples"":[],""construct_unattributed_samples"":[],""status"":""ok"",""status_evidence"":null,""construction_requested"":null,""construction_effective"":null,""commit"":""30927b7b5d3bb9c394df57f9454162ec0b8818e4"",""batch_id"":""c1805e4548b9e6b1e4c35d07987d3339d3f47ec38ce57e889cf043d8365e6e34"",""query_sha256"":""57dabb9eb81d64dbc3cc422093691dfbcd45c8bc0072a0480b32c507db250930"",""engine"":""qlever"",""engine_version"":""QLever [engines.json profile]"",""scale"":""10M"",""base_endpoint_sha256"":""de27bc9b5795f339824b9ba281db7ca210725e43627cd5dfc25b8166ca98b6b8"",""reified_endpoint_sha256"":""f188c79557444ad5deb4e733829ad5b89a290050ab46caa399491fa4555710ea"",""update_endpoint_sha256"":""8a607274f1b3d176dd6acfdc7381c25676b642e78d334a9664e45a2bdf3d52a0"",""base_data_identity_sha256"":""59fb59a04cd20e6dec9ee47cf1de02734068a3328cade998a3fc44a746054ea8"",""reified_data_identity_sha256"":""a42a308bd2c5294f3aa79a1a3b15804d4137fd68d7677d9adc037e257a217e76"",""update_for"":""none"",""access_mode"":""read-only"",""base_data_name"":""exploratory-base"",""reified_data_name"":""exploratory-reified"",""update_canary_sha256"":""2b9b44b25cd1c568cd57c6c5df25ae260b68229044617821fb33f542dab77648"",""store_instance_sha256"":""603cfbcfaa789b9594f9f90c9f9a5d475d891c57ec09512df1a8db40abab27c6"",""store_discriminator_sha256"":""f9ff8d30db2db1840ca1585b5598b1cf4d1d06ac2adb86a55b430669507fabff"",""tool_sha256"":""7b43c2342d7676aa65cc9ee233b2184c9eae88f2663874af7ab1b83282f94ab4"",""java_runtime_sha256"":""6ffd10b28ab050230cdc1137f0bd16155c3a7c587add7fbe921d985fa92879fe"",""run_identity_sha256"":""3dc5d7c505499f1bfc204fe3604dca78e4919b839c3b0fcfc0ef1f46252fd9cc""}"
30927b7b5d3bb9c394df57f9454162ec0b8818e4,qlever,QLever [engines.json profile],10M,M,M2,00,57dabb9eb81d64dbc3cc422093691dfbcd45c8bc0072a0480b32c507db250930,N,N_clean (NPCS reimplementation),ok,152275,1738.6,1738.6,1738.6,1738.6,0.0,0,1,900.0,19414231,0.0,,,,208740,182.394568,[1738.586],[0.0],,[],,[],,[],r9.2-frozen-identity-v8,c1805e4548b9e6b1e4c35d07987d3339d3f47ec38ce57e889cf043d8365e6e34,csv-candidate-multiset-v1,152275,6e15fc780f298472fa1f93d3509a1a269188606fceb81f3170dc928038f2c491,,,,,,,,de27bc9b5795f339824b9ba281db7ca210725e43627cd5dfc25b8166ca98b6b8,f188c79557444ad5deb4e733829ad5b89a290050ab46caa399491fa4555710ea,8a607274f1b3d176dd6acfdc7381c25676b642e78d334a9664e45a2bdf3d52a0,59fb59a04cd20e6dec9ee47cf1de02734068a3328cade998a3fc44a746054ea8,a42a308bd2c5294f3aa79a1a3b15804d4137fd68d7677d9adc037e257a217e76,none,read-only,exploratory-base,exploratory-reified,2b9b44b25cd1c568cd57c6c5df25ae260b68229044617821fb33f542dab77648,603cfbcfaa789b9594f9f90c9f9a5d475d891c57ec09512df1a8db40abab27c6,f9ff8d30db2db1840ca1585b5598b1cf4d1d06ac2adb86a55b430669507fabff,7b43c2342d7676aa65cc9ee233b2184c9eae88f2663874af7ab1b83282f94ab4,6ffd10b28ab050230cdc1137f0bd16155c3a7c587add7fbe921d985fa92879fe,3dc5d7c505499f1bfc204fe3604dca78e4919b839c3b0fcfc0ef1f46252fd9cc,"pcm-meta-v2:{""protocol"":""r9.2-frozen-identity-v8"",""message"":"""",""cell_wall_ms"":3378.527,""answer_kind"":""csv-candidate-multiset-v1"",""answer_key_count"":152275,""answer_fingerprint"":""6e15fc780f298472fa1f93d3509a1a269188606fceb81f3170dc928038f2c491"",""c_parse_samples"":[0.0],""c_protocol_samples"":[],""construct_total_samples"":[],""construct_unattributed_samples"":[],""status"":""ok"",""status_evidence"":null,""construction_requested"":null,""construction_effective"":null,""commit"":""30927b7b5d3bb9c394df57f9454162ec0b8818e4"",""batch_id"":""c1805e4548b9e6b1e4c35d07987d3339d3f47ec38ce57e889cf043d8365e6e34"",""query_sha256"":""57dabb9eb81d64dbc3cc422093691dfbcd45c8bc0072a0480b32c507db250930"",""engine"":""qlever"",""engine_version"":""QLever [engines.json profile]"",""scale"":""10M"",""base_endpoint_sha256"":""de27bc9b5795f339824b9ba281db7ca210725e43627cd5dfc25b8166ca98b6b8"",""reified_endpoint_sha256"":""f188c79557444ad5deb4e733829ad5b89a290050ab46caa399491fa4555710ea"",""update_endpoint_sha256"":""8a607274f1b3d176dd6acfdc7381c25676b642e78d334a9664e45a2bdf3d52a0"",""base_data_identity_sha256"":""59fb59a04cd20e6dec9ee47cf1de02734068a3328cade998a3fc44a746054ea8"",""reified_data_identity_sha256"":""a42a308bd2c5294f3aa79a1a3b15804d4137fd68d7677d9adc037e257a217e76"",""update_for"":""none"",""access_mode"":""read-only"",""base_data_name"":""exploratory-base"",""reified_data_name"":""exploratory-reified"",""update_canary_sha256"":""2b9b44b25cd1c568cd57c6c5df25ae260b68229044617821fb33f542dab77648"",""store_instance_sha256"":""603cfbcfaa789b9594f9f90c9f9a5d475d891c57ec09512df1a8db40abab27c6"",""store_discriminator_sha256"":""f9ff8d30db2db1840ca1585b5598b1cf4d1d06ac2adb86a55b430669507fabff"",""tool_sha256"":""7b43c2342d7676aa65cc9ee233b2184c9eae88f2663874af7ab1b83282f94ab4"",""java_runtime_sha256"":""6ffd10b28ab050230cdc1137f0bd16155c3a7c587add7fbe921d985fa92879fe"",""run_identity_sha256"":""3dc5d7c505499f1bfc204fe3604dca78e4919b839c3b0fcfc0ef1f46252fd9cc""}"
30927b7b5d3bb9c394df57f9454162ec0b8818e4,qlever,QLever [engines.json profile],10M,M,M2,00,57dabb9eb81d64dbc3cc422093691dfbcd45c8bc0072a0480b32c507db250930,C,SPARQLcirc CircuitRewriter,err:ValueError,,,,,,,0,1,900.0,,,,,,,393.8752389512956,[],[],,[],,[],,[],r9.2-frozen-identity-v8,c1805e4548b9e6b1e4c35d07987d3339d3f47ec38ce57e889cf043d8365e6e34,,,,,,,,,,,de27bc9b5795f339824b9ba281db7ca210725e43627cd5dfc25b8166ca98b6b8,f188c79557444ad5deb4e733829ad5b89a290050ab46caa399491fa4555710ea,8a607274f1b3d176dd6acfdc7381c25676b642e78d334a9664e45a2bdf3d52a0,59fb59a04cd20e6dec9ee47cf1de02734068a3328cade998a3fc44a746054ea8,a42a308bd2c5294f3aa79a1a3b15804d4137fd68d7677d9adc037e257a217e76,none,read-only,exploratory-base,exploratory-reified,2b9b44b25cd1c568cd57c6c5df25ae260b68229044617821fb33f542dab77648,603cfbcfaa789b9594f9f90c9f9a5d475d891c57ec09512df1a8db40abab27c6,f9ff8d30db2db1840ca1585b5598b1cf4d1d06ac2adb86a55b430669507fabff,7b43c2342d7676aa65cc9ee233b2184c9eae88f2663874af7ab1b83282f94ab4,6ffd10b28ab050230cdc1137f0bd16155c3a7c587add7fbe921d985fa92879fe,3dc5d7c505499f1bfc204fe3604dca78e4919b839c3b0fcfc0ef1f46252fd9cc,"pcm-meta-v2:{""protocol"":""r9.2-frozen-identity-v8"",""message"":""invalid N-Triples response line 1125662"",""cell_wall_ms"":86027.306,""c_parse_samples"":[],""c_protocol_samples"":[],""construct_total_samples"":[],""construct_unattributed_samples"":[],""status"":""err:ValueError"",""status_evidence"":{""kind"":""unspecified"",""message"":""invalid N-Triples response line 1125662""},""construction_requested"":null,""construction_effective"":null,""commit"":""30927b7b5d3bb9c394df57f9454162ec0b8818e4"",""batch_id"":""c1805e4548b9e6b1e4c35d07987d3339d3f47ec38ce57e889cf043d8365e6e34"",""query_sha256"":""57dabb9eb81d64dbc3cc422093691dfbcd45c8bc0072a0480b32c507db250930"",""engine"":""qlever"",""engine_version"":""QLever [engines.json profile]"",""scale"":""10M"",""base_endpoint_sha256"":""de27bc9b5795f339824b9ba281db7ca210725e43627cd5dfc25b8166ca98b6b8"",""reified_endpoint_sha256"":""f188c79557444ad5deb4e733829ad5b89a290050ab46caa399491fa4555710ea"",""update_endpoint_sha256"":""8a607274f1b3d176dd6acfdc7381c25676b642e78d334a9664e45a2bdf3d52a0"",""base_data_identity_sha256"":""59fb59a04cd20e6dec9ee47cf1de02734068a3328cade998a3fc44a746054ea8"",""reified_data_identity_sha256"":""a42a308bd2c5294f3aa79a1a3b15804d4137fd68d7677d9adc037e257a217e76"",""update_for"":""none"",""access_mode"":""read-only"",""base_data_name"":""exploratory-base"",""reified_data_name"":""exploratory-reified"",""update_canary_sha256"":""2b9b44b25cd1c568cd57c6c5df25ae260b68229044617821fb33f542dab77648"",""store_instance_sha256"":""603cfbcfaa789b9594f9f90c9f9a5d475d891c57ec09512df1a8db40abab27c6"",""store_discriminator_sha256"":""f9ff8d30db2db1840ca1585b5598b1cf4d1d06ac2adb86a55b430669507fabff"",""tool_sha256"":""7b43c2342d7676aa65cc9ee233b2184c9eae88f2663874af7ab1b83282f94ab4"",""java_runtime_sha256"":""6ffd10b28ab050230cdc1137f0bd16155c3a7c587add7fbe921d985fa92879fe"",""run_identity_sha256"":""3dc5d7c505499f1bfc204fe3604dca78e4919b839c3b0fcfc0ef1f46252fd9cc""}"
30927b7b5d3bb9c394df57f9454162ec0b8818e4,qlever,QLever [engines.json profile],10M,M,M3,00,143c016ebb5bf4d918995fb8a8437257e0f177fb04bcef9184c9058f18f3eefa,B,base-select,ok,42628,229.9,229.9,229.9,229.9,0.0,0,1,900.0,4141324,0.0,,,,,0.00651,[229.877],[0.0],,[],,[],,[],r9.2-frozen-identity-v8,c1805e4548b9e6b1e4c35d07987d3339d3f47ec38ce57e889cf043d8365e6e34,csv-binding-multiset-v1,42628,bdac43b82147d20e9ae808a10797825a0be48792bbe1f66b410c48cd8251b4a2,,,,,,,,de27bc9b5795f339824b9ba281db7ca210725e43627cd5dfc25b8166ca98b6b8,f188c79557444ad5deb4e733829ad5b89a290050ab46caa399491fa4555710ea,8a607274f1b3d176dd6acfdc7381c25676b642e78d334a9664e45a2bdf3d52a0,59fb59a04cd20e6dec9ee47cf1de02734068a3328cade998a3fc44a746054ea8,a42a308bd2c5294f3aa79a1a3b15804d4137fd68d7677d9adc037e257a217e76,none,read-only,exploratory-base,exploratory-reified,2b9b44b25cd1c568cd57c6c5df25ae260b68229044617821fb33f542dab77648,603cfbcfaa789b9594f9f90c9f9a5d475d891c57ec09512df1a8db40abab27c6,f9ff8d30db2db1840ca1585b5598b1cf4d1d06ac2adb86a55b430669507fabff,7b43c2342d7676aa65cc9ee233b2184c9eae88f2663874af7ab1b83282f94ab4,6ffd10b28ab050230cdc1137f0bd16155c3a7c587add7fbe921d985fa92879fe,5e7d057036f8de3416852a65d2616312bc4feabc61858f7a94c01135751d0468,"pcm-meta-v2:{""protocol"":""r9.2-frozen-identity-v8"",""message"":"""",""cell_wall_ms"":467.92,""answer_kind"":""csv-binding-multiset-v1"",""answer_key_count"":42628,""answer_fingerprint"":""bdac43b82147d20e9ae808a10797825a0be48792bbe1f66b410c48cd8251b4a2"",""c_parse_samples"":[0.0],""c_protocol_samples"":[],""construct_total_samples"":[],""construct_unattributed_samples"":[],""status"":""ok"",""status_evidence"":null,""construction_requested"":null,""construction_effective"":null,""commit"":""30927b7b5d3bb9c394df57f9454162ec0b8818e4"",""batch_id"":""c1805e4548b9e6b1e4c35d07987d3339d3f47ec38ce57e889cf043d8365e6e34"",""query_sha256"":""143c016ebb5bf4d918995fb8a8437257e0f177fb04bcef9184c9058f18f3eefa"",""engine"":""qlever"",""engine_version"":""QLever [engines.json profile]"",""scale"":""10M"",""base_endpoint_sha256"":""de27bc9b5795f339824b9ba281db7ca210725e43627cd5dfc25b8166ca98b6b8"",""reified_endpoint_sha256"":""f188c79557444ad5deb4e733829ad5b89a290050ab46caa399491fa4555710ea"",""update_endpoint_sha256"":""8a607274f1b3d176dd6acfdc7381c25676b642e78d334a9664e45a2bdf3d52a0"",""base_data_identity_sha256"":""59fb59a04cd20e6dec9ee47cf1de02734068a3328cade998a3fc44a746054ea8"",""reified_data_identity_sha256"":""a42a308bd2c5294f3aa79a1a3b15804d4137fd68d7677d9adc037e257a217e76"",""update_for"":""none"",""access_mode"":""read-only"",""base_data_name"":""exploratory-base"",""reified_data_name"":""exploratory-reified"",""update_canary_sha256"":""2b9b44b25cd1c568cd57c6c5df25ae260b68229044617821fb33f542dab77648"",""store_instance_sha256"":""603cfbcfaa789b9594f9f90c9f9a5d475d891c57ec09512df1a8db40abab27c6"",""store_discriminator_sha256"":""f9ff8d30db2db1840ca1585b5598b1cf4d1d06ac2adb86a55b430669507fabff"",""tool_sha256"":""7b43c2342d7676aa65cc9ee233b2184c9eae88f2663874af7ab1b83282f94ab4"",""java_runtime_sha256"":""6ffd10b28ab050230cdc1137f0bd16155c3a7c587add7fbe921d985fa92879fe"",""run_identity_sha256"":""5e7d057036f8de3416852a65d2616312bc4feabc61858f7a94c01135751d0468""}"
30927b7b5d3bb9c394df57f9454162ec0b8818e4,qlever,QLever [engines.json profile],10M,M,M3,00,143c016ebb5bf4d918995fb8a8437257e0f177fb04bcef9184c9058f18f3eefa,R,reification-only,ok,42628,301.7,301.7,301.7,301.7,0.0,0,1,900.0,4141324,0.0,,,,,155.553471,[301.699],[0.0],,[],,[],,[],r9.2-frozen-identity-v8,c1805e4548b9e6b1e4c35d07987d3339d3f47ec38ce57e889cf043d8365e6e34,csv-binding-multiset-v1,42628,bdac43b82147d20e9ae808a10797825a0be48792bbe1f66b410c48cd8251b4a2,,,,,,,,de27bc9b5795f339824b9ba281db7ca210725e43627cd5dfc25b8166ca98b6b8,f188c79557444ad5deb4e733829ad5b89a290050ab46caa399491fa4555710ea,8a607274f1b3d176dd6acfdc7381c25676b642e78d334a9664e45a2bdf3d52a0,59fb59a04cd20e6dec9ee47cf1de02734068a3328cade998a3fc44a746054ea8,a42a308bd2c5294f3aa79a1a3b15804d4137fd68d7677d9adc037e257a217e76,none,read-only,exploratory-base,exploratory-reified,2b9b44b25cd1c568cd57c6c5df25ae260b68229044617821fb33f542dab77648,603cfbcfaa789b9594f9f90c9f9a5d475d891c57ec09512df1a8db40abab27c6,f9ff8d30db2db1840ca1585b5598b1cf4d1d06ac2adb86a55b430669507fabff,7b43c2342d7676aa65cc9ee233b2184c9eae88f2663874af7ab1b83282f94ab4,6ffd10b28ab050230cdc1137f0bd16155c3a7c587add7fbe921d985fa92879fe,5e7d057036f8de3416852a65d2616312bc4feabc61858f7a94c01135751d0468,"pcm-meta-v2:{""protocol"":""r9.2-frozen-identity-v8"",""message"":"""",""cell_wall_ms"":717.582,""answer_kind"":""csv-binding-multiset-v1"",""answer_key_count"":42628,""answer_fingerprint"":""bdac43b82147d20e9ae808a10797825a0be48792bbe1f66b410c48cd8251b4a2"",""c_parse_samples"":[0.0],""c_protocol_samples"":[],""construct_total_samples"":[],""construct_unattributed_samples"":[],""status"":""ok"",""status_evidence"":null,""construction_requested"":null,""construction_effective"":null,""commit"":""30927b7b5d3bb9c394df57f9454162ec0b8818e4"",""batch_id"":""c1805e4548b9e6b1e4c35d07987d3339d3f47ec38ce57e889cf043d8365e6e34"",""query_sha256"":""143c016ebb5bf4d918995fb8a8437257e0f177fb04bcef9184c9058f18f3eefa"",""engine"":""qlever"",""engine_version"":""QLever [engines.json profile]"",""scale"":""10M"",""base_endpoint_sha256"":""de27bc9b5795f339824b9ba281db7ca210725e43627cd5dfc25b8166ca98b6b8"",""reified_endpoint_sha256"":""f188c79557444ad5deb4e733829ad5b89a290050ab46caa399491fa4555710ea"",""update_endpoint_sha256"":""8a607274f1b3d176dd6acfdc7381c25676b642e78d334a9664e45a2bdf3d52a0"",""base_data_identity_sha256"":""59fb59a04cd20e6dec9ee47cf1de02734068a3328cade998a3fc44a746054ea8"",""reified_data_identity_sha256"":""a42a308bd2c5294f3aa79a1a3b15804d4137fd68d7677d9adc037e257a217e76"",""update_for"":""none"",""access_mode"":""read-only"",""base_data_name"":""exploratory-base"",""reified_data_name"":""exploratory-reified"",""update_canary_sha256"":""2b9b44b25cd1c568cd57c6c5df25ae260b68229044617821fb33f542dab77648"",""store_instance_sha256"":""603cfbcfaa789b9594f9f90c9f9a5d475d891c57ec09512df1a8db40abab27c6"",""store_discriminator_sha256"":""f9ff8d30db2db1840ca1585b5598b1cf4d1d06ac2adb86a55b430669507fabff"",""tool_sha256"":""7b43c2342d7676aa65cc9ee233b2184c9eae88f2663874af7ab1b83282f94ab4"",""java_runtime_sha256"":""6ffd10b28ab050230cdc1137f0bd16155c3a7c587add7fbe921d985fa92879fe"",""run_identity_sha256"":""5e7d057036f8de3416852a65d2616312bc4feabc61858f7a94c01135751d0468""}"
30927b7b5d3bb9c394df57f9454162ec0b8818e4,qlever,QLever [engines.json profile],10M,M,M3,00,143c016ebb5bf4d918995fb8a8437257e0f177fb04bcef9184c9058f18f3eefa,N,N_clean (NPCS reimplementation),ok,149634,2377.2,2377.2,2377.2,2377.2,0.0,0,1,900.0,37832196,0.0,,,,1045698,190.378503,[2377.213],[0.0],,[],,[],,[],r9.2-frozen-identity-v8,c1805e4548b9e6b1e4c35d07987d3339d3f47ec38ce57e889cf043d8365e6e34,csv-candidate-multiset-v1,149634,478cd8b6a4e78d887087ce454caa2b3181ad94175a0c83f6c718edab41a69523,,,,,,,,de27bc9b5795f339824b9ba281db7ca210725e43627cd5dfc25b8166ca98b6b8,f188c79557444ad5deb4e733829ad5b89a290050ab46caa399491fa4555710ea,8a607274f1b3d176dd6acfdc7381c25676b642e78d334a9664e45a2bdf3d52a0,59fb59a04cd20e6dec9ee47cf1de02734068a3328cade998a3fc44a746054ea8,a42a308bd2c5294f3aa79a1a3b15804d4137fd68d7677d9adc037e257a217e76,none,read-only,exploratory-base,exploratory-reified,2b9b44b25cd1c568cd57c6c5df25ae260b68229044617821fb33f542dab77648,603cfbcfaa789b9594f9f90c9f9a5d475d891c57ec09512df1a8db40abab27c6,f9ff8d30db2db1840ca1585b5598b1cf4d1d06ac2adb86a55b430669507fabff,7b43c2342d7676aa65cc9ee233b2184c9eae88f2663874af7ab1b83282f94ab4,6ffd10b28ab050230cdc1137f0bd16155c3a7c587add7fbe921d985fa92879fe,5e7d057036f8de3416852a65d2616312bc4feabc61858f7a94c01135751d0468,"pcm-meta-v2:{""protocol"":""r9.2-frozen-identity-v8"",""message"":"""",""cell_wall_ms"":4448.928,""answer_kind"":""csv-candidate-multiset-v1"",""answer_key_count"":149634,""answer_fingerprint"":""478cd8b6a4e78d887087ce454caa2b3181ad94175a0c83f6c718edab41a69523"",""c_parse_samples"":[0.0],""c_protocol_samples"":[],""construct_total_samples"":[],""construct_unattributed_samples"":[],""status"":""ok"",""status_evidence"":null,""construction_requested"":null,""construction_effective"":null,""commit"":""30927b7b5d3bb9c394df57f9454162ec0b8818e4"",""batch_id"":""c1805e4548b9e6b1e4c35d07987d3339d3f47ec38ce57e889cf043d8365e6e34"",""query_sha256"":""143c016ebb5bf4d918995fb8a8437257e0f177fb04bcef9184c9058f18f3eefa"",""engine"":""qlever"",""engine_version"":""QLever [engines.json profile]"",""scale"":""10M"",""base_endpoint_sha256"":""de27bc9b5795f339824b9ba281db7ca210725e43627cd5dfc25b8166ca98b6b8"",""reified_endpoint_sha256"":""f188c79557444ad5deb4e733829ad5b89a290050ab46caa399491fa4555710ea"",""update_endpoint_sha256"":""8a607274f1b3d176dd6acfdc7381c25676b642e78d334a9664e45a2bdf3d52a0"",""base_data_identity_sha256"":""59fb59a04cd20e6dec9ee47cf1de02734068a3328cade998a3fc44a746054ea8"",""reified_data_identity_sha256"":""a42a308bd2c5294f3aa79a1a3b15804d4137fd68d7677d9adc037e257a217e76"",""update_for"":""none"",""access_mode"":""read-only"",""base_data_name"":""exploratory-base"",""reified_data_name"":""exploratory-reified"",""update_canary_sha256"":""2b9b44b25cd1c568cd57c6c5df25ae260b68229044617821fb33f542dab77648"",""store_instance_sha256"":""603cfbcfaa789b9594f9f90c9f9a5d475d891c57ec09512df1a8db40abab27c6"",""store_discriminator_sha256"":""f9ff8d30db2db1840ca1585b5598b1cf4d1d06ac2adb86a55b430669507fabff"",""tool_sha256"":""7b43c2342d7676aa65cc9ee233b2184c9eae88f2663874af7ab1b83282f94ab4"",""java_runtime_sha256"":""6ffd10b28ab050230cdc1137f0bd16155c3a7c587add7fbe921d985fa92879fe"",""run_identity_sha256"":""5e7d057036f8de3416852a65d2616312bc4feabc61858f7a94c01135751d0468""}"
30927b7b5d3bb9c394df57f9454162ec0b8818e4,qlever,QLever [engines.json profile],10M,M,M3,00,143c016ebb5bf4d918995fb8a8437257e0f177fb04bcef9184c9058f18f3eefa,C,SPARQLcirc CircuitRewriter,err:ValueError,,,,,,,0,1,900.0,,,,,,,362.4465430621058,[],[],,[],,[],,[],r9.2-frozen-identity-v8,c1805e4548b9e6b1e4c35d07987d3339d3f47ec38ce57e889cf043d8365e6e34,,,,,,,,,,,de27bc9b5795f339824b9ba281db7ca210725e43627cd5dfc25b8166ca98b6b8,f188c79557444ad5deb4e733829ad5b89a290050ab46caa399491fa4555710ea,8a607274f1b3d176dd6acfdc7381c25676b642e78d334a9664e45a2bdf3d52a0,59fb59a04cd20e6dec9ee47cf1de02734068a3328cade998a3fc44a746054ea8,a42a308bd2c5294f3aa79a1a3b15804d4137fd68d7677d9adc037e257a217e76,none,read-only,exploratory-base,exploratory-reified,2b9b44b25cd1c568cd57c6c5df25ae260b68229044617821fb33f542dab77648,603cfbcfaa789b9594f9f90c9f9a5d475d891c57ec09512df1a8db40abab27c6,f9ff8d30db2db1840ca1585b5598b1cf4d1d06ac2adb86a55b430669507fabff,7b43c2342d7676aa65cc9ee233b2184c9eae88f2663874af7ab1b83282f94ab4,6ffd10b28ab050230cdc1137f0bd16155c3a7c587add7fbe921d985fa92879fe,5e7d057036f8de3416852a65d2616312bc4feabc61858f7a94c01135751d0468,"pcm-meta-v2:{""protocol"":""r9.2-frozen-identity-v8"",""message"":""invalid N-Triples response line 359512"",""cell_wall_ms"":71877.916,""c_parse_samples"":[],""c_protocol_samples"":[],""construct_total_samples"":[],""construct_unattributed_samples"":[],""status"":""err:ValueError"",""status_evidence"":{""kind"":""unspecified"",""message"":""invalid N-Triples response line 359512""},""construction_requested"":null,""construction_effective"":null,""commit"":""30927b7b5d3bb9c394df57f9454162ec0b8818e4"",""batch_id"":""c1805e4548b9e6b1e4c35d07987d3339d3f47ec38ce57e889cf043d8365e6e34"",""query_sha256"":""143c016ebb5bf4d918995fb8a8437257e0f177fb04bcef9184c9058f18f3eefa"",""engine"":""qlever"",""engine_version"":""QLever [engines.json profile]"",""scale"":""10M"",""base_endpoint_sha256"":""de27bc9b5795f339824b9ba281db7ca210725e43627cd5dfc25b8166ca98b6b8"",""reified_endpoint_sha256"":""f188c79557444ad5deb4e733829ad5b89a290050ab46caa399491fa4555710ea"",""update_endpoint_sha256"":""8a607274f1b3d176dd6acfdc7381c25676b642e78d334a9664e45a2bdf3d52a0"",""base_data_identity_sha256"":""59fb59a04cd20e6dec9ee47cf1de02734068a3328cade998a3fc44a746054ea8"",""reified_data_identity_sha256"":""a42a308bd2c5294f3aa79a1a3b15804d4137fd68d7677d9adc037e257a217e76"",""update_for"":""none"",""access_mode"":""read-only"",""base_data_name"":""exploratory-base"",""reified_data_name"":""exploratory-reified"",""update_canary_sha256"":""2b9b44b25cd1c568cd57c6c5df25ae260b68229044617821fb33f542dab77648"",""store_instance_sha256"":""603cfbcfaa789b9594f9f90c9f9a5d475d891c57ec09512df1a8db40abab27c6"",""store_discriminator_sha256"":""f9ff8d30db2db1840ca1585b5598b1cf4d1d06ac2adb86a55b430669507fabff"",""tool_sha256"":""7b43c2342d7676aa65cc9ee233b2184c9eae88f2663874af7ab1b83282f94ab4"",""java_runtime_sha256"":""6ffd10b28ab050230cdc1137f0bd16155c3a7c587add7fbe921d985fa92879fe"",""run_identity_sha256"":""5e7d057036f8de3416852a65d2616312bc4feabc61858f7a94c01135751d0468""}"
30927b7b5d3bb9c394df57f9454162ec0b8818e4,qlever,QLever [engines.json profile],10M,M,M4,00,3fb5f004cde33422716d95d5c5cbacb234aca04af540babdfc6cd8420a43d11d,B,base-select,ok,89467,460.2,460.2,460.2,460.2,0.0,0,1,900.0,8600847,0.0,,,,,0.00985,[460.177],[0.0],,[],,[],,[],r9.2-frozen-identity-v8,c1805e4548b9e6b1e4c35d07987d3339d3f47ec38ce57e889cf043d8365e6e34,csv-binding-multiset-v1,89467,67c93b013e365ba59505e43e119906c3746645b9bc9f869b8f9b41031f052a0a,,,,,,,,de27bc9b5795f339824b9ba281db7ca210725e43627cd5dfc25b8166ca98b6b8,f188c79557444ad5deb4e733829ad5b89a290050ab46caa399491fa4555710ea,8a607274f1b3d176dd6acfdc7381c25676b642e78d334a9664e45a2bdf3d52a0,59fb59a04cd20e6dec9ee47cf1de02734068a3328cade998a3fc44a746054ea8,a42a308bd2c5294f3aa79a1a3b15804d4137fd68d7677d9adc037e257a217e76,none,read-only,exploratory-base,exploratory-reified,2b9b44b25cd1c568cd57c6c5df25ae260b68229044617821fb33f542dab77648,603cfbcfaa789b9594f9f90c9f9a5d475d891c57ec09512df1a8db40abab27c6,f9ff8d30db2db1840ca1585b5598b1cf4d1d06ac2adb86a55b430669507fabff,7b43c2342d7676aa65cc9ee233b2184c9eae88f2663874af7ab1b83282f94ab4,6ffd10b28ab050230cdc1137f0bd16155c3a7c587add7fbe921d985fa92879fe,d9bdaabb62d8931a4728fdd5035bb77ab90bda86d493e7a2cccd2c53449a2f19,"pcm-meta-v2:{""protocol"":""r9.2-frozen-identity-v8"",""message"":"""",""cell_wall_ms"":955.686,""answer_kind"":""csv-binding-multiset-v1"",""answer_key_count"":89467,""answer_fingerprint"":""67c93b013e365ba59505e43e119906c3746645b9bc9f869b8f9b41031f052a0a"",""c_parse_samples"":[0.0],""c_protocol_samples"":[],""construct_total_samples"":[],""construct_unattributed_samples"":[],""status"":""ok"",""status_evidence"":null,""construction_requested"":null,""construction_effective"":null,""commit"":""30927b7b5d3bb9c394df57f9454162ec0b8818e4"",""batch_id"":""c1805e4548b9e6b1e4c35d07987d3339d3f47ec38ce57e889cf043d8365e6e34"",""query_sha256"":""3fb5f004cde33422716d95d5c5cbacb234aca04af540babdfc6cd8420a43d11d"",""engine"":""qlever"",""engine_version"":""QLever [engines.json profile]"",""scale"":""10M"",""base_endpoint_sha256"":""de27bc9b5795f339824b9ba281db7ca210725e43627cd5dfc25b8166ca98b6b8"",""reified_endpoint_sha256"":""f188c79557444ad5deb4e733829ad5b89a290050ab46caa399491fa4555710ea"",""update_endpoint_sha256"":""8a607274f1b3d176dd6acfdc7381c25676b642e78d334a9664e45a2bdf3d52a0"",""base_data_identity_sha256"":""59fb59a04cd20e6dec9ee47cf1de02734068a3328cade998a3fc44a746054ea8"",""reified_data_identity_sha256"":""a42a308bd2c5294f3aa79a1a3b15804d4137fd68d7677d9adc037e257a217e76"",""update_for"":""none"",""access_mode"":""read-only"",""base_data_name"":""exploratory-base"",""reified_data_name"":""exploratory-reified"",""update_canary_sha256"":""2b9b44b25cd1c568cd57c6c5df25ae260b68229044617821fb33f542dab77648"",""store_instance_sha256"":""603cfbcfaa789b9594f9f90c9f9a5d475d891c57ec09512df1a8db40abab27c6"",""store_discriminator_sha256"":""f9ff8d30db2db1840ca1585b5598b1cf4d1d06ac2adb86a55b430669507fabff"",""tool_sha256"":""7b43c2342d7676aa65cc9ee233b2184c9eae88f2663874af7ab1b83282f94ab4"",""java_runtime_sha256"":""6ffd10b28ab050230cdc1137f0bd16155c3a7c587add7fbe921d985fa92879fe"",""run_identity_sha256"":""d9bdaabb62d8931a4728fdd5035bb77ab90bda86d493e7a2cccd2c53449a2f19""}"
30927b7b5d3bb9c394df57f9454162ec0b8818e4,qlever,QLever [engines.json profile],10M,M,M4,00,3fb5f004cde33422716d95d5c5cbacb234aca04af540babdfc6cd8420a43d11d,R,reification-only,ok,89467,1142.4,1142.4,1142.4,1142.4,0.0,0,1,900.0,8600847,0.0,,,,,156.418767,[1142.378],[0.0],,[],,[],,[],r9.2-frozen-identity-v8,c1805e4548b9e6b1e4c35d07987d3339d3f47ec38ce57e889cf043d8365e6e34,csv-binding-multiset-v1,89467,67c93b013e365ba59505e43e119906c3746645b9bc9f869b8f9b41031f052a0a,,,,,,,,de27bc9b5795f339824b9ba281db7ca210725e43627cd5dfc25b8166ca98b6b8,f188c79557444ad5deb4e733829ad5b89a290050ab46caa399491fa4555710ea,8a607274f1b3d176dd6acfdc7381c25676b642e78d334a9664e45a2bdf3d52a0,59fb59a04cd20e6dec9ee47cf1de02734068a3328cade998a3fc44a746054ea8,a42a308bd2c5294f3aa79a1a3b15804d4137fd68d7677d9adc037e257a217e76,none,read-only,exploratory-base,exploratory-reified,2b9b44b25cd1c568cd57c6c5df25ae260b68229044617821fb33f542dab77648,603cfbcfaa789b9594f9f90c9f9a5d475d891c57ec09512df1a8db40abab27c6,f9ff8d30db2db1840ca1585b5598b1cf4d1d06ac2adb86a55b430669507fabff,7b43c2342d7676aa65cc9ee233b2184c9eae88f2663874af7ab1b83282f94ab4,6ffd10b28ab050230cdc1137f0bd16155c3a7c587add7fbe921d985fa92879fe,d9bdaabb62d8931a4728fdd5035bb77ab90bda86d493e7a2cccd2c53449a2f19,"pcm-meta-v2:{""protocol"":""r9.2-frozen-identity-v8"",""message"":"""",""cell_wall_ms"":1840.537,""answer_kind"":""csv-binding-multiset-v1"",""answer_key_count"":89467,""answer_fingerprint"":""67c93b013e365ba59505e43e119906c3746645b9bc9f869b8f9b41031f052a0a"",""c_parse_samples"":[0.0],""c_protocol_samples"":[],""construct_total_samples"":[],""construct_unattributed_samples"":[],""status"":""ok"",""status_evidence"":null,""construction_requested"":null,""construction_effective"":null,""commit"":""30927b7b5d3bb9c394df57f9454162ec0b8818e4"",""batch_id"":""c1805e4548b9e6b1e4c35d07987d3339d3f47ec38ce57e889cf043d8365e6e34"",""query_sha256"":""3fb5f004cde33422716d95d5c5cbacb234aca04af540babdfc6cd8420a43d11d"",""engine"":""qlever"",""engine_version"":""QLever [engines.json profile]"",""scale"":""10M"",""base_endpoint_sha256"":""de27bc9b5795f339824b9ba281db7ca210725e43627cd5dfc25b8166ca98b6b8"",""reified_endpoint_sha256"":""f188c79557444ad5deb4e733829ad5b89a290050ab46caa399491fa4555710ea"",""update_endpoint_sha256"":""8a607274f1b3d176dd6acfdc7381c25676b642e78d334a9664e45a2bdf3d52a0"",""base_data_identity_sha256"":""59fb59a04cd20e6dec9ee47cf1de02734068a3328cade998a3fc44a746054ea8"",""reified_data_identity_sha256"":""a42a308bd2c5294f3aa79a1a3b15804d4137fd68d7677d9adc037e257a217e76"",""update_for"":""none"",""access_mode"":""read-only"",""base_data_name"":""exploratory-base"",""reified_data_name"":""exploratory-reified"",""update_canary_sha256"":""2b9b44b25cd1c568cd57c6c5df25ae260b68229044617821fb33f542dab77648"",""store_instance_sha256"":""603cfbcfaa789b9594f9f90c9f9a5d475d891c57ec09512df1a8db40abab27c6"",""store_discriminator_sha256"":""f9ff8d30db2db1840ca1585b5598b1cf4d1d06ac2adb86a55b430669507fabff"",""tool_sha256"":""7b43c2342d7676aa65cc9ee233b2184c9eae88f2663874af7ab1b83282f94ab4"",""java_runtime_sha256"":""6ffd10b28ab050230cdc1137f0bd16155c3a7c587add7fbe921d985fa92879fe"",""run_identity_sha256"":""d9bdaabb62d8931a4728fdd5035bb77ab90bda86d493e7a2cccd2c53449a2f19""}"
30927b7b5d3bb9c394df57f9454162ec0b8818e4,qlever,QLever [engines.json profile],10M,M,M4,00,3fb5f004cde33422716d95d5c5cbacb234aca04af540babdfc6cd8420a43d11d,N,N_clean (NPCS reimplementation),ok,149998,15109.9,15109.9,15109.9,15109.9,0.0,0,1,900.0,153365246,0.0,,,,6869110,185.049999,[15109.936],[0.0],,[],,[],,[],r9.2-frozen-identity-v8,c1805e4548b9e6b1e4c35d07987d3339d3f47ec38ce57e889cf043d8365e6e34,csv-candidate-multiset-v1,149998,0dadcd5efbdffeffdb68b3722b273cf109df1d49a45e564fce37b7214641a96e,,,,,,,,de27bc9b5795f339824b9ba281db7ca210725e43627cd5dfc25b8166ca98b6b8,f188c79557444ad5deb4e733829ad5b89a290050ab46caa399491fa4555710ea,8a607274f1b3d176dd6acfdc7381c25676b642e78d334a9664e45a2bdf3d52a0,59fb59a04cd20e6dec9ee47cf1de02734068a3328cade998a3fc44a746054ea8,a42a308bd2c5294f3aa79a1a3b15804d4137fd68d7677d9adc037e257a217e76,none,read-only,exploratory-base,exploratory-reified,2b9b44b25cd1c568cd57c6c5df25ae260b68229044617821fb33f542dab77648,603cfbcfaa789b9594f9f90c9f9a5d475d891c57ec09512df1a8db40abab27c6,f9ff8d30db2db1840ca1585b5598b1cf4d1d06ac2adb86a55b430669507fabff,7b43c2342d7676aa65cc9ee233b2184c9eae88f2663874af7ab1b83282f94ab4,6ffd10b28ab050230cdc1137f0bd16155c3a7c587add7fbe921d985fa92879fe,d9bdaabb62d8931a4728fdd5035bb77ab90bda86d493e7a2cccd2c53449a2f19,"pcm-meta-v2:{""protocol"":""r9.2-frozen-identity-v8"",""message"":"""",""cell_wall_ms"":19777.258,""answer_kind"":""csv-candidate-multiset-v1"",""answer_key_count"":149998,""answer_fingerprint"":""0dadcd5efbdffeffdb68b3722b273cf109df1d49a45e564fce37b7214641a96e"",""c_parse_samples"":[0.0],""c_protocol_samples"":[],""construct_total_samples"":[],""construct_unattributed_samples"":[],""status"":""ok"",""status_evidence"":null,""construction_requested"":null,""construction_effective"":null,""commit"":""30927b7b5d3bb9c394df57f9454162ec0b8818e4"",""batch_id"":""c1805e4548b9e6b1e4c35d07987d3339d3f47ec38ce57e889cf043d8365e6e34"",""query_sha256"":""3fb5f004cde33422716d95d5c5cbacb234aca04af540babdfc6cd8420a43d11d"",""engine"":""qlever"",""engine_version"":""QLever [engines.json profile]"",""scale"":""10M"",""base_endpoint_sha256"":""de27bc9b5795f339824b9ba281db7ca210725e43627cd5dfc25b8166ca98b6b8"",""reified_endpoint_sha256"":""f188c79557444ad5deb4e733829ad5b89a290050ab46caa399491fa4555710ea"",""update_endpoint_sha256"":""8a607274f1b3d176dd6acfdc7381c25676b642e78d334a9664e45a2bdf3d52a0"",""base_data_identity_sha256"":""59fb59a04cd20e6dec9ee47cf1de02734068a3328cade998a3fc44a746054ea8"",""reified_data_identity_sha256"":""a42a308bd2c5294f3aa79a1a3b15804d4137fd68d7677d9adc037e257a217e76"",""update_for"":""none"",""access_mode"":""read-only"",""base_data_name"":""exploratory-base"",""reified_data_name"":""exploratory-reified"",""update_canary_sha256"":""2b9b44b25cd1c568cd57c6c5df25ae260b68229044617821fb33f542dab77648"",""store_instance_sha256"":""603cfbcfaa789b9594f9f90c9f9a5d475d891c57ec09512df1a8db40abab27c6"",""store_discriminator_sha256"":""f9ff8d30db2db1840ca1585b5598b1cf4d1d06ac2adb86a55b430669507fabff"",""tool_sha256"":""7b43c2342d7676aa65cc9ee233b2184c9eae88f2663874af7ab1b83282f94ab4"",""java_runtime_sha256"":""6ffd10b28ab050230cdc1137f0bd16155c3a7c587add7fbe921d985fa92879fe"",""run_identity_sha256"":""d9bdaabb62d8931a4728fdd5035bb77ab90bda86d493e7a2cccd2c53449a2f19""}"
30927b7b5d3bb9c394df57f9454162ec0b8818e4,qlever,QLever [engines.json profile],10M,M,M4,00,3fb5f004cde33422716d95d5c5cbacb234aca04af540babdfc6cd8420a43d11d,C,SPARQLcirc CircuitRewriter,err:ValueError,,,,,,,0,1,900.0,,,,,,,365.52416905760765,[],[],,[],,[],,[],r9.2-frozen-identity-v8,c1805e4548b9e6b1e4c35d07987d3339d3f47ec38ce57e889cf043d8365e6e34,,,,,,,,,,,de27bc9b5795f339824b9ba281db7ca210725e43627cd5dfc25b8166ca98b6b8,f188c79557444ad5deb4e733829ad5b89a290050ab46caa399491fa4555710ea,8a607274f1b3d176dd6acfdc7381c25676b642e78d334a9664e45a2bdf3d52a0,59fb59a04cd20e6dec9ee47cf1de02734068a3328cade998a3fc44a746054ea8,a42a308bd2c5294f3aa79a1a3b15804d4137fd68d7677d9adc037e257a217e76,none,read-only,exploratory-base,exploratory-reified,2b9b44b25cd1c568cd57c6c5df25ae260b68229044617821fb33f542dab77648,603cfbcfaa789b9594f9f90c9f9a5d475d891c57ec09512df1a8db40abab27c6,f9ff8d30db2db1840ca1585b5598b1cf4d1d06ac2adb86a55b430669507fabff,7b43c2342d7676aa65cc9ee233b2184c9eae88f2663874af7ab1b83282f94ab4,6ffd10b28ab050230cdc1137f0bd16155c3a7c587add7fbe921d985fa92879fe,d9bdaabb62d8931a4728fdd5035bb77ab90bda86d493e7a2cccd2c53449a2f19,"pcm-meta-v2:{""protocol"":""r9.2-frozen-identity-v8"",""message"":""invalid N-Triples response line 1139284"",""cell_wall_ms"":58220.638,""c_parse_samples"":[],""c_protocol_samples"":[],""construct_total_samples"":[],""construct_unattributed_samples"":[],""status"":""err:ValueError"",""status_evidence"":{""kind"":""unspecified"",""message"":""invalid N-Triples response line 1139284""},""construction_requested"":null,""construction_effective"":null,""commit"":""30927b7b5d3bb9c394df57f9454162ec0b8818e4"",""batch_id"":""c1805e4548b9e6b1e4c35d07987d3339d3f47ec38ce57e889cf043d8365e6e34"",""query_sha256"":""3fb5f004cde33422716d95d5c5cbacb234aca04af540babdfc6cd8420a43d11d"",""engine"":""qlever"",""engine_version"":""QLever [engines.json profile]"",""scale"":""10M"",""base_endpoint_sha256"":""de27bc9b5795f339824b9ba281db7ca210725e43627cd5dfc25b8166ca98b6b8"",""reified_endpoint_sha256"":""f188c79557444ad5deb4e733829ad5b89a290050ab46caa399491fa4555710ea"",""update_endpoint_sha256"":""8a607274f1b3d176dd6acfdc7381c25676b642e78d334a9664e45a2bdf3d52a0"",""base_data_identity_sha256"":""59fb59a04cd20e6dec9ee47cf1de02734068a3328cade998a3fc44a746054ea8"",""reified_data_identity_sha256"":""a42a308bd2c5294f3aa79a1a3b15804d4137fd68d7677d9adc037e257a217e76"",""update_for"":""none"",""access_mode"":""read-only"",""base_data_name"":""exploratory-base"",""reified_data_name"":""exploratory-reified"",""update_canary_sha256"":""2b9b44b25cd1c568cd57c6c5df25ae260b68229044617821fb33f542dab77648"",""store_instance_sha256"":""603cfbcfaa789b9594f9f90c9f9a5d475d891c57ec09512df1a8db40abab27c6"",""store_discriminator_sha256"":""f9ff8d30db2db1840ca1585b5598b1cf4d1d06ac2adb86a55b430669507fabff"",""tool_sha256"":""7b43c2342d7676aa65cc9ee233b2184c9eae88f2663874af7ab1b83282f94ab4"",""java_runtime_sha256"":""6ffd10b28ab050230cdc1137f0bd16155c3a7c587add7fbe921d985fa92879fe"",""run_identity_sha256"":""d9bdaabb62d8931a4728fdd5035bb77ab90bda86d493e7a2cccd2c53449a2f19""}"
30927b7b5d3bb9c394df57f9454162ec0b8818e4,qlever,QLever [engines.json profile],10M,M,M5,00,dbc6ab431c394a25feca14ac948b1ff1ee2c7bd219d3350f64cbec9447ef0e16,B,base-select,ok,89794,390.9,390.9,390.9,390.9,0.0,0,1,900.0,8404279,0.0,,,,,0.00792,[390.857],[0.0],,[],,[],,[],r9.2-frozen-identity-v8,c1805e4548b9e6b1e4c35d07987d3339d3f47ec38ce57e889cf043d8365e6e34,csv-binding-multiset-v1,89794,41eb517c605aceda23d4ce2c5d5a2ef18fade3c9a298c195887d044fd078803b,,,,,,,,de27bc9b5795f339824b9ba281db7ca210725e43627cd5dfc25b8166ca98b6b8,f188c79557444ad5deb4e733829ad5b89a290050ab46caa399491fa4555710ea,8a607274f1b3d176dd6acfdc7381c25676b642e78d334a9664e45a2bdf3d52a0,59fb59a04cd20e6dec9ee47cf1de02734068a3328cade998a3fc44a746054ea8,a42a308bd2c5294f3aa79a1a3b15804d4137fd68d7677d9adc037e257a217e76,none,read-only,exploratory-base,exploratory-reified,2b9b44b25cd1c568cd57c6c5df25ae260b68229044617821fb33f542dab77648,603cfbcfaa789b9594f9f90c9f9a5d475d891c57ec09512df1a8db40abab27c6,f9ff8d30db2db1840ca1585b5598b1cf4d1d06ac2adb86a55b430669507fabff,7b43c2342d7676aa65cc9ee233b2184c9eae88f2663874af7ab1b83282f94ab4,6ffd10b28ab050230cdc1137f0bd16155c3a7c587add7fbe921d985fa92879fe,95395389d3029171eb2d65616fe1d55f8d323c4e3137ca35843d5f5fd9a90437,"pcm-meta-v2:{""protocol"":""r9.2-frozen-identity-v8"",""message"":"""",""cell_wall_ms"":898.355,""answer_kind"":""csv-binding-multiset-v1"",""answer_key_count"":89794,""answer_fingerprint"":""41eb517c605aceda23d4ce2c5d5a2ef18fade3c9a298c195887d044fd078803b"",""c_parse_samples"":[0.0],""c_protocol_samples"":[],""construct_total_samples"":[],""construct_unattributed_samples"":[],""status"":""ok"",""status_evidence"":null,""construction_requested"":null,""construction_effective"":null,""commit"":""30927b7b5d3bb9c394df57f9454162ec0b8818e4"",""batch_id"":""c1805e4548b9e6b1e4c35d07987d3339d3f47ec38ce57e889cf043d8365e6e34"",""query_sha256"":""dbc6ab431c394a25feca14ac948b1ff1ee2c7bd219d3350f64cbec9447ef0e16"",""engine"":""qlever"",""engine_version"":""QLever [engines.json profile]"",""scale"":""10M"",""base_endpoint_sha256"":""de27bc9b5795f339824b9ba281db7ca210725e43627cd5dfc25b8166ca98b6b8"",""reified_endpoint_sha256"":""f188c79557444ad5deb4e733829ad5b89a290050ab46caa399491fa4555710ea"",""update_endpoint_sha256"":""8a607274f1b3d176dd6acfdc7381c25676b642e78d334a9664e45a2bdf3d52a0"",""base_data_identity_sha256"":""59fb59a04cd20e6dec9ee47cf1de02734068a3328cade998a3fc44a746054ea8"",""reified_data_identity_sha256"":""a42a308bd2c5294f3aa79a1a3b15804d4137fd68d7677d9adc037e257a217e76"",""update_for"":""none"",""access_mode"":""read-only"",""base_data_name"":""exploratory-base"",""reified_data_name"":""exploratory-reified"",""update_canary_sha256"":""2b9b44b25cd1c568cd57c6c5df25ae260b68229044617821fb33f542dab77648"",""store_instance_sha256"":""603cfbcfaa789b9594f9f90c9f9a5d475d891c57ec09512df1a8db40abab27c6"",""store_discriminator_sha256"":""f9ff8d30db2db1840ca1585b5598b1cf4d1d06ac2adb86a55b430669507fabff"",""tool_sha256"":""7b43c2342d7676aa65cc9ee233b2184c9eae88f2663874af7ab1b83282f94ab4"",""java_runtime_sha256"":""6ffd10b28ab050230cdc1137f0bd16155c3a7c587add7fbe921d985fa92879fe"",""run_identity_sha256"":""95395389d3029171eb2d65616fe1d55f8d323c4e3137ca35843d5f5fd9a90437""}"
30927b7b5d3bb9c394df57f9454162ec0b8818e4,qlever,QLever [engines.json profile],10M,M,M5,00,dbc6ab431c394a25feca14ac948b1ff1ee2c7bd219d3350f64cbec9447ef0e16,R,reification-only,ok,89794,395.6,395.6,395.6,395.6,0.0,0,1,900.0,8404279,0.0,,,,,162.648201,[395.638],[0.0],,[],,[],,[],r9.2-frozen-identity-v8,c1805e4548b9e6b1e4c35d07987d3339d3f47ec38ce57e889cf043d8365e6e34,csv-binding-multiset-v1,89794,41eb517c605aceda23d4ce2c5d5a2ef18fade3c9a298c195887d044fd078803b,,,,,,,,de27bc9b5795f339824b9ba281db7ca210725e43627cd5dfc25b8166ca98b6b8,f188c79557444ad5deb4e733829ad5b89a290050ab46caa399491fa4555710ea,8a607274f1b3d176dd6acfdc7381c25676b642e78d334a9664e45a2bdf3d52a0,59fb59a04cd20e6dec9ee47cf1de02734068a3328cade998a3fc44a746054ea8,a42a308bd2c5294f3aa79a1a3b15804d4137fd68d7677d9adc037e257a217e76,none,read-only,exploratory-base,exploratory-reified,2b9b44b25cd1c568cd57c6c5df25ae260b68229044617821fb33f542dab77648,603cfbcfaa789b9594f9f90c9f9a5d475d891c57ec09512df1a8db40abab27c6,f9ff8d30db2db1840ca1585b5598b1cf4d1d06ac2adb86a55b430669507fabff,7b43c2342d7676aa65cc9ee233b2184c9eae88f2663874af7ab1b83282f94ab4,6ffd10b28ab050230cdc1137f0bd16155c3a7c587add7fbe921d985fa92879fe,95395389d3029171eb2d65616fe1d55f8d323c4e3137ca35843d5f5fd9a90437,"pcm-meta-v2:{""protocol"":""r9.2-frozen-identity-v8"",""message"":"""",""cell_wall_ms"":1107.253,""answer_kind"":""csv-binding-multiset-v1"",""answer_key_count"":89794,""answer_fingerprint"":""41eb517c605aceda23d4ce2c5d5a2ef18fade3c9a298c195887d044fd078803b"",""c_parse_samples"":[0.0],""c_protocol_samples"":[],""construct_total_samples"":[],""construct_unattributed_samples"":[],""status"":""ok"",""status_evidence"":null,""construction_requested"":null,""construction_effective"":null,""commit"":""30927b7b5d3bb9c394df57f9454162ec0b8818e4"",""batch_id"":""c1805e4548b9e6b1e4c35d07987d3339d3f47ec38ce57e889cf043d8365e6e34"",""query_sha256"":""dbc6ab431c394a25feca14ac948b1ff1ee2c7bd219d3350f64cbec9447ef0e16"",""engine"":""qlever"",""engine_version"":""QLever [engines.json profile]"",""scale"":""10M"",""base_endpoint_sha256"":""de27bc9b5795f339824b9ba281db7ca210725e43627cd5dfc25b8166ca98b6b8"",""reified_endpoint_sha256"":""f188c79557444ad5deb4e733829ad5b89a290050ab46caa399491fa4555710ea"",""update_endpoint_sha256"":""8a607274f1b3d176dd6acfdc7381c25676b642e78d334a9664e45a2bdf3d52a0"",""base_data_identity_sha256"":""59fb59a04cd20e6dec9ee47cf1de02734068a3328cade998a3fc44a746054ea8"",""reified_data_identity_sha256"":""a42a308bd2c5294f3aa79a1a3b15804d4137fd68d7677d9adc037e257a217e76"",""update_for"":""none"",""access_mode"":""read-only"",""base_data_name"":""exploratory-base"",""reified_data_name"":""exploratory-reified"",""update_canary_sha256"":""2b9b44b25cd1c568cd57c6c5df25ae260b68229044617821fb33f542dab77648"",""store_instance_sha256"":""603cfbcfaa789b9594f9f90c9f9a5d475d891c57ec09512df1a8db40abab27c6"",""store_discriminator_sha256"":""f9ff8d30db2db1840ca1585b5598b1cf4d1d06ac2adb86a55b430669507fabff"",""tool_sha256"":""7b43c2342d7676aa65cc9ee233b2184c9eae88f2663874af7ab1b83282f94ab4"",""java_runtime_sha256"":""6ffd10b28ab050230cdc1137f0bd16155c3a7c587add7fbe921d985fa92879fe"",""run_identity_sha256"":""95395389d3029171eb2d65616fe1d55f8d323c4e3137ca35843d5f5fd9a90437""}"
30927b7b5d3bb9c394df57f9454162ec0b8818e4,qlever,QLever [engines.json profile],10M,M,M5,00,dbc6ab431c394a25feca14ac948b1ff1ee2c7bd219d3350f64cbec9447ef0e16,N,N_clean (NPCS reimplementation),ok,112401,893.0,893.0,893.0,893.0,0.0,0,1,900.0,15049712,0.0,,,,194937,182.765844,[893.003],[0.0],,[],,[],,[],r9.2-frozen-identity-v8,c1805e4548b9e6b1e4c35d07987d3339d3f47ec38ce57e889cf043d8365e6e34,csv-candidate-multiset-v1,112401,c9ca842bef22673e1dfbb7fce75ea900f63d4ddf80f3fe7a9d7c67a58310814b,,,,,,,,de27bc9b5795f339824b9ba281db7ca210725e43627cd5dfc25b8166ca98b6b8,f188c79557444ad5deb4e733829ad5b89a290050ab46caa399491fa4555710ea,8a607274f1b3d176dd6acfdc7381c25676b642e78d334a9664e45a2bdf3d52a0,59fb59a04cd20e6dec9ee47cf1de02734068a3328cade998a3fc44a746054ea8,a42a308bd2c5294f3aa79a1a3b15804d4137fd68d7677d9adc037e257a217e76,none,read-only,exploratory-base,exploratory-reified,2b9b44b25cd1c568cd57c6c5df25ae260b68229044617821fb33f542dab77648,603cfbcfaa789b9594f9f90c9f9a5d475d891c57ec09512df1a8db40abab27c6,f9ff8d30db2db1840ca1585b5598b1cf4d1d06ac2adb86a55b430669507fabff,7b43c2342d7676aa65cc9ee233b2184c9eae88f2663874af7ab1b83282f94ab4,6ffd10b28ab050230cdc1137f0bd16155c3a7c587add7fbe921d985fa92879fe,95395389d3029171eb2d65616fe1d55f8d323c4e3137ca35843d5f5fd9a90437,"pcm-meta-v2:{""protocol"":""r9.2-frozen-identity-v8"",""message"":"""",""cell_wall_ms"":2170.825,""answer_kind"":""csv-candidate-multiset-v1"",""answer_key_count"":112401,""answer_fingerprint"":""c9ca842bef22673e1dfbb7fce75ea900f63d4ddf80f3fe7a9d7c67a58310814b"",""c_parse_samples"":[0.0],""c_protocol_samples"":[],""construct_total_samples"":[],""construct_unattributed_samples"":[],""status"":""ok"",""status_evidence"":null,""construction_requested"":null,""construction_effective"":null,""commit"":""30927b7b5d3bb9c394df57f9454162ec0b8818e4"",""batch_id"":""c1805e4548b9e6b1e4c35d07987d3339d3f47ec38ce57e889cf043d8365e6e34"",""query_sha256"":""dbc6ab431c394a25feca14ac948b1ff1ee2c7bd219d3350f64cbec9447ef0e16"",""engine"":""qlever"",""engine_version"":""QLever [engines.json profile]"",""scale"":""10M"",""base_endpoint_sha256"":""de27bc9b5795f339824b9ba281db7ca210725e43627cd5dfc25b8166ca98b6b8"",""reified_endpoint_sha256"":""f188c79557444ad5deb4e733829ad5b89a290050ab46caa399491fa4555710ea"",""update_endpoint_sha256"":""8a607274f1b3d176dd6acfdc7381c25676b642e78d334a9664e45a2bdf3d52a0"",""base_data_identity_sha256"":""59fb59a04cd20e6dec9ee47cf1de02734068a3328cade998a3fc44a746054ea8"",""reified_data_identity_sha256"":""a42a308bd2c5294f3aa79a1a3b15804d4137fd68d7677d9adc037e257a217e76"",""update_for"":""none"",""access_mode"":""read-only"",""base_data_name"":""exploratory-base"",""reified_data_name"":""exploratory-reified"",""update_canary_sha256"":""2b9b44b25cd1c568cd57c6c5df25ae260b68229044617821fb33f542dab77648"",""store_instance_sha256"":""603cfbcfaa789b9594f9f90c9f9a5d475d891c57ec09512df1a8db40abab27c6"",""store_discriminator_sha256"":""f9ff8d30db2db1840ca1585b5598b1cf4d1d06ac2adb86a55b430669507fabff"",""tool_sha256"":""7b43c2342d7676aa65cc9ee233b2184c9eae88f2663874af7ab1b83282f94ab4"",""java_runtime_sha256"":""6ffd10b28ab050230cdc1137f0bd16155c3a7c587add7fbe921d985fa92879fe"",""run_identity_sha256"":""95395389d3029171eb2d65616fe1d55f8d323c4e3137ca35843d5f5fd9a90437""}"
30927b7b5d3bb9c394df57f9454162ec0b8818e4,qlever,QLever [engines.json profile],10M,M,M5,00,dbc6ab431c394a25feca14ac948b1ff1ee2c7bd219d3350f64cbec9447ef0e16,C,SPARQLcirc CircuitRewriter,err:ValueError,,,,,,,0,1,900.0,,,,,,,393.0114229442552,[],[],,[],,[],,[],r9.2-frozen-identity-v8,c1805e4548b9e6b1e4c35d07987d3339d3f47ec38ce57e889cf043d8365e6e34,,,,,,,,,,,de27bc9b5795f339824b9ba281db7ca210725e43627cd5dfc25b8166ca98b6b8,f188c79557444ad5deb4e733829ad5b89a290050ab46caa399491fa4555710ea,8a607274f1b3d176dd6acfdc7381c25676b642e78d334a9664e45a2bdf3d52a0,59fb59a04cd20e6dec9ee47cf1de02734068a3328cade998a3fc44a746054ea8,a42a308bd2c5294f3aa79a1a3b15804d4137fd68d7677d9adc037e257a217e76,none,read-only,exploratory-base,exploratory-reified,2b9b44b25cd1c568cd57c6c5df25ae260b68229044617821fb33f542dab77648,603cfbcfaa789b9594f9f90c9f9a5d475d891c57ec09512df1a8db40abab27c6,f9ff8d30db2db1840ca1585b5598b1cf4d1d06ac2adb86a55b430669507fabff,7b43c2342d7676aa65cc9ee233b2184c9eae88f2663874af7ab1b83282f94ab4,6ffd10b28ab050230cdc1137f0bd16155c3a7c587add7fbe921d985fa92879fe,95395389d3029171eb2d65616fe1d55f8d323c4e3137ca35843d5f5fd9a90437,"pcm-meta-v2:{""protocol"":""r9.2-frozen-identity-v8"",""message"":""invalid N-Triples response line 1125744"",""cell_wall_ms"":78136.324,""c_parse_samples"":[],""c_protocol_samples"":[],""construct_total_samples"":[],""construct_unattributed_samples"":[],""status"":""err:ValueError"",""status_evidence"":{""kind"":""unspecified"",""message"":""invalid N-Triples response line 1125744""},""construction_requested"":null,""construction_effective"":null,""commit"":""30927b7b5d3bb9c394df57f9454162ec0b8818e4"",""batch_id"":""c1805e4548b9e6b1e4c35d07987d3339d3f47ec38ce57e889cf043d8365e6e34"",""query_sha256"":""dbc6ab431c394a25feca14ac948b1ff1ee2c7bd219d3350f64cbec9447ef0e16"",""engine"":""qlever"",""engine_version"":""QLever [engines.json profile]"",""scale"":""10M"",""base_endpoint_sha256"":""de27bc9b5795f339824b9ba281db7ca210725e43627cd5dfc25b8166ca98b6b8"",""reified_endpoint_sha256"":""f188c79557444ad5deb4e733829ad5b89a290050ab46caa399491fa4555710ea"",""update_endpoint_sha256"":""8a607274f1b3d176dd6acfdc7381c25676b642e78d334a9664e45a2bdf3d52a0"",""base_data_identity_sha256"":""59fb59a04cd20e6dec9ee47cf1de02734068a3328cade998a3fc44a746054ea8"",""reified_data_identity_sha256"":""a42a308bd2c5294f3aa79a1a3b15804d4137fd68d7677d9adc037e257a217e76"",""update_for"":""none"",""access_mode"":""read-only"",""base_data_name"":""exploratory-base"",""reified_data_name"":""exploratory-reified"",""update_canary_sha256"":""2b9b44b25cd1c568cd57c6c5df25ae260b68229044617821fb33f542dab77648"",""store_instance_sha256"":""603cfbcfaa789b9594f9f90c9f9a5d475d891c57ec09512df1a8db40abab27c6"",""store_discriminator_sha256"":""f9ff8d30db2db1840ca1585b5598b1cf4d1d06ac2adb86a55b430669507fabff"",""tool_sha256"":""7b43c2342d7676aa65cc9ee233b2184c9eae88f2663874af7ab1b83282f94ab4"",""java_runtime_sha256"":""6ffd10b28ab050230cdc1137f0bd16155c3a7c587add7fbe921d985fa92879fe"",""run_identity_sha256"":""95395389d3029171eb2d65616fe1d55f8d323c4e3137ca35843d5f5fd9a90437""}"
30927b7b5d3bb9c394df57f9454162ec0b8818e4,qlever,QLever [engines.json profile],10M,O,O1,00,0f31130653f6c7f7dad353eb0c056676430f43d831aa1c986bb0e5cfe3f2b72c,B,base-select,ok,49,11.1,11.1,11.1,11.1,0.0,0,1,900.0,4792,0.0,,,,,0.00845,[11.078],[0.0],,[],,[],,[],r9.2-frozen-identity-v8,c1805e4548b9e6b1e4c35d07987d3339d3f47ec38ce57e889cf043d8365e6e34,csv-binding-multiset-v1,49,3f5105ccff38c3afd5c1c1f17f087d0b7d2dea2aba139b7ec9439d724f79aafa,,,,,,,,de27bc9b5795f339824b9ba281db7ca210725e43627cd5dfc25b8166ca98b6b8,f188c79557444ad5deb4e733829ad5b89a290050ab46caa399491fa4555710ea,8a607274f1b3d176dd6acfdc7381c25676b642e78d334a9664e45a2bdf3d52a0,59fb59a04cd20e6dec9ee47cf1de02734068a3328cade998a3fc44a746054ea8,a42a308bd2c5294f3aa79a1a3b15804d4137fd68d7677d9adc037e257a217e76,none,read-only,exploratory-base,exploratory-reified,2b9b44b25cd1c568cd57c6c5df25ae260b68229044617821fb33f542dab77648,603cfbcfaa789b9594f9f90c9f9a5d475d891c57ec09512df1a8db40abab27c6,f9ff8d30db2db1840ca1585b5598b1cf4d1d06ac2adb86a55b430669507fabff,7b43c2342d7676aa65cc9ee233b2184c9eae88f2663874af7ab1b83282f94ab4,6ffd10b28ab050230cdc1137f0bd16155c3a7c587add7fbe921d985fa92879fe,7db6bf16042d33bb34c1b9b17fa23a8fa9318e0961b41ed4330fb6ad2773e05b,"pcm-meta-v2:{""protocol"":""r9.2-frozen-identity-v8"",""message"":"""",""cell_wall_ms"":17.653,""answer_kind"":""csv-binding-multiset-v1"",""answer_key_count"":49,""answer_fingerprint"":""3f5105ccff38c3afd5c1c1f17f087d0b7d2dea2aba139b7ec9439d724f79aafa"",""c_parse_samples"":[0.0],""c_protocol_samples"":[],""construct_total_samples"":[],""construct_unattributed_samples"":[],""status"":""ok"",""status_evidence"":null,""construction_requested"":null,""construction_effective"":null,""commit"":""30927b7b5d3bb9c394df57f9454162ec0b8818e4"",""batch_id"":""c1805e4548b9e6b1e4c35d07987d3339d3f47ec38ce57e889cf043d8365e6e34"",""query_sha256"":""0f31130653f6c7f7dad353eb0c056676430f43d831aa1c986bb0e5cfe3f2b72c"",""engine"":""qlever"",""engine_version"":""QLever [engines.json profile]"",""scale"":""10M"",""base_endpoint_sha256"":""de27bc9b5795f339824b9ba281db7ca210725e43627cd5dfc25b8166ca98b6b8"",""reified_endpoint_sha256"":""f188c79557444ad5deb4e733829ad5b89a290050ab46caa399491fa4555710ea"",""update_endpoint_sha256"":""8a607274f1b3d176dd6acfdc7381c25676b642e78d334a9664e45a2bdf3d52a0"",""base_data_identity_sha256"":""59fb59a04cd20e6dec9ee47cf1de02734068a3328cade998a3fc44a746054ea8"",""reified_data_identity_sha256"":""a42a308bd2c5294f3aa79a1a3b15804d4137fd68d7677d9adc037e257a217e76"",""update_for"":""none"",""access_mode"":""read-only"",""base_data_name"":""exploratory-base"",""reified_data_name"":""exploratory-reified"",""update_canary_sha256"":""2b9b44b25cd1c568cd57c6c5df25ae260b68229044617821fb33f542dab77648"",""store_instance_sha256"":""603cfbcfaa789b9594f9f90c9f9a5d475d891c57ec09512df1a8db40abab27c6"",""store_discriminator_sha256"":""f9ff8d30db2db1840ca1585b5598b1cf4d1d06ac2adb86a55b430669507fabff"",""tool_sha256"":""7b43c2342d7676aa65cc9ee233b2184c9eae88f2663874af7ab1b83282f94ab4"",""java_runtime_sha256"":""6ffd10b28ab050230cdc1137f0bd16155c3a7c587add7fbe921d985fa92879fe"",""run_identity_sha256"":""7db6bf16042d33bb34c1b9b17fa23a8fa9318e0961b41ed4330fb6ad2773e05b""}"
30927b7b5d3bb9c394df57f9454162ec0b8818e4,qlever,QLever [engines.json profile],10M,O,O1,00,0f31130653f6c7f7dad353eb0c056676430f43d831aa1c986bb0e5cfe3f2b72c,R,reification-only,ok,49,6.5,6.5,6.5,6.5,0.0,0,1,900.0,4792,0.0,,,,,161.28568,[6.531],[0.0],,[],,[],,[],r9.2-frozen-identity-v8,c1805e4548b9e6b1e4c35d07987d3339d3f47ec38ce57e889cf043d8365e6e34,csv-binding-multiset-v1,49,3f5105ccff38c3afd5c1c1f17f087d0b7d2dea2aba139b7ec9439d724f79aafa,,,,,,,,de27bc9b5795f339824b9ba281db7ca210725e43627cd5dfc25b8166ca98b6b8,f188c79557444ad5deb4e733829ad5b89a290050ab46caa399491fa4555710ea,8a607274f1b3d176dd6acfdc7381c25676b642e78d334a9664e45a2bdf3d52a0,59fb59a04cd20e6dec9ee47cf1de02734068a3328cade998a3fc44a746054ea8,a42a308bd2c5294f3aa79a1a3b15804d4137fd68d7677d9adc037e257a217e76,none,read-only,exploratory-base,exploratory-reified,2b9b44b25cd1c568cd57c6c5df25ae260b68229044617821fb33f542dab77648,603cfbcfaa789b9594f9f90c9f9a5d475d891c57ec09512df1a8db40abab27c6,f9ff8d30db2db1840ca1585b5598b1cf4d1d06ac2adb86a55b430669507fabff,7b43c2342d7676aa65cc9ee233b2184c9eae88f2663874af7ab1b83282f94ab4,6ffd10b28ab050230cdc1137f0bd16155c3a7c587add7fbe921d985fa92879fe,7db6bf16042d33bb34c1b9b17fa23a8fa9318e0961b41ed4330fb6ad2773e05b,"pcm-meta-v2:{""protocol"":""r9.2-frozen-identity-v8"",""message"":"""",""cell_wall_ms"":176.498,""answer_kind"":""csv-binding-multiset-v1"",""answer_key_count"":49,""answer_fingerprint"":""3f5105ccff38c3afd5c1c1f17f087d0b7d2dea2aba139b7ec9439d724f79aafa"",""c_parse_samples"":[0.0],""c_protocol_samples"":[],""construct_total_samples"":[],""construct_unattributed_samples"":[],""status"":""ok"",""status_evidence"":null,""construction_requested"":null,""construction_effective"":null,""commit"":""30927b7b5d3bb9c394df57f9454162ec0b8818e4"",""batch_id"":""c1805e4548b9e6b1e4c35d07987d3339d3f47ec38ce57e889cf043d8365e6e34"",""query_sha256"":""0f31130653f6c7f7dad353eb0c056676430f43d831aa1c986bb0e5cfe3f2b72c"",""engine"":""qlever"",""engine_version"":""QLever [engines.json profile]"",""scale"":""10M"",""base_endpoint_sha256"":""de27bc9b5795f339824b9ba281db7ca210725e43627cd5dfc25b8166ca98b6b8"",""reified_endpoint_sha256"":""f188c79557444ad5deb4e733829ad5b89a290050ab46caa399491fa4555710ea"",""update_endpoint_sha256"":""8a607274f1b3d176dd6acfdc7381c25676b642e78d334a9664e45a2bdf3d52a0"",""base_data_identity_sha256"":""59fb59a04cd20e6dec9ee47cf1de02734068a3328cade998a3fc44a746054ea8"",""reified_data_identity_sha256"":""a42a308bd2c5294f3aa79a1a3b15804d4137fd68d7677d9adc037e257a217e76"",""update_for"":""none"",""access_mode"":""read-only"",""base_data_name"":""exploratory-base"",""reified_data_name"":""exploratory-reified"",""update_canary_sha256"":""2b9b44b25cd1c568cd57c6c5df25ae260b68229044617821fb33f542dab77648"",""store_instance_sha256"":""603cfbcfaa789b9594f9f90c9f9a5d475d891c57ec09512df1a8db40abab27c6"",""store_discriminator_sha256"":""f9ff8d30db2db1840ca1585b5598b1cf4d1d06ac2adb86a55b430669507fabff"",""tool_sha256"":""7b43c2342d7676aa65cc9ee233b2184c9eae88f2663874af7ab1b83282f94ab4"",""java_runtime_sha256"":""6ffd10b28ab050230cdc1137f0bd16155c3a7c587add7fbe921d985fa92879fe"",""run_identity_sha256"":""7db6bf16042d33bb34c1b9b17fa23a8fa9318e0961b41ed4330fb6ad2773e05b""}"
30927b7b5d3bb9c394df57f9454162ec0b8818e4,qlever,QLever [engines.json profile],10M,O,O1,00,0f31130653f6c7f7dad353eb0c056676430f43d831aa1c986bb0e5cfe3f2b72c,N,N_clean (NPCS reimplementation),ok,51,35.3,35.3,35.3,35.3,0.0,0,1,900.0,5334,0.0,,,,6,184.885467,[35.348],[0.0],,[],,[],,[],r9.2-frozen-identity-v8,c1805e4548b9e6b1e4c35d07987d3339d3f47ec38ce57e889cf043d8365e6e34,csv-candidate-multiset-v1,51,6b76ee39047e26bb7d84045e6ecda0528341f83c48258192969f3ed67b7c2249,,,,,,,,de27bc9b5795f339824b9ba281db7ca210725e43627cd5dfc25b8166ca98b6b8,f188c79557444ad5deb4e733829ad5b89a290050ab46caa399491fa4555710ea,8a607274f1b3d176dd6acfdc7381c25676b642e78d334a9664e45a2bdf3d52a0,59fb59a04cd20e6dec9ee47cf1de02734068a3328cade998a3fc44a746054ea8,a42a308bd2c5294f3aa79a1a3b15804d4137fd68d7677d9adc037e257a217e76,none,read-only,exploratory-base,exploratory-reified,2b9b44b25cd1c568cd57c6c5df25ae260b68229044617821fb33f542dab77648,603cfbcfaa789b9594f9f90c9f9a5d475d891c57ec09512df1a8db40abab27c6,f9ff8d30db2db1840ca1585b5598b1cf4d1d06ac2adb86a55b430669507fabff,7b43c2342d7676aa65cc9ee233b2184c9eae88f2663874af7ab1b83282f94ab4,6ffd10b28ab050230cdc1137f0bd16155c3a7c587add7fbe921d985fa92879fe,7db6bf16042d33bb34c1b9b17fa23a8fa9318e0961b41ed4330fb6ad2773e05b,"pcm-meta-v2:{""protocol"":""r9.2-frozen-identity-v8"",""message"":"""",""cell_wall_ms"":227.413,""answer_kind"":""csv-candidate-multiset-v1"",""answer_key_count"":51,""answer_fingerprint"":""6b76ee39047e26bb7d84045e6ecda0528341f83c48258192969f3ed67b7c2249"",""c_parse_samples"":[0.0],""c_protocol_samples"":[],""construct_total_samples"":[],""construct_unattributed_samples"":[],""status"":""ok"",""status_evidence"":null,""construction_requested"":null,""construction_effective"":null,""commit"":""30927b7b5d3bb9c394df57f9454162ec0b8818e4"",""batch_id"":""c1805e4548b9e6b1e4c35d07987d3339d3f47ec38ce57e889cf043d8365e6e34"",""query_sha256"":""0f31130653f6c7f7dad353eb0c056676430f43d831aa1c986bb0e5cfe3f2b72c"",""engine"":""qlever"",""engine_version"":""QLever [engines.json profile]"",""scale"":""10M"",""base_endpoint_sha256"":""de27bc9b5795f339824b9ba281db7ca210725e43627cd5dfc25b8166ca98b6b8"",""reified_endpoint_sha256"":""f188c79557444ad5deb4e733829ad5b89a290050ab46caa399491fa4555710ea"",""update_endpoint_sha256"":""8a607274f1b3d176dd6acfdc7381c25676b642e78d334a9664e45a2bdf3d52a0"",""base_data_identity_sha256"":""59fb59a04cd20e6dec9ee47cf1de02734068a3328cade998a3fc44a746054ea8"",""reified_data_identity_sha256"":""a42a308bd2c5294f3aa79a1a3b15804d4137fd68d7677d9adc037e257a217e76"",""update_for"":""none"",""access_mode"":""read-only"",""base_data_name"":""exploratory-base"",""reified_data_name"":""exploratory-reified"",""update_canary_sha256"":""2b9b44b25cd1c568cd57c6c5df25ae260b68229044617821fb33f542dab77648"",""store_instance_sha256"":""603cfbcfaa789b9594f9f90c9f9a5d475d891c57ec09512df1a8db40abab27c6"",""store_discriminator_sha256"":""f9ff8d30db2db1840ca1585b5598b1cf4d1d06ac2adb86a55b430669507fabff"",""tool_sha256"":""7b43c2342d7676aa65cc9ee233b2184c9eae88f2663874af7ab1b83282f94ab4"",""java_runtime_sha256"":""6ffd10b28ab050230cdc1137f0bd16155c3a7c587add7fbe921d985fa92879fe"",""run_identity_sha256"":""7db6bf16042d33bb34c1b9b17fa23a8fa9318e0961b41ed4330fb6ad2773e05b""}"
30927b7b5d3bb9c394df57f9454162ec0b8818e4,qlever,QLever [engines.json profile],10M,O,O1,00,0f31130653f6c7f7dad353eb0c056676430f43d831aa1c986bb0e5cfe3f2b72c,C,SPARQLcirc CircuitRewriter,ok,51,737.7,737.7,737.7,737.7,0.0,0,1,900.0,1593168,141.8,5251,5208,2552,,384.047097,[737.724],[141.833],0.0,[0.0],882.8,[882.793],3.2,[3.236],r9.2-frozen-identity-v8,c1805e4548b9e6b1e4c35d07987d3339d3f47ec38ce57e889cf043d8365e6e34,term-aware-candidate-set-v1,51,f2b9dc280b9dc88feef8cd205ef7b89c076f7a65571b463e8e111865707a98ac,flat,flat,b724549b64797fb670080b96ac3531f39402b5dafce599dfb3a5d192e91ea863,/mnt/nfs/home/ac145595/workspace/rq3-artifacts/circuits/qlever-10m/0f31130653f6c7f7dad353eb0c056676430f43d831aa1c986bb0e5cfe3f2b72c-b724549b64797fb670080b96ac3531f39402b5dafce599dfb3a5d192e91ea863.nt,/mnt/nfs/home/ac145595/workspace/rq3-artifacts/circuits/qlever-10m/0f31130653f6c7f7dad353eb0c056676430f43d831aa1c986bb0e5cfe3f2b72c-b724549b64797fb670080b96ac3531f39402b5dafce599dfb3a5d192e91ea863.json,5ffceb850808cb34dc392f7512d618c030a90649f94c556bec49031a0f77efd4,a72a88759edf8034568d4ffacc8f450c40a73f1ad952d33350694192e459969b,de27bc9b5795f339824b9ba281db7ca210725e43627cd5dfc25b8166ca98b6b8,f188c79557444ad5deb4e733829ad5b89a290050ab46caa399491fa4555710ea,8a607274f1b3d176dd6acfdc7381c25676b642e78d334a9664e45a2bdf3d52a0,59fb59a04cd20e6dec9ee47cf1de02734068a3328cade998a3fc44a746054ea8,a42a308bd2c5294f3aa79a1a3b15804d4137fd68d7677d9adc037e257a217e76,none,read-only,exploratory-base,exploratory-reified,2b9b44b25cd1c568cd57c6c5df25ae260b68229044617821fb33f542dab77648,603cfbcfaa789b9594f9f90c9f9a5d475d891c57ec09512df1a8db40abab27c6,f9ff8d30db2db1840ca1585b5598b1cf4d1d06ac2adb86a55b430669507fabff,7b43c2342d7676aa65cc9ee233b2184c9eae88f2663874af7ab1b83282f94ab4,6ffd10b28ab050230cdc1137f0bd16155c3a7c587add7fbe921d985fa92879fe,7db6bf16042d33bb34c1b9b17fa23a8fa9318e0961b41ed4330fb6ad2773e05b,"pcm-meta-v2:{""protocol"":""r9.2-frozen-identity-v8"",""message"":""C requested=flat effective=flat; steps=5 feedback=0; network includes CONSTRUCT, feedback INSERT, and cleanup DELETE"",""cell_wall_ms"":1299.89,""answer_kind"":""term-aware-candidate-set-v1"",""answer_key_count"":51,""answer_fingerprint"":""f2b9dc280b9dc88feef8cd205ef7b89c076f7a65571b463e8e111865707a98ac"",""c_parse_samples"":[141.833],""c_protocol_samples"":[{""requested_mode"":""flat"",""effective_mode"":""flat"",""fallback_reason"":null,""plan_steps"":5,""feedback_steps"":0,""feedback_triples"":0,""construct_query_ms"":737.724,""feedback_update_ms"":0.0,""cleanup_ms"":0.0,""client_protocol_ms"":0.0,""network_scope"":""construct+feedback+cleanup"",""circuit_sha256"":""b724549b64797fb670080b96ac3531f39402b5dafce599dfb3a5d192e91ea863"",""answer_fingerprint"":""f2b9dc280b9dc88feef8cd205ef7b89c076f7a65571b463e8e111865707a98ac"",""semantic_signature_sha256"":""7fddb256603a04cc9ab454172b942fb9eb69aa6b72deab800e83adea912b8d8d"",""structure_signature"":{""gates"":5251,""edges"":5208,""answers"":51,""derivations"":2552,""canonical_bytes"":1593168},""construct_total_ms"":882.793,""client_unattributed_ms"":3.236}],""construct_total_samples"":[882.793],""construct_unattributed_samples"":[3.236],""status"":""ok"",""status_evidence"":null,""c_warmup_signatures"":[],""measured_semantic_signature_sha256"":""7fddb256603a04cc9ab454172b942fb9eb69aa6b72deab800e83adea912b8d8d"",""measured_repetitions_consistent"":true,""cache_snapshot_ms"":26.624,""cache_snapshot_scope"":""first-measured-response; deferred until all runs succeeded"",""outside_cell_cache_write_ms"":70.361,""construction_requested"":""flat"",""construction_effective"":""flat"",""circuit_sha256"":""b724549b64797fb670080b96ac3531f39402b5dafce599dfb3a5d192e91ea863"",""circuit_triples"":11018,""circuit_bytes"":1593168,""circuit_path"":""/mnt/nfs/home/ac145595/workspace/rq3-artifacts/circuits/qlever-10m/0f31130653f6c7f7dad353eb0c056676430f43d831aa1c986bb0e5cfe3f2b72c-b724549b64797fb670080b96ac3531f39402b5dafce599dfb3a5d192e91ea863.nt"",""metadata_path"":""/mnt/nfs/home/ac145595/workspace/rq3-artifacts/circuits/qlever-10m/0f31130653f6c7f7dad353eb0c056676430f43d831aa1c986bb0e5cfe3f2b72c-b724549b64797fb670080b96ac3531f39402b5dafce599dfb3a5d192e91ea863.json"",""producer_observation_sha256"":""5ffceb850808cb34dc392f7512d618c030a90649f94c556bec49031a0f77efd4"",""sidecar_sha256"":""a72a88759edf8034568d4ffacc8f450c40a73f1ad952d33350694192e459969b"",""commit"":""30927b7b5d3bb9c394df57f9454162ec0b8818e4"",""batch_id"":""c1805e4548b9e6b1e4c35d07987d3339d3f47ec38ce57e889cf043d8365e6e34"",""query_sha256"":""0f31130653f6c7f7dad353eb0c056676430f43d831aa1c986bb0e5cfe3f2b72c"",""engine"":""qlever"",""engine_version"":""QLever [engines.json profile]"",""scale"":""10M"",""base_endpoint_sha256"":""de27bc9b5795f339824b9ba281db7ca210725e43627cd5dfc25b8166ca98b6b8"",""reified_endpoint_sha256"":""f188c79557444ad5deb4e733829ad5b89a290050ab46caa399491fa4555710ea"",""update_endpoint_sha256"":""8a607274f1b3d176dd6acfdc7381c25676b642e78d334a9664e45a2bdf3d52a0"",""base_data_identity_sha256"":""59fb59a04cd20e6dec9ee47cf1de02734068a3328cade998a3fc44a746054ea8"",""reified_data_identity_sha256"":""a42a308bd2c5294f3aa79a1a3b15804d4137fd68d7677d9adc037e257a217e76"",""update_for"":""none"",""access_mode"":""read-only"",""base_data_name"":""exploratory-base"",""reified_data_name"":""exploratory-reified"",""update_canary_sha256"":""2b9b44b25cd1c568cd57c6c5df25ae260b68229044617821fb33f542dab77648"",""store_instance_sha256"":""603cfbcfaa789b9594f9f90c9f9a5d475d891c57ec09512df1a8db40abab27c6"",""store_discriminator_sha256"":""f9ff8d30db2db1840ca1585b5598b1cf4d1d06ac2adb86a55b430669507fabff"",""tool_sha256"":""7b43c2342d7676aa65cc9ee233b2184c9eae88f2663874af7ab1b83282f94ab4"",""java_runtime_sha256"":""6ffd10b28ab050230cdc1137f0bd16155c3a7c587add7fbe921d985fa92879fe"",""run_identity_sha256"":""7db6bf16042d33bb34c1b9b17fa23a8fa9318e0961b41ed4330fb6ad2773e05b""}"
30927b7b5d3bb9c394df57f9454162ec0b8818e4,qlever,QLever [engines.json profile],10M,O,O2,00,e2353d138cc41a9c8013909b8e8b380cf7ba04e2544b8ca784e13ce0c7009eb6,B,base-select,ok,58,9.5,9.5,9.5,9.5,0.0,0,1,900.0,5049,0.0,,,,,0.007711,[9.472],[0.0],,[],,[],,[],r9.2-frozen-identity-v8,c1805e4548b9e6b1e4c35d07987d3339d3f47ec38ce57e889cf043d8365e6e34,csv-binding-multiset-v1,58,a9898726a33b83bada8e389e9e757af729a680454586f66fc71b2866483774b7,,,,,,,,de27bc9b5795f339824b9ba281db7ca210725e43627cd5dfc25b8166ca98b6b8,f188c79557444ad5deb4e733829ad5b89a290050ab46caa399491fa4555710ea,8a607274f1b3d176dd6acfdc7381c25676b642e78d334a9664e45a2bdf3d52a0,59fb59a04cd20e6dec9ee47cf1de02734068a3328cade998a3fc44a746054ea8,a42a308bd2c5294f3aa79a1a3b15804d4137fd68d7677d9adc037e257a217e76,none,read-only,exploratory-base,exploratory-reified,2b9b44b25cd1c568cd57c6c5df25ae260b68229044617821fb33f542dab77648,603cfbcfaa789b9594f9f90c9f9a5d475d891c57ec09512df1a8db40abab27c6,f9ff8d30db2db1840ca1585b5598b1cf4d1d06ac2adb86a55b430669507fabff,7b43c2342d7676aa65cc9ee233b2184c9eae88f2663874af7ab1b83282f94ab4,6ffd10b28ab050230cdc1137f0bd16155c3a7c587add7fbe921d985fa92879fe,ba70974901ab6f0715b865e92113386aef3c814b9c0cebe9dae8803509858cb1,"pcm-meta-v2:{""protocol"":""r9.2-frozen-identity-v8"",""message"":"""",""cell_wall_ms"":16.203,""answer_kind"":""csv-binding-multiset-v1"",""answer_key_count"":58,""answer_fingerprint"":""a9898726a33b83bada8e389e9e757af729a680454586f66fc71b2866483774b7"",""c_parse_samples"":[0.0],""c_protocol_samples"":[],""construct_total_samples"":[],""construct_unattributed_samples"":[],""status"":""ok"",""status_evidence"":null,""construction_requested"":null,""construction_effective"":null,""commit"":""30927b7b5d3bb9c394df57f9454162ec0b8818e4"",""batch_id"":""c1805e4548b9e6b1e4c35d07987d3339d3f47ec38ce57e889cf043d8365e6e34"",""query_sha256"":""e2353d138cc41a9c8013909b8e8b380cf7ba04e2544b8ca784e13ce0c7009eb6"",""engine"":""qlever"",""engine_version"":""QLever [engines.json profile]"",""scale"":""10M"",""base_endpoint_sha256"":""de27bc9b5795f339824b9ba281db7ca210725e43627cd5dfc25b8166ca98b6b8"",""reified_endpoint_sha256"":""f188c79557444ad5deb4e733829ad5b89a290050ab46caa399491fa4555710ea"",""update_endpoint_sha256"":""8a607274f1b3d176dd6acfdc7381c25676b642e78d334a9664e45a2bdf3d52a0"",""base_data_identity_sha256"":""59fb59a04cd20e6dec9ee47cf1de02734068a3328cade998a3fc44a746054ea8"",""reified_data_identity_sha256"":""a42a308bd2c5294f3aa79a1a3b15804d4137fd68d7677d9adc037e257a217e76"",""update_for"":""none"",""access_mode"":""read-only"",""base_data_name"":""exploratory-base"",""reified_data_name"":""exploratory-reified"",""update_canary_sha256"":""2b9b44b25cd1c568cd57c6c5df25ae260b68229044617821fb33f542dab77648"",""store_instance_sha256"":""603cfbcfaa789b9594f9f90c9f9a5d475d891c57ec09512df1a8db40abab27c6"",""store_discriminator_sha256"":""f9ff8d30db2db1840ca1585b5598b1cf4d1d06ac2adb86a55b430669507fabff"",""tool_sha256"":""7b43c2342d7676aa65cc9ee233b2184c9eae88f2663874af7ab1b83282f94ab4"",""java_runtime_sha256"":""6ffd10b28ab050230cdc1137f0bd16155c3a7c587add7fbe921d985fa92879fe"",""run_identity_sha256"":""ba70974901ab6f0715b865e92113386aef3c814b9c0cebe9dae8803509858cb1""}"
30927b7b5d3bb9c394df57f9454162ec0b8818e4,qlever,QLever [engines.json profile],10M,O,O2,00,e2353d138cc41a9c8013909b8e8b380cf7ba04e2544b8ca784e13ce0c7009eb6,R,reification-only,ok,58,4.4,4.4,4.4,4.4,0.0,0,1,900.0,5049,0.0,,,,,132.74315,[4.419],[0.0],,[],,[],,[],r9.2-frozen-identity-v8,c1805e4548b9e6b1e4c35d07987d3339d3f47ec38ce57e889cf043d8365e6e34,csv-binding-multiset-v1,58,a9898726a33b83bada8e389e9e757af729a680454586f66fc71b2866483774b7,,,,,,,,de27bc9b5795f339824b9ba281db7ca210725e43627cd5dfc25b8166ca98b6b8,f188c79557444ad5deb4e733829ad5b89a290050ab46caa399491fa4555710ea,8a607274f1b3d176dd6acfdc7381c25676b642e78d334a9664e45a2bdf3d52a0,59fb59a04cd20e6dec9ee47cf1de02734068a3328cade998a3fc44a746054ea8,a42a308bd2c5294f3aa79a1a3b15804d4137fd68d7677d9adc037e257a217e76,none,read-only,exploratory-base,exploratory-reified,2b9b44b25cd1c568cd57c6c5df25ae260b68229044617821fb33f542dab77648,603cfbcfaa789b9594f9f90c9f9a5d475d891c57ec09512df1a8db40abab27c6,f9ff8d30db2db1840ca1585b5598b1cf4d1d06ac2adb86a55b430669507fabff,7b43c2342d7676aa65cc9ee233b2184c9eae88f2663874af7ab1b83282f94ab4,6ffd10b28ab050230cdc1137f0bd16155c3a7c587add7fbe921d985fa92879fe,ba70974901ab6f0715b865e92113386aef3c814b9c0cebe9dae8803509858cb1,"pcm-meta-v2:{""protocol"":""r9.2-frozen-identity-v8"",""message"":"""",""cell_wall_ms"":145.579,""answer_kind"":""csv-binding-multiset-v1"",""answer_key_count"":58,""answer_fingerprint"":""a9898726a33b83bada8e389e9e757af729a680454586f66fc71b2866483774b7"",""c_parse_samples"":[0.0],""c_protocol_samples"":[],""construct_total_samples"":[],""construct_unattributed_samples"":[],""status"":""ok"",""status_evidence"":null,""construction_requested"":null,""construction_effective"":null,""commit"":""30927b7b5d3bb9c394df57f9454162ec0b8818e4"",""batch_id"":""c1805e4548b9e6b1e4c35d07987d3339d3f47ec38ce57e889cf043d8365e6e34"",""query_sha256"":""e2353d138cc41a9c8013909b8e8b380cf7ba04e2544b8ca784e13ce0c7009eb6"",""engine"":""qlever"",""engine_version"":""QLever [engines.json profile]"",""scale"":""10M"",""base_endpoint_sha256"":""de27bc9b5795f339824b9ba281db7ca210725e43627cd5dfc25b8166ca98b6b8"",""reified_endpoint_sha256"":""f188c79557444ad5deb4e733829ad5b89a290050ab46caa399491fa4555710ea"",""update_endpoint_sha256"":""8a607274f1b3d176dd6acfdc7381c25676b642e78d334a9664e45a2bdf3d52a0"",""base_data_identity_sha256"":""59fb59a04cd20e6dec9ee47cf1de02734068a3328cade998a3fc44a746054ea8"",""reified_data_identity_sha256"":""a42a308bd2c5294f3aa79a1a3b15804d4137fd68d7677d9adc037e257a217e76"",""update_for"":""none"",""access_mode"":""read-only"",""base_data_name"":""exploratory-base"",""reified_data_name"":""exploratory-reified"",""update_canary_sha256"":""2b9b44b25cd1c568cd57c6c5df25ae260b68229044617821fb33f542dab77648"",""store_instance_sha256"":""603cfbcfaa789b9594f9f90c9f9a5d475d891c57ec09512df1a8db40abab27c6"",""store_discriminator_sha256"":""f9ff8d30db2db1840ca1585b5598b1cf4d1d06ac2adb86a55b430669507fabff"",""tool_sha256"":""7b43c2342d7676aa65cc9ee233b2184c9eae88f2663874af7ab1b83282f94ab4"",""java_runtime_sha256"":""6ffd10b28ab050230cdc1137f0bd16155c3a7c587add7fbe921d985fa92879fe"",""run_identity_sha256"":""ba70974901ab6f0715b865e92113386aef3c814b9c0cebe9dae8803509858cb1""}"
30927b7b5d3bb9c394df57f9454162ec0b8818e4,qlever,QLever [engines.json profile],10M,O,O2,00,e2353d138cc41a9c8013909b8e8b380cf7ba04e2544b8ca784e13ce0c7009eb6,N,N_clean (NPCS reimplementation),ok,63,9.4,9.4,9.4,9.4,0.0,0,1,900.0,8791,0.0,,,,103,190.512641,[9.4],[0.0],,[],,[],,[],r9.2-frozen-identity-v8,c1805e4548b9e6b1e4c35d07987d3339d3f47ec38ce57e889cf043d8365e6e34,csv-candidate-multiset-v1,63,dbc3fc8a974a6ae60ca28ffbf94e0450ac8b5067c75ec95a903f300354d807e1,,,,,,,,de27bc9b5795f339824b9ba281db7ca210725e43627cd5dfc25b8166ca98b6b8,f188c79557444ad5deb4e733829ad5b89a290050ab46caa399491fa4555710ea,8a607274f1b3d176dd6acfdc7381c25676b642e78d334a9664e45a2bdf3d52a0,59fb59a04cd20e6dec9ee47cf1de02734068a3328cade998a3fc44a746054ea8,a42a308bd2c5294f3aa79a1a3b15804d4137fd68d7677d9adc037e257a217e76,none,read-only,exploratory-base,exploratory-reified,2b9b44b25cd1c568cd57c6c5df25ae260b68229044617821fb33f542dab77648,603cfbcfaa789b9594f9f90c9f9a5d475d891c57ec09512df1a8db40abab27c6,f9ff8d30db2db1840ca1585b5598b1cf4d1d06ac2adb86a55b430669507fabff,7b43c2342d7676aa65cc9ee233b2184c9eae88f2663874af7ab1b83282f94ab4,6ffd10b28ab050230cdc1137f0bd16155c3a7c587add7fbe921d985fa92879fe,ba70974901ab6f0715b865e92113386aef3c814b9c0cebe9dae8803509858cb1,"pcm-meta-v2:{""protocol"":""r9.2-frozen-identity-v8"",""message"":"""",""cell_wall_ms"":206.918,""answer_kind"":""csv-candidate-multiset-v1"",""answer_key_count"":63,""answer_fingerprint"":""dbc3fc8a974a6ae60ca28ffbf94e0450ac8b5067c75ec95a903f300354d807e1"",""c_parse_samples"":[0.0],""c_protocol_samples"":[],""construct_total_samples"":[],""construct_unattributed_samples"":[],""status"":""ok"",""status_evidence"":null,""construction_requested"":null,""construction_effective"":null,""commit"":""30927b7b5d3bb9c394df57f9454162ec0b8818e4"",""batch_id"":""c1805e4548b9e6b1e4c35d07987d3339d3f47ec38ce57e889cf043d8365e6e34"",""query_sha256"":""e2353d138cc41a9c8013909b8e8b380cf7ba04e2544b8ca784e13ce0c7009eb6"",""engine"":""qlever"",""engine_version"":""QLever [engines.json profile]"",""scale"":""10M"",""base_endpoint_sha256"":""de27bc9b5795f339824b9ba281db7ca210725e43627cd5dfc25b8166ca98b6b8"",""reified_endpoint_sha256"":""f188c79557444ad5deb4e733829ad5b89a290050ab46caa399491fa4555710ea"",""update_endpoint_sha256"":""8a607274f1b3d176dd6acfdc7381c25676b642e78d334a9664e45a2bdf3d52a0"",""base_data_identity_sha256"":""59fb59a04cd20e6dec9ee47cf1de02734068a3328cade998a3fc44a746054ea8"",""reified_data_identity_sha256"":""a42a308bd2c5294f3aa79a1a3b15804d4137fd68d7677d9adc037e257a217e76"",""update_for"":""none"",""access_mode"":""read-only"",""base_data_name"":""exploratory-base"",""reified_data_name"":""exploratory-reified"",""update_canary_sha256"":""2b9b44b25cd1c568cd57c6c5df25ae260b68229044617821fb33f542dab77648"",""store_instance_sha256"":""603cfbcfaa789b9594f9f90c9f9a5d475d891c57ec09512df1a8db40abab27c6"",""store_discriminator_sha256"":""f9ff8d30db2db1840ca1585b5598b1cf4d1d06ac2adb86a55b430669507fabff"",""tool_sha256"":""7b43c2342d7676aa65cc9ee233b2184c9eae88f2663874af7ab1b83282f94ab4"",""java_runtime_sha256"":""6ffd10b28ab050230cdc1137f0bd16155c3a7c587add7fbe921d985fa92879fe"",""run_identity_sha256"":""ba70974901ab6f0715b865e92113386aef3c814b9c0cebe9dae8803509858cb1""}"
30927b7b5d3bb9c394df57f9454162ec0b8818e4,qlever,QLever [engines.json profile],10M,O,O2,00,e2353d138cc41a9c8013909b8e8b380cf7ba04e2544b8ca784e13ce0c7009eb6,C,SPARQLcirc CircuitRewriter,ok,63,7716.0,7716.0,7716.0,7716.0,0.0,0,1,900.0,64994748,7199.5,224970,225040,112464,,367.141753,[7716.043],[7199.464],0.0,[0.0],15231.3,[15231.278],315.8,[315.77],r9.2-frozen-identity-v8,c1805e4548b9e6b1e4c35d07987d3339d3f47ec38ce57e889cf043d8365e6e34,term-aware-candidate-set-v1,63,3c1096c7b1f4f1b47fea216d40b93e1535013aed23ce1287d4f0c76401995f00,flat,flat,d2c651689e46dd84cda554e280452fd9ecb0e37efa501ab54637551c4efb0c47,/mnt/nfs/home/ac145595/workspace/rq3-artifacts/circuits/qlever-10m/e2353d138cc41a9c8013909b8e8b380cf7ba04e2544b8ca784e13ce0c7009eb6-d2c651689e46dd84cda554e280452fd9ecb0e37efa501ab54637551c4efb0c47.nt,/mnt/nfs/home/ac145595/workspace/rq3-artifacts/circuits/qlever-10m/e2353d138cc41a9c8013909b8e8b380cf7ba04e2544b8ca784e13ce0c7009eb6-d2c651689e46dd84cda554e280452fd9ecb0e37efa501ab54637551c4efb0c47.json,113c8bf862f264a1cd3686f7d435c8c0c543cf69a1ab528e54cf2657ae24b89b,fb3a9b72b76ac5de6659aa96a8cfa2474d2f48a7e588d7e274cafd5cab91c10f,de27bc9b5795f339824b9ba281db7ca210725e43627cd5dfc25b8166ca98b6b8,f188c79557444ad5deb4e733829ad5b89a290050ab46caa399491fa4555710ea,8a607274f1b3d176dd6acfdc7381c25676b642e78d334a9664e45a2bdf3d52a0,59fb59a04cd20e6dec9ee47cf1de02734068a3328cade998a3fc44a746054ea8,a42a308bd2c5294f3aa79a1a3b15804d4137fd68d7677d9adc037e257a217e76,none,read-only,exploratory-base,exploratory-reified,2b9b44b25cd1c568cd57c6c5df25ae260b68229044617821fb33f542dab77648,603cfbcfaa789b9594f9f90c9f9a5d475d891c57ec09512df1a8db40abab27c6,f9ff8d30db2db1840ca1585b5598b1cf4d1d06ac2adb86a55b430669507fabff,7b43c2342d7676aa65cc9ee233b2184c9eae88f2663874af7ab1b83282f94ab4,6ffd10b28ab050230cdc1137f0bd16155c3a7c587add7fbe921d985fa92879fe,ba70974901ab6f0715b865e92113386aef3c814b9c0cebe9dae8803509858cb1,"pcm-meta-v2:{""protocol"":""r9.2-frozen-identity-v8"",""message"":""C requested=flat effective=flat; steps=5 feedback=0; network includes CONSTRUCT, feedback INSERT, and cleanup DELETE"",""cell_wall_ms"":17089.018,""answer_kind"":""term-aware-candidate-set-v1"",""answer_key_count"":63,""answer_fingerprint"":""3c1096c7b1f4f1b47fea216d40b93e1535013aed23ce1287d4f0c76401995f00"",""c_parse_samples"":[7199.464],""c_protocol_samples"":[{""requested_mode"":""flat"",""effective_mode"":""flat"",""fallback_reason"":null,""plan_steps"":5,""feedback_steps"":0,""feedback_triples"":0,""construct_query_ms"":7716.043,""feedback_update_ms"":0.0,""cleanup_ms"":0.0,""client_protocol_ms"":0.0,""network_scope"":""construct+feedback+cleanup"",""circuit_sha256"":""d2c651689e46dd84cda554e280452fd9ecb0e37efa501ab54637551c4efb0c47"",""answer_fingerprint"":""3c1096c7b1f4f1b47fea216d40b93e1535013aed23ce1287d4f0c76401995f00"",""semantic_signature_sha256"":""ef281860cd04486959583e928bafee9f218aecce62e2ebb6651e8e072ded6c74"",""structure_signature"":{""gates"":224970,""edges"":225040,""answers"":63,""derivations"":112464,""canonical_bytes"":64994748},""construct_total_ms"":15231.278,""client_unattributed_ms"":315.77}],""construct_total_samples"":[15231.278],""construct_unattributed_samples"":[315.77],""status"":""ok"",""status_evidence"":null,""c_warmup_signatures"":[],""measured_semantic_signature_sha256"":""ef281860cd04486959583e928bafee9f218aecce62e2ebb6651e8e072ded6c74"",""measured_repetitions_consistent"":true,""cache_snapshot_ms"":1435.196,""cache_snapshot_scope"":""first-measured-response; deferred until all runs succeeded"",""outside_cell_cache_write_ms"":3315.664,""construction_requested"":""flat"",""construction_effective"":""flat"",""circuit_sha256"":""d2c651689e46dd84cda554e280452fd9ecb0e37efa501ab54637551c4efb0c47"",""circuit_triples"":450465,""circuit_bytes"":64994748,""circuit_path"":""/mnt/nfs/home/ac145595/workspace/rq3-artifacts/circuits/qlever-10m/e2353d138cc41a9c8013909b8e8b380cf7ba04e2544b8ca784e13ce0c7009eb6-d2c651689e46dd84cda554e280452fd9ecb0e37efa501ab54637551c4efb0c47.nt"",""metadata_path"":""/mnt/nfs/home/ac145595/workspace/rq3-artifacts/circuits/qlever-10m/e2353d138cc41a9c8013909b8e8b380cf7ba04e2544b8ca784e13ce0c7009eb6-d2c651689e46dd84cda554e280452fd9ecb0e37efa501ab54637551c4efb0c47.json"",""producer_observation_sha256"":""113c8bf862f264a1cd3686f7d435c8c0c543cf69a1ab528e54cf2657ae24b89b"",""sidecar_sha256"":""fb3a9b72b76ac5de6659aa96a8cfa2474d2f48a7e588d7e274cafd5cab91c10f"",""commit"":""30927b7b5d3bb9c394df57f9454162ec0b8818e4"",""batch_id"":""c1805e4548b9e6b1e4c35d07987d3339d3f47ec38ce57e889cf043d8365e6e34"",""query_sha256"":""e2353d138cc41a9c8013909b8e8b380cf7ba04e2544b8ca784e13ce0c7009eb6"",""engine"":""qlever"",""engine_version"":""QLever [engines.json profile]"",""scale"":""10M"",""base_endpoint_sha256"":""de27bc9b5795f339824b9ba281db7ca210725e43627cd5dfc25b8166ca98b6b8"",""reified_endpoint_sha256"":""f188c79557444ad5deb4e733829ad5b89a290050ab46caa399491fa4555710ea"",""update_endpoint_sha256"":""8a607274f1b3d176dd6acfdc7381c25676b642e78d334a9664e45a2bdf3d52a0"",""base_data_identity_sha256"":""59fb59a04cd20e6dec9ee47cf1de02734068a3328cade998a3fc44a746054ea8"",""reified_data_identity_sha256"":""a42a308bd2c5294f3aa79a1a3b15804d4137fd68d7677d9adc037e257a217e76"",""update_for"":""none"",""access_mode"":""read-only"",""base_data_name"":""exploratory-base"",""reified_data_name"":""exploratory-reified"",""update_canary_sha256"":""2b9b44b25cd1c568cd57c6c5df25ae260b68229044617821fb33f542dab77648"",""store_instance_sha256"":""603cfbcfaa789b9594f9f90c9f9a5d475d891c57ec09512df1a8db40abab27c6"",""store_discriminator_sha256"":""f9ff8d30db2db1840ca1585b5598b1cf4d1d06ac2adb86a55b430669507fabff"",""tool_sha256"":""7b43c2342d7676aa65cc9ee233b2184c9eae88f2663874af7ab1b83282f94ab4"",""java_runtime_sha256"":""6ffd10b28ab050230cdc1137f0bd16155c3a7c587add7fbe921d985fa92879fe"",""run_identity_sha256"":""ba70974901ab6f0715b865e92113386aef3c814b9c0cebe9dae8803509858cb1""}"
30927b7b5d3bb9c394df57f9454162ec0b8818e4,qlever,QLever [engines.json profile],10M,O,O3,00,8600634422cefcb5ad7bc23d2acb693e5f8bf0686ad4714d2eba90a935b2f2b3,B,base-select,ok,279,9.5,9.5,9.5,9.5,0.0,0,1,900.0,17163,0.0,,,,,0.01513,[9.457],[0.0],,[],,[],,[],r9.2-frozen-identity-v8,c1805e4548b9e6b1e4c35d07987d3339d3f47ec38ce57e889cf043d8365e6e34,csv-binding-multiset-v1,279,7880dece2261e96e3430c284c33d4a9fbc61df6c75e26c67c5b68659b9c32c93,,,,,,,,de27bc9b5795f339824b9ba281db7ca210725e43627cd5dfc25b8166ca98b6b8,f188c79557444ad5deb4e733829ad5b89a290050ab46caa399491fa4555710ea,8a607274f1b3d176dd6acfdc7381c25676b642e78d334a9664e45a2bdf3d52a0,59fb59a04cd20e6dec9ee47cf1de02734068a3328cade998a3fc44a746054ea8,a42a308bd2c5294f3aa79a1a3b15804d4137fd68d7677d9adc037e257a217e76,none,read-only,exploratory-base,exploratory-reified,2b9b44b25cd1c568cd57c6c5df25ae260b68229044617821fb33f542dab77648,603cfbcfaa789b9594f9f90c9f9a5d475d891c57ec09512df1a8db40abab27c6,f9ff8d30db2db1840ca1585b5598b1cf4d1d06ac2adb86a55b430669507fabff,7b43c2342d7676aa65cc9ee233b2184c9eae88f2663874af7ab1b83282f94ab4,6ffd10b28ab050230cdc1137f0bd16155c3a7c587add7fbe921d985fa92879fe,e01bbcf4e0e8f3b74a79382dccefabca34d933386d9db0ca5dbbf4d0e6a4b832,"pcm-meta-v2:{""protocol"":""r9.2-frozen-identity-v8"",""message"":"""",""cell_wall_ms"":17.5,""answer_kind"":""csv-binding-multiset-v1"",""answer_key_count"":279,""answer_fingerprint"":""7880dece2261e96e3430c284c33d4a9fbc61df6c75e26c67c5b68659b9c32c93"",""c_parse_samples"":[0.0],""c_protocol_samples"":[],""construct_total_samples"":[],""construct_unattributed_samples"":[],""status"":""ok"",""status_evidence"":null,""construction_requested"":null,""construction_effective"":null,""commit"":""30927b7b5d3bb9c394df57f9454162ec0b8818e4"",""batch_id"":""c1805e4548b9e6b1e4c35d07987d3339d3f47ec38ce57e889cf043d8365e6e34"",""query_sha256"":""8600634422cefcb5ad7bc23d2acb693e5f8bf0686ad4714d2eba90a935b2f2b3"",""engine"":""qlever"",""engine_version"":""QLever [engines.json profile]"",""scale"":""10M"",""base_endpoint_sha256"":""de27bc9b5795f339824b9ba281db7ca210725e43627cd5dfc25b8166ca98b6b8"",""reified_endpoint_sha256"":""f188c79557444ad5deb4e733829ad5b89a290050ab46caa399491fa4555710ea"",""update_endpoint_sha256"":""8a607274f1b3d176dd6acfdc7381c25676b642e78d334a9664e45a2bdf3d52a0"",""base_data_identity_sha256"":""59fb59a04cd20e6dec9ee47cf1de02734068a3328cade998a3fc44a746054ea8"",""reified_data_identity_sha256"":""a42a308bd2c5294f3aa79a1a3b15804d4137fd68d7677d9adc037e257a217e76"",""update_for"":""none"",""access_mode"":""read-only"",""base_data_name"":""exploratory-base"",""reified_data_name"":""exploratory-reified"",""update_canary_sha256"":""2b9b44b25cd1c568cd57c6c5df25ae260b68229044617821fb33f542dab77648"",""store_instance_sha256"":""603cfbcfaa789b9594f9f90c9f9a5d475d891c57ec09512df1a8db40abab27c6"",""store_discriminator_sha256"":""f9ff8d30db2db1840ca1585b5598b1cf4d1d06ac2adb86a55b430669507fabff"",""tool_sha256"":""7b43c2342d7676aa65cc9ee233b2184c9eae88f2663874af7ab1b83282f94ab4"",""java_runtime_sha256"":""6ffd10b28ab050230cdc1137f0bd16155c3a7c587add7fbe921d985fa92879fe"",""run_identity_sha256"":""e01bbcf4e0e8f3b74a79382dccefabca34d933386d9db0ca5dbbf4d0e6a4b832""}"
30927b7b5d3bb9c394df57f9454162ec0b8818e4,qlever,QLever [engines.json profile],10M,O,O3,00,8600634422cefcb5ad7bc23d2acb693e5f8bf0686ad4714d2eba90a935b2f2b3,R,reification-only,ok,279,3.7,3.7,3.7,3.7,0.0,0,1,900.0,17163,0.0,,,,,129.519742,[3.714],[0.0],,[],,[],,[],r9.2-frozen-identity-v8,c1805e4548b9e6b1e4c35d07987d3339d3f47ec38ce57e889cf043d8365e6e34,csv-binding-multiset-v1,279,7880dece2261e96e3430c284c33d4a9fbc61df6c75e26c67c5b68659b9c32c93,,,,,,,,de27bc9b5795f339824b9ba281db7ca210725e43627cd5dfc25b8166ca98b6b8,f188c79557444ad5deb4e733829ad5b89a290050ab46caa399491fa4555710ea,8a607274f1b3d176dd6acfdc7381c25676b642e78d334a9664e45a2bdf3d52a0,59fb59a04cd20e6dec9ee47cf1de02734068a3328cade998a3fc44a746054ea8,a42a308bd2c5294f3aa79a1a3b15804d4137fd68d7677d9adc037e257a217e76,none,read-only,exploratory-base,exploratory-reified,2b9b44b25cd1c568cd57c6c5df25ae260b68229044617821fb33f542dab77648,603cfbcfaa789b9594f9f90c9f9a5d475d891c57ec09512df1a8db40abab27c6,f9ff8d30db2db1840ca1585b5598b1cf4d1d06ac2adb86a55b430669507fabff,7b43c2342d7676aa65cc9ee233b2184c9eae88f2663874af7ab1b83282f94ab4,6ffd10b28ab050230cdc1137f0bd16155c3a7c587add7fbe921d985fa92879fe,e01bbcf4e0e8f3b74a79382dccefabca34d933386d9db0ca5dbbf4d0e6a4b832,"pcm-meta-v2:{""protocol"":""r9.2-frozen-identity-v8"",""message"":"""",""cell_wall_ms"":141.885,""answer_kind"":""csv-binding-multiset-v1"",""answer_key_count"":279,""answer_fingerprint"":""7880dece2261e96e3430c284c33d4a9fbc61df6c75e26c67c5b68659b9c32c93"",""c_parse_samples"":[0.0],""c_protocol_samples"":[],""construct_total_samples"":[],""construct_unattributed_samples"":[],""status"":""ok"",""status_evidence"":null,""construction_requested"":null,""construction_effective"":null,""commit"":""30927b7b5d3bb9c394df57f9454162ec0b8818e4"",""batch_id"":""c1805e4548b9e6b1e4c35d07987d3339d3f47ec38ce57e889cf043d8365e6e34"",""query_sha256"":""8600634422cefcb5ad7bc23d2acb693e5f8bf0686ad4714d2eba90a935b2f2b3"",""engine"":""qlever"",""engine_version"":""QLever [engines.json profile]"",""scale"":""10M"",""base_endpoint_sha256"":""de27bc9b5795f339824b9ba281db7ca210725e43627cd5dfc25b8166ca98b6b8"",""reified_endpoint_sha256"":""f188c79557444ad5deb4e733829ad5b89a290050ab46caa399491fa4555710ea"",""update_endpoint_sha256"":""8a607274f1b3d176dd6acfdc7381c25676b642e78d334a9664e45a2bdf3d52a0"",""base_data_identity_sha256"":""59fb59a04cd20e6dec9ee47cf1de02734068a3328cade998a3fc44a746054ea8"",""reified_data_identity_sha256"":""a42a308bd2c5294f3aa79a1a3b15804d4137fd68d7677d9adc037e257a217e76"",""update_for"":""none"",""access_mode"":""read-only"",""base_data_name"":""exploratory-base"",""reified_data_name"":""exploratory-reified"",""update_canary_sha256"":""2b9b44b25cd1c568cd57c6c5df25ae260b68229044617821fb33f542dab77648"",""store_instance_sha256"":""603cfbcfaa789b9594f9f90c9f9a5d475d891c57ec09512df1a8db40abab27c6"",""store_discriminator_sha256"":""f9ff8d30db2db1840ca1585b5598b1cf4d1d06ac2adb86a55b430669507fabff"",""tool_sha256"":""7b43c2342d7676aa65cc9ee233b2184c9eae88f2663874af7ab1b83282f94ab4"",""java_runtime_sha256"":""6ffd10b28ab050230cdc1137f0bd16155c3a7c587add7fbe921d985fa92879fe"",""run_identity_sha256"":""e01bbcf4e0e8f3b74a79382dccefabca34d933386d9db0ca5dbbf4d0e6a4b832""}"
30927b7b5d3bb9c394df57f9454162ec0b8818e4,qlever,QLever [engines.json profile],10M,O,O3,00,8600634422cefcb5ad7bc23d2acb693e5f8bf0686ad4714d2eba90a935b2f2b3,N,N_clean (NPCS reimplementation),ok,308,11.6,11.6,11.6,11.6,0.0,0,1,900.0,22090,0.0,,,,87,178.724553,[11.591],[0.0],,[],,[],,[],r9.2-frozen-identity-v8,c1805e4548b9e6b1e4c35d07987d3339d3f47ec38ce57e889cf043d8365e6e34,csv-candidate-multiset-v1,308,fa5873490d84e3d1a6082f56d9664a6f4a4d8062dde851e0709969a7dd42d672,,,,,,,,de27bc9b5795f339824b9ba281db7ca210725e43627cd5dfc25b8166ca98b6b8,f188c79557444ad5deb4e733829ad5b89a290050ab46caa399491fa4555710ea,8a607274f1b3d176dd6acfdc7381c25676b642e78d334a9664e45a2bdf3d52a0,59fb59a04cd20e6dec9ee47cf1de02734068a3328cade998a3fc44a746054ea8,a42a308bd2c5294f3aa79a1a3b15804d4137fd68d7677d9adc037e257a217e76,none,read-only,exploratory-base,exploratory-reified,2b9b44b25cd1c568cd57c6c5df25ae260b68229044617821fb33f542dab77648,603cfbcfaa789b9594f9f90c9f9a5d475d891c57ec09512df1a8db40abab27c6,f9ff8d30db2db1840ca1585b5598b1cf4d1d06ac2adb86a55b430669507fabff,7b43c2342d7676aa65cc9ee233b2184c9eae88f2663874af7ab1b83282f94ab4,6ffd10b28ab050230cdc1137f0bd16155c3a7c587add7fbe921d985fa92879fe,e01bbcf4e0e8f3b74a79382dccefabca34d933386d9db0ca5dbbf4d0e6a4b832,"pcm-meta-v2:{""protocol"":""r9.2-frozen-identity-v8"",""message"":"""",""cell_wall_ms"":199.385,""answer_kind"":""csv-candidate-multiset-v1"",""answer_key_count"":308,""answer_fingerprint"":""fa5873490d84e3d1a6082f56d9664a6f4a4d8062dde851e0709969a7dd42d672"",""c_parse_samples"":[0.0],""c_protocol_samples"":[],""construct_total_samples"":[],""construct_unattributed_samples"":[],""status"":""ok"",""status_evidence"":null,""construction_requested"":null,""construction_effective"":null,""commit"":""30927b7b5d3bb9c394df57f9454162ec0b8818e4"",""batch_id"":""c1805e4548b9e6b1e4c35d07987d3339d3f47ec38ce57e889cf043d8365e6e34"",""query_sha256"":""8600634422cefcb5ad7bc23d2acb693e5f8bf0686ad4714d2eba90a935b2f2b3"",""engine"":""qlever"",""engine_version"":""QLever [engines.json profile]"",""scale"":""10M"",""base_endpoint_sha256"":""de27bc9b5795f339824b9ba281db7ca210725e43627cd5dfc25b8166ca98b6b8"",""reified_endpoint_sha256"":""f188c79557444ad5deb4e733829ad5b89a290050ab46caa399491fa4555710ea"",""update_endpoint_sha256"":""8a607274f1b3d176dd6acfdc7381c25676b642e78d334a9664e45a2bdf3d52a0"",""base_data_identity_sha256"":""59fb59a04cd20e6dec9ee47cf1de02734068a3328cade998a3fc44a746054ea8"",""reified_data_identity_sha256"":""a42a308bd2c5294f3aa79a1a3b15804d4137fd68d7677d9adc037e257a217e76"",""update_for"":""none"",""access_mode"":""read-only"",""base_data_name"":""exploratory-base"",""reified_data_name"":""exploratory-reified"",""update_canary_sha256"":""2b9b44b25cd1c568cd57c6c5df25ae260b68229044617821fb33f542dab77648"",""store_instance_sha256"":""603cfbcfaa789b9594f9f90c9f9a5d475d891c57ec09512df1a8db40abab27c6"",""store_discriminator_sha256"":""f9ff8d30db2db1840ca1585b5598b1cf4d1d06ac2adb86a55b430669507fabff"",""tool_sha256"":""7b43c2342d7676aa65cc9ee233b2184c9eae88f2663874af7ab1b83282f94ab4"",""java_runtime_sha256"":""6ffd10b28ab050230cdc1137f0bd16155c3a7c587add7fbe921d985fa92879fe"",""run_identity_sha256"":""e01bbcf4e0e8f3b74a79382dccefabca34d933386d9db0ca5dbbf4d0e6a4b832""}"
30927b7b5d3bb9c394df57f9454162ec0b8818e4,qlever,QLever [engines.json profile],10M,O,O3,00,8600634422cefcb5ad7bc23d2acb693e5f8bf0686ad4714d2eba90a935b2f2b3,C,SPARQLcirc CircuitRewriter,ok,308,330.4,330.4,330.4,330.4,0.0,0,1,900.0,2174111,190.8,6455,5955,2809,,384.398893,[330.405],[190.846],0.0,[0.0],525.5,[525.461],4.2,[4.209],r9.2-frozen-identity-v8,c1805e4548b9e6b1e4c35d07987d3339d3f47ec38ce57e889cf043d8365e6e34,term-aware-candidate-set-v1,308,b5382c0ac217ba247644850a4c04e6dfea3b80dc4cfcea4939d43b8d232d0a51,flat,flat,b12a1f9558dc8160b75414b0c7449abd37a9dd52c302f0b4868efb61aba31e6e,/mnt/nfs/home/ac145595/workspace/rq3-artifacts/circuits/qlever-10m/8600634422cefcb5ad7bc23d2acb693e5f8bf0686ad4714d2eba90a935b2f2b3-b12a1f9558dc8160b75414b0c7449abd37a9dd52c302f0b4868efb61aba31e6e.nt,/mnt/nfs/home/ac145595/workspace/rq3-artifacts/circuits/qlever-10m/8600634422cefcb5ad7bc23d2acb693e5f8bf0686ad4714d2eba90a935b2f2b3-b12a1f9558dc8160b75414b0c7449abd37a9dd52c302f0b4868efb61aba31e6e.json,da3d1ef6a8df9c2e0dd108b7ce8292689c8b90d14bfb232fba18632285ce7a28,357724d17e21df0c942c9b5f9478d8d056a01ec51e17cf5696bbfa3ec4065ace,de27bc9b5795f339824b9ba281db7ca210725e43627cd5dfc25b8166ca98b6b8,f188c79557444ad5deb4e733829ad5b89a290050ab46caa399491fa4555710ea,8a607274f1b3d176dd6acfdc7381c25676b642e78d334a9664e45a2bdf3d52a0,59fb59a04cd20e6dec9ee47cf1de02734068a3328cade998a3fc44a746054ea8,a42a308bd2c5294f3aa79a1a3b15804d4137fd68d7677d9adc037e257a217e76,none,read-only,exploratory-base,exploratory-reified,2b9b44b25cd1c568cd57c6c5df25ae260b68229044617821fb33f542dab77648,603cfbcfaa789b9594f9f90c9f9a5d475d891c57ec09512df1a8db40abab27c6,f9ff8d30db2db1840ca1585b5598b1cf4d1d06ac2adb86a55b430669507fabff,7b43c2342d7676aa65cc9ee233b2184c9eae88f2663874af7ab1b83282f94ab4,6ffd10b28ab050230cdc1137f0bd16155c3a7c587add7fbe921d985fa92879fe,e01bbcf4e0e8f3b74a79382dccefabca34d933386d9db0ca5dbbf4d0e6a4b832,"pcm-meta-v2:{""protocol"":""r9.2-frozen-identity-v8"",""message"":""C requested=flat effective=flat; steps=5 feedback=0; network includes CONSTRUCT, feedback INSERT, and cleanup DELETE"",""cell_wall_ms"":951.354,""answer_kind"":""term-aware-candidate-set-v1"",""answer_key_count"":308,""answer_fingerprint"":""b5382c0ac217ba247644850a4c04e6dfea3b80dc4cfcea4939d43b8d232d0a51"",""c_parse_samples"":[190.846],""c_protocol_samples"":[{""requested_mode"":""flat"",""effective_mode"":""flat"",""fallback_reason"":null,""plan_steps"":5,""feedback_steps"":0,""feedback_triples"":0,""construct_query_ms"":330.405,""feedback_update_ms"":0.0,""cleanup_ms"":0.0,""client_protocol_ms"":0.0,""network_scope"":""construct+feedback+cleanup"",""circuit_sha256"":""b12a1f9558dc8160b75414b0c7449abd37a9dd52c302f0b4868efb61aba31e6e"",""answer_fingerprint"":""b5382c0ac217ba247644850a4c04e6dfea3b80dc4cfcea4939d43b8d232d0a51"",""semantic_signature_sha256"":""a59144d489e6b592f6b7186469bda765b34bd03aa4d0490fc0e421460109b5fb"",""structure_signature"":{""gates"":6455,""edges"":5955,""answers"":308,""derivations"":2809,""canonical_bytes"":2174111},""construct_total_ms"":525.461,""client_unattributed_ms"":4.209}],""construct_total_samples"":[525.461],""construct_unattributed_samples"":[4.209],""status"":""ok"",""status_evidence"":null,""c_warmup_signatures"":[],""measured_semantic_signature_sha256"":""a59144d489e6b592f6b7186469bda765b34bd03aa4d0490fc0e421460109b5fb"",""measured_repetitions_consistent"":true,""cache_snapshot_ms"":34.412,""cache_snapshot_scope"":""first-measured-response; deferred until all runs succeeded"",""outside_cell_cache_write_ms"":90.846,""construction_requested"":""flat"",""construction_effective"":""flat"",""circuit_sha256"":""b12a1f9558dc8160b75414b0c7449abd37a9dd52c302f0b4868efb61aba31e6e"",""circuit_triples"":14845,""circuit_bytes"":2174111,""circuit_path"":""/mnt/nfs/home/ac145595/workspace/rq3-artifacts/circuits/qlever-10m/8600634422cefcb5ad7bc23d2acb693e5f8bf0686ad4714d2eba90a935b2f2b3-b12a1f9558dc8160b75414b0c7449abd37a9dd52c302f0b4868efb61aba31e6e.nt"",""metadata_path"":""/mnt/nfs/home/ac145595/workspace/rq3-artifacts/circuits/qlever-10m/8600634422cefcb5ad7bc23d2acb693e5f8bf0686ad4714d2eba90a935b2f2b3-b12a1f9558dc8160b75414b0c7449abd37a9dd52c302f0b4868efb61aba31e6e.json"",""producer_observation_sha256"":""da3d1ef6a8df9c2e0dd108b7ce8292689c8b90d14bfb232fba18632285ce7a28"",""sidecar_sha256"":""357724d17e21df0c942c9b5f9478d8d056a01ec51e17cf5696bbfa3ec4065ace"",""commit"":""30927b7b5d3bb9c394df57f9454162ec0b8818e4"",""batch_id"":""c1805e4548b9e6b1e4c35d07987d3339d3f47ec38ce57e889cf043d8365e6e34"",""query_sha256"":""8600634422cefcb5ad7bc23d2acb693e5f8bf0686ad4714d2eba90a935b2f2b3"",""engine"":""qlever"",""engine_version"":""QLever [engines.json profile]"",""scale"":""10M"",""base_endpoint_sha256"":""de27bc9b5795f339824b9ba281db7ca210725e43627cd5dfc25b8166ca98b6b8"",""reified_endpoint_sha256"":""f188c79557444ad5deb4e733829ad5b89a290050ab46caa399491fa4555710ea"",""update_endpoint_sha256"":""8a607274f1b3d176dd6acfdc7381c25676b642e78d334a9664e45a2bdf3d52a0"",""base_data_identity_sha256"":""59fb59a04cd20e6dec9ee47cf1de02734068a3328cade998a3fc44a746054ea8"",""reified_data_identity_sha256"":""a42a308bd2c5294f3aa79a1a3b15804d4137fd68d7677d9adc037e257a217e76"",""update_for"":""none"",""access_mode"":""read-only"",""base_data_name"":""exploratory-base"",""reified_data_name"":""exploratory-reified"",""update_canary_sha256"":""2b9b44b25cd1c568cd57c6c5df25ae260b68229044617821fb33f542dab77648"",""store_instance_sha256"":""603cfbcfaa789b9594f9f90c9f9a5d475d891c57ec09512df1a8db40abab27c6"",""store_discriminator_sha256"":""f9ff8d30db2db1840ca1585b5598b1cf4d1d06ac2adb86a55b430669507fabff"",""tool_sha256"":""7b43c2342d7676aa65cc9ee233b2184c9eae88f2663874af7ab1b83282f94ab4"",""java_runtime_sha256"":""6ffd10b28ab050230cdc1137f0bd16155c3a7c587add7fbe921d985fa92879fe"",""run_identity_sha256"":""e01bbcf4e0e8f3b74a79382dccefabca34d933386d9db0ca5dbbf4d0e6a4b832""}"
30927b7b5d3bb9c394df57f9454162ec0b8818e4,qlever,QLever [engines.json profile],10M,O,O4,00,c2e7f8e7377b1ac6cc1c202c8233c4b4c10a2b85eae74cbb49844b3515dd26f8,B,base-select,ok,745,17.9,17.9,17.9,17.9,0.0,0,1,900.0,73285,0.0,,,,,0.0075,[17.853],[0.0],,[],,[],,[],r9.2-frozen-identity-v8,c1805e4548b9e6b1e4c35d07987d3339d3f47ec38ce57e889cf043d8365e6e34,csv-binding-multiset-v1,745,fce447a070e39d37f39f8ba3851e8b7b141da1f620d14152c0f3dea700cb0aa9,,,,,,,,de27bc9b5795f339824b9ba281db7ca210725e43627cd5dfc25b8166ca98b6b8,f188c79557444ad5deb4e733829ad5b89a290050ab46caa399491fa4555710ea,8a607274f1b3d176dd6acfdc7381c25676b642e78d334a9664e45a2bdf3d52a0,59fb59a04cd20e6dec9ee47cf1de02734068a3328cade998a3fc44a746054ea8,a42a308bd2c5294f3aa79a1a3b15804d4137fd68d7677d9adc037e257a217e76,none,read-only,exploratory-base,exploratory-reified,2b9b44b25cd1c568cd57c6c5df25ae260b68229044617821fb33f542dab77648,603cfbcfaa789b9594f9f90c9f9a5d475d891c57ec09512df1a8db40abab27c6,f9ff8d30db2db1840ca1585b5598b1cf4d1d06ac2adb86a55b430669507fabff,7b43c2342d7676aa65cc9ee233b2184c9eae88f2663874af7ab1b83282f94ab4,6ffd10b28ab050230cdc1137f0bd16155c3a7c587add7fbe921d985fa92879fe,995c43886679508037de215ed31b0ea54cc780ab45a1a9b82bb756496e8dc04c,"pcm-meta-v2:{""protocol"":""r9.2-frozen-identity-v8"",""message"":"""",""cell_wall_ms"":29.581,""answer_kind"":""csv-binding-multiset-v1"",""answer_key_count"":745,""answer_fingerprint"":""fce447a070e39d37f39f8ba3851e8b7b141da1f620d14152c0f3dea700cb0aa9"",""c_parse_samples"":[0.0],""c_protocol_samples"":[],""construct_total_samples"":[],""construct_unattributed_samples"":[],""status"":""ok"",""status_evidence"":null,""construction_requested"":null,""construction_effective"":null,""commit"":""30927b7b5d3bb9c394df57f9454162ec0b8818e4"",""batch_id"":""c1805e4548b9e6b1e4c35d07987d3339d3f47ec38ce57e889cf043d8365e6e34"",""query_sha256"":""c2e7f8e7377b1ac6cc1c202c8233c4b4c10a2b85eae74cbb49844b3515dd26f8"",""engine"":""qlever"",""engine_version"":""QLever [engines.json profile]"",""scale"":""10M"",""base_endpoint_sha256"":""de27bc9b5795f339824b9ba281db7ca210725e43627cd5dfc25b8166ca98b6b8"",""reified_endpoint_sha256"":""f188c79557444ad5deb4e733829ad5b89a290050ab46caa399491fa4555710ea"",""update_endpoint_sha256"":""8a607274f1b3d176dd6acfdc7381c25676b642e78d334a9664e45a2bdf3d52a0"",""base_data_identity_sha256"":""59fb59a04cd20e6dec9ee47cf1de02734068a3328cade998a3fc44a746054ea8"",""reified_data_identity_sha256"":""a42a308bd2c5294f3aa79a1a3b15804d4137fd68d7677d9adc037e257a217e76"",""update_for"":""none"",""access_mode"":""read-only"",""base_data_name"":""exploratory-base"",""reified_data_name"":""exploratory-reified"",""update_canary_sha256"":""2b9b44b25cd1c568cd57c6c5df25ae260b68229044617821fb33f542dab77648"",""store_instance_sha256"":""603cfbcfaa789b9594f9f90c9f9a5d475d891c57ec09512df1a8db40abab27c6"",""store_discriminator_sha256"":""f9ff8d30db2db1840ca1585b5598b1cf4d1d06ac2adb86a55b430669507fabff"",""tool_sha256"":""7b43c2342d7676aa65cc9ee233b2184c9eae88f2663874af7ab1b83282f94ab4"",""java_runtime_sha256"":""6ffd10b28ab050230cdc1137f0bd16155c3a7c587add7fbe921d985fa92879fe"",""run_identity_sha256"":""995c43886679508037de215ed31b0ea54cc780ab45a1a9b82bb756496e8dc04c""}"
30927b7b5d3bb9c394df57f9454162ec0b8818e4,qlever,QLever [engines.json profile],10M,O,O4,00,c2e7f8e7377b1ac6cc1c202c8233c4b4c10a2b85eae74cbb49844b3515dd26f8,R,reification-only,ok,745,8.5,8.5,8.5,8.5,0.0,0,1,900.0,73285,0.0,,,,,129.303359,[8.511],[0.0],,[],,[],,[],r9.2-frozen-identity-v8,c1805e4548b9e6b1e4c35d07987d3339d3f47ec38ce57e889cf043d8365e6e34,csv-binding-multiset-v1,745,fce447a070e39d37f39f8ba3851e8b7b141da1f620d14152c0f3dea700cb0aa9,,,,,,,,de27bc9b5795f339824b9ba281db7ca210725e43627cd5dfc25b8166ca98b6b8,f188c79557444ad5deb4e733829ad5b89a290050ab46caa399491fa4555710ea,8a607274f1b3d176dd6acfdc7381c25676b642e78d334a9664e45a2bdf3d52a0,59fb59a04cd20e6dec9ee47cf1de02734068a3328cade998a3fc44a746054ea8,a42a308bd2c5294f3aa79a1a3b15804d4137fd68d7677d9adc037e257a217e76,none,read-only,exploratory-base,exploratory-reified,2b9b44b25cd1c568cd57c6c5df25ae260b68229044617821fb33f542dab77648,603cfbcfaa789b9594f9f90c9f9a5d475d891c57ec09512df1a8db40abab27c6,f9ff8d30db2db1840ca1585b5598b1cf4d1d06ac2adb86a55b430669507fabff,7b43c2342d7676aa65cc9ee233b2184c9eae88f2663874af7ab1b83282f94ab4,6ffd10b28ab050230cdc1137f0bd16155c3a7c587add7fbe921d985fa92879fe,995c43886679508037de215ed31b0ea54cc780ab45a1a9b82bb756496e8dc04c,"pcm-meta-v2:{""protocol"":""r9.2-frozen-identity-v8"",""message"":"""",""cell_wall_ms"":151.107,""answer_kind"":""csv-binding-multiset-v1"",""answer_key_count"":745,""answer_fingerprint"":""fce447a070e39d37f39f8ba3851e8b7b141da1f620d14152c0f3dea700cb0aa9"",""c_parse_samples"":[0.0],""c_protocol_samples"":[],""construct_total_samples"":[],""construct_unattributed_samples"":[],""status"":""ok"",""status_evidence"":null,""construction_requested"":null,""construction_effective"":null,""commit"":""30927b7b5d3bb9c394df57f9454162ec0b8818e4"",""batch_id"":""c1805e4548b9e6b1e4c35d07987d3339d3f47ec38ce57e889cf043d8365e6e34"",""query_sha256"":""c2e7f8e7377b1ac6cc1c202c8233c4b4c10a2b85eae74cbb49844b3515dd26f8"",""engine"":""qlever"",""engine_version"":""QLever [engines.json profile]"",""scale"":""10M"",""base_endpoint_sha256"":""de27bc9b5795f339824b9ba281db7ca210725e43627cd5dfc25b8166ca98b6b8"",""reified_endpoint_sha256"":""f188c79557444ad5deb4e733829ad5b89a290050ab46caa399491fa4555710ea"",""update_endpoint_sha256"":""8a607274f1b3d176dd6acfdc7381c25676b642e78d334a9664e45a2bdf3d52a0"",""base_data_identity_sha256"":""59fb59a04cd20e6dec9ee47cf1de02734068a3328cade998a3fc44a746054ea8"",""reified_data_identity_sha256"":""a42a308bd2c5294f3aa79a1a3b15804d4137fd68d7677d9adc037e257a217e76"",""update_for"":""none"",""access_mode"":""read-only"",""base_data_name"":""exploratory-base"",""reified_data_name"":""exploratory-reified"",""update_canary_sha256"":""2b9b44b25cd1c568cd57c6c5df25ae260b68229044617821fb33f542dab77648"",""store_instance_sha256"":""603cfbcfaa789b9594f9f90c9f9a5d475d891c57ec09512df1a8db40abab27c6"",""store_discriminator_sha256"":""f9ff8d30db2db1840ca1585b5598b1cf4d1d06ac2adb86a55b430669507fabff"",""tool_sha256"":""7b43c2342d7676aa65cc9ee233b2184c9eae88f2663874af7ab1b83282f94ab4"",""java_runtime_sha256"":""6ffd10b28ab050230cdc1137f0bd16155c3a7c587add7fbe921d985fa92879fe"",""run_identity_sha256"":""995c43886679508037de215ed31b0ea54cc780ab45a1a9b82bb756496e8dc04c""}"
30927b7b5d3bb9c394df57f9454162ec0b8818e4,qlever,QLever [engines.json profile],10M,O,O4,00,c2e7f8e7377b1ac6cc1c202c8233c4b4c10a2b85eae74cbb49844b3515dd26f8,N,N_clean (NPCS reimplementation),ok,783,54.1,54.1,54.1,54.1,0.0,0,1,900.0,82468,0.0,,,,114,183.351663,[54.089],[0.0],,[],,[],,[],r9.2-frozen-identity-v8,c1805e4548b9e6b1e4c35d07987d3339d3f47ec38ce57e889cf043d8365e6e34,csv-candidate-multiset-v1,783,14c554102289d1c609eff9ab614ddf661a2e935c56e30f96ae606b4ad640dfaf,,,,,,,,de27bc9b5795f339824b9ba281db7ca210725e43627cd5dfc25b8166ca98b6b8,f188c79557444ad5deb4e733829ad5b89a290050ab46caa399491fa4555710ea,8a607274f1b3d176dd6acfdc7381c25676b642e78d334a9664e45a2bdf3d52a0,59fb59a04cd20e6dec9ee47cf1de02734068a3328cade998a3fc44a746054ea8,a42a308bd2c5294f3aa79a1a3b15804d4137fd68d7677d9adc037e257a217e76,none,read-only,exploratory-base,exploratory-reified,2b9b44b25cd1c568cd57c6c5df25ae260b68229044617821fb33f542dab77648,603cfbcfaa789b9594f9f90c9f9a5d475d891c57ec09512df1a8db40abab27c6,f9ff8d30db2db1840ca1585b5598b1cf4d1d06ac2adb86a55b430669507fabff,7b43c2342d7676aa65cc9ee233b2184c9eae88f2663874af7ab1b83282f94ab4,6ffd10b28ab050230cdc1137f0bd16155c3a7c587add7fbe921d985fa92879fe,995c43886679508037de215ed31b0ea54cc780ab45a1a9b82bb756496e8dc04c,"pcm-meta-v2:{""protocol"":""r9.2-frozen-identity-v8"",""message"":"""",""cell_wall_ms"":252.235,""answer_kind"":""csv-candidate-multiset-v1"",""answer_key_count"":783,""answer_fingerprint"":""14c554102289d1c609eff9ab614ddf661a2e935c56e30f96ae606b4ad640dfaf"",""c_parse_samples"":[0.0],""c_protocol_samples"":[],""construct_total_samples"":[],""construct_unattributed_samples"":[],""status"":""ok"",""status_evidence"":null,""construction_requested"":null,""construction_effective"":null,""commit"":""30927b7b5d3bb9c394df57f9454162ec0b8818e4"",""batch_id"":""c1805e4548b9e6b1e4c35d07987d3339d3f47ec38ce57e889cf043d8365e6e34"",""query_sha256"":""c2e7f8e7377b1ac6cc1c202c8233c4b4c10a2b85eae74cbb49844b3515dd26f8"",""engine"":""qlever"",""engine_version"":""QLever [engines.json profile]"",""scale"":""10M"",""base_endpoint_sha256"":""de27bc9b5795f339824b9ba281db7ca210725e43627cd5dfc25b8166ca98b6b8"",""reified_endpoint_sha256"":""f188c79557444ad5deb4e733829ad5b89a290050ab46caa399491fa4555710ea"",""update_endpoint_sha256"":""8a607274f1b3d176dd6acfdc7381c25676b642e78d334a9664e45a2bdf3d52a0"",""base_data_identity_sha256"":""59fb59a04cd20e6dec9ee47cf1de02734068a3328cade998a3fc44a746054ea8"",""reified_data_identity_sha256"":""a42a308bd2c5294f3aa79a1a3b15804d4137fd68d7677d9adc037e257a217e76"",""update_for"":""none"",""access_mode"":""read-only"",""base_data_name"":""exploratory-base"",""reified_data_name"":""exploratory-reified"",""update_canary_sha256"":""2b9b44b25cd1c568cd57c6c5df25ae260b68229044617821fb33f542dab77648"",""store_instance_sha256"":""603cfbcfaa789b9594f9f90c9f9a5d475d891c57ec09512df1a8db40abab27c6"",""store_discriminator_sha256"":""f9ff8d30db2db1840ca1585b5598b1cf4d1d06ac2adb86a55b430669507fabff"",""tool_sha256"":""7b43c2342d7676aa65cc9ee233b2184c9eae88f2663874af7ab1b83282f94ab4"",""java_runtime_sha256"":""6ffd10b28ab050230cdc1137f0bd16155c3a7c587add7fbe921d985fa92879fe"",""run_identity_sha256"":""995c43886679508037de215ed31b0ea54cc780ab45a1a9b82bb756496e8dc04c""}"
30927b7b5d3bb9c394df57f9454162ec0b8818e4,qlever,QLever [engines.json profile],10M,O,O4,00,c2e7f8e7377b1ac6cc1c202c8233c4b4c10a2b85eae74cbb49844b3515dd26f8,C,SPARQLcirc CircuitRewriter,ok,783,1019.0,1019.0,1019.0,1019.0,0.0,0,1,900.0,5215425,469.9,13817,13186,5791,,379.106563,[1019.042],[469.888],0.0,[0.0],1500.0,[1500.024],11.1,[11.094],r9.2-frozen-identity-v8,c1805e4548b9e6b1e4c35d07987d3339d3f47ec38ce57e889cf043d8365e6e34,term-aware-candidate-set-v1,783,055881427d72f18507a625faf0af144a6c347b14f9b3168c80ead7858ab1c7b2,flat,flat,8090dc7bae628c9f1c23cb15dc219ac271ad6e6ea128dbf591626d5ff264c061,/mnt/nfs/home/ac145595/workspace/rq3-artifacts/circuits/qlever-10m/c2e7f8e7377b1ac6cc1c202c8233c4b4c10a2b85eae74cbb49844b3515dd26f8-8090dc7bae628c9f1c23cb15dc219ac271ad6e6ea128dbf591626d5ff264c061.nt,/mnt/nfs/home/ac145595/workspace/rq3-artifacts/circuits/qlever-10m/c2e7f8e7377b1ac6cc1c202c8233c4b4c10a2b85eae74cbb49844b3515dd26f8-8090dc7bae628c9f1c23cb15dc219ac271ad6e6ea128dbf591626d5ff264c061.json,b2e6111aa7b3860fb841007ea9459d99b7766a920da2677686f36b32460bbf3e,8010e8fd39e4e1ef5b8abc0d54fe3c4085a8e1d13f0ad8cd1763a18618c1ed92,de27bc9b5795f339824b9ba281db7ca210725e43627cd5dfc25b8166ca98b6b8,f188c79557444ad5deb4e733829ad5b89a290050ab46caa399491fa4555710ea,8a607274f1b3d176dd6acfdc7381c25676b642e78d334a9664e45a2bdf3d52a0,59fb59a04cd20e6dec9ee47cf1de02734068a3328cade998a3fc44a746054ea8,a42a308bd2c5294f3aa79a1a3b15804d4137fd68d7677d9adc037e257a217e76,none,read-only,exploratory-base,exploratory-reified,2b9b44b25cd1c568cd57c6c5df25ae260b68229044617821fb33f542dab77648,603cfbcfaa789b9594f9f90c9f9a5d475d891c57ec09512df1a8db40abab27c6,f9ff8d30db2db1840ca1585b5598b1cf4d1d06ac2adb86a55b430669507fabff,7b43c2342d7676aa65cc9ee233b2184c9eae88f2663874af7ab1b83282f94ab4,6ffd10b28ab050230cdc1137f0bd16155c3a7c587add7fbe921d985fa92879fe,995c43886679508037de215ed31b0ea54cc780ab45a1a9b82bb756496e8dc04c,"pcm-meta-v2:{""protocol"":""r9.2-frozen-identity-v8"",""message"":""C requested=flat effective=flat; steps=5 feedback=0; network includes CONSTRUCT, feedback INSERT, and cleanup DELETE"",""cell_wall_ms"":1974.363,""answer_kind"":""term-aware-candidate-set-v1"",""answer_key_count"":783,""answer_fingerprint"":""055881427d72f18507a625faf0af144a6c347b14f9b3168c80ead7858ab1c7b2"",""c_parse_samples"":[469.888],""c_protocol_samples"":[{""requested_mode"":""flat"",""effective_mode"":""flat"",""fallback_reason"":null,""plan_steps"":5,""feedback_steps"":0,""feedback_triples"":0,""construct_query_ms"":1019.042,""feedback_update_ms"":0.0,""cleanup_ms"":0.0,""client_protocol_ms"":0.0,""network_scope"":""construct+feedback+cleanup"",""circuit_sha256"":""8090dc7bae628c9f1c23cb15dc219ac271ad6e6ea128dbf591626d5ff264c061"",""answer_fingerprint"":""055881427d72f18507a625faf0af144a6c347b14f9b3168c80ead7858ab1c7b2"",""semantic_signature_sha256"":""8a78f8a68e86b513c188c2ea6bf2d6e9da94bc703ff7f6f425a7c56a939d3130"",""structure_signature"":{""gates"":13817,""edges"":13186,""answers"":783,""derivations"":5791,""canonical_bytes"":5215425},""construct_total_ms"":1500.024,""client_unattributed_ms"":11.094}],""construct_total_samples"":[1500.024],""construct_unattributed_samples"":[11.094],""status"":""ok"",""status_evidence"":null,""c_warmup_signatures"":[],""measured_semantic_signature_sha256"":""8a78f8a68e86b513c188c2ea6bf2d6e9da94bc703ff7f6f425a7c56a939d3130"",""measured_repetitions_consistent"":true,""cache_snapshot_ms"":84.417,""cache_snapshot_scope"":""first-measured-response; deferred until all runs succeeded"",""outside_cell_cache_write_ms"":221.171,""construction_requested"":""flat"",""construction_effective"":""flat"",""circuit_sha256"":""8090dc7bae628c9f1c23cb15dc219ac271ad6e6ea128dbf591626d5ff264c061"",""circuit_triples"":35578,""circuit_bytes"":5215425,""circuit_path"":""/mnt/nfs/home/ac145595/workspace/rq3-artifacts/circuits/qlever-10m/c2e7f8e7377b1ac6cc1c202c8233c4b4c10a2b85eae74cbb49844b3515dd26f8-8090dc7bae628c9f1c23cb15dc219ac271ad6e6ea128dbf591626d5ff264c061.nt"",""metadata_path"":""/mnt/nfs/home/ac145595/workspace/rq3-artifacts/circuits/qlever-10m/c2e7f8e7377b1ac6cc1c202c8233c4b4c10a2b85eae74cbb49844b3515dd26f8-8090dc7bae628c9f1c23cb15dc219ac271ad6e6ea128dbf591626d5ff264c061.json"",""producer_observation_sha256"":""b2e6111aa7b3860fb841007ea9459d99b7766a920da2677686f36b32460bbf3e"",""sidecar_sha256"":""8010e8fd39e4e1ef5b8abc0d54fe3c4085a8e1d13f0ad8cd1763a18618c1ed92"",""commit"":""30927b7b5d3bb9c394df57f9454162ec0b8818e4"",""batch_id"":""c1805e4548b9e6b1e4c35d07987d3339d3f47ec38ce57e889cf043d8365e6e34"",""query_sha256"":""c2e7f8e7377b1ac6cc1c202c8233c4b4c10a2b85eae74cbb49844b3515dd26f8"",""engine"":""qlever"",""engine_version"":""QLever [engines.json profile]"",""scale"":""10M"",""base_endpoint_sha256"":""de27bc9b5795f339824b9ba281db7ca210725e43627cd5dfc25b8166ca98b6b8"",""reified_endpoint_sha256"":""f188c79557444ad5deb4e733829ad5b89a290050ab46caa399491fa4555710ea"",""update_endpoint_sha256"":""8a607274f1b3d176dd6acfdc7381c25676b642e78d334a9664e45a2bdf3d52a0"",""base_data_identity_sha256"":""59fb59a04cd20e6dec9ee47cf1de02734068a3328cade998a3fc44a746054ea8"",""reified_data_identity_sha256"":""a42a308bd2c5294f3aa79a1a3b15804d4137fd68d7677d9adc037e257a217e76"",""update_for"":""none"",""access_mode"":""read-only"",""base_data_name"":""exploratory-base"",""reified_data_name"":""exploratory-reified"",""update_canary_sha256"":""2b9b44b25cd1c568cd57c6c5df25ae260b68229044617821fb33f542dab77648"",""store_instance_sha256"":""603cfbcfaa789b9594f9f90c9f9a5d475d891c57ec09512df1a8db40abab27c6"",""store_discriminator_sha256"":""f9ff8d30db2db1840ca1585b5598b1cf4d1d06ac2adb86a55b430669507fabff"",""tool_sha256"":""7b43c2342d7676aa65cc9ee233b2184c9eae88f2663874af7ab1b83282f94ab4"",""java_runtime_sha256"":""6ffd10b28ab050230cdc1137f0bd16155c3a7c587add7fbe921d985fa92879fe"",""run_identity_sha256"":""995c43886679508037de215ed31b0ea54cc780ab45a1a9b82bb756496e8dc04c""}"
30927b7b5d3bb9c394df57f9454162ec0b8818e4,qlever,QLever [engines.json profile],10M,O,O5,00,ec9af3cffe6976bcc27a5ca3ba0732c80fe7716160af6d25aa1d6b447b6300e2,B,base-select,ok,58,3.1,3.1,3.1,3.1,0.0,0,1,900.0,2671,0.0,,,,,0.0077,[3.067],[0.0],,[],,[],,[],r9.2-frozen-identity-v8,c1805e4548b9e6b1e4c35d07987d3339d3f47ec38ce57e889cf043d8365e6e34,csv-binding-multiset-v1,58,0656b02ea3161a0769fdca0fae073bd01d29a27659284c2a2b1ba206490de2c5,,,,,,,,de27bc9b5795f339824b9ba281db7ca210725e43627cd5dfc25b8166ca98b6b8,f188c79557444ad5deb4e733829ad5b89a290050ab46caa399491fa4555710ea,8a607274f1b3d176dd6acfdc7381c25676b642e78d334a9664e45a2bdf3d52a0,59fb59a04cd20e6dec9ee47cf1de02734068a3328cade998a3fc44a746054ea8,a42a308bd2c5294f3aa79a1a3b15804d4137fd68d7677d9adc037e257a217e76,none,read-only,exploratory-base,exploratory-reified,2b9b44b25cd1c568cd57c6c5df25ae260b68229044617821fb33f542dab77648,603cfbcfaa789b9594f9f90c9f9a5d475d891c57ec09512df1a8db40abab27c6,f9ff8d30db2db1840ca1585b5598b1cf4d1d06ac2adb86a55b430669507fabff,7b43c2342d7676aa65cc9ee233b2184c9eae88f2663874af7ab1b83282f94ab4,6ffd10b28ab050230cdc1137f0bd16155c3a7c587add7fbe921d985fa92879fe,ec076af1273486f0647cb5ea79c4b6563c6c9a37372e1e4d6e602fd34be21354,"pcm-meta-v2:{""protocol"":""r9.2-frozen-identity-v8"",""message"":"""",""cell_wall_ms"":10.728,""answer_kind"":""csv-binding-multiset-v1"",""answer_key_count"":58,""answer_fingerprint"":""0656b02ea3161a0769fdca0fae073bd01d29a27659284c2a2b1ba206490de2c5"",""c_parse_samples"":[0.0],""c_protocol_samples"":[],""construct_total_samples"":[],""construct_unattributed_samples"":[],""status"":""ok"",""status_evidence"":null,""construction_requested"":null,""construction_effective"":null,""commit"":""30927b7b5d3bb9c394df57f9454162ec0b8818e4"",""batch_id"":""c1805e4548b9e6b1e4c35d07987d3339d3f47ec38ce57e889cf043d8365e6e34"",""query_sha256"":""ec9af3cffe6976bcc27a5ca3ba0732c80fe7716160af6d25aa1d6b447b6300e2"",""engine"":""qlever"",""engine_version"":""QLever [engines.json profile]"",""scale"":""10M"",""base_endpoint_sha256"":""de27bc9b5795f339824b9ba281db7ca210725e43627cd5dfc25b8166ca98b6b8"",""reified_endpoint_sha256"":""f188c79557444ad5deb4e733829ad5b89a290050ab46caa399491fa4555710ea"",""update_endpoint_sha256"":""8a607274f1b3d176dd6acfdc7381c25676b642e78d334a9664e45a2bdf3d52a0"",""base_data_identity_sha256"":""59fb59a04cd20e6dec9ee47cf1de02734068a3328cade998a3fc44a746054ea8"",""reified_data_identity_sha256"":""a42a308bd2c5294f3aa79a1a3b15804d4137fd68d7677d9adc037e257a217e76"",""update_for"":""none"",""access_mode"":""read-only"",""base_data_name"":""exploratory-base"",""reified_data_name"":""exploratory-reified"",""update_canary_sha256"":""2b9b44b25cd1c568cd57c6c5df25ae260b68229044617821fb33f542dab77648"",""store_instance_sha256"":""603cfbcfaa789b9594f9f90c9f9a5d475d891c57ec09512df1a8db40abab27c6"",""store_discriminator_sha256"":""f9ff8d30db2db1840ca1585b5598b1cf4d1d06ac2adb86a55b430669507fabff"",""tool_sha256"":""7b43c2342d7676aa65cc9ee233b2184c9eae88f2663874af7ab1b83282f94ab4"",""java_runtime_sha256"":""6ffd10b28ab050230cdc1137f0bd16155c3a7c587add7fbe921d985fa92879fe"",""run_identity_sha256"":""ec076af1273486f0647cb5ea79c4b6563c6c9a37372e1e4d6e602fd34be21354""}"
30927b7b5d3bb9c394df57f9454162ec0b8818e4,qlever,QLever [engines.json profile],10M,O,O5,00,ec9af3cffe6976bcc27a5ca3ba0732c80fe7716160af6d25aa1d6b447b6300e2,R,reification-only,ok,58,3.3,3.3,3.3,3.3,0.0,0,1,900.0,2671,0.0,,,,,129.990519,[3.282],[0.0],,[],,[],,[],r9.2-frozen-identity-v8,c1805e4548b9e6b1e4c35d07987d3339d3f47ec38ce57e889cf043d8365e6e34,csv-binding-multiset-v1,58,0656b02ea3161a0769fdca0fae073bd01d29a27659284c2a2b1ba206490de2c5,,,,,,,,de27bc9b5795f339824b9ba281db7ca210725e43627cd5dfc25b8166ca98b6b8,f188c79557444ad5deb4e733829ad5b89a290050ab46caa399491fa4555710ea,8a607274f1b3d176dd6acfdc7381c25676b642e78d334a9664e45a2bdf3d52a0,59fb59a04cd20e6dec9ee47cf1de02734068a3328cade998a3fc44a746054ea8,a42a308bd2c5294f3aa79a1a3b15804d4137fd68d7677d9adc037e257a217e76,none,read-only,exploratory-base,exploratory-reified,2b9b44b25cd1c568cd57c6c5df25ae260b68229044617821fb33f542dab77648,603cfbcfaa789b9594f9f90c9f9a5d475d891c57ec09512df1a8db40abab27c6,f9ff8d30db2db1840ca1585b5598b1cf4d1d06ac2adb86a55b430669507fabff,7b43c2342d7676aa65cc9ee233b2184c9eae88f2663874af7ab1b83282f94ab4,6ffd10b28ab050230cdc1137f0bd16155c3a7c587add7fbe921d985fa92879fe,ec076af1273486f0647cb5ea79c4b6563c6c9a37372e1e4d6e602fd34be21354,"pcm-meta-v2:{""protocol"":""r9.2-frozen-identity-v8"",""message"":"""",""cell_wall_ms"":142.201,""answer_kind"":""csv-binding-multiset-v1"",""answer_key_count"":58,""answer_fingerprint"":""0656b02ea3161a0769fdca0fae073bd01d29a27659284c2a2b1ba206490de2c5"",""c_parse_samples"":[0.0],""c_protocol_samples"":[],""construct_total_samples"":[],""construct_unattributed_samples"":[],""status"":""ok"",""status_evidence"":null,""construction_requested"":null,""construction_effective"":null,""commit"":""30927b7b5d3bb9c394df57f9454162ec0b8818e4"",""batch_id"":""c1805e4548b9e6b1e4c35d07987d3339d3f47ec38ce57e889cf043d8365e6e34"",""query_sha256"":""ec9af3cffe6976bcc27a5ca3ba0732c80fe7716160af6d25aa1d6b447b6300e2"",""engine"":""qlever"",""engine_version"":""QLever [engines.json profile]"",""scale"":""10M"",""base_endpoint_sha256"":""de27bc9b5795f339824b9ba281db7ca210725e43627cd5dfc25b8166ca98b6b8"",""reified_endpoint_sha256"":""f188c79557444ad5deb4e733829ad5b89a290050ab46caa399491fa4555710ea"",""update_endpoint_sha256"":""8a607274f1b3d176dd6acfdc7381c25676b642e78d334a9664e45a2bdf3d52a0"",""base_data_identity_sha256"":""59fb59a04cd20e6dec9ee47cf1de02734068a3328cade998a3fc44a746054ea8"",""reified_data_identity_sha256"":""a42a308bd2c5294f3aa79a1a3b15804d4137fd68d7677d9adc037e257a217e76"",""update_for"":""none"",""access_mode"":""read-only"",""base_data_name"":""exploratory-base"",""reified_data_name"":""exploratory-reified"",""update_canary_sha256"":""2b9b44b25cd1c568cd57c6c5df25ae260b68229044617821fb33f542dab77648"",""store_instance_sha256"":""603cfbcfaa789b9594f9f90c9f9a5d475d891c57ec09512df1a8db40abab27c6"",""store_discriminator_sha256"":""f9ff8d30db2db1840ca1585b5598b1cf4d1d06ac2adb86a55b430669507fabff"",""tool_sha256"":""7b43c2342d7676aa65cc9ee233b2184c9eae88f2663874af7ab1b83282f94ab4"",""java_runtime_sha256"":""6ffd10b28ab050230cdc1137f0bd16155c3a7c587add7fbe921d985fa92879fe"",""run_identity_sha256"":""ec076af1273486f0647cb5ea79c4b6563c6c9a37372e1e4d6e602fd34be21354""}"
30927b7b5d3bb9c394df57f9454162ec0b8818e4,qlever,QLever [engines.json profile],10M,O,O5,00,ec9af3cffe6976bcc27a5ca3ba0732c80fe7716160af6d25aa1d6b447b6300e2,N,N_clean (NPCS reimplementation),ok,14,7.4,7.4,7.4,7.4,0.0,0,1,900.0,3811,0.0,,,,103,180.940807,[7.423],[0.0],,[],,[],,[],r9.2-frozen-identity-v8,c1805e4548b9e6b1e4c35d07987d3339d3f47ec38ce57e889cf043d8365e6e34,csv-candidate-multiset-v1,14,f6328dcc62d9d5fe4b0a853e0c3676c46d3dba0cb6cde5c5f2f1a8907c94c402,,,,,,,,de27bc9b5795f339824b9ba281db7ca210725e43627cd5dfc25b8166ca98b6b8,f188c79557444ad5deb4e733829ad5b89a290050ab46caa399491fa4555710ea,8a607274f1b3d176dd6acfdc7381c25676b642e78d334a9664e45a2bdf3d52a0,59fb59a04cd20e6dec9ee47cf1de02734068a3328cade998a3fc44a746054ea8,a42a308bd2c5294f3aa79a1a3b15804d4137fd68d7677d9adc037e257a217e76,none,read-only,exploratory-base,exploratory-reified,2b9b44b25cd1c568cd57c6c5df25ae260b68229044617821fb33f542dab77648,603cfbcfaa789b9594f9f90c9f9a5d475d891c57ec09512df1a8db40abab27c6,f9ff8d30db2db1840ca1585b5598b1cf4d1d06ac2adb86a55b430669507fabff,7b43c2342d7676aa65cc9ee233b2184c9eae88f2663874af7ab1b83282f94ab4,6ffd10b28ab050230cdc1137f0bd16155c3a7c587add7fbe921d985fa92879fe,ec076af1273486f0647cb5ea79c4b6563c6c9a37372e1e4d6e602fd34be21354,"pcm-meta-v2:{""protocol"":""r9.2-frozen-identity-v8"",""message"":"""",""cell_wall_ms"":196.742,""answer_kind"":""csv-candidate-multiset-v1"",""answer_key_count"":14,""answer_fingerprint"":""f6328dcc62d9d5fe4b0a853e0c3676c46d3dba0cb6cde5c5f2f1a8907c94c402"",""c_parse_samples"":[0.0],""c_protocol_samples"":[],""construct_total_samples"":[],""construct_unattributed_samples"":[],""status"":""ok"",""status_evidence"":null,""construction_requested"":null,""construction_effective"":null,""commit"":""30927b7b5d3bb9c394df57f9454162ec0b8818e4"",""batch_id"":""c1805e4548b9e6b1e4c35d07987d3339d3f47ec38ce57e889cf043d8365e6e34"",""query_sha256"":""ec9af3cffe6976bcc27a5ca3ba0732c80fe7716160af6d25aa1d6b447b6300e2"",""engine"":""qlever"",""engine_version"":""QLever [engines.json profile]"",""scale"":""10M"",""base_endpoint_sha256"":""de27bc9b5795f339824b9ba281db7ca210725e43627cd5dfc25b8166ca98b6b8"",""reified_endpoint_sha256"":""f188c79557444ad5deb4e733829ad5b89a290050ab46caa399491fa4555710ea"",""update_endpoint_sha256"":""8a607274f1b3d176dd6acfdc7381c25676b642e78d334a9664e45a2bdf3d52a0"",""base_data_identity_sha256"":""59fb59a04cd20e6dec9ee47cf1de02734068a3328cade998a3fc44a746054ea8"",""reified_data_identity_sha256"":""a42a308bd2c5294f3aa79a1a3b15804d4137fd68d7677d9adc037e257a217e76"",""update_for"":""none"",""access_mode"":""read-only"",""base_data_name"":""exploratory-base"",""reified_data_name"":""exploratory-reified"",""update_canary_sha256"":""2b9b44b25cd1c568cd57c6c5df25ae260b68229044617821fb33f542dab77648"",""store_instance_sha256"":""603cfbcfaa789b9594f9f90c9f9a5d475d891c57ec09512df1a8db40abab27c6"",""store_discriminator_sha256"":""f9ff8d30db2db1840ca1585b5598b1cf4d1d06ac2adb86a55b430669507fabff"",""tool_sha256"":""7b43c2342d7676aa65cc9ee233b2184c9eae88f2663874af7ab1b83282f94ab4"",""java_runtime_sha256"":""6ffd10b28ab050230cdc1137f0bd16155c3a7c587add7fbe921d985fa92879fe"",""run_identity_sha256"":""ec076af1273486f0647cb5ea79c4b6563c6c9a37372e1e4d6e602fd34be21354""}"
30927b7b5d3bb9c394df57f9454162ec0b8818e4,qlever,QLever [engines.json profile],10M,O,O5,00,ec9af3cffe6976bcc27a5ca3ba0732c80fe7716160af6d25aa1d6b447b6300e2,C,SPARQLcirc CircuitRewriter,ok,14,621.5,621.5,621.5,621.5,0.0,0,1,900.0,64931790,7390.8,224921,225040,112464,,375.458329,[621.507],[7390.844],0.0,[0.0],8353.9,[8353.856],341.5,[341.506],r9.2-frozen-identity-v8,c1805e4548b9e6b1e4c35d07987d3339d3f47ec38ce57e889cf043d8365e6e34,term-aware-candidate-set-v1,14,a9f37c04cb428d4f270cafd59c61a6f1b2af49f496f5fd8cef60b156e980d784,flat,flat,3a634ff4326b11cbb555f993f50962fbb7830d8dc0e4f7758b68feab74a953e4,/mnt/nfs/home/ac145595/workspace/rq3-artifacts/circuits/qlever-10m/ec9af3cffe6976bcc27a5ca3ba0732c80fe7716160af6d25aa1d6b447b6300e2-3a634ff4326b11cbb555f993f50962fbb7830d8dc0e4f7758b68feab74a953e4.nt,/mnt/nfs/home/ac145595/workspace/rq3-artifacts/circuits/qlever-10m/ec9af3cffe6976bcc27a5ca3ba0732c80fe7716160af6d25aa1d6b447b6300e2-3a634ff4326b11cbb555f993f50962fbb7830d8dc0e4f7758b68feab74a953e4.json,364de31360881651522354de345b612402831cfcd1e482e8a7887b058fceaa6e,d5eeb18a6e47f43c61d5cb8b388780b3067fb57a6cd695b1f68df32ef0fbd70f,de27bc9b5795f339824b9ba281db7ca210725e43627cd5dfc25b8166ca98b6b8,f188c79557444ad5deb4e733829ad5b89a290050ab46caa399491fa4555710ea,8a607274f1b3d176dd6acfdc7381c25676b642e78d334a9664e45a2bdf3d52a0,59fb59a04cd20e6dec9ee47cf1de02734068a3328cade998a3fc44a746054ea8,a42a308bd2c5294f3aa79a1a3b15804d4137fd68d7677d9adc037e257a217e76,none,read-only,exploratory-base,exploratory-reified,2b9b44b25cd1c568cd57c6c5df25ae260b68229044617821fb33f542dab77648,603cfbcfaa789b9594f9f90c9f9a5d475d891c57ec09512df1a8db40abab27c6,f9ff8d30db2db1840ca1585b5598b1cf4d1d06ac2adb86a55b430669507fabff,7b43c2342d7676aa65cc9ee233b2184c9eae88f2663874af7ab1b83282f94ab4,6ffd10b28ab050230cdc1137f0bd16155c3a7c587add7fbe921d985fa92879fe,ec076af1273486f0647cb5ea79c4b6563c6c9a37372e1e4d6e602fd34be21354,"pcm-meta-v2:{""protocol"":""r9.2-frozen-identity-v8"",""message"":""C requested=flat effective=flat; steps=5 feedback=0; network includes CONSTRUCT, feedback INSERT, and cleanup DELETE"",""cell_wall_ms"":10215.513,""answer_kind"":""term-aware-candidate-set-v1"",""answer_key_count"":14,""answer_fingerprint"":""a9f37c04cb428d4f270cafd59c61a6f1b2af49f496f5fd8cef60b156e980d784"",""c_parse_samples"":[7390.844],""c_protocol_samples"":[{""requested_mode"":""flat"",""effective_mode"":""flat"",""fallback_reason"":null,""plan_steps"":5,""feedback_steps"":0,""feedback_triples"":0,""construct_query_ms"":621.507,""feedback_update_ms"":0.0,""cleanup_ms"":0.0,""client_protocol_ms"":0.0,""network_scope"":""construct+feedback+cleanup"",""circuit_sha256"":""3a634ff4326b11cbb555f993f50962fbb7830d8dc0e4f7758b68feab74a953e4"",""answer_fingerprint"":""a9f37c04cb428d4f270cafd59c61a6f1b2af49f496f5fd8cef60b156e980d784"",""semantic_signature_sha256"":""5a9f431d72c28012ff07a8c57ef09ef4e5287c21cfc23227d56412662bb6945d"",""structure_signature"":{""gates"":224921,""edges"":225040,""answers"":14,""derivations"":112464,""canonical_bytes"":64931790},""construct_total_ms"":8353.856,""client_unattributed_ms"":341.506}],""construct_total_samples"":[8353.856],""construct_unattributed_samples"":[341.506],""status"":""ok"",""status_evidence"":null,""c_warmup_signatures"":[],""measured_semantic_signature_sha256"":""5a9f431d72c28012ff07a8c57ef09ef4e5287c21cfc23227d56412662bb6945d"",""measured_repetitions_consistent"":true,""cache_snapshot_ms"":1438.415,""cache_snapshot_scope"":""first-measured-response; deferred until all runs succeeded"",""outside_cell_cache_write_ms"":6725.637,""construction_requested"":""flat"",""construction_effective"":""flat"",""circuit_sha256"":""3a634ff4326b11cbb555f993f50962fbb7830d8dc0e4f7758b68feab74a953e4"",""circuit_triples"":450045,""circuit_bytes"":64931790,""circuit_path"":""/mnt/nfs/home/ac145595/workspace/rq3-artifacts/circuits/qlever-10m/ec9af3cffe6976bcc27a5ca3ba0732c80fe7716160af6d25aa1d6b447b6300e2-3a634ff4326b11cbb555f993f50962fbb7830d8dc0e4f7758b68feab74a953e4.nt"",""metadata_path"":""/mnt/nfs/home/ac145595/workspace/rq3-artifacts/circuits/qlever-10m/ec9af3cffe6976bcc27a5ca3ba0732c80fe7716160af6d25aa1d6b447b6300e2-3a634ff4326b11cbb555f993f50962fbb7830d8dc0e4f7758b68feab74a953e4.json"",""producer_observation_sha256"":""364de31360881651522354de345b612402831cfcd1e482e8a7887b058fceaa6e"",""sidecar_sha256"":""d5eeb18a6e47f43c61d5cb8b388780b3067fb57a6cd695b1f68df32ef0fbd70f"",""commit"":""30927b7b5d3bb9c394df57f9454162ec0b8818e4"",""batch_id"":""c1805e4548b9e6b1e4c35d07987d3339d3f47ec38ce57e889cf043d8365e6e34"",""query_sha256"":""ec9af3cffe6976bcc27a5ca3ba0732c80fe7716160af6d25aa1d6b447b6300e2"",""engine"":""qlever"",""engine_version"":""QLever [engines.json profile]"",""scale"":""10M"",""base_endpoint_sha256"":""de27bc9b5795f339824b9ba281db7ca210725e43627cd5dfc25b8166ca98b6b8"",""reified_endpoint_sha256"":""f188c79557444ad5deb4e733829ad5b89a290050ab46caa399491fa4555710ea"",""update_endpoint_sha256"":""8a607274f1b3d176dd6acfdc7381c25676b642e78d334a9664e45a2bdf3d52a0"",""base_data_identity_sha256"":""59fb59a04cd20e6dec9ee47cf1de02734068a3328cade998a3fc44a746054ea8"",""reified_data_identity_sha256"":""a42a308bd2c5294f3aa79a1a3b15804d4137fd68d7677d9adc037e257a217e76"",""update_for"":""none"",""access_mode"":""read-only"",""base_data_name"":""exploratory-base"",""reified_data_name"":""exploratory-reified"",""update_canary_sha256"":""2b9b44b25cd1c568cd57c6c5df25ae260b68229044617821fb33f542dab77648"",""store_instance_sha256"":""603cfbcfaa789b9594f9f90c9f9a5d475d891c57ec09512df1a8db40abab27c6"",""store_discriminator_sha256"":""f9ff8d30db2db1840ca1585b5598b1cf4d1d06ac2adb86a55b430669507fabff"",""tool_sha256"":""7b43c2342d7676aa65cc9ee233b2184c9eae88f2663874af7ab1b83282f94ab4"",""java_runtime_sha256"":""6ffd10b28ab050230cdc1137f0bd16155c3a7c587add7fbe921d985fa92879fe"",""run_identity_sha256"":""ec076af1273486f0647cb5ea79c4b6563c6c9a37372e1e4d6e602fd34be21354""}"
30927b7b5d3bb9c394df57f9454162ec0b8818e4,qlever,QLever [engines.json profile],10M,S,S1,00,11a13df922fdbee8f9776eaed6af62ffda103b2b406da774b3f49300860168da,B,base-select,ok,5,163.9,163.9,163.9,163.9,0.0,0,1,900.0,968,0.0,,,,,0.00699,[163.895],[0.0],,[],,[],,[],r9.2-frozen-identity-v8,c1805e4548b9e6b1e4c35d07987d3339d3f47ec38ce57e889cf043d8365e6e34,csv-binding-multiset-v1,5,faf55b39b433ef52c073d7b9df65dc546808738b77c2d779446e20eb6e764824,,,,,,,,de27bc9b5795f339824b9ba281db7ca210725e43627cd5dfc25b8166ca98b6b8,f188c79557444ad5deb4e733829ad5b89a290050ab46caa399491fa4555710ea,8a607274f1b3d176dd6acfdc7381c25676b642e78d334a9664e45a2bdf3d52a0,59fb59a04cd20e6dec9ee47cf1de02734068a3328cade998a3fc44a746054ea8,a42a308bd2c5294f3aa79a1a3b15804d4137fd68d7677d9adc037e257a217e76,none,read-only,exploratory-base,exploratory-reified,2b9b44b25cd1c568cd57c6c5df25ae260b68229044617821fb33f542dab77648,603cfbcfaa789b9594f9f90c9f9a5d475d891c57ec09512df1a8db40abab27c6,f9ff8d30db2db1840ca1585b5598b1cf4d1d06ac2adb86a55b430669507fabff,7b43c2342d7676aa65cc9ee233b2184c9eae88f2663874af7ab1b83282f94ab4,6ffd10b28ab050230cdc1137f0bd16155c3a7c587add7fbe921d985fa92879fe,2c47cd3538db7fc8255c004834984563d32293f5923444677442e1149eeab5f7,"pcm-meta-v2:{""protocol"":""r9.2-frozen-identity-v8"",""message"":"""",""cell_wall_ms"":170.612,""answer_kind"":""csv-binding-multiset-v1"",""answer_key_count"":5,""answer_fingerprint"":""faf55b39b433ef52c073d7b9df65dc546808738b77c2d779446e20eb6e764824"",""c_parse_samples"":[0.0],""c_protocol_samples"":[],""construct_total_samples"":[],""construct_unattributed_samples"":[],""status"":""ok"",""status_evidence"":null,""construction_requested"":null,""construction_effective"":null,""commit"":""30927b7b5d3bb9c394df57f9454162ec0b8818e4"",""batch_id"":""c1805e4548b9e6b1e4c35d07987d3339d3f47ec38ce57e889cf043d8365e6e34"",""query_sha256"":""11a13df922fdbee8f9776eaed6af62ffda103b2b406da774b3f49300860168da"",""engine"":""qlever"",""engine_version"":""QLever [engines.json profile]"",""scale"":""10M"",""base_endpoint_sha256"":""de27bc9b5795f339824b9ba281db7ca210725e43627cd5dfc25b8166ca98b6b8"",""reified_endpoint_sha256"":""f188c79557444ad5deb4e733829ad5b89a290050ab46caa399491fa4555710ea"",""update_endpoint_sha256"":""8a607274f1b3d176dd6acfdc7381c25676b642e78d334a9664e45a2bdf3d52a0"",""base_data_identity_sha256"":""59fb59a04cd20e6dec9ee47cf1de02734068a3328cade998a3fc44a746054ea8"",""reified_data_identity_sha256"":""a42a308bd2c5294f3aa79a1a3b15804d4137fd68d7677d9adc037e257a217e76"",""update_for"":""none"",""access_mode"":""read-only"",""base_data_name"":""exploratory-base"",""reified_data_name"":""exploratory-reified"",""update_canary_sha256"":""2b9b44b25cd1c568cd57c6c5df25ae260b68229044617821fb33f542dab77648"",""store_instance_sha256"":""603cfbcfaa789b9594f9f90c9f9a5d475d891c57ec09512df1a8db40abab27c6"",""store_discriminator_sha256"":""f9ff8d30db2db1840ca1585b5598b1cf4d1d06ac2adb86a55b430669507fabff"",""tool_sha256"":""7b43c2342d7676aa65cc9ee233b2184c9eae88f2663874af7ab1b83282f94ab4"",""java_runtime_sha256"":""6ffd10b28ab050230cdc1137f0bd16155c3a7c587add7fbe921d985fa92879fe"",""run_identity_sha256"":""2c47cd3538db7fc8255c004834984563d32293f5923444677442e1149eeab5f7""}"
30927b7b5d3bb9c394df57f9454162ec0b8818e4,qlever,QLever [engines.json profile],10M,S,S1,00,11a13df922fdbee8f9776eaed6af62ffda103b2b406da774b3f49300860168da,R,reification-only,ok,5,1395.7,1395.7,1395.7,1395.7,0.0,0,1,900.0,968,0.0,,,,,162.213844,[1395.681],[0.0],,[],,[],,[],r9.2-frozen-identity-v8,c1805e4548b9e6b1e4c35d07987d3339d3f47ec38ce57e889cf043d8365e6e34,csv-binding-multiset-v1,5,faf55b39b433ef52c073d7b9df65dc546808738b77c2d779446e20eb6e764824,,,,,,,,de27bc9b5795f339824b9ba281db7ca210725e43627cd5dfc25b8166ca98b6b8,f188c79557444ad5deb4e733829ad5b89a290050ab46caa399491fa4555710ea,8a607274f1b3d176dd6acfdc7381c25676b642e78d334a9664e45a2bdf3d52a0,59fb59a04cd20e6dec9ee47cf1de02734068a3328cade998a3fc44a746054ea8,a42a308bd2c5294f3aa79a1a3b15804d4137fd68d7677d9adc037e257a217e76,none,read-only,exploratory-base,exploratory-reified,2b9b44b25cd1c568cd57c6c5df25ae260b68229044617821fb33f542dab77648,603cfbcfaa789b9594f9f90c9f9a5d475d891c57ec09512df1a8db40abab27c6,f9ff8d30db2db1840ca1585b5598b1cf4d1d06ac2adb86a55b430669507fabff,7b43c2342d7676aa65cc9ee233b2184c9eae88f2663874af7ab1b83282f94ab4,6ffd10b28ab050230cdc1137f0bd16155c3a7c587add7fbe921d985fa92879fe,2c47cd3538db7fc8255c004834984563d32293f5923444677442e1149eeab5f7,"pcm-meta-v2:{""protocol"":""r9.2-frozen-identity-v8"",""message"":"""",""cell_wall_ms"":1565.87,""answer_kind"":""csv-binding-multiset-v1"",""answer_key_count"":5,""answer_fingerprint"":""faf55b39b433ef52c073d7b9df65dc546808738b77c2d779446e20eb6e764824"",""c_parse_samples"":[0.0],""c_protocol_samples"":[],""construct_total_samples"":[],""construct_unattributed_samples"":[],""status"":""ok"",""status_evidence"":null,""construction_requested"":null,""construction_effective"":null,""commit"":""30927b7b5d3bb9c394df57f9454162ec0b8818e4"",""batch_id"":""c1805e4548b9e6b1e4c35d07987d3339d3f47ec38ce57e889cf043d8365e6e34"",""query_sha256"":""11a13df922fdbee8f9776eaed6af62ffda103b2b406da774b3f49300860168da"",""engine"":""qlever"",""engine_version"":""QLever [engines.json profile]"",""scale"":""10M"",""base_endpoint_sha256"":""de27bc9b5795f339824b9ba281db7ca210725e43627cd5dfc25b8166ca98b6b8"",""reified_endpoint_sha256"":""f188c79557444ad5deb4e733829ad5b89a290050ab46caa399491fa4555710ea"",""update_endpoint_sha256"":""8a607274f1b3d176dd6acfdc7381c25676b642e78d334a9664e45a2bdf3d52a0"",""base_data_identity_sha256"":""59fb59a04cd20e6dec9ee47cf1de02734068a3328cade998a3fc44a746054ea8"",""reified_data_identity_sha256"":""a42a308bd2c5294f3aa79a1a3b15804d4137fd68d7677d9adc037e257a217e76"",""update_for"":""none"",""access_mode"":""read-only"",""base_data_name"":""exploratory-base"",""reified_data_name"":""exploratory-reified"",""update_canary_sha256"":""2b9b44b25cd1c568cd57c6c5df25ae260b68229044617821fb33f542dab77648"",""store_instance_sha256"":""603cfbcfaa789b9594f9f90c9f9a5d475d891c57ec09512df1a8db40abab27c6"",""store_discriminator_sha256"":""f9ff8d30db2db1840ca1585b5598b1cf4d1d06ac2adb86a55b430669507fabff"",""tool_sha256"":""7b43c2342d7676aa65cc9ee233b2184c9eae88f2663874af7ab1b83282f94ab4"",""java_runtime_sha256"":""6ffd10b28ab050230cdc1137f0bd16155c3a7c587add7fbe921d985fa92879fe"",""run_identity_sha256"":""2c47cd3538db7fc8255c004834984563d32293f5923444677442e1149eeab5f7""}"
30927b7b5d3bb9c394df57f9454162ec0b8818e4,qlever,QLever [engines.json profile],10M,S,S1,00,11a13df922fdbee8f9776eaed6af62ffda103b2b406da774b3f49300860168da,N,N_clean (NPCS reimplementation),ok,5,602.8,602.8,602.8,602.8,0.0,0,1,900.0,1647,0.0,,,,5,184.141306,[602.82],[0.0],,[],,[],,[],r9.2-frozen-identity-v8,c1805e4548b9e6b1e4c35d07987d3339d3f47ec38ce57e889cf043d8365e6e34,csv-candidate-multiset-v1,5,faf55b39b433ef52c073d7b9df65dc546808738b77c2d779446e20eb6e764824,,,,,,,,de27bc9b5795f339824b9ba281db7ca210725e43627cd5dfc25b8166ca98b6b8,f188c79557444ad5deb4e733829ad5b89a290050ab46caa399491fa4555710ea,8a607274f1b3d176dd6acfdc7381c25676b642e78d334a9664e45a2bdf3d52a0,59fb59a04cd20e6dec9ee47cf1de02734068a3328cade998a3fc44a746054ea8,a42a308bd2c5294f3aa79a1a3b15804d4137fd68d7677d9adc037e257a217e76,none,read-only,exploratory-base,exploratory-reified,2b9b44b25cd1c568cd57c6c5df25ae260b68229044617821fb33f542dab77648,603cfbcfaa789b9594f9f90c9f9a5d475d891c57ec09512df1a8db40abab27c6,f9ff8d30db2db1840ca1585b5598b1cf4d1d06ac2adb86a55b430669507fabff,7b43c2342d7676aa65cc9ee233b2184c9eae88f2663874af7ab1b83282f94ab4,6ffd10b28ab050230cdc1137f0bd16155c3a7c587add7fbe921d985fa92879fe,2c47cd3538db7fc8255c004834984563d32293f5923444677442e1149eeab5f7,"pcm-meta-v2:{""protocol"":""r9.2-frozen-identity-v8"",""message"":"""",""cell_wall_ms"":793.936,""answer_kind"":""csv-candidate-multiset-v1"",""answer_key_count"":5,""answer_fingerprint"":""faf55b39b433ef52c073d7b9df65dc546808738b77c2d779446e20eb6e764824"",""c_parse_samples"":[0.0],""c_protocol_samples"":[],""construct_total_samples"":[],""construct_unattributed_samples"":[],""status"":""ok"",""status_evidence"":null,""construction_requested"":null,""construction_effective"":null,""commit"":""30927b7b5d3bb9c394df57f9454162ec0b8818e4"",""batch_id"":""c1805e4548b9e6b1e4c35d07987d3339d3f47ec38ce57e889cf043d8365e6e34"",""query_sha256"":""11a13df922fdbee8f9776eaed6af62ffda103b2b406da774b3f49300860168da"",""engine"":""qlever"",""engine_version"":""QLever [engines.json profile]"",""scale"":""10M"",""base_endpoint_sha256"":""de27bc9b5795f339824b9ba281db7ca210725e43627cd5dfc25b8166ca98b6b8"",""reified_endpoint_sha256"":""f188c79557444ad5deb4e733829ad5b89a290050ab46caa399491fa4555710ea"",""update_endpoint_sha256"":""8a607274f1b3d176dd6acfdc7381c25676b642e78d334a9664e45a2bdf3d52a0"",""base_data_identity_sha256"":""59fb59a04cd20e6dec9ee47cf1de02734068a3328cade998a3fc44a746054ea8"",""reified_data_identity_sha256"":""a42a308bd2c5294f3aa79a1a3b15804d4137fd68d7677d9adc037e257a217e76"",""update_for"":""none"",""access_mode"":""read-only"",""base_data_name"":""exploratory-base"",""reified_data_name"":""exploratory-reified"",""update_canary_sha256"":""2b9b44b25cd1c568cd57c6c5df25ae260b68229044617821fb33f542dab77648"",""store_instance_sha256"":""603cfbcfaa789b9594f9f90c9f9a5d475d891c57ec09512df1a8db40abab27c6"",""store_discriminator_sha256"":""f9ff8d30db2db1840ca1585b5598b1cf4d1d06ac2adb86a55b430669507fabff"",""tool_sha256"":""7b43c2342d7676aa65cc9ee233b2184c9eae88f2663874af7ab1b83282f94ab4"",""java_runtime_sha256"":""6ffd10b28ab050230cdc1137f0bd16155c3a7c587add7fbe921d985fa92879fe"",""run_identity_sha256"":""2c47cd3538db7fc8255c004834984563d32293f5923444677442e1149eeab5f7""}"
30927b7b5d3bb9c394df57f9454162ec0b8818e4,qlever,QLever [engines.json profile],10M,S,S1,00,11a13df922fdbee8f9776eaed6af62ffda103b2b406da774b3f49300860168da,C,SPARQLcirc CircuitRewriter,ok,5,5477.8,5477.8,5477.8,5477.8,0.0,0,1,900.0,26862,2.6,10,50,5,,402.003848,[5477.816],[2.601],0.0,[0.0],5480.9,[5480.855],0.4,[0.439],r9.2-frozen-identity-v8,c1805e4548b9e6b1e4c35d07987d3339d3f47ec38ce57e889cf043d8365e6e34,term-aware-candidate-set-v1,5,cc70222ca42482fff5eb1ed85d8992d3a527b4b368c91d0ca1907b85a45681cf,flat,flat,68afea361c7f49eb2069e36ed34e231a9dd51dd7c9d7f1167b84a9efcb940e64,/mnt/nfs/home/ac145595/workspace/rq3-artifacts/circuits/qlever-10m/11a13df922fdbee8f9776eaed6af62ffda103b2b406da774b3f49300860168da-68afea361c7f49eb2069e36ed34e231a9dd51dd7c9d7f1167b84a9efcb940e64.nt,/mnt/nfs/home/ac145595/workspace/rq3-artifacts/circuits/qlever-10m/11a13df922fdbee8f9776eaed6af62ffda103b2b406da774b3f49300860168da-68afea361c7f49eb2069e36ed34e231a9dd51dd7c9d7f1167b84a9efcb940e64.json,db57e5650ac751197a073483f3d939831200b71639d9f56e282b21c94bf5f391,699b90024f94bf9e4a899014f9050aebbf0d7b32cc05941422e2af73d67e02c5,de27bc9b5795f339824b9ba281db7ca210725e43627cd5dfc25b8166ca98b6b8,f188c79557444ad5deb4e733829ad5b89a290050ab46caa399491fa4555710ea,8a607274f1b3d176dd6acfdc7381c25676b642e78d334a9664e45a2bdf3d52a0,59fb59a04cd20e6dec9ee47cf1de02734068a3328cade998a3fc44a746054ea8,a42a308bd2c5294f3aa79a1a3b15804d4137fd68d7677d9adc037e257a217e76,none,read-only,exploratory-base,exploratory-reified,2b9b44b25cd1c568cd57c6c5df25ae260b68229044617821fb33f542dab77648,603cfbcfaa789b9594f9f90c9f9a5d475d891c57ec09512df1a8db40abab27c6,f9ff8d30db2db1840ca1585b5598b1cf4d1d06ac2adb86a55b430669507fabff,7b43c2342d7676aa65cc9ee233b2184c9eae88f2663874af7ab1b83282f94ab4,6ffd10b28ab050230cdc1137f0bd16155c3a7c587add7fbe921d985fa92879fe,2c47cd3538db7fc8255c004834984563d32293f5923444677442e1149eeab5f7,"pcm-meta-v2:{""protocol"":""r9.2-frozen-identity-v8"",""message"":""C requested=flat effective=flat; steps=1 feedback=0; network includes CONSTRUCT, feedback INSERT, and cleanup DELETE"",""cell_wall_ms"":5889.039,""answer_kind"":""term-aware-candidate-set-v1"",""answer_key_count"":5,""answer_fingerprint"":""cc70222ca42482fff5eb1ed85d8992d3a527b4b368c91d0ca1907b85a45681cf"",""c_parse_samples"":[2.601],""c_protocol_samples"":[{""requested_mode"":""flat"",""effective_mode"":""flat"",""fallback_reason"":null,""plan_steps"":1,""feedback_steps"":0,""feedback_triples"":0,""construct_query_ms"":5477.816,""feedback_update_ms"":0.0,""cleanup_ms"":0.0,""client_protocol_ms"":0.0,""network_scope"":""construct+feedback+cleanup"",""circuit_sha256"":""68afea361c7f49eb2069e36ed34e231a9dd51dd7c9d7f1167b84a9efcb940e64"",""answer_fingerprint"":""cc70222ca42482fff5eb1ed85d8992d3a527b4b368c91d0ca1907b85a45681cf"",""semantic_signature_sha256"":""8ae25a6f656e24a4d9d9dbdd64ae8f1803875d33ebaf0d27a3010b1ffda8989d"",""structure_signature"":{""gates"":10,""edges"":50,""answers"":5,""derivations"":5,""canonical_bytes"":26862},""construct_total_ms"":5480.855,""client_unattributed_ms"":0.439}],""construct_total_samples"":[5480.855],""construct_unattributed_samples"":[0.439],""status"":""ok"",""status_evidence"":null,""c_warmup_signatures"":[],""measured_semantic_signature_sha256"":""8ae25a6f656e24a4d9d9dbdd64ae8f1803875d33ebaf0d27a3010b1ffda8989d"",""measured_repetitions_consistent"":true,""cache_snapshot_ms"":0.942,""cache_snapshot_scope"":""first-measured-response; deferred until all runs succeeded"",""outside_cell_cache_write_ms"":5.337,""construction_requested"":""flat"",""construction_effective"":""flat"",""circuit_sha256"":""68afea361c7f49eb2069e36ed34e231a9dd51dd7c9d7f1167b84a9efcb940e64"",""circuit_triples"":200,""circuit_bytes"":26862,""circuit_path"":""/mnt/nfs/home/ac145595/workspace/rq3-artifacts/circuits/qlever-10m/11a13df922fdbee8f9776eaed6af62ffda103b2b406da774b3f49300860168da-68afea361c7f49eb2069e36ed34e231a9dd51dd7c9d7f1167b84a9efcb940e64.nt"",""metadata_path"":""/mnt/nfs/home/ac145595/workspace/rq3-artifacts/circuits/qlever-10m/11a13df922fdbee8f9776eaed6af62ffda103b2b406da774b3f49300860168da-68afea361c7f49eb2069e36ed34e231a9dd51dd7c9d7f1167b84a9efcb940e64.json"",""producer_observation_sha256"":""db57e5650ac751197a073483f3d939831200b71639d9f56e282b21c94bf5f391"",""sidecar_sha256"":""699b90024f94bf9e4a899014f9050aebbf0d7b32cc05941422e2af73d67e02c5"",""commit"":""30927b7b5d3bb9c394df57f9454162ec0b8818e4"",""batch_id"":""c1805e4548b9e6b1e4c35d07987d3339d3f47ec38ce57e889cf043d8365e6e34"",""query_sha256"":""11a13df922fdbee8f9776eaed6af62ffda103b2b406da774b3f49300860168da"",""engine"":""qlever"",""engine_version"":""QLever [engines.json profile]"",""scale"":""10M"",""base_endpoint_sha256"":""de27bc9b5795f339824b9ba281db7ca210725e43627cd5dfc25b8166ca98b6b8"",""reified_endpoint_sha256"":""f188c79557444ad5deb4e733829ad5b89a290050ab46caa399491fa4555710ea"",""update_endpoint_sha256"":""8a607274f1b3d176dd6acfdc7381c25676b642e78d334a9664e45a2bdf3d52a0"",""base_data_identity_sha256"":""59fb59a04cd20e6dec9ee47cf1de02734068a3328cade998a3fc44a746054ea8"",""reified_data_identity_sha256"":""a42a308bd2c5294f3aa79a1a3b15804d4137fd68d7677d9adc037e257a217e76"",""update_for"":""none"",""access_mode"":""read-only"",""base_data_name"":""exploratory-base"",""reified_data_name"":""exploratory-reified"",""update_canary_sha256"":""2b9b44b25cd1c568cd57c6c5df25ae260b68229044617821fb33f542dab77648"",""store_instance_sha256"":""603cfbcfaa789b9594f9f90c9f9a5d475d891c57ec09512df1a8db40abab27c6"",""store_discriminator_sha256"":""f9ff8d30db2db1840ca1585b5598b1cf4d1d06ac2adb86a55b430669507fabff"",""tool_sha256"":""7b43c2342d7676aa65cc9ee233b2184c9eae88f2663874af7ab1b83282f94ab4"",""java_runtime_sha256"":""6ffd10b28ab050230cdc1137f0bd16155c3a7c587add7fbe921d985fa92879fe"",""run_identity_sha256"":""2c47cd3538db7fc8255c004834984563d32293f5923444677442e1149eeab5f7""}"
30927b7b5d3bb9c394df57f9454162ec0b8818e4,qlever,QLever [engines.json profile],10M,S,S2,00,e634c02fe199569fe27370dfeca74deef380542216b43766499daf6e48f0b7a5,B,base-select,ok,255,11.5,11.5,11.5,11.5,0.0,0,1,900.0,11706,0.0,,,,,0.00804,[11.517],[0.0],,[],,[],,[],r9.2-frozen-identity-v8,c1805e4548b9e6b1e4c35d07987d3339d3f47ec38ce57e889cf043d8365e6e34,csv-binding-multiset-v1,255,7cf0a58e829022b03751ab1a423e477aa734dfb56cbc08474881187861c7e130,,,,,,,,de27bc9b5795f339824b9ba281db7ca210725e43627cd5dfc25b8166ca98b6b8,f188c79557444ad5deb4e733829ad5b89a290050ab46caa399491fa4555710ea,8a607274f1b3d176dd6acfdc7381c25676b642e78d334a9664e45a2bdf3d52a0,59fb59a04cd20e6dec9ee47cf1de02734068a3328cade998a3fc44a746054ea8,a42a308bd2c5294f3aa79a1a3b15804d4137fd68d7677d9adc037e257a217e76,none,read-only,exploratory-base,exploratory-reified,2b9b44b25cd1c568cd57c6c5df25ae260b68229044617821fb33f542dab77648,603cfbcfaa789b9594f9f90c9f9a5d475d891c57ec09512df1a8db40abab27c6,f9ff8d30db2db1840ca1585b5598b1cf4d1d06ac2adb86a55b430669507fabff,7b43c2342d7676aa65cc9ee233b2184c9eae88f2663874af7ab1b83282f94ab4,6ffd10b28ab050230cdc1137f0bd16155c3a7c587add7fbe921d985fa92879fe,d395693bf41077890a5644f07bd7f816da340f024599f3877890fbcdb6faaf85,"pcm-meta-v2:{""protocol"":""r9.2-frozen-identity-v8"",""message"":"""",""cell_wall_ms"":18.623,""answer_kind"":""csv-binding-multiset-v1"",""answer_key_count"":255,""answer_fingerprint"":""7cf0a58e829022b03751ab1a423e477aa734dfb56cbc08474881187861c7e130"",""c_parse_samples"":[0.0],""c_protocol_samples"":[],""construct_total_samples"":[],""construct_unattributed_samples"":[],""status"":""ok"",""status_evidence"":null,""construction_requested"":null,""construction_effective"":null,""commit"":""30927b7b5d3bb9c394df57f9454162ec0b8818e4"",""batch_id"":""c1805e4548b9e6b1e4c35d07987d3339d3f47ec38ce57e889cf043d8365e6e34"",""query_sha256"":""e634c02fe199569fe27370dfeca74deef380542216b43766499daf6e48f0b7a5"",""engine"":""qlever"",""engine_version"":""QLever [engines.json profile]"",""scale"":""10M"",""base_endpoint_sha256"":""de27bc9b5795f339824b9ba281db7ca210725e43627cd5dfc25b8166ca98b6b8"",""reified_endpoint_sha256"":""f188c79557444ad5deb4e733829ad5b89a290050ab46caa399491fa4555710ea"",""update_endpoint_sha256"":""8a607274f1b3d176dd6acfdc7381c25676b642e78d334a9664e45a2bdf3d52a0"",""base_data_identity_sha256"":""59fb59a04cd20e6dec9ee47cf1de02734068a3328cade998a3fc44a746054ea8"",""reified_data_identity_sha256"":""a42a308bd2c5294f3aa79a1a3b15804d4137fd68d7677d9adc037e257a217e76"",""update_for"":""none"",""access_mode"":""read-only"",""base_data_name"":""exploratory-base"",""reified_data_name"":""exploratory-reified"",""update_canary_sha256"":""2b9b44b25cd1c568cd57c6c5df25ae260b68229044617821fb33f542dab77648"",""store_instance_sha256"":""603cfbcfaa789b9594f9f90c9f9a5d475d891c57ec09512df1a8db40abab27c6"",""store_discriminator_sha256"":""f9ff8d30db2db1840ca1585b5598b1cf4d1d06ac2adb86a55b430669507fabff"",""tool_sha256"":""7b43c2342d7676aa65cc9ee233b2184c9eae88f2663874af7ab1b83282f94ab4"",""java_runtime_sha256"":""6ffd10b28ab050230cdc1137f0bd16155c3a7c587add7fbe921d985fa92879fe"",""run_identity_sha256"":""d395693bf41077890a5644f07bd7f816da340f024599f3877890fbcdb6faaf85""}"
30927b7b5d3bb9c394df57f9454162ec0b8818e4,qlever,QLever [engines.json profile],10M,S,S2,00,e634c02fe199569fe27370dfeca74deef380542216b43766499daf6e48f0b7a5,R,reification-only,ok,255,611.0,611.0,611.0,611.0,0.0,0,1,900.0,11706,0.0,,,,,130.118281,[610.957],[0.0],,[],,[],,[],r9.2-frozen-identity-v8,c1805e4548b9e6b1e4c35d07987d3339d3f47ec38ce57e889cf043d8365e6e34,csv-binding-multiset-v1,255,7cf0a58e829022b03751ab1a423e477aa734dfb56cbc08474881187861c7e130,,,,,,,,de27bc9b5795f339824b9ba281db7ca210725e43627cd5dfc25b8166ca98b6b8,f188c79557444ad5deb4e733829ad5b89a290050ab46caa399491fa4555710ea,8a607274f1b3d176dd6acfdc7381c25676b642e78d334a9664e45a2bdf3d52a0,59fb59a04cd20e6dec9ee47cf1de02734068a3328cade998a3fc44a746054ea8,a42a308bd2c5294f3aa79a1a3b15804d4137fd68d7677d9adc037e257a217e76,none,read-only,exploratory-base,exploratory-reified,2b9b44b25cd1c568cd57c6c5df25ae260b68229044617821fb33f542dab77648,603cfbcfaa789b9594f9f90c9f9a5d475d891c57ec09512df1a8db40abab27c6,f9ff8d30db2db1840ca1585b5598b1cf4d1d06ac2adb86a55b430669507fabff,7b43c2342d7676aa65cc9ee233b2184c9eae88f2663874af7ab1b83282f94ab4,6ffd10b28ab050230cdc1137f0bd16155c3a7c587add7fbe921d985fa92879fe,d395693bf41077890a5644f07bd7f816da340f024599f3877890fbcdb6faaf85,"pcm-meta-v2:{""protocol"":""r9.2-frozen-identity-v8"",""message"":"""",""cell_wall_ms"":749.068,""answer_kind"":""csv-binding-multiset-v1"",""answer_key_count"":255,""answer_fingerprint"":""7cf0a58e829022b03751ab1a423e477aa734dfb56cbc08474881187861c7e130"",""c_parse_samples"":[0.0],""c_protocol_samples"":[],""construct_total_samples"":[],""construct_unattributed_samples"":[],""status"":""ok"",""status_evidence"":null,""construction_requested"":null,""construction_effective"":null,""commit"":""30927b7b5d3bb9c394df57f9454162ec0b8818e4"",""batch_id"":""c1805e4548b9e6b1e4c35d07987d3339d3f47ec38ce57e889cf043d8365e6e34"",""query_sha256"":""e634c02fe199569fe27370dfeca74deef380542216b43766499daf6e48f0b7a5"",""engine"":""qlever"",""engine_version"":""QLever [engines.json profile]"",""scale"":""10M"",""base_endpoint_sha256"":""de27bc9b5795f339824b9ba281db7ca210725e43627cd5dfc25b8166ca98b6b8"",""reified_endpoint_sha256"":""f188c79557444ad5deb4e733829ad5b89a290050ab46caa399491fa4555710ea"",""update_endpoint_sha256"":""8a607274f1b3d176dd6acfdc7381c25676b642e78d334a9664e45a2bdf3d52a0"",""base_data_identity_sha256"":""59fb59a04cd20e6dec9ee47cf1de02734068a3328cade998a3fc44a746054ea8"",""reified_data_identity_sha256"":""a42a308bd2c5294f3aa79a1a3b15804d4137fd68d7677d9adc037e257a217e76"",""update_for"":""none"",""access_mode"":""read-only"",""base_data_name"":""exploratory-base"",""reified_data_name"":""exploratory-reified"",""update_canary_sha256"":""2b9b44b25cd1c568cd57c6c5df25ae260b68229044617821fb33f542dab77648"",""store_instance_sha256"":""603cfbcfaa789b9594f9f90c9f9a5d475d891c57ec09512df1a8db40abab27c6"",""store_discriminator_sha256"":""f9ff8d30db2db1840ca1585b5598b1cf4d1d06ac2adb86a55b430669507fabff"",""tool_sha256"":""7b43c2342d7676aa65cc9ee233b2184c9eae88f2663874af7ab1b83282f94ab4"",""java_runtime_sha256"":""6ffd10b28ab050230cdc1137f0bd16155c3a7c587add7fbe921d985fa92879fe"",""run_identity_sha256"":""d395693bf41077890a5644f07bd7f816da340f024599f3877890fbcdb6faaf85""}"
30927b7b5d3bb9c394df57f9454162ec0b8818e4,qlever,QLever [engines.json profile],10M,S,S2,00,e634c02fe199569fe27370dfeca74deef380542216b43766499daf6e48f0b7a5,N,N_clean (NPCS reimplementation),ok,255,465.2,465.2,465.2,465.2,0.0,0,1,900.0,29453,0.0,,,,255,182.388689,[465.238],[0.0],,[],,[],,[],r9.2-frozen-identity-v8,c1805e4548b9e6b1e4c35d07987d3339d3f47ec38ce57e889cf043d8365e6e34,csv-candidate-multiset-v1,255,7cf0a58e829022b03751ab1a423e477aa734dfb56cbc08474881187861c7e130,,,,,,,,de27bc9b5795f339824b9ba281db7ca210725e43627cd5dfc25b8166ca98b6b8,f188c79557444ad5deb4e733829ad5b89a290050ab46caa399491fa4555710ea,8a607274f1b3d176dd6acfdc7381c25676b642e78d334a9664e45a2bdf3d52a0,59fb59a04cd20e6dec9ee47cf1de02734068a3328cade998a3fc44a746054ea8,a42a308bd2c5294f3aa79a1a3b15804d4137fd68d7677d9adc037e257a217e76,none,read-only,exploratory-base,exploratory-reified,2b9b44b25cd1c568cd57c6c5df25ae260b68229044617821fb33f542dab77648,603cfbcfaa789b9594f9f90c9f9a5d475d891c57ec09512df1a8db40abab27c6,f9ff8d30db2db1840ca1585b5598b1cf4d1d06ac2adb86a55b430669507fabff,7b43c2342d7676aa65cc9ee233b2184c9eae88f2663874af7ab1b83282f94ab4,6ffd10b28ab050230cdc1137f0bd16155c3a7c587add7fbe921d985fa92879fe,d395693bf41077890a5644f07bd7f816da340f024599f3877890fbcdb6faaf85,"pcm-meta-v2:{""protocol"":""r9.2-frozen-identity-v8"",""message"":"""",""cell_wall_ms"":655.733,""answer_kind"":""csv-candidate-multiset-v1"",""answer_key_count"":255,""answer_fingerprint"":""7cf0a58e829022b03751ab1a423e477aa734dfb56cbc08474881187861c7e130"",""c_parse_samples"":[0.0],""c_protocol_samples"":[],""construct_total_samples"":[],""construct_unattributed_samples"":[],""status"":""ok"",""status_evidence"":null,""construction_requested"":null,""construction_effective"":null,""commit"":""30927b7b5d3bb9c394df57f9454162ec0b8818e4"",""batch_id"":""c1805e4548b9e6b1e4c35d07987d3339d3f47ec38ce57e889cf043d8365e6e34"",""query_sha256"":""e634c02fe199569fe27370dfeca74deef380542216b43766499daf6e48f0b7a5"",""engine"":""qlever"",""engine_version"":""QLever [engines.json profile]"",""scale"":""10M"",""base_endpoint_sha256"":""de27bc9b5795f339824b9ba281db7ca210725e43627cd5dfc25b8166ca98b6b8"",""reified_endpoint_sha256"":""f188c79557444ad5deb4e733829ad5b89a290050ab46caa399491fa4555710ea"",""update_endpoint_sha256"":""8a607274f1b3d176dd6acfdc7381c25676b642e78d334a9664e45a2bdf3d52a0"",""base_data_identity_sha256"":""59fb59a04cd20e6dec9ee47cf1de02734068a3328cade998a3fc44a746054ea8"",""reified_data_identity_sha256"":""a42a308bd2c5294f3aa79a1a3b15804d4137fd68d7677d9adc037e257a217e76"",""update_for"":""none"",""access_mode"":""read-only"",""base_data_name"":""exploratory-base"",""reified_data_name"":""exploratory-reified"",""update_canary_sha256"":""2b9b44b25cd1c568cd57c6c5df25ae260b68229044617821fb33f542dab77648"",""store_instance_sha256"":""603cfbcfaa789b9594f9f90c9f9a5d475d891c57ec09512df1a8db40abab27c6"",""store_discriminator_sha256"":""f9ff8d30db2db1840ca1585b5598b1cf4d1d06ac2adb86a55b430669507fabff"",""tool_sha256"":""7b43c2342d7676aa65cc9ee233b2184c9eae88f2663874af7ab1b83282f94ab4"",""java_runtime_sha256"":""6ffd10b28ab050230cdc1137f0bd16155c3a7c587add7fbe921d985fa92879fe"",""run_identity_sha256"":""d395693bf41077890a5644f07bd7f816da340f024599f3877890fbcdb6faaf85""}"
30927b7b5d3bb9c394df57f9454162ec0b8818e4,qlever,QLever [engines.json profile],10M,S,S2,00,e634c02fe199569fe27370dfeca74deef380542216b43766499daf6e48f0b7a5,C,SPARQLcirc CircuitRewriter,ok,255,449.0,449.0,449.0,449.0,0.0,0,1,900.0,377984,34.0,510,1275,255,,351.091911,[449.03],[34.028],0.0,[0.0],484.0,[484.031],1.0,[0.973],r9.2-frozen-identity-v8,c1805e4548b9e6b1e4c35d07987d3339d3f47ec38ce57e889cf043d8365e6e34,term-aware-candidate-set-v1,255,cc3c7a44ca494fdba8f25e78de0e814ceb2417154e84bc3026a89271ac7dc51d,flat,flat,c928bb317af0e71a1adbbaba254dbf7942b360bebc3cb990f311392aaf15ad06,/mnt/nfs/home/ac145595/workspace/rq3-artifacts/circuits/qlever-10m/e634c02fe199569fe27370dfeca74deef380542216b43766499daf6e48f0b7a5-c928bb317af0e71a1adbbaba254dbf7942b360bebc3cb990f311392aaf15ad06.nt,/mnt/nfs/home/ac145595/workspace/rq3-artifacts/circuits/qlever-10m/e634c02fe199569fe27370dfeca74deef380542216b43766499daf6e48f0b7a5-c928bb317af0e71a1adbbaba254dbf7942b360bebc3cb990f311392aaf15ad06.json,adb91d8418ec974f4de0ec32ad89d5fdfc9448a14e55bf8d770525f08ac39b78,85e6295c0dde409ac708b27baaeabab2f2d27b21ec2c08a8a1fd97893c234ed4,de27bc9b5795f339824b9ba281db7ca210725e43627cd5dfc25b8166ca98b6b8,f188c79557444ad5deb4e733829ad5b89a290050ab46caa399491fa4555710ea,8a607274f1b3d176dd6acfdc7381c25676b642e78d334a9664e45a2bdf3d52a0,59fb59a04cd20e6dec9ee47cf1de02734068a3328cade998a3fc44a746054ea8,a42a308bd2c5294f3aa79a1a3b15804d4137fd68d7677d9adc037e257a217e76,none,read-only,exploratory-base,exploratory-reified,2b9b44b25cd1c568cd57c6c5df25ae260b68229044617821fb33f542dab77648,603cfbcfaa789b9594f9f90c9f9a5d475d891c57ec09512df1a8db40abab27c6,f9ff8d30db2db1840ca1585b5598b1cf4d1d06ac2adb86a55b430669507fabff,7b43c2342d7676aa65cc9ee233b2184c9eae88f2663874af7ab1b83282f94ab4,6ffd10b28ab050230cdc1137f0bd16155c3a7c587add7fbe921d985fa92879fe,d395693bf41077890a5644f07bd7f816da340f024599f3877890fbcdb6faaf85,"pcm-meta-v2:{""protocol"":""r9.2-frozen-identity-v8"",""message"":""C requested=flat effective=flat; steps=1 feedback=0; network includes CONSTRUCT, feedback INSERT, and cleanup DELETE"",""cell_wall_ms"":847.965,""answer_kind"":""term-aware-candidate-set-v1"",""answer_key_count"":255,""answer_fingerprint"":""cc3c7a44ca494fdba8f25e78de0e814ceb2417154e84bc3026a89271ac7dc51d"",""c_parse_samples"":[34.028],""c_protocol_samples"":[{""requested_mode"":""flat"",""effective_mode"":""flat"",""fallback_reason"":null,""plan_steps"":1,""feedback_steps"":0,""feedback_triples"":0,""construct_query_ms"":449.03,""feedback_update_ms"":0.0,""cleanup_ms"":0.0,""client_protocol_ms"":0.0,""network_scope"":""construct+feedback+cleanup"",""circuit_sha256"":""c928bb317af0e71a1adbbaba254dbf7942b360bebc3cb990f311392aaf15ad06"",""answer_fingerprint"":""cc3c7a44ca494fdba8f25e78de0e814ceb2417154e84bc3026a89271ac7dc51d"",""semantic_signature_sha256"":""e00ab6e0dc2e205eafd11bef06fa5afb6c94e5cd253fdb3c8c04df6f6f758248"",""structure_signature"":{""gates"":510,""edges"":1275,""answers"":255,""derivations"":255,""canonical_bytes"":377984},""construct_total_ms"":484.031,""client_unattributed_ms"":0.973}],""construct_total_samples"":[484.031],""construct_unattributed_samples"":[0.973],""status"":""ok"",""status_evidence"":null,""c_warmup_signatures"":[],""measured_semantic_signature_sha256"":""e00ab6e0dc2e205eafd11bef06fa5afb6c94e5cd253fdb3c8c04df6f6f758248"",""measured_repetitions_consistent"":true,""cache_snapshot_ms"":7.063,""cache_snapshot_scope"":""first-measured-response; deferred until all runs succeeded"",""outside_cell_cache_write_ms"":18.94,""construction_requested"":""flat"",""construction_effective"":""flat"",""circuit_sha256"":""c928bb317af0e71a1adbbaba254dbf7942b360bebc3cb990f311392aaf15ad06"",""circuit_triples"":2805,""circuit_bytes"":377984,""circuit_path"":""/mnt/nfs/home/ac145595/workspace/rq3-artifacts/circuits/qlever-10m/e634c02fe199569fe27370dfeca74deef380542216b43766499daf6e48f0b7a5-c928bb317af0e71a1adbbaba254dbf7942b360bebc3cb990f311392aaf15ad06.nt"",""metadata_path"":""/mnt/nfs/home/ac145595/workspace/rq3-artifacts/circuits/qlever-10m/e634c02fe199569fe27370dfeca74deef380542216b43766499daf6e48f0b7a5-c928bb317af0e71a1adbbaba254dbf7942b360bebc3cb990f311392aaf15ad06.json"",""producer_observation_sha256"":""adb91d8418ec974f4de0ec32ad89d5fdfc9448a14e55bf8d770525f08ac39b78"",""sidecar_sha256"":""85e6295c0dde409ac708b27baaeabab2f2d27b21ec2c08a8a1fd97893c234ed4"",""commit"":""30927b7b5d3bb9c394df57f9454162ec0b8818e4"",""batch_id"":""c1805e4548b9e6b1e4c35d07987d3339d3f47ec38ce57e889cf043d8365e6e34"",""query_sha256"":""e634c02fe199569fe27370dfeca74deef380542216b43766499daf6e48f0b7a5"",""engine"":""qlever"",""engine_version"":""QLever [engines.json profile]"",""scale"":""10M"",""base_endpoint_sha256"":""de27bc9b5795f339824b9ba281db7ca210725e43627cd5dfc25b8166ca98b6b8"",""reified_endpoint_sha256"":""f188c79557444ad5deb4e733829ad5b89a290050ab46caa399491fa4555710ea"",""update_endpoint_sha256"":""8a607274f1b3d176dd6acfdc7381c25676b642e78d334a9664e45a2bdf3d52a0"",""base_data_identity_sha256"":""59fb59a04cd20e6dec9ee47cf1de02734068a3328cade998a3fc44a746054ea8"",""reified_data_identity_sha256"":""a42a308bd2c5294f3aa79a1a3b15804d4137fd68d7677d9adc037e257a217e76"",""update_for"":""none"",""access_mode"":""read-only"",""base_data_name"":""exploratory-base"",""reified_data_name"":""exploratory-reified"",""update_canary_sha256"":""2b9b44b25cd1c568cd57c6c5df25ae260b68229044617821fb33f542dab77648"",""store_instance_sha256"":""603cfbcfaa789b9594f9f90c9f9a5d475d891c57ec09512df1a8db40abab27c6"",""store_discriminator_sha256"":""f9ff8d30db2db1840ca1585b5598b1cf4d1d06ac2adb86a55b430669507fabff"",""tool_sha256"":""7b43c2342d7676aa65cc9ee233b2184c9eae88f2663874af7ab1b83282f94ab4"",""java_runtime_sha256"":""6ffd10b28ab050230cdc1137f0bd16155c3a7c587add7fbe921d985fa92879fe"",""run_identity_sha256"":""d395693bf41077890a5644f07bd7f816da340f024599f3877890fbcdb6faaf85""}"
30927b7b5d3bb9c394df57f9454162ec0b8818e4,qlever,QLever [engines.json profile],10M,S,S3,00,4e26d57d8fea5cd20a5edd26b3e286c7e2287bf17d8cbb9b1567590a068ac8f4,B,base-select,ok,297,11.2,11.2,11.2,11.2,0.0,0,1,900.0,14398,0.0,,,,,0.00769,[11.206],[0.0],,[],,[],,[],r9.2-frozen-identity-v8,c1805e4548b9e6b1e4c35d07987d3339d3f47ec38ce57e889cf043d8365e6e34,csv-binding-multiset-v1,297,4654cbc9287a2c1dd0d5435a9c6f200e818aed27f72469240c86086f401ea24b,,,,,,,,de27bc9b5795f339824b9ba281db7ca210725e43627cd5dfc25b8166ca98b6b8,f188c79557444ad5deb4e733829ad5b89a290050ab46caa399491fa4555710ea,8a607274f1b3d176dd6acfdc7381c25676b642e78d334a9664e45a2bdf3d52a0,59fb59a04cd20e6dec9ee47cf1de02734068a3328cade998a3fc44a746054ea8,a42a308bd2c5294f3aa79a1a3b15804d4137fd68d7677d9adc037e257a217e76,none,read-only,exploratory-base,exploratory-reified,2b9b44b25cd1c568cd57c6c5df25ae260b68229044617821fb33f542dab77648,603cfbcfaa789b9594f9f90c9f9a5d475d891c57ec09512df1a8db40abab27c6,f9ff8d30db2db1840ca1585b5598b1cf4d1d06ac2adb86a55b430669507fabff,7b43c2342d7676aa65cc9ee233b2184c9eae88f2663874af7ab1b83282f94ab4,6ffd10b28ab050230cdc1137f0bd16155c3a7c587add7fbe921d985fa92879fe,a233c0820f500b38c04dec51d3711ab671f3a0a1b8f26505604f00ee90ce882f,"pcm-meta-v2:{""protocol"":""r9.2-frozen-identity-v8"",""message"":"""",""cell_wall_ms"":18.828,""answer_kind"":""csv-binding-multiset-v1"",""answer_key_count"":297,""answer_fingerprint"":""4654cbc9287a2c1dd0d5435a9c6f200e818aed27f72469240c86086f401ea24b"",""c_parse_samples"":[0.0],""c_protocol_samples"":[],""construct_total_samples"":[],""construct_unattributed_samples"":[],""status"":""ok"",""status_evidence"":null,""construction_requested"":null,""construction_effective"":null,""commit"":""30927b7b5d3bb9c394df57f9454162ec0b8818e4"",""batch_id"":""c1805e4548b9e6b1e4c35d07987d3339d3f47ec38ce57e889cf043d8365e6e34"",""query_sha256"":""4e26d57d8fea5cd20a5edd26b3e286c7e2287bf17d8cbb9b1567590a068ac8f4"",""engine"":""qlever"",""engine_version"":""QLever [engines.json profile]"",""scale"":""10M"",""base_endpoint_sha256"":""de27bc9b5795f339824b9ba281db7ca210725e43627cd5dfc25b8166ca98b6b8"",""reified_endpoint_sha256"":""f188c79557444ad5deb4e733829ad5b89a290050ab46caa399491fa4555710ea"",""update_endpoint_sha256"":""8a607274f1b3d176dd6acfdc7381c25676b642e78d334a9664e45a2bdf3d52a0"",""base_data_identity_sha256"":""59fb59a04cd20e6dec9ee47cf1de02734068a3328cade998a3fc44a746054ea8"",""reified_data_identity_sha256"":""a42a308bd2c5294f3aa79a1a3b15804d4137fd68d7677d9adc037e257a217e76"",""update_for"":""none"",""access_mode"":""read-only"",""base_data_name"":""exploratory-base"",""reified_data_name"":""exploratory-reified"",""update_canary_sha256"":""2b9b44b25cd1c568cd57c6c5df25ae260b68229044617821fb33f542dab77648"",""store_instance_sha256"":""603cfbcfaa789b9594f9f90c9f9a5d475d891c57ec09512df1a8db40abab27c6"",""store_discriminator_sha256"":""f9ff8d30db2db1840ca1585b5598b1cf4d1d06ac2adb86a55b430669507fabff"",""tool_sha256"":""7b43c2342d7676aa65cc9ee233b2184c9eae88f2663874af7ab1b83282f94ab4"",""java_runtime_sha256"":""6ffd10b28ab050230cdc1137f0bd16155c3a7c587add7fbe921d985fa92879fe"",""run_identity_sha256"":""a233c0820f500b38c04dec51d3711ab671f3a0a1b8f26505604f00ee90ce882f""}"
30927b7b5d3bb9c394df57f9454162ec0b8818e4,qlever,QLever [engines.json profile],10M,S,S3,00,4e26d57d8fea5cd20a5edd26b3e286c7e2287bf17d8cbb9b1567590a068ac8f4,R,reification-only,ok,297,476.8,476.8,476.8,476.8,0.0,0,1,900.0,14398,0.0,,,,,132.323704,[476.759],[0.0],,[],,[],,[],r9.2-frozen-identity-v8,c1805e4548b9e6b1e4c35d07987d3339d3f47ec38ce57e889cf043d8365e6e34,csv-binding-multiset-v1,297,4654cbc9287a2c1dd0d5435a9c6f200e818aed27f72469240c86086f401ea24b,,,,,,,,de27bc9b5795f339824b9ba281db7ca210725e43627cd5dfc25b8166ca98b6b8,f188c79557444ad5deb4e733829ad5b89a290050ab46caa399491fa4555710ea,8a607274f1b3d176dd6acfdc7381c25676b642e78d334a9664e45a2bdf3d52a0,59fb59a04cd20e6dec9ee47cf1de02734068a3328cade998a3fc44a746054ea8,a42a308bd2c5294f3aa79a1a3b15804d4137fd68d7677d9adc037e257a217e76,none,read-only,exploratory-base,exploratory-reified,2b9b44b25cd1c568cd57c6c5df25ae260b68229044617821fb33f542dab77648,603cfbcfaa789b9594f9f90c9f9a5d475d891c57ec09512df1a8db40abab27c6,f9ff8d30db2db1840ca1585b5598b1cf4d1d06ac2adb86a55b430669507fabff,7b43c2342d7676aa65cc9ee233b2184c9eae88f2663874af7ab1b83282f94ab4,6ffd10b28ab050230cdc1137f0bd16155c3a7c587add7fbe921d985fa92879fe,a233c0820f500b38c04dec51d3711ab671f3a0a1b8f26505604f00ee90ce882f,"pcm-meta-v2:{""protocol"":""r9.2-frozen-identity-v8"",""message"":"""",""cell_wall_ms"":616.844,""answer_kind"":""csv-binding-multiset-v1"",""answer_key_count"":297,""answer_fingerprint"":""4654cbc9287a2c1dd0d5435a9c6f200e818aed27f72469240c86086f401ea24b"",""c_parse_samples"":[0.0],""c_protocol_samples"":[],""construct_total_samples"":[],""construct_unattributed_samples"":[],""status"":""ok"",""status_evidence"":null,""construction_requested"":null,""construction_effective"":null,""commit"":""30927b7b5d3bb9c394df57f9454162ec0b8818e4"",""batch_id"":""c1805e4548b9e6b1e4c35d07987d3339d3f47ec38ce57e889cf043d8365e6e34"",""query_sha256"":""4e26d57d8fea5cd20a5edd26b3e286c7e2287bf17d8cbb9b1567590a068ac8f4"",""engine"":""qlever"",""engine_version"":""QLever [engines.json profile]"",""scale"":""10M"",""base_endpoint_sha256"":""de27bc9b5795f339824b9ba281db7ca210725e43627cd5dfc25b8166ca98b6b8"",""reified_endpoint_sha256"":""f188c79557444ad5deb4e733829ad5b89a290050ab46caa399491fa4555710ea"",""update_endpoint_sha256"":""8a607274f1b3d176dd6acfdc7381c25676b642e78d334a9664e45a2bdf3d52a0"",""base_data_identity_sha256"":""59fb59a04cd20e6dec9ee47cf1de02734068a3328cade998a3fc44a746054ea8"",""reified_data_identity_sha256"":""a42a308bd2c5294f3aa79a1a3b15804d4137fd68d7677d9adc037e257a217e76"",""update_for"":""none"",""access_mode"":""read-only"",""base_data_name"":""exploratory-base"",""reified_data_name"":""exploratory-reified"",""update_canary_sha256"":""2b9b44b25cd1c568cd57c6c5df25ae260b68229044617821fb33f542dab77648"",""store_instance_sha256"":""603cfbcfaa789b9594f9f90c9f9a5d475d891c57ec09512df1a8db40abab27c6"",""store_discriminator_sha256"":""f9ff8d30db2db1840ca1585b5598b1cf4d1d06ac2adb86a55b430669507fabff"",""tool_sha256"":""7b43c2342d7676aa65cc9ee233b2184c9eae88f2663874af7ab1b83282f94ab4"",""java_runtime_sha256"":""6ffd10b28ab050230cdc1137f0bd16155c3a7c587add7fbe921d985fa92879fe"",""run_identity_sha256"":""a233c0820f500b38c04dec51d3711ab671f3a0a1b8f26505604f00ee90ce882f""}"
30927b7b5d3bb9c394df57f9454162ec0b8818e4,qlever,QLever [engines.json profile],10M,S,S3,00,4e26d57d8fea5cd20a5edd26b3e286c7e2287bf17d8cbb9b1567590a068ac8f4,N,N_clean (NPCS reimplementation),ok,128,427.6,427.6,427.6,427.6,0.0,0,1,900.0,24730,0.0,,,,297,176.44516,[427.579],[0.0],,[],,[],,[],r9.2-frozen-identity-v8,c1805e4548b9e6b1e4c35d07987d3339d3f47ec38ce57e889cf043d8365e6e34,csv-candidate-multiset-v1,128,7e075e65cbf9f0272bbc195b893ead6ef5dcf312de88afdb0c46eaa82e0889d7,,,,,,,,de27bc9b5795f339824b9ba281db7ca210725e43627cd5dfc25b8166ca98b6b8,f188c79557444ad5deb4e733829ad5b89a290050ab46caa399491fa4555710ea,8a607274f1b3d176dd6acfdc7381c25676b642e78d334a9664e45a2bdf3d52a0,59fb59a04cd20e6dec9ee47cf1de02734068a3328cade998a3fc44a746054ea8,a42a308bd2c5294f3aa79a1a3b15804d4137fd68d7677d9adc037e257a217e76,none,read-only,exploratory-base,exploratory-reified,2b9b44b25cd1c568cd57c6c5df25ae260b68229044617821fb33f542dab77648,603cfbcfaa789b9594f9f90c9f9a5d475d891c57ec09512df1a8db40abab27c6,f9ff8d30db2db1840ca1585b5598b1cf4d1d06ac2adb86a55b430669507fabff,7b43c2342d7676aa65cc9ee233b2184c9eae88f2663874af7ab1b83282f94ab4,6ffd10b28ab050230cdc1137f0bd16155c3a7c587add7fbe921d985fa92879fe,a233c0820f500b38c04dec51d3711ab671f3a0a1b8f26505604f00ee90ce882f,"pcm-meta-v2:{""protocol"":""r9.2-frozen-identity-v8"",""message"":"""",""cell_wall_ms"":611.784,""answer_kind"":""csv-candidate-multiset-v1"",""answer_key_count"":128,""answer_fingerprint"":""7e075e65cbf9f0272bbc195b893ead6ef5dcf312de88afdb0c46eaa82e0889d7"",""c_parse_samples"":[0.0],""c_protocol_samples"":[],""construct_total_samples"":[],""construct_unattributed_samples"":[],""status"":""ok"",""status_evidence"":null,""construction_requested"":null,""construction_effective"":null,""commit"":""30927b7b5d3bb9c394df57f9454162ec0b8818e4"",""batch_id"":""c1805e4548b9e6b1e4c35d07987d3339d3f47ec38ce57e889cf043d8365e6e34"",""query_sha256"":""4e26d57d8fea5cd20a5edd26b3e286c7e2287bf17d8cbb9b1567590a068ac8f4"",""engine"":""qlever"",""engine_version"":""QLever [engines.json profile]"",""scale"":""10M"",""base_endpoint_sha256"":""de27bc9b5795f339824b9ba281db7ca210725e43627cd5dfc25b8166ca98b6b8"",""reified_endpoint_sha256"":""f188c79557444ad5deb4e733829ad5b89a290050ab46caa399491fa4555710ea"",""update_endpoint_sha256"":""8a607274f1b3d176dd6acfdc7381c25676b642e78d334a9664e45a2bdf3d52a0"",""base_data_identity_sha256"":""59fb59a04cd20e6dec9ee47cf1de02734068a3328cade998a3fc44a746054ea8"",""reified_data_identity_sha256"":""a42a308bd2c5294f3aa79a1a3b15804d4137fd68d7677d9adc037e257a217e76"",""update_for"":""none"",""access_mode"":""read-only"",""base_data_name"":""exploratory-base"",""reified_data_name"":""exploratory-reified"",""update_canary_sha256"":""2b9b44b25cd1c568cd57c6c5df25ae260b68229044617821fb33f542dab77648"",""store_instance_sha256"":""603cfbcfaa789b9594f9f90c9f9a5d475d891c57ec09512df1a8db40abab27c6"",""store_discriminator_sha256"":""f9ff8d30db2db1840ca1585b5598b1cf4d1d06ac2adb86a55b430669507fabff"",""tool_sha256"":""7b43c2342d7676aa65cc9ee233b2184c9eae88f2663874af7ab1b83282f94ab4"",""java_runtime_sha256"":""6ffd10b28ab050230cdc1137f0bd16155c3a7c587add7fbe921d985fa92879fe"",""run_identity_sha256"":""a233c0820f500b38c04dec51d3711ab671f3a0a1b8f26505604f00ee90ce882f""}"
30927b7b5d3bb9c394df57f9454162ec0b8818e4,qlever,QLever [engines.json profile],10M,S,S3,00,4e26d57d8fea5cd20a5edd26b3e286c7e2287bf17d8cbb9b1567590a068ac8f4,C,SPARQLcirc CircuitRewriter,ok,128,450.3,450.3,450.3,450.3,0.0,0,1,900.0,317793,35.3,425,1485,297,,348.168697,[450.285],[35.298],0.0,[0.0],486.4,[486.441],0.9,[0.858],r9.2-frozen-identity-v8,c1805e4548b9e6b1e4c35d07987d3339d3f47ec38ce57e889cf043d8365e6e34,term-aware-candidate-set-v1,128,e102347139f9cfd1da525be5323c65fc45e252beda532850495d7371e58ca1c4,flat,flat,9dbae48f84f3ab0b66b586d462b3c571c1e28a08792bb858a6f8d397eb5a61a9,/mnt/nfs/home/ac145595/workspace/rq3-artifacts/circuits/qlever-10m/4e26d57d8fea5cd20a5edd26b3e286c7e2287bf17d8cbb9b1567590a068ac8f4-9dbae48f84f3ab0b66b586d462b3c571c1e28a08792bb858a6f8d397eb5a61a9.nt,/mnt/nfs/home/ac145595/workspace/rq3-artifacts/circuits/qlever-10m/4e26d57d8fea5cd20a5edd26b3e286c7e2287bf17d8cbb9b1567590a068ac8f4-9dbae48f84f3ab0b66b586d462b3c571c1e28a08792bb858a6f8d397eb5a61a9.json,0fbf4999c76267ce971d7c5ecef80cb9816b9f525ea2c65283ded3c90a2a0c55,fb1262ef0380fc691f9b731b135c1f13ba847b0ac9ea6011b9f6ec2da823169e,de27bc9b5795f339824b9ba281db7ca210725e43627cd5dfc25b8166ca98b6b8,f188c79557444ad5deb4e733829ad5b89a290050ab46caa399491fa4555710ea,8a607274f1b3d176dd6acfdc7381c25676b642e78d334a9664e45a2bdf3d52a0,59fb59a04cd20e6dec9ee47cf1de02734068a3328cade998a3fc44a746054ea8,a42a308bd2c5294f3aa79a1a3b15804d4137fd68d7677d9adc037e257a217e76,none,read-only,exploratory-base,exploratory-reified,2b9b44b25cd1c568cd57c6c5df25ae260b68229044617821fb33f542dab77648,603cfbcfaa789b9594f9f90c9f9a5d475d891c57ec09512df1a8db40abab27c6,f9ff8d30db2db1840ca1585b5598b1cf4d1d06ac2adb86a55b430669507fabff,7b43c2342d7676aa65cc9ee233b2184c9eae88f2663874af7ab1b83282f94ab4,6ffd10b28ab050230cdc1137f0bd16155c3a7c587add7fbe921d985fa92879fe,a233c0820f500b38c04dec51d3711ab671f3a0a1b8f26505604f00ee90ce882f,"pcm-meta-v2:{""protocol"":""r9.2-frozen-identity-v8"",""message"":""C requested=flat effective=flat; steps=1 feedback=0; network includes CONSTRUCT, feedback INSERT, and cleanup DELETE"",""cell_wall_ms"":846.172,""answer_kind"":""term-aware-candidate-set-v1"",""answer_key_count"":128,""answer_fingerprint"":""e102347139f9cfd1da525be5323c65fc45e252beda532850495d7371e58ca1c4"",""c_parse_samples"":[35.298],""c_protocol_samples"":[{""requested_mode"":""flat"",""effective_mode"":""flat"",""fallback_reason"":null,""plan_steps"":1,""feedback_steps"":0,""feedback_triples"":0,""construct_query_ms"":450.285,""feedback_update_ms"":0.0,""cleanup_ms"":0.0,""client_protocol_ms"":0.0,""network_scope"":""construct+feedback+cleanup"",""circuit_sha256"":""9dbae48f84f3ab0b66b586d462b3c571c1e28a08792bb858a6f8d397eb5a61a9"",""answer_fingerprint"":""e102347139f9cfd1da525be5323c65fc45e252beda532850495d7371e58ca1c4"",""semantic_signature_sha256"":""21891d900e50a61f2cdba92bad0875d7ecaacb09034c62e5a13f79ae7aee944f"",""structure_signature"":{""gates"":425,""edges"":1485,""answers"":128,""derivations"":297,""canonical_bytes"":317793},""construct_total_ms"":486.441,""client_unattributed_ms"":0.858}],""construct_total_samples"":[486.441],""construct_unattributed_samples"":[0.858],""status"":""ok"",""status_evidence"":null,""c_warmup_signatures"":[],""measured_semantic_signature_sha256"":""21891d900e50a61f2cdba92bad0875d7ecaacb09034c62e5a13f79ae7aee944f"",""measured_repetitions_consistent"":true,""cache_snapshot_ms"":6.066,""cache_snapshot_scope"":""first-measured-response; deferred until all runs succeeded"",""outside_cell_cache_write_ms"":17.447,""construction_requested"":""flat"",""construction_effective"":""flat"",""circuit_sha256"":""9dbae48f84f3ab0b66b586d462b3c571c1e28a08792bb858a6f8d397eb5a61a9"",""circuit_triples"":2422,""circuit_bytes"":317793,""circuit_path"":""/mnt/nfs/home/ac145595/workspace/rq3-artifacts/circuits/qlever-10m/4e26d57d8fea5cd20a5edd26b3e286c7e2287bf17d8cbb9b1567590a068ac8f4-9dbae48f84f3ab0b66b586d462b3c571c1e28a08792bb858a6f8d397eb5a61a9.nt"",""metadata_path"":""/mnt/nfs/home/ac145595/workspace/rq3-artifacts/circuits/qlever-10m/4e26d57d8fea5cd20a5edd26b3e286c7e2287bf17d8cbb9b1567590a068ac8f4-9dbae48f84f3ab0b66b586d462b3c571c1e28a08792bb858a6f8d397eb5a61a9.json"",""producer_observation_sha256"":""0fbf4999c76267ce971d7c5ecef80cb9816b9f525ea2c65283ded3c90a2a0c55"",""sidecar_sha256"":""fb1262ef0380fc691f9b731b135c1f13ba847b0ac9ea6011b9f6ec2da823169e"",""commit"":""30927b7b5d3bb9c394df57f9454162ec0b8818e4"",""batch_id"":""c1805e4548b9e6b1e4c35d07987d3339d3f47ec38ce57e889cf043d8365e6e34"",""query_sha256"":""4e26d57d8fea5cd20a5edd26b3e286c7e2287bf17d8cbb9b1567590a068ac8f4"",""engine"":""qlever"",""engine_version"":""QLever [engines.json profile]"",""scale"":""10M"",""base_endpoint_sha256"":""de27bc9b5795f339824b9ba281db7ca210725e43627cd5dfc25b8166ca98b6b8"",""reified_endpoint_sha256"":""f188c79557444ad5deb4e733829ad5b89a290050ab46caa399491fa4555710ea"",""update_endpoint_sha256"":""8a607274f1b3d176dd6acfdc7381c25676b642e78d334a9664e45a2bdf3d52a0"",""base_data_identity_sha256"":""59fb59a04cd20e6dec9ee47cf1de02734068a3328cade998a3fc44a746054ea8"",""reified_data_identity_sha256"":""a42a308bd2c5294f3aa79a1a3b15804d4137fd68d7677d9adc037e257a217e76"",""update_for"":""none"",""access_mode"":""read-only"",""base_data_name"":""exploratory-base"",""reified_data_name"":""exploratory-reified"",""update_canary_sha256"":""2b9b44b25cd1c568cd57c6c5df25ae260b68229044617821fb33f542dab77648"",""store_instance_sha256"":""603cfbcfaa789b9594f9f90c9f9a5d475d891c57ec09512df1a8db40abab27c6"",""store_discriminator_sha256"":""f9ff8d30db2db1840ca1585b5598b1cf4d1d06ac2adb86a55b430669507fabff"",""tool_sha256"":""7b43c2342d7676aa65cc9ee233b2184c9eae88f2663874af7ab1b83282f94ab4"",""java_runtime_sha256"":""6ffd10b28ab050230cdc1137f0bd16155c3a7c587add7fbe921d985fa92879fe"",""run_identity_sha256"":""a233c0820f500b38c04dec51d3711ab671f3a0a1b8f26505604f00ee90ce882f""}"
30927b7b5d3bb9c394df57f9454162ec0b8818e4,qlever,QLever [engines.json profile],10M,S,S4,00,be92ea13409cc5816a7820f5d9231cb1e43d4ea746a92a57b97ca2d3c79dc20c,B,base-select,ok,1,14.3,14.3,14.3,14.3,0.0,0,1,900.0,110,0.0,,,,,0.00668,[14.343],[0.0],,[],,[],,[],r9.2-frozen-identity-v8,c1805e4548b9e6b1e4c35d07987d3339d3f47ec38ce57e889cf043d8365e6e34,csv-binding-multiset-v1,1,9455df036fc4f6c3e0d991844f6322b1742a17d72c5dc11bccddd16a96ceb898,,,,,,,,de27bc9b5795f339824b9ba281db7ca210725e43627cd5dfc25b8166ca98b6b8,f188c79557444ad5deb4e733829ad5b89a290050ab46caa399491fa4555710ea,8a607274f1b3d176dd6acfdc7381c25676b642e78d334a9664e45a2bdf3d52a0,59fb59a04cd20e6dec9ee47cf1de02734068a3328cade998a3fc44a746054ea8,a42a308bd2c5294f3aa79a1a3b15804d4137fd68d7677d9adc037e257a217e76,none,read-only,exploratory-base,exploratory-reified,2b9b44b25cd1c568cd57c6c5df25ae260b68229044617821fb33f542dab77648,603cfbcfaa789b9594f9f90c9f9a5d475d891c57ec09512df1a8db40abab27c6,f9ff8d30db2db1840ca1585b5598b1cf4d1d06ac2adb86a55b430669507fabff,7b43c2342d7676aa65cc9ee233b2184c9eae88f2663874af7ab1b83282f94ab4,6ffd10b28ab050230cdc1137f0bd16155c3a7c587add7fbe921d985fa92879fe,e5ab180a69c637214325337c0240f05afbe6d530c853c25abe01e4950147bc36,"pcm-meta-v2:{""protocol"":""r9.2-frozen-identity-v8"",""message"":"""",""cell_wall_ms"":21.156,""answer_kind"":""csv-binding-multiset-v1"",""answer_key_count"":1,""answer_fingerprint"":""9455df036fc4f6c3e0d991844f6322b1742a17d72c5dc11bccddd16a96ceb898"",""c_parse_samples"":[0.0],""c_protocol_samples"":[],""construct_total_samples"":[],""construct_unattributed_samples"":[],""status"":""ok"",""status_evidence"":null,""construction_requested"":null,""construction_effective"":null,""commit"":""30927b7b5d3bb9c394df57f9454162ec0b8818e4"",""batch_id"":""c1805e4548b9e6b1e4c35d07987d3339d3f47ec38ce57e889cf043d8365e6e34"",""query_sha256"":""be92ea13409cc5816a7820f5d9231cb1e43d4ea746a92a57b97ca2d3c79dc20c"",""engine"":""qlever"",""engine_version"":""QLever [engines.json profile]"",""scale"":""10M"",""base_endpoint_sha256"":""de27bc9b5795f339824b9ba281db7ca210725e43627cd5dfc25b8166ca98b6b8"",""reified_endpoint_sha256"":""f188c79557444ad5deb4e733829ad5b89a290050ab46caa399491fa4555710ea"",""update_endpoint_sha256"":""8a607274f1b3d176dd6acfdc7381c25676b642e78d334a9664e45a2bdf3d52a0"",""base_data_identity_sha256"":""59fb59a04cd20e6dec9ee47cf1de02734068a3328cade998a3fc44a746054ea8"",""reified_data_identity_sha256"":""a42a308bd2c5294f3aa79a1a3b15804d4137fd68d7677d9adc037e257a217e76"",""update_for"":""none"",""access_mode"":""read-only"",""base_data_name"":""exploratory-base"",""reified_data_name"":""exploratory-reified"",""update_canary_sha256"":""2b9b44b25cd1c568cd57c6c5df25ae260b68229044617821fb33f542dab77648"",""store_instance_sha256"":""603cfbcfaa789b9594f9f90c9f9a5d475d891c57ec09512df1a8db40abab27c6"",""store_discriminator_sha256"":""f9ff8d30db2db1840ca1585b5598b1cf4d1d06ac2adb86a55b430669507fabff"",""tool_sha256"":""7b43c2342d7676aa65cc9ee233b2184c9eae88f2663874af7ab1b83282f94ab4"",""java_runtime_sha256"":""6ffd10b28ab050230cdc1137f0bd16155c3a7c587add7fbe921d985fa92879fe"",""run_identity_sha256"":""e5ab180a69c637214325337c0240f05afbe6d530c853c25abe01e4950147bc36""}"
30927b7b5d3bb9c394df57f9454162ec0b8818e4,qlever,QLever [engines.json profile],10M,S,S4,00,be92ea13409cc5816a7820f5d9231cb1e43d4ea746a92a57b97ca2d3c79dc20c,R,reification-only,ok,1,471.9,471.9,471.9,471.9,0.0,0,1,900.0,110,0.0,,,,,131.962769,[471.893],[0.0],,[],,[],,[],r9.2-frozen-identity-v8,c1805e4548b9e6b1e4c35d07987d3339d3f47ec38ce57e889cf043d8365e6e34,csv-binding-multiset-v1,1,9455df036fc4f6c3e0d991844f6322b1742a17d72c5dc11bccddd16a96ceb898,,,,,,,,de27bc9b5795f339824b9ba281db7ca210725e43627cd5dfc25b8166ca98b6b8,f188c79557444ad5deb4e733829ad5b89a290050ab46caa399491fa4555710ea,8a607274f1b3d176dd6acfdc7381c25676b642e78d334a9664e45a2bdf3d52a0,59fb59a04cd20e6dec9ee47cf1de02734068a3328cade998a3fc44a746054ea8,a42a308bd2c5294f3aa79a1a3b15804d4137fd68d7677d9adc037e257a217e76,none,read-only,exploratory-base,exploratory-reified,2b9b44b25cd1c568cd57c6c5df25ae260b68229044617821fb33f542dab77648,603cfbcfaa789b9594f9f90c9f9a5d475d891c57ec09512df1a8db40abab27c6,f9ff8d30db2db1840ca1585b5598b1cf4d1d06ac2adb86a55b430669507fabff,7b43c2342d7676aa65cc9ee233b2184c9eae88f2663874af7ab1b83282f94ab4,6ffd10b28ab050230cdc1137f0bd16155c3a7c587add7fbe921d985fa92879fe,e5ab180a69c637214325337c0240f05afbe6d530c853c25abe01e4950147bc36,"pcm-meta-v2:{""protocol"":""r9.2-frozen-identity-v8"",""message"":"""",""cell_wall_ms"":611.426,""answer_kind"":""csv-binding-multiset-v1"",""answer_key_count"":1,""answer_fingerprint"":""9455df036fc4f6c3e0d991844f6322b1742a17d72c5dc11bccddd16a96ceb898"",""c_parse_samples"":[0.0],""c_protocol_samples"":[],""construct_total_samples"":[],""construct_unattributed_samples"":[],""status"":""ok"",""status_evidence"":null,""construction_requested"":null,""construction_effective"":null,""commit"":""30927b7b5d3bb9c394df57f9454162ec0b8818e4"",""batch_id"":""c1805e4548b9e6b1e4c35d07987d3339d3f47ec38ce57e889cf043d8365e6e34"",""query_sha256"":""be92ea13409cc5816a7820f5d9231cb1e43d4ea746a92a57b97ca2d3c79dc20c"",""engine"":""qlever"",""engine_version"":""QLever [engines.json profile]"",""scale"":""10M"",""base_endpoint_sha256"":""de27bc9b5795f339824b9ba281db7ca210725e43627cd5dfc25b8166ca98b6b8"",""reified_endpoint_sha256"":""f188c79557444ad5deb4e733829ad5b89a290050ab46caa399491fa4555710ea"",""update_endpoint_sha256"":""8a607274f1b3d176dd6acfdc7381c25676b642e78d334a9664e45a2bdf3d52a0"",""base_data_identity_sha256"":""59fb59a04cd20e6dec9ee47cf1de02734068a3328cade998a3fc44a746054ea8"",""reified_data_identity_sha256"":""a42a308bd2c5294f3aa79a1a3b15804d4137fd68d7677d9adc037e257a217e76"",""update_for"":""none"",""access_mode"":""read-only"",""base_data_name"":""exploratory-base"",""reified_data_name"":""exploratory-reified"",""update_canary_sha256"":""2b9b44b25cd1c568cd57c6c5df25ae260b68229044617821fb33f542dab77648"",""store_instance_sha256"":""603cfbcfaa789b9594f9f90c9f9a5d475d891c57ec09512df1a8db40abab27c6"",""store_discriminator_sha256"":""f9ff8d30db2db1840ca1585b5598b1cf4d1d06ac2adb86a55b430669507fabff"",""tool_sha256"":""7b43c2342d7676aa65cc9ee233b2184c9eae88f2663874af7ab1b83282f94ab4"",""java_runtime_sha256"":""6ffd10b28ab050230cdc1137f0bd16155c3a7c587add7fbe921d985fa92879fe"",""run_identity_sha256"":""e5ab180a69c637214325337c0240f05afbe6d530c853c25abe01e4950147bc36""}"
30927b7b5d3bb9c394df57f9454162ec0b8818e4,qlever,QLever [engines.json profile],10M,S,S4,00,be92ea13409cc5816a7820f5d9231cb1e43d4ea746a92a57b97ca2d3c79dc20c,N,N_clean (NPCS reimplementation),ok,1,434.4,434.4,434.4,434.4,0.0,0,1,900.0,202,0.0,,,,1,183.990033,[434.387],[0.0],,[],,[],,[],r9.2-frozen-identity-v8,c1805e4548b9e6b1e4c35d07987d3339d3f47ec38ce57e889cf043d8365e6e34,csv-candidate-multiset-v1,1,9455df036fc4f6c3e0d991844f6322b1742a17d72c5dc11bccddd16a96ceb898,,,,,,,,de27bc9b5795f339824b9ba281db7ca210725e43627cd5dfc25b8166ca98b6b8,f188c79557444ad5deb4e733829ad5b89a290050ab46caa399491fa4555710ea,8a607274f1b3d176dd6acfdc7381c25676b642e78d334a9664e45a2bdf3d52a0,59fb59a04cd20e6dec9ee47cf1de02734068a3328cade998a3fc44a746054ea8,a42a308bd2c5294f3aa79a1a3b15804d4137fd68d7677d9adc037e257a217e76,none,read-only,exploratory-base,exploratory-reified,2b9b44b25cd1c568cd57c6c5df25ae260b68229044617821fb33f542dab77648,603cfbcfaa789b9594f9f90c9f9a5d475d891c57ec09512df1a8db40abab27c6,f9ff8d30db2db1840ca1585b5598b1cf4d1d06ac2adb86a55b430669507fabff,7b43c2342d7676aa65cc9ee233b2184c9eae88f2663874af7ab1b83282f94ab4,6ffd10b28ab050230cdc1137f0bd16155c3a7c587add7fbe921d985fa92879fe,e5ab180a69c637214325337c0240f05afbe6d530c853c25abe01e4950147bc36,"pcm-meta-v2:{""protocol"":""r9.2-frozen-identity-v8"",""message"":"""",""cell_wall_ms"":625.146,""answer_kind"":""csv-candidate-multiset-v1"",""answer_key_count"":1,""answer_fingerprint"":""9455df036fc4f6c3e0d991844f6322b1742a17d72c5dc11bccddd16a96ceb898"",""c_parse_samples"":[0.0],""c_protocol_samples"":[],""construct_total_samples"":[],""construct_unattributed_samples"":[],""status"":""ok"",""status_evidence"":null,""construction_requested"":null,""construction_effective"":null,""commit"":""30927b7b5d3bb9c394df57f9454162ec0b8818e4"",""batch_id"":""c1805e4548b9e6b1e4c35d07987d3339d3f47ec38ce57e889cf043d8365e6e34"",""query_sha256"":""be92ea13409cc5816a7820f5d9231cb1e43d4ea746a92a57b97ca2d3c79dc20c"",""engine"":""qlever"",""engine_version"":""QLever [engines.json profile]"",""scale"":""10M"",""base_endpoint_sha256"":""de27bc9b5795f339824b9ba281db7ca210725e43627cd5dfc25b8166ca98b6b8"",""reified_endpoint_sha256"":""f188c79557444ad5deb4e733829ad5b89a290050ab46caa399491fa4555710ea"",""update_endpoint_sha256"":""8a607274f1b3d176dd6acfdc7381c25676b642e78d334a9664e45a2bdf3d52a0"",""base_data_identity_sha256"":""59fb59a04cd20e6dec9ee47cf1de02734068a3328cade998a3fc44a746054ea8"",""reified_data_identity_sha256"":""a42a308bd2c5294f3aa79a1a3b15804d4137fd68d7677d9adc037e257a217e76"",""update_for"":""none"",""access_mode"":""read-only"",""base_data_name"":""exploratory-base"",""reified_data_name"":""exploratory-reified"",""update_canary_sha256"":""2b9b44b25cd1c568cd57c6c5df25ae260b68229044617821fb33f542dab77648"",""store_instance_sha256"":""603cfbcfaa789b9594f9f90c9f9a5d475d891c57ec09512df1a8db40abab27c6"",""store_discriminator_sha256"":""f9ff8d30db2db1840ca1585b5598b1cf4d1d06ac2adb86a55b430669507fabff"",""tool_sha256"":""7b43c2342d7676aa65cc9ee233b2184c9eae88f2663874af7ab1b83282f94ab4"",""java_runtime_sha256"":""6ffd10b28ab050230cdc1137f0bd16155c3a7c587add7fbe921d985fa92879fe"",""run_identity_sha256"":""e5ab180a69c637214325337c0240f05afbe6d530c853c25abe01e4950147bc36""}"
30927b7b5d3bb9c394df57f9454162ec0b8818e4,qlever,QLever [engines.json profile],10M,S,S4,00,be92ea13409cc5816a7820f5d9231cb1e43d4ea746a92a57b97ca2d3c79dc20c,C,SPARQLcirc CircuitRewriter,ok,1,414.1,414.1,414.1,414.1,0.0,0,1,900.0,2357,0.5,2,5,1,,355.102802,[414.097],[0.512],0.0,[0.0],415.0,[415.011],0.4,[0.402],r9.2-frozen-identity-v8,c1805e4548b9e6b1e4c35d07987d3339d3f47ec38ce57e889cf043d8365e6e34,term-aware-candidate-set-v1,1,b850dd09b978b3960f75d2c5a9626d9cec098bd7367b04ac141e92a1588d62f6,flat,flat,96c58e7b547eb7f48b52bb45256f9c66464e00382da6b084628f1edc5ddc19d2,/mnt/nfs/home/ac145595/workspace/rq3-artifacts/circuits/qlever-10m/be92ea13409cc5816a7820f5d9231cb1e43d4ea746a92a57b97ca2d3c79dc20c-96c58e7b547eb7f48b52bb45256f9c66464e00382da6b084628f1edc5ddc19d2.nt,/mnt/nfs/home/ac145595/workspace/rq3-artifacts/circuits/qlever-10m/be92ea13409cc5816a7820f5d9231cb1e43d4ea746a92a57b97ca2d3c79dc20c-96c58e7b547eb7f48b52bb45256f9c66464e00382da6b084628f1edc5ddc19d2.json,c05e5892d5e4b10f9d732eb27da76ea61deea008a5fd795f484dc99400c4f69b,f719635ae89cae935249f0ad889216f2d416b17bae553f6dec975a52db1246ff,de27bc9b5795f339824b9ba281db7ca210725e43627cd5dfc25b8166ca98b6b8,f188c79557444ad5deb4e733829ad5b89a290050ab46caa399491fa4555710ea,8a607274f1b3d176dd6acfdc7381c25676b642e78d334a9664e45a2bdf3d52a0,59fb59a04cd20e6dec9ee47cf1de02734068a3328cade998a3fc44a746054ea8,a42a308bd2c5294f3aa79a1a3b15804d4137fd68d7677d9adc037e257a217e76,none,read-only,exploratory-base,exploratory-reified,2b9b44b25cd1c568cd57c6c5df25ae260b68229044617821fb33f542dab77648,603cfbcfaa789b9594f9f90c9f9a5d475d891c57ec09512df1a8db40abab27c6,f9ff8d30db2db1840ca1585b5598b1cf4d1d06ac2adb86a55b430669507fabff,7b43c2342d7676aa65cc9ee233b2184c9eae88f2663874af7ab1b83282f94ab4,6ffd10b28ab050230cdc1137f0bd16155c3a7c587add7fbe921d985fa92879fe,e5ab180a69c637214325337c0240f05afbe6d530c853c25abe01e4950147bc36,"pcm-meta-v2:{""protocol"":""r9.2-frozen-identity-v8"",""message"":""C requested=flat effective=flat; steps=1 feedback=0; network includes CONSTRUCT, feedback INSERT, and cleanup DELETE"",""cell_wall_ms"":775.87,""answer_kind"":""term-aware-candidate-set-v1"",""answer_key_count"":1,""answer_fingerprint"":""b850dd09b978b3960f75d2c5a9626d9cec098bd7367b04ac141e92a1588d62f6"",""c_parse_samples"":[0.512],""c_protocol_samples"":[{""requested_mode"":""flat"",""effective_mode"":""flat"",""fallback_reason"":null,""plan_steps"":1,""feedback_steps"":0,""feedback_triples"":0,""construct_query_ms"":414.097,""feedback_update_ms"":0.0,""cleanup_ms"":0.0,""client_protocol_ms"":0.0,""network_scope"":""construct+feedback+cleanup"",""circuit_sha256"":""96c58e7b547eb7f48b52bb45256f9c66464e00382da6b084628f1edc5ddc19d2"",""answer_fingerprint"":""b850dd09b978b3960f75d2c5a9626d9cec098bd7367b04ac141e92a1588d62f6"",""semantic_signature_sha256"":""386ffb6d584a1521ba17d838e49cd21a6ba4b87eb0fce207dfb4617abf88db0b"",""structure_signature"":{""gates"":2,""edges"":5,""answers"":1,""derivations"":1,""canonical_bytes"":2357},""construct_total_ms"":415.011,""client_unattributed_ms"":0.402}],""construct_total_samples"":[415.011],""construct_unattributed_samples"":[0.402],""status"":""ok"",""status_evidence"":null,""c_warmup_signatures"":[],""measured_semantic_signature_sha256"":""386ffb6d584a1521ba17d838e49cd21a6ba4b87eb0fce207dfb4617abf88db0b"",""measured_repetitions_consistent"":true,""cache_snapshot_ms"":0.649,""cache_snapshot_scope"":""first-measured-response; deferred until all runs succeeded"",""outside_cell_cache_write_ms"":5.293,""construction_requested"":""flat"",""construction_effective"":""flat"",""circuit_sha256"":""96c58e7b547eb7f48b52bb45256f9c66464e00382da6b084628f1edc5ddc19d2"",""circuit_triples"":17,""circuit_bytes"":2357,""circuit_path"":""/mnt/nfs/home/ac145595/workspace/rq3-artifacts/circuits/qlever-10m/be92ea13409cc5816a7820f5d9231cb1e43d4ea746a92a57b97ca2d3c79dc20c-96c58e7b547eb7f48b52bb45256f9c66464e00382da6b084628f1edc5ddc19d2.nt"",""metadata_path"":""/mnt/nfs/home/ac145595/workspace/rq3-artifacts/circuits/qlever-10m/be92ea13409cc5816a7820f5d9231cb1e43d4ea746a92a57b97ca2d3c79dc20c-96c58e7b547eb7f48b52bb45256f9c66464e00382da6b084628f1edc5ddc19d2.json"",""producer_observation_sha256"":""c05e5892d5e4b10f9d732eb27da76ea61deea008a5fd795f484dc99400c4f69b"",""sidecar_sha256"":""f719635ae89cae935249f0ad889216f2d416b17bae553f6dec975a52db1246ff"",""commit"":""30927b7b5d3bb9c394df57f9454162ec0b8818e4"",""batch_id"":""c1805e4548b9e6b1e4c35d07987d3339d3f47ec38ce57e889cf043d8365e6e34"",""query_sha256"":""be92ea13409cc5816a7820f5d9231cb1e43d4ea746a92a57b97ca2d3c79dc20c"",""engine"":""qlever"",""engine_version"":""QLever [engines.json profile]"",""scale"":""10M"",""base_endpoint_sha256"":""de27bc9b5795f339824b9ba281db7ca210725e43627cd5dfc25b8166ca98b6b8"",""reified_endpoint_sha256"":""f188c79557444ad5deb4e733829ad5b89a290050ab46caa399491fa4555710ea"",""update_endpoint_sha256"":""8a607274f1b3d176dd6acfdc7381c25676b642e78d334a9664e45a2bdf3d52a0"",""base_data_identity_sha256"":""59fb59a04cd20e6dec9ee47cf1de02734068a3328cade998a3fc44a746054ea8"",""reified_data_identity_sha256"":""a42a308bd2c5294f3aa79a1a3b15804d4137fd68d7677d9adc037e257a217e76"",""update_for"":""none"",""access_mode"":""read-only"",""base_data_name"":""exploratory-base"",""reified_data_name"":""exploratory-reified"",""update_canary_sha256"":""2b9b44b25cd1c568cd57c6c5df25ae260b68229044617821fb33f542dab77648"",""store_instance_sha256"":""603cfbcfaa789b9594f9f90c9f9a5d475d891c57ec09512df1a8db40abab27c6"",""store_discriminator_sha256"":""f9ff8d30db2db1840ca1585b5598b1cf4d1d06ac2adb86a55b430669507fabff"",""tool_sha256"":""7b43c2342d7676aa65cc9ee233b2184c9eae88f2663874af7ab1b83282f94ab4"",""java_runtime_sha256"":""6ffd10b28ab050230cdc1137f0bd16155c3a7c587add7fbe921d985fa92879fe"",""run_identity_sha256"":""e5ab180a69c637214325337c0240f05afbe6d530c853c25abe01e4950147bc36""}"
30927b7b5d3bb9c394df57f9454162ec0b8818e4,qlever,QLever [engines.json profile],10M,S,S5,00,691e7a0abcd7232efe06742dc0cffd6f1c1bb58adb1206c47f9a3c8bb38753fb,B,base-select,ok,26,8.6,8.6,8.6,8.6,0.0,0,1,900.0,1261,0.0,,,,,0.00837,[8.633],[0.0],,[],,[],,[],r9.2-frozen-identity-v8,c1805e4548b9e6b1e4c35d07987d3339d3f47ec38ce57e889cf043d8365e6e34,csv-binding-multiset-v1,26,891c19b1f9524fef28babe1ef17e1b435563a0d71a4909a058d1e565f27109e2,,,,,,,,de27bc9b5795f339824b9ba281db7ca210725e43627cd5dfc25b8166ca98b6b8,f188c79557444ad5deb4e733829ad5b89a290050ab46caa399491fa4555710ea,8a607274f1b3d176dd6acfdc7381c25676b642e78d334a9664e45a2bdf3d52a0,59fb59a04cd20e6dec9ee47cf1de02734068a3328cade998a3fc44a746054ea8,a42a308bd2c5294f3aa79a1a3b15804d4137fd68d7677d9adc037e257a217e76,none,read-only,exploratory-base,exploratory-reified,2b9b44b25cd1c568cd57c6c5df25ae260b68229044617821fb33f542dab77648,603cfbcfaa789b9594f9f90c9f9a5d475d891c57ec09512df1a8db40abab27c6,f9ff8d30db2db1840ca1585b5598b1cf4d1d06ac2adb86a55b430669507fabff,7b43c2342d7676aa65cc9ee233b2184c9eae88f2663874af7ab1b83282f94ab4,6ffd10b28ab050230cdc1137f0bd16155c3a7c587add7fbe921d985fa92879fe,fe6eeb9848105dc52416b0ff6948a04c4a1cad97bd2e19bea57f2acaf0c39927,"pcm-meta-v2:{""protocol"":""r9.2-frozen-identity-v8"",""message"":"""",""cell_wall_ms"":15.352,""answer_kind"":""csv-binding-multiset-v1"",""answer_key_count"":26,""answer_fingerprint"":""891c19b1f9524fef28babe1ef17e1b435563a0d71a4909a058d1e565f27109e2"",""c_parse_samples"":[0.0],""c_protocol_samples"":[],""construct_total_samples"":[],""construct_unattributed_samples"":[],""status"":""ok"",""status_evidence"":null,""construction_requested"":null,""construction_effective"":null,""commit"":""30927b7b5d3bb9c394df57f9454162ec0b8818e4"",""batch_id"":""c1805e4548b9e6b1e4c35d07987d3339d3f47ec38ce57e889cf043d8365e6e34"",""query_sha256"":""691e7a0abcd7232efe06742dc0cffd6f1c1bb58adb1206c47f9a3c8bb38753fb"",""engine"":""qlever"",""engine_version"":""QLever [engines.json profile]"",""scale"":""10M"",""base_endpoint_sha256"":""de27bc9b5795f339824b9ba281db7ca210725e43627cd5dfc25b8166ca98b6b8"",""reified_endpoint_sha256"":""f188c79557444ad5deb4e733829ad5b89a290050ab46caa399491fa4555710ea"",""update_endpoint_sha256"":""8a607274f1b3d176dd6acfdc7381c25676b642e78d334a9664e45a2bdf3d52a0"",""base_data_identity_sha256"":""59fb59a04cd20e6dec9ee47cf1de02734068a3328cade998a3fc44a746054ea8"",""reified_data_identity_sha256"":""a42a308bd2c5294f3aa79a1a3b15804d4137fd68d7677d9adc037e257a217e76"",""update_for"":""none"",""access_mode"":""read-only"",""base_data_name"":""exploratory-base"",""reified_data_name"":""exploratory-reified"",""update_canary_sha256"":""2b9b44b25cd1c568cd57c6c5df25ae260b68229044617821fb33f542dab77648"",""store_instance_sha256"":""603cfbcfaa789b9594f9f90c9f9a5d475d891c57ec09512df1a8db40abab27c6"",""store_discriminator_sha256"":""f9ff8d30db2db1840ca1585b5598b1cf4d1d06ac2adb86a55b430669507fabff"",""tool_sha256"":""7b43c2342d7676aa65cc9ee233b2184c9eae88f2663874af7ab1b83282f94ab4"",""java_runtime_sha256"":""6ffd10b28ab050230cdc1137f0bd16155c3a7c587add7fbe921d985fa92879fe"",""run_identity_sha256"":""fe6eeb9848105dc52416b0ff6948a04c4a1cad97bd2e19bea57f2acaf0c39927""}"
30927b7b5d3bb9c394df57f9454162ec0b8818e4,qlever,QLever [engines.json profile],10M,S,S5,00,691e7a0abcd7232efe06742dc0cffd6f1c1bb58adb1206c47f9a3c8bb38753fb,R,reification-only,ok,26,494.8,494.8,494.8,494.8,0.0,0,1,900.0,1261,0.0,,,,,153.505293,[494.784],[0.0],,[],,[],,[],r9.2-frozen-identity-v8,c1805e4548b9e6b1e4c35d07987d3339d3f47ec38ce57e889cf043d8365e6e34,csv-binding-multiset-v1,26,891c19b1f9524fef28babe1ef17e1b435563a0d71a4909a058d1e565f27109e2,,,,,,,,de27bc9b5795f339824b9ba281db7ca210725e43627cd5dfc25b8166ca98b6b8,f188c79557444ad5deb4e733829ad5b89a290050ab46caa399491fa4555710ea,8a607274f1b3d176dd6acfdc7381c25676b642e78d334a9664e45a2bdf3d52a0,59fb59a04cd20e6dec9ee47cf1de02734068a3328cade998a3fc44a746054ea8,a42a308bd2c5294f3aa79a1a3b15804d4137fd68d7677d9adc037e257a217e76,none,read-only,exploratory-base,exploratory-reified,2b9b44b25cd1c568cd57c6c5df25ae260b68229044617821fb33f542dab77648,603cfbcfaa789b9594f9f90c9f9a5d475d891c57ec09512df1a8db40abab27c6,f9ff8d30db2db1840ca1585b5598b1cf4d1d06ac2adb86a55b430669507fabff,7b43c2342d7676aa65cc9ee233b2184c9eae88f2663874af7ab1b83282f94ab4,6ffd10b28ab050230cdc1137f0bd16155c3a7c587add7fbe921d985fa92879fe,fe6eeb9848105dc52416b0ff6948a04c4a1cad97bd2e19bea57f2acaf0c39927,"pcm-meta-v2:{""protocol"":""r9.2-frozen-identity-v8"",""message"":"""",""cell_wall_ms"":656.792,""answer_kind"":""csv-binding-multiset-v1"",""answer_key_count"":26,""answer_fingerprint"":""891c19b1f9524fef28babe1ef17e1b435563a0d71a4909a058d1e565f27109e2"",""c_parse_samples"":[0.0],""c_protocol_samples"":[],""construct_total_samples"":[],""construct_unattributed_samples"":[],""status"":""ok"",""status_evidence"":null,""construction_requested"":null,""construction_effective"":null,""commit"":""30927b7b5d3bb9c394df57f9454162ec0b8818e4"",""batch_id"":""c1805e4548b9e6b1e4c35d07987d3339d3f47ec38ce57e889cf043d8365e6e34"",""query_sha256"":""691e7a0abcd7232efe06742dc0cffd6f1c1bb58adb1206c47f9a3c8bb38753fb"",""engine"":""qlever"",""engine_version"":""QLever [engines.json profile]"",""scale"":""10M"",""base_endpoint_sha256"":""de27bc9b5795f339824b9ba281db7ca210725e43627cd5dfc25b8166ca98b6b8"",""reified_endpoint_sha256"":""f188c79557444ad5deb4e733829ad5b89a290050ab46caa399491fa4555710ea"",""update_endpoint_sha256"":""8a607274f1b3d176dd6acfdc7381c25676b642e78d334a9664e45a2bdf3d52a0"",""base_data_identity_sha256"":""59fb59a04cd20e6dec9ee47cf1de02734068a3328cade998a3fc44a746054ea8"",""reified_data_identity_sha256"":""a42a308bd2c5294f3aa79a1a3b15804d4137fd68d7677d9adc037e257a217e76"",""update_for"":""none"",""access_mode"":""read-only"",""base_data_name"":""exploratory-base"",""reified_data_name"":""exploratory-reified"",""update_canary_sha256"":""2b9b44b25cd1c568cd57c6c5df25ae260b68229044617821fb33f542dab77648"",""store_instance_sha256"":""603cfbcfaa789b9594f9f90c9f9a5d475d891c57ec09512df1a8db40abab27c6"",""store_discriminator_sha256"":""f9ff8d30db2db1840ca1585b5598b1cf4d1d06ac2adb86a55b430669507fabff"",""tool_sha256"":""7b43c2342d7676aa65cc9ee233b2184c9eae88f2663874af7ab1b83282f94ab4"",""java_runtime_sha256"":""6ffd10b28ab050230cdc1137f0bd16155c3a7c587add7fbe921d985fa92879fe"",""run_identity_sha256"":""fe6eeb9848105dc52416b0ff6948a04c4a1cad97bd2e19bea57f2acaf0c39927""}"
30927b7b5d3bb9c394df57f9454162ec0b8818e4,qlever,QLever [engines.json profile],10M,S,S5,00,691e7a0abcd7232efe06742dc0cffd6f1c1bb58adb1206c47f9a3c8bb38753fb,N,N_clean (NPCS reimplementation),ok,26,344.5,344.5,344.5,344.5,0.0,0,1,900.0,3007,0.0,,,,26,178.391018,[344.533],[0.0],,[],,[],,[],r9.2-frozen-identity-v8,c1805e4548b9e6b1e4c35d07987d3339d3f47ec38ce57e889cf043d8365e6e34,csv-candidate-multiset-v1,26,891c19b1f9524fef28babe1ef17e1b435563a0d71a4909a058d1e565f27109e2,,,,,,,,de27bc9b5795f339824b9ba281db7ca210725e43627cd5dfc25b8166ca98b6b8,f188c79557444ad5deb4e733829ad5b89a290050ab46caa399491fa4555710ea,8a607274f1b3d176dd6acfdc7381c25676b642e78d334a9664e45a2bdf3d52a0,59fb59a04cd20e6dec9ee47cf1de02734068a3328cade998a3fc44a746054ea8,a42a308bd2c5294f3aa79a1a3b15804d4137fd68d7677d9adc037e257a217e76,none,read-only,exploratory-base,exploratory-reified,2b9b44b25cd1c568cd57c6c5df25ae260b68229044617821fb33f542dab77648,603cfbcfaa789b9594f9f90c9f9a5d475d891c57ec09512df1a8db40abab27c6,f9ff8d30db2db1840ca1585b5598b1cf4d1d06ac2adb86a55b430669507fabff,7b43c2342d7676aa65cc9ee233b2184c9eae88f2663874af7ab1b83282f94ab4,6ffd10b28ab050230cdc1137f0bd16155c3a7c587add7fbe921d985fa92879fe,fe6eeb9848105dc52416b0ff6948a04c4a1cad97bd2e19bea57f2acaf0c39927,"pcm-meta-v2:{""protocol"":""r9.2-frozen-identity-v8"",""message"":"""",""cell_wall_ms"":530.065,""answer_kind"":""csv-candidate-multiset-v1"",""answer_key_count"":26,""answer_fingerprint"":""891c19b1f9524fef28babe1ef17e1b435563a0d71a4909a058d1e565f27109e2"",""c_parse_samples"":[0.0],""c_protocol_samples"":[],""construct_total_samples"":[],""construct_unattributed_samples"":[],""status"":""ok"",""status_evidence"":null,""construction_requested"":null,""construction_effective"":null,""commit"":""30927b7b5d3bb9c394df57f9454162ec0b8818e4"",""batch_id"":""c1805e4548b9e6b1e4c35d07987d3339d3f47ec38ce57e889cf043d8365e6e34"",""query_sha256"":""691e7a0abcd7232efe06742dc0cffd6f1c1bb58adb1206c47f9a3c8bb38753fb"",""engine"":""qlever"",""engine_version"":""QLever [engines.json profile]"",""scale"":""10M"",""base_endpoint_sha256"":""de27bc9b5795f339824b9ba281db7ca210725e43627cd5dfc25b8166ca98b6b8"",""reified_endpoint_sha256"":""f188c79557444ad5deb4e733829ad5b89a290050ab46caa399491fa4555710ea"",""update_endpoint_sha256"":""8a607274f1b3d176dd6acfdc7381c25676b642e78d334a9664e45a2bdf3d52a0"",""base_data_identity_sha256"":""59fb59a04cd20e6dec9ee47cf1de02734068a3328cade998a3fc44a746054ea8"",""reified_data_identity_sha256"":""a42a308bd2c5294f3aa79a1a3b15804d4137fd68d7677d9adc037e257a217e76"",""update_for"":""none"",""access_mode"":""read-only"",""base_data_name"":""exploratory-base"",""reified_data_name"":""exploratory-reified"",""update_canary_sha256"":""2b9b44b25cd1c568cd57c6c5df25ae260b68229044617821fb33f542dab77648"",""store_instance_sha256"":""603cfbcfaa789b9594f9f90c9f9a5d475d891c57ec09512df1a8db40abab27c6"",""store_discriminator_sha256"":""f9ff8d30db2db1840ca1585b5598b1cf4d1d06ac2adb86a55b430669507fabff"",""tool_sha256"":""7b43c2342d7676aa65cc9ee233b2184c9eae88f2663874af7ab1b83282f94ab4"",""java_runtime_sha256"":""6ffd10b28ab050230cdc1137f0bd16155c3a7c587add7fbe921d985fa92879fe"",""run_identity_sha256"":""fe6eeb9848105dc52416b0ff6948a04c4a1cad97bd2e19bea57f2acaf0c39927""}"
30927b7b5d3bb9c394df57f9454162ec0b8818e4,qlever,QLever [engines.json profile],10M,S,S5,00,691e7a0abcd7232efe06742dc0cffd6f1c1bb58adb1206c47f9a3c8bb38753fb,C,SPARQLcirc CircuitRewriter,ok,26,402.5,402.5,402.5,402.5,0.0,0,1,900.0,38584,3.6,52,130,26,,349.869143,[402.536],[3.581],0.0,[0.0],406.6,[406.586],0.5,[0.469],r9.2-frozen-identity-v8,c1805e4548b9e6b1e4c35d07987d3339d3f47ec38ce57e889cf043d8365e6e34,term-aware-candidate-set-v1,26,58e907040cb1e36d32bde5178127b15ead6e5826627990f0f4d07fa319287328,flat,flat,d78fd92b48bec44ae6d6c70443e2d0a49196744134e188378ed7610457fa48a0,/mnt/nfs/home/ac145595/workspace/rq3-artifacts/circuits/qlever-10m/691e7a0abcd7232efe06742dc0cffd6f1c1bb58adb1206c47f9a3c8bb38753fb-d78fd92b48bec44ae6d6c70443e2d0a49196744134e188378ed7610457fa48a0.nt,/mnt/nfs/home/ac145595/workspace/rq3-artifacts/circuits/qlever-10m/691e7a0abcd7232efe06742dc0cffd6f1c1bb58adb1206c47f9a3c8bb38753fb-d78fd92b48bec44ae6d6c70443e2d0a49196744134e188378ed7610457fa48a0.json,69a57eda2fe4f4055b14d3fa580c934a04ada6e3d5c03b99ae7819fe07a3754a,dd5bd78a71dd2007fed84e03ddeb54ef09a0a4f93cf6d22dec09b34235fe79b6,de27bc9b5795f339824b9ba281db7ca210725e43627cd5dfc25b8166ca98b6b8,f188c79557444ad5deb4e733829ad5b89a290050ab46caa399491fa4555710ea,8a607274f1b3d176dd6acfdc7381c25676b642e78d334a9664e45a2bdf3d52a0,59fb59a04cd20e6dec9ee47cf1de02734068a3328cade998a3fc44a746054ea8,a42a308bd2c5294f3aa79a1a3b15804d4137fd68d7677d9adc037e257a217e76,none,read-only,exploratory-base,exploratory-reified,2b9b44b25cd1c568cd57c6c5df25ae260b68229044617821fb33f542dab77648,603cfbcfaa789b9594f9f90c9f9a5d475d891c57ec09512df1a8db40abab27c6,f9ff8d30db2db1840ca1585b5598b1cf4d1d06ac2adb86a55b430669507fabff,7b43c2342d7676aa65cc9ee233b2184c9eae88f2663874af7ab1b83282f94ab4,6ffd10b28ab050230cdc1137f0bd16155c3a7c587add7fbe921d985fa92879fe,fe6eeb9848105dc52416b0ff6948a04c4a1cad97bd2e19bea57f2acaf0c39927,"pcm-meta-v2:{""protocol"":""r9.2-frozen-identity-v8"",""message"":""C requested=flat effective=flat; steps=1 feedback=0; network includes CONSTRUCT, feedback INSERT, and cleanup DELETE"",""cell_wall_ms"":762.856,""answer_kind"":""term-aware-candidate-set-v1"",""answer_key_count"":26,""answer_fingerprint"":""58e907040cb1e36d32bde5178127b15ead6e5826627990f0f4d07fa319287328"",""c_parse_samples"":[3.581],""c_protocol_samples"":[{""requested_mode"":""flat"",""effective_mode"":""flat"",""fallback_reason"":null,""plan_steps"":1,""feedback_steps"":0,""feedback_triples"":0,""construct_query_ms"":402.536,""feedback_update_ms"":0.0,""cleanup_ms"":0.0,""client_protocol_ms"":0.0,""network_scope"":""construct+feedback+cleanup"",""circuit_sha256"":""d78fd92b48bec44ae6d6c70443e2d0a49196744134e188378ed7610457fa48a0"",""answer_fingerprint"":""58e907040cb1e36d32bde5178127b15ead6e5826627990f0f4d07fa319287328"",""semantic_signature_sha256"":""5cd4c88d2d8e3fa2dfdddf4f7589f74699413f132d5a1dd08322fd0238f32681"",""structure_signature"":{""gates"":52,""edges"":130,""answers"":26,""derivations"":26,""canonical_bytes"":38584},""construct_total_ms"":406.586,""client_unattributed_ms"":0.469}],""construct_total_samples"":[406.586],""construct_unattributed_samples"":[0.469],""status"":""ok"",""status_evidence"":null,""c_warmup_signatures"":[],""measured_semantic_signature_sha256"":""5cd4c88d2d8e3fa2dfdddf4f7589f74699413f132d5a1dd08322fd0238f32681"",""measured_repetitions_consistent"":true,""cache_snapshot_ms"":1.13,""cache_snapshot_scope"":""first-measured-response; deferred until all runs succeeded"",""outside_cell_cache_write_ms"":5.58,""construction_requested"":""flat"",""construction_effective"":""flat"",""circuit_sha256"":""d78fd92b48bec44ae6d6c70443e2d0a49196744134e188378ed7610457fa48a0"",""circuit_triples"":286,""circuit_bytes"":38584,""circuit_path"":""/mnt/nfs/home/ac145595/workspace/rq3-artifacts/circuits/qlever-10m/691e7a0abcd7232efe06742dc0cffd6f1c1bb58adb1206c47f9a3c8bb38753fb-d78fd92b48bec44ae6d6c70443e2d0a49196744134e188378ed7610457fa48a0.nt"",""metadata_path"":""/mnt/nfs/home/ac145595/workspace/rq3-artifacts/circuits/qlever-10m/691e7a0abcd7232efe06742dc0cffd6f1c1bb58adb1206c47f9a3c8bb38753fb-d78fd92b48bec44ae6d6c70443e2d0a49196744134e188378ed7610457fa48a0.json"",""producer_observation_sha256"":""69a57eda2fe4f4055b14d3fa580c934a04ada6e3d5c03b99ae7819fe07a3754a"",""sidecar_sha256"":""dd5bd78a71dd2007fed84e03ddeb54ef09a0a4f93cf6d22dec09b34235fe79b6"",""commit"":""30927b7b5d3bb9c394df57f9454162ec0b8818e4"",""batch_id"":""c1805e4548b9e6b1e4c35d07987d3339d3f47ec38ce57e889cf043d8365e6e34"",""query_sha256"":""691e7a0abcd7232efe06742dc0cffd6f1c1bb58adb1206c47f9a3c8bb38753fb"",""engine"":""qlever"",""engine_version"":""QLever [engines.json profile]"",""scale"":""10M"",""base_endpoint_sha256"":""de27bc9b5795f339824b9ba281db7ca210725e43627cd5dfc25b8166ca98b6b8"",""reified_endpoint_sha256"":""f188c79557444ad5deb4e733829ad5b89a290050ab46caa399491fa4555710ea"",""update_endpoint_sha256"":""8a607274f1b3d176dd6acfdc7381c25676b642e78d334a9664e45a2bdf3d52a0"",""base_data_identity_sha256"":""59fb59a04cd20e6dec9ee47cf1de02734068a3328cade998a3fc44a746054ea8"",""reified_data_identity_sha256"":""a42a308bd2c5294f3aa79a1a3b15804d4137fd68d7677d9adc037e257a217e76"",""update_for"":""none"",""access_mode"":""read-only"",""base_data_name"":""exploratory-base"",""reified_data_name"":""exploratory-reified"",""update_canary_sha256"":""2b9b44b25cd1c568cd57c6c5df25ae260b68229044617821fb33f542dab77648"",""store_instance_sha256"":""603cfbcfaa789b9594f9f90c9f9a5d475d891c57ec09512df1a8db40abab27c6"",""store_discriminator_sha256"":""f9ff8d30db2db1840ca1585b5598b1cf4d1d06ac2adb86a55b430669507fabff"",""tool_sha256"":""7b43c2342d7676aa65cc9ee233b2184c9eae88f2663874af7ab1b83282f94ab4"",""java_runtime_sha256"":""6ffd10b28ab050230cdc1137f0bd16155c3a7c587add7fbe921d985fa92879fe"",""run_identity_sha256"":""fe6eeb9848105dc52416b0ff6948a04c4a1cad97bd2e19bea57f2acaf0c39927""}"
30927b7b5d3bb9c394df57f9454162ec0b8818e4,qlever,QLever [engines.json profile],10M,S,S6,00,3a9de4be91a376d912945053f743c79042392d6a11ce089a2d71c37c156ec248,B,base-select,ok,2,3.8,3.8,3.8,3.8,0.0,0,1,900.0,98,0.0,,,,,0.0077,[3.825],[0.0],,[],,[],,[],r9.2-frozen-identity-v8,c1805e4548b9e6b1e4c35d07987d3339d3f47ec38ce57e889cf043d8365e6e34,csv-binding-multiset-v1,2,b1924cc70061e4ffeec54dbe3a644bbad6470209ee3693f929b67eed2d4a7944,,,,,,,,de27bc9b5795f339824b9ba281db7ca210725e43627cd5dfc25b8166ca98b6b8,f188c79557444ad5deb4e733829ad5b89a290050ab46caa399491fa4555710ea,8a607274f1b3d176dd6acfdc7381c25676b642e78d334a9664e45a2bdf3d52a0,59fb59a04cd20e6dec9ee47cf1de02734068a3328cade998a3fc44a746054ea8,a42a308bd2c5294f3aa79a1a3b15804d4137fd68d7677d9adc037e257a217e76,none,read-only,exploratory-base,exploratory-reified,2b9b44b25cd1c568cd57c6c5df25ae260b68229044617821fb33f542dab77648,603cfbcfaa789b9594f9f90c9f9a5d475d891c57ec09512df1a8db40abab27c6,f9ff8d30db2db1840ca1585b5598b1cf4d1d06ac2adb86a55b430669507fabff,7b43c2342d7676aa65cc9ee233b2184c9eae88f2663874af7ab1b83282f94ab4,6ffd10b28ab050230cdc1137f0bd16155c3a7c587add7fbe921d985fa92879fe,5a8e68a5a38d0a73fb39e0117c803fd51a332dfac6ffda5467c2b8c8f8560777,"pcm-meta-v2:{""protocol"":""r9.2-frozen-identity-v8"",""message"":"""",""cell_wall_ms"":10.606,""answer_kind"":""csv-binding-multiset-v1"",""answer_key_count"":2,""answer_fingerprint"":""b1924cc70061e4ffeec54dbe3a644bbad6470209ee3693f929b67eed2d4a7944"",""c_parse_samples"":[0.0],""c_protocol_samples"":[],""construct_total_samples"":[],""construct_unattributed_samples"":[],""status"":""ok"",""status_evidence"":null,""construction_requested"":null,""construction_effective"":null,""commit"":""30927b7b5d3bb9c394df57f9454162ec0b8818e4"",""batch_id"":""c1805e4548b9e6b1e4c35d07987d3339d3f47ec38ce57e889cf043d8365e6e34"",""query_sha256"":""3a9de4be91a376d912945053f743c79042392d6a11ce089a2d71c37c156ec248"",""engine"":""qlever"",""engine_version"":""QLever [engines.json profile]"",""scale"":""10M"",""base_endpoint_sha256"":""de27bc9b5795f339824b9ba281db7ca210725e43627cd5dfc25b8166ca98b6b8"",""reified_endpoint_sha256"":""f188c79557444ad5deb4e733829ad5b89a290050ab46caa399491fa4555710ea"",""update_endpoint_sha256"":""8a607274f1b3d176dd6acfdc7381c25676b642e78d334a9664e45a2bdf3d52a0"",""base_data_identity_sha256"":""59fb59a04cd20e6dec9ee47cf1de02734068a3328cade998a3fc44a746054ea8"",""reified_data_identity_sha256"":""a42a308bd2c5294f3aa79a1a3b15804d4137fd68d7677d9adc037e257a217e76"",""update_for"":""none"",""access_mode"":""read-only"",""base_data_name"":""exploratory-base"",""reified_data_name"":""exploratory-reified"",""update_canary_sha256"":""2b9b44b25cd1c568cd57c6c5df25ae260b68229044617821fb33f542dab77648"",""store_instance_sha256"":""603cfbcfaa789b9594f9f90c9f9a5d475d891c57ec09512df1a8db40abab27c6"",""store_discriminator_sha256"":""f9ff8d30db2db1840ca1585b5598b1cf4d1d06ac2adb86a55b430669507fabff"",""tool_sha256"":""7b43c2342d7676aa65cc9ee233b2184c9eae88f2663874af7ab1b83282f94ab4"",""java_runtime_sha256"":""6ffd10b28ab050230cdc1137f0bd16155c3a7c587add7fbe921d985fa92879fe"",""run_identity_sha256"":""5a8e68a5a38d0a73fb39e0117c803fd51a332dfac6ffda5467c2b8c8f8560777""}"
30927b7b5d3bb9c394df57f9454162ec0b8818e4,qlever,QLever [engines.json profile],10M,S,S6,00,3a9de4be91a376d912945053f743c79042392d6a11ce089a2d71c37c156ec248,R,reification-only,ok,2,87.8,87.8,87.8,87.8,0.0,0,1,900.0,98,0.0,,,,,129.285398,[87.78],[0.0],,[],,[],,[],r9.2-frozen-identity-v8,c1805e4548b9e6b1e4c35d07987d3339d3f47ec38ce57e889cf043d8365e6e34,csv-binding-multiset-v1,2,b1924cc70061e4ffeec54dbe3a644bbad6470209ee3693f929b67eed2d4a7944,,,,,,,,de27bc9b5795f339824b9ba281db7ca210725e43627cd5dfc25b8166ca98b6b8,f188c79557444ad5deb4e733829ad5b89a290050ab46caa399491fa4555710ea,8a607274f1b3d176dd6acfdc7381c25676b642e78d334a9664e45a2bdf3d52a0,59fb59a04cd20e6dec9ee47cf1de02734068a3328cade998a3fc44a746054ea8,a42a308bd2c5294f3aa79a1a3b15804d4137fd68d7677d9adc037e257a217e76,none,read-only,exploratory-base,exploratory-reified,2b9b44b25cd1c568cd57c6c5df25ae260b68229044617821fb33f542dab77648,603cfbcfaa789b9594f9f90c9f9a5d475d891c57ec09512df1a8db40abab27c6,f9ff8d30db2db1840ca1585b5598b1cf4d1d06ac2adb86a55b430669507fabff,7b43c2342d7676aa65cc9ee233b2184c9eae88f2663874af7ab1b83282f94ab4,6ffd10b28ab050230cdc1137f0bd16155c3a7c587add7fbe921d985fa92879fe,5a8e68a5a38d0a73fb39e0117c803fd51a332dfac6ffda5467c2b8c8f8560777,"pcm-meta-v2:{""protocol"":""r9.2-frozen-identity-v8"",""message"":"""",""cell_wall_ms"":225.308,""answer_kind"":""csv-binding-multiset-v1"",""answer_key_count"":2,""answer_fingerprint"":""b1924cc70061e4ffeec54dbe3a644bbad6470209ee3693f929b67eed2d4a7944"",""c_parse_samples"":[0.0],""c_protocol_samples"":[],""construct_total_samples"":[],""construct_unattributed_samples"":[],""status"":""ok"",""status_evidence"":null,""construction_requested"":null,""construction_effective"":null,""commit"":""30927b7b5d3bb9c394df57f9454162ec0b8818e4"",""batch_id"":""c1805e4548b9e6b1e4c35d07987d3339d3f47ec38ce57e889cf043d8365e6e34"",""query_sha256"":""3a9de4be91a376d912945053f743c79042392d6a11ce089a2d71c37c156ec248"",""engine"":""qlever"",""engine_version"":""QLever [engines.json profile]"",""scale"":""10M"",""base_endpoint_sha256"":""de27bc9b5795f339824b9ba281db7ca210725e43627cd5dfc25b8166ca98b6b8"",""reified_endpoint_sha256"":""f188c79557444ad5deb4e733829ad5b89a290050ab46caa399491fa4555710ea"",""update_endpoint_sha256"":""8a607274f1b3d176dd6acfdc7381c25676b642e78d334a9664e45a2bdf3d52a0"",""base_data_identity_sha256"":""59fb59a04cd20e6dec9ee47cf1de02734068a3328cade998a3fc44a746054ea8"",""reified_data_identity_sha256"":""a42a308bd2c5294f3aa79a1a3b15804d4137fd68d7677d9adc037e257a217e76"",""update_for"":""none"",""access_mode"":""read-only"",""base_data_name"":""exploratory-base"",""reified_data_name"":""exploratory-reified"",""update_canary_sha256"":""2b9b44b25cd1c568cd57c6c5df25ae260b68229044617821fb33f542dab77648"",""store_instance_sha256"":""603cfbcfaa789b9594f9f90c9f9a5d475d891c57ec09512df1a8db40abab27c6"",""store_discriminator_sha256"":""f9ff8d30db2db1840ca1585b5598b1cf4d1d06ac2adb86a55b430669507fabff"",""tool_sha256"":""7b43c2342d7676aa65cc9ee233b2184c9eae88f2663874af7ab1b83282f94ab4"",""java_runtime_sha256"":""6ffd10b28ab050230cdc1137f0bd16155c3a7c587add7fbe921d985fa92879fe"",""run_identity_sha256"":""5a8e68a5a38d0a73fb39e0117c803fd51a332dfac6ffda5467c2b8c8f8560777""}"
30927b7b5d3bb9c394df57f9454162ec0b8818e4,qlever,QLever [engines.json profile],10M,S,S6,00,3a9de4be91a376d912945053f743c79042392d6a11ce089a2d71c37c156ec248,N,N_clean (NPCS reimplementation),ok,2,27.4,27.4,27.4,27.4,0.0,0,1,900.0,232,0.0,,,,2,174.201695,[27.434],[0.0],,[],,[],,[],r9.2-frozen-identity-v8,c1805e4548b9e6b1e4c35d07987d3339d3f47ec38ce57e889cf043d8365e6e34,csv-candidate-multiset-v1,2,b1924cc70061e4ffeec54dbe3a644bbad6470209ee3693f929b67eed2d4a7944,,,,,,,,de27bc9b5795f339824b9ba281db7ca210725e43627cd5dfc25b8166ca98b6b8,f188c79557444ad5deb4e733829ad5b89a290050ab46caa399491fa4555710ea,8a607274f1b3d176dd6acfdc7381c25676b642e78d334a9664e45a2bdf3d52a0,59fb59a04cd20e6dec9ee47cf1de02734068a3328cade998a3fc44a746054ea8,a42a308bd2c5294f3aa79a1a3b15804d4137fd68d7677d9adc037e257a217e76,none,read-only,exploratory-base,exploratory-reified,2b9b44b25cd1c568cd57c6c5df25ae260b68229044617821fb33f542dab77648,603cfbcfaa789b9594f9f90c9f9a5d475d891c57ec09512df1a8db40abab27c6,f9ff8d30db2db1840ca1585b5598b1cf4d1d06ac2adb86a55b430669507fabff,7b43c2342d7676aa65cc9ee233b2184c9eae88f2663874af7ab1b83282f94ab4,6ffd10b28ab050230cdc1137f0bd16155c3a7c587add7fbe921d985fa92879fe,5a8e68a5a38d0a73fb39e0117c803fd51a332dfac6ffda5467c2b8c8f8560777,"pcm-meta-v2:{""protocol"":""r9.2-frozen-identity-v8"",""message"":"""",""cell_wall_ms"":208.137,""answer_kind"":""csv-candidate-multiset-v1"",""answer_key_count"":2,""answer_fingerprint"":""b1924cc70061e4ffeec54dbe3a644bbad6470209ee3693f929b67eed2d4a7944"",""c_parse_samples"":[0.0],""c_protocol_samples"":[],""construct_total_samples"":[],""construct_unattributed_samples"":[],""status"":""ok"",""status_evidence"":null,""construction_requested"":null,""construction_effective"":null,""commit"":""30927b7b5d3bb9c394df57f9454162ec0b8818e4"",""batch_id"":""c1805e4548b9e6b1e4c35d07987d3339d3f47ec38ce57e889cf043d8365e6e34"",""query_sha256"":""3a9de4be91a376d912945053f743c79042392d6a11ce089a2d71c37c156ec248"",""engine"":""qlever"",""engine_version"":""QLever [engines.json profile]"",""scale"":""10M"",""base_endpoint_sha256"":""de27bc9b5795f339824b9ba281db7ca210725e43627cd5dfc25b8166ca98b6b8"",""reified_endpoint_sha256"":""f188c79557444ad5deb4e733829ad5b89a290050ab46caa399491fa4555710ea"",""update_endpoint_sha256"":""8a607274f1b3d176dd6acfdc7381c25676b642e78d334a9664e45a2bdf3d52a0"",""base_data_identity_sha256"":""59fb59a04cd20e6dec9ee47cf1de02734068a3328cade998a3fc44a746054ea8"",""reified_data_identity_sha256"":""a42a308bd2c5294f3aa79a1a3b15804d4137fd68d7677d9adc037e257a217e76"",""update_for"":""none"",""access_mode"":""read-only"",""base_data_name"":""exploratory-base"",""reified_data_name"":""exploratory-reified"",""update_canary_sha256"":""2b9b44b25cd1c568cd57c6c5df25ae260b68229044617821fb33f542dab77648"",""store_instance_sha256"":""603cfbcfaa789b9594f9f90c9f9a5d475d891c57ec09512df1a8db40abab27c6"",""store_discriminator_sha256"":""f9ff8d30db2db1840ca1585b5598b1cf4d1d06ac2adb86a55b430669507fabff"",""tool_sha256"":""7b43c2342d7676aa65cc9ee233b2184c9eae88f2663874af7ab1b83282f94ab4"",""java_runtime_sha256"":""6ffd10b28ab050230cdc1137f0bd16155c3a7c587add7fbe921d985fa92879fe"",""run_identity_sha256"":""5a8e68a5a38d0a73fb39e0117c803fd51a332dfac6ffda5467c2b8c8f8560777""}"
30927b7b5d3bb9c394df57f9454162ec0b8818e4,qlever,QLever [engines.json profile],10M,S,S6,00,3a9de4be91a376d912945053f743c79042392d6a11ce089a2d71c37c156ec248,C,SPARQLcirc CircuitRewriter,ok,2,48.9,48.9,48.9,48.9,0.0,0,1,900.0,2750,0.5,4,8,2,,345.769441,[48.881],[0.533],0.0,[0.0],49.9,[49.856],0.4,[0.443],r9.2-frozen-identity-v8,c1805e4548b9e6b1e4c35d07987d3339d3f47ec38ce57e889cf043d8365e6e34,term-aware-candidate-set-v1,2,473e511d66d4bca4b4cb7f8021b5bc81eb3d2b7a25262497e6a78684d96470dc,flat,flat,c7e7284bb95b63936086c5aa2f7abc633add081f89e7fbaf909fa72f22bfd9a0,/mnt/nfs/home/ac145595/workspace/rq3-artifacts/circuits/qlever-10m/3a9de4be91a376d912945053f743c79042392d6a11ce089a2d71c37c156ec248-c7e7284bb95b63936086c5aa2f7abc633add081f89e7fbaf909fa72f22bfd9a0.nt,/mnt/nfs/home/ac145595/workspace/rq3-artifacts/circuits/qlever-10m/3a9de4be91a376d912945053f743c79042392d6a11ce089a2d71c37c156ec248-c7e7284bb95b63936086c5aa2f7abc633add081f89e7fbaf909fa72f22bfd9a0.json,54f91731f414a1aefae159e70696a3689d528b1984d8a7137ed4a088fa78d409,ea3fa0f100ae460864a8fc0be74897e09b8a2f8b6a24c93008384e766f11cbbf,de27bc9b5795f339824b9ba281db7ca210725e43627cd5dfc25b8166ca98b6b8,f188c79557444ad5deb4e733829ad5b89a290050ab46caa399491fa4555710ea,8a607274f1b3d176dd6acfdc7381c25676b642e78d334a9664e45a2bdf3d52a0,59fb59a04cd20e6dec9ee47cf1de02734068a3328cade998a3fc44a746054ea8,a42a308bd2c5294f3aa79a1a3b15804d4137fd68d7677d9adc037e257a217e76,none,read-only,exploratory-base,exploratory-reified,2b9b44b25cd1c568cd57c6c5df25ae260b68229044617821fb33f542dab77648,603cfbcfaa789b9594f9f90c9f9a5d475d891c57ec09512df1a8db40abab27c6,f9ff8d30db2db1840ca1585b5598b1cf4d1d06ac2adb86a55b430669507fabff,7b43c2342d7676aa65cc9ee233b2184c9eae88f2663874af7ab1b83282f94ab4,6ffd10b28ab050230cdc1137f0bd16155c3a7c587add7fbe921d985fa92879fe,5a8e68a5a38d0a73fb39e0117c803fd51a332dfac6ffda5467c2b8c8f8560777,"pcm-meta-v2:{""protocol"":""r9.2-frozen-identity-v8"",""message"":""C requested=flat effective=flat; steps=1 feedback=0; network includes CONSTRUCT, feedback INSERT, and cleanup DELETE"",""cell_wall_ms"":401.245,""answer_kind"":""term-aware-candidate-set-v1"",""answer_key_count"":2,""answer_fingerprint"":""473e511d66d4bca4b4cb7f8021b5bc81eb3d2b7a25262497e6a78684d96470dc"",""c_parse_samples"":[0.533],""c_protocol_samples"":[{""requested_mode"":""flat"",""effective_mode"":""flat"",""fallback_reason"":null,""plan_steps"":1,""feedback_steps"":0,""feedback_triples"":0,""construct_query_ms"":48.881,""feedback_update_ms"":0.0,""cleanup_ms"":0.0,""client_protocol_ms"":0.0,""network_scope"":""construct+feedback+cleanup"",""circuit_sha256"":""c7e7284bb95b63936086c5aa2f7abc633add081f89e7fbaf909fa72f22bfd9a0"",""answer_fingerprint"":""473e511d66d4bca4b4cb7f8021b5bc81eb3d2b7a25262497e6a78684d96470dc"",""semantic_signature_sha256"":""cf66a35ad67c2a38d2689d1b7cf6bc287a47a74fb3d0c8f10501df1d05ac387d"",""structure_signature"":{""gates"":4,""edges"":8,""answers"":2,""derivations"":2,""canonical_bytes"":2750},""construct_total_ms"":49.856,""client_unattributed_ms"":0.443}],""construct_total_samples"":[49.856],""construct_unattributed_samples"":[0.443],""status"":""ok"",""status_evidence"":null,""c_warmup_signatures"":[],""measured_semantic_signature_sha256"":""cf66a35ad67c2a38d2689d1b7cf6bc287a47a74fb3d0c8f10501df1d05ac387d"",""measured_repetitions_consistent"":true,""cache_snapshot_ms"":0.586,""cache_snapshot_scope"":""first-measured-response; deferred until all runs succeeded"",""outside_cell_cache_write_ms"":4.012,""construction_requested"":""flat"",""construction_effective"":""flat"",""circuit_sha256"":""c7e7284bb95b63936086c5aa2f7abc633add081f89e7fbaf909fa72f22bfd9a0"",""circuit_triples"":20,""circuit_bytes"":2750,""circuit_path"":""/mnt/nfs/home/ac145595/workspace/rq3-artifacts/circuits/qlever-10m/3a9de4be91a376d912945053f743c79042392d6a11ce089a2d71c37c156ec248-c7e7284bb95b63936086c5aa2f7abc633add081f89e7fbaf909fa72f22bfd9a0.nt"",""metadata_path"":""/mnt/nfs/home/ac145595/workspace/rq3-artifacts/circuits/qlever-10m/3a9de4be91a376d912945053f743c79042392d6a11ce089a2d71c37c156ec248-c7e7284bb95b63936086c5aa2f7abc633add081f89e7fbaf909fa72f22bfd9a0.json"",""producer_observation_sha256"":""54f91731f414a1aefae159e70696a3689d528b1984d8a7137ed4a088fa78d409"",""sidecar_sha256"":""ea3fa0f100ae460864a8fc0be74897e09b8a2f8b6a24c93008384e766f11cbbf"",""commit"":""30927b7b5d3bb9c394df57f9454162ec0b8818e4"",""batch_id"":""c1805e4548b9e6b1e4c35d07987d3339d3f47ec38ce57e889cf043d8365e6e34"",""query_sha256"":""3a9de4be91a376d912945053f743c79042392d6a11ce089a2d71c37c156ec248"",""engine"":""qlever"",""engine_version"":""QLever [engines.json profile]"",""scale"":""10M"",""base_endpoint_sha256"":""de27bc9b5795f339824b9ba281db7ca210725e43627cd5dfc25b8166ca98b6b8"",""reified_endpoint_sha256"":""f188c79557444ad5deb4e733829ad5b89a290050ab46caa399491fa4555710ea"",""update_endpoint_sha256"":""8a607274f1b3d176dd6acfdc7381c25676b642e78d334a9664e45a2bdf3d52a0"",""base_data_identity_sha256"":""59fb59a04cd20e6dec9ee47cf1de02734068a3328cade998a3fc44a746054ea8"",""reified_data_identity_sha256"":""a42a308bd2c5294f3aa79a1a3b15804d4137fd68d7677d9adc037e257a217e76"",""update_for"":""none"",""access_mode"":""read-only"",""base_data_name"":""exploratory-base"",""reified_data_name"":""exploratory-reified"",""update_canary_sha256"":""2b9b44b25cd1c568cd57c6c5df25ae260b68229044617821fb33f542dab77648"",""store_instance_sha256"":""603cfbcfaa789b9594f9f90c9f9a5d475d891c57ec09512df1a8db40abab27c6"",""store_discriminator_sha256"":""f9ff8d30db2db1840ca1585b5598b1cf4d1d06ac2adb86a55b430669507fabff"",""tool_sha256"":""7b43c2342d7676aa65cc9ee233b2184c9eae88f2663874af7ab1b83282f94ab4"",""java_runtime_sha256"":""6ffd10b28ab050230cdc1137f0bd16155c3a7c587add7fbe921d985fa92879fe"",""run_identity_sha256"":""5a8e68a5a38d0a73fb39e0117c803fd51a332dfac6ffda5467c2b8c8f8560777""}"
30927b7b5d3bb9c394df57f9454162ec0b8818e4,qlever,QLever [engines.json profile],10M,S,S7,00,eed7ab40fbcb8013104c546e7347be93ee55756a01abd3e1bc1548f3401022e4,B,base-select,ok,1,9.8,9.8,9.8,9.8,0.0,0,1,900.0,250,0.0,,,,,0.01015,[9.762],[0.0],,[],,[],,[],r9.2-frozen-identity-v8,c1805e4548b9e6b1e4c35d07987d3339d3f47ec38ce57e889cf043d8365e6e34,csv-binding-multiset-v1,1,1d3fff0f4caca7ed14afcaa0a37121d528dec36f8fb4f3eb709b1bae81e41cc5,,,,,,,,de27bc9b5795f339824b9ba281db7ca210725e43627cd5dfc25b8166ca98b6b8,f188c79557444ad5deb4e733829ad5b89a290050ab46caa399491fa4555710ea,8a607274f1b3d176dd6acfdc7381c25676b642e78d334a9664e45a2bdf3d52a0,59fb59a04cd20e6dec9ee47cf1de02734068a3328cade998a3fc44a746054ea8,a42a308bd2c5294f3aa79a1a3b15804d4137fd68d7677d9adc037e257a217e76,none,read-only,exploratory-base,exploratory-reified,2b9b44b25cd1c568cd57c6c5df25ae260b68229044617821fb33f542dab77648,603cfbcfaa789b9594f9f90c9f9a5d475d891c57ec09512df1a8db40abab27c6,f9ff8d30db2db1840ca1585b5598b1cf4d1d06ac2adb86a55b430669507fabff,7b43c2342d7676aa65cc9ee233b2184c9eae88f2663874af7ab1b83282f94ab4,6ffd10b28ab050230cdc1137f0bd16155c3a7c587add7fbe921d985fa92879fe,f606b5f8da4bb6af851bd6b4f0d5060a2b76e62cc317b2aa6e02cd6d4ba16307,"pcm-meta-v2:{""protocol"":""r9.2-frozen-identity-v8"",""message"":"""",""cell_wall_ms"":16.092,""answer_kind"":""csv-binding-multiset-v1"",""answer_key_count"":1,""answer_fingerprint"":""1d3fff0f4caca7ed14afcaa0a37121d528dec36f8fb4f3eb709b1bae81e41cc5"",""c_parse_samples"":[0.0],""c_protocol_samples"":[],""construct_total_samples"":[],""construct_unattributed_samples"":[],""status"":""ok"",""status_evidence"":null,""construction_requested"":null,""construction_effective"":null,""commit"":""30927b7b5d3bb9c394df57f9454162ec0b8818e4"",""batch_id"":""c1805e4548b9e6b1e4c35d07987d3339d3f47ec38ce57e889cf043d8365e6e34"",""query_sha256"":""eed7ab40fbcb8013104c546e7347be93ee55756a01abd3e1bc1548f3401022e4"",""engine"":""qlever"",""engine_version"":""QLever [engines.json profile]"",""scale"":""10M"",""base_endpoint_sha256"":""de27bc9b5795f339824b9ba281db7ca210725e43627cd5dfc25b8166ca98b6b8"",""reified_endpoint_sha256"":""f188c79557444ad5deb4e733829ad5b89a290050ab46caa399491fa4555710ea"",""update_endpoint_sha256"":""8a607274f1b3d176dd6acfdc7381c25676b642e78d334a9664e45a2bdf3d52a0"",""base_data_identity_sha256"":""59fb59a04cd20e6dec9ee47cf1de02734068a3328cade998a3fc44a746054ea8"",""reified_data_identity_sha256"":""a42a308bd2c5294f3aa79a1a3b15804d4137fd68d7677d9adc037e257a217e76"",""update_for"":""none"",""access_mode"":""read-only"",""base_data_name"":""exploratory-base"",""reified_data_name"":""exploratory-reified"",""update_canary_sha256"":""2b9b44b25cd1c568cd57c6c5df25ae260b68229044617821fb33f542dab77648"",""store_instance_sha256"":""603cfbcfaa789b9594f9f90c9f9a5d475d891c57ec09512df1a8db40abab27c6"",""store_discriminator_sha256"":""f9ff8d30db2db1840ca1585b5598b1cf4d1d06ac2adb86a55b430669507fabff"",""tool_sha256"":""7b43c2342d7676aa65cc9ee233b2184c9eae88f2663874af7ab1b83282f94ab4"",""java_runtime_sha256"":""6ffd10b28ab050230cdc1137f0bd16155c3a7c587add7fbe921d985fa92879fe"",""run_identity_sha256"":""f606b5f8da4bb6af851bd6b4f0d5060a2b76e62cc317b2aa6e02cd6d4ba16307""}"
30927b7b5d3bb9c394df57f9454162ec0b8818e4,qlever,QLever [engines.json profile],10M,S,S7,00,eed7ab40fbcb8013104c546e7347be93ee55756a01abd3e1bc1548f3401022e4,R,reification-only,ok,1,87.7,87.7,87.7,87.7,0.0,0,1,900.0,250,0.0,,,,,130.135891,[87.732],[0.0],,[],,[],,[],r9.2-frozen-identity-v8,c1805e4548b9e6b1e4c35d07987d3339d3f47ec38ce57e889cf043d8365e6e34,csv-binding-multiset-v1,1,1d3fff0f4caca7ed14afcaa0a37121d528dec36f8fb4f3eb709b1bae81e41cc5,,,,,,,,de27bc9b5795f339824b9ba281db7ca210725e43627cd5dfc25b8166ca98b6b8,f188c79557444ad5deb4e733829ad5b89a290050ab46caa399491fa4555710ea,8a607274f1b3d176dd6acfdc7381c25676b642e78d334a9664e45a2bdf3d52a0,59fb59a04cd20e6dec9ee47cf1de02734068a3328cade998a3fc44a746054ea8,a42a308bd2c5294f3aa79a1a3b15804d4137fd68d7677d9adc037e257a217e76,none,read-only,exploratory-base,exploratory-reified,2b9b44b25cd1c568cd57c6c5df25ae260b68229044617821fb33f542dab77648,603cfbcfaa789b9594f9f90c9f9a5d475d891c57ec09512df1a8db40abab27c6,f9ff8d30db2db1840ca1585b5598b1cf4d1d06ac2adb86a55b430669507fabff,7b43c2342d7676aa65cc9ee233b2184c9eae88f2663874af7ab1b83282f94ab4,6ffd10b28ab050230cdc1137f0bd16155c3a7c587add7fbe921d985fa92879fe,f606b5f8da4bb6af851bd6b4f0d5060a2b76e62cc317b2aa6e02cd6d4ba16307,"pcm-meta-v2:{""protocol"":""r9.2-frozen-identity-v8"",""message"":"""",""cell_wall_ms"":225.632,""answer_kind"":""csv-binding-multiset-v1"",""answer_key_count"":1,""answer_fingerprint"":""1d3fff0f4caca7ed14afcaa0a37121d528dec36f8fb4f3eb709b1bae81e41cc5"",""c_parse_samples"":[0.0],""c_protocol_samples"":[],""construct_total_samples"":[],""construct_unattributed_samples"":[],""status"":""ok"",""status_evidence"":null,""construction_requested"":null,""construction_effective"":null,""commit"":""30927b7b5d3bb9c394df57f9454162ec0b8818e4"",""batch_id"":""c1805e4548b9e6b1e4c35d07987d3339d3f47ec38ce57e889cf043d8365e6e34"",""query_sha256"":""eed7ab40fbcb8013104c546e7347be93ee55756a01abd3e1bc1548f3401022e4"",""engine"":""qlever"",""engine_version"":""QLever [engines.json profile]"",""scale"":""10M"",""base_endpoint_sha256"":""de27bc9b5795f339824b9ba281db7ca210725e43627cd5dfc25b8166ca98b6b8"",""reified_endpoint_sha256"":""f188c79557444ad5deb4e733829ad5b89a290050ab46caa399491fa4555710ea"",""update_endpoint_sha256"":""8a607274f1b3d176dd6acfdc7381c25676b642e78d334a9664e45a2bdf3d52a0"",""base_data_identity_sha256"":""59fb59a04cd20e6dec9ee47cf1de02734068a3328cade998a3fc44a746054ea8"",""reified_data_identity_sha256"":""a42a308bd2c5294f3aa79a1a3b15804d4137fd68d7677d9adc037e257a217e76"",""update_for"":""none"",""access_mode"":""read-only"",""base_data_name"":""exploratory-base"",""reified_data_name"":""exploratory-reified"",""update_canary_sha256"":""2b9b44b25cd1c568cd57c6c5df25ae260b68229044617821fb33f542dab77648"",""store_instance_sha256"":""603cfbcfaa789b9594f9f90c9f9a5d475d891c57ec09512df1a8db40abab27c6"",""store_discriminator_sha256"":""f9ff8d30db2db1840ca1585b5598b1cf4d1d06ac2adb86a55b430669507fabff"",""tool_sha256"":""7b43c2342d7676aa65cc9ee233b2184c9eae88f2663874af7ab1b83282f94ab4"",""java_runtime_sha256"":""6ffd10b28ab050230cdc1137f0bd16155c3a7c587add7fbe921d985fa92879fe"",""run_identity_sha256"":""f606b5f8da4bb6af851bd6b4f0d5060a2b76e62cc317b2aa6e02cd6d4ba16307""}"
30927b7b5d3bb9c394df57f9454162ec0b8818e4,qlever,QLever [engines.json profile],10M,S,S7,00,eed7ab40fbcb8013104c546e7347be93ee55756a01abd3e1bc1548f3401022e4,N,N_clean (NPCS reimplementation),ok,1,24.5,24.5,24.5,24.5,0.0,0,1,900.0,327,0.0,,,,1,187.686569,[24.461],[0.0],,[],,[],,[],r9.2-frozen-identity-v8,c1805e4548b9e6b1e4c35d07987d3339d3f47ec38ce57e889cf043d8365e6e34,csv-candidate-multiset-v1,1,1d3fff0f4caca7ed14afcaa0a37121d528dec36f8fb4f3eb709b1bae81e41cc5,,,,,,,,de27bc9b5795f339824b9ba281db7ca210725e43627cd5dfc25b8166ca98b6b8,f188c79557444ad5deb4e733829ad5b89a290050ab46caa399491fa4555710ea,8a607274f1b3d176dd6acfdc7381c25676b642e78d334a9664e45a2bdf3d52a0,59fb59a04cd20e6dec9ee47cf1de02734068a3328cade998a3fc44a746054ea8,a42a308bd2c5294f3aa79a1a3b15804d4137fd68d7677d9adc037e257a217e76,none,read-only,exploratory-base,exploratory-reified,2b9b44b25cd1c568cd57c6c5df25ae260b68229044617821fb33f542dab77648,603cfbcfaa789b9594f9f90c9f9a5d475d891c57ec09512df1a8db40abab27c6,f9ff8d30db2db1840ca1585b5598b1cf4d1d06ac2adb86a55b430669507fabff,7b43c2342d7676aa65cc9ee233b2184c9eae88f2663874af7ab1b83282f94ab4,6ffd10b28ab050230cdc1137f0bd16155c3a7c587add7fbe921d985fa92879fe,f606b5f8da4bb6af851bd6b4f0d5060a2b76e62cc317b2aa6e02cd6d4ba16307,"pcm-meta-v2:{""protocol"":""r9.2-frozen-identity-v8"",""message"":"""",""cell_wall_ms"":218.912,""answer_kind"":""csv-candidate-multiset-v1"",""answer_key_count"":1,""answer_fingerprint"":""1d3fff0f4caca7ed14afcaa0a37121d528dec36f8fb4f3eb709b1bae81e41cc5"",""c_parse_samples"":[0.0],""c_protocol_samples"":[],""construct_total_samples"":[],""construct_unattributed_samples"":[],""status"":""ok"",""status_evidence"":null,""construction_requested"":null,""construction_effective"":null,""commit"":""30927b7b5d3bb9c394df57f9454162ec0b8818e4"",""batch_id"":""c1805e4548b9e6b1e4c35d07987d3339d3f47ec38ce57e889cf043d8365e6e34"",""query_sha256"":""eed7ab40fbcb8013104c546e7347be93ee55756a01abd3e1bc1548f3401022e4"",""engine"":""qlever"",""engine_version"":""QLever [engines.json profile]"",""scale"":""10M"",""base_endpoint_sha256"":""de27bc9b5795f339824b9ba281db7ca210725e43627cd5dfc25b8166ca98b6b8"",""reified_endpoint_sha256"":""f188c79557444ad5deb4e733829ad5b89a290050ab46caa399491fa4555710ea"",""update_endpoint_sha256"":""8a607274f1b3d176dd6acfdc7381c25676b642e78d334a9664e45a2bdf3d52a0"",""base_data_identity_sha256"":""59fb59a04cd20e6dec9ee47cf1de02734068a3328cade998a3fc44a746054ea8"",""reified_data_identity_sha256"":""a42a308bd2c5294f3aa79a1a3b15804d4137fd68d7677d9adc037e257a217e76"",""update_for"":""none"",""access_mode"":""read-only"",""base_data_name"":""exploratory-base"",""reified_data_name"":""exploratory-reified"",""update_canary_sha256"":""2b9b44b25cd1c568cd57c6c5df25ae260b68229044617821fb33f542dab77648"",""store_instance_sha256"":""603cfbcfaa789b9594f9f90c9f9a5d475d891c57ec09512df1a8db40abab27c6"",""store_discriminator_sha256"":""f9ff8d30db2db1840ca1585b5598b1cf4d1d06ac2adb86a55b430669507fabff"",""tool_sha256"":""7b43c2342d7676aa65cc9ee233b2184c9eae88f2663874af7ab1b83282f94ab4"",""java_runtime_sha256"":""6ffd10b28ab050230cdc1137f0bd16155c3a7c587add7fbe921d985fa92879fe"",""run_identity_sha256"":""f606b5f8da4bb6af851bd6b4f0d5060a2b76e62cc317b2aa6e02cd6d4ba16307""}"
30927b7b5d3bb9c394df57f9454162ec0b8818e4,qlever,QLever [engines.json profile],10M,S,S7,00,eed7ab40fbcb8013104c546e7347be93ee55756a01abd3e1bc1548f3401022e4,C,SPARQLcirc CircuitRewriter,ok,1,60.0,60.0,60.0,60.0,0.0,0,1,900.0,2526,0.5,2,4,1,,350.560023,[59.964],[0.52],0.0,[0.0],60.9,[60.918],0.4,[0.433],r9.2-frozen-identity-v8,c1805e4548b9e6b1e4c35d07987d3339d3f47ec38ce57e889cf043d8365e6e34,term-aware-candidate-set-v1,1,e8aa5d2cea37746b7ce391d6eab1cdfa3ad3050a16753f9b1ad19ae731e0d71d,flat,flat,3b06479508e28b8ecf87b2b3a9579b93cd0039b04ae9f9ed7438ecb69824c4a9,/mnt/nfs/home/ac145595/workspace/rq3-artifacts/circuits/qlever-10m/eed7ab40fbcb8013104c546e7347be93ee55756a01abd3e1bc1548f3401022e4-3b06479508e28b8ecf87b2b3a9579b93cd0039b04ae9f9ed7438ecb69824c4a9.nt,/mnt/nfs/home/ac145595/workspace/rq3-artifacts/circuits/qlever-10m/eed7ab40fbcb8013104c546e7347be93ee55756a01abd3e1bc1548f3401022e4-3b06479508e28b8ecf87b2b3a9579b93cd0039b04ae9f9ed7438ecb69824c4a9.json,48f93b5101259902acdb88730d45d545a32364f4ed395f43c05c70d31c8c41d0,b0a544c5d75cdd66e61b542d6fa0e85ba7a01de98fb827fc167ef32de5d6a7f4,de27bc9b5795f339824b9ba281db7ca210725e43627cd5dfc25b8166ca98b6b8,f188c79557444ad5deb4e733829ad5b89a290050ab46caa399491fa4555710ea,8a607274f1b3d176dd6acfdc7381c25676b642e78d334a9664e45a2bdf3d52a0,59fb59a04cd20e6dec9ee47cf1de02734068a3328cade998a3fc44a746054ea8,a42a308bd2c5294f3aa79a1a3b15804d4137fd68d7677d9adc037e257a217e76,none,read-only,exploratory-base,exploratory-reified,2b9b44b25cd1c568cd57c6c5df25ae260b68229044617821fb33f542dab77648,603cfbcfaa789b9594f9f90c9f9a5d475d891c57ec09512df1a8db40abab27c6,f9ff8d30db2db1840ca1585b5598b1cf4d1d06ac2adb86a55b430669507fabff,7b43c2342d7676aa65cc9ee233b2184c9eae88f2663874af7ab1b83282f94ab4,6ffd10b28ab050230cdc1137f0bd16155c3a7c587add7fbe921d985fa92879fe,f606b5f8da4bb6af851bd6b4f0d5060a2b76e62cc317b2aa6e02cd6d4ba16307,"pcm-meta-v2:{""protocol"":""r9.2-frozen-identity-v8"",""message"":""C requested=flat effective=flat; steps=1 feedback=0; network includes CONSTRUCT, feedback INSERT, and cleanup DELETE"",""cell_wall_ms"":417.401,""answer_kind"":""term-aware-candidate-set-v1"",""answer_key_count"":1,""answer_fingerprint"":""e8aa5d2cea37746b7ce391d6eab1cdfa3ad3050a16753f9b1ad19ae731e0d71d"",""c_parse_samples"":[0.52],""c_protocol_samples"":[{""requested_mode"":""flat"",""effective_mode"":""flat"",""fallback_reason"":null,""plan_steps"":1,""feedback_steps"":0,""feedback_triples"":0,""construct_query_ms"":59.964,""feedback_update_ms"":0.0,""cleanup_ms"":0.0,""client_protocol_ms"":0.0,""network_scope"":""construct+feedback+cleanup"",""circuit_sha256"":""3b06479508e28b8ecf87b2b3a9579b93cd0039b04ae9f9ed7438ecb69824c4a9"",""answer_fingerprint"":""e8aa5d2cea37746b7ce391d6eab1cdfa3ad3050a16753f9b1ad19ae731e0d71d"",""semantic_signature_sha256"":""fb800ed03fb7e5e53506aceac07ca73e09a0fad52ff7adadb9464b5c4b467eea"",""structure_signature"":{""gates"":2,""edges"":4,""answers"":1,""derivations"":1,""canonical_bytes"":2526},""construct_total_ms"":60.918,""client_unattributed_ms"":0.433}],""construct_total_samples"":[60.918],""construct_unattributed_samples"":[0.433],""status"":""ok"",""status_evidence"":null,""c_warmup_signatures"":[],""measured_semantic_signature_sha256"":""fb800ed03fb7e5e53506aceac07ca73e09a0fad52ff7adadb9464b5c4b467eea"",""measured_repetitions_consistent"":true,""cache_snapshot_ms"":0.674,""cache_snapshot_scope"":""first-measured-response; deferred until all runs succeeded"",""outside_cell_cache_write_ms"":4.111,""construction_requested"":""flat"",""construction_effective"":""flat"",""circuit_sha256"":""3b06479508e28b8ecf87b2b3a9579b93cd0039b04ae9f9ed7438ecb69824c4a9"",""circuit_triples"":16,""circuit_bytes"":2526,""circuit_path"":""/mnt/nfs/home/ac145595/workspace/rq3-artifacts/circuits/qlever-10m/eed7ab40fbcb8013104c546e7347be93ee55756a01abd3e1bc1548f3401022e4-3b06479508e28b8ecf87b2b3a9579b93cd0039b04ae9f9ed7438ecb69824c4a9.nt"",""metadata_path"":""/mnt/nfs/home/ac145595/workspace/rq3-artifacts/circuits/qlever-10m/eed7ab40fbcb8013104c546e7347be93ee55756a01abd3e1bc1548f3401022e4-3b06479508e28b8ecf87b2b3a9579b93cd0039b04ae9f9ed7438ecb69824c4a9.json"",""producer_observation_sha256"":""48f93b5101259902acdb88730d45d545a32364f4ed395f43c05c70d31c8c41d0"",""sidecar_sha256"":""b0a544c5d75cdd66e61b542d6fa0e85ba7a01de98fb827fc167ef32de5d6a7f4"",""commit"":""30927b7b5d3bb9c394df57f9454162ec0b8818e4"",""batch_id"":""c1805e4548b9e6b1e4c35d07987d3339d3f47ec38ce57e889cf043d8365e6e34"",""query_sha256"":""eed7ab40fbcb8013104c546e7347be93ee55756a01abd3e1bc1548f3401022e4"",""engine"":""qlever"",""engine_version"":""QLever [engines.json profile]"",""scale"":""10M"",""base_endpoint_sha256"":""de27bc9b5795f339824b9ba281db7ca210725e43627cd5dfc25b8166ca98b6b8"",""reified_endpoint_sha256"":""f188c79557444ad5deb4e733829ad5b89a290050ab46caa399491fa4555710ea"",""update_endpoint_sha256"":""8a607274f1b3d176dd6acfdc7381c25676b642e78d334a9664e45a2bdf3d52a0"",""base_data_identity_sha256"":""59fb59a04cd20e6dec9ee47cf1de02734068a3328cade998a3fc44a746054ea8"",""reified_data_identity_sha256"":""a42a308bd2c5294f3aa79a1a3b15804d4137fd68d7677d9adc037e257a217e76"",""update_for"":""none"",""access_mode"":""read-only"",""base_data_name"":""exploratory-base"",""reified_data_name"":""exploratory-reified"",""update_canary_sha256"":""2b9b44b25cd1c568cd57c6c5df25ae260b68229044617821fb33f542dab77648"",""store_instance_sha256"":""603cfbcfaa789b9594f9f90c9f9a5d475d891c57ec09512df1a8db40abab27c6"",""store_discriminator_sha256"":""f9ff8d30db2db1840ca1585b5598b1cf4d1d06ac2adb86a55b430669507fabff"",""tool_sha256"":""7b43c2342d7676aa65cc9ee233b2184c9eae88f2663874af7ab1b83282f94ab4"",""java_runtime_sha256"":""6ffd10b28ab050230cdc1137f0bd16155c3a7c587add7fbe921d985fa92879fe"",""run_identity_sha256"":""f606b5f8da4bb6af851bd6b4f0d5060a2b76e62cc317b2aa6e02cd6d4ba16307""}"
