commit,engine,engine_version,scale,class,template,instance,query_sha256,method,implementation,status,answers,median_ms,min_ms,max_ms,mean_ms,sd_ms,warmups,runs,timeout_s,response_bytes,c_parse_median_ms,gates,edges,derivations,npcs_token_occurrences,rewrite_ms,samples_json,c_parse_samples_json,c_protocol_median_ms,c_protocol_samples_json,construct_total_ms,construct_total_samples_json,construct_unattributed_median_ms,construct_unattributed_samples_json,protocol,batch_id,answer_kind,answer_key_count,answer_fingerprint,construction_requested,construction_effective,circuit_sha256,circuit_cache_path,circuit_cache_metadata_path,circuit_cache_observation_sha256,circuit_cache_sidecar_sha256,base_endpoint_sha256,reified_endpoint_sha256,update_endpoint_sha256,base_data_identity_sha256,reified_data_identity_sha256,update_for,access_mode,base_data_name,reified_data_name,update_canary_sha256,store_instance_sha256,store_discriminator_sha256,tool_sha256,java_runtime_sha256,npcs_oplus,npcs_ominus,npcs_leaves,run_identity_sha256,notes
3c11adf4c5538c2011f57f74c64446d508f52d17,oxigraph,Oxigraph [engines.json profile],100M,L,L1,00,600c6f736028ac1dca0fa84f800a5b3b4f74bedfd8244d599a7c9b4e07bd041b,C,SPARQLcirc CircuitRewriter,ok,4,109822.3,109822.3,109822.3,109822.3,0.0,0,1,1200.0,9895,1.1,8,16,4,,403.485463,[109822.315],[1.143],0.0,[0.0],109823.9,[109823.866],0.4,[0.408],r9.2-frozen-identity-v9,29141245f8c12745841f2d0c15bdd458482dab79f0f92abb8b99d16395db1f8c,term-aware-candidate-set-v1,4,2443b3385399061ef97f989b3d4b25ff19b7bfb3f5012078d5f8bf9ddd3fa7b5,flat,flat,4ef4d3922d50e7e0953b8afb472404981f2d2586f2156d938d8079c5e7597538,/mnt/nfs/home/ac145595/workspace/rq3-artifacts/circuits/oxigraph-100m/600c6f736028ac1dca0fa84f800a5b3b4f74bedfd8244d599a7c9b4e07bd041b-4ef4d3922d50e7e0953b8afb472404981f2d2586f2156d938d8079c5e7597538.nt,/mnt/nfs/home/ac145595/workspace/rq3-artifacts/circuits/oxigraph-100m/600c6f736028ac1dca0fa84f800a5b3b4f74bedfd8244d599a7c9b4e07bd041b-4ef4d3922d50e7e0953b8afb472404981f2d2586f2156d938d8079c5e7597538.json,da43fb6f2be213dcc050dcee4ea93700d3184d93fc0b7ad18d444ef01344542a,52367fbc4a6b6ac19ba2504bd03cc0c0b6fd1a6fe044e4b0cf0b74bf8f61c488,c9e65564945d8df3e6db347909ce749b23a5ceaa40b5bfbce825a1c78035ad60,9d75166c957de49226a016f8a64c1ef26fa5fb5aae4efed67a9ee6460103a803,a8297913a408e55f541b6c7801716a469203e2ac506de1de3b4285a47b345bae,8a988dc83f4082a4f27503ba2906dc6b8733b3c02be567635c726c67bbd48314,16162702ccec82b2a0e27063cd04bd756a27af1f003b4cef0da976d843ef4725,reified,writable,exploratory-base,exploratory-reified,41997fb8640d9e765a0272879a63548eb9bd46bbf6e49da02b7c924e506b94f7,735ac62b30e8a3e73b850ea02c7ab19c17b1289095d95961d66c9b3270bcea6a,2e884d94ace185d62b1b91debf493ccd0a69b83d08e74cf5f1c2be4851b14215,7b43c2342d7676aa65cc9ee233b2184c9eae88f2663874af7ab1b83282f94ab4,6ffd10b28ab050230cdc1137f0bd16155c3a7c587add7fbe921d985fa92879fe,,,,44b72d50db73bb68ca25d91434c2e0ed7f4c9960b89306ef39866d051aa1142a,"pcm-meta-v2:{""protocol"":""r9.2-frozen-identity-v9"",""message"":""C requested=flat effective=flat; steps=1 feedback=0; network includes CONSTRUCT, feedback INSERT, and cleanup DELETE"",""cell_wall_ms"":110233.411,""answer_kind"":""term-aware-candidate-set-v1"",""answer_key_count"":4,""answer_fingerprint"":""2443b3385399061ef97f989b3d4b25ff19b7bfb3f5012078d5f8bf9ddd3fa7b5"",""c_parse_samples"":[1.143],""c_protocol_samples"":[{""requested_mode"":""flat"",""effective_mode"":""flat"",""fallback_reason"":null,""plan_steps"":1,""feedback_steps"":0,""feedback_triples"":0,""construct_query_ms"":109822.315,""feedback_update_ms"":0.0,""cleanup_ms"":0.0,""client_protocol_ms"":0.0,""network_scope"":""construct+feedback+cleanup"",""circuit_sha256"":""4ef4d3922d50e7e0953b8afb472404981f2d2586f2156d938d8079c5e7597538"",""answer_fingerprint"":""2443b3385399061ef97f989b3d4b25ff19b7bfb3f5012078d5f8bf9ddd3fa7b5"",""semantic_signature_sha256"":""2e291cffc594f7912d85f7efb31e3789243bcc2365082712fabcb53216860f27"",""structure_signature"":{""gates"":8,""edges"":16,""answers"":4,""derivations"":4,""leaves"":12,""plus"":4,""minus"":0,""nodes"":20,""canonical_bytes"":9895},""construct_total_ms"":109823.866,""client_unattributed_ms"":0.408}],""construct_total_samples"":[109823.866],""construct_unattributed_samples"":[0.408],""status"":""ok"",""status_evidence"":null,""c_warmup_signatures"":[],""measured_semantic_signature_sha256"":""2e291cffc594f7912d85f7efb31e3789243bcc2365082712fabcb53216860f27"",""measured_repetitions_consistent"":true,""cache_snapshot_ms"":0.97,""cache_snapshot_scope"":""first-measured-response; deferred until all runs succeeded"",""outside_cell_cache_write_ms"":6.242,""endpoint_lock"":{""wait_ms"":0.005,""lock_path"":""/tmp/sparqlcirc-r9-endpoint-locks-v7/735ac62b30e8a3e73b850ea02c7ab19c17b1289095d95961d66c9b3270bcea6a.lock""},""construction_requested"":""flat"",""construction_effective"":""flat"",""circuit_sha256"":""4ef4d3922d50e7e0953b8afb472404981f2d2586f2156d938d8079c5e7597538"",""circuit_triples"":64,""circuit_bytes"":9895,""circuit_path"":""/mnt/nfs/home/ac145595/workspace/rq3-artifacts/circuits/oxigraph-100m/600c6f736028ac1dca0fa84f800a5b3b4f74bedfd8244d599a7c9b4e07bd041b-4ef4d3922d50e7e0953b8afb472404981f2d2586f2156d938d8079c5e7597538.nt"",""metadata_path"":""/mnt/nfs/home/ac145595/workspace/rq3-artifacts/circuits/oxigraph-100m/600c6f736028ac1dca0fa84f800a5b3b4f74bedfd8244d599a7c9b4e07bd041b-4ef4d3922d50e7e0953b8afb472404981f2d2586f2156d938d8079c5e7597538.json"",""producer_observation_sha256"":""da43fb6f2be213dcc050dcee4ea93700d3184d93fc0b7ad18d444ef01344542a"",""sidecar_sha256"":""52367fbc4a6b6ac19ba2504bd03cc0c0b6fd1a6fe044e4b0cf0b74bf8f61c488"",""commit"":""3c11adf4c5538c2011f57f74c64446d508f52d17"",""batch_id"":""29141245f8c12745841f2d0c15bdd458482dab79f0f92abb8b99d16395db1f8c"",""query_sha256"":""600c6f736028ac1dca0fa84f800a5b3b4f74bedfd8244d599a7c9b4e07bd041b"",""engine"":""oxigraph"",""engine_version"":""Oxigraph [engines.json profile]"",""scale"":""100M"",""base_endpoint_sha256"":""c9e65564945d8df3e6db347909ce749b23a5ceaa40b5bfbce825a1c78035ad60"",""reified_endpoint_sha256"":""9d75166c957de49226a016f8a64c1ef26fa5fb5aae4efed67a9ee6460103a803"",""update_endpoint_sha256"":""a8297913a408e55f541b6c7801716a469203e2ac506de1de3b4285a47b345bae"",""base_data_identity_sha256"":""8a988dc83f4082a4f27503ba2906dc6b8733b3c02be567635c726c67bbd48314"",""reified_data_identity_sha256"":""16162702ccec82b2a0e27063cd04bd756a27af1f003b4cef0da976d843ef4725"",""update_for"":""reified"",""access_mode"":""writable"",""base_data_name"":""exploratory-base"",""reified_data_name"":""exploratory-reified"",""update_canary_sha256"":""41997fb8640d9e765a0272879a63548eb9bd46bbf6e49da02b7c924e506b94f7"",""store_instance_sha256"":""735ac62b30e8a3e73b850ea02c7ab19c17b1289095d95961d66c9b3270bcea6a"",""store_discriminator_sha256"":""2e884d94ace185d62b1b91debf493ccd0a69b83d08e74cf5f1c2be4851b14215"",""tool_sha256"":""7b43c2342d7676aa65cc9ee233b2184c9eae88f2663874af7ab1b83282f94ab4"",""java_runtime_sha256"":""6ffd10b28ab050230cdc1137f0bd16155c3a7c587add7fbe921d985fa92879fe"",""run_identity_sha256"":""44b72d50db73bb68ca25d91434c2e0ed7f4c9960b89306ef39866d051aa1142a""}"
3c11adf4c5538c2011f57f74c64446d508f52d17,oxigraph,Oxigraph [engines.json profile],100M,L,L2,00,64873fb3e0533f5e97269a846ba7be46358d4ae4e7b00ae160b34130e60e4ce6,C,SPARQLcirc CircuitRewriter,ok,961,104365.5,104365.5,104365.5,104365.5,0.0,0,1,1200.0,1771113,151.8,1922,3844,961,,351.697141,[104365.517],[151.762],0.0,[0.0],104521.0,[104520.985],3.7,[3.706],r9.2-frozen-identity-v9,29141245f8c12745841f2d0c15bdd458482dab79f0f92abb8b99d16395db1f8c,term-aware-candidate-set-v1,961,dcac67cd85a34c9c5c20983b5a0e919942fde689f80b34cb02f455c160edb559,flat,flat,35d15df64205e5280d0c1f070a238b2bede97fdf703ac1c42ee134863020abcc,/mnt/nfs/home/ac145595/workspace/rq3-artifacts/circuits/oxigraph-100m/64873fb3e0533f5e97269a846ba7be46358d4ae4e7b00ae160b34130e60e4ce6-35d15df64205e5280d0c1f070a238b2bede97fdf703ac1c42ee134863020abcc.nt,/mnt/nfs/home/ac145595/workspace/rq3-artifacts/circuits/oxigraph-100m/64873fb3e0533f5e97269a846ba7be46358d4ae4e7b00ae160b34130e60e4ce6-35d15df64205e5280d0c1f070a238b2bede97fdf703ac1c42ee134863020abcc.json,13076a14c91ed4cd55c05b78341cd4e0d4c6dd61fb631d874b0b5a28ac2c3df1,c4b5d5334c1c09d61780c596560eec46bf0006e4a80c05754673fcf3cfe39a51,c9e65564945d8df3e6db347909ce749b23a5ceaa40b5bfbce825a1c78035ad60,9d75166c957de49226a016f8a64c1ef26fa5fb5aae4efed67a9ee6460103a803,a8297913a408e55f541b6c7801716a469203e2ac506de1de3b4285a47b345bae,8a988dc83f4082a4f27503ba2906dc6b8733b3c02be567635c726c67bbd48314,16162702ccec82b2a0e27063cd04bd756a27af1f003b4cef0da976d843ef4725,reified,writable,exploratory-base,exploratory-reified,41997fb8640d9e765a0272879a63548eb9bd46bbf6e49da02b7c924e506b94f7,735ac62b30e8a3e73b850ea02c7ab19c17b1289095d95961d66c9b3270bcea6a,2e884d94ace185d62b1b91debf493ccd0a69b83d08e74cf5f1c2be4851b14215,7b43c2342d7676aa65cc9ee233b2184c9eae88f2663874af7ab1b83282f94ab4,6ffd10b28ab050230cdc1137f0bd16155c3a7c587add7fbe921d985fa92879fe,,,,d306caef6b8299c7c5a73bfab99a3ab26d859fcaf390137f683c86c33ca7da94,"pcm-meta-v2:{""protocol"":""r9.2-frozen-identity-v9"",""message"":""C requested=flat effective=flat; steps=1 feedback=0; network includes CONSTRUCT, feedback INSERT, and cleanup DELETE"",""cell_wall_ms"":104911.04,""answer_kind"":""term-aware-candidate-set-v1"",""answer_key_count"":961,""answer_fingerprint"":""dcac67cd85a34c9c5c20983b5a0e919942fde689f80b34cb02f455c160edb559"",""c_parse_samples"":[151.762],""c_protocol_samples"":[{""requested_mode"":""flat"",""effective_mode"":""flat"",""fallback_reason"":null,""plan_steps"":1,""feedback_steps"":0,""feedback_triples"":0,""construct_query_ms"":104365.517,""feedback_update_ms"":0.0,""cleanup_ms"":0.0,""client_protocol_ms"":0.0,""network_scope"":""construct+feedback+cleanup"",""circuit_sha256"":""35d15df64205e5280d0c1f070a238b2bede97fdf703ac1c42ee134863020abcc"",""answer_fingerprint"":""dcac67cd85a34c9c5c20983b5a0e919942fde689f80b34cb02f455c160edb559"",""semantic_signature_sha256"":""6c2d0a92b3232bef5a604f8ac1eadbd7eed8bf0ca48a7b6b1968067889b19b00"",""structure_signature"":{""gates"":1922,""edges"":3844,""answers"":961,""derivations"":961,""leaves"":1923,""plus"":961,""minus"":0,""nodes"":3845,""canonical_bytes"":1771113},""construct_total_ms"":104520.985,""client_unattributed_ms"":3.706}],""construct_total_samples"":[104520.985],""construct_unattributed_samples"":[3.706],""status"":""ok"",""status_evidence"":null,""c_warmup_signatures"":[],""measured_semantic_signature_sha256"":""6c2d0a92b3232bef5a604f8ac1eadbd7eed8bf0ca48a7b6b1968067889b19b00"",""measured_repetitions_consistent"":true,""cache_snapshot_ms"":31.538,""cache_snapshot_scope"":""first-measured-response; deferred until all runs succeeded"",""outside_cell_cache_write_ms"":154.514,""endpoint_lock"":{""wait_ms"":0.003,""lock_path"":""/tmp/sparqlcirc-r9-endpoint-locks-v7/735ac62b30e8a3e73b850ea02c7ab19c17b1289095d95961d66c9b3270bcea6a.lock""},""construction_requested"":""flat"",""construction_effective"":""flat"",""circuit_sha256"":""35d15df64205e5280d0c1f070a238b2bede97fdf703ac1c42ee134863020abcc"",""circuit_triples"":12493,""circuit_bytes"":1771113,""circuit_path"":""/mnt/nfs/home/ac145595/workspace/rq3-artifacts/circuits/oxigraph-100m/64873fb3e0533f5e97269a846ba7be46358d4ae4e7b00ae160b34130e60e4ce6-35d15df64205e5280d0c1f070a238b2bede97fdf703ac1c42ee134863020abcc.nt"",""metadata_path"":""/mnt/nfs/home/ac145595/workspace/rq3-artifacts/circuits/oxigraph-100m/64873fb3e0533f5e97269a846ba7be46358d4ae4e7b00ae160b34130e60e4ce6-35d15df64205e5280d0c1f070a238b2bede97fdf703ac1c42ee134863020abcc.json"",""producer_observation_sha256"":""13076a14c91ed4cd55c05b78341cd4e0d4c6dd61fb631d874b0b5a28ac2c3df1"",""sidecar_sha256"":""c4b5d5334c1c09d61780c596560eec46bf0006e4a80c05754673fcf3cfe39a51"",""commit"":""3c11adf4c5538c2011f57f74c64446d508f52d17"",""batch_id"":""29141245f8c12745841f2d0c15bdd458482dab79f0f92abb8b99d16395db1f8c"",""query_sha256"":""64873fb3e0533f5e97269a846ba7be46358d4ae4e7b00ae160b34130e60e4ce6"",""engine"":""oxigraph"",""engine_version"":""Oxigraph [engines.json profile]"",""scale"":""100M"",""base_endpoint_sha256"":""c9e65564945d8df3e6db347909ce749b23a5ceaa40b5bfbce825a1c78035ad60"",""reified_endpoint_sha256"":""9d75166c957de49226a016f8a64c1ef26fa5fb5aae4efed67a9ee6460103a803"",""update_endpoint_sha256"":""a8297913a408e55f541b6c7801716a469203e2ac506de1de3b4285a47b345bae"",""base_data_identity_sha256"":""8a988dc83f4082a4f27503ba2906dc6b8733b3c02be567635c726c67bbd48314"",""reified_data_identity_sha256"":""16162702ccec82b2a0e27063cd04bd756a27af1f003b4cef0da976d843ef4725"",""update_for"":""reified"",""access_mode"":""writable"",""base_data_name"":""exploratory-base"",""reified_data_name"":""exploratory-reified"",""update_canary_sha256"":""41997fb8640d9e765a0272879a63548eb9bd46bbf6e49da02b7c924e506b94f7"",""store_instance_sha256"":""735ac62b30e8a3e73b850ea02c7ab19c17b1289095d95961d66c9b3270bcea6a"",""store_discriminator_sha256"":""2e884d94ace185d62b1b91debf493ccd0a69b83d08e74cf5f1c2be4851b14215"",""tool_sha256"":""7b43c2342d7676aa65cc9ee233b2184c9eae88f2663874af7ab1b83282f94ab4"",""java_runtime_sha256"":""6ffd10b28ab050230cdc1137f0bd16155c3a7c587add7fbe921d985fa92879fe"",""run_identity_sha256"":""d306caef6b8299c7c5a73bfab99a3ab26d859fcaf390137f683c86c33ca7da94""}"
3c11adf4c5538c2011f57f74c64446d508f52d17,oxigraph,Oxigraph [engines.json profile],100M,L,L3,00,6e68c33e9b346995ea7cedfa79c5123b2290df112a813135a2d0753aa4f34a04,C,SPARQLcirc CircuitRewriter,timeout,,,,,,,0,1,1200.0,,,,,,,345.2869,[],[],,[],,[],,[],r9.2-frozen-identity-v9,29141245f8c12745841f2d0c15bdd458482dab79f0f92abb8b99d16395db1f8c,,,,,,,,,,,c9e65564945d8df3e6db347909ce749b23a5ceaa40b5bfbce825a1c78035ad60,9d75166c957de49226a016f8a64c1ef26fa5fb5aae4efed67a9ee6460103a803,a8297913a408e55f541b6c7801716a469203e2ac506de1de3b4285a47b345bae,8a988dc83f4082a4f27503ba2906dc6b8733b3c02be567635c726c67bbd48314,16162702ccec82b2a0e27063cd04bd756a27af1f003b4cef0da976d843ef4725,reified,writable,exploratory-base,exploratory-reified,41997fb8640d9e765a0272879a63548eb9bd46bbf6e49da02b7c924e506b94f7,735ac62b30e8a3e73b850ea02c7ab19c17b1289095d95961d66c9b3270bcea6a,2e884d94ace185d62b1b91debf493ccd0a69b83d08e74cf5f1c2be4851b14215,7b43c2342d7676aa65cc9ee233b2184c9eae88f2663874af7ab1b83282f94ab4,6ffd10b28ab050230cdc1137f0bd16155c3a7c587add7fbe921d985fa92879fe,,,,adc5db728bf83bc4fc932d2824f57837950e76480fe1691e9d67b76fde611bb0,"pcm-meta-v2:{""protocol"":""r9.2-frozen-identity-v9"",""message"":""whole cell exceeded 1200s hard deadline; worker reaped"",""cell_wall_ms"":1200000.0,""c_parse_samples"":[],""c_protocol_samples"":[],""construct_total_samples"":[],""construct_unattributed_samples"":[],""status"":""timeout"",""status_evidence"":{""kind"":""hard-wall-deadline"",""message"":""whole cell exceeded 1200s hard deadline; worker reaped""},""endpoint_lock"":{""wait_ms"":0.003,""lock_path"":""/tmp/sparqlcirc-r9-endpoint-locks-v7/735ac62b30e8a3e73b850ea02c7ab19c17b1289095d95961d66c9b3270bcea6a.lock""},""construction_requested"":null,""construction_effective"":null,""commit"":""3c11adf4c5538c2011f57f74c64446d508f52d17"",""batch_id"":""29141245f8c12745841f2d0c15bdd458482dab79f0f92abb8b99d16395db1f8c"",""query_sha256"":""6e68c33e9b346995ea7cedfa79c5123b2290df112a813135a2d0753aa4f34a04"",""engine"":""oxigraph"",""engine_version"":""Oxigraph [engines.json profile]"",""scale"":""100M"",""base_endpoint_sha256"":""c9e65564945d8df3e6db347909ce749b23a5ceaa40b5bfbce825a1c78035ad60"",""reified_endpoint_sha256"":""9d75166c957de49226a016f8a64c1ef26fa5fb5aae4efed67a9ee6460103a803"",""update_endpoint_sha256"":""a8297913a408e55f541b6c7801716a469203e2ac506de1de3b4285a47b345bae"",""base_data_identity_sha256"":""8a988dc83f4082a4f27503ba2906dc6b8733b3c02be567635c726c67bbd48314"",""reified_data_identity_sha256"":""16162702ccec82b2a0e27063cd04bd756a27af1f003b4cef0da976d843ef4725"",""update_for"":""reified"",""access_mode"":""writable"",""base_data_name"":""exploratory-base"",""reified_data_name"":""exploratory-reified"",""update_canary_sha256"":""41997fb8640d9e765a0272879a63548eb9bd46bbf6e49da02b7c924e506b94f7"",""store_instance_sha256"":""735ac62b30e8a3e73b850ea02c7ab19c17b1289095d95961d66c9b3270bcea6a"",""store_discriminator_sha256"":""2e884d94ace185d62b1b91debf493ccd0a69b83d08e74cf5f1c2be4851b14215"",""tool_sha256"":""7b43c2342d7676aa65cc9ee233b2184c9eae88f2663874af7ab1b83282f94ab4"",""java_runtime_sha256"":""6ffd10b28ab050230cdc1137f0bd16155c3a7c587add7fbe921d985fa92879fe"",""run_identity_sha256"":""adc5db728bf83bc4fc932d2824f57837950e76480fe1691e9d67b76fde611bb0""}"
3c11adf4c5538c2011f57f74c64446d508f52d17,oxigraph,Oxigraph [engines.json profile],100M,L,L4,00,6a5c40f28fc1efcf93f4f8de194ff48179bad43fdcace9ac6f264dd26c62dadf,C,SPARQLcirc CircuitRewriter,ok,299,15241.0,15241.0,15241.0,15241.0,0.0,0,1,1200.0,567243,47.4,598,897,299,,367.055672,[15240.951],[47.432],0.0,[0.0],15289.5,[15289.53],1.1,[1.147],r9.2-frozen-identity-v9,29141245f8c12745841f2d0c15bdd458482dab79f0f92abb8b99d16395db1f8c,term-aware-candidate-set-v1,299,1c5b68e9c4068381c91795c60d03d29d4308f94771faf059041967bdb4047c6b,flat,flat,6e357be51063612b79512719e90439be040c2ea5516c08c6d1e1ee571c6bbc8c,/mnt/nfs/home/ac145595/workspace/rq3-artifacts/circuits/oxigraph-100m/6a5c40f28fc1efcf93f4f8de194ff48179bad43fdcace9ac6f264dd26c62dadf-6e357be51063612b79512719e90439be040c2ea5516c08c6d1e1ee571c6bbc8c.nt,/mnt/nfs/home/ac145595/workspace/rq3-artifacts/circuits/oxigraph-100m/6a5c40f28fc1efcf93f4f8de194ff48179bad43fdcace9ac6f264dd26c62dadf-6e357be51063612b79512719e90439be040c2ea5516c08c6d1e1ee571c6bbc8c.json,095d4b1c9d94f149e2f472f02d50f27e8870dd736882e64a7651a4838dc472e8,3226a7b0f774ee6edf8334bd587c9e4cb874f7925115c5d989b6fe69974f747c,c9e65564945d8df3e6db347909ce749b23a5ceaa40b5bfbce825a1c78035ad60,9d75166c957de49226a016f8a64c1ef26fa5fb5aae4efed67a9ee6460103a803,a8297913a408e55f541b6c7801716a469203e2ac506de1de3b4285a47b345bae,8a988dc83f4082a4f27503ba2906dc6b8733b3c02be567635c726c67bbd48314,16162702ccec82b2a0e27063cd04bd756a27af1f003b4cef0da976d843ef4725,reified,writable,exploratory-base,exploratory-reified,41997fb8640d9e765a0272879a63548eb9bd46bbf6e49da02b7c924e506b94f7,735ac62b30e8a3e73b850ea02c7ab19c17b1289095d95961d66c9b3270bcea6a,2e884d94ace185d62b1b91debf493ccd0a69b83d08e74cf5f1c2be4851b14215,7b43c2342d7676aa65cc9ee233b2184c9eae88f2663874af7ab1b83282f94ab4,6ffd10b28ab050230cdc1137f0bd16155c3a7c587add7fbe921d985fa92879fe,,,,2d955765b904acbe907293c1b560f3416d574b82b11ae2655ccf73eac0a01e00,"pcm-meta-v2:{""protocol"":""r9.2-frozen-identity-v9"",""message"":""C requested=flat effective=flat; steps=1 feedback=0; network includes CONSTRUCT, feedback INSERT, and cleanup DELETE"",""cell_wall_ms"":15671.712,""answer_kind"":""term-aware-candidate-set-v1"",""answer_key_count"":299,""answer_fingerprint"":""1c5b68e9c4068381c91795c60d03d29d4308f94771faf059041967bdb4047c6b"",""c_parse_samples"":[47.432],""c_protocol_samples"":[{""requested_mode"":""flat"",""effective_mode"":""flat"",""fallback_reason"":null,""plan_steps"":1,""feedback_steps"":0,""feedback_triples"":0,""construct_query_ms"":15240.951,""feedback_update_ms"":0.0,""cleanup_ms"":0.0,""client_protocol_ms"":0.0,""network_scope"":""construct+feedback+cleanup"",""circuit_sha256"":""6e357be51063612b79512719e90439be040c2ea5516c08c6d1e1ee571c6bbc8c"",""answer_fingerprint"":""1c5b68e9c4068381c91795c60d03d29d4308f94771faf059041967bdb4047c6b"",""semantic_signature_sha256"":""919df2bece4edcfe1d892f93632d5900bdf40397eb01b895d40102763c35fafb"",""structure_signature"":{""gates"":598,""edges"":897,""answers"":299,""derivations"":299,""leaves"":598,""plus"":299,""minus"":0,""nodes"":1196,""canonical_bytes"":567243},""construct_total_ms"":15289.53,""client_unattributed_ms"":1.147}],""construct_total_samples"":[15289.53],""construct_unattributed_samples"":[1.147],""status"":""ok"",""status_evidence"":null,""c_warmup_signatures"":[],""measured_semantic_signature_sha256"":""919df2bece4edcfe1d892f93632d5900bdf40397eb01b895d40102763c35fafb"",""measured_repetitions_consistent"":true,""cache_snapshot_ms"":9.913,""cache_snapshot_scope"":""first-measured-response; deferred until all runs succeeded"",""outside_cell_cache_write_ms"":44.708,""endpoint_lock"":{""wait_ms"":0.004,""lock_path"":""/tmp/sparqlcirc-r9-endpoint-locks-v7/735ac62b30e8a3e73b850ea02c7ab19c17b1289095d95961d66c9b3270bcea6a.lock""},""construction_requested"":""flat"",""construction_effective"":""flat"",""circuit_sha256"":""6e357be51063612b79512719e90439be040c2ea5516c08c6d1e1ee571c6bbc8c"",""circuit_triples"":3588,""circuit_bytes"":567243,""circuit_path"":""/mnt/nfs/home/ac145595/workspace/rq3-artifacts/circuits/oxigraph-100m/6a5c40f28fc1efcf93f4f8de194ff48179bad43fdcace9ac6f264dd26c62dadf-6e357be51063612b79512719e90439be040c2ea5516c08c6d1e1ee571c6bbc8c.nt"",""metadata_path"":""/mnt/nfs/home/ac145595/workspace/rq3-artifacts/circuits/oxigraph-100m/6a5c40f28fc1efcf93f4f8de194ff48179bad43fdcace9ac6f264dd26c62dadf-6e357be51063612b79512719e90439be040c2ea5516c08c6d1e1ee571c6bbc8c.json"",""producer_observation_sha256"":""095d4b1c9d94f149e2f472f02d50f27e8870dd736882e64a7651a4838dc472e8"",""sidecar_sha256"":""3226a7b0f774ee6edf8334bd587c9e4cb874f7925115c5d989b6fe69974f747c"",""commit"":""3c11adf4c5538c2011f57f74c64446d508f52d17"",""batch_id"":""29141245f8c12745841f2d0c15bdd458482dab79f0f92abb8b99d16395db1f8c"",""query_sha256"":""6a5c40f28fc1efcf93f4f8de194ff48179bad43fdcace9ac6f264dd26c62dadf"",""engine"":""oxigraph"",""engine_version"":""Oxigraph [engines.json profile]"",""scale"":""100M"",""base_endpoint_sha256"":""c9e65564945d8df3e6db347909ce749b23a5ceaa40b5bfbce825a1c78035ad60"",""reified_endpoint_sha256"":""9d75166c957de49226a016f8a64c1ef26fa5fb5aae4efed67a9ee6460103a803"",""update_endpoint_sha256"":""a8297913a408e55f541b6c7801716a469203e2ac506de1de3b4285a47b345bae"",""base_data_identity_sha256"":""8a988dc83f4082a4f27503ba2906dc6b8733b3c02be567635c726c67bbd48314"",""reified_data_identity_sha256"":""16162702ccec82b2a0e27063cd04bd756a27af1f003b4cef0da976d843ef4725"",""update_for"":""reified"",""access_mode"":""writable"",""base_data_name"":""exploratory-base"",""reified_data_name"":""exploratory-reified"",""update_canary_sha256"":""41997fb8640d9e765a0272879a63548eb9bd46bbf6e49da02b7c924e506b94f7"",""store_instance_sha256"":""735ac62b30e8a3e73b850ea02c7ab19c17b1289095d95961d66c9b3270bcea6a"",""store_discriminator_sha256"":""2e884d94ace185d62b1b91debf493ccd0a69b83d08e74cf5f1c2be4851b14215"",""tool_sha256"":""7b43c2342d7676aa65cc9ee233b2184c9eae88f2663874af7ab1b83282f94ab4"",""java_runtime_sha256"":""6ffd10b28ab050230cdc1137f0bd16155c3a7c587add7fbe921d985fa92879fe"",""run_identity_sha256"":""2d955765b904acbe907293c1b560f3416d574b82b11ae2655ccf73eac0a01e00""}"
3c11adf4c5538c2011f57f74c64446d508f52d17,oxigraph,Oxigraph [engines.json profile],100M,L,L5,00,2e23cd396e2dd8542fcd6dc9541c69d45cb250a36faed0467b475b4adcca3ac6,C,SPARQLcirc CircuitRewriter,timeout,,,,,,,0,1,1200.0,,,,,,,373.44304,[],[],,[],,[],,[],r9.2-frozen-identity-v9,29141245f8c12745841f2d0c15bdd458482dab79f0f92abb8b99d16395db1f8c,,,,,,,,,,,c9e65564945d8df3e6db347909ce749b23a5ceaa40b5bfbce825a1c78035ad60,9d75166c957de49226a016f8a64c1ef26fa5fb5aae4efed67a9ee6460103a803,a8297913a408e55f541b6c7801716a469203e2ac506de1de3b4285a47b345bae,8a988dc83f4082a4f27503ba2906dc6b8733b3c02be567635c726c67bbd48314,16162702ccec82b2a0e27063cd04bd756a27af1f003b4cef0da976d843ef4725,reified,writable,exploratory-base,exploratory-reified,41997fb8640d9e765a0272879a63548eb9bd46bbf6e49da02b7c924e506b94f7,735ac62b30e8a3e73b850ea02c7ab19c17b1289095d95961d66c9b3270bcea6a,2e884d94ace185d62b1b91debf493ccd0a69b83d08e74cf5f1c2be4851b14215,7b43c2342d7676aa65cc9ee233b2184c9eae88f2663874af7ab1b83282f94ab4,6ffd10b28ab050230cdc1137f0bd16155c3a7c587add7fbe921d985fa92879fe,,,,de231c77d34d5d0aff7f1949f5db120ce6b1551b9ce286c3ba84168e1d6899e3,"pcm-meta-v2:{""protocol"":""r9.2-frozen-identity-v9"",""message"":""whole cell exceeded 1200s hard deadline; worker reaped"",""cell_wall_ms"":1200000.0,""c_parse_samples"":[],""c_protocol_samples"":[],""construct_total_samples"":[],""construct_unattributed_samples"":[],""status"":""timeout"",""status_evidence"":{""kind"":""hard-wall-deadline"",""message"":""whole cell exceeded 1200s hard deadline; worker reaped""},""endpoint_lock"":{""wait_ms"":0.006,""lock_path"":""/tmp/sparqlcirc-r9-endpoint-locks-v7/735ac62b30e8a3e73b850ea02c7ab19c17b1289095d95961d66c9b3270bcea6a.lock""},""construction_requested"":null,""construction_effective"":null,""commit"":""3c11adf4c5538c2011f57f74c64446d508f52d17"",""batch_id"":""29141245f8c12745841f2d0c15bdd458482dab79f0f92abb8b99d16395db1f8c"",""query_sha256"":""2e23cd396e2dd8542fcd6dc9541c69d45cb250a36faed0467b475b4adcca3ac6"",""engine"":""oxigraph"",""engine_version"":""Oxigraph [engines.json profile]"",""scale"":""100M"",""base_endpoint_sha256"":""c9e65564945d8df3e6db347909ce749b23a5ceaa40b5bfbce825a1c78035ad60"",""reified_endpoint_sha256"":""9d75166c957de49226a016f8a64c1ef26fa5fb5aae4efed67a9ee6460103a803"",""update_endpoint_sha256"":""a8297913a408e55f541b6c7801716a469203e2ac506de1de3b4285a47b345bae"",""base_data_identity_sha256"":""8a988dc83f4082a4f27503ba2906dc6b8733b3c02be567635c726c67bbd48314"",""reified_data_identity_sha256"":""16162702ccec82b2a0e27063cd04bd756a27af1f003b4cef0da976d843ef4725"",""update_for"":""reified"",""access_mode"":""writable"",""base_data_name"":""exploratory-base"",""reified_data_name"":""exploratory-reified"",""update_canary_sha256"":""41997fb8640d9e765a0272879a63548eb9bd46bbf6e49da02b7c924e506b94f7"",""store_instance_sha256"":""735ac62b30e8a3e73b850ea02c7ab19c17b1289095d95961d66c9b3270bcea6a"",""store_discriminator_sha256"":""2e884d94ace185d62b1b91debf493ccd0a69b83d08e74cf5f1c2be4851b14215"",""tool_sha256"":""7b43c2342d7676aa65cc9ee233b2184c9eae88f2663874af7ab1b83282f94ab4"",""java_runtime_sha256"":""6ffd10b28ab050230cdc1137f0bd16155c3a7c587add7fbe921d985fa92879fe"",""run_identity_sha256"":""de231c77d34d5d0aff7f1949f5db120ce6b1551b9ce286c3ba84168e1d6899e3""}"
3c11adf4c5538c2011f57f74c64446d508f52d17,oxigraph,Oxigraph [engines.json profile],100M,M,M1,00,31cc3cc2a162131c645d8c00efac8198f154624658dbdf08952fdf2aa2fcc40f,C,SPARQLcirc CircuitRewriter,timeout,,,,,,,0,1,1200.0,,,,,,,381.194416,[],[],,[],,[],,[],r9.2-frozen-identity-v9,29141245f8c12745841f2d0c15bdd458482dab79f0f92abb8b99d16395db1f8c,,,,,,,,,,,c9e65564945d8df3e6db347909ce749b23a5ceaa40b5bfbce825a1c78035ad60,9d75166c957de49226a016f8a64c1ef26fa5fb5aae4efed67a9ee6460103a803,a8297913a408e55f541b6c7801716a469203e2ac506de1de3b4285a47b345bae,8a988dc83f4082a4f27503ba2906dc6b8733b3c02be567635c726c67bbd48314,16162702ccec82b2a0e27063cd04bd756a27af1f003b4cef0da976d843ef4725,reified,writable,exploratory-base,exploratory-reified,41997fb8640d9e765a0272879a63548eb9bd46bbf6e49da02b7c924e506b94f7,735ac62b30e8a3e73b850ea02c7ab19c17b1289095d95961d66c9b3270bcea6a,2e884d94ace185d62b1b91debf493ccd0a69b83d08e74cf5f1c2be4851b14215,7b43c2342d7676aa65cc9ee233b2184c9eae88f2663874af7ab1b83282f94ab4,6ffd10b28ab050230cdc1137f0bd16155c3a7c587add7fbe921d985fa92879fe,,,,fd48cd1df263ee4cd5178bfc05668a9159aeef9aa7dd46288583c9f7d259e77d,"pcm-meta-v2:{""protocol"":""r9.2-frozen-identity-v9"",""message"":""whole cell exceeded 1200s hard deadline; worker reaped"",""cell_wall_ms"":1200000.0,""c_parse_samples"":[],""c_protocol_samples"":[],""construct_total_samples"":[],""construct_unattributed_samples"":[],""status"":""timeout"",""status_evidence"":{""kind"":""hard-wall-deadline"",""message"":""whole cell exceeded 1200s hard deadline; worker reaped""},""endpoint_lock"":{""wait_ms"":0.003,""lock_path"":""/tmp/sparqlcirc-r9-endpoint-locks-v7/735ac62b30e8a3e73b850ea02c7ab19c17b1289095d95961d66c9b3270bcea6a.lock""},""construction_requested"":null,""construction_effective"":null,""commit"":""3c11adf4c5538c2011f57f74c64446d508f52d17"",""batch_id"":""29141245f8c12745841f2d0c15bdd458482dab79f0f92abb8b99d16395db1f8c"",""query_sha256"":""31cc3cc2a162131c645d8c00efac8198f154624658dbdf08952fdf2aa2fcc40f"",""engine"":""oxigraph"",""engine_version"":""Oxigraph [engines.json profile]"",""scale"":""100M"",""base_endpoint_sha256"":""c9e65564945d8df3e6db347909ce749b23a5ceaa40b5bfbce825a1c78035ad60"",""reified_endpoint_sha256"":""9d75166c957de49226a016f8a64c1ef26fa5fb5aae4efed67a9ee6460103a803"",""update_endpoint_sha256"":""a8297913a408e55f541b6c7801716a469203e2ac506de1de3b4285a47b345bae"",""base_data_identity_sha256"":""8a988dc83f4082a4f27503ba2906dc6b8733b3c02be567635c726c67bbd48314"",""reified_data_identity_sha256"":""16162702ccec82b2a0e27063cd04bd756a27af1f003b4cef0da976d843ef4725"",""update_for"":""reified"",""access_mode"":""writable"",""base_data_name"":""exploratory-base"",""reified_data_name"":""exploratory-reified"",""update_canary_sha256"":""41997fb8640d9e765a0272879a63548eb9bd46bbf6e49da02b7c924e506b94f7"",""store_instance_sha256"":""735ac62b30e8a3e73b850ea02c7ab19c17b1289095d95961d66c9b3270bcea6a"",""store_discriminator_sha256"":""2e884d94ace185d62b1b91debf493ccd0a69b83d08e74cf5f1c2be4851b14215"",""tool_sha256"":""7b43c2342d7676aa65cc9ee233b2184c9eae88f2663874af7ab1b83282f94ab4"",""java_runtime_sha256"":""6ffd10b28ab050230cdc1137f0bd16155c3a7c587add7fbe921d985fa92879fe"",""run_identity_sha256"":""fd48cd1df263ee4cd5178bfc05668a9159aeef9aa7dd46288583c9f7d259e77d""}"
3c11adf4c5538c2011f57f74c64446d508f52d17,oxigraph,Oxigraph [engines.json profile],100M,M,M2,00,57dabb9eb81d64dbc3cc422093691dfbcd45c8bc0072a0480b32c507db250930,C,SPARQLcirc CircuitRewriter,timeout,,,,,,,0,1,1200.0,,,,,,,371.993667,[],[],,[],,[],,[],r9.2-frozen-identity-v9,29141245f8c12745841f2d0c15bdd458482dab79f0f92abb8b99d16395db1f8c,,,,,,,,,,,c9e65564945d8df3e6db347909ce749b23a5ceaa40b5bfbce825a1c78035ad60,9d75166c957de49226a016f8a64c1ef26fa5fb5aae4efed67a9ee6460103a803,a8297913a408e55f541b6c7801716a469203e2ac506de1de3b4285a47b345bae,8a988dc83f4082a4f27503ba2906dc6b8733b3c02be567635c726c67bbd48314,16162702ccec82b2a0e27063cd04bd756a27af1f003b4cef0da976d843ef4725,reified,writable,exploratory-base,exploratory-reified,41997fb8640d9e765a0272879a63548eb9bd46bbf6e49da02b7c924e506b94f7,735ac62b30e8a3e73b850ea02c7ab19c17b1289095d95961d66c9b3270bcea6a,2e884d94ace185d62b1b91debf493ccd0a69b83d08e74cf5f1c2be4851b14215,7b43c2342d7676aa65cc9ee233b2184c9eae88f2663874af7ab1b83282f94ab4,6ffd10b28ab050230cdc1137f0bd16155c3a7c587add7fbe921d985fa92879fe,,,,037706ee9b4ed8d39ecedb8f1762e297fb3052858354501a963592ab9f71568f,"pcm-meta-v2:{""protocol"":""r9.2-frozen-identity-v9"",""message"":""whole cell exceeded 1200s hard deadline; worker reaped"",""cell_wall_ms"":1200000.0,""c_parse_samples"":[],""c_protocol_samples"":[],""construct_total_samples"":[],""construct_unattributed_samples"":[],""status"":""timeout"",""status_evidence"":{""kind"":""hard-wall-deadline"",""message"":""whole cell exceeded 1200s hard deadline; worker reaped""},""endpoint_lock"":{""wait_ms"":0.003,""lock_path"":""/tmp/sparqlcirc-r9-endpoint-locks-v7/735ac62b30e8a3e73b850ea02c7ab19c17b1289095d95961d66c9b3270bcea6a.lock""},""construction_requested"":null,""construction_effective"":null,""commit"":""3c11adf4c5538c2011f57f74c64446d508f52d17"",""batch_id"":""29141245f8c12745841f2d0c15bdd458482dab79f0f92abb8b99d16395db1f8c"",""query_sha256"":""57dabb9eb81d64dbc3cc422093691dfbcd45c8bc0072a0480b32c507db250930"",""engine"":""oxigraph"",""engine_version"":""Oxigraph [engines.json profile]"",""scale"":""100M"",""base_endpoint_sha256"":""c9e65564945d8df3e6db347909ce749b23a5ceaa40b5bfbce825a1c78035ad60"",""reified_endpoint_sha256"":""9d75166c957de49226a016f8a64c1ef26fa5fb5aae4efed67a9ee6460103a803"",""update_endpoint_sha256"":""a8297913a408e55f541b6c7801716a469203e2ac506de1de3b4285a47b345bae"",""base_data_identity_sha256"":""8a988dc83f4082a4f27503ba2906dc6b8733b3c02be567635c726c67bbd48314"",""reified_data_identity_sha256"":""16162702ccec82b2a0e27063cd04bd756a27af1f003b4cef0da976d843ef4725"",""update_for"":""reified"",""access_mode"":""writable"",""base_data_name"":""exploratory-base"",""reified_data_name"":""exploratory-reified"",""update_canary_sha256"":""41997fb8640d9e765a0272879a63548eb9bd46bbf6e49da02b7c924e506b94f7"",""store_instance_sha256"":""735ac62b30e8a3e73b850ea02c7ab19c17b1289095d95961d66c9b3270bcea6a"",""store_discriminator_sha256"":""2e884d94ace185d62b1b91debf493ccd0a69b83d08e74cf5f1c2be4851b14215"",""tool_sha256"":""7b43c2342d7676aa65cc9ee233b2184c9eae88f2663874af7ab1b83282f94ab4"",""java_runtime_sha256"":""6ffd10b28ab050230cdc1137f0bd16155c3a7c587add7fbe921d985fa92879fe"",""run_identity_sha256"":""037706ee9b4ed8d39ecedb8f1762e297fb3052858354501a963592ab9f71568f""}"
3c11adf4c5538c2011f57f74c64446d508f52d17,oxigraph,Oxigraph [engines.json profile],100M,M,M3,00,143c016ebb5bf4d918995fb8a8437257e0f177fb04bcef9184c9058f18f3eefa,C,SPARQLcirc CircuitRewriter,timeout,,,,,,,0,1,1200.0,,,,,,,390.763325,[],[],,[],,[],,[],r9.2-frozen-identity-v9,29141245f8c12745841f2d0c15bdd458482dab79f0f92abb8b99d16395db1f8c,,,,,,,,,,,c9e65564945d8df3e6db347909ce749b23a5ceaa40b5bfbce825a1c78035ad60,9d75166c957de49226a016f8a64c1ef26fa5fb5aae4efed67a9ee6460103a803,a8297913a408e55f541b6c7801716a469203e2ac506de1de3b4285a47b345bae,8a988dc83f4082a4f27503ba2906dc6b8733b3c02be567635c726c67bbd48314,16162702ccec82b2a0e27063cd04bd756a27af1f003b4cef0da976d843ef4725,reified,writable,exploratory-base,exploratory-reified,41997fb8640d9e765a0272879a63548eb9bd46bbf6e49da02b7c924e506b94f7,735ac62b30e8a3e73b850ea02c7ab19c17b1289095d95961d66c9b3270bcea6a,2e884d94ace185d62b1b91debf493ccd0a69b83d08e74cf5f1c2be4851b14215,7b43c2342d7676aa65cc9ee233b2184c9eae88f2663874af7ab1b83282f94ab4,6ffd10b28ab050230cdc1137f0bd16155c3a7c587add7fbe921d985fa92879fe,,,,06324b6ee818e12c7314d03f2e8d11ff456330cc9c8cefc24cbfe3d875380995,"pcm-meta-v2:{""protocol"":""r9.2-frozen-identity-v9"",""message"":""whole cell exceeded 1200s hard deadline; worker reaped"",""cell_wall_ms"":1200000.0,""c_parse_samples"":[],""c_protocol_samples"":[],""construct_total_samples"":[],""construct_unattributed_samples"":[],""status"":""timeout"",""status_evidence"":{""kind"":""hard-wall-deadline"",""message"":""whole cell exceeded 1200s hard deadline; worker reaped""},""endpoint_lock"":{""wait_ms"":0.004,""lock_path"":""/tmp/sparqlcirc-r9-endpoint-locks-v7/735ac62b30e8a3e73b850ea02c7ab19c17b1289095d95961d66c9b3270bcea6a.lock""},""construction_requested"":null,""construction_effective"":null,""commit"":""3c11adf4c5538c2011f57f74c64446d508f52d17"",""batch_id"":""29141245f8c12745841f2d0c15bdd458482dab79f0f92abb8b99d16395db1f8c"",""query_sha256"":""143c016ebb5bf4d918995fb8a8437257e0f177fb04bcef9184c9058f18f3eefa"",""engine"":""oxigraph"",""engine_version"":""Oxigraph [engines.json profile]"",""scale"":""100M"",""base_endpoint_sha256"":""c9e65564945d8df3e6db347909ce749b23a5ceaa40b5bfbce825a1c78035ad60"",""reified_endpoint_sha256"":""9d75166c957de49226a016f8a64c1ef26fa5fb5aae4efed67a9ee6460103a803"",""update_endpoint_sha256"":""a8297913a408e55f541b6c7801716a469203e2ac506de1de3b4285a47b345bae"",""base_data_identity_sha256"":""8a988dc83f4082a4f27503ba2906dc6b8733b3c02be567635c726c67bbd48314"",""reified_data_identity_sha256"":""16162702ccec82b2a0e27063cd04bd756a27af1f003b4cef0da976d843ef4725"",""update_for"":""reified"",""access_mode"":""writable"",""base_data_name"":""exploratory-base"",""reified_data_name"":""exploratory-reified"",""update_canary_sha256"":""41997fb8640d9e765a0272879a63548eb9bd46bbf6e49da02b7c924e506b94f7"",""store_instance_sha256"":""735ac62b30e8a3e73b850ea02c7ab19c17b1289095d95961d66c9b3270bcea6a"",""store_discriminator_sha256"":""2e884d94ace185d62b1b91debf493ccd0a69b83d08e74cf5f1c2be4851b14215"",""tool_sha256"":""7b43c2342d7676aa65cc9ee233b2184c9eae88f2663874af7ab1b83282f94ab4"",""java_runtime_sha256"":""6ffd10b28ab050230cdc1137f0bd16155c3a7c587add7fbe921d985fa92879fe"",""run_identity_sha256"":""06324b6ee818e12c7314d03f2e8d11ff456330cc9c8cefc24cbfe3d875380995""}"
3c11adf4c5538c2011f57f74c64446d508f52d17,oxigraph,Oxigraph [engines.json profile],100M,M,M4,00,3fb5f004cde33422716d95d5c5cbacb234aca04af540babdfc6cd8420a43d11d,C,SPARQLcirc CircuitRewriter,timeout,,,,,,,0,1,1200.0,,,,,,,385.541893,[],[],,[],,[],,[],r9.2-frozen-identity-v9,29141245f8c12745841f2d0c15bdd458482dab79f0f92abb8b99d16395db1f8c,,,,,,,,,,,c9e65564945d8df3e6db347909ce749b23a5ceaa40b5bfbce825a1c78035ad60,9d75166c957de49226a016f8a64c1ef26fa5fb5aae4efed67a9ee6460103a803,a8297913a408e55f541b6c7801716a469203e2ac506de1de3b4285a47b345bae,8a988dc83f4082a4f27503ba2906dc6b8733b3c02be567635c726c67bbd48314,16162702ccec82b2a0e27063cd04bd756a27af1f003b4cef0da976d843ef4725,reified,writable,exploratory-base,exploratory-reified,41997fb8640d9e765a0272879a63548eb9bd46bbf6e49da02b7c924e506b94f7,735ac62b30e8a3e73b850ea02c7ab19c17b1289095d95961d66c9b3270bcea6a,2e884d94ace185d62b1b91debf493ccd0a69b83d08e74cf5f1c2be4851b14215,7b43c2342d7676aa65cc9ee233b2184c9eae88f2663874af7ab1b83282f94ab4,6ffd10b28ab050230cdc1137f0bd16155c3a7c587add7fbe921d985fa92879fe,,,,aac5986e0560dfe62f6a98b2da3aeabd6d2dda7cd880e4c59e4c0f4926e14665,"pcm-meta-v2:{""protocol"":""r9.2-frozen-identity-v9"",""message"":""whole cell exceeded 1200s hard deadline; worker reaped"",""cell_wall_ms"":1200000.0,""c_parse_samples"":[],""c_protocol_samples"":[],""construct_total_samples"":[],""construct_unattributed_samples"":[],""status"":""timeout"",""status_evidence"":{""kind"":""hard-wall-deadline"",""message"":""whole cell exceeded 1200s hard deadline; worker reaped""},""endpoint_lock"":{""wait_ms"":0.003,""lock_path"":""/tmp/sparqlcirc-r9-endpoint-locks-v7/735ac62b30e8a3e73b850ea02c7ab19c17b1289095d95961d66c9b3270bcea6a.lock""},""construction_requested"":null,""construction_effective"":null,""commit"":""3c11adf4c5538c2011f57f74c64446d508f52d17"",""batch_id"":""29141245f8c12745841f2d0c15bdd458482dab79f0f92abb8b99d16395db1f8c"",""query_sha256"":""3fb5f004cde33422716d95d5c5cbacb234aca04af540babdfc6cd8420a43d11d"",""engine"":""oxigraph"",""engine_version"":""Oxigraph [engines.json profile]"",""scale"":""100M"",""base_endpoint_sha256"":""c9e65564945d8df3e6db347909ce749b23a5ceaa40b5bfbce825a1c78035ad60"",""reified_endpoint_sha256"":""9d75166c957de49226a016f8a64c1ef26fa5fb5aae4efed67a9ee6460103a803"",""update_endpoint_sha256"":""a8297913a408e55f541b6c7801716a469203e2ac506de1de3b4285a47b345bae"",""base_data_identity_sha256"":""8a988dc83f4082a4f27503ba2906dc6b8733b3c02be567635c726c67bbd48314"",""reified_data_identity_sha256"":""16162702ccec82b2a0e27063cd04bd756a27af1f003b4cef0da976d843ef4725"",""update_for"":""reified"",""access_mode"":""writable"",""base_data_name"":""exploratory-base"",""reified_data_name"":""exploratory-reified"",""update_canary_sha256"":""41997fb8640d9e765a0272879a63548eb9bd46bbf6e49da02b7c924e506b94f7"",""store_instance_sha256"":""735ac62b30e8a3e73b850ea02c7ab19c17b1289095d95961d66c9b3270bcea6a"",""store_discriminator_sha256"":""2e884d94ace185d62b1b91debf493ccd0a69b83d08e74cf5f1c2be4851b14215"",""tool_sha256"":""7b43c2342d7676aa65cc9ee233b2184c9eae88f2663874af7ab1b83282f94ab4"",""java_runtime_sha256"":""6ffd10b28ab050230cdc1137f0bd16155c3a7c587add7fbe921d985fa92879fe"",""run_identity_sha256"":""aac5986e0560dfe62f6a98b2da3aeabd6d2dda7cd880e4c59e4c0f4926e14665""}"
3c11adf4c5538c2011f57f74c64446d508f52d17,oxigraph,Oxigraph [engines.json profile],100M,M,M5,00,dbc6ab431c394a25feca14ac948b1ff1ee2c7bd219d3350f64cbec9447ef0e16,C,SPARQLcirc CircuitRewriter,timeout,,,,,,,0,1,1200.0,,,,,,,385.615207,[],[],,[],,[],,[],r9.2-frozen-identity-v9,29141245f8c12745841f2d0c15bdd458482dab79f0f92abb8b99d16395db1f8c,,,,,,,,,,,c9e65564945d8df3e6db347909ce749b23a5ceaa40b5bfbce825a1c78035ad60,9d75166c957de49226a016f8a64c1ef26fa5fb5aae4efed67a9ee6460103a803,a8297913a408e55f541b6c7801716a469203e2ac506de1de3b4285a47b345bae,8a988dc83f4082a4f27503ba2906dc6b8733b3c02be567635c726c67bbd48314,16162702ccec82b2a0e27063cd04bd756a27af1f003b4cef0da976d843ef4725,reified,writable,exploratory-base,exploratory-reified,41997fb8640d9e765a0272879a63548eb9bd46bbf6e49da02b7c924e506b94f7,735ac62b30e8a3e73b850ea02c7ab19c17b1289095d95961d66c9b3270bcea6a,2e884d94ace185d62b1b91debf493ccd0a69b83d08e74cf5f1c2be4851b14215,7b43c2342d7676aa65cc9ee233b2184c9eae88f2663874af7ab1b83282f94ab4,6ffd10b28ab050230cdc1137f0bd16155c3a7c587add7fbe921d985fa92879fe,,,,6fdf30fe3c644b650ba09ee5420a179362e9270a4c1aa541a48fc08b3c56aa0b,"pcm-meta-v2:{""protocol"":""r9.2-frozen-identity-v9"",""message"":""whole cell exceeded 1200s hard deadline; worker reaped"",""cell_wall_ms"":1200000.0,""c_parse_samples"":[],""c_protocol_samples"":[],""construct_total_samples"":[],""construct_unattributed_samples"":[],""status"":""timeout"",""status_evidence"":{""kind"":""hard-wall-deadline"",""message"":""whole cell exceeded 1200s hard deadline; worker reaped""},""endpoint_lock"":{""wait_ms"":0.009,""lock_path"":""/tmp/sparqlcirc-r9-endpoint-locks-v7/735ac62b30e8a3e73b850ea02c7ab19c17b1289095d95961d66c9b3270bcea6a.lock""},""construction_requested"":null,""construction_effective"":null,""commit"":""3c11adf4c5538c2011f57f74c64446d508f52d17"",""batch_id"":""29141245f8c12745841f2d0c15bdd458482dab79f0f92abb8b99d16395db1f8c"",""query_sha256"":""dbc6ab431c394a25feca14ac948b1ff1ee2c7bd219d3350f64cbec9447ef0e16"",""engine"":""oxigraph"",""engine_version"":""Oxigraph [engines.json profile]"",""scale"":""100M"",""base_endpoint_sha256"":""c9e65564945d8df3e6db347909ce749b23a5ceaa40b5bfbce825a1c78035ad60"",""reified_endpoint_sha256"":""9d75166c957de49226a016f8a64c1ef26fa5fb5aae4efed67a9ee6460103a803"",""update_endpoint_sha256"":""a8297913a408e55f541b6c7801716a469203e2ac506de1de3b4285a47b345bae"",""base_data_identity_sha256"":""8a988dc83f4082a4f27503ba2906dc6b8733b3c02be567635c726c67bbd48314"",""reified_data_identity_sha256"":""16162702ccec82b2a0e27063cd04bd756a27af1f003b4cef0da976d843ef4725"",""update_for"":""reified"",""access_mode"":""writable"",""base_data_name"":""exploratory-base"",""reified_data_name"":""exploratory-reified"",""update_canary_sha256"":""41997fb8640d9e765a0272879a63548eb9bd46bbf6e49da02b7c924e506b94f7"",""store_instance_sha256"":""735ac62b30e8a3e73b850ea02c7ab19c17b1289095d95961d66c9b3270bcea6a"",""store_discriminator_sha256"":""2e884d94ace185d62b1b91debf493ccd0a69b83d08e74cf5f1c2be4851b14215"",""tool_sha256"":""7b43c2342d7676aa65cc9ee233b2184c9eae88f2663874af7ab1b83282f94ab4"",""java_runtime_sha256"":""6ffd10b28ab050230cdc1137f0bd16155c3a7c587add7fbe921d985fa92879fe"",""run_identity_sha256"":""6fdf30fe3c644b650ba09ee5420a179362e9270a4c1aa541a48fc08b3c56aa0b""}"
3c11adf4c5538c2011f57f74c64446d508f52d17,oxigraph,Oxigraph [engines.json profile],100M,O,O1,00,0f31130653f6c7f7dad353eb0c056676430f43d831aa1c986bb0e5cfe3f2b72c,C,SPARQLcirc CircuitRewriter,ok,7,52041.9,52041.9,52041.9,52041.9,0.0,0,1,1200.0,14544896,1543.1,50355,50348,25167,,398.137042,[52041.916],[1543.094],0.0,[0.0],53636.0,[53636.009],51.0,[50.999],r9.2-frozen-identity-v9,29141245f8c12745841f2d0c15bdd458482dab79f0f92abb8b99d16395db1f8c,term-aware-candidate-set-v1,7,9222998cbd3c7d639df46729e26c8825e75f6b377a905062ed78071e3d80be85,flat,flat,a481560c950267b4ca0a5758aad9808475874f46fbbdaf16bf5160e8eff8720b,/mnt/nfs/home/ac145595/workspace/rq3-artifacts/circuits/oxigraph-100m/0f31130653f6c7f7dad353eb0c056676430f43d831aa1c986bb0e5cfe3f2b72c-a481560c950267b4ca0a5758aad9808475874f46fbbdaf16bf5160e8eff8720b.nt,/mnt/nfs/home/ac145595/workspace/rq3-artifacts/circuits/oxigraph-100m/0f31130653f6c7f7dad353eb0c056676430f43d831aa1c986bb0e5cfe3f2b72c-a481560c950267b4ca0a5758aad9808475874f46fbbdaf16bf5160e8eff8720b.json,10b31b319ab0353597a4653136a1136daa4c8f48a4b1ccaab6816083542ea9aa,d5803460796947259a0b8b6d5ef89dd827f755f2994659b60bda3b4b47c92b27,c9e65564945d8df3e6db347909ce749b23a5ceaa40b5bfbce825a1c78035ad60,9d75166c957de49226a016f8a64c1ef26fa5fb5aae4efed67a9ee6460103a803,a8297913a408e55f541b6c7801716a469203e2ac506de1de3b4285a47b345bae,8a988dc83f4082a4f27503ba2906dc6b8733b3c02be567635c726c67bbd48314,16162702ccec82b2a0e27063cd04bd756a27af1f003b4cef0da976d843ef4725,reified,writable,exploratory-base,exploratory-reified,41997fb8640d9e765a0272879a63548eb9bd46bbf6e49da02b7c924e506b94f7,735ac62b30e8a3e73b850ea02c7ab19c17b1289095d95961d66c9b3270bcea6a,2e884d94ace185d62b1b91debf493ccd0a69b83d08e74cf5f1c2be4851b14215,7b43c2342d7676aa65cc9ee233b2184c9eae88f2663874af7ab1b83282f94ab4,6ffd10b28ab050230cdc1137f0bd16155c3a7c587add7fbe921d985fa92879fe,,,,cb7e5bd55f6757b9810ef09e3e3c7329a09831b64ac90c4ab00c5218b225051e,"pcm-meta-v2:{""protocol"":""r9.2-frozen-identity-v9"",""message"":""C requested=flat effective=flat; steps=5 feedback=0; network includes CONSTRUCT, feedback INSERT, and cleanup DELETE"",""cell_wall_ms"":54342.435,""answer_kind"":""term-aware-candidate-set-v1"",""answer_key_count"":7,""answer_fingerprint"":""9222998cbd3c7d639df46729e26c8825e75f6b377a905062ed78071e3d80be85"",""c_parse_samples"":[1543.094],""c_protocol_samples"":[{""requested_mode"":""flat"",""effective_mode"":""flat"",""fallback_reason"":null,""plan_steps"":5,""feedback_steps"":0,""feedback_triples"":0,""construct_query_ms"":52041.916,""feedback_update_ms"":0.0,""cleanup_ms"":0.0,""client_protocol_ms"":0.0,""network_scope"":""construct+feedback+cleanup"",""circuit_sha256"":""a481560c950267b4ca0a5758aad9808475874f46fbbdaf16bf5160e8eff8720b"",""answer_fingerprint"":""9222998cbd3c7d639df46729e26c8825e75f6b377a905062ed78071e3d80be85"",""semantic_signature_sha256"":""ea204b504063e2e7023775868eacb551a18b324773f3aca55b74a2ef029ebac0"",""structure_signature"":{""gates"":50355,""edges"":50348,""answers"":7,""derivations"":25167,""leaves"":25170,""plus"":25181,""minus"":7,""nodes"":75525,""canonical_bytes"":14544896},""construct_total_ms"":53636.009,""client_unattributed_ms"":50.999}],""construct_total_samples"":[53636.009],""construct_unattributed_samples"":[50.999],""status"":""ok"",""status_evidence"":null,""c_warmup_signatures"":[],""measured_semantic_signature_sha256"":""ea204b504063e2e7023775868eacb551a18b324773f3aca55b74a2ef029ebac0"",""measured_repetitions_consistent"":true,""cache_snapshot_ms"":291.332,""cache_snapshot_scope"":""first-measured-response; deferred until all runs succeeded"",""outside_cell_cache_write_ms"":689.312,""endpoint_lock"":{""wait_ms"":0.003,""lock_path"":""/tmp/sparqlcirc-r9-endpoint-locks-v7/735ac62b30e8a3e73b850ea02c7ab19c17b1289095d95961d66c9b3270bcea6a.lock""},""construction_requested"":""flat"",""construction_effective"":""flat"",""circuit_sha256"":""a481560c950267b4ca0a5758aad9808475874f46fbbdaf16bf5160e8eff8720b"",""circuit_triples"":100780,""circuit_bytes"":14544896,""circuit_path"":""/mnt/nfs/home/ac145595/workspace/rq3-artifacts/circuits/oxigraph-100m/0f31130653f6c7f7dad353eb0c056676430f43d831aa1c986bb0e5cfe3f2b72c-a481560c950267b4ca0a5758aad9808475874f46fbbdaf16bf5160e8eff8720b.nt"",""metadata_path"":""/mnt/nfs/home/ac145595/workspace/rq3-artifacts/circuits/oxigraph-100m/0f31130653f6c7f7dad353eb0c056676430f43d831aa1c986bb0e5cfe3f2b72c-a481560c950267b4ca0a5758aad9808475874f46fbbdaf16bf5160e8eff8720b.json"",""producer_observation_sha256"":""10b31b319ab0353597a4653136a1136daa4c8f48a4b1ccaab6816083542ea9aa"",""sidecar_sha256"":""d5803460796947259a0b8b6d5ef89dd827f755f2994659b60bda3b4b47c92b27"",""commit"":""3c11adf4c5538c2011f57f74c64446d508f52d17"",""batch_id"":""29141245f8c12745841f2d0c15bdd458482dab79f0f92abb8b99d16395db1f8c"",""query_sha256"":""0f31130653f6c7f7dad353eb0c056676430f43d831aa1c986bb0e5cfe3f2b72c"",""engine"":""oxigraph"",""engine_version"":""Oxigraph [engines.json profile]"",""scale"":""100M"",""base_endpoint_sha256"":""c9e65564945d8df3e6db347909ce749b23a5ceaa40b5bfbce825a1c78035ad60"",""reified_endpoint_sha256"":""9d75166c957de49226a016f8a64c1ef26fa5fb5aae4efed67a9ee6460103a803"",""update_endpoint_sha256"":""a8297913a408e55f541b6c7801716a469203e2ac506de1de3b4285a47b345bae"",""base_data_identity_sha256"":""8a988dc83f4082a4f27503ba2906dc6b8733b3c02be567635c726c67bbd48314"",""reified_data_identity_sha256"":""16162702ccec82b2a0e27063cd04bd756a27af1f003b4cef0da976d843ef4725"",""update_for"":""reified"",""access_mode"":""writable"",""base_data_name"":""exploratory-base"",""reified_data_name"":""exploratory-reified"",""update_canary_sha256"":""41997fb8640d9e765a0272879a63548eb9bd46bbf6e49da02b7c924e506b94f7"",""store_instance_sha256"":""735ac62b30e8a3e73b850ea02c7ab19c17b1289095d95961d66c9b3270bcea6a"",""store_discriminator_sha256"":""2e884d94ace185d62b1b91debf493ccd0a69b83d08e74cf5f1c2be4851b14215"",""tool_sha256"":""7b43c2342d7676aa65cc9ee233b2184c9eae88f2663874af7ab1b83282f94ab4"",""java_runtime_sha256"":""6ffd10b28ab050230cdc1137f0bd16155c3a7c587add7fbe921d985fa92879fe"",""run_identity_sha256"":""cb7e5bd55f6757b9810ef09e3e3c7329a09831b64ac90c4ab00c5218b225051e""}"
3c11adf4c5538c2011f57f74c64446d508f52d17,oxigraph,Oxigraph [engines.json profile],100M,O,O2,00,e2353d138cc41a9c8013909b8e8b380cf7ba04e2544b8ca784e13ce0c7009eb6,C,SPARQLcirc CircuitRewriter,ok,21,130755.7,130755.7,130755.7,130755.7,0.0,0,1,1200.0,646975262,84660.5,2238194,2238180,1119076,,379.305546,[130755.712],[84660.5],0.0,[0.0],220632.5,[220632.545],5216.3,[5216.333],r9.2-frozen-identity-v9,29141245f8c12745841f2d0c15bdd458482dab79f0f92abb8b99d16395db1f8c,term-aware-candidate-set-v1,21,f8fa42cd43dfade6ccb134f506e6e683f6261ed86e5fb6b0854246528e81e06a,flat,flat,14d4b823d2d7634ff6a56b229e8cd4b6b5aae31720eec4c5d55534f310192675,/mnt/nfs/home/ac145595/workspace/rq3-artifacts/circuits/oxigraph-100m/e2353d138cc41a9c8013909b8e8b380cf7ba04e2544b8ca784e13ce0c7009eb6-14d4b823d2d7634ff6a56b229e8cd4b6b5aae31720eec4c5d55534f310192675.nt,/mnt/nfs/home/ac145595/workspace/rq3-artifacts/circuits/oxigraph-100m/e2353d138cc41a9c8013909b8e8b380cf7ba04e2544b8ca784e13ce0c7009eb6-14d4b823d2d7634ff6a56b229e8cd4b6b5aae31720eec4c5d55534f310192675.json,f5a3d02f0da5d557119a733a84eaa6c8983b74ec49ed0b79f9447ad47fb6b45d,310df6b3c60e3f17eab484be849aec6f4f5fa5e886b6d8b24b5430a452bdd2d2,c9e65564945d8df3e6db347909ce749b23a5ceaa40b5bfbce825a1c78035ad60,9d75166c957de49226a016f8a64c1ef26fa5fb5aae4efed67a9ee6460103a803,a8297913a408e55f541b6c7801716a469203e2ac506de1de3b4285a47b345bae,8a988dc83f4082a4f27503ba2906dc6b8733b3c02be567635c726c67bbd48314,16162702ccec82b2a0e27063cd04bd756a27af1f003b4cef0da976d843ef4725,reified,writable,exploratory-base,exploratory-reified,41997fb8640d9e765a0272879a63548eb9bd46bbf6e49da02b7c924e506b94f7,735ac62b30e8a3e73b850ea02c7ab19c17b1289095d95961d66c9b3270bcea6a,2e884d94ace185d62b1b91debf493ccd0a69b83d08e74cf5f1c2be4851b14215,7b43c2342d7676aa65cc9ee233b2184c9eae88f2663874af7ab1b83282f94ab4,6ffd10b28ab050230cdc1137f0bd16155c3a7c587add7fbe921d985fa92879fe,,,,d9c13446e2f1490a19fc799954a48addfe63544f5db251a8910d69a9cd55b4df,"pcm-meta-v2:{""protocol"":""r9.2-frozen-identity-v9"",""message"":""C requested=flat effective=flat; steps=5 feedback=0; network includes CONSTRUCT, feedback INSERT, and cleanup DELETE"",""cell_wall_ms"":238678.91,""answer_kind"":""term-aware-candidate-set-v1"",""answer_key_count"":21,""answer_fingerprint"":""f8fa42cd43dfade6ccb134f506e6e683f6261ed86e5fb6b0854246528e81e06a"",""c_parse_samples"":[84660.5],""c_protocol_samples"":[{""requested_mode"":""flat"",""effective_mode"":""flat"",""fallback_reason"":null,""plan_steps"":5,""feedback_steps"":0,""feedback_triples"":0,""construct_query_ms"":130755.712,""feedback_update_ms"":0.0,""cleanup_ms"":0.0,""client_protocol_ms"":0.0,""network_scope"":""construct+feedback+cleanup"",""circuit_sha256"":""14d4b823d2d7634ff6a56b229e8cd4b6b5aae31720eec4c5d55534f310192675"",""answer_fingerprint"":""f8fa42cd43dfade6ccb134f506e6e683f6261ed86e5fb6b0854246528e81e06a"",""semantic_signature_sha256"":""b987deea85ac8bb690894921a7da96cafb96996901f97ce17341f728983c33cd"",""structure_signature"":{""gates"":2238194,""edges"":2238180,""answers"":21,""derivations"":1119076,""leaves"":1119069,""plus"":1119104,""minus"":14,""nodes"":3357263,""canonical_bytes"":646975262},""construct_total_ms"":220632.545,""client_unattributed_ms"":5216.333}],""construct_total_samples"":[220632.545],""construct_unattributed_samples"":[5216.333],""status"":""ok"",""status_evidence"":null,""c_warmup_signatures"":[],""measured_semantic_signature_sha256"":""b987deea85ac8bb690894921a7da96cafb96996901f97ce17341f728983c33cd"",""measured_repetitions_consistent"":true,""cache_snapshot_ms"":17222.387,""cache_snapshot_scope"":""first-measured-response; deferred until all runs succeeded"",""outside_cell_cache_write_ms"":37810.93,""endpoint_lock"":{""wait_ms"":0.003,""lock_path"":""/tmp/sparqlcirc-r9-endpoint-locks-v7/735ac62b30e8a3e73b850ea02c7ab19c17b1289095d95961d66c9b3270bcea6a.lock""},""construction_requested"":""flat"",""construction_effective"":""flat"",""circuit_sha256"":""14d4b823d2d7634ff6a56b229e8cd4b6b5aae31720eec4c5d55534f310192675"",""circuit_triples"":4476535,""circuit_bytes"":646975262,""circuit_path"":""/mnt/nfs/home/ac145595/workspace/rq3-artifacts/circuits/oxigraph-100m/e2353d138cc41a9c8013909b8e8b380cf7ba04e2544b8ca784e13ce0c7009eb6-14d4b823d2d7634ff6a56b229e8cd4b6b5aae31720eec4c5d55534f310192675.nt"",""metadata_path"":""/mnt/nfs/home/ac145595/workspace/rq3-artifacts/circuits/oxigraph-100m/e2353d138cc41a9c8013909b8e8b380cf7ba04e2544b8ca784e13ce0c7009eb6-14d4b823d2d7634ff6a56b229e8cd4b6b5aae31720eec4c5d55534f310192675.json"",""producer_observation_sha256"":""f5a3d02f0da5d557119a733a84eaa6c8983b74ec49ed0b79f9447ad47fb6b45d"",""sidecar_sha256"":""310df6b3c60e3f17eab484be849aec6f4f5fa5e886b6d8b24b5430a452bdd2d2"",""commit"":""3c11adf4c5538c2011f57f74c64446d508f52d17"",""batch_id"":""29141245f8c12745841f2d0c15bdd458482dab79f0f92abb8b99d16395db1f8c"",""query_sha256"":""e2353d138cc41a9c8013909b8e8b380cf7ba04e2544b8ca784e13ce0c7009eb6"",""engine"":""oxigraph"",""engine_version"":""Oxigraph [engines.json profile]"",""scale"":""100M"",""base_endpoint_sha256"":""c9e65564945d8df3e6db347909ce749b23a5ceaa40b5bfbce825a1c78035ad60"",""reified_endpoint_sha256"":""9d75166c957de49226a016f8a64c1ef26fa5fb5aae4efed67a9ee6460103a803"",""update_endpoint_sha256"":""a8297913a408e55f541b6c7801716a469203e2ac506de1de3b4285a47b345bae"",""base_data_identity_sha256"":""8a988dc83f4082a4f27503ba2906dc6b8733b3c02be567635c726c67bbd48314"",""reified_data_identity_sha256"":""16162702ccec82b2a0e27063cd04bd756a27af1f003b4cef0da976d843ef4725"",""update_for"":""reified"",""access_mode"":""writable"",""base_data_name"":""exploratory-base"",""reified_data_name"":""exploratory-reified"",""update_canary_sha256"":""41997fb8640d9e765a0272879a63548eb9bd46bbf6e49da02b7c924e506b94f7"",""store_instance_sha256"":""735ac62b30e8a3e73b850ea02c7ab19c17b1289095d95961d66c9b3270bcea6a"",""store_discriminator_sha256"":""2e884d94ace185d62b1b91debf493ccd0a69b83d08e74cf5f1c2be4851b14215"",""tool_sha256"":""7b43c2342d7676aa65cc9ee233b2184c9eae88f2663874af7ab1b83282f94ab4"",""java_runtime_sha256"":""6ffd10b28ab050230cdc1137f0bd16155c3a7c587add7fbe921d985fa92879fe"",""run_identity_sha256"":""d9c13446e2f1490a19fc799954a48addfe63544f5db251a8910d69a9cd55b4df""}"
3c11adf4c5538c2011f57f74c64446d508f52d17,oxigraph,Oxigraph [engines.json profile],100M,O,O3,00,8600634422cefcb5ad7bc23d2acb693e5f8bf0686ad4714d2eba90a935b2f2b3,C,SPARQLcirc CircuitRewriter,ok,3213,53573.7,53573.7,53573.7,53573.7,0.0,0,1,1200.0,22184717,2193.4,65488,60258,28373,,381.719034,[53573.744],[2193.443],0.0,[0.0],55845.4,[55845.442],78.3,[78.255],r9.2-frozen-identity-v9,29141245f8c12745841f2d0c15bdd458482dab79f0f92abb8b99d16395db1f8c,term-aware-candidate-set-v1,3213,260cb09a1227502b35343aa83fd4b1ceae204e24b8e349a0717dcac34ca9b361,flat,flat,f819ad27dd74b4a79650229f687ceb4aa183d5b9a4c17a86ccf14c05771de17f,/mnt/nfs/home/ac145595/workspace/rq3-artifacts/circuits/oxigraph-100m/8600634422cefcb5ad7bc23d2acb693e5f8bf0686ad4714d2eba90a935b2f2b3-f819ad27dd74b4a79650229f687ceb4aa183d5b9a4c17a86ccf14c05771de17f.nt,/mnt/nfs/home/ac145595/workspace/rq3-artifacts/circuits/oxigraph-100m/8600634422cefcb5ad7bc23d2acb693e5f8bf0686ad4714d2eba90a935b2f2b3-f819ad27dd74b4a79650229f687ceb4aa183d5b9a4c17a86ccf14c05771de17f.json,7273f5ea741e5102a9047e3e3c10f34f7a716511970e175d0938ac2b5ae5a564,f784607e5c24c3609df35dfd7340595c4de004c48f003e8671afe121e2639a49,c9e65564945d8df3e6db347909ce749b23a5ceaa40b5bfbce825a1c78035ad60,9d75166c957de49226a016f8a64c1ef26fa5fb5aae4efed67a9ee6460103a803,a8297913a408e55f541b6c7801716a469203e2ac506de1de3b4285a47b345bae,8a988dc83f4082a4f27503ba2906dc6b8733b3c02be567635c726c67bbd48314,16162702ccec82b2a0e27063cd04bd756a27af1f003b4cef0da976d843ef4725,reified,writable,exploratory-base,exploratory-reified,41997fb8640d9e765a0272879a63548eb9bd46bbf6e49da02b7c924e506b94f7,735ac62b30e8a3e73b850ea02c7ab19c17b1289095d95961d66c9b3270bcea6a,2e884d94ace185d62b1b91debf493ccd0a69b83d08e74cf5f1c2be4851b14215,7b43c2342d7676aa65cc9ee233b2184c9eae88f2663874af7ab1b83282f94ab4,6ffd10b28ab050230cdc1137f0bd16155c3a7c587add7fbe921d985fa92879fe,,,,816436c38ee4d07338802523f1ee8532429382b338a798d1dc4e13e5a6bd9432,"pcm-meta-v2:{""protocol"":""r9.2-frozen-identity-v9"",""message"":""C requested=flat effective=flat; steps=5 feedback=0; network includes CONSTRUCT, feedback INSERT, and cleanup DELETE"",""cell_wall_ms"":56681.019,""answer_kind"":""term-aware-candidate-set-v1"",""answer_key_count"":3213,""answer_fingerprint"":""260cb09a1227502b35343aa83fd4b1ceae204e24b8e349a0717dcac34ca9b361"",""c_parse_samples"":[2193.443],""c_protocol_samples"":[{""requested_mode"":""flat"",""effective_mode"":""flat"",""fallback_reason"":null,""plan_steps"":5,""feedback_steps"":0,""feedback_triples"":0,""construct_query_ms"":53573.744,""feedback_update_ms"":0.0,""cleanup_ms"":0.0,""client_protocol_ms"":0.0,""network_scope"":""construct+feedback+cleanup"",""circuit_sha256"":""f819ad27dd74b4a79650229f687ceb4aa183d5b9a4c17a86ccf14c05771de17f"",""answer_fingerprint"":""260cb09a1227502b35343aa83fd4b1ceae204e24b8e349a0717dcac34ca9b361"",""semantic_signature_sha256"":""70bb660185e7125b2432fabe05f0535b10543d9321c0d38804bc4f6eda660a57"",""structure_signature"":{""gates"":65488,""edges"":60258,""answers"":3213,""derivations"":28373,""leaves"":28074,""plus"":34201,""minus"":2914,""nodes"":93562,""canonical_bytes"":22184717},""construct_total_ms"":55845.442,""client_unattributed_ms"":78.255}],""construct_total_samples"":[55845.442],""construct_unattributed_samples"":[78.255],""status"":""ok"",""status_evidence"":null,""c_warmup_signatures"":[],""measured_semantic_signature_sha256"":""70bb660185e7125b2432fabe05f0535b10543d9321c0d38804bc4f6eda660a57"",""measured_repetitions_consistent"":true,""cache_snapshot_ms"":428.023,""cache_snapshot_scope"":""first-measured-response; deferred until all runs succeeded"",""outside_cell_cache_write_ms"":1086.074,""endpoint_lock"":{""wait_ms"":0.009,""lock_path"":""/tmp/sparqlcirc-r9-endpoint-locks-v7/735ac62b30e8a3e73b850ea02c7ab19c17b1289095d95961d66c9b3270bcea6a.lock""},""construction_requested"":""flat"",""construction_effective"":""flat"",""circuit_sha256"":""f819ad27dd74b4a79650229f687ceb4aa183d5b9a4c17a86ccf14c05771de17f"",""circuit_triples"":151151,""circuit_bytes"":22184717,""circuit_path"":""/mnt/nfs/home/ac145595/workspace/rq3-artifacts/circuits/oxigraph-100m/8600634422cefcb5ad7bc23d2acb693e5f8bf0686ad4714d2eba90a935b2f2b3-f819ad27dd74b4a79650229f687ceb4aa183d5b9a4c17a86ccf14c05771de17f.nt"",""metadata_path"":""/mnt/nfs/home/ac145595/workspace/rq3-artifacts/circuits/oxigraph-100m/8600634422cefcb5ad7bc23d2acb693e5f8bf0686ad4714d2eba90a935b2f2b3-f819ad27dd74b4a79650229f687ceb4aa183d5b9a4c17a86ccf14c05771de17f.json"",""producer_observation_sha256"":""7273f5ea741e5102a9047e3e3c10f34f7a716511970e175d0938ac2b5ae5a564"",""sidecar_sha256"":""f784607e5c24c3609df35dfd7340595c4de004c48f003e8671afe121e2639a49"",""commit"":""3c11adf4c5538c2011f57f74c64446d508f52d17"",""batch_id"":""29141245f8c12745841f2d0c15bdd458482dab79f0f92abb8b99d16395db1f8c"",""query_sha256"":""8600634422cefcb5ad7bc23d2acb693e5f8bf0686ad4714d2eba90a935b2f2b3"",""engine"":""oxigraph"",""engine_version"":""Oxigraph [engines.json profile]"",""scale"":""100M"",""base_endpoint_sha256"":""c9e65564945d8df3e6db347909ce749b23a5ceaa40b5bfbce825a1c78035ad60"",""reified_endpoint_sha256"":""9d75166c957de49226a016f8a64c1ef26fa5fb5aae4efed67a9ee6460103a803"",""update_endpoint_sha256"":""a8297913a408e55f541b6c7801716a469203e2ac506de1de3b4285a47b345bae"",""base_data_identity_sha256"":""8a988dc83f4082a4f27503ba2906dc6b8733b3c02be567635c726c67bbd48314"",""reified_data_identity_sha256"":""16162702ccec82b2a0e27063cd04bd756a27af1f003b4cef0da976d843ef4725"",""update_for"":""reified"",""access_mode"":""writable"",""base_data_name"":""exploratory-base"",""reified_data_name"":""exploratory-reified"",""update_canary_sha256"":""41997fb8640d9e765a0272879a63548eb9bd46bbf6e49da02b7c924e506b94f7"",""store_instance_sha256"":""735ac62b30e8a3e73b850ea02c7ab19c17b1289095d95961d66c9b3270bcea6a"",""store_discriminator_sha256"":""2e884d94ace185d62b1b91debf493ccd0a69b83d08e74cf5f1c2be4851b14215"",""tool_sha256"":""7b43c2342d7676aa65cc9ee233b2184c9eae88f2663874af7ab1b83282f94ab4"",""java_runtime_sha256"":""6ffd10b28ab050230cdc1137f0bd16155c3a7c587add7fbe921d985fa92879fe"",""run_identity_sha256"":""816436c38ee4d07338802523f1ee8532429382b338a798d1dc4e13e5a6bd9432""}"
3c11adf4c5538c2011f57f74c64446d508f52d17,oxigraph,Oxigraph [engines.json profile],100M,O,O4,00,c2e7f8e7377b1ac6cc1c202c8233c4b4c10a2b85eae74cbb49844b3515dd26f8,C,SPARQLcirc CircuitRewriter,ok,27441,71987.0,71987.0,71987.0,71987.0,0.0,0,1,1200.0,110364821,12057.7,232881,210680,77244,,415.197955,[71986.951],[12057.725],0.0,[0.0],84671.0,[84670.999],626.3,[626.323],r9.2-frozen-identity-v9,29141245f8c12745841f2d0c15bdd458482dab79f0f92abb8b99d16395db1f8c,term-aware-candidate-set-v1,27441,2ebe1a2fc42ea486debbff4f2969236b31ec163a8065eee0e91378631a6f63a2,flat,flat,43198a7014533f36d5fe2b443d225dc3ebf8947255e7249557edc3b28330a377,/mnt/nfs/home/ac145595/workspace/rq3-artifacts/circuits/oxigraph-100m/c2e7f8e7377b1ac6cc1c202c8233c4b4c10a2b85eae74cbb49844b3515dd26f8-43198a7014533f36d5fe2b443d225dc3ebf8947255e7249557edc3b28330a377.nt,/mnt/nfs/home/ac145595/workspace/rq3-artifacts/circuits/oxigraph-100m/c2e7f8e7377b1ac6cc1c202c8233c4b4c10a2b85eae74cbb49844b3515dd26f8-43198a7014533f36d5fe2b443d225dc3ebf8947255e7249557edc3b28330a377.json,855709c16e96a3eed75f9c125dedbef9212c1e7b54e823c6264830f9df262c53,86e413619f6b2024631b574192c6c5e7c9a4cbb00aedc3eed8ff7bf52a78cadc,c9e65564945d8df3e6db347909ce749b23a5ceaa40b5bfbce825a1c78035ad60,9d75166c957de49226a016f8a64c1ef26fa5fb5aae4efed67a9ee6460103a803,a8297913a408e55f541b6c7801716a469203e2ac506de1de3b4285a47b345bae,8a988dc83f4082a4f27503ba2906dc6b8733b3c02be567635c726c67bbd48314,16162702ccec82b2a0e27063cd04bd756a27af1f003b4cef0da976d843ef4725,reified,writable,exploratory-base,exploratory-reified,41997fb8640d9e765a0272879a63548eb9bd46bbf6e49da02b7c924e506b94f7,735ac62b30e8a3e73b850ea02c7ab19c17b1289095d95961d66c9b3270bcea6a,2e884d94ace185d62b1b91debf493ccd0a69b83d08e74cf5f1c2be4851b14215,7b43c2342d7676aa65cc9ee233b2184c9eae88f2663874af7ab1b83282f94ab4,6ffd10b28ab050230cdc1137f0bd16155c3a7c587add7fbe921d985fa92879fe,,,,7a08e75ad411739a4dfcac8104b0867bd79ca3f008a136cdb15b5eb70ada3262,"pcm-meta-v2:{""protocol"":""r9.2-frozen-identity-v9"",""message"":""C requested=flat effective=flat; steps=5 feedback=0; network includes CONSTRUCT, feedback INSERT, and cleanup DELETE"",""cell_wall_ms"":87779.516,""answer_kind"":""term-aware-candidate-set-v1"",""answer_key_count"":27441,""answer_fingerprint"":""2ebe1a2fc42ea486debbff4f2969236b31ec163a8065eee0e91378631a6f63a2"",""c_parse_samples"":[12057.725],""c_protocol_samples"":[{""requested_mode"":""flat"",""effective_mode"":""flat"",""fallback_reason"":null,""plan_steps"":5,""feedback_steps"":0,""feedback_triples"":0,""construct_query_ms"":71986.951,""feedback_update_ms"":0.0,""cleanup_ms"":0.0,""client_protocol_ms"":0.0,""network_scope"":""construct+feedback+cleanup"",""circuit_sha256"":""43198a7014533f36d5fe2b443d225dc3ebf8947255e7249557edc3b28330a377"",""answer_fingerprint"":""2ebe1a2fc42ea486debbff4f2969236b31ec163a8065eee0e91378631a6f63a2"",""semantic_signature_sha256"":""19fb39406c7e3fbc8d16b761c5e18c0d804b3117c16cd0b1a29a9c6804c05a5f"",""structure_signature"":{""gates"":232881,""edges"":210680,""answers"":27441,""derivations"":77244,""leaves"":75935,""plus"":129506,""minus"":26131,""nodes"":308816,""canonical_bytes"":110364821},""construct_total_ms"":84670.999,""client_unattributed_ms"":626.323}],""construct_total_samples"":[84670.999],""construct_unattributed_samples"":[626.323],""status"":""ok"",""status_evidence"":null,""c_warmup_signatures"":[],""measured_semantic_signature_sha256"":""19fb39406c7e3fbc8d16b761c5e18c0d804b3117c16cd0b1a29a9c6804c05a5f"",""measured_repetitions_consistent"":true,""cache_snapshot_ms"":2581.567,""cache_snapshot_scope"":""first-measured-response; deferred until all runs succeeded"",""outside_cell_cache_write_ms"":5848.984,""endpoint_lock"":{""wait_ms"":0.003,""lock_path"":""/tmp/sparqlcirc-r9-endpoint-locks-v7/735ac62b30e8a3e73b850ea02c7ab19c17b1289095d95961d66c9b3270bcea6a.lock""},""construction_requested"":""flat"",""construction_effective"":""flat"",""circuit_sha256"":""43198a7014533f36d5fe2b443d225dc3ebf8947255e7249557edc3b28330a377"",""circuit_triples"":744102,""circuit_bytes"":110364821,""circuit_path"":""/mnt/nfs/home/ac145595/workspace/rq3-artifacts/circuits/oxigraph-100m/c2e7f8e7377b1ac6cc1c202c8233c4b4c10a2b85eae74cbb49844b3515dd26f8-43198a7014533f36d5fe2b443d225dc3ebf8947255e7249557edc3b28330a377.nt"",""metadata_path"":""/mnt/nfs/home/ac145595/workspace/rq3-artifacts/circuits/oxigraph-100m/c2e7f8e7377b1ac6cc1c202c8233c4b4c10a2b85eae74cbb49844b3515dd26f8-43198a7014533f36d5fe2b443d225dc3ebf8947255e7249557edc3b28330a377.json"",""producer_observation_sha256"":""855709c16e96a3eed75f9c125dedbef9212c1e7b54e823c6264830f9df262c53"",""sidecar_sha256"":""86e413619f6b2024631b574192c6c5e7c9a4cbb00aedc3eed8ff7bf52a78cadc"",""commit"":""3c11adf4c5538c2011f57f74c64446d508f52d17"",""batch_id"":""29141245f8c12745841f2d0c15bdd458482dab79f0f92abb8b99d16395db1f8c"",""query_sha256"":""c2e7f8e7377b1ac6cc1c202c8233c4b4c10a2b85eae74cbb49844b3515dd26f8"",""engine"":""oxigraph"",""engine_version"":""Oxigraph [engines.json profile]"",""scale"":""100M"",""base_endpoint_sha256"":""c9e65564945d8df3e6db347909ce749b23a5ceaa40b5bfbce825a1c78035ad60"",""reified_endpoint_sha256"":""9d75166c957de49226a016f8a64c1ef26fa5fb5aae4efed67a9ee6460103a803"",""update_endpoint_sha256"":""a8297913a408e55f541b6c7801716a469203e2ac506de1de3b4285a47b345bae"",""base_data_identity_sha256"":""8a988dc83f4082a4f27503ba2906dc6b8733b3c02be567635c726c67bbd48314"",""reified_data_identity_sha256"":""16162702ccec82b2a0e27063cd04bd756a27af1f003b4cef0da976d843ef4725"",""update_for"":""reified"",""access_mode"":""writable"",""base_data_name"":""exploratory-base"",""reified_data_name"":""exploratory-reified"",""update_canary_sha256"":""41997fb8640d9e765a0272879a63548eb9bd46bbf6e49da02b7c924e506b94f7"",""store_instance_sha256"":""735ac62b30e8a3e73b850ea02c7ab19c17b1289095d95961d66c9b3270bcea6a"",""store_discriminator_sha256"":""2e884d94ace185d62b1b91debf493ccd0a69b83d08e74cf5f1c2be4851b14215"",""tool_sha256"":""7b43c2342d7676aa65cc9ee233b2184c9eae88f2663874af7ab1b83282f94ab4"",""java_runtime_sha256"":""6ffd10b28ab050230cdc1137f0bd16155c3a7c587add7fbe921d985fa92879fe"",""run_identity_sha256"":""7a08e75ad411739a4dfcac8104b0867bd79ca3f008a136cdb15b5eb70ada3262""}"
3c11adf4c5538c2011f57f74c64446d508f52d17,oxigraph,Oxigraph [engines.json profile],100M,O,O5,00,ec9af3cffe6976bcc27a5ca3ba0732c80fe7716160af6d25aa1d6b447b6300e2,C,SPARQLcirc CircuitRewriter,ok,14,130495.5,130495.5,130495.5,130495.5,0.0,0,1,1200.0,646962806,87497.6,2238187,2238180,1119076,,375.865699,[130495.479],[87497.57],0.0,[0.0],223222.3,[223222.269],5229.2,[5229.221],r9.2-frozen-identity-v9,29141245f8c12745841f2d0c15bdd458482dab79f0f92abb8b99d16395db1f8c,term-aware-candidate-set-v1,14,97450ba1410f357ada313d1a8c0fa9bfeec33d5c127cef8f1f08f4321cb2eea8,flat,flat,cbf52be28f9b485731b8067d904b6ca5c3f2760e524501b342595fd3820cbaeb,/mnt/nfs/home/ac145595/workspace/rq3-artifacts/circuits/oxigraph-100m/ec9af3cffe6976bcc27a5ca3ba0732c80fe7716160af6d25aa1d6b447b6300e2-cbf52be28f9b485731b8067d904b6ca5c3f2760e524501b342595fd3820cbaeb.nt,/mnt/nfs/home/ac145595/workspace/rq3-artifacts/circuits/oxigraph-100m/ec9af3cffe6976bcc27a5ca3ba0732c80fe7716160af6d25aa1d6b447b6300e2-cbf52be28f9b485731b8067d904b6ca5c3f2760e524501b342595fd3820cbaeb.json,3e4ef430cf8b226315875c6ae3f148014c74aee4393fb601c87a3ea3b3037f44,a35bf7c2210d06d5dfda73b8e6eff275e235b564cc0491bc98f5638f2c35a781,c9e65564945d8df3e6db347909ce749b23a5ceaa40b5bfbce825a1c78035ad60,9d75166c957de49226a016f8a64c1ef26fa5fb5aae4efed67a9ee6460103a803,a8297913a408e55f541b6c7801716a469203e2ac506de1de3b4285a47b345bae,8a988dc83f4082a4f27503ba2906dc6b8733b3c02be567635c726c67bbd48314,16162702ccec82b2a0e27063cd04bd756a27af1f003b4cef0da976d843ef4725,reified,writable,exploratory-base,exploratory-reified,41997fb8640d9e765a0272879a63548eb9bd46bbf6e49da02b7c924e506b94f7,735ac62b30e8a3e73b850ea02c7ab19c17b1289095d95961d66c9b3270bcea6a,2e884d94ace185d62b1b91debf493ccd0a69b83d08e74cf5f1c2be4851b14215,7b43c2342d7676aa65cc9ee233b2184c9eae88f2663874af7ab1b83282f94ab4,6ffd10b28ab050230cdc1137f0bd16155c3a7c587add7fbe921d985fa92879fe,,,,e252ddecfc7c0194b192dede984ca504966d90094c48931b7a85192c927c3c16,"pcm-meta-v2:{""protocol"":""r9.2-frozen-identity-v9"",""message"":""C requested=flat effective=flat; steps=5 feedback=0; network includes CONSTRUCT, feedback INSERT, and cleanup DELETE"",""cell_wall_ms"":241506.35,""answer_kind"":""term-aware-candidate-set-v1"",""answer_key_count"":14,""answer_fingerprint"":""97450ba1410f357ada313d1a8c0fa9bfeec33d5c127cef8f1f08f4321cb2eea8"",""c_parse_samples"":[87497.57],""c_protocol_samples"":[{""requested_mode"":""flat"",""effective_mode"":""flat"",""fallback_reason"":null,""plan_steps"":5,""feedback_steps"":0,""feedback_triples"":0,""construct_query_ms"":130495.479,""feedback_update_ms"":0.0,""cleanup_ms"":0.0,""client_protocol_ms"":0.0,""network_scope"":""construct+feedback+cleanup"",""circuit_sha256"":""cbf52be28f9b485731b8067d904b6ca5c3f2760e524501b342595fd3820cbaeb"",""answer_fingerprint"":""97450ba1410f357ada313d1a8c0fa9bfeec33d5c127cef8f1f08f4321cb2eea8"",""semantic_signature_sha256"":""7b651945028c24264462c02da3bbc587035bde60bef12890055a4389275856ef"",""structure_signature"":{""gates"":2238187,""edges"":2238180,""answers"":14,""derivations"":1119076,""leaves"":1119069,""plus"":1119097,""minus"":14,""nodes"":3357256,""canonical_bytes"":646962806},""construct_total_ms"":223222.269,""client_unattributed_ms"":5229.221}],""construct_total_samples"":[223222.269],""construct_unattributed_samples"":[5229.221],""status"":""ok"",""status_evidence"":null,""c_warmup_signatures"":[],""measured_semantic_signature_sha256"":""7b651945028c24264462c02da3bbc587035bde60bef12890055a4389275856ef"",""measured_repetitions_consistent"":true,""cache_snapshot_ms"":17474.674,""cache_snapshot_scope"":""first-measured-response; deferred until all runs succeeded"",""outside_cell_cache_write_ms"":38286.375,""endpoint_lock"":{""wait_ms"":0.003,""lock_path"":""/tmp/sparqlcirc-r9-endpoint-locks-v7/735ac62b30e8a3e73b850ea02c7ab19c17b1289095d95961d66c9b3270bcea6a.lock""},""construction_requested"":""flat"",""construction_effective"":""flat"",""circuit_sha256"":""cbf52be28f9b485731b8067d904b6ca5c3f2760e524501b342595fd3820cbaeb"",""circuit_triples"":4476451,""circuit_bytes"":646962806,""circuit_path"":""/mnt/nfs/home/ac145595/workspace/rq3-artifacts/circuits/oxigraph-100m/ec9af3cffe6976bcc27a5ca3ba0732c80fe7716160af6d25aa1d6b447b6300e2-cbf52be28f9b485731b8067d904b6ca5c3f2760e524501b342595fd3820cbaeb.nt"",""metadata_path"":""/mnt/nfs/home/ac145595/workspace/rq3-artifacts/circuits/oxigraph-100m/ec9af3cffe6976bcc27a5ca3ba0732c80fe7716160af6d25aa1d6b447b6300e2-cbf52be28f9b485731b8067d904b6ca5c3f2760e524501b342595fd3820cbaeb.json"",""producer_observation_sha256"":""3e4ef430cf8b226315875c6ae3f148014c74aee4393fb601c87a3ea3b3037f44"",""sidecar_sha256"":""a35bf7c2210d06d5dfda73b8e6eff275e235b564cc0491bc98f5638f2c35a781"",""commit"":""3c11adf4c5538c2011f57f74c64446d508f52d17"",""batch_id"":""29141245f8c12745841f2d0c15bdd458482dab79f0f92abb8b99d16395db1f8c"",""query_sha256"":""ec9af3cffe6976bcc27a5ca3ba0732c80fe7716160af6d25aa1d6b447b6300e2"",""engine"":""oxigraph"",""engine_version"":""Oxigraph [engines.json profile]"",""scale"":""100M"",""base_endpoint_sha256"":""c9e65564945d8df3e6db347909ce749b23a5ceaa40b5bfbce825a1c78035ad60"",""reified_endpoint_sha256"":""9d75166c957de49226a016f8a64c1ef26fa5fb5aae4efed67a9ee6460103a803"",""update_endpoint_sha256"":""a8297913a408e55f541b6c7801716a469203e2ac506de1de3b4285a47b345bae"",""base_data_identity_sha256"":""8a988dc83f4082a4f27503ba2906dc6b8733b3c02be567635c726c67bbd48314"",""reified_data_identity_sha256"":""16162702ccec82b2a0e27063cd04bd756a27af1f003b4cef0da976d843ef4725"",""update_for"":""reified"",""access_mode"":""writable"",""base_data_name"":""exploratory-base"",""reified_data_name"":""exploratory-reified"",""update_canary_sha256"":""41997fb8640d9e765a0272879a63548eb9bd46bbf6e49da02b7c924e506b94f7"",""store_instance_sha256"":""735ac62b30e8a3e73b850ea02c7ab19c17b1289095d95961d66c9b3270bcea6a"",""store_discriminator_sha256"":""2e884d94ace185d62b1b91debf493ccd0a69b83d08e74cf5f1c2be4851b14215"",""tool_sha256"":""7b43c2342d7676aa65cc9ee233b2184c9eae88f2663874af7ab1b83282f94ab4"",""java_runtime_sha256"":""6ffd10b28ab050230cdc1137f0bd16155c3a7c587add7fbe921d985fa92879fe"",""run_identity_sha256"":""e252ddecfc7c0194b192dede984ca504966d90094c48931b7a85192c927c3c16""}"
3c11adf4c5538c2011f57f74c64446d508f52d17,oxigraph,Oxigraph [engines.json profile],100M,S,S1,00,11a13df922fdbee8f9776eaed6af62ffda103b2b406da774b3f49300860168da,C,SPARQLcirc CircuitRewriter,ok,7,83745.6,83745.6,83745.6,83745.6,0.0,0,1,1200.0,37703,3.6,14,70,7,,415.638055,[83745.611],[3.646],0.0,[0.0],83749.7,[83749.727],0.5,[0.469],r9.2-frozen-identity-v9,29141245f8c12745841f2d0c15bdd458482dab79f0f92abb8b99d16395db1f8c,term-aware-candidate-set-v1,7,f1dc6ee7ef8c3d097e8a1973c4cccb9b9049e626d752ada0c7bed0b7b4c0232c,flat,flat,e65677f91e9a222646143b2d151613a0202ab531a8709bc445fed9a3fd8632ea,/mnt/nfs/home/ac145595/workspace/rq3-artifacts/circuits/oxigraph-100m/11a13df922fdbee8f9776eaed6af62ffda103b2b406da774b3f49300860168da-e65677f91e9a222646143b2d151613a0202ab531a8709bc445fed9a3fd8632ea.nt,/mnt/nfs/home/ac145595/workspace/rq3-artifacts/circuits/oxigraph-100m/11a13df922fdbee8f9776eaed6af62ffda103b2b406da774b3f49300860168da-e65677f91e9a222646143b2d151613a0202ab531a8709bc445fed9a3fd8632ea.json,bd818d4d8dc4f87c10ecd31bb7ffaf43b5db1e5867ea4e757818d5eb3c2f1a37,3e733b9c2d95bc33d5da81544b3f42a1edd95cc057c07b187f8173adfe643a6c,c9e65564945d8df3e6db347909ce749b23a5ceaa40b5bfbce825a1c78035ad60,9d75166c957de49226a016f8a64c1ef26fa5fb5aae4efed67a9ee6460103a803,a8297913a408e55f541b6c7801716a469203e2ac506de1de3b4285a47b345bae,8a988dc83f4082a4f27503ba2906dc6b8733b3c02be567635c726c67bbd48314,16162702ccec82b2a0e27063cd04bd756a27af1f003b4cef0da976d843ef4725,reified,writable,exploratory-base,exploratory-reified,41997fb8640d9e765a0272879a63548eb9bd46bbf6e49da02b7c924e506b94f7,735ac62b30e8a3e73b850ea02c7ab19c17b1289095d95961d66c9b3270bcea6a,2e884d94ace185d62b1b91debf493ccd0a69b83d08e74cf5f1c2be4851b14215,7b43c2342d7676aa65cc9ee233b2184c9eae88f2663874af7ab1b83282f94ab4,6ffd10b28ab050230cdc1137f0bd16155c3a7c587add7fbe921d985fa92879fe,,,,2d6ecb67f24376ce4903fa40a265fd3049295a75a13379c299ac836f948d6204,"pcm-meta-v2:{""protocol"":""r9.2-frozen-identity-v9"",""message"":""C requested=flat effective=flat; steps=1 feedback=0; network includes CONSTRUCT, feedback INSERT, and cleanup DELETE"",""cell_wall_ms"":84171.895,""answer_kind"":""term-aware-candidate-set-v1"",""answer_key_count"":7,""answer_fingerprint"":""f1dc6ee7ef8c3d097e8a1973c4cccb9b9049e626d752ada0c7bed0b7b4c0232c"",""c_parse_samples"":[3.646],""c_protocol_samples"":[{""requested_mode"":""flat"",""effective_mode"":""flat"",""fallback_reason"":null,""plan_steps"":1,""feedback_steps"":0,""feedback_triples"":0,""construct_query_ms"":83745.611,""feedback_update_ms"":0.0,""cleanup_ms"":0.0,""client_protocol_ms"":0.0,""network_scope"":""construct+feedback+cleanup"",""circuit_sha256"":""e65677f91e9a222646143b2d151613a0202ab531a8709bc445fed9a3fd8632ea"",""answer_fingerprint"":""f1dc6ee7ef8c3d097e8a1973c4cccb9b9049e626d752ada0c7bed0b7b4c0232c"",""semantic_signature_sha256"":""2ce99ff284132742b720b51016ff648ea2f7b5dff5a03f4de19112d300446f77"",""structure_signature"":{""gates"":14,""edges"":70,""answers"":7,""derivations"":7,""leaves"":23,""plus"":7,""minus"":0,""nodes"":37,""canonical_bytes"":37703},""construct_total_ms"":83749.727,""client_unattributed_ms"":0.469}],""construct_total_samples"":[83749.727],""construct_unattributed_samples"":[0.469],""status"":""ok"",""status_evidence"":null,""c_warmup_signatures"":[],""measured_semantic_signature_sha256"":""2ce99ff284132742b720b51016ff648ea2f7b5dff5a03f4de19112d300446f77"",""measured_repetitions_consistent"":true,""cache_snapshot_ms"":1.765,""cache_snapshot_scope"":""first-measured-response; deferred until all runs succeeded"",""outside_cell_cache_write_ms"":5.663,""endpoint_lock"":{""wait_ms"":0.003,""lock_path"":""/tmp/sparqlcirc-r9-endpoint-locks-v7/735ac62b30e8a3e73b850ea02c7ab19c17b1289095d95961d66c9b3270bcea6a.lock""},""construction_requested"":""flat"",""construction_effective"":""flat"",""circuit_sha256"":""e65677f91e9a222646143b2d151613a0202ab531a8709bc445fed9a3fd8632ea"",""circuit_triples"":280,""circuit_bytes"":37703,""circuit_path"":""/mnt/nfs/home/ac145595/workspace/rq3-artifacts/circuits/oxigraph-100m/11a13df922fdbee8f9776eaed6af62ffda103b2b406da774b3f49300860168da-e65677f91e9a222646143b2d151613a0202ab531a8709bc445fed9a3fd8632ea.nt"",""metadata_path"":""/mnt/nfs/home/ac145595/workspace/rq3-artifacts/circuits/oxigraph-100m/11a13df922fdbee8f9776eaed6af62ffda103b2b406da774b3f49300860168da-e65677f91e9a222646143b2d151613a0202ab531a8709bc445fed9a3fd8632ea.json"",""producer_observation_sha256"":""bd818d4d8dc4f87c10ecd31bb7ffaf43b5db1e5867ea4e757818d5eb3c2f1a37"",""sidecar_sha256"":""3e733b9c2d95bc33d5da81544b3f42a1edd95cc057c07b187f8173adfe643a6c"",""commit"":""3c11adf4c5538c2011f57f74c64446d508f52d17"",""batch_id"":""29141245f8c12745841f2d0c15bdd458482dab79f0f92abb8b99d16395db1f8c"",""query_sha256"":""11a13df922fdbee8f9776eaed6af62ffda103b2b406da774b3f49300860168da"",""engine"":""oxigraph"",""engine_version"":""Oxigraph [engines.json profile]"",""scale"":""100M"",""base_endpoint_sha256"":""c9e65564945d8df3e6db347909ce749b23a5ceaa40b5bfbce825a1c78035ad60"",""reified_endpoint_sha256"":""9d75166c957de49226a016f8a64c1ef26fa5fb5aae4efed67a9ee6460103a803"",""update_endpoint_sha256"":""a8297913a408e55f541b6c7801716a469203e2ac506de1de3b4285a47b345bae"",""base_data_identity_sha256"":""8a988dc83f4082a4f27503ba2906dc6b8733b3c02be567635c726c67bbd48314"",""reified_data_identity_sha256"":""16162702ccec82b2a0e27063cd04bd756a27af1f003b4cef0da976d843ef4725"",""update_for"":""reified"",""access_mode"":""writable"",""base_data_name"":""exploratory-base"",""reified_data_name"":""exploratory-reified"",""update_canary_sha256"":""41997fb8640d9e765a0272879a63548eb9bd46bbf6e49da02b7c924e506b94f7"",""store_instance_sha256"":""735ac62b30e8a3e73b850ea02c7ab19c17b1289095d95961d66c9b3270bcea6a"",""store_discriminator_sha256"":""2e884d94ace185d62b1b91debf493ccd0a69b83d08e74cf5f1c2be4851b14215"",""tool_sha256"":""7b43c2342d7676aa65cc9ee233b2184c9eae88f2663874af7ab1b83282f94ab4"",""java_runtime_sha256"":""6ffd10b28ab050230cdc1137f0bd16155c3a7c587add7fbe921d985fa92879fe"",""run_identity_sha256"":""2d6ecb67f24376ce4903fa40a265fd3049295a75a13379c299ac836f948d6204""}"
3c11adf4c5538c2011f57f74c64446d508f52d17,oxigraph,Oxigraph [engines.json profile],100M,S,S2,00,e634c02fe199569fe27370dfeca74deef380542216b43766499daf6e48f0b7a5,C,SPARQLcirc CircuitRewriter,ok,2689,445996.5,445996.5,445996.5,445996.5,0.0,0,1,1200.0,4001690,364.9,5378,13445,2689,,365.934816,[445996.515],[364.886],0.0,[0.0],446370.2,[446370.231],8.8,[8.83],r9.2-frozen-identity-v9,29141245f8c12745841f2d0c15bdd458482dab79f0f92abb8b99d16395db1f8c,term-aware-candidate-set-v1,2689,83053a451c774f160dc89d566364403581c0e3ee9474298267bef7fafc89af89,flat,flat,0e7e6feb0a3cc192fa9e1b92d8d4ffa4d5233e1789018b8dd8a7b8a2f84b45e9,/mnt/nfs/home/ac145595/workspace/rq3-artifacts/circuits/oxigraph-100m/e634c02fe199569fe27370dfeca74deef380542216b43766499daf6e48f0b7a5-0e7e6feb0a3cc192fa9e1b92d8d4ffa4d5233e1789018b8dd8a7b8a2f84b45e9.nt,/mnt/nfs/home/ac145595/workspace/rq3-artifacts/circuits/oxigraph-100m/e634c02fe199569fe27370dfeca74deef380542216b43766499daf6e48f0b7a5-0e7e6feb0a3cc192fa9e1b92d8d4ffa4d5233e1789018b8dd8a7b8a2f84b45e9.json,bc85c8ec20b4d2659193d3b1da3804628e462cd188c0bff88f68a48d33660527,fbd7943e56dfa30bbcbc8d613b9ca151c96b132802c8d7c3986a78e1ed433966,c9e65564945d8df3e6db347909ce749b23a5ceaa40b5bfbce825a1c78035ad60,9d75166c957de49226a016f8a64c1ef26fa5fb5aae4efed67a9ee6460103a803,a8297913a408e55f541b6c7801716a469203e2ac506de1de3b4285a47b345bae,8a988dc83f4082a4f27503ba2906dc6b8733b3c02be567635c726c67bbd48314,16162702ccec82b2a0e27063cd04bd756a27af1f003b4cef0da976d843ef4725,reified,writable,exploratory-base,exploratory-reified,41997fb8640d9e765a0272879a63548eb9bd46bbf6e49da02b7c924e506b94f7,735ac62b30e8a3e73b850ea02c7ab19c17b1289095d95961d66c9b3270bcea6a,2e884d94ace185d62b1b91debf493ccd0a69b83d08e74cf5f1c2be4851b14215,7b43c2342d7676aa65cc9ee233b2184c9eae88f2663874af7ab1b83282f94ab4,6ffd10b28ab050230cdc1137f0bd16155c3a7c587add7fbe921d985fa92879fe,,,,5ef979d649385ecdd0697c92367457e7e2c585cdbe34656def5b98fdab692a9c,"pcm-meta-v2:{""protocol"":""r9.2-frozen-identity-v9"",""message"":""C requested=flat effective=flat; steps=1 feedback=0; network includes CONSTRUCT, feedback INSERT, and cleanup DELETE"",""cell_wall_ms"":446819.685,""answer_kind"":""term-aware-candidate-set-v1"",""answer_key_count"":2689,""answer_fingerprint"":""83053a451c774f160dc89d566364403581c0e3ee9474298267bef7fafc89af89"",""c_parse_samples"":[364.886],""c_protocol_samples"":[{""requested_mode"":""flat"",""effective_mode"":""flat"",""fallback_reason"":null,""plan_steps"":1,""feedback_steps"":0,""feedback_triples"":0,""construct_query_ms"":445996.515,""feedback_update_ms"":0.0,""cleanup_ms"":0.0,""client_protocol_ms"":0.0,""network_scope"":""construct+feedback+cleanup"",""circuit_sha256"":""0e7e6feb0a3cc192fa9e1b92d8d4ffa4d5233e1789018b8dd8a7b8a2f84b45e9"",""answer_fingerprint"":""83053a451c774f160dc89d566364403581c0e3ee9474298267bef7fafc89af89"",""semantic_signature_sha256"":""e688e79eafddb0bcd5cd9d489817192482817334c6ed55e238142037ad852980"",""structure_signature"":{""gates"":5378,""edges"":13445,""answers"":2689,""derivations"":2689,""leaves"":10756,""plus"":2689,""minus"":0,""nodes"":16134,""canonical_bytes"":4001690},""construct_total_ms"":446370.231,""client_unattributed_ms"":8.83}],""construct_total_samples"":[446370.231],""construct_unattributed_samples"":[8.83],""status"":""ok"",""status_evidence"":null,""c_warmup_signatures"":[],""measured_semantic_signature_sha256"":""e688e79eafddb0bcd5cd9d489817192482817334c6ed55e238142037ad852980"",""measured_repetitions_consistent"":true,""cache_snapshot_ms"":73.218,""cache_snapshot_scope"":""first-measured-response; deferred until all runs succeeded"",""outside_cell_cache_write_ms"":185.012,""endpoint_lock"":{""wait_ms"":0.003,""lock_path"":""/tmp/sparqlcirc-r9-endpoint-locks-v7/735ac62b30e8a3e73b850ea02c7ab19c17b1289095d95961d66c9b3270bcea6a.lock""},""construction_requested"":""flat"",""construction_effective"":""flat"",""circuit_sha256"":""0e7e6feb0a3cc192fa9e1b92d8d4ffa4d5233e1789018b8dd8a7b8a2f84b45e9"",""circuit_triples"":29579,""circuit_bytes"":4001690,""circuit_path"":""/mnt/nfs/home/ac145595/workspace/rq3-artifacts/circuits/oxigraph-100m/e634c02fe199569fe27370dfeca74deef380542216b43766499daf6e48f0b7a5-0e7e6feb0a3cc192fa9e1b92d8d4ffa4d5233e1789018b8dd8a7b8a2f84b45e9.nt"",""metadata_path"":""/mnt/nfs/home/ac145595/workspace/rq3-artifacts/circuits/oxigraph-100m/e634c02fe199569fe27370dfeca74deef380542216b43766499daf6e48f0b7a5-0e7e6feb0a3cc192fa9e1b92d8d4ffa4d5233e1789018b8dd8a7b8a2f84b45e9.json"",""producer_observation_sha256"":""bc85c8ec20b4d2659193d3b1da3804628e462cd188c0bff88f68a48d33660527"",""sidecar_sha256"":""fbd7943e56dfa30bbcbc8d613b9ca151c96b132802c8d7c3986a78e1ed433966"",""commit"":""3c11adf4c5538c2011f57f74c64446d508f52d17"",""batch_id"":""29141245f8c12745841f2d0c15bdd458482dab79f0f92abb8b99d16395db1f8c"",""query_sha256"":""e634c02fe199569fe27370dfeca74deef380542216b43766499daf6e48f0b7a5"",""engine"":""oxigraph"",""engine_version"":""Oxigraph [engines.json profile]"",""scale"":""100M"",""base_endpoint_sha256"":""c9e65564945d8df3e6db347909ce749b23a5ceaa40b5bfbce825a1c78035ad60"",""reified_endpoint_sha256"":""9d75166c957de49226a016f8a64c1ef26fa5fb5aae4efed67a9ee6460103a803"",""update_endpoint_sha256"":""a8297913a408e55f541b6c7801716a469203e2ac506de1de3b4285a47b345bae"",""base_data_identity_sha256"":""8a988dc83f4082a4f27503ba2906dc6b8733b3c02be567635c726c67bbd48314"",""reified_data_identity_sha256"":""16162702ccec82b2a0e27063cd04bd756a27af1f003b4cef0da976d843ef4725"",""update_for"":""reified"",""access_mode"":""writable"",""base_data_name"":""exploratory-base"",""reified_data_name"":""exploratory-reified"",""update_canary_sha256"":""41997fb8640d9e765a0272879a63548eb9bd46bbf6e49da02b7c924e506b94f7"",""store_instance_sha256"":""735ac62b30e8a3e73b850ea02c7ab19c17b1289095d95961d66c9b3270bcea6a"",""store_discriminator_sha256"":""2e884d94ace185d62b1b91debf493ccd0a69b83d08e74cf5f1c2be4851b14215"",""tool_sha256"":""7b43c2342d7676aa65cc9ee233b2184c9eae88f2663874af7ab1b83282f94ab4"",""java_runtime_sha256"":""6ffd10b28ab050230cdc1137f0bd16155c3a7c587add7fbe921d985fa92879fe"",""run_identity_sha256"":""5ef979d649385ecdd0697c92367457e7e2c585cdbe34656def5b98fdab692a9c""}"
3c11adf4c5538c2011f57f74c64446d508f52d17,oxigraph,Oxigraph [engines.json profile],100M,S,S3,00,4e26d57d8fea5cd20a5edd26b3e286c7e2287bf17d8cbb9b1567590a068ac8f4,C,SPARQLcirc CircuitRewriter,ok,1346,17770.5,17770.5,17770.5,17770.5,0.0,0,1,1200.0,3406427,316.8,4535,15945,3189,,356.401986,[17770.502],[316.83],0.0,[0.0],18095.3,[18095.28],7.9,[7.949],r9.2-frozen-identity-v9,29141245f8c12745841f2d0c15bdd458482dab79f0f92abb8b99d16395db1f8c,term-aware-candidate-set-v1,1346,046c3e4d544ee396657a81a7681d3f77b7c4dc743ada2401609f95d837875ae0,flat,flat,2f90cd70f75287781045d063ebb9c414a78c29415519b371647fb146b01055b0,/mnt/nfs/home/ac145595/workspace/rq3-artifacts/circuits/oxigraph-100m/4e26d57d8fea5cd20a5edd26b3e286c7e2287bf17d8cbb9b1567590a068ac8f4-2f90cd70f75287781045d063ebb9c414a78c29415519b371647fb146b01055b0.nt,/mnt/nfs/home/ac145595/workspace/rq3-artifacts/circuits/oxigraph-100m/4e26d57d8fea5cd20a5edd26b3e286c7e2287bf17d8cbb9b1567590a068ac8f4-2f90cd70f75287781045d063ebb9c414a78c29415519b371647fb146b01055b0.json,9790f6c706297211488938980be24824fda8c8f6d80c47022fa8f6e2ba9189fd,254aa88d40df9a830460122d0d13e3e6ac4306561826aea14d35e918391ebd57,c9e65564945d8df3e6db347909ce749b23a5ceaa40b5bfbce825a1c78035ad60,9d75166c957de49226a016f8a64c1ef26fa5fb5aae4efed67a9ee6460103a803,a8297913a408e55f541b6c7801716a469203e2ac506de1de3b4285a47b345bae,8a988dc83f4082a4f27503ba2906dc6b8733b3c02be567635c726c67bbd48314,16162702ccec82b2a0e27063cd04bd756a27af1f003b4cef0da976d843ef4725,reified,writable,exploratory-base,exploratory-reified,41997fb8640d9e765a0272879a63548eb9bd46bbf6e49da02b7c924e506b94f7,735ac62b30e8a3e73b850ea02c7ab19c17b1289095d95961d66c9b3270bcea6a,2e884d94ace185d62b1b91debf493ccd0a69b83d08e74cf5f1c2be4851b14215,7b43c2342d7676aa65cc9ee233b2184c9eae88f2663874af7ab1b83282f94ab4,6ffd10b28ab050230cdc1137f0bd16155c3a7c587add7fbe921d985fa92879fe,,,,56369ae2bc414159ee951848601347996e05ad5de10261d62e089a51aeaf73dd,"pcm-meta-v2:{""protocol"":""r9.2-frozen-identity-v9"",""message"":""C requested=flat effective=flat; steps=1 feedback=0; network includes CONSTRUCT, feedback INSERT, and cleanup DELETE"",""cell_wall_ms"":18525.053,""answer_kind"":""term-aware-candidate-set-v1"",""answer_key_count"":1346,""answer_fingerprint"":""046c3e4d544ee396657a81a7681d3f77b7c4dc743ada2401609f95d837875ae0"",""c_parse_samples"":[316.83],""c_protocol_samples"":[{""requested_mode"":""flat"",""effective_mode"":""flat"",""fallback_reason"":null,""plan_steps"":1,""feedback_steps"":0,""feedback_triples"":0,""construct_query_ms"":17770.502,""feedback_update_ms"":0.0,""cleanup_ms"":0.0,""client_protocol_ms"":0.0,""network_scope"":""construct+feedback+cleanup"",""circuit_sha256"":""2f90cd70f75287781045d063ebb9c414a78c29415519b371647fb146b01055b0"",""answer_fingerprint"":""046c3e4d544ee396657a81a7681d3f77b7c4dc743ada2401609f95d837875ae0"",""semantic_signature_sha256"":""0107392c62101a28758d824d2fa0be2a240316b750c111c9306e2fb6464d3983"",""structure_signature"":{""gates"":4535,""edges"":15945,""answers"":1346,""derivations"":3189,""leaves"":7227,""plus"":1346,""minus"":0,""nodes"":11762,""canonical_bytes"":3406427},""construct_total_ms"":18095.28,""client_unattributed_ms"":7.949}],""construct_total_samples"":[18095.28],""construct_unattributed_samples"":[7.949],""status"":""ok"",""status_evidence"":null,""c_warmup_signatures"":[],""measured_semantic_signature_sha256"":""0107392c62101a28758d824d2fa0be2a240316b750c111c9306e2fb6464d3983"",""measured_repetitions_consistent"":true,""cache_snapshot_ms"":64.282,""cache_snapshot_scope"":""first-measured-response; deferred until all runs succeeded"",""outside_cell_cache_write_ms"":154.175,""endpoint_lock"":{""wait_ms"":0.004,""lock_path"":""/tmp/sparqlcirc-r9-endpoint-locks-v7/735ac62b30e8a3e73b850ea02c7ab19c17b1289095d95961d66c9b3270bcea6a.lock""},""construction_requested"":""flat"",""construction_effective"":""flat"",""circuit_sha256"":""2f90cd70f75287781045d063ebb9c414a78c29415519b371647fb146b01055b0"",""circuit_triples"":25864,""circuit_bytes"":3406427,""circuit_path"":""/mnt/nfs/home/ac145595/workspace/rq3-artifacts/circuits/oxigraph-100m/4e26d57d8fea5cd20a5edd26b3e286c7e2287bf17d8cbb9b1567590a068ac8f4-2f90cd70f75287781045d063ebb9c414a78c29415519b371647fb146b01055b0.nt"",""metadata_path"":""/mnt/nfs/home/ac145595/workspace/rq3-artifacts/circuits/oxigraph-100m/4e26d57d8fea5cd20a5edd26b3e286c7e2287bf17d8cbb9b1567590a068ac8f4-2f90cd70f75287781045d063ebb9c414a78c29415519b371647fb146b01055b0.json"",""producer_observation_sha256"":""9790f6c706297211488938980be24824fda8c8f6d80c47022fa8f6e2ba9189fd"",""sidecar_sha256"":""254aa88d40df9a830460122d0d13e3e6ac4306561826aea14d35e918391ebd57"",""commit"":""3c11adf4c5538c2011f57f74c64446d508f52d17"",""batch_id"":""29141245f8c12745841f2d0c15bdd458482dab79f0f92abb8b99d16395db1f8c"",""query_sha256"":""4e26d57d8fea5cd20a5edd26b3e286c7e2287bf17d8cbb9b1567590a068ac8f4"",""engine"":""oxigraph"",""engine_version"":""Oxigraph [engines.json profile]"",""scale"":""100M"",""base_endpoint_sha256"":""c9e65564945d8df3e6db347909ce749b23a5ceaa40b5bfbce825a1c78035ad60"",""reified_endpoint_sha256"":""9d75166c957de49226a016f8a64c1ef26fa5fb5aae4efed67a9ee6460103a803"",""update_endpoint_sha256"":""a8297913a408e55f541b6c7801716a469203e2ac506de1de3b4285a47b345bae"",""base_data_identity_sha256"":""8a988dc83f4082a4f27503ba2906dc6b8733b3c02be567635c726c67bbd48314"",""reified_data_identity_sha256"":""16162702ccec82b2a0e27063cd04bd756a27af1f003b4cef0da976d843ef4725"",""update_for"":""reified"",""access_mode"":""writable"",""base_data_name"":""exploratory-base"",""reified_data_name"":""exploratory-reified"",""update_canary_sha256"":""41997fb8640d9e765a0272879a63548eb9bd46bbf6e49da02b7c924e506b94f7"",""store_instance_sha256"":""735ac62b30e8a3e73b850ea02c7ab19c17b1289095d95961d66c9b3270bcea6a"",""store_discriminator_sha256"":""2e884d94ace185d62b1b91debf493ccd0a69b83d08e74cf5f1c2be4851b14215"",""tool_sha256"":""7b43c2342d7676aa65cc9ee233b2184c9eae88f2663874af7ab1b83282f94ab4"",""java_runtime_sha256"":""6ffd10b28ab050230cdc1137f0bd16155c3a7c587add7fbe921d985fa92879fe"",""run_identity_sha256"":""56369ae2bc414159ee951848601347996e05ad5de10261d62e089a51aeaf73dd""}"
3c11adf4c5538c2011f57f74c64446d508f52d17,oxigraph,Oxigraph [engines.json profile],100M,S,S4,00,671868a81e6d66a398f91366390ceb3c4102f83d22f474a36fa5bf19079fedde,C,SPARQLcirc CircuitRewriter,ok,2,61110.8,61110.8,61110.8,61110.8,0.0,0,1,1200.0,4730,0.7,4,10,2,,361.987591,[61110.763],[0.723],0.0,[0.0],61111.9,[61111.905],0.4,[0.419],r9.2-frozen-identity-v9,29141245f8c12745841f2d0c15bdd458482dab79f0f92abb8b99d16395db1f8c,term-aware-candidate-set-v1,2,00cb054d0def9a4da718414f63058bd6d4dc4bc098d52711332ec908685976bd,flat,flat,e1f3c8186d5d6df8a918e15d3a487be850e2245b62f59802e1c3582ccb632304,/mnt/nfs/home/ac145595/workspace/rq3-artifacts/circuits/oxigraph-100m/671868a81e6d66a398f91366390ceb3c4102f83d22f474a36fa5bf19079fedde-e1f3c8186d5d6df8a918e15d3a487be850e2245b62f59802e1c3582ccb632304.nt,/mnt/nfs/home/ac145595/workspace/rq3-artifacts/circuits/oxigraph-100m/671868a81e6d66a398f91366390ceb3c4102f83d22f474a36fa5bf19079fedde-e1f3c8186d5d6df8a918e15d3a487be850e2245b62f59802e1c3582ccb632304.json,a5fa6fe954d6d8e9b8b6f83564bd49a78e49cd0f6e237b2499f1a5bbd8f36837,5cac7f078b15ef79650512530dd648fb9bc3514db0387084ae506339767c478f,c9e65564945d8df3e6db347909ce749b23a5ceaa40b5bfbce825a1c78035ad60,9d75166c957de49226a016f8a64c1ef26fa5fb5aae4efed67a9ee6460103a803,a8297913a408e55f541b6c7801716a469203e2ac506de1de3b4285a47b345bae,8a988dc83f4082a4f27503ba2906dc6b8733b3c02be567635c726c67bbd48314,16162702ccec82b2a0e27063cd04bd756a27af1f003b4cef0da976d843ef4725,reified,writable,exploratory-base,exploratory-reified,41997fb8640d9e765a0272879a63548eb9bd46bbf6e49da02b7c924e506b94f7,735ac62b30e8a3e73b850ea02c7ab19c17b1289095d95961d66c9b3270bcea6a,2e884d94ace185d62b1b91debf493ccd0a69b83d08e74cf5f1c2be4851b14215,7b43c2342d7676aa65cc9ee233b2184c9eae88f2663874af7ab1b83282f94ab4,6ffd10b28ab050230cdc1137f0bd16155c3a7c587add7fbe921d985fa92879fe,,,,577f1aafbed274f497762bafe43b5581fcf23f076962a15602ab6ffdeb3cf10d,"pcm-meta-v2:{""protocol"":""r9.2-frozen-identity-v9"",""message"":""C requested=flat effective=flat; steps=1 feedback=0; network includes CONSTRUCT, feedback INSERT, and cleanup DELETE"",""cell_wall_ms"":61480.604,""answer_kind"":""term-aware-candidate-set-v1"",""answer_key_count"":2,""answer_fingerprint"":""00cb054d0def9a4da718414f63058bd6d4dc4bc098d52711332ec908685976bd"",""c_parse_samples"":[0.723],""c_protocol_samples"":[{""requested_mode"":""flat"",""effective_mode"":""flat"",""fallback_reason"":null,""plan_steps"":1,""feedback_steps"":0,""feedback_triples"":0,""construct_query_ms"":61110.763,""feedback_update_ms"":0.0,""cleanup_ms"":0.0,""client_protocol_ms"":0.0,""network_scope"":""construct+feedback+cleanup"",""circuit_sha256"":""e1f3c8186d5d6df8a918e15d3a487be850e2245b62f59802e1c3582ccb632304"",""answer_fingerprint"":""00cb054d0def9a4da718414f63058bd6d4dc4bc098d52711332ec908685976bd"",""semantic_signature_sha256"":""b90270bbc73fa0f44ea12e9989742fe04cb15d6c3df654e4bc989087e50b9e92"",""structure_signature"":{""gates"":4,""edges"":10,""answers"":2,""derivations"":2,""leaves"":8,""plus"":2,""minus"":0,""nodes"":12,""canonical_bytes"":4730},""construct_total_ms"":61111.905,""client_unattributed_ms"":0.419}],""construct_total_samples"":[61111.905],""construct_unattributed_samples"":[0.419],""status"":""ok"",""status_evidence"":null,""c_warmup_signatures"":[],""measured_semantic_signature_sha256"":""b90270bbc73fa0f44ea12e9989742fe04cb15d6c3df654e4bc989087e50b9e92"",""measured_repetitions_consistent"":true,""cache_snapshot_ms"":0.801,""cache_snapshot_scope"":""first-measured-response; deferred until all runs succeeded"",""outside_cell_cache_write_ms"":4.632,""endpoint_lock"":{""wait_ms"":0.003,""lock_path"":""/tmp/sparqlcirc-r9-endpoint-locks-v7/735ac62b30e8a3e73b850ea02c7ab19c17b1289095d95961d66c9b3270bcea6a.lock""},""construction_requested"":""flat"",""construction_effective"":""flat"",""circuit_sha256"":""e1f3c8186d5d6df8a918e15d3a487be850e2245b62f59802e1c3582ccb632304"",""circuit_triples"":34,""circuit_bytes"":4730,""circuit_path"":""/mnt/nfs/home/ac145595/workspace/rq3-artifacts/circuits/oxigraph-100m/671868a81e6d66a398f91366390ceb3c4102f83d22f474a36fa5bf19079fedde-e1f3c8186d5d6df8a918e15d3a487be850e2245b62f59802e1c3582ccb632304.nt"",""metadata_path"":""/mnt/nfs/home/ac145595/workspace/rq3-artifacts/circuits/oxigraph-100m/671868a81e6d66a398f91366390ceb3c4102f83d22f474a36fa5bf19079fedde-e1f3c8186d5d6df8a918e15d3a487be850e2245b62f59802e1c3582ccb632304.json"",""producer_observation_sha256"":""a5fa6fe954d6d8e9b8b6f83564bd49a78e49cd0f6e237b2499f1a5bbd8f36837"",""sidecar_sha256"":""5cac7f078b15ef79650512530dd648fb9bc3514db0387084ae506339767c478f"",""commit"":""3c11adf4c5538c2011f57f74c64446d508f52d17"",""batch_id"":""29141245f8c12745841f2d0c15bdd458482dab79f0f92abb8b99d16395db1f8c"",""query_sha256"":""671868a81e6d66a398f91366390ceb3c4102f83d22f474a36fa5bf19079fedde"",""engine"":""oxigraph"",""engine_version"":""Oxigraph [engines.json profile]"",""scale"":""100M"",""base_endpoint_sha256"":""c9e65564945d8df3e6db347909ce749b23a5ceaa40b5bfbce825a1c78035ad60"",""reified_endpoint_sha256"":""9d75166c957de49226a016f8a64c1ef26fa5fb5aae4efed67a9ee6460103a803"",""update_endpoint_sha256"":""a8297913a408e55f541b6c7801716a469203e2ac506de1de3b4285a47b345bae"",""base_data_identity_sha256"":""8a988dc83f4082a4f27503ba2906dc6b8733b3c02be567635c726c67bbd48314"",""reified_data_identity_sha256"":""16162702ccec82b2a0e27063cd04bd756a27af1f003b4cef0da976d843ef4725"",""update_for"":""reified"",""access_mode"":""writable"",""base_data_name"":""exploratory-base"",""reified_data_name"":""exploratory-reified"",""update_canary_sha256"":""41997fb8640d9e765a0272879a63548eb9bd46bbf6e49da02b7c924e506b94f7"",""store_instance_sha256"":""735ac62b30e8a3e73b850ea02c7ab19c17b1289095d95961d66c9b3270bcea6a"",""store_discriminator_sha256"":""2e884d94ace185d62b1b91debf493ccd0a69b83d08e74cf5f1c2be4851b14215"",""tool_sha256"":""7b43c2342d7676aa65cc9ee233b2184c9eae88f2663874af7ab1b83282f94ab4"",""java_runtime_sha256"":""6ffd10b28ab050230cdc1137f0bd16155c3a7c587add7fbe921d985fa92879fe"",""run_identity_sha256"":""577f1aafbed274f497762bafe43b5581fcf23f076962a15602ab6ffdeb3cf10d""}"
3c11adf4c5538c2011f57f74c64446d508f52d17,oxigraph,Oxigraph [engines.json profile],100M,S,S5,00,691e7a0abcd7232efe06742dc0cffd6f1c1bb58adb1206c47f9a3c8bb38753fb,C,SPARQLcirc CircuitRewriter,ok,341,20692.1,20692.1,20692.1,20692.1,0.0,0,1,1200.0,508110,46.6,682,1705,341,,347.871025,[20692.066],[46.64],0.0,[0.0],20739.9,[20739.892],1.2,[1.186],r9.2-frozen-identity-v9,29141245f8c12745841f2d0c15bdd458482dab79f0f92abb8b99d16395db1f8c,term-aware-candidate-set-v1,341,fcd8fad57cb3cefcd5f4206cd4e17f058b033fb7b5c60c91f5a5d21ff9fd3932,flat,flat,bf9aef5f163f0c6cf44c469c5350c5f0d3b0a1622cdb64326d109a8dbf548197,/mnt/nfs/home/ac145595/workspace/rq3-artifacts/circuits/oxigraph-100m/691e7a0abcd7232efe06742dc0cffd6f1c1bb58adb1206c47f9a3c8bb38753fb-bf9aef5f163f0c6cf44c469c5350c5f0d3b0a1622cdb64326d109a8dbf548197.nt,/mnt/nfs/home/ac145595/workspace/rq3-artifacts/circuits/oxigraph-100m/691e7a0abcd7232efe06742dc0cffd6f1c1bb58adb1206c47f9a3c8bb38753fb-bf9aef5f163f0c6cf44c469c5350c5f0d3b0a1622cdb64326d109a8dbf548197.json,77eccfec184dc713b7f9962b82696c774f984fc19b6ebfa088f8bfff3472ac0d,9c504f0c722f4ae53447c8ac03940212306f04d02e36fefb402a334539a7482c,c9e65564945d8df3e6db347909ce749b23a5ceaa40b5bfbce825a1c78035ad60,9d75166c957de49226a016f8a64c1ef26fa5fb5aae4efed67a9ee6460103a803,a8297913a408e55f541b6c7801716a469203e2ac506de1de3b4285a47b345bae,8a988dc83f4082a4f27503ba2906dc6b8733b3c02be567635c726c67bbd48314,16162702ccec82b2a0e27063cd04bd756a27af1f003b4cef0da976d843ef4725,reified,writable,exploratory-base,exploratory-reified,41997fb8640d9e765a0272879a63548eb9bd46bbf6e49da02b7c924e506b94f7,735ac62b30e8a3e73b850ea02c7ab19c17b1289095d95961d66c9b3270bcea6a,2e884d94ace185d62b1b91debf493ccd0a69b83d08e74cf5f1c2be4851b14215,7b43c2342d7676aa65cc9ee233b2184c9eae88f2663874af7ab1b83282f94ab4,6ffd10b28ab050230cdc1137f0bd16155c3a7c587add7fbe921d985fa92879fe,,,,9fabac976d953775fd1a78c300aa5394ac070e8986911a517eda295c33d7f979,"pcm-meta-v2:{""protocol"":""r9.2-frozen-identity-v9"",""message"":""C requested=flat effective=flat; steps=1 feedback=0; network includes CONSTRUCT, feedback INSERT, and cleanup DELETE"",""cell_wall_ms"":21103.257,""answer_kind"":""term-aware-candidate-set-v1"",""answer_key_count"":341,""answer_fingerprint"":""fcd8fad57cb3cefcd5f4206cd4e17f058b033fb7b5c60c91f5a5d21ff9fd3932"",""c_parse_samples"":[46.64],""c_protocol_samples"":[{""requested_mode"":""flat"",""effective_mode"":""flat"",""fallback_reason"":null,""plan_steps"":1,""feedback_steps"":0,""feedback_triples"":0,""construct_query_ms"":20692.066,""feedback_update_ms"":0.0,""cleanup_ms"":0.0,""client_protocol_ms"":0.0,""network_scope"":""construct+feedback+cleanup"",""circuit_sha256"":""bf9aef5f163f0c6cf44c469c5350c5f0d3b0a1622cdb64326d109a8dbf548197"",""answer_fingerprint"":""fcd8fad57cb3cefcd5f4206cd4e17f058b033fb7b5c60c91f5a5d21ff9fd3932"",""semantic_signature_sha256"":""f5681d438f80df1bd03cc3212f541f88ab12a3b60d98fe93d8ecce240646cb6f"",""structure_signature"":{""gates"":682,""edges"":1705,""answers"":341,""derivations"":341,""leaves"":1364,""plus"":341,""minus"":0,""nodes"":2046,""canonical_bytes"":508110},""construct_total_ms"":20739.892,""client_unattributed_ms"":1.186}],""construct_total_samples"":[20739.892],""construct_unattributed_samples"":[1.186],""status"":""ok"",""status_evidence"":null,""c_warmup_signatures"":[],""measured_semantic_signature_sha256"":""f5681d438f80df1bd03cc3212f541f88ab12a3b60d98fe93d8ecce240646cb6f"",""measured_repetitions_consistent"":true,""cache_snapshot_ms"":9.431,""cache_snapshot_scope"":""first-measured-response; deferred until all runs succeeded"",""outside_cell_cache_write_ms"":24.2,""endpoint_lock"":{""wait_ms"":0.003,""lock_path"":""/tmp/sparqlcirc-r9-endpoint-locks-v7/735ac62b30e8a3e73b850ea02c7ab19c17b1289095d95961d66c9b3270bcea6a.lock""},""construction_requested"":""flat"",""construction_effective"":""flat"",""circuit_sha256"":""bf9aef5f163f0c6cf44c469c5350c5f0d3b0a1622cdb64326d109a8dbf548197"",""circuit_triples"":3751,""circuit_bytes"":508110,""circuit_path"":""/mnt/nfs/home/ac145595/workspace/rq3-artifacts/circuits/oxigraph-100m/691e7a0abcd7232efe06742dc0cffd6f1c1bb58adb1206c47f9a3c8bb38753fb-bf9aef5f163f0c6cf44c469c5350c5f0d3b0a1622cdb64326d109a8dbf548197.nt"",""metadata_path"":""/mnt/nfs/home/ac145595/workspace/rq3-artifacts/circuits/oxigraph-100m/691e7a0abcd7232efe06742dc0cffd6f1c1bb58adb1206c47f9a3c8bb38753fb-bf9aef5f163f0c6cf44c469c5350c5f0d3b0a1622cdb64326d109a8dbf548197.json"",""producer_observation_sha256"":""77eccfec184dc713b7f9962b82696c774f984fc19b6ebfa088f8bfff3472ac0d"",""sidecar_sha256"":""9c504f0c722f4ae53447c8ac03940212306f04d02e36fefb402a334539a7482c"",""commit"":""3c11adf4c5538c2011f57f74c64446d508f52d17"",""batch_id"":""29141245f8c12745841f2d0c15bdd458482dab79f0f92abb8b99d16395db1f8c"",""query_sha256"":""691e7a0abcd7232efe06742dc0cffd6f1c1bb58adb1206c47f9a3c8bb38753fb"",""engine"":""oxigraph"",""engine_version"":""Oxigraph [engines.json profile]"",""scale"":""100M"",""base_endpoint_sha256"":""c9e65564945d8df3e6db347909ce749b23a5ceaa40b5bfbce825a1c78035ad60"",""reified_endpoint_sha256"":""9d75166c957de49226a016f8a64c1ef26fa5fb5aae4efed67a9ee6460103a803"",""update_endpoint_sha256"":""a8297913a408e55f541b6c7801716a469203e2ac506de1de3b4285a47b345bae"",""base_data_identity_sha256"":""8a988dc83f4082a4f27503ba2906dc6b8733b3c02be567635c726c67bbd48314"",""reified_data_identity_sha256"":""16162702ccec82b2a0e27063cd04bd756a27af1f003b4cef0da976d843ef4725"",""update_for"":""reified"",""access_mode"":""writable"",""base_data_name"":""exploratory-base"",""reified_data_name"":""exploratory-reified"",""update_canary_sha256"":""41997fb8640d9e765a0272879a63548eb9bd46bbf6e49da02b7c924e506b94f7"",""store_instance_sha256"":""735ac62b30e8a3e73b850ea02c7ab19c17b1289095d95961d66c9b3270bcea6a"",""store_discriminator_sha256"":""2e884d94ace185d62b1b91debf493ccd0a69b83d08e74cf5f1c2be4851b14215"",""tool_sha256"":""7b43c2342d7676aa65cc9ee233b2184c9eae88f2663874af7ab1b83282f94ab4"",""java_runtime_sha256"":""6ffd10b28ab050230cdc1137f0bd16155c3a7c587add7fbe921d985fa92879fe"",""run_identity_sha256"":""9fabac976d953775fd1a78c300aa5394ac070e8986911a517eda295c33d7f979""}"
3c11adf4c5538c2011f57f74c64446d508f52d17,oxigraph,Oxigraph [engines.json profile],100M,S,S6,00,3a9de4be91a376d912945053f743c79042392d6a11ce089a2d71c37c156ec248,C,SPARQLcirc CircuitRewriter,ok,13,1943.1,1943.1,1943.1,1943.1,0.0,0,1,1200.0,17939,1.9,26,52,13,,349.526,[1943.133],[1.86],0.0,[0.0],1945.4,[1945.424],0.4,[0.431],r9.2-frozen-identity-v9,29141245f8c12745841f2d0c15bdd458482dab79f0f92abb8b99d16395db1f8c,term-aware-candidate-set-v1,13,9945e755216f4f5038ec50a84a54418a000ed319cdca0d48d84e0b2579cf02a1,flat,flat,39265bab4519cfb34edf47aa66313d57d25b7443487cad10b7e7fa5c17b49f47,/mnt/nfs/home/ac145595/workspace/rq3-artifacts/circuits/oxigraph-100m/3a9de4be91a376d912945053f743c79042392d6a11ce089a2d71c37c156ec248-39265bab4519cfb34edf47aa66313d57d25b7443487cad10b7e7fa5c17b49f47.nt,/mnt/nfs/home/ac145595/workspace/rq3-artifacts/circuits/oxigraph-100m/3a9de4be91a376d912945053f743c79042392d6a11ce089a2d71c37c156ec248-39265bab4519cfb34edf47aa66313d57d25b7443487cad10b7e7fa5c17b49f47.json,8faa598867695d0d07dd4f3a078325519319729450159447d22df15504bf5c5d,e0527e436b4b5d21cbc205d697c211e5757aa2621280709fa0571974cb8cc81d,c9e65564945d8df3e6db347909ce749b23a5ceaa40b5bfbce825a1c78035ad60,9d75166c957de49226a016f8a64c1ef26fa5fb5aae4efed67a9ee6460103a803,a8297913a408e55f541b6c7801716a469203e2ac506de1de3b4285a47b345bae,8a988dc83f4082a4f27503ba2906dc6b8733b3c02be567635c726c67bbd48314,16162702ccec82b2a0e27063cd04bd756a27af1f003b4cef0da976d843ef4725,reified,writable,exploratory-base,exploratory-reified,41997fb8640d9e765a0272879a63548eb9bd46bbf6e49da02b7c924e506b94f7,735ac62b30e8a3e73b850ea02c7ab19c17b1289095d95961d66c9b3270bcea6a,2e884d94ace185d62b1b91debf493ccd0a69b83d08e74cf5f1c2be4851b14215,7b43c2342d7676aa65cc9ee233b2184c9eae88f2663874af7ab1b83282f94ab4,6ffd10b28ab050230cdc1137f0bd16155c3a7c587add7fbe921d985fa92879fe,,,,6f6afecb83deb29b30b37ca1955e6cdec3ff1c3d9ed8ee6d49375289cfe1edbc,"pcm-meta-v2:{""protocol"":""r9.2-frozen-identity-v9"",""message"":""C requested=flat effective=flat; steps=1 feedback=0; network includes CONSTRUCT, feedback INSERT, and cleanup DELETE"",""cell_wall_ms"":2301.077,""answer_kind"":""term-aware-candidate-set-v1"",""answer_key_count"":13,""answer_fingerprint"":""9945e755216f4f5038ec50a84a54418a000ed319cdca0d48d84e0b2579cf02a1"",""c_parse_samples"":[1.86],""c_protocol_samples"":[{""requested_mode"":""flat"",""effective_mode"":""flat"",""fallback_reason"":null,""plan_steps"":1,""feedback_steps"":0,""feedback_triples"":0,""construct_query_ms"":1943.133,""feedback_update_ms"":0.0,""cleanup_ms"":0.0,""client_protocol_ms"":0.0,""network_scope"":""construct+feedback+cleanup"",""circuit_sha256"":""39265bab4519cfb34edf47aa66313d57d25b7443487cad10b7e7fa5c17b49f47"",""answer_fingerprint"":""9945e755216f4f5038ec50a84a54418a000ed319cdca0d48d84e0b2579cf02a1"",""semantic_signature_sha256"":""dae21f26ba53fcd8479b5700104072015369c3c70b571b1d88ac847ae56254c0"",""structure_signature"":{""gates"":26,""edges"":52,""answers"":13,""derivations"":13,""leaves"":39,""plus"":13,""minus"":0,""nodes"":65,""canonical_bytes"":17939},""construct_total_ms"":1945.424,""client_unattributed_ms"":0.431}],""construct_total_samples"":[1945.424],""construct_unattributed_samples"":[0.431],""status"":""ok"",""status_evidence"":null,""c_warmup_signatures"":[],""measured_semantic_signature_sha256"":""dae21f26ba53fcd8479b5700104072015369c3c70b571b1d88ac847ae56254c0"",""measured_repetitions_consistent"":true,""cache_snapshot_ms"":0.829,""cache_snapshot_scope"":""first-measured-response; deferred until all runs succeeded"",""outside_cell_cache_write_ms"":4.665,""endpoint_lock"":{""wait_ms"":0.003,""lock_path"":""/tmp/sparqlcirc-r9-endpoint-locks-v7/735ac62b30e8a3e73b850ea02c7ab19c17b1289095d95961d66c9b3270bcea6a.lock""},""construction_requested"":""flat"",""construction_effective"":""flat"",""circuit_sha256"":""39265bab4519cfb34edf47aa66313d57d25b7443487cad10b7e7fa5c17b49f47"",""circuit_triples"":130,""circuit_bytes"":17939,""circuit_path"":""/mnt/nfs/home/ac145595/workspace/rq3-artifacts/circuits/oxigraph-100m/3a9de4be91a376d912945053f743c79042392d6a11ce089a2d71c37c156ec248-39265bab4519cfb34edf47aa66313d57d25b7443487cad10b7e7fa5c17b49f47.nt"",""metadata_path"":""/mnt/nfs/home/ac145595/workspace/rq3-artifacts/circuits/oxigraph-100m/3a9de4be91a376d912945053f743c79042392d6a11ce089a2d71c37c156ec248-39265bab4519cfb34edf47aa66313d57d25b7443487cad10b7e7fa5c17b49f47.json"",""producer_observation_sha256"":""8faa598867695d0d07dd4f3a078325519319729450159447d22df15504bf5c5d"",""sidecar_sha256"":""e0527e436b4b5d21cbc205d697c211e5757aa2621280709fa0571974cb8cc81d"",""commit"":""3c11adf4c5538c2011f57f74c64446d508f52d17"",""batch_id"":""29141245f8c12745841f2d0c15bdd458482dab79f0f92abb8b99d16395db1f8c"",""query_sha256"":""3a9de4be91a376d912945053f743c79042392d6a11ce089a2d71c37c156ec248"",""engine"":""oxigraph"",""engine_version"":""Oxigraph [engines.json profile]"",""scale"":""100M"",""base_endpoint_sha256"":""c9e65564945d8df3e6db347909ce749b23a5ceaa40b5bfbce825a1c78035ad60"",""reified_endpoint_sha256"":""9d75166c957de49226a016f8a64c1ef26fa5fb5aae4efed67a9ee6460103a803"",""update_endpoint_sha256"":""a8297913a408e55f541b6c7801716a469203e2ac506de1de3b4285a47b345bae"",""base_data_identity_sha256"":""8a988dc83f4082a4f27503ba2906dc6b8733b3c02be567635c726c67bbd48314"",""reified_data_identity_sha256"":""16162702ccec82b2a0e27063cd04bd756a27af1f003b4cef0da976d843ef4725"",""update_for"":""reified"",""access_mode"":""writable"",""base_data_name"":""exploratory-base"",""reified_data_name"":""exploratory-reified"",""update_canary_sha256"":""41997fb8640d9e765a0272879a63548eb9bd46bbf6e49da02b7c924e506b94f7"",""store_instance_sha256"":""735ac62b30e8a3e73b850ea02c7ab19c17b1289095d95961d66c9b3270bcea6a"",""store_discriminator_sha256"":""2e884d94ace185d62b1b91debf493ccd0a69b83d08e74cf5f1c2be4851b14215"",""tool_sha256"":""7b43c2342d7676aa65cc9ee233b2184c9eae88f2663874af7ab1b83282f94ab4"",""java_runtime_sha256"":""6ffd10b28ab050230cdc1137f0bd16155c3a7c587add7fbe921d985fa92879fe"",""run_identity_sha256"":""6f6afecb83deb29b30b37ca1955e6cdec3ff1c3d9ed8ee6d49375289cfe1edbc""}"
3c11adf4c5538c2011f57f74c64446d508f52d17,oxigraph,Oxigraph [engines.json profile],100M,S,S7,00,6c8f2b502c6afedd00f5544bb49e027212b77b9a59795ef8c9b65d12c3234eb1,C,SPARQLcirc CircuitRewriter,ok,2,1167592.2,1167592.2,1167592.2,1167592.2,0.0,0,1,1200.0,4676,0.9,4,8,2,,360.837924,[1167592.173],[0.897],0.0,[0.0],1167593.5,[1167593.51],0.4,[0.439],r9.2-frozen-identity-v9,29141245f8c12745841f2d0c15bdd458482dab79f0f92abb8b99d16395db1f8c,term-aware-candidate-set-v1,2,767e5b3df77b9e1bd24a1a9448f04c2d6e37147ee3a55f48af0d7da077568e8f,flat,flat,8425da70e1c9d730932bea9993e14383f7ccb9193996e9280ca42af45b367bba,/mnt/nfs/home/ac145595/workspace/rq3-artifacts/circuits/oxigraph-100m/6c8f2b502c6afedd00f5544bb49e027212b77b9a59795ef8c9b65d12c3234eb1-8425da70e1c9d730932bea9993e14383f7ccb9193996e9280ca42af45b367bba.nt,/mnt/nfs/home/ac145595/workspace/rq3-artifacts/circuits/oxigraph-100m/6c8f2b502c6afedd00f5544bb49e027212b77b9a59795ef8c9b65d12c3234eb1-8425da70e1c9d730932bea9993e14383f7ccb9193996e9280ca42af45b367bba.json,39095dca592f9a9e9d51e1ecdba7f02e927ea2e76454818e87374b1c4cc01ab6,a5327bfae61166db59a547201582572c9630210809de44d34fdc0de3c05d1af7,c9e65564945d8df3e6db347909ce749b23a5ceaa40b5bfbce825a1c78035ad60,9d75166c957de49226a016f8a64c1ef26fa5fb5aae4efed67a9ee6460103a803,a8297913a408e55f541b6c7801716a469203e2ac506de1de3b4285a47b345bae,8a988dc83f4082a4f27503ba2906dc6b8733b3c02be567635c726c67bbd48314,16162702ccec82b2a0e27063cd04bd756a27af1f003b4cef0da976d843ef4725,reified,writable,exploratory-base,exploratory-reified,41997fb8640d9e765a0272879a63548eb9bd46bbf6e49da02b7c924e506b94f7,735ac62b30e8a3e73b850ea02c7ab19c17b1289095d95961d66c9b3270bcea6a,2e884d94ace185d62b1b91debf493ccd0a69b83d08e74cf5f1c2be4851b14215,7b43c2342d7676aa65cc9ee233b2184c9eae88f2663874af7ab1b83282f94ab4,6ffd10b28ab050230cdc1137f0bd16155c3a7c587add7fbe921d985fa92879fe,,,,7c9d76aadab7997012ef5f95c5d5094d2b5dd0986b6909e48bc51ac46f30d9ab,"pcm-meta-v2:{""protocol"":""r9.2-frozen-identity-v9"",""message"":""C requested=flat effective=flat; steps=1 feedback=0; network includes CONSTRUCT, feedback INSERT, and cleanup DELETE"",""cell_wall_ms"":1167960.724,""answer_kind"":""term-aware-candidate-set-v1"",""answer_key_count"":2,""answer_fingerprint"":""767e5b3df77b9e1bd24a1a9448f04c2d6e37147ee3a55f48af0d7da077568e8f"",""c_parse_samples"":[0.897],""c_protocol_samples"":[{""requested_mode"":""flat"",""effective_mode"":""flat"",""fallback_reason"":null,""plan_steps"":1,""feedback_steps"":0,""feedback_triples"":0,""construct_query_ms"":1167592.173,""feedback_update_ms"":0.0,""cleanup_ms"":0.0,""client_protocol_ms"":0.0,""network_scope"":""construct+feedback+cleanup"",""circuit_sha256"":""8425da70e1c9d730932bea9993e14383f7ccb9193996e9280ca42af45b367bba"",""answer_fingerprint"":""767e5b3df77b9e1bd24a1a9448f04c2d6e37147ee3a55f48af0d7da077568e8f"",""semantic_signature_sha256"":""ca6b8e30dfc98cfe2104a04804244db3528ff88e62d49f6047f249f7ea6846dd"",""structure_signature"":{""gates"":4,""edges"":8,""answers"":2,""derivations"":2,""leaves"":6,""plus"":2,""minus"":0,""nodes"":10,""canonical_bytes"":4676},""construct_total_ms"":1167593.51,""client_unattributed_ms"":0.439}],""construct_total_samples"":[1167593.51],""construct_unattributed_samples"":[0.439],""status"":""ok"",""status_evidence"":null,""c_warmup_signatures"":[],""measured_semantic_signature_sha256"":""ca6b8e30dfc98cfe2104a04804244db3528ff88e62d49f6047f249f7ea6846dd"",""measured_repetitions_consistent"":true,""cache_snapshot_ms"":0.77,""cache_snapshot_scope"":""first-measured-response; deferred until all runs succeeded"",""outside_cell_cache_write_ms"":6.673,""endpoint_lock"":{""wait_ms"":0.003,""lock_path"":""/tmp/sparqlcirc-r9-endpoint-locks-v7/735ac62b30e8a3e73b850ea02c7ab19c17b1289095d95961d66c9b3270bcea6a.lock""},""construction_requested"":""flat"",""construction_effective"":""flat"",""circuit_sha256"":""8425da70e1c9d730932bea9993e14383f7ccb9193996e9280ca42af45b367bba"",""circuit_triples"":32,""circuit_bytes"":4676,""circuit_path"":""/mnt/nfs/home/ac145595/workspace/rq3-artifacts/circuits/oxigraph-100m/6c8f2b502c6afedd00f5544bb49e027212b77b9a59795ef8c9b65d12c3234eb1-8425da70e1c9d730932bea9993e14383f7ccb9193996e9280ca42af45b367bba.nt"",""metadata_path"":""/mnt/nfs/home/ac145595/workspace/rq3-artifacts/circuits/oxigraph-100m/6c8f2b502c6afedd00f5544bb49e027212b77b9a59795ef8c9b65d12c3234eb1-8425da70e1c9d730932bea9993e14383f7ccb9193996e9280ca42af45b367bba.json"",""producer_observation_sha256"":""39095dca592f9a9e9d51e1ecdba7f02e927ea2e76454818e87374b1c4cc01ab6"",""sidecar_sha256"":""a5327bfae61166db59a547201582572c9630210809de44d34fdc0de3c05d1af7"",""commit"":""3c11adf4c5538c2011f57f74c64446d508f52d17"",""batch_id"":""29141245f8c12745841f2d0c15bdd458482dab79f0f92abb8b99d16395db1f8c"",""query_sha256"":""6c8f2b502c6afedd00f5544bb49e027212b77b9a59795ef8c9b65d12c3234eb1"",""engine"":""oxigraph"",""engine_version"":""Oxigraph [engines.json profile]"",""scale"":""100M"",""base_endpoint_sha256"":""c9e65564945d8df3e6db347909ce749b23a5ceaa40b5bfbce825a1c78035ad60"",""reified_endpoint_sha256"":""9d75166c957de49226a016f8a64c1ef26fa5fb5aae4efed67a9ee6460103a803"",""update_endpoint_sha256"":""a8297913a408e55f541b6c7801716a469203e2ac506de1de3b4285a47b345bae"",""base_data_identity_sha256"":""8a988dc83f4082a4f27503ba2906dc6b8733b3c02be567635c726c67bbd48314"",""reified_data_identity_sha256"":""16162702ccec82b2a0e27063cd04bd756a27af1f003b4cef0da976d843ef4725"",""update_for"":""reified"",""access_mode"":""writable"",""base_data_name"":""exploratory-base"",""reified_data_name"":""exploratory-reified"",""update_canary_sha256"":""41997fb8640d9e765a0272879a63548eb9bd46bbf6e49da02b7c924e506b94f7"",""store_instance_sha256"":""735ac62b30e8a3e73b850ea02c7ab19c17b1289095d95961d66c9b3270bcea6a"",""store_discriminator_sha256"":""2e884d94ace185d62b1b91debf493ccd0a69b83d08e74cf5f1c2be4851b14215"",""tool_sha256"":""7b43c2342d7676aa65cc9ee233b2184c9eae88f2663874af7ab1b83282f94ab4"",""java_runtime_sha256"":""6ffd10b28ab050230cdc1137f0bd16155c3a7c587add7fbe921d985fa92879fe"",""run_identity_sha256"":""7c9d76aadab7997012ef5f95c5d5094d2b5dd0986b6909e48bc51ac46f30d9ab""}"
