commit,engine,engine_version,scale,class,template,instance,query_sha256,method,implementation,status,answers,median_ms,min_ms,max_ms,mean_ms,sd_ms,warmups,runs,timeout_s,response_bytes,c_parse_median_ms,gates,edges,derivations,npcs_token_occurrences,rewrite_ms,samples_json,c_parse_samples_json,c_protocol_median_ms,c_protocol_samples_json,construct_total_ms,construct_total_samples_json,construct_unattributed_median_ms,construct_unattributed_samples_json,protocol,batch_id,answer_kind,answer_key_count,answer_fingerprint,construction_requested,construction_effective,circuit_sha256,circuit_cache_path,circuit_cache_metadata_path,circuit_cache_observation_sha256,circuit_cache_sidecar_sha256,base_endpoint_sha256,reified_endpoint_sha256,update_endpoint_sha256,base_data_identity_sha256,reified_data_identity_sha256,update_for,access_mode,base_data_name,reified_data_name,update_canary_sha256,store_instance_sha256,store_discriminator_sha256,tool_sha256,java_runtime_sha256,npcs_oplus,npcs_ominus,npcs_leaves,run_identity_sha256,notes
d9e1b6cc1a4afff7a81c3e65b90bde9356ff9aa3,graphdb,GraphDB (RDF4J) [engines.json profile],10M,C,C1,00,ef8aa4a34b4e6f77cd2222ea98467b92ca1acc5ed05ba7efc6d7f7aff345f7a1,N,N_clean (NPCS reimplementation),ok,8,8805.3,8805.3,8805.3,8805.3,0.0,0,1,900.0,3439,0.0,,,,16,180.729634,[8805.263],[0.0],,[],,[],,[],r9.2-frozen-identity-v9,5e66981b47271e372e34b2648567c4697a76abcf68b458d64bcf49b24f8b8dcb,csv-candidate-multiset-v1,8,2aa8697f044a85e8591735da2d3fc3413e703bd161d3ffddf3e4ef943b78c10c,,,,,,,,d469fb81abed135738f704ddf57de41e98939ca5bbb2509a18a42b807368aa35,1dd1196abdf2d40865f5b4bc27acd5317de9ef00443776c930991278501566aa,84611d18787ae81d7e9fa8ea2c2cf2319e90db0620f009a8ca19b85486a57c7a,59fb59a04cd20e6dec9ee47cf1de02734068a3328cade998a3fc44a746054ea8,a42a308bd2c5294f3aa79a1a3b15804d4137fd68d7677d9adc037e257a217e76,reified,writable,exploratory-base,exploratory-reified,41997fb8640d9e765a0272879a63548eb9bd46bbf6e49da02b7c924e506b94f7,95f85b19db76321fdab33c70bb05485617743f83e3c9c07ce9e365b03fd9b106,f9ff8d30db2db1840ca1585b5598b1cf4d1d06ac2adb86a55b430669507fabff,7b43c2342d7676aa65cc9ee233b2184c9eae88f2663874af7ab1b83282f94ab4,6ffd10b28ab050230cdc1137f0bd16155c3a7c587add7fbe921d985fa92879fe,8,0,136,03c69809a66a62fa928a7c055b52c09f6561576f9c9e49929bc578cbbadf938d,"pcm-meta-v2:{""protocol"":""r9.2-frozen-identity-v9"",""message"":"""",""cell_wall_ms"":8993.388,""answer_kind"":""csv-candidate-multiset-v1"",""answer_key_count"":8,""answer_fingerprint"":""2aa8697f044a85e8591735da2d3fc3413e703bd161d3ffddf3e4ef943b78c10c"",""c_parse_samples"":[0.0],""c_protocol_samples"":[],""construct_total_samples"":[],""construct_unattributed_samples"":[],""status"":""ok"",""status_evidence"":null,""construction_requested"":null,""construction_effective"":null,""commit"":""d9e1b6cc1a4afff7a81c3e65b90bde9356ff9aa3"",""batch_id"":""5e66981b47271e372e34b2648567c4697a76abcf68b458d64bcf49b24f8b8dcb"",""query_sha256"":""ef8aa4a34b4e6f77cd2222ea98467b92ca1acc5ed05ba7efc6d7f7aff345f7a1"",""engine"":""graphdb"",""engine_version"":""GraphDB (RDF4J) [engines.json profile]"",""scale"":""10M"",""base_endpoint_sha256"":""d469fb81abed135738f704ddf57de41e98939ca5bbb2509a18a42b807368aa35"",""reified_endpoint_sha256"":""1dd1196abdf2d40865f5b4bc27acd5317de9ef00443776c930991278501566aa"",""update_endpoint_sha256"":""84611d18787ae81d7e9fa8ea2c2cf2319e90db0620f009a8ca19b85486a57c7a"",""base_data_identity_sha256"":""59fb59a04cd20e6dec9ee47cf1de02734068a3328cade998a3fc44a746054ea8"",""reified_data_identity_sha256"":""a42a308bd2c5294f3aa79a1a3b15804d4137fd68d7677d9adc037e257a217e76"",""update_for"":""reified"",""access_mode"":""writable"",""base_data_name"":""exploratory-base"",""reified_data_name"":""exploratory-reified"",""update_canary_sha256"":""41997fb8640d9e765a0272879a63548eb9bd46bbf6e49da02b7c924e506b94f7"",""store_instance_sha256"":""95f85b19db76321fdab33c70bb05485617743f83e3c9c07ce9e365b03fd9b106"",""store_discriminator_sha256"":""f9ff8d30db2db1840ca1585b5598b1cf4d1d06ac2adb86a55b430669507fabff"",""tool_sha256"":""7b43c2342d7676aa65cc9ee233b2184c9eae88f2663874af7ab1b83282f94ab4"",""java_runtime_sha256"":""6ffd10b28ab050230cdc1137f0bd16155c3a7c587add7fbe921d985fa92879fe"",""run_identity_sha256"":""03c69809a66a62fa928a7c055b52c09f6561576f9c9e49929bc578cbbadf938d""}"
d9e1b6cc1a4afff7a81c3e65b90bde9356ff9aa3,graphdb,GraphDB (RDF4J) [engines.json profile],10M,C,C1,00,ef8aa4a34b4e6f77cd2222ea98467b92ca1acc5ed05ba7efc6d7f7aff345f7a1,C,SPARQLcirc CircuitRewriter,ok,8,4094.1,4094.1,4094.1,4094.1,0.0,0,1,900.0,36404,3.8,24,144,16,,386.02014,[4094.073],[3.819],0.0,[0.0],4098.4,[4098.375],0.5,[0.483],r9.2-frozen-identity-v9,5e66981b47271e372e34b2648567c4697a76abcf68b458d64bcf49b24f8b8dcb,term-aware-candidate-set-v1,8,148f586f826f86731d863be0033f07c788fd995db05e0da27d871de604f13832,flat,flat,845479a590bc00816fb258069fdf18f49832f09daeaee051d6016045ebe08104,/mnt/nfs/home/ac145595/workspace/rq3-artifacts/circuits/rq2-flat-10m/ef8aa4a34b4e6f77cd2222ea98467b92ca1acc5ed05ba7efc6d7f7aff345f7a1-845479a590bc00816fb258069fdf18f49832f09daeaee051d6016045ebe08104.nt,/mnt/nfs/home/ac145595/workspace/rq3-artifacts/circuits/rq2-flat-10m/ef8aa4a34b4e6f77cd2222ea98467b92ca1acc5ed05ba7efc6d7f7aff345f7a1-845479a590bc00816fb258069fdf18f49832f09daeaee051d6016045ebe08104.json,f8d4e11699e9994c92f9611c749ec7dfe0a920cf5e3fb905651c532a20aa9db2,06685b83430a65d3f27c13dbe3ed9db8b503e180e9c7496647a59cc204388ff7,d469fb81abed135738f704ddf57de41e98939ca5bbb2509a18a42b807368aa35,1dd1196abdf2d40865f5b4bc27acd5317de9ef00443776c930991278501566aa,84611d18787ae81d7e9fa8ea2c2cf2319e90db0620f009a8ca19b85486a57c7a,59fb59a04cd20e6dec9ee47cf1de02734068a3328cade998a3fc44a746054ea8,a42a308bd2c5294f3aa79a1a3b15804d4137fd68d7677d9adc037e257a217e76,reified,writable,exploratory-base,exploratory-reified,41997fb8640d9e765a0272879a63548eb9bd46bbf6e49da02b7c924e506b94f7,95f85b19db76321fdab33c70bb05485617743f83e3c9c07ce9e365b03fd9b106,f9ff8d30db2db1840ca1585b5598b1cf4d1d06ac2adb86a55b430669507fabff,7b43c2342d7676aa65cc9ee233b2184c9eae88f2663874af7ab1b83282f94ab4,6ffd10b28ab050230cdc1137f0bd16155c3a7c587add7fbe921d985fa92879fe,,,,03c69809a66a62fa928a7c055b52c09f6561576f9c9e49929bc578cbbadf938d,"pcm-meta-v2:{""protocol"":""r9.2-frozen-identity-v9"",""message"":""C requested=flat effective=flat; steps=1 feedback=0; network includes CONSTRUCT, feedback INSERT, and cleanup DELETE"",""cell_wall_ms"":4490.306,""answer_kind"":""term-aware-candidate-set-v1"",""answer_key_count"":8,""answer_fingerprint"":""148f586f826f86731d863be0033f07c788fd995db05e0da27d871de604f13832"",""c_parse_samples"":[3.819],""c_protocol_samples"":[{""requested_mode"":""flat"",""effective_mode"":""flat"",""fallback_reason"":null,""plan_steps"":1,""feedback_steps"":0,""feedback_triples"":0,""construct_query_ms"":4094.073,""feedback_update_ms"":0.0,""cleanup_ms"":0.0,""client_protocol_ms"":0.0,""network_scope"":""construct+feedback+cleanup"",""circuit_sha256"":""845479a590bc00816fb258069fdf18f49832f09daeaee051d6016045ebe08104"",""answer_fingerprint"":""148f586f826f86731d863be0033f07c788fd995db05e0da27d871de604f13832"",""semantic_signature_sha256"":""6f264acaf5f2209184ffb69753433182d0e816ddb1bac1878675f85a9d6a7ac0"",""structure_signature"":{""gates"":24,""edges"":144,""answers"":8,""derivations"":16,""leaves"":60,""plus"":8,""minus"":0,""nodes"":84,""canonical_bytes"":36404},""construct_total_ms"":4098.375,""client_unattributed_ms"":0.483}],""construct_total_samples"":[4098.375],""construct_unattributed_samples"":[0.483],""status"":""ok"",""status_evidence"":null,""c_warmup_signatures"":[],""measured_semantic_signature_sha256"":""6f264acaf5f2209184ffb69753433182d0e816ddb1bac1878675f85a9d6a7ac0"",""measured_repetitions_consistent"":true,""cache_snapshot_ms"":1.378,""cache_snapshot_scope"":""first-measured-response; deferred until all runs succeeded"",""outside_cell_cache_write_ms"":6.378,""endpoint_lock"":{""wait_ms"":0.008,""lock_path"":""/tmp/sparqlcirc-r9-endpoint-locks-v7/95f85b19db76321fdab33c70bb05485617743f83e3c9c07ce9e365b03fd9b106.lock""},""construction_requested"":""flat"",""construction_effective"":""flat"",""circuit_sha256"":""845479a590bc00816fb258069fdf18f49832f09daeaee051d6016045ebe08104"",""circuit_triples"":272,""circuit_bytes"":36404,""circuit_path"":""/mnt/nfs/home/ac145595/workspace/rq3-artifacts/circuits/rq2-flat-10m/ef8aa4a34b4e6f77cd2222ea98467b92ca1acc5ed05ba7efc6d7f7aff345f7a1-845479a590bc00816fb258069fdf18f49832f09daeaee051d6016045ebe08104.nt"",""metadata_path"":""/mnt/nfs/home/ac145595/workspace/rq3-artifacts/circuits/rq2-flat-10m/ef8aa4a34b4e6f77cd2222ea98467b92ca1acc5ed05ba7efc6d7f7aff345f7a1-845479a590bc00816fb258069fdf18f49832f09daeaee051d6016045ebe08104.json"",""producer_observation_sha256"":""f8d4e11699e9994c92f9611c749ec7dfe0a920cf5e3fb905651c532a20aa9db2"",""sidecar_sha256"":""06685b83430a65d3f27c13dbe3ed9db8b503e180e9c7496647a59cc204388ff7"",""commit"":""d9e1b6cc1a4afff7a81c3e65b90bde9356ff9aa3"",""batch_id"":""5e66981b47271e372e34b2648567c4697a76abcf68b458d64bcf49b24f8b8dcb"",""query_sha256"":""ef8aa4a34b4e6f77cd2222ea98467b92ca1acc5ed05ba7efc6d7f7aff345f7a1"",""engine"":""graphdb"",""engine_version"":""GraphDB (RDF4J) [engines.json profile]"",""scale"":""10M"",""base_endpoint_sha256"":""d469fb81abed135738f704ddf57de41e98939ca5bbb2509a18a42b807368aa35"",""reified_endpoint_sha256"":""1dd1196abdf2d40865f5b4bc27acd5317de9ef00443776c930991278501566aa"",""update_endpoint_sha256"":""84611d18787ae81d7e9fa8ea2c2cf2319e90db0620f009a8ca19b85486a57c7a"",""base_data_identity_sha256"":""59fb59a04cd20e6dec9ee47cf1de02734068a3328cade998a3fc44a746054ea8"",""reified_data_identity_sha256"":""a42a308bd2c5294f3aa79a1a3b15804d4137fd68d7677d9adc037e257a217e76"",""update_for"":""reified"",""access_mode"":""writable"",""base_data_name"":""exploratory-base"",""reified_data_name"":""exploratory-reified"",""update_canary_sha256"":""41997fb8640d9e765a0272879a63548eb9bd46bbf6e49da02b7c924e506b94f7"",""store_instance_sha256"":""95f85b19db76321fdab33c70bb05485617743f83e3c9c07ce9e365b03fd9b106"",""store_discriminator_sha256"":""f9ff8d30db2db1840ca1585b5598b1cf4d1d06ac2adb86a55b430669507fabff"",""tool_sha256"":""7b43c2342d7676aa65cc9ee233b2184c9eae88f2663874af7ab1b83282f94ab4"",""java_runtime_sha256"":""6ffd10b28ab050230cdc1137f0bd16155c3a7c587add7fbe921d985fa92879fe"",""run_identity_sha256"":""03c69809a66a62fa928a7c055b52c09f6561576f9c9e49929bc578cbbadf938d""}"
d9e1b6cc1a4afff7a81c3e65b90bde9356ff9aa3,graphdb,GraphDB (RDF4J) [engines.json profile],10M,C,C2,00,3a541db29afdc134602c70294332f99a26badf7d0abb258173084dcef59f3af1,N,N_clean (NPCS reimplementation),ok,0,1261.8,1261.8,1261.8,1261.8,0.0,0,1,900.0,37,0.0,,,,0,181.705042,[1261.814],[0.0],,[],,[],,[],r9.2-frozen-identity-v9,5e66981b47271e372e34b2648567c4697a76abcf68b458d64bcf49b24f8b8dcb,csv-candidate-multiset-v1,0,4f53cda18c2baa0c0354bb5f9a3ecbe5ed12ab4d8e11ba873c2f11161202b945,,,,,,,,d469fb81abed135738f704ddf57de41e98939ca5bbb2509a18a42b807368aa35,1dd1196abdf2d40865f5b4bc27acd5317de9ef00443776c930991278501566aa,84611d18787ae81d7e9fa8ea2c2cf2319e90db0620f009a8ca19b85486a57c7a,59fb59a04cd20e6dec9ee47cf1de02734068a3328cade998a3fc44a746054ea8,a42a308bd2c5294f3aa79a1a3b15804d4137fd68d7677d9adc037e257a217e76,reified,writable,exploratory-base,exploratory-reified,41997fb8640d9e765a0272879a63548eb9bd46bbf6e49da02b7c924e506b94f7,95f85b19db76321fdab33c70bb05485617743f83e3c9c07ce9e365b03fd9b106,f9ff8d30db2db1840ca1585b5598b1cf4d1d06ac2adb86a55b430669507fabff,7b43c2342d7676aa65cc9ee233b2184c9eae88f2663874af7ab1b83282f94ab4,6ffd10b28ab050230cdc1137f0bd16155c3a7c587add7fbe921d985fa92879fe,0,0,0,01a9c10dae55f2e886723923523f775c8376c6775932a21c6a4b34d9029646e5,"pcm-meta-v2:{""protocol"":""r9.2-frozen-identity-v9"",""message"":"""",""cell_wall_ms"":1449.883,""answer_kind"":""csv-candidate-multiset-v1"",""answer_key_count"":0,""answer_fingerprint"":""4f53cda18c2baa0c0354bb5f9a3ecbe5ed12ab4d8e11ba873c2f11161202b945"",""c_parse_samples"":[0.0],""c_protocol_samples"":[],""construct_total_samples"":[],""construct_unattributed_samples"":[],""status"":""ok"",""status_evidence"":null,""construction_requested"":null,""construction_effective"":null,""commit"":""d9e1b6cc1a4afff7a81c3e65b90bde9356ff9aa3"",""batch_id"":""5e66981b47271e372e34b2648567c4697a76abcf68b458d64bcf49b24f8b8dcb"",""query_sha256"":""3a541db29afdc134602c70294332f99a26badf7d0abb258173084dcef59f3af1"",""engine"":""graphdb"",""engine_version"":""GraphDB (RDF4J) [engines.json profile]"",""scale"":""10M"",""base_endpoint_sha256"":""d469fb81abed135738f704ddf57de41e98939ca5bbb2509a18a42b807368aa35"",""reified_endpoint_sha256"":""1dd1196abdf2d40865f5b4bc27acd5317de9ef00443776c930991278501566aa"",""update_endpoint_sha256"":""84611d18787ae81d7e9fa8ea2c2cf2319e90db0620f009a8ca19b85486a57c7a"",""base_data_identity_sha256"":""59fb59a04cd20e6dec9ee47cf1de02734068a3328cade998a3fc44a746054ea8"",""reified_data_identity_sha256"":""a42a308bd2c5294f3aa79a1a3b15804d4137fd68d7677d9adc037e257a217e76"",""update_for"":""reified"",""access_mode"":""writable"",""base_data_name"":""exploratory-base"",""reified_data_name"":""exploratory-reified"",""update_canary_sha256"":""41997fb8640d9e765a0272879a63548eb9bd46bbf6e49da02b7c924e506b94f7"",""store_instance_sha256"":""95f85b19db76321fdab33c70bb05485617743f83e3c9c07ce9e365b03fd9b106"",""store_discriminator_sha256"":""f9ff8d30db2db1840ca1585b5598b1cf4d1d06ac2adb86a55b430669507fabff"",""tool_sha256"":""7b43c2342d7676aa65cc9ee233b2184c9eae88f2663874af7ab1b83282f94ab4"",""java_runtime_sha256"":""6ffd10b28ab050230cdc1137f0bd16155c3a7c587add7fbe921d985fa92879fe"",""run_identity_sha256"":""01a9c10dae55f2e886723923523f775c8376c6775932a21c6a4b34d9029646e5""}"
d9e1b6cc1a4afff7a81c3e65b90bde9356ff9aa3,graphdb,GraphDB (RDF4J) [engines.json profile],10M,C,C2,00,3a541db29afdc134602c70294332f99a26badf7d0abb258173084dcef59f3af1,C,SPARQLcirc CircuitRewriter,ok,0,15054.9,15054.9,15054.9,15054.9,0.0,0,1,900.0,0,0.3,0,0,0,,417.703947,[15054.897],[0.267],0.0,[0.0],15055.6,[15055.587],0.4,[0.422],r9.2-frozen-identity-v9,5e66981b47271e372e34b2648567c4697a76abcf68b458d64bcf49b24f8b8dcb,term-aware-candidate-set-v1,0,4f53cda18c2baa0c0354bb5f9a3ecbe5ed12ab4d8e11ba873c2f11161202b945,flat,flat,e3b0c44298fc1c149afbf4c8996fb92427ae41e4649b934ca495991b7852b855,/mnt/nfs/home/ac145595/workspace/rq3-artifacts/circuits/rq2-flat-10m/3a541db29afdc134602c70294332f99a26badf7d0abb258173084dcef59f3af1-e3b0c44298fc1c149afbf4c8996fb92427ae41e4649b934ca495991b7852b855.nt,/mnt/nfs/home/ac145595/workspace/rq3-artifacts/circuits/rq2-flat-10m/3a541db29afdc134602c70294332f99a26badf7d0abb258173084dcef59f3af1-e3b0c44298fc1c149afbf4c8996fb92427ae41e4649b934ca495991b7852b855.json,f126cc9db6f993a5917963bc590623982b99b5c5334d60253ff746df764f097a,ba2b599110cf49c2dd62b938b8388e0e163d87336cb0067d24d36f72c8830846,d469fb81abed135738f704ddf57de41e98939ca5bbb2509a18a42b807368aa35,1dd1196abdf2d40865f5b4bc27acd5317de9ef00443776c930991278501566aa,84611d18787ae81d7e9fa8ea2c2cf2319e90db0620f009a8ca19b85486a57c7a,59fb59a04cd20e6dec9ee47cf1de02734068a3328cade998a3fc44a746054ea8,a42a308bd2c5294f3aa79a1a3b15804d4137fd68d7677d9adc037e257a217e76,reified,writable,exploratory-base,exploratory-reified,41997fb8640d9e765a0272879a63548eb9bd46bbf6e49da02b7c924e506b94f7,95f85b19db76321fdab33c70bb05485617743f83e3c9c07ce9e365b03fd9b106,f9ff8d30db2db1840ca1585b5598b1cf4d1d06ac2adb86a55b430669507fabff,7b43c2342d7676aa65cc9ee233b2184c9eae88f2663874af7ab1b83282f94ab4,6ffd10b28ab050230cdc1137f0bd16155c3a7c587add7fbe921d985fa92879fe,,,,01a9c10dae55f2e886723923523f775c8376c6775932a21c6a4b34d9029646e5,"pcm-meta-v2:{""protocol"":""r9.2-frozen-identity-v9"",""message"":""C requested=flat effective=flat; steps=1 feedback=0; network includes CONSTRUCT, feedback INSERT, and cleanup DELETE"",""cell_wall_ms"":15478.367,""answer_kind"":""term-aware-candidate-set-v1"",""answer_key_count"":0,""answer_fingerprint"":""4f53cda18c2baa0c0354bb5f9a3ecbe5ed12ab4d8e11ba873c2f11161202b945"",""c_parse_samples"":[0.267],""c_protocol_samples"":[{""requested_mode"":""flat"",""effective_mode"":""flat"",""fallback_reason"":null,""plan_steps"":1,""feedback_steps"":0,""feedback_triples"":0,""construct_query_ms"":15054.897,""feedback_update_ms"":0.0,""cleanup_ms"":0.0,""client_protocol_ms"":0.0,""network_scope"":""construct+feedback+cleanup"",""circuit_sha256"":""e3b0c44298fc1c149afbf4c8996fb92427ae41e4649b934ca495991b7852b855"",""answer_fingerprint"":""4f53cda18c2baa0c0354bb5f9a3ecbe5ed12ab4d8e11ba873c2f11161202b945"",""semantic_signature_sha256"":""7eea907cbd285de64aa74718ac862e33969a57c7b83810a40d6c52597681b4b3"",""structure_signature"":{""gates"":0,""edges"":0,""answers"":0,""derivations"":0,""leaves"":0,""plus"":0,""minus"":0,""nodes"":0,""canonical_bytes"":0},""construct_total_ms"":15055.587,""client_unattributed_ms"":0.422}],""construct_total_samples"":[15055.587],""construct_unattributed_samples"":[0.422],""status"":""ok"",""status_evidence"":null,""c_warmup_signatures"":[],""measured_semantic_signature_sha256"":""7eea907cbd285de64aa74718ac862e33969a57c7b83810a40d6c52597681b4b3"",""measured_repetitions_consistent"":true,""cache_snapshot_ms"":0.553,""cache_snapshot_scope"":""first-measured-response; deferred until all runs succeeded"",""outside_cell_cache_write_ms"":4.702,""endpoint_lock"":{""wait_ms"":0.007,""lock_path"":""/tmp/sparqlcirc-r9-endpoint-locks-v7/95f85b19db76321fdab33c70bb05485617743f83e3c9c07ce9e365b03fd9b106.lock""},""construction_requested"":""flat"",""construction_effective"":""flat"",""circuit_sha256"":""e3b0c44298fc1c149afbf4c8996fb92427ae41e4649b934ca495991b7852b855"",""circuit_triples"":0,""circuit_bytes"":0,""circuit_path"":""/mnt/nfs/home/ac145595/workspace/rq3-artifacts/circuits/rq2-flat-10m/3a541db29afdc134602c70294332f99a26badf7d0abb258173084dcef59f3af1-e3b0c44298fc1c149afbf4c8996fb92427ae41e4649b934ca495991b7852b855.nt"",""metadata_path"":""/mnt/nfs/home/ac145595/workspace/rq3-artifacts/circuits/rq2-flat-10m/3a541db29afdc134602c70294332f99a26badf7d0abb258173084dcef59f3af1-e3b0c44298fc1c149afbf4c8996fb92427ae41e4649b934ca495991b7852b855.json"",""producer_observation_sha256"":""f126cc9db6f993a5917963bc590623982b99b5c5334d60253ff746df764f097a"",""sidecar_sha256"":""ba2b599110cf49c2dd62b938b8388e0e163d87336cb0067d24d36f72c8830846"",""commit"":""d9e1b6cc1a4afff7a81c3e65b90bde9356ff9aa3"",""batch_id"":""5e66981b47271e372e34b2648567c4697a76abcf68b458d64bcf49b24f8b8dcb"",""query_sha256"":""3a541db29afdc134602c70294332f99a26badf7d0abb258173084dcef59f3af1"",""engine"":""graphdb"",""engine_version"":""GraphDB (RDF4J) [engines.json profile]"",""scale"":""10M"",""base_endpoint_sha256"":""d469fb81abed135738f704ddf57de41e98939ca5bbb2509a18a42b807368aa35"",""reified_endpoint_sha256"":""1dd1196abdf2d40865f5b4bc27acd5317de9ef00443776c930991278501566aa"",""update_endpoint_sha256"":""84611d18787ae81d7e9fa8ea2c2cf2319e90db0620f009a8ca19b85486a57c7a"",""base_data_identity_sha256"":""59fb59a04cd20e6dec9ee47cf1de02734068a3328cade998a3fc44a746054ea8"",""reified_data_identity_sha256"":""a42a308bd2c5294f3aa79a1a3b15804d4137fd68d7677d9adc037e257a217e76"",""update_for"":""reified"",""access_mode"":""writable"",""base_data_name"":""exploratory-base"",""reified_data_name"":""exploratory-reified"",""update_canary_sha256"":""41997fb8640d9e765a0272879a63548eb9bd46bbf6e49da02b7c924e506b94f7"",""store_instance_sha256"":""95f85b19db76321fdab33c70bb05485617743f83e3c9c07ce9e365b03fd9b106"",""store_discriminator_sha256"":""f9ff8d30db2db1840ca1585b5598b1cf4d1d06ac2adb86a55b430669507fabff"",""tool_sha256"":""7b43c2342d7676aa65cc9ee233b2184c9eae88f2663874af7ab1b83282f94ab4"",""java_runtime_sha256"":""6ffd10b28ab050230cdc1137f0bd16155c3a7c587add7fbe921d985fa92879fe"",""run_identity_sha256"":""01a9c10dae55f2e886723923523f775c8376c6775932a21c6a4b34d9029646e5""}"
d9e1b6cc1a4afff7a81c3e65b90bde9356ff9aa3,graphdb,GraphDB (RDF4J) [engines.json profile],10M,C,C3,00,8b244b13319b822a74e59eeb13abb60bb762b2e191e1bf3198b102b93135f740,N,N_clean (NPCS reimplementation),timeout,,,,,,,0,1,900.0,,,,,,,180.186349,[],[],,[],,[],,[],r9.2-frozen-identity-v9,5e66981b47271e372e34b2648567c4697a76abcf68b458d64bcf49b24f8b8dcb,,,,,,,,,,,d469fb81abed135738f704ddf57de41e98939ca5bbb2509a18a42b807368aa35,1dd1196abdf2d40865f5b4bc27acd5317de9ef00443776c930991278501566aa,84611d18787ae81d7e9fa8ea2c2cf2319e90db0620f009a8ca19b85486a57c7a,59fb59a04cd20e6dec9ee47cf1de02734068a3328cade998a3fc44a746054ea8,a42a308bd2c5294f3aa79a1a3b15804d4137fd68d7677d9adc037e257a217e76,reified,writable,exploratory-base,exploratory-reified,41997fb8640d9e765a0272879a63548eb9bd46bbf6e49da02b7c924e506b94f7,95f85b19db76321fdab33c70bb05485617743f83e3c9c07ce9e365b03fd9b106,f9ff8d30db2db1840ca1585b5598b1cf4d1d06ac2adb86a55b430669507fabff,7b43c2342d7676aa65cc9ee233b2184c9eae88f2663874af7ab1b83282f94ab4,6ffd10b28ab050230cdc1137f0bd16155c3a7c587add7fbe921d985fa92879fe,,,,58808a9117047a7b45113a71ef30619d76ff508400d4445f109135413f977c36,"pcm-meta-v2:{""protocol"":""r9.2-frozen-identity-v9"",""message"":""whole cell exceeded 900s hard deadline; worker reaped"",""cell_wall_ms"":900000.0,""c_parse_samples"":[],""c_protocol_samples"":[],""construct_total_samples"":[],""construct_unattributed_samples"":[],""status"":""timeout"",""status_evidence"":{""kind"":""hard-wall-deadline"",""message"":""whole cell exceeded 900s hard deadline; worker reaped""},""construction_requested"":null,""construction_effective"":null,""commit"":""d9e1b6cc1a4afff7a81c3e65b90bde9356ff9aa3"",""batch_id"":""5e66981b47271e372e34b2648567c4697a76abcf68b458d64bcf49b24f8b8dcb"",""query_sha256"":""8b244b13319b822a74e59eeb13abb60bb762b2e191e1bf3198b102b93135f740"",""engine"":""graphdb"",""engine_version"":""GraphDB (RDF4J) [engines.json profile]"",""scale"":""10M"",""base_endpoint_sha256"":""d469fb81abed135738f704ddf57de41e98939ca5bbb2509a18a42b807368aa35"",""reified_endpoint_sha256"":""1dd1196abdf2d40865f5b4bc27acd5317de9ef00443776c930991278501566aa"",""update_endpoint_sha256"":""84611d18787ae81d7e9fa8ea2c2cf2319e90db0620f009a8ca19b85486a57c7a"",""base_data_identity_sha256"":""59fb59a04cd20e6dec9ee47cf1de02734068a3328cade998a3fc44a746054ea8"",""reified_data_identity_sha256"":""a42a308bd2c5294f3aa79a1a3b15804d4137fd68d7677d9adc037e257a217e76"",""update_for"":""reified"",""access_mode"":""writable"",""base_data_name"":""exploratory-base"",""reified_data_name"":""exploratory-reified"",""update_canary_sha256"":""41997fb8640d9e765a0272879a63548eb9bd46bbf6e49da02b7c924e506b94f7"",""store_instance_sha256"":""95f85b19db76321fdab33c70bb05485617743f83e3c9c07ce9e365b03fd9b106"",""store_discriminator_sha256"":""f9ff8d30db2db1840ca1585b5598b1cf4d1d06ac2adb86a55b430669507fabff"",""tool_sha256"":""7b43c2342d7676aa65cc9ee233b2184c9eae88f2663874af7ab1b83282f94ab4"",""java_runtime_sha256"":""6ffd10b28ab050230cdc1137f0bd16155c3a7c587add7fbe921d985fa92879fe"",""run_identity_sha256"":""58808a9117047a7b45113a71ef30619d76ff508400d4445f109135413f977c36""}"
d9e1b6cc1a4afff7a81c3e65b90bde9356ff9aa3,graphdb,GraphDB (RDF4J) [engines.json profile],10M,C,C3,00,8b244b13319b822a74e59eeb13abb60bb762b2e191e1bf3198b102b93135f740,C,SPARQLcirc CircuitRewriter,timeout,,,,,,,0,1,900.0,,,,,,,368.413628,[],[],,[],,[],,[],r9.2-frozen-identity-v9,5e66981b47271e372e34b2648567c4697a76abcf68b458d64bcf49b24f8b8dcb,,,,,,,,,,,d469fb81abed135738f704ddf57de41e98939ca5bbb2509a18a42b807368aa35,1dd1196abdf2d40865f5b4bc27acd5317de9ef00443776c930991278501566aa,84611d18787ae81d7e9fa8ea2c2cf2319e90db0620f009a8ca19b85486a57c7a,59fb59a04cd20e6dec9ee47cf1de02734068a3328cade998a3fc44a746054ea8,a42a308bd2c5294f3aa79a1a3b15804d4137fd68d7677d9adc037e257a217e76,reified,writable,exploratory-base,exploratory-reified,41997fb8640d9e765a0272879a63548eb9bd46bbf6e49da02b7c924e506b94f7,95f85b19db76321fdab33c70bb05485617743f83e3c9c07ce9e365b03fd9b106,f9ff8d30db2db1840ca1585b5598b1cf4d1d06ac2adb86a55b430669507fabff,7b43c2342d7676aa65cc9ee233b2184c9eae88f2663874af7ab1b83282f94ab4,6ffd10b28ab050230cdc1137f0bd16155c3a7c587add7fbe921d985fa92879fe,,,,58808a9117047a7b45113a71ef30619d76ff508400d4445f109135413f977c36,"pcm-meta-v2:{""protocol"":""r9.2-frozen-identity-v9"",""message"":""whole cell exceeded 900s hard deadline; worker reaped"",""cell_wall_ms"":900000.0,""c_parse_samples"":[],""c_protocol_samples"":[],""construct_total_samples"":[],""construct_unattributed_samples"":[],""status"":""timeout"",""status_evidence"":{""kind"":""hard-wall-deadline"",""message"":""whole cell exceeded 900s hard deadline; worker reaped""},""endpoint_lock"":{""wait_ms"":0.007,""lock_path"":""/tmp/sparqlcirc-r9-endpoint-locks-v7/95f85b19db76321fdab33c70bb05485617743f83e3c9c07ce9e365b03fd9b106.lock""},""construction_requested"":null,""construction_effective"":null,""commit"":""d9e1b6cc1a4afff7a81c3e65b90bde9356ff9aa3"",""batch_id"":""5e66981b47271e372e34b2648567c4697a76abcf68b458d64bcf49b24f8b8dcb"",""query_sha256"":""8b244b13319b822a74e59eeb13abb60bb762b2e191e1bf3198b102b93135f740"",""engine"":""graphdb"",""engine_version"":""GraphDB (RDF4J) [engines.json profile]"",""scale"":""10M"",""base_endpoint_sha256"":""d469fb81abed135738f704ddf57de41e98939ca5bbb2509a18a42b807368aa35"",""reified_endpoint_sha256"":""1dd1196abdf2d40865f5b4bc27acd5317de9ef00443776c930991278501566aa"",""update_endpoint_sha256"":""84611d18787ae81d7e9fa8ea2c2cf2319e90db0620f009a8ca19b85486a57c7a"",""base_data_identity_sha256"":""59fb59a04cd20e6dec9ee47cf1de02734068a3328cade998a3fc44a746054ea8"",""reified_data_identity_sha256"":""a42a308bd2c5294f3aa79a1a3b15804d4137fd68d7677d9adc037e257a217e76"",""update_for"":""reified"",""access_mode"":""writable"",""base_data_name"":""exploratory-base"",""reified_data_name"":""exploratory-reified"",""update_canary_sha256"":""41997fb8640d9e765a0272879a63548eb9bd46bbf6e49da02b7c924e506b94f7"",""store_instance_sha256"":""95f85b19db76321fdab33c70bb05485617743f83e3c9c07ce9e365b03fd9b106"",""store_discriminator_sha256"":""f9ff8d30db2db1840ca1585b5598b1cf4d1d06ac2adb86a55b430669507fabff"",""tool_sha256"":""7b43c2342d7676aa65cc9ee233b2184c9eae88f2663874af7ab1b83282f94ab4"",""java_runtime_sha256"":""6ffd10b28ab050230cdc1137f0bd16155c3a7c587add7fbe921d985fa92879fe"",""run_identity_sha256"":""58808a9117047a7b45113a71ef30619d76ff508400d4445f109135413f977c36""}"
d9e1b6cc1a4afff7a81c3e65b90bde9356ff9aa3,graphdb,GraphDB (RDF4J) [engines.json profile],10M,F,F1,00,ea28abd7edab939c7b50a1796279891f1fac09bdf37f31eb5fdf3df64891eaf4,N,N_clean (NPCS reimplementation),ok,2,604.8,604.8,604.8,604.8,0.0,0,1,900.0,995,0.0,,,,2,229.798488,[604.81],[0.0],,[],,[],,[],r9.2-frozen-identity-v9,5e66981b47271e372e34b2648567c4697a76abcf68b458d64bcf49b24f8b8dcb,csv-candidate-multiset-v1,2,77e7a5ccf2c6cde8ebbebf5c9f70f6a39b63decac6384090b65cccdf96fa51a8,,,,,,,,d469fb81abed135738f704ddf57de41e98939ca5bbb2509a18a42b807368aa35,1dd1196abdf2d40865f5b4bc27acd5317de9ef00443776c930991278501566aa,84611d18787ae81d7e9fa8ea2c2cf2319e90db0620f009a8ca19b85486a57c7a,59fb59a04cd20e6dec9ee47cf1de02734068a3328cade998a3fc44a746054ea8,a42a308bd2c5294f3aa79a1a3b15804d4137fd68d7677d9adc037e257a217e76,reified,writable,exploratory-base,exploratory-reified,41997fb8640d9e765a0272879a63548eb9bd46bbf6e49da02b7c924e506b94f7,95f85b19db76321fdab33c70bb05485617743f83e3c9c07ce9e365b03fd9b106,f9ff8d30db2db1840ca1585b5598b1cf4d1d06ac2adb86a55b430669507fabff,7b43c2342d7676aa65cc9ee233b2184c9eae88f2663874af7ab1b83282f94ab4,6ffd10b28ab050230cdc1137f0bd16155c3a7c587add7fbe921d985fa92879fe,2,0,12,694125dfc9318e7dc6e5fe6e0d84ed2276690bd0eadfe7b33619b3f7f12c0a77,"pcm-meta-v2:{""protocol"":""r9.2-frozen-identity-v9"",""message"":"""",""cell_wall_ms"":866.478,""answer_kind"":""csv-candidate-multiset-v1"",""answer_key_count"":2,""answer_fingerprint"":""77e7a5ccf2c6cde8ebbebf5c9f70f6a39b63decac6384090b65cccdf96fa51a8"",""c_parse_samples"":[0.0],""c_protocol_samples"":[],""construct_total_samples"":[],""construct_unattributed_samples"":[],""status"":""ok"",""status_evidence"":null,""construction_requested"":null,""construction_effective"":null,""commit"":""d9e1b6cc1a4afff7a81c3e65b90bde9356ff9aa3"",""batch_id"":""5e66981b47271e372e34b2648567c4697a76abcf68b458d64bcf49b24f8b8dcb"",""query_sha256"":""ea28abd7edab939c7b50a1796279891f1fac09bdf37f31eb5fdf3df64891eaf4"",""engine"":""graphdb"",""engine_version"":""GraphDB (RDF4J) [engines.json profile]"",""scale"":""10M"",""base_endpoint_sha256"":""d469fb81abed135738f704ddf57de41e98939ca5bbb2509a18a42b807368aa35"",""reified_endpoint_sha256"":""1dd1196abdf2d40865f5b4bc27acd5317de9ef00443776c930991278501566aa"",""update_endpoint_sha256"":""84611d18787ae81d7e9fa8ea2c2cf2319e90db0620f009a8ca19b85486a57c7a"",""base_data_identity_sha256"":""59fb59a04cd20e6dec9ee47cf1de02734068a3328cade998a3fc44a746054ea8"",""reified_data_identity_sha256"":""a42a308bd2c5294f3aa79a1a3b15804d4137fd68d7677d9adc037e257a217e76"",""update_for"":""reified"",""access_mode"":""writable"",""base_data_name"":""exploratory-base"",""reified_data_name"":""exploratory-reified"",""update_canary_sha256"":""41997fb8640d9e765a0272879a63548eb9bd46bbf6e49da02b7c924e506b94f7"",""store_instance_sha256"":""95f85b19db76321fdab33c70bb05485617743f83e3c9c07ce9e365b03fd9b106"",""store_discriminator_sha256"":""f9ff8d30db2db1840ca1585b5598b1cf4d1d06ac2adb86a55b430669507fabff"",""tool_sha256"":""7b43c2342d7676aa65cc9ee233b2184c9eae88f2663874af7ab1b83282f94ab4"",""java_runtime_sha256"":""6ffd10b28ab050230cdc1137f0bd16155c3a7c587add7fbe921d985fa92879fe"",""run_identity_sha256"":""694125dfc9318e7dc6e5fe6e0d84ed2276690bd0eadfe7b33619b3f7f12c0a77""}"
d9e1b6cc1a4afff7a81c3e65b90bde9356ff9aa3,graphdb,GraphDB (RDF4J) [engines.json profile],10M,F,F1,00,ea28abd7edab939c7b50a1796279891f1fac09bdf37f31eb5fdf3df64891eaf4,C,SPARQLcirc CircuitRewriter,ok,2,235.9,235.9,235.9,235.9,0.0,0,1,900.0,7810,2.7,4,14,2,,403.442316,[235.93],[2.703],0.0,[0.0],239.5,[239.463],0.8,[0.83],r9.2-frozen-identity-v9,5e66981b47271e372e34b2648567c4697a76abcf68b458d64bcf49b24f8b8dcb,term-aware-candidate-set-v1,2,3a2e5be01fe09c3b9e3b1d93b8cbf11fb39a0835341a9b6067e9dac85f0b138d,flat,flat,09e7c60156880f2357369b964df9a1cb366ddb8b8ba7b4de03f6c4c7a2fbb0b1,/mnt/nfs/home/ac145595/workspace/rq3-artifacts/circuits/rq2-flat-10m/ea28abd7edab939c7b50a1796279891f1fac09bdf37f31eb5fdf3df64891eaf4-09e7c60156880f2357369b964df9a1cb366ddb8b8ba7b4de03f6c4c7a2fbb0b1.nt,/mnt/nfs/home/ac145595/workspace/rq3-artifacts/circuits/rq2-flat-10m/ea28abd7edab939c7b50a1796279891f1fac09bdf37f31eb5fdf3df64891eaf4-09e7c60156880f2357369b964df9a1cb366ddb8b8ba7b4de03f6c4c7a2fbb0b1.json,042f5817e17a644d4994eb1ecf86a5d444d9cc515f8cde82d3b7c94fb494c175,0ed87bd6d7783654290f7318c130002688f02c6a41ad4e092133062feebdee8a,d469fb81abed135738f704ddf57de41e98939ca5bbb2509a18a42b807368aa35,1dd1196abdf2d40865f5b4bc27acd5317de9ef00443776c930991278501566aa,84611d18787ae81d7e9fa8ea2c2cf2319e90db0620f009a8ca19b85486a57c7a,59fb59a04cd20e6dec9ee47cf1de02734068a3328cade998a3fc44a746054ea8,a42a308bd2c5294f3aa79a1a3b15804d4137fd68d7677d9adc037e257a217e76,reified,writable,exploratory-base,exploratory-reified,41997fb8640d9e765a0272879a63548eb9bd46bbf6e49da02b7c924e506b94f7,95f85b19db76321fdab33c70bb05485617743f83e3c9c07ce9e365b03fd9b106,f9ff8d30db2db1840ca1585b5598b1cf4d1d06ac2adb86a55b430669507fabff,7b43c2342d7676aa65cc9ee233b2184c9eae88f2663874af7ab1b83282f94ab4,6ffd10b28ab050230cdc1137f0bd16155c3a7c587add7fbe921d985fa92879fe,,,,694125dfc9318e7dc6e5fe6e0d84ed2276690bd0eadfe7b33619b3f7f12c0a77,"pcm-meta-v2:{""protocol"":""r9.2-frozen-identity-v9"",""message"":""C requested=flat effective=flat; steps=1 feedback=0; network includes CONSTRUCT, feedback INSERT, and cleanup DELETE"",""cell_wall_ms"":648.875,""answer_kind"":""term-aware-candidate-set-v1"",""answer_key_count"":2,""answer_fingerprint"":""3a2e5be01fe09c3b9e3b1d93b8cbf11fb39a0835341a9b6067e9dac85f0b138d"",""c_parse_samples"":[2.703],""c_protocol_samples"":[{""requested_mode"":""flat"",""effective_mode"":""flat"",""fallback_reason"":null,""plan_steps"":1,""feedback_steps"":0,""feedback_triples"":0,""construct_query_ms"":235.93,""feedback_update_ms"":0.0,""cleanup_ms"":0.0,""client_protocol_ms"":0.0,""network_scope"":""construct+feedback+cleanup"",""circuit_sha256"":""09e7c60156880f2357369b964df9a1cb366ddb8b8ba7b4de03f6c4c7a2fbb0b1"",""answer_fingerprint"":""3a2e5be01fe09c3b9e3b1d93b8cbf11fb39a0835341a9b6067e9dac85f0b138d"",""semantic_signature_sha256"":""5604a417a066f26048e9519c8a3f3da53db216daf2db81fc6cc623224b8a588b"",""structure_signature"":{""gates"":4,""edges"":14,""answers"":2,""derivations"":2,""leaves"":7,""plus"":2,""minus"":0,""nodes"":11,""canonical_bytes"":7810},""construct_total_ms"":239.463,""client_unattributed_ms"":0.83}],""construct_total_samples"":[239.463],""construct_unattributed_samples"":[0.83],""status"":""ok"",""status_evidence"":null,""c_warmup_signatures"":[],""measured_semantic_signature_sha256"":""5604a417a066f26048e9519c8a3f3da53db216daf2db81fc6cc623224b8a588b"",""measured_repetitions_consistent"":true,""cache_snapshot_ms"":0.902,""cache_snapshot_scope"":""first-measured-response; deferred until all runs succeeded"",""outside_cell_cache_write_ms"":11.095,""endpoint_lock"":{""wait_ms"":0.007,""lock_path"":""/tmp/sparqlcirc-r9-endpoint-locks-v7/95f85b19db76321fdab33c70bb05485617743f83e3c9c07ce9e365b03fd9b106.lock""},""construction_requested"":""flat"",""construction_effective"":""flat"",""circuit_sha256"":""09e7c60156880f2357369b964df9a1cb366ddb8b8ba7b4de03f6c4c7a2fbb0b1"",""circuit_triples"":50,""circuit_bytes"":7810,""circuit_path"":""/mnt/nfs/home/ac145595/workspace/rq3-artifacts/circuits/rq2-flat-10m/ea28abd7edab939c7b50a1796279891f1fac09bdf37f31eb5fdf3df64891eaf4-09e7c60156880f2357369b964df9a1cb366ddb8b8ba7b4de03f6c4c7a2fbb0b1.nt"",""metadata_path"":""/mnt/nfs/home/ac145595/workspace/rq3-artifacts/circuits/rq2-flat-10m/ea28abd7edab939c7b50a1796279891f1fac09bdf37f31eb5fdf3df64891eaf4-09e7c60156880f2357369b964df9a1cb366ddb8b8ba7b4de03f6c4c7a2fbb0b1.json"",""producer_observation_sha256"":""042f5817e17a644d4994eb1ecf86a5d444d9cc515f8cde82d3b7c94fb494c175"",""sidecar_sha256"":""0ed87bd6d7783654290f7318c130002688f02c6a41ad4e092133062feebdee8a"",""commit"":""d9e1b6cc1a4afff7a81c3e65b90bde9356ff9aa3"",""batch_id"":""5e66981b47271e372e34b2648567c4697a76abcf68b458d64bcf49b24f8b8dcb"",""query_sha256"":""ea28abd7edab939c7b50a1796279891f1fac09bdf37f31eb5fdf3df64891eaf4"",""engine"":""graphdb"",""engine_version"":""GraphDB (RDF4J) [engines.json profile]"",""scale"":""10M"",""base_endpoint_sha256"":""d469fb81abed135738f704ddf57de41e98939ca5bbb2509a18a42b807368aa35"",""reified_endpoint_sha256"":""1dd1196abdf2d40865f5b4bc27acd5317de9ef00443776c930991278501566aa"",""update_endpoint_sha256"":""84611d18787ae81d7e9fa8ea2c2cf2319e90db0620f009a8ca19b85486a57c7a"",""base_data_identity_sha256"":""59fb59a04cd20e6dec9ee47cf1de02734068a3328cade998a3fc44a746054ea8"",""reified_data_identity_sha256"":""a42a308bd2c5294f3aa79a1a3b15804d4137fd68d7677d9adc037e257a217e76"",""update_for"":""reified"",""access_mode"":""writable"",""base_data_name"":""exploratory-base"",""reified_data_name"":""exploratory-reified"",""update_canary_sha256"":""41997fb8640d9e765a0272879a63548eb9bd46bbf6e49da02b7c924e506b94f7"",""store_instance_sha256"":""95f85b19db76321fdab33c70bb05485617743f83e3c9c07ce9e365b03fd9b106"",""store_discriminator_sha256"":""f9ff8d30db2db1840ca1585b5598b1cf4d1d06ac2adb86a55b430669507fabff"",""tool_sha256"":""7b43c2342d7676aa65cc9ee233b2184c9eae88f2663874af7ab1b83282f94ab4"",""java_runtime_sha256"":""6ffd10b28ab050230cdc1137f0bd16155c3a7c587add7fbe921d985fa92879fe"",""run_identity_sha256"":""694125dfc9318e7dc6e5fe6e0d84ed2276690bd0eadfe7b33619b3f7f12c0a77""}"
d9e1b6cc1a4afff7a81c3e65b90bde9356ff9aa3,graphdb,GraphDB (RDF4J) [engines.json profile],10M,F,F2,00,a2d067af87788371d0895c53af5536df3cc59090adda8fe35f6c9b1491962642,N,N_clean (NPCS reimplementation),ok,1,117.3,117.3,117.3,117.3,0.0,0,1,900.0,749,0.0,,,,1,180.30539,[117.336],[0.0],,[],,[],,[],r9.2-frozen-identity-v9,5e66981b47271e372e34b2648567c4697a76abcf68b458d64bcf49b24f8b8dcb,csv-candidate-multiset-v1,1,10b9ad637f4f149333d27fb8ee82859266bf90afe18da9b5f14770c77a27b07e,,,,,,,,d469fb81abed135738f704ddf57de41e98939ca5bbb2509a18a42b807368aa35,1dd1196abdf2d40865f5b4bc27acd5317de9ef00443776c930991278501566aa,84611d18787ae81d7e9fa8ea2c2cf2319e90db0620f009a8ca19b85486a57c7a,59fb59a04cd20e6dec9ee47cf1de02734068a3328cade998a3fc44a746054ea8,a42a308bd2c5294f3aa79a1a3b15804d4137fd68d7677d9adc037e257a217e76,reified,writable,exploratory-base,exploratory-reified,41997fb8640d9e765a0272879a63548eb9bd46bbf6e49da02b7c924e506b94f7,95f85b19db76321fdab33c70bb05485617743f83e3c9c07ce9e365b03fd9b106,f9ff8d30db2db1840ca1585b5598b1cf4d1d06ac2adb86a55b430669507fabff,7b43c2342d7676aa65cc9ee233b2184c9eae88f2663874af7ab1b83282f94ab4,6ffd10b28ab050230cdc1137f0bd16155c3a7c587add7fbe921d985fa92879fe,1,0,8,c61f725cfc39276b1d5a2fbc6da01b9b641c82ac36576ff0e5eb580c2d4fa96e,"pcm-meta-v2:{""protocol"":""r9.2-frozen-identity-v9"",""message"":"""",""cell_wall_ms"":304.566,""answer_kind"":""csv-candidate-multiset-v1"",""answer_key_count"":1,""answer_fingerprint"":""10b9ad637f4f149333d27fb8ee82859266bf90afe18da9b5f14770c77a27b07e"",""c_parse_samples"":[0.0],""c_protocol_samples"":[],""construct_total_samples"":[],""construct_unattributed_samples"":[],""status"":""ok"",""status_evidence"":null,""construction_requested"":null,""construction_effective"":null,""commit"":""d9e1b6cc1a4afff7a81c3e65b90bde9356ff9aa3"",""batch_id"":""5e66981b47271e372e34b2648567c4697a76abcf68b458d64bcf49b24f8b8dcb"",""query_sha256"":""a2d067af87788371d0895c53af5536df3cc59090adda8fe35f6c9b1491962642"",""engine"":""graphdb"",""engine_version"":""GraphDB (RDF4J) [engines.json profile]"",""scale"":""10M"",""base_endpoint_sha256"":""d469fb81abed135738f704ddf57de41e98939ca5bbb2509a18a42b807368aa35"",""reified_endpoint_sha256"":""1dd1196abdf2d40865f5b4bc27acd5317de9ef00443776c930991278501566aa"",""update_endpoint_sha256"":""84611d18787ae81d7e9fa8ea2c2cf2319e90db0620f009a8ca19b85486a57c7a"",""base_data_identity_sha256"":""59fb59a04cd20e6dec9ee47cf1de02734068a3328cade998a3fc44a746054ea8"",""reified_data_identity_sha256"":""a42a308bd2c5294f3aa79a1a3b15804d4137fd68d7677d9adc037e257a217e76"",""update_for"":""reified"",""access_mode"":""writable"",""base_data_name"":""exploratory-base"",""reified_data_name"":""exploratory-reified"",""update_canary_sha256"":""41997fb8640d9e765a0272879a63548eb9bd46bbf6e49da02b7c924e506b94f7"",""store_instance_sha256"":""95f85b19db76321fdab33c70bb05485617743f83e3c9c07ce9e365b03fd9b106"",""store_discriminator_sha256"":""f9ff8d30db2db1840ca1585b5598b1cf4d1d06ac2adb86a55b430669507fabff"",""tool_sha256"":""7b43c2342d7676aa65cc9ee233b2184c9eae88f2663874af7ab1b83282f94ab4"",""java_runtime_sha256"":""6ffd10b28ab050230cdc1137f0bd16155c3a7c587add7fbe921d985fa92879fe"",""run_identity_sha256"":""c61f725cfc39276b1d5a2fbc6da01b9b641c82ac36576ff0e5eb580c2d4fa96e""}"
d9e1b6cc1a4afff7a81c3e65b90bde9356ff9aa3,graphdb,GraphDB (RDF4J) [engines.json profile],10M,F,F2,00,a2d067af87788371d0895c53af5536df3cc59090adda8fe35f6c9b1491962642,C,SPARQLcirc CircuitRewriter,ok,1,73.9,73.9,73.9,73.9,0.0,0,1,900.0,5286,2.3,2,9,1,,393.125789,[73.881],[2.289],0.0,[0.0],76.7,[76.725],0.6,[0.555],r9.2-frozen-identity-v9,5e66981b47271e372e34b2648567c4697a76abcf68b458d64bcf49b24f8b8dcb,term-aware-candidate-set-v1,1,e18a32fbf3454210ede20c509c778e5826aeaeb74c5f3c679c785df382e8d072,flat,flat,971544a4c505a677b7c8d8607f1e4ccebb425f67058a0ef09b9f091030fd2cd9,/mnt/nfs/home/ac145595/workspace/rq3-artifacts/circuits/rq2-flat-10m/a2d067af87788371d0895c53af5536df3cc59090adda8fe35f6c9b1491962642-971544a4c505a677b7c8d8607f1e4ccebb425f67058a0ef09b9f091030fd2cd9.nt,/mnt/nfs/home/ac145595/workspace/rq3-artifacts/circuits/rq2-flat-10m/a2d067af87788371d0895c53af5536df3cc59090adda8fe35f6c9b1491962642-971544a4c505a677b7c8d8607f1e4ccebb425f67058a0ef09b9f091030fd2cd9.json,083928faf972080e718d9dbe7594b498da10972aedf4954ee092b40ca2a8bca6,3f98227adb10dc151925a28606457d3ba15bc075c488ebb24e4221650b2db55e,d469fb81abed135738f704ddf57de41e98939ca5bbb2509a18a42b807368aa35,1dd1196abdf2d40865f5b4bc27acd5317de9ef00443776c930991278501566aa,84611d18787ae81d7e9fa8ea2c2cf2319e90db0620f009a8ca19b85486a57c7a,59fb59a04cd20e6dec9ee47cf1de02734068a3328cade998a3fc44a746054ea8,a42a308bd2c5294f3aa79a1a3b15804d4137fd68d7677d9adc037e257a217e76,reified,writable,exploratory-base,exploratory-reified,41997fb8640d9e765a0272879a63548eb9bd46bbf6e49da02b7c924e506b94f7,95f85b19db76321fdab33c70bb05485617743f83e3c9c07ce9e365b03fd9b106,f9ff8d30db2db1840ca1585b5598b1cf4d1d06ac2adb86a55b430669507fabff,7b43c2342d7676aa65cc9ee233b2184c9eae88f2663874af7ab1b83282f94ab4,6ffd10b28ab050230cdc1137f0bd16155c3a7c587add7fbe921d985fa92879fe,,,,c61f725cfc39276b1d5a2fbc6da01b9b641c82ac36576ff0e5eb580c2d4fa96e,"pcm-meta-v2:{""protocol"":""r9.2-frozen-identity-v9"",""message"":""C requested=flat effective=flat; steps=1 feedback=0; network includes CONSTRUCT, feedback INSERT, and cleanup DELETE"",""cell_wall_ms"":475.062,""answer_kind"":""term-aware-candidate-set-v1"",""answer_key_count"":1,""answer_fingerprint"":""e18a32fbf3454210ede20c509c778e5826aeaeb74c5f3c679c785df382e8d072"",""c_parse_samples"":[2.289],""c_protocol_samples"":[{""requested_mode"":""flat"",""effective_mode"":""flat"",""fallback_reason"":null,""plan_steps"":1,""feedback_steps"":0,""feedback_triples"":0,""construct_query_ms"":73.881,""feedback_update_ms"":0.0,""cleanup_ms"":0.0,""client_protocol_ms"":0.0,""network_scope"":""construct+feedback+cleanup"",""circuit_sha256"":""971544a4c505a677b7c8d8607f1e4ccebb425f67058a0ef09b9f091030fd2cd9"",""answer_fingerprint"":""e18a32fbf3454210ede20c509c778e5826aeaeb74c5f3c679c785df382e8d072"",""semantic_signature_sha256"":""4d37765085e081bbf89d914788006ac2255747bf966d4d293db59428a838168b"",""structure_signature"":{""gates"":2,""edges"":9,""answers"":1,""derivations"":1,""leaves"":8,""plus"":1,""minus"":0,""nodes"":10,""canonical_bytes"":5286},""construct_total_ms"":76.725,""client_unattributed_ms"":0.555}],""construct_total_samples"":[76.725],""construct_unattributed_samples"":[0.555],""status"":""ok"",""status_evidence"":null,""c_warmup_signatures"":[],""measured_semantic_signature_sha256"":""4d37765085e081bbf89d914788006ac2255747bf966d4d293db59428a838168b"",""measured_repetitions_consistent"":true,""cache_snapshot_ms"":0.625,""cache_snapshot_scope"":""first-measured-response; deferred until all runs succeeded"",""outside_cell_cache_write_ms"":3.978,""endpoint_lock"":{""wait_ms"":0.007,""lock_path"":""/tmp/sparqlcirc-r9-endpoint-locks-v7/95f85b19db76321fdab33c70bb05485617743f83e3c9c07ce9e365b03fd9b106.lock""},""construction_requested"":""flat"",""construction_effective"":""flat"",""circuit_sha256"":""971544a4c505a677b7c8d8607f1e4ccebb425f67058a0ef09b9f091030fd2cd9"",""circuit_triples"":33,""circuit_bytes"":5286,""circuit_path"":""/mnt/nfs/home/ac145595/workspace/rq3-artifacts/circuits/rq2-flat-10m/a2d067af87788371d0895c53af5536df3cc59090adda8fe35f6c9b1491962642-971544a4c505a677b7c8d8607f1e4ccebb425f67058a0ef09b9f091030fd2cd9.nt"",""metadata_path"":""/mnt/nfs/home/ac145595/workspace/rq3-artifacts/circuits/rq2-flat-10m/a2d067af87788371d0895c53af5536df3cc59090adda8fe35f6c9b1491962642-971544a4c505a677b7c8d8607f1e4ccebb425f67058a0ef09b9f091030fd2cd9.json"",""producer_observation_sha256"":""083928faf972080e718d9dbe7594b498da10972aedf4954ee092b40ca2a8bca6"",""sidecar_sha256"":""3f98227adb10dc151925a28606457d3ba15bc075c488ebb24e4221650b2db55e"",""commit"":""d9e1b6cc1a4afff7a81c3e65b90bde9356ff9aa3"",""batch_id"":""5e66981b47271e372e34b2648567c4697a76abcf68b458d64bcf49b24f8b8dcb"",""query_sha256"":""a2d067af87788371d0895c53af5536df3cc59090adda8fe35f6c9b1491962642"",""engine"":""graphdb"",""engine_version"":""GraphDB (RDF4J) [engines.json profile]"",""scale"":""10M"",""base_endpoint_sha256"":""d469fb81abed135738f704ddf57de41e98939ca5bbb2509a18a42b807368aa35"",""reified_endpoint_sha256"":""1dd1196abdf2d40865f5b4bc27acd5317de9ef00443776c930991278501566aa"",""update_endpoint_sha256"":""84611d18787ae81d7e9fa8ea2c2cf2319e90db0620f009a8ca19b85486a57c7a"",""base_data_identity_sha256"":""59fb59a04cd20e6dec9ee47cf1de02734068a3328cade998a3fc44a746054ea8"",""reified_data_identity_sha256"":""a42a308bd2c5294f3aa79a1a3b15804d4137fd68d7677d9adc037e257a217e76"",""update_for"":""reified"",""access_mode"":""writable"",""base_data_name"":""exploratory-base"",""reified_data_name"":""exploratory-reified"",""update_canary_sha256"":""41997fb8640d9e765a0272879a63548eb9bd46bbf6e49da02b7c924e506b94f7"",""store_instance_sha256"":""95f85b19db76321fdab33c70bb05485617743f83e3c9c07ce9e365b03fd9b106"",""store_discriminator_sha256"":""f9ff8d30db2db1840ca1585b5598b1cf4d1d06ac2adb86a55b430669507fabff"",""tool_sha256"":""7b43c2342d7676aa65cc9ee233b2184c9eae88f2663874af7ab1b83282f94ab4"",""java_runtime_sha256"":""6ffd10b28ab050230cdc1137f0bd16155c3a7c587add7fbe921d985fa92879fe"",""run_identity_sha256"":""c61f725cfc39276b1d5a2fbc6da01b9b641c82ac36576ff0e5eb580c2d4fa96e""}"
d9e1b6cc1a4afff7a81c3e65b90bde9356ff9aa3,graphdb,GraphDB (RDF4J) [engines.json profile],10M,F,F3,00,ab4a33937e9d2bc9b501268b85f184fcbc070f1c35d8b6f2a148df9d906de693,N,N_clean (NPCS reimplementation),ok,3,955.9,955.9,955.9,955.9,0.0,0,1,900.0,823,0.0,,,,3,187.136745,[955.891],[0.0],,[],,[],,[],r9.2-frozen-identity-v9,5e66981b47271e372e34b2648567c4697a76abcf68b458d64bcf49b24f8b8dcb,csv-candidate-multiset-v1,3,7236913871dd8411f613d4202ff19330c011e8178270c515215e83355fad85f7,,,,,,,,d469fb81abed135738f704ddf57de41e98939ca5bbb2509a18a42b807368aa35,1dd1196abdf2d40865f5b4bc27acd5317de9ef00443776c930991278501566aa,84611d18787ae81d7e9fa8ea2c2cf2319e90db0620f009a8ca19b85486a57c7a,59fb59a04cd20e6dec9ee47cf1de02734068a3328cade998a3fc44a746054ea8,a42a308bd2c5294f3aa79a1a3b15804d4137fd68d7677d9adc037e257a217e76,reified,writable,exploratory-base,exploratory-reified,41997fb8640d9e765a0272879a63548eb9bd46bbf6e49da02b7c924e506b94f7,95f85b19db76321fdab33c70bb05485617743f83e3c9c07ce9e365b03fd9b106,f9ff8d30db2db1840ca1585b5598b1cf4d1d06ac2adb86a55b430669507fabff,7b43c2342d7676aa65cc9ee233b2184c9eae88f2663874af7ab1b83282f94ab4,6ffd10b28ab050230cdc1137f0bd16155c3a7c587add7fbe921d985fa92879fe,3,0,18,d5acc8b9af69f4def6a932a1e80fdb6561ba0e4568e27cbc5b65dfa3ea584016,"pcm-meta-v2:{""protocol"":""r9.2-frozen-identity-v9"",""message"":"""",""cell_wall_ms"":1150.24,""answer_kind"":""csv-candidate-multiset-v1"",""answer_key_count"":3,""answer_fingerprint"":""7236913871dd8411f613d4202ff19330c011e8178270c515215e83355fad85f7"",""c_parse_samples"":[0.0],""c_protocol_samples"":[],""construct_total_samples"":[],""construct_unattributed_samples"":[],""status"":""ok"",""status_evidence"":null,""construction_requested"":null,""construction_effective"":null,""commit"":""d9e1b6cc1a4afff7a81c3e65b90bde9356ff9aa3"",""batch_id"":""5e66981b47271e372e34b2648567c4697a76abcf68b458d64bcf49b24f8b8dcb"",""query_sha256"":""ab4a33937e9d2bc9b501268b85f184fcbc070f1c35d8b6f2a148df9d906de693"",""engine"":""graphdb"",""engine_version"":""GraphDB (RDF4J) [engines.json profile]"",""scale"":""10M"",""base_endpoint_sha256"":""d469fb81abed135738f704ddf57de41e98939ca5bbb2509a18a42b807368aa35"",""reified_endpoint_sha256"":""1dd1196abdf2d40865f5b4bc27acd5317de9ef00443776c930991278501566aa"",""update_endpoint_sha256"":""84611d18787ae81d7e9fa8ea2c2cf2319e90db0620f009a8ca19b85486a57c7a"",""base_data_identity_sha256"":""59fb59a04cd20e6dec9ee47cf1de02734068a3328cade998a3fc44a746054ea8"",""reified_data_identity_sha256"":""a42a308bd2c5294f3aa79a1a3b15804d4137fd68d7677d9adc037e257a217e76"",""update_for"":""reified"",""access_mode"":""writable"",""base_data_name"":""exploratory-base"",""reified_data_name"":""exploratory-reified"",""update_canary_sha256"":""41997fb8640d9e765a0272879a63548eb9bd46bbf6e49da02b7c924e506b94f7"",""store_instance_sha256"":""95f85b19db76321fdab33c70bb05485617743f83e3c9c07ce9e365b03fd9b106"",""store_discriminator_sha256"":""f9ff8d30db2db1840ca1585b5598b1cf4d1d06ac2adb86a55b430669507fabff"",""tool_sha256"":""7b43c2342d7676aa65cc9ee233b2184c9eae88f2663874af7ab1b83282f94ab4"",""java_runtime_sha256"":""6ffd10b28ab050230cdc1137f0bd16155c3a7c587add7fbe921d985fa92879fe"",""run_identity_sha256"":""d5acc8b9af69f4def6a932a1e80fdb6561ba0e4568e27cbc5b65dfa3ea584016""}"
d9e1b6cc1a4afff7a81c3e65b90bde9356ff9aa3,graphdb,GraphDB (RDF4J) [engines.json profile],10M,F,F3,00,ab4a33937e9d2bc9b501268b85f184fcbc070f1c35d8b6f2a148df9d906de693,C,SPARQLcirc CircuitRewriter,ok,3,261.9,261.9,261.9,261.9,0.0,0,1,900.0,11550,1.8,6,21,3,,378.069038,[261.93],[1.808],0.0,[0.0],264.4,[264.364],0.6,[0.626],r9.2-frozen-identity-v9,5e66981b47271e372e34b2648567c4697a76abcf68b458d64bcf49b24f8b8dcb,term-aware-candidate-set-v1,3,d5e8076027f8a1ac554fbd76a9c91a7f3228e45dbf5c55c26165ba3f8e9d9fc7,flat,flat,baa051461f24fc29206538cab376b7a4bfac00bedf725c45c44765ff7a8e6d46,/mnt/nfs/home/ac145595/workspace/rq3-artifacts/circuits/rq2-flat-10m/ab4a33937e9d2bc9b501268b85f184fcbc070f1c35d8b6f2a148df9d906de693-baa051461f24fc29206538cab376b7a4bfac00bedf725c45c44765ff7a8e6d46.nt,/mnt/nfs/home/ac145595/workspace/rq3-artifacts/circuits/rq2-flat-10m/ab4a33937e9d2bc9b501268b85f184fcbc070f1c35d8b6f2a148df9d906de693-baa051461f24fc29206538cab376b7a4bfac00bedf725c45c44765ff7a8e6d46.json,536aa689bd72bc7fa45fdbd89986b1685184d2bdc17a8f47092963e5d108b454,acf9fd5936afd7cbd2f18f3e59d79b3a7f97cee347007d094aaaddb86b0eff8b,d469fb81abed135738f704ddf57de41e98939ca5bbb2509a18a42b807368aa35,1dd1196abdf2d40865f5b4bc27acd5317de9ef00443776c930991278501566aa,84611d18787ae81d7e9fa8ea2c2cf2319e90db0620f009a8ca19b85486a57c7a,59fb59a04cd20e6dec9ee47cf1de02734068a3328cade998a3fc44a746054ea8,a42a308bd2c5294f3aa79a1a3b15804d4137fd68d7677d9adc037e257a217e76,reified,writable,exploratory-base,exploratory-reified,41997fb8640d9e765a0272879a63548eb9bd46bbf6e49da02b7c924e506b94f7,95f85b19db76321fdab33c70bb05485617743f83e3c9c07ce9e365b03fd9b106,f9ff8d30db2db1840ca1585b5598b1cf4d1d06ac2adb86a55b430669507fabff,7b43c2342d7676aa65cc9ee233b2184c9eae88f2663874af7ab1b83282f94ab4,6ffd10b28ab050230cdc1137f0bd16155c3a7c587add7fbe921d985fa92879fe,,,,d5acc8b9af69f4def6a932a1e80fdb6561ba0e4568e27cbc5b65dfa3ea584016,"pcm-meta-v2:{""protocol"":""r9.2-frozen-identity-v9"",""message"":""C requested=flat effective=flat; steps=1 feedback=0; network includes CONSTRUCT, feedback INSERT, and cleanup DELETE"",""cell_wall_ms"":647.772,""answer_kind"":""term-aware-candidate-set-v1"",""answer_key_count"":3,""answer_fingerprint"":""d5e8076027f8a1ac554fbd76a9c91a7f3228e45dbf5c55c26165ba3f8e9d9fc7"",""c_parse_samples"":[1.808],""c_protocol_samples"":[{""requested_mode"":""flat"",""effective_mode"":""flat"",""fallback_reason"":null,""plan_steps"":1,""feedback_steps"":0,""feedback_triples"":0,""construct_query_ms"":261.93,""feedback_update_ms"":0.0,""cleanup_ms"":0.0,""client_protocol_ms"":0.0,""network_scope"":""construct+feedback+cleanup"",""circuit_sha256"":""baa051461f24fc29206538cab376b7a4bfac00bedf725c45c44765ff7a8e6d46"",""answer_fingerprint"":""d5e8076027f8a1ac554fbd76a9c91a7f3228e45dbf5c55c26165ba3f8e9d9fc7"",""semantic_signature_sha256"":""c7c432796ded40ee4393cd70cec9d8411de085786dee1c0b5adbbbde80c5b120"",""structure_signature"":{""gates"":6,""edges"":21,""answers"":3,""derivations"":3,""leaves"":15,""plus"":3,""minus"":0,""nodes"":21,""canonical_bytes"":11550},""construct_total_ms"":264.364,""client_unattributed_ms"":0.626}],""construct_total_samples"":[264.364],""construct_unattributed_samples"":[0.626],""status"":""ok"",""status_evidence"":null,""c_warmup_signatures"":[],""measured_semantic_signature_sha256"":""c7c432796ded40ee4393cd70cec9d8411de085786dee1c0b5adbbbde80c5b120"",""measured_repetitions_consistent"":true,""cache_snapshot_ms"":0.654,""cache_snapshot_scope"":""first-measured-response; deferred until all runs succeeded"",""outside_cell_cache_write_ms"":4.238,""endpoint_lock"":{""wait_ms"":0.007,""lock_path"":""/tmp/sparqlcirc-r9-endpoint-locks-v7/95f85b19db76321fdab33c70bb05485617743f83e3c9c07ce9e365b03fd9b106.lock""},""construction_requested"":""flat"",""construction_effective"":""flat"",""circuit_sha256"":""baa051461f24fc29206538cab376b7a4bfac00bedf725c45c44765ff7a8e6d46"",""circuit_triples"":84,""circuit_bytes"":11550,""circuit_path"":""/mnt/nfs/home/ac145595/workspace/rq3-artifacts/circuits/rq2-flat-10m/ab4a33937e9d2bc9b501268b85f184fcbc070f1c35d8b6f2a148df9d906de693-baa051461f24fc29206538cab376b7a4bfac00bedf725c45c44765ff7a8e6d46.nt"",""metadata_path"":""/mnt/nfs/home/ac145595/workspace/rq3-artifacts/circuits/rq2-flat-10m/ab4a33937e9d2bc9b501268b85f184fcbc070f1c35d8b6f2a148df9d906de693-baa051461f24fc29206538cab376b7a4bfac00bedf725c45c44765ff7a8e6d46.json"",""producer_observation_sha256"":""536aa689bd72bc7fa45fdbd89986b1685184d2bdc17a8f47092963e5d108b454"",""sidecar_sha256"":""acf9fd5936afd7cbd2f18f3e59d79b3a7f97cee347007d094aaaddb86b0eff8b"",""commit"":""d9e1b6cc1a4afff7a81c3e65b90bde9356ff9aa3"",""batch_id"":""5e66981b47271e372e34b2648567c4697a76abcf68b458d64bcf49b24f8b8dcb"",""query_sha256"":""ab4a33937e9d2bc9b501268b85f184fcbc070f1c35d8b6f2a148df9d906de693"",""engine"":""graphdb"",""engine_version"":""GraphDB (RDF4J) [engines.json profile]"",""scale"":""10M"",""base_endpoint_sha256"":""d469fb81abed135738f704ddf57de41e98939ca5bbb2509a18a42b807368aa35"",""reified_endpoint_sha256"":""1dd1196abdf2d40865f5b4bc27acd5317de9ef00443776c930991278501566aa"",""update_endpoint_sha256"":""84611d18787ae81d7e9fa8ea2c2cf2319e90db0620f009a8ca19b85486a57c7a"",""base_data_identity_sha256"":""59fb59a04cd20e6dec9ee47cf1de02734068a3328cade998a3fc44a746054ea8"",""reified_data_identity_sha256"":""a42a308bd2c5294f3aa79a1a3b15804d4137fd68d7677d9adc037e257a217e76"",""update_for"":""reified"",""access_mode"":""writable"",""base_data_name"":""exploratory-base"",""reified_data_name"":""exploratory-reified"",""update_canary_sha256"":""41997fb8640d9e765a0272879a63548eb9bd46bbf6e49da02b7c924e506b94f7"",""store_instance_sha256"":""95f85b19db76321fdab33c70bb05485617743f83e3c9c07ce9e365b03fd9b106"",""store_discriminator_sha256"":""f9ff8d30db2db1840ca1585b5598b1cf4d1d06ac2adb86a55b430669507fabff"",""tool_sha256"":""7b43c2342d7676aa65cc9ee233b2184c9eae88f2663874af7ab1b83282f94ab4"",""java_runtime_sha256"":""6ffd10b28ab050230cdc1137f0bd16155c3a7c587add7fbe921d985fa92879fe"",""run_identity_sha256"":""d5acc8b9af69f4def6a932a1e80fdb6561ba0e4568e27cbc5b65dfa3ea584016""}"
d9e1b6cc1a4afff7a81c3e65b90bde9356ff9aa3,graphdb,GraphDB (RDF4J) [engines.json profile],10M,F,F4,00,95e319658ada1f90ea7900df6e9a7608f72e06ecb2da9d8ad67afe7db54c5464,N,N_clean (NPCS reimplementation),ok,68,1462.7,1462.7,1462.7,1462.7,0.0,0,1,900.0,38983,0.0,,,,68,185.103834,[1462.71],[0.0],,[],,[],,[],r9.2-frozen-identity-v9,5e66981b47271e372e34b2648567c4697a76abcf68b458d64bcf49b24f8b8dcb,csv-candidate-multiset-v1,68,4525d3b1270865106a2b3a4addc70b3387788b3158983dcb7febc00a9c92d57c,,,,,,,,d469fb81abed135738f704ddf57de41e98939ca5bbb2509a18a42b807368aa35,1dd1196abdf2d40865f5b4bc27acd5317de9ef00443776c930991278501566aa,84611d18787ae81d7e9fa8ea2c2cf2319e90db0620f009a8ca19b85486a57c7a,59fb59a04cd20e6dec9ee47cf1de02734068a3328cade998a3fc44a746054ea8,a42a308bd2c5294f3aa79a1a3b15804d4137fd68d7677d9adc037e257a217e76,reified,writable,exploratory-base,exploratory-reified,41997fb8640d9e765a0272879a63548eb9bd46bbf6e49da02b7c924e506b94f7,95f85b19db76321fdab33c70bb05485617743f83e3c9c07ce9e365b03fd9b106,f9ff8d30db2db1840ca1585b5598b1cf4d1d06ac2adb86a55b430669507fabff,7b43c2342d7676aa65cc9ee233b2184c9eae88f2663874af7ab1b83282f94ab4,6ffd10b28ab050230cdc1137f0bd16155c3a7c587add7fbe921d985fa92879fe,68,0,612,b05ed364d2e02d4f2d236b6f0090898f96585ee078cc89f07edb1abda431c5d4,"pcm-meta-v2:{""protocol"":""r9.2-frozen-identity-v9"",""message"":"""",""cell_wall_ms"":1660.525,""answer_kind"":""csv-candidate-multiset-v1"",""answer_key_count"":68,""answer_fingerprint"":""4525d3b1270865106a2b3a4addc70b3387788b3158983dcb7febc00a9c92d57c"",""c_parse_samples"":[0.0],""c_protocol_samples"":[],""construct_total_samples"":[],""construct_unattributed_samples"":[],""status"":""ok"",""status_evidence"":null,""construction_requested"":null,""construction_effective"":null,""commit"":""d9e1b6cc1a4afff7a81c3e65b90bde9356ff9aa3"",""batch_id"":""5e66981b47271e372e34b2648567c4697a76abcf68b458d64bcf49b24f8b8dcb"",""query_sha256"":""95e319658ada1f90ea7900df6e9a7608f72e06ecb2da9d8ad67afe7db54c5464"",""engine"":""graphdb"",""engine_version"":""GraphDB (RDF4J) [engines.json profile]"",""scale"":""10M"",""base_endpoint_sha256"":""d469fb81abed135738f704ddf57de41e98939ca5bbb2509a18a42b807368aa35"",""reified_endpoint_sha256"":""1dd1196abdf2d40865f5b4bc27acd5317de9ef00443776c930991278501566aa"",""update_endpoint_sha256"":""84611d18787ae81d7e9fa8ea2c2cf2319e90db0620f009a8ca19b85486a57c7a"",""base_data_identity_sha256"":""59fb59a04cd20e6dec9ee47cf1de02734068a3328cade998a3fc44a746054ea8"",""reified_data_identity_sha256"":""a42a308bd2c5294f3aa79a1a3b15804d4137fd68d7677d9adc037e257a217e76"",""update_for"":""reified"",""access_mode"":""writable"",""base_data_name"":""exploratory-base"",""reified_data_name"":""exploratory-reified"",""update_canary_sha256"":""41997fb8640d9e765a0272879a63548eb9bd46bbf6e49da02b7c924e506b94f7"",""store_instance_sha256"":""95f85b19db76321fdab33c70bb05485617743f83e3c9c07ce9e365b03fd9b106"",""store_discriminator_sha256"":""f9ff8d30db2db1840ca1585b5598b1cf4d1d06ac2adb86a55b430669507fabff"",""tool_sha256"":""7b43c2342d7676aa65cc9ee233b2184c9eae88f2663874af7ab1b83282f94ab4"",""java_runtime_sha256"":""6ffd10b28ab050230cdc1137f0bd16155c3a7c587add7fbe921d985fa92879fe"",""run_identity_sha256"":""b05ed364d2e02d4f2d236b6f0090898f96585ee078cc89f07edb1abda431c5d4""}"
d9e1b6cc1a4afff7a81c3e65b90bde9356ff9aa3,graphdb,GraphDB (RDF4J) [engines.json profile],10M,F,F4,00,95e319658ada1f90ea7900df6e9a7608f72e06ecb2da9d8ad67afe7db54c5464,C,SPARQLcirc CircuitRewriter,ok,68,2914.2,2914.2,2914.2,2914.2,0.0,0,1,900.0,373198,41.8,136,680,68,,400.711634,[2914.221],[41.801],0.0,[0.0],2957.4,[2957.355],1.3,[1.333],r9.2-frozen-identity-v9,5e66981b47271e372e34b2648567c4697a76abcf68b458d64bcf49b24f8b8dcb,term-aware-candidate-set-v1,68,019963896ad02fca32d6233f27f02efb35f56f8b7e6f4a2fdc4f3e0d6f804ae3,flat,flat,8cb65e940d8665bbc1823a06f6bfdf00a7880d3f882e4889ad958908c65c08fe,/mnt/nfs/home/ac145595/workspace/rq3-artifacts/circuits/rq2-flat-10m/95e319658ada1f90ea7900df6e9a7608f72e06ecb2da9d8ad67afe7db54c5464-8cb65e940d8665bbc1823a06f6bfdf00a7880d3f882e4889ad958908c65c08fe.nt,/mnt/nfs/home/ac145595/workspace/rq3-artifacts/circuits/rq2-flat-10m/95e319658ada1f90ea7900df6e9a7608f72e06ecb2da9d8ad67afe7db54c5464-8cb65e940d8665bbc1823a06f6bfdf00a7880d3f882e4889ad958908c65c08fe.json,d6e329a010778182dd1755da73bd91ccb864d8feecc5fc25089acdbee084116b,c9869fa72d15aa6633f75cbcba24df99abf78679459375e87189aca1b6f07e94,d469fb81abed135738f704ddf57de41e98939ca5bbb2509a18a42b807368aa35,1dd1196abdf2d40865f5b4bc27acd5317de9ef00443776c930991278501566aa,84611d18787ae81d7e9fa8ea2c2cf2319e90db0620f009a8ca19b85486a57c7a,59fb59a04cd20e6dec9ee47cf1de02734068a3328cade998a3fc44a746054ea8,a42a308bd2c5294f3aa79a1a3b15804d4137fd68d7677d9adc037e257a217e76,reified,writable,exploratory-base,exploratory-reified,41997fb8640d9e765a0272879a63548eb9bd46bbf6e49da02b7c924e506b94f7,95f85b19db76321fdab33c70bb05485617743f83e3c9c07ce9e365b03fd9b106,f9ff8d30db2db1840ca1585b5598b1cf4d1d06ac2adb86a55b430669507fabff,7b43c2342d7676aa65cc9ee233b2184c9eae88f2663874af7ab1b83282f94ab4,6ffd10b28ab050230cdc1137f0bd16155c3a7c587add7fbe921d985fa92879fe,,,,b05ed364d2e02d4f2d236b6f0090898f96585ee078cc89f07edb1abda431c5d4,"pcm-meta-v2:{""protocol"":""r9.2-frozen-identity-v9"",""message"":""C requested=flat effective=flat; steps=1 feedback=0; network includes CONSTRUCT, feedback INSERT, and cleanup DELETE"",""cell_wall_ms"":3371.258,""answer_kind"":""term-aware-candidate-set-v1"",""answer_key_count"":68,""answer_fingerprint"":""019963896ad02fca32d6233f27f02efb35f56f8b7e6f4a2fdc4f3e0d6f804ae3"",""c_parse_samples"":[41.801],""c_protocol_samples"":[{""requested_mode"":""flat"",""effective_mode"":""flat"",""fallback_reason"":null,""plan_steps"":1,""feedback_steps"":0,""feedback_triples"":0,""construct_query_ms"":2914.221,""feedback_update_ms"":0.0,""cleanup_ms"":0.0,""client_protocol_ms"":0.0,""network_scope"":""construct+feedback+cleanup"",""circuit_sha256"":""8cb65e940d8665bbc1823a06f6bfdf00a7880d3f882e4889ad958908c65c08fe"",""answer_fingerprint"":""019963896ad02fca32d6233f27f02efb35f56f8b7e6f4a2fdc4f3e0d6f804ae3"",""semantic_signature_sha256"":""e7d42b1b0b4e28eb67083ea98c8c2eae9b58cf999c8de75712230cc06d794192"",""structure_signature"":{""gates"":136,""edges"":680,""answers"":68,""derivations"":68,""leaves"":47,""plus"":68,""minus"":0,""nodes"":183,""canonical_bytes"":373198},""construct_total_ms"":2957.355,""client_unattributed_ms"":1.333}],""construct_total_samples"":[2957.355],""construct_unattributed_samples"":[1.333],""status"":""ok"",""status_evidence"":null,""c_warmup_signatures"":[],""measured_semantic_signature_sha256"":""e7d42b1b0b4e28eb67083ea98c8c2eae9b58cf999c8de75712230cc06d794192"",""measured_repetitions_consistent"":true,""cache_snapshot_ms"":7.78,""cache_snapshot_scope"":""first-measured-response; deferred until all runs succeeded"",""outside_cell_cache_write_ms"":24.452,""endpoint_lock"":{""wait_ms"":0.008,""lock_path"":""/tmp/sparqlcirc-r9-endpoint-locks-v7/95f85b19db76321fdab33c70bb05485617743f83e3c9c07ce9e365b03fd9b106.lock""},""construction_requested"":""flat"",""construction_effective"":""flat"",""circuit_sha256"":""8cb65e940d8665bbc1823a06f6bfdf00a7880d3f882e4889ad958908c65c08fe"",""circuit_triples"":2516,""circuit_bytes"":373198,""circuit_path"":""/mnt/nfs/home/ac145595/workspace/rq3-artifacts/circuits/rq2-flat-10m/95e319658ada1f90ea7900df6e9a7608f72e06ecb2da9d8ad67afe7db54c5464-8cb65e940d8665bbc1823a06f6bfdf00a7880d3f882e4889ad958908c65c08fe.nt"",""metadata_path"":""/mnt/nfs/home/ac145595/workspace/rq3-artifacts/circuits/rq2-flat-10m/95e319658ada1f90ea7900df6e9a7608f72e06ecb2da9d8ad67afe7db54c5464-8cb65e940d8665bbc1823a06f6bfdf00a7880d3f882e4889ad958908c65c08fe.json"",""producer_observation_sha256"":""d6e329a010778182dd1755da73bd91ccb864d8feecc5fc25089acdbee084116b"",""sidecar_sha256"":""c9869fa72d15aa6633f75cbcba24df99abf78679459375e87189aca1b6f07e94"",""commit"":""d9e1b6cc1a4afff7a81c3e65b90bde9356ff9aa3"",""batch_id"":""5e66981b47271e372e34b2648567c4697a76abcf68b458d64bcf49b24f8b8dcb"",""query_sha256"":""95e319658ada1f90ea7900df6e9a7608f72e06ecb2da9d8ad67afe7db54c5464"",""engine"":""graphdb"",""engine_version"":""GraphDB (RDF4J) [engines.json profile]"",""scale"":""10M"",""base_endpoint_sha256"":""d469fb81abed135738f704ddf57de41e98939ca5bbb2509a18a42b807368aa35"",""reified_endpoint_sha256"":""1dd1196abdf2d40865f5b4bc27acd5317de9ef00443776c930991278501566aa"",""update_endpoint_sha256"":""84611d18787ae81d7e9fa8ea2c2cf2319e90db0620f009a8ca19b85486a57c7a"",""base_data_identity_sha256"":""59fb59a04cd20e6dec9ee47cf1de02734068a3328cade998a3fc44a746054ea8"",""reified_data_identity_sha256"":""a42a308bd2c5294f3aa79a1a3b15804d4137fd68d7677d9adc037e257a217e76"",""update_for"":""reified"",""access_mode"":""writable"",""base_data_name"":""exploratory-base"",""reified_data_name"":""exploratory-reified"",""update_canary_sha256"":""41997fb8640d9e765a0272879a63548eb9bd46bbf6e49da02b7c924e506b94f7"",""store_instance_sha256"":""95f85b19db76321fdab33c70bb05485617743f83e3c9c07ce9e365b03fd9b106"",""store_discriminator_sha256"":""f9ff8d30db2db1840ca1585b5598b1cf4d1d06ac2adb86a55b430669507fabff"",""tool_sha256"":""7b43c2342d7676aa65cc9ee233b2184c9eae88f2663874af7ab1b83282f94ab4"",""java_runtime_sha256"":""6ffd10b28ab050230cdc1137f0bd16155c3a7c587add7fbe921d985fa92879fe"",""run_identity_sha256"":""b05ed364d2e02d4f2d236b6f0090898f96585ee078cc89f07edb1abda431c5d4""}"
d9e1b6cc1a4afff7a81c3e65b90bde9356ff9aa3,graphdb,GraphDB (RDF4J) [engines.json profile],10M,F,F5,00,5ca90afb3951e0444bf3024c77058dedfd92664870dc85d282ed837b0894ed6f,N,N_clean (NPCS reimplementation),ok,29,80.8,80.8,80.8,80.8,0.0,0,1,900.0,10939,0.0,,,,29,180.039096,[80.816],[0.0],,[],,[],,[],r9.2-frozen-identity-v9,5e66981b47271e372e34b2648567c4697a76abcf68b458d64bcf49b24f8b8dcb,csv-candidate-multiset-v1,29,c860978c6471dcf337015953699bece7aca86eaf9d7edc34ac69fa27f387e4d4,,,,,,,,d469fb81abed135738f704ddf57de41e98939ca5bbb2509a18a42b807368aa35,1dd1196abdf2d40865f5b4bc27acd5317de9ef00443776c930991278501566aa,84611d18787ae81d7e9fa8ea2c2cf2319e90db0620f009a8ca19b85486a57c7a,59fb59a04cd20e6dec9ee47cf1de02734068a3328cade998a3fc44a746054ea8,a42a308bd2c5294f3aa79a1a3b15804d4137fd68d7677d9adc037e257a217e76,reified,writable,exploratory-base,exploratory-reified,41997fb8640d9e765a0272879a63548eb9bd46bbf6e49da02b7c924e506b94f7,95f85b19db76321fdab33c70bb05485617743f83e3c9c07ce9e365b03fd9b106,f9ff8d30db2db1840ca1585b5598b1cf4d1d06ac2adb86a55b430669507fabff,7b43c2342d7676aa65cc9ee233b2184c9eae88f2663874af7ab1b83282f94ab4,6ffd10b28ab050230cdc1137f0bd16155c3a7c587add7fbe921d985fa92879fe,29,0,174,b8b803effc0d594d3a0baddc4175d2c3e7ed83cd292d9c8d95ed1b26bb554a43,"pcm-meta-v2:{""protocol"":""r9.2-frozen-identity-v9"",""message"":"""",""cell_wall_ms"":269.101,""answer_kind"":""csv-candidate-multiset-v1"",""answer_key_count"":29,""answer_fingerprint"":""c860978c6471dcf337015953699bece7aca86eaf9d7edc34ac69fa27f387e4d4"",""c_parse_samples"":[0.0],""c_protocol_samples"":[],""construct_total_samples"":[],""construct_unattributed_samples"":[],""status"":""ok"",""status_evidence"":null,""construction_requested"":null,""construction_effective"":null,""commit"":""d9e1b6cc1a4afff7a81c3e65b90bde9356ff9aa3"",""batch_id"":""5e66981b47271e372e34b2648567c4697a76abcf68b458d64bcf49b24f8b8dcb"",""query_sha256"":""5ca90afb3951e0444bf3024c77058dedfd92664870dc85d282ed837b0894ed6f"",""engine"":""graphdb"",""engine_version"":""GraphDB (RDF4J) [engines.json profile]"",""scale"":""10M"",""base_endpoint_sha256"":""d469fb81abed135738f704ddf57de41e98939ca5bbb2509a18a42b807368aa35"",""reified_endpoint_sha256"":""1dd1196abdf2d40865f5b4bc27acd5317de9ef00443776c930991278501566aa"",""update_endpoint_sha256"":""84611d18787ae81d7e9fa8ea2c2cf2319e90db0620f009a8ca19b85486a57c7a"",""base_data_identity_sha256"":""59fb59a04cd20e6dec9ee47cf1de02734068a3328cade998a3fc44a746054ea8"",""reified_data_identity_sha256"":""a42a308bd2c5294f3aa79a1a3b15804d4137fd68d7677d9adc037e257a217e76"",""update_for"":""reified"",""access_mode"":""writable"",""base_data_name"":""exploratory-base"",""reified_data_name"":""exploratory-reified"",""update_canary_sha256"":""41997fb8640d9e765a0272879a63548eb9bd46bbf6e49da02b7c924e506b94f7"",""store_instance_sha256"":""95f85b19db76321fdab33c70bb05485617743f83e3c9c07ce9e365b03fd9b106"",""store_discriminator_sha256"":""f9ff8d30db2db1840ca1585b5598b1cf4d1d06ac2adb86a55b430669507fabff"",""tool_sha256"":""7b43c2342d7676aa65cc9ee233b2184c9eae88f2663874af7ab1b83282f94ab4"",""java_runtime_sha256"":""6ffd10b28ab050230cdc1137f0bd16155c3a7c587add7fbe921d985fa92879fe"",""run_identity_sha256"":""b8b803effc0d594d3a0baddc4175d2c3e7ed83cd292d9c8d95ed1b26bb554a43""}"
d9e1b6cc1a4afff7a81c3e65b90bde9356ff9aa3,graphdb,GraphDB (RDF4J) [engines.json profile],10M,F,F5,00,5ca90afb3951e0444bf3024c77058dedfd92664870dc85d282ed837b0894ed6f,C,SPARQLcirc CircuitRewriter,ok,29,97.2,97.2,97.2,97.2,0.0,0,1,900.0,118475,13.0,58,203,29,,394.412138,[97.242],[13.007],0.0,[0.0],111.2,[111.247],1.0,[0.998],r9.2-frozen-identity-v9,5e66981b47271e372e34b2648567c4697a76abcf68b458d64bcf49b24f8b8dcb,term-aware-candidate-set-v1,29,e278850a333f115023e904b39febe2935da715084988b437547b6157feedbdd8,flat,flat,16a718a71cd7d185db76ea25b6f6db428f4e1b153b8874beb271b5759a44e33a,/mnt/nfs/home/ac145595/workspace/rq3-artifacts/circuits/rq2-flat-10m/5ca90afb3951e0444bf3024c77058dedfd92664870dc85d282ed837b0894ed6f-16a718a71cd7d185db76ea25b6f6db428f4e1b153b8874beb271b5759a44e33a.nt,/mnt/nfs/home/ac145595/workspace/rq3-artifacts/circuits/rq2-flat-10m/5ca90afb3951e0444bf3024c77058dedfd92664870dc85d282ed837b0894ed6f-16a718a71cd7d185db76ea25b6f6db428f4e1b153b8874beb271b5759a44e33a.json,bd94dc6a9b382a9d8f0b698466be928b1258dfb2f0810a97569e305e05c622d8,9da2fed0b5129ac230156e9308e78de7ffe56e177733221efebeec55858c075a,d469fb81abed135738f704ddf57de41e98939ca5bbb2509a18a42b807368aa35,1dd1196abdf2d40865f5b4bc27acd5317de9ef00443776c930991278501566aa,84611d18787ae81d7e9fa8ea2c2cf2319e90db0620f009a8ca19b85486a57c7a,59fb59a04cd20e6dec9ee47cf1de02734068a3328cade998a3fc44a746054ea8,a42a308bd2c5294f3aa79a1a3b15804d4137fd68d7677d9adc037e257a217e76,reified,writable,exploratory-base,exploratory-reified,41997fb8640d9e765a0272879a63548eb9bd46bbf6e49da02b7c924e506b94f7,95f85b19db76321fdab33c70bb05485617743f83e3c9c07ce9e365b03fd9b106,f9ff8d30db2db1840ca1585b5598b1cf4d1d06ac2adb86a55b430669507fabff,7b43c2342d7676aa65cc9ee233b2184c9eae88f2663874af7ab1b83282f94ab4,6ffd10b28ab050230cdc1137f0bd16155c3a7c587add7fbe921d985fa92879fe,,,,b8b803effc0d594d3a0baddc4175d2c3e7ed83cd292d9c8d95ed1b26bb554a43,"pcm-meta-v2:{""protocol"":""r9.2-frozen-identity-v9"",""message"":""C requested=flat effective=flat; steps=1 feedback=0; network includes CONSTRUCT, feedback INSERT, and cleanup DELETE"",""cell_wall_ms"":513.403,""answer_kind"":""term-aware-candidate-set-v1"",""answer_key_count"":29,""answer_fingerprint"":""e278850a333f115023e904b39febe2935da715084988b437547b6157feedbdd8"",""c_parse_samples"":[13.007],""c_protocol_samples"":[{""requested_mode"":""flat"",""effective_mode"":""flat"",""fallback_reason"":null,""plan_steps"":1,""feedback_steps"":0,""feedback_triples"":0,""construct_query_ms"":97.242,""feedback_update_ms"":0.0,""cleanup_ms"":0.0,""client_protocol_ms"":0.0,""network_scope"":""construct+feedback+cleanup"",""circuit_sha256"":""16a718a71cd7d185db76ea25b6f6db428f4e1b153b8874beb271b5759a44e33a"",""answer_fingerprint"":""e278850a333f115023e904b39febe2935da715084988b437547b6157feedbdd8"",""semantic_signature_sha256"":""978e64bb497f243559416192ae49d4ef4bfae25ed6e7eb15092234e3dc1b9c19"",""structure_signature"":{""gates"":58,""edges"":203,""answers"":29,""derivations"":29,""leaves"":174,""plus"":29,""minus"":0,""nodes"":232,""canonical_bytes"":118475},""construct_total_ms"":111.247,""client_unattributed_ms"":0.998}],""construct_total_samples"":[111.247],""construct_unattributed_samples"":[0.998],""status"":""ok"",""status_evidence"":null,""c_warmup_signatures"":[],""measured_semantic_signature_sha256"":""978e64bb497f243559416192ae49d4ef4bfae25ed6e7eb15092234e3dc1b9c19"",""measured_repetitions_consistent"":true,""cache_snapshot_ms"":2.627,""cache_snapshot_scope"":""first-measured-response; deferred until all runs succeeded"",""outside_cell_cache_write_ms"":8.975,""endpoint_lock"":{""wait_ms"":0.009,""lock_path"":""/tmp/sparqlcirc-r9-endpoint-locks-v7/95f85b19db76321fdab33c70bb05485617743f83e3c9c07ce9e365b03fd9b106.lock""},""construction_requested"":""flat"",""construction_effective"":""flat"",""circuit_sha256"":""16a718a71cd7d185db76ea25b6f6db428f4e1b153b8874beb271b5759a44e33a"",""circuit_triples"":812,""circuit_bytes"":118475,""circuit_path"":""/mnt/nfs/home/ac145595/workspace/rq3-artifacts/circuits/rq2-flat-10m/5ca90afb3951e0444bf3024c77058dedfd92664870dc85d282ed837b0894ed6f-16a718a71cd7d185db76ea25b6f6db428f4e1b153b8874beb271b5759a44e33a.nt"",""metadata_path"":""/mnt/nfs/home/ac145595/workspace/rq3-artifacts/circuits/rq2-flat-10m/5ca90afb3951e0444bf3024c77058dedfd92664870dc85d282ed837b0894ed6f-16a718a71cd7d185db76ea25b6f6db428f4e1b153b8874beb271b5759a44e33a.json"",""producer_observation_sha256"":""bd94dc6a9b382a9d8f0b698466be928b1258dfb2f0810a97569e305e05c622d8"",""sidecar_sha256"":""9da2fed0b5129ac230156e9308e78de7ffe56e177733221efebeec55858c075a"",""commit"":""d9e1b6cc1a4afff7a81c3e65b90bde9356ff9aa3"",""batch_id"":""5e66981b47271e372e34b2648567c4697a76abcf68b458d64bcf49b24f8b8dcb"",""query_sha256"":""5ca90afb3951e0444bf3024c77058dedfd92664870dc85d282ed837b0894ed6f"",""engine"":""graphdb"",""engine_version"":""GraphDB (RDF4J) [engines.json profile]"",""scale"":""10M"",""base_endpoint_sha256"":""d469fb81abed135738f704ddf57de41e98939ca5bbb2509a18a42b807368aa35"",""reified_endpoint_sha256"":""1dd1196abdf2d40865f5b4bc27acd5317de9ef00443776c930991278501566aa"",""update_endpoint_sha256"":""84611d18787ae81d7e9fa8ea2c2cf2319e90db0620f009a8ca19b85486a57c7a"",""base_data_identity_sha256"":""59fb59a04cd20e6dec9ee47cf1de02734068a3328cade998a3fc44a746054ea8"",""reified_data_identity_sha256"":""a42a308bd2c5294f3aa79a1a3b15804d4137fd68d7677d9adc037e257a217e76"",""update_for"":""reified"",""access_mode"":""writable"",""base_data_name"":""exploratory-base"",""reified_data_name"":""exploratory-reified"",""update_canary_sha256"":""41997fb8640d9e765a0272879a63548eb9bd46bbf6e49da02b7c924e506b94f7"",""store_instance_sha256"":""95f85b19db76321fdab33c70bb05485617743f83e3c9c07ce9e365b03fd9b106"",""store_discriminator_sha256"":""f9ff8d30db2db1840ca1585b5598b1cf4d1d06ac2adb86a55b430669507fabff"",""tool_sha256"":""7b43c2342d7676aa65cc9ee233b2184c9eae88f2663874af7ab1b83282f94ab4"",""java_runtime_sha256"":""6ffd10b28ab050230cdc1137f0bd16155c3a7c587add7fbe921d985fa92879fe"",""run_identity_sha256"":""b8b803effc0d594d3a0baddc4175d2c3e7ed83cd292d9c8d95ed1b26bb554a43""}"
d9e1b6cc1a4afff7a81c3e65b90bde9356ff9aa3,graphdb,GraphDB (RDF4J) [engines.json profile],10M,L,L1,00,98fe99bb2a8bc2b3e41d8cc31e774d8a405b22eb745fbaefad8963b8e59922f4,N,N_clean (NPCS reimplementation),ok,2,52.9,52.9,52.9,52.9,0.0,0,1,900.0,449,0.0,,,,2,182.389202,[52.934],[0.0],,[],,[],,[],r9.2-frozen-identity-v9,5e66981b47271e372e34b2648567c4697a76abcf68b458d64bcf49b24f8b8dcb,csv-candidate-multiset-v1,2,160639e00d70ae26f536153ab8ab763e8416f759616deaa3c9354dca2793628c,,,,,,,,d469fb81abed135738f704ddf57de41e98939ca5bbb2509a18a42b807368aa35,1dd1196abdf2d40865f5b4bc27acd5317de9ef00443776c930991278501566aa,84611d18787ae81d7e9fa8ea2c2cf2319e90db0620f009a8ca19b85486a57c7a,59fb59a04cd20e6dec9ee47cf1de02734068a3328cade998a3fc44a746054ea8,a42a308bd2c5294f3aa79a1a3b15804d4137fd68d7677d9adc037e257a217e76,reified,writable,exploratory-base,exploratory-reified,41997fb8640d9e765a0272879a63548eb9bd46bbf6e49da02b7c924e506b94f7,95f85b19db76321fdab33c70bb05485617743f83e3c9c07ce9e365b03fd9b106,f9ff8d30db2db1840ca1585b5598b1cf4d1d06ac2adb86a55b430669507fabff,7b43c2342d7676aa65cc9ee233b2184c9eae88f2663874af7ab1b83282f94ab4,6ffd10b28ab050230cdc1137f0bd16155c3a7c587add7fbe921d985fa92879fe,2,0,6,fd0f4f01e8a0270073213bc1d32dce61983f6e711cf5fc77fc4e0945e817d7d4,"pcm-meta-v2:{""protocol"":""r9.2-frozen-identity-v9"",""message"":"""",""cell_wall_ms"":242.537,""answer_kind"":""csv-candidate-multiset-v1"",""answer_key_count"":2,""answer_fingerprint"":""160639e00d70ae26f536153ab8ab763e8416f759616deaa3c9354dca2793628c"",""c_parse_samples"":[0.0],""c_protocol_samples"":[],""construct_total_samples"":[],""construct_unattributed_samples"":[],""status"":""ok"",""status_evidence"":null,""construction_requested"":null,""construction_effective"":null,""commit"":""d9e1b6cc1a4afff7a81c3e65b90bde9356ff9aa3"",""batch_id"":""5e66981b47271e372e34b2648567c4697a76abcf68b458d64bcf49b24f8b8dcb"",""query_sha256"":""98fe99bb2a8bc2b3e41d8cc31e774d8a405b22eb745fbaefad8963b8e59922f4"",""engine"":""graphdb"",""engine_version"":""GraphDB (RDF4J) [engines.json profile]"",""scale"":""10M"",""base_endpoint_sha256"":""d469fb81abed135738f704ddf57de41e98939ca5bbb2509a18a42b807368aa35"",""reified_endpoint_sha256"":""1dd1196abdf2d40865f5b4bc27acd5317de9ef00443776c930991278501566aa"",""update_endpoint_sha256"":""84611d18787ae81d7e9fa8ea2c2cf2319e90db0620f009a8ca19b85486a57c7a"",""base_data_identity_sha256"":""59fb59a04cd20e6dec9ee47cf1de02734068a3328cade998a3fc44a746054ea8"",""reified_data_identity_sha256"":""a42a308bd2c5294f3aa79a1a3b15804d4137fd68d7677d9adc037e257a217e76"",""update_for"":""reified"",""access_mode"":""writable"",""base_data_name"":""exploratory-base"",""reified_data_name"":""exploratory-reified"",""update_canary_sha256"":""41997fb8640d9e765a0272879a63548eb9bd46bbf6e49da02b7c924e506b94f7"",""store_instance_sha256"":""95f85b19db76321fdab33c70bb05485617743f83e3c9c07ce9e365b03fd9b106"",""store_discriminator_sha256"":""f9ff8d30db2db1840ca1585b5598b1cf4d1d06ac2adb86a55b430669507fabff"",""tool_sha256"":""7b43c2342d7676aa65cc9ee233b2184c9eae88f2663874af7ab1b83282f94ab4"",""java_runtime_sha256"":""6ffd10b28ab050230cdc1137f0bd16155c3a7c587add7fbe921d985fa92879fe"",""run_identity_sha256"":""fd0f4f01e8a0270073213bc1d32dce61983f6e711cf5fc77fc4e0945e817d7d4""}"
d9e1b6cc1a4afff7a81c3e65b90bde9356ff9aa3,graphdb,GraphDB (RDF4J) [engines.json profile],10M,L,L1,00,98fe99bb2a8bc2b3e41d8cc31e774d8a405b22eb745fbaefad8963b8e59922f4,C,SPARQLcirc CircuitRewriter,ok,2,47.2,47.2,47.2,47.2,0.0,0,1,900.0,4700,0.8,4,8,2,,351.45123,[47.168],[0.771],0.0,[0.0],48.7,[48.735],0.8,[0.796],r9.2-frozen-identity-v9,5e66981b47271e372e34b2648567c4697a76abcf68b458d64bcf49b24f8b8dcb,term-aware-candidate-set-v1,2,42ef01f7735339eac83ab7a48e7a34b16c4a162f17ab40998ffea7ba91a168ea,flat,flat,7353d7cf442ebb45156a47008f96753dd2804b35ccf9260eb5032dd5d8954f3f,/mnt/nfs/home/ac145595/workspace/rq3-artifacts/circuits/rq2-flat-10m/98fe99bb2a8bc2b3e41d8cc31e774d8a405b22eb745fbaefad8963b8e59922f4-7353d7cf442ebb45156a47008f96753dd2804b35ccf9260eb5032dd5d8954f3f.nt,/mnt/nfs/home/ac145595/workspace/rq3-artifacts/circuits/rq2-flat-10m/98fe99bb2a8bc2b3e41d8cc31e774d8a405b22eb745fbaefad8963b8e59922f4-7353d7cf442ebb45156a47008f96753dd2804b35ccf9260eb5032dd5d8954f3f.json,723eecbb6c81b744648498e223f6cc561ed72dbec2e93a760ed972ef1cca369c,7264d7ac4e12356439aa5bada967dbfafe7c71ceff9b7f8208d45e922069769d,d469fb81abed135738f704ddf57de41e98939ca5bbb2509a18a42b807368aa35,1dd1196abdf2d40865f5b4bc27acd5317de9ef00443776c930991278501566aa,84611d18787ae81d7e9fa8ea2c2cf2319e90db0620f009a8ca19b85486a57c7a,59fb59a04cd20e6dec9ee47cf1de02734068a3328cade998a3fc44a746054ea8,a42a308bd2c5294f3aa79a1a3b15804d4137fd68d7677d9adc037e257a217e76,reified,writable,exploratory-base,exploratory-reified,41997fb8640d9e765a0272879a63548eb9bd46bbf6e49da02b7c924e506b94f7,95f85b19db76321fdab33c70bb05485617743f83e3c9c07ce9e365b03fd9b106,f9ff8d30db2db1840ca1585b5598b1cf4d1d06ac2adb86a55b430669507fabff,7b43c2342d7676aa65cc9ee233b2184c9eae88f2663874af7ab1b83282f94ab4,6ffd10b28ab050230cdc1137f0bd16155c3a7c587add7fbe921d985fa92879fe,,,,fd0f4f01e8a0270073213bc1d32dce61983f6e711cf5fc77fc4e0945e817d7d4,"pcm-meta-v2:{""protocol"":""r9.2-frozen-identity-v9"",""message"":""C requested=flat effective=flat; steps=1 feedback=0; network includes CONSTRUCT, feedback INSERT, and cleanup DELETE"",""cell_wall_ms"":405.381,""answer_kind"":""term-aware-candidate-set-v1"",""answer_key_count"":2,""answer_fingerprint"":""42ef01f7735339eac83ab7a48e7a34b16c4a162f17ab40998ffea7ba91a168ea"",""c_parse_samples"":[0.771],""c_protocol_samples"":[{""requested_mode"":""flat"",""effective_mode"":""flat"",""fallback_reason"":null,""plan_steps"":1,""feedback_steps"":0,""feedback_triples"":0,""construct_query_ms"":47.168,""feedback_update_ms"":0.0,""cleanup_ms"":0.0,""client_protocol_ms"":0.0,""network_scope"":""construct+feedback+cleanup"",""circuit_sha256"":""7353d7cf442ebb45156a47008f96753dd2804b35ccf9260eb5032dd5d8954f3f"",""answer_fingerprint"":""42ef01f7735339eac83ab7a48e7a34b16c4a162f17ab40998ffea7ba91a168ea"",""semantic_signature_sha256"":""53d1dc2d6c72fd8564ca5f55bf3546285af99fd5faa2def9abeb1b9827f1c42e"",""structure_signature"":{""gates"":4,""edges"":8,""answers"":2,""derivations"":2,""leaves"":6,""plus"":2,""minus"":0,""nodes"":10,""canonical_bytes"":4700},""construct_total_ms"":48.735,""client_unattributed_ms"":0.796}],""construct_total_samples"":[48.735],""construct_unattributed_samples"":[0.796],""status"":""ok"",""status_evidence"":null,""c_warmup_signatures"":[],""measured_semantic_signature_sha256"":""53d1dc2d6c72fd8564ca5f55bf3546285af99fd5faa2def9abeb1b9827f1c42e"",""measured_repetitions_consistent"":true,""cache_snapshot_ms"":0.551,""cache_snapshot_scope"":""first-measured-response; deferred until all runs succeeded"",""outside_cell_cache_write_ms"":3.967,""endpoint_lock"":{""wait_ms"":0.007,""lock_path"":""/tmp/sparqlcirc-r9-endpoint-locks-v7/95f85b19db76321fdab33c70bb05485617743f83e3c9c07ce9e365b03fd9b106.lock""},""construction_requested"":""flat"",""construction_effective"":""flat"",""circuit_sha256"":""7353d7cf442ebb45156a47008f96753dd2804b35ccf9260eb5032dd5d8954f3f"",""circuit_triples"":32,""circuit_bytes"":4700,""circuit_path"":""/mnt/nfs/home/ac145595/workspace/rq3-artifacts/circuits/rq2-flat-10m/98fe99bb2a8bc2b3e41d8cc31e774d8a405b22eb745fbaefad8963b8e59922f4-7353d7cf442ebb45156a47008f96753dd2804b35ccf9260eb5032dd5d8954f3f.nt"",""metadata_path"":""/mnt/nfs/home/ac145595/workspace/rq3-artifacts/circuits/rq2-flat-10m/98fe99bb2a8bc2b3e41d8cc31e774d8a405b22eb745fbaefad8963b8e59922f4-7353d7cf442ebb45156a47008f96753dd2804b35ccf9260eb5032dd5d8954f3f.json"",""producer_observation_sha256"":""723eecbb6c81b744648498e223f6cc561ed72dbec2e93a760ed972ef1cca369c"",""sidecar_sha256"":""7264d7ac4e12356439aa5bada967dbfafe7c71ceff9b7f8208d45e922069769d"",""commit"":""d9e1b6cc1a4afff7a81c3e65b90bde9356ff9aa3"",""batch_id"":""5e66981b47271e372e34b2648567c4697a76abcf68b458d64bcf49b24f8b8dcb"",""query_sha256"":""98fe99bb2a8bc2b3e41d8cc31e774d8a405b22eb745fbaefad8963b8e59922f4"",""engine"":""graphdb"",""engine_version"":""GraphDB (RDF4J) [engines.json profile]"",""scale"":""10M"",""base_endpoint_sha256"":""d469fb81abed135738f704ddf57de41e98939ca5bbb2509a18a42b807368aa35"",""reified_endpoint_sha256"":""1dd1196abdf2d40865f5b4bc27acd5317de9ef00443776c930991278501566aa"",""update_endpoint_sha256"":""84611d18787ae81d7e9fa8ea2c2cf2319e90db0620f009a8ca19b85486a57c7a"",""base_data_identity_sha256"":""59fb59a04cd20e6dec9ee47cf1de02734068a3328cade998a3fc44a746054ea8"",""reified_data_identity_sha256"":""a42a308bd2c5294f3aa79a1a3b15804d4137fd68d7677d9adc037e257a217e76"",""update_for"":""reified"",""access_mode"":""writable"",""base_data_name"":""exploratory-base"",""reified_data_name"":""exploratory-reified"",""update_canary_sha256"":""41997fb8640d9e765a0272879a63548eb9bd46bbf6e49da02b7c924e506b94f7"",""store_instance_sha256"":""95f85b19db76321fdab33c70bb05485617743f83e3c9c07ce9e365b03fd9b106"",""store_discriminator_sha256"":""f9ff8d30db2db1840ca1585b5598b1cf4d1d06ac2adb86a55b430669507fabff"",""tool_sha256"":""7b43c2342d7676aa65cc9ee233b2184c9eae88f2663874af7ab1b83282f94ab4"",""java_runtime_sha256"":""6ffd10b28ab050230cdc1137f0bd16155c3a7c587add7fbe921d985fa92879fe"",""run_identity_sha256"":""fd0f4f01e8a0270073213bc1d32dce61983f6e711cf5fc77fc4e0945e817d7d4""}"
d9e1b6cc1a4afff7a81c3e65b90bde9356ff9aa3,graphdb,GraphDB (RDF4J) [engines.json profile],10M,L,L2,00,64873fb3e0533f5e97269a846ba7be46358d4ae4e7b00ae160b34130e60e4ce6,N,N_clean (NPCS reimplementation),ok,36,1246.2,1246.2,1246.2,1246.2,0.0,0,1,900.0,5108,0.0,,,,36,189.679414,[1246.214],[0.0],,[],,[],,[],r9.2-frozen-identity-v9,5e66981b47271e372e34b2648567c4697a76abcf68b458d64bcf49b24f8b8dcb,csv-candidate-multiset-v1,36,801baee3d130dc6c721d07184d87923c627ef792708c9f03278ed1cfde1b43c9,,,,,,,,d469fb81abed135738f704ddf57de41e98939ca5bbb2509a18a42b807368aa35,1dd1196abdf2d40865f5b4bc27acd5317de9ef00443776c930991278501566aa,84611d18787ae81d7e9fa8ea2c2cf2319e90db0620f009a8ca19b85486a57c7a,59fb59a04cd20e6dec9ee47cf1de02734068a3328cade998a3fc44a746054ea8,a42a308bd2c5294f3aa79a1a3b15804d4137fd68d7677d9adc037e257a217e76,reified,writable,exploratory-base,exploratory-reified,41997fb8640d9e765a0272879a63548eb9bd46bbf6e49da02b7c924e506b94f7,95f85b19db76321fdab33c70bb05485617743f83e3c9c07ce9e365b03fd9b106,f9ff8d30db2db1840ca1585b5598b1cf4d1d06ac2adb86a55b430669507fabff,7b43c2342d7676aa65cc9ee233b2184c9eae88f2663874af7ab1b83282f94ab4,6ffd10b28ab050230cdc1137f0bd16155c3a7c587add7fbe921d985fa92879fe,36,0,108,2ba40ebc9223bc308773d89b0565e2ba12b3bfd92c5995fed061f4f2ae3af0e9,"pcm-meta-v2:{""protocol"":""r9.2-frozen-identity-v9"",""message"":"""",""cell_wall_ms"":1444.099,""answer_kind"":""csv-candidate-multiset-v1"",""answer_key_count"":36,""answer_fingerprint"":""801baee3d130dc6c721d07184d87923c627ef792708c9f03278ed1cfde1b43c9"",""c_parse_samples"":[0.0],""c_protocol_samples"":[],""construct_total_samples"":[],""construct_unattributed_samples"":[],""status"":""ok"",""status_evidence"":null,""construction_requested"":null,""construction_effective"":null,""commit"":""d9e1b6cc1a4afff7a81c3e65b90bde9356ff9aa3"",""batch_id"":""5e66981b47271e372e34b2648567c4697a76abcf68b458d64bcf49b24f8b8dcb"",""query_sha256"":""64873fb3e0533f5e97269a846ba7be46358d4ae4e7b00ae160b34130e60e4ce6"",""engine"":""graphdb"",""engine_version"":""GraphDB (RDF4J) [engines.json profile]"",""scale"":""10M"",""base_endpoint_sha256"":""d469fb81abed135738f704ddf57de41e98939ca5bbb2509a18a42b807368aa35"",""reified_endpoint_sha256"":""1dd1196abdf2d40865f5b4bc27acd5317de9ef00443776c930991278501566aa"",""update_endpoint_sha256"":""84611d18787ae81d7e9fa8ea2c2cf2319e90db0620f009a8ca19b85486a57c7a"",""base_data_identity_sha256"":""59fb59a04cd20e6dec9ee47cf1de02734068a3328cade998a3fc44a746054ea8"",""reified_data_identity_sha256"":""a42a308bd2c5294f3aa79a1a3b15804d4137fd68d7677d9adc037e257a217e76"",""update_for"":""reified"",""access_mode"":""writable"",""base_data_name"":""exploratory-base"",""reified_data_name"":""exploratory-reified"",""update_canary_sha256"":""41997fb8640d9e765a0272879a63548eb9bd46bbf6e49da02b7c924e506b94f7"",""store_instance_sha256"":""95f85b19db76321fdab33c70bb05485617743f83e3c9c07ce9e365b03fd9b106"",""store_discriminator_sha256"":""f9ff8d30db2db1840ca1585b5598b1cf4d1d06ac2adb86a55b430669507fabff"",""tool_sha256"":""7b43c2342d7676aa65cc9ee233b2184c9eae88f2663874af7ab1b83282f94ab4"",""java_runtime_sha256"":""6ffd10b28ab050230cdc1137f0bd16155c3a7c587add7fbe921d985fa92879fe"",""run_identity_sha256"":""2ba40ebc9223bc308773d89b0565e2ba12b3bfd92c5995fed061f4f2ae3af0e9""}"
d9e1b6cc1a4afff7a81c3e65b90bde9356ff9aa3,graphdb,GraphDB (RDF4J) [engines.json profile],10M,L,L2,00,64873fb3e0533f5e97269a846ba7be46358d4ae4e7b00ae160b34130e60e4ce6,C,SPARQLcirc CircuitRewriter,ok,36,2379.8,2379.8,2379.8,2379.8,0.0,0,1,900.0,66202,6.7,72,144,36,,357.107127,[2379.769],[6.732],0.0,[0.0],2387.3,[2387.349],0.8,[0.848],r9.2-frozen-identity-v9,5e66981b47271e372e34b2648567c4697a76abcf68b458d64bcf49b24f8b8dcb,term-aware-candidate-set-v1,36,edb7dc69f50cbbff114ed0c0b032df84ebecc8f4a58267a6721dbc57d2e36004,flat,flat,3030a8f99499e464097645a47e5d2f1f934e35ca0b981bca5e89fb8c3ce43bca,/mnt/nfs/home/ac145595/workspace/rq3-artifacts/circuits/rq2-flat-10m/64873fb3e0533f5e97269a846ba7be46358d4ae4e7b00ae160b34130e60e4ce6-3030a8f99499e464097645a47e5d2f1f934e35ca0b981bca5e89fb8c3ce43bca.nt,/mnt/nfs/home/ac145595/workspace/rq3-artifacts/circuits/rq2-flat-10m/64873fb3e0533f5e97269a846ba7be46358d4ae4e7b00ae160b34130e60e4ce6-3030a8f99499e464097645a47e5d2f1f934e35ca0b981bca5e89fb8c3ce43bca.json,a5c5afca5f26117c04749e164c347bd87734c3c3ade40630e3b235c1383a092f,50aff9c34f273979025ab0d181bb5ef1fdc67ad2d4ac3cdf4ef58f6964535a89,d469fb81abed135738f704ddf57de41e98939ca5bbb2509a18a42b807368aa35,1dd1196abdf2d40865f5b4bc27acd5317de9ef00443776c930991278501566aa,84611d18787ae81d7e9fa8ea2c2cf2319e90db0620f009a8ca19b85486a57c7a,59fb59a04cd20e6dec9ee47cf1de02734068a3328cade998a3fc44a746054ea8,a42a308bd2c5294f3aa79a1a3b15804d4137fd68d7677d9adc037e257a217e76,reified,writable,exploratory-base,exploratory-reified,41997fb8640d9e765a0272879a63548eb9bd46bbf6e49da02b7c924e506b94f7,95f85b19db76321fdab33c70bb05485617743f83e3c9c07ce9e365b03fd9b106,f9ff8d30db2db1840ca1585b5598b1cf4d1d06ac2adb86a55b430669507fabff,7b43c2342d7676aa65cc9ee233b2184c9eae88f2663874af7ab1b83282f94ab4,6ffd10b28ab050230cdc1137f0bd16155c3a7c587add7fbe921d985fa92879fe,,,,2ba40ebc9223bc308773d89b0565e2ba12b3bfd92c5995fed061f4f2ae3af0e9,"pcm-meta-v2:{""protocol"":""r9.2-frozen-identity-v9"",""message"":""C requested=flat effective=flat; steps=1 feedback=0; network includes CONSTRUCT, feedback INSERT, and cleanup DELETE"",""cell_wall_ms"":2751.705,""answer_kind"":""term-aware-candidate-set-v1"",""answer_key_count"":36,""answer_fingerprint"":""edb7dc69f50cbbff114ed0c0b032df84ebecc8f4a58267a6721dbc57d2e36004"",""c_parse_samples"":[6.732],""c_protocol_samples"":[{""requested_mode"":""flat"",""effective_mode"":""flat"",""fallback_reason"":null,""plan_steps"":1,""feedback_steps"":0,""feedback_triples"":0,""construct_query_ms"":2379.769,""feedback_update_ms"":0.0,""cleanup_ms"":0.0,""client_protocol_ms"":0.0,""network_scope"":""construct+feedback+cleanup"",""circuit_sha256"":""3030a8f99499e464097645a47e5d2f1f934e35ca0b981bca5e89fb8c3ce43bca"",""answer_fingerprint"":""edb7dc69f50cbbff114ed0c0b032df84ebecc8f4a58267a6721dbc57d2e36004"",""semantic_signature_sha256"":""3e732b119edd8bc7e50e993d356cb94ff1ea890319ffd82758a33fd2be105a69"",""structure_signature"":{""gates"":72,""edges"":144,""answers"":36,""derivations"":36,""leaves"":73,""plus"":36,""minus"":0,""nodes"":145,""canonical_bytes"":66202},""construct_total_ms"":2387.349,""client_unattributed_ms"":0.848}],""construct_total_samples"":[2387.349],""construct_unattributed_samples"":[0.848],""status"":""ok"",""status_evidence"":null,""c_warmup_signatures"":[],""measured_semantic_signature_sha256"":""3e732b119edd8bc7e50e993d356cb94ff1ea890319ffd82758a33fd2be105a69"",""measured_repetitions_consistent"":true,""cache_snapshot_ms"":2.37,""cache_snapshot_scope"":""first-measured-response; deferred until all runs succeeded"",""outside_cell_cache_write_ms"":6.936,""endpoint_lock"":{""wait_ms"":0.007,""lock_path"":""/tmp/sparqlcirc-r9-endpoint-locks-v7/95f85b19db76321fdab33c70bb05485617743f83e3c9c07ce9e365b03fd9b106.lock""},""construction_requested"":""flat"",""construction_effective"":""flat"",""circuit_sha256"":""3030a8f99499e464097645a47e5d2f1f934e35ca0b981bca5e89fb8c3ce43bca"",""circuit_triples"":468,""circuit_bytes"":66202,""circuit_path"":""/mnt/nfs/home/ac145595/workspace/rq3-artifacts/circuits/rq2-flat-10m/64873fb3e0533f5e97269a846ba7be46358d4ae4e7b00ae160b34130e60e4ce6-3030a8f99499e464097645a47e5d2f1f934e35ca0b981bca5e89fb8c3ce43bca.nt"",""metadata_path"":""/mnt/nfs/home/ac145595/workspace/rq3-artifacts/circuits/rq2-flat-10m/64873fb3e0533f5e97269a846ba7be46358d4ae4e7b00ae160b34130e60e4ce6-3030a8f99499e464097645a47e5d2f1f934e35ca0b981bca5e89fb8c3ce43bca.json"",""producer_observation_sha256"":""a5c5afca5f26117c04749e164c347bd87734c3c3ade40630e3b235c1383a092f"",""sidecar_sha256"":""50aff9c34f273979025ab0d181bb5ef1fdc67ad2d4ac3cdf4ef58f6964535a89"",""commit"":""d9e1b6cc1a4afff7a81c3e65b90bde9356ff9aa3"",""batch_id"":""5e66981b47271e372e34b2648567c4697a76abcf68b458d64bcf49b24f8b8dcb"",""query_sha256"":""64873fb3e0533f5e97269a846ba7be46358d4ae4e7b00ae160b34130e60e4ce6"",""engine"":""graphdb"",""engine_version"":""GraphDB (RDF4J) [engines.json profile]"",""scale"":""10M"",""base_endpoint_sha256"":""d469fb81abed135738f704ddf57de41e98939ca5bbb2509a18a42b807368aa35"",""reified_endpoint_sha256"":""1dd1196abdf2d40865f5b4bc27acd5317de9ef00443776c930991278501566aa"",""update_endpoint_sha256"":""84611d18787ae81d7e9fa8ea2c2cf2319e90db0620f009a8ca19b85486a57c7a"",""base_data_identity_sha256"":""59fb59a04cd20e6dec9ee47cf1de02734068a3328cade998a3fc44a746054ea8"",""reified_data_identity_sha256"":""a42a308bd2c5294f3aa79a1a3b15804d4137fd68d7677d9adc037e257a217e76"",""update_for"":""reified"",""access_mode"":""writable"",""base_data_name"":""exploratory-base"",""reified_data_name"":""exploratory-reified"",""update_canary_sha256"":""41997fb8640d9e765a0272879a63548eb9bd46bbf6e49da02b7c924e506b94f7"",""store_instance_sha256"":""95f85b19db76321fdab33c70bb05485617743f83e3c9c07ce9e365b03fd9b106"",""store_discriminator_sha256"":""f9ff8d30db2db1840ca1585b5598b1cf4d1d06ac2adb86a55b430669507fabff"",""tool_sha256"":""7b43c2342d7676aa65cc9ee233b2184c9eae88f2663874af7ab1b83282f94ab4"",""java_runtime_sha256"":""6ffd10b28ab050230cdc1137f0bd16155c3a7c587add7fbe921d985fa92879fe"",""run_identity_sha256"":""2ba40ebc9223bc308773d89b0565e2ba12b3bfd92c5995fed061f4f2ae3af0e9""}"
d9e1b6cc1a4afff7a81c3e65b90bde9356ff9aa3,graphdb,GraphDB (RDF4J) [engines.json profile],10M,L,L3,00,6e68c33e9b346995ea7cedfa79c5123b2290df112a813135a2d0753aa4f34a04,N,N_clean (NPCS reimplementation),ok,5,15.9,15.9,15.9,15.9,0.0,0,1,900.0,1964,0.0,,,,49,189.890507,[15.862],[0.0],,[],,[],,[],r9.2-frozen-identity-v9,5e66981b47271e372e34b2648567c4697a76abcf68b458d64bcf49b24f8b8dcb,csv-candidate-multiset-v1,5,a2d4be24eb7c67a51b4767b6353a60fd94a3880a83d70b9b3dd571cd636a733a,,,,,,,,d469fb81abed135738f704ddf57de41e98939ca5bbb2509a18a42b807368aa35,1dd1196abdf2d40865f5b4bc27acd5317de9ef00443776c930991278501566aa,84611d18787ae81d7e9fa8ea2c2cf2319e90db0620f009a8ca19b85486a57c7a,59fb59a04cd20e6dec9ee47cf1de02734068a3328cade998a3fc44a746054ea8,a42a308bd2c5294f3aa79a1a3b15804d4137fd68d7677d9adc037e257a217e76,reified,writable,exploratory-base,exploratory-reified,41997fb8640d9e765a0272879a63548eb9bd46bbf6e49da02b7c924e506b94f7,95f85b19db76321fdab33c70bb05485617743f83e3c9c07ce9e365b03fd9b106,f9ff8d30db2db1840ca1585b5598b1cf4d1d06ac2adb86a55b430669507fabff,7b43c2342d7676aa65cc9ee233b2184c9eae88f2663874af7ab1b83282f94ab4,6ffd10b28ab050230cdc1137f0bd16155c3a7c587add7fbe921d985fa92879fe,5,0,142,843d1a9a64dbf440f91e54999a4bc32eeee20222bb886610070c2e57aa143798,"pcm-meta-v2:{""protocol"":""r9.2-frozen-identity-v9"",""message"":"""",""cell_wall_ms"":213.336,""answer_kind"":""csv-candidate-multiset-v1"",""answer_key_count"":5,""answer_fingerprint"":""a2d4be24eb7c67a51b4767b6353a60fd94a3880a83d70b9b3dd571cd636a733a"",""c_parse_samples"":[0.0],""c_protocol_samples"":[],""construct_total_samples"":[],""construct_unattributed_samples"":[],""status"":""ok"",""status_evidence"":null,""construction_requested"":null,""construction_effective"":null,""commit"":""d9e1b6cc1a4afff7a81c3e65b90bde9356ff9aa3"",""batch_id"":""5e66981b47271e372e34b2648567c4697a76abcf68b458d64bcf49b24f8b8dcb"",""query_sha256"":""6e68c33e9b346995ea7cedfa79c5123b2290df112a813135a2d0753aa4f34a04"",""engine"":""graphdb"",""engine_version"":""GraphDB (RDF4J) [engines.json profile]"",""scale"":""10M"",""base_endpoint_sha256"":""d469fb81abed135738f704ddf57de41e98939ca5bbb2509a18a42b807368aa35"",""reified_endpoint_sha256"":""1dd1196abdf2d40865f5b4bc27acd5317de9ef00443776c930991278501566aa"",""update_endpoint_sha256"":""84611d18787ae81d7e9fa8ea2c2cf2319e90db0620f009a8ca19b85486a57c7a"",""base_data_identity_sha256"":""59fb59a04cd20e6dec9ee47cf1de02734068a3328cade998a3fc44a746054ea8"",""reified_data_identity_sha256"":""a42a308bd2c5294f3aa79a1a3b15804d4137fd68d7677d9adc037e257a217e76"",""update_for"":""reified"",""access_mode"":""writable"",""base_data_name"":""exploratory-base"",""reified_data_name"":""exploratory-reified"",""update_canary_sha256"":""41997fb8640d9e765a0272879a63548eb9bd46bbf6e49da02b7c924e506b94f7"",""store_instance_sha256"":""95f85b19db76321fdab33c70bb05485617743f83e3c9c07ce9e365b03fd9b106"",""store_discriminator_sha256"":""f9ff8d30db2db1840ca1585b5598b1cf4d1d06ac2adb86a55b430669507fabff"",""tool_sha256"":""7b43c2342d7676aa65cc9ee233b2184c9eae88f2663874af7ab1b83282f94ab4"",""java_runtime_sha256"":""6ffd10b28ab050230cdc1137f0bd16155c3a7c587add7fbe921d985fa92879fe"",""run_identity_sha256"":""843d1a9a64dbf440f91e54999a4bc32eeee20222bb886610070c2e57aa143798""}"
d9e1b6cc1a4afff7a81c3e65b90bde9356ff9aa3,graphdb,GraphDB (RDF4J) [engines.json profile],10M,L,L3,00,6e68c33e9b346995ea7cedfa79c5123b2290df112a813135a2d0753aa4f34a04,C,SPARQLcirc CircuitRewriter,ok,5,33.7,33.7,33.7,33.7,0.0,0,1,900.0,30026,3.2,54,147,49,,353.822467,[33.748],[3.208],0.0,[0.0],37.7,[37.733],0.8,[0.778],r9.2-frozen-identity-v9,5e66981b47271e372e34b2648567c4697a76abcf68b458d64bcf49b24f8b8dcb,term-aware-candidate-set-v1,5,a587c3b8ef3ba4a8fadbbb1b70c19208446bdfed53a0f375006b0356dcab6a4f,flat,flat,f094b1f05bddea2aba94f061ace2fa9358f555b60b754ad078c3dfc0a51edecc,/mnt/nfs/home/ac145595/workspace/rq3-artifacts/circuits/rq2-flat-10m/6e68c33e9b346995ea7cedfa79c5123b2290df112a813135a2d0753aa4f34a04-f094b1f05bddea2aba94f061ace2fa9358f555b60b754ad078c3dfc0a51edecc.nt,/mnt/nfs/home/ac145595/workspace/rq3-artifacts/circuits/rq2-flat-10m/6e68c33e9b346995ea7cedfa79c5123b2290df112a813135a2d0753aa4f34a04-f094b1f05bddea2aba94f061ace2fa9358f555b60b754ad078c3dfc0a51edecc.json,d8f457b5b2e2d913121456f0d1813744c2505a148636db91409e4c5a25a90b13,9da8ffb57d0a5f075f2e8def1b83d358b66b7720946fc789564c5a437d791cc3,d469fb81abed135738f704ddf57de41e98939ca5bbb2509a18a42b807368aa35,1dd1196abdf2d40865f5b4bc27acd5317de9ef00443776c930991278501566aa,84611d18787ae81d7e9fa8ea2c2cf2319e90db0620f009a8ca19b85486a57c7a,59fb59a04cd20e6dec9ee47cf1de02734068a3328cade998a3fc44a746054ea8,a42a308bd2c5294f3aa79a1a3b15804d4137fd68d7677d9adc037e257a217e76,reified,writable,exploratory-base,exploratory-reified,41997fb8640d9e765a0272879a63548eb9bd46bbf6e49da02b7c924e506b94f7,95f85b19db76321fdab33c70bb05485617743f83e3c9c07ce9e365b03fd9b106,f9ff8d30db2db1840ca1585b5598b1cf4d1d06ac2adb86a55b430669507fabff,7b43c2342d7676aa65cc9ee233b2184c9eae88f2663874af7ab1b83282f94ab4,6ffd10b28ab050230cdc1137f0bd16155c3a7c587add7fbe921d985fa92879fe,,,,843d1a9a64dbf440f91e54999a4bc32eeee20222bb886610070c2e57aa143798,"pcm-meta-v2:{""protocol"":""r9.2-frozen-identity-v9"",""message"":""C requested=flat effective=flat; steps=1 feedback=0; network includes CONSTRUCT, feedback INSERT, and cleanup DELETE"",""cell_wall_ms"":397.303,""answer_kind"":""term-aware-candidate-set-v1"",""answer_key_count"":5,""answer_fingerprint"":""a587c3b8ef3ba4a8fadbbb1b70c19208446bdfed53a0f375006b0356dcab6a4f"",""c_parse_samples"":[3.208],""c_protocol_samples"":[{""requested_mode"":""flat"",""effective_mode"":""flat"",""fallback_reason"":null,""plan_steps"":1,""feedback_steps"":0,""feedback_triples"":0,""construct_query_ms"":33.748,""feedback_update_ms"":0.0,""cleanup_ms"":0.0,""client_protocol_ms"":0.0,""network_scope"":""construct+feedback+cleanup"",""circuit_sha256"":""f094b1f05bddea2aba94f061ace2fa9358f555b60b754ad078c3dfc0a51edecc"",""answer_fingerprint"":""a587c3b8ef3ba4a8fadbbb1b70c19208446bdfed53a0f375006b0356dcab6a4f"",""semantic_signature_sha256"":""04f9f926b94c16df3c483e5577ec1f2b4fd27f087d5cb74cc667bacc56d119e0"",""structure_signature"":{""gates"":54,""edges"":147,""answers"":5,""derivations"":49,""leaves"":54,""plus"":5,""minus"":0,""nodes"":108,""canonical_bytes"":30026},""construct_total_ms"":37.733,""client_unattributed_ms"":0.778}],""construct_total_samples"":[37.733],""construct_unattributed_samples"":[0.778],""status"":""ok"",""status_evidence"":null,""c_warmup_signatures"":[],""measured_semantic_signature_sha256"":""04f9f926b94c16df3c483e5577ec1f2b4fd27f087d5cb74cc667bacc56d119e0"",""measured_repetitions_consistent"":true,""cache_snapshot_ms"":1.138,""cache_snapshot_scope"":""first-measured-response; deferred until all runs succeeded"",""outside_cell_cache_write_ms"":5.202,""endpoint_lock"":{""wait_ms"":0.008,""lock_path"":""/tmp/sparqlcirc-r9-endpoint-locks-v7/95f85b19db76321fdab33c70bb05485617743f83e3c9c07ce9e365b03fd9b106.lock""},""construction_requested"":""flat"",""construction_effective"":""flat"",""circuit_sha256"":""f094b1f05bddea2aba94f061ace2fa9358f555b60b754ad078c3dfc0a51edecc"",""circuit_triples"":221,""circuit_bytes"":30026,""circuit_path"":""/mnt/nfs/home/ac145595/workspace/rq3-artifacts/circuits/rq2-flat-10m/6e68c33e9b346995ea7cedfa79c5123b2290df112a813135a2d0753aa4f34a04-f094b1f05bddea2aba94f061ace2fa9358f555b60b754ad078c3dfc0a51edecc.nt"",""metadata_path"":""/mnt/nfs/home/ac145595/workspace/rq3-artifacts/circuits/rq2-flat-10m/6e68c33e9b346995ea7cedfa79c5123b2290df112a813135a2d0753aa4f34a04-f094b1f05bddea2aba94f061ace2fa9358f555b60b754ad078c3dfc0a51edecc.json"",""producer_observation_sha256"":""d8f457b5b2e2d913121456f0d1813744c2505a148636db91409e4c5a25a90b13"",""sidecar_sha256"":""9da8ffb57d0a5f075f2e8def1b83d358b66b7720946fc789564c5a437d791cc3"",""commit"":""d9e1b6cc1a4afff7a81c3e65b90bde9356ff9aa3"",""batch_id"":""5e66981b47271e372e34b2648567c4697a76abcf68b458d64bcf49b24f8b8dcb"",""query_sha256"":""6e68c33e9b346995ea7cedfa79c5123b2290df112a813135a2d0753aa4f34a04"",""engine"":""graphdb"",""engine_version"":""GraphDB (RDF4J) [engines.json profile]"",""scale"":""10M"",""base_endpoint_sha256"":""d469fb81abed135738f704ddf57de41e98939ca5bbb2509a18a42b807368aa35"",""reified_endpoint_sha256"":""1dd1196abdf2d40865f5b4bc27acd5317de9ef00443776c930991278501566aa"",""update_endpoint_sha256"":""84611d18787ae81d7e9fa8ea2c2cf2319e90db0620f009a8ca19b85486a57c7a"",""base_data_identity_sha256"":""59fb59a04cd20e6dec9ee47cf1de02734068a3328cade998a3fc44a746054ea8"",""reified_data_identity_sha256"":""a42a308bd2c5294f3aa79a1a3b15804d4137fd68d7677d9adc037e257a217e76"",""update_for"":""reified"",""access_mode"":""writable"",""base_data_name"":""exploratory-base"",""reified_data_name"":""exploratory-reified"",""update_canary_sha256"":""41997fb8640d9e765a0272879a63548eb9bd46bbf6e49da02b7c924e506b94f7"",""store_instance_sha256"":""95f85b19db76321fdab33c70bb05485617743f83e3c9c07ce9e365b03fd9b106"",""store_discriminator_sha256"":""f9ff8d30db2db1840ca1585b5598b1cf4d1d06ac2adb86a55b430669507fabff"",""tool_sha256"":""7b43c2342d7676aa65cc9ee233b2184c9eae88f2663874af7ab1b83282f94ab4"",""java_runtime_sha256"":""6ffd10b28ab050230cdc1137f0bd16155c3a7c587add7fbe921d985fa92879fe"",""run_identity_sha256"":""843d1a9a64dbf440f91e54999a4bc32eeee20222bb886610070c2e57aa143798""}"
d9e1b6cc1a4afff7a81c3e65b90bde9356ff9aa3,graphdb,GraphDB (RDF4J) [engines.json profile],10M,L,L4,00,6a5c40f28fc1efcf93f4f8de194ff48179bad43fdcace9ac6f264dd26c62dadf,N,N_clean (NPCS reimplementation),ok,29,61.3,61.3,61.3,61.3,0.0,0,1,900.0,5974,0.0,,,,29,202.230116,[61.29],[0.0],,[],,[],,[],r9.2-frozen-identity-v9,5e66981b47271e372e34b2648567c4697a76abcf68b458d64bcf49b24f8b8dcb,csv-candidate-multiset-v1,29,8e314f95a3a1da4fdf0e29bac225a8c70a1b3b4597ad613c768c9024d0198a8e,,,,,,,,d469fb81abed135738f704ddf57de41e98939ca5bbb2509a18a42b807368aa35,1dd1196abdf2d40865f5b4bc27acd5317de9ef00443776c930991278501566aa,84611d18787ae81d7e9fa8ea2c2cf2319e90db0620f009a8ca19b85486a57c7a,59fb59a04cd20e6dec9ee47cf1de02734068a3328cade998a3fc44a746054ea8,a42a308bd2c5294f3aa79a1a3b15804d4137fd68d7677d9adc037e257a217e76,reified,writable,exploratory-base,exploratory-reified,41997fb8640d9e765a0272879a63548eb9bd46bbf6e49da02b7c924e506b94f7,95f85b19db76321fdab33c70bb05485617743f83e3c9c07ce9e365b03fd9b106,f9ff8d30db2db1840ca1585b5598b1cf4d1d06ac2adb86a55b430669507fabff,7b43c2342d7676aa65cc9ee233b2184c9eae88f2663874af7ab1b83282f94ab4,6ffd10b28ab050230cdc1137f0bd16155c3a7c587add7fbe921d985fa92879fe,29,0,58,893f08c79597799290986a8becff251cff2156de64bc24b36868319ccfde89f7,"pcm-meta-v2:{""protocol"":""r9.2-frozen-identity-v9"",""message"":"""",""cell_wall_ms"":272.016,""answer_kind"":""csv-candidate-multiset-v1"",""answer_key_count"":29,""answer_fingerprint"":""8e314f95a3a1da4fdf0e29bac225a8c70a1b3b4597ad613c768c9024d0198a8e"",""c_parse_samples"":[0.0],""c_protocol_samples"":[],""construct_total_samples"":[],""construct_unattributed_samples"":[],""status"":""ok"",""status_evidence"":null,""construction_requested"":null,""construction_effective"":null,""commit"":""d9e1b6cc1a4afff7a81c3e65b90bde9356ff9aa3"",""batch_id"":""5e66981b47271e372e34b2648567c4697a76abcf68b458d64bcf49b24f8b8dcb"",""query_sha256"":""6a5c40f28fc1efcf93f4f8de194ff48179bad43fdcace9ac6f264dd26c62dadf"",""engine"":""graphdb"",""engine_version"":""GraphDB (RDF4J) [engines.json profile]"",""scale"":""10M"",""base_endpoint_sha256"":""d469fb81abed135738f704ddf57de41e98939ca5bbb2509a18a42b807368aa35"",""reified_endpoint_sha256"":""1dd1196abdf2d40865f5b4bc27acd5317de9ef00443776c930991278501566aa"",""update_endpoint_sha256"":""84611d18787ae81d7e9fa8ea2c2cf2319e90db0620f009a8ca19b85486a57c7a"",""base_data_identity_sha256"":""59fb59a04cd20e6dec9ee47cf1de02734068a3328cade998a3fc44a746054ea8"",""reified_data_identity_sha256"":""a42a308bd2c5294f3aa79a1a3b15804d4137fd68d7677d9adc037e257a217e76"",""update_for"":""reified"",""access_mode"":""writable"",""base_data_name"":""exploratory-base"",""reified_data_name"":""exploratory-reified"",""update_canary_sha256"":""41997fb8640d9e765a0272879a63548eb9bd46bbf6e49da02b7c924e506b94f7"",""store_instance_sha256"":""95f85b19db76321fdab33c70bb05485617743f83e3c9c07ce9e365b03fd9b106"",""store_discriminator_sha256"":""f9ff8d30db2db1840ca1585b5598b1cf4d1d06ac2adb86a55b430669507fabff"",""tool_sha256"":""7b43c2342d7676aa65cc9ee233b2184c9eae88f2663874af7ab1b83282f94ab4"",""java_runtime_sha256"":""6ffd10b28ab050230cdc1137f0bd16155c3a7c587add7fbe921d985fa92879fe"",""run_identity_sha256"":""893f08c79597799290986a8becff251cff2156de64bc24b36868319ccfde89f7""}"
d9e1b6cc1a4afff7a81c3e65b90bde9356ff9aa3,graphdb,GraphDB (RDF4J) [engines.json profile],10M,L,L4,00,6a5c40f28fc1efcf93f4f8de194ff48179bad43fdcace9ac6f264dd26c62dadf,C,SPARQLcirc CircuitRewriter,ok,29,169.2,169.2,169.2,169.2,0.0,0,1,900.0,54531,5.7,58,87,29,,353.034344,[169.198],[5.678],0.0,[0.0],175.8,[175.846],1.0,[0.969],r9.2-frozen-identity-v9,5e66981b47271e372e34b2648567c4697a76abcf68b458d64bcf49b24f8b8dcb,term-aware-candidate-set-v1,29,83e6802522ac81e6f6bd1117188c9b5a244507ef0829840c5066c9ce37fb3257,flat,flat,e4151634c891810c23ae18b5bf98a39442ae6058422268a3e91f51ae679a0392,/mnt/nfs/home/ac145595/workspace/rq3-artifacts/circuits/rq2-flat-10m/6a5c40f28fc1efcf93f4f8de194ff48179bad43fdcace9ac6f264dd26c62dadf-e4151634c891810c23ae18b5bf98a39442ae6058422268a3e91f51ae679a0392.nt,/mnt/nfs/home/ac145595/workspace/rq3-artifacts/circuits/rq2-flat-10m/6a5c40f28fc1efcf93f4f8de194ff48179bad43fdcace9ac6f264dd26c62dadf-e4151634c891810c23ae18b5bf98a39442ae6058422268a3e91f51ae679a0392.json,8c984469761674c6b3a2de56408efd11995955ea98d96c2a73614392c3337702,1acb7b6b64035699196ab5bf3d7757a33658f8b006fb6c881ed9b00bbfbd7bdd,d469fb81abed135738f704ddf57de41e98939ca5bbb2509a18a42b807368aa35,1dd1196abdf2d40865f5b4bc27acd5317de9ef00443776c930991278501566aa,84611d18787ae81d7e9fa8ea2c2cf2319e90db0620f009a8ca19b85486a57c7a,59fb59a04cd20e6dec9ee47cf1de02734068a3328cade998a3fc44a746054ea8,a42a308bd2c5294f3aa79a1a3b15804d4137fd68d7677d9adc037e257a217e76,reified,writable,exploratory-base,exploratory-reified,41997fb8640d9e765a0272879a63548eb9bd46bbf6e49da02b7c924e506b94f7,95f85b19db76321fdab33c70bb05485617743f83e3c9c07ce9e365b03fd9b106,f9ff8d30db2db1840ca1585b5598b1cf4d1d06ac2adb86a55b430669507fabff,7b43c2342d7676aa65cc9ee233b2184c9eae88f2663874af7ab1b83282f94ab4,6ffd10b28ab050230cdc1137f0bd16155c3a7c587add7fbe921d985fa92879fe,,,,893f08c79597799290986a8becff251cff2156de64bc24b36868319ccfde89f7,"pcm-meta-v2:{""protocol"":""r9.2-frozen-identity-v9"",""message"":""C requested=flat effective=flat; steps=1 feedback=0; network includes CONSTRUCT, feedback INSERT, and cleanup DELETE"",""cell_wall_ms"":535.189,""answer_kind"":""term-aware-candidate-set-v1"",""answer_key_count"":29,""answer_fingerprint"":""83e6802522ac81e6f6bd1117188c9b5a244507ef0829840c5066c9ce37fb3257"",""c_parse_samples"":[5.678],""c_protocol_samples"":[{""requested_mode"":""flat"",""effective_mode"":""flat"",""fallback_reason"":null,""plan_steps"":1,""feedback_steps"":0,""feedback_triples"":0,""construct_query_ms"":169.198,""feedback_update_ms"":0.0,""cleanup_ms"":0.0,""client_protocol_ms"":0.0,""network_scope"":""construct+feedback+cleanup"",""circuit_sha256"":""e4151634c891810c23ae18b5bf98a39442ae6058422268a3e91f51ae679a0392"",""answer_fingerprint"":""83e6802522ac81e6f6bd1117188c9b5a244507ef0829840c5066c9ce37fb3257"",""semantic_signature_sha256"":""42e54cdd2c1f4cfa8a7c9784e3e89d9fffe0fa52082d7d672fd809996698e4d5"",""structure_signature"":{""gates"":58,""edges"":87,""answers"":29,""derivations"":29,""leaves"":58,""plus"":29,""minus"":0,""nodes"":116,""canonical_bytes"":54531},""construct_total_ms"":175.846,""client_unattributed_ms"":0.969}],""construct_total_samples"":[175.846],""construct_unattributed_samples"":[0.969],""status"":""ok"",""status_evidence"":null,""c_warmup_signatures"":[],""measured_semantic_signature_sha256"":""42e54cdd2c1f4cfa8a7c9784e3e89d9fffe0fa52082d7d672fd809996698e4d5"",""measured_repetitions_consistent"":true,""cache_snapshot_ms"":1.465,""cache_snapshot_scope"":""first-measured-response; deferred until all runs succeeded"",""outside_cell_cache_write_ms"":6.095,""endpoint_lock"":{""wait_ms"":0.007,""lock_path"":""/tmp/sparqlcirc-r9-endpoint-locks-v7/95f85b19db76321fdab33c70bb05485617743f83e3c9c07ce9e365b03fd9b106.lock""},""construction_requested"":""flat"",""construction_effective"":""flat"",""circuit_sha256"":""e4151634c891810c23ae18b5bf98a39442ae6058422268a3e91f51ae679a0392"",""circuit_triples"":348,""circuit_bytes"":54531,""circuit_path"":""/mnt/nfs/home/ac145595/workspace/rq3-artifacts/circuits/rq2-flat-10m/6a5c40f28fc1efcf93f4f8de194ff48179bad43fdcace9ac6f264dd26c62dadf-e4151634c891810c23ae18b5bf98a39442ae6058422268a3e91f51ae679a0392.nt"",""metadata_path"":""/mnt/nfs/home/ac145595/workspace/rq3-artifacts/circuits/rq2-flat-10m/6a5c40f28fc1efcf93f4f8de194ff48179bad43fdcace9ac6f264dd26c62dadf-e4151634c891810c23ae18b5bf98a39442ae6058422268a3e91f51ae679a0392.json"",""producer_observation_sha256"":""8c984469761674c6b3a2de56408efd11995955ea98d96c2a73614392c3337702"",""sidecar_sha256"":""1acb7b6b64035699196ab5bf3d7757a33658f8b006fb6c881ed9b00bbfbd7bdd"",""commit"":""d9e1b6cc1a4afff7a81c3e65b90bde9356ff9aa3"",""batch_id"":""5e66981b47271e372e34b2648567c4697a76abcf68b458d64bcf49b24f8b8dcb"",""query_sha256"":""6a5c40f28fc1efcf93f4f8de194ff48179bad43fdcace9ac6f264dd26c62dadf"",""engine"":""graphdb"",""engine_version"":""GraphDB (RDF4J) [engines.json profile]"",""scale"":""10M"",""base_endpoint_sha256"":""d469fb81abed135738f704ddf57de41e98939ca5bbb2509a18a42b807368aa35"",""reified_endpoint_sha256"":""1dd1196abdf2d40865f5b4bc27acd5317de9ef00443776c930991278501566aa"",""update_endpoint_sha256"":""84611d18787ae81d7e9fa8ea2c2cf2319e90db0620f009a8ca19b85486a57c7a"",""base_data_identity_sha256"":""59fb59a04cd20e6dec9ee47cf1de02734068a3328cade998a3fc44a746054ea8"",""reified_data_identity_sha256"":""a42a308bd2c5294f3aa79a1a3b15804d4137fd68d7677d9adc037e257a217e76"",""update_for"":""reified"",""access_mode"":""writable"",""base_data_name"":""exploratory-base"",""reified_data_name"":""exploratory-reified"",""update_canary_sha256"":""41997fb8640d9e765a0272879a63548eb9bd46bbf6e49da02b7c924e506b94f7"",""store_instance_sha256"":""95f85b19db76321fdab33c70bb05485617743f83e3c9c07ce9e365b03fd9b106"",""store_discriminator_sha256"":""f9ff8d30db2db1840ca1585b5598b1cf4d1d06ac2adb86a55b430669507fabff"",""tool_sha256"":""7b43c2342d7676aa65cc9ee233b2184c9eae88f2663874af7ab1b83282f94ab4"",""java_runtime_sha256"":""6ffd10b28ab050230cdc1137f0bd16155c3a7c587add7fbe921d985fa92879fe"",""run_identity_sha256"":""893f08c79597799290986a8becff251cff2156de64bc24b36868319ccfde89f7""}"
d9e1b6cc1a4afff7a81c3e65b90bde9356ff9aa3,graphdb,GraphDB (RDF4J) [engines.json profile],10M,L,L5,00,2e23cd396e2dd8542fcd6dc9541c69d45cb250a36faed0467b475b4adcca3ac6,N,N_clean (NPCS reimplementation),ok,38,470.3,470.3,470.3,470.3,0.0,0,1,900.0,10243,0.0,,,,38,191.501502,[470.281],[0.0],,[],,[],,[],r9.2-frozen-identity-v9,5e66981b47271e372e34b2648567c4697a76abcf68b458d64bcf49b24f8b8dcb,csv-candidate-multiset-v1,38,5ba1192da9e86dd517c6063a27ee9f1d334b60ea48a790a092dbde043e1409a8,,,,,,,,d469fb81abed135738f704ddf57de41e98939ca5bbb2509a18a42b807368aa35,1dd1196abdf2d40865f5b4bc27acd5317de9ef00443776c930991278501566aa,84611d18787ae81d7e9fa8ea2c2cf2319e90db0620f009a8ca19b85486a57c7a,59fb59a04cd20e6dec9ee47cf1de02734068a3328cade998a3fc44a746054ea8,a42a308bd2c5294f3aa79a1a3b15804d4137fd68d7677d9adc037e257a217e76,reified,writable,exploratory-base,exploratory-reified,41997fb8640d9e765a0272879a63548eb9bd46bbf6e49da02b7c924e506b94f7,95f85b19db76321fdab33c70bb05485617743f83e3c9c07ce9e365b03fd9b106,f9ff8d30db2db1840ca1585b5598b1cf4d1d06ac2adb86a55b430669507fabff,7b43c2342d7676aa65cc9ee233b2184c9eae88f2663874af7ab1b83282f94ab4,6ffd10b28ab050230cdc1137f0bd16155c3a7c587add7fbe921d985fa92879fe,38,0,114,f08b66ace556615ca39c333d223b630a57f38a1d35001d015e4d2f82841393e0,"pcm-meta-v2:{""protocol"":""r9.2-frozen-identity-v9"",""message"":"""",""cell_wall_ms"":669.976,""answer_kind"":""csv-candidate-multiset-v1"",""answer_key_count"":38,""answer_fingerprint"":""5ba1192da9e86dd517c6063a27ee9f1d334b60ea48a790a092dbde043e1409a8"",""c_parse_samples"":[0.0],""c_protocol_samples"":[],""construct_total_samples"":[],""construct_unattributed_samples"":[],""status"":""ok"",""status_evidence"":null,""construction_requested"":null,""construction_effective"":null,""commit"":""d9e1b6cc1a4afff7a81c3e65b90bde9356ff9aa3"",""batch_id"":""5e66981b47271e372e34b2648567c4697a76abcf68b458d64bcf49b24f8b8dcb"",""query_sha256"":""2e23cd396e2dd8542fcd6dc9541c69d45cb250a36faed0467b475b4adcca3ac6"",""engine"":""graphdb"",""engine_version"":""GraphDB (RDF4J) [engines.json profile]"",""scale"":""10M"",""base_endpoint_sha256"":""d469fb81abed135738f704ddf57de41e98939ca5bbb2509a18a42b807368aa35"",""reified_endpoint_sha256"":""1dd1196abdf2d40865f5b4bc27acd5317de9ef00443776c930991278501566aa"",""update_endpoint_sha256"":""84611d18787ae81d7e9fa8ea2c2cf2319e90db0620f009a8ca19b85486a57c7a"",""base_data_identity_sha256"":""59fb59a04cd20e6dec9ee47cf1de02734068a3328cade998a3fc44a746054ea8"",""reified_data_identity_sha256"":""a42a308bd2c5294f3aa79a1a3b15804d4137fd68d7677d9adc037e257a217e76"",""update_for"":""reified"",""access_mode"":""writable"",""base_data_name"":""exploratory-base"",""reified_data_name"":""exploratory-reified"",""update_canary_sha256"":""41997fb8640d9e765a0272879a63548eb9bd46bbf6e49da02b7c924e506b94f7"",""store_instance_sha256"":""95f85b19db76321fdab33c70bb05485617743f83e3c9c07ce9e365b03fd9b106"",""store_discriminator_sha256"":""f9ff8d30db2db1840ca1585b5598b1cf4d1d06ac2adb86a55b430669507fabff"",""tool_sha256"":""7b43c2342d7676aa65cc9ee233b2184c9eae88f2663874af7ab1b83282f94ab4"",""java_runtime_sha256"":""6ffd10b28ab050230cdc1137f0bd16155c3a7c587add7fbe921d985fa92879fe"",""run_identity_sha256"":""f08b66ace556615ca39c333d223b630a57f38a1d35001d015e4d2f82841393e0""}"
d9e1b6cc1a4afff7a81c3e65b90bde9356ff9aa3,graphdb,GraphDB (RDF4J) [engines.json profile],10M,L,L5,00,2e23cd396e2dd8542fcd6dc9541c69d45cb250a36faed0467b475b4adcca3ac6,C,SPARQLcirc CircuitRewriter,ok,38,1794.7,1794.7,1794.7,1794.7,0.0,0,1,900.0,94128,9.7,76,152,38,,365.470746,[1794.696],[9.703],0.0,[0.0],1805.0,[1805.03],0.6,[0.63],r9.2-frozen-identity-v9,5e66981b47271e372e34b2648567c4697a76abcf68b458d64bcf49b24f8b8dcb,term-aware-candidate-set-v1,38,e35d1fc84127bb38d0fba2002b6d9131026fe663b375fecf61faf026eeb54a50,flat,flat,59118a5d14c1207c1c3d9f4e102b9d94ae1e25f76bd35fce7d12e0a9507c2206,/mnt/nfs/home/ac145595/workspace/rq3-artifacts/circuits/rq2-flat-10m/2e23cd396e2dd8542fcd6dc9541c69d45cb250a36faed0467b475b4adcca3ac6-59118a5d14c1207c1c3d9f4e102b9d94ae1e25f76bd35fce7d12e0a9507c2206.nt,/mnt/nfs/home/ac145595/workspace/rq3-artifacts/circuits/rq2-flat-10m/2e23cd396e2dd8542fcd6dc9541c69d45cb250a36faed0467b475b4adcca3ac6-59118a5d14c1207c1c3d9f4e102b9d94ae1e25f76bd35fce7d12e0a9507c2206.json,232a8fba2bed59b7e2635edf3c0c26c9449964d6d86599d914e5698458152132,fca75e0f9e042136af7b458b8cd910897e3f63ab17971ca02bdd7474cb55f8bb,d469fb81abed135738f704ddf57de41e98939ca5bbb2509a18a42b807368aa35,1dd1196abdf2d40865f5b4bc27acd5317de9ef00443776c930991278501566aa,84611d18787ae81d7e9fa8ea2c2cf2319e90db0620f009a8ca19b85486a57c7a,59fb59a04cd20e6dec9ee47cf1de02734068a3328cade998a3fc44a746054ea8,a42a308bd2c5294f3aa79a1a3b15804d4137fd68d7677d9adc037e257a217e76,reified,writable,exploratory-base,exploratory-reified,41997fb8640d9e765a0272879a63548eb9bd46bbf6e49da02b7c924e506b94f7,95f85b19db76321fdab33c70bb05485617743f83e3c9c07ce9e365b03fd9b106,f9ff8d30db2db1840ca1585b5598b1cf4d1d06ac2adb86a55b430669507fabff,7b43c2342d7676aa65cc9ee233b2184c9eae88f2663874af7ab1b83282f94ab4,6ffd10b28ab050230cdc1137f0bd16155c3a7c587add7fbe921d985fa92879fe,,,,f08b66ace556615ca39c333d223b630a57f38a1d35001d015e4d2f82841393e0,"pcm-meta-v2:{""protocol"":""r9.2-frozen-identity-v9"",""message"":""C requested=flat effective=flat; steps=1 feedback=0; network includes CONSTRUCT, feedback INSERT, and cleanup DELETE"",""cell_wall_ms"":2177.518,""answer_kind"":""term-aware-candidate-set-v1"",""answer_key_count"":38,""answer_fingerprint"":""e35d1fc84127bb38d0fba2002b6d9131026fe663b375fecf61faf026eeb54a50"",""c_parse_samples"":[9.703],""c_protocol_samples"":[{""requested_mode"":""flat"",""effective_mode"":""flat"",""fallback_reason"":null,""plan_steps"":1,""feedback_steps"":0,""feedback_triples"":0,""construct_query_ms"":1794.696,""feedback_update_ms"":0.0,""cleanup_ms"":0.0,""client_protocol_ms"":0.0,""network_scope"":""construct+feedback+cleanup"",""circuit_sha256"":""59118a5d14c1207c1c3d9f4e102b9d94ae1e25f76bd35fce7d12e0a9507c2206"",""answer_fingerprint"":""e35d1fc84127bb38d0fba2002b6d9131026fe663b375fecf61faf026eeb54a50"",""semantic_signature_sha256"":""0962b6218ab8fa6b1d05f78adf2b83dc29d346b284bf57889def5bb4c44f04b7"",""structure_signature"":{""gates"":76,""edges"":152,""answers"":38,""derivations"":38,""leaves"":77,""plus"":38,""minus"":0,""nodes"":153,""canonical_bytes"":94128},""construct_total_ms"":1805.03,""client_unattributed_ms"":0.63}],""construct_total_samples"":[1805.03],""construct_unattributed_samples"":[0.63],""status"":""ok"",""status_evidence"":null,""c_warmup_signatures"":[],""measured_semantic_signature_sha256"":""0962b6218ab8fa6b1d05f78adf2b83dc29d346b284bf57889def5bb4c44f04b7"",""measured_repetitions_consistent"":true,""cache_snapshot_ms"":2.137,""cache_snapshot_scope"":""first-measured-response; deferred until all runs succeeded"",""outside_cell_cache_write_ms"":7.562,""endpoint_lock"":{""wait_ms"":0.007,""lock_path"":""/tmp/sparqlcirc-r9-endpoint-locks-v7/95f85b19db76321fdab33c70bb05485617743f83e3c9c07ce9e365b03fd9b106.lock""},""construction_requested"":""flat"",""construction_effective"":""flat"",""circuit_sha256"":""59118a5d14c1207c1c3d9f4e102b9d94ae1e25f76bd35fce7d12e0a9507c2206"",""circuit_triples"":608,""circuit_bytes"":94128,""circuit_path"":""/mnt/nfs/home/ac145595/workspace/rq3-artifacts/circuits/rq2-flat-10m/2e23cd396e2dd8542fcd6dc9541c69d45cb250a36faed0467b475b4adcca3ac6-59118a5d14c1207c1c3d9f4e102b9d94ae1e25f76bd35fce7d12e0a9507c2206.nt"",""metadata_path"":""/mnt/nfs/home/ac145595/workspace/rq3-artifacts/circuits/rq2-flat-10m/2e23cd396e2dd8542fcd6dc9541c69d45cb250a36faed0467b475b4adcca3ac6-59118a5d14c1207c1c3d9f4e102b9d94ae1e25f76bd35fce7d12e0a9507c2206.json"",""producer_observation_sha256"":""232a8fba2bed59b7e2635edf3c0c26c9449964d6d86599d914e5698458152132"",""sidecar_sha256"":""fca75e0f9e042136af7b458b8cd910897e3f63ab17971ca02bdd7474cb55f8bb"",""commit"":""d9e1b6cc1a4afff7a81c3e65b90bde9356ff9aa3"",""batch_id"":""5e66981b47271e372e34b2648567c4697a76abcf68b458d64bcf49b24f8b8dcb"",""query_sha256"":""2e23cd396e2dd8542fcd6dc9541c69d45cb250a36faed0467b475b4adcca3ac6"",""engine"":""graphdb"",""engine_version"":""GraphDB (RDF4J) [engines.json profile]"",""scale"":""10M"",""base_endpoint_sha256"":""d469fb81abed135738f704ddf57de41e98939ca5bbb2509a18a42b807368aa35"",""reified_endpoint_sha256"":""1dd1196abdf2d40865f5b4bc27acd5317de9ef00443776c930991278501566aa"",""update_endpoint_sha256"":""84611d18787ae81d7e9fa8ea2c2cf2319e90db0620f009a8ca19b85486a57c7a"",""base_data_identity_sha256"":""59fb59a04cd20e6dec9ee47cf1de02734068a3328cade998a3fc44a746054ea8"",""reified_data_identity_sha256"":""a42a308bd2c5294f3aa79a1a3b15804d4137fd68d7677d9adc037e257a217e76"",""update_for"":""reified"",""access_mode"":""writable"",""base_data_name"":""exploratory-base"",""reified_data_name"":""exploratory-reified"",""update_canary_sha256"":""41997fb8640d9e765a0272879a63548eb9bd46bbf6e49da02b7c924e506b94f7"",""store_instance_sha256"":""95f85b19db76321fdab33c70bb05485617743f83e3c9c07ce9e365b03fd9b106"",""store_discriminator_sha256"":""f9ff8d30db2db1840ca1585b5598b1cf4d1d06ac2adb86a55b430669507fabff"",""tool_sha256"":""7b43c2342d7676aa65cc9ee233b2184c9eae88f2663874af7ab1b83282f94ab4"",""java_runtime_sha256"":""6ffd10b28ab050230cdc1137f0bd16155c3a7c587add7fbe921d985fa92879fe"",""run_identity_sha256"":""f08b66ace556615ca39c333d223b630a57f38a1d35001d015e4d2f82841393e0""}"
d9e1b6cc1a4afff7a81c3e65b90bde9356ff9aa3,graphdb,GraphDB (RDF4J) [engines.json profile],10M,O,O1,00,0f31130653f6c7f7dad353eb0c056676430f43d831aa1c986bb0e5cfe3f2b72c,N,N_clean (NPCS reimplementation),ok,51,417.0,417.0,417.0,417.0,0.0,0,1,900.0,8065,0.0,,,,53,183.769964,[416.962],[0.0],,[],,[],,[],r9.2-frozen-identity-v9,5e66981b47271e372e34b2648567c4697a76abcf68b458d64bcf49b24f8b8dcb,csv-candidate-multiset-v1,51,6b76ee39047e26bb7d84045e6ecda0528341f83c48258192969f3ed67b7c2249,,,,,,,,d469fb81abed135738f704ddf57de41e98939ca5bbb2509a18a42b807368aa35,1dd1196abdf2d40865f5b4bc27acd5317de9ef00443776c930991278501566aa,84611d18787ae81d7e9fa8ea2c2cf2319e90db0620f009a8ca19b85486a57c7a,59fb59a04cd20e6dec9ee47cf1de02734068a3328cade998a3fc44a746054ea8,a42a308bd2c5294f3aa79a1a3b15804d4137fd68d7677d9adc037e257a217e76,reified,writable,exploratory-base,exploratory-reified,41997fb8640d9e765a0272879a63548eb9bd46bbf6e49da02b7c924e506b94f7,95f85b19db76321fdab33c70bb05485617743f83e3c9c07ce9e365b03fd9b106,f9ff8d30db2db1840ca1585b5598b1cf4d1d06ac2adb86a55b430669507fabff,7b43c2342d7676aa65cc9ee233b2184c9eae88f2663874af7ab1b83282f94ab4,6ffd10b28ab050230cdc1137f0bd16155c3a7c587add7fbe921d985fa92879fe,153,49,106,5b3fd07201e7b1f94df4a7c22147b2ebe468db696faf173a3e96ba5fc943ee04,"pcm-meta-v2:{""protocol"":""r9.2-frozen-identity-v9"",""message"":"""",""cell_wall_ms"":609.018,""answer_kind"":""csv-candidate-multiset-v1"",""answer_key_count"":51,""answer_fingerprint"":""6b76ee39047e26bb7d84045e6ecda0528341f83c48258192969f3ed67b7c2249"",""c_parse_samples"":[0.0],""c_protocol_samples"":[],""construct_total_samples"":[],""construct_unattributed_samples"":[],""status"":""ok"",""status_evidence"":null,""construction_requested"":null,""construction_effective"":null,""commit"":""d9e1b6cc1a4afff7a81c3e65b90bde9356ff9aa3"",""batch_id"":""5e66981b47271e372e34b2648567c4697a76abcf68b458d64bcf49b24f8b8dcb"",""query_sha256"":""0f31130653f6c7f7dad353eb0c056676430f43d831aa1c986bb0e5cfe3f2b72c"",""engine"":""graphdb"",""engine_version"":""GraphDB (RDF4J) [engines.json profile]"",""scale"":""10M"",""base_endpoint_sha256"":""d469fb81abed135738f704ddf57de41e98939ca5bbb2509a18a42b807368aa35"",""reified_endpoint_sha256"":""1dd1196abdf2d40865f5b4bc27acd5317de9ef00443776c930991278501566aa"",""update_endpoint_sha256"":""84611d18787ae81d7e9fa8ea2c2cf2319e90db0620f009a8ca19b85486a57c7a"",""base_data_identity_sha256"":""59fb59a04cd20e6dec9ee47cf1de02734068a3328cade998a3fc44a746054ea8"",""reified_data_identity_sha256"":""a42a308bd2c5294f3aa79a1a3b15804d4137fd68d7677d9adc037e257a217e76"",""update_for"":""reified"",""access_mode"":""writable"",""base_data_name"":""exploratory-base"",""reified_data_name"":""exploratory-reified"",""update_canary_sha256"":""41997fb8640d9e765a0272879a63548eb9bd46bbf6e49da02b7c924e506b94f7"",""store_instance_sha256"":""95f85b19db76321fdab33c70bb05485617743f83e3c9c07ce9e365b03fd9b106"",""store_discriminator_sha256"":""f9ff8d30db2db1840ca1585b5598b1cf4d1d06ac2adb86a55b430669507fabff"",""tool_sha256"":""7b43c2342d7676aa65cc9ee233b2184c9eae88f2663874af7ab1b83282f94ab4"",""java_runtime_sha256"":""6ffd10b28ab050230cdc1137f0bd16155c3a7c587add7fbe921d985fa92879fe"",""run_identity_sha256"":""5b3fd07201e7b1f94df4a7c22147b2ebe468db696faf173a3e96ba5fc943ee04""}"
d9e1b6cc1a4afff7a81c3e65b90bde9356ff9aa3,graphdb,GraphDB (RDF4J) [engines.json profile],10M,O,O1,00,0f31130653f6c7f7dad353eb0c056676430f43d831aa1c986bb0e5cfe3f2b72c,C,SPARQLcirc CircuitRewriter,ok,51,11249.4,11249.4,11249.4,11249.4,0.0,0,1,900.0,1593168,172.6,5251,5208,2552,,392.134264,[11249.426],[172.647],0.0,[0.0],11425.5,[11425.481],3.4,[3.408],r9.2-frozen-identity-v9,5e66981b47271e372e34b2648567c4697a76abcf68b458d64bcf49b24f8b8dcb,term-aware-candidate-set-v1,51,f2b9dc280b9dc88feef8cd205ef7b89c076f7a65571b463e8e111865707a98ac,flat,flat,b724549b64797fb670080b96ac3531f39402b5dafce599dfb3a5d192e91ea863,/mnt/nfs/home/ac145595/workspace/rq3-artifacts/circuits/rq2-flat-10m/0f31130653f6c7f7dad353eb0c056676430f43d831aa1c986bb0e5cfe3f2b72c-b724549b64797fb670080b96ac3531f39402b5dafce599dfb3a5d192e91ea863.nt,/mnt/nfs/home/ac145595/workspace/rq3-artifacts/circuits/rq2-flat-10m/0f31130653f6c7f7dad353eb0c056676430f43d831aa1c986bb0e5cfe3f2b72c-b724549b64797fb670080b96ac3531f39402b5dafce599dfb3a5d192e91ea863.json,7c12e7e5ff36e010a21907494cf56afd8d3c85d8193899d2c7f52d36d103fbc8,5ed2f7207eb859d5d85c387f013c10962de40e9421e1107027611693e2e74daf,d469fb81abed135738f704ddf57de41e98939ca5bbb2509a18a42b807368aa35,1dd1196abdf2d40865f5b4bc27acd5317de9ef00443776c930991278501566aa,84611d18787ae81d7e9fa8ea2c2cf2319e90db0620f009a8ca19b85486a57c7a,59fb59a04cd20e6dec9ee47cf1de02734068a3328cade998a3fc44a746054ea8,a42a308bd2c5294f3aa79a1a3b15804d4137fd68d7677d9adc037e257a217e76,reified,writable,exploratory-base,exploratory-reified,41997fb8640d9e765a0272879a63548eb9bd46bbf6e49da02b7c924e506b94f7,95f85b19db76321fdab33c70bb05485617743f83e3c9c07ce9e365b03fd9b106,f9ff8d30db2db1840ca1585b5598b1cf4d1d06ac2adb86a55b430669507fabff,7b43c2342d7676aa65cc9ee233b2184c9eae88f2663874af7ab1b83282f94ab4,6ffd10b28ab050230cdc1137f0bd16155c3a7c587add7fbe921d985fa92879fe,,,,5b3fd07201e7b1f94df4a7c22147b2ebe468db696faf173a3e96ba5fc943ee04,"pcm-meta-v2:{""protocol"":""r9.2-frozen-identity-v9"",""message"":""C requested=flat effective=flat; steps=5 feedback=0; network includes CONSTRUCT, feedback INSERT, and cleanup DELETE"",""cell_wall_ms"":11855.266,""answer_kind"":""term-aware-candidate-set-v1"",""answer_key_count"":51,""answer_fingerprint"":""f2b9dc280b9dc88feef8cd205ef7b89c076f7a65571b463e8e111865707a98ac"",""c_parse_samples"":[172.647],""c_protocol_samples"":[{""requested_mode"":""flat"",""effective_mode"":""flat"",""fallback_reason"":null,""plan_steps"":5,""feedback_steps"":0,""feedback_triples"":0,""construct_query_ms"":11249.426,""feedback_update_ms"":0.0,""cleanup_ms"":0.0,""client_protocol_ms"":0.0,""network_scope"":""construct+feedback+cleanup"",""circuit_sha256"":""b724549b64797fb670080b96ac3531f39402b5dafce599dfb3a5d192e91ea863"",""answer_fingerprint"":""f2b9dc280b9dc88feef8cd205ef7b89c076f7a65571b463e8e111865707a98ac"",""semantic_signature_sha256"":""7fddb256603a04cc9ab454172b942fb9eb69aa6b72deab800e83adea912b8d8d"",""structure_signature"":{""gates"":5251,""edges"":5208,""answers"":51,""derivations"":2552,""leaves"":2555,""plus"":2650,""minus"":49,""nodes"":7806,""canonical_bytes"":1593168},""construct_total_ms"":11425.481,""client_unattributed_ms"":3.408}],""construct_total_samples"":[11425.481],""construct_unattributed_samples"":[3.408],""status"":""ok"",""status_evidence"":null,""c_warmup_signatures"":[],""measured_semantic_signature_sha256"":""7fddb256603a04cc9ab454172b942fb9eb69aa6b72deab800e83adea912b8d8d"",""measured_repetitions_consistent"":true,""cache_snapshot_ms"":31.856,""cache_snapshot_scope"":""first-measured-response; deferred until all runs succeeded"",""outside_cell_cache_write_ms"":80.624,""endpoint_lock"":{""wait_ms"":0.007,""lock_path"":""/tmp/sparqlcirc-r9-endpoint-locks-v7/95f85b19db76321fdab33c70bb05485617743f83e3c9c07ce9e365b03fd9b106.lock""},""construction_requested"":""flat"",""construction_effective"":""flat"",""circuit_sha256"":""b724549b64797fb670080b96ac3531f39402b5dafce599dfb3a5d192e91ea863"",""circuit_triples"":11018,""circuit_bytes"":1593168,""circuit_path"":""/mnt/nfs/home/ac145595/workspace/rq3-artifacts/circuits/rq2-flat-10m/0f31130653f6c7f7dad353eb0c056676430f43d831aa1c986bb0e5cfe3f2b72c-b724549b64797fb670080b96ac3531f39402b5dafce599dfb3a5d192e91ea863.nt"",""metadata_path"":""/mnt/nfs/home/ac145595/workspace/rq3-artifacts/circuits/rq2-flat-10m/0f31130653f6c7f7dad353eb0c056676430f43d831aa1c986bb0e5cfe3f2b72c-b724549b64797fb670080b96ac3531f39402b5dafce599dfb3a5d192e91ea863.json"",""producer_observation_sha256"":""7c12e7e5ff36e010a21907494cf56afd8d3c85d8193899d2c7f52d36d103fbc8"",""sidecar_sha256"":""5ed2f7207eb859d5d85c387f013c10962de40e9421e1107027611693e2e74daf"",""commit"":""d9e1b6cc1a4afff7a81c3e65b90bde9356ff9aa3"",""batch_id"":""5e66981b47271e372e34b2648567c4697a76abcf68b458d64bcf49b24f8b8dcb"",""query_sha256"":""0f31130653f6c7f7dad353eb0c056676430f43d831aa1c986bb0e5cfe3f2b72c"",""engine"":""graphdb"",""engine_version"":""GraphDB (RDF4J) [engines.json profile]"",""scale"":""10M"",""base_endpoint_sha256"":""d469fb81abed135738f704ddf57de41e98939ca5bbb2509a18a42b807368aa35"",""reified_endpoint_sha256"":""1dd1196abdf2d40865f5b4bc27acd5317de9ef00443776c930991278501566aa"",""update_endpoint_sha256"":""84611d18787ae81d7e9fa8ea2c2cf2319e90db0620f009a8ca19b85486a57c7a"",""base_data_identity_sha256"":""59fb59a04cd20e6dec9ee47cf1de02734068a3328cade998a3fc44a746054ea8"",""reified_data_identity_sha256"":""a42a308bd2c5294f3aa79a1a3b15804d4137fd68d7677d9adc037e257a217e76"",""update_for"":""reified"",""access_mode"":""writable"",""base_data_name"":""exploratory-base"",""reified_data_name"":""exploratory-reified"",""update_canary_sha256"":""41997fb8640d9e765a0272879a63548eb9bd46bbf6e49da02b7c924e506b94f7"",""store_instance_sha256"":""95f85b19db76321fdab33c70bb05485617743f83e3c9c07ce9e365b03fd9b106"",""store_discriminator_sha256"":""f9ff8d30db2db1840ca1585b5598b1cf4d1d06ac2adb86a55b430669507fabff"",""tool_sha256"":""7b43c2342d7676aa65cc9ee233b2184c9eae88f2663874af7ab1b83282f94ab4"",""java_runtime_sha256"":""6ffd10b28ab050230cdc1137f0bd16155c3a7c587add7fbe921d985fa92879fe"",""run_identity_sha256"":""5b3fd07201e7b1f94df4a7c22147b2ebe468db696faf173a3e96ba5fc943ee04""}"
d9e1b6cc1a4afff7a81c3e65b90bde9356ff9aa3,graphdb,GraphDB (RDF4J) [engines.json profile],10M,O,O2,00,e2353d138cc41a9c8013909b8e8b380cf7ba04e2544b8ca784e13ce0c7009eb6,N,N_clean (NPCS reimplementation),ok,63,2922.3,2922.3,2922.3,2922.3,0.0,0,1,900.0,9243,0.0,,,,112,189.590173,[2922.259],[0.0],,[],,[],,[],r9.2-frozen-identity-v9,5e66981b47271e372e34b2648567c4697a76abcf68b458d64bcf49b24f8b8dcb,csv-candidate-multiset-v1,63,dbc3fc8a974a6ae60ca28ffbf94e0450ac8b5067c75ec95a903f300354d807e1,,,,,,,,d469fb81abed135738f704ddf57de41e98939ca5bbb2509a18a42b807368aa35,1dd1196abdf2d40865f5b4bc27acd5317de9ef00443776c930991278501566aa,84611d18787ae81d7e9fa8ea2c2cf2319e90db0620f009a8ca19b85486a57c7a,59fb59a04cd20e6dec9ee47cf1de02734068a3328cade998a3fc44a746054ea8,a42a308bd2c5294f3aa79a1a3b15804d4137fd68d7677d9adc037e257a217e76,reified,writable,exploratory-base,exploratory-reified,41997fb8640d9e765a0272879a63548eb9bd46bbf6e49da02b7c924e506b94f7,95f85b19db76321fdab33c70bb05485617743f83e3c9c07ce9e365b03fd9b106,f9ff8d30db2db1840ca1585b5598b1cf4d1d06ac2adb86a55b430669507fabff,7b43c2342d7676aa65cc9ee233b2184c9eae88f2663874af7ab1b83282f94ab4,6ffd10b28ab050230cdc1137f0bd16155c3a7c587add7fbe921d985fa92879fe,145,14,205,90c638cc87ecf6737f5da1ab0e1645398762ad05627d140c9d183e2c8bfa4334,"pcm-meta-v2:{""protocol"":""r9.2-frozen-identity-v9"",""message"":"""",""cell_wall_ms"":3120.409,""answer_kind"":""csv-candidate-multiset-v1"",""answer_key_count"":63,""answer_fingerprint"":""dbc3fc8a974a6ae60ca28ffbf94e0450ac8b5067c75ec95a903f300354d807e1"",""c_parse_samples"":[0.0],""c_protocol_samples"":[],""construct_total_samples"":[],""construct_unattributed_samples"":[],""status"":""ok"",""status_evidence"":null,""construction_requested"":null,""construction_effective"":null,""commit"":""d9e1b6cc1a4afff7a81c3e65b90bde9356ff9aa3"",""batch_id"":""5e66981b47271e372e34b2648567c4697a76abcf68b458d64bcf49b24f8b8dcb"",""query_sha256"":""e2353d138cc41a9c8013909b8e8b380cf7ba04e2544b8ca784e13ce0c7009eb6"",""engine"":""graphdb"",""engine_version"":""GraphDB (RDF4J) [engines.json profile]"",""scale"":""10M"",""base_endpoint_sha256"":""d469fb81abed135738f704ddf57de41e98939ca5bbb2509a18a42b807368aa35"",""reified_endpoint_sha256"":""1dd1196abdf2d40865f5b4bc27acd5317de9ef00443776c930991278501566aa"",""update_endpoint_sha256"":""84611d18787ae81d7e9fa8ea2c2cf2319e90db0620f009a8ca19b85486a57c7a"",""base_data_identity_sha256"":""59fb59a04cd20e6dec9ee47cf1de02734068a3328cade998a3fc44a746054ea8"",""reified_data_identity_sha256"":""a42a308bd2c5294f3aa79a1a3b15804d4137fd68d7677d9adc037e257a217e76"",""update_for"":""reified"",""access_mode"":""writable"",""base_data_name"":""exploratory-base"",""reified_data_name"":""exploratory-reified"",""update_canary_sha256"":""41997fb8640d9e765a0272879a63548eb9bd46bbf6e49da02b7c924e506b94f7"",""store_instance_sha256"":""95f85b19db76321fdab33c70bb05485617743f83e3c9c07ce9e365b03fd9b106"",""store_discriminator_sha256"":""f9ff8d30db2db1840ca1585b5598b1cf4d1d06ac2adb86a55b430669507fabff"",""tool_sha256"":""7b43c2342d7676aa65cc9ee233b2184c9eae88f2663874af7ab1b83282f94ab4"",""java_runtime_sha256"":""6ffd10b28ab050230cdc1137f0bd16155c3a7c587add7fbe921d985fa92879fe"",""run_identity_sha256"":""90c638cc87ecf6737f5da1ab0e1645398762ad05627d140c9d183e2c8bfa4334""}"
d9e1b6cc1a4afff7a81c3e65b90bde9356ff9aa3,graphdb,GraphDB (RDF4J) [engines.json profile],10M,O,O2,00,e2353d138cc41a9c8013909b8e8b380cf7ba04e2544b8ca784e13ce0c7009eb6,C,SPARQLcirc CircuitRewriter,ok,63,17226.2,17226.2,17226.2,17226.2,0.0,0,1,900.0,64994748,8164.7,224970,225040,112464,,364.070884,[17226.171],[8164.705],0.0,[0.0],25745.2,[25745.25],354.4,[354.374],r9.2-frozen-identity-v9,5e66981b47271e372e34b2648567c4697a76abcf68b458d64bcf49b24f8b8dcb,term-aware-candidate-set-v1,63,3c1096c7b1f4f1b47fea216d40b93e1535013aed23ce1287d4f0c76401995f00,flat,flat,d2c651689e46dd84cda554e280452fd9ecb0e37efa501ab54637551c4efb0c47,/mnt/nfs/home/ac145595/workspace/rq3-artifacts/circuits/rq2-flat-10m/e2353d138cc41a9c8013909b8e8b380cf7ba04e2544b8ca784e13ce0c7009eb6-d2c651689e46dd84cda554e280452fd9ecb0e37efa501ab54637551c4efb0c47.nt,/mnt/nfs/home/ac145595/workspace/rq3-artifacts/circuits/rq2-flat-10m/e2353d138cc41a9c8013909b8e8b380cf7ba04e2544b8ca784e13ce0c7009eb6-d2c651689e46dd84cda554e280452fd9ecb0e37efa501ab54637551c4efb0c47.json,23c5567d54b5f3ae6bcaba2d514dc3d29f0caf477e6b0013db00f2cab29bc0dd,f6cd7725f0b42c06004c595a5daa82ebdf5cdc2c2d74497b7607b815e9150009,d469fb81abed135738f704ddf57de41e98939ca5bbb2509a18a42b807368aa35,1dd1196abdf2d40865f5b4bc27acd5317de9ef00443776c930991278501566aa,84611d18787ae81d7e9fa8ea2c2cf2319e90db0620f009a8ca19b85486a57c7a,59fb59a04cd20e6dec9ee47cf1de02734068a3328cade998a3fc44a746054ea8,a42a308bd2c5294f3aa79a1a3b15804d4137fd68d7677d9adc037e257a217e76,reified,writable,exploratory-base,exploratory-reified,41997fb8640d9e765a0272879a63548eb9bd46bbf6e49da02b7c924e506b94f7,95f85b19db76321fdab33c70bb05485617743f83e3c9c07ce9e365b03fd9b106,f9ff8d30db2db1840ca1585b5598b1cf4d1d06ac2adb86a55b430669507fabff,7b43c2342d7676aa65cc9ee233b2184c9eae88f2663874af7ab1b83282f94ab4,6ffd10b28ab050230cdc1137f0bd16155c3a7c587add7fbe921d985fa92879fe,,,,90c638cc87ecf6737f5da1ab0e1645398762ad05627d140c9d183e2c8bfa4334,"pcm-meta-v2:{""protocol"":""r9.2-frozen-identity-v9"",""message"":""C requested=flat effective=flat; steps=5 feedback=0; network includes CONSTRUCT, feedback INSERT, and cleanup DELETE"",""cell_wall_ms"":27794.259,""answer_kind"":""term-aware-candidate-set-v1"",""answer_key_count"":63,""answer_fingerprint"":""3c1096c7b1f4f1b47fea216d40b93e1535013aed23ce1287d4f0c76401995f00"",""c_parse_samples"":[8164.705],""c_protocol_samples"":[{""requested_mode"":""flat"",""effective_mode"":""flat"",""fallback_reason"":null,""plan_steps"":5,""feedback_steps"":0,""feedback_triples"":0,""construct_query_ms"":17226.171,""feedback_update_ms"":0.0,""cleanup_ms"":0.0,""client_protocol_ms"":0.0,""network_scope"":""construct+feedback+cleanup"",""circuit_sha256"":""d2c651689e46dd84cda554e280452fd9ecb0e37efa501ab54637551c4efb0c47"",""answer_fingerprint"":""3c1096c7b1f4f1b47fea216d40b93e1535013aed23ce1287d4f0c76401995f00"",""semantic_signature_sha256"":""ef281860cd04486959583e928bafee9f218aecce62e2ebb6651e8e072ded6c74"",""structure_signature"":{""gates"":224970,""edges"":225040,""answers"":63,""derivations"":112464,""leaves"":112415,""plus"":112492,""minus"":14,""nodes"":337385,""canonical_bytes"":64994748},""construct_total_ms"":25745.25,""client_unattributed_ms"":354.374}],""construct_total_samples"":[25745.25],""construct_unattributed_samples"":[354.374],""status"":""ok"",""status_evidence"":null,""c_warmup_signatures"":[],""measured_semantic_signature_sha256"":""ef281860cd04486959583e928bafee9f218aecce62e2ebb6651e8e072ded6c74"",""measured_repetitions_consistent"":true,""cache_snapshot_ms"":1627.96,""cache_snapshot_scope"":""first-measured-response; deferred until all runs succeeded"",""outside_cell_cache_write_ms"":3655.382,""endpoint_lock"":{""wait_ms"":0.007,""lock_path"":""/tmp/sparqlcirc-r9-endpoint-locks-v7/95f85b19db76321fdab33c70bb05485617743f83e3c9c07ce9e365b03fd9b106.lock""},""construction_requested"":""flat"",""construction_effective"":""flat"",""circuit_sha256"":""d2c651689e46dd84cda554e280452fd9ecb0e37efa501ab54637551c4efb0c47"",""circuit_triples"":450465,""circuit_bytes"":64994748,""circuit_path"":""/mnt/nfs/home/ac145595/workspace/rq3-artifacts/circuits/rq2-flat-10m/e2353d138cc41a9c8013909b8e8b380cf7ba04e2544b8ca784e13ce0c7009eb6-d2c651689e46dd84cda554e280452fd9ecb0e37efa501ab54637551c4efb0c47.nt"",""metadata_path"":""/mnt/nfs/home/ac145595/workspace/rq3-artifacts/circuits/rq2-flat-10m/e2353d138cc41a9c8013909b8e8b380cf7ba04e2544b8ca784e13ce0c7009eb6-d2c651689e46dd84cda554e280452fd9ecb0e37efa501ab54637551c4efb0c47.json"",""producer_observation_sha256"":""23c5567d54b5f3ae6bcaba2d514dc3d29f0caf477e6b0013db00f2cab29bc0dd"",""sidecar_sha256"":""f6cd7725f0b42c06004c595a5daa82ebdf5cdc2c2d74497b7607b815e9150009"",""commit"":""d9e1b6cc1a4afff7a81c3e65b90bde9356ff9aa3"",""batch_id"":""5e66981b47271e372e34b2648567c4697a76abcf68b458d64bcf49b24f8b8dcb"",""query_sha256"":""e2353d138cc41a9c8013909b8e8b380cf7ba04e2544b8ca784e13ce0c7009eb6"",""engine"":""graphdb"",""engine_version"":""GraphDB (RDF4J) [engines.json profile]"",""scale"":""10M"",""base_endpoint_sha256"":""d469fb81abed135738f704ddf57de41e98939ca5bbb2509a18a42b807368aa35"",""reified_endpoint_sha256"":""1dd1196abdf2d40865f5b4bc27acd5317de9ef00443776c930991278501566aa"",""update_endpoint_sha256"":""84611d18787ae81d7e9fa8ea2c2cf2319e90db0620f009a8ca19b85486a57c7a"",""base_data_identity_sha256"":""59fb59a04cd20e6dec9ee47cf1de02734068a3328cade998a3fc44a746054ea8"",""reified_data_identity_sha256"":""a42a308bd2c5294f3aa79a1a3b15804d4137fd68d7677d9adc037e257a217e76"",""update_for"":""reified"",""access_mode"":""writable"",""base_data_name"":""exploratory-base"",""reified_data_name"":""exploratory-reified"",""update_canary_sha256"":""41997fb8640d9e765a0272879a63548eb9bd46bbf6e49da02b7c924e506b94f7"",""store_instance_sha256"":""95f85b19db76321fdab33c70bb05485617743f83e3c9c07ce9e365b03fd9b106"",""store_discriminator_sha256"":""f9ff8d30db2db1840ca1585b5598b1cf4d1d06ac2adb86a55b430669507fabff"",""tool_sha256"":""7b43c2342d7676aa65cc9ee233b2184c9eae88f2663874af7ab1b83282f94ab4"",""java_runtime_sha256"":""6ffd10b28ab050230cdc1137f0bd16155c3a7c587add7fbe921d985fa92879fe"",""run_identity_sha256"":""90c638cc87ecf6737f5da1ab0e1645398762ad05627d140c9d183e2c8bfa4334""}"
d9e1b6cc1a4afff7a81c3e65b90bde9356ff9aa3,graphdb,GraphDB (RDF4J) [engines.json profile],10M,O,O3,00,8600634422cefcb5ad7bc23d2acb693e5f8bf0686ad4714d2eba90a935b2f2b3,N,N_clean (NPCS reimplementation),ok,308,88.2,88.2,88.2,88.2,0.0,0,1,900.0,32957,0.0,,,,337,189.992479,[88.244],[0.0],,[],,[],,[],r9.2-frozen-identity-v9,5e66981b47271e372e34b2648567c4697a76abcf68b458d64bcf49b24f8b8dcb,csv-candidate-multiset-v1,308,fa5873490d84e3d1a6082f56d9664a6f4a4d8062dde851e0709969a7dd42d672,,,,,,,,d469fb81abed135738f704ddf57de41e98939ca5bbb2509a18a42b807368aa35,1dd1196abdf2d40865f5b4bc27acd5317de9ef00443776c930991278501566aa,84611d18787ae81d7e9fa8ea2c2cf2319e90db0620f009a8ca19b85486a57c7a,59fb59a04cd20e6dec9ee47cf1de02734068a3328cade998a3fc44a746054ea8,a42a308bd2c5294f3aa79a1a3b15804d4137fd68d7677d9adc037e257a217e76,reified,writable,exploratory-base,exploratory-reified,41997fb8640d9e765a0272879a63548eb9bd46bbf6e49da02b7c924e506b94f7,95f85b19db76321fdab33c70bb05485617743f83e3c9c07ce9e365b03fd9b106,f9ff8d30db2db1840ca1585b5598b1cf4d1d06ac2adb86a55b430669507fabff,7b43c2342d7676aa65cc9ee233b2184c9eae88f2663874af7ab1b83282f94ab4,6ffd10b28ab050230cdc1137f0bd16155c3a7c587add7fbe921d985fa92879fe,924,279,366,4f13849e07e9f449daff9d16d39e2043a3b7f7e4e78f647577c0582f9ce02072,"pcm-meta-v2:{""protocol"":""r9.2-frozen-identity-v9"",""message"":"""",""cell_wall_ms"":290.484,""answer_kind"":""csv-candidate-multiset-v1"",""answer_key_count"":308,""answer_fingerprint"":""fa5873490d84e3d1a6082f56d9664a6f4a4d8062dde851e0709969a7dd42d672"",""c_parse_samples"":[0.0],""c_protocol_samples"":[],""construct_total_samples"":[],""construct_unattributed_samples"":[],""status"":""ok"",""status_evidence"":null,""construction_requested"":null,""construction_effective"":null,""commit"":""d9e1b6cc1a4afff7a81c3e65b90bde9356ff9aa3"",""batch_id"":""5e66981b47271e372e34b2648567c4697a76abcf68b458d64bcf49b24f8b8dcb"",""query_sha256"":""8600634422cefcb5ad7bc23d2acb693e5f8bf0686ad4714d2eba90a935b2f2b3"",""engine"":""graphdb"",""engine_version"":""GraphDB (RDF4J) [engines.json profile]"",""scale"":""10M"",""base_endpoint_sha256"":""d469fb81abed135738f704ddf57de41e98939ca5bbb2509a18a42b807368aa35"",""reified_endpoint_sha256"":""1dd1196abdf2d40865f5b4bc27acd5317de9ef00443776c930991278501566aa"",""update_endpoint_sha256"":""84611d18787ae81d7e9fa8ea2c2cf2319e90db0620f009a8ca19b85486a57c7a"",""base_data_identity_sha256"":""59fb59a04cd20e6dec9ee47cf1de02734068a3328cade998a3fc44a746054ea8"",""reified_data_identity_sha256"":""a42a308bd2c5294f3aa79a1a3b15804d4137fd68d7677d9adc037e257a217e76"",""update_for"":""reified"",""access_mode"":""writable"",""base_data_name"":""exploratory-base"",""reified_data_name"":""exploratory-reified"",""update_canary_sha256"":""41997fb8640d9e765a0272879a63548eb9bd46bbf6e49da02b7c924e506b94f7"",""store_instance_sha256"":""95f85b19db76321fdab33c70bb05485617743f83e3c9c07ce9e365b03fd9b106"",""store_discriminator_sha256"":""f9ff8d30db2db1840ca1585b5598b1cf4d1d06ac2adb86a55b430669507fabff"",""tool_sha256"":""7b43c2342d7676aa65cc9ee233b2184c9eae88f2663874af7ab1b83282f94ab4"",""java_runtime_sha256"":""6ffd10b28ab050230cdc1137f0bd16155c3a7c587add7fbe921d985fa92879fe"",""run_identity_sha256"":""4f13849e07e9f449daff9d16d39e2043a3b7f7e4e78f647577c0582f9ce02072""}"
d9e1b6cc1a4afff7a81c3e65b90bde9356ff9aa3,graphdb,GraphDB (RDF4J) [engines.json profile],10M,O,O3,00,8600634422cefcb5ad7bc23d2acb693e5f8bf0686ad4714d2eba90a935b2f2b3,C,SPARQLcirc CircuitRewriter,ok,308,8806.5,8806.5,8806.5,8806.5,0.0,0,1,900.0,2174111,219.6,6455,5955,2809,,381.244057,[8806.48],[219.597],0.0,[0.0],9030.5,[9030.45],4.4,[4.374],r9.2-frozen-identity-v9,5e66981b47271e372e34b2648567c4697a76abcf68b458d64bcf49b24f8b8dcb,term-aware-candidate-set-v1,308,b5382c0ac217ba247644850a4c04e6dfea3b80dc4cfcea4939d43b8d232d0a51,flat,flat,b12a1f9558dc8160b75414b0c7449abd37a9dd52c302f0b4868efb61aba31e6e,/mnt/nfs/home/ac145595/workspace/rq3-artifacts/circuits/rq2-flat-10m/8600634422cefcb5ad7bc23d2acb693e5f8bf0686ad4714d2eba90a935b2f2b3-b12a1f9558dc8160b75414b0c7449abd37a9dd52c302f0b4868efb61aba31e6e.nt,/mnt/nfs/home/ac145595/workspace/rq3-artifacts/circuits/rq2-flat-10m/8600634422cefcb5ad7bc23d2acb693e5f8bf0686ad4714d2eba90a935b2f2b3-b12a1f9558dc8160b75414b0c7449abd37a9dd52c302f0b4868efb61aba31e6e.json,2bcf35d3f2115134e344f8d21f26a6d7770ba40e55c15a1d72af2fcb27fd6290,cc84bd02765e34ebf8311f2509c54eaa0a4a7839192c403572125e8753fcae63,d469fb81abed135738f704ddf57de41e98939ca5bbb2509a18a42b807368aa35,1dd1196abdf2d40865f5b4bc27acd5317de9ef00443776c930991278501566aa,84611d18787ae81d7e9fa8ea2c2cf2319e90db0620f009a8ca19b85486a57c7a,59fb59a04cd20e6dec9ee47cf1de02734068a3328cade998a3fc44a746054ea8,a42a308bd2c5294f3aa79a1a3b15804d4137fd68d7677d9adc037e257a217e76,reified,writable,exploratory-base,exploratory-reified,41997fb8640d9e765a0272879a63548eb9bd46bbf6e49da02b7c924e506b94f7,95f85b19db76321fdab33c70bb05485617743f83e3c9c07ce9e365b03fd9b106,f9ff8d30db2db1840ca1585b5598b1cf4d1d06ac2adb86a55b430669507fabff,7b43c2342d7676aa65cc9ee233b2184c9eae88f2663874af7ab1b83282f94ab4,6ffd10b28ab050230cdc1137f0bd16155c3a7c587add7fbe921d985fa92879fe,,,,4f13849e07e9f449daff9d16d39e2043a3b7f7e4e78f647577c0582f9ce02072,"pcm-meta-v2:{""protocol"":""r9.2-frozen-identity-v9"",""message"":""C requested=flat effective=flat; steps=5 feedback=0; network includes CONSTRUCT, feedback INSERT, and cleanup DELETE"",""cell_wall_ms"":9459.715,""answer_kind"":""term-aware-candidate-set-v1"",""answer_key_count"":308,""answer_fingerprint"":""b5382c0ac217ba247644850a4c04e6dfea3b80dc4cfcea4939d43b8d232d0a51"",""c_parse_samples"":[219.597],""c_protocol_samples"":[{""requested_mode"":""flat"",""effective_mode"":""flat"",""fallback_reason"":null,""plan_steps"":5,""feedback_steps"":0,""feedback_triples"":0,""construct_query_ms"":8806.48,""feedback_update_ms"":0.0,""cleanup_ms"":0.0,""client_protocol_ms"":0.0,""network_scope"":""construct+feedback+cleanup"",""circuit_sha256"":""b12a1f9558dc8160b75414b0c7449abd37a9dd52c302f0b4868efb61aba31e6e"",""answer_fingerprint"":""b5382c0ac217ba247644850a4c04e6dfea3b80dc4cfcea4939d43b8d232d0a51"",""semantic_signature_sha256"":""a59144d489e6b592f6b7186469bda765b34bd03aa4d0490fc0e421460109b5fb"",""structure_signature"":{""gates"":6455,""edges"":5955,""answers"":308,""derivations"":2809,""leaves"":2780,""plus"":3367,""minus"":279,""nodes"":9235,""canonical_bytes"":2174111},""construct_total_ms"":9030.45,""client_unattributed_ms"":4.374}],""construct_total_samples"":[9030.45],""construct_unattributed_samples"":[4.374],""status"":""ok"",""status_evidence"":null,""c_warmup_signatures"":[],""measured_semantic_signature_sha256"":""a59144d489e6b592f6b7186469bda765b34bd03aa4d0490fc0e421460109b5fb"",""measured_repetitions_consistent"":true,""cache_snapshot_ms"":41.295,""cache_snapshot_scope"":""first-measured-response; deferred until all runs succeeded"",""outside_cell_cache_write_ms"":104.568,""endpoint_lock"":{""wait_ms"":0.007,""lock_path"":""/tmp/sparqlcirc-r9-endpoint-locks-v7/95f85b19db76321fdab33c70bb05485617743f83e3c9c07ce9e365b03fd9b106.lock""},""construction_requested"":""flat"",""construction_effective"":""flat"",""circuit_sha256"":""b12a1f9558dc8160b75414b0c7449abd37a9dd52c302f0b4868efb61aba31e6e"",""circuit_triples"":14845,""circuit_bytes"":2174111,""circuit_path"":""/mnt/nfs/home/ac145595/workspace/rq3-artifacts/circuits/rq2-flat-10m/8600634422cefcb5ad7bc23d2acb693e5f8bf0686ad4714d2eba90a935b2f2b3-b12a1f9558dc8160b75414b0c7449abd37a9dd52c302f0b4868efb61aba31e6e.nt"",""metadata_path"":""/mnt/nfs/home/ac145595/workspace/rq3-artifacts/circuits/rq2-flat-10m/8600634422cefcb5ad7bc23d2acb693e5f8bf0686ad4714d2eba90a935b2f2b3-b12a1f9558dc8160b75414b0c7449abd37a9dd52c302f0b4868efb61aba31e6e.json"",""producer_observation_sha256"":""2bcf35d3f2115134e344f8d21f26a6d7770ba40e55c15a1d72af2fcb27fd6290"",""sidecar_sha256"":""cc84bd02765e34ebf8311f2509c54eaa0a4a7839192c403572125e8753fcae63"",""commit"":""d9e1b6cc1a4afff7a81c3e65b90bde9356ff9aa3"",""batch_id"":""5e66981b47271e372e34b2648567c4697a76abcf68b458d64bcf49b24f8b8dcb"",""query_sha256"":""8600634422cefcb5ad7bc23d2acb693e5f8bf0686ad4714d2eba90a935b2f2b3"",""engine"":""graphdb"",""engine_version"":""GraphDB (RDF4J) [engines.json profile]"",""scale"":""10M"",""base_endpoint_sha256"":""d469fb81abed135738f704ddf57de41e98939ca5bbb2509a18a42b807368aa35"",""reified_endpoint_sha256"":""1dd1196abdf2d40865f5b4bc27acd5317de9ef00443776c930991278501566aa"",""update_endpoint_sha256"":""84611d18787ae81d7e9fa8ea2c2cf2319e90db0620f009a8ca19b85486a57c7a"",""base_data_identity_sha256"":""59fb59a04cd20e6dec9ee47cf1de02734068a3328cade998a3fc44a746054ea8"",""reified_data_identity_sha256"":""a42a308bd2c5294f3aa79a1a3b15804d4137fd68d7677d9adc037e257a217e76"",""update_for"":""reified"",""access_mode"":""writable"",""base_data_name"":""exploratory-base"",""reified_data_name"":""exploratory-reified"",""update_canary_sha256"":""41997fb8640d9e765a0272879a63548eb9bd46bbf6e49da02b7c924e506b94f7"",""store_instance_sha256"":""95f85b19db76321fdab33c70bb05485617743f83e3c9c07ce9e365b03fd9b106"",""store_discriminator_sha256"":""f9ff8d30db2db1840ca1585b5598b1cf4d1d06ac2adb86a55b430669507fabff"",""tool_sha256"":""7b43c2342d7676aa65cc9ee233b2184c9eae88f2663874af7ab1b83282f94ab4"",""java_runtime_sha256"":""6ffd10b28ab050230cdc1137f0bd16155c3a7c587add7fbe921d985fa92879fe"",""run_identity_sha256"":""4f13849e07e9f449daff9d16d39e2043a3b7f7e4e78f647577c0582f9ce02072""}"
d9e1b6cc1a4afff7a81c3e65b90bde9356ff9aa3,graphdb,GraphDB (RDF4J) [engines.json profile],10M,O,O4,00,c2e7f8e7377b1ac6cc1c202c8233c4b4c10a2b85eae74cbb49844b3515dd26f8,N,N_clean (NPCS reimplementation),ok,783,793.6,793.6,793.6,793.6,0.0,0,1,900.0,119377,0.0,,,,821,189.308638,[793.589],[0.0],,[],,[],,[],r9.2-frozen-identity-v9,5e66981b47271e372e34b2648567c4697a76abcf68b458d64bcf49b24f8b8dcb,csv-candidate-multiset-v1,783,14c554102289d1c609eff9ab614ddf661a2e935c56e30f96ae606b4ad640dfaf,,,,,,,,d469fb81abed135738f704ddf57de41e98939ca5bbb2509a18a42b807368aa35,1dd1196abdf2d40865f5b4bc27acd5317de9ef00443776c930991278501566aa,84611d18787ae81d7e9fa8ea2c2cf2319e90db0620f009a8ca19b85486a57c7a,59fb59a04cd20e6dec9ee47cf1de02734068a3328cade998a3fc44a746054ea8,a42a308bd2c5294f3aa79a1a3b15804d4137fd68d7677d9adc037e257a217e76,reified,writable,exploratory-base,exploratory-reified,41997fb8640d9e765a0272879a63548eb9bd46bbf6e49da02b7c924e506b94f7,95f85b19db76321fdab33c70bb05485617743f83e3c9c07ce9e365b03fd9b106,f9ff8d30db2db1840ca1585b5598b1cf4d1d06ac2adb86a55b430669507fabff,7b43c2342d7676aa65cc9ee233b2184c9eae88f2663874af7ab1b83282f94ab4,6ffd10b28ab050230cdc1137f0bd16155c3a7c587add7fbe921d985fa92879fe,2349,745,1642,04953eab7ebc762f848bf00de96edaa6036e8fcf149ce425f55cac92f4e3c684,"pcm-meta-v2:{""protocol"":""r9.2-frozen-identity-v9"",""message"":"""",""cell_wall_ms"":1006.97,""answer_kind"":""csv-candidate-multiset-v1"",""answer_key_count"":783,""answer_fingerprint"":""14c554102289d1c609eff9ab614ddf661a2e935c56e30f96ae606b4ad640dfaf"",""c_parse_samples"":[0.0],""c_protocol_samples"":[],""construct_total_samples"":[],""construct_unattributed_samples"":[],""status"":""ok"",""status_evidence"":null,""construction_requested"":null,""construction_effective"":null,""commit"":""d9e1b6cc1a4afff7a81c3e65b90bde9356ff9aa3"",""batch_id"":""5e66981b47271e372e34b2648567c4697a76abcf68b458d64bcf49b24f8b8dcb"",""query_sha256"":""c2e7f8e7377b1ac6cc1c202c8233c4b4c10a2b85eae74cbb49844b3515dd26f8"",""engine"":""graphdb"",""engine_version"":""GraphDB (RDF4J) [engines.json profile]"",""scale"":""10M"",""base_endpoint_sha256"":""d469fb81abed135738f704ddf57de41e98939ca5bbb2509a18a42b807368aa35"",""reified_endpoint_sha256"":""1dd1196abdf2d40865f5b4bc27acd5317de9ef00443776c930991278501566aa"",""update_endpoint_sha256"":""84611d18787ae81d7e9fa8ea2c2cf2319e90db0620f009a8ca19b85486a57c7a"",""base_data_identity_sha256"":""59fb59a04cd20e6dec9ee47cf1de02734068a3328cade998a3fc44a746054ea8"",""reified_data_identity_sha256"":""a42a308bd2c5294f3aa79a1a3b15804d4137fd68d7677d9adc037e257a217e76"",""update_for"":""reified"",""access_mode"":""writable"",""base_data_name"":""exploratory-base"",""reified_data_name"":""exploratory-reified"",""update_canary_sha256"":""41997fb8640d9e765a0272879a63548eb9bd46bbf6e49da02b7c924e506b94f7"",""store_instance_sha256"":""95f85b19db76321fdab33c70bb05485617743f83e3c9c07ce9e365b03fd9b106"",""store_discriminator_sha256"":""f9ff8d30db2db1840ca1585b5598b1cf4d1d06ac2adb86a55b430669507fabff"",""tool_sha256"":""7b43c2342d7676aa65cc9ee233b2184c9eae88f2663874af7ab1b83282f94ab4"",""java_runtime_sha256"":""6ffd10b28ab050230cdc1137f0bd16155c3a7c587add7fbe921d985fa92879fe"",""run_identity_sha256"":""04953eab7ebc762f848bf00de96edaa6036e8fcf149ce425f55cac92f4e3c684""}"
d9e1b6cc1a4afff7a81c3e65b90bde9356ff9aa3,graphdb,GraphDB (RDF4J) [engines.json profile],10M,O,O4,00,c2e7f8e7377b1ac6cc1c202c8233c4b4c10a2b85eae74cbb49844b3515dd26f8,C,SPARQLcirc CircuitRewriter,ok,783,12148.6,12148.6,12148.6,12148.6,0.0,0,1,900.0,5215425,575.4,13817,13186,5791,,387.652885,[12148.551],[575.377],0.0,[0.0],12735.6,[12735.636],11.7,[11.708],r9.2-frozen-identity-v9,5e66981b47271e372e34b2648567c4697a76abcf68b458d64bcf49b24f8b8dcb,term-aware-candidate-set-v1,783,055881427d72f18507a625faf0af144a6c347b14f9b3168c80ead7858ab1c7b2,flat,flat,8090dc7bae628c9f1c23cb15dc219ac271ad6e6ea128dbf591626d5ff264c061,/mnt/nfs/home/ac145595/workspace/rq3-artifacts/circuits/rq2-flat-10m/c2e7f8e7377b1ac6cc1c202c8233c4b4c10a2b85eae74cbb49844b3515dd26f8-8090dc7bae628c9f1c23cb15dc219ac271ad6e6ea128dbf591626d5ff264c061.nt,/mnt/nfs/home/ac145595/workspace/rq3-artifacts/circuits/rq2-flat-10m/c2e7f8e7377b1ac6cc1c202c8233c4b4c10a2b85eae74cbb49844b3515dd26f8-8090dc7bae628c9f1c23cb15dc219ac271ad6e6ea128dbf591626d5ff264c061.json,b7acef787c71a3aacdcc88568016554e7a0549080380484f50440f9194ab6727,fd3588df9a16f85f2278a0a451847da766a6ae2ad9ed31e64a96cf291584d1a5,d469fb81abed135738f704ddf57de41e98939ca5bbb2509a18a42b807368aa35,1dd1196abdf2d40865f5b4bc27acd5317de9ef00443776c930991278501566aa,84611d18787ae81d7e9fa8ea2c2cf2319e90db0620f009a8ca19b85486a57c7a,59fb59a04cd20e6dec9ee47cf1de02734068a3328cade998a3fc44a746054ea8,a42a308bd2c5294f3aa79a1a3b15804d4137fd68d7677d9adc037e257a217e76,reified,writable,exploratory-base,exploratory-reified,41997fb8640d9e765a0272879a63548eb9bd46bbf6e49da02b7c924e506b94f7,95f85b19db76321fdab33c70bb05485617743f83e3c9c07ce9e365b03fd9b106,f9ff8d30db2db1840ca1585b5598b1cf4d1d06ac2adb86a55b430669507fabff,7b43c2342d7676aa65cc9ee233b2184c9eae88f2663874af7ab1b83282f94ab4,6ffd10b28ab050230cdc1137f0bd16155c3a7c587add7fbe921d985fa92879fe,,,,04953eab7ebc762f848bf00de96edaa6036e8fcf149ce425f55cac92f4e3c684,"pcm-meta-v2:{""protocol"":""r9.2-frozen-identity-v9"",""message"":""C requested=flat effective=flat; steps=5 feedback=0; network includes CONSTRUCT, feedback INSERT, and cleanup DELETE"",""cell_wall_ms"":13243.896,""answer_kind"":""term-aware-candidate-set-v1"",""answer_key_count"":783,""answer_fingerprint"":""055881427d72f18507a625faf0af144a6c347b14f9b3168c80ead7858ab1c7b2"",""c_parse_samples"":[575.377],""c_protocol_samples"":[{""requested_mode"":""flat"",""effective_mode"":""flat"",""fallback_reason"":null,""plan_steps"":5,""feedback_steps"":0,""feedback_triples"":0,""construct_query_ms"":12148.551,""feedback_update_ms"":0.0,""cleanup_ms"":0.0,""client_protocol_ms"":0.0,""network_scope"":""construct+feedback+cleanup"",""circuit_sha256"":""8090dc7bae628c9f1c23cb15dc219ac271ad6e6ea128dbf591626d5ff264c061"",""answer_fingerprint"":""055881427d72f18507a625faf0af144a6c347b14f9b3168c80ead7858ab1c7b2"",""semantic_signature_sha256"":""8a78f8a68e86b513c188c2ea6bf2d6e9da94bc703ff7f6f425a7c56a939d3130"",""structure_signature"":{""gates"":13817,""edges"":13186,""answers"":783,""derivations"":5791,""leaves"":5754,""plus"":7281,""minus"":745,""nodes"":19571,""canonical_bytes"":5215425},""construct_total_ms"":12735.636,""client_unattributed_ms"":11.708}],""construct_total_samples"":[12735.636],""construct_unattributed_samples"":[11.708],""status"":""ok"",""status_evidence"":null,""c_warmup_signatures"":[],""measured_semantic_signature_sha256"":""8a78f8a68e86b513c188c2ea6bf2d6e9da94bc703ff7f6f425a7c56a939d3130"",""measured_repetitions_consistent"":true,""cache_snapshot_ms"":109.853,""cache_snapshot_scope"":""first-measured-response; deferred until all runs succeeded"",""outside_cell_cache_write_ms"":266.996,""endpoint_lock"":{""wait_ms"":0.008,""lock_path"":""/tmp/sparqlcirc-r9-endpoint-locks-v7/95f85b19db76321fdab33c70bb05485617743f83e3c9c07ce9e365b03fd9b106.lock""},""construction_requested"":""flat"",""construction_effective"":""flat"",""circuit_sha256"":""8090dc7bae628c9f1c23cb15dc219ac271ad6e6ea128dbf591626d5ff264c061"",""circuit_triples"":35578,""circuit_bytes"":5215425,""circuit_path"":""/mnt/nfs/home/ac145595/workspace/rq3-artifacts/circuits/rq2-flat-10m/c2e7f8e7377b1ac6cc1c202c8233c4b4c10a2b85eae74cbb49844b3515dd26f8-8090dc7bae628c9f1c23cb15dc219ac271ad6e6ea128dbf591626d5ff264c061.nt"",""metadata_path"":""/mnt/nfs/home/ac145595/workspace/rq3-artifacts/circuits/rq2-flat-10m/c2e7f8e7377b1ac6cc1c202c8233c4b4c10a2b85eae74cbb49844b3515dd26f8-8090dc7bae628c9f1c23cb15dc219ac271ad6e6ea128dbf591626d5ff264c061.json"",""producer_observation_sha256"":""b7acef787c71a3aacdcc88568016554e7a0549080380484f50440f9194ab6727"",""sidecar_sha256"":""fd3588df9a16f85f2278a0a451847da766a6ae2ad9ed31e64a96cf291584d1a5"",""commit"":""d9e1b6cc1a4afff7a81c3e65b90bde9356ff9aa3"",""batch_id"":""5e66981b47271e372e34b2648567c4697a76abcf68b458d64bcf49b24f8b8dcb"",""query_sha256"":""c2e7f8e7377b1ac6cc1c202c8233c4b4c10a2b85eae74cbb49844b3515dd26f8"",""engine"":""graphdb"",""engine_version"":""GraphDB (RDF4J) [engines.json profile]"",""scale"":""10M"",""base_endpoint_sha256"":""d469fb81abed135738f704ddf57de41e98939ca5bbb2509a18a42b807368aa35"",""reified_endpoint_sha256"":""1dd1196abdf2d40865f5b4bc27acd5317de9ef00443776c930991278501566aa"",""update_endpoint_sha256"":""84611d18787ae81d7e9fa8ea2c2cf2319e90db0620f009a8ca19b85486a57c7a"",""base_data_identity_sha256"":""59fb59a04cd20e6dec9ee47cf1de02734068a3328cade998a3fc44a746054ea8"",""reified_data_identity_sha256"":""a42a308bd2c5294f3aa79a1a3b15804d4137fd68d7677d9adc037e257a217e76"",""update_for"":""reified"",""access_mode"":""writable"",""base_data_name"":""exploratory-base"",""reified_data_name"":""exploratory-reified"",""update_canary_sha256"":""41997fb8640d9e765a0272879a63548eb9bd46bbf6e49da02b7c924e506b94f7"",""store_instance_sha256"":""95f85b19db76321fdab33c70bb05485617743f83e3c9c07ce9e365b03fd9b106"",""store_discriminator_sha256"":""f9ff8d30db2db1840ca1585b5598b1cf4d1d06ac2adb86a55b430669507fabff"",""tool_sha256"":""7b43c2342d7676aa65cc9ee233b2184c9eae88f2663874af7ab1b83282f94ab4"",""java_runtime_sha256"":""6ffd10b28ab050230cdc1137f0bd16155c3a7c587add7fbe921d985fa92879fe"",""run_identity_sha256"":""04953eab7ebc762f848bf00de96edaa6036e8fcf149ce425f55cac92f4e3c684""}"
d9e1b6cc1a4afff7a81c3e65b90bde9356ff9aa3,graphdb,GraphDB (RDF4J) [engines.json profile],10M,O,O5,00,ec9af3cffe6976bcc27a5ca3ba0732c80fe7716160af6d25aa1d6b447b6300e2,N,N_clean (NPCS reimplementation),ok,14,1007.5,1007.5,1007.5,1007.5,0.0,0,1,900.0,4214,0.0,,,,112,217.481939,[1007.502],[0.0],,[],,[],,[],r9.2-frozen-identity-v9,5e66981b47271e372e34b2648567c4697a76abcf68b458d64bcf49b24f8b8dcb,csv-candidate-multiset-v1,14,f6328dcc62d9d5fe4b0a853e0c3676c46d3dba0cb6cde5c5f2f1a8907c94c402,,,,,,,,d469fb81abed135738f704ddf57de41e98939ca5bbb2509a18a42b807368aa35,1dd1196abdf2d40865f5b4bc27acd5317de9ef00443776c930991278501566aa,84611d18787ae81d7e9fa8ea2c2cf2319e90db0620f009a8ca19b85486a57c7a,59fb59a04cd20e6dec9ee47cf1de02734068a3328cade998a3fc44a746054ea8,a42a308bd2c5294f3aa79a1a3b15804d4137fd68d7677d9adc037e257a217e76,reified,writable,exploratory-base,exploratory-reified,41997fb8640d9e765a0272879a63548eb9bd46bbf6e49da02b7c924e506b94f7,95f85b19db76321fdab33c70bb05485617743f83e3c9c07ce9e365b03fd9b106,f9ff8d30db2db1840ca1585b5598b1cf4d1d06ac2adb86a55b430669507fabff,7b43c2342d7676aa65cc9ee233b2184c9eae88f2663874af7ab1b83282f94ab4,6ffd10b28ab050230cdc1137f0bd16155c3a7c587add7fbe921d985fa92879fe,96,14,254,a8844d75119133bee86e506a0b5a9bde915cbf75c6a8346a4acca045a5e35b66,"pcm-meta-v2:{""protocol"":""r9.2-frozen-identity-v9"",""message"":"""",""cell_wall_ms"":1234.929,""answer_kind"":""csv-candidate-multiset-v1"",""answer_key_count"":14,""answer_fingerprint"":""f6328dcc62d9d5fe4b0a853e0c3676c46d3dba0cb6cde5c5f2f1a8907c94c402"",""c_parse_samples"":[0.0],""c_protocol_samples"":[],""construct_total_samples"":[],""construct_unattributed_samples"":[],""status"":""ok"",""status_evidence"":null,""construction_requested"":null,""construction_effective"":null,""commit"":""d9e1b6cc1a4afff7a81c3e65b90bde9356ff9aa3"",""batch_id"":""5e66981b47271e372e34b2648567c4697a76abcf68b458d64bcf49b24f8b8dcb"",""query_sha256"":""ec9af3cffe6976bcc27a5ca3ba0732c80fe7716160af6d25aa1d6b447b6300e2"",""engine"":""graphdb"",""engine_version"":""GraphDB (RDF4J) [engines.json profile]"",""scale"":""10M"",""base_endpoint_sha256"":""d469fb81abed135738f704ddf57de41e98939ca5bbb2509a18a42b807368aa35"",""reified_endpoint_sha256"":""1dd1196abdf2d40865f5b4bc27acd5317de9ef00443776c930991278501566aa"",""update_endpoint_sha256"":""84611d18787ae81d7e9fa8ea2c2cf2319e90db0620f009a8ca19b85486a57c7a"",""base_data_identity_sha256"":""59fb59a04cd20e6dec9ee47cf1de02734068a3328cade998a3fc44a746054ea8"",""reified_data_identity_sha256"":""a42a308bd2c5294f3aa79a1a3b15804d4137fd68d7677d9adc037e257a217e76"",""update_for"":""reified"",""access_mode"":""writable"",""base_data_name"":""exploratory-base"",""reified_data_name"":""exploratory-reified"",""update_canary_sha256"":""41997fb8640d9e765a0272879a63548eb9bd46bbf6e49da02b7c924e506b94f7"",""store_instance_sha256"":""95f85b19db76321fdab33c70bb05485617743f83e3c9c07ce9e365b03fd9b106"",""store_discriminator_sha256"":""f9ff8d30db2db1840ca1585b5598b1cf4d1d06ac2adb86a55b430669507fabff"",""tool_sha256"":""7b43c2342d7676aa65cc9ee233b2184c9eae88f2663874af7ab1b83282f94ab4"",""java_runtime_sha256"":""6ffd10b28ab050230cdc1137f0bd16155c3a7c587add7fbe921d985fa92879fe"",""run_identity_sha256"":""a8844d75119133bee86e506a0b5a9bde915cbf75c6a8346a4acca045a5e35b66""}"
d9e1b6cc1a4afff7a81c3e65b90bde9356ff9aa3,graphdb,GraphDB (RDF4J) [engines.json profile],10M,O,O5,00,ec9af3cffe6976bcc27a5ca3ba0732c80fe7716160af6d25aa1d6b447b6300e2,C,SPARQLcirc CircuitRewriter,ok,14,13017.2,13017.2,13017.2,13017.2,0.0,0,1,900.0,64931790,11884.0,224921,225040,112464,,430.132455,[13017.187],[11884.042],0.0,[0.0],31758.8,[31758.84],6857.6,[6857.611],r9.2-frozen-identity-v9,5e66981b47271e372e34b2648567c4697a76abcf68b458d64bcf49b24f8b8dcb,term-aware-candidate-set-v1,14,a9f37c04cb428d4f270cafd59c61a6f1b2af49f496f5fd8cef60b156e980d784,flat,flat,3a634ff4326b11cbb555f993f50962fbb7830d8dc0e4f7758b68feab74a953e4,/mnt/nfs/home/ac145595/workspace/rq3-artifacts/circuits/rq2-flat-10m/ec9af3cffe6976bcc27a5ca3ba0732c80fe7716160af6d25aa1d6b447b6300e2-3a634ff4326b11cbb555f993f50962fbb7830d8dc0e4f7758b68feab74a953e4.nt,/mnt/nfs/home/ac145595/workspace/rq3-artifacts/circuits/rq2-flat-10m/ec9af3cffe6976bcc27a5ca3ba0732c80fe7716160af6d25aa1d6b447b6300e2-3a634ff4326b11cbb555f993f50962fbb7830d8dc0e4f7758b68feab74a953e4.json,471667bd2e5c6c715f42bd2fea1398c99971932652cfe8231028b89ff921ad8f,f39aa195e5f78b500935e27286bd99c02dbcc8a6e3e91d83940f9a43e1b95bb4,d469fb81abed135738f704ddf57de41e98939ca5bbb2509a18a42b807368aa35,1dd1196abdf2d40865f5b4bc27acd5317de9ef00443776c930991278501566aa,84611d18787ae81d7e9fa8ea2c2cf2319e90db0620f009a8ca19b85486a57c7a,59fb59a04cd20e6dec9ee47cf1de02734068a3328cade998a3fc44a746054ea8,a42a308bd2c5294f3aa79a1a3b15804d4137fd68d7677d9adc037e257a217e76,reified,writable,exploratory-base,exploratory-reified,41997fb8640d9e765a0272879a63548eb9bd46bbf6e49da02b7c924e506b94f7,95f85b19db76321fdab33c70bb05485617743f83e3c9c07ce9e365b03fd9b106,f9ff8d30db2db1840ca1585b5598b1cf4d1d06ac2adb86a55b430669507fabff,7b43c2342d7676aa65cc9ee233b2184c9eae88f2663874af7ab1b83282f94ab4,6ffd10b28ab050230cdc1137f0bd16155c3a7c587add7fbe921d985fa92879fe,,,,a8844d75119133bee86e506a0b5a9bde915cbf75c6a8346a4acca045a5e35b66,"pcm-meta-v2:{""protocol"":""r9.2-frozen-identity-v9"",""message"":""C requested=flat effective=flat; steps=5 feedback=0; network includes CONSTRUCT, feedback INSERT, and cleanup DELETE"",""cell_wall_ms"":34114.024,""answer_kind"":""term-aware-candidate-set-v1"",""answer_key_count"":14,""answer_fingerprint"":""a9f37c04cb428d4f270cafd59c61a6f1b2af49f496f5fd8cef60b156e980d784"",""c_parse_samples"":[11884.042],""c_protocol_samples"":[{""requested_mode"":""flat"",""effective_mode"":""flat"",""fallback_reason"":null,""plan_steps"":5,""feedback_steps"":0,""feedback_triples"":0,""construct_query_ms"":13017.187,""feedback_update_ms"":0.0,""cleanup_ms"":0.0,""client_protocol_ms"":0.0,""network_scope"":""construct+feedback+cleanup"",""circuit_sha256"":""3a634ff4326b11cbb555f993f50962fbb7830d8dc0e4f7758b68feab74a953e4"",""answer_fingerprint"":""a9f37c04cb428d4f270cafd59c61a6f1b2af49f496f5fd8cef60b156e980d784"",""semantic_signature_sha256"":""5a9f431d72c28012ff07a8c57ef09ef4e5287c21cfc23227d56412662bb6945d"",""structure_signature"":{""gates"":224921,""edges"":225040,""answers"":14,""derivations"":112464,""leaves"":112415,""plus"":112443,""minus"":14,""nodes"":337336,""canonical_bytes"":64931790},""construct_total_ms"":31758.84,""client_unattributed_ms"":6857.611}],""construct_total_samples"":[31758.84],""construct_unattributed_samples"":[6857.611],""status"":""ok"",""status_evidence"":null,""c_warmup_signatures"":[],""measured_semantic_signature_sha256"":""5a9f431d72c28012ff07a8c57ef09ef4e5287c21cfc23227d56412662bb6945d"",""measured_repetitions_consistent"":true,""cache_snapshot_ms"":1850.599,""cache_snapshot_scope"":""first-measured-response; deferred until all runs succeeded"",""outside_cell_cache_write_ms"":6059.708,""endpoint_lock"":{""wait_ms"":0.008,""lock_path"":""/tmp/sparqlcirc-r9-endpoint-locks-v7/95f85b19db76321fdab33c70bb05485617743f83e3c9c07ce9e365b03fd9b106.lock""},""construction_requested"":""flat"",""construction_effective"":""flat"",""circuit_sha256"":""3a634ff4326b11cbb555f993f50962fbb7830d8dc0e4f7758b68feab74a953e4"",""circuit_triples"":450045,""circuit_bytes"":64931790,""circuit_path"":""/mnt/nfs/home/ac145595/workspace/rq3-artifacts/circuits/rq2-flat-10m/ec9af3cffe6976bcc27a5ca3ba0732c80fe7716160af6d25aa1d6b447b6300e2-3a634ff4326b11cbb555f993f50962fbb7830d8dc0e4f7758b68feab74a953e4.nt"",""metadata_path"":""/mnt/nfs/home/ac145595/workspace/rq3-artifacts/circuits/rq2-flat-10m/ec9af3cffe6976bcc27a5ca3ba0732c80fe7716160af6d25aa1d6b447b6300e2-3a634ff4326b11cbb555f993f50962fbb7830d8dc0e4f7758b68feab74a953e4.json"",""producer_observation_sha256"":""471667bd2e5c6c715f42bd2fea1398c99971932652cfe8231028b89ff921ad8f"",""sidecar_sha256"":""f39aa195e5f78b500935e27286bd99c02dbcc8a6e3e91d83940f9a43e1b95bb4"",""commit"":""d9e1b6cc1a4afff7a81c3e65b90bde9356ff9aa3"",""batch_id"":""5e66981b47271e372e34b2648567c4697a76abcf68b458d64bcf49b24f8b8dcb"",""query_sha256"":""ec9af3cffe6976bcc27a5ca3ba0732c80fe7716160af6d25aa1d6b447b6300e2"",""engine"":""graphdb"",""engine_version"":""GraphDB (RDF4J) [engines.json profile]"",""scale"":""10M"",""base_endpoint_sha256"":""d469fb81abed135738f704ddf57de41e98939ca5bbb2509a18a42b807368aa35"",""reified_endpoint_sha256"":""1dd1196abdf2d40865f5b4bc27acd5317de9ef00443776c930991278501566aa"",""update_endpoint_sha256"":""84611d18787ae81d7e9fa8ea2c2cf2319e90db0620f009a8ca19b85486a57c7a"",""base_data_identity_sha256"":""59fb59a04cd20e6dec9ee47cf1de02734068a3328cade998a3fc44a746054ea8"",""reified_data_identity_sha256"":""a42a308bd2c5294f3aa79a1a3b15804d4137fd68d7677d9adc037e257a217e76"",""update_for"":""reified"",""access_mode"":""writable"",""base_data_name"":""exploratory-base"",""reified_data_name"":""exploratory-reified"",""update_canary_sha256"":""41997fb8640d9e765a0272879a63548eb9bd46bbf6e49da02b7c924e506b94f7"",""store_instance_sha256"":""95f85b19db76321fdab33c70bb05485617743f83e3c9c07ce9e365b03fd9b106"",""store_discriminator_sha256"":""f9ff8d30db2db1840ca1585b5598b1cf4d1d06ac2adb86a55b430669507fabff"",""tool_sha256"":""7b43c2342d7676aa65cc9ee233b2184c9eae88f2663874af7ab1b83282f94ab4"",""java_runtime_sha256"":""6ffd10b28ab050230cdc1137f0bd16155c3a7c587add7fbe921d985fa92879fe"",""run_identity_sha256"":""a8844d75119133bee86e506a0b5a9bde915cbf75c6a8346a4acca045a5e35b66""}"
d9e1b6cc1a4afff7a81c3e65b90bde9356ff9aa3,graphdb,GraphDB (RDF4J) [engines.json profile],10M,S,S1,00,11a13df922fdbee8f9776eaed6af62ffda103b2b406da774b3f49300860168da,N,N_clean (NPCS reimplementation),ok,5,25.9,25.9,25.9,25.9,0.0,0,1,900.0,1653,0.0,,,,5,192.373159,[25.94],[0.0],,[],,[],,[],r9.2-frozen-identity-v9,5e66981b47271e372e34b2648567c4697a76abcf68b458d64bcf49b24f8b8dcb,csv-candidate-multiset-v1,5,faf55b39b433ef52c073d7b9df65dc546808738b77c2d779446e20eb6e764824,,,,,,,,d469fb81abed135738f704ddf57de41e98939ca5bbb2509a18a42b807368aa35,1dd1196abdf2d40865f5b4bc27acd5317de9ef00443776c930991278501566aa,84611d18787ae81d7e9fa8ea2c2cf2319e90db0620f009a8ca19b85486a57c7a,59fb59a04cd20e6dec9ee47cf1de02734068a3328cade998a3fc44a746054ea8,a42a308bd2c5294f3aa79a1a3b15804d4137fd68d7677d9adc037e257a217e76,reified,writable,exploratory-base,exploratory-reified,41997fb8640d9e765a0272879a63548eb9bd46bbf6e49da02b7c924e506b94f7,95f85b19db76321fdab33c70bb05485617743f83e3c9c07ce9e365b03fd9b106,f9ff8d30db2db1840ca1585b5598b1cf4d1d06ac2adb86a55b430669507fabff,7b43c2342d7676aa65cc9ee233b2184c9eae88f2663874af7ab1b83282f94ab4,6ffd10b28ab050230cdc1137f0bd16155c3a7c587add7fbe921d985fa92879fe,5,0,45,067aada7be846738fdaee5116969bc62f3c048ee7731063a176cf875a35f72f4,"pcm-meta-v2:{""protocol"":""r9.2-frozen-identity-v9"",""message"":"""",""cell_wall_ms"":226.183,""answer_kind"":""csv-candidate-multiset-v1"",""answer_key_count"":5,""answer_fingerprint"":""faf55b39b433ef52c073d7b9df65dc546808738b77c2d779446e20eb6e764824"",""c_parse_samples"":[0.0],""c_protocol_samples"":[],""construct_total_samples"":[],""construct_unattributed_samples"":[],""status"":""ok"",""status_evidence"":null,""construction_requested"":null,""construction_effective"":null,""commit"":""d9e1b6cc1a4afff7a81c3e65b90bde9356ff9aa3"",""batch_id"":""5e66981b47271e372e34b2648567c4697a76abcf68b458d64bcf49b24f8b8dcb"",""query_sha256"":""11a13df922fdbee8f9776eaed6af62ffda103b2b406da774b3f49300860168da"",""engine"":""graphdb"",""engine_version"":""GraphDB (RDF4J) [engines.json profile]"",""scale"":""10M"",""base_endpoint_sha256"":""d469fb81abed135738f704ddf57de41e98939ca5bbb2509a18a42b807368aa35"",""reified_endpoint_sha256"":""1dd1196abdf2d40865f5b4bc27acd5317de9ef00443776c930991278501566aa"",""update_endpoint_sha256"":""84611d18787ae81d7e9fa8ea2c2cf2319e90db0620f009a8ca19b85486a57c7a"",""base_data_identity_sha256"":""59fb59a04cd20e6dec9ee47cf1de02734068a3328cade998a3fc44a746054ea8"",""reified_data_identity_sha256"":""a42a308bd2c5294f3aa79a1a3b15804d4137fd68d7677d9adc037e257a217e76"",""update_for"":""reified"",""access_mode"":""writable"",""base_data_name"":""exploratory-base"",""reified_data_name"":""exploratory-reified"",""update_canary_sha256"":""41997fb8640d9e765a0272879a63548eb9bd46bbf6e49da02b7c924e506b94f7"",""store_instance_sha256"":""95f85b19db76321fdab33c70bb05485617743f83e3c9c07ce9e365b03fd9b106"",""store_discriminator_sha256"":""f9ff8d30db2db1840ca1585b5598b1cf4d1d06ac2adb86a55b430669507fabff"",""tool_sha256"":""7b43c2342d7676aa65cc9ee233b2184c9eae88f2663874af7ab1b83282f94ab4"",""java_runtime_sha256"":""6ffd10b28ab050230cdc1137f0bd16155c3a7c587add7fbe921d985fa92879fe"",""run_identity_sha256"":""067aada7be846738fdaee5116969bc62f3c048ee7731063a176cf875a35f72f4""}"
d9e1b6cc1a4afff7a81c3e65b90bde9356ff9aa3,graphdb,GraphDB (RDF4J) [engines.json profile],10M,S,S1,00,11a13df922fdbee8f9776eaed6af62ffda103b2b406da774b3f49300860168da,C,SPARQLcirc CircuitRewriter,ok,5,131.6,131.6,131.6,131.6,0.0,0,1,900.0,26862,3.2,10,50,5,,431.328596,[131.553],[3.192],0.0,[0.0],135.3,[135.31],0.6,[0.565],r9.2-frozen-identity-v9,5e66981b47271e372e34b2648567c4697a76abcf68b458d64bcf49b24f8b8dcb,term-aware-candidate-set-v1,5,cc70222ca42482fff5eb1ed85d8992d3a527b4b368c91d0ca1907b85a45681cf,flat,flat,68afea361c7f49eb2069e36ed34e231a9dd51dd7c9d7f1167b84a9efcb940e64,/mnt/nfs/home/ac145595/workspace/rq3-artifacts/circuits/rq2-flat-10m/11a13df922fdbee8f9776eaed6af62ffda103b2b406da774b3f49300860168da-68afea361c7f49eb2069e36ed34e231a9dd51dd7c9d7f1167b84a9efcb940e64.nt,/mnt/nfs/home/ac145595/workspace/rq3-artifacts/circuits/rq2-flat-10m/11a13df922fdbee8f9776eaed6af62ffda103b2b406da774b3f49300860168da-68afea361c7f49eb2069e36ed34e231a9dd51dd7c9d7f1167b84a9efcb940e64.json,52c40f950c14033918eeada921c77ab0d8909c436f150aed000fb1195c1963fd,f8e69c70ae67aceaa3b8c9aa778f960ccdcd9a1fd79e8b939788f3fe04c01e5c,d469fb81abed135738f704ddf57de41e98939ca5bbb2509a18a42b807368aa35,1dd1196abdf2d40865f5b4bc27acd5317de9ef00443776c930991278501566aa,84611d18787ae81d7e9fa8ea2c2cf2319e90db0620f009a8ca19b85486a57c7a,59fb59a04cd20e6dec9ee47cf1de02734068a3328cade998a3fc44a746054ea8,a42a308bd2c5294f3aa79a1a3b15804d4137fd68d7677d9adc037e257a217e76,reified,writable,exploratory-base,exploratory-reified,41997fb8640d9e765a0272879a63548eb9bd46bbf6e49da02b7c924e506b94f7,95f85b19db76321fdab33c70bb05485617743f83e3c9c07ce9e365b03fd9b106,f9ff8d30db2db1840ca1585b5598b1cf4d1d06ac2adb86a55b430669507fabff,7b43c2342d7676aa65cc9ee233b2184c9eae88f2663874af7ab1b83282f94ab4,6ffd10b28ab050230cdc1137f0bd16155c3a7c587add7fbe921d985fa92879fe,,,,067aada7be846738fdaee5116969bc62f3c048ee7731063a176cf875a35f72f4,"pcm-meta-v2:{""protocol"":""r9.2-frozen-identity-v9"",""message"":""C requested=flat effective=flat; steps=1 feedback=0; network includes CONSTRUCT, feedback INSERT, and cleanup DELETE"",""cell_wall_ms"":583.471,""answer_kind"":""term-aware-candidate-set-v1"",""answer_key_count"":5,""answer_fingerprint"":""cc70222ca42482fff5eb1ed85d8992d3a527b4b368c91d0ca1907b85a45681cf"",""c_parse_samples"":[3.192],""c_protocol_samples"":[{""requested_mode"":""flat"",""effective_mode"":""flat"",""fallback_reason"":null,""plan_steps"":1,""feedback_steps"":0,""feedback_triples"":0,""construct_query_ms"":131.553,""feedback_update_ms"":0.0,""cleanup_ms"":0.0,""client_protocol_ms"":0.0,""network_scope"":""construct+feedback+cleanup"",""circuit_sha256"":""68afea361c7f49eb2069e36ed34e231a9dd51dd7c9d7f1167b84a9efcb940e64"",""answer_fingerprint"":""cc70222ca42482fff5eb1ed85d8992d3a527b4b368c91d0ca1907b85a45681cf"",""semantic_signature_sha256"":""8ae25a6f656e24a4d9d9dbdd64ae8f1803875d33ebaf0d27a3010b1ffda8989d"",""structure_signature"":{""gates"":10,""edges"":50,""answers"":5,""derivations"":5,""leaves"":13,""plus"":5,""minus"":0,""nodes"":23,""canonical_bytes"":26862},""construct_total_ms"":135.31,""client_unattributed_ms"":0.565}],""construct_total_samples"":[135.31],""construct_unattributed_samples"":[0.565],""status"":""ok"",""status_evidence"":null,""c_warmup_signatures"":[],""measured_semantic_signature_sha256"":""8ae25a6f656e24a4d9d9dbdd64ae8f1803875d33ebaf0d27a3010b1ffda8989d"",""measured_repetitions_consistent"":true,""cache_snapshot_ms"":11.818,""cache_snapshot_scope"":""first-measured-response; deferred until all runs succeeded"",""outside_cell_cache_write_ms"":6.664,""endpoint_lock"":{""wait_ms"":0.007,""lock_path"":""/tmp/sparqlcirc-r9-endpoint-locks-v7/95f85b19db76321fdab33c70bb05485617743f83e3c9c07ce9e365b03fd9b106.lock""},""construction_requested"":""flat"",""construction_effective"":""flat"",""circuit_sha256"":""68afea361c7f49eb2069e36ed34e231a9dd51dd7c9d7f1167b84a9efcb940e64"",""circuit_triples"":200,""circuit_bytes"":26862,""circuit_path"":""/mnt/nfs/home/ac145595/workspace/rq3-artifacts/circuits/rq2-flat-10m/11a13df922fdbee8f9776eaed6af62ffda103b2b406da774b3f49300860168da-68afea361c7f49eb2069e36ed34e231a9dd51dd7c9d7f1167b84a9efcb940e64.nt"",""metadata_path"":""/mnt/nfs/home/ac145595/workspace/rq3-artifacts/circuits/rq2-flat-10m/11a13df922fdbee8f9776eaed6af62ffda103b2b406da774b3f49300860168da-68afea361c7f49eb2069e36ed34e231a9dd51dd7c9d7f1167b84a9efcb940e64.json"",""producer_observation_sha256"":""52c40f950c14033918eeada921c77ab0d8909c436f150aed000fb1195c1963fd"",""sidecar_sha256"":""f8e69c70ae67aceaa3b8c9aa778f960ccdcd9a1fd79e8b939788f3fe04c01e5c"",""commit"":""d9e1b6cc1a4afff7a81c3e65b90bde9356ff9aa3"",""batch_id"":""5e66981b47271e372e34b2648567c4697a76abcf68b458d64bcf49b24f8b8dcb"",""query_sha256"":""11a13df922fdbee8f9776eaed6af62ffda103b2b406da774b3f49300860168da"",""engine"":""graphdb"",""engine_version"":""GraphDB (RDF4J) [engines.json profile]"",""scale"":""10M"",""base_endpoint_sha256"":""d469fb81abed135738f704ddf57de41e98939ca5bbb2509a18a42b807368aa35"",""reified_endpoint_sha256"":""1dd1196abdf2d40865f5b4bc27acd5317de9ef00443776c930991278501566aa"",""update_endpoint_sha256"":""84611d18787ae81d7e9fa8ea2c2cf2319e90db0620f009a8ca19b85486a57c7a"",""base_data_identity_sha256"":""59fb59a04cd20e6dec9ee47cf1de02734068a3328cade998a3fc44a746054ea8"",""reified_data_identity_sha256"":""a42a308bd2c5294f3aa79a1a3b15804d4137fd68d7677d9adc037e257a217e76"",""update_for"":""reified"",""access_mode"":""writable"",""base_data_name"":""exploratory-base"",""reified_data_name"":""exploratory-reified"",""update_canary_sha256"":""41997fb8640d9e765a0272879a63548eb9bd46bbf6e49da02b7c924e506b94f7"",""store_instance_sha256"":""95f85b19db76321fdab33c70bb05485617743f83e3c9c07ce9e365b03fd9b106"",""store_discriminator_sha256"":""f9ff8d30db2db1840ca1585b5598b1cf4d1d06ac2adb86a55b430669507fabff"",""tool_sha256"":""7b43c2342d7676aa65cc9ee233b2184c9eae88f2663874af7ab1b83282f94ab4"",""java_runtime_sha256"":""6ffd10b28ab050230cdc1137f0bd16155c3a7c587add7fbe921d985fa92879fe"",""run_identity_sha256"":""067aada7be846738fdaee5116969bc62f3c048ee7731063a176cf875a35f72f4""}"
d9e1b6cc1a4afff7a81c3e65b90bde9356ff9aa3,graphdb,GraphDB (RDF4J) [engines.json profile],10M,S,S2,00,e634c02fe199569fe27370dfeca74deef380542216b43766499daf6e48f0b7a5,N,N_clean (NPCS reimplementation),ok,255,3408.3,3408.3,3408.3,3408.3,0.0,0,1,900.0,29709,0.0,,,,255,182.896464,[3408.332],[0.0],,[],,[],,[],r9.2-frozen-identity-v9,5e66981b47271e372e34b2648567c4697a76abcf68b458d64bcf49b24f8b8dcb,csv-candidate-multiset-v1,255,7cf0a58e829022b03751ab1a423e477aa734dfb56cbc08474881187861c7e130,,,,,,,,d469fb81abed135738f704ddf57de41e98939ca5bbb2509a18a42b807368aa35,1dd1196abdf2d40865f5b4bc27acd5317de9ef00443776c930991278501566aa,84611d18787ae81d7e9fa8ea2c2cf2319e90db0620f009a8ca19b85486a57c7a,59fb59a04cd20e6dec9ee47cf1de02734068a3328cade998a3fc44a746054ea8,a42a308bd2c5294f3aa79a1a3b15804d4137fd68d7677d9adc037e257a217e76,reified,writable,exploratory-base,exploratory-reified,41997fb8640d9e765a0272879a63548eb9bd46bbf6e49da02b7c924e506b94f7,95f85b19db76321fdab33c70bb05485617743f83e3c9c07ce9e365b03fd9b106,f9ff8d30db2db1840ca1585b5598b1cf4d1d06ac2adb86a55b430669507fabff,7b43c2342d7676aa65cc9ee233b2184c9eae88f2663874af7ab1b83282f94ab4,6ffd10b28ab050230cdc1137f0bd16155c3a7c587add7fbe921d985fa92879fe,255,0,1020,164b9e8a8d115f9ec17cb2191b6785a8439cac2311fb2e0ad2d1b5e6e67780dd,"pcm-meta-v2:{""protocol"":""r9.2-frozen-identity-v9"",""message"":"""",""cell_wall_ms"":3603.334,""answer_kind"":""csv-candidate-multiset-v1"",""answer_key_count"":255,""answer_fingerprint"":""7cf0a58e829022b03751ab1a423e477aa734dfb56cbc08474881187861c7e130"",""c_parse_samples"":[0.0],""c_protocol_samples"":[],""construct_total_samples"":[],""construct_unattributed_samples"":[],""status"":""ok"",""status_evidence"":null,""construction_requested"":null,""construction_effective"":null,""commit"":""d9e1b6cc1a4afff7a81c3e65b90bde9356ff9aa3"",""batch_id"":""5e66981b47271e372e34b2648567c4697a76abcf68b458d64bcf49b24f8b8dcb"",""query_sha256"":""e634c02fe199569fe27370dfeca74deef380542216b43766499daf6e48f0b7a5"",""engine"":""graphdb"",""engine_version"":""GraphDB (RDF4J) [engines.json profile]"",""scale"":""10M"",""base_endpoint_sha256"":""d469fb81abed135738f704ddf57de41e98939ca5bbb2509a18a42b807368aa35"",""reified_endpoint_sha256"":""1dd1196abdf2d40865f5b4bc27acd5317de9ef00443776c930991278501566aa"",""update_endpoint_sha256"":""84611d18787ae81d7e9fa8ea2c2cf2319e90db0620f009a8ca19b85486a57c7a"",""base_data_identity_sha256"":""59fb59a04cd20e6dec9ee47cf1de02734068a3328cade998a3fc44a746054ea8"",""reified_data_identity_sha256"":""a42a308bd2c5294f3aa79a1a3b15804d4137fd68d7677d9adc037e257a217e76"",""update_for"":""reified"",""access_mode"":""writable"",""base_data_name"":""exploratory-base"",""reified_data_name"":""exploratory-reified"",""update_canary_sha256"":""41997fb8640d9e765a0272879a63548eb9bd46bbf6e49da02b7c924e506b94f7"",""store_instance_sha256"":""95f85b19db76321fdab33c70bb05485617743f83e3c9c07ce9e365b03fd9b106"",""store_discriminator_sha256"":""f9ff8d30db2db1840ca1585b5598b1cf4d1d06ac2adb86a55b430669507fabff"",""tool_sha256"":""7b43c2342d7676aa65cc9ee233b2184c9eae88f2663874af7ab1b83282f94ab4"",""java_runtime_sha256"":""6ffd10b28ab050230cdc1137f0bd16155c3a7c587add7fbe921d985fa92879fe"",""run_identity_sha256"":""164b9e8a8d115f9ec17cb2191b6785a8439cac2311fb2e0ad2d1b5e6e67780dd""}"
d9e1b6cc1a4afff7a81c3e65b90bde9356ff9aa3,graphdb,GraphDB (RDF4J) [engines.json profile],10M,S,S2,00,e634c02fe199569fe27370dfeca74deef380542216b43766499daf6e48f0b7a5,C,SPARQLcirc CircuitRewriter,ok,255,30162.8,30162.8,30162.8,30162.8,0.0,0,1,900.0,377984,40.7,510,1275,255,,369.595626,[30162.765],[40.669],0.0,[0.0],30204.6,[30204.577],1.1,[1.142],r9.2-frozen-identity-v9,5e66981b47271e372e34b2648567c4697a76abcf68b458d64bcf49b24f8b8dcb,term-aware-candidate-set-v1,255,cc3c7a44ca494fdba8f25e78de0e814ceb2417154e84bc3026a89271ac7dc51d,flat,flat,c928bb317af0e71a1adbbaba254dbf7942b360bebc3cb990f311392aaf15ad06,/mnt/nfs/home/ac145595/workspace/rq3-artifacts/circuits/rq2-flat-10m/e634c02fe199569fe27370dfeca74deef380542216b43766499daf6e48f0b7a5-c928bb317af0e71a1adbbaba254dbf7942b360bebc3cb990f311392aaf15ad06.nt,/mnt/nfs/home/ac145595/workspace/rq3-artifacts/circuits/rq2-flat-10m/e634c02fe199569fe27370dfeca74deef380542216b43766499daf6e48f0b7a5-c928bb317af0e71a1adbbaba254dbf7942b360bebc3cb990f311392aaf15ad06.json,3265ab65cffc42ad4be0f6de3fa3f5ed3874f918f1e0b98578f6a29823c47615,cfeb64117f2cdd530dfeb8f8815e49f5d32b0d18c3045d82ecd670e074812f28,d469fb81abed135738f704ddf57de41e98939ca5bbb2509a18a42b807368aa35,1dd1196abdf2d40865f5b4bc27acd5317de9ef00443776c930991278501566aa,84611d18787ae81d7e9fa8ea2c2cf2319e90db0620f009a8ca19b85486a57c7a,59fb59a04cd20e6dec9ee47cf1de02734068a3328cade998a3fc44a746054ea8,a42a308bd2c5294f3aa79a1a3b15804d4137fd68d7677d9adc037e257a217e76,reified,writable,exploratory-base,exploratory-reified,41997fb8640d9e765a0272879a63548eb9bd46bbf6e49da02b7c924e506b94f7,95f85b19db76321fdab33c70bb05485617743f83e3c9c07ce9e365b03fd9b106,f9ff8d30db2db1840ca1585b5598b1cf4d1d06ac2adb86a55b430669507fabff,7b43c2342d7676aa65cc9ee233b2184c9eae88f2663874af7ab1b83282f94ab4,6ffd10b28ab050230cdc1137f0bd16155c3a7c587add7fbe921d985fa92879fe,,,,164b9e8a8d115f9ec17cb2191b6785a8439cac2311fb2e0ad2d1b5e6e67780dd,"pcm-meta-v2:{""protocol"":""r9.2-frozen-identity-v9"",""message"":""C requested=flat effective=flat; steps=1 feedback=0; network includes CONSTRUCT, feedback INSERT, and cleanup DELETE"",""cell_wall_ms"":30589.171,""answer_kind"":""term-aware-candidate-set-v1"",""answer_key_count"":255,""answer_fingerprint"":""cc3c7a44ca494fdba8f25e78de0e814ceb2417154e84bc3026a89271ac7dc51d"",""c_parse_samples"":[40.669],""c_protocol_samples"":[{""requested_mode"":""flat"",""effective_mode"":""flat"",""fallback_reason"":null,""plan_steps"":1,""feedback_steps"":0,""feedback_triples"":0,""construct_query_ms"":30162.765,""feedback_update_ms"":0.0,""cleanup_ms"":0.0,""client_protocol_ms"":0.0,""network_scope"":""construct+feedback+cleanup"",""circuit_sha256"":""c928bb317af0e71a1adbbaba254dbf7942b360bebc3cb990f311392aaf15ad06"",""answer_fingerprint"":""cc3c7a44ca494fdba8f25e78de0e814ceb2417154e84bc3026a89271ac7dc51d"",""semantic_signature_sha256"":""e00ab6e0dc2e205eafd11bef06fa5afb6c94e5cd253fdb3c8c04df6f6f758248"",""structure_signature"":{""gates"":510,""edges"":1275,""answers"":255,""derivations"":255,""leaves"":1020,""plus"":255,""minus"":0,""nodes"":1530,""canonical_bytes"":377984},""construct_total_ms"":30204.577,""client_unattributed_ms"":1.142}],""construct_total_samples"":[30204.577],""construct_unattributed_samples"":[1.142],""status"":""ok"",""status_evidence"":null,""c_warmup_signatures"":[],""measured_semantic_signature_sha256"":""e00ab6e0dc2e205eafd11bef06fa5afb6c94e5cd253fdb3c8c04df6f6f758248"",""measured_repetitions_consistent"":true,""cache_snapshot_ms"":8.94,""cache_snapshot_scope"":""first-measured-response; deferred until all runs succeeded"",""outside_cell_cache_write_ms"":23.019,""endpoint_lock"":{""wait_ms"":0.007,""lock_path"":""/tmp/sparqlcirc-r9-endpoint-locks-v7/95f85b19db76321fdab33c70bb05485617743f83e3c9c07ce9e365b03fd9b106.lock""},""construction_requested"":""flat"",""construction_effective"":""flat"",""circuit_sha256"":""c928bb317af0e71a1adbbaba254dbf7942b360bebc3cb990f311392aaf15ad06"",""circuit_triples"":2805,""circuit_bytes"":377984,""circuit_path"":""/mnt/nfs/home/ac145595/workspace/rq3-artifacts/circuits/rq2-flat-10m/e634c02fe199569fe27370dfeca74deef380542216b43766499daf6e48f0b7a5-c928bb317af0e71a1adbbaba254dbf7942b360bebc3cb990f311392aaf15ad06.nt"",""metadata_path"":""/mnt/nfs/home/ac145595/workspace/rq3-artifacts/circuits/rq2-flat-10m/e634c02fe199569fe27370dfeca74deef380542216b43766499daf6e48f0b7a5-c928bb317af0e71a1adbbaba254dbf7942b360bebc3cb990f311392aaf15ad06.json"",""producer_observation_sha256"":""3265ab65cffc42ad4be0f6de3fa3f5ed3874f918f1e0b98578f6a29823c47615"",""sidecar_sha256"":""cfeb64117f2cdd530dfeb8f8815e49f5d32b0d18c3045d82ecd670e074812f28"",""commit"":""d9e1b6cc1a4afff7a81c3e65b90bde9356ff9aa3"",""batch_id"":""5e66981b47271e372e34b2648567c4697a76abcf68b458d64bcf49b24f8b8dcb"",""query_sha256"":""e634c02fe199569fe27370dfeca74deef380542216b43766499daf6e48f0b7a5"",""engine"":""graphdb"",""engine_version"":""GraphDB (RDF4J) [engines.json profile]"",""scale"":""10M"",""base_endpoint_sha256"":""d469fb81abed135738f704ddf57de41e98939ca5bbb2509a18a42b807368aa35"",""reified_endpoint_sha256"":""1dd1196abdf2d40865f5b4bc27acd5317de9ef00443776c930991278501566aa"",""update_endpoint_sha256"":""84611d18787ae81d7e9fa8ea2c2cf2319e90db0620f009a8ca19b85486a57c7a"",""base_data_identity_sha256"":""59fb59a04cd20e6dec9ee47cf1de02734068a3328cade998a3fc44a746054ea8"",""reified_data_identity_sha256"":""a42a308bd2c5294f3aa79a1a3b15804d4137fd68d7677d9adc037e257a217e76"",""update_for"":""reified"",""access_mode"":""writable"",""base_data_name"":""exploratory-base"",""reified_data_name"":""exploratory-reified"",""update_canary_sha256"":""41997fb8640d9e765a0272879a63548eb9bd46bbf6e49da02b7c924e506b94f7"",""store_instance_sha256"":""95f85b19db76321fdab33c70bb05485617743f83e3c9c07ce9e365b03fd9b106"",""store_discriminator_sha256"":""f9ff8d30db2db1840ca1585b5598b1cf4d1d06ac2adb86a55b430669507fabff"",""tool_sha256"":""7b43c2342d7676aa65cc9ee233b2184c9eae88f2663874af7ab1b83282f94ab4"",""java_runtime_sha256"":""6ffd10b28ab050230cdc1137f0bd16155c3a7c587add7fbe921d985fa92879fe"",""run_identity_sha256"":""164b9e8a8d115f9ec17cb2191b6785a8439cac2311fb2e0ad2d1b5e6e67780dd""}"
d9e1b6cc1a4afff7a81c3e65b90bde9356ff9aa3,graphdb,GraphDB (RDF4J) [engines.json profile],10M,S,S3,00,4e26d57d8fea5cd20a5edd26b3e286c7e2287bf17d8cbb9b1567590a068ac8f4,N,N_clean (NPCS reimplementation),ok,128,141.5,141.5,141.5,141.5,0.0,0,1,900.0,24859,0.0,,,,297,195.584269,[141.53],[0.0],,[],,[],,[],r9.2-frozen-identity-v9,5e66981b47271e372e34b2648567c4697a76abcf68b458d64bcf49b24f8b8dcb,csv-candidate-multiset-v1,128,7e075e65cbf9f0272bbc195b893ead6ef5dcf312de88afdb0c46eaa82e0889d7,,,,,,,,d469fb81abed135738f704ddf57de41e98939ca5bbb2509a18a42b807368aa35,1dd1196abdf2d40865f5b4bc27acd5317de9ef00443776c930991278501566aa,84611d18787ae81d7e9fa8ea2c2cf2319e90db0620f009a8ca19b85486a57c7a,59fb59a04cd20e6dec9ee47cf1de02734068a3328cade998a3fc44a746054ea8,a42a308bd2c5294f3aa79a1a3b15804d4137fd68d7677d9adc037e257a217e76,reified,writable,exploratory-base,exploratory-reified,41997fb8640d9e765a0272879a63548eb9bd46bbf6e49da02b7c924e506b94f7,95f85b19db76321fdab33c70bb05485617743f83e3c9c07ce9e365b03fd9b106,f9ff8d30db2db1840ca1585b5598b1cf4d1d06ac2adb86a55b430669507fabff,7b43c2342d7676aa65cc9ee233b2184c9eae88f2663874af7ab1b83282f94ab4,6ffd10b28ab050230cdc1137f0bd16155c3a7c587add7fbe921d985fa92879fe,128,0,1357,b6da2160441843236ed55ae175b4c4597fef073d58b19585a45427f808022f53,"pcm-meta-v2:{""protocol"":""r9.2-frozen-identity-v9"",""message"":"""",""cell_wall_ms"":348.414,""answer_kind"":""csv-candidate-multiset-v1"",""answer_key_count"":128,""answer_fingerprint"":""7e075e65cbf9f0272bbc195b893ead6ef5dcf312de88afdb0c46eaa82e0889d7"",""c_parse_samples"":[0.0],""c_protocol_samples"":[],""construct_total_samples"":[],""construct_unattributed_samples"":[],""status"":""ok"",""status_evidence"":null,""construction_requested"":null,""construction_effective"":null,""commit"":""d9e1b6cc1a4afff7a81c3e65b90bde9356ff9aa3"",""batch_id"":""5e66981b47271e372e34b2648567c4697a76abcf68b458d64bcf49b24f8b8dcb"",""query_sha256"":""4e26d57d8fea5cd20a5edd26b3e286c7e2287bf17d8cbb9b1567590a068ac8f4"",""engine"":""graphdb"",""engine_version"":""GraphDB (RDF4J) [engines.json profile]"",""scale"":""10M"",""base_endpoint_sha256"":""d469fb81abed135738f704ddf57de41e98939ca5bbb2509a18a42b807368aa35"",""reified_endpoint_sha256"":""1dd1196abdf2d40865f5b4bc27acd5317de9ef00443776c930991278501566aa"",""update_endpoint_sha256"":""84611d18787ae81d7e9fa8ea2c2cf2319e90db0620f009a8ca19b85486a57c7a"",""base_data_identity_sha256"":""59fb59a04cd20e6dec9ee47cf1de02734068a3328cade998a3fc44a746054ea8"",""reified_data_identity_sha256"":""a42a308bd2c5294f3aa79a1a3b15804d4137fd68d7677d9adc037e257a217e76"",""update_for"":""reified"",""access_mode"":""writable"",""base_data_name"":""exploratory-base"",""reified_data_name"":""exploratory-reified"",""update_canary_sha256"":""41997fb8640d9e765a0272879a63548eb9bd46bbf6e49da02b7c924e506b94f7"",""store_instance_sha256"":""95f85b19db76321fdab33c70bb05485617743f83e3c9c07ce9e365b03fd9b106"",""store_discriminator_sha256"":""f9ff8d30db2db1840ca1585b5598b1cf4d1d06ac2adb86a55b430669507fabff"",""tool_sha256"":""7b43c2342d7676aa65cc9ee233b2184c9eae88f2663874af7ab1b83282f94ab4"",""java_runtime_sha256"":""6ffd10b28ab050230cdc1137f0bd16155c3a7c587add7fbe921d985fa92879fe"",""run_identity_sha256"":""b6da2160441843236ed55ae175b4c4597fef073d58b19585a45427f808022f53""}"
d9e1b6cc1a4afff7a81c3e65b90bde9356ff9aa3,graphdb,GraphDB (RDF4J) [engines.json profile],10M,S,S3,00,4e26d57d8fea5cd20a5edd26b3e286c7e2287bf17d8cbb9b1567590a068ac8f4,C,SPARQLcirc CircuitRewriter,ok,128,1029.3,1029.3,1029.3,1029.3,0.0,0,1,900.0,317793,32.0,425,1485,297,,430.444543,[1029.268],[32.024],0.0,[0.0],1062.4,[1062.394],1.1,[1.102],r9.2-frozen-identity-v9,5e66981b47271e372e34b2648567c4697a76abcf68b458d64bcf49b24f8b8dcb,term-aware-candidate-set-v1,128,e102347139f9cfd1da525be5323c65fc45e252beda532850495d7371e58ca1c4,flat,flat,9dbae48f84f3ab0b66b586d462b3c571c1e28a08792bb858a6f8d397eb5a61a9,/mnt/nfs/home/ac145595/workspace/rq3-artifacts/circuits/rq2-flat-10m/4e26d57d8fea5cd20a5edd26b3e286c7e2287bf17d8cbb9b1567590a068ac8f4-9dbae48f84f3ab0b66b586d462b3c571c1e28a08792bb858a6f8d397eb5a61a9.nt,/mnt/nfs/home/ac145595/workspace/rq3-artifacts/circuits/rq2-flat-10m/4e26d57d8fea5cd20a5edd26b3e286c7e2287bf17d8cbb9b1567590a068ac8f4-9dbae48f84f3ab0b66b586d462b3c571c1e28a08792bb858a6f8d397eb5a61a9.json,091e89a0b1b422a029ab2d65b54070116dd8f13e35f29fe6b72966558400e7a7,824ac9c04e81568d894bb0c8c4c83661636f68a6e738308c2c3570a579771776,d469fb81abed135738f704ddf57de41e98939ca5bbb2509a18a42b807368aa35,1dd1196abdf2d40865f5b4bc27acd5317de9ef00443776c930991278501566aa,84611d18787ae81d7e9fa8ea2c2cf2319e90db0620f009a8ca19b85486a57c7a,59fb59a04cd20e6dec9ee47cf1de02734068a3328cade998a3fc44a746054ea8,a42a308bd2c5294f3aa79a1a3b15804d4137fd68d7677d9adc037e257a217e76,reified,writable,exploratory-base,exploratory-reified,41997fb8640d9e765a0272879a63548eb9bd46bbf6e49da02b7c924e506b94f7,95f85b19db76321fdab33c70bb05485617743f83e3c9c07ce9e365b03fd9b106,f9ff8d30db2db1840ca1585b5598b1cf4d1d06ac2adb86a55b430669507fabff,7b43c2342d7676aa65cc9ee233b2184c9eae88f2663874af7ab1b83282f94ab4,6ffd10b28ab050230cdc1137f0bd16155c3a7c587add7fbe921d985fa92879fe,,,,b6da2160441843236ed55ae175b4c4597fef073d58b19585a45427f808022f53,"pcm-meta-v2:{""protocol"":""r9.2-frozen-identity-v9"",""message"":""C requested=flat effective=flat; steps=1 feedback=0; network includes CONSTRUCT, feedback INSERT, and cleanup DELETE"",""cell_wall_ms"":1506.316,""answer_kind"":""term-aware-candidate-set-v1"",""answer_key_count"":128,""answer_fingerprint"":""e102347139f9cfd1da525be5323c65fc45e252beda532850495d7371e58ca1c4"",""c_parse_samples"":[32.024],""c_protocol_samples"":[{""requested_mode"":""flat"",""effective_mode"":""flat"",""fallback_reason"":null,""plan_steps"":1,""feedback_steps"":0,""feedback_triples"":0,""construct_query_ms"":1029.268,""feedback_update_ms"":0.0,""cleanup_ms"":0.0,""client_protocol_ms"":0.0,""network_scope"":""construct+feedback+cleanup"",""circuit_sha256"":""9dbae48f84f3ab0b66b586d462b3c571c1e28a08792bb858a6f8d397eb5a61a9"",""answer_fingerprint"":""e102347139f9cfd1da525be5323c65fc45e252beda532850495d7371e58ca1c4"",""semantic_signature_sha256"":""21891d900e50a61f2cdba92bad0875d7ecaacb09034c62e5a13f79ae7aee944f"",""structure_signature"":{""gates"":425,""edges"":1485,""answers"":128,""derivations"":297,""leaves"":681,""plus"":128,""minus"":0,""nodes"":1106,""canonical_bytes"":317793},""construct_total_ms"":1062.394,""client_unattributed_ms"":1.102}],""construct_total_samples"":[1062.394],""construct_unattributed_samples"":[1.102],""status"":""ok"",""status_evidence"":null,""c_warmup_signatures"":[],""measured_semantic_signature_sha256"":""21891d900e50a61f2cdba92bad0875d7ecaacb09034c62e5a13f79ae7aee944f"",""measured_repetitions_consistent"":true,""cache_snapshot_ms"":7.551,""cache_snapshot_scope"":""first-measured-response; deferred until all runs succeeded"",""outside_cell_cache_write_ms"":19.1,""endpoint_lock"":{""wait_ms"":0.006,""lock_path"":""/tmp/sparqlcirc-r9-endpoint-locks-v7/95f85b19db76321fdab33c70bb05485617743f83e3c9c07ce9e365b03fd9b106.lock""},""construction_requested"":""flat"",""construction_effective"":""flat"",""circuit_sha256"":""9dbae48f84f3ab0b66b586d462b3c571c1e28a08792bb858a6f8d397eb5a61a9"",""circuit_triples"":2422,""circuit_bytes"":317793,""circuit_path"":""/mnt/nfs/home/ac145595/workspace/rq3-artifacts/circuits/rq2-flat-10m/4e26d57d8fea5cd20a5edd26b3e286c7e2287bf17d8cbb9b1567590a068ac8f4-9dbae48f84f3ab0b66b586d462b3c571c1e28a08792bb858a6f8d397eb5a61a9.nt"",""metadata_path"":""/mnt/nfs/home/ac145595/workspace/rq3-artifacts/circuits/rq2-flat-10m/4e26d57d8fea5cd20a5edd26b3e286c7e2287bf17d8cbb9b1567590a068ac8f4-9dbae48f84f3ab0b66b586d462b3c571c1e28a08792bb858a6f8d397eb5a61a9.json"",""producer_observation_sha256"":""091e89a0b1b422a029ab2d65b54070116dd8f13e35f29fe6b72966558400e7a7"",""sidecar_sha256"":""824ac9c04e81568d894bb0c8c4c83661636f68a6e738308c2c3570a579771776"",""commit"":""d9e1b6cc1a4afff7a81c3e65b90bde9356ff9aa3"",""batch_id"":""5e66981b47271e372e34b2648567c4697a76abcf68b458d64bcf49b24f8b8dcb"",""query_sha256"":""4e26d57d8fea5cd20a5edd26b3e286c7e2287bf17d8cbb9b1567590a068ac8f4"",""engine"":""graphdb"",""engine_version"":""GraphDB (RDF4J) [engines.json profile]"",""scale"":""10M"",""base_endpoint_sha256"":""d469fb81abed135738f704ddf57de41e98939ca5bbb2509a18a42b807368aa35"",""reified_endpoint_sha256"":""1dd1196abdf2d40865f5b4bc27acd5317de9ef00443776c930991278501566aa"",""update_endpoint_sha256"":""84611d18787ae81d7e9fa8ea2c2cf2319e90db0620f009a8ca19b85486a57c7a"",""base_data_identity_sha256"":""59fb59a04cd20e6dec9ee47cf1de02734068a3328cade998a3fc44a746054ea8"",""reified_data_identity_sha256"":""a42a308bd2c5294f3aa79a1a3b15804d4137fd68d7677d9adc037e257a217e76"",""update_for"":""reified"",""access_mode"":""writable"",""base_data_name"":""exploratory-base"",""reified_data_name"":""exploratory-reified"",""update_canary_sha256"":""41997fb8640d9e765a0272879a63548eb9bd46bbf6e49da02b7c924e506b94f7"",""store_instance_sha256"":""95f85b19db76321fdab33c70bb05485617743f83e3c9c07ce9e365b03fd9b106"",""store_discriminator_sha256"":""f9ff8d30db2db1840ca1585b5598b1cf4d1d06ac2adb86a55b430669507fabff"",""tool_sha256"":""7b43c2342d7676aa65cc9ee233b2184c9eae88f2663874af7ab1b83282f94ab4"",""java_runtime_sha256"":""6ffd10b28ab050230cdc1137f0bd16155c3a7c587add7fbe921d985fa92879fe"",""run_identity_sha256"":""b6da2160441843236ed55ae175b4c4597fef073d58b19585a45427f808022f53""}"
d9e1b6cc1a4afff7a81c3e65b90bde9356ff9aa3,graphdb,GraphDB (RDF4J) [engines.json profile],10M,S,S4,00,be92ea13409cc5816a7820f5d9231cb1e43d4ea746a92a57b97ca2d3c79dc20c,N,N_clean (NPCS reimplementation),ok,1,553.5,553.5,553.5,553.5,0.0,0,1,900.0,204,0.0,,,,1,199.002352,[553.509],[0.0],,[],,[],,[],r9.2-frozen-identity-v9,5e66981b47271e372e34b2648567c4697a76abcf68b458d64bcf49b24f8b8dcb,csv-candidate-multiset-v1,1,9455df036fc4f6c3e0d991844f6322b1742a17d72c5dc11bccddd16a96ceb898,,,,,,,,d469fb81abed135738f704ddf57de41e98939ca5bbb2509a18a42b807368aa35,1dd1196abdf2d40865f5b4bc27acd5317de9ef00443776c930991278501566aa,84611d18787ae81d7e9fa8ea2c2cf2319e90db0620f009a8ca19b85486a57c7a,59fb59a04cd20e6dec9ee47cf1de02734068a3328cade998a3fc44a746054ea8,a42a308bd2c5294f3aa79a1a3b15804d4137fd68d7677d9adc037e257a217e76,reified,writable,exploratory-base,exploratory-reified,41997fb8640d9e765a0272879a63548eb9bd46bbf6e49da02b7c924e506b94f7,95f85b19db76321fdab33c70bb05485617743f83e3c9c07ce9e365b03fd9b106,f9ff8d30db2db1840ca1585b5598b1cf4d1d06ac2adb86a55b430669507fabff,7b43c2342d7676aa65cc9ee233b2184c9eae88f2663874af7ab1b83282f94ab4,6ffd10b28ab050230cdc1137f0bd16155c3a7c587add7fbe921d985fa92879fe,1,0,4,a09572ef9b4dfc47cc1fb783de2a82816468613fabe1d207c6d2defa971ed46a,"pcm-meta-v2:{""protocol"":""r9.2-frozen-identity-v9"",""message"":"""",""cell_wall_ms"":760.668,""answer_kind"":""csv-candidate-multiset-v1"",""answer_key_count"":1,""answer_fingerprint"":""9455df036fc4f6c3e0d991844f6322b1742a17d72c5dc11bccddd16a96ceb898"",""c_parse_samples"":[0.0],""c_protocol_samples"":[],""construct_total_samples"":[],""construct_unattributed_samples"":[],""status"":""ok"",""status_evidence"":null,""construction_requested"":null,""construction_effective"":null,""commit"":""d9e1b6cc1a4afff7a81c3e65b90bde9356ff9aa3"",""batch_id"":""5e66981b47271e372e34b2648567c4697a76abcf68b458d64bcf49b24f8b8dcb"",""query_sha256"":""be92ea13409cc5816a7820f5d9231cb1e43d4ea746a92a57b97ca2d3c79dc20c"",""engine"":""graphdb"",""engine_version"":""GraphDB (RDF4J) [engines.json profile]"",""scale"":""10M"",""base_endpoint_sha256"":""d469fb81abed135738f704ddf57de41e98939ca5bbb2509a18a42b807368aa35"",""reified_endpoint_sha256"":""1dd1196abdf2d40865f5b4bc27acd5317de9ef00443776c930991278501566aa"",""update_endpoint_sha256"":""84611d18787ae81d7e9fa8ea2c2cf2319e90db0620f009a8ca19b85486a57c7a"",""base_data_identity_sha256"":""59fb59a04cd20e6dec9ee47cf1de02734068a3328cade998a3fc44a746054ea8"",""reified_data_identity_sha256"":""a42a308bd2c5294f3aa79a1a3b15804d4137fd68d7677d9adc037e257a217e76"",""update_for"":""reified"",""access_mode"":""writable"",""base_data_name"":""exploratory-base"",""reified_data_name"":""exploratory-reified"",""update_canary_sha256"":""41997fb8640d9e765a0272879a63548eb9bd46bbf6e49da02b7c924e506b94f7"",""store_instance_sha256"":""95f85b19db76321fdab33c70bb05485617743f83e3c9c07ce9e365b03fd9b106"",""store_discriminator_sha256"":""f9ff8d30db2db1840ca1585b5598b1cf4d1d06ac2adb86a55b430669507fabff"",""tool_sha256"":""7b43c2342d7676aa65cc9ee233b2184c9eae88f2663874af7ab1b83282f94ab4"",""java_runtime_sha256"":""6ffd10b28ab050230cdc1137f0bd16155c3a7c587add7fbe921d985fa92879fe"",""run_identity_sha256"":""a09572ef9b4dfc47cc1fb783de2a82816468613fabe1d207c6d2defa971ed46a""}"
d9e1b6cc1a4afff7a81c3e65b90bde9356ff9aa3,graphdb,GraphDB (RDF4J) [engines.json profile],10M,S,S4,00,be92ea13409cc5816a7820f5d9231cb1e43d4ea746a92a57b97ca2d3c79dc20c,C,SPARQLcirc CircuitRewriter,ok,1,5516.3,5516.3,5516.3,5516.3,0.0,0,1,900.0,2357,0.6,2,5,1,,423.660329,[5516.266],[0.59],0.0,[0.0],5517.4,[5517.41],0.6,[0.554],r9.2-frozen-identity-v9,5e66981b47271e372e34b2648567c4697a76abcf68b458d64bcf49b24f8b8dcb,term-aware-candidate-set-v1,1,b850dd09b978b3960f75d2c5a9626d9cec098bd7367b04ac141e92a1588d62f6,flat,flat,96c58e7b547eb7f48b52bb45256f9c66464e00382da6b084628f1edc5ddc19d2,/mnt/nfs/home/ac145595/workspace/rq3-artifacts/circuits/rq2-flat-10m/be92ea13409cc5816a7820f5d9231cb1e43d4ea746a92a57b97ca2d3c79dc20c-96c58e7b547eb7f48b52bb45256f9c66464e00382da6b084628f1edc5ddc19d2.nt,/mnt/nfs/home/ac145595/workspace/rq3-artifacts/circuits/rq2-flat-10m/be92ea13409cc5816a7820f5d9231cb1e43d4ea746a92a57b97ca2d3c79dc20c-96c58e7b547eb7f48b52bb45256f9c66464e00382da6b084628f1edc5ddc19d2.json,8a372d0d96fc8c535925061089d64bd15a2c95f43c9fa556cbd1f534fe5e98de,f30fa96dd0e9b14465089e6788887a5955b55a66503929a6b84eb29f5718fdc9,d469fb81abed135738f704ddf57de41e98939ca5bbb2509a18a42b807368aa35,1dd1196abdf2d40865f5b4bc27acd5317de9ef00443776c930991278501566aa,84611d18787ae81d7e9fa8ea2c2cf2319e90db0620f009a8ca19b85486a57c7a,59fb59a04cd20e6dec9ee47cf1de02734068a3328cade998a3fc44a746054ea8,a42a308bd2c5294f3aa79a1a3b15804d4137fd68d7677d9adc037e257a217e76,reified,writable,exploratory-base,exploratory-reified,41997fb8640d9e765a0272879a63548eb9bd46bbf6e49da02b7c924e506b94f7,95f85b19db76321fdab33c70bb05485617743f83e3c9c07ce9e365b03fd9b106,f9ff8d30db2db1840ca1585b5598b1cf4d1d06ac2adb86a55b430669507fabff,7b43c2342d7676aa65cc9ee233b2184c9eae88f2663874af7ab1b83282f94ab4,6ffd10b28ab050230cdc1137f0bd16155c3a7c587add7fbe921d985fa92879fe,,,,a09572ef9b4dfc47cc1fb783de2a82816468613fabe1d207c6d2defa971ed46a,"pcm-meta-v2:{""protocol"":""r9.2-frozen-identity-v9"",""message"":""C requested=flat effective=flat; steps=1 feedback=0; network includes CONSTRUCT, feedback INSERT, and cleanup DELETE"",""cell_wall_ms"":5948.019,""answer_kind"":""term-aware-candidate-set-v1"",""answer_key_count"":1,""answer_fingerprint"":""b850dd09b978b3960f75d2c5a9626d9cec098bd7367b04ac141e92a1588d62f6"",""c_parse_samples"":[0.59],""c_protocol_samples"":[{""requested_mode"":""flat"",""effective_mode"":""flat"",""fallback_reason"":null,""plan_steps"":1,""feedback_steps"":0,""feedback_triples"":0,""construct_query_ms"":5516.266,""feedback_update_ms"":0.0,""cleanup_ms"":0.0,""client_protocol_ms"":0.0,""network_scope"":""construct+feedback+cleanup"",""circuit_sha256"":""96c58e7b547eb7f48b52bb45256f9c66464e00382da6b084628f1edc5ddc19d2"",""answer_fingerprint"":""b850dd09b978b3960f75d2c5a9626d9cec098bd7367b04ac141e92a1588d62f6"",""semantic_signature_sha256"":""386ffb6d584a1521ba17d838e49cd21a6ba4b87eb0fce207dfb4617abf88db0b"",""structure_signature"":{""gates"":2,""edges"":5,""answers"":1,""derivations"":1,""leaves"":4,""plus"":1,""minus"":0,""nodes"":6,""canonical_bytes"":2357},""construct_total_ms"":5517.41,""client_unattributed_ms"":0.554}],""construct_total_samples"":[5517.41],""construct_unattributed_samples"":[0.554],""status"":""ok"",""status_evidence"":null,""c_warmup_signatures"":[],""measured_semantic_signature_sha256"":""386ffb6d584a1521ba17d838e49cd21a6ba4b87eb0fce207dfb4617abf88db0b"",""measured_repetitions_consistent"":true,""cache_snapshot_ms"":0.864,""cache_snapshot_scope"":""first-measured-response; deferred until all runs succeeded"",""outside_cell_cache_write_ms"":4.47,""endpoint_lock"":{""wait_ms"":0.007,""lock_path"":""/tmp/sparqlcirc-r9-endpoint-locks-v7/95f85b19db76321fdab33c70bb05485617743f83e3c9c07ce9e365b03fd9b106.lock""},""construction_requested"":""flat"",""construction_effective"":""flat"",""circuit_sha256"":""96c58e7b547eb7f48b52bb45256f9c66464e00382da6b084628f1edc5ddc19d2"",""circuit_triples"":17,""circuit_bytes"":2357,""circuit_path"":""/mnt/nfs/home/ac145595/workspace/rq3-artifacts/circuits/rq2-flat-10m/be92ea13409cc5816a7820f5d9231cb1e43d4ea746a92a57b97ca2d3c79dc20c-96c58e7b547eb7f48b52bb45256f9c66464e00382da6b084628f1edc5ddc19d2.nt"",""metadata_path"":""/mnt/nfs/home/ac145595/workspace/rq3-artifacts/circuits/rq2-flat-10m/be92ea13409cc5816a7820f5d9231cb1e43d4ea746a92a57b97ca2d3c79dc20c-96c58e7b547eb7f48b52bb45256f9c66464e00382da6b084628f1edc5ddc19d2.json"",""producer_observation_sha256"":""8a372d0d96fc8c535925061089d64bd15a2c95f43c9fa556cbd1f534fe5e98de"",""sidecar_sha256"":""f30fa96dd0e9b14465089e6788887a5955b55a66503929a6b84eb29f5718fdc9"",""commit"":""d9e1b6cc1a4afff7a81c3e65b90bde9356ff9aa3"",""batch_id"":""5e66981b47271e372e34b2648567c4697a76abcf68b458d64bcf49b24f8b8dcb"",""query_sha256"":""be92ea13409cc5816a7820f5d9231cb1e43d4ea746a92a57b97ca2d3c79dc20c"",""engine"":""graphdb"",""engine_version"":""GraphDB (RDF4J) [engines.json profile]"",""scale"":""10M"",""base_endpoint_sha256"":""d469fb81abed135738f704ddf57de41e98939ca5bbb2509a18a42b807368aa35"",""reified_endpoint_sha256"":""1dd1196abdf2d40865f5b4bc27acd5317de9ef00443776c930991278501566aa"",""update_endpoint_sha256"":""84611d18787ae81d7e9fa8ea2c2cf2319e90db0620f009a8ca19b85486a57c7a"",""base_data_identity_sha256"":""59fb59a04cd20e6dec9ee47cf1de02734068a3328cade998a3fc44a746054ea8"",""reified_data_identity_sha256"":""a42a308bd2c5294f3aa79a1a3b15804d4137fd68d7677d9adc037e257a217e76"",""update_for"":""reified"",""access_mode"":""writable"",""base_data_name"":""exploratory-base"",""reified_data_name"":""exploratory-reified"",""update_canary_sha256"":""41997fb8640d9e765a0272879a63548eb9bd46bbf6e49da02b7c924e506b94f7"",""store_instance_sha256"":""95f85b19db76321fdab33c70bb05485617743f83e3c9c07ce9e365b03fd9b106"",""store_discriminator_sha256"":""f9ff8d30db2db1840ca1585b5598b1cf4d1d06ac2adb86a55b430669507fabff"",""tool_sha256"":""7b43c2342d7676aa65cc9ee233b2184c9eae88f2663874af7ab1b83282f94ab4"",""java_runtime_sha256"":""6ffd10b28ab050230cdc1137f0bd16155c3a7c587add7fbe921d985fa92879fe"",""run_identity_sha256"":""a09572ef9b4dfc47cc1fb783de2a82816468613fabe1d207c6d2defa971ed46a""}"
d9e1b6cc1a4afff7a81c3e65b90bde9356ff9aa3,graphdb,GraphDB (RDF4J) [engines.json profile],10M,S,S5,00,691e7a0abcd7232efe06742dc0cffd6f1c1bb58adb1206c47f9a3c8bb38753fb,N,N_clean (NPCS reimplementation),ok,26,86.0,86.0,86.0,86.0,0.0,0,1,900.0,3034,0.0,,,,26,187.247811,[85.968],[0.0],,[],,[],,[],r9.2-frozen-identity-v9,5e66981b47271e372e34b2648567c4697a76abcf68b458d64bcf49b24f8b8dcb,csv-candidate-multiset-v1,26,891c19b1f9524fef28babe1ef17e1b435563a0d71a4909a058d1e565f27109e2,,,,,,,,d469fb81abed135738f704ddf57de41e98939ca5bbb2509a18a42b807368aa35,1dd1196abdf2d40865f5b4bc27acd5317de9ef00443776c930991278501566aa,84611d18787ae81d7e9fa8ea2c2cf2319e90db0620f009a8ca19b85486a57c7a,59fb59a04cd20e6dec9ee47cf1de02734068a3328cade998a3fc44a746054ea8,a42a308bd2c5294f3aa79a1a3b15804d4137fd68d7677d9adc037e257a217e76,reified,writable,exploratory-base,exploratory-reified,41997fb8640d9e765a0272879a63548eb9bd46bbf6e49da02b7c924e506b94f7,95f85b19db76321fdab33c70bb05485617743f83e3c9c07ce9e365b03fd9b106,f9ff8d30db2db1840ca1585b5598b1cf4d1d06ac2adb86a55b430669507fabff,7b43c2342d7676aa65cc9ee233b2184c9eae88f2663874af7ab1b83282f94ab4,6ffd10b28ab050230cdc1137f0bd16155c3a7c587add7fbe921d985fa92879fe,26,0,104,ac874e90179c591c9a5b062ef1a89ab3d636134ac8565f83516a671bdbebd05a,"pcm-meta-v2:{""protocol"":""r9.2-frozen-identity-v9"",""message"":"""",""cell_wall_ms"":280.994,""answer_kind"":""csv-candidate-multiset-v1"",""answer_key_count"":26,""answer_fingerprint"":""891c19b1f9524fef28babe1ef17e1b435563a0d71a4909a058d1e565f27109e2"",""c_parse_samples"":[0.0],""c_protocol_samples"":[],""construct_total_samples"":[],""construct_unattributed_samples"":[],""status"":""ok"",""status_evidence"":null,""construction_requested"":null,""construction_effective"":null,""commit"":""d9e1b6cc1a4afff7a81c3e65b90bde9356ff9aa3"",""batch_id"":""5e66981b47271e372e34b2648567c4697a76abcf68b458d64bcf49b24f8b8dcb"",""query_sha256"":""691e7a0abcd7232efe06742dc0cffd6f1c1bb58adb1206c47f9a3c8bb38753fb"",""engine"":""graphdb"",""engine_version"":""GraphDB (RDF4J) [engines.json profile]"",""scale"":""10M"",""base_endpoint_sha256"":""d469fb81abed135738f704ddf57de41e98939ca5bbb2509a18a42b807368aa35"",""reified_endpoint_sha256"":""1dd1196abdf2d40865f5b4bc27acd5317de9ef00443776c930991278501566aa"",""update_endpoint_sha256"":""84611d18787ae81d7e9fa8ea2c2cf2319e90db0620f009a8ca19b85486a57c7a"",""base_data_identity_sha256"":""59fb59a04cd20e6dec9ee47cf1de02734068a3328cade998a3fc44a746054ea8"",""reified_data_identity_sha256"":""a42a308bd2c5294f3aa79a1a3b15804d4137fd68d7677d9adc037e257a217e76"",""update_for"":""reified"",""access_mode"":""writable"",""base_data_name"":""exploratory-base"",""reified_data_name"":""exploratory-reified"",""update_canary_sha256"":""41997fb8640d9e765a0272879a63548eb9bd46bbf6e49da02b7c924e506b94f7"",""store_instance_sha256"":""95f85b19db76321fdab33c70bb05485617743f83e3c9c07ce9e365b03fd9b106"",""store_discriminator_sha256"":""f9ff8d30db2db1840ca1585b5598b1cf4d1d06ac2adb86a55b430669507fabff"",""tool_sha256"":""7b43c2342d7676aa65cc9ee233b2184c9eae88f2663874af7ab1b83282f94ab4"",""java_runtime_sha256"":""6ffd10b28ab050230cdc1137f0bd16155c3a7c587add7fbe921d985fa92879fe"",""run_identity_sha256"":""ac874e90179c591c9a5b062ef1a89ab3d636134ac8565f83516a671bdbebd05a""}"
d9e1b6cc1a4afff7a81c3e65b90bde9356ff9aa3,graphdb,GraphDB (RDF4J) [engines.json profile],10M,S,S5,00,691e7a0abcd7232efe06742dc0cffd6f1c1bb58adb1206c47f9a3c8bb38753fb,C,SPARQLcirc CircuitRewriter,ok,26,462.1,462.1,462.1,462.1,0.0,0,1,900.0,38584,4.3,52,130,26,,360.76363,[462.059],[4.253],0.0,[0.0],467.1,[467.098],0.8,[0.786],r9.2-frozen-identity-v9,5e66981b47271e372e34b2648567c4697a76abcf68b458d64bcf49b24f8b8dcb,term-aware-candidate-set-v1,26,58e907040cb1e36d32bde5178127b15ead6e5826627990f0f4d07fa319287328,flat,flat,d78fd92b48bec44ae6d6c70443e2d0a49196744134e188378ed7610457fa48a0,/mnt/nfs/home/ac145595/workspace/rq3-artifacts/circuits/rq2-flat-10m/691e7a0abcd7232efe06742dc0cffd6f1c1bb58adb1206c47f9a3c8bb38753fb-d78fd92b48bec44ae6d6c70443e2d0a49196744134e188378ed7610457fa48a0.nt,/mnt/nfs/home/ac145595/workspace/rq3-artifacts/circuits/rq2-flat-10m/691e7a0abcd7232efe06742dc0cffd6f1c1bb58adb1206c47f9a3c8bb38753fb-d78fd92b48bec44ae6d6c70443e2d0a49196744134e188378ed7610457fa48a0.json,b287345570c3cd9583558dddf811d670d009b3c2431af3bcf13cbeb0bb7353d4,0ea592c21c18f114e5a06b91240b79b2a8276b4ad08276c6b78b246ffd47e13c,d469fb81abed135738f704ddf57de41e98939ca5bbb2509a18a42b807368aa35,1dd1196abdf2d40865f5b4bc27acd5317de9ef00443776c930991278501566aa,84611d18787ae81d7e9fa8ea2c2cf2319e90db0620f009a8ca19b85486a57c7a,59fb59a04cd20e6dec9ee47cf1de02734068a3328cade998a3fc44a746054ea8,a42a308bd2c5294f3aa79a1a3b15804d4137fd68d7677d9adc037e257a217e76,reified,writable,exploratory-base,exploratory-reified,41997fb8640d9e765a0272879a63548eb9bd46bbf6e49da02b7c924e506b94f7,95f85b19db76321fdab33c70bb05485617743f83e3c9c07ce9e365b03fd9b106,f9ff8d30db2db1840ca1585b5598b1cf4d1d06ac2adb86a55b430669507fabff,7b43c2342d7676aa65cc9ee233b2184c9eae88f2663874af7ab1b83282f94ab4,6ffd10b28ab050230cdc1137f0bd16155c3a7c587add7fbe921d985fa92879fe,,,,ac874e90179c591c9a5b062ef1a89ab3d636134ac8565f83516a671bdbebd05a,"pcm-meta-v2:{""protocol"":""r9.2-frozen-identity-v9"",""message"":""C requested=flat effective=flat; steps=1 feedback=0; network includes CONSTRUCT, feedback INSERT, and cleanup DELETE"",""cell_wall_ms"":834.358,""answer_kind"":""term-aware-candidate-set-v1"",""answer_key_count"":26,""answer_fingerprint"":""58e907040cb1e36d32bde5178127b15ead6e5826627990f0f4d07fa319287328"",""c_parse_samples"":[4.253],""c_protocol_samples"":[{""requested_mode"":""flat"",""effective_mode"":""flat"",""fallback_reason"":null,""plan_steps"":1,""feedback_steps"":0,""feedback_triples"":0,""construct_query_ms"":462.059,""feedback_update_ms"":0.0,""cleanup_ms"":0.0,""client_protocol_ms"":0.0,""network_scope"":""construct+feedback+cleanup"",""circuit_sha256"":""d78fd92b48bec44ae6d6c70443e2d0a49196744134e188378ed7610457fa48a0"",""answer_fingerprint"":""58e907040cb1e36d32bde5178127b15ead6e5826627990f0f4d07fa319287328"",""semantic_signature_sha256"":""5cd4c88d2d8e3fa2dfdddf4f7589f74699413f132d5a1dd08322fd0238f32681"",""structure_signature"":{""gates"":52,""edges"":130,""answers"":26,""derivations"":26,""leaves"":104,""plus"":26,""minus"":0,""nodes"":156,""canonical_bytes"":38584},""construct_total_ms"":467.098,""client_unattributed_ms"":0.786}],""construct_total_samples"":[467.098],""construct_unattributed_samples"":[0.786],""status"":""ok"",""status_evidence"":null,""c_warmup_signatures"":[],""measured_semantic_signature_sha256"":""5cd4c88d2d8e3fa2dfdddf4f7589f74699413f132d5a1dd08322fd0238f32681"",""measured_repetitions_consistent"":true,""cache_snapshot_ms"":1.52,""cache_snapshot_scope"":""first-measured-response; deferred until all runs succeeded"",""outside_cell_cache_write_ms"":6.174,""endpoint_lock"":{""wait_ms"":0.007,""lock_path"":""/tmp/sparqlcirc-r9-endpoint-locks-v7/95f85b19db76321fdab33c70bb05485617743f83e3c9c07ce9e365b03fd9b106.lock""},""construction_requested"":""flat"",""construction_effective"":""flat"",""circuit_sha256"":""d78fd92b48bec44ae6d6c70443e2d0a49196744134e188378ed7610457fa48a0"",""circuit_triples"":286,""circuit_bytes"":38584,""circuit_path"":""/mnt/nfs/home/ac145595/workspace/rq3-artifacts/circuits/rq2-flat-10m/691e7a0abcd7232efe06742dc0cffd6f1c1bb58adb1206c47f9a3c8bb38753fb-d78fd92b48bec44ae6d6c70443e2d0a49196744134e188378ed7610457fa48a0.nt"",""metadata_path"":""/mnt/nfs/home/ac145595/workspace/rq3-artifacts/circuits/rq2-flat-10m/691e7a0abcd7232efe06742dc0cffd6f1c1bb58adb1206c47f9a3c8bb38753fb-d78fd92b48bec44ae6d6c70443e2d0a49196744134e188378ed7610457fa48a0.json"",""producer_observation_sha256"":""b287345570c3cd9583558dddf811d670d009b3c2431af3bcf13cbeb0bb7353d4"",""sidecar_sha256"":""0ea592c21c18f114e5a06b91240b79b2a8276b4ad08276c6b78b246ffd47e13c"",""commit"":""d9e1b6cc1a4afff7a81c3e65b90bde9356ff9aa3"",""batch_id"":""5e66981b47271e372e34b2648567c4697a76abcf68b458d64bcf49b24f8b8dcb"",""query_sha256"":""691e7a0abcd7232efe06742dc0cffd6f1c1bb58adb1206c47f9a3c8bb38753fb"",""engine"":""graphdb"",""engine_version"":""GraphDB (RDF4J) [engines.json profile]"",""scale"":""10M"",""base_endpoint_sha256"":""d469fb81abed135738f704ddf57de41e98939ca5bbb2509a18a42b807368aa35"",""reified_endpoint_sha256"":""1dd1196abdf2d40865f5b4bc27acd5317de9ef00443776c930991278501566aa"",""update_endpoint_sha256"":""84611d18787ae81d7e9fa8ea2c2cf2319e90db0620f009a8ca19b85486a57c7a"",""base_data_identity_sha256"":""59fb59a04cd20e6dec9ee47cf1de02734068a3328cade998a3fc44a746054ea8"",""reified_data_identity_sha256"":""a42a308bd2c5294f3aa79a1a3b15804d4137fd68d7677d9adc037e257a217e76"",""update_for"":""reified"",""access_mode"":""writable"",""base_data_name"":""exploratory-base"",""reified_data_name"":""exploratory-reified"",""update_canary_sha256"":""41997fb8640d9e765a0272879a63548eb9bd46bbf6e49da02b7c924e506b94f7"",""store_instance_sha256"":""95f85b19db76321fdab33c70bb05485617743f83e3c9c07ce9e365b03fd9b106"",""store_discriminator_sha256"":""f9ff8d30db2db1840ca1585b5598b1cf4d1d06ac2adb86a55b430669507fabff"",""tool_sha256"":""7b43c2342d7676aa65cc9ee233b2184c9eae88f2663874af7ab1b83282f94ab4"",""java_runtime_sha256"":""6ffd10b28ab050230cdc1137f0bd16155c3a7c587add7fbe921d985fa92879fe"",""run_identity_sha256"":""ac874e90179c591c9a5b062ef1a89ab3d636134ac8565f83516a671bdbebd05a""}"
d9e1b6cc1a4afff7a81c3e65b90bde9356ff9aa3,graphdb,GraphDB (RDF4J) [engines.json profile],10M,S,S6,00,3a9de4be91a376d912945053f743c79042392d6a11ce089a2d71c37c156ec248,N,N_clean (NPCS reimplementation),ok,2,10.1,10.1,10.1,10.1,0.0,0,1,900.0,235,0.0,,,,2,183.643316,[10.122],[0.0],,[],,[],,[],r9.2-frozen-identity-v9,5e66981b47271e372e34b2648567c4697a76abcf68b458d64bcf49b24f8b8dcb,csv-candidate-multiset-v1,2,b1924cc70061e4ffeec54dbe3a644bbad6470209ee3693f929b67eed2d4a7944,,,,,,,,d469fb81abed135738f704ddf57de41e98939ca5bbb2509a18a42b807368aa35,1dd1196abdf2d40865f5b4bc27acd5317de9ef00443776c930991278501566aa,84611d18787ae81d7e9fa8ea2c2cf2319e90db0620f009a8ca19b85486a57c7a,59fb59a04cd20e6dec9ee47cf1de02734068a3328cade998a3fc44a746054ea8,a42a308bd2c5294f3aa79a1a3b15804d4137fd68d7677d9adc037e257a217e76,reified,writable,exploratory-base,exploratory-reified,41997fb8640d9e765a0272879a63548eb9bd46bbf6e49da02b7c924e506b94f7,95f85b19db76321fdab33c70bb05485617743f83e3c9c07ce9e365b03fd9b106,f9ff8d30db2db1840ca1585b5598b1cf4d1d06ac2adb86a55b430669507fabff,7b43c2342d7676aa65cc9ee233b2184c9eae88f2663874af7ab1b83282f94ab4,6ffd10b28ab050230cdc1137f0bd16155c3a7c587add7fbe921d985fa92879fe,2,0,6,211b873a6ceb5780272e68373eb8bcf3d4b834ce6bef42722cd43cc7be1cbc7b,"pcm-meta-v2:{""protocol"":""r9.2-frozen-identity-v9"",""message"":"""",""cell_wall_ms"":201.999,""answer_kind"":""csv-candidate-multiset-v1"",""answer_key_count"":2,""answer_fingerprint"":""b1924cc70061e4ffeec54dbe3a644bbad6470209ee3693f929b67eed2d4a7944"",""c_parse_samples"":[0.0],""c_protocol_samples"":[],""construct_total_samples"":[],""construct_unattributed_samples"":[],""status"":""ok"",""status_evidence"":null,""construction_requested"":null,""construction_effective"":null,""commit"":""d9e1b6cc1a4afff7a81c3e65b90bde9356ff9aa3"",""batch_id"":""5e66981b47271e372e34b2648567c4697a76abcf68b458d64bcf49b24f8b8dcb"",""query_sha256"":""3a9de4be91a376d912945053f743c79042392d6a11ce089a2d71c37c156ec248"",""engine"":""graphdb"",""engine_version"":""GraphDB (RDF4J) [engines.json profile]"",""scale"":""10M"",""base_endpoint_sha256"":""d469fb81abed135738f704ddf57de41e98939ca5bbb2509a18a42b807368aa35"",""reified_endpoint_sha256"":""1dd1196abdf2d40865f5b4bc27acd5317de9ef00443776c930991278501566aa"",""update_endpoint_sha256"":""84611d18787ae81d7e9fa8ea2c2cf2319e90db0620f009a8ca19b85486a57c7a"",""base_data_identity_sha256"":""59fb59a04cd20e6dec9ee47cf1de02734068a3328cade998a3fc44a746054ea8"",""reified_data_identity_sha256"":""a42a308bd2c5294f3aa79a1a3b15804d4137fd68d7677d9adc037e257a217e76"",""update_for"":""reified"",""access_mode"":""writable"",""base_data_name"":""exploratory-base"",""reified_data_name"":""exploratory-reified"",""update_canary_sha256"":""41997fb8640d9e765a0272879a63548eb9bd46bbf6e49da02b7c924e506b94f7"",""store_instance_sha256"":""95f85b19db76321fdab33c70bb05485617743f83e3c9c07ce9e365b03fd9b106"",""store_discriminator_sha256"":""f9ff8d30db2db1840ca1585b5598b1cf4d1d06ac2adb86a55b430669507fabff"",""tool_sha256"":""7b43c2342d7676aa65cc9ee233b2184c9eae88f2663874af7ab1b83282f94ab4"",""java_runtime_sha256"":""6ffd10b28ab050230cdc1137f0bd16155c3a7c587add7fbe921d985fa92879fe"",""run_identity_sha256"":""211b873a6ceb5780272e68373eb8bcf3d4b834ce6bef42722cd43cc7be1cbc7b""}"
d9e1b6cc1a4afff7a81c3e65b90bde9356ff9aa3,graphdb,GraphDB (RDF4J) [engines.json profile],10M,S,S6,00,3a9de4be91a376d912945053f743c79042392d6a11ce089a2d71c37c156ec248,C,SPARQLcirc CircuitRewriter,ok,2,41.3,41.3,41.3,41.3,0.0,0,1,900.0,2750,0.6,4,8,2,,353.362227,[41.284],[0.601],0.0,[0.0],42.5,[42.512],0.6,[0.626],r9.2-frozen-identity-v9,5e66981b47271e372e34b2648567c4697a76abcf68b458d64bcf49b24f8b8dcb,term-aware-candidate-set-v1,2,473e511d66d4bca4b4cb7f8021b5bc81eb3d2b7a25262497e6a78684d96470dc,flat,flat,c7e7284bb95b63936086c5aa2f7abc633add081f89e7fbaf909fa72f22bfd9a0,/mnt/nfs/home/ac145595/workspace/rq3-artifacts/circuits/rq2-flat-10m/3a9de4be91a376d912945053f743c79042392d6a11ce089a2d71c37c156ec248-c7e7284bb95b63936086c5aa2f7abc633add081f89e7fbaf909fa72f22bfd9a0.nt,/mnt/nfs/home/ac145595/workspace/rq3-artifacts/circuits/rq2-flat-10m/3a9de4be91a376d912945053f743c79042392d6a11ce089a2d71c37c156ec248-c7e7284bb95b63936086c5aa2f7abc633add081f89e7fbaf909fa72f22bfd9a0.json,d6fa6cd8ad7c7f6d28fde8c2461da8c9c76e475216ca08d4a47a736ffaf97234,4bdc713ce75971226ecb7d805cbdefe1e0b230e60192e23204e9c3ba68d594df,d469fb81abed135738f704ddf57de41e98939ca5bbb2509a18a42b807368aa35,1dd1196abdf2d40865f5b4bc27acd5317de9ef00443776c930991278501566aa,84611d18787ae81d7e9fa8ea2c2cf2319e90db0620f009a8ca19b85486a57c7a,59fb59a04cd20e6dec9ee47cf1de02734068a3328cade998a3fc44a746054ea8,a42a308bd2c5294f3aa79a1a3b15804d4137fd68d7677d9adc037e257a217e76,reified,writable,exploratory-base,exploratory-reified,41997fb8640d9e765a0272879a63548eb9bd46bbf6e49da02b7c924e506b94f7,95f85b19db76321fdab33c70bb05485617743f83e3c9c07ce9e365b03fd9b106,f9ff8d30db2db1840ca1585b5598b1cf4d1d06ac2adb86a55b430669507fabff,7b43c2342d7676aa65cc9ee233b2184c9eae88f2663874af7ab1b83282f94ab4,6ffd10b28ab050230cdc1137f0bd16155c3a7c587add7fbe921d985fa92879fe,,,,211b873a6ceb5780272e68373eb8bcf3d4b834ce6bef42722cd43cc7be1cbc7b,"pcm-meta-v2:{""protocol"":""r9.2-frozen-identity-v9"",""message"":""C requested=flat effective=flat; steps=1 feedback=0; network includes CONSTRUCT, feedback INSERT, and cleanup DELETE"",""cell_wall_ms"":401.635,""answer_kind"":""term-aware-candidate-set-v1"",""answer_key_count"":2,""answer_fingerprint"":""473e511d66d4bca4b4cb7f8021b5bc81eb3d2b7a25262497e6a78684d96470dc"",""c_parse_samples"":[0.601],""c_protocol_samples"":[{""requested_mode"":""flat"",""effective_mode"":""flat"",""fallback_reason"":null,""plan_steps"":1,""feedback_steps"":0,""feedback_triples"":0,""construct_query_ms"":41.284,""feedback_update_ms"":0.0,""cleanup_ms"":0.0,""client_protocol_ms"":0.0,""network_scope"":""construct+feedback+cleanup"",""circuit_sha256"":""c7e7284bb95b63936086c5aa2f7abc633add081f89e7fbaf909fa72f22bfd9a0"",""answer_fingerprint"":""473e511d66d4bca4b4cb7f8021b5bc81eb3d2b7a25262497e6a78684d96470dc"",""semantic_signature_sha256"":""cf66a35ad67c2a38d2689d1b7cf6bc287a47a74fb3d0c8f10501df1d05ac387d"",""structure_signature"":{""gates"":4,""edges"":8,""answers"":2,""derivations"":2,""leaves"":6,""plus"":2,""minus"":0,""nodes"":10,""canonical_bytes"":2750},""construct_total_ms"":42.512,""client_unattributed_ms"":0.626}],""construct_total_samples"":[42.512],""construct_unattributed_samples"":[0.626],""status"":""ok"",""status_evidence"":null,""c_warmup_signatures"":[],""measured_semantic_signature_sha256"":""cf66a35ad67c2a38d2689d1b7cf6bc287a47a74fb3d0c8f10501df1d05ac387d"",""measured_repetitions_consistent"":true,""cache_snapshot_ms"":0.717,""cache_snapshot_scope"":""first-measured-response; deferred until all runs succeeded"",""outside_cell_cache_write_ms"":4.957,""endpoint_lock"":{""wait_ms"":0.007,""lock_path"":""/tmp/sparqlcirc-r9-endpoint-locks-v7/95f85b19db76321fdab33c70bb05485617743f83e3c9c07ce9e365b03fd9b106.lock""},""construction_requested"":""flat"",""construction_effective"":""flat"",""circuit_sha256"":""c7e7284bb95b63936086c5aa2f7abc633add081f89e7fbaf909fa72f22bfd9a0"",""circuit_triples"":20,""circuit_bytes"":2750,""circuit_path"":""/mnt/nfs/home/ac145595/workspace/rq3-artifacts/circuits/rq2-flat-10m/3a9de4be91a376d912945053f743c79042392d6a11ce089a2d71c37c156ec248-c7e7284bb95b63936086c5aa2f7abc633add081f89e7fbaf909fa72f22bfd9a0.nt"",""metadata_path"":""/mnt/nfs/home/ac145595/workspace/rq3-artifacts/circuits/rq2-flat-10m/3a9de4be91a376d912945053f743c79042392d6a11ce089a2d71c37c156ec248-c7e7284bb95b63936086c5aa2f7abc633add081f89e7fbaf909fa72f22bfd9a0.json"",""producer_observation_sha256"":""d6fa6cd8ad7c7f6d28fde8c2461da8c9c76e475216ca08d4a47a736ffaf97234"",""sidecar_sha256"":""4bdc713ce75971226ecb7d805cbdefe1e0b230e60192e23204e9c3ba68d594df"",""commit"":""d9e1b6cc1a4afff7a81c3e65b90bde9356ff9aa3"",""batch_id"":""5e66981b47271e372e34b2648567c4697a76abcf68b458d64bcf49b24f8b8dcb"",""query_sha256"":""3a9de4be91a376d912945053f743c79042392d6a11ce089a2d71c37c156ec248"",""engine"":""graphdb"",""engine_version"":""GraphDB (RDF4J) [engines.json profile]"",""scale"":""10M"",""base_endpoint_sha256"":""d469fb81abed135738f704ddf57de41e98939ca5bbb2509a18a42b807368aa35"",""reified_endpoint_sha256"":""1dd1196abdf2d40865f5b4bc27acd5317de9ef00443776c930991278501566aa"",""update_endpoint_sha256"":""84611d18787ae81d7e9fa8ea2c2cf2319e90db0620f009a8ca19b85486a57c7a"",""base_data_identity_sha256"":""59fb59a04cd20e6dec9ee47cf1de02734068a3328cade998a3fc44a746054ea8"",""reified_data_identity_sha256"":""a42a308bd2c5294f3aa79a1a3b15804d4137fd68d7677d9adc037e257a217e76"",""update_for"":""reified"",""access_mode"":""writable"",""base_data_name"":""exploratory-base"",""reified_data_name"":""exploratory-reified"",""update_canary_sha256"":""41997fb8640d9e765a0272879a63548eb9bd46bbf6e49da02b7c924e506b94f7"",""store_instance_sha256"":""95f85b19db76321fdab33c70bb05485617743f83e3c9c07ce9e365b03fd9b106"",""store_discriminator_sha256"":""f9ff8d30db2db1840ca1585b5598b1cf4d1d06ac2adb86a55b430669507fabff"",""tool_sha256"":""7b43c2342d7676aa65cc9ee233b2184c9eae88f2663874af7ab1b83282f94ab4"",""java_runtime_sha256"":""6ffd10b28ab050230cdc1137f0bd16155c3a7c587add7fbe921d985fa92879fe"",""run_identity_sha256"":""211b873a6ceb5780272e68373eb8bcf3d4b834ce6bef42722cd43cc7be1cbc7b""}"
d9e1b6cc1a4afff7a81c3e65b90bde9356ff9aa3,graphdb,GraphDB (RDF4J) [engines.json profile],10M,S,S7,00,eed7ab40fbcb8013104c546e7347be93ee55756a01abd3e1bc1548f3401022e4,N,N_clean (NPCS reimplementation),ok,1,8.2,8.2,8.2,8.2,0.0,0,1,900.0,329,0.0,,,,1,190.576622,[8.232],[0.0],,[],,[],,[],r9.2-frozen-identity-v9,5e66981b47271e372e34b2648567c4697a76abcf68b458d64bcf49b24f8b8dcb,csv-candidate-multiset-v1,1,1d3fff0f4caca7ed14afcaa0a37121d528dec36f8fb4f3eb709b1bae81e41cc5,,,,,,,,d469fb81abed135738f704ddf57de41e98939ca5bbb2509a18a42b807368aa35,1dd1196abdf2d40865f5b4bc27acd5317de9ef00443776c930991278501566aa,84611d18787ae81d7e9fa8ea2c2cf2319e90db0620f009a8ca19b85486a57c7a,59fb59a04cd20e6dec9ee47cf1de02734068a3328cade998a3fc44a746054ea8,a42a308bd2c5294f3aa79a1a3b15804d4137fd68d7677d9adc037e257a217e76,reified,writable,exploratory-base,exploratory-reified,41997fb8640d9e765a0272879a63548eb9bd46bbf6e49da02b7c924e506b94f7,95f85b19db76321fdab33c70bb05485617743f83e3c9c07ce9e365b03fd9b106,f9ff8d30db2db1840ca1585b5598b1cf4d1d06ac2adb86a55b430669507fabff,7b43c2342d7676aa65cc9ee233b2184c9eae88f2663874af7ab1b83282f94ab4,6ffd10b28ab050230cdc1137f0bd16155c3a7c587add7fbe921d985fa92879fe,1,0,3,dd8cbf5551e38cd8e8727a45878882a48899c1351b68f451ff18d67040c50e56,"pcm-meta-v2:{""protocol"":""r9.2-frozen-identity-v9"",""message"":"""",""cell_wall_ms"":206.409,""answer_kind"":""csv-candidate-multiset-v1"",""answer_key_count"":1,""answer_fingerprint"":""1d3fff0f4caca7ed14afcaa0a37121d528dec36f8fb4f3eb709b1bae81e41cc5"",""c_parse_samples"":[0.0],""c_protocol_samples"":[],""construct_total_samples"":[],""construct_unattributed_samples"":[],""status"":""ok"",""status_evidence"":null,""construction_requested"":null,""construction_effective"":null,""commit"":""d9e1b6cc1a4afff7a81c3e65b90bde9356ff9aa3"",""batch_id"":""5e66981b47271e372e34b2648567c4697a76abcf68b458d64bcf49b24f8b8dcb"",""query_sha256"":""eed7ab40fbcb8013104c546e7347be93ee55756a01abd3e1bc1548f3401022e4"",""engine"":""graphdb"",""engine_version"":""GraphDB (RDF4J) [engines.json profile]"",""scale"":""10M"",""base_endpoint_sha256"":""d469fb81abed135738f704ddf57de41e98939ca5bbb2509a18a42b807368aa35"",""reified_endpoint_sha256"":""1dd1196abdf2d40865f5b4bc27acd5317de9ef00443776c930991278501566aa"",""update_endpoint_sha256"":""84611d18787ae81d7e9fa8ea2c2cf2319e90db0620f009a8ca19b85486a57c7a"",""base_data_identity_sha256"":""59fb59a04cd20e6dec9ee47cf1de02734068a3328cade998a3fc44a746054ea8"",""reified_data_identity_sha256"":""a42a308bd2c5294f3aa79a1a3b15804d4137fd68d7677d9adc037e257a217e76"",""update_for"":""reified"",""access_mode"":""writable"",""base_data_name"":""exploratory-base"",""reified_data_name"":""exploratory-reified"",""update_canary_sha256"":""41997fb8640d9e765a0272879a63548eb9bd46bbf6e49da02b7c924e506b94f7"",""store_instance_sha256"":""95f85b19db76321fdab33c70bb05485617743f83e3c9c07ce9e365b03fd9b106"",""store_discriminator_sha256"":""f9ff8d30db2db1840ca1585b5598b1cf4d1d06ac2adb86a55b430669507fabff"",""tool_sha256"":""7b43c2342d7676aa65cc9ee233b2184c9eae88f2663874af7ab1b83282f94ab4"",""java_runtime_sha256"":""6ffd10b28ab050230cdc1137f0bd16155c3a7c587add7fbe921d985fa92879fe"",""run_identity_sha256"":""dd8cbf5551e38cd8e8727a45878882a48899c1351b68f451ff18d67040c50e56""}"
d9e1b6cc1a4afff7a81c3e65b90bde9356ff9aa3,graphdb,GraphDB (RDF4J) [engines.json profile],10M,S,S7,00,eed7ab40fbcb8013104c546e7347be93ee55756a01abd3e1bc1548f3401022e4,C,SPARQLcirc CircuitRewriter,ok,1,10.4,10.4,10.4,10.4,0.0,0,1,900.0,2526,0.6,2,4,1,,383.43147,[10.371],[0.619],0.0,[0.0],11.5,[11.534],0.5,[0.543],r9.2-frozen-identity-v9,5e66981b47271e372e34b2648567c4697a76abcf68b458d64bcf49b24f8b8dcb,term-aware-candidate-set-v1,1,e8aa5d2cea37746b7ce391d6eab1cdfa3ad3050a16753f9b1ad19ae731e0d71d,flat,flat,3b06479508e28b8ecf87b2b3a9579b93cd0039b04ae9f9ed7438ecb69824c4a9,/mnt/nfs/home/ac145595/workspace/rq3-artifacts/circuits/rq2-flat-10m/eed7ab40fbcb8013104c546e7347be93ee55756a01abd3e1bc1548f3401022e4-3b06479508e28b8ecf87b2b3a9579b93cd0039b04ae9f9ed7438ecb69824c4a9.nt,/mnt/nfs/home/ac145595/workspace/rq3-artifacts/circuits/rq2-flat-10m/eed7ab40fbcb8013104c546e7347be93ee55756a01abd3e1bc1548f3401022e4-3b06479508e28b8ecf87b2b3a9579b93cd0039b04ae9f9ed7438ecb69824c4a9.json,1aefba929a6966dab053a3ae8e292f2c508d4553ed11dcabc14fdf90e80aacd5,cd05647e3e190be3503dabbae09bf0de32138f752c7512afb954d49751f3faaa,d469fb81abed135738f704ddf57de41e98939ca5bbb2509a18a42b807368aa35,1dd1196abdf2d40865f5b4bc27acd5317de9ef00443776c930991278501566aa,84611d18787ae81d7e9fa8ea2c2cf2319e90db0620f009a8ca19b85486a57c7a,59fb59a04cd20e6dec9ee47cf1de02734068a3328cade998a3fc44a746054ea8,a42a308bd2c5294f3aa79a1a3b15804d4137fd68d7677d9adc037e257a217e76,reified,writable,exploratory-base,exploratory-reified,41997fb8640d9e765a0272879a63548eb9bd46bbf6e49da02b7c924e506b94f7,95f85b19db76321fdab33c70bb05485617743f83e3c9c07ce9e365b03fd9b106,f9ff8d30db2db1840ca1585b5598b1cf4d1d06ac2adb86a55b430669507fabff,7b43c2342d7676aa65cc9ee233b2184c9eae88f2663874af7ab1b83282f94ab4,6ffd10b28ab050230cdc1137f0bd16155c3a7c587add7fbe921d985fa92879fe,,,,dd8cbf5551e38cd8e8727a45878882a48899c1351b68f451ff18d67040c50e56,"pcm-meta-v2:{""protocol"":""r9.2-frozen-identity-v9"",""message"":""C requested=flat effective=flat; steps=1 feedback=0; network includes CONSTRUCT, feedback INSERT, and cleanup DELETE"",""cell_wall_ms"":401.16,""answer_kind"":""term-aware-candidate-set-v1"",""answer_key_count"":1,""answer_fingerprint"":""e8aa5d2cea37746b7ce391d6eab1cdfa3ad3050a16753f9b1ad19ae731e0d71d"",""c_parse_samples"":[0.619],""c_protocol_samples"":[{""requested_mode"":""flat"",""effective_mode"":""flat"",""fallback_reason"":null,""plan_steps"":1,""feedback_steps"":0,""feedback_triples"":0,""construct_query_ms"":10.371,""feedback_update_ms"":0.0,""cleanup_ms"":0.0,""client_protocol_ms"":0.0,""network_scope"":""construct+feedback+cleanup"",""circuit_sha256"":""3b06479508e28b8ecf87b2b3a9579b93cd0039b04ae9f9ed7438ecb69824c4a9"",""answer_fingerprint"":""e8aa5d2cea37746b7ce391d6eab1cdfa3ad3050a16753f9b1ad19ae731e0d71d"",""semantic_signature_sha256"":""fb800ed03fb7e5e53506aceac07ca73e09a0fad52ff7adadb9464b5c4b467eea"",""structure_signature"":{""gates"":2,""edges"":4,""answers"":1,""derivations"":1,""leaves"":3,""plus"":1,""minus"":0,""nodes"":5,""canonical_bytes"":2526},""construct_total_ms"":11.534,""client_unattributed_ms"":0.543}],""construct_total_samples"":[11.534],""construct_unattributed_samples"":[0.543],""status"":""ok"",""status_evidence"":null,""c_warmup_signatures"":[],""measured_semantic_signature_sha256"":""fb800ed03fb7e5e53506aceac07ca73e09a0fad52ff7adadb9464b5c4b467eea"",""measured_repetitions_consistent"":true,""cache_snapshot_ms"":0.642,""cache_snapshot_scope"":""first-measured-response; deferred until all runs succeeded"",""outside_cell_cache_write_ms"":4.083,""endpoint_lock"":{""wait_ms"":0.007,""lock_path"":""/tmp/sparqlcirc-r9-endpoint-locks-v7/95f85b19db76321fdab33c70bb05485617743f83e3c9c07ce9e365b03fd9b106.lock""},""construction_requested"":""flat"",""construction_effective"":""flat"",""circuit_sha256"":""3b06479508e28b8ecf87b2b3a9579b93cd0039b04ae9f9ed7438ecb69824c4a9"",""circuit_triples"":16,""circuit_bytes"":2526,""circuit_path"":""/mnt/nfs/home/ac145595/workspace/rq3-artifacts/circuits/rq2-flat-10m/eed7ab40fbcb8013104c546e7347be93ee55756a01abd3e1bc1548f3401022e4-3b06479508e28b8ecf87b2b3a9579b93cd0039b04ae9f9ed7438ecb69824c4a9.nt"",""metadata_path"":""/mnt/nfs/home/ac145595/workspace/rq3-artifacts/circuits/rq2-flat-10m/eed7ab40fbcb8013104c546e7347be93ee55756a01abd3e1bc1548f3401022e4-3b06479508e28b8ecf87b2b3a9579b93cd0039b04ae9f9ed7438ecb69824c4a9.json"",""producer_observation_sha256"":""1aefba929a6966dab053a3ae8e292f2c508d4553ed11dcabc14fdf90e80aacd5"",""sidecar_sha256"":""cd05647e3e190be3503dabbae09bf0de32138f752c7512afb954d49751f3faaa"",""commit"":""d9e1b6cc1a4afff7a81c3e65b90bde9356ff9aa3"",""batch_id"":""5e66981b47271e372e34b2648567c4697a76abcf68b458d64bcf49b24f8b8dcb"",""query_sha256"":""eed7ab40fbcb8013104c546e7347be93ee55756a01abd3e1bc1548f3401022e4"",""engine"":""graphdb"",""engine_version"":""GraphDB (RDF4J) [engines.json profile]"",""scale"":""10M"",""base_endpoint_sha256"":""d469fb81abed135738f704ddf57de41e98939ca5bbb2509a18a42b807368aa35"",""reified_endpoint_sha256"":""1dd1196abdf2d40865f5b4bc27acd5317de9ef00443776c930991278501566aa"",""update_endpoint_sha256"":""84611d18787ae81d7e9fa8ea2c2cf2319e90db0620f009a8ca19b85486a57c7a"",""base_data_identity_sha256"":""59fb59a04cd20e6dec9ee47cf1de02734068a3328cade998a3fc44a746054ea8"",""reified_data_identity_sha256"":""a42a308bd2c5294f3aa79a1a3b15804d4137fd68d7677d9adc037e257a217e76"",""update_for"":""reified"",""access_mode"":""writable"",""base_data_name"":""exploratory-base"",""reified_data_name"":""exploratory-reified"",""update_canary_sha256"":""41997fb8640d9e765a0272879a63548eb9bd46bbf6e49da02b7c924e506b94f7"",""store_instance_sha256"":""95f85b19db76321fdab33c70bb05485617743f83e3c9c07ce9e365b03fd9b106"",""store_discriminator_sha256"":""f9ff8d30db2db1840ca1585b5598b1cf4d1d06ac2adb86a55b430669507fabff"",""tool_sha256"":""7b43c2342d7676aa65cc9ee233b2184c9eae88f2663874af7ab1b83282f94ab4"",""java_runtime_sha256"":""6ffd10b28ab050230cdc1137f0bd16155c3a7c587add7fbe921d985fa92879fe"",""run_identity_sha256"":""dd8cbf5551e38cd8e8727a45878882a48899c1351b68f451ff18d67040c50e56""}"
